city,site_address,parcel_id,gp_designation,zoning_code,min_density,max_density,total_acreage
Campbell,,40425039,,R-1-6,0,7.26,0.2503247908273722
Campbell,,40619019,,R-1-8,0,5.45,0.20485833409217313
Campbell,,30717032,,R-1-6,0,7.26,0.2468859574030526
Campbell,,40302044,,NC,0,0,1.2412804118925513
Campbell,,30518035,,R-1-6,0,7.26,0.15532162956538115
Campbell,,30754001,,R-1-6,0,7.26,0.14960020532548132
Campbell,,40603009,,R-1-6,0,7.26,0.20758437937087965
Campbell,,41434034,,R-1-6,0,7.26,0.21581587216185588
Campbell,,28217050,,R-1-6,0,7.26,0.15825648587261174
Campbell,,41401060,,R-1-8,0,5.45,0.22717715333704752
Campbell,,41211004,,MHDR,26,33,0.1588620771796292
Campbell,,30747016,,MDR,18,25,0.18500774960422314
Campbell,,27936043,,MDR,18,25,0.01032452622611857
Campbell,,28816039,,R-1-6,0,7.26,0.19714552949013894
Campbell,,40308112,,R-1-6,0,7.26,0.13901529875567817
Campbell,,30744036,,R-1-6,0,7.26,0.16968468268546705
Campbell,,40312097,,R-1-9,0,4.84,0.28987609543077675
Campbell,,40310004,,R-1-6,0,7.26,0.2679278594594311
Campbell,,40353105,,ROW,0,0,0.11938656506504132
Campbell,,42405007,,R-1-6,0,7.26,0.19450223030078367
Campbell,,41207011,,R-1-6,0,7.26,0.1469852679323219
Campbell,,30521017,,MDR,18,25,0.7191914988156415
Campbell,,28825014,,R-1-6,0,7.26,0.22157921255723295
Campbell,,27927024,,R-1-6,0,7.26,0.18484200567863837
Campbell,,40313104,,R-1-9,0,4.84,0.16533087623563517
Campbell,,28809081,,R-1-6,0,7.26,0.19010247078848796
Campbell,,30740025,,R-1-6,0,7.26,0.1418358857755888
Campbell,,40425076,,R-1-6,0,7.26,0.14470365985424516
Campbell,,30524005,,R-1-6,0,7.26,0.19297882157954488
Campbell,,40616019,,R-1-10,0,4.35,0.2586974527460661
Campbell,,30756024,,R-1-6,0,7.26,0.15457599919231413
Campbell,,40343113,,R-1-6,0,7.26,0.1819612577379864
Campbell,,40610011,,MHDR,26,33,2.2524687883546073
Campbell,,28823066,,R-1-6,0,7.26,0.26176072128625644
Campbell,,40617064,,R-1-6,0,7.26,0.14241913305635245
Campbell,,40312055,,R-1-9,0,4.84,0.20038745960371643
Campbell,,40343062,,R-1-6,0,7.26,0.15868521433399188
Campbell,,40342014,,R-1-6,0,7.26,0.14552518073720333
Campbell,,28815053,,R-1-6,0,7.26,0.14996153107121818
Campbell,,30741017,,R-1-6,0,7.26,0.14258190042583913
Campbell,,30519060,,R-1-6,0,7.26,0.18921691527129358
Campbell,,30523085,,R-1-6,0,7.26,0.1888207386633799
Campbell,,41234012,,LI,0,0,0.2710007593869583
Campbell,,40342009,,R-1-6,0,7.26,0.1438024452348184
Campbell,,40426028,,R-1-6,0,7.26,0.14541939479121388
Campbell,,28813027,,R-1-6,0,7.26,0.17094893418440463
Campbell,,41235017,,R-1-6,0,7.26,0.14217521465617497
Campbell,,30530018,,R-1-6,0,7.26,0.19228583649443134
Campbell,,41235002,,LI,0,0,0.8199315910519477
Campbell,,41444019,,R-1-6,0,7.26,0.14571549412964066
Campbell,,40616083,,NC-MU,18,25,0.3050880898360427
Campbell,,40606058,,R-1-6,0,7.26,0.2778977726870172
Campbell,,40426038,,R-1-10,0,4.35,0.3112222160452595
Campbell,,40425062,,R-1-6,0,7.26,0.19405617468933986
Campbell,,40618025,,R-1-6,0,7.26,0.15003452588389354
Campbell,,28815041,,R-1-6,0,7.26,0.1876077314070356
Campbell,,28808077,,R-1-6,0,7.26,0.15373056053153858
Campbell,,41211040,,MHDR,26,33,0.02614580540433102
Campbell,,41230034,,LI,0,0,0.4062744461663962
Campbell,,28813093,,R-1-6,0,7.26,0.2208475470746661
Campbell,,40344022,,R-1-6,0,7.26,0.1349300923015228
Campbell,,27923012,,R-1-6,0,7.26,0.22555618508692468
Campbell,,41433055,,R-1-6,0,7.26,0.1377506519781121
Campbell,,40310077,,R-1-6,0,7.26,0.1310962803435557
Campbell,,30742006,,R-1-6,0,7.26,0.14208385758218658
Campbell,,28817003,,R-1-6,0,7.26,0.23193530326965728
Campbell,,40604053,,R-1-6,0,7.26,0.1434231656324698
Campbell,,30717048,,R-1-6,0,7.26,0.14461230388875668
Campbell,,40348097,,R-1-6,0,7.26,0.19327047598290384
Campbell,,30714014,,R-1-6,0,7.26,0.16451852887874516
Campbell,,40406043,,R-1-6,0,7.26,0.23858403822803373
Campbell,,40313027,,R-1-6,0,7.26,0.11029442660647266
Campbell,,40614007,,R-1-8,0,5.45,0.1852996286697888
Campbell,,40614047,,R-1-8,0,5.45,0.23880162715108116
Campbell,,30535005,,R-1-6,0,7.26,0.23717849824461054
Campbell,,40620023,,R-1-10,0,4.35,0.012729047018985125
Campbell,,30537038,,MDR,18,25,0.1939602435658972
Campbell,,42405015,,R-1-6,0,7.26,0.20257237000329606
Campbell,,40318053,,R-1-9,0,4.84,0.18294485416245884
Campbell,,27921046,,R-1-6,0,7.26,0.17823782135475832
Campbell,,40616035,,R-1-10,0,4.35,0.23279836334088466
Campbell,,30520012,,MDR,18,25,0.15053346702777753
Campbell,,30539033,,R-1-6,0,7.26,0.1483227268456249
Campbell,,40313079,,R-1-6,0,7.26,0.1637619412750056
Campbell,,40353021,,R-1-6,0,7.26,0.15184391121192906
Campbell,,41231011,,LI,0,0,0.6065765157824123
Campbell,,40622016,,R-1-10,0,4.35,0.31220281076280826
Campbell,,41214005,,MHDR,26,33,0.01619379978845517
Campbell,,27919004,,R-1-6,0,7.26,0.1444574849440724
Campbell,,40428024,,R-1-10,0,4.35,0.47063921520212626
Campbell,,28813076,,R-1-6,0,7.26,0.1643161070065799
Campbell,,30744038,,R-1-6,0,7.26,0.1621146903343698
Campbell,,30537028,,MDR,18,25,0.17125478137429606
Campbell,,28811043,,R-1-6,0,7.26,0.1569830311339873
Campbell,,27946043,,R-1-6,0,7.26,0.1401256061690132
Campbell,,30715018,,R-1-6,0,7.26,0.1457219619982248
Campbell,,27920025,,R-1-6,0,7.26,0.1437048872632721
Campbell,,41211019,,MHDR,26,33,0.019399243922314742
Campbell,,41433030,,R-1-6,0,7.26,0.1978557105227263
Campbell,,40606009,,NC-MU,18,25,0.12398803914917114
Campbell,,28815081,,R-1-6,0,7.26,0.15576610695059206
Campbell,,40348017,,R-1-6,0,7.26,0.14440147027737274
Campbell,,41239018,,R-1-8,0,5.45,0.2944117064552108
Campbell,,40607024,,R-1-6,0,7.26,0.13913183819884328
Campbell,,41404021,,R-1-8,0,5.45,0.2163820813143473
Campbell,,40309099,,R-1-6,0,7.26,0.17850808024021986
Campbell,,40310127,,R-1-6,0,7.26,0.19373418951795982
Campbell,,27936175,,MDR,18,25,0.010315167414818851
Campbell,,30707054,,R-1-6,0,7.26,0.15437152943954116
Campbell,,40613069,,R-1-6,0,7.26,0.1954242191516694
Campbell,,42403001,,R-1-6,0,7.26,0.24105252895079554
Campbell,,27936280,,MDR,18,25,0.017562089281251417
Campbell,,30530016,,R-1-6,0,7.26,0.29485049432702404
Campbell,,40426014,,R-1-10,0,4.35,0.23419093274759908
Campbell,,30519044,,MDR,18,25,0.22036847190777525
Campbell,,30536012,,TO-MU,57,75,3.8027550600173363
Campbell,,30753043,,R-1-6,0,7.26,0.1379925921377641
Campbell,,40406028,,R-1-6,0,7.26,0.25444326795509103
Campbell,,27936044,,MDR,18,25,0.01756183743942539
Campbell,,27936313,,MDR,18,25,0.01641447981549129
Campbell,,30530017,,R-1-6,0,7.26,0.20257260000052624
Campbell,,27923020,,R-1-6,0,7.26,0.24477877163850176
Campbell,,40313002,,R-1-9,0,4.84,0.5025424222278863
Campbell,,40343035,,R-1-6,0,7.26,0.13562718548158154
Campbell,,41219034,,MHDR,26,33,1.7533644011923961
Campbell,,41234017,,LI,0,0,0.34008850992643885
Campbell,,30537027,,MDR,18,25,0.18657389690600995
Campbell,,40317047,,R-1-9,0,4.84,0.22043018952811555
Campbell,,40614013,,R-1-8,0,5.45,0.4462534185039776
Campbell,,28225002,,TO-MU,57,75,1.2022439179117381
Campbell,,30523013,,R-1-6,0,7.26,0.2235570903459975
Campbell,,30742025,,R-1-6,0,7.26,0.13773987110844163
Campbell,,40336062,,MDR,18,25,0.2036581682780205
Campbell,,40425046,,R-1-6,0,7.26,0.16019722219910096
Campbell,,28808067,,R-1-6,0,7.26,0.2544336147767647
Campbell,,40612065,,R-1-6,0,7.26,0.13477149970067856
Campbell,,30503046,,GC,0,0,0.22861885207992355
Campbell,,28825032,,R-1-6,0,7.26,0.18210144843616624
Campbell,,30753001,,R-1-6,0,7.26,0.21444811572128678
Campbell,,28808039,,R-1-6,0,7.26,0.19873299137362574
Campbell,,28216048,,LMDR,8,16,0.03994496974815142
Campbell,,40353083,,R-1-6,0,7.26,0.2779604481482222
Campbell,,41206035,,CB-MU,26,33,0.10559637844132617
Campbell,,40601012,,R-1-6,0,7.26,0.23989760806496382
Campbell,,40433046,,R-1-6,0,7.26,0.2321311718493808
Campbell,,28215019,,LMDR,8,16,0.1637536972705966
Campbell,,41209043,,CC-MU,45,60,0.21181256706713922
Campbell,,40316110,,R-1-10,0,4.35,0.3787912611900257
Campbell,,40614011,,R-1-8,0,5.45,0.18056207717310602
Campbell,,30539015,,R-1-6,0,7.26,0.17039718068117785
Campbell,,30749038,,R-1-6,0,7.26,0.14015926574875487
Campbell,,40426030,,R-1-6,0,7.26,0.14186732503051688
Campbell,,28809014,,R-1-6,0,7.26,0.2283299139853178
Campbell,,40606059,,R-1-6,0,7.26,0.2778863603855333
Campbell,,27927039,,GC,0,0,0.4852657735592857
Campbell,,40314028,,R-1-9,0,4.84,0.22331603185471538
Campbell,,40346007,,R-1-6,0,7.26,0.1524782899198488
Campbell,,28808047,,R-1-6,0,7.26,0.20435409213461522
Campbell,,40617005,,R-1-10,0,4.35,0.21473656528843688
Campbell,,41239003,,R-1-8,0,5.45,0.21709225000467733
Campbell,,40408017,,R-1-6,0,7.26,0.13988910883659217
Campbell,,40604017,,R-1-6,0,7.26,0.14684723529623075
Campbell,,30750031,,R-1-6,0,7.26,0.14272416827667683
Campbell,,40315074,,R-1-9,0,4.84,0.21218801049649239
Campbell,,27939027,,R-1-6,0,7.26,0.19883110199189744
Campbell,,40604047,,R-1-6,0,7.26,0.1864724851437614
Campbell,,41237060,,R-1-6,0,7.26,0.22872374974836518
Campbell,,28813020,,R-1-6,0,7.26,0.1797663632789408
Campbell,,27939048,,R-1-6,0,7.26,0.2118046992125369
Campbell,,30747027,,MDR,18,25,0.34470946437876515
Campbell,,27936323,,MDR,18,25,0.010324454457480314
Campbell,,30519036,,R-1-6,0,7.26,0.238575136624869
Campbell,,40307021,,PF,0,0,3.3717121516658053
Campbell,,41215076,,MHDR,26,33,0.017517716655033898
Campbell,,40316038,,R-1-10,0,4.35,0.3934689224794825
Campbell,,40614070,,R-1-8,0,5.45,0.19924720379601213
Campbell,,40308028,,R-1-6,0,7.26,0.13700926519285778
Campbell,,27920041,,R-1-6,0,7.26,0.1391118485886741
Campbell,,27930051,,TO-MU,57,75,1.2329995693080196
Campbell,,30538031,,MDR,18,25,0.23602896415975896
Campbell,,30504006,,MDR,18,25,0.17445260496684234
Campbell,,27936122,,MDR,18,25,0.010327366747803672
Campbell,,42440002,,LI,0,0,0.17139460200543383
Campbell,,41405040,,R-1-8,0,5.45,0.21082933863313308
Campbell,,30718009,,R-1-6,0,7.26,0.1376960219062105
Campbell,,41401063,,R-1-8,0,5.45,0.18896142956351666
Campbell,,40312032,,R-1-9,0,4.84,0.20749761917359588
Campbell,,27920023,,R-1-6,0,7.26,0.15033605357671867
Campbell,,41239046,,R-1-8,0,5.45,0.20082669454588942
Campbell,,27934007,,R-1-6,0,7.26,0.14822129658912
Campbell,,42403015,,R-1-6,0,7.26,0.1844859511068329
Campbell,,30715059,,R-1-6,0,7.26,0.2699187950645983
Campbell,,42404026,,R-1-6,0,7.26,0.21271880985149177
Campbell,,40317035,,R-1-9,0,4.84,0.20932355845069311
Campbell,,30715048,,R-1-6,0,7.26,0.14754540706921673
Campbell,,40353088,,R-1-6,0,7.26,0.1483209483742619
Campbell,,41433036,,R-1-6,0,7.26,0.19486706857090946
Campbell,,30751010,,PF,0,0,11.205425403520513
Campbell,,41215083,,MHDR,26,33,0.017367340086378146
Campbell,,28806066,,R-1-6,0,7.26,0.18844519522460837
Campbell,,40315059,,R-1-9,0,4.84,0.2068182545545631
Campbell,,40343006,,R-1-6,0,7.26,0.14682133942512127
Campbell,,27936005,,MDR,18,25,0.01641568762791649
Campbell,,30530015,,R-1-6,0,7.26,0.20665288240376234
Campbell,,40319007,,R-1-9,0,4.84,0.21709719418271034
Campbell,,40424061,,R-1-6,0,7.26,0.1470393452414443
Campbell,,30754034,,R-1-6,0,7.26,0.2642923700058425
Campbell,,40407034,,PF,0,0,0.8340417772365081
Campbell,,42404030,,R-1-6,0,7.26,0.18850820403661667
Campbell,,41239027,,R-1-8,0,5.45,0.5774157686362988
Campbell,,40319087,,R-1-9,0,4.84,0.1944762426304284
Campbell,,28214037,,R-1-6,0,7.26,0.2022600401926171
Campbell,,40309016,,R-1-6,0,7.26,0.19757815590325956
Campbell,,28811054,,R-1-6,0,7.26,0.1566035096231845
Campbell,,41240014,,R-1-8,0,5.45,0.27234625849558475
Campbell,,30520034,,R-1-6,0,7.26,0.15104948043194627
Campbell,,40310109,,R-1-6,0,7.26,0.172136633045401
Campbell,,30524042,,R-1-6,0,7.26,0.24197321906404998
Campbell,,41202006,,HD-MU,34,45,0.6201105324476742
Campbell,,28825030,,R-1-6,0,7.26,0.18210074288793904
Campbell,,30752043,,R-1-6,0,7.26,0.14154971124701052
Campbell,,40430023,,R-1-10,0,4.35,0.22448684459477633
Campbell,,41404026,,R-1-8,0,5.45,0.24928710280326805
Campbell,,41239049,,R-1-8,0,5.45,0.19935219878412913
Campbell,,30752021,,R-1-6,0,7.26,0.1706022372969513
Campbell,,28809021,,R-1-6,0,7.26,0.21996195913338096
Campbell,,40614061,,R-1-8,0,5.45,0.23000421431558538
Campbell,,30752060,,R-1-6,0,7.26,0.14889194746865342
Campbell,,30747046,,MDR,18,25,0.02583783893900739
Campbell,,30523021,,R-1-6,0,7.26,0.22410441094611075
Campbell,,41238076,,R-1-6,0,7.26,0.1972419452418281
Campbell,,30519008,,R-1-6,0,7.26,0.14735309224863108
Campbell,,28808018,,R-1-6,0,7.26,0.15285746051521384
Campbell,,40614049,,R-1-8,0,5.45,0.2239761425421174
Campbell,,40309011,,R-1-6,0,7.26,0.2533697327737614
Campbell,,41218017,,MHDR,26,33,0.023267542679762387
Campbell,,30519064,,R-1-6,0,7.26,0.21787076091627455
Campbell,,27922008,,R-1-6,0,7.26,0.23318761820664158
Campbell,,30754003,,R-1-6,0,7.26,0.1408463891347324
Campbell,,27927050,,PO,0,0,0.18391480085254436
Campbell,,40344020,,R-1-6,0,7.26,0.1349691828304813
Campbell,,40616027,,R-1-10,0,4.35,0.21199452554417506
Campbell,,40316025,,R-1-10,0,4.35,0.24128713119787012
Campbell,,41235018,,R-1-6,0,7.26,0.14063026420880403
Campbell,,28814058,,R-1-6,0,7.26,0.14401216060594205
Campbell,,40605005,,R-1-6,0,7.26,0.1403926735950552
Campbell,,30743038,,R-1-6,0,7.26,0.15543033472890513
Campbell,,42433078,,RD,0,0,1.1085473386146039
Campbell,,28815036,,R-1-6,0,7.26,0.201345768300308
Campbell,,30739011,,R-1-6,0,7.26,0.14043622097052846
Campbell,,27920063,,R-1-6,0,7.26,0.14593837331191842
Campbell,,30523061,,R-1-6,0,7.26,0.21690011371893803
Campbell,,27937095,,R-1-6,0,7.26,0.17923035343675955
Campbell,,30504005,,MDR,18,25,0.2462384091418143
Campbell,,30533059,,R-1-6,0,7.26,0.186797772943712
Campbell,,41434025,,R-1-6,0,7.26,0.04840149476283568
Campbell,,30550006,,MDR,18,25,0.01919199603643417
Campbell,,41234010,,LI,0,0,0.19023847091701312
Campbell,,40316029,,R-1-10,0,4.35,0.23705616630925724
Campbell,,40615025,,R-1-8,0,5.45,0.18998563946002278
Campbell,,28819064,,R-1-6,0,7.26,0.2085082131609995
Campbell,,28819039,,R-1-6,0,7.26,0.29326327659609863
Campbell,,40615021,,R-1-8,0,5.45,0.18924030198965627
Campbell,,30539031,,R-1-6,0,7.26,0.16001444241235482
Campbell,,30743019,,R-1-6,0,7.26,0.14805469337532867
Campbell,,41234008,,LI,0,0,0.20629333718728246
Campbell,,30520013,,MDR,18,25,0.1431504683215183
Campbell,,30715053,,R-1-6,0,7.26,0.14754928219470162
Campbell,,41239050,,R-1-8,0,5.45,0.20067724961707079
Campbell,,41238045,,R-1-6,0,7.26,0.13100542140593896
Campbell,,30752022,,R-1-6,0,7.26,0.15666412504950541
Campbell,,41238063,,R-1-6,0,7.26,0.17285654541965012
Campbell,,41439012,,LMDR,8,16,0.2085973367568713
Campbell,,40606033,,R-1-6,0,7.26,0.3358815922292565
Campbell,,40312107,,R-1-9,0,4.84,0.3351423131864169
Campbell,,30740033,,LMDR,8,16,0.16032061665232472
Campbell,,27936296,,MDR,18,25,0.017562377169371094
Campbell,,41241004,,R-1-8,0,5.45,0.20898262355365863
Campbell,,28813094,,R-1-6,0,7.26,0.22085617239923586
Campbell,,28809026,,R-1-6,0,7.26,0.19155916786194258
Campbell,,40343067,,R-1-6,0,7.26,0.13914452378434536
Campbell,,40425040,,R-1-6,0,7.26,0.32575010450463665
Campbell,,30753067,,R-1-6,0,7.26,0.1376010823238149
Campbell,,30519015,,R-1-6,0,7.26,0.18414246173087534
Campbell,,40314042,,R-1-9,0,4.84,0.18920621770890445
Campbell,,30753047,,R-1-6,0,7.26,0.13920422587329603
Campbell,,30750052,,R-1-6,0,7.26,0.14608931913633305
Campbell,,40602057,,R-1-6,0,7.26,0.28827741620244735
Campbell,,27920056,,R-1-6,0,7.26,0.13680823380142915
Campbell,,40318064,,R-1-9,0,4.84,0.14975048618088949
Campbell,,42439013,,LI,0,0,0.212459540127798
Campbell,,28815052,,R-1-6,0,7.26,0.1590277880142926
Campbell,,40617059,,R-1-8,0,5.45,0.19122413503853578
Campbell,,40624065,,R-1-10,0,4.35,0.22040868836620328
Campbell,,41237012,,R-1-8,0,5.45,0.37309717659111685
Campbell,,30518056,,PF,0,0,3.3371285746594266
Campbell,,40343086,,R-1-6,0,7.26,0.17830042656804426
Campbell,,41441011,,MHDR,26,33,0.13450381481988394
Campbell,,40346001,,R-1-6,0,7.26,0.13928949318818304
Campbell,,30523067,,R-1-6,0,7.26,0.24347927841532774
Campbell,,28809013,,R-1-6,0,7.26,0.23607328762885196
Campbell,,40342035,,R-1-6,0,7.26,0.1674285751945533
Campbell,,30741031,,LMDR,8,16,0.15587859834049447
Campbell,,28802007,,TO-MU,57,75,0.23265219359675715
Campbell,,40428014,,R-1-10,0,4.35,0.2779371338486012
Campbell,,40422034,,R-1-6,0,7.26,0.1479079455257872
Campbell,,41238031,,R-1-6,0,7.26,0.14149588377257052
Campbell,,27938024,,CB-MU,26,33,0.31359746745324346
Campbell,,40308020,,R-1-6,0,7.26,0.1461209422204972
Campbell,,40606039,,R-1-6,0,7.26,0.3358677782600287
Campbell,,40425044,,R-1-6,0,7.26,0.20166853173616214
Campbell,,28819061,,R-1-6,0,7.26,0.20797277258117144
Campbell,,30520046,,R-1-6,0,7.26,0.17278416507521874
Campbell,,30714011,,R-1-6,0,7.26,0.14449386780520826
Campbell,,27936018,,MDR,18,25,0.010323318019944131
Campbell,,28816027,,R-1-6,0,7.26,0.24105812027489973
Campbell,,27936180,,MDR,18,25,0.017563625080350087
Campbell,,28809025,,R-1-6,0,7.26,0.191796888958108
Campbell,,30519057,,R-1-6,0,7.26,0.21794973294308453
Campbell,,41215075,,MHDR,26,33,0.017073692988990516
Campbell,,40613024,,R-1-6,0,7.26,0.1446511870402486
Campbell,,27913033,,R-1-6,0,7.26,0.216271624633369
Campbell,,28809075,,R-1-6,0,7.26,0.23686320665886557
Campbell,,30523043,,R-1-6,0,7.26,0.17426571124792797
Campbell,,42401120,,LI,0,0,0.7226071110476538
Campbell,,41204017,,HD-MU,34,45,0.09985710867064376
Campbell,,30708031,,R-1-6,0,7.26,0.14515603668981672
Campbell,,27921014,,R-1-6,0,7.26,0.14395549134402894
Campbell,,27922031,,R-1-6,0,7.26,0.21414507526684423
Campbell,,27935016,,R-1-6,0,7.26,0.16141076367176782
Campbell,,40313133,,R-1-9,0,4.84,0.21342664237602246
Campbell,,30714019,,R-1-6,0,7.26,0.14187883148054378
Campbell,,40619029,,LMDR,8,16,0.23653334376333304
Campbell,,30741024,,MDR,18,25,0.18182830581257126
Campbell,,30715064,,R-1-6,0,7.26,0.14188405283382477
Campbell,,41238007,,R-1-6,0,7.26,0.1369828869064294
Campbell,,40313077,,R-1-6,0,7.26,0.1430732333898419
Campbell,,30747012,,MDR,18,25,0.19829238956737016
Campbell,,30707053,,R-1-6,0,7.26,0.13498739967134563
Campbell,,42403016,,R-1-6,0,7.26,0.18448955323450217
Campbell,,40308094,,R-1-6,0,7.26,0.13848362762596722
Campbell,,30717052,,R-1-6,0,7.26,0.17951007543969894
Campbell,,40619061,,R-1-8,0,5.45,0.22426260911244886
Campbell,,40407033,,MDR,18,25,2.170522931126219
Campbell,,30550008,,MDR,18,25,0.018971172499884763
Campbell,,28811042,,R-1-6,0,7.26,0.15180226587182688
Campbell,,40343014,,R-1-6,0,7.26,0.13499011592168078
Campbell,,40429013,,R-1-10,0,4.35,0.19481385927598632
Campbell,,41238060,,R-1-6,0,7.26,0.19529838760893004
Campbell,,40622050,,R-1-10,0,4.35,0.2224969601613037
Campbell,,40406058,,R-1-6,0,7.26,0.23854140783687325
Campbell,,41438068,,R-1-6,0,7.26,0.2203101111107116
Campbell,,40316094,,R-1-10,0,4.35,0.1777155924392236
Campbell,,30715003,,R-1-6,0,7.26,0.18235429798294261
Campbell,,40606046,,R-1-6,0,7.26,0.26381429474843143
Campbell,,40348022,,R-1-6,0,7.26,0.18585488898020233
Campbell,,40623018,,R-1-8,0,5.45,0.22756849477889354
Campbell,,40319149,,R-1-9,0,4.84,0.2914795932601547
Campbell,,40619006,,R-1-8,0,5.45,0.20492610477971795
Campbell,,30534041,,R-1-6,0,7.26,0.26739235550416895
Campbell,,41232007,,LI,0,0,0.24188075564418948
Campbell,,40616020,,R-1-10,0,4.35,0.20065726714253748
Campbell,,30717022,,R-1-6,0,7.26,0.14826535366868868
Campbell,,28814029,,R-1-6,0,7.26,0.23693943121908104
Campbell,,40432016,,R-1-6,0,7.26,0.1422538390336617
Campbell,,41435009,,LMDR,8,16,0.026375608428166185
Campbell,,41215078,,MHDR,26,33,0.01737907509653347
Campbell,,27941024,,CB-MU,26,33,0.17193045863615455
Campbell,,40353099,,R-1-6,0,7.26,0.14335934311729825
Campbell,,30518047,,R-1-6,0,7.26,0.2559894788809338
Campbell,,41234002,,LI,0,0,0.5574332231071617
Campbell,,42405027,,R-1-6,0,7.26,0.21268736837739266
Campbell,,41241002,,R-1-8,0,5.45,0.2270156708180834
Campbell,,41434026,,R-1-6,0,7.26,0.23737586838131983
Campbell,,40308089,,R-1-6,0,7.26,0.1367481044966481
Campbell,,42405009,,R-1-6,0,7.26,0.19427361914841623
Campbell,,30748035,,R-1-6,0,7.26,0.13630614833297242
Campbell,,41202032,,TO-MU,57,75,2.385723825879186
Campbell,,27936210,,MDR,18,25,0.010326421238640776
Campbell,,40428019,,R-1-10,0,4.35,0.29509018406137044
Campbell,,30537018,,MDR,18,25,0.18940841273865672
Campbell,,40343119,,R-1-6,0,7.26,0.13970407874580434
Campbell,,27920002,,R-1-6,0,7.26,0.21830147588765694
Campbell,,27936096,,MDR,18,25,0.01756234285535045
Campbell,,40314065,,R-1-9,0,4.84,0.25753780164629075
Campbell,,40605028,,R-1-6,0,7.26,0.15865827674973104
Campbell,,30754053,,R-1-6,0,7.26,0.2521695824441798
Campbell,,27939017,,R-1-6,0,7.26,0.1723071877154004
Campbell,,41401024,,NC,0,0,0.29244016024942776
Campbell,,30523058,,R-1-6,0,7.26,0.20153771952610083
Campbell,,40603010,,R-1-6,0,7.26,0.16344927753773128
Campbell,,40343112,,R-1-6,0,7.26,0.15673565373608742
Campbell,,41238003,,R-1-6,0,7.26,0.1396606327771088
Campbell,,30520010,,MDR,18,25,0.1494618435868216
Campbell,,40431045,,MDR,18,25,0.1839903765542496
Campbell,,28809064,,R-1-6,0,7.26,0.24248672378227001
Campbell,,27936077,,MDR,18,25,0.01642286468323767
Campbell,,28815082,,R-1-6,0,7.26,0.14775612122008444
Campbell,,28814001,,R-1-6,0,7.26,0.20732308256722978
Campbell,,41237045,,R-1-6,0,7.26,0.20407569741048892
Campbell,,40621022,,R-1-10,0,4.35,0.30281843985319684
Campbell,,27936019,,MDR,18,25,0.010323154199348058
Campbell,,30538041,,MDR,18,25,0.22903888376109086
Campbell,,40603056,,LMDR,8,16,0.4949273512817568
Campbell,,41211033,,MHDR,26,33,0.026458574870483694
Campbell,,41440073,,R-1-6,0,7.26,0.34998000147837327
Campbell,,30537007,,LMDR,8,16,0.192342807651647
Campbell,,42403010,,R-1-6,0,7.26,0.18448504965366094
Campbell,,28813019,,R-1-6,0,7.26,0.17960477469491098
Campbell,,40318061,,R-1-9,0,4.84,0.2255961237634311
Campbell,,30750042,,R-1-6,0,7.26,0.149455304448027
Campbell,,28825008,,R-1-6,0,7.26,0.22010755362924664
Campbell,,30753051,,R-1-6,0,7.26,0.13898687676174207
Campbell,,40604062,,R-1-6,0,7.26,0.012741664573153118
Campbell,,40607042,,R-1-6,0,7.26,0.13306142075979172
Campbell,,41405037,,R-1-8,0,5.45,0.20370868659973224
Campbell,,30504004,,GC,0,0,0.17550893803472528
Campbell,,27940036,,R-1-6,0,7.26,0.17782929071837952
Campbell,,30748041,,R-1-6,0,7.26,0.1403588351734952
Campbell,,41218061,,MHDR,26,33,0.019359027499556637
Campbell,,28812074,,R-1-6,0,7.26,0.16185626166935368
Campbell,,40422055,,R-1-6,0,7.26,0.2582698672649794
Campbell,,30753017,,R-1-6,0,7.26,0.1429068441524353
Campbell,,40613035,,R-1-6,0,7.26,0.14756681111608227
Campbell,,41209042,,CC-MU,45,60,0.27923619142018785
Campbell,,27922007,,R-1-6,0,7.26,0.22689391069732764
Campbell,,40348034,,R-1-6,0,7.26,0.19190566681887555
Campbell,,40316070,,R-1-10,0,4.35,0.2649015136401686
Campbell,,27913040,,R-1-6,0,7.26,0.23571597833668562
Campbell,,41402017,,R-1-8,0,5.45,0.19277219333016965
Campbell,,40618048,,LMDR,8,16,0.17998487710276992
Campbell,,30750018,,R-1-6,0,7.26,0.14002909157392332
Campbell,,40353104,,OS,0,0,0.3391134809925792
Campbell,,41215058,,MHDR,26,33,0.017051166961239088
Campbell,,40624011,,R-1-10,0,4.35,0.24812780524461978
Campbell,,30716013,,NC,0,0,0.36002019928033385
Campbell,,40607016,,R-1-6,0,7.26,0.2114008865787634
Campbell,,40406027,,R-1-6,0,7.26,0.2679458366834219
Campbell,,40602050,,R-1-6,0,7.26,0.19953959488510764
Campbell,,28811020,,LMDR,8,16,0.15693251296923894
Campbell,,40430048,,R-1-10,0,4.35,0.2368359496986524
Campbell,,30756021,,R-1-6,0,7.26,0.17847612980685537
Campbell,,40430047,,R-1-10,0,4.35,0.2364456299060233
Campbell,,41214004,,MHDR,26,33,0.016084187718529964
Campbell,,27936157,,MDR,18,25,0.016417975013351547
Campbell,,40617053,,R-1-6,0,7.26,0.13961914423656363
Campbell,,42401095,,LI,0,0,2.7948746889021727
Campbell,,41215004,,MHDR,26,33,0.017044632702567796
Campbell,,41441008,,MHDR,26,33,0.13450381481988394
Campbell,,41435047,,LMDR,8,16,0.018702721032285534
Campbell,,27921037,,R-1-6,0,7.26,0.14828994148017063
Campbell,,40312105,,R-1-9,0,4.84,0.22033056820693223
Campbell,,27946026,,R-1-6,0,7.26,0.14387576759060602
Campbell,,40422031,,R-1-6,0,7.26,0.1457799121407845
Campbell,,28814008,,R-1-6,0,7.26,0.23495922289259516
Campbell,,30714003,,R-1-6,0,7.26,0.14469084808159613
Campbell,,42439026,,LI,0,0,1.9868132632584194
Campbell,,28806014,,R-1-6,0,7.26,0.22798967577848342
Campbell,,30740032,,LMDR,8,16,0.15606430422208586
Campbell,,27936286,,MDR,18,25,0.01032186146512806
Campbell,,30756054,,R-1-6,0,7.26,0.13931521254651158
Campbell,,40318027,,R-1-9,0,4.84,0.14137913302984936
Campbell,,28808060,,R-1-6,0,7.26,0.24410280712491658
Campbell,,28811061,,GC,0,0,11.458233126945567
Campbell,,40432017,,R-1-6,0,7.26,0.1420553561657781
Campbell,,27913041,,R-1-6,0,7.26,0.2352437440062414
Campbell,,40426031,,R-1-6,0,7.26,0.14152819731828645
Campbell,,41434029,,R-1-6,0,7.26,0.251174955428549
Campbell,,40315021,,R-1-9,0,4.84,0.2187911406045691
Campbell,,30750050,,R-1-6,0,7.26,0.24340180204021106
Campbell,,40615007,,R-1-8,0,5.45,0.1917869752552845
Campbell,,30753099,,R-1-6,0,7.26,0.14011540426228078
Campbell,,28825001,,R-1-6,0,7.26,0.19977454094330727
Campbell,,30715033,,R-1-6,0,7.26,0.1522044787025138
Campbell,,42404061,,R-1-6,0,7.26,0.19868426295706929
Campbell,,30520024,,R-1-6,0,7.26,0.2865729795496279
Campbell,,41215062,,MHDR,26,33,0.016940793857945204
Campbell,,28812037,,R-1-6,0,7.26,0.1604796085415018
Campbell,,40606027,,R-1-6,0,7.26,0.13776345618930605
Campbell,,30530014,,R-1-6,0,7.26,0.19937775994787454
Campbell,,27944022,,R-1-6,0,7.26,0.19686072205355357
Campbell,,40308029,,R-1-6,0,7.26,0.1341135345908352
Campbell,,40317016,,R-1-9,0,4.84,0.20745264095189367
Campbell,,28813005,,R-1-6,0,7.26,0.2287295122265988
Campbell,,40348073,,R-1-6,0,7.26,0.1442004836285461
Campbell,,28815022,,R-1-6,0,7.26,0.16631243040530197
Campbell,,40313105,,R-1-9,0,4.84,0.1443450253336516
Campbell,,30521012,,CC-MU,45,60,1.9503012316247528
Campbell,,42443027,,MDR,18,25,0.009366268201371776
Campbell,,42439009,,LI,0,0,0.304720810503802
Campbell,,30524025,,R-1-6,0,7.26,0.1702280486905957
Campbell,,40624040,,R-1-10,0,4.35,0.2782752519916667
Campbell,,30755016,,R-1-6,0,7.26,0.15174822057707832
Campbell,,40344042,,R-1-6,0,7.26,0.14425303697476016
Campbell,,28811052,,R-1-6,0,7.26,0.15667134385253045
Campbell,,41206002,,CB-MU,26,33,0.03875454336642773
Campbell,,30524045,,R-1-6,0,7.26,0.23839723277891406
Campbell,,40430061,,MDR,18,25,0.21491449412721703
Campbell,,30538057,,MDR,18,25,0.19639146902054078
Campbell,,27929031,,R-1-6,0,7.26,0.194670340694323
Campbell,,30748007,,R-1-6,0,7.26,0.15932246618833687
Campbell,,40346052,,R-1-6,0,7.26,0.42287048333503374
Campbell,,40613053,,LMDR,8,16,0.16801244987104524
Campbell,,28802009,,TO-MU,57,75,0.3466183102167384
Campbell,,27936184,,MDR,18,25,0.017561367172591318
Campbell,,41438072,,R-1-6,0,7.26,0.21444364911889097
Campbell,,28812022,,R-1-6,0,7.26,0.12697355819294984
Campbell,,28807013,,R-1-6,0,7.26,0.22857783290124273
Campbell,,30751008,,R-1-6,0,7.26,0.24354449603769598
Campbell,,40346028,,R-1-6,0,7.26,0.22464743376434293
Campbell,,41401050,,R-1-8,0,5.45,0.1849144664004896
Campbell,,30741001,,R-1-6,0,7.26,0.176915890174114
Campbell,,42439015,,LI,0,0,1.2256418765676407
Campbell,,40601042,,R-1-6,0,7.26,0.2289447001015273
Campbell,,28808068,,R-1-6,0,7.26,0.25448214861121177
Campbell,,28823058,,R-1-6,0,7.26,0.22030362142299037
Campbell,,28814009,,R-1-6,0,7.26,0.2308898552875452
Campbell,,40344066,,R-1-6,0,7.26,0.13772994834176452
Campbell,,27926040,,R-1-6,0,7.26,0.20262123228965218
Campbell,,40308075,,R-1-6,0,7.26,0.17679207106398492
Campbell,,28808046,,R-1-6,0,7.26,0.19634247505593522
Campbell,,30752059,,R-1-6,0,7.26,0.1494590232335133
Campbell,,30743046,,R-1-6,0,7.26,0.155462452099097
Campbell,,30518011,,R-1-6,0,7.26,0.23446281614065564
Campbell,,28815034,,R-1-6,0,7.26,0.20745433917049158
Campbell,,27944008,,R-1-6,0,7.26,0.1824002207316582
Campbell,,27936014,,MDR,18,25,0.010323518846784565
Campbell,,30748030,,R-1-6,0,7.26,0.14307631528123668
Campbell,,41218043,,MHDR,26,33,0.02339124200262753
Campbell,,30740040,,CC-MU,45,60,1.039713145966269
Campbell,,27936051,,MDR,18,25,0.0103226402531724
Campbell,,40344001,,R-1-6,0,7.26,0.13774785979056475
Campbell,,30545012,,MDR,18,25,0.018429183603353046
Campbell,,41218064,,MHDR,26,33,0.023274647195191484
Campbell,,30740001,,R-1-6,0,7.26,0.16164985204501242
Campbell,,40426058,,R-1-10,0,4.35,0.2737067581964205
Campbell,,40603034,,LMDR,8,16,0.3260261305755042
Campbell,,30754033,,R-1-6,0,7.26,0.2590841302981489
Campbell,,40622064,,R-1-10,0,4.35,0.2668274550197084
Campbell,,27921007,,R-1-6,0,7.26,0.20425033708220042
Campbell,,27936141,,MDR,18,25,0.016412844741628883
Campbell,,30524034,,R-1-6,0,7.26,0.26410396547404985
Campbell,,30708006,,R-1-6,0,7.26,0.14688651524192511
Campbell,,28818019,,R-1-6,0,7.26,0.1612284772592753
Campbell,,28819011,,R-1-6,0,7.26,0.2272992680011269
Campbell,,40315081,,R-1-9,0,4.84,0.01744847545999105
Campbell,,40317023,,R-1-9,0,4.84,0.21226314401310176
Campbell,,40423027,,R-1-6,0,7.26,0.2321481969361723
Campbell,,40424076,,R-1-6,0,7.26,0.17293692957755294
Campbell,,28819013,,R-1-6,0,7.26,0.2773024598134927
Campbell,,27937008,,CC-MU,45,60,0.2056715870077214
Campbell,,28805013,,R-1-6,0,7.26,0.1970881383537607
Campbell,,42405053,,R-1-6,0,7.26,0.20011252758756878
Campbell,,28224013,,GC,0,0,0.45849244811435647
Campbell,,30533045,,R-1-6,0,7.26,0.22865984225925212
Campbell,,28819004,,R-1-6,0,7.26,0.21370665163391075
Campbell,,41444005,,PO,0,0,0.2598406168839583
Campbell,,42403005,,R-1-6,0,7.26,0.19045506188414424
Campbell,,28810023,,R-1-6,0,7.26,0.20745152376213652
Campbell,,28817021,,R-1-6,0,7.26,0.27456305553817073
Campbell,,41402012,,R-1-8,0,5.45,0.20838977287738322
Campbell,,40614005,,R-1-8,0,5.45,0.20412284907577727
Campbell,,40348023,,R-1-6,0,7.26,0.18347778383555371
Campbell,,41214010,,MHDR,26,33,0.015640767569184935
Campbell,,28810024,,R-1-6,0,7.26,0.2312611104076466
Campbell,,27936073,,MDR,18,25,0.016417877556315626
Campbell,,41436006,,LI,0,0,2.169022409258454
Campbell,,41215053,,MHDR,26,33,0.01735306209105945
Campbell,,30519051,,R-1-6,0,7.26,0.22025830352757958
Campbell,,40426057,,R-1-10,0,4.35,0.27371587862912217
Campbell,,27935022,,R-1-6,0,7.26,0.16073577831462
Campbell,,30708001,,R-1-6,0,7.26,0.26188881617324383
Campbell,,30755039,,R-1-6,0,7.26,0.14539819105272148
Campbell,,42405025,,R-1-6,0,7.26,0.19547536671704357
Campbell,,30707069,,R-1-6,0,7.26,0.14461541516414736
Campbell,,40620011,,R-1-10,0,4.35,0.25304002152874217
Campbell,,27936240,,MDR,18,25,0.01756264710049614
Campbell,,40620028,,R-1-10,0,4.35,0.3983365181670438
Campbell,,40316085,,R-1-10,0,4.35,0.13979541113361557
Campbell,,40425053,,R-1-6,0,7.26,0.14636381802983137
Campbell,,41235039,,LI,0,0,1.0785379280361578
Campbell,,40313062,,R-1-6,0,7.26,0.22490914563047534
Campbell,,28812038,,R-1-6,0,7.26,0.15533260000372523
Campbell,,41433045,,R-1-6,0,7.26,0.19541934913846704
Campbell,,41402046,,R-1-8,0,5.45,0.21168714506742153
Campbell,,30715010,,R-1-6,0,7.26,0.18267360551560047
Campbell,,40606040,,R-1-6,0,7.26,0.3359265370461021
Campbell,,40615012,,R-1-8,0,5.45,0.1786666553624814
Campbell,,40605055,,R-1-6,0,7.26,0.14905564413197903
Campbell,,30534027,,R-1-6,0,7.26,0.27848786579574986
Campbell,,40321025,,LMDR,8,16,0.192255223128735
Campbell,,30739010,,R-1-6,0,7.26,0.1572103356020978
Campbell,,41401025,,NC,0,0,0.21693968950440398
Campbell,,42403009,,R-1-6,0,7.26,0.18975729402531966
Campbell,,41209007,,CC-MU,45,60,0.1007657329689213
Campbell,,40343038,,R-1-6,0,7.26,0.13466072856435957
Campbell,,30539027,,R-1-6,0,7.26,0.17954067640407695
Campbell,,30537037,,MDR,18,25,0.1919200734573054
Campbell,,28809082,,R-1-6,0,7.26,0.18891789952017607
Campbell,,40316080,,R-1-10,0,4.35,0.13581164221548345
Campbell,,28812019,,PO,0,0,0.20323560508229016
Campbell,,41405046,,R-1-8,0,5.45,0.21045019376077959
Campbell,,40423010,,R-1-6,0,7.26,0.15138726080466486
Campbell,,30718023,,R-1-6,0,7.26,0.16203561213760276
Campbell,,28824041,,R-1-6,0,7.26,0.19129477947325213
Campbell,,28817038,,R-1-6,0,7.26,0.24736747937058542
Campbell,,41441021,,MHDR,26,33,0.10089323320681212
Campbell,,27936041,,MDR,18,25,0.016411915161711123
Campbell,,27921029,,R-1-6,0,7.26,0.13790152347389148
Campbell,,30519067,,R-1-6,0,7.26,0.23142293983398288
Campbell,,41433025,,R-1-6,0,7.26,0.22174027056278328
Campbell,,40623041,,R-1-10,0,4.35,0.26341736414771916
Campbell,,40422062,,R-1-6,0,7.26,0.13843297347526723
Campbell,,40423012,,R-1-6,0,7.26,0.14400525065094225
Campbell,,28814031,,R-1-6,0,7.26,0.22782673229794204
Campbell,,40431017,,MDR,18,25,0.2547865714344804
Campbell,,40425031,,R-1-6,0,7.26,0.5480975166527241
Campbell,,40425004,,R-1-6,0,7.26,0.1908348623904948
Campbell,,30753103,,R-1-6,0,7.26,0.14094548738413173
Campbell,,40602074,,R-1-6,0,7.26,0.2604973856143631
Campbell,,41441017,,MHDR,26,33,0.08199115572980697
Campbell,,27944013,,R-1-6,0,7.26,0.1451776378678913
Campbell,,30534048,,R-1-6,0,7.26,0.243075219961389
Campbell,,40603005,,R-1-6,0,7.26,0.14922315588898297
Campbell,,30742009,,R-1-6,0,7.26,0.14215683133301413
Campbell,,28809043,,R-1-6,0,7.26,0.19967568040861775
Campbell,,30523037,,R-1-6,0,7.26,0.1843839695787424
Campbell,,27939057,,R-1-6,0,7.26,0.16558081560415233
Campbell,,41402040,,R-1-8,0,5.45,0.21152141962671206
Campbell,,42433109,,OS,0,0,0.2596198050699771
Campbell,,27922048,,R-1-6,0,7.26,0.23874498197579466
Campbell,,30539014,,R-1-6,0,7.26,0.14976362511102442
Campbell,,40617019,,R-1-6,0,7.26,0.17624767046309717
Campbell,,27922009,,R-1-6,0,7.26,0.229833044741184
Campbell,,40624043,,R-1-10,0,4.35,0.2918824568737571
Campbell,,40315069,,R-1-9,0,4.84,0.20684098486499328
Campbell,,40623027,,R-1-8,0,5.45,0.22237712095995316
Campbell,,41237022,,R-1-6,0,7.26,0.14583682638836418
Campbell,,27940063,,LMDR,8,16,0.020036847177683007
Campbell,,40618044,,LMDR,8,16,0.17998888045308994
Campbell,,27930037,,R-1-6,0,7.26,0.15732302481844324
Campbell,,40346013,,R-1-6,0,7.26,0.15157712555591288
Campbell,,40430064,,MDR,18,25,0.21490221407298146
Campbell,,40408071,,R-1-6,0,7.26,0.15563964733535238
Campbell,,40343031,,R-1-6,0,7.26,0.16171382503607812
Campbell,,40423017,,R-1-6,0,7.26,0.14268687631757263
Campbell,,40313073,,R-1-6,0,7.26,0.14533128704640297
Campbell,,27936002,,MDR,18,25,0.010327047140230866
Campbell,,30743018,,R-1-6,0,7.26,0.15828283080982042
Campbell,,30537008,,LMDR,8,16,0.16725821976826394
Campbell,,40407038,,R-1-6,0,7.26,0.17503966954723135
Campbell,,40624027,,R-1-10,0,4.35,0.2972642239745682
Campbell,,41218060,,MHDR,26,33,0.023399922046594232
Campbell,,30743074,,MDR,18,25,0.17964482718730862
Campbell,,42440003,,LI,0,0,0.5767701370133345
Campbell,,30708003,,R-1-6,0,7.26,0.16835758067842327
Campbell,,40429011,,R-1-10,0,4.35,0.3106507852192778
Campbell,,40428020,,R-1-10,0,4.35,0.2790367159787138
Campbell,,30519030,,R-1-6,0,7.26,0.2395118149219901
Campbell,,40318026,,R-1-9,0,4.84,0.23862977315549583
Campbell,,40432009,,MDR,18,25,0.18464623575801412
Campbell,,40618031,,R-1-6,0,7.26,0.1358179863733441
Campbell,,30732002,,MDR,18,25,0.19774448296260735
Campbell,,40602011,,R-1-6,0,7.26,0.17701918006430595
Campbell,,40315060,,R-1-9,0,4.84,0.2068381549524949
Campbell,,42405061,,R-1-6,0,7.26,0.19187321010797073
Campbell,,28214036,,R-1-6,0,7.26,0.16571523904527224
Campbell,,41239008,,R-1-8,0,5.45,0.21524359373609006
Campbell,,27932012,,TO-MU,57,75,3.412672087864673
Campbell,,27936075,,MDR,18,25,0.010323638435134369
Campbell,,30726027,,MDR,18,25,0.21583209098203768
Campbell,,27936137,,MDR,18,25,0.016412844732974118
Campbell,,30534052,,R-1-6,0,7.26,0.23503838228842286
Campbell,,40342016,,R-1-6,0,7.26,0.13453358344931365
Campbell,,42401193,,LI,0,0,0.42255036525270473
Campbell,,40433045,,R-1-6,0,7.26,0.16896312901244334
Campbell,,30752023,,R-1-6,0,7.26,0.1514164919778157
Campbell,,40616024,,R-1-10,0,4.35,0.20605050440556572
Campbell,,40317049,,R-1-9,0,4.84,0.2519045673742651
Campbell,,27913046,,R-1-6,0,7.26,0.183078434016243
Campbell,,40422026,,R-1-6,0,7.26,0.14746145395986698
Campbell,,40423024,,R-1-6,0,7.26,0.14906220506635948
Campbell,,30750012,,LMDR,8,16,0.16881871264974185
Campbell,,30518048,,R-1-6,0,7.26,0.26469623982278384
Campbell,,40623015,,R-1-8,0,5.45,0.22608195053105895
Campbell,,28817028,,R-1-6,0,7.26,0.25073091356135546
Campbell,,41435034,,LMDR,8,16,0.017939730353594165
Campbell,,40622022,,R-1-10,0,4.35,0.3521030752664808
Campbell,,27921016,,R-1-6,0,7.26,0.14975439890772596
Campbell,,40408023,,R-1-6,0,7.26,0.15158669046550224
Campbell,,42443044,,MDR,18,25,0.012629166358966812
Campbell,,40603012,,R-1-6,0,7.26,0.20056246704152259
Campbell,,40615034,,R-1-8,0,5.45,0.19805342396011913
Campbell,,30753027,,R-1-6,0,7.26,0.2504394893934158
Campbell,,27945030,,R-1-6,0,7.26,0.1468310638089511
Campbell,,40425030,,R-1-6,0,7.26,0.18780789937294487
Campbell,,28819018,,R-1-6,0,7.26,0.36547846879388207
Campbell,,30520011,,MDR,18,25,0.1381324302043356
Campbell,,40344070,,R-1-6,0,7.26,0.1377406475546609
Campbell,,30749001,,R-1-6,0,7.26,0.2141970933622949
Campbell,,40315058,,R-1-9,0,4.84,0.20682169794477867
Campbell,,30755013,,R-1-6,0,7.26,0.17276335112584731
Campbell,,41228021,,MHDR,26,33,0.013703518591387723
Campbell,,27921042,,R-1-6,0,7.26,0.17153267618812373
Campbell,,30754032,,R-1-6,0,7.26,0.1762407823403294
Campbell,,27946039,,R-1-6,0,7.26,0.14010947035458046
Campbell,,30755005,,R-1-6,0,7.26,0.1348828668110765
Campbell,,40614069,,R-1-8,0,5.45,0.19852341644020202
Campbell,,27921032,,R-1-6,0,7.26,0.26242740992636543
Campbell,,42401097,,LI,0,0,0.3187498553863841
Campbell,,40430069,,MDR,18,25,0.21489111171049188
Campbell,,41218027,,MHDR,26,33,0.023270545114487416
Campbell,,41241017,,R-1-8,0,5.45,0.2632040659424886
Campbell,,28807009,,R-1-6,0,7.26,0.23668479691341596
Campbell,,40422068,,R-1-6,0,7.26,0.16083043092839105
Campbell,,30536004,,TO-MU,57,75,1.5634262533177905
Campbell,,27936282,,MDR,18,25,0.01032304136156947
Campbell,,41211058,,MHDR,26,33,0.020829879174331524
Campbell,,40316015,,R-1-10,0,4.35,0.4026411131995984
Campbell,,40624066,,R-1-10,0,4.35,0.2258235868058658
Campbell,,30533054,,R-1-6,0,7.26,0.17521939672148973
Campbell,,41206081,,CB-MU,26,33,0.39598277451038266
Campbell,,40612003,,LMDR,8,16,0.16421693825564537
Campbell,,27936128,,MDR,18,25,0.017555010694943734
Campbell,,40353051,,R-1-6,0,7.26,0.1726424798738949
Campbell,,40307047,,R-1-6,0,7.26,0.22806894087189214
Campbell,,30520021,,R-1-6,0,7.26,0.25242701352503544
Campbell,,40313041,,R-1-6,0,7.26,0.13833697426192906
Campbell,,40607049,,R-1-6,0,7.26,0.1440443450742146
Campbell,,41238026,,R-1-6,0,7.26,0.1456099275211645
Campbell,,40312110,,R-1-9,0,4.84,0.3024390681752679
Campbell,,41211027,,MHDR,26,33,0.025889700234353174
Campbell,,30739007,,R-1-6,0,7.26,0.14325364134135932
Campbell,,40308052,,R-1-6,0,7.26,0.14635957397614233
Campbell,,28825056,,R-1-6,0,7.26,0.182101055257259
Campbell,,41440010,,R-1-6,0,7.26,0.22064338215917692
Campbell,,30753009,,R-1-6,0,7.26,0.14345002694175923
Campbell,,40314069,,R-1-9,0,4.84,0.3609211807757002
Campbell,,40407018,,R-1-6,0,7.26,0.13575462668975208
Campbell,,40316100,,R-1-10,0,4.35,0.38589669533496146
Campbell,,41239006,,R-1-8,0,5.45,0.2056572383293835
Campbell,,27939021,,R-1-6,0,7.26,0.1734875469181109
Campbell,,28806045,,R-1-6,0,7.26,0.2193342966947864
Campbell,,28818027,,R-1-6,0,7.26,0.2431544518459057
Campbell,,41211018,,MHDR,26,33,0.02580500523303133
Campbell,,40308110,,R-1-6,0,7.26,0.1350945995932111
Campbell,,27936218,,MDR,18,25,0.010326709057170267
Campbell,,28815008,,R-1-6,0,7.26,0.16342139199576605
Campbell,,41401022,,R-1-8,0,5.45,0.18967422857514493
Campbell,,41239033,,R-1-8,0,5.45,0.21635628041815047
Campbell,,40407032,,R-1-6,0,7.26,0.2993189421767836
Campbell,,27936038,,MDR,18,25,0.010318955742886417
Campbell,,40433008,,R-1-6,0,7.26,0.1898760908701086
Campbell,,40310129,,R-1-6,0,7.26,0.13838101280475806
Campbell,,41443014,,MHDR,26,33,0.017635282630399034
Campbell,,28824058,,R-1-6,0,7.26,0.1936228442695151
Campbell,,40315095,,R-1-9,0,4.84,0.20679765898124702
Campbell,,41441050,,MHDR,26,33,0.07832302024172541
Campbell,,40314034,,R-1-9,0,4.84,0.20342492072683033
Campbell,,40620013,,R-1-10,0,4.35,0.5061199679744703
Campbell,,40336078,,MDR,18,25,0.19074778988385527
Campbell,,41237020,,R-1-8,0,5.45,0.271192329023578
Campbell,,30707048,,R-1-6,0,7.26,0.17357067853120045
Campbell,,40313084,,R-1-6,0,7.26,0.16178904476825767
Campbell,,40602031,,R-1-6,0,7.26,0.29790640784829114
Campbell,,28808064,,R-1-6,0,7.26,0.25437130557457227
Campbell,,41238048,,R-1-6,0,7.26,0.16182579374824235
Campbell,,40348041,,R-1-6,0,7.26,0.14924078207335761
Campbell,,40624045,,R-1-10,0,4.35,0.2743765099828987
Campbell,,41211029,,MHDR,26,33,0.025329013030114034
Campbell,,30753083,,R-1-6,0,7.26,0.14275162845586703
Campbell,,40313101,,R-1-9,0,4.84,0.13497189214475425
Campbell,,40310002,,R-1-6,0,7.26,0.21332564323225595
Campbell,,40425036,,R-1-6,0,7.26,0.1377484480287629
Campbell,,40344047,,R-1-6,0,7.26,0.14232180498950278
Campbell,,40433053,,R-1-6,0,7.26,0.15658864677816658
Campbell,,40318125,,R-1-9,0,4.84,0.12340388107650094
Campbell,,41214014,,MHDR,26,33,0.015640767569184935
Campbell,,41433026,,R-1-6,0,7.26,0.20912771180706521
Campbell,,41434006,,R-1-6,0,7.26,0.20835906690232503
Campbell,,41215018,,MHDR,26,33,0.017361990813340063
Campbell,,40618003,,R-1-6,0,7.26,0.13822825693089205
Campbell,,27929034,,GC,0,0,0.1400816518310737
Campbell,,30539009,,R-1-6,0,7.26,0.14722355972915277
Campbell,,41435019,,LMDR,8,16,0.026367163190473015
Campbell,,40617012,,LMDR,8,16,0.18366659537575203
Campbell,,30707059,,R-1-6,0,7.26,0.15769758696736458
Campbell,,27929037,,GC,0,0,1.0120525023970945
Campbell,,41238025,,R-1-6,0,7.26,0.1587983921676452
Campbell,,27921030,,R-1-6,0,7.26,0.1451720675315928
Campbell,,30750056,,MDR,18,25,0.20602795892291434
Campbell,,41228046,,MHDR,26,33,0.01980647476813289
Campbell,,28810070,,R-1-6,0,7.26,0.16364703978616332
Campbell,,40313059,,R-1-6,0,7.26,0.18014265417959255
Campbell,,30519018,,R-1-6,0,7.26,0.179800234359831
Campbell,,28812032,,R-1-6,0,7.26,0.16343180238064167
Campbell,,42405039,,R-1-6,0,7.26,0.20073701463476157
Campbell,,40407006,,R-1-6,0,7.26,0.23746305714644844
Campbell,,41211010,,MHDR,26,33,0.020461004790961013
Campbell,,30753064,,R-1-6,0,7.26,0.14143284877748968
Campbell,,40619023,,R-1-8,0,5.45,0.22477313134335852
Campbell,,40431047,,MDR,18,25,0.20207953856690775
Campbell,,41215079,,MHDR,26,33,0.01737907509653347
Campbell,,40614052,,R-1-8,0,5.45,0.22379015801024757
Campbell,,40615017,,R-1-8,0,5.45,0.17516648430347528
Campbell,,41237066,,R-1-6,0,7.26,0.16095217635411727
Campbell,,40312022,,R-1-9,0,4.84,0.33286049867179346
Campbell,,40602022,,R-1-6,0,7.26,0.33955760741335195
Campbell,,41435006,,LMDR,8,16,0.02637613326558819
Campbell,,30538013,,MDR,18,25,0.17510988925146784
Campbell,,40307048,,PF,0,0,9.341545996242266
Campbell,,42433114,,RD,0,0,0.973285462046632
Campbell,,41240020,,R-1-8,0,5.45,0.24363201479327418
Campbell,,30554006,,MDR,18,25,0.012705902386636332
Campbell,,40612097,,R-1-6,0,7.26,0.14044413316868093
Campbell,,30533014,,PO,0,0,0.5198944745628427
Campbell,,40432031,,R-1-6,0,7.26,0.14852141856926984
Campbell,,40318024,,R-1-9,0,4.84,0.13799792761010726
Campbell,,30750057,,MDR,18,25,0.18612311131222517
Campbell,,42433100,,RD,0,0,2.409112580882477
Campbell,,40409018,,R-1-6,0,7.26,0.14004060734038873
Campbell,,40636015,,LMDR,8,16,0.016818900098580242
Campbell,,27924012,,R-1-6,0,7.26,0.2069595835481216
Campbell,,27935011,,R-1-6,0,7.26,0.16133528739357325
Campbell,,40348014,,R-1-6,0,7.26,0.1866638069132018
Campbell,,40408053,,R-1-6,0,7.26,0.19730750299456268
Campbell,,40310024,,R-1-6,0,7.26,0.2420867183933044
Campbell,,30743048,,R-1-6,0,7.26,0.16228003815866388
Campbell,,40601075,,R-1-6,0,7.26,0.12475130695880385
Campbell,,41238081,,R-1-6,0,7.26,0.15946937058165409
Campbell,,41434038,,R-1-6,0,7.26,0.29688151739176505
Campbell,,30743044,,R-1-6,0,7.26,0.15543562366653288
Campbell,,30537033,,MDR,18,25,0.1791402730380193
Campbell,,41440079,,R-1-6,0,7.26,0.14006481807390905
Campbell,,30748026,,R-1-6,0,7.26,0.1447889217374014
Campbell,,40302054,,NC,0,0,1.8086343713377029
Campbell,,41443008,,MHDR,26,33,0.016434966442096553
Campbell,,30534055,,R-1-6,0,7.26,0.23317082579303386
Campbell,,28815020,,R-1-6,0,7.26,0.16018063758715922
Campbell,,41404002,,NC,0,0,0.21552193025053065
Campbell,,41238069,,R-1-6,0,7.26,0.14142200225557214
Campbell,,40602082,,R-1-6,0,7.26,0.13959486990276776
Campbell,,28802018,,TO-MU,57,75,0.3506174089487567
Campbell,,41238004,,R-1-6,0,7.26,0.13898141224682942
Campbell,,40616037,,R-1-10,0,4.35,0.2198196355828587
Campbell,,27919023,,R-1-6,0,7.26,0.13891521607078094
Campbell,,41214002,,MHDR,26,33,0.015368748858416381
Campbell,,30754009,,R-1-6,0,7.26,0.16994363550325559
Campbell,,30753060,,R-1-6,0,7.26,0.1361494958548585
Campbell,,27936146,,MDR,18,25,0.010323318012503828
Campbell,,40308053,,R-1-6,0,7.26,0.13566091879403783
Campbell,,40310017,,R-1-6,0,7.26,0.07813587060654625
Campbell,,42405035,,R-1-6,0,7.26,0.2233922970279447
Campbell,,41441047,,MHDR,26,33,0.07832302024172541
Campbell,,41238044,,R-1-6,0,7.26,0.1446280667810063
Campbell,,28825050,,R-1-6,0,7.26,0.18210095233251616
Campbell,,40342041,,R-1-6,0,7.26,0.13954041075456988
Campbell,,27927065,,GC,0,0,0.3557265222801144
Campbell,,30523035,,R-1-6,0,7.26,0.18876030325179094
Campbell,,30749010,,R-1-6,0,7.26,0.1377289785686449
Campbell,,40605057,,R-1-6,0,7.26,0.1449497309289794
Campbell,,41215090,,MHDR,26,33,0.016946852990884737
Campbell,,40422019,,R-1-6,0,7.26,0.15530474001382927
Campbell,,30538024,,MDR,18,25,0.23447373337172783
Campbell,,30754021,,R-1-6,0,7.26,0.2305005855973661
Campbell,,41435030,,LMDR,8,16,0.01791961258779982
Campbell,,40429028,,R-1-16,0,2.72,0.43993200244377956
Campbell,,40605016,,R-1-6,0,7.26,0.1604552048052703
Campbell,,41232002,,LI,0,0,0.906597015826819
Campbell,,28825047,,R-1-6,0,7.26,0.17922600727883586
Campbell,,28816022,,R-1-6,0,7.26,0.23635921249334133
Campbell,,40613026,,R-1-6,0,7.26,0.13743555777065
Campbell,,41206020,,PF,0,0,0.19290636273822098
Campbell,,30538027,,MDR,18,25,0.18651332612705687
Campbell,,27937051,,R-1-6,0,7.26,0.18597774078336515
Campbell,,41240017,,R-1-8,0,5.45,0.31579953823504636
Campbell,,30717030,,R-1-6,0,7.26,0.1430480945756392
Campbell,,28814036,,R-1-6,0,7.26,0.24335699571916228
Campbell,,30530021,,R-1-6,0,7.26,0.18066592671975876
Campbell,,28817019,,R-1-6,0,7.26,0.26681455919246233
Campbell,,30538038,,MDR,18,25,0.19826041030904049
Campbell,,28806065,,R-1-6,0,7.26,0.19143475112979233
Campbell,,30754012,,R-1-6,0,7.26,0.14073735272699706
Campbell,,41239029,,R-1-8,0,5.45,0.23614146257839977
Campbell,,41211025,,MHDR,26,33,0.026140147236350858
Campbell,,30716010,,PO,0,0,0.3768426685653757
Campbell,,27936087,,MDR,18,25,0.010323530069644309
Campbell,,30715020,,R-1-6,0,7.26,0.186161221223259
Campbell,,30726021,,LMDR,8,16,0.16830283414169436
Campbell,,27936277,,MDR,18,25,0.016417905181901418
Campbell,,30707066,,R-1-6,0,7.26,0.2861020249076655
Campbell,,27929021,,R-1-6,0,7.26,0.23147771582687837
Campbell,,27937006,,MHDR,26,33,0.6752881068529265
Campbell,,28806008,,NC,0,0,0.3274871115757546
Campbell,,27913044,,R-1-6,0,7.26,0.19667176266553282
Campbell,,27937091,,GC,0,0,1.1130205823399453
Campbell,,27937009,,CC-MU,45,60,0.14244070465082062
Campbell,,40432040,,R-1-6,0,7.26,0.1491401635081998
Campbell,,41215022,,MHDR,26,33,0.01704683114564632
Campbell,,30534056,,R-1-6,0,7.26,0.22652975090026714
Campbell,,30752067,,R-1-6,0,7.26,0.24419679142655698
Campbell,,40606028,,R-1-6,0,7.26,0.19674183079180538
Campbell,,41230028,,LI,0,0,0.5080697769982735
Campbell,,28215028,,MDR,18,25,0.7145131239628668
Campbell,,30523094,,R-1-6,0,7.26,0.281205176569975
Campbell,,41212032,,MHDR,26,33,0.03165230561017569
Campbell,,30539035,,R-1-6,0,7.26,0.14283453778843208
Campbell,,30518046,,R-1-6,0,7.26,0.16090315004449757
Campbell,,30529002,,PF,0,0,20.024681432490635
Campbell,,28814054,,R-1-6,0,7.26,0.14567255330674983
Campbell,,40402042,,MDR,18,25,0.19338879723538058
Campbell,,41401043,,R-1-8,0,5.45,0.19694158001846507
Campbell,,42403017,,R-1-6,0,7.26,0.18450371505981294
Campbell,,41228040,,MHDR,26,33,0.01741896145189471
Campbell,,40607002,,OS,0,0,0.7488823931432983
Campbell,,40406031,,R-1-6,0,7.26,0.2534626266175659
Campbell,,40601047,,R-1-6,0,7.26,0.23156192069067527
Campbell,,28806025,,R-1-6,0,7.26,0.2414525923864842
Campbell,,41218018,,MHDR,26,33,0.023267542679762387
Campbell,,40315097,,R-1-9,0,4.84,0.4513102330422714
Campbell,,40314050,,R-1-9,0,4.84,0.3729703803365978
Campbell,,41215045,,MHDR,26,33,0.017213504151781998
Campbell,,27932008,,ROW,0,0,0.8174605293259226
Campbell,,40615030,,R-1-8,0,5.45,0.2601531295397204
Campbell,,30715058,,R-1-6,0,7.26,0.21508568369547654
Campbell,,41228035,,MHDR,26,33,0.020226662648779137
Campbell,,30715036,,R-1-6,0,7.26,0.24105461808525763
Campbell,,28806006,,NC,0,0,0.2340067539908416
Campbell,,41218030,,MHDR,26,33,0.019360829263026198
Campbell,,41444006,,GC,0,0,0.7335454340657449
Campbell,,30754037,,R-1-6,0,7.26,0.15401035496867013
Campbell,,40353033,,R-1-6,0,7.26,0.14564887795770523
Campbell,,30516013,,LMDR,8,16,0.027894078628635997
Campbell,,30518029,,R-1-6,0,7.26,0.14544373044154507
Campbell,,30520029,,R-1-6,0,7.26,0.17078948031182983
Campbell,,30518017,,R-1-6,0,7.26,0.2372426434400326
Campbell,,40425013,,R-1-6,0,7.26,0.19042855083625237
Campbell,,42406131,,ROW,0,0,1.514449065723907
Campbell,,30749008,,R-1-6,0,7.26,0.4662641538675228
Campbell,,40619031,,LMDR,8,16,0.19604451331728678
Campbell,,42404062,,R-1-6,0,7.26,0.19857468403400766
Campbell,,40605017,,R-1-6,0,7.26,0.1342704669384574
Campbell,,40431030,,MDR,18,25,0.24069137200443508
Campbell,,28825073,,R-1-6,0,7.26,0.18521358044395186
Campbell,,40343068,,R-1-6,0,7.26,0.13894451665947744
Campbell,,28806064,,R-1-6,0,7.26,0.1891492749579305
Campbell,,40630002,,PF,0,0,0.4752928732005683
Campbell,,30534019,,R-1-6,0,7.26,0.2600629838998585
Campbell,,30524064,,R-1-6,0,7.26,0.724976436717965
Campbell,,40620018,,R-1-10,0,4.35,0.4938523661243015
Campbell,,41234001,,LI,0,0,0.5259422416177196
Campbell,,40308038,,R-1-6,0,7.26,0.13791232650033958
Campbell,,27946017,,R-1-6,0,7.26,0.11256856828790293
Campbell,,40348075,,R-1-6,0,7.26,0.14419027886500252
Campbell,,28825038,,R-1-6,0,7.26,0.1762414753658252
Campbell,,28819060,,R-1-6,0,7.26,0.2077780335353206
Campbell,,27931006,,HD-MU,34,45,5.720788300393957
Campbell,,30534008,,R-1-6,0,7.26,0.3663720292802069
Campbell,,30744037,,R-1-6,0,7.26,0.16243370006726937
Campbell,,41209046,,OS,0,0,0.6237427695520025
Campbell,,28224003,,OS,0,0,4.272185820704206
Campbell,,40353054,,R-1-6,0,7.26,0.17761883376706916
Campbell,,40623009,,R-1-8,0,5.45,0.22062097235476694
Campbell,,30539044,,R-1-6,0,7.26,0.15387016420442667
Campbell,,28217007,,MDR,18,25,0.3258627843061601
Campbell,,40601037,,R-1-6,0,7.26,0.17116985195301543
Campbell,,30748001,,R-1-6,0,7.26,0.1644022966210224
Campbell,,30519081,,R-1-6,0,7.26,0.19187471320427188
Campbell,,28817002,,R-1-6,0,7.26,0.22339663133179533
Campbell,,28812057,,PO,0,0,0.1846029842947911
Campbell,,42405031,,R-1-6,0,7.26,0.2503536410846929
Campbell,,40336082,,MDR,18,25,0.26174287712136113
Campbell,,30740027,,R-1-6,0,7.26,0.17394290601545961
Campbell,,30523032,,R-1-6,0,7.26,0.1856487945336855
Campbell,,40313069,,R-1-6,0,7.26,0.14572762273063303
Campbell,,27936040,,MDR,18,25,0.017563519486929077
Campbell,,40347006,,R-1-6,0,7.26,0.1419815674128364
Campbell,,28806056,,R-1-6,0,7.26,0.18915734615673732
Campbell,,40625017,,R-1-10,0,4.35,0.2145765206497123
Campbell,,41215069,,MHDR,26,33,0.017048208591255724
Campbell,,42433054,,RD,0,0,1.0596559577960196
Campbell,,41441007,,MHDR,26,33,0.13450381481988394
Campbell,,28216023,,LMDR,8,16,0.16605949846031734
Campbell,,41230026,,LI,0,0,0.3908738753095461
Campbell,,41235024,,LI,0,0,3.142885124358006
Campbell,,28806040,,R-1-6,0,7.26,0.19568336124128893
Campbell,,40346050,,R-1-6,0,7.26,0.26822342669716903
Campbell,,28824037,,R-1-6,0,7.26,0.20099816249078453
Campbell,,40612019,,R-1-6,0,7.26,0.16221027235856236
Campbell,,28817035,,R-1-6,0,7.26,0.2525931468914458
Campbell,,41434018,,R-1-6,0,7.26,0.19538739966316446
Campbell,,42405034,,R-1-6,0,7.26,0.1879134788290404
Campbell,,40309009,,R-1-6,0,7.26,0.23820505722493135
Campbell,,40407001,,R-1-6,0,7.26,0.202070691473062
Campbell,,40617023,,R-1-6,0,7.26,0.18577093308643008
Campbell,,30519052,,R-1-6,0,7.26,0.21983387528786513
Campbell,,30755019,,R-1-6,0,7.26,0.16055632278801507
Campbell,,40618015,,R-1-6,0,7.26,0.13687381326211437
Campbell,,40317015,,R-1-9,0,4.84,0.21162632645255627
Campbell,,27937027,,R-1-6,0,7.26,0.13774704456807307
Campbell,,30714007,,R-1-6,0,7.26,0.14459739499775012
Campbell,,28809005,,R-1-6,0,7.26,0.230311124627834
Campbell,,40343036,,R-1-6,0,7.26,0.13756560454601816
Campbell,,30530019,,R-1-6,0,7.26,0.19556953485623418
Campbell,,40314071,,R-1-9,0,4.84,0.2462344465793207
Campbell,,40624071,,R-1-10,0,4.35,0.23761496123027792
Campbell,,40619052,,R-1-8,0,5.45,0.20011309414059514
Campbell,,30715068,,R-1-6,0,7.26,0.14187822723302787
Campbell,,40601025,,R-1-6,0,7.26,0.16040203993198077
Campbell,,40613070,,R-1-6,0,7.26,0.2022856114571923
Campbell,,28808044,,R-1-6,0,7.26,0.19700556559249158
Campbell,,40430082,,R-1-10,0,4.35,0.2840243781388916
Campbell,,41448059,,LMDR,8,16,0.5460079951485916
Campbell,,40308067,,R-1-6,0,7.26,0.1363139456960885
Campbell,,40606021,,R-1-6,0,7.26,0.19395868188501836
Campbell,,30751020,,R-1-6,0,7.26,0.1464961730439552
Campbell,,40314027,,R-1-9,0,4.84,0.24139807902433522
Campbell,,40430062,,MDR,18,25,0.21488351287518373
Campbell,,28825010,,R-1-6,0,7.26,0.22041676333913335
Campbell,,30534053,,R-1-6,0,7.26,0.22191236761532515
Campbell,,30717031,,R-1-6,0,7.26,0.15349023851182486
Campbell,,42440007,,LI,0,0,0.3267232246549014
Campbell,,41401004,,R-1-8,0,5.45,0.1923533877893996
Campbell,,41228033,,MHDR,26,33,0.022551339635142525
Campbell,,41230002,,MHDR,26,33,0.19007225264774472
Campbell,,27921047,,R-1-6,0,7.26,0.1785544865239815
Campbell,,40432029,,R-1-6,0,7.26,0.21497857566996043
Campbell,,28810065,,R-1-6,0,7.26,0.16417333678848006
Campbell,,28816024,,R-1-6,0,7.26,0.23647101422884995
Campbell,,40407021,,R-1-6,0,7.26,0.13463255168436197
Campbell,,27937089,,GC,0,0,1.270187948976695
Campbell,,27941014,,CB-MU,26,33,0.1213282114117081
Campbell,,41443010,,MHDR,26,33,0.016438849345625912
Campbell,,27922019,,R-1-6,0,7.26,0.3358723355565478
Campbell,,28806020,,R-1-6,0,7.26,0.23469804640896239
Campbell,,40606052,,R-1-6,0,7.26,0.27790148767718853
Campbell,,40619046,,R-1-8,0,5.45,0.370979968914305
Campbell,,28808063,,R-1-6,0,7.26,0.2543328950430995
Campbell,,40616057,,R-1-10,0,4.35,0.47433036975512954
Campbell,,40408055,,R-1-6,0,7.26,0.13659228012335461
Campbell,,28814019,,R-1-6,0,7.26,0.24686466320805484
Campbell,,28819040,,R-1-6,0,7.26,0.34435849614269104
Campbell,,27920030,,R-1-6,0,7.26,0.14376583951236938
Campbell,,28823052,,R-1-6,0,7.26,0.21914692492637378
Campbell,,28825065,,R-1-6,0,7.26,0.18521315765950844
Campbell,,41401064,,R-1-8,0,5.45,0.20221827488099342
Campbell,,30534039,,R-1-6,0,7.26,0.26871548366704257
Campbell,,30755018,,R-1-6,0,7.26,0.1619629047831557
Campbell,,40602020,,R-1-6,0,7.26,0.2332461524623233
Campbell,,30519031,,R-1-6,0,7.26,0.23662085736216507
Campbell,,27936107,,MDR,18,25,0.010323154199348058
Campbell,,27946012,,HD-MU,34,45,0.9471056150812442
Campbell,,40408070,,R-1-6,0,7.26,0.13631155574282752
Campbell,,41440071,,R-1-6,0,7.26,0.17336406577344624
Campbell,,30744043,,R-1-6,0,7.26,0.1903857001659517
Campbell,,40607028,,R-1-6,0,7.26,0.141454637886194
Campbell,,30740036,,MHDR,26,33,2.543747749558607
Campbell,,28805008,,R-1-6,0,7.26,0.25971202481517885
Campbell,,28813025,,R-1-6,0,7.26,0.17098125226677444
Campbell,,40353096,,R-1-6,0,7.26,0.13223874595149798
Campbell,,40427004,,R-1-10,0,4.35,0.30293486798020886
Campbell,,40613002,,R-1-6,0,7.26,0.1380660752348481
Campbell,,41215024,,MHDR,26,33,0.016939256389085538
Campbell,,40623024,,R-1-8,0,5.45,0.22924595356163438
Campbell,,30550016,,MDR,18,25,0.01875357782638863
Campbell,,28824023,,R-1-6,0,7.26,0.18371902913401703
Campbell,,27923063,,R-1-6,0,7.26,0.2099815863610621
Campbell,,40422049,,R-1-6,0,7.26,0.14781550110296116
Campbell,,40428004,,R-1-16,0,2.72,0.31997548008177285
Campbell,,40422072,,R-1-6,0,7.26,0.24469110832039453
Campbell,,41241038,,NC,0,0,0.1493315583339788
Campbell,,30534016,,R-1-6,0,7.26,0.27774406344958097
Campbell,,27937028,,R-1-6,0,7.26,0.16528520573239436
Campbell,,30521006,,PF,0,0,3.203272538636497
Campbell,,41207024,,CB-MU,26,33,0.18354397092612676
Campbell,,40601024,,R-1-6,0,7.26,0.15945341381580563
Campbell,,41402035,,R-1-8,0,5.45,0.18300542172654138
Campbell,,40432004,,MDR,18,25,0.18479020333150087
Campbell,,42433088,,RD,0,0,0.7563292320017829
Campbell,,40601048,,R-1-6,0,7.26,0.23061957519711906
Campbell,,30717049,,R-1-6,0,7.26,0.14463880553440173
Campbell,,40432022,,R-1-6,0,7.26,0.14371049781097742
Campbell,,30522014,,R-1-6,0,7.26,0.1325269099040069
Campbell,,40614002,,R-1-8,0,5.45,0.1859830492955509
Campbell,,42433080,,RD,0,0,0.34461073990262714
Campbell,,28825055,,R-1-6,0,7.26,0.18210085300507614
Campbell,,40624013,,R-1-10,0,4.35,0.26083196131434133
Campbell,,40613038,,LMDR,8,16,0.1863542071254635
Campbell,,27936094,,MDR,18,25,0.010321247571881464
Campbell,,40601017,,R-1-6,0,7.26,0.13938555690851542
Campbell,,30708029,,R-1-6,0,7.26,0.1735726074777412
Campbell,,42439021,,RD,0,0,0.5882004026260587
Campbell,,40624067,,R-1-10,0,4.35,0.23119407541213122
Campbell,,27920054,,R-1-6,0,7.26,0.13650681574196988
Campbell,,40308086,,R-1-6,0,7.26,0.13943463518774324
Campbell,,40624044,,R-1-10,0,4.35,0.26953080996749873
Campbell,,42401154,,LI,0,0,0.2818474058326415
Campbell,,30518032,,R-1-6,0,7.26,0.17612177192937584
Campbell,,40348074,,R-1-6,0,7.26,0.14419708591379504
Campbell,,27926033,,R-1-6,0,7.26,0.2098552322191398
Campbell,,30533077,,R-1-6,0,7.26,0.2486352214344675
Campbell,,41206004,,CB-MU,26,33,0.04308362318175863
Campbell,,41207067,,CB-MU,26,33,0.814483607801251
Campbell,,40429031,,R-1-16,0,2.72,0.44322721714048724
Campbell,,28809046,,R-1-6,0,7.26,0.19245194596368256
Campbell,,40625038,,R-1-10,0,4.35,0.19293345687651012
Campbell,,41211008,,MHDR,26,33,0.027427114138317547
Campbell,,40607009,,R-1-6,0,7.26,0.1459317625964439
Campbell,,27933013,,R-1-6,0,7.26,0.19551344574435414
Campbell,,30743067,,MDR,18,25,0.1796329944269156
Campbell,,30751028,,R-1-6,0,7.26,0.1420910745186664
Campbell,,28814005,,R-1-6,0,7.26,0.22566082466867374
Campbell,,28806055,,R-1-6,0,7.26,0.19124889337530812
Campbell,,30518037,,R-1-6,0,7.26,0.14673105370224354
Campbell,,28808036,,R-1-6,0,7.26,0.19659374166265695
Campbell,,41233007,,LI,0,0,0.2257203755813465
Campbell,,41206006,,CB-MU,26,33,0.036469360831238355
Campbell,,30753041,,R-1-6,0,7.26,0.13794481236487377
Campbell,,40433029,,R-1-6,0,7.26,0.24509429410444133
Campbell,,40353066,,R-1-6,0,7.26,0.1439121964863919
Campbell,,30740014,,R-1-6,0,7.26,0.1425194357937349
Campbell,,40343074,,R-1-6,0,7.26,0.13006295129171974
Campbell,,41241040,,NC,0,0,0.11907910031917401
Campbell,,40424042,,R-1-6,0,7.26,0.16871147541309128
Campbell,,30749032,,R-1-6,0,7.26,0.14375032124635936
Campbell,,41405043,,R-1-8,0,5.45,0.20890114812352167
Campbell,,40308044,,R-1-6,0,7.26,0.13775584140361238
Campbell,,28814028,,R-1-6,0,7.26,0.22726535281848684
Campbell,,42403025,,R-1-6,0,7.26,0.2248672024588638
Campbell,,28809079,,R-1-6,0,7.26,0.23979539235882516
Campbell,,41237048,,R-1-6,0,7.26,0.1926272251211598
Campbell,,28806017,,R-1-6,0,7.26,0.2294348573383724
Campbell,,40348004,,R-1-6,0,7.26,0.22638319074223795
Campbell,,40606018,,R-1-6,0,7.26,0.14450933266083937
Campbell,,27936304,,MDR,18,25,0.017561367172591318
Campbell,,40424075,,R-1-6,0,7.26,0.16667018287965948
Campbell,,41434007,,R-1-6,0,7.26,0.20066354283955695
Campbell,,30521022,,CC-MU,45,60,3.493959228860617
Campbell,,30742021,,R-1-6,0,7.26,0.1377413164379149
Campbell,,40619027,,R-1-8,0,5.45,0.19255150491672965
Campbell,,41235026,,R-1-6,0,7.26,0.14769565389928951
Campbell,,40607058,,R-1-6,0,7.26,0.14300202340278742
Campbell,,28815017,,R-1-6,0,7.26,0.15883224611088803
Campbell,,30520045,,R-1-6,0,7.26,0.16872298281840128
Campbell,,42439003,,LI,0,0,0.41608771286720436
Campbell,,41218066,,MHDR,26,33,0.02340181819317622
Campbell,,30524032,,R-1-6,0,7.26,0.15954693938617484
Campbell,,41232011,,LI,0,0,0.9648405576055445
Campbell,,40307040,,R-1-6,0,7.26,0.18420969539703896
Campbell,,30717036,,R-1-6,0,7.26,0.198363046062958
Campbell,,40601059,,R-1-6,0,7.26,0.2203875549080088
Campbell,,27939026,,R-1-6,0,7.26,0.20557680671214182
Campbell,,40613059,,R-1-6,0,7.26,0.1930179012446843
Campbell,,40613015,,R-1-6,0,7.26,0.20840666302723945
Campbell,,41404029,,R-1-8,0,5.45,0.23833382932898367
Campbell,,40601003,,OS,0,0,0.4181143559520359
Campbell,,30531038,,MDR,18,25,0.45638460642022605
Campbell,,41214023,,MHDR,26,33,0.014376397467817138
Campbell,,28809033,,R-1-6,0,7.26,0.19100825830136275
Campbell,,40348012,,R-1-6,0,7.26,0.1448899083305002
Campbell,,30524044,,R-1-6,0,7.26,0.28390086221724115
Campbell,,40426003,,R-1-10,0,4.35,0.2895727512499028
Campbell,,30538042,,MDR,18,25,0.22850294562560453
Campbell,,40606053,,R-1-6,0,7.26,0.277895382141275
Campbell,,41238028,,R-1-6,0,7.26,0.22843183811872744
Campbell,,40613065,,R-1-6,0,7.26,0.1489859855405116
Campbell,,40614024,,R-1-8,0,5.45,0.17511136248778456
Campbell,,41238013,,R-1-6,0,7.26,0.13780120859641398
Campbell,,40321095,,LMDR,8,16,0.21012689860113462
Campbell,,30528001,,PF,0,0,2.704280565694864
Campbell,,30523028,,R-1-6,0,7.26,0.18457187633589886
Campbell,,41232009,,LI,0,0,1.1877208322846398
Campbell,,40406013,,R-1-6,0,7.26,0.2385912021531582
Campbell,,42404056,,R-1-6,0,7.26,0.19486315173987853
Campbell,,40405060,,R-1-6,0,7.26,0.27104892250753126
Campbell,,40312108,,R-1-9,0,4.84,0.21365300406291293
Campbell,,30756062,,R-1-6,0,7.26,0.15471005369863178
Campbell,,41204014,,HD-MU,34,45,0.5051550874580573
Campbell,,40615010,,R-1-8,0,5.45,0.17863991425702855
Campbell,,40309086,,LMDR,8,16,0.12802357476993892
Campbell,,30718011,,R-1-6,0,7.26,0.14556572229184794
Campbell,,40623043,,R-1-10,0,4.35,0.2635262350276691
Campbell,,30754041,,R-1-6,0,7.26,0.13605780655128202
Campbell,,30756017,,R-1-6,0,7.26,0.14741910036749167
Campbell,,40616041,,NC-MU,18,25,0.19787222509318228
Campbell,,30752010,,R-1-6,0,7.26,0.1421028502608592
Campbell,,40616031,,R-1-10,0,4.35,0.21231420060847422
Campbell,,40430002,,R-1-16,0,2.72,0.3993232329456854
Campbell,,40425012,,R-1-6,0,7.26,0.19073631710953157
Campbell,,27946040,,R-1-6,0,7.26,0.14011458480697594
Campbell,,40408067,,R-1-6,0,7.26,0.13712457624255592
Campbell,,41207019,,PF,0,0,1.3397859929677844
Campbell,,27936319,,MDR,18,25,0.010324576338457037
Campbell,,27936278,,MDR,18,25,0.010323680791249323
Campbell,,41241021,,R-1-8,0,5.45,0.3520861593732847
Campbell,,27946032,,R-1-6,0,7.26,0.14504328016637405
Campbell,,41203002,,OS,0,0,2.5123039205169277
Campbell,,41234011,,LI,0,0,0.20645496434770166
Campbell,,41234016,,LI,0,0,0.34650515944127025
Campbell,,40406026,,R-1-6,0,7.26,0.28147521572558337
Campbell,,27923017,,R-1-6,0,7.26,0.22000842732939868
Campbell,,42433046,,RD,0,0,1.8426630236279358
Campbell,,40343095,,R-1-6,0,7.26,0.15738841298133638
Campbell,,40613030,,R-1-6,0,7.26,0.13751634274013702
Campbell,,41433039,,R-1-6,0,7.26,0.20698122857707846
Campbell,,27946023,,R-1-6,0,7.26,0.06312248199484138
Campbell,,28823064,,R-1-6,0,7.26,0.21869515443278292
Campbell,,30755033,,R-1-6,0,7.26,0.12681763591383616
Campbell,,40612094,,R-1-6,0,7.26,0.13504007435182433
Campbell,,42404034,,R-1-6,0,7.26,0.18850837795580852
Campbell,,40308047,,R-1-6,0,7.26,0.13773574346897136
Campbell,,27936069,,MDR,18,25,0.016413835892266377
Campbell,,41206033,,CB-MU,26,33,0.17761721050486945
Campbell,,40316105,,R-1-10,0,4.35,0.2315535350827404
Campbell,,30539029,,R-1-6,0,7.26,0.13981394912742268
Campbell,,30753052,,R-1-6,0,7.26,0.14338646658062573
Campbell,,27944018,,R-1-6,0,7.26,0.1454412805309888
Campbell,,28806016,,R-1-6,0,7.26,0.22451002009642515
Campbell,,40612001,,LMDR,8,16,0.16396417604075125
Campbell,,40601030,,R-1-6,0,7.26,0.2127269873602488
Campbell,,28815035,,R-1-6,0,7.26,0.20151365777584734
Campbell,,41209033,,CC-MU,45,60,0.19237474068355984
Campbell,,41230038,,LI,0,0,0.3046879506415387
Campbell,,40318079,,R-1-9,0,4.84,0.13747073420055075
Campbell,,42433105,,RD,0,0,4.512153059162899
Campbell,,28806004,,NC,0,0,0.28240634477054855
Campbell,,28814006,,R-1-6,0,7.26,0.22652574759870492
Campbell,,40433034,,R-1-6,0,7.26,0.14648773265208317
Campbell,,28809053,,R-1-6,0,7.26,0.1966074529136156
Campbell,,28816019,,R-1-6,0,7.26,0.23124780650199134
Campbell,,30741003,,R-1-6,0,7.26,0.14272038123978245
Campbell,,28809035,,R-1-6,0,7.26,0.18947000933168803
Campbell,,41218054,,MHDR,26,33,0.023396719495584157
Campbell,,41219007,,MHDR,26,33,0.012360739407980537
Campbell,,27930014,,R-1-6,0,7.26,0.22837441646030204
Campbell,,27921024,,R-1-6,0,7.26,0.16260939018372425
Campbell,,40425006,,R-1-6,0,7.26,0.18992422916423837
Campbell,,30756036,,R-1-6,0,7.26,0.14291862028859723
Campbell,,30752015,,R-1-6,0,7.26,0.15558945480299743
Campbell,,27913027,,R-1-6,0,7.26,0.19443878462857214
Campbell,,40602073,,R-1-6,0,7.26,0.21438234897989497
Campbell,,41207012,,R-1-6,0,7.26,0.14940744015385596
Campbell,,28813041,,R-1-6,0,7.26,0.1771091803737893
Campbell,,40426040,,R-1-10,0,4.35,0.3078385885077328
Campbell,,30531059,,MDR,18,25,0.20785670187909303
Campbell,,27936274,,MDR,18,25,0.010321198285378795
Campbell,,28817030,,R-1-6,0,7.26,0.239398224135164
Campbell,,41207046,,ROW,0,0,0.3733601932751348
Campbell,,42404084,,R-1-6,0,7.26,0.22708238878823347
Campbell,,41230030,,LI,0,0,0.3837814810285995
Campbell,,40612008,,R-1-6,0,7.26,0.13496500622390126
Campbell,,40313054,,R-1-6,0,7.26,0.15232317768957654
Campbell,,30750061,,MDR,18,25,0.5606065422519078
Campbell,,40408037,,R-1-6,0,7.26,0.14450584970542873
Campbell,,40318087,,R-1-9,0,4.84,0.1465303343903557
Campbell,,40315050,,R-1-9,0,4.84,0.23004863857063682
Campbell,,40614009,,R-1-8,0,5.45,0.17556579786986692
Campbell,,41228025,,MHDR,26,33,0.012385251705239029
Campbell,,41238001,,R-1-6,0,7.26,0.2025552082940994
Campbell,,40616076,,R-1-10,0,4.35,0.4122873650684162
Campbell,,30756060,,R-1-6,0,7.26,0.1378902109129652
Campbell,,41241028,,R-1-8,0,5.45,0.2614652195945583
Campbell,,30524057,,R-1-6,0,7.26,0.17012372785618862
Campbell,,40346005,,R-1-6,0,7.26,0.1424586425702305
Campbell,,30747040,,MDR,18,25,0.05684790913372504
Campbell,,40619055,,R-1-8,0,5.45,0.24184477895210701
Campbell,,30715063,,R-1-6,0,7.26,0.14186598236140774
Campbell,,27927059,,PO,0,0,0.1755321877601778
Campbell,,40601011,,R-1-6,0,7.26,0.22385363910556394
Campbell,,40424007,,R-1-6,0,7.26,0.15685249677890237
Campbell,,40427008,,R-1-10,0,4.35,0.30317694616975704
Campbell,,40406011,,R-1-6,0,7.26,0.25471062586730125
Campbell,,40603054,,LMDR,8,16,0.030407702947574385
Campbell,,40312104,,R-1-9,0,4.84,0.2199448868966867
Campbell,,27930033,,R-1-6,0,7.26,0.15849375877930977
Campbell,,40618013,,R-1-6,0,7.26,0.13969726078058387
Campbell,,40613081,,LMDR,8,16,0.2970258701709584
Campbell,,30715067,,R-1-6,0,7.26,0.141874644204041
Campbell,,42405036,,R-1-6,0,7.26,0.2671763403405612
Campbell,,30539019,,R-1-6,0,7.26,0.1518328583365645
Campbell,,42443034,,MDR,18,25,0.012666792522189345
Campbell,,30523079,,R-1-6,0,7.26,0.21969801605597253
Campbell,,40319133,,R-1-9,0,4.84,0.392536845003742
Campbell,,40428003,,R-1-16,0,2.72,0.2738117103141482
Campbell,,40344002,,R-1-6,0,7.26,0.13774397060802912
Campbell,,40619045,,R-1-8,0,5.45,0.24920483541578772
Campbell,,27936150,,MDR,18,25,0.010323154192275539
Campbell,,30533043,,R-1-6,0,7.26,0.2231365701831736
Campbell,,40308023,,R-1-6,0,7.26,0.14097617257258493
Campbell,,28825035,,R-1-6,0,7.26,0.202084143146842
Campbell,,40607026,,R-1-6,0,7.26,0.13800353370432952
Campbell,,30755001,,R-1-6,0,7.26,0.2415682287192074
Campbell,,30750022,,R-1-6,0,7.26,0.14368336414098137
Campbell,,30744041,,R-1-6,0,7.26,0.15630414995268854
Campbell,,28810004,,R-1-6,0,7.26,0.22303291851092497
Campbell,,30726035,,MDR,18,25,0.19830891749399862
Campbell,,41440012,,R-1-6,0,7.26,0.19720306386075814
Campbell,,40425073,,R-1-6,0,7.26,0.14457237828958575
Campbell,,27920075,,R-1-6,0,7.26,0.130856031600209
Campbell,,40424025,,R-1-6,0,7.26,0.27019530044507467
Campbell,,40315086,,R-1-9,0,4.84,0.25932147525846594
Campbell,,41239043,,R-1-8,0,5.45,0.22211567810264946
Campbell,,41440061,,R-1-6,0,7.26,0.18027470001509255
Campbell,,30751024,,MDR,18,25,0.19778796004337748
Campbell,,28819005,,R-1-6,0,7.26,0.21373225398434217
Campbell,,40426041,,R-1-10,0,4.35,0.30395699475129984
Campbell,,30756046,,R-1-6,0,7.26,0.2216594189666026
Campbell,,42405006,,R-1-6,0,7.26,0.19460010381469844
Campbell,,40344059,,R-1-6,0,7.26,0.13701986868909516
Campbell,,40310001,,R-1-6,0,7.26,0.22994367089011963
Campbell,,30520022,,R-1-6,0,7.26,0.1797374183775038
Campbell,,40308097,,R-1-6,0,7.26,0.1446271520162455
Campbell,,40406037,,R-1-6,0,7.26,0.24388784277356643
Campbell,,40308049,,R-1-6,0,7.26,0.14818818650989066
Campbell,,41229012,,HD-MU,34,45,4.904323100428785
Campbell,,40318057,,R-1-9,0,4.84,0.14449369829554543
Campbell,,28825087,,R-1-6,0,7.26,0.21392569483691493
Campbell,,28813088,,R-1-6,0,7.26,0.21713019293016825
Campbell,,30516018,,LMDR,8,16,0.026107944104189398
Campbell,,30539024,,R-1-6,0,7.26,0.1912492373509194
Campbell,,27933021,,R-1-6,0,7.26,0.15991498715672461
Campbell,,28216020,,LMDR,8,16,0.18478840686842224
Campbell,,28814017,,R-1-6,0,7.26,0.20265890346917423
Campbell,,28817022,,R-1-6,0,7.26,0.2662163744112093
Campbell,,27930036,,R-1-6,0,7.26,0.15762192820438944
Campbell,,40408007,,R-1-6,0,7.26,0.16124491490207774
Campbell,,30755010,,R-1-6,0,7.26,0.13511767676184727
Campbell,,40424036,,R-1-6,0,7.26,0.1772988770748252
Campbell,,28806039,,R-1-6,0,7.26,0.3174819634455931
Campbell,,27922026,,R-1-6,0,7.26,0.24372823224210877
Campbell,,40432053,,MDR,18,25,0.17993732355662606
Campbell,,40343066,,R-1-6,0,7.26,0.1331502550621398
Campbell,,27933015,,R-1-6,0,7.26,0.14805316959051146
Campbell,,27938004,,R-1-6,0,7.26,0.2692022858219658
Campbell,,28816020,,R-1-6,0,7.26,0.26458591330645476
Campbell,,30715030,,R-1-6,0,7.26,0.1420858902702535
Campbell,,40353076,,R-1-6,0,7.26,0.13757060866448295
Campbell,,41210038,,MHDR,26,33,0.2537923960553025
Campbell,,27936167,,MDR,18,25,0.010323154199348058
Campbell,,41237014,,R-1-8,0,5.45,0.45438187821323445
Campbell,,27936125,,MDR,18,25,0.016418165636751546
Campbell,,28808020,,NC,0,0,0.29487005558117574
Campbell,,40430066,,MDR,18,25,0.21491452781588152
Campbell,,28217014,,LMDR,8,16,0.17594674459396548
Campbell,,27946009,,R-1-6,0,7.26,0.2352771354619446
Campbell,,41241032,,R-1-8,0,5.45,0.6397815054336148
Campbell,,40429019,,R-1-10,0,4.35,0.19909350459399314
Campbell,,40341004,,MDR,18,25,0.19214130781659933
Campbell,,41209065,,CC-MU,45,60,0.31955023827966905
Campbell,,42443040,,MDR,18,25,0.012624798220936788
Campbell,,27920035,,R-1-6,0,7.26,0.13911216711555868
Campbell,,40321026,,LMDR,8,16,0.18993954506239522
Campbell,,42401122,,LI,0,0,0.28385054494526196
Campbell,,30752011,,R-1-6,0,7.26,0.1393728568131608
Campbell,,30750044,,R-1-6,0,7.26,0.15444578840592574
Campbell,,30519019,,R-1-6,0,7.26,0.1593779318570607
Campbell,,40624069,,R-1-10,0,4.35,0.23045325470755368
Campbell,,41238085,,R-1-8,0,5.45,0.22736666308012551
Campbell,,27936147,,MDR,18,25,0.010323318019944131
Campbell,,27933019,,R-1-6,0,7.26,0.16287678662286736
Campbell,,30534013,,R-1-6,0,7.26,0.27152507693654987
Campbell,,40429040,,R-1-16,0,2.72,0.31763433705675537
Campbell,,40316098,,R-1-10,0,4.35,0.2805531866716646
Campbell,,40426008,,R-1-10,0,4.35,0.2898494586176193
Campbell,,42402012,,OS,0,0,26.070400904575365
Campbell,,40619048,,R-1-8,0,5.45,0.25653548304562324
Campbell,,28814025,,R-1-6,0,7.26,0.22673561019648988
Campbell,,28812042,,R-1-6,0,7.26,0.15530688890630218
Campbell,,40408038,,R-1-6,0,7.26,0.1391665262738409
Campbell,,41218038,,MHDR,26,33,0.024877379753371596
Campbell,,30521021,,MDR,18,25,0.31598721881991726
Campbell,,40630014,,NC,0,0,0.679603185964564
Campbell,,41215027,,MHDR,26,33,0.017350173994692263
Campbell,,30535018,,R-1-6,0,7.26,0.41532092325640796
Campbell,,41218065,,MHDR,26,33,0.02340181819317622
Campbell,,40344043,,R-1-6,0,7.26,0.14430340693193575
Campbell,,40605004,,R-1-6,0,7.26,0.13806241397620625
Campbell,,40353087,,R-1-6,0,7.26,0.13752102715205677
Campbell,,27924007,,R-1-6,0,7.26,0.21813937779615716
Campbell,,40319085,,R-1-9,0,4.84,0.18738903242190505
Campbell,,30523059,,R-1-6,0,7.26,0.18725346709523186
Campbell,,30756022,,R-1-6,0,7.26,0.3171793135687307
Campbell,,40343116,,R-1-6,0,7.26,0.15980579178666274
Campbell,,27944023,,R-1-6,0,7.26,0.1482827089472693
Campbell,,28806071,,NC,0,0,0.1959999858119131
Campbell,,40319006,,R-1-9,0,4.84,0.26501743176890435
Campbell,,30756051,,R-1-6,0,7.26,0.1704257841578578
Campbell,,30747020,,MDR,18,25,0.15876993361431654
Campbell,,41238023,,R-1-6,0,7.26,0.15237948668669518
Campbell,,30749020,,R-1-6,0,7.26,0.14200902488237693
Campbell,,28809069,,R-1-6,0,7.26,0.2305814800059519
Campbell,,30749027,,R-1-6,0,7.26,0.1436781144845912
Campbell,,40607012,,R-1-6,0,7.26,0.1646986444968359
Campbell,,41438069,,R-1-6,0,7.26,0.20219267814365102
Campbell,,40307031,,R-1-6,0,7.26,1.9025097600856384
Campbell,,27940004,,R-1-6,0,7.26,0.16528987758220334
Campbell,,40313063,,R-1-6,0,7.26,0.21528810026056242
Campbell,,30707070,,R-1-6,0,7.26,0.18653021999134733
Campbell,,40353029,,R-1-6,0,7.26,0.15822152483057073
Campbell,,30708027,,R-1-6,0,7.26,0.14186745520769858
Campbell,,27923029,,R-1-6,0,7.26,0.24845823239420053
Campbell,,40425001,,R-1-6,0,7.26,0.2099169011855522
Campbell,,41205066,,R-1-6,0,7.26,0.21410798839857023
Campbell,,28215018,,LMDR,8,16,0.21054994088837004
Campbell,,30743015,,R-1-6,0,7.26,0.15317086336739796
Campbell,,40346009,,R-1-6,0,7.26,0.15655016073999334
Campbell,,28807014,,R-1-6,0,7.26,0.21875525442410548
Campbell,,30756061,,R-1-6,0,7.26,0.15936306290633392
Campbell,,40602001,,OS,0,0,0.059463952905958635
Campbell,,41402033,,R-1-8,0,5.45,0.18597583646096275
Campbell,,40406076,,R-1-6,0,7.26,0.25480554463562544
Campbell,,41228032,,MHDR,26,33,0.02431142320516113
Campbell,,40619001,,R-1-8,0,5.45,0.2138333530416721
Campbell,,27934014,,R-1-6,0,7.26,0.16897570654227734
Campbell,,41235031,,R-1-6,0,7.26,0.14114854918473452
Campbell,,40602038,,R-1-6,0,7.26,0.24758004606053102
Campbell,,41237037,,R-1-6,0,7.26,0.17931069388345527
Campbell,,40432032,,R-1-6,0,7.26,0.1383116606364309
Campbell,,28808037,,R-1-6,0,7.26,0.2063977080244566
Campbell,,27930047,,GC,0,0,0.30860464110169245
Campbell,,40636023,,LMDR,8,16,0.019571358446815134
Campbell,,40313064,,R-1-6,0,7.26,0.14347257433503255
Campbell,,40318055,,R-1-9,0,4.84,0.3305936485233789
Campbell,,41443005,,MHDR,26,33,0.016444541190128142
Campbell,,30519010,,R-1-6,0,7.26,0.1748223563506497
Campbell,,40623005,,R-1-8,0,5.45,0.2569792973124322
Campbell,,40343005,,R-1-6,0,7.26,0.17532195039510623
Campbell,,41237029,,R-1-6,0,7.26,0.16168846904411247
Campbell,,40605025,,R-1-6,0,7.26,0.15910818151354486
Campbell,,30717047,,R-1-6,0,7.26,0.14463871114983387
Campbell,,28216021,,LMDR,8,16,0.16505091964304092
Campbell,,30752006,,R-1-6,0,7.26,0.14606896944823297
Campbell,,41440062,,R-1-6,0,7.26,0.21649452959853066
Campbell,,40432027,,R-1-6,0,7.26,0.14325387010278248
Campbell,,40432054,,MDR,18,25,0.18540614431473285
Campbell,,40624072,,R-1-10,0,4.35,0.23178333692099712
Campbell,,30747029,,MDR,18,25,1.0901642973168426
Campbell,,40308123,,R-1-6,0,7.26,0.43515550486915927
Campbell,,40312090,,R-1-9,0,4.84,0.3244877650459391
Campbell,,30524046,,R-1-6,0,7.26,0.1969344110884928
Campbell,,41233009,,LI,0,0,0.4208395783509381
Campbell,,41211035,,MHDR,26,33,0.0253328557228871
Campbell,,40353043,,R-1-6,0,7.26,0.15185411420887043
Campbell,,30717004,,R-1-6,0,7.26,0.14052546156182164
Campbell,,28818007,,R-1-6,0,7.26,0.3081993729227448
Campbell,,28814026,,R-1-6,0,7.26,0.22691758592441305
Campbell,,30714033,,R-1-6,0,7.26,0.15093207770335987
Campbell,,40308088,,R-1-6,0,7.26,0.14818615278300987
Campbell,,28806024,,R-1-6,0,7.26,0.2328394768908189
Campbell,,28824050,,PO,0,0,0.21491324606820914
Campbell,,28825077,,R-1-6,0,7.26,0.21029394395276577
Campbell,,40619011,,R-1-8,0,5.45,0.25761819149913345
Campbell,,41440011,,R-1-6,0,7.26,0.2468472622707758
Campbell,,40424024,,R-1-6,0,7.26,0.1819949206844936
Campbell,,42443009,,MDR,18,25,0.012669349154209412
Campbell,,40313072,,R-1-6,0,7.26,0.145525490371969
Campbell,,27927046,,PO,0,0,0.1780104796234983
Campbell,,27937055,,R-1-6,0,7.26,0.18313062756494008
Campbell,,40318060,,R-1-9,0,4.84,0.20013871427701202
Campbell,,42404029,,R-1-6,0,7.26,0.18850313561212412
Campbell,,30748032,,R-1-6,0,7.26,0.15936448517384702
Campbell,,30727086,,LMDR,8,16,0.1766120713203427
Campbell,,30528014,,PF,0,0,1.2452369261848362
Campbell,,28806048,,R-1-6,0,7.26,0.1959312786132016
Campbell,,41441029,,MHDR,26,33,0.13756579329135019
Campbell,,40625004,,R-1-10,0,4.35,0.3081925724437466
Campbell,,30715041,,R-1-6,0,7.26,0.14188889003141947
Campbell,,28810043,,R-1-6,0,7.26,0.22899173472241022
Campbell,,30753013,,R-1-6,0,7.26,0.1579345732171902
Campbell,,41201018,,ROW,0,0,1.3475510251382254
Campbell,,28818001,,R-1-6,0,7.26,0.22121155047013868
Campbell,,27946035,,R-1-6,0,7.26,0.145034419539878
Campbell,,40310099,,R-1-6,0,7.26,0.32317145481294923
Campbell,,30750037,,R-1-6,0,7.26,0.13360348807061126
Campbell,,40348002,,R-1-6,0,7.26,0.23955373114056486
Campbell,,28825034,,R-1-6,0,7.26,0.20984240372843962
Campbell,,30743056,,R-1-6,0,7.26,0.15448428790599816
Campbell,,40605053,,R-1-6,0,7.26,0.136742848081935
Campbell,,40336079,,MDR,18,25,0.192096481211266
Campbell,,41239017,,R-1-8,0,5.45,0.2359260278531523
Campbell,,41402004,,R-1-8,0,5.45,0.20979392646474318
Campbell,,30518013,,R-1-6,0,7.26,0.24360176800282637
Campbell,,28812002,,R-1-6,0,7.26,0.15905225472774417
Campbell,,41233020,,LI,0,0,0.4307741734479699
Campbell,,40612102,,R-1-6,0,7.26,0.20225779604817878
Campbell,,40424055,,R-1-6,0,7.26,0.14866718051862904
Campbell,,40426019,,R-1-6,0,7.26,0.14068900622433989
Campbell,,40429015,,R-1-10,0,4.35,0.1963555385853603
Campbell,,30743045,,R-1-6,0,7.26,0.1504066324550627
Campbell,,40342002,,R-1-6,0,7.26,0.19380305945353615
Campbell,,27939056,,R-1-6,0,7.26,0.19216146767848247
Campbell,,40613025,,R-1-6,0,7.26,0.139003724263503
Campbell,,28810020,,R-1-6,0,7.26,0.19481886256066436
Campbell,,40309019,,R-1-6,0,7.26,0.22518782661758963
Campbell,,30747025,,MDR,18,25,0.18454449664321493
Campbell,,40604035,,R-1-6,0,7.26,0.1445120844282581
Campbell,,40312081,,R-1-9,0,4.84,0.14407068276217116
Campbell,,40601045,,R-1-6,0,7.26,0.22553492036673553
Campbell,,40622032,,R-1-10,0,4.35,0.43790356772861216
Campbell,,30715052,,R-1-6,0,7.26,0.14753409566813025
Campbell,,40609020,,GC,0,0,0.3731827162439872
Campbell,,30524019,,R-1-6,0,7.26,0.23233463026558326
Campbell,,27923001,,R-1-6,0,7.26,0.24688156912114825
Campbell,,40622034,,R-1-10,0,4.35,0.4323503670593928
Campbell,,41238072,,R-1-6,0,7.26,0.22081373331920293
Campbell,,41433032,,R-1-6,0,7.26,0.19982959521741342
Campbell,,40636013,,LMDR,8,16,0.01698389031441908
Campbell,,40402039,,MDR,18,25,0.19268681112872724
Campbell,,41435031,,LMDR,8,16,0.017916963173954102
Campbell,,30545019,,MDR,18,25,0.01842725512902749
Campbell,,41230003,,MHDR,26,33,0.19180796370546566
Campbell,,28806027,,R-1-6,0,7.26,0.1904449648397492
Campbell,,41433043,,R-1-6,0,7.26,0.29012287408898263
Campbell,,41433007,,R-1-6,0,7.26,0.3372283168309882
Campbell,,40613032,,R-1-6,0,7.26,0.14091171801843258
Campbell,,40314015,,R-1-9,0,4.84,0.3365678679901462
Campbell,,28825018,,PO,0,0,0.40129134158185803
Campbell,,30751003,,R-1-6,0,7.26,0.24560519129727626
Campbell,,28813077,,R-1-6,0,7.26,0.1643248211451308
Campbell,,40424037,,R-1-6,0,7.26,0.157812941251287
Campbell,,40309006,,R-1-6,0,7.26,0.3117895220261516
Campbell,,28824017,,R-1-6,0,7.26,0.2010977272450011
Campbell,,27939053,,R-1-6,0,7.26,0.1923961575618
Campbell,,30750024,,R-1-6,0,7.26,0.17942873253468644
Campbell,,40408031,,R-1-6,0,7.26,0.16577827520524546
Campbell,,40318108,,R-1-9,0,4.84,0.22286348658807117
Campbell,,28819049,,R-1-6,0,7.26,0.2784141799252013
Campbell,,41238009,,R-1-6,0,7.26,0.14363835754974505
Campbell,,42402010,,OS,0,0,0.970855748614833
Campbell,,28824049,,PO,0,0,0.26225034869806557
Campbell,,30742029,,R-1-6,0,7.26,0.1522623362811155
Campbell,,40604018,,R-1-6,0,7.26,0.26127584611187077
Campbell,,40601009,,R-1-6,0,7.26,0.22385799750706592
Campbell,,30715006,,R-1-6,0,7.26,0.1481123396147678
Campbell,,41237032,,R-1-6,0,7.26,0.19104692560935563
Campbell,,27923054,,R-1-6,0,7.26,0.2116273061404606
Campbell,,30748016,,LMDR,8,16,0.16326802893092154
Campbell,,30740028,,LMDR,8,16,0.16272803149501439
Campbell,,40601018,,R-1-6,0,7.26,0.13675636176273756
Campbell,,40606091,,R-1-6,0,7.26,0.16273325006720607
Campbell,,28813079,,LMDR,8,16,0.16428860470352474
Campbell,,40619050,,R-1-8,0,5.45,0.2678893203279901
Campbell,,41433021,,R-1-6,0,7.26,0.19230800975173065
Campbell,,40401036,,HD-MU,34,45,0.5882657769612469
Campbell,,41219009,,MHDR,26,33,0.011295518601261448
Campbell,,40618054,,R-1-8,0,5.45,0.19286785738842105
Campbell,,40430004,,R-1-16,0,2.72,0.44067473426467
Campbell,,40612096,,R-1-6,0,7.26,0.14722509011398713
Campbell,,30753071,,R-1-6,0,7.26,0.17307639971659108
Campbell,,40622013,,R-1-10,0,4.35,0.3122083996690002
Campbell,,40625005,,R-1-10,0,4.35,0.3111035862954175
Campbell,,41218047,,MHDR,26,33,0.023270819774094478
Campbell,,30523088,,R-1-6,0,7.26,0.18944378851104074
Campbell,,40424062,,R-1-6,0,7.26,0.14707755671251407
Campbell,,40612022,,R-1-6,0,7.26,0.1527275428615992
Campbell,,30520031,,R-1-6,0,7.26,0.16878415577846806
Campbell,,40430043,,R-1-10,0,4.35,0.23482676269242636
Campbell,,40432047,,R-1-6,0,7.26,0.1446262914018954
Campbell,,28809072,,R-1-6,0,7.26,0.2576948620623609
Campbell,,40616052,,R-1-10,0,4.35,0.16324057697942515
Campbell,,27937026,,R-1-6,0,7.26,0.1542771576628776
Campbell,,28804029,,GC,0,0,2.472727338654882
Campbell,,27920057,,R-1-6,0,7.26,0.1415196014738276
Campbell,,27936066,,MDR,18,25,0.010323455303407248
Campbell,,40624073,,R-1-10,0,4.35,0.24333373578533501
Campbell,,30523027,,R-1-6,0,7.26,0.2748893981718902
Campbell,,28812014,,R-1-6,0,7.26,0.1921366133153577
Campbell,,30717025,,R-1-6,0,7.26,0.17882012742869013
Campbell,,40343037,,R-1-6,0,7.26,0.1349868415757433
Campbell,,41434040,,R-1-6,0,7.26,0.2885187035188779
Campbell,,40616044,,R-1-10,0,4.35,0.16207059287555617
Campbell,,40433051,,R-1-6,0,7.26,0.24262968532767493
Campbell,,30523009,,R-1-6,0,7.26,0.2232520116327016
Campbell,,41239024,,R-1-8,0,5.45,0.24108610678303907
Campbell,,41230009,,MHDR,26,33,0.17926394475483076
Campbell,,40617026,,R-1-6,0,7.26,0.14733089687373313
Campbell,,40336060,,MDR,18,25,0.20512468188636837
Campbell,,41214021,,MHDR,26,33,0.016778594942976923
Campbell,,40343040,,R-1-6,0,7.26,0.15764906384444408
Campbell,,41240006,,R-1-8,0,5.45,0.3013079583810959
Campbell,,40318015,,R-1-9,0,4.84,0.40181493043459
Campbell,,41232005,,LI,0,0,0.16403535795232793
Campbell,,28815049,,R-1-6,0,7.26,0.16530307037161338
Campbell,,28819045,,R-1-6,0,7.26,0.1938988358401876
Campbell,,40310018,,R-1-6,0,7.26,0.37382434100017586
Campbell,,28814041,,R-1-6,0,7.26,0.22660731860026187
Campbell,,27930031,,R-1-6,0,7.26,0.16040879853598708
Campbell,,42406114,,ROW,0,0,1.8873328210293925
Campbell,,40604033,,R-1-6,0,7.26,0.14738266897371818
Campbell,,40313132,,R-1-9,0,4.84,0.21799340642936768
Campbell,,40344061,,R-1-6,0,7.26,0.1541667167525153
Campbell,,41211063,,GC-MU,26,33,1.6934586044302995
Campbell,,28813062,,R-1-6,0,7.26,0.17181197474641044
Campbell,,40612023,,R-1-6,0,7.26,0.1565406651306729
Campbell,,27930043,,MHDR,26,33,6.492765253997391
Campbell,,41241025,,R-1-8,0,5.45,0.46352294028915264
Campbell,,28810064,,R-1-6,0,7.26,0.16428970895744646
Campbell,,27933014,,R-1-6,0,7.26,0.15995392620695897
Campbell,,41238071,,R-1-6,0,7.26,0.19680461030536064
Campbell,,40602067,,R-1-6,0,7.26,0.1337044605245373
Campbell,,40308032,,R-1-6,0,7.26,0.17227530722688938
Campbell,,40601002,,OS,0,0,0.05996278187900324
Campbell,,40353045,,R-1-6,0,7.26,0.15189177866062623
Campbell,,40624046,,R-1-10,0,4.35,0.28243429746220977
Campbell,,40313061,,R-1-6,0,7.26,0.31320248725582017
Campbell,,28217016,,R-1-6,0,7.26,0.15442017389732265
Campbell,,28812069,,R-1-6,0,7.26,0.1702473463352151
Campbell,,28224008,,GC,0,0,0.9981256455232631
Campbell,,40618012,,R-1-6,0,7.26,0.14437862609815003
Campbell,,40618056,,R-1-8,0,5.45,0.1928481813850053
Campbell,,42443002,,MDR,18,25,0.012626920414282062
Campbell,,40423029,,R-1-6,0,7.26,0.15457852596088054
Campbell,,40312006,,R-1-9,0,4.84,0.2076224402958526
Campbell,,40432034,,R-1-6,0,7.26,0.1377889049412583
Campbell,,30504027,,R-1-6,0,7.26,0.20820618363584212
Campbell,,28807034,,NC,0,0,0.668339562699494
Campbell,,41237049,,R-1-6,0,7.26,0.19951821661842142
Campbell,,30537014,,MDR,18,25,0.19548728799852857
Campbell,,28813012,,R-1-6,0,7.26,0.17554119089142542
Campbell,,30753029,,R-1-6,0,7.26,0.17758001800630244
Campbell,,40613054,,LMDR,8,16,0.16627760658844193
Campbell,,40406017,,R-1-6,0,7.26,0.23836948923291462
Campbell,,30519070,,R-1-6,0,7.26,0.23767303440625798
Campbell,,27929026,,R-1-6,0,7.26,0.19472038688310817
Campbell,,40612077,,R-1-6,0,7.26,0.1326580382862285
Campbell,,30743009,,R-1-6,0,7.26,0.1640569135793365
Campbell,,40619041,,R-1-8,0,5.45,0.05994294479872313
Campbell,,40315084,,R-1-9,0,4.84,0.18367673295847875
Campbell,,28808079,,HD-MU,34,45,0.3265420304610563
Campbell,,30533070,,R-1-6,0,7.26,0.2533893635107932
Campbell,,40604009,,R-1-6,0,7.26,0.1282751969839397
Campbell,,40428013,,R-1-10,0,4.35,0.27710144155127137
Campbell,,30707064,,R-1-6,0,7.26,0.1707822368002935
Campbell,,40308022,,R-1-6,0,7.26,0.1377236892789683
Campbell,,30727081,,LMDR,8,16,0.18030914784321198
Campbell,,40422040,,R-1-6,0,7.26,0.1686373669984234
Campbell,,41237075,,R-1-8,0,5.45,0.1963218384543208
Campbell,,40620031,,R-1-10,0,4.35,0.2549877686815135
Campbell,,40431026,,MDR,18,25,0.2048993813933297
Campbell,,41405045,,R-1-8,0,5.45,0.21156754570784925
Campbell,,40319093,,R-1-9,0,4.84,0.22912461584786095
Campbell,,41435007,,LMDR,8,16,0.026379343710584122
Campbell,,40618059,,R-1-8,0,5.45,0.19563409828492404
Campbell,,41231013,,LI,0,0,0.5677678269292767
Campbell,,40316084,,R-1-10,0,4.35,0.15168200879996258
Campbell,,30503056,,R-1-6,0,7.26,0.233914699666419
Campbell,,40308056,,R-1-6,0,7.26,0.1373388779013048
Campbell,,40604050,,R-1-6,0,7.26,0.16132091437656212
Campbell,,41401012,,R-1-8,0,5.45,0.2758523397375041
Campbell,,40348077,,R-1-6,0,7.26,0.14419347498017274
Campbell,,30743070,,MDR,18,25,0.1796270898849669
Campbell,,40621009,,NC,0,0,0.20802804900018113
Campbell,,40313038,,R-1-9,0,4.84,0.2349027738734847
Campbell,,41241036,,NC,0,0,0.28136611066283157
Campbell,,41204071,,R-1-6,0,7.26,0.12349506319007182
Campbell,,40624061,,R-1-10,0,4.35,0.27212582807405666
Campbell,,27923022,,R-1-6,0,7.26,0.24066802111502822
Campbell,,40422033,,R-1-6,0,7.26,0.14923599121150333
Campbell,,30732010,,LMDR,8,16,0.2218435645274146
Campbell,,40624031,,R-1-10,0,4.35,0.2925132863956552
Campbell,,30747003,,MDR,18,25,0.18535629319778416
Campbell,,30536005,,TO-MU,57,75,0.6980395842841091
Campbell,,40424016,,R-1-6,0,7.26,0.14463824381526433
Campbell,,42404007,,R-1-6,0,7.26,0.20864295971633184
Campbell,,30748029,,R-1-6,0,7.26,0.14352716163545698
Campbell,,30538058,,MDR,18,25,0.18578371498928672
Campbell,,41240016,,R-1-8,0,5.45,0.2870679496241928
Campbell,,40620032,,R-1-10,0,4.35,0.23999927185853023
Campbell,,40343025,,R-1-6,0,7.26,0.13774524941390756
Campbell,,40406054,,R-1-6,0,7.26,0.250778504362151
Campbell,,40310120,,R-1-6,0,7.26,0.21562156712290223
Campbell,,40406020,,R-1-6,0,7.26,0.2381864616183625
Campbell,,40348029,,R-1-6,0,7.26,0.19312268751668887
Campbell,,40408035,,R-1-6,0,7.26,0.1454364634727447
Campbell,,40603013,,R-1-6,0,7.26,0.1481641517377637
Campbell,,30538008,,MDR,18,25,0.2333060270866249
Campbell,,40407031,,R-1-6,0,7.26,0.2711933814966848
Campbell,,40426051,,R-1-10,0,4.35,0.275629758472845
Campbell,,41209003,,CC-MU,45,60,0.21157448736063875
Campbell,,30752036,,R-1-6,0,7.26,0.14116578725378295
Campbell,,28824039,,R-1-6,0,7.26,0.23693625004681396
Campbell,,27929006,,LMDR,8,16,0.18040140556790565
Campbell,,41402029,,R-1-8,0,5.45,0.18412887941146316
Campbell,,40614045,,R-1-8,0,5.45,0.23776522356984886
Campbell,,40308048,,R-1-6,0,7.26,0.13773649063616858
Campbell,,40426022,,R-1-6,0,7.26,0.14541699775633304
Campbell,,41232010,,LI,0,0,1.5061855136958688
Campbell,,40431044,,MDR,18,25,0.18399483388321716
Campbell,,40317051,,OS,0,0,4.22641802990622
Campbell,,28824025,,R-1-6,0,7.26,0.19739407839107473
Campbell,,27936028,,MDR,18,25,0.017559998970381203
Campbell,,40348055,,R-1-6,0,7.26,0.1680321544133581
Campbell,,41434027,,R-1-6,0,7.26,0.24865578274956457
Campbell,,40601032,,R-1-6,0,7.26,0.15306737600115664
Campbell,,27940041,,R-1-6,0,7.26,0.16210196417038295
Campbell,,41239053,,R-1-8,0,5.45,0.22675301880779303
Campbell,,27926037,,R-1-6,0,7.26,0.20543041945987303
Campbell,,40606032,,R-1-6,0,7.26,0.33588637035065216
Campbell,,40343013,,R-1-6,0,7.26,0.13497707179835589
Campbell,,41204069,,R-1-6,0,7.26,0.1675463263065033
Campbell,,30534038,,R-1-6,0,7.26,0.25331046553518033
Campbell,,30538022,,MDR,18,25,0.18850078748491442
Campbell,,30747021,,MDR,18,25,0.15940741727851576
Campbell,,40601016,,R-1-6,0,7.26,0.13943410040001517
Campbell,,30718053,,R-1-6,0,7.26,0.1528912662457805
Campbell,,40343080,,R-1-6,0,7.26,0.1435148787883356
Campbell,,40317028,,R-1-9,0,4.84,0.20291734309584533
Campbell,,30756003,,R-1-6,0,7.26,0.13322850773977873
Campbell,,40316039,,R-1-10,0,4.35,0.25660354578101824
Campbell,,30715045,,R-1-6,0,7.26,0.17424220548972275
Campbell,,30749034,,R-1-6,0,7.26,0.19519066535855675
Campbell,,41231010,,LI,0,0,0.22342376703830197
Campbell,,40348053,,R-1-6,0,7.26,0.14686893431445427
Campbell,,27938017,,MDR,18,25,0.8034712647398536
Campbell,,40406034,,R-1-6,0,7.26,0.2592711958879131
Campbell,,40606029,,R-1-6,0,7.26,0.23082551181957997
Campbell,,40612100,,R-1-6,0,7.26,0.14524881043768037
Campbell,,30530013,,R-1-6,0,7.26,0.1993840848688957
Campbell,,28825037,,R-1-6,0,7.26,0.1753982900180722
Campbell,,40430020,,R-1-10,0,4.35,0.1446258736758456
Campbell,,28814024,,R-1-6,0,7.26,0.21709913764303504
Campbell,,30530020,,R-1-6,0,7.26,0.21157116503510726
Campbell,,30531028,,MDR,18,25,0.2116844295635952
Campbell,,28806026,,R-1-6,0,7.26,0.21764995313331686
Campbell,,30534037,,R-1-6,0,7.26,0.28498179764136206
Campbell,,40619020,,R-1-8,0,5.45,0.19339980070133944
Campbell,,40601062,,R-1-6,0,7.26,0.20926275615660378
Campbell,,41228031,,MHDR,26,33,0.02431142320516113
Campbell,,41238052,,R-1-6,0,7.26,0.19484540001319725
Campbell,,40619008,,R-1-8,0,5.45,0.19640284326618757
Campbell,,27940008,,R-1-6,0,7.26,0.1433381588970716
Campbell,,41240021,,R-1-8,0,5.45,0.22959238328921372
Campbell,,28814004,,R-1-6,0,7.26,0.2008921164136351
Campbell,,30756067,,ROW,0,0,0.4344085433608563
Campbell,,42433101,,RD,0,0,1.9310222601703135
Campbell,,30522022,,R-1-6,0,7.26,0.17223670711754993
Campbell,,30752049,,R-1-6,0,7.26,0.14349215766081488
Campbell,,41433015,,R-1-6,0,7.26,0.19938590050127186
Campbell,,41211050,,MHDR,26,33,0.02664050295718965
Campbell,,30533038,,R-1-6,0,7.26,0.1983620319893849
Campbell,,42443041,,MDR,18,25,0.012624530346604254
Campbell,,40343079,,R-1-6,0,7.26,0.1386209044030389
Campbell,,41433051,,R-1-6,0,7.26,0.19473650113260957
Campbell,,30531013,,R-1-6,0,7.26,0.22072671313735948
Campbell,,40316107,,R-1-10,0,4.35,0.32421632103031883
Campbell,,40310138,,R-1-6,0,7.26,0.18477280128838955
Campbell,,30752029,,R-1-6,0,7.26,0.1383632970034493
Campbell,,41237065,,R-1-6,0,7.26,0.14978513496127485
Campbell,,30755028,,R-1-6,0,7.26,0.18436422573469402
Campbell,,40424073,,R-1-6,0,7.26,0.15137236300248433
Campbell,,30755044,,R-1-6,0,7.26,0.13624503840132915
Campbell,,40606057,,R-1-6,0,7.26,0.2778580056500642
Campbell,,40308092,,R-1-6,0,7.26,0.13777017694672694
Campbell,,30545015,,MDR,18,25,0.01843188966253799
Campbell,,41229015,,HD-MU,34,45,3.753498716210773
Campbell,,28809050,,R-1-6,0,7.26,0.19141360203081217
Campbell,,30743035,,R-1-6,0,7.26,0.1601930587870549
Campbell,,42404038,,R-1-6,0,7.26,0.193190633267091
Campbell,,30537034,,MDR,18,25,0.19948684570161418
Campbell,,40609023,,R-1-8,0,5.45,0.18659467076969694
Campbell,,30748042,,R-1-6,0,7.26,0.1403503760720901
Campbell,,41239016,,R-1-8,0,5.45,0.211947764205639
Campbell,,40604054,,R-1-6,0,7.26,0.16866378786817285
Campbell,,30537020,,MDR,18,25,0.2108099485484383
Campbell,,40613057,,R-1-6,0,7.26,0.13372101458295904
Campbell,,40609019,,GC,0,0,0.44970855627756035
Campbell,,40424063,,R-1-6,0,7.26,0.1470500589225889
Campbell,,30750083,,CC-MU,45,60,9.304955619662307
Campbell,,41402036,,R-1-8,0,5.45,0.185958231053626
Campbell,,41237058,,R-1-6,0,7.26,0.17391528050800273
Campbell,,40624002,,R-1-10,0,4.35,0.2507256091831877
Campbell,,28812010,,R-1-6,0,7.26,0.15430264035032545
Campbell,,41441001,,MHDR,26,33,0.13450381481988394
Campbell,,41219003,,MHDR,26,33,0.011762091751330583
Campbell,,41206077,,CB-MU,26,33,0.011279205163339549
Campbell,,28812065,,R-1-6,0,7.26,0.17586344613516922
Campbell,,40314056,,R-1-9,0,4.84,0.25776592491048356
Campbell,,27936061,,MDR,18,25,0.01641801235112766
Campbell,,42404054,,R-1-6,0,7.26,0.19405447950327093
Campbell,,30554007,,MDR,18,25,0.012730945361100109
Campbell,,28812006,,R-1-6,0,7.26,0.15402478916467924
Campbell,,28805023,,R-1-6,0,7.26,0.19076159405577256
Campbell,,27936219,,MDR,18,25,0.010322369142109296
Campbell,,27930008,,R-1-6,0,7.26,0.2280644280879513
Campbell,,30524006,,R-1-6,0,7.26,0.23145025074365688
Campbell,,30533046,,R-1-6,0,7.26,0.16500805591491766
Campbell,,41207013,,R-1-6,0,7.26,0.14951824960026144
Campbell,,40607019,,R-1-6,0,7.26,0.13330114691875297
Campbell,,27936113,,MDR,18,25,0.016412844732974118
Campbell,,40309033,,R-1-6,0,7.26,0.2216733740643728
Campbell,,30521018,,MDR,18,25,0.19001203433697533
Campbell,,28813095,,MHD-MU,26,33,2.7607146343173574
Campbell,,41239035,,R-1-8,0,5.45,0.256882485041919
Campbell,,27927021,,R-1-6,0,7.26,0.18486986438185157
Campbell,,30523030,,R-1-6,0,7.26,0.19212818699126027
Campbell,,27921031,,R-1-6,0,7.26,0.17247876425372755
Campbell,,40433055,,R-1-6,0,7.26,0.14465084440071704
Campbell,,40312082,,R-1-9,0,4.84,0.14081810153856347
Campbell,,42405001,,R-1-6,0,7.26,0.2153844743101968
Campbell,,28817011,,R-1-6,0,7.26,0.26724654781518936
Campbell,,28814013,,R-1-6,0,7.26,0.19575181911233622
Campbell,,40422037,,R-1-6,0,7.26,0.15006776021106533
Campbell,,30753058,,R-1-6,0,7.26,0.1509928083944631
Campbell,,41441051,,MHDR,26,33,0.07832302024172541
Campbell,,40343002,,R-1-6,0,7.26,0.12391906998103787
Campbell,,41232024,,LI,0,0,0.6111923543971323
Campbell,,41444025,,R-1-6,0,7.26,0.16636999020736917
Campbell,,40607043,,R-1-6,0,7.26,0.1334285383086227
Campbell,,30518008,,R-1-6,0,7.26,0.24056728603916616
Campbell,,40606087,,R-1-6,0,7.26,0.1622227073902176
Campbell,,41401027,,NC,0,0,0.32367432592599754
Campbell,,30523070,,R-1-6,0,7.26,0.1721436407787297
Campbell,,28809056,,NC,0,0,0.28025193813768706
Campbell,,30545003,,MDR,18,25,0.018427433385921253
Campbell,,27920034,,R-1-6,0,7.26,0.1391282296934886
Campbell,,40605043,,R-1-6,0,7.26,0.1424748625248028
Campbell,,30522012,,R-1-6,0,7.26,0.1379112180456362
Campbell,,40636022,,LMDR,8,16,0.016799249679297964
Campbell,,40603051,,LMDR,8,16,0.04124215001258697
Campbell,,40342043,,R-1-6,0,7.26,0.1390467565838541
Campbell,,41448057,,LMDR,8,16,0.44772880706278473
Campbell,,30538030,,MDR,18,25,0.5290455955674361
Campbell,,40313096,,R-1-6,0,7.26,0.16837478752241938
Campbell,,41402007,,R-1-8,0,5.45,0.2061244733887938
Campbell,,28806001,,NC,0,0,0.38205025149054916
Campbell,,30748008,,R-1-6,0,7.26,0.1540163228621906
Campbell,,28813060,,R-1-6,0,7.26,0.17238815414070677
Campbell,,40613018,,R-1-6,0,7.26,0.1487257483146055
Campbell,,41444011,,R-1-6,0,7.26,0.3236784577532211
Campbell,,40605039,,R-1-6,0,7.26,0.13373018380728735
Campbell,,30742003,,R-1-6,0,7.26,0.14200303455085775
Campbell,,27923025,,R-1-6,0,7.26,0.24142235732403203
Campbell,,41433022,,R-1-6,0,7.26,0.19185411794356091
Campbell,,41401006,,R-1-8,0,5.45,0.20442290946601688
Campbell,,28819019,,R-1-6,0,7.26,0.2543675053494446
Campbell,,40344014,,R-1-6,0,7.26,0.13499220065014317
Campbell,,28813002,,R-1-6,0,7.26,0.20222575118372657
Campbell,,40319129,,R-1-9,0,4.84,0.2762019242567064
Campbell,,28814021,,R-1-6,0,7.26,0.22599661989381495
Campbell,,40424065,,R-1-6,0,7.26,0.1455695820533875
Campbell,,41206036,,CB-MU,26,33,0.07089990124532086
Campbell,,40432045,,R-1-6,0,7.26,0.14004777377071417
Campbell,,41218006,,MHDR,26,33,0.023403440216022774
Campbell,,40606064,,R-1-6,0,7.26,0.22672271508444553
Campbell,,40618036,,R-1-6,0,7.26,0.1630412108805767
Campbell,,40432048,,R-1-6,0,7.26,0.1518345035007638
Campbell,,28806047,,R-1-6,0,7.26,0.17273306119550447
Campbell,,40618007,,R-1-6,0,7.26,0.13628111334555976
Campbell,,40615022,,R-1-8,0,5.45,0.18492483720516065
Campbell,,27924005,,R-1-6,0,7.26,0.2091312923215178
Campbell,,40313137,,R-1-6,0,7.26,0.1560899270989439
Campbell,,27936103,,MDR,18,25,0.010319425009845819
Campbell,,28808042,,R-1-6,0,7.26,0.19766273178352156
Campbell,,28216022,,LMDR,8,16,0.16556420953119935
Campbell,,42404045,,R-1-6,0,7.26,0.20434894707909312
Campbell,,28814035,,R-1-6,0,7.26,0.2609714122870273
Campbell,,30718054,,R-1-6,0,7.26,0.1471079162420954
Campbell,,30516004,,LMDR,8,16,0.02880650408877198
Campbell,,28807007,,R-1-6,0,7.26,0.23128365354309352
Campbell,,40313076,,R-1-6,0,7.26,0.14817762226153647
Campbell,,30717024,,R-1-6,0,7.26,0.18209093566518517
Campbell,,41202035,,PF,0,0,3.9183557932994835
Campbell,,27940042,,R-1-6,0,7.26,0.23670530496266382
Campbell,,40603046,,LMDR,8,16,0.2962409177655578
Campbell,,28815033,,R-1-6,0,7.26,0.20187260769066276
Campbell,,41228045,,MHDR,26,33,0.01980647476813289
Campbell,,30751032,,R-1-6,0,7.26,0.17063544938649017
Campbell,,30740007,,R-1-6,0,7.26,0.1424198830403743
Campbell,,30531031,,MDR,18,25,0.19003238334748376
Campbell,,30755030,,R-1-6,0,7.26,0.18168381847992832
Campbell,,30748022,,R-1-6,0,7.26,0.14232117913949785
Campbell,,40612002,,LMDR,8,16,0.16256102426567837
Campbell,,28807023,,R-1-6,0,7.26,0.25972456842319
Campbell,,30749042,,R-1-6,0,7.26,0.14031010780614117
Campbell,,30519062,,R-1-6,0,7.26,0.24975714923581194
Campbell,,30521003,,CC-MU,45,60,1.21257690264276
Campbell,,40623007,,R-1-8,0,5.45,0.22627394014800115
Campbell,,41401046,,R-1-8,0,5.45,0.2246492913484484
Campbell,,27936127,,MDR,18,25,0.010327366740731042
Campbell,,40615018,,R-1-8,0,5.45,0.1944854467045367
Campbell,,40313135,,R-1-9,0,4.84,0.22171755306516144
Campbell,,27936196,,MDR,18,25,0.017561445122645066
Campbell,,40424014,,R-1-6,0,7.26,0.15344596080653072
Campbell,,30518025,,R-1-6,0,7.26,0.15292455954942857
Campbell,,40604022,,R-1-6,0,7.26,0.1873656530879491
Campbell,,28815085,,R-1-6,0,7.26,0.19910416460613345
Campbell,,30748028,,R-1-6,0,7.26,0.14390481503804442
Campbell,,41211055,,MHDR,26,33,0.026496944963321712
Campbell,,41218058,,MHDR,26,33,0.023277386311085346
Campbell,,30748033,,R-1-6,0,7.26,0.2109984306364061
Campbell,,40308039,,R-1-6,0,7.26,0.14277474430099368
Campbell,,30550013,,MDR,18,25,0.019498604475551986
Campbell,,41441037,,MHDR,26,33,0.13756579329135019
Campbell,,40318035,,R-1-9,0,4.84,0.1694014667154119
Campbell,,28817015,,R-1-6,0,7.26,0.2756775701288066
Campbell,,30752035,,R-1-6,0,7.26,0.14415115754838342
Campbell,,40353095,,R-1-6,0,7.26,0.1525302811968026
Campbell,,42443062,,MDR,18,25,0.012121604636548993
Campbell,,40313103,,R-1-9,0,4.84,0.16984408544613988
Campbell,,41435045,,LMDR,8,16,0.018714403562965904
Campbell,,40302053,,NC,0,0,1.568530148298387
Campbell,,30716015,,NC,0,0,2.909181766812815
Campbell,,41206062,,R-1-6,0,7.26,0.13549824768380556
Campbell,,27941068,,PF,0,0,1.0236856746995495
Campbell,,30504011,,MDR,18,25,0.19947342035203547
Campbell,,30742017,,R-1-6,0,7.26,0.19812710665863337
Campbell,,28808003,,R-1-6,0,7.26,0.260164687635029
Campbell,,27939050,,R-1-6,0,7.26,0.22450586350821478
Campbell,,41218057,,MHDR,26,33,0.023277386311085346
Campbell,,40312009,,R-1-9,0,4.84,0.2576954449909524
Campbell,,30716008,,PO,0,0,0.27308856017822036
Campbell,,41402016,,R-1-8,0,5.45,0.17790801499779504
Campbell,,40315078,,R-1-9,0,4.84,0.2071880195888313
Campbell,,40624062,,R-1-10,0,4.35,0.293843311376974
Campbell,,30714027,,R-1-6,0,7.26,0.1735710265647269
Campbell,,40341034,,MDR,18,25,0.19097656891684628
Campbell,,42409067,,OS,0,0,1.2139125774485053
Campbell,,42405019,,R-1-6,0,7.26,0.195473576637253
Campbell,,28812017,,LMDR,8,16,0.1547699227411439
Campbell,,40343063,,R-1-6,0,7.26,0.13752361933388008
Campbell,,30516012,,LMDR,8,16,0.030711203036360487
Campbell,,40616043,,R-1-10,0,4.35,0.1459975976503288
Campbell,,27936095,,MDR,18,25,0.010322945038492449
Campbell,,30756011,,R-1-6,0,7.26,0.13489088109162842
Campbell,,40433047,,R-1-6,0,7.26,0.1595167588045781
Campbell,,30748017,,LMDR,8,16,0.1633009896168605
Campbell,,28825007,,R-1-6,0,7.26,0.22064429494293936
Campbell,,28824055,,R-1-6,0,7.26,0.19766750768564495
Campbell,,41211046,,MHDR,26,33,0.01939986165866857
Campbell,,30747014,,MDR,18,25,0.18053875728691668
Campbell,,30707055,,R-1-6,0,7.26,0.16712977653389252
Campbell,,30533071,,R-1-6,0,7.26,0.23721465431816974
Campbell,,40425070,,R-1-6,0,7.26,0.17151708605984556
Campbell,,27936029,,MDR,18,25,0.01642216293421618
Campbell,,28812025,,R-1-6,0,7.26,0.15348649370175074
Campbell,,40313015,,R-1-9,0,4.84,0.2342469220921621
Campbell,,30750032,,R-1-6,0,7.26,0.14274179186057762
Campbell,,30533033,,R-1-6,0,7.26,0.19424920326558098
Campbell,,42443004,,MDR,18,25,0.013199192048175379
Campbell,,40432006,,MDR,18,25,0.1847959973704263
Campbell,,27933027,,R-1-6,0,7.26,0.14808473957773824
Campbell,,28814061,,R-1-6,0,7.26,0.1492026115056881
Campbell,,30748003,,R-1-6,0,7.26,0.14785411326630193
Campbell,,28819015,,R-1-6,0,7.26,0.3080556856879113
Campbell,,28808048,,R-1-6,0,7.26,0.19005413571975519
Campbell,,40353039,,R-1-6,0,7.26,0.15176371137802752
Campbell,,40406019,,R-1-6,0,7.26,0.23825449675303395
Campbell,,41402044,,R-1-8,0,5.45,0.21023929503531222
Campbell,,40308106,,R-1-6,0,7.26,0.14509784990631175
Campbell,,40341006,,MDR,18,25,0.3231454585008744
Campbell,,30732008,,LMDR,8,16,0.20857647662122988
Campbell,,41237050,,R-1-6,0,7.26,0.23385027389741264
Campbell,,27920067,,R-1-6,0,7.26,0.14005163825611375
Campbell,,41211036,,MHDR,26,33,0.0253328557228871
Campbell,,30747044,,MDR,18,25,0.018534477030079273
Campbell,,40319148,,R-1-9,0,4.84,0.3009609154192852
Campbell,,28817007,,R-1-6,0,7.26,0.2653938223786934
Campbell,,41440076,,R-1-6,0,7.26,0.14604407668461886
Campbell,,40353052,,R-1-6,0,7.26,0.1946555823137661
Campbell,,27920036,,R-1-6,0,7.26,0.13913171860362436
Campbell,,27936268,,MDR,18,25,0.017563395885302233
Campbell,,27936243,,MDR,18,25,0.010322031887524948
Campbell,,42439018,,LI,0,0,0.43289075009566036
Campbell,,41405048,,R-1-8,0,5.45,0.2113838514805187
Campbell,,40319126,,R-1-9,0,4.84,0.7396487716907004
Campbell,,40606041,,R-1-6,0,7.26,0.33586120510888456
Campbell,,30518031,,R-1-6,0,7.26,0.15646612814431252
Campbell,,41434014,,R-1-6,0,7.26,0.19369885635774234
Campbell,,27936331,,MDR,18,25,0.010319425010210685
Campbell,,40401008,,MDR,18,25,0.22177139341502053
Campbell,,28805002,,R-1-6,0,7.26,0.19853612047784677
Campbell,,41215028,,MHDR,26,33,0.017350173994692263
Campbell,,30524061,,R-1-6,0,7.26,0.21213890733448101
Campbell,,40613021,,LMDR,8,16,0.19013384882718595
Campbell,,30749050,,R-1-6,0,7.26,0.18372960767716814
Campbell,,28805003,,R-1-6,0,7.26,0.20166061930670803
Campbell,,40423023,,R-1-6,0,7.26,0.19299540511306132
Campbell,,27939047,,R-1-6,0,7.26,0.19578603894490937
Campbell,,40614027,,R-1-8,0,5.45,0.1817435556271255
Campbell,,40618010,,R-1-6,0,7.26,0.13940089839127903
Campbell,,27944025,,R-1-6,0,7.26,0.156643439209993
Campbell,,28806013,,R-1-6,0,7.26,0.22748516421003104
Campbell,,40601078,,R-1-6,0,7.26,0.23335173745436366
Campbell,,30538018,,MDR,18,25,0.17853262562394384
Campbell,,30726025,,LMDR,8,16,0.15845839066999917
Campbell,,28810041,,R-1-6,0,7.26,0.22924380894871232
Campbell,,40317021,,R-1-9,0,4.84,0.22165613689838212
Campbell,,40313117,,R-1-6,0,7.26,0.1545502221764955
Campbell,,42441001,,ROW,0,0,2.222523515344003
Campbell,,30504015,,R-1-6,0,7.26,0.20861570249078268
Campbell,,40425078,,R-1-6,0,7.26,0.14477069980004986
Campbell,,40613047,,LMDR,8,16,0.17153336967589378
Campbell,,27940064,,LMDR,8,16,0.021019225233186483
Campbell,,30520036,,R-1-6,0,7.26,0.152302777659753
Campbell,,41404022,,R-1-8,0,5.45,0.2069290728534153
Campbell,,28815057,,R-1-6,0,7.26,0.24398892683855197
Campbell,,41434024,,R-1-6,0,7.26,0.21812636702843086
Campbell,,27920066,,R-1-6,0,7.26,0.14454780339785483
Campbell,,40316079,,R-1-10,0,4.35,0.13306190223213885
Campbell,,27936221,,MDR,18,25,0.016417486681784853
Campbell,,40318007,,R-1-9,0,4.84,0.20298707142761863
Campbell,,41237036,,R-1-6,0,7.26,0.19056124671023947
Campbell,,30756030,,R-1-6,0,7.26,0.14278258734789717
Campbell,,40426062,,R-1-8,0,5.45,0.17510057583192912
Campbell,,41235013,,R-1-6,0,7.26,0.14049154068596995
Campbell,,30523055,,R-1-6,0,7.26,0.18662194553489606
Campbell,,41214015,,MHDR,26,33,0.014969437158562294
Campbell,,40343098,,R-1-6,0,7.26,0.13772888817802742
Campbell,,41440001,,R-1-6,0,7.26,0.23751515147002797
Campbell,,40308061,,R-1-6,0,7.26,0.13647304117991313
Campbell,,30534060,,R-1-6,0,7.26,0.1478814856094714
Campbell,,41434002,,R-1-6,0,7.26,0.19382219788659866
Campbell,,41237054,,R-1-6,0,7.26,0.166022360638413
Campbell,,42405018,,R-1-6,0,7.26,0.19548679515816503
Campbell,,30715024,,R-1-6,0,7.26,0.1421395647911728
Campbell,,40428017,,R-1-10,0,4.35,0.3213965028867047
Campbell,,40405053,,R-1-6,0,7.26,0.243115020160429
Campbell,,40432012,,MDR,18,25,0.19868058299774224
Campbell,,40343100,,R-1-6,0,7.26,0.1491626590822309
Campbell,,40347008,,R-1-6,0,7.26,0.14112709902492315
Campbell,,40620021,,R-1-10,0,4.35,0.24148838697785405
Campbell,,30520008,,MDR,18,25,0.14616365961725258
Campbell,,40407016,,R-1-6,0,7.26,0.15972302912017783
Campbell,,30755048,,R-1-6,0,7.26,0.14895332607901843
Campbell,,40613040,,LMDR,8,16,0.18222768478133516
Campbell,,30539043,,R-1-6,0,7.26,0.19590051632416813
Campbell,,41435004,,LMDR,8,16,0.026370340933438458
Campbell,,40603017,,R-1-6,0,7.26,0.15147406179840717
Campbell,,28815027,,R-1-6,0,7.26,0.14341618533663514
Campbell,,30754058,,R-1-6,0,7.26,0.1181934322196291
Campbell,,30752016,,R-1-6,0,7.26,0.1460392840291315
Campbell,,40343059,,R-1-6,0,7.26,0.14410464681273372
Campbell,,30534032,,R-1-6,0,7.26,0.3574364318863476
Campbell,,30739028,,GC,0,0,0.6930554280388586
Campbell,,30752044,,R-1-6,0,7.26,0.1417574915466916
Campbell,,40315080,,R-1-9,0,4.84,0.039665190932696825
Campbell,,40430063,,MDR,18,25,0.21488726111463385
Campbell,,30754043,,R-1-6,0,7.26,0.17340157273988888
Campbell,,27923036,,R-1-6,0,7.26,0.2574358904964164
Campbell,,40601040,,R-1-6,0,7.26,0.2192301041159739
Campbell,,41435002,,LMDR,8,16,0.0263903848909243
Campbell,,41240022,,R-1-8,0,5.45,0.23129639376867098
Campbell,,28819047,,R-1-6,0,7.26,0.22543875396770166
Campbell,,40309060,,R-1-6,0,7.26,0.23362756299419477
Campbell,,41206057,,R-1-6,0,7.26,0.24875881675522776
Campbell,,41206003,,CB-MU,26,33,0.036469360831238355
Campbell,,40616004,,R-1-10,0,4.35,0.23622163549954045
Campbell,,27924006,,R-1-6,0,7.26,0.2120396966760556
Campbell,,30708041,,R-1-6,0,7.26,0.14483085330388648
Campbell,,40425072,,R-1-6,0,7.26,0.14539248663764592
Campbell,,30715005,,R-1-6,0,7.26,0.15388103238199383
Campbell,,41238016,,R-1-6,0,7.26,0.16095470315708754
Campbell,,30751015,,R-1-6,0,7.26,0.14767452825633462
Campbell,,28811014,,MDR,18,25,0.14489382908538173
Campbell,,41207029,,CB-MU,26,33,0.025771733495729518
Campbell,,40319089,,R-1-9,0,4.84,0.2756520234645638
Campbell,,40625019,,R-1-10,0,4.35,0.20191539320059615
Campbell,,30523039,,R-1-6,0,7.26,0.1838960096347414
Campbell,,30727080,,LMDR,8,16,0.1810776784187238
Campbell,,27933026,,R-1-6,0,7.26,0.13919424791082236
Campbell,,40348078,,R-1-6,0,7.26,0.14419375478034024
Campbell,,30545008,,MDR,18,25,0.018427255148725764
Campbell,,30708056,,R-1-6,0,7.26,0.14873830315766542
Campbell,,30533039,,R-1-6,0,7.26,0.1921540552461854
Campbell,,40424060,,R-1-6,0,7.26,0.14705048572314003
Campbell,,42440001,,LI,0,0,0.6891109860631536
Campbell,,40308031,,R-1-6,0,7.26,0.142065157383006
Campbell,,27930021,,R-1-6,0,7.26,0.1585540710504956
Campbell,,27940046,,R-1-6,0,7.26,0.20928831732244252
Campbell,,40316033,,R-1-10,0,4.35,0.25277389783185433
Campbell,,28808005,,R-1-6,0,7.26,0.3672727908305849
Campbell,,27946024,,R-1-6,0,7.26,0.19875461288852245
Campbell,,27936104,,MDR,18,25,0.017561367172591318
Campbell,,41237070,,R-1-8,0,5.45,0.28524373515160334
Campbell,,30534046,,R-1-6,0,7.26,0.23999328917319845
Campbell,,42405005,,R-1-6,0,7.26,0.19472863173030433
Campbell,,40602040,,R-1-6,0,7.26,0.18477209152798138
Campbell,,40342012,,R-1-6,0,7.26,0.14287857912079852
Campbell,,30750026,,R-1-6,0,7.26,0.15427904853093846
Campbell,,40344064,,R-1-6,0,7.26,0.13310434873067034
Campbell,,40344025,,R-1-6,0,7.26,0.13662086406965074
Campbell,,40315015,,R-1-9,0,4.84,0.23765355824460077
Campbell,,40308101,,R-1-6,0,7.26,0.13773979676642242
Campbell,,27924011,,R-1-6,0,7.26,0.2072697558444274
Campbell,,41218053,,MHDR,26,33,0.023396719495584157
Campbell,,27923041,,R-1-6,0,7.26,0.2574556442236685
Campbell,,40636021,,LMDR,8,16,0.01701255021605115
Campbell,,42401138,,LI,0,0,0.2799410713499941
Campbell,,30533040,,R-1-6,0,7.26,0.18431537518058333
Campbell,,41404039,,R-1-8,0,5.45,0.2462153020884837
Campbell,,41402055,,R-1-8,0,5.45,0.20820503942212742
Campbell,,30538043,,MDR,18,25,0.22853058907309454
Campbell,,30554011,,MDR,18,25,0.013027969395469787
Campbell,,40430057,,MDR,18,25,0.2148837360904616
Campbell,,40310086,,R-1-6,0,7.26,0.14471308477447642
Campbell,,40353032,,R-1-6,0,7.26,0.14370591852366213
Campbell,,28808033,,R-1-6,0,7.26,0.1972934564826421
Campbell,,40310112,,PF,0,0,0.6842311875894098
Campbell,,41211030,,MHDR,26,33,0.025329013030114034
Campbell,,30749025,,R-1-6,0,7.26,0.14065475807849162
Campbell,,40607052,,R-1-6,0,7.26,0.15845615649195202
Campbell,,27922020,,R-1-6,0,7.26,0.22406766228934674
Campbell,,30754029,,R-1-6,0,7.26,0.2390707800002886
Campbell,,30550002,,MDR,18,25,0.017983962609249497
Campbell,,28812055,,PO,0,0,0.30096844939031864
Campbell,,42404046,,R-1-6,0,7.26,0.21251453991544472
Campbell,,30726034,,MDR,18,25,0.19235424875732757
Campbell,,28809095,,NC,0,0,0.8229712980152878
Campbell,,28808043,,R-1-6,0,7.26,0.19736547875192123
Campbell,,30519029,,R-1-6,0,7.26,0.23770708019711606
Campbell,,27913025,,R-1-6,0,7.26,0.22286469240767992
Campbell,,27936336,,MDR,18,25,0.017561367172591318
Campbell,,30743031,,R-1-6,0,7.26,0.1599788067171376
Campbell,,40622065,,R-1-10,0,4.35,0.3289024830562708
Campbell,,41241027,,R-1-8,0,5.45,0.30036517332073953
Campbell,,40423007,,R-1-6,0,7.26,0.15923261239702294
Campbell,,41238017,,R-1-6,0,7.26,0.14570701866236646
Campbell,,41218020,,MHDR,26,33,0.019360119452605105
Campbell,,30753037,,R-1-6,0,7.26,0.13893775595026703
Campbell,,40623006,,R-1-8,0,5.45,0.21341635986656135
Campbell,,40619044,,R-1-8,0,5.45,0.2596400269049777
Campbell,,40422067,,R-1-6,0,7.26,0.1670174023328248
Campbell,,28808076,,R-1-6,0,7.26,0.3148597527277113
Campbell,,30533042,,R-1-6,0,7.26,0.22314464517928437
Campbell,,40317024,,R-1-9,0,4.84,0.21208021237454783
Campbell,,41240025,,R-1-8,0,5.45,0.21507400875693305
Campbell,,40625037,,R-1-10,0,4.35,0.18500326893361008
Campbell,,40606054,,R-1-6,0,7.26,0.2700988193174158
Campbell,,41441044,,MHDR,26,33,0.09536631942799927
Campbell,,40642001,,R-1-6,0,7.26,0.019788938424330473
Campbell,,28814055,,R-1-6,0,7.26,0.150468103070644
Campbell,,41211003,,GC-MU,26,33,0.23375206813247962
Campbell,,40624035,,R-1-10,0,4.35,0.2359547072167858
Campbell,,30519077,,R-1-6,0,7.26,0.23600633843546145
Campbell,,40604042,,R-1-6,0,7.26,0.1591526031207032
Campbell,,40622002,,NC,0,0,0.22278495325940476
Campbell,,40602037,,R-1-6,0,7.26,0.257923912969431
Campbell,,40613014,,R-1-6,0,7.26,0.14464810184612217
Campbell,,30750036,,R-1-6,0,7.26,0.13359275493386044
Campbell,,40603006,,R-1-6,0,7.26,0.13963519625014106
Campbell,,41230005,,MHDR,26,33,0.2627218243290382
Campbell,,30523005,,R-1-6,0,7.26,0.1581478005308274
Campbell,,30504024,,R-1-6,0,7.26,0.21194959609996766
Campbell,,41401028,,NC,0,0,0.4671699224827892
Campbell,,40313048,,R-1-6,0,7.26,0.1505848884716515
Campbell,,40425068,,R-1-6,0,7.26,0.21499205430660331
Campbell,,27935015,,R-1-6,0,7.26,0.1613836365559233
Campbell,,40319025,,R-1-9,0,4.84,0.345969286941039
Campbell,,40343023,,R-1-6,0,7.26,0.1434629054347137
Campbell,,41404005,,NC,0,0,0.21646530790493623
Campbell,,41401045,,R-1-8,0,5.45,0.21483721273831538
Campbell,,27936124,,MDR,18,25,0.017561367172591318
Campbell,,40615016,,R-1-8,0,5.45,0.270787406133771
Campbell,,28825072,,R-1-6,0,7.26,0.18521330117252344
Campbell,,41238011,,R-1-6,0,7.26,0.13932284672311995
Campbell,,40603049,,LMDR,8,16,0.03596680159780166
Campbell,,41215034,,MHDR,26,33,0.01694787914912694
Campbell,,27936053,,MDR,18,25,0.01641487563111191
Campbell,,41434028,,R-1-6,0,7.26,0.2499237229642002
Campbell,,28806072,,NC,0,0,0.30465406930477357
Campbell,,28815004,,R-1-6,0,7.26,0.1349048832803379
Campbell,,41204061,,R-1-6,0,7.26,0.2023245954983774
Campbell,,28809007,,R-1-6,0,7.26,0.24497659638552916
Campbell,,40313143,,R-1-9,0,4.84,0.3140624707744995
Campbell,,30755029,,R-1-6,0,7.26,0.20540577236121668
Campbell,,41207050,,R-1-6,0,7.26,0.07595939076100741
Campbell,,41405049,,R-1-8,0,5.45,0.21121429678464643
Campbell,,30739020,,LMDR,8,16,0.163565062082271
Campbell,,42443063,,MDR,18,25,0.012666853471275807
Campbell,,41232023,,LI,0,0,0.3212648808473212
Campbell,,28809027,,R-1-6,0,7.26,0.18496604993094834
Campbell,,30534006,,HD-MU,34,45,0.5404570777010343
Campbell,,27943020,,HD-MU,34,45,1.41320313974159
Campbell,,40310115,,OS,0,0,0.37891497130168333
Campbell,,40310065,,R-1-6,0,7.26,0.47069497045058706
Campbell,,41437004,,GC,0,0,0.43854479940978747
Campbell,,30751011,,R-1-6,0,7.26,0.17280412216435134
Campbell,,42443029,,MDR,18,25,0.012674433630674439
Campbell,,42433096,,RD,0,0,0.825620532230735
Campbell,,40605019,,R-1-6,0,7.26,0.14098753576365153
Campbell,,40432026,,R-1-6,0,7.26,0.14305935323800972
Campbell,,40617009,,LMDR,8,16,0.17759814314378655
Campbell,,27936328,,MDR,18,25,0.01755992899072297
Campbell,,28823070,,R-1-6,0,7.26,0.2049925634305503
Campbell,,41404014,,R-1-8,0,5.45,0.3484802353091108
Campbell,,40433049,,R-1-6,0,7.26,0.15657229290400557
Campbell,,40428022,,R-1-10,0,4.35,0.22270847506575472
Campbell,,40610006,,GC,0,0,0.4478741848769121
Campbell,,30726022,,LMDR,8,16,0.1745297327461629
Campbell,,40618050,,LMDR,8,16,0.1881127311918694
Campbell,,30523025,,R-1-6,0,7.26,0.18554041490567802
Campbell,,40604034,,R-1-6,0,7.26,0.14455734703029177
Campbell,,40432014,,R-1-6,0,7.26,0.14260749990498658
Campbell,,41441040,,MHDR,26,33,0.09536631942799927
Campbell,,28818014,,R-1-6,0,7.26,0.3100742061580376
Campbell,,30504028,,R-1-6,0,7.26,0.34837152201771315
Campbell,,30504009,,MDR,18,25,0.19170686233928633
Campbell,,41438093,,R-1-6,0,7.26,0.13913570003095024
Campbell,,30535010,,R-1-6,0,7.26,0.23695110257006835
Campbell,,42409112,,OS,0,0,19.35306131045723
Campbell,,41435022,,LMDR,8,16,0.026367122998304165
Campbell,,30753040,,R-1-6,0,7.26,0.13792008085986626
Campbell,,41239022,,R-1-8,0,5.45,0.282652491715201
Campbell,,30537032,,MDR,18,25,0.19530410000923998
Campbell,,30753080,,R-1-6,0,7.26,0.14278825182872373
Campbell,,40401011,,MDR,18,25,0.1915992285962271
Campbell,,40424011,,R-1-6,0,7.26,0.1762036665595526
Campbell,,42401054,,LI,0,0,0.46048956876593455
Campbell,,40622030,,R-1-10,0,4.35,0.43168687487274593
Campbell,,27936086,,MDR,18,25,0.010322202042613528
Campbell,,40614028,,R-1-8,0,5.45,0.18375221936880495
Campbell,,40429034,,R-1-16,0,2.72,0.4453618354186565
Campbell,,30539042,,R-1-6,0,7.26,0.16825216522634714
Campbell,,30756055,,R-1-6,0,7.26,0.15142360568729046
Campbell,,30747002,,MDR,18,25,0.18871036900578234
Campbell,,40424026,,R-1-6,0,7.26,0.1391310192124517
Campbell,,41435023,,LMDR,8,16,0.026376125775447026
Campbell,,28811007,,PO,0,0,0.2830365686278708
Campbell,,41209008,,CC-MU,45,60,0.10027530513044058
Campbell,,40422069,,R-1-6,0,7.26,0.18329998786618545
Campbell,,40310121,,R-1-6,0,7.26,0.24207726067852883
Campbell,,40312088,,R-1-9,0,4.84,0.1941696900964121
Campbell,,40605008,,R-1-6,0,7.26,0.1285650937408857
Campbell,,40422057,,R-1-6,0,7.26,0.14274188375296512
Campbell,,41207065,,CB-MU,26,33,0.3475446259736724
Campbell,,40606084,,R-1-6,0,7.26,0.016350479125914034
Campbell,,27921004,,R-1-6,0,7.26,0.1359655178463996
Campbell,,40606007,,NC-MU,18,25,0.24943666490070565
Campbell,,40430055,,R-1-10,0,4.35,0.2648438591899374
Campbell,,30519011,,R-1-6,0,7.26,0.19569845466101096
Campbell,,41441043,,MHDR,26,33,0.09536631942799927
Campbell,,27936249,,MDR,18,25,0.01641941621558314
Campbell,,28806046,,R-1-6,0,7.26,0.24265031225431466
Campbell,,30531047,,PO,0,0,0.2708257611566898
Campbell,,41228014,,MHDR,26,33,0.013858832433425393
Campbell,,41215020,,MHDR,26,33,0.017140012580226256
Campbell,,40406042,,R-1-6,0,7.26,0.23847214304734324
Campbell,,40430030,,R-1-10,0,4.35,0.22840826887945917
Campbell,,40313108,,R-1-9,0,4.84,0.1476091111804778
Campbell,,40424058,,R-1-6,0,7.26,0.15294249566308846
Campbell,,42443010,,MDR,18,25,0.012120665563281464
Campbell,,30739004,,LMDR,8,16,0.15748555585500418
Campbell,,40343021,,R-1-6,0,7.26,0.16972410592357212
Campbell,,28819021,,R-1-6,0,7.26,0.4438296176036209
Campbell,,30748019,,LMDR,8,16,0.16339034614420242
Campbell,,28819054,,R-1-6,0,7.26,0.33716707306232757
Campbell,,30740017,,R-1-6,0,7.26,0.13360612611558684
Campbell,,28813015,,R-1-6,0,7.26,0.17895160964954265
Campbell,,40319082,,R-1-9,0,4.84,0.22388433260976112
Campbell,,30538036,,MDR,18,25,0.22692847364880722
Campbell,,27920016,,R-1-6,0,7.26,0.14755389984691755
Campbell,,30717013,,R-1-6,0,7.26,0.13981395322012635
Campbell,,40407024,,R-1-6,0,7.26,0.1335475625978267
Campbell,,30715012,,R-1-6,0,7.26,0.19618728038006358
Campbell,,27936080,,MDR,18,25,0.01756056188990688
Campbell,,30522042,,OS,0,0,4.824002419592211
Campbell,,42404077,,R-1-6,0,7.26,0.2044673446474482
Campbell,,41204052,,R-1-6,0,7.26,0.16924918883447354
Campbell,,40601008,,R-1-6,0,7.26,0.22384983180209503
Campbell,,40630004,,NC,0,0,0.4480434266780499
Campbell,,41209018,,CC-MU,45,60,0.21237501794493263
Campbell,,27936182,,MDR,18,25,0.010323154206788362
Campbell,,30545013,,MDR,18,25,0.018438277552458138
Campbell,,42443049,,MDR,18,25,0.012624774892113676
Campbell,,30740030,,LMDR,8,16,0.15587433870367187
Campbell,,40315067,,R-1-9,0,4.84,0.20685314777726888
Campbell,,41401066,,R-1-8,0,5.45,0.3530147823197129
Campbell,,27945031,,R-1-6,0,7.26,0.20341542806990862
Campbell,,40624012,,R-1-10,0,4.35,0.24931078982589194
Campbell,,41435018,,LMDR,8,16,0.026379495911903795
Campbell,,27941069,,CB-MU,26,33,0.42290817721756757
Campbell,,40343092,,R-1-6,0,7.26,0.14535669288401373
Campbell,,28812058,,MDR,18,25,0.8411432393993863
Campbell,,27924008,,R-1-6,0,7.26,0.2081922629863866
Campbell,,40343131,,R-1-6,0,7.26,0.15057914147124546
Campbell,,30522033,,R-1-6,0,7.26,0.19378390728127626
Campbell,,42405016,,R-1-6,0,7.26,0.19242275003295883
Campbell,,30743025,,R-1-6,0,7.26,0.16758947359821041
Campbell,,41434033,,R-1-6,0,7.26,0.21744442961681137
Campbell,,27930034,,R-1-6,0,7.26,0.1582112141155052
Campbell,,40426013,,R-1-10,0,4.35,0.28707744471847696
Campbell,,41232013,,LI,0,0,0.03366504980507884
Campbell,,30754020,,R-1-6,0,7.26,0.22252832117384896
Campbell,,30523046,,R-1-6,0,7.26,0.17988266033658806
Campbell,,40346027,,R-1-6,0,7.26,0.18608992295608118
Campbell,,28817012,,R-1-6,0,7.26,0.2676089412814674
Campbell,,40625035,,R-1-10,0,4.35,0.4824108135440142
Campbell,,30503062,,R-1-6,0,7.26,0.2778621429375943
Campbell,,40620020,,R-1-10,0,4.35,0.2469388528719143
Campbell,,30756020,,R-1-6,0,7.26,0.12444328095788999
Campbell,,40431031,,MDR,18,25,0.20961275514696856
Campbell,,30545028,,MDR,18,25,0.01842725512902749
Campbell,,40343121,,R-1-6,0,7.26,0.14053871293125186
Campbell,,40308071,,R-1-6,0,7.26,0.13804145930503686
Campbell,,27936158,,MDR,18,25,0.010327284805381032
Campbell,,27944011,,R-1-6,0,7.26,0.18068775865394862
Campbell,,40613033,,R-1-6,0,7.26,0.16830517061233968
Campbell,,28805016,,R-1-6,0,7.26,0.19414109436297738
Campbell,,40406074,,R-1-6,0,7.26,0.2548328643768651
Campbell,,30752026,,R-1-6,0,7.26,0.16237864484199577
Campbell,,27941060,,CB-MU,26,33,0.562975872314152
Campbell,,42404010,,R-1-6,0,7.26,0.21484125166847132
Campbell,,28815070,,R-1-6,0,7.26,0.25499326259264116
Campbell,,30748048,,R-1-6,0,7.26,0.14619455791821268
Campbell,,40624010,,R-1-10,0,4.35,0.24772477354253344
Campbell,,30718005,,R-1-6,0,7.26,0.1715162379881199
Campbell,,30524043,,R-1-6,0,7.26,0.20501545845743518
Campbell,,28806038,,R-1-6,0,7.26,0.18672115338503784
Campbell,,40343106,,R-1-6,0,7.26,0.13672545303398156
Campbell,,30748052,,R-1-6,0,7.26,0.14282972021946364
Campbell,,42405024,,R-1-6,0,7.26,0.1954991288670669
Campbell,,41228013,,MHDR,26,33,0.013075190239295213
Campbell,,40343115,,R-1-6,0,7.26,0.1955475103344068
Campbell,,30518034,,R-1-6,0,7.26,0.2614532476443286
Campbell,,40622066,,R-1-10,0,4.35,0.25927673150534414
Campbell,,30520005,,MDR,18,25,0.21141593025680142
Campbell,,30749018,,R-1-6,0,7.26,0.13769499846637787
Campbell,,40612081,,R-1-6,0,7.26,0.13756296678823896
Campbell,,30538055,,MDR,18,25,0.18645611084715674
Campbell,,41209001,,CC-MU,45,60,0.19004230372919872
Campbell,,41219001,,MHDR,26,33,0.012641861980150593
Campbell,,28824009,,R-1-6,0,7.26,0.24312298085299147
Campbell,,30756025,,R-1-6,0,7.26,0.14069562529488888
Campbell,,40429039,,R-1-16,0,2.72,0.252267222956694
Campbell,,27937096,,R-1-6,0,7.26,0.18939950169397338
Campbell,,27936242,,MDR,18,25,0.010327305981379488
Campbell,,42439006,,LI,0,0,0.3047395969208845
Campbell,,27923057,,R-1-6,0,7.26,0.21102985098018942
Campbell,,41402025,,R-1-8,0,5.45,0.1864760110578713
Campbell,,40613006,,R-1-6,0,7.26,0.15909746215058496
Campbell,,41238030,,R-1-6,0,7.26,0.14045767713591012
Campbell,,27930035,,R-1-6,0,7.26,0.15791984003230758
Campbell,,42405021,,R-1-6,0,7.26,0.19548825776727366
Campbell,,42443042,,MDR,18,25,0.013203365678619326
Campbell,,30714013,,R-1-6,0,7.26,0.14924918942424772
Campbell,,30518053,,R-1-6,0,7.26,0.14298744125089535
Campbell,,40625032,,R-1-10,0,4.35,0.3782392765105685
Campbell,,41241014,,R-1-8,0,5.45,0.2518457432144754
Campbell,,30732009,,LMDR,8,16,0.2146362031557676
Campbell,,30523015,,R-1-6,0,7.26,0.22694819411069822
Campbell,,41239047,,R-1-8,0,5.45,0.20102417446453022
Campbell,,28814003,,R-1-6,0,7.26,0.19549104311494855
Campbell,,27926038,,R-1-6,0,7.26,0.2051289015215863
Campbell,,30521016,,MDR,18,25,0.4345655759445864
Campbell,,28805051,,R-1-6,0,7.26,0.17045786549968492
Campbell,,40319094,,R-1-9,0,4.84,0.28962195517820344
Campbell,,40318075,,R-1-9,0,4.84,0.20347842015834647
Campbell,,27923065,,R-1-6,0,7.26,0.21284906649356636
Campbell,,28818018,,R-1-6,0,7.26,0.1731050132553849
Campbell,,40342039,,R-1-6,0,7.26,0.14002767502040928
Campbell,,28812033,,R-1-6,0,7.26,0.1528236497959352
Campbell,,41230045,,MHDR,26,33,0.2634233824848776
Campbell,,41215091,,MHDR,26,33,0.016946852990884737
Campbell,,40316023,,R-1-10,0,4.35,0.2419900516308697
Campbell,,28814069,,R-1-6,0,7.26,0.15059750831573118
Campbell,,41218033,,MHDR,26,33,0.019053582246785408
Campbell,,40307033,,R-1-6,0,7.26,0.1625664411521972
Campbell,,28817039,,R-1-6,0,7.26,0.23090035325095862
Campbell,,41237055,,R-1-6,0,7.26,0.19743309267780024
Campbell,,28825028,,R-1-6,0,7.26,0.18210046149730616
Campbell,,28810052,,R-1-6,0,7.26,0.30243744740452916
Campbell,,40425024,,R-1-6,0,7.26,0.1908988586244547
Campbell,,42404086,,R-1-6,0,7.26,0.1894535944174767
Campbell,,28825027,,R-1-6,0,7.26,0.18210075787982466
Campbell,,41435014,,LMDR,8,16,0.0263915717147445
Campbell,,28805011,,R-1-6,0,7.26,0.184056897183756
Campbell,,40623033,,R-1-8,0,5.45,0.21869338206436925
Campbell,,41404004,,NC,0,0,0.21642859023326108
Campbell,,27937076,,GC,0,0,0.3316154975418248
Campbell,,40308051,,R-1-6,0,7.26,0.1411656968097257
Campbell,,41437002,,LI,0,0,0.9144788583220301
Campbell,,30520047,,R-1-6,0,7.26,0.21147679265801436
Campbell,,42405067,,R-1-6,0,7.26,0.1918584786409772
Campbell,,40432018,,R-1-6,0,7.26,0.14185418702448993
Campbell,,28812072,,R-1-6,0,7.26,0.15981659389852135
Campbell,,30753079,,R-1-6,0,7.26,0.1427561843931009
Campbell,,30714023,,R-1-6,0,7.26,0.14235076022112267
Campbell,,27927051,,R-1-6,0,7.26,0.18420499546670824
Campbell,,40307035,,R-1-6,0,7.26,0.1984334541700278
Campbell,,27940002,,R-1-6,0,7.26,0.10605007280833632
Campbell,,42404051,,R-1-6,0,7.26,0.22918187404884902
Campbell,,27923038,,R-1-6,0,7.26,0.25743937075445456
Campbell,,40342042,,R-1-6,0,7.26,0.13929189717677684
Campbell,,40616028,,R-1-10,0,4.35,0.2176968547491497
Campbell,,40602072,,R-1-6,0,7.26,0.1407011362376034
Campbell,,30516015,,LMDR,8,16,0.028952853462100917
Campbell,,28812064,,LMDR,8,16,0.15591376695714224
Campbell,,40310003,,R-1-6,0,7.26,0.22066543691688187
Campbell,,40433003,,R-1-6,0,7.26,0.13638369824830943
Campbell,,30756063,,R-1-6,0,7.26,0.13682699616528843
Campbell,,30754035,,R-1-6,0,7.26,0.1979461934228414
Campbell,,40422058,,R-1-6,0,7.26,0.13501599593772137
Campbell,,30753010,,R-1-6,0,7.26,0.14090770820130863
Campbell,,41235030,,R-1-6,0,7.26,0.15093663917074246
Campbell,,40343133,,R-1-6,0,7.26,0.1320882335652841
Campbell,,28814012,,R-1-6,0,7.26,0.1970551729509232
Campbell,,40605037,,R-1-6,0,7.26,0.13964892523400893
Campbell,,30747005,,MDR,18,25,0.1853703136072109
Campbell,,30718007,,R-1-6,0,7.26,0.19999876565146574
Campbell,,30520032,,R-1-6,0,7.26,0.15280276463239306
Campbell,,40422029,,R-1-6,0,7.26,0.1476791224998519
Campbell,,28807006,,R-1-6,0,7.26,0.23172343514978064
Campbell,,30531015,,R-1-6,0,7.26,0.18383255677897448
Campbell,,40605058,,R-1-6,0,7.26,0.16088867014601915
Campbell,,30524040,,R-1-6,0,7.26,0.3497468249728677
Campbell,,30518033,,R-1-6,0,7.26,0.22901764885352935
Campbell,,40344057,,R-1-6,0,7.26,0.1367982897299054
Campbell,,28806041,,R-1-6,0,7.26,0.17949146079883
Campbell,,30518015,,R-1-6,0,7.26,0.25143405072237435
Campbell,,40607039,,R-1-6,0,7.26,0.13197070515365664
Campbell,,40605042,,R-1-6,0,7.26,0.14199284504599788
Campbell,,30717005,,R-1-6,0,7.26,0.14052237903451517
Campbell,,40343029,,R-1-6,0,7.26,0.13772508161941827
Campbell,,30743008,,R-1-6,0,7.26,0.1540426327217773
Campbell,,41402009,,R-1-8,0,5.45,0.20965375443959408
Campbell,,40353070,,R-1-6,0,7.26,0.1656130692581649
Campbell,,40315065,,R-1-9,0,4.84,0.2066562563940637
Campbell,,40309013,,R-1-6,0,7.26,0.22632512042250374
Campbell,,27946042,,R-1-6,0,7.26,0.1393807570022909
Campbell,,40318110,,R-1-9,0,4.84,0.22939011518800181
Campbell,,41237056,,R-1-6,0,7.26,0.1807639635552554
Campbell,,30535012,,R-1-6,0,7.26,0.23620558912991899
Campbell,,40433005,,R-1-6,0,7.26,0.17682013208004513
Campbell,,40405058,,R-1-6,0,7.26,0.24462923456703892
Campbell,,30743023,,R-1-6,0,7.26,0.15317128339264813
Campbell,,40312113,,R-1-9,0,4.84,0.2635685077637523
Campbell,,27923010,,R-1-6,0,7.26,0.26556145472880655
Campbell,,40313055,,R-1-6,0,7.26,0.14460709306578257
Campbell,,30743029,,R-1-6,0,7.26,0.1598721217066813
Campbell,,28805009,,R-1-6,0,7.26,0.1850328368487113
Campbell,,28807012,,R-1-6,0,7.26,0.2290274432082599
Campbell,,41237042,,R-1-6,0,7.26,0.19077239739938257
Campbell,,42405038,,R-1-6,0,7.26,0.2011624393128967
Campbell,,40317013,,R-1-9,0,4.84,0.21158271658457126
Campbell,,30534014,,R-1-6,0,7.26,0.27160296594156114
Campbell,,28818002,,R-1-6,0,7.26,0.24280449510497423
Campbell,,41235032,,R-1-6,0,7.26,0.14947078852650492
Campbell,,27936246,,MDR,18,25,0.010326413491209038
Campbell,,30748021,,LMDR,8,16,0.15559389457673137
Campbell,,27921005,,R-1-6,0,7.26,0.1360529819517971
Campbell,,42433120,,RD,0,0,6.519777792776185
Campbell,,40343015,,R-1-6,0,7.26,0.13498688390758015
Campbell,,28808069,,R-1-6,0,7.26,0.26456791748879693
Campbell,,40310079,,R-1-6,0,7.26,0.18425120069384227
Campbell,,41238086,,R-1-8,0,5.45,0.2282135913907667
Campbell,,41206063,,R-1-6,0,7.26,0.0755268936826631
Campbell,,40342037,,R-1-6,0,7.26,0.1522423538575864
Campbell,,40601049,,R-1-6,0,7.26,0.15756185114881752
Campbell,,27939016,,R-1-6,0,7.26,0.16586185110361634
Campbell,,40307038,,R-1-6,0,7.26,0.2007738531017323
Campbell,,30545027,,MDR,18,25,0.018427510588730853
Campbell,,27941042,,CB-MU,26,33,0.12342719650333454
Campbell,,30531018,,R-1-6,0,7.26,0.13392322161896578
Campbell,,40348009,,R-1-6,0,7.26,0.2905349321540345
Campbell,,30749002,,R-1-6,0,7.26,0.20804165627243473
Campbell,,28813083,,R-1-6,0,7.26,0.16809967266182643
Campbell,,30739012,,R-1-6,0,7.26,0.1462803471721869
Campbell,,40615003,,R-1-8,0,5.45,0.21557860568404044
Campbell,,30753082,,R-1-6,0,7.26,0.1427570041403138
Campbell,,30523003,,R-1-6,0,7.26,0.13694246445337505
Campbell,,41238059,,R-1-6,0,7.26,0.23363362582905495
Campbell,,28215021,,LMDR,8,16,0.16944173627730325
Campbell,,42405004,,R-1-6,0,7.26,0.19483146258542833
Campbell,,41230040,,LI,0,0,0.2129548062324691
Campbell,,41218041,,MHDR,26,33,0.02327689541225322
Campbell,,40313070,,R-1-6,0,7.26,0.14375720605908401
Campbell,,40614068,,R-1-8,0,5.45,0.3475291466996957
Campbell,,41440049,,GC,0,0,1.0466633575053208
Campbell,,27923052,,R-1-6,0,7.26,0.2159511770655793
Campbell,,30748053,,R-1-6,0,7.26,0.13482147743531672
Campbell,,40343126,,R-1-6,0,7.26,0.13911389720332829
Campbell,,28805015,,R-1-6,0,7.26,0.19527356253102757
Campbell,,40606001,,R-1-6,0,7.26,0.20288848014028035
Campbell,,40619057,,R-1-8,0,5.45,0.19815636214125024
Campbell,,42401078,,LI,0,0,0.2892829424623838
Campbell,,40406047,,R-1-6,0,7.26,0.25017609557670145
Campbell,,41211048,,MHDR,26,33,0.02580597580113327
Campbell,,41235014,,R-1-6,0,7.26,0.1373492211421976
Campbell,,40343071,,R-1-6,0,7.26,0.17308055500642272
Campbell,,42404065,,R-1-6,0,7.26,0.22957174418709056
Campbell,,40423038,,R-1-6,0,7.26,0.14756886672455677
Campbell,,41215021,,MHDR,26,33,0.01704683114564632
Campbell,,30538047,,MDR,18,25,0.22670868582461842
Campbell,,30516017,,LMDR,8,16,0.026097999407404118
Campbell,,42404070,,R-1-6,0,7.26,0.2235122661483983
Campbell,,40317027,,R-1-9,0,4.84,0.20327449687249002
Campbell,,40408028,,R-1-6,0,7.26,0.14057711507885562
Campbell,,40616075,,R-1-10,0,4.35,0.4993175996411219
Campbell,,42443047,,MDR,18,25,0.013196845130342364
Campbell,,40406049,,R-1-6,0,7.26,0.25034146855965234
Campbell,,40348008,,R-1-6,0,7.26,0.2439758848135449
Campbell,,30742035,,R-1-6,0,7.26,0.13360461554082295
Campbell,,40612089,,R-1-6,0,7.26,0.136929533607241
Campbell,,40623023,,R-1-8,0,5.45,0.22984988589953084
Campbell,,30537010,,LMDR,8,16,0.17446121478789972
Campbell,,41401065,,R-1-8,0,5.45,0.22016936388587582
Campbell,,30520035,,R-1-6,0,7.26,0.13994945626413485
Campbell,,42403042,,R-1-6,0,7.26,0.22461312793529778
Campbell,,40426023,,R-1-6,0,7.26,0.14542853864552
Campbell,,40617018,,R-1-6,0,7.26,0.14066351283676715
Campbell,,30716006,,PO,0,0,0.07698689091502244
Campbell,,40429042,,R-1-16,0,2.72,0.14383084188293424
Campbell,,41237064,,R-1-6,0,7.26,0.14612037703590344
Campbell,,41215039,,MHDR,26,33,0.017148717298401842
Campbell,,41241029,,R-1-8,0,5.45,0.36077292751228596
Campbell,,40601001,,OS,0,0,0.06419864617841059
Campbell,,42443017,,MDR,18,25,0.01186827300756618
Campbell,,28814062,,R-1-6,0,7.26,0.14470645550507108
Campbell,,30717026,,R-1-6,0,7.26,0.1446276971830046
Campbell,,40617038,,R-1-6,0,7.26,0.20615403983204703
Campbell,,41440058,,MHDR,26,33,0.4236541691575575
Campbell,,40607020,,R-1-6,0,7.26,0.1378112017427721
Campbell,,40425025,,R-1-6,0,7.26,0.1909018747471551
Campbell,,30519014,,R-1-6,0,7.26,0.20168490079935986
Campbell,,27936294,,MDR,18,25,0.010321511306669851
Campbell,,30531046,,PO,0,0,0.19115745191193104
Campbell,,30756010,,R-1-6,0,7.26,0.14202622462535547
Campbell,,30755041,,R-1-6,0,7.26,0.14080043335505746
Campbell,,27921045,,R-1-6,0,7.26,0.1724623028481268
Campbell,,41241009,,R-1-8,0,5.45,0.3473924995432779
Campbell,,40348067,,R-1-6,0,7.26,0.18698750644317302
Campbell,,40422059,,R-1-6,0,7.26,0.1407454408658963
Campbell,,40307023,,OS,0,0,0.6276263309728936
Campbell,,40612084,,R-1-6,0,7.26,0.1380289517380133
Campbell,,40432013,,R-1-6,0,7.26,0.14543517055820673
Campbell,,28825031,,R-1-6,0,7.26,0.18210143398456066
Campbell,,41440050,,MHDR,26,33,4.19841078661383
Campbell,,27937001,,MHDR,26,33,0.5297199743219857
Campbell,,40618046,,LMDR,8,16,0.17998682556999385
Campbell,,40622043,,R-1-10,0,4.35,0.30965773365901045
Campbell,,40353089,,R-1-6,0,7.26,0.23048878994882008
Campbell,,30727085,,LMDR,8,16,0.17212276465987927
Campbell,,28809036,,R-1-6,0,7.26,0.1892453260431791
Campbell,,40344056,,R-1-6,0,7.26,0.14125525868529362
Campbell,,40429027,,R-1-16,0,2.72,0.43895664995099926
Campbell,,30748004,,R-1-6,0,7.26,0.1480369621255428
Campbell,,27940031,,R-1-6,0,7.26,0.1433166618846963
Campbell,,30752032,,R-1-6,0,7.26,0.13802836806059818
Campbell,,40314009,,R-1-9,0,4.84,0.30198592252647055
Campbell,,27929019,,R-1-6,0,7.26,0.2314539132356185
Campbell,,30754008,,R-1-6,0,7.26,0.14594937314697026
Campbell,,40348043,,R-1-6,0,7.26,0.24131509480157143
Campbell,,28805005,,R-1-6,0,7.26,0.18896366056866465
Campbell,,30516003,,LMDR,8,16,0.028800902642949322
Campbell,,41231023,,LI,0,0,0.46462483509484426
Campbell,,30752048,,R-1-6,0,7.26,0.14387538413021797
Campbell,,41215055,,MHDR,26,33,0.01628779186111835
Campbell,,28817041,,R-1-6,0,7.26,0.2247730008130762
Campbell,,30538048,,MDR,18,25,0.24538962325266173
Campbell,,30756059,,R-1-6,0,7.26,0.141587959914072
Campbell,,27936198,,MDR,18,25,0.010324169267513913
Campbell,,42401077,,LI,0,0,0.30661244856928327
Campbell,,41231022,,LI,0,0,0.49601522514506885
Campbell,,40424049,,R-1-6,0,7.26,0.13850728686928884
Campbell,,40601029,,R-1-6,0,7.26,0.1558110139508509
Campbell,,40602081,,R-1-6,0,7.26,0.14440646450873437
Campbell,,41238015,,R-1-6,0,7.26,0.1671129293944585
Campbell,,27913039,,R-1-6,0,7.26,0.19442915785885442
Campbell,,30742039,,R-1-6,0,7.26,0.17029511698187924
Campbell,,27921026,,R-1-6,0,7.26,0.14050477164030348
Campbell,,41404037,,R-1-8,0,5.45,0.24203265625919307
Campbell,,28816041,,R-1-6,0,7.26,0.20261113727817884
Campbell,,30753065,,R-1-6,0,7.26,0.13945769932373234
Campbell,,28818008,,R-1-6,0,7.26,0.24847967519478176
Campbell,,40424044,,OS,0,0,0.2778739147965418
Campbell,,41434043,,R-1-6,0,7.26,0.24652160138049523
Campbell,,40613044,,LMDR,8,16,0.23282892574262654
Campbell,,27936138,,MDR,18,25,0.01033130794798099
Campbell,,41241024,,R-1-8,0,5.45,0.6381264932236933
Campbell,,41232016,,LI,0,0,1.0857105308262833
Campbell,,41239048,,R-1-8,0,5.45,0.20480081610157266
Campbell,,42404076,,R-1-6,0,7.26,0.1920896399457204
Campbell,,40611001,,MHDR,26,33,5.605931534355085
Campbell,,27936200,,MDR,18,25,0.017563480813916395
Campbell,,41238075,,R-1-6,0,7.26,0.1435531306971854
Campbell,,42443024,,MDR,18,25,0.009364598668085112
Campbell,,28215020,,LMDR,8,16,0.16875967447136325
Campbell,,30539051,,R-1-6,0,7.26,0.13134437555783302
Campbell,,42439019,,RD,0,0,0.8635146380061888
Campbell,,30554005,,MDR,18,25,0.012288164311916894
Campbell,,27927054,,R-1-6,0,7.26,0.18492873995908704
Campbell,,41209014,,CC-MU,45,60,0.31468652702515215
Campbell,,40603050,,LMDR,8,16,0.04080155628882465
Campbell,,27930006,,R-1-6,0,7.26,0.19186878618768968
Campbell,,30747004,,MDR,18,25,0.18535732601747731
Campbell,,40613009,,R-1-6,0,7.26,0.15960245061857928
Campbell,,27927027,,R-1-6,0,7.26,0.18482974913182246
Campbell,,27936026,,MDR,18,25,0.010323825391848986
Campbell,,28814070,,R-1-6,0,7.26,0.1437051940747905
Campbell,,27936187,,MDR,18,25,0.010323318005431197
Campbell,,30534023,,R-1-6,0,7.26,0.29563174167011524
Campbell,,40343058,,R-1-6,0,7.26,0.14202660527077995
Campbell,,41215070,,MHDR,26,33,0.017150694159419066
Campbell,,40353080,,R-1-6,0,7.26,0.14283297323873614
Campbell,,30708019,,R-1-6,0,7.26,0.14186990668731211
Campbell,,28814014,,R-1-6,0,7.26,0.19053963319598624
Campbell,,41404010,,R-1-8,0,5.45,0.3811583932216041
Campbell,,28812007,,R-1-6,0,7.26,0.1594203668934736
Campbell,,41209005,,CC-MU,45,60,0.1839898798764084
Campbell,,42443033,,MDR,18,25,0.009364635171256915
Campbell,,27927064,,PO,0,0,0.175551077247719
Campbell,,30522031,,R-1-6,0,7.26,0.1820992415366002
Campbell,,27946029,,R-1-6,0,7.26,0.14505036941121052
Campbell,,40312023,,R-1-9,0,4.84,0.34231820110902433
Campbell,,28811018,,MDR,18,25,0.145979437053586
Campbell,,42433082,,RD,0,0,1.9036644107767655
Campbell,,40408068,,R-1-6,0,7.26,0.13685760506467706
Campbell,,40347012,,R-1-6,0,7.26,0.13941136210335212
Campbell,,30755027,,R-1-6,0,7.26,0.2600730678308502
Campbell,,42404036,,R-1-6,0,7.26,0.18850931437228793
Campbell,,30740016,,R-1-6,0,7.26,0.1339643092508869
Campbell,,30531017,,R-1-6,0,7.26,0.18371575625733827
Campbell,,40353106,,OS,0,0,0.12519197692288772
Campbell,,28813018,,R-1-6,0,7.26,0.1794394526521992
Campbell,,40431018,,MDR,18,25,0.23966627340135604
Campbell,,28818030,,R-1-6,0,7.26,0.16948192809648144
Campbell,,30754046,,R-1-6,0,7.26,0.14252445174305617
Campbell,,40602075,,R-1-6,0,7.26,0.13513241986001648
Campbell,,41237069,,R-1-8,0,5.45,0.2600699319603985
Campbell,,28823053,,R-1-6,0,7.26,0.21052055977998124
Campbell,,41238077,,R-1-6,0,7.26,0.16304873210344553
Campbell,,40406056,,R-1-6,0,7.26,0.31367664280182517
Campbell,,40605018,,R-1-6,0,7.26,0.1411010023291767
Campbell,,41441045,,MHDR,26,33,0.09536631942799927
Campbell,,40319005,,R-1-9,0,4.84,0.2222778314673543
Campbell,,40430072,,MDR,18,25,0.21488399883550066
Campbell,,40427006,,R-1-10,0,4.35,0.30294937270749783
Campbell,,28825053,,R-1-6,0,7.26,0.1821004893008057
Campbell,,30715047,,R-1-6,0,7.26,0.14753364748311076
Campbell,,40425050,,R-1-6,0,7.26,0.20856184556948992
Campbell,,41433038,,R-1-6,0,7.26,0.2190851950232306
Campbell,,41230029,,LI,0,0,0.4123491591106838
Campbell,,40353046,,R-1-6,0,7.26,0.15190789501880134
Campbell,,41434003,,R-1-6,0,7.26,0.18989634720298285
Campbell,,30750001,,MDR,18,25,0.23815255353814135
Campbell,,28808031,,R-1-6,0,7.26,0.19775649760743097
Campbell,,30537012,,MDR,18,25,0.2232771221410898
Campbell,,40604036,,R-1-6,0,7.26,0.14609422571294942
Campbell,,28815030,,R-1-6,0,7.26,0.22802773401039794
Campbell,,30753097,,R-1-6,0,7.26,0.1396719302754897
Campbell,,30753022,,R-1-6,0,7.26,0.15241317494339107
Campbell,,41238002,,R-1-6,0,7.26,0.1381448204726964
Campbell,,42403018,,R-1-6,0,7.26,0.18445657668639684
Campbell,,28808024,,R-1-6,0,7.26,0.1772473766940335
Campbell,,27937056,,R-1-6,0,7.26,0.1758608357389212
Campbell,,30503051,,R-1-6,0,7.26,0.23855244698656733
Campbell,,28801022,,PF,0,0,3.7017212135480033
Campbell,,42439011,,LI,0,0,0.48322466286919546
Campbell,,28824032,,R-1-6,0,7.26,0.18115801378541102
Campbell,,40619038,,R-1-8,0,5.45,0.26730324469741806
Campbell,,27939052,,R-1-6,0,7.26,0.1924850029957496
Campbell,,28809032,,R-1-6,0,7.26,0.18383639807753854
Campbell,,27936301,,MDR,18,25,0.016417952803693812
Campbell,,30742007,,R-1-6,0,7.26,0.14211635595285854
Campbell,,40605038,,R-1-6,0,7.26,0.14011953986499695
Campbell,,41404016,,R-1-8,0,5.45,0.2163768695138572
Campbell,,40347002,,R-1-6,0,7.26,0.1436916175036091
Campbell,,40314010,,R-1-9,0,4.84,0.22705292241984829
Campbell,,40406073,,R-1-6,0,7.26,0.2547964838764519
Campbell,,41402026,,R-1-8,0,5.45,0.18801477689031607
Campbell,,40343056,,R-1-6,0,7.26,0.1433387099224164
Campbell,,28806023,,R-1-6,0,7.26,0.23871330229278034
Campbell,,41232015,,LI,0,0,0.7889008915405205
Campbell,,40343082,,R-1-6,0,7.26,0.14056028154048592
Campbell,,40344041,,R-1-6,0,7.26,0.143206180263673
Campbell,,28806032,,R-1-6,0,7.26,0.19236671582725498
Campbell,,27936048,,MDR,18,25,0.017558108361977843
Campbell,,41231015,,LI,0,0,0.43886353201717837
Campbell,,40318017,,R-1-9,0,4.84,0.2054352872860416
Campbell,,40408012,,R-1-6,0,7.26,0.19611615226144102
Campbell,,30753035,,R-1-6,0,7.26,0.13888495061930803
Campbell,,27920029,,R-1-6,0,7.26,0.13502415558748748
Campbell,,40424080,,R-1-6,0,7.26,0.14876498022396403
Campbell,,41228029,,MHDR,26,33,0.022557099132967502
Campbell,,40309025,,R-1-6,0,7.26,0.19514160933499436
Campbell,,42405054,,R-1-6,0,7.26,0.19120212526595992
Campbell,,41441014,,MHDR,26,33,0.08199115572980697
Campbell,,41401015,,R-1-8,0,5.45,0.3039440019452655
Campbell,,40424010,,R-1-6,0,7.26,0.19495925757540206
Campbell,,40344036,,R-1-6,0,7.26,0.1404692025164206
Campbell,,30717003,,R-1-6,0,7.26,0.14051668450186905
Campbell,,28812028,,R-1-6,0,7.26,0.15851240649519488
Campbell,,40618034,,R-1-6,0,7.26,0.18052712681912522
Campbell,,41402032,,R-1-8,0,5.45,0.19046998680573715
Campbell,,30522040,,OS,0,0,20.136509655575587
Campbell,,41209006,,CC-MU,45,60,0.08889812950600008
Campbell,,40310076,,R-1-6,0,7.26,0.1343415874248169
Campbell,,40312091,,R-1-9,0,4.84,0.19640388388990265
Campbell,,28808010,,R-1-6,0,7.26,0.3670918632604944
Campbell,,40622053,,NC,0,0,0.5655742169036634
Campbell,,40425005,,R-1-6,0,7.26,0.190382481190641
Campbell,,28824003,,R-1-6,0,7.26,0.2163131733775245
Campbell,,27924004,,R-1-6,0,7.26,0.21267110512045823
Campbell,,28824021,,R-1-6,0,7.26,0.18355847419464327
Campbell,,40606017,,R-1-6,0,7.26,0.15523675456378488
Campbell,,40618033,,R-1-6,0,7.26,0.1844761106031416
Campbell,,40612083,,R-1-6,0,7.26,0.1369817511956265
Campbell,,40623028,,R-1-8,0,5.45,0.22922808797948507
Campbell,,42405066,,R-1-6,0,7.26,0.25997332935937445
Campbell,,30523044,,R-1-6,0,7.26,0.167675122392732
Campbell,,30756004,,R-1-6,0,7.26,0.1334385475404393
Campbell,,30539052,,R-1-6,0,7.26,0.10724814469237261
Campbell,,41401026,,NC,0,0,0.36207886697657254
Campbell,,40302055,,NC,0,0,0.1532737259965017
Campbell,,40429016,,R-1-10,0,4.35,0.19714650680832405
Campbell,,41210030,,MHDR,26,33,0.19189275722507068
Campbell,,40602014,,R-1-6,0,7.26,0.16706367566858613
Campbell,,40601028,,R-1-6,0,7.26,0.13773837520144896
Campbell,,40310066,,R-1-6,0,7.26,0.182171313773925
Campbell,,28817029,,R-1-6,0,7.26,0.2585160669760725
Campbell,,40314041,,R-1-9,0,4.84,0.3272194279434446
Campbell,,28217006,,MDR,18,25,0.16828092614205037
Campbell,,28809070,,R-1-6,0,7.26,0.2581521411923022
Campbell,,27940010,,R-1-6,0,7.26,0.15172026006720604
Campbell,,41238061,,R-1-6,0,7.26,0.14875483503157944
Campbell,,40308124,,OS,0,0,1.3589056634619634
Campbell,,30534043,,R-1-6,0,7.26,0.2731636310402082
Campbell,,40409023,,R-1-6,0,7.26,0.14000895859609877
Campbell,,28808065,,R-1-6,0,7.26,0.25436909643359973
Campbell,,30750019,,R-1-6,0,7.26,0.14552364903561488
Campbell,,30535021,,R-1-6,0,7.26,0.18827398581961796
Campbell,,42443007,,MDR,18,25,0.012627000438151533
Campbell,,40308033,,R-1-6,0,7.26,0.15132464443508892
Campbell,,41240010,,R-1-8,0,5.45,0.2257429740801548
Campbell,,41443009,,MHDR,26,33,0.016434513612952274
Campbell,,41444029,,R-1-6,0,7.26,0.306076152447781
Campbell,,40618035,,R-1-6,0,7.26,0.21717851460436724
Campbell,,40308098,,R-1-6,0,7.26,0.14233017259330197
Campbell,,40602036,,R-1-6,0,7.26,0.2570644903601267
Campbell,,28809016,,LMDR,8,16,0.38174213359710635
Campbell,,30545022,,MDR,18,25,0.01842725512902749
Campbell,,41437006,,PO,0,0,0.8089039478969537
Campbell,,27936318,,MDR,18,25,0.010322088614555162
Campbell,,27923023,,R-1-6,0,7.26,0.24091097406056025
Campbell,,28825075,,R-1-6,0,7.26,0.21227095814825317
Campbell,,41241013,,R-1-8,0,5.45,0.29035764397612945
Campbell,,40314040,,R-1-9,0,4.84,0.12814273809101215
Campbell,,40336067,,MDR,18,25,0.18905090358984947
Campbell,,30749035,,R-1-6,0,7.26,0.15747088390223965
Campbell,,41240032,,R-1-8,0,5.45,0.22998028560189548
Campbell,,28811045,,R-1-6,0,7.26,0.15691381265464344
Campbell,,40336051,,MDR,18,25,0.18456756210921718
Campbell,,30755032,,R-1-6,0,7.26,0.13880642698645135
Campbell,,30538052,,MDR,18,25,0.17617008441230908
Campbell,,27935021,,R-1-6,0,7.26,0.16715140152349073
Campbell,,40622047,,R-1-10,0,4.35,0.22227168514613888
Campbell,,28804027,,TO-MU,57,75,8.854373592046114
Campbell,,40423009,,R-1-6,0,7.26,0.1453354170117305
Campbell,,30531060,,MDR,18,25,0.6331539270805284
Campbell,,30753091,,R-1-6,0,7.26,0.13983856142005066
Campbell,,41440078,,R-1-6,0,7.26,0.1737675719600247
Campbell,,30747026,,MDR,18,25,0.28433485359315375
Campbell,,40309012,,R-1-6,0,7.26,0.2380345820701173
Campbell,,27923050,,R-1-6,0,7.26,0.21370701463305497
Campbell,,28809065,,R-1-6,0,7.26,0.24310248615911342
Campbell,,41401048,,R-1-8,0,5.45,0.23359460414675445
Campbell,,40425011,,R-1-6,0,7.26,0.1910303303656703
Campbell,,28815064,,R-1-6,0,7.26,0.15598847174005712
Campbell,,40613022,,LMDR,8,16,0.18467631832132672
Campbell,,27929013,,LMDR,8,16,0.1791071804572282
Campbell,,30717039,,R-1-6,0,7.26,0.15142019400325052
Campbell,,30748027,,R-1-6,0,7.26,0.14436483073832254
Campbell,,40344019,,R-1-6,0,7.26,0.13499949371684822
Campbell,,41435028,,LMDR,8,16,0.017917779324662965
Campbell,,42443060,,MDR,18,25,0.012673050373718775
Campbell,,30524056,,R-1-6,0,7.26,0.19416279843646447
Campbell,,30715021,,R-1-6,0,7.26,0.16296825573008986
Campbell,,27939029,,R-1-6,0,7.26,0.32064980504338525
Campbell,,30516014,,LMDR,8,16,0.028749484659006497
Campbell,,40313046,,R-1-6,0,7.26,0.15682829398318515
Campbell,,41441020,,MHDR,26,33,0.10089323320681212
Campbell,,40423021,,R-1-6,0,7.26,0.15001071820920464
Campbell,,40607013,,R-1-6,0,7.26,0.16516701447498514
Campbell,,27939051,,R-1-6,0,7.26,0.19181719662703628
Campbell,,30754039,,R-1-6,0,7.26,0.13556912411196712
Campbell,,30708022,,R-1-6,0,7.26,0.14187810136735976
Campbell,,27933010,,R-1-6,0,7.26,0.17763795949260414
Campbell,,40425007,,R-1-6,0,7.26,0.23452984659196432
Campbell,,28806012,,R-1-6,0,7.26,0.22702400854746163
Campbell,,41237039,,R-1-6,0,7.26,0.18688049530133896
Campbell,,30726020,,LMDR,8,16,0.16877825617351827
Campbell,,30717014,,R-1-6,0,7.26,0.1841142079527407
Campbell,,41402002,,R-1-8,0,5.45,0.19055604209372376
Campbell,,28813091,,LMDR,8,16,0.25819379341616205
Campbell,,41402031,,R-1-8,0,5.45,0.186839334102121
Campbell,,42443055,,MDR,18,25,0.013203179881662867
Campbell,,40431008,,MDR,18,25,0.18511094347513163
Campbell,,27920077,,R-1-6,0,7.26,0.14233475494917083
Campbell,,30739001,,ROW,0,0,0.275698927755189
Campbell,,41204070,,R-1-6,0,7.26,0.1269587196248148
Campbell,,30534026,,R-1-6,0,7.26,0.2854283131300263
Campbell,,28812031,,R-1-6,0,7.26,0.1529745556917307
Campbell,,40624074,,R-1-10,0,4.35,0.28970784034540087
Campbell,,27944015,,R-1-6,0,7.26,0.14526257689932745
Campbell,,30520004,,MDR,18,25,0.2148688959092079
Campbell,,40625006,,R-1-10,0,4.35,0.30803399627397726
Campbell,,42404041,,R-1-6,0,7.26,0.2024196466150582
Campbell,,28824022,,R-1-6,0,7.26,0.18366153158662116
Campbell,,27935019,,R-1-6,0,7.26,0.1550093946369558
Campbell,,30742036,,R-1-6,0,7.26,0.13361686863376793
Campbell,,40432001,,MDR,18,25,0.2015018451658607
Campbell,,40636017,,LMDR,8,16,0.019258650816054164
Campbell,,41443006,,MHDR,26,33,0.016425008727105016
Campbell,,40606047,,R-1-6,0,7.26,0.27786878253936553
Campbell,,30743037,,R-1-6,0,7.26,0.1637001778844662
Campbell,,40432008,,MDR,18,25,0.18481456445363664
Campbell,,27936299,,MDR,18,25,0.010319184501356667
Campbell,,28810033,,R-1-6,0,7.26,0.24410591913319277
Campbell,,41241033,,NC,0,0,0.09553600840593734
Campbell,,41234018,,OS,0,0,2.349247504506073
Campbell,,27929008,,LMDR,8,16,0.18003084441993875
Campbell,,40424083,,R-1-6,0,7.26,0.13934724522382788
Campbell,,41211005,,MHDR,26,33,0.020461004790961013
Campbell,,41218010,,MHDR,26,33,0.01936670334737783
Campbell,,41232003,,LI,0,0,0.7927752644077795
Campbell,,30753014,,R-1-6,0,7.26,0.14339711602176416
Campbell,,30756047,,R-1-6,0,7.26,0.17786707643742722
Campbell,,30750029,,R-1-6,0,7.26,0.14306860586781622
Campbell,,27936303,,MDR,18,25,0.010323473738070228
Campbell,,41237041,,R-1-6,0,7.26,0.21043910173387115
Campbell,,40336027,,MDR,18,25,0.18664725613101624
Campbell,,28811037,,PO,0,0,0.15906386035704817
Campbell,,40315091,,R-1-9,0,4.84,0.21181603255753284
Campbell,,41404028,,R-1-8,0,5.45,0.30768649151228233
Campbell,,40423036,,R-1-6,0,7.26,0.16811104215245135
Campbell,,40353047,,R-1-6,0,7.26,0.1661544379534074
Campbell,,30520009,,MDR,18,25,0.14091222235347453
Campbell,,28806036,,R-1-6,0,7.26,0.19916711093494122
Campbell,,40314037,,R-1-9,0,4.84,0.20709107578899358
Campbell,,40316058,,R-1-10,0,4.35,0.3369497758538877
Campbell,,41402053,,R-1-8,0,5.45,0.19813860842986014
Campbell,,40432038,,R-1-6,0,7.26,0.1385478721937679
Campbell,,30519032,,R-1-6,0,7.26,0.24876973572128253
Campbell,,30717040,,R-1-6,0,7.26,0.13814267954033302
Campbell,,30506001,,LMDR,8,16,0.15761364750837914
Campbell,,42405040,,R-1-6,0,7.26,0.18797313995315904
Campbell,,40425065,,R-1-6,0,7.26,0.19434679596852028
Campbell,,30523011,,R-1-6,0,7.26,0.22340592501548262
Campbell,,40604027,,R-1-6,0,7.26,0.42118862253131206
Campbell,,40430059,,MDR,18,25,0.21488734843252646
Campbell,,42401118,,LI,0,0,0.263872602456907
Campbell,,27913029,,R-1-6,0,7.26,0.19521580682639092
Campbell,,41401049,,R-1-8,0,5.45,0.19637663123088955
Campbell,,40417077,,OS,0,0,0.16417142618655942
Campbell,,27940066,,LMDR,8,16,0.01932501484368681
Campbell,,27936133,,MDR,18,25,0.01642082608380688
Campbell,,40604016,,R-1-6,0,7.26,0.1468354718460032
Campbell,,27929042,,GC,0,0,0.3452483242715623
Campbell,,40613005,,R-1-6,0,7.26,0.1487257687374908
Campbell,,40310108,,R-1-6,0,7.26,0.14691323026745315
Campbell,,28810040,,R-1-6,0,7.26,0.22937339126760448
Campbell,,40428005,,R-1-16,0,2.72,0.4163731262908619
Campbell,,41234003,,LI,0,0,0.5580333329487227
Campbell,,40602076,,R-1-6,0,7.26,0.17768031454049224
Campbell,,27920010,,R-1-6,0,7.26,0.14088134322913465
Campbell,,40406018,,R-1-6,0,7.26,0.23832365378622353
Campbell,,41205063,,R-1-6,0,7.26,0.31451672402540826
Campbell,,41234019,,LI,0,0,0.17795670325733223
Campbell,,40344040,,R-1-6,0,7.26,0.14038113269202895
Campbell,,30743041,,R-1-6,0,7.26,0.1504158981266281
Campbell,,40618047,,LMDR,8,16,0.17999475447674038
Campbell,,40613052,,LMDR,8,16,0.1706485979406768
Campbell,,42404042,,R-1-6,0,7.26,0.21030413439102344
Campbell,,40606036,,R-1-6,0,7.26,0.3358881146870651
Campbell,,27927025,,R-1-6,0,7.26,0.1848447172381475
Campbell,,40312102,,R-1-9,0,4.84,0.22335610033508388
Campbell,,40310070,,NC-MU,18,25,2.1494483990761872
Campbell,,41239039,,R-1-8,0,5.45,0.23508208375425968
Campbell,,40610001,,R-1-8,0,5.45,0.2154289275463406
Campbell,,28819001,,R-1-6,0,7.26,0.2197685684037036
Campbell,,27930010,,R-1-6,0,7.26,0.22804821441364154
Campbell,,40313057,,R-1-6,0,7.26,0.16477804685710476
Campbell,,28817033,,R-1-6,0,7.26,0.23063020786755495
Campbell,,27927038,,GC,0,0,0.21615274927981581
Campbell,,40625018,,R-1-10,0,4.35,0.20150490375677457
Campbell,,42433081,,RD,0,0,0.6396373806213063
Campbell,,27927026,,R-1-6,0,7.26,0.1848584172379216
Campbell,,40314011,,R-1-9,0,4.84,0.22393336066920239
Campbell,,40344004,,R-1-6,0,7.26,0.13773031321831639
Campbell,,40604066,,R-1-6,0,7.26,0.14380859988634917
Campbell,,40336080,,MDR,18,25,0.1887130635014763
Campbell,,40622052,,R-1-10,0,4.35,0.38532940945783756
Campbell,,41435039,,LMDR,8,16,0.018711626110852655
Campbell,,27936204,,MDR,18,25,0.01756541756053159
Campbell,,40601073,,R-1-6,0,7.26,0.20770438365024568
Campbell,,40616015,,R-1-10,0,4.35,0.4464586230772534
Campbell,,40347005,,R-1-6,0,7.26,0.1423891571001861
Campbell,,41215003,,MHDR,26,33,0.017044632702567796
Campbell,,30751009,,PF,0,0,4.476033474405881
Campbell,,41238029,,R-1-6,0,7.26,0.15996253097203814
Campbell,,30718001,,R-1-6,0,7.26,0.17541962441750147
Campbell,,30750048,,R-1-6,0,7.26,0.2528280830794498
Campbell,,40406008,,R-1-6,0,7.26,0.23978042489980822
Campbell,,40430018,,OS,0,0,0.43017987779712963
Campbell,,30518020,,R-1-6,0,7.26,0.3092971114460797
Campbell,,27936205,,MDR,18,25,0.016416100524615247
Campbell,,41228005,,MHDR,26,33,0.01345897404186128
Campbell,,41433024,,R-1-6,0,7.26,0.22359907171339427
Campbell,,40618037,,R-1-6,0,7.26,0.13946549459114188
Campbell,,40313087,,R-1-6,0,7.26,0.14278123833367834
Campbell,,40614023,,R-1-8,0,5.45,0.2353415056341237
Campbell,,41228008,,MHDR,26,33,0.012224203755607742
Campbell,,30756048,,R-1-6,0,7.26,0.1626081210975597
Campbell,,40353075,,R-1-6,0,7.26,0.16141776286493786
Campbell,,40343007,,R-1-6,0,7.26,0.1478510269167987
Campbell,,30753092,,R-1-6,0,7.26,0.1398326780241825
Campbell,,40612004,,LMDR,8,16,0.16431505417035064
Campbell,,40429043,,R-1-16,0,2.72,0.38404022291925416
Campbell,,30752028,,R-1-6,0,7.26,0.13848190169270108
Campbell,,28825081,,R-1-6,0,7.26,0.18053656192241188
Campbell,,40307037,,R-1-6,0,7.26,0.17729550869725394
Campbell,,41204068,,R-1-6,0,7.26,0.16768345232137463
Campbell,,27920009,,R-1-6,0,7.26,0.14094141336310068
Campbell,,27936261,,MDR,18,25,0.016417199692376934
Campbell,,27934027,,R-1-6,0,7.26,0.12041147370231589
Campbell,,27921011,,R-1-6,0,7.26,0.14162403683151975
Campbell,,41211013,,MHDR,26,33,0.02708557316886338
Campbell,,40603061,,R-1-6,0,7.26,0.20375630525018418
Campbell,,30756006,,R-1-6,0,7.26,0.13384387014264243
Campbell,,30755014,,R-1-6,0,7.26,0.14450625469010855
Campbell,,41233005,,LI,0,0,0.005383287588350454
Campbell,,30741006,,R-1-6,0,7.26,0.142345271347908
Campbell,,42433117,,ROW,0,0,3.2337938119717284
Campbell,,27936223,,MDR,18,25,0.010326093632412804
Campbell,,30538007,,MDR,18,25,0.18681173146306934
Campbell,,27936250,,MDR,18,25,0.010321557630630565
Campbell,,27936042,,MDR,18,25,0.01032451789732712
Campbell,,40402044,,MDR,18,25,0.6231874631372326
Campbell,,30523001,,R-1-6,0,7.26,0.13024213416270494
Campbell,,40431036,,MDR,18,25,0.18400100780364595
Campbell,,30519009,,R-1-6,0,7.26,0.15900001586313836
Campbell,,40433018,,R-1-6,0,7.26,0.17215736797381376
Campbell,,28809089,,HD-MU,34,45,0.5019075320942329
Campbell,,40621012,,R-1-10,0,4.35,0.3011385938818697
Campbell,,30753095,,R-1-6,0,7.26,0.13882280915366088
Campbell,,30516006,,LMDR,8,16,0.028805314200758544
Campbell,,40309021,,R-1-6,0,7.26,0.19606559974421847
Campbell,,30523004,,R-1-6,0,7.26,0.15783078141542922
Campbell,,30715027,,R-1-6,0,7.26,0.1419031878138853
Campbell,,30518051,,R-1-6,0,7.26,0.143718297212357
Campbell,,27920049,,R-1-6,0,7.26,0.13572972136040354
Campbell,,30550011,,MDR,18,25,0.023398417827616497
Campbell,,40605006,,R-1-6,0,7.26,0.15698418990230759
Campbell,,41231008,,LI,0,0,0.4256161837410316
Campbell,,40426006,,R-1-10,0,4.35,0.29103614042166626
Campbell,,40308016,,R-1-6,0,7.26,0.1362836230597701
Campbell,,28815025,,R-1-6,0,7.26,0.1598311602311134
Campbell,,27946010,,R-1-6,0,7.26,0.1925010023240199
Campbell,,27922055,,R-1-6,0,7.26,0.22044002572274676
Campbell,,28814002,,R-1-6,0,7.26,0.18869502288637433
Campbell,,30535015,,R-1-6,0,7.26,0.4278317488531593
Campbell,,30522041,,OS,0,0,3.93135583536282
Campbell,,30756034,,R-1-6,0,7.26,0.20626736542175092
Campbell,,28812060,,MDR,18,25,0.14893785981973381
Campbell,,40406009,,R-1-6,0,7.26,0.2399044557238738
Campbell,,30538009,,MDR,18,25,0.3742644702743331
Campbell,,30554017,,MDR,18,25,0.01269247826278669
Campbell,,27936120,,MDR,18,25,0.017561367172591318
Campbell,,41237015,,R-1-8,0,5.45,0.3599549344135532
Campbell,,28824011,,R-1-6,0,7.26,0.18201928705090445
Campbell,,40312064,,R-1-9,0,4.84,0.3236466152955576
Campbell,,40425041,,R-1-6,0,7.26,0.17847886280304687
Campbell,,40625011,,LMDR,8,16,0.27954789562757365
Campbell,,28808058,,R-1-6,0,7.26,0.25418729545768876
Campbell,,40406060,,R-1-6,0,7.26,0.23856302431258858
Campbell,,40353030,,R-1-6,0,7.26,0.16177581520805423
Campbell,,41224019,,R-1-8,0,5.45,0.2623898875213031
Campbell,,40607021,,R-1-6,0,7.26,0.13781264206324856
Campbell,,28812076,,R-1-6,0,7.26,0.17198344689799192
Campbell,,40344048,,R-1-6,0,7.26,0.1418895772075281
Campbell,,40343028,,R-1-6,0,7.26,0.14004225695877806
Campbell,,28814066,,R-1-6,0,7.26,0.15006083843964674
Campbell,,42443013,,MDR,18,25,0.01212063782587996
Campbell,,41402034,,R-1-8,0,5.45,0.19976686160247234
Campbell,,41206059,,R-1-6,0,7.26,0.17036779320303372
Campbell,,41237035,,R-1-6,0,7.26,0.23632939691572635
Campbell,,40606092,,R-1-6,0,7.26,0.1504868007362387
Campbell,,30519026,,R-1-6,0,7.26,0.24182089495291498
Campbell,,40353108,,OS,0,0,0.16105072243459792
Campbell,,40353049,,R-1-6,0,7.26,0.17155281699437275
Campbell,,40336084,,MDR,18,25,0.1714758747388045
Campbell,,28812066,,R-1-6,0,7.26,0.16066361761094725
Campbell,,40315055,,R-1-9,0,4.84,0.20672598450532062
Campbell,,30554016,,MDR,18,25,0.013113316090505443
Campbell,,41235016,,R-1-6,0,7.26,0.1393236031243075
Campbell,,42443057,,MDR,18,25,0.01262469646255735
Campbell,,40348044,,R-1-6,0,7.26,0.18149584027340487
Campbell,,28813028,,R-1-6,0,7.26,0.17620213673726642
Campbell,,30741029,,LMDR,8,16,0.17233258511364002
Campbell,,28809009,,R-1-6,0,7.26,0.23698371569565166
Campbell,,40618021,,R-1-6,0,7.26,0.14039342132558713
Campbell,,42405058,,R-1-6,0,7.26,0.19186661951897047
Campbell,,30751026,,R-1-6,0,7.26,0.1425922443810251
Campbell,,30756058,,R-1-6,0,7.26,0.17046131329894604
Campbell,,27919020,,R-1-6,0,7.26,0.13914759550252948
Campbell,,28825015,,R-1-6,0,7.26,0.2218706432683752
Campbell,,40318073,,R-1-9,0,4.84,0.2121556539315842
Campbell,,41401021,,R-1-8,0,5.45,0.1886959004302474
Campbell,,30537013,,MDR,18,25,0.1955124337795403
Campbell,,40344050,,R-1-6,0,7.26,0.14402773087275217
Campbell,,30707052,,R-1-6,0,7.26,0.13049512300927946
Campbell,,30717045,,R-1-6,0,7.26,0.14463349953455693
Campbell,,41230047,,LI,0,0,0.03547893318779111
Campbell,,41239023,,R-1-8,0,5.45,0.276573840310099
Campbell,,30715056,,R-1-6,0,7.26,0.21842687656411605
Campbell,,30749040,,R-1-6,0,7.26,0.1402378516673822
Campbell,,30519003,,R-1-6,0,7.26,0.1436173568912894
Campbell,,41238024,,R-1-6,0,7.26,0.16434838093307516
Campbell,,40424020,,R-1-6,0,7.26,0.1405045650751274
Campbell,,40617046,,R-1-6,0,7.26,0.14219107398361852
Campbell,,41219002,,MHDR,26,33,0.012284475861636486
Campbell,,28809044,,R-1-6,0,7.26,0.18331899515903077
Campbell,,41204057,,R-1-6,0,7.26,0.2533685075156615
Campbell,,30533049,,R-1-6,0,7.26,0.18778143392499333
Campbell,,40316035,,R-1-10,0,4.35,0.25093214299502326
Campbell,,30752034,,R-1-6,0,7.26,0.13780712197889317
Campbell,,28825003,,R-1-6,0,7.26,0.22197925538089214
Campbell,,28819006,,R-1-6,0,7.26,0.213706916852889
Campbell,,41228044,,MHDR,26,33,0.018809615683681998
Campbell,,27922043,,R-1-6,0,7.26,0.2387565334897244
Campbell,,27936312,,MDR,18,25,0.017564989941744383
Campbell,,41401013,,R-1-8,0,5.45,0.261624353139379
Campbell,,40308093,,R-1-6,0,7.26,0.13812956158476394
Campbell,,40315062,,R-1-9,0,4.84,0.23528408044644714
Campbell,,40313092,,R-1-6,0,7.26,0.1455741547607278
Campbell,,28806043,,R-1-6,0,7.26,0.21610805500796967
Campbell,,41237021,,R-1-6,0,7.26,0.15718014733131044
Campbell,,41402064,,R-1-8,0,5.45,0.20688309536956104
Campbell,,28808032,,R-1-6,0,7.26,0.19752288599902157
Campbell,,30522017,,R-1-6,0,7.26,0.17221345310553426
Campbell,,28818009,,R-1-6,0,7.26,0.36752149440608695
Campbell,,28813084,,R-1-6,0,7.26,0.22490115079645276
Campbell,,30717053,,R-1-6,0,7.26,0.1398212930484725
Campbell,,30749003,,R-1-6,0,7.26,0.3311306280377421
Campbell,,40313080,,R-1-6,0,7.26,0.14144357568940366
Campbell,,40424028,,R-1-6,0,7.26,0.14603970571555283
Campbell,,40401010,,MDR,18,25,0.20036850897441946
Campbell,,30708051,,R-1-6,0,7.26,0.13781989879011283
Campbell,,40344023,,R-1-6,0,7.26,0.13474905207701338
Campbell,,40336066,,MDR,18,25,0.18595001986249188
Campbell,,28819053,,R-1-6,0,7.26,0.3124071008224814
Campbell,,42443006,,MDR,18,25,0.012629190130324205
Campbell,,28811047,,R-1-6,0,7.26,0.1516405078380364
Campbell,,27946019,,R-1-6,0,7.26,0.11259813230234336
Campbell,,27930041,,R-1-6,0,7.26,0.15617583310157818
Campbell,,30534022,,R-1-6,0,7.26,0.2883574209764701
Campbell,,30718020,,R-1-6,0,7.26,0.16093157055402876
Campbell,,30715022,,R-1-6,0,7.26,0.1422944776880598
Campbell,,28816017,,R-1-6,0,7.26,0.233342256257901
Campbell,,40310061,,R-1-6,0,7.26,0.3732416671621695
Campbell,,28217017,,R-1-6,0,7.26,0.1558361733079076
Campbell,,40343064,,R-1-6,0,7.26,0.13774122735015282
Campbell,,41234020,,LI,0,0,0.022660339822043834
Campbell,,30749041,,R-1-6,0,7.26,0.14028096415519106
Campbell,,40613043,,LMDR,8,16,0.23267089518497638
Campbell,,27945011,,R-1-6,0,7.26,0.09796120952899226
Campbell,,28813037,,R-1-6,0,7.26,0.17264635579164053
Campbell,,41214009,,MHDR,26,33,0.016350665675658238
Campbell,,30523066,,R-1-6,0,7.26,0.21753864812301033
Campbell,,41218044,,MHDR,26,33,0.02339124200262753
Campbell,,30753002,,R-1-6,0,7.26,0.1909967574779248
Campbell,,27936192,,MDR,18,25,0.017549960051930085
Campbell,,41248005,,MHDR,26,33,0.02886834007670516
Campbell,,40406072,,R-1-6,0,7.26,0.2548263439089779
Campbell,,40310022,,R-1-6,0,7.26,0.23015013030203457
Campbell,,40613019,,R-1-6,0,7.26,0.1600750079954276
Campbell,,41229011,,HD-MU,34,45,4.9831856574850875
Campbell,,27923019,,R-1-6,0,7.26,0.22177630909659318
Campbell,,30537029,,MDR,18,25,0.21008377553221402
Campbell,,41230017,,MHDR,26,33,0.1838407817893812
Campbell,,40605036,,R-1-6,0,7.26,0.13238877445098554
Campbell,,40312098,,R-1-9,0,4.84,0.2947244296638032
Campbell,,40613041,,LMDR,8,16,0.240151465733016
Campbell,,27946051,,R-1-6,0,7.26,0.22130716277312412
Campbell,,40423013,,R-1-6,0,7.26,0.14400800974117856
Campbell,,41211006,,MHDR,26,33,0.02770388827468777
Campbell,,28217051,,R-1-6,0,7.26,0.16184441138203057
Campbell,,28809068,,R-1-6,0,7.26,0.3110577681929762
Campbell,,42440004,,LI,0,0,2.5348939284717003
Campbell,,30717027,,R-1-6,0,7.26,0.14464130530727434
Campbell,,28805024,,R-1-6,0,7.26,0.1860531299015394
Campbell,,30753016,,R-1-6,0,7.26,0.14306755567525695
Campbell,,30524003,,R-1-6,0,7.26,0.2413802127260688
Campbell,,27929030,,R-1-6,0,7.26,0.18844161976470927
Campbell,,41211049,,MHDR,26,33,0.02664050295718965
Campbell,,40406012,,R-1-6,0,7.26,0.2522826870027024
Campbell,,30707067,,R-1-6,0,7.26,0.19554477923462268
Campbell,,41215047,,MHDR,26,33,0.01663767994140584
Campbell,,41215048,,MHDR,26,33,0.01663767994140584
Campbell,,27921039,,R-1-6,0,7.26,0.2030334306525726
Campbell,,30537017,,MDR,18,25,0.20161390970351134
Campbell,,40433043,,R-1-6,0,7.26,0.14767187363855064
Campbell,,28813036,,R-1-6,0,7.26,0.17837744204298883
Campbell,,40426059,,R-1-10,0,4.35,0.26621110285399796
Campbell,,27929016,,LMDR,8,16,0.19299165294088683
Campbell,,41405047,,R-1-8,0,5.45,0.2068631693102019
Campbell,,30747019,,MDR,18,25,0.19296266065613363
Campbell,,40612099,,R-1-6,0,7.26,0.14185503737533853
Campbell,,30752019,,R-1-6,0,7.26,0.18589741145044028
Campbell,,30539004,,ROW,0,0,0.18795381093955765
Campbell,,30520023,,R-1-6,0,7.26,0.19994669709605994
Campbell,,41238050,,R-1-6,0,7.26,0.22170227761980474
Campbell,,40348082,,R-1-6,0,7.26,0.14822265368298915
Campbell,,40406014,,R-1-6,0,7.26,0.2385378561382976
Campbell,,40612066,,R-1-6,0,7.26,0.1418200413006348
Campbell,,41209022,,CC-MU,45,60,0.13903167498199973
Campbell,,28819066,,R-1-6,0,7.26,0.2146636080565424
Campbell,,28825052,,R-1-6,0,7.26,0.18210104044724448
Campbell,,40620024,,R-1-10,0,4.35,0.3298744466334867
Campbell,,40348019,,R-1-6,0,7.26,0.2467864330652968
Campbell,,40433040,,R-1-6,0,7.26,0.14752652371476643
Campbell,,30715013,,R-1-6,0,7.26,0.13804435576334953
Campbell,,30524020,,R-1-6,0,7.26,0.2906805345233832
Campbell,,27929041,,GC,0,0,0.7593779106145312
Campbell,,42405013,,R-1-6,0,7.26,0.19447803037007935
Campbell,,40624052,,R-1-10,0,4.35,0.2846220580925005
Campbell,,40343118,,R-1-6,0,7.26,0.14720754269993339
Campbell,,28815023,,R-1-6,0,7.26,0.15217276162257218
Campbell,,30523063,,R-1-6,0,7.26,0.21717737643325496
Campbell,,28818015,,R-1-6,0,7.26,0.27737987253535973
Campbell,,40318123,,R-1-9,0,4.84,0.3527836430296743
Campbell,,28824010,,R-1-6,0,7.26,0.1983208586868542
Campbell,,30716012,,NC,0,0,0.6417183022166697
Campbell,,40430038,,R-1-10,0,4.35,0.2637987141255784
Campbell,,30718025,,R-1-6,0,7.26,0.16238095391830948
Campbell,,27936033,,MDR,18,25,0.016417413109344758
Campbell,,40343128,,R-1-6,0,7.26,0.13865747965967773
Campbell,,40422032,,R-1-6,0,7.26,0.23074916457902767
Campbell,,30531034,,MDR,18,25,0.3904776670624885
Campbell,,27936288,,MDR,18,25,0.01756006705289854
Campbell,,30750004,,MDR,18,25,0.18314223455322345
Campbell,,27920040,,R-1-6,0,7.26,0.14235187978585556
Campbell,,27922053,,R-1-6,0,7.26,0.2979384619694108
Campbell,,27935024,,R-1-6,0,7.26,0.16073073447231934
Campbell,,40623014,,R-1-8,0,5.45,0.2491379295962703
Campbell,,28810037,,R-1-6,0,7.26,0.3063820093465404
Campbell,,30535007,,R-1-6,0,7.26,0.23725852443973056
Campbell,,30523020,,R-1-6,0,7.26,0.22403181059967192
Campbell,,27923042,,R-1-6,0,7.26,0.2608190882884633
Campbell,,42440008,,LI,0,0,0.824363246800004
Campbell,,40426060,,R-1-10,0,4.35,0.40142894509878196
Campbell,,40353022,,R-1-6,0,7.26,0.15237309212890449
Campbell,,27935010,,R-1-6,0,7.26,0.1613609376428001
Campbell,,30519078,,PO,0,0,0.1910820502191086
Campbell,,40312057,,R-1-9,0,4.84,0.19935846766422327
Campbell,,41215019,,MHDR,26,33,0.017140012580226256
Campbell,,30727087,,LMDR,8,16,0.17681194226339125
Campbell,,41401055,,R-1-8,0,5.45,0.20298943663650793
Campbell,,27929027,,R-1-6,0,7.26,0.19470668709118755
Campbell,,40343124,,R-1-6,0,7.26,0.13972848233062468
Campbell,,30707047,,R-1-6,0,7.26,0.2249771929093071
Campbell,,40642005,,R-1-6,0,7.26,0.0188394855155585
Campbell,,30718014,,R-1-6,0,7.26,0.14651160627875895
Campbell,,30753085,,R-1-6,0,7.26,0.1526648753733847
Campbell,,30503061,,R-1-6,0,7.26,0.23145243285078262
Campbell,,28824002,,R-1-6,0,7.26,0.192704125947721
Campbell,,28812027,,R-1-6,0,7.26,0.1533248256921524
Campbell,,30519055,,R-1-6,0,7.26,0.2205152951698614
Campbell,,40343110,,R-1-6,0,7.26,0.17547494259470758
Campbell,,40619051,,R-1-8,0,5.45,0.30536386430941254
Campbell,,40616032,,R-1-10,0,4.35,0.22460458476741438
Campbell,,40616018,,R-1-10,0,4.35,0.19371499826894073
Campbell,,40617036,,R-1-6,0,7.26,0.14119483641378533
Campbell,,40348020,,R-1-6,0,7.26,0.18988017341768013
Campbell,,40430012,,R-1-16,0,2.72,0.24215054487522694
Campbell,,27922027,,R-1-6,0,7.26,0.24714410377695042
Campbell,,27934002,,R-1-6,0,7.26,0.14822430400227854
Campbell,,41435025,,LMDR,8,16,0.026380966347346886
Campbell,,40315064,,R-1-9,0,4.84,0.26742037201966967
Campbell,,40425026,,R-1-6,0,7.26,0.19090149630835015
Campbell,,28808061,,R-1-6,0,7.26,0.261097884095269
Campbell,,27923005,,R-1-6,0,7.26,0.2387618840170114
Campbell,,40315035,,R-1-9,0,4.84,0.14786984962500435
Campbell,,40427005,,R-1-10,0,4.35,0.30295522070057024
Campbell,,27936007,,MDR,18,25,0.0103233180128715
Campbell,,30741030,,LMDR,8,16,0.17050533599182804
Campbell,,30538059,,MDR,18,25,0.303679542991145
Campbell,,30524030,,R-1-6,0,7.26,0.1715424827961894
Campbell,,27933024,,R-1-6,0,7.26,0.22801227373121696
Campbell,,40432025,,R-1-6,0,7.26,0.13714091318908866
Campbell,,30554008,,MDR,18,25,0.012686725537831406
Campbell,,42401063,,LI,0,0,0.5955201003351711
Campbell,,40346045,,R-1-6,0,7.26,0.2123687947021433
Campbell,,30519006,,R-1-6,0,7.26,0.14301367362718997
Campbell,,41444026,,R-1-6,0,7.26,0.14681327041348138
Campbell,,40606043,,R-1-6,0,7.26,0.3358823372325529
Campbell,,30520016,,MDR,18,25,0.21143650138591277
Campbell,,41230010,,MHDR,26,33,0.18808197927379322
Campbell,,40612013,,R-1-6,0,7.26,0.15594717197589134
Campbell,,41211039,,MHDR,26,33,0.02614580540433102
Campbell,,30743033,,R-1-6,0,7.26,0.15492728547560308
Campbell,,40343072,,R-1-6,0,7.26,0.13201349121493494
Campbell,,40348028,,R-1-6,0,7.26,0.19295011697092443
Campbell,,28813085,,R-1-6,0,7.26,0.3662373990109669
Campbell,,40604044,,R-1-6,0,7.26,0.196269560484423
Campbell,,28819017,,R-1-6,0,7.26,0.3239804961101932
Campbell,,40407004,,R-1-6,0,7.26,0.19319131399894077
Campbell,,41444030,,R-1-6,0,7.26,0.2568705573972361
Campbell,,42406097,,PO,0,0,1.5563968330363673
Campbell,,41209020,,CC-MU,45,60,0.253639554107194
Campbell,,40607015,,R-1-6,0,7.26,0.17480741399982572
Campbell,,40617055,,R-1-6,0,7.26,0.13944746277956857
Campbell,,30754042,,R-1-6,0,7.26,0.16596080904701999
Campbell,,30749012,,R-1-6,0,7.26,0.1392769346600763
Campbell,,30754026,,R-1-6,0,7.26,0.24465249318547325
Campbell,,41204059,,R-1-6,0,7.26,0.16878270191140649
Campbell,,40603014,,R-1-6,0,7.26,0.14726366287687162
Campbell,,30715032,,R-1-6,0,7.26,0.1471819134121242
Campbell,,30755040,,R-1-6,0,7.26,0.13606200200200724
Campbell,,30750030,,R-1-6,0,7.26,0.14273758741442805
Campbell,,42433025,,OS,0,0,2.4579323793776005
Campbell,,40422050,,R-1-6,0,7.26,0.17887005845205892
Campbell,,30531032,,MDR,18,25,0.6600839038905082
Campbell,,28823061,,R-1-6,0,7.26,0.20113316327740766
Campbell,,41402023,,R-1-8,0,5.45,0.18483036320126361
Campbell,,30504012,,MDR,18,25,0.17822810190757446
Campbell,,40425023,,R-1-6,0,7.26,0.19092202140000028
Campbell,,41232017,,LI,0,0,0.8144707716405771
Campbell,,27938018,,LMDR,8,16,0.21336552497632602
Campbell,,30534025,,R-1-6,0,7.26,0.28525472992305173
Campbell,,41237074,,R-1-8,0,5.45,0.19652706506674772
Campbell,,30717029,,R-1-6,0,7.26,0.1430360413991585
Campbell,,40344016,,R-1-6,0,7.26,0.13496849808617678
Campbell,,28215026,,MDR,18,25,0.6220581259647319
Campbell,,40622011,,R-1-10,0,4.35,0.24719820558353353
Campbell,,27936082,,MDR,18,25,0.01032334892753769
Campbell,,28225009,,ROW,0,0,0.6032334309943638
Campbell,,42406109,,ROW,0,0,0.0486575617439487
Campbell,,41205062,,R-1-6,0,7.26,0.25616175593601803
Campbell,,27940062,,LMDR,8,16,0.0203515107456013
Campbell,,28810062,,R-1-6,0,7.26,0.16450138092699848
Campbell,,27920019,,R-1-6,0,7.26,0.17675046253710638
Campbell,,30523048,,R-1-6,0,7.26,0.1802867148204865
Campbell,,40613066,,R-1-6,0,7.26,0.13737580777670697
Campbell,,28805007,,R-1-6,0,7.26,0.24407086886193066
Campbell,,42403014,,R-1-6,0,7.26,0.18447914943291244
Campbell,,30756007,,R-1-6,0,7.26,0.12673208717601442
Campbell,,41440051,,MHDR,26,33,0.014722928556836115
Campbell,,30520028,,R-1-6,0,7.26,0.20130584930803874
Campbell,,40309015,,R-1-6,0,7.26,0.20424559504499715
Campbell,,41209063,,CC-MU,45,60,0.1955525235685391
Campbell,,40315075,,R-1-9,0,4.84,0.21218682357588292
Campbell,,30726036,,MDR,18,25,0.21018704797960003
Campbell,,42405059,,R-1-6,0,7.26,0.19185517481177652
Campbell,,28814065,,R-1-6,0,7.26,0.1499085682250522
Campbell,,40604028,,R-1-6,0,7.26,0.14852133543732893
Campbell,,40308113,,R-1-6,0,7.26,0.13690632794156
Campbell,,40318002,,R-1-9,0,4.84,0.1701686240515437
Campbell,,27937075,,GC,0,0,0.7724479280746314
Campbell,,40431021,,MDR,18,25,0.23311577984124077
Campbell,,28825080,,R-1-6,0,7.26,0.17537704947398453
Campbell,,27922032,,R-1-6,0,7.26,0.2294164946076456
Campbell,,40318020,,R-1-9,0,4.84,0.18064557834536832
Campbell,,40310055,,R-1-6,0,7.26,0.21937549436773116
Campbell,,40348007,,R-1-6,0,7.26,0.17529259519295232
Campbell,,28816009,,R-1-6,0,7.26,0.23512170486550577
Campbell,,28809087,,R-1-6,0,7.26,0.1865231434398595
Campbell,,30741022,,R-1-6,0,7.26,0.15784545642443482
Campbell,,41204051,,PO,0,0,0.11137210658329538
Campbell,,40406003,,R-1-6,0,7.26,0.23927213797669755
Campbell,,30753057,,R-1-6,0,7.26,0.14141151396284946
Campbell,,27940030,,R-1-6,0,7.26,0.14920341515262794
Campbell,,40618053,,R-1-8,0,5.45,0.1933788801932274
Campbell,,41437009,,LI,0,0,1.9309669275177128
Campbell,,28216025,,LMDR,8,16,0.17040357713709695
Campbell,,41207016,,R-1-6,0,7.26,0.15542087456439965
Campbell,,30707045,,R-1-6,0,7.26,0.14061921610759984
Campbell,,40604038,,R-1-6,0,7.26,0.27809205688081406
Campbell,,40343049,,R-1-6,0,7.26,0.14334953899011824
Campbell,,30523018,,R-1-6,0,7.26,0.22390183268677227
Campbell,,30718004,,R-1-6,0,7.26,0.1466022191261993
Campbell,,28809057,,NC,0,0,0.35719961619805907
Campbell,,27937058,,PO,0,0,0.1589484968009595
Campbell,,30740041,,CC-MU,45,60,0.9145804006804472
Campbell,,40616055,,R-1-10,0,4.35,0.2321306040442592
Campbell,,30754002,,R-1-6,0,7.26,0.1358463136233665
Campbell,,30744040,,R-1-6,0,7.26,0.14029347644573217
Campbell,,27946048,,HD-MU,34,45,0.12248467224973351
Campbell,,40623046,,R-1-10,0,4.35,0.29446652810483115
Campbell,,41435021,,LMDR,8,16,0.026377494261555334
Campbell,,30718022,,R-1-6,0,7.26,0.16166631397362463
Campbell,,30523010,,R-1-6,0,7.26,0.22332030869523892
Campbell,,40324003,,OS,0,0,0.11845850842511729
Campbell,,30539017,,R-1-6,0,7.26,0.18267017181367576
Campbell,,40431011,,MDR,18,25,0.2022163761217577
Campbell,,30554010,,MDR,18,25,0.012644486780575932
Campbell,,42433050,,RD,0,0,1.6150253626411237
Campbell,,40319098,,R-1-9,0,4.84,0.26396176050980463
Campbell,,30554002,,MDR,18,25,0.011796341875673227
Campbell,,40616007,,R-1-10,0,4.35,0.19424638438374464
Campbell,,41204063,,R-1-6,0,7.26,0.1684767409265535
Campbell,,30519049,,R-1-6,0,7.26,0.2222576919987067
Campbell,,28814044,,R-1-6,0,7.26,0.22106073396572845
Campbell,,30718055,,R-1-6,0,7.26,0.14624756098296224
Campbell,,40619026,,R-1-8,0,5.45,0.20241131442721166
Campbell,,42404063,,R-1-6,0,7.26,0.19844746912858363
Campbell,,30741008,,R-1-6,0,7.26,0.1420349648955752
Campbell,,40343041,,R-1-6,0,7.26,0.13992694480864545
Campbell,,30756049,,R-1-6,0,7.26,0.13871430384226793
Campbell,,41204062,,R-1-6,0,7.26,0.16853535471279343
Campbell,,28816031,,R-1-6,0,7.26,0.22680803731560858
Campbell,,40430068,,MDR,18,25,0.21489477141408658
Campbell,,28825076,,R-1-6,0,7.26,0.21227137866926088
Campbell,,41238010,,R-1-6,0,7.26,0.1394172461375544
Campbell,,41235033,,R-1-6,0,7.26,0.14931089143231197
Campbell,,27934022,,R-1-6,0,7.26,0.1760399803840263
Campbell,,42433069,,RD,0,0,1.497500984893071
Campbell,,28812067,,R-1-6,0,7.26,0.17806064799924295
Campbell,,40622020,,R-1-10,0,4.35,0.23352184905792556
Campbell,,30751031,,R-1-6,0,7.26,0.1541688954074641
Campbell,,40344035,,R-1-6,0,7.26,0.14048946074023613
Campbell,,41205060,,R-1-6,0,7.26,0.17369192096301703
Campbell,,41237005,,R-1-8,0,5.45,0.28703017011943366
Campbell,,40308100,,R-1-6,0,7.26,0.1377319017823921
Campbell,,28811041,,R-1-6,0,7.26,0.15704033815067034
Campbell,,41211028,,MHDR,26,33,0.025889700234353174
Campbell,,30726031,,MDR,18,25,0.19957844719767903
Campbell,,40424043,,OS,0,0,1.6646227924480392
Campbell,,30741035,,LMDR,8,16,0.1558654698196776
Campbell,,40348005,,R-1-6,0,7.26,0.18314300838719746
Campbell,,28808041,,R-1-6,0,7.26,0.1980388917244617
Campbell,,40346043,,R-1-6,0,7.26,0.21274493390042584
Campbell,,40343105,,R-1-6,0,7.26,0.13620765428170942
Campbell,,40614010,,R-1-8,0,5.45,0.18064886568081132
Campbell,,28817010,,R-1-6,0,7.26,0.2668681835332716
Campbell,,41435010,,LMDR,8,16,0.026385995776839775
Campbell,,40308055,,R-1-6,0,7.26,0.1382665803489853
Campbell,,40619032,,LMDR,8,16,0.1961775037524694
Campbell,,40612016,,R-1-6,0,7.26,0.20164243191083858
Campbell,,40346026,,R-1-6,0,7.26,0.14958077449870813
Campbell,,40613064,,R-1-6,0,7.26,0.16211859478895135
Campbell,,27930026,,R-1-6,0,7.26,0.17483271236825268
Campbell,,40310064,,R-1-6,0,7.26,0.1938565804005513
Campbell,,28819056,,R-1-6,0,7.26,0.22509075190240108
Campbell,,27936036,,MDR,18,25,0.01755723655193214
Campbell,,27936317,,MDR,18,25,0.016422108216449863
Campbell,,30534017,,R-1-6,0,7.26,0.29057498701201373
Campbell,,40343097,,R-1-6,0,7.26,0.14581686134675792
Campbell,,40603040,,R-1-6,0,7.26,0.2919302794241217
Campbell,,41231024,,LI,0,0,0.4573419094793258
Campbell,,30534015,,R-1-6,0,7.26,0.2716709589616416
Campbell,,42404008,,R-1-6,0,7.26,0.20944204267677735
Campbell,,41235040,,LI,0,0,1.0587052227286045
Campbell,,28824030,,R-1-6,0,7.26,0.1755858677920909
Campbell,,40624048,,R-1-10,0,4.35,0.2818966977812328
Campbell,,30732001,,MDR,18,25,0.18147882771235813
Campbell,,40310021,,R-1-6,0,7.26,0.24186836546247054
Campbell,,27923040,,R-1-6,0,7.26,0.2574275624904285
Campbell,,40602033,,R-1-6,0,7.26,0.26848358905984676
Campbell,,30747006,,MDR,18,25,0.17909252236360668
Campbell,,41441022,,MHDR,26,33,0.10089323320681212
Campbell,,40610018,,OS,0,0,9.613622886261725
Campbell,,27936078,,MDR,18,25,0.01032130091178027
Campbell,,30533080,,R-1-6,0,7.26,0.2236085977549664
Campbell,,40601019,,R-1-6,0,7.26,0.17034832864650937
Campbell,,41210062,,CC-MU,45,60,0.9083171675555644
Campbell,,30519069,,R-1-6,0,7.26,0.24959930250372075
Campbell,,30533058,,R-1-6,0,7.26,0.1929296814847202
Campbell,,41230025,,LI,0,0,0.31380613384870276
Campbell,,41237016,,R-1-8,0,5.45,0.33622836175022197
Campbell,,30756026,,R-1-6,0,7.26,0.2350461718625516
Campbell,,28217011,,LMDR,8,16,0.17729420989855385
Campbell,,30707058,,R-1-6,0,7.26,0.147369128193929
Campbell,,30740026,,R-1-6,0,7.26,0.14224416131959
Campbell,,30749011,,R-1-6,0,7.26,0.14205061671783384
Campbell,,27924003,,R-1-6,0,7.26,0.2129731937359935
Campbell,,40602013,,R-1-6,0,7.26,0.19833985107750746
Campbell,,40320031,,ROW,0,0,2.9220087132301664
Campbell,,41433023,,R-1-6,0,7.26,0.272671736457069
Campbell,,30708053,,R-1-6,0,7.26,0.1377942788872589
Campbell,,28817037,,R-1-6,0,7.26,0.25132853779350306
Campbell,,40353107,,OS,0,0,0.0506610406388813
Campbell,,40310016,,R-1-6,0,7.26,0.2329210450110916
Campbell,,30750047,,R-1-6,0,7.26,0.1370257115954395
Campbell,,41207038,,CB-MU,26,33,0.10434947091903979
Campbell,,40313058,,R-1-6,0,7.26,0.14124583354451345
Campbell,,41215071,,MHDR,26,33,0.017150694159419066
Campbell,,40613008,,R-1-6,0,7.26,0.20791477938146627
Campbell,,30752041,,R-1-6,0,7.26,0.14108321153646794
Campbell,,41218051,,MHDR,26,33,0.023273792085339338
Campbell,,40318119,,R-1-9,0,4.84,0.21142598336367244
Campbell,,40353090,,R-1-6,0,7.26,0.15880165632136256
Campbell,,30533056,,R-1-6,0,7.26,0.18105486368420767
Campbell,,30520042,,R-1-6,0,7.26,0.17999874973818947
Campbell,,28825017,,R-1-6,0,7.26,0.18772357990716718
Campbell,,40622040,,R-1-10,0,4.35,0.24739314806239995
Campbell,,40309092,,R-1-6,0,7.26,0.1578220633097116
Campbell,,40406001,,R-1-6,0,7.26,0.2838691379083042
Campbell,,28809022,,R-1-6,0,7.26,0.18322446509190063
Campbell,,41211023,,MHDR,26,33,0.025960370575012177
Campbell,,41435041,,LMDR,8,16,0.018705469872409265
Campbell,,27933040,,GC,0,0,0.5882780757485396
Campbell,,30534024,,R-1-6,0,7.26,0.28864813969114583
Campbell,,42401101,,LI,0,0,1.013743910089359
Campbell,,41239028,,R-1-8,0,5.45,0.2571373697987646
Campbell,,41228003,,MHDR,26,33,0.012044839680343063
Campbell,,30533048,,R-1-6,0,7.26,0.18788844225484727
Campbell,,30714035,,R-1-6,0,7.26,0.16049865865754037
Campbell,,40623032,,R-1-8,0,5.45,0.2246756574402273
Campbell,,40618051,,LMDR,8,16,0.20756840186936334
Campbell,,41237062,,R-1-6,0,7.26,0.18922285933666388
Campbell,,28813030,,R-1-6,0,7.26,0.16562134724401603
Campbell,,30550001,,MDR,18,25,0.02343900278373109
Campbell,,27924009,,R-1-6,0,7.26,0.21109868791976968
Campbell,,30756018,,R-1-6,0,7.26,0.13757543239641454
Campbell,,28816035,,R-1-6,0,7.26,0.1864722468560887
Campbell,,40619033,,LMDR,8,16,0.20125122078343918
Campbell,,40407027,,R-1-6,0,7.26,0.13241438931981914
Campbell,,30550017,,MDR,18,25,0.01910903765655622
Campbell,,41215026,,MHDR,26,33,0.016290967223344135
Campbell,,27920065,,R-1-6,0,7.26,0.16261722138627452
Campbell,,41433058,,R-1-6,0,7.26,0.13957992238543296
Campbell,,30740011,,R-1-6,0,7.26,0.13360685605229655
Campbell,,41218016,,MHDR,26,33,0.023398012628559263
Campbell,,40429014,,R-1-10,0,4.35,0.19557321408713785
Campbell,,40614033,,R-1-8,0,5.45,0.186725720778508
Campbell,,30748056,,R-1-6,0,7.26,0.15883276211584307
Campbell,,27946018,,R-1-6,0,7.26,0.11260983167982218
Campbell,,41441026,,MHDR,26,33,0.10089323320681212
Campbell,,41405039,,R-1-8,0,5.45,0.20831067946162143
Campbell,,40318102,,R-1-9,0,4.84,0.3365217210136302
Campbell,,40612006,,LMDR,8,16,0.18597441291096062
Campbell,,40622059,,R-1-10,0,4.35,0.23951492559367224
Campbell,,27933041,,GC,0,0,0.9069746435446828
Campbell,,40321098,,ROW,0,0,0.018302803813738954
Campbell,,41210034,,MHDR,26,33,0.196043321452651
Campbell,,30524011,,R-1-6,0,7.26,0.23303834998896225
Campbell,,41209040,,CC-MU,45,60,0.28444587150936823
Campbell,,30756065,,R-1-6,0,7.26,0.14446505404940024
Campbell,,27936134,,MDR,18,25,0.010323154192275539
Campbell,,30529001,,OS,0,0,16.55513520637694
Campbell,,30533047,,R-1-6,0,7.26,0.19405611069792936
Campbell,,27936271,,MDR,18,25,0.010321660043481881
Campbell,,40423014,,R-1-6,0,7.26,0.14401396856588766
Campbell,,28816001,,R-1-6,0,7.26,0.274648938795696
Campbell,,30545002,,MDR,18,25,0.018427433385921253
Campbell,,40353042,,R-1-6,0,7.26,0.1518248979679125
Campbell,,27936084,,MDR,18,25,0.01755641387108605
Campbell,,40614036,,R-1-8,0,5.45,0.181472025366658
Campbell,,28810053,,R-1-6,0,7.26,0.30865882932582944
Campbell,,40344055,,R-1-6,0,7.26,0.13656981808879598
Campbell,,30715060,,R-1-6,0,7.26,0.14187564994288615
Campbell,,30740021,,R-1-6,0,7.26,0.1450544904256632
Campbell,,40619021,,R-1-8,0,5.45,0.19261515659407166
Campbell,,40623022,,R-1-8,0,5.45,0.22947696371245546
Campbell,,41228018,,MHDR,26,33,0.012047740377757356
Campbell,,27939025,,R-1-6,0,7.26,0.21223895242573432
Campbell,,40343001,,R-1-6,0,7.26,0.15096377698265706
Campbell,,30752054,,R-1-6,0,7.26,0.14833715209572437
Campbell,,42403004,,R-1-6,0,7.26,0.18449070799293094
Campbell,,27936253,,MDR,18,25,0.016421793056601602
Campbell,,41237025,,R-1-6,0,7.26,0.14698540216920492
Campbell,,40605047,,R-1-6,0,7.26,0.1419654854266071
Campbell,,28818016,,R-1-6,0,7.26,0.2456312936439939
Campbell,,30539022,,R-1-6,0,7.26,0.1634740225275399
Campbell,,27936172,,MDR,18,25,0.017561367172591318
Campbell,,40617015,,R-1-6,0,7.26,0.14728782963434175
Campbell,,41441049,,MHDR,26,33,0.07832302024172541
Campbell,,41202026,,PF,0,0,0.0032817447681759058
Campbell,,41238036,,R-1-6,0,7.26,0.13856594621559848
Campbell,,40426037,,R-1-10,0,4.35,0.32483958449748473
Campbell,,27936149,,MDR,18,25,0.016418165636751546
Campbell,,30537015,,MDR,18,25,0.1955181579690096
Campbell,,41237040,,R-1-6,0,7.26,0.21115927400818119
Campbell,,40426007,,R-1-10,0,4.35,0.2904558310187236
Campbell,,40342017,,R-1-6,0,7.26,0.14354679179246765
Campbell,,30755012,,R-1-6,0,7.26,0.13971894394977463
Campbell,,41229014,,OS,0,0,0.06233322248937556
Campbell,,40308091,,R-1-6,0,7.26,0.1374416368004692
Campbell,,40612069,,R-1-6,0,7.26,0.17268963983493502
Campbell,,28809071,,R-1-6,0,7.26,0.2295382809662539
Campbell,,41212003,,MHDR,26,33,0.2862854128751677
Campbell,,28813065,,R-1-6,0,7.26,0.1659065334772078
Campbell,,30533055,,R-1-6,0,7.26,0.19626318176149743
Campbell,,40606062,,OS,0,0,1.0000808892849453
Campbell,,40612090,,R-1-6,0,7.26,0.13704746623042283
Campbell,,30716007,,PO,0,0,0.27771063630956255
Campbell,,42433118,,RD,0,0,2.089670745840917
Campbell,,40318043,,R-1-9,0,4.84,0.37036195487510604
Campbell,,30519047,,R-1-6,0,7.26,0.23027658873183304
Campbell,,30754036,,R-1-6,0,7.26,0.27788204234601865
Campbell,,30523089,,R-1-6,0,7.26,0.1918051942973632
Campbell,,40607004,,R-1-6,0,7.26,0.16293271280699448
Campbell,,28824015,,R-1-6,0,7.26,0.1809194274973312
Campbell,,40423022,,R-1-6,0,7.26,0.16592768293586954
Campbell,,41401067,,R-1-8,0,5.45,0.22276630692466848
Campbell,,41434015,,R-1-6,0,7.26,0.20306609501753892
Campbell,,41224018,,R-1-8,0,5.45,0.27439949776103245
Campbell,,41444023,,R-1-6,0,7.26,0.1530028944211463
Campbell,,28815006,,R-1-6,0,7.26,0.1849246517724566
Campbell,,40423030,,R-1-6,0,7.26,0.15046034742210548
Campbell,,42403007,,R-1-6,0,7.26,0.30145215204937637
Campbell,,28810063,,R-1-6,0,7.26,0.16439858734863488
Campbell,,42443036,,MDR,18,25,0.01262872331601553
Campbell,,40616009,,R-1-10,0,4.35,0.4648626721618629
Campbell,,28806060,,R-1-6,0,7.26,0.20116625310592903
Campbell,,41231025,,OS,0,0,8.643800461417117
Campbell,,30523051,,R-1-6,0,7.26,0.18452508064908596
Campbell,,28825029,,R-1-6,0,7.26,0.18210046838203967
Campbell,,30750051,,R-1-6,0,7.26,0.1817577797751113
Campbell,,30539001,,MHDR,26,33,1.2229897892579626
Campbell,,30743053,,R-1-6,0,7.26,0.15450527901737682
Campbell,,28809039,,R-1-6,0,7.26,0.21046249403282835
Campbell,,40616048,,R-1-10,0,4.35,0.16567699059986987
Campbell,,40614034,,R-1-8,0,5.45,0.18739228643588668
Campbell,,40602026,,R-1-6,0,7.26,0.16411351275853497
Campbell,,41433033,,R-1-6,0,7.26,0.19984571732170708
Campbell,,27930013,,R-1-6,0,7.26,0.24414870080044726
Campbell,,40607018,,R-1-6,0,7.26,0.14528401148878886
Campbell,,41235022,,R-1-6,0,7.26,0.1329784893502027
Campbell,,41237057,,R-1-6,0,7.26,0.14602569954761938
Campbell,,27940039,,R-1-6,0,7.26,0.17803101550660197
Campbell,,41218014,,MHDR,26,33,0.024869283519732756
Campbell,,40401002,,NC,0,0,0.3185663854137376
Campbell,,40310126,,R-1-6,0,7.26,0.3402993152125508
Campbell,,28810059,,MDR,18,25,0.20084711333701719
Campbell,,40341003,,MDR,18,25,0.19214941936147129
Campbell,,28809041,,R-1-6,0,7.26,0.17760142591188796
Campbell,,40406044,,R-1-6,0,7.26,0.27607530204751163
Campbell,,40353026,,R-1-6,0,7.26,0.15442151333195916
Campbell,,41209062,,OS,0,0,8.885490330582657
Campbell,,27940035,,R-1-6,0,7.26,0.1747541094157528
Campbell,,41211037,,MHDR,26,33,0.02589385757640003
Campbell,,27936220,,MDR,18,25,0.01756041629598183
Campbell,,30530011,,R-1-6,0,7.26,0.14579742196443288
Campbell,,42443030,,MDR,18,25,0.009362647552014911
Campbell,,41204055,,R-1-6,0,7.26,0.1942060216708063
Campbell,,41237053,,R-1-6,0,7.26,0.17209078806848155
Campbell,,40313050,,R-1-6,0,7.26,0.19178183034025148
Campbell,,41228034,,MHDR,26,33,0.022551339635142525
Campbell,,30740009,,R-1-6,0,7.26,0.17321607346450552
Campbell,,42406126,,R-1-6,0,7.26,0.21993687397853737
Campbell,,30742030,,R-1-6,0,7.26,0.1707006544226452
Campbell,,41240009,,R-1-8,0,5.45,0.2107281140556768
Campbell,,41239042,,R-1-8,0,5.45,0.20609328130320106
Campbell,,40623045,,R-1-10,0,4.35,0.28251356443464076
Campbell,,40409022,,R-1-6,0,7.26,0.14003844040023847
Campbell,,41204067,,R-1-6,0,7.26,0.1678552652132694
Campbell,,30750010,,LMDR,8,16,0.1600964028995432
Campbell,,30531016,,R-1-6,0,7.26,0.18377976479834393
Campbell,,27920037,,R-1-6,0,7.26,0.13912713016536066
Campbell,,30523069,,R-1-6,0,7.26,0.1786866184104201
Campbell,,41440056,,MHDR,26,33,0.014722928555740058
Campbell,,30740005,,R-1-6,0,7.26,0.15220992952529402
Campbell,,27936105,,MDR,18,25,0.016418165627084785
Campbell,,27933022,,R-1-6,0,7.26,0.1480677893322404
Campbell,,40318052,,R-1-9,0,4.84,0.19100016579710755
Campbell,,41236037,,PO,0,0,0.21996224786909954
Campbell,,41238035,,R-1-6,0,7.26,0.13959395149478018
Campbell,,27941022,,CB-MU,26,33,0.16772410767122645
Campbell,,30519038,,R-1-6,0,7.26,0.2381591606937109
Campbell,,40308115,,R-1-6,0,7.26,0.12429033515871261
Campbell,,40343136,,R-1-6,0,7.26,0.13380158208293197
Campbell,,41204072,,R-1-6,0,7.26,0.07029328235720834
Campbell,,27936106,,MDR,18,25,0.010323318019944131
Campbell,,40321027,,LMDR,8,16,0.19396963557181068
Campbell,,41435003,,LMDR,8,16,0.02638109483379292
Campbell,,27931007,,GC,0,0,2.3459250970979513
Campbell,,30714037,,R-1-6,0,7.26,0.2537157563636482
Campbell,,40405051,,R-1-6,0,7.26,0.2424581823143881
Campbell,,40616056,,R-1-10,0,4.35,0.1929853257253719
Campbell,,40616053,,R-1-10,0,4.35,0.2974899410280119
Campbell,,27920053,,R-1-6,0,7.26,0.13636106921542218
Campbell,,40353023,,R-1-6,0,7.26,0.14711726877489073
Campbell,,41209034,,CC-MU,45,60,0.291133428441503
Campbell,,42404082,,ROW,0,0,0.2651928600090475
Campbell,,27919012,,R-1-6,0,7.26,0.13976963137500253
Campbell,,40426015,,R-1-10,0,4.35,0.22168158095890847
Campbell,,28819046,,R-1-6,0,7.26,0.18698679341226346
Campbell,,40344009,,R-1-6,0,7.26,0.15645915987862663
Campbell,,40427014,,R-1-8,0,5.45,0.23662162520936458
Campbell,,41232020,,LI,0,0,0.3592271034806703
Campbell,,40308062,,R-1-6,0,7.26,0.1405277827443443
Campbell,,40621020,,R-1-10,0,4.35,0.414483713806617
Campbell,,40602007,,R-1-6,0,7.26,0.16759309336337475
Campbell,,41215023,,MHDR,26,33,0.016939256389085538
Campbell,,40422038,,R-1-6,0,7.26,0.13784453460415805
Campbell,,28818028,,R-1-6,0,7.26,0.28717041423550893
Campbell,,40308122,,R-1-6,0,7.26,0.13750827378853545
Campbell,,40424017,,R-1-6,0,7.26,0.1772872679206
Campbell,,40313116,,R-1-6,0,7.26,0.16987402834672016
Campbell,,41234013,,LI,0,0,0.44851910201712963
Campbell,,40427007,,R-1-10,0,4.35,0.3029500148439982
Campbell,,30504025,,R-1-6,0,7.26,0.2061457857091909
Campbell,,30534029,,R-1-6,0,7.26,0.2682332263265447
Campbell,,41210045,,CC-MU,45,60,0.7205037908272596
Campbell,,27923053,,R-1-6,0,7.26,0.21539467491555422
Campbell,,30519028,,R-1-6,0,7.26,0.23948977714588263
Campbell,,40422064,,R-1-6,0,7.26,0.15212217648922965
Campbell,,28812043,,R-1-6,0,7.26,0.15534518706488695
Campbell,,41207015,,R-1-6,0,7.26,0.13789389236957592
Campbell,,30755026,,R-1-6,0,7.26,0.1968021523997152
Campbell,,30516009,,LMDR,8,16,0.03185243478520397
Campbell,,30717037,,R-1-6,0,7.26,0.13513485157977148
Campbell,,40602044,,R-1-6,0,7.26,0.2553244241601127
Campbell,,28805050,,R-1-6,0,7.26,0.15256513844390476
Campbell,,41218046,,MHDR,26,33,0.01936260109489599
Campbell,,27941028,,CB-MU,26,33,0.12395913283859578
Campbell,,40433009,,R-1-6,0,7.26,0.23434173450101256
Campbell,,40308077,,R-1-6,0,7.26,0.15304658318545328
Campbell,,40353092,,R-1-6,0,7.26,0.1394449595487348
Campbell,,41215035,,MHDR,26,33,0.01693850767130432
Campbell,,27923002,,R-1-6,0,7.26,0.24472305828482552
Campbell,,30539040,,R-1-6,0,7.26,0.18812240420471396
Campbell,,28813011,,R-1-6,0,7.26,0.19413311939341532
Campbell,,28224010,,GC,0,0,1.0042860163427942
Campbell,,40407020,,R-1-6,0,7.26,0.13500483136033334
Campbell,,40405050,,R-1-6,0,7.26,0.2679287744800298
Campbell,,40309014,,R-1-6,0,7.26,0.20371324353020703
Campbell,,40617025,,R-1-6,0,7.26,0.19550558629435288
Campbell,,40625024,,R-1-10,0,4.35,0.20069572354555856
Campbell,,40429036,,R-1-16,0,2.72,0.3966147743100534
Campbell,,28805012,,R-1-6,0,7.26,0.1824729295471343
Campbell,,27920028,,R-1-6,0,7.26,0.13910900280904714
Campbell,,28825067,,R-1-6,0,7.26,0.18521321430737817
Campbell,,40618043,,LMDR,8,16,0.1880840870516634
Campbell,,30748043,,R-1-6,0,7.26,0.1426824082810778
Campbell,,28815078,,R-1-6,0,7.26,0.16254076333311984
Campbell,,27920074,,R-1-6,0,7.26,0.14692616075928275
Campbell,,41231009,,LI,0,0,0.22286133684145432
Campbell,,40602041,,R-1-6,0,7.26,0.17589321958436074
Campbell,,27939055,,R-1-6,0,7.26,0.19224884185531158
Campbell,,27922038,,R-1-6,0,7.26,0.22648968325785557
Campbell,,41237026,,R-1-6,0,7.26,0.14671783319047701
Campbell,,28216039,,MDR,18,25,0.37152096496257453
Campbell,,27946028,,R-1-6,0,7.26,0.14391069440918053
Campbell,,30534034,,R-1-6,0,7.26,0.25395570279701685
Campbell,,40606037,,R-1-6,0,7.26,0.33590472562108115
Campbell,,42433102,,RD,0,0,5.004052287254703
Campbell,,40316014,,R-1-10,0,4.35,0.2624732092695736
Campbell,,41207031,,CB-MU,26,33,0.18426344882157156
Campbell,,40316059,,R-1-10,0,4.35,0.30415773311718397
Campbell,,40408021,,R-1-6,0,7.26,0.15180014905558217
Campbell,,27930016,,R-1-6,0,7.26,0.1674846780492267
Campbell,,40614031,,R-1-8,0,5.45,0.14002671886475287
Campbell,,30522030,,R-1-6,0,7.26,0.19703392311766932
Campbell,,40624021,,R-1-10,0,4.35,0.30876873238868985
Campbell,,27930020,,R-1-6,0,7.26,0.15908832411183216
Campbell,,41241007,,R-1-8,0,5.45,0.218086833822439
Campbell,,40353017,,R-1-6,0,7.26,0.15247314296536255
Campbell,,40342028,,R-1-6,0,7.26,0.13773977399113624
Campbell,,28216043,,LMDR,8,16,0.03249771894605482
Campbell,,40316030,,R-1-10,0,4.35,0.24034875042546783
Campbell,,40314049,,R-1-9,0,4.84,0.1511531613823184
Campbell,,28811026,,LMDR,8,16,0.14723694630802833
Campbell,,30715035,,R-1-6,0,7.26,0.2726118210344872
Campbell,,40615020,,R-1-8,0,5.45,0.18698337277012908
Campbell,,28810046,,R-1-6,0,7.26,0.2286355190695212
Campbell,,28806070,,NC,0,0,0.45611270516083774
Campbell,,40308068,,R-1-6,0,7.26,0.13302063022228475
Campbell,,30742004,,R-1-6,0,7.26,0.14203652881714302
Campbell,,30537025,,MDR,18,25,0.1886132404662806
Campbell,,28806018,,R-1-6,0,7.26,0.22991082548080272
Campbell,,41206034,,CB-MU,26,33,0.25547200106697987
Campbell,,28815002,,R-1-6,0,7.26,0.1454830085302854
Campbell,,28814053,,R-1-6,0,7.26,0.21276137110800888
Campbell,,30522029,,R-1-6,0,7.26,0.18670060417909962
Campbell,,40344006,,R-1-6,0,7.26,0.13773939826120424
Campbell,,27946021,,R-1-6,0,7.26,0.07951024608321251
Campbell,,40309059,,R-1-6,0,7.26,0.24620475846946
Campbell,,30522015,,R-1-6,0,7.26,0.20662929883998293
Campbell,,40614040,,R-1-8,0,5.45,0.23202433377056528
Campbell,,27927022,,R-1-6,0,7.26,0.18481643829997746
Campbell,,40622019,,R-1-10,0,4.35,0.1854023891685962
Campbell,,40610015,,R-1-8,0,5.45,0.19029876583780614
Campbell,,40620019,,R-1-10,0,4.35,0.24696441893877386
Campbell,,42403002,,R-1-6,0,7.26,0.18766570717080558
Campbell,,40308034,,R-1-6,0,7.26,0.1954274283068618
Campbell,,42401116,,LI,0,0,0.2995220486356398
Campbell,,40313056,,R-1-6,0,7.26,0.13705265708020087
Campbell,,40422060,,R-1-6,0,7.26,0.13842320980179698
Campbell,,42403045,,R-1-6,0,7.26,0.011964947194331596
Campbell,,27936229,,MDR,18,25,0.01641965113591355
Campbell,,30756016,,R-1-6,0,7.26,0.16696358146535759
Campbell,,40307024,,R-1-6,0,7.26,0.3150700846735239
Campbell,,40601038,,R-1-6,0,7.26,0.32947636882963693
Campbell,,27936070,,MDR,18,25,0.010325588000042072
Campbell,,27936269,,MDR,18,25,0.01642086319769901
Campbell,,41212034,,MHDR,26,33,0.036502074372251406
Campbell,,30534031,,R-1-6,0,7.26,0.3464204619951309
Campbell,,30503049,,R-1-6,0,7.26,0.24196322350946742
Campbell,,40344060,,R-1-6,0,7.26,0.1475271367401213
Campbell,,30748063,,R-1-6,0,7.26,0.14368620641497437
Campbell,,42433119,,RD,0,0,5.713578904214534
Campbell,,41441048,,MHDR,26,33,0.07832302024172541
Campbell,,27936049,,MDR,18,25,0.016423797134101914
Campbell,,30524059,,R-1-6,0,7.26,0.16924823824889204
Campbell,,28815016,,R-1-6,0,7.26,0.15473799478828892
Campbell,,30531025,,PO,0,0,0.33432016267349673
Campbell,,40616047,,R-1-10,0,4.35,0.15853352350406202
Campbell,,40616033,,R-1-10,0,4.35,0.6950892271142088
Campbell,,41433031,,R-1-6,0,7.26,0.1999243249203038
Campbell,,40636020,,LMDR,8,16,0.016848664379722465
Campbell,,40422024,,R-1-6,0,7.26,0.17307315371706103
Campbell,,40604008,,R-1-6,0,7.26,0.16982233785185458
Campbell,,30752001,,R-1-6,0,7.26,0.152851788408285
Campbell,,40618020,,R-1-6,0,7.26,0.1364451358267044
Campbell,,42443058,,MDR,18,25,0.013200965902526755
Campbell,,40425027,,R-1-6,0,7.26,0.23620292375646806
Campbell,,40425014,,R-1-6,0,7.26,0.21131520023038106
Campbell,,40620027,,R-1-10,0,4.35,0.40076519450181325
Campbell,,27936295,,MDR,18,25,0.01032267473351174
Campbell,,41229002,,MHDR,26,33,6.559591277734538
Campbell,,40605020,,R-1-6,0,7.26,0.1408649928648441
Campbell,,27936154,,MDR,18,25,0.010323154206788362
Campbell,,28816042,,R-1-6,0,7.26,0.23521589451047842
Campbell,,27937090,,GC,0,0,1.2443992270691866
Campbell,,27920039,,R-1-6,0,7.26,0.13910260100268051
Campbell,,40622027,,R-1-10,0,4.35,0.5004365505910487
Campbell,,40607034,,R-1-6,0,7.26,0.14683127522439965
Campbell,,30518012,,R-1-6,0,7.26,0.24459386782377643
Campbell,,40430070,,MDR,18,25,0.21489072845565113
Campbell,,28818010,,R-1-6,0,7.26,0.30320760137332275
Campbell,,40619053,,R-1-8,0,5.45,0.19873562276365006
Campbell,,27937035,,R-1-6,0,7.26,0.20230078156494088
Campbell,,40607014,,R-1-6,0,7.26,0.1656285847865966
Campbell,,41215009,,MHDR,26,33,0.017076632349292655
Campbell,,40353084,,R-1-6,0,7.26,0.15767721129216142
Campbell,,30739016,,R-1-6,0,7.26,0.1841943858914732
Campbell,,40314068,,R-1-9,0,4.84,0.23596265063676158
Campbell,,40615009,,R-1-8,0,5.45,0.1846261788364602
Campbell,,42403044,,R-1-6,0,7.26,0.22649240562067333
Campbell,,30748034,,R-1-6,0,7.26,0.12715039435877978
Campbell,,30755038,,R-1-6,0,7.26,0.14065695289112384
Campbell,,28810010,,R-1-6,0,7.26,0.22424017014825343
Campbell,,40407035,,PF,0,0,0.7433353713113615
Campbell,,30518054,,R-1-6,0,7.26,0.1594149719412711
Campbell,,30523083,,R-1-6,0,7.26,0.21065685783987137
Campbell,,30518028,,R-1-6,0,7.26,0.16262132159605658
Campbell,,30718018,,R-1-6,0,7.26,0.16017359486669963
Campbell,,41440053,,MHDR,26,33,0.014722928550266731
Campbell,,27931008,,GC,0,0,0.19225634709282108
Campbell,,40603016,,R-1-6,0,7.26,0.1580949962656882
Campbell,,40615031,,R-1-8,0,5.45,0.24854611150406672
Campbell,,30717008,,R-1-6,0,7.26,0.14054669252292215
Campbell,,40353053,,R-1-6,0,7.26,0.18242369993552207
Campbell,,42443046,,MDR,18,25,0.013200076749928498
Campbell,,40319010,,R-1-9,0,4.84,0.23057638857253546
Campbell,,28217003,,MDR,18,25,0.15847218858681167
Campbell,,40343109,,R-1-6,0,7.26,0.18002226820940334
Campbell,,30749029,,R-1-6,0,7.26,0.14368315268360843
Campbell,,27921044,,R-1-6,0,7.26,0.17211476518431199
Campbell,,27939068,,R-1-6,0,7.26,0.20750730217442567
Campbell,,27944007,,R-1-6,0,7.26,0.18241690935650914
Campbell,,41204066,,R-1-6,0,7.26,0.16800398812588854
Campbell,,30708034,,R-1-6,0,7.26,0.14504721752889063
Campbell,,30534011,,R-1-6,0,7.26,0.3887623491910289
Campbell,,30753026,,R-1-6,0,7.26,0.17157157823955926
Campbell,,28813013,,R-1-6,0,7.26,0.1786471706607169
Campbell,,41434044,,R-1-6,0,7.26,0.247537205274583
Campbell,,40307043,,R-1-6,0,7.26,0.24948224389853013
Campbell,,28809017,,NC,0,0,0.4702332962521101
Campbell,,40602017,,R-1-6,0,7.26,0.21256681360529314
Campbell,,41237061,,R-1-6,0,7.26,0.2303583436728111
Campbell,,27934010,,R-1-6,0,7.26,0.1600328489997874
Campbell,,30523047,,R-1-6,0,7.26,0.18097007747762936
Campbell,,41402022,,R-1-8,0,5.45,0.1857302860859984
Campbell,,40344030,,R-1-6,0,7.26,0.14516338566367898
Campbell,,27936054,,MDR,18,25,0.010324413908400892
Campbell,,41441004,,MHDR,26,33,0.13450381481988394
Campbell,,40313089,,R-1-6,0,7.26,0.14776555493488347
Campbell,,40617061,,R-1-6,0,7.26,0.1476903626840627
Campbell,,28812050,,R-1-6,0,7.26,0.1501793827164537
Campbell,,30523078,,R-1-6,0,7.26,0.21973558753517133
Campbell,,41228024,,MHDR,26,33,0.012054989086538464
Campbell,,40348052,,R-1-6,0,7.26,0.1468729581192215
Campbell,,40353018,,R-1-6,0,7.26,0.1516909755746679
Campbell,,28812009,,R-1-6,0,7.26,0.15954729520028565
Campbell,,40606055,,R-1-6,0,7.26,0.2856685748720851
Campbell,,30545026,,MDR,18,25,0.018427510588730853
Campbell,,40308036,,R-1-6,0,7.26,0.13929398492748807
Campbell,,41238006,,R-1-6,0,7.26,0.1388354788212398
Campbell,,30708039,,R-1-6,0,7.26,0.1448953633411358
Campbell,,40336053,,MDR,18,25,0.18459352695191772
Campbell,,28812030,,R-1-6,0,7.26,0.15833977887455675
Campbell,,40318114,,ROW,0,0,0.40865918377144617
Campbell,,40336081,,MDR,18,25,0.19346923801112714
Campbell,,27930042,,R-1-6,0,7.26,0.17675934650967026
Campbell,,42443011,,MDR,18,25,0.012672177478424227
Campbell,,40321007,,LMDR,8,16,0.2194179375229969
Campbell,,40353025,,R-1-6,0,7.26,0.14810190113996424
Campbell,,27936306,,MDR,18,25,0.010323473738070226
Campbell,,28215024,,LMDR,8,16,0.18868417048740488
Campbell,,40606024,,R-1-6,0,7.26,0.1375883745281866
Campbell,,28813069,,R-1-6,0,7.26,0.15986046579782334
Campbell,,30531037,,MDR,18,25,0.24126446953819275
Campbell,,40617047,,R-1-6,0,7.26,0.13882196457193502
Campbell,,40607044,,R-1-6,0,7.26,0.13084489368243746
Campbell,,41215015,,MHDR,26,33,0.017841990313608162
Campbell,,40406010,,R-1-6,0,7.26,0.23999236459915083
Campbell,,28812034,,R-1-6,0,7.26,0.157972161118629
Campbell,,40432056,,MDR,18,25,0.36961137407586453
Campbell,,28813004,,R-1-6,0,7.26,0.22402023909619626
Campbell,,41241037,,NC,0,0,0.19698406615596534
Campbell,,40423006,,R-1-6,0,7.26,0.2140548920807141
Campbell,,28812029,,R-1-6,0,7.26,0.163687895592682
Campbell,,27936314,,MDR,18,25,0.010321402385635066
Campbell,,40605034,,R-1-6,0,7.26,0.14272684505531083
Campbell,,30523075,,R-1-6,0,7.26,0.18091244233288523
Campbell,,40424031,,R-1-6,0,7.26,0.1634644722585411
Campbell,,30545017,,MDR,18,25,0.018433641424372267
Campbell,,30516020,,LMDR,8,16,0.026095815198435443
Campbell,,30754052,,R-1-6,0,7.26,0.2812365261482096
Campbell,,30750059,,MDR,18,25,0.19937937463079183
Campbell,,40406039,,R-1-6,0,7.26,0.23817068432811334
Campbell,,40407017,,R-1-6,0,7.26,0.17779917718985902
Campbell,,40602039,,R-1-6,0,7.26,0.24896124494175692
Campbell,,27920020,,R-1-6,0,7.26,0.1418597514167668
Campbell,,30522027,,R-1-6,0,7.26,0.18876194655177655
Campbell,,40310102,,R-1-6,0,7.26,0.2046561601858158
Campbell,,27936085,,MDR,18,25,0.01642156339522755
Campbell,,40314036,,R-1-9,0,4.84,0.21013834255049577
Campbell,,40618019,,R-1-6,0,7.26,0.1730580009047386
Campbell,,40602077,,R-1-6,0,7.26,0.13977084210323515
Campbell,,42406124,,R-1-6,0,7.26,0.19831105902130647
Campbell,,42404050,,R-1-6,0,7.26,0.24884271849503767
Campbell,,27936114,,MDR,18,25,0.010323318012871499
Campbell,,30531036,,MDR,18,25,0.22414285128211472
Campbell,,27936129,,MDR,18,25,0.01642329585535366
Campbell,,30717011,,R-1-6,0,7.26,0.19229048038444846
Campbell,,28811021,,LMDR,8,16,0.14736209799700123
Campbell,,27929040,,GC,0,0,0.6641308907400695
Campbell,,28810075,,R-1-6,0,7.26,0.18390628161669534
Campbell,,40618055,,R-1-8,0,5.45,0.19286204236091986
Campbell,,28808014,,R-1-6,0,7.26,0.35687070404769294
Campbell,,30748049,,R-1-6,0,7.26,0.14535639744415255
Campbell,,30753078,,R-1-6,0,7.26,0.14280125126127827
Campbell,,40317038,,R-1-9,0,4.84,0.21245676128865218
Campbell,,30756056,,R-1-6,0,7.26,0.1434907586774302
Campbell,,40601046,,R-1-6,0,7.26,0.22557673358942387
Campbell,,40617042,,R-1-6,0,7.26,0.16574047358324542
Campbell,,40344052,,R-1-6,0,7.26,0.1382834820578784
Campbell,,30748012,,LMDR,8,16,0.16311444408280412
Campbell,,40313093,,R-1-6,0,7.26,0.16948367600951061
Campbell,,27936006,,MDR,18,25,0.010323154192275539
Campbell,,28816006,,R-1-6,0,7.26,0.26315467672840054
Campbell,,27921038,,R-1-6,0,7.26,0.1482035598528302
Campbell,,40347004,,R-1-6,0,7.26,0.1428447716993398
Campbell,,40344069,,R-1-6,0,7.26,0.13774071639967475
Campbell,,40614054,,R-1-8,0,5.45,0.3100295280779095
Campbell,,28813089,,LMDR,8,16,0.1901264582853317
Campbell,,42405064,,R-1-6,0,7.26,0.22298424043258844
Campbell,,40313060,,R-1-6,0,7.26,0.17360122180096998
Campbell,,40348021,,R-1-6,0,7.26,0.15282385501001697
Campbell,,40601072,,R-1-6,0,7.26,0.2255253302765808
Campbell,,27922054,,R-1-6,0,7.26,0.14829005737172649
Campbell,,27936300,,MDR,18,25,0.017554618218971033
Campbell,,40424079,,R-1-6,0,7.26,0.17902635716435145
Campbell,,40604011,,R-1-6,0,7.26,0.15198471933780353
Campbell,,30707051,,R-1-6,0,7.26,0.1349718201384762
Campbell,,40620025,,R-1-10,0,4.35,0.2503272561041136
Campbell,,40623026,,R-1-8,0,5.45,0.22868283742543097
Campbell,,40408030,,R-1-6,0,7.26,0.1523033300376241
Campbell,,41404023,,R-1-8,0,5.45,0.28476787782305907
Campbell,,30751023,,MDR,18,25,0.2742025511932984
Campbell,,27922047,,R-1-6,0,7.26,0.23874609207730305
Campbell,,40605045,,R-1-6,0,7.26,0.15571690795857046
Campbell,,28815063,,R-1-6,0,7.26,0.17112523548048347
Campbell,,42405033,,R-1-6,0,7.26,0.19793185877173305
Campbell,,40423019,,R-1-6,0,7.26,0.14522063227402834
Campbell,,27941067,,PF,0,0,2.954390071786806
Campbell,,30750025,,R-1-6,0,7.26,0.15449386445972788
Campbell,,30726019,,LMDR,8,16,0.16942265171652143
Campbell,,40622039,,R-1-10,0,4.35,0.2452182322027592
Campbell,,27938005,,R-1-6,0,7.26,0.23624935181116538
Campbell,,27920008,,R-1-6,0,7.26,0.14099253945277357
Campbell,,28816037,,R-1-6,0,7.26,0.2116957102649927
Campbell,,27936117,,MDR,18,25,0.01641568762791649
Campbell,,27937054,,R-1-6,0,7.26,0.20291617823639282
Campbell,,30518055,,R-1-6,0,7.26,0.1566857798058631
Campbell,,27935023,,R-1-6,0,7.26,0.1606909165518398
Campbell,,30545004,,MDR,18,25,0.018434075193616287
Campbell,,30754023,,R-1-6,0,7.26,0.22701703391998745
Campbell,,40605027,,R-1-6,0,7.26,0.160351332671166
Campbell,,27936046,,MDR,18,25,0.010324481639353589
Campbell,,40623004,,R-1-8,0,5.45,0.21276428573241787
Campbell,,30539045,,R-1-6,0,7.26,0.19930700253191275
Campbell,,40406033,,R-1-6,0,7.26,0.3056058674000338
Campbell,,27936189,,MDR,18,25,0.016423486530862213
Campbell,,40426045,,R-1-10,0,4.35,0.30982192525865027
Campbell,,42433085,,RD,0,0,0.5481737555805483
Campbell,,40617032,,R-1-6,0,7.26,0.14624772497055802
Campbell,,40624076,,R-1-10,0,4.35,0.28391450412313946
Campbell,,30535004,,R-1-6,0,7.26,0.33897989635758763
Campbell,,40636012,,LMDR,8,16,0.019758971241220353
Campbell,,30535019,,R-1-6,0,7.26,0.2186239851520172
Campbell,,40409015,,R-1-6,0,7.26,0.14003832951944625
Campbell,,28818029,,R-1-6,0,7.26,0.9050215557887352
Campbell,,40407015,,R-1-6,0,7.26,0.1480655518284813
Campbell,,40624003,,R-1-10,0,4.35,0.250582381514146
Campbell,,27936092,,MDR,18,25,0.017562065066651207
Campbell,,40407041,,OS,0,0,0.036919985859969966
Campbell,,30538015,,MDR,18,25,0.18656085464058253
Campbell,,28815054,,R-1-6,0,7.26,0.1596070015491809
Campbell,,40612017,,R-1-6,0,7.26,0.17132967923752082
Campbell,,40341033,,MDR,18,25,0.19311368766193002
Campbell,,41218040,,MHDR,26,33,0.02257811758132827
Campbell,,30708026,,R-1-6,0,7.26,0.14659768623131728
Campbell,,30536008,,TO-MU,57,75,3.265811918505178
Campbell,,40622045,,R-1-10,0,4.35,0.26040133707863894
Campbell,,41214018,,MHDR,26,33,0.015896329768401895
Campbell,,30743068,,MDR,18,25,0.17963240500709698
Campbell,,30739009,,R-1-6,0,7.26,0.14116573825883968
Campbell,,40313131,,R-1-9,0,4.84,0.2165548499707461
Campbell,,27920005,,R-1-6,0,7.26,0.14112986672797223
Campbell,,40408003,,R-1-6,0,7.26,0.15219844802160995
Campbell,,42406098,,PO,0,0,2.021255913021205
Campbell,,27923008,,R-1-6,0,7.26,0.23876980349280094
Campbell,,40309054,,MDR,18,25,5.258429720741524
Campbell,,30743011,,R-1-6,0,7.26,0.15846865539904148
Campbell,,40617054,,R-1-6,0,7.26,0.13951965230603416
Campbell,,27923003,,R-1-6,0,7.26,0.23876975877854276
Campbell,,40336054,,MDR,18,25,0.18883204395050743
Campbell,,41235037,,R-1-6,0,7.26,0.13575204709961883
Campbell,,41402005,,R-1-8,0,5.45,0.20890092865454912
Campbell,,40623037,,PF,0,0,9.534663583363876
Campbell,,27937046,,R-1-6,0,7.26,0.18602894193423472
Campbell,,41441041,,MHDR,26,33,0.09536631942799927
Campbell,,28811035,,LMDR,8,16,0.14705035891896084
Campbell,,27944016,,R-1-6,0,7.26,0.14533603364101283
Campbell,,40604063,,R-1-6,0,7.26,0.4335493172945635
Campbell,,28811010,,MDR,18,25,0.14383954497277987
Campbell,,30743055,,R-1-6,0,7.26,0.15451117495378203
Campbell,,40602019,,R-1-6,0,7.26,0.2186760189763018
Campbell,,41218011,,MHDR,26,33,0.019053778129786644
Campbell,,41239014,,R-1-8,0,5.45,0.21906878373622465
Campbell,,40619059,,R-1-8,0,5.45,0.19841289411538945
Campbell,,28806005,,NC,0,0,0.3540594903051424
Campbell,,30741033,,LMDR,8,16,0.15588093134314873
Campbell,,28810076,,NC,0,0,0.34303971657860594
Campbell,,40624047,,R-1-10,0,4.35,0.2913529632868311
Campbell,,28817018,,R-1-6,0,7.26,0.26663586787867316
Campbell,,40348057,,R-1-6,0,7.26,0.1668017749070598
Campbell,,40431007,,MDR,18,25,0.18513309479244908
Campbell,,40353016,,R-1-6,0,7.26,0.15751975863504733
Campbell,,27936235,,MDR,18,25,0.010320749172945651
Campbell,,30742016,,R-1-6,0,7.26,0.20458395936454038
Campbell,,41211061,,MHDR,26,33,0.2613835247460827
Campbell,,40407023,,R-1-6,0,7.26,0.1338967003876005
Campbell,,40620012,,R-1-10,0,4.35,0.260599003876193
Campbell,,41238037,,R-1-6,0,7.26,0.12438171813494413
Campbell,,40353031,,R-1-6,0,7.26,0.17510983249287476
Campbell,,40425051,,R-1-6,0,7.26,0.20073216263223947
Campbell,,30708010,,R-1-6,0,7.26,0.147201577620888
Campbell,,40625031,,R-1-10,0,4.35,0.3679480186855319
Campbell,,28825046,,R-1-6,0,7.26,0.19618017772868593
Campbell,,27936132,,MDR,18,25,0.017553581214902546
Campbell,,30751001,,R-1-6,0,7.26,0.23323718817559508
Campbell,,40620029,,R-1-10,0,4.35,0.2913136437193537
Campbell,,27936126,,MDR,18,25,0.010327202855885873
Campbell,,30521015,,MDR,18,25,0.3534155963174396
Campbell,,40317025,,R-1-9,0,4.84,0.20156213169666234
Campbell,,30521019,,MDR,18,25,0.20179265788595885
Campbell,,40622057,,NC,0,0,0.5972426887543583
Campbell,,30749019,,R-1-6,0,7.26,0.1426157176709271
Campbell,,41209015,,CC-MU,45,60,0.1887246134178746
Campbell,,42403041,,R-1-6,0,7.26,0.1712530129632275
Campbell,,40430065,,MDR,18,25,0.21489844729954463
Campbell,,28809055,,R-1-6,0,7.26,0.2499672294160987
Campbell,,30531030,,MDR,18,25,0.2044456238385039
Campbell,,30756053,,R-1-6,0,7.26,0.1413050947631092
Campbell,,40606023,,R-1-6,0,7.26,0.14206302823201175
Campbell,,41440057,,MHDR,26,33,2.2778452950055637
Campbell,,30538010,,MDR,18,25,0.17803088960940472
Campbell,,40616065,,R-1-10,0,4.35,0.20428205508322564
Campbell,,30523073,,R-1-6,0,7.26,0.17323055136301768
Campbell,,30518026,,R-1-6,0,7.26,0.15716711630280086
Campbell,,41234007,,LI,0,0,0.21187857754604492
Campbell,,40353077,,R-1-6,0,7.26,0.1270902740581971
Campbell,,41441023,,MHDR,26,33,0.10089323320681212
Campbell,,28807018,,R-1-6,0,7.26,0.26216704486616965
Campbell,,40622049,,R-1-10,0,4.35,0.2148575023017878
Campbell,,41241023,,R-1-8,0,5.45,0.30520900591812045
Campbell,,40613051,,LMDR,8,16,0.1766172044117282
Campbell,,30752018,,R-1-6,0,7.26,0.14528830429664585
Campbell,,40432046,,R-1-6,0,7.26,0.14232935473941977
Campbell,,27936217,,MDR,18,25,0.016420156381964514
Campbell,,41209044,,CC-MU,45,60,0.3593469310818869
Campbell,,28819058,,R-1-6,0,7.26,0.22111195328470518
Campbell,,41239002,,R-1-8,0,5.45,0.2452009510416878
Campbell,,27936195,,MDR,18,25,0.010324536360546125
Campbell,,40604040,,R-1-6,0,7.26,0.21667398164111967
Campbell,,28819010,,R-1-6,0,7.26,0.2526160883447084
Campbell,,27946038,,R-1-6,0,7.26,0.12066141276522123
Campbell,,40408059,,R-1-6,0,7.26,0.13594518822089582
Campbell,,41433018,,R-1-6,0,7.26,0.19940539811308106
Campbell,,40624063,,R-1-10,0,4.35,0.26640628473939176
Campbell,,27936111,,MDR,18,25,0.0103233180128715
Campbell,,28805025,,R-1-6,0,7.26,0.19673432274749633
Campbell,,30749051,,R-1-6,0,7.26,0.24444810008681547
Campbell,,40316103,,R-1-10,0,4.35,0.7310440737128632
Campbell,,30521002,,GC,0,0,0.6122944053282928
Campbell,,28817016,,R-1-6,0,7.26,0.2662468812229682
Campbell,,40343008,,R-1-6,0,7.26,0.14175895113072953
Campbell,,28824028,,R-1-6,0,7.26,0.22742605494962265
Campbell,,40624060,,R-1-10,0,4.35,0.2537006561780226
Campbell,,40430067,,MDR,18,25,0.21490249332568886
Campbell,,28814018,,R-1-6,0,7.26,0.22804254054460898
Campbell,,27936118,,MDR,18,25,0.010323318019944131
Campbell,,41218052,,MHDR,26,33,0.023273792085339338
Campbell,,27936169,,MDR,18,25,0.016415687623587704
Campbell,,28217010,,MDR,18,25,0.15728186046340906
Campbell,,41443003,,MHDR,26,33,0.01643587203236053
Campbell,,40620015,,R-1-10,0,4.35,0.2530861554024464
Campbell,,27936207,,MDR,18,25,0.010323879904672732
Campbell,,40603004,,R-1-6,0,7.26,0.1446276217222864
Campbell,,28824008,,R-1-6,0,7.26,0.2189390082045607
Campbell,,28818005,,R-1-6,0,7.26,0.27030067018860615
Campbell,,40604056,,R-1-6,0,7.26,0.13662481769016338
Campbell,,40318056,,R-1-9,0,4.84,0.14811712263625157
Campbell,,28811039,,LMDR,8,16,0.16232377102297943
Campbell,,27922028,,R-1-6,0,7.26,0.2407754965625848
Campbell,,30741014,,R-1-6,0,7.26,0.14238434847830345
Campbell,,30504021,,R-1-6,0,7.26,0.2052213081238029
Campbell,,40618011,,R-1-6,0,7.26,0.13970468405781047
Campbell,,40612020,,R-1-6,0,7.26,0.15700612801671796
Campbell,,41441016,,MHDR,26,33,0.08199115572980697
Campbell,,30545007,,MDR,18,25,0.018433896880572197
Campbell,,28806063,,R-1-6,0,7.26,0.1894941598631207
Campbell,,27920059,,R-1-6,0,7.26,0.13725854322871262
Campbell,,40318069,,R-1-9,0,4.84,0.1810277817548877
Campbell,,40319097,,R-1-9,0,4.84,0.16516165851153924
Campbell,,41241042,,NC,0,0,0.042567071284533756
Campbell,,28813046,,R-1-6,0,7.26,0.16435214951532684
Campbell,,28813043,,R-1-6,0,7.26,0.17657600337463647
Campbell,,40433036,,R-1-6,0,7.26,0.19497661175397224
Campbell,,27930005,,R-1-6,0,7.26,0.19186497977934702
Campbell,,40604032,,R-1-6,0,7.26,0.1473940696299036
Campbell,,41232019,,LI,0,0,0.8915089238171359
Campbell,,40314003,,R-1-9,0,4.84,0.34546362314958734
Campbell,,27943055,,HD-MU,34,45,0.6674482504127719
Campbell,,27923046,,R-1-6,0,7.26,0.2574305690049854
Campbell,,40620014,,R-1-10,0,4.35,0.25305570758166784
Campbell,,27936176,,MDR,18,25,0.01756358227036279
Campbell,,41248003,,MHDR,26,33,0.024823408739225054
Campbell,,40615013,,R-1-8,0,5.45,0.18467798565472335
Campbell,,41433053,,R-1-6,0,7.26,0.25938347640760373
Campbell,,30523054,,R-1-6,0,7.26,0.1914863851016872
Campbell,,27936293,,MDR,18,25,0.016420473657172276
Campbell,,41401047,,R-1-8,0,5.45,0.23809028500879142
Campbell,,30715016,,R-1-6,0,7.26,0.17854547369481308
Campbell,,40618038,,R-1-6,0,7.26,0.14102312427439198
Campbell,,40408039,,R-1-6,0,7.26,0.1313655192935612
Campbell,,27936227,,MDR,18,25,0.010324388578354927
Campbell,,28215023,,LMDR,8,16,0.17122149475834295
Campbell,,28810029,,R-1-6,0,7.26,0.24180958641118136
Campbell,,40316073,,R-1-10,0,4.35,0.20725807196195184
Campbell,,40612086,,R-1-6,0,7.26,0.19254041199175256
Campbell,,40342018,,R-1-6,0,7.26,0.14246260133403155
Campbell,,28807003,,R-1-6,0,7.26,0.23308265814266985
Campbell,,27923031,,R-1-6,0,7.26,0.257325788158304
Campbell,,30714029,,R-1-6,0,7.26,0.15752899605958573
Campbell,,40426053,,R-1-10,0,4.35,0.27369972700576384
Campbell,,30536013,,TO-MU,57,75,1.5660035381631052
Campbell,,30753023,,R-1-6,0,7.26,0.16979232750659598
Campbell,,27946036,,R-1-6,0,7.26,0.14501696742721626
Campbell,,30545006,,MDR,18,25,0.018433896880572197
Campbell,,40353097,,R-1-6,0,7.26,0.13977362952000116
Campbell,,28815073,,R-1-6,0,7.26,0.15556882833923955
Campbell,,40622028,,R-1-10,0,4.35,0.46710468925442045
Campbell,,40343060,,R-1-6,0,7.26,0.15167955984119572
Campbell,,27920017,,R-1-6,0,7.26,0.1696782776019465
Campbell,,41206022,,PF,0,0,0.1802734034867426
Campbell,,30717038,,R-1-6,0,7.26,0.20806381661892628
Campbell,,40312017,,R-1-9,0,4.84,0.19689192887104962
Campbell,,40348063,,R-1-6,0,7.26,0.14879705650731123
Campbell,,28806015,,R-1-6,0,7.26,0.22219183976201998
Campbell,,40427023,,R-1-8,0,5.45,0.24681158359327418
Campbell,,40430071,,MDR,18,25,0.21492212659997373
Campbell,,40408020,,R-1-6,0,7.26,0.1518939382209433
Campbell,,40616067,,R-1-10,0,4.35,0.2166144913936793
Campbell,,30714012,,R-1-6,0,7.26,0.14447715641639203
Campbell,,30519024,,R-1-6,0,7.26,0.1890799983622883
Campbell,,28812004,,R-1-6,0,7.26,0.15391337741275224
Campbell,,42405023,,R-1-6,0,7.26,0.19547276530933202
Campbell,,41215056,,MHDR,26,33,0.017144712388374738
Campbell,,40310091,,R-1-6,0,7.26,0.1652603533084696
Campbell,,40427015,,R-1-8,0,5.45,0.2274893537180661
Campbell,,41443013,,MHDR,26,33,0.01643510900885781
Campbell,,41402039,,R-1-8,0,5.45,0.2110784874003687
Campbell,,28816010,,R-1-6,0,7.26,0.3246307568405882
Campbell,,40617004,,R-1-10,0,4.35,0.206552650705666
Campbell,,40317034,,R-1-9,0,4.84,0.2089470978221116
Campbell,,40618028,,R-1-6,0,7.26,0.1405047157242328
Campbell,,40624059,,R-1-10,0,4.35,0.27600649181173886
Campbell,,27939049,,R-1-6,0,7.26,0.19257517962171483
Campbell,,30707049,,R-1-6,0,7.26,0.22257491256175252
Campbell,,41215080,,MHDR,26,33,0.01784315370952307
Campbell,,28818026,,R-1-6,0,7.26,0.3170287140106809
Campbell,,27930025,,R-1-6,0,7.26,0.1563339391686518
Campbell,,40343084,,R-1-6,0,7.26,0.14061543982667704
Campbell,,40424008,,R-1-6,0,7.26,0.17011599265002736
Campbell,,41205059,,R-1-6,0,7.26,0.08424782215631724
Campbell,,40603043,,R-1-6,0,7.26,0.44867666491414876
Campbell,,42433037,,OS,0,0,3.2147515926885153
Campbell,,42433074,,RD,0,0,1.079713571220779
Campbell,,40603063,,R-1-6,0,7.26,0.31663313816679334
Campbell,,30717021,,R-1-6,0,7.26,0.14834201194866736
Campbell,,30743017,,R-1-6,0,7.26,0.1531769722439472
Campbell,,28815083,,R-1-6,0,7.26,0.152870529601379
Campbell,,41435020,,LMDR,8,16,0.026373240390865166
Campbell,,27921010,,R-1-6,0,7.26,0.14399542986683755
Campbell,,27936155,,MDR,18,25,0.010323318012503828
Campbell,,27923064,,R-1-6,0,7.26,0.21302850612337432
Campbell,,42401100,,LI,0,0,0.23993021560085123
Campbell,,41218035,,MHDR,26,33,0.022601093861044842
Campbell,,30531021,,PO,0,0,0.18625314211219213
Campbell,,30534018,,R-1-6,0,7.26,0.260130838095905
Campbell,,28809003,,R-1-6,0,7.26,0.23833196107314272
Campbell,,41241010,,R-1-8,0,5.45,0.2679585293901337
Campbell,,27921015,,R-1-6,0,7.26,0.15293566349647636
Campbell,,41402014,,R-1-8,0,5.45,0.20894845213284607
Campbell,,41401069,,NC,0,0,1.6646655130394241
Campbell,,41238046,,R-1-6,0,7.26,0.19915728592647203
Campbell,,30753015,,R-1-6,0,7.26,0.14093735314401437
Campbell,,28824043,,R-1-6,0,7.26,0.2094719887752427
Campbell,,41218056,,MHDR,26,33,0.019358514703271188
Campbell,,41202025,,PF,0,0,4.143671309849489
Campbell,,41215043,,MHDR,26,33,0.01736193066646717
Campbell,,40308080,,R-1-6,0,7.26,0.14728852467462236
Campbell,,40344054,,R-1-6,0,7.26,0.13754346633390413
Campbell,,27936166,,MDR,18,25,0.010323318019944131
Campbell,,28806069,,R-1-6,0,7.26,0.22473008680133436
Campbell,,40423041,,PF,0,0,9.957886376492086
Campbell,,28824020,,R-1-6,0,7.26,0.18349811762611343
Campbell,,27936145,,MDR,18,25,0.016417975013351547
Campbell,,40601013,,R-1-6,0,7.26,0.153540421780191
Campbell,,40423037,,R-1-6,0,7.26,0.1474251760821201
Campbell,,41238070,,R-1-6,0,7.26,0.21821861491504496
Campbell,,30522034,,R-1-6,0,7.26,0.17963067219838094
Campbell,,40616064,,R-1-10,0,4.35,0.24084375217171278
Campbell,,30538016,,MDR,18,25,0.22752121794853677
Campbell,,28814068,,R-1-6,0,7.26,0.15043846289168572
Campbell,,41232006,,LI,0,0,0.23599777960164264
Campbell,,40620017,,R-1-10,0,4.35,0.24701265578050863
Campbell,,40618024,,R-1-6,0,7.26,0.13995746502701706
Campbell,,30715057,,R-1-6,0,7.26,0.23008616051035988
Campbell,,30744042,,R-1-6,0,7.26,0.32196193366036324
Campbell,,40344011,,R-1-6,0,7.26,0.13506759380125868
Campbell,,30740023,,R-1-6,0,7.26,0.15276954251363153
Campbell,,30749030,,R-1-6,0,7.26,0.14375869460173343
Campbell,,30753021,,R-1-6,0,7.26,0.14223647503629686
Campbell,,41434017,,R-1-6,0,7.26,0.1951448596680629
Campbell,,30524058,,R-1-6,0,7.26,0.18744008735782552
Campbell,,40616036,,R-1-10,0,4.35,0.24291676930780173
Campbell,,40408001,,R-1-6,0,7.26,0.1390952496353054
Campbell,,40308024,,R-1-6,0,7.26,0.14134923320632314
Campbell,,28806068,,R-1-6,0,7.26,0.19380393179357738
Campbell,,40624036,,R-1-10,0,4.35,0.3114916887963925
Campbell,,30714017,,R-1-6,0,7.26,0.17953979538952408
Campbell,,40625026,,R-1-10,0,4.35,0.26072714743959147
Campbell,,40310128,,R-1-6,0,7.26,0.15210392476620466
Campbell,,28816040,,R-1-6,0,7.26,0.20271950489039414
Campbell,,41435013,,LMDR,8,16,0.026376157045141874
Campbell,,41218021,,MHDR,26,33,0.024880433393466336
Campbell,,30714032,,R-1-6,0,7.26,0.15625917786777582
Campbell,,40605044,,R-1-6,0,7.26,0.16054272148288742
Campbell,,28825079,,R-1-6,0,7.26,0.17536522998982854
Campbell,,27923006,,R-1-6,0,7.26,0.23876286305741373
Campbell,,40622025,,R-1-10,0,4.35,0.1836586515193006
Campbell,,30531042,,PO,0,0,0.21284011464058064
Campbell,,28816026,,R-1-6,0,7.26,0.265042862194123
Campbell,,27923044,,R-1-6,0,7.26,0.2552780940697877
Campbell,,40346004,,R-1-6,0,7.26,0.14176288767368203
Campbell,,40348045,,R-1-6,0,7.26,0.1491760080204675
Campbell,,40618039,,R-1-6,0,7.26,0.1460342123818427
Campbell,,40613028,,R-1-6,0,7.26,0.13739845528910985
Campbell,,28811015,,MDR,18,25,0.14516374838993276
Campbell,,28217002,,MDR,18,25,0.1586134738982045
Campbell,,30554018,,MDR,18,25,0.013506089337284092
Campbell,,42401152,,LI,0,0,0.346411418997394
Campbell,,40319130,,R-1-9,0,4.84,0.22473358746452685
Campbell,,40603015,,R-1-6,0,7.26,0.13806844003166505
Campbell,,30751029,,R-1-6,0,7.26,0.14184520106309065
Campbell,,27933028,,R-1-6,0,7.26,0.14807251303971658
Campbell,,27936115,,MDR,18,25,0.01031905881130198
Campbell,,40427003,,R-1-10,0,4.35,0.22713768709058887
Campbell,,40317020,,R-1-9,0,4.84,0.2089984178528803
Campbell,,28808011,,R-1-6,0,7.26,0.367074628795822
Campbell,,30519066,,R-1-6,0,7.26,0.23844528225494857
Campbell,,41215040,,MHDR,26,33,0.017148717298401842
Campbell,,27936139,,MDR,18,25,0.01032295021485482
Campbell,,30752053,,R-1-6,0,7.26,0.14193853949462507
Campbell,,40617039,,R-1-6,0,7.26,0.14509586539458708
Campbell,,40607029,,R-1-6,0,7.26,0.14198456552332847
Campbell,,27936116,,MDR,18,25,0.01755962545884299
Campbell,,41436010,,LI,0,0,0.5409937116912975
Campbell,,40431028,,MDR,18,25,0.257317820634855
Campbell,,30531043,,PO,0,0,0.18975915630781923
Campbell,,41444024,,R-1-6,0,7.26,0.16502833446543197
Campbell,,40602069,,R-1-6,0,7.26,0.14532153376167994
Campbell,,41402018,,R-1-8,0,5.45,0.19787580039299013
Campbell,,40319124,,R-1-9,0,4.84,0.24502662330790942
Campbell,,41444027,,R-1-6,0,7.26,0.1497535069758258
Campbell,,30756043,,R-1-6,0,7.26,0.14870208695490836
Campbell,,30756066,,ROW,0,0,0.24545708126037158
Campbell,,40623030,,R-1-8,0,5.45,0.2173658287715386
Campbell,,28818013,,R-1-6,0,7.26,0.3113789290434828
Campbell,,40613063,,R-1-6,0,7.26,0.1460947941620638
Campbell,,27922030,,R-1-6,0,7.26,0.3095932413034105
Campbell,,41405050,,R-1-8,0,5.45,0.21061867735476886
Campbell,,40601060,,R-1-6,0,7.26,0.22038734099356286
Campbell,,30753088,,R-1-6,0,7.26,0.13986599180386897
Campbell,,28812048,,R-1-6,0,7.26,0.15534585005556598
Campbell,,40429047,,R-1-16,0,2.72,0.31641982817267655
Campbell,,40601061,,R-1-6,0,7.26,0.22040192921544957
Campbell,,40623040,,R-1-10,0,4.35,0.26774303866628024
Campbell,,40308090,,R-1-6,0,7.26,0.13709337237344033
Campbell,,40621002,,R-1-10,0,4.35,0.22688632890700663
Campbell,,40408029,,R-1-6,0,7.26,0.15229179614079882
Campbell,,28807021,,R-1-6,0,7.26,0.2607083094792679
Campbell,,40617067,,R-1-6,0,7.26,0.17669695226607435
Campbell,,41215084,,MHDR,26,33,0.017150966630534628
Campbell,,40313047,,R-1-6,0,7.26,0.19399105176592585
Campbell,,40619010,,R-1-8,0,5.45,0.24162125340681148
Campbell,,30523017,,R-1-6,0,7.26,0.22977236933348605
Campbell,,30534040,,R-1-6,0,7.26,0.2680646174869333
Campbell,,40429046,,R-1-16,0,2.72,0.0754498958089543
Campbell,,40433025,,R-1-6,0,7.26,0.17996849414634583
Campbell,,30523016,,R-1-6,0,7.26,0.22048500569558074
Campbell,,40315088,,R-1-9,0,4.84,0.22311609624180698
Campbell,,40425069,,R-1-6,0,7.26,0.2240932973489035
Campbell,,30503054,,R-1-6,0,7.26,0.23179597443349173
Campbell,,40307044,,R-1-6,0,7.26,0.17515650476751943
Campbell,,30755049,,R-1-6,0,7.26,0.19304951422341976
Campbell,,28819057,,R-1-6,0,7.26,0.23420500483503776
Campbell,,27944005,,R-1-6,0,7.26,0.26035836068774737
Campbell,,30748044,,R-1-6,0,7.26,0.14267464495326804
Campbell,,40405052,,R-1-6,0,7.26,0.24280042422623702
Campbell,,30506002,,LMDR,8,16,0.208502262534554
Campbell,,27919007,,R-1-6,0,7.26,0.14016364059966543
Campbell,,28809001,,R-1-6,0,7.26,0.30736288942348866
Campbell,,30742031,,R-1-6,0,7.26,0.14423535748439062
Campbell,,30523068,,R-1-6,0,7.26,0.2747055922542622
Campbell,,40622021,,R-1-10,0,4.35,0.25614100947747487
Campbell,,42404055,,R-1-6,0,7.26,0.19446549040551014
Campbell,,30534045,,R-1-6,0,7.26,0.24092072333372871
Campbell,,41443001,,MHDR,26,33,0.01643587202771963
Campbell,,30753069,,R-1-6,0,7.26,0.30980024963497366
Campbell,,40319119,,R-1-9,0,4.84,0.2890798575246749
Campbell,,40316109,,R-1-10,0,4.35,0.35800849750351227
Campbell,,30715025,,R-1-6,0,7.26,0.14206739619595646
Campbell,,28805052,,R-1-6,0,7.26,0.28296635671729836
Campbell,,40430053,,R-1-10,0,4.35,0.243398104973974
Campbell,,41237043,,R-1-6,0,7.26,0.19759271301253287
Campbell,,42439016,,LI,0,0,0.03528960272285683
Campbell,,40431042,,MDR,18,25,0.18400680556242602
Campbell,,40319100,,R-1-9,0,4.84,0.21583308354006714
Campbell,,40625002,,R-1-10,0,4.35,0.3099292232635579
Campbell,,28810016,,R-1-6,0,7.26,0.22547257830617576
Campbell,,40406036,,R-1-6,0,7.26,0.2378359237254836
Campbell,,42404075,,R-1-6,0,7.26,0.20573397462150025
Campbell,,30747010,,MDR,18,25,0.18232174308270152
Campbell,,40348061,,R-1-6,0,7.26,0.1502602248471286
Campbell,,41237076,,R-1-8,0,5.45,0.2151021413427631
Campbell,,40622026,,R-1-10,0,4.35,0.3566395201012857
Campbell,,30524031,,R-1-6,0,7.26,0.16972655501746794
Campbell,,27920032,,R-1-6,0,7.26,0.13448990621931226
Campbell,,30743006,,R-1-6,0,7.26,0.1493184629781676
Campbell,,27936231,,MDR,18,25,0.010322167067133538
Campbell,,41402052,,R-1-8,0,5.45,0.18045233246395667
Campbell,,27920018,,R-1-6,0,7.26,0.15916306232757058
Campbell,,40407029,,R-1-6,0,7.26,0.1649378331282305
Campbell,,40429022,,R-1-10,0,4.35,0.2057573298092456
Campbell,,30522026,,R-1-6,0,7.26,0.18855372025784967
Campbell,,40424069,,R-1-6,0,7.26,0.17459774605357106
Campbell,,41228019,,MHDR,26,33,0.012568697936847888
Campbell,,41218026,,MHDR,26,33,0.02340839451310427
Campbell,,28811040,,R-1-6,0,7.26,0.1570969591527935
Campbell,,27921022,,R-1-6,0,7.26,0.14705892586357988
Campbell,,41211009,,MHDR,26,33,0.02770388827468777
Campbell,,30550004,,MDR,18,25,0.0224658896027447
Campbell,,40613034,,R-1-6,0,7.26,0.14754363712698107
Campbell,,28814037,,R-1-6,0,7.26,0.21973366433180552
Campbell,,40425047,,R-1-6,0,7.26,0.16253741159611249
Campbell,,27921009,,R-1-6,0,7.26,0.20232018615547004
Campbell,,40625097,,R-1-10,0,4.35,0.27532633627189484
Campbell,,40310075,,R-1-6,0,7.26,0.14238290252296543
Campbell,,30545014,,MDR,18,25,0.01843188966253799
Campbell,,28813022,,R-1-6,0,7.26,0.1855819069561098
Campbell,,28216045,,LMDR,8,16,0.032506757028209356
Campbell,,41211034,,MHDR,26,33,0.026458574870483694
Campbell,,40308026,,R-1-6,0,7.26,0.14349973395796034
Campbell,,40607011,,R-1-6,0,7.26,0.1642238716711451
Campbell,,30755034,,R-1-6,0,7.26,0.1379160796701425
Campbell,,42404013,,R-1-6,0,7.26,0.21079972708470615
Campbell,,27922035,,R-1-6,0,7.26,0.22643197696329764
Campbell,,40617049,,R-1-6,0,7.26,0.13949855286806775
Campbell,,40604019,,R-1-6,0,7.26,0.25973865444134864
Campbell,,40624004,,R-1-10,0,4.35,0.2512876327336064
Campbell,,28807005,,R-1-6,0,7.26,0.23216967477590258
Campbell,,28808057,,R-1-6,0,7.26,0.25421699721053226
Campbell,,27936228,,MDR,18,25,0.01757021477538726
Campbell,,30752064,,R-1-6,0,7.26,0.1478940184836883
Campbell,,41238018,,R-1-6,0,7.26,0.19019097804976698
Campbell,,41434031,,R-1-6,0,7.26,0.21602892819666228
Campbell,,40616003,,R-1-10,0,4.35,0.2374288540019408
Campbell,,30539030,,R-1-6,0,7.26,0.14434076788476563
Campbell,,40426056,,R-1-10,0,4.35,0.2737143439324432
Campbell,,42439010,,LI,0,0,0.3047601585350337
Campbell,,27936090,,MDR,18,25,0.010323248345700484
Campbell,,40343111,,R-1-6,0,7.26,0.16956846977113696
Campbell,,40433016,,R-1-6,0,7.26,0.24623711353822061
Campbell,,27936209,,MDR,18,25,0.0164174100696863
Campbell,,27927049,,PO,0,0,0.19961978493740104
Campbell,,41433056,,R-1-6,0,7.26,0.35428173059464746
Campbell,,28807002,,R-1-6,0,7.26,0.23350517842293342
Campbell,,41233010,,LI,0,0,0.19238750534383625
Campbell,,27936076,,MDR,18,25,0.017558496959900905
Campbell,,30518042,,R-1-6,0,7.26,0.13907637445139065
Campbell,,41224017,,R-1-8,0,5.45,0.2662819231696352
Campbell,,41230006,,MHDR,26,33,0.24590788888334794
Campbell,,30519063,,R-1-6,0,7.26,0.2070185974454537
Campbell,,41241008,,R-1-8,0,5.45,0.27002523958171526
Campbell,,30742011,,R-1-6,0,7.26,0.21687206005577575
Campbell,,40353037,,R-1-6,0,7.26,0.15172289140522424
Campbell,,27936173,,MDR,18,25,0.016423295846693286
Campbell,,28815065,,R-1-6,0,7.26,0.14578406825079174
Campbell,,30717028,,R-1-6,0,7.26,0.1454588785358962
Campbell,,42405047,,R-1-6,0,7.26,0.23241078783645508
Campbell,,40317022,,R-1-9,0,4.84,0.21226126442593335
Campbell,,30545021,,MDR,18,25,0.018433896872473318
Campbell,,30524036,,R-1-6,0,7.26,0.20858872904055908
Campbell,,30715028,,R-1-6,0,7.26,0.18041478658028226
Campbell,,30520007,,MDR,18,25,0.14874644429776426
Campbell,,28824038,,R-1-6,0,7.26,0.23687856288152706
Campbell,,40309029,,R-1-6,0,7.26,0.25433024200792587
Campbell,,30708015,,R-1-6,0,7.26,0.17702426964642712
Campbell,,28808002,,R-1-6,0,7.26,0.2539830035610338
Campbell,,30538054,,MDR,18,25,0.18125384539870593
Campbell,,41214017,,MHDR,26,33,0.015929113317267814
Campbell,,40315057,,R-1-9,0,4.84,0.2068414432532892
Campbell,,42405056,,R-1-6,0,7.26,0.19903158454637446
Campbell,,40343137,,R-1-6,0,7.26,0.7428223483688938
Campbell,,30756012,,R-1-6,0,7.26,0.12771679822259283
Campbell,,40616080,,R-1-10,0,4.35,0.16754737737975295
Campbell,,40607056,,R-1-6,0,7.26,0.23341634680592624
Campbell,,41433029,,R-1-6,0,7.26,0.21745419146417075
Campbell,,30550012,,MDR,18,25,0.018811197944267416
Campbell,,40407007,,R-1-6,0,7.26,0.16755159784134752
Campbell,,40316097,,R-1-10,0,4.35,0.5634319032784106
Campbell,,40625028,,R-1-10,0,4.35,0.34087184483680355
Campbell,,28824044,,R-1-6,0,7.26,0.22895800720176207
Campbell,,30708025,,R-1-6,0,7.26,0.1418669152190568
Campbell,,41238055,,R-1-6,0,7.26,0.15140959859724493
Campbell,,40602032,,R-1-6,0,7.26,0.29984817375460676
Campbell,,41435035,,LMDR,8,16,0.01792299530711755
Campbell,,30748055,,R-1-6,0,7.26,0.3034220688942
Campbell,,30524012,,R-1-6,0,7.26,0.22084512321310446
Campbell,,41437007,,PO,0,0,0.45170006042565075
Campbell,,41218009,,MHDR,26,33,0.01936670334737783
Campbell,,40312060,,R-1-9,0,4.84,0.5576277683451794
Campbell,,40424022,,R-1-6,0,7.26,0.2091327199468301
Campbell,,27944020,,R-1-6,0,7.26,0.1329309088374614
Campbell,,40622012,,R-1-10,0,4.35,0.31217947905962135
Campbell,,40343117,,R-1-6,0,7.26,0.1462763626878323
Campbell,,30518043,,R-1-6,0,7.26,0.14103381274953652
Campbell,,27936178,,MDR,18,25,0.010323318019944131
Campbell,,40618004,,R-1-6,0,7.26,0.14921879474453087
Campbell,,40612071,,R-1-6,0,7.26,0.17463238300426254
Campbell,,30534036,,R-1-6,0,7.26,0.31995050876000963
Campbell,,30518007,,R-1-6,0,7.26,0.2411926704514632
Campbell,,41238040,,R-1-6,0,7.26,0.4155349108054481
Campbell,,30715026,,R-1-6,0,7.26,0.14672543130108245
Campbell,,41206058,,R-1-6,0,7.26,0.17037350054350653
Campbell,,40353019,,R-1-6,0,7.26,0.15200885969080277
Campbell,,40426020,,R-1-6,0,7.26,0.14540958338757307
Campbell,,30545024,,MDR,18,25,0.018433896872473318
Campbell,,30751002,,R-1-6,0,7.26,0.24447288966150987
Campbell,,30516010,,LMDR,8,16,0.03281562072899207
Campbell,,28819051,,R-1-6,0,7.26,0.27103675189059245
Campbell,,27937038,,R-1-6,0,7.26,0.20215930652417563
Campbell,,28809067,,R-1-6,0,7.26,0.27359881346913184
Campbell,,40343069,,R-1-6,0,7.26,0.13873599585272806
Campbell,,40312096,,R-1-9,0,4.84,0.21522116863701
Campbell,,40425003,,R-1-6,0,7.26,0.19131735793541607
Campbell,,40407030,,R-1-6,0,7.26,0.20138797116790672
Campbell,,41218034,,MHDR,26,33,0.019053582246785408
Campbell,,40407014,,R-1-6,0,7.26,0.14530050672076236
Campbell,,28217005,,MDR,18,25,0.15636943819819904
Campbell,,41434009,,R-1-6,0,7.26,0.20443708940957533
Campbell,,30523045,,R-1-6,0,7.26,0.18429897585625887
Campbell,,40313078,,R-1-6,0,7.26,0.16459378234590136
Campbell,,40433015,,R-1-6,0,7.26,0.1712507723176464
Campbell,,40341002,,MDR,18,25,0.19215391125903858
Campbell,,28817005,,R-1-6,0,7.26,0.2679274089795716
Campbell,,27923028,,R-1-6,0,7.26,0.24215802311807103
Campbell,,42433067,,RD,0,0,0.5119457823063657
Campbell,,41433017,,R-1-6,0,7.26,0.1994095706934136
Campbell,,40619043,,R-1-8,0,5.45,0.25994659616962845
Campbell,,27940069,,LMDR,8,16,0.022531447843598017
Campbell,,40428016,,R-1-10,0,4.35,0.41574476771453006
Campbell,,28215022,,LMDR,8,16,0.1701183498127288
Campbell,,41228020,,MHDR,26,33,0.012950211984576968
Campbell,,28816002,,R-1-6,0,7.26,0.2396845880022256
Campbell,,42404027,,R-1-6,0,7.26,0.21270398487139267
Campbell,,30748038,,R-1-6,0,7.26,0.13521561049274522
Campbell,,30523057,,R-1-6,0,7.26,0.19291457216026012
Campbell,,40353081,,R-1-6,0,7.26,0.15252374059448434
Campbell,,41239041,,R-1-8,0,5.45,0.22289985871600554
Campbell,,40616005,,R-1-10,0,4.35,0.4593472936618919
Campbell,,40433004,,R-1-6,0,7.26,0.14546951332842978
Campbell,,40619036,,NC-MU,18,25,0.5117934389214921
Campbell,,40315036,,R-1-9,0,4.84,0.23020353939325286
Campbell,,28810006,,R-1-6,0,7.26,0.2234424623102714
Campbell,,28806052,,R-1-6,0,7.26,0.18486245820334088
Campbell,,40405059,,R-1-6,0,7.26,0.2449261866979619
Campbell,,41238042,,R-1-6,0,7.26,0.15461522601456504
Campbell,,40624053,,R-1-10,0,4.35,0.3021309404502054
Campbell,,40348015,,R-1-6,0,7.26,0.14487500373078743
Campbell,,28808051,,R-1-6,0,7.26,0.2170917369815693
Campbell,,40406038,,R-1-6,0,7.26,0.23804080551125154
Campbell,,40422070,,R-1-6,0,7.26,0.15537150784762901
Campbell,,41435027,,LMDR,8,16,0.0263967025051073
Campbell,,41444031,,PO,0,0,1.2201026574723863
Campbell,,40623044,,R-1-10,0,4.35,0.26597847484715637
Campbell,,40318021,,R-1-9,0,4.84,0.12271143046890384
Campbell,,30752020,,R-1-6,0,7.26,0.389525226027916
Campbell,,28815026,,R-1-6,0,7.26,0.1472016692104443
Campbell,,30538011,,MDR,18,25,0.17470995169394038
Campbell,,28810031,,R-1-6,0,7.26,0.24297328854127123
Campbell,,41215088,,MHDR,26,33,0.01693930615352153
Campbell,,40425008,,R-1-6,0,7.26,0.23178712650653527
Campbell,,28823056,,R-1-6,0,7.26,0.24726083048636657
Campbell,,42405026,,R-1-6,0,7.26,0.229023779911324
Campbell,,28814007,,R-1-6,0,7.26,0.23489252031659877
Campbell,,41404003,,NC,0,0,0.2162892922392294
Campbell,,40423020,,R-1-6,0,7.26,0.1601452354204216
Campbell,,27940024,,R-1-6,0,7.26,0.17468914998273727
Campbell,,40316027,,R-1-10,0,4.35,0.24058469325869664
Campbell,,30748018,,LMDR,8,16,0.16334833959789344
Campbell,,40348036,,R-1-6,0,7.26,0.16423241684101056
Campbell,,28817034,,R-1-6,0,7.26,0.23037867063594525
Campbell,,40312015,,R-1-9,0,4.84,0.4394471430933436
Campbell,,30750013,,LMDR,8,16,0.16813121833994965
Campbell,,41240031,,R-1-8,0,5.45,0.23397382312963044
Campbell,,30708035,,R-1-6,0,7.26,0.14499889903406588
Campbell,,40426021,,R-1-6,0,7.26,0.14542913567422017
Campbell,,28824016,,R-1-6,0,7.26,0.180656439358495
Campbell,,41241001,,R-1-8,0,5.45,0.2786465194855825
Campbell,,40315094,,R-1-9,0,4.84,0.2514111966902991
Campbell,,28812062,,PO,0,0,0.16745355139037033
Campbell,,40431043,,MDR,18,25,0.183984081672814
Campbell,,27923067,,R-1-6,0,7.26,0.17186507858844022
Campbell,,40601044,,R-1-6,0,7.26,0.5759176796823271
Campbell,,28824035,,R-1-6,0,7.26,0.21338055215449067
Campbell,,40307039,,R-1-6,0,7.26,0.19469304900397472
Campbell,,28817006,,R-1-6,0,7.26,0.2660729497758091
Campbell,,27920038,,R-1-6,0,7.26,0.13912712832684687
Campbell,,28806061,,R-1-6,0,7.26,0.20085492208198139
Campbell,,28813024,,R-1-6,0,7.26,0.17101133164888907
Campbell,,28813008,,R-1-6,0,7.26,0.22563137225090865
Campbell,,40315006,,R-1-9,0,4.84,0.20269750784716326
Campbell,,27923039,,R-1-6,0,7.26,0.25746488861951283
Campbell,,40430076,,R-1-10,0,4.35,0.43680625345970814
Campbell,,40321024,,PF,0,0,1.3083871371761937
Campbell,,41443002,,MHDR,26,33,0.016433481102230755
Campbell,,27940070,,LMDR,8,16,0.022215821125560677
Campbell,,27936151,,MDR,18,25,0.0103233180128715
Campbell,,28825011,,R-1-6,0,7.26,0.22070835295896135
Campbell,,40613012,,R-1-6,0,7.26,0.14697842381468035
Campbell,,41444020,,MHDR,26,33,0.9699173120036128
Campbell,,30717009,,R-1-6,0,7.26,0.1405588753111581
Campbell,,41210035,,MHDR,26,33,0.2000506802160936
Campbell,,27933020,,R-1-6,0,7.26,0.16287677176750862
Campbell,,40624029,,R-1-10,0,4.35,0.39691413211888626
Campbell,,28810026,,R-1-6,0,7.26,0.24006931341580737
Campbell,,41206029,,CB-MU,26,33,0.07536752341510494
Campbell,,27939072,,CB-MU,26,33,0.8549980081088484
Campbell,,40430045,,R-1-10,0,4.35,0.23563487383802825
Campbell,,40408022,,R-1-6,0,7.26,0.1516946477734371
Campbell,,40620022,,R-1-10,0,4.35,0.2802608326017562
Campbell,,41205068,,R-1-6,0,7.26,0.2000414015429136
Campbell,,28216040,,MDR,18,25,0.689002784896989
Campbell,,41240033,,R-1-8,0,5.45,0.230142442300319
Campbell,,30531023,,PO,0,0,0.17928324539816776
Campbell,,40343122,,R-1-6,0,7.26,0.14031442108948852
Campbell,,27923021,,R-1-6,0,7.26,0.2667094086907958
Campbell,,40319103,,R-1-9,0,4.84,0.2980576274956818
Campbell,,28808049,,R-1-6,0,7.26,0.2008632837403464
Campbell,,42439008,,LI,0,0,0.3047970179173169
Campbell,,42433122,,RD,0,0,1.4974338800680893
Campbell,,28814048,,R-1-6,0,7.26,0.2217897679717232
Campbell,,41433016,,R-1-6,0,7.26,0.19940625529227513
Campbell,,40613055,,R-1-6,0,7.26,0.14941819479130178
Campbell,,40314066,,R-1-9,0,4.84,0.29634690867750607
Campbell,,30747015,,MDR,18,25,0.1895039273024586
Campbell,,27935013,,R-1-6,0,7.26,0.1613674632764525
Campbell,,30715009,,R-1-6,0,7.26,0.18943403711170814
Campbell,,40431015,,MDR,18,25,0.2345894635179917
Campbell,,41237028,,R-1-6,0,7.26,0.14748903456591836
Campbell,,41209004,,CC-MU,45,60,0.09403389975119784
Campbell,,40616078,,R-1-10,0,4.35,0.2528233880783083
Campbell,,30754044,,R-1-6,0,7.26,0.14268236466373552
Campbell,,27913035,,R-1-6,0,7.26,0.18099979010461614
Campbell,,27924001,,R-1-6,0,7.26,0.16189440962644747
Campbell,,30537002,,MHDR,26,33,8.976308166665401
Campbell,,27936031,,MDR,18,25,0.010324367603129532
Campbell,,40617021,,R-1-6,0,7.26,0.14553605116173904
Campbell,,30524021,,R-1-6,0,7.26,0.16517145155364177
Campbell,,30538045,,MDR,18,25,0.22669609641330674
Campbell,,40604041,,R-1-6,0,7.26,0.19586148375440796
Campbell,,42404011,,R-1-6,0,7.26,0.21151321538626103
Campbell,,27941027,,CB-MU,26,33,0.16133241644629348
Campbell,,30523023,,R-1-6,0,7.26,0.2390673594625677
Campbell,,28814063,,R-1-6,0,7.26,0.15423121640407453
Campbell,,28807024,,R-1-6,0,7.26,0.25922079045436697
Campbell,,41433046,,R-1-6,0,7.26,0.196220124980597
Campbell,,40347009,,R-1-6,0,7.26,0.1406984118797809
Campbell,,30708013,,R-1-6,0,7.26,0.14739246349368337
Campbell,,40614038,,R-1-8,0,5.45,0.1813387833993932
Campbell,,40432007,,MDR,18,25,0.184788540768959
Campbell,,42404078,,R-1-6,0,7.26,0.19616563893929598
Campbell,,42406125,,R-1-6,0,7.26,0.20057356663730996
Campbell,,30523029,,R-1-6,0,7.26,0.19199142230746952
Campbell,,27946046,,R-1-6,0,7.26,0.1681491108686997
Campbell,,40353028,,R-1-6,0,7.26,0.15574778216733942
Campbell,,28815037,,R-1-6,0,7.26,0.2011767029582403
Campbell,,28824024,,R-1-6,0,7.26,0.18382239908922604
Campbell,,28814042,,R-1-6,0,7.26,0.2206563150486687
Campbell,,42443003,,MDR,18,25,0.012626920408787354
Campbell,,40624070,,R-1-10,0,4.35,0.22815982519315173
Campbell,,41219022,,GC-MU,26,33,0.4087722945482904
Campbell,,30524004,,R-1-6,0,7.26,0.15626532249655126
Campbell,,40425071,,R-1-6,0,7.26,0.15331251164416632
Campbell,,27936298,,MDR,18,25,0.010326264295865901
Campbell,,40308043,,R-1-6,0,7.26,0.137755841377242
Campbell,,40425063,,R-1-6,0,7.26,0.19416777838477833
Campbell,,28809002,,R-1-6,0,7.26,0.23096424081536818
Campbell,,41441052,,MHDR,26,33,0.07832302024172541
Campbell,,41215002,,MHDR,26,33,0.01715665621321808
Campbell,,40343093,,R-1-6,0,7.26,0.15032726380399328
Campbell,,30538053,,MDR,18,25,0.17583137844361899
Campbell,,41239052,,R-1-8,0,5.45,0.2068335992338936
Campbell,,30520002,,MDR,18,25,0.8137828170275537
Campbell,,27937029,,R-1-6,0,7.26,0.1661671499987299
Campbell,,41440002,,R-1-6,0,7.26,0.2986600100536819
Campbell,,40406029,,R-1-6,0,7.26,0.2471050153355516
Campbell,,40307034,,R-1-6,0,7.26,0.1703555594597831
Campbell,,30534033,,R-1-6,0,7.26,0.2545718818422306
Campbell,,40315096,,R-1-9,0,4.84,0.04114344083515289
Campbell,,40314067,,R-1-9,0,4.84,0.2806464583193979
Campbell,,40617001,,R-1-10,0,4.35,0.5092915478048665
Campbell,,27932010,,TO-MU,57,75,3.869429287487513
Campbell,,40613058,,R-1-6,0,7.26,0.17643111705929426
Campbell,,30533029,,R-1-6,0,7.26,0.19835587471985555
Campbell,,40318068,,R-1-9,0,4.84,0.14656715620136493
Campbell,,30754016,,R-1-6,0,7.26,0.216502179479346
Campbell,,40343125,,R-1-6,0,7.26,0.13943308793429918
Campbell,,28806067,,R-1-6,0,7.26,0.19859404564598124
Campbell,,27920021,,R-1-6,0,7.26,0.14188765521163638
Campbell,,30732007,,LMDR,8,16,0.18943870674421492
Campbell,,30550015,,MDR,18,25,0.019003132441676587
Campbell,,30742012,,R-1-6,0,7.26,0.20476215140834278
Campbell,,27941063,,PF,0,0,1.536794092692229
Campbell,,28813044,,R-1-6,0,7.26,0.17982621237402632
Campbell,,30519053,,R-1-6,0,7.26,0.2251692918801466
Campbell,,40625007,,R-1-10,0,4.35,0.3654030370400263
Campbell,,40423005,,R-1-6,0,7.26,0.15211225726633792
Campbell,,30523014,,R-1-6,0,7.26,0.22361487107111414
Campbell,,40429007,,R-1-16,0,2.72,0.5726918813515077
Campbell,,27936164,,MDR,18,25,0.017561367172591318
Campbell,,40343017,,R-1-6,0,7.26,0.13498063657820197
Campbell,,30743030,,R-1-6,0,7.26,0.1599151079702672
Campbell,,27940065,,LMDR,8,16,0.02063498711021729
Campbell,,40425066,,R-1-6,0,7.26,0.21051132187908664
Campbell,,30554003,,MDR,18,25,0.011923302743042447
Campbell,,30753062,,R-1-6,0,7.26,0.13657309646670013
Campbell,,41404001,,NC,0,0,0.1816949178322509
Campbell,,40308083,,R-1-6,0,7.26,0.13861119973093225
Campbell,,41237001,,R-1-8,0,5.45,0.3762564141507821
Campbell,,27936001,,MDR,18,25,0.016415592307055783
Campbell,,28814020,,R-1-6,0,7.26,0.22583621496030595
Campbell,,42404068,,R-1-6,0,7.26,0.20754402185891327
Campbell,,28809023,,R-1-6,0,7.26,0.1931235429033489
Campbell,,30743073,,MDR,18,25,0.17963287835096353
Campbell,,40423033,,R-1-6,0,7.26,0.15565590933793153
Campbell,,41443011,,MHDR,26,33,0.016433168704842002
Campbell,,41237073,,R-1-8,0,5.45,0.24087772135165703
Campbell,,30533083,,MDR,18,25,0.91832913987408
Campbell,,30708030,,R-1-6,0,7.26,0.14515689359317513
Campbell,,40615001,,R-1-8,0,5.45,0.2151864285905496
Campbell,,40310068,,R-1-6,0,7.26,0.23811949425625492
Campbell,,40624049,,R-1-10,0,4.35,0.2810147229714072
Campbell,,30752062,,R-1-6,0,7.26,0.14770152913996457
Campbell,,40406021,,R-1-6,0,7.26,0.23813188082905418
Campbell,,28819037,,R-1-6,0,7.26,0.1978208894047159
Campbell,,41237013,,R-1-8,0,5.45,0.2490423266706184
Campbell,,40425045,,R-1-6,0,7.26,0.17171177371321886
Campbell,,40433042,,R-1-6,0,7.26,0.14862424985507583
Campbell,,41238027,,R-1-6,0,7.26,0.1701767084443596
Campbell,,40422066,,R-1-6,0,7.26,0.16504552311527362
Campbell,,28811055,,R-1-6,0,7.26,0.16718282905268936
Campbell,,40424059,,R-1-6,0,7.26,0.15864754536015765
Campbell,,41239044,,R-1-8,0,5.45,0.22791174687502017
Campbell,,27936247,,MDR,18,25,0.010323465361195088
Campbell,,27935009,,R-1-6,0,7.26,0.16131171124524907
Campbell,,40622001,,NC,0,0,0.22596509753437752
Campbell,,41218045,,MHDR,26,33,0.01936260109489599
Campbell,,40313042,,R-1-6,0,7.26,0.1386000316635329
Campbell,,41401054,,R-1-8,0,5.45,0.19235441083642563
Campbell,,30518039,,R-1-6,0,7.26,0.1375460907374491
Campbell,,40601051,,R-1-6,0,7.26,0.25037399499181323
Campbell,,27936060,,MDR,18,25,0.01755703444279694
Campbell,,30739019,,R-1-6,0,7.26,0.15470766262559374
Campbell,,30539048,,R-1-6,0,7.26,0.16902065574784608
Campbell,,28819062,,R-1-6,0,7.26,0.20814894720046362
Campbell,,27920001,,R-1-6,0,7.26,0.3182330546392322
Campbell,,41401068,,R-1-8,0,5.45,0.19700773735279295
Campbell,,40353071,,R-1-6,0,7.26,0.167281237564988
Campbell,,40409020,,R-1-6,0,7.26,0.13544297835711763
Campbell,,40428026,,R-1-16,0,2.72,0.4252214948775267
Campbell,,40344049,,R-1-6,0,7.26,0.1587132072907167
Campbell,,30752047,,R-1-6,0,7.26,0.14888571520941868
Campbell,,40353078,,R-1-6,0,7.26,0.1602437055997998
Campbell,,40313090,,R-1-6,0,7.26,0.17484813850903197
Campbell,,28811027,,LMDR,8,16,0.14722392233370535
Campbell,,30755043,,R-1-6,0,7.26,0.14089804526882554
Campbell,,41209026,,CC-MU,45,60,0.20259407980276847
Campbell,,40314059,,R-1-9,0,4.84,0.228511763783866
Campbell,,30753102,,R-1-6,0,7.26,0.14073624621860145
Campbell,,27940067,,LMDR,8,16,0.021498821442455684
Campbell,,40406040,,R-1-6,0,7.26,0.23825392807112894
Campbell,,30520019,,R-1-6,0,7.26,0.2048413943576245
Campbell,,41237051,,R-1-6,0,7.26,0.2862202314204044
Campbell,,30756035,,R-1-6,0,7.26,0.16696162261860867
Campbell,,27935031,,GC,0,0,1.1434856831161442
Campbell,,40408008,,R-1-6,0,7.26,0.14108618481613566
Campbell,,30518006,,R-1-6,0,7.26,0.24606484285314173
Campbell,,28810003,,R-1-6,0,7.26,0.22284601387776107
Campbell,,30523091,,R-1-6,0,7.26,0.1859581836231298
Campbell,,28807020,,R-1-6,0,7.26,0.2611677367008118
Campbell,,41207010,,R-1-6,0,7.26,0.14700526890738266
Campbell,,40313068,,R-1-6,0,7.26,0.15512011822504104
Campbell,,40319088,,R-1-9,0,4.84,0.20311389794247384
Campbell,,30539050,,TO-MU,57,75,1.7255135485946826
Campbell,,40431022,,MDR,18,25,0.2566056135748161
Campbell,,27939075,,R-1-6,0,7.26,0.1661785310973204
Campbell,,30707065,,R-1-6,0,7.26,0.1771269636852522
Campbell,,30503052,,R-1-6,0,7.26,0.23188622529748143
Campbell,,40623029,,R-1-8,0,5.45,0.2233075275501795
Campbell,,27923059,,R-1-6,0,7.26,0.21390300632779446
Campbell,,40617003,,R-1-10,0,4.35,0.18428902305127953
Campbell,,40423032,,R-1-6,0,7.26,0.14048091204726573
Campbell,,40422022,,R-1-6,0,7.26,0.14118664472903614
Campbell,,40431033,,MDR,18,25,0.20769900295416907
Campbell,,27922021,,R-1-6,0,7.26,0.2397343985209384
Campbell,,30717020,,R-1-6,0,7.26,0.1484042945595873
Campbell,,40606044,,R-1-6,0,7.26,0.23653815895404912
Campbell,,27937025,,R-1-6,0,7.26,0.15427695273860015
Campbell,,41248001,,MHDR,26,33,0.03254818373578856
Campbell,,28811011,,MDR,18,25,0.14409948638777684
Campbell,,40432039,,R-1-6,0,7.26,0.13897308150944693
Campbell,,40315016,,R-1-9,0,4.84,0.1556345806264456
Campbell,,27940068,,LMDR,8,16,0.022342252324915365
Campbell,,30708020,,R-1-6,0,7.26,0.1418696016042255
Campbell,,40431048,,MDR,18,25,0.20681635338170137
Campbell,,28816036,,R-1-6,0,7.26,0.21184204815922242
Campbell,,28819065,,R-1-6,0,7.26,0.21461181405010843
Campbell,,30747045,,MDR,18,25,0.020971605069267988
Campbell,,27934016,,R-1-6,0,7.26,0.1419579193909695
Campbell,,40423001,,R-1-6,0,7.26,0.18889538564311054
Campbell,,28825058,,R-1-6,0,7.26,0.2030493732889515
Campbell,,30753068,,R-1-6,0,7.26,0.17357488323224804
Campbell,,30753072,,R-1-6,0,7.26,0.14653615492643773
Campbell,,28815032,,R-1-6,0,7.26,0.20230977099112352
Campbell,,40343019,,R-1-6,0,7.26,0.1394814870301765
Campbell,,40316034,,R-1-10,0,4.35,0.25186849036730546
Campbell,,40316028,,R-1-10,0,4.35,0.24021778506255012
Campbell,,40606086,,R-1-6,0,7.26,0.009975740426856028
Campbell,,27930028,,R-1-6,0,7.26,0.14797744542258112
Campbell,,28812079,,R-1-6,0,7.26,0.16908100180023128
Campbell,,41440032,,LMDR,8,16,0.5046249719530188
Campbell,,40622033,,R-1-10,0,4.35,0.3960152344180029
Campbell,,40602034,,R-1-6,0,7.26,0.25709309319672397
Campbell,,42443022,,MDR,18,25,0.012406254598129688
Campbell,,30743021,,R-1-6,0,7.26,0.1531717352920989
Campbell,,40613036,,R-1-6,0,7.26,0.14752557943361183
Campbell,,28815055,,R-1-6,0,7.26,0.2080888736064982
Campbell,,42405057,,R-1-6,0,7.26,0.19186712065532996
Campbell,,27936259,,MDR,18,25,0.010323448354509813
Campbell,,40618032,,R-1-6,0,7.26,0.14907686317795024
Campbell,,42406122,,ROW,0,0,5.6167681662666356
Campbell,,40422043,,R-1-6,0,7.26,0.16604955225144952
Campbell,,40319011,,R-1-9,0,4.84,0.2267054948555561
Campbell,,30753045,,R-1-6,0,7.26,0.1391498956601464
Campbell,,41239020,,R-1-8,0,5.45,0.28586131391463754
Campbell,,27936025,,MDR,18,25,0.016417596386953788
Campbell,,28815084,,R-1-6,0,7.26,0.22143662784319226
Campbell,,30755024,,R-1-6,0,7.26,0.15342307215338036
Campbell,,30554001,,MDR,18,25,0.012146081170629045
Campbell,,30748039,,R-1-6,0,7.26,0.13521560994437581
Campbell,,40636001,,LMDR,8,16,0.019337670180609685
Campbell,,41402057,,R-1-8,0,5.45,0.213174430808746
Campbell,,30752002,,R-1-6,0,7.26,0.14700578742772988
Campbell,,30748040,,R-1-6,0,7.26,0.1410753070723032
Campbell,,30504008,,MDR,18,25,0.2027651926253809
Campbell,,30753087,,R-1-6,0,7.26,0.13989010133527427
Campbell,,41207051,,R-1-6,0,7.26,0.05968638183463068
Campbell,,28812068,,R-1-6,0,7.26,0.15786860699575755
Campbell,,40308095,,R-1-6,0,7.26,0.14120409174538287
Campbell,,40603037,,MDR,18,25,0.12192262759501898
Campbell,,28825041,,R-1-6,0,7.26,0.19026616017063247
Campbell,,30520020,,R-1-6,0,7.26,0.21915872372654388
Campbell,,41441009,,MHDR,26,33,0.13450381481988394
Campbell,,42405062,,R-1-6,0,7.26,0.19187385549214003
Campbell,,41230037,,LI,0,0,0.35550351760658655
Campbell,,30554004,,MDR,18,25,0.01188379421011909
Campbell,,42433055,,RD,0,0,0.8522608638592732
Campbell,,40348038,,R-1-6,0,7.26,0.255530838867378
Campbell,,40344005,,R-1-6,0,7.26,0.13772687824413812
Campbell,,28815069,,R-1-6,0,7.26,0.20438559322575353
Campbell,,30741032,,LMDR,8,16,0.1514270943628308
Campbell,,41238014,,R-1-6,0,7.26,0.17453945346568236
Campbell,,30750002,,MDR,18,25,0.27645847721306743
Campbell,,27936112,,MDR,18,25,0.017561367172591318
Campbell,,28809020,,LMDR,8,16,0.20145639598356932
Campbell,,41401041,,R-1-8,0,5.45,0.176797419267628
Campbell,,41404027,,R-1-8,0,5.45,0.23451021238966205
Campbell,,40347011,,R-1-6,0,7.26,0.13982158550888008
Campbell,,27923018,,R-1-6,0,7.26,0.22088360201353344
Campbell,,40430024,,R-1-10,0,4.35,0.22758454471131032
Campbell,,42443056,,MDR,18,25,0.012632255392920925
Campbell,,41214026,,MHDR,26,33,0.016584606589424566
Campbell,,28806029,,R-1-6,0,7.26,0.19120156791340048
Campbell,,30749033,,R-1-6,0,7.26,0.15122427278747652
Campbell,,40427009,,R-1-10,0,4.35,0.3076613716616051
Campbell,,40433023,,R-1-6,0,7.26,0.1446396304989399
Campbell,,40424077,,R-1-6,0,7.26,0.1559726840587228
Campbell,,41241018,,R-1-8,0,5.45,0.3051850862795781
Campbell,,41215012,,MHDR,26,33,0.01751670355530533
Campbell,,42401153,,LI,0,0,0.261463025397299
Campbell,,41212033,,MHDR,26,33,0.031172409374578342
Campbell,,41402066,,R-1-8,0,5.45,0.19727136123786407
Campbell,,41235019,,R-1-6,0,7.26,0.13783836701629423
Campbell,,27923062,,R-1-6,0,7.26,0.21337943562825532
Campbell,,27920042,,R-1-6,0,7.26,0.13912179116254655
Campbell,,40424009,,R-1-6,0,7.26,0.18527265016558767
Campbell,,30518021,,R-1-6,0,7.26,0.42621374161760267
Campbell,,27936335,,MDR,18,25,0.010323154199348058
Campbell,,40612087,,R-1-6,0,7.26,0.1541453926195
Campbell,,27924002,,R-1-6,0,7.26,0.1615638548486836
Campbell,,40612068,,R-1-6,0,7.26,0.19145804315237824
Campbell,,28811032,,LMDR,8,16,0.1471043188511282
Campbell,,30753004,,R-1-6,0,7.26,0.14314800323901788
Campbell,,40406006,,R-1-6,0,7.26,0.23957906497280548
Campbell,,40606038,,R-1-6,0,7.26,0.33590577860357335
Campbell,,41228041,,MHDR,26,33,0.019806167982680728
Campbell,,41209057,,CC-MU,45,60,0.13861019342238243
Campbell,,28824007,,R-1-6,0,7.26,0.20021622915287227
Campbell,,40422030,,R-1-6,0,7.26,0.16206706142333901
Campbell,,40614026,,R-1-8,0,5.45,0.1806618155364349
Campbell,,40348006,,R-1-6,0,7.26,0.14402859507830612
Campbell,,40408027,,R-1-6,0,7.26,0.13587867451848795
Campbell,,40308087,,R-1-6,0,7.26,0.14766448304128243
Campbell,,40429017,,R-1-10,0,4.35,0.19793067575825032
Campbell,,41207036,,CB-MU,26,33,0.1528615801133436
Campbell,,30519072,,R-1-6,0,7.26,0.23959409934208623
Campbell,,30754005,,R-1-6,0,7.26,0.14154447133848283
Campbell,,30754051,,R-1-6,0,7.26,0.25873895743951963
Campbell,,40606085,,R-1-6,0,7.26,0.014622386688931916
Campbell,,27920068,,R-1-6,0,7.26,0.14004169878909578
Campbell,,41434005,,R-1-6,0,7.26,0.1957185357508171
Campbell,,41402028,,R-1-8,0,5.45,0.18848687242394277
Campbell,,40316012,,R-1-10,0,4.35,0.3313328416052878
Campbell,,28816003,,R-1-6,0,7.26,0.22997936860453305
Campbell,,40348101,,R-1-6,0,7.26,0.1991859076707971
Campbell,,30708038,,R-1-6,0,7.26,0.1497504083740552
Campbell,,40407028,,R-1-6,0,7.26,0.20513967519448698
Campbell,,30520006,,MDR,18,25,0.21397184101646324
Campbell,,40315079,,R-1-9,0,4.84,0.21495661604931932
Campbell,,30726018,,LMDR,8,16,0.1657370165102041
Campbell,,30756039,,R-1-6,0,7.26,0.14241659930761433
Campbell,,40313044,,R-1-6,0,7.26,0.14787274748389526
Campbell,,40319123,,R-1-9,0,4.84,0.28890790831235114
Campbell,,27919018,,R-1-6,0,7.26,0.13929737233570472
Campbell,,30716011,,PO,0,0,0.39960135310714545
Campbell,,40607032,,R-1-6,0,7.26,0.14361269019533887
Campbell,,40615029,,R-1-8,0,5.45,0.20492459332415425
Campbell,,28817046,,R-1-6,0,7.26,0.261290466595015
Campbell,,40342015,,R-1-6,0,7.26,0.14476771945142464
Campbell,,27923060,,R-1-6,0,7.26,0.21053021193897087
Campbell,,27941011,,CB-MU,26,33,0.03926645723136872
Campbell,,30755045,,R-1-6,0,7.26,0.14098336266154404
Campbell,,40612062,,R-1-6,0,7.26,0.15836062273238735
Campbell,,27936201,,MDR,18,25,0.01641327929403405
Campbell,,40313020,,R-1-9,0,4.84,0.2542615112408822
Campbell,,41402008,,R-1-8,0,5.45,0.21083573411283146
Campbell,,28811030,,LMDR,8,16,0.1471762613356051
Campbell,,40319075,,R-1-9,0,4.84,0.23892270092510134
Campbell,,30751006,,R-1-6,0,7.26,0.22731263238335442
Campbell,,30531011,,R-1-6,0,7.26,0.18404353772546544
Campbell,,40318016,,R-1-9,0,4.84,0.19903392921491134
Campbell,,40314055,,R-1-9,0,4.84,0.9959799425846377
Campbell,,41211026,,MHDR,26,33,0.026140147236350858
Campbell,,30519056,,R-1-6,0,7.26,0.22416108596533596
Campbell,,41435015,,LMDR,8,16,0.02635658983933526
Campbell,,27936013,,MDR,18,25,0.016423295855353664
Campbell,,40601027,,R-1-6,0,7.26,0.1377384455396142
Campbell,,40604039,,R-1-6,0,7.26,0.1724117756515659
Campbell,,40618017,,R-1-6,0,7.26,0.14816981825183645
Campbell,,41212027,,MHDR,26,33,1.1170077683999555
Campbell,,27940033,,R-1-6,0,7.26,0.2144125952492019
Campbell,,40622017,,R-1-10,0,4.35,0.2919305009550657
Campbell,,40310019,,R-1-6,0,7.26,0.22950703699251446
Campbell,,27936011,,MDR,18,25,0.010325819846356325
Campbell,,40315076,,R-1-9,0,4.84,0.21143807635227344
Campbell,,27940003,,R-1-6,0,7.26,0.10054867249914662
Campbell,,27930009,,R-1-6,0,7.26,0.22807876888585304
Campbell,,40618009,,R-1-6,0,7.26,0.14351159091507784
Campbell,,41404011,,R-1-8,0,5.45,0.24624670572677276
Campbell,,28812015,,R-1-6,0,7.26,0.1277030135981774
Campbell,,27930027,,MDR,18,25,0.44794266129418603
Campbell,,41238057,,R-1-6,0,7.26,0.17529044565884636
Campbell,,41233014,,LI,0,0,0.387976152448882
Campbell,,40616025,,R-1-10,0,4.35,0.27489355497172796
Campbell,,27920071,,R-1-6,0,7.26,0.1412497817176774
Campbell,,40308059,,R-1-6,0,7.26,0.1335370851321017
Campbell,,27941038,,CB-MU,26,33,0.10503051524140641
Campbell,,40336068,,MDR,18,25,0.19212089891083767
Campbell,,27936256,,MDR,18,25,0.01756395244983136
Campbell,,40425061,,R-1-6,0,7.26,0.19393184640084613
Campbell,,40614053,,R-1-8,0,5.45,0.22635999754086494
Campbell,,42443039,,MDR,18,25,0.013196369686861978
Campbell,,41204056,,R-1-6,0,7.26,0.1994069119934389
Campbell,,28811050,,R-1-6,0,7.26,0.15674178607694886
Campbell,,42433121,,RD,0,0,4.255904524527931
Campbell,,30537031,,MDR,18,25,0.17713287587637927
Campbell,,27922052,,R-1-6,0,7.26,0.33120837501039296
Campbell,,28817025,,R-1-6,0,7.26,0.2638661176881216
Campbell,,41229003,,MHDR,26,33,4.803411383738202
Campbell,,40318071,,R-1-9,0,4.84,0.18541297790275998
Campbell,,30533074,,R-1-6,0,7.26,0.24394406067690552
Campbell,,28809078,,R-1-6,0,7.26,0.0192099513318687
Campbell,,40431035,,MDR,18,25,0.1928086867649481
Campbell,,41218008,,MHDR,26,33,0.023273681288762074
Campbell,,28813052,,R-1-6,0,7.26,0.15939461186549328
Campbell,,40431006,,MDR,18,25,0.18511067353513955
Campbell,,41239010,,R-1-8,0,5.45,0.21903294866282144
Campbell,,40636005,,LMDR,8,16,0.016418064538258864
Campbell,,28809063,,R-1-6,0,7.26,0.20889640795396947
Campbell,,40432003,,MDR,18,25,0.1848041848678273
Campbell,,28813006,,R-1-6,0,7.26,0.23774363254052053
Campbell,,40315003,,R-1-9,0,4.84,0.18367585249135124
Campbell,,30504026,,R-1-6,0,7.26,0.2102057266485648
Campbell,,30521001,,GC,0,0,0.6462298367834499
Campbell,,27921012,,R-1-6,0,7.26,0.14049676175762718
Campbell,,41237030,,R-1-6,0,7.26,0.19591642123741568
Campbell,,40622031,,R-1-10,0,4.35,0.40170467245189273
Campbell,,40624058,,R-1-10,0,4.35,0.251078728230634
Campbell,,30531035,,MDR,18,25,0.24712959480270125
Campbell,,30741010,,R-1-6,0,7.26,0.16382951751214442
Campbell,,40342013,,R-1-6,0,7.26,0.13651876801132412
Campbell,,42405017,,R-1-6,0,7.26,0.19891907231188785
Campbell,,41238039,,R-1-6,0,7.26,0.16442568483703376
Campbell,,27930017,,R-1-6,0,7.26,0.1607595577090226
Campbell,,40319091,,R-1-9,0,4.84,0.23412230985122598
Campbell,,30743010,,R-1-6,0,7.26,0.15360604312706672
Campbell,,28813092,,LMDR,8,16,0.22183308217162745
Campbell,,27939028,,R-1-6,0,7.26,0.20587660914709308
Campbell,,30744039,,R-1-6,0,7.26,0.1724374783174026
Campbell,,40602043,,R-1-6,0,7.26,0.2393345279422136
Campbell,,40424006,,R-1-6,0,7.26,0.28227124394521863
Campbell,,42404059,,R-1-6,0,7.26,0.19887826753842858
Campbell,,42443023,,MDR,18,25,0.012668732493385935
Campbell,,30714018,,R-1-6,0,7.26,0.14188729393710575
Campbell,,41207028,,CB-MU,26,33,0.03741081982037647
Campbell,,30715004,,R-1-6,0,7.26,0.14970886273875766
Campbell,,30750046,,R-1-6,0,7.26,0.1819934560748399
Campbell,,40318030,,R-1-9,0,4.84,0.3287821810238707
Campbell,,30533076,,R-1-6,0,7.26,0.24464948268170048
Campbell,,42443061,,MDR,18,25,0.012118844953179223
Campbell,,27921018,,R-1-6,0,7.26,0.1394534510401779
Campbell,,28815072,,R-1-6,0,7.26,0.22054835936930842
Campbell,,30742022,,R-1-6,0,7.26,0.13773544177666897
Campbell,,41401037,,R-1-8,0,5.45,0.18353404761568587
Campbell,,27946020,,R-1-6,0,7.26,0.13510807896312582
Campbell,,30750054,,R-1-6,0,7.26,0.1378947538150873
Campbell,,40604049,,R-1-6,0,7.26,0.140962121813037
Campbell,,30753076,,R-1-6,0,7.26,0.14277408417366066
Campbell,,40606022,,R-1-6,0,7.26,0.14293214599265433
Campbell,,41433010,,R-1-6,0,7.26,0.2667919668724364
Campbell,,40623013,,R-1-8,0,5.45,0.26844619499813
Campbell,,40619034,,LMDR,8,16,0.1965284347051846
Campbell,,40602071,,R-1-6,0,7.26,0.2559200675714327
Campbell,,30521020,,MDR,18,25,0.1901647599766785
Campbell,,41404031,,R-1-8,0,5.45,0.30002252264665497
Campbell,,40605056,,R-1-6,0,7.26,0.14465527335503467
Campbell,,40315061,,R-1-9,0,4.84,0.20684118671470228
Campbell,,40310088,,R-1-6,0,7.26,0.13297579009560745
Campbell,,30535016,,R-1-6,0,7.26,0.4275877763709613
Campbell,,28216026,,LMDR,8,16,0.21122098473791412
Campbell,,40314018,,R-1-9,0,4.84,0.3065343954117729
Campbell,,41211012,,MHDR,26,33,0.02621385306058502
Campbell,,40605022,,R-1-6,0,7.26,0.1406191813837085
Campbell,,27936260,,MDR,18,25,0.017563237320949898
Campbell,,42443016,,MDR,18,25,0.011869943330968628
Campbell,,28814051,,R-1-6,0,7.26,0.21618718576002155
Campbell,,40313014,,R-1-9,0,4.84,0.6283951944197073
Campbell,,40431003,,MDR,18,25,0.20693129357426449
Campbell,,40424057,,R-1-6,0,7.26,0.1373836639858654
Campbell,,30753055,,R-1-6,0,7.26,0.1417462057402487
Campbell,,30715001,,R-1-6,0,7.26,0.1862215586415604
Campbell,,40636010,,LMDR,8,16,0.016854502484307185
Campbell,,30707042,,R-1-6,0,7.26,0.1563451748161972
Campbell,,40621024,,OS,0,0,1.9460022172087585
Campbell,,27929020,,R-1-6,0,7.26,0.23146741590784486
Campbell,,40314008,,R-1-9,0,4.84,0.22562529710310406
Campbell,,41435016,,LMDR,8,16,0.02638270635106715
Campbell,,30537023,,MDR,18,25,0.1790178146578408
Campbell,,40618001,,R-1-6,0,7.26,0.18258010611108808
Campbell,,41207045,,ROW,0,0,5.943402001274754
Campbell,,28813031,,R-1-6,0,7.26,0.17086162961235776
Campbell,,30756002,,R-1-6,0,7.26,0.13303675799926334
Campbell,,41233016,,LI,0,0,2.1096621068964114
Campbell,,40312067,,R-1-9,0,4.84,0.2419085716085254
Campbell,,30750035,,R-1-6,0,7.26,0.14125053424374442
Campbell,,40342006,,R-1-6,0,7.26,0.14605762253715637
Campbell,,40431002,,MDR,18,25,0.2068245756881345
Campbell,,40353050,,R-1-6,0,7.26,0.17166187928849216
Campbell,,40607030,,R-1-6,0,7.26,0.14253428461870257
Campbell,,30714016,,R-1-6,0,7.26,0.1845623715663286
Campbell,,40613016,,R-1-6,0,7.26,0.16809441345782844
Campbell,,27936153,,MDR,18,25,0.01641320960941759
Campbell,,30754027,,R-1-6,0,7.26,0.2331217233064728
Campbell,,40424082,,R-1-6,0,7.26,0.14952705224636392
Campbell,,40425077,,R-1-6,0,7.26,0.14474281718499613
Campbell,,40336052,,MDR,18,25,0.18459278251287553
Campbell,,28812059,,MDR,18,25,0.14543639810677278
Campbell,,41401059,,R-1-8,0,5.45,0.21819867657801598
Campbell,,28825045,,R-1-6,0,7.26,0.19011268755138694
Campbell,,42403027,,R-1-6,0,7.26,0.27167075891790204
Campbell,,42401096,,LI,0,0,0.2419348255510481
Campbell,,28815046,,R-1-6,0,7.26,0.1734766976778314
Campbell,,40318107,,R-1-9,0,4.84,0.2925597260707133
Campbell,,27939024,,R-1-6,0,7.26,0.20231604616705318
Campbell,,30750062,,MDR,18,25,0.5392091364595653
Campbell,,27941072,,CB-MU,26,33,0.15684921090682405
Campbell,,42401082,,LI,0,0,0.26996715296271473
Campbell,,40616059,,R-1-10,0,4.35,0.1922491748024713
Campbell,,40313129,,R-1-9,0,4.84,0.5947608901145489
Campbell,,40602004,,R-1-6,0,7.26,0.16501947040890624
Campbell,,30537011,,LMDR,8,16,0.20474300873050902
Campbell,,30755047,,R-1-6,0,7.26,0.14581004972615844
Campbell,,27936144,,MDR,18,25,0.01756167860637242
Campbell,,40308104,,R-1-6,0,7.26,0.1423197768844905
Campbell,,40602055,,R-1-6,0,7.26,0.1859549025264904
Campbell,,40336026,,MDR,18,25,0.20346797870640487
Campbell,,27929025,,R-1-6,0,7.26,0.19473233343021415
Campbell,,40602064,,R-1-6,0,7.26,0.21360996338531568
Campbell,,40433026,,R-1-6,0,7.26,0.24981866991384707
Campbell,,41230012,,MHDR,26,33,0.17930490568732155
Campbell,,40618026,,R-1-6,0,7.26,0.16180434777336367
Campbell,,27913038,,R-1-6,0,7.26,0.1944603859473261
Campbell,,27930007,,R-1-6,0,7.26,0.1918538563173143
Campbell,,30747028,,MDR,18,25,1.1232830940650844
Campbell,,30524037,,R-1-6,0,7.26,0.20523932995104474
Campbell,,28825069,,R-1-6,0,7.26,0.18521364567017157
Campbell,,40347016,,PF,0,0,19.63236283247974
Campbell,,30754004,,R-1-6,0,7.26,0.14122161957770124
Campbell,,30523090,,R-1-6,0,7.26,0.1964360992580723
Campbell,,41433040,,R-1-6,0,7.26,0.20783957665709066
Campbell,,40425059,,R-1-6,0,7.26,0.18017095674379513
Campbell,,30538035,,MDR,18,25,0.26373833347258074
Campbell,,28811017,,MDR,18,25,0.14570893602089963
Campbell,,42403021,,R-1-6,0,7.26,0.19977896527192585
Campbell,,28809051,,R-1-6,0,7.26,0.19119153027927283
Campbell,,27936185,,MDR,18,25,0.016418165636751546
Campbell,,30750015,,LMDR,8,16,0.1595056960117714
Campbell,,40425064,,R-1-6,0,7.26,0.1942598891670688
Campbell,,28813040,,R-1-6,0,7.26,0.17733429266437079
Campbell,,40624056,,R-1-10,0,4.35,0.28239450183407283
Campbell,,28809034,,R-1-6,0,7.26,0.189706375194992
Campbell,,28825086,,PO,0,0,0.40543493586233365
Campbell,,40315022,,R-1-9,0,4.84,0.27502417677368607
Campbell,,30739018,,R-1-6,0,7.26,0.13733778856318007
Campbell,,40424034,,R-1-6,0,7.26,0.20056921181040457
Campbell,,27923007,,R-1-6,0,7.26,0.23874958577505348
Campbell,,27936297,,MDR,18,25,0.016415769339614517
Campbell,,28808001,,R-1-6,0,7.26,0.24045261063524043
Campbell,,40315082,,R-1-9,0,4.84,0.0367320214842738
Campbell,,42405050,,R-1-6,0,7.26,0.2003678020399969
Campbell,,28814043,,R-1-6,0,7.26,0.22087007593919736
Campbell,,28814052,,R-1-6,0,7.26,0.19990028983963581
Campbell,,40422027,,R-1-6,0,7.26,0.13523522872024124
Campbell,,40614046,,R-1-8,0,5.45,0.23772078603008642
Campbell,,41444021,,R-1-6,0,7.26,0.14481139308383645
Campbell,,42403011,,R-1-6,0,7.26,0.18449505579708658
Campbell,,40407037,,R-1-6,0,7.26,0.17732579558177286
Campbell,,40308099,,R-1-6,0,7.26,0.14920159576877945
Campbell,,30533041,,R-1-6,0,7.26,0.2135324726227862
Campbell,,41215005,,MHDR,26,33,0.016941405263736626
Campbell,,28815079,,R-1-6,0,7.26,0.14567687303503818
Campbell,,28818021,,R-1-6,0,7.26,0.1747442794018586
Campbell,,41210042,,CC-MU,45,60,0.7267454408206859
Campbell,,30531008,,R-1-6,0,7.26,0.190880745553413
Campbell,,27936290,,MDR,18,25,0.010321862493512341
Campbell,,27941012,,CB-MU,26,33,0.04291695492284555
Campbell,,40604020,,R-1-6,0,7.26,0.19829634493111636
Campbell,,28811029,,LMDR,8,16,0.147167619427842
Campbell,,30741004,,R-1-6,0,7.26,0.1425907567297829
Campbell,,30538002,,MDR,18,25,0.1924315795332984
Campbell,,27920045,,R-1-6,0,7.26,0.13515045372950318
Campbell,,30518040,,R-1-6,0,7.26,0.16001184692826056
Campbell,,30531041,,PO,0,0,0.16925586051187574
Campbell,,41440054,,MHDR,26,33,0.01472293483149331
Campbell,,40601036,,R-1-6,0,7.26,0.2561900140474658
Campbell,,40318008,,R-1-9,0,4.84,0.23150776807584889
Campbell,,28812046,,R-1-6,0,7.26,0.1553455720707985
Campbell,,40315071,,R-1-9,0,4.84,0.2090986171141421
Campbell,,40408024,,R-1-6,0,7.26,0.13691692568405645
Campbell,,40431024,,MDR,18,25,0.23973288053741434
Campbell,,41228043,,MHDR,26,33,0.018809615683681998
Campbell,,30708023,,R-1-6,0,7.26,0.14186745520769856
Campbell,,40604026,,R-1-6,0,7.26,0.16177425272550414
Campbell,,40612082,,R-1-6,0,7.26,0.1832359846381427
Campbell,,40336061,,MDR,18,25,0.20311044933405606
Campbell,,40315005,,R-1-9,0,4.84,0.42670228164772034
Campbell,,40625027,,R-1-10,0,4.35,0.21409033448876677
Campbell,,27930015,,R-1-6,0,7.26,0.167423552155154
Campbell,,40316108,,R-1-10,0,4.35,0.23542195013600764
Campbell,,30754030,,R-1-6,0,7.26,0.2429898456443166
Campbell,,41206021,,PF,0,0,0.3720844838010297
Campbell,,40424019,,R-1-6,0,7.26,0.14050553096204382
Campbell,,30537026,,MDR,18,25,0.16735174357860416
Campbell,,27922003,,R-1-6,0,7.26,0.22380279453310528
Campbell,,40616060,,R-1-10,0,4.35,0.19361386920717483
Campbell,,40425029,,R-1-6,0,7.26,0.14445611928398616
Campbell,,40636008,,LMDR,8,16,0.01688795576587045
Campbell,,40314060,,R-1-9,0,4.84,0.1844812912166046
Campbell,,27920033,,R-1-6,0,7.26,0.1391084504822096
Campbell,,28809061,,R-1-6,0,7.26,0.22874573999280998
Campbell,,41230014,,MHDR,26,33,0.41532802668307767
Campbell,,30755007,,R-1-6,0,7.26,0.13498383100253103
Campbell,,30752061,,R-1-6,0,7.26,0.14827300532346263
Campbell,,41434030,,R-1-6,0,7.26,0.25242957620062445
Campbell,,40603021,,R-1-6,0,7.26,0.4632733450921142
Campbell,,40316063,,LMDR,8,16,0.20178736650890244
Campbell,,41238032,,R-1-6,0,7.26,0.14032386723448206
Campbell,,40424066,,R-1-6,0,7.26,0.16381392502135822
Campbell,,30524029,,R-1-6,0,7.26,0.16965813151149747
Campbell,,40424013,,R-1-6,0,7.26,0.1711988465378714
Campbell,,40603052,,LMDR,8,16,0.038129525064720574
Campbell,,40624064,,R-1-10,0,4.35,0.2042325144365708
Campbell,,28810077,,NC,0,0,0.3536274273045007
Campbell,,30531004,,MDR,18,25,0.2977545765219651
Campbell,,41230023,,LI,0,0,0.6061460116739497
Campbell,,40606050,,R-1-6,0,7.26,0.27789500727586086
Campbell,,40308042,,R-1-6,0,7.26,0.13773955609389388
Campbell,,41401014,,R-1-8,0,5.45,0.4328959360754913
Campbell,,41202034,,PF,0,0,0.0029755958316445993
Campbell,,40624005,,R-1-10,0,4.35,0.24273798365470825
Campbell,,40318048,,R-1-9,0,4.84,0.13706679523564727
Campbell,,41214007,,MHDR,26,33,0.015160157372922738
Campbell,,40346014,,R-1-6,0,7.26,0.16036536928425313
Campbell,,40342007,,R-1-6,0,7.26,0.1770320634282087
Campbell,,27933012,,R-1-6,0,7.26,0.17778421633234473
Campbell,,41218029,,MHDR,26,33,0.019360829263026198
Campbell,,40623042,,R-1-10,0,4.35,0.2649564835366369
Campbell,,40425038,,R-1-6,0,7.26,0.17655849155522352
Campbell,,40431034,,MDR,18,25,0.20921894755060172
Campbell,,40342004,,R-1-6,0,7.26,0.170369962880925
Campbell,,41204060,,R-1-6,0,7.26,0.30366353701587784
Campbell,,40346029,,R-1-6,0,7.26,0.1879261246059747
Campbell,,28809085,,R-1-6,0,7.26,0.18980304732100292
Campbell,,40346038,,R-1-6,0,7.26,0.36524224314399917
Campbell,,30751025,,R-1-6,0,7.26,0.15310102433348483
Campbell,,30531033,,MDR,18,25,0.6991044500763977
Campbell,,40426027,,R-1-6,0,7.26,0.14541416264341747
Campbell,,41205045,,PF,0,0,0.43796533310375185
Campbell,,30522019,,R-1-6,0,7.26,0.17222301647120328
Campbell,,40617050,,R-1-6,0,7.26,0.1397789359534069
Campbell,,40310085,,R-1-6,0,7.26,0.14103397358504335
Campbell,,40613068,,R-1-6,0,7.26,0.1748076618900781
Campbell,,41215054,,MHDR,26,33,0.01735306209105945
Campbell,,28217001,,MDR,18,25,0.6334847851837835
Campbell,,40430046,,R-1-10,0,4.35,0.23601742577439386
Campbell,,40624050,,R-1-10,0,4.35,0.28310513453008057
Campbell,,41233006,,LI,0,0,0.39019376225660357
Campbell,,28819041,,R-1-6,0,7.26,0.2295400036455751
Campbell,,41211056,,MHDR,26,33,0.025662172335614998
Campbell,,27929018,,R-1-6,0,7.26,0.23207812734349714
Campbell,,40619015,,R-1-8,0,5.45,0.19082075092471884
Campbell,,40612091,,R-1-6,0,7.26,0.12859855147965124
Campbell,,28805010,,R-1-6,0,7.26,0.18454067308109698
Campbell,,27919024,,R-1-6,0,7.26,0.15170593047093137
Campbell,,30755009,,R-1-6,0,7.26,0.13505710710228452
Campbell,,30519007,,R-1-6,0,7.26,0.14280349502422657
Campbell,,27936032,,MDR,18,25,0.017558014993839823
Campbell,,30748050,,R-1-6,0,7.26,0.14451898366202845
Campbell,,30519079,,PO,0,0,0.15492788908495456
Campbell,,27923024,,R-1-6,0,7.26,0.24114957400199508
Campbell,,40406059,,R-1-6,0,7.26,0.23854922957306918
Campbell,,30538004,,MDR,18,25,0.3932508585696688
Campbell,,28818012,,R-1-6,0,7.26,0.2669149271329922
Campbell,,27936287,,MDR,18,25,0.010324966977050034
Campbell,,40619064,,R-1-8,0,5.45,0.5020479590032316
Campbell,,30753046,,R-1-6,0,7.26,0.13476233767032522
Campbell,,40423016,,R-1-6,0,7.26,0.15591052800449123
Campbell,,28816012,,R-1-6,0,7.26,0.23720780030287816
Campbell,,40616081,,R-1-10,0,4.35,0.2956066819595748
Campbell,,40612098,,R-1-6,0,7.26,0.16023989457876467
Campbell,,40318124,,R-1-9,0,4.84,0.2279926821439503
Campbell,,27936024,,MDR,18,25,0.017559807299015313
Campbell,,40428025,,R-1-10,0,4.35,0.31848123251436566
Campbell,,30742020,,R-1-6,0,7.26,0.14955991852378178
Campbell,,41443007,,MHDR,26,33,0.016434583457741667
Campbell,,27936292,,MDR,18,25,0.017562349586740918
Campbell,,40622041,,R-1-10,0,4.35,0.24796401109284744
Campbell,,40422054,,R-1-6,0,7.26,0.18554780788346426
Campbell,,30726029,,MDR,18,25,0.20019059898849895
Campbell,,30715043,,R-1-6,0,7.26,0.13714223872610365
Campbell,,41215049,,MHDR,26,33,0.017434749276971917
Campbell,,30524055,,R-1-6,0,7.26,0.14986765468932783
Campbell,,40616049,,R-1-10,0,4.35,0.17390383083088554
Campbell,,40606093,,NC-MU,18,25,0.11831689423073376
Campbell,,27936263,,MDR,18,25,0.010322894287239426
Campbell,,30519048,,R-1-6,0,7.26,0.21425895248712246
Campbell,,27935025,,R-1-6,0,7.26,0.16071743452974865
Campbell,,30707046,,R-1-6,0,7.26,0.14580336545774655
Campbell,,40401032,,NC,0,0,0.35207924234384513
Campbell,,41433048,,R-1-6,0,7.26,0.24070037192223545
Campbell,,28813058,,LMDR,8,16,0.16789931789002405
Campbell,,40316086,,R-1-10,0,4.35,0.14227935354384164
Campbell,,40422052,,R-1-6,0,7.26,0.16656094166594942
Campbell,,40309027,,R-1-6,0,7.26,0.18907379959685175
Campbell,,41218055,,MHDR,26,33,0.019358514703271188
Campbell,,40433001,,R-1-6,0,7.26,0.14567304886282958
Campbell,,40315089,,R-1-9,0,4.84,0.26974951295309785
Campbell,,41240023,,R-1-8,0,5.45,0.2298447457027547
Campbell,,28824052,,R-1-6,0,7.26,0.19766776907727795
Campbell,,40343016,,R-1-6,0,7.26,0.13498614601575964
Campbell,,28809024,,R-1-6,0,7.26,0.19202322075879794
Campbell,,41233004,,LI,0,0,0.0806854010383176
Campbell,,40602051,,R-1-6,0,7.26,0.20703759391373866
Campbell,,40308045,,R-1-6,0,7.26,0.13774336457057268
Campbell,,30748013,,LMDR,8,16,0.1631714143605417
Campbell,,40603007,,R-1-6,0,7.26,0.1359008105626303
Campbell,,40316032,,R-1-10,0,4.35,0.2619849192305744
Campbell,,41435029,,LMDR,8,16,0.017928752958479507
Campbell,,42401066,,LI,0,0,0.1378375792930483
Campbell,,40430058,,MDR,18,25,0.21488819675931128
Campbell,,40342044,,OS,0,0,0.6093391015028554
Campbell,,40425049,,R-1-6,0,7.26,0.218502756741444
Campbell,,30727084,,LMDR,8,16,0.1780124276414019
Campbell,,41218004,,MHDR,26,33,0.01935972981201635
Campbell,,28816021,,R-1-6,0,7.26,0.2670146934750412
Campbell,,40342010,,R-1-6,0,7.26,0.14496721881255897
Campbell,,30748062,,R-1-6,0,7.26,0.1427060145371006
Campbell,,40313012,,R-1-9,0,4.84,0.5996153716476382
Campbell,,27946008,,R-1-6,0,7.26,0.2942318395692159
Campbell,,28216044,,LMDR,8,16,0.03249816318922572
Campbell,,40308076,,R-1-6,0,7.26,0.17638721554619088
Campbell,,30523034,,R-1-6,0,7.26,0.18867194608134294
Campbell,,40422028,,R-1-6,0,7.26,0.15497899067652035
Campbell,,30503050,,R-1-6,0,7.26,0.2240260600979619
Campbell,,30756042,,R-1-6,0,7.26,0.12607232330113702
Campbell,,42405069,,PO,0,0,0.540295119264625
Campbell,,40308109,,R-1-6,0,7.26,0.13508111982881327
Campbell,,28816007,,R-1-6,0,7.26,0.23972444387190264
Campbell,,42405042,,R-1-6,0,7.26,0.2228661889311294
Campbell,,27929032,,GC,0,0,0.3466765370695815
Campbell,,30747039,,MDR,18,25,0.19945076556921557
Campbell,,41241034,,NC,0,0,0.14530716643193872
Campbell,,27936183,,MDR,18,25,0.010323318012503828
Campbell,,40615002,,R-1-8,0,5.45,0.21306877602241844
Campbell,,40428002,,R-1-16,0,2.72,0.3519064348461429
Campbell,,30743072,,MDR,18,25,0.1796264987270269
Campbell,,28819036,,R-1-6,0,7.26,0.20961926652134533
Campbell,,42439002,,ROW,0,0,0.630410932032921
Campbell,,30519050,,R-1-6,0,7.26,0.21774893349708124
Campbell,,28215013,,LMDR,8,16,0.167159732149332
Campbell,,30708018,,R-1-6,0,7.26,0.14185668322646672
Campbell,,42405055,,R-1-6,0,7.26,0.21326436082977873
Campbell,,40601034,,R-1-6,0,7.26,0.2157389602228435
Campbell,,40426029,,R-1-6,0,7.26,0.14542200228610636
Campbell,,28806044,,R-1-6,0,7.26,0.2167587397428346
Campbell,,30756045,,R-1-6,0,7.26,0.16822989801908675
Campbell,,30715072,,R-1-6,0,7.26,0.174282146971794
Campbell,,40430017,,OS,0,0,1.3194945818742987
Campbell,,41206001,,CB-MU,26,33,0.04308362318175863
Campbell,,27929028,,R-1-6,0,7.26,0.19470522669414836
Campbell,,40310073,,R-1-6,0,7.26,0.16634784416354742
Campbell,,30753036,,R-1-6,0,7.26,0.1434311392358029
Campbell,,40433022,,R-1-6,0,7.26,0.14463029458733856
Campbell,,30538037,,MDR,18,25,0.22066503707303914
Campbell,,27936062,,MDR,18,25,0.010325530761175906
Campbell,,28809052,,R-1-6,0,7.26,0.19972869563131931
Campbell,,40313111,,R-1-9,0,4.84,0.14791750257151445
Campbell,,28825026,,R-1-6,0,7.26,0.1820999967353863
Campbell,,40617058,,R-1-6,0,7.26,0.1434672446999945
Campbell,,28809030,,R-1-6,0,7.26,0.19063629016742473
Campbell,,41214016,,MHDR,26,33,0.015076464504024193
Campbell,,40431040,,MDR,18,25,0.18399458233769617
Campbell,,27936325,,MDR,18,25,0.016419909349946672
Campbell,,42404044,,R-1-6,0,7.26,0.2043008428209966
Campbell,,40432028,,R-1-6,0,7.26,0.14174032232770423
Campbell,,30708004,,R-1-6,0,7.26,0.14829677955097403
Campbell,,41206056,,R-1-6,0,7.26,0.3354818951827762
Campbell,,30743057,,R-1-6,0,7.26,0.15451012379270446
Campbell,,30523056,,R-1-6,0,7.26,0.18003826163606013
Campbell,,30741036,,LMDR,8,16,0.16521041177586768
Campbell,,30747033,,MDR,18,25,0.2899916223716075
Campbell,,40616012,,R-1-10,0,4.35,0.4520283983186637
Campbell,,27922042,,R-1-6,0,7.26,0.2669128194281217
Campbell,,40622051,,R-1-10,0,4.35,0.2863377248518916
Campbell,,40402040,,MDR,18,25,0.19271887578524968
Campbell,,41218032,,MHDR,26,33,0.02486830986981945
Campbell,,41211041,,MHDR,26,33,0.025962320170675734
Campbell,,40605033,,R-1-6,0,7.26,0.13774909745002561
Campbell,,30523093,,R-1-6,0,7.26,0.27791934346626196
Campbell,,40429030,,R-1-16,0,2.72,0.44214081166894653
Campbell,,30747054,,MDR,18,25,0.05684790913372504
Campbell,,40612010,,R-1-6,0,7.26,0.13513680372268363
Campbell,,40614018,,R-1-8,0,5.45,0.21804949006400537
Campbell,,40432035,,R-1-6,0,7.26,0.13753781642667456
Campbell,,40432050,,MDR,18,25,0.18437015733531048
Campbell,,28810021,,R-1-6,0,7.26,0.21482570183796143
Campbell,,40642004,,R-1-6,0,7.26,0.018685746985344143
Campbell,,41441018,,MHDR,26,33,0.08199115572980697
Campbell,,41402001,,R-1-8,0,5.45,0.1903468470640354
Campbell,,30519039,,R-1-6,0,7.26,0.2394575373269788
Campbell,,30753094,,R-1-6,0,7.26,0.1414348822623752
Campbell,,30743050,,R-1-6,0,7.26,0.15451117495378203
Campbell,,40614014,,R-1-8,0,5.45,0.3123791381677597
Campbell,,40615027,,R-1-8,0,5.45,0.18946413023580375
Campbell,,40310023,,R-1-6,0,7.26,0.24130583026413044
Campbell,,42443020,,MDR,18,25,0.011870041647076345
Campbell,,30752042,,R-1-6,0,7.26,0.14131571962073142
Campbell,,27937053,,R-1-6,0,7.26,0.20212617646085057
Campbell,,40605002,,R-1-6,0,7.26,0.1410624712322002
Campbell,,40313075,,R-1-6,0,7.26,0.16107777245461496
Campbell,,40316067,,R-1-10,0,4.35,0.13992699604824338
Campbell,,30742023,,R-1-6,0,7.26,0.14234352488058313
Campbell,,40602025,,R-1-6,0,7.26,0.17596414796499346
Campbell,,27944024,,R-1-6,0,7.26,0.13310208460204348
Campbell,,40316069,,R-1-10,0,4.35,0.14989374565352476
Campbell,,40612093,,R-1-6,0,7.26,0.14407677359512397
Campbell,,41443012,,MHDR,26,33,0.016438798272218825
Campbell,,27944031,,R-1-6,0,7.26,0.28311571478288283
Campbell,,41235021,,R-1-6,0,7.26,0.13488373681584467
Campbell,,30748060,,R-1-6,0,7.26,0.23416073790322614
Campbell,,30533050,,R-1-6,0,7.26,0.18769640707415386
Campbell,,41205064,,R-1-6,0,7.26,0.19845335545237022
Campbell,,40407039,,OS,0,0,0.8041084646039124
Campbell,,41404019,,R-1-8,0,5.45,0.21636448044068013
Campbell,,27936265,,MDR,18,25,0.016423543595304357
Campbell,,41228006,,MHDR,26,33,0.013259151392426024
Campbell,,40430026,,R-1-10,0,4.35,0.24992228587839307
Campbell,,40617040,,R-1-6,0,7.26,0.14100150881700435
Campbell,,40315072,,R-1-9,0,4.84,0.21457125920417483
Campbell,,30756033,,R-1-6,0,7.26,0.14565525001293067
Campbell,,30537001,,MHDR,26,33,0.08940413183567728
Campbell,,30749023,,R-1-6,0,7.26,0.14121027605225525
Campbell,,40601041,,R-1-6,0,7.26,0.2221324536855485
Campbell,,30753086,,R-1-6,0,7.26,0.13988717332101036
Campbell,,40407025,,R-1-6,0,7.26,0.13316228820701875
Campbell,,40313023,,R-1-9,0,4.84,0.21700672315606848
Campbell,,41434041,,R-1-6,0,7.26,0.20697104915928152
Campbell,,41404036,,R-1-8,0,5.45,0.23611434167709078
Campbell,,30523074,,R-1-6,0,7.26,0.1735726874391915
Campbell,,27929007,,LMDR,8,16,0.1802048760599851
Campbell,,30751004,,R-1-6,0,7.26,0.25275448991711935
Campbell,,40348069,,R-1-6,0,7.26,0.14795203366421045
Campbell,,40642003,,R-1-6,0,7.26,0.018675579545021723
Campbell,,28216041,,LMDR,8,16,0.03994474380854946
Campbell,,41238012,,R-1-6,0,7.26,0.139344252167406
Campbell,,40318074,,R-1-9,0,4.84,0.2038035877209412
Campbell,,40316016,,R-1-10,0,4.35,0.49202893027109074
Campbell,,40343055,,R-1-6,0,7.26,0.14308842759746995
Campbell,,40422045,,R-1-6,0,7.26,0.19130241807309578
Campbell,,41219020,,GC-MU,26,33,0.5141970278716351
Campbell,,30516002,,LMDR,8,16,0.029024640945913414
Campbell,,30518036,,R-1-6,0,7.26,0.14226952194051629
Campbell,,41218039,,MHDR,26,33,0.02257811758132827
Campbell,,40424041,,R-1-6,0,7.26,0.15281392015931944
Campbell,,40422046,,R-1-6,0,7.26,0.2399463700374419
Campbell,,40602008,,R-1-6,0,7.26,0.18889557666253362
Campbell,,40309028,,R-1-6,0,7.26,0.23898539799685153
Campbell,,30534028,,R-1-6,0,7.26,0.2965692574742432
Campbell,,27946037,,R-1-6,0,7.26,0.1435128998210734
Campbell,,28809088,,R-1-6,0,7.26,0.16785632504041337
Campbell,,41435005,,LMDR,8,16,0.02638072671893765
Campbell,,40348072,,R-1-6,0,7.26,0.18930176120459313
Campbell,,28824042,,R-1-6,0,7.26,0.40892733705821177
Campbell,,41212035,,MHDR,26,33,0.0411365582165564
Campbell,,40343078,,R-1-6,0,7.26,0.13677135943385013
Campbell,,41215065,,MHDR,26,33,0.016947795467135575
Campbell,,27936315,,MDR,18,25,0.01032254636765518
Campbell,,40433002,,R-1-6,0,7.26,0.13635870557315785
Campbell,,40428010,,R-1-10,0,4.35,0.2831964979864292
Campbell,,40610005,,GC,0,0,0.6737707804091283
Campbell,,28817024,,R-1-6,0,7.26,0.26237732287214516
Campbell,,40422025,,R-1-6,0,7.26,0.180481706997691
Campbell,,40617007,,R-1-10,0,4.35,0.21153396718003142
Campbell,,41230031,,LI,0,0,0.3973617610562223
Campbell,,28812053,,LMDR,8,16,0.15535706311667832
Campbell,,30539028,,R-1-6,0,7.26,0.26399086841657227
Campbell,,40622029,,R-1-10,0,4.35,0.4202834033330613
Campbell,,41230004,,MHDR,26,33,0.18425074124119023
Campbell,,30739037,,CC-MU,45,60,3.8977635068761987
Campbell,,27939022,,R-1-6,0,7.26,0.23004168014195103
Campbell,,30538026,,MDR,18,25,0.3815386256623701
Campbell,,40343123,,R-1-6,0,7.26,0.14004614330831563
Campbell,,42433116,,RD,0,0,2.9581099450457953
Campbell,,41401038,,R-1-8,0,5.45,0.19675026341240914
Campbell,,42405052,,R-1-6,0,7.26,0.20022032126270728
Campbell,,40612074,,R-1-6,0,7.26,0.1357115961885634
Campbell,,27921013,,R-1-6,0,7.26,0.14049756081885714
Campbell,,30708002,,R-1-6,0,7.26,0.1984486926855709
Campbell,,30537022,,MDR,18,25,0.1785792323697183
Campbell,,40424078,,R-1-6,0,7.26,0.16819809955396386
Campbell,,27929035,,GC,0,0,0.6228523447262813
Campbell,,40601010,,R-1-6,0,7.26,0.22382349471582788
Campbell,,40431039,,MDR,18,25,0.18398389556940647
Campbell,,27945025,,R-1-6,0,7.26,0.13156852306300978
Campbell,,28817040,,R-1-6,0,7.26,0.23063779374938395
Campbell,,30752066,,R-1-6,0,7.26,0.18325122987669246
Campbell,,40348039,,R-1-6,0,7.26,0.14677986390822573
Campbell,,40318122,,R-1-9,0,4.84,0.32481086507173007
Campbell,,41215052,,MHDR,26,33,0.017274946479302607
Campbell,,42405063,,R-1-6,0,7.26,0.2022159643312335
Campbell,,28817014,,R-1-6,0,7.26,0.2801140892113518
Campbell,,40308117,,R-1-6,0,7.26,0.15075750743345165
Campbell,,40619012,,R-1-8,0,5.45,0.263614415224965
Campbell,,30715054,,R-1-6,0,7.26,0.15663308294800962
Campbell,,28814027,,R-1-6,0,7.26,0.2207850806280878
Campbell,,40313074,,R-1-6,0,7.26,0.13469709137403388
Campbell,,40430051,,R-1-10,0,4.35,0.23740142003559098
Campbell,,41401061,,R-1-8,0,5.45,0.2094600613587485
Campbell,,40622062,,NC,0,0,0.2212326253800903
Campbell,,40406071,,R-1-6,0,7.26,0.25483475102957
Campbell,,27923034,,R-1-6,0,7.26,0.2574711107956976
Campbell,,40601077,,R-1-6,0,7.26,0.36853236444694387
Campbell,,40613067,,R-1-6,0,7.26,0.1292942187090391
Campbell,,40408060,,R-1-6,0,7.26,0.13587536106175796
Campbell,,41401019,,R-1-8,0,5.45,0.1861833505313517
Campbell,,30752003,,R-1-6,0,7.26,0.1467747675347918
Campbell,,27929029,,R-1-6,0,7.26,0.19473669679581163
Campbell,,41440074,,R-1-6,0,7.26,0.1472956348186208
Campbell,,30718015,,R-1-6,0,7.26,0.1590648126378942
Campbell,,40430011,,R-1-16,0,2.72,0.43754146894541324
Campbell,,30518019,,R-1-6,0,7.26,0.2431821802377216
Campbell,,27913036,,R-1-6,0,7.26,0.18907459657103326
Campbell,,41205061,,R-1-6,0,7.26,0.30712522371214984
Campbell,,40605054,,R-1-6,0,7.26,0.1440548550167826
Campbell,,28825044,,R-1-6,0,7.26,0.209368284944681
Campbell,,40424070,,R-1-6,0,7.26,0.1671291228041642
Campbell,,28825006,,R-1-6,0,7.26,0.22105885097728747
Campbell,,30742032,,R-1-6,0,7.26,0.13365788550861857
Campbell,,40642009,,R-1-6,0,7.26,0.020150577543073183
Campbell,,27946045,,R-1-6,0,7.26,0.14013058106454726
Campbell,,42401143,,LI,0,0,1.1494614165754127
Campbell,,40344028,,R-1-6,0,7.26,0.13518775327002233
Campbell,,30753049,,R-1-6,0,7.26,0.14057772022094286
Campbell,,28805006,,R-1-6,0,7.26,0.4884669741483677
Campbell,,40602027,,R-1-6,0,7.26,0.30850648777761636
Campbell,,40617048,,R-1-6,0,7.26,0.1391526920348485
Campbell,,42404064,,R-1-6,0,7.26,0.19836429866354713
Campbell,,40615019,,R-1-8,0,5.45,0.1852860752287057
Campbell,,40360004,,MDR,18,25,0.19067497213786136
Campbell,,40310135,,R-1-6,0,7.26,0.23363498053574763
Campbell,,40607025,,R-1-6,0,7.26,0.13967904368072726
Campbell,,30519027,,R-1-6,0,7.26,0.2369355000534076
Campbell,,30707063,,R-1-6,0,7.26,0.1993700931623631
Campbell,,30754024,,R-1-6,0,7.26,0.22860535914363483
Campbell,,41401023,,R-1-8,0,5.45,0.21450481862776116
Campbell,,40353062,,R-1-6,0,7.26,0.31650204031200363
Campbell,,28818003,,R-1-6,0,7.26,0.2174126079833369
Campbell,,27920061,,R-1-6,0,7.26,0.15666327119481102
Campbell,,30524016,,R-1-6,0,7.26,0.23260739338434544
Campbell,,30755037,,R-1-6,0,7.26,0.14764083128181535
Campbell,,40431025,,MDR,18,25,0.20905279984151287
Campbell,,40601050,,R-1-6,0,7.26,0.1557546971708169
Campbell,,40426039,,R-1-10,0,4.35,0.3121872865379376
Campbell,,30751007,,R-1-6,0,7.26,0.2264287847300365
Campbell,,41404024,,R-1-8,0,5.45,0.2913823351802882
Campbell,,40432015,,R-1-6,0,7.26,0.14241942246666486
Campbell,,40619030,,LMDR,8,16,0.19586343327025507
Campbell,,40308111,,R-1-6,0,7.26,0.13590884671935521
Campbell,,28825019,,PO,0,0,0.20011442298422316
Campbell,,30554014,,MDR,18,25,0.012866581049774319
Campbell,,40308057,,R-1-6,0,7.26,0.13970162251101217
Campbell,,30717015,,R-1-6,0,7.26,0.20932480128928557
Campbell,,28823060,,R-1-6,0,7.26,0.19830605721318756
Campbell,,40615024,,R-1-8,0,5.45,0.19284614719498383
Campbell,,40619047,,R-1-8,0,5.45,0.306317409969622
Campbell,,41441005,,MHDR,26,33,0.13450381481988394
Campbell,,27919019,,R-1-6,0,7.26,0.13458617442688525
Campbell,,40605026,,R-1-6,0,7.26,0.13979951266495289
Campbell,,40309034,,R-1-6,0,7.26,0.22385126437064776
Campbell,,40429035,,R-1-16,0,2.72,0.44242340643696204
Campbell,,40605050,,R-1-6,0,7.26,0.13589799227107602
Campbell,,40347007,,R-1-6,0,7.26,0.1415448611938296
Campbell,,28825043,,R-1-6,0,7.26,0.18663322384905198
Campbell,,41435046,,LMDR,8,16,0.01870264967486651
Campbell,,30718056,,R-1-6,0,7.26,0.17965100451042657
Campbell,,27936267,,MDR,18,25,0.010323510962866437
Campbell,,28805020,,R-1-6,0,7.26,0.19075571875908312
Campbell,,41238084,,R-1-8,0,5.45,0.22946369119505855
Campbell,,40607045,,R-1-6,0,7.26,0.13711304102423502
Campbell,,40617016,,R-1-6,0,7.26,0.13827238522408472
Campbell,,30714004,,R-1-6,0,7.26,0.14464090747963648
Campbell,,27936010,,MDR,18,25,0.010327413408360799
Campbell,,27936279,,MDR,18,25,0.010323691150671282
Campbell,,40426043,,R-1-10,0,4.35,0.29866017594027994
Campbell,,40315070,,R-1-9,0,4.84,0.20684062304877274
Campbell,,28819020,,R-1-6,0,7.26,0.49515961457394786
Campbell,,40310111,,R-1-6,0,7.26,0.186231843719632
Campbell,,27920052,,R-1-6,0,7.26,0.13619299555706602
Campbell,,30717043,,R-1-6,0,7.26,0.17282491522602875
Campbell,,27936140,,MDR,18,25,0.01756167860637242
Campbell,,41211044,,MHDR,26,33,0.02630254769555074
Campbell,,28224002,,OS,0,0,0.785389190345681
Campbell,,28806022,,R-1-6,0,7.26,0.23185564361956182
Campbell,,30741025,,MDR,18,25,0.18183505445696843
Campbell,,40614066,,R-1-8,0,5.45,0.19449146166219528
Campbell,,41209036,,CC-MU,45,60,0.1898229299014139
Campbell,,40353020,,R-1-6,0,7.26,0.14984686140800765
Campbell,,28812045,,R-1-6,0,7.26,0.16052170230797594
Campbell,,40314029,,R-1-9,0,4.84,0.2850451356308305
Campbell,,28808008,,R-1-6,0,7.26,0.27065702213029585
Campbell,,27936064,,MDR,18,25,0.017566017850295785
Campbell,,28806059,,R-1-6,0,7.26,0.19625779763936516
Campbell,,40424012,,R-1-6,0,7.26,0.35213657057475045
Campbell,,41402054,,R-1-8,0,5.45,0.21392210685325228
Campbell,,28812063,,PO,0,0,0.18946552403471587
Campbell,,27936165,,MDR,18,25,0.016418165627084785
Campbell,,41207044,,CB-MU,26,33,0.18865426269274452
Campbell,,42405003,,R-1-6,0,7.26,0.19494081495194832
Campbell,,30535009,,R-1-6,0,7.26,0.23727220914805827
Campbell,,30753053,,R-1-6,0,7.26,0.14208113285819274
Campbell,,40308119,,R-1-6,0,7.26,0.16333523788785168
Campbell,,40423026,,R-1-6,0,7.26,0.15688043286831876
Campbell,,30752025,,R-1-6,0,7.26,0.3390104418026914
Campbell,,27923004,,R-1-6,0,7.26,0.2387329180515287
Campbell,,27936291,,MDR,18,25,0.010323519108171184
Campbell,,28812018,,PO,0,0,0.2019982565888679
Campbell,,30516001,,LMDR,8,16,0.02900893917175165
Campbell,,40315023,,R-1-9,0,4.84,0.0007876546578521951
Campbell,,40426050,,R-1-10,0,4.35,0.3207207627714652
Campbell,,28818011,,R-1-6,0,7.26,0.2714705822177903
Campbell,,40606049,,R-1-6,0,7.26,0.2778854670010086
Campbell,,27938006,,R-1-6,0,7.26,0.24986656979509897
Campbell,,27921036,,R-1-6,0,7.26,0.15547195504692785
Campbell,,40612009,,R-1-6,0,7.26,0.13505102600955257
Campbell,,30528009,,PF,0,0,0.9933308667021598
Campbell,,41218015,,MHDR,26,33,0.023398012628559263
Campbell,,41238087,,LI,0,0,0.018356081368910895
Campbell,,30533028,,R-1-6,0,7.26,0.19837443561253199
Campbell,,30742008,,R-1-6,0,7.26,0.14213907315767585
Campbell,,28819052,,R-1-6,0,7.26,0.28043096869880446
Campbell,,41228049,,MHDR,26,33,1.2552780340312395
Campbell,,40336065,,MDR,18,25,0.2067396130101641
Campbell,,40346030,,R-1-6,0,7.26,0.15202205511500363
Campbell,,40612012,,R-1-6,0,7.26,0.13530913788666885
Campbell,,27934029,,GC,0,0,0.3997187984494205
Campbell,,28819033,,R-1-6,0,7.26,0.1781992488962422
Campbell,,27921020,,R-1-6,0,7.26,0.13962294351674845
Campbell,,40623011,,R-1-8,0,5.45,0.22123381540872544
Campbell,,40603047,,LMDR,8,16,0.04163642731734435
Campbell,,40344071,,R-1-6,0,7.26,0.13773773377965975
Campbell,,40431014,,MDR,18,25,0.2126229079364126
Campbell,,40344008,,R-1-6,0,7.26,0.13774134457832193
Campbell,,27936089,,MDR,18,25,0.016417760366659234
Campbell,,41433019,,R-1-6,0,7.26,0.19939823847309712
Campbell,,28217054,,R-1-6,0,7.26,0.1440675963120301
Campbell,,41211024,,MHDR,26,33,0.025960370575012177
Campbell,,41438001,,LMDR,8,16,0.3315910476280219
Campbell,,41402056,,R-1-8,0,5.45,0.21117633448424677
Campbell,,28825049,,R-1-6,0,7.26,0.1824776724631966
Campbell,,40428015,,R-1-10,0,4.35,0.31898729692872374
Campbell,,28825005,,R-1-6,0,7.26,0.2214797768199053
Campbell,,30531020,,R-1-6,0,7.26,0.13468189655961194
Campbell,,40613061,,R-1-6,0,7.26,0.17271419992512335
Campbell,,30523077,,R-1-6,0,7.26,0.24135177656067797
Campbell,,41404040,,R-1-8,0,5.45,0.2200739426655252
Campbell,,30518009,,R-1-6,0,7.26,0.23111206704257398
Campbell,,30534054,,R-1-6,0,7.26,0.24002591115187594
Campbell,,28808080,,NC,0,0,0.9573579464055108
Campbell,,30754017,,R-1-6,0,7.26,0.24215885944998036
Campbell,,42403013,,R-1-6,0,7.26,0.18450736596968612
Campbell,,40623034,,R-1-8,0,5.45,0.23201973065667844
Campbell,,40431038,,MDR,18,25,0.18400473837240897
Campbell,,28216024,,LMDR,8,16,0.16656729511572602
Campbell,,40314046,,R-1-9,0,4.84,0.2850023158595862
Campbell,,28811048,,R-1-6,0,7.26,0.15682711058858548
Campbell,,40602047,,R-1-6,0,7.26,0.18184303848026154
Campbell,,40313036,,R-1-9,0,4.84,0.2810305061851953
Campbell,,40313052,,R-1-6,0,7.26,0.18666317922563777
Campbell,,30524010,,R-1-6,0,7.26,0.22102973718469376
Campbell,,41434013,,R-1-6,0,7.26,0.2007768485126215
Campbell,,30533095,,R-1-6,0,7.26,0.3938395719881211
Campbell,,30708054,,R-1-6,0,7.26,0.1424016516182999
Campbell,,41215087,,MHDR,26,33,0.017050854353342405
Campbell,,41237010,,R-1-8,0,5.45,0.2900889523352231
Campbell,,42404057,,R-1-6,0,7.26,0.19860788105410254
Campbell,,40317041,,R-1-9,0,4.84,0.21671606953090392
Campbell,,41441025,,MHDR,26,33,0.10089323320681212
Campbell,,41402013,,R-1-8,0,5.45,0.21088507769137324
Campbell,,41444018,,R-1-6,0,7.26,0.15518728335269594
Campbell,,40321094,,R-1-6,0,7.26,1.094181649465243
Campbell,,30504003,,GC,0,0,0.35077158965924105
Campbell,,28814015,,R-1-6,0,7.26,0.20141890523927114
Campbell,,40624068,,R-1-10,0,4.35,0.23618653745206084
Campbell,,40426005,,R-1-10,0,4.35,0.2919710617708619
Campbell,,30748011,,LMDR,8,16,0.16018779027097105
Campbell,,40431020,,MDR,18,25,0.2105569165844902
Campbell,,40408009,,R-1-6,0,7.26,0.14132262630292924
Campbell,,40348064,,R-1-6,0,7.26,0.2424210298960953
Campbell,,41440055,,MHDR,26,33,0.014570680509791937
Campbell,,40424056,,R-1-6,0,7.26,0.14671943578853577
Campbell,,40618049,,LMDR,8,16,0.1858605652676349
Campbell,,42433039,,OS,0,0,15.208688439356068
Campbell,,27936211,,MDR,18,25,0.010325497394779918
Campbell,,40408065,,R-1-6,0,7.26,0.1422585427109648
Campbell,,40308108,,R-1-6,0,7.26,0.13604822045503598
Campbell,,41402047,,R-1-8,0,5.45,0.2087345805481844
Campbell,,40408058,,R-1-6,0,7.26,0.13609347417570516
Campbell,,40433031,,R-1-6,0,7.26,0.1466154856329504
Campbell,,41228030,,MHDR,26,33,0.022557099132967502
Campbell,,28811046,,R-1-6,0,7.26,0.15687434354509625
Campbell,,30750033,,R-1-6,0,7.26,0.14274559430338526
Campbell,,40606020,,R-1-6,0,7.26,0.14481232865720178
Campbell,,28808035,,R-1-6,0,7.26,0.19684685662490642
Campbell,,40617027,,R-1-6,0,7.26,0.13806212385859798
Campbell,,28817031,,R-1-6,0,7.26,0.23119470018415592
Campbell,,30538019,,MDR,18,25,0.1777089061235742
Campbell,,40308058,,R-1-6,0,7.26,0.13871980338304776
Campbell,,40313142,,R-1-9,0,4.84,0.20889959789894696
Campbell,,40343048,,R-1-6,0,7.26,0.13939542002160077
Campbell,,41203001,,OS,0,0,5.795688609026964
Campbell,,40309032,,R-1-6,0,7.26,0.2129916607221617
Campbell,,40610014,,R-1-8,0,5.45,0.19277633654791607
Campbell,,28806037,,R-1-6,0,7.26,0.1956391521822815
Campbell,,40344038,,R-1-6,0,7.26,0.1404395479108716
Campbell,,40424054,,R-1-6,0,7.26,0.18946008862865116
Campbell,,30751012,,R-1-6,0,7.26,0.13316782709045205
Campbell,,30522023,,R-1-6,0,7.26,0.2535025591572366
Campbell,,40430060,,MDR,18,25,0.21487612825421473
Campbell,,40612014,,R-1-6,0,7.26,0.16680551873444532
Campbell,,40430027,,R-1-10,0,4.35,0.2278278967207496
Campbell,,40336083,,MDR,18,25,0.18100292594766237
Campbell,,40425060,,R-1-6,0,7.26,0.1938460736360879
Campbell,,41441028,,MHDR,26,33,0.13756579329135019
Campbell,,40424021,,R-1-6,0,7.26,0.17134583599575337
Campbell,,40407005,,R-1-6,0,7.26,0.21534182128325227
Campbell,,30714002,,R-1-6,0,7.26,0.14951687705260494
Campbell,,40318113,,R-1-9,0,4.84,0.24961927755516622
Campbell,,41248004,,MHDR,26,33,0.024824354302081044
Campbell,,27929010,,LMDR,8,16,0.1796586004050889
Campbell,,28815012,,R-1-6,0,7.26,0.19459215372765584
Campbell,,41218012,,MHDR,26,33,0.019053778129786644
Campbell,,27936320,,MDR,18,25,0.017563049335137037
Campbell,,41239012,,R-1-8,0,5.45,0.21560527307956506
Campbell,,40605013,,R-1-6,0,7.26,0.14002862035876484
Campbell,,41209048,,OS,0,0,0.5285253475679298
Campbell,,27944019,,R-1-6,0,7.26,0.16330435510887722
Campbell,,30749026,,R-1-6,0,7.26,0.14634340396766857
Campbell,,30538033,,MDR,18,25,0.2388301992834644
Campbell,,28808062,,R-1-6,0,7.26,0.2542893557716769
Campbell,,27936208,,MDR,18,25,0.01756518486316753
Campbell,,40309030,,R-1-6,0,7.26,0.25847258695426156
Campbell,,40341007,,MDR,18,25,0.20874220926498135
Campbell,,41229008,,OS,0,0,3.972327170181379
Campbell,,40619016,,R-1-8,0,5.45,0.1927357316591586
Campbell,,42433099,,RD,0,0,2.419176110194763
Campbell,,40615011,,R-1-8,0,5.45,0.1904563097559875
Campbell,,27930022,,R-1-6,0,7.26,0.15800679030256956
Campbell,,28809028,,R-1-6,0,7.26,0.1910969674646486
Campbell,,28815074,,R-1-6,0,7.26,0.1630572487629611
Campbell,,27936302,,MDR,18,25,0.010323309915003064
Campbell,,40430007,,R-1-16,0,2.72,0.44517329314389437
Campbell,,40307042,,R-1-6,0,7.26,0.1965428969730726
Campbell,,28813029,,R-1-6,0,7.26,0.1708949206278114
Campbell,,30714021,,R-1-6,0,7.26,0.14216877405954192
Campbell,,40343087,,R-1-6,0,7.26,0.17112227740428454
Campbell,,41238079,,R-1-6,0,7.26,0.14557477148810208
Campbell,,30537019,,MDR,18,25,0.1802670914556358
Campbell,,42401148,,LI,0,0,0.3608330926095181
Campbell,,28813032,,R-1-6,0,7.26,0.17084923813035233
Campbell,,41218031,,MHDR,26,33,0.02486830986981945
Campbell,,27927023,,R-1-6,0,7.26,0.18485766490469918
Campbell,,28810015,,R-1-6,0,7.26,0.2252476529590416
Campbell,,40402041,,MDR,18,25,0.19424430956737215
Campbell,,40315039,,R-1-9,0,4.84,0.28953592976773584
Campbell,,40613017,,R-1-6,0,7.26,0.21849635644617277
Campbell,,41211017,,MHDR,26,33,0.02580500523303133
Campbell,,40426009,,R-1-10,0,4.35,0.28933924184006626
Campbell,,40344029,,R-1-6,0,7.26,0.15865217362918776
Campbell,,28809054,,R-1-6,0,7.26,0.21542402802729665
Campbell,,30554013,,MDR,18,25,0.013382050766250805
Campbell,,41441010,,MHDR,26,33,0.13450381481988394
Campbell,,41235012,,R-1-6,0,7.26,0.173938430230704
Campbell,,40406063,,R-1-6,0,7.26,0.23853304411079365
Campbell,,28815066,,R-1-6,0,7.26,0.15574258571861901
Campbell,,40429002,,R-1-16,0,2.72,0.3399795193811447
Campbell,,27923032,,R-1-6,0,7.26,0.2574543971013414
Campbell,,30504017,,R-1-6,0,7.26,0.20253022567273757
Campbell,,30533001,,MDR,18,25,0.9105376599128246
Campbell,,27936160,,MDR,18,25,0.017563178554003585
Campbell,,40313095,,R-1-6,0,7.26,0.030035465751009793
Campbell,,41219008,,MHDR,26,33,0.01242500159819873
Campbell,,40612073,,R-1-6,0,7.26,0.1363168936014859
Campbell,,40315014,,R-1-9,0,4.84,0.2489673068237373
Campbell,,30753019,,R-1-6,0,7.26,0.142572150584156
Campbell,,30752050,,R-1-6,0,7.26,0.14310431800721096
Campbell,,40613020,,LMDR,8,16,0.18324719961786942
Campbell,,30743028,,R-1-6,0,7.26,0.15465314265276564
Campbell,,42406133,,ROW,0,0,1.038967022886628
Campbell,,40342036,,R-1-6,0,7.26,0.18724096551994282
Campbell,,40310105,,R-1-6,0,7.26,0.18345033260240293
Campbell,,27936110,,MDR,18,25,0.010323154192275539
Campbell,,30524024,,R-1-6,0,7.26,0.16591019575545032
Campbell,,30520039,,R-1-6,0,7.26,0.16366775285363133
Campbell,,27921017,,R-1-6,0,7.26,0.1393821767194796
Campbell,,30707050,,R-1-6,0,7.26,0.13590259268834604
Campbell,,40622042,,R-1-10,0,4.35,0.2976861171970446
Campbell,,27946044,,R-1-6,0,7.26,0.1401251442062501
Campbell,,40425033,,R-1-6,0,7.26,0.23928004655760174
Campbell,,40618018,,R-1-6,0,7.26,0.20843502650722712
Campbell,,30718024,,R-1-6,0,7.26,0.16241850800848445
Campbell,,28824054,,R-1-6,0,7.26,0.1976439932038749
Campbell,,40425002,,R-1-6,0,7.26,0.1919175018377198
Campbell,,30754018,,R-1-6,0,7.26,0.23532577027497975
Campbell,,27936262,,MDR,18,25,0.010321787221794965
Campbell,,27939015,,R-1-6,0,7.26,0.15606255181139297
Campbell,,30751033,,R-1-6,0,7.26,0.1562625214609408
Campbell,,41230011,,MHDR,26,33,0.1830484545056257
Campbell,,30742001,,R-1-6,0,7.26,0.18107552941054508
Campbell,,28810007,,R-1-6,0,7.26,0.22364044347746398
Campbell,,40432051,,MDR,18,25,0.18462186728662752
Campbell,,27936121,,MDR,18,25,0.016412996840606035
Campbell,,28810042,,R-1-6,0,7.26,0.22912086968394643
Campbell,,30718003,,R-1-6,0,7.26,0.14189852641891326
Campbell,,30751019,,R-1-6,0,7.26,0.14672877872649415
Campbell,,42405029,,R-1-6,0,7.26,0.2127297256155572
Campbell,,27921003,,R-1-6,0,7.26,0.13652466316384984
Campbell,,41436011,,LMDR,8,16,0.3079649020564364
Campbell,,30742028,,R-1-6,0,7.26,0.1432645773750548
Campbell,,40625021,,R-1-10,0,4.35,0.20270270572829555
Campbell,,30504016,,R-1-6,0,7.26,0.2118878375274938
Campbell,,41239032,,R-1-8,0,5.45,0.22455305234657752
Campbell,,30714009,,R-1-6,0,7.26,0.13972551677809397
Campbell,,30741009,,R-1-6,0,7.26,0.14538650211262258
Campbell,,40622035,,R-1-10,0,4.35,0.4761082717618167
Campbell,,40625096,,R-1-10,0,4.35,0.22785976270889696
Campbell,,40312099,,R-1-9,0,4.84,0.29791538248357613
Campbell,,28810050,,R-1-6,0,7.26,0.2712338613760802
Campbell,,41241030,,R-1-8,0,5.45,0.2985072483696512
Campbell,,40426010,,R-1-10,0,4.35,0.28875664904353954
Campbell,,40605015,,R-1-6,0,7.26,0.15951225140788994
Campbell,,41237019,,R-1-8,0,5.45,0.2564978688143824
Campbell,,40424053,,R-1-6,0,7.26,0.20779866216177992
Campbell,,40344045,,R-1-6,0,7.26,0.14330377717320705
Campbell,,27921034,,R-1-6,0,7.26,0.16128064979911824
Campbell,,30747024,,MDR,18,25,0.1853203672459741
Campbell,,30740003,,R-1-6,0,7.26,0.1433728151943771
Campbell,,30717001,,R-1-6,0,7.26,0.17256134344695195
Campbell,,30533017,,NC-MU,18,25,0.18063903785046667
Campbell,,27937007,,CC-MU,45,60,0.2678584083180494
Campbell,,28812049,,R-1-6,0,7.26,0.15537221541115828
Campbell,,41241041,,NC,0,0,0.08863894386591833
Campbell,,30717019,,R-1-6,0,7.26,0.14846182286775483
Campbell,,40618008,,R-1-6,0,7.26,0.14741290390694572
Campbell,,30539039,,R-1-6,0,7.26,0.17208943614221067
Campbell,,40319134,,R-1-9,0,4.84,0.29912918621366175
Campbell,,41233026,,LI,0,0,0.33863369326164006
Campbell,,27936273,,MDR,18,25,0.01642190382462258
Campbell,,40604029,,R-1-6,0,7.26,0.13775301614154584
Campbell,,28819034,,R-1-6,0,7.26,0.17809404025336248
Campbell,,42439014,,LI,0,0,0.23899938093370116
Campbell,,40308041,,R-1-6,0,7.26,0.1377177278424944
Campbell,,40314043,,R-1-9,0,4.84,0.2516050699871739
Campbell,,27936009,,MDR,18,25,0.01642231634731788
Campbell,,40405056,,R-1-6,0,7.26,0.24401931459021436
Campbell,,41231018,,LI,0,0,0.21345931459120754
Campbell,,40353035,,R-1-6,0,7.26,0.15138105115029113
Campbell,,27913026,,R-1-6,0,7.26,0.18863046897378064
Campbell,,40613027,,R-1-6,0,7.26,0.1373809703859777
Campbell,,40318044,,R-1-9,0,4.84,0.3929430424059574
Campbell,,41215060,,MHDR,26,33,0.01694065905263356
Campbell,,30523062,,R-1-6,0,7.26,0.21702909400580192
Campbell,,40314063,,R-1-9,0,4.84,0.2141529184545719
Campbell,,27946033,,R-1-6,0,7.26,0.13951739281069656
Campbell,,42443054,,MDR,18,25,0.013198215202008801
Campbell,,40604061,,R-1-6,0,7.26,0.14975413328858075
Campbell,,41404012,,R-1-8,0,5.45,0.24153248606346947
Campbell,,40318070,,R-1-9,0,4.84,0.18562056462326393
Campbell,,41211015,,MHDR,26,33,0.026642580225726412
Campbell,,28807004,,R-1-6,0,7.26,0.23261860208451368
Campbell,,28811044,,R-1-6,0,7.26,0.15694331944036907
Campbell,,40615033,,R-1-8,0,5.45,0.22430199614417493
Campbell,,42404033,,R-1-6,0,7.26,0.1885041579869753
Campbell,,30531029,,MDR,18,25,0.3867957861958034
Campbell,,41230027,,LI,0,0,0.38936813615027394
Campbell,,40619060,,R-1-8,0,5.45,0.2038446710140643
Campbell,,30545016,,MDR,18,25,0.018438277552458138
Campbell,,40310101,,R-1-6,0,7.26,0.2683483492839183
Campbell,,30523033,,R-1-6,0,7.26,0.22623547910462266
Campbell,,42443035,,MDR,18,25,0.013197736385449901
Campbell,,41402024,,R-1-8,0,5.45,0.18865190010643784
Campbell,,40316009,,R-1-10,0,4.35,0.309955531088818
Campbell,,30714008,,R-1-6,0,7.26,0.1493823310637876
Campbell,,28217049,,R-1-6,0,7.26,0.1584598392608874
Campbell,,40602053,,R-1-6,0,7.26,0.21077979629555027
Campbell,,27940048,,R-1-6,0,7.26,0.34306970077025484
Campbell,,40429018,,R-1-10,0,4.35,0.19869298601960875
Campbell,,40409016,,R-1-6,0,7.26,0.14004051078944812
Campbell,,30519043,,MDR,18,25,0.20332658538768505
Campbell,,30752045,,R-1-6,0,7.26,0.14041654836523124
Campbell,,30519013,,R-1-6,0,7.26,0.18010043299946724
Campbell,,41206086,,CB-MU,26,33,0.7603103517206298
Campbell,,27922034,,R-1-6,0,7.26,0.2264215037033901
Campbell,,30750039,,R-1-6,0,7.26,0.1402889900282856
Campbell,,40317019,,R-1-9,0,4.84,0.2090706291819118
Campbell,,28813059,,R-1-6,0,7.26,0.16760481083945128
Campbell,,40607036,,R-1-6,0,7.26,0.14510734158624333
Campbell,,40625036,,R-1-10,0,4.35,0.18127916217467957
Campbell,,27920058,,R-1-6,0,7.26,0.134106574396965
Campbell,,27936063,,MDR,18,25,0.010323022861683694
Campbell,,30748025,,R-1-6,0,7.26,0.1451963668982369
Campbell,,41238047,,R-1-6,0,7.26,0.1789783578648182
Campbell,,41218042,,MHDR,26,33,0.02327689541225322
Campbell,,30531019,,R-1-6,0,7.26,0.12365747856328367
Campbell,,30537030,,MDR,18,25,0.21604911146470465
Campbell,,27926034,,R-1-6,0,7.26,0.21269481118642264
Campbell,,40408066,,R-1-6,0,7.26,0.13740237666355695
Campbell,,40424002,,R-1-6,0,7.26,0.14779280560220667
Campbell,,28813003,,R-1-6,0,7.26,0.2127120787658184
Campbell,,40619054,,R-1-8,0,5.45,0.18793728170978313
Campbell,,30755035,,R-1-6,0,7.26,0.13138525546164334
Campbell,,30534042,,R-1-6,0,7.26,0.26671638809263254
Campbell,,41241022,,R-1-8,0,5.45,0.25590156080146054
Campbell,,30718021,,R-1-6,0,7.26,0.16130207320258094
Campbell,,41214006,,MHDR,26,33,0.015368748858416381
Campbell,,30533101,,R-1-6,0,7.26,0.2604268708074466
Campbell,,40616045,,R-1-10,0,4.35,0.1621680653857942
Campbell,,30554015,,MDR,18,25,0.013104902493506184
Campbell,,40619024,,R-1-8,0,5.45,0.18299951219322455
Campbell,,41215038,,MHDR,26,33,0.01705190230718382
Campbell,,41402003,,R-1-8,0,5.45,0.18978763616741304
Campbell,,41237046,,R-1-6,0,7.26,0.2614795133600674
Campbell,,40348011,,R-1-6,0,7.26,0.1464812427515357
Campbell,,40308078,,R-1-6,0,7.26,0.15066620139551157
Campbell,,30726032,,MDR,18,25,0.19926446997530262
Campbell,,40624041,,R-1-10,0,4.35,0.2926337318269424
Campbell,,28813068,,R-1-6,0,7.26,0.15995757634650018
Campbell,,40422048,,R-1-6,0,7.26,0.17947699155957528
Campbell,,28824031,,R-1-6,0,7.26,0.1758633222050431
Campbell,,40607035,,R-1-6,0,7.26,0.1480943267565255
Campbell,,30533032,,R-1-6,0,7.26,0.20457341943707347
Campbell,,27920046,,R-1-6,0,7.26,0.1352896328347672
Campbell,,28813021,,R-1-6,0,7.26,0.1799251789367391
Campbell,,28813049,,R-1-6,0,7.26,0.16436250336041947
Campbell,,30756031,,R-1-6,0,7.26,0.1377300912397632
Campbell,,40609028,,GC,0,0,0.45093261090823133
Campbell,,40343135,,R-1-6,0,7.26,0.1357967378509899
Campbell,,27922033,,R-1-6,0,7.26,0.2325049182373988
Campbell,,41210044,,CC-MU,45,60,0.20621128080687529
Campbell,,40432005,,MDR,18,25,0.1848023787823389
Campbell,,28814047,,R-1-6,0,7.26,0.2216222338318563
Campbell,,40602024,,R-1-6,0,7.26,0.16946212243394115
Campbell,,40348049,,R-1-6,0,7.26,0.20434616106334466
Campbell,,42443014,,MDR,18,25,0.012669343850708897
Campbell,,40336058,,MDR,18,25,0.20148473724091653
Campbell,,28811031,,LMDR,8,16,0.1471334196196106
Campbell,,27923056,,R-1-6,0,7.26,0.2144262213054697
Campbell,,30518016,,R-1-6,0,7.26,0.244765392745215
Campbell,,40314061,,R-1-9,0,4.84,0.2045619577534586
Campbell,,27935008,,R-1-6,0,7.26,0.16130825694949483
Campbell,,30715039,,R-1-6,0,7.26,0.14185581548549192
Campbell,,40310103,,R-1-6,0,7.26,0.1525481390808018
Campbell,,40613062,,R-1-6,0,7.26,0.14280010417664046
Campbell,,40313043,,R-1-6,0,7.26,0.13887271540471222
Campbell,,30524039,,R-1-6,0,7.26,0.2716104115423433
Campbell,,27940037,,R-1-6,0,7.26,0.17784169617530873
Campbell,,30752013,,R-1-6,0,7.26,0.14408188960804758
Campbell,,28813009,,R-1-6,0,7.26,0.20963658378943317
Campbell,,30530030,,PF,0,0,1.421840162577939
Campbell,,27930018,,R-1-6,0,7.26,0.1601995400569093
Campbell,,28809012,,R-1-6,0,7.26,0.24379913564217842
Campbell,,40348046,,R-1-6,0,7.26,0.22238891952008133
Campbell,,27923055,,R-1-6,0,7.26,0.21463654139548807
Campbell,,30752055,,R-1-6,0,7.26,0.14145917253250095
Campbell,,40402038,,MDR,18,25,0.193872168758321
Campbell,,41436009,,LI,0,0,0.46167895471148807
Campbell,,40316082,,R-1-10,0,4.35,0.15892458903736484
Campbell,,30708052,,R-1-6,0,7.26,0.13780728979282725
Campbell,,41433006,,R-1-6,0,7.26,0.3368021320420622
Campbell,,40607033,,R-1-6,0,7.26,0.14393894485504022
Campbell,,40310106,,R-1-6,0,7.26,0.18822154852753434
Campbell,,41231019,,LI,0,0,0.3683609749911767
Campbell,,41433035,,R-1-6,0,7.26,0.20512169839636693
Campbell,,40310118,,R-1-6,0,7.26,0.32712481347558076
Campbell,,28815042,,R-1-6,0,7.26,0.19966094588442362
Campbell,,30749016,,R-1-6,0,7.26,0.21141956472376447
Campbell,,41235034,,R-1-6,0,7.26,0.17276835643436125
Campbell,,30524013,,R-1-6,0,7.26,0.2268394049564896
Campbell,,40618052,,R-1-8,0,5.45,0.20895380347377068
Campbell,,28808053,,HD-MU,34,45,0.34210449011377636
Campbell,,28815075,,R-1-6,0,7.26,0.15820127864274627
Campbell,,27944006,,R-1-6,0,7.26,0.1903907243630706
Campbell,,40312109,,R-1-9,0,4.84,0.3036925058004587
Campbell,,28810047,,R-1-6,0,7.26,0.22895256287714572
Campbell,,30718052,,R-1-6,0,7.26,0.27102697509255946
Campbell,,30524009,,R-1-6,0,7.26,0.23323897208696215
Campbell,,41231007,,LI,0,0,0.5682328124472317
Campbell,,30538034,,MDR,18,25,0.2312200878414865
Campbell,,40343089,,R-1-6,0,7.26,0.15974224054492422
Campbell,,30750055,,MDR,18,25,0.19939615024675464
Campbell,,41405044,,R-1-8,0,5.45,0.20845426857496563
Campbell,,30522035,,R-1-6,0,7.26,0.19126800302565428
Campbell,,27936072,,MDR,18,25,0.017565950219379216
Campbell,,27940007,,R-1-6,0,7.26,0.14315892629330362
Campbell,,28805019,,R-1-6,0,7.26,0.1929856863299542
Campbell,,41438032,,LMDR,8,16,0.30868523255469865
Campbell,,40315068,,R-1-9,0,4.84,0.20684001874482388
Campbell,,30755008,,R-1-6,0,7.26,0.13502970080153728
Campbell,,40353024,,R-1-6,0,7.26,0.15339665557878793
Campbell,,40314035,,R-1-9,0,4.84,0.18758802881960296
Campbell,,30717035,,R-1-6,0,7.26,0.5677658914519705
Campbell,,27935026,,R-1-6,0,7.26,0.1553404013676579
Campbell,,40431046,,MDR,18,25,0.21064618772171173
Campbell,,30753033,,R-1-6,0,7.26,0.14333944748093705
Campbell,,30743020,,R-1-6,0,7.26,0.1633829434403732
Campbell,,30753063,,R-1-6,0,7.26,0.13900841756177282
Campbell,,40343091,,R-1-6,0,7.26,0.1568943602131297
Campbell,,42405037,,R-1-6,0,7.26,0.1939851177899012
Campbell,,41433013,,R-1-6,0,7.26,0.24488716463462218
Campbell,,28812051,,R-1-6,0,7.26,0.1553569729569112
Campbell,,40430044,,R-1-10,0,4.35,0.23525187970270858
Campbell,,40606083,,R-1-6,0,7.26,0.026756885862337293
Campbell,,41215013,,MHDR,26,33,0.017377590985719782
Campbell,,41441002,,MHDR,26,33,0.13450381481988394
Campbell,,30753090,,R-1-6,0,7.26,0.13988188840107219
Campbell,,40642002,,R-1-6,0,7.26,0.019237110200438504
Campbell,,42404006,,R-1-6,0,7.26,0.22352482197394716
Campbell,,30753096,,R-1-6,0,7.26,0.1394817241206671
Campbell,,40425074,,R-1-6,0,7.26,0.14462063982207982
Campbell,,42403003,,R-1-6,0,7.26,0.18449001856491865
Campbell,,27934024,,R-1-6,0,7.26,0.14254974120153072
Campbell,,41211038,,MHDR,26,33,0.02589385757640003
Campbell,,41238056,,R-1-6,0,7.26,0.15228309729490416
Campbell,,40623016,,R-1-8,0,5.45,0.2265810929683519
Campbell,,40429020,,R-1-10,0,4.35,0.19796470988074752
Campbell,,40341001,,MDR,18,25,0.18596034290933702
Campbell,,40427013,,R-1-10,0,4.35,0.27326642372062104
Campbell,,27936266,,MDR,18,25,0.010319804903140571
Campbell,,41240028,,R-1-8,0,5.45,0.23015734029493198
Campbell,,40616066,,R-1-10,0,4.35,0.24121827938782078
Campbell,,30715031,,R-1-6,0,7.26,0.14708094982130165
Campbell,,27922036,,R-1-6,0,7.26,0.22340102021485425
Campbell,,30519068,,R-1-6,0,7.26,0.23771186871237399
Campbell,,41402027,,R-1-8,0,5.45,0.18335422530690346
Campbell,,30523060,,R-1-6,0,7.26,0.2405988326020586
Campbell,,30530010,,R-1-6,0,7.26,0.13610257655615526
Campbell,,27930038,,R-1-6,0,7.26,0.16292165479761006
Campbell,,41201023,,OS,0,0,13.977244284201802
Campbell,,30531045,,PO,0,0,0.19069763616754654
Campbell,,28813001,,R-1-6,0,7.26,0.14892088764183223
Campbell,,40407002,,R-1-6,0,7.26,0.14891517094378834
Campbell,,30715023,,R-1-6,0,7.26,0.1422110236798801
Campbell,,27934004,,R-1-6,0,7.26,0.1482409013226098
Campbell,,30715071,,R-1-6,0,7.26,0.1418527267058837
Campbell,,30545020,,MDR,18,25,0.018433641424372267
Campbell,,41230016,,MHDR,26,33,0.19082489597179805
Campbell,,40431023,,MDR,18,25,0.25652556404226484
Campbell,,41234005,,LI,0,0,0.2650020805273553
Campbell,,40307029,,R-1-6,0,7.26,0.3579652281481449
Campbell,,30520038,,R-1-6,0,7.26,0.15904976368701934
Campbell,,40308105,,R-1-6,0,7.26,0.16806649751120686
Campbell,,28802030,,CC-MU,45,60,1.3360056486358585
Campbell,,30519020,,R-1-6,0,7.26,0.16397640448237197
Campbell,,30743039,,R-1-6,0,7.26,0.15041567058783123
Campbell,,40406035,,R-1-6,0,7.26,0.237733859786958
Campbell,,41211052,,MHDR,26,33,0.02702821860500164
Campbell,,40603053,,LMDR,8,16,0.03027651033920578
Campbell,,40619005,,R-1-8,0,5.45,0.19524636577932883
Campbell,,28215027,,MDR,18,25,0.674739323548391
Campbell,,30751017,,R-1-6,0,7.26,0.1472025600774859
Campbell,,40353041,,R-1-6,0,7.26,0.1518309445591073
Campbell,,30749017,,R-1-6,0,7.26,0.1590696325756793
Campbell,,40317036,,R-1-9,0,4.84,0.20440864227262923
Campbell,,27922004,,R-1-6,0,7.26,0.22384865693285716
Campbell,,27937049,,R-1-6,0,7.26,0.18600547962660527
Campbell,,42404048,,R-1-6,0,7.26,0.1861401105539181
Campbell,,41235001,,LI,0,0,0.7106172355746198
Campbell,,40343088,,R-1-6,0,7.26,0.1673166067899796
Campbell,,30535002,,R-1-6,0,7.26,0.23822825730282143
Campbell,,40605035,,R-1-6,0,7.26,0.13870769601620017
Campbell,,41211016,,MHDR,26,33,0.026642580225726412
Campbell,,28819014,,R-1-6,0,7.26,0.28287512575528573
Campbell,,40313094,,R-1-6,0,7.26,0.18475976202615388
Campbell,,40405055,,R-1-6,0,7.26,0.24368360007945417
Campbell,,40315007,,R-1-9,0,4.84,0.24193541719034067
Campbell,,27936068,,MDR,18,25,0.01756809786936474
Campbell,,27921006,,R-1-6,0,7.26,0.14192164712111155
Campbell,,27940015,,R-1-6,0,7.26,0.1807306670190057
Campbell,,27923027,,R-1-6,0,7.26,0.24189170574999277
Campbell,,27919010,,R-1-6,0,7.26,0.13991718234760994
Campbell,,40603019,,R-1-6,0,7.26,0.1544880873787011
Campbell,,41434039,,R-1-6,0,7.26,0.2834485606513753
Campbell,,40613004,,R-1-6,0,7.26,0.1380647318737399
Campbell,,40636007,,LMDR,8,16,0.019258372388888466
Campbell,,40426047,,R-1-10,0,4.35,0.2589686964403604
Campbell,,30753073,,R-1-6,0,7.26,0.273055086325056
Campbell,,40429037,,R-1-16,0,2.72,0.39684596745290013
Campbell,,27936212,,MDR,18,25,0.017561576898253415
Campbell,,40344015,,R-1-6,0,7.26,0.13498966682253824
Campbell,,40621023,,R-1-10,0,4.35,0.2877458835467731
Campbell,,41448054,,LMDR,8,16,0.4418533551915512
Campbell,,40625013,,LMDR,8,16,0.25818058703934843
Campbell,,28819044,,R-1-6,0,7.26,0.21316472450887952
Campbell,,42405043,,R-1-6,0,7.26,0.23913526154478917
Campbell,,41238033,,R-1-6,0,7.26,0.13983370121038688
Campbell,,41204065,,R-1-6,0,7.26,0.168157071993815
Campbell,,40308121,,R-1-6,0,7.26,0.17111540316307186
Campbell,,40407010,,R-1-6,0,7.26,0.2318758978854494
Campbell,,41228011,,MHDR,26,33,0.012690193798937004
Campbell,,30740002,,R-1-6,0,7.26,0.14314491010677086
Campbell,,27936131,,MDR,18,25,0.01032331801994413
Campbell,,27944012,,R-1-6,0,7.26,0.1451319446402104
Campbell,,40433021,,R-1-6,0,7.26,0.1478472787757324
Campbell,,28814071,,R-1-6,0,7.26,0.18674984421051535
Campbell,,30545001,,MDR,18,25,0.018434075193616287
Campbell,,30753042,,R-1-6,0,7.26,0.13796809572348018
Campbell,,42443037,,MDR,18,25,0.012624693292714111
Campbell,,30534009,,R-1-6,0,7.26,0.40126079975665757
Campbell,,40423039,,R-1-6,0,7.26,0.14847272392160232
Campbell,,40425056,,R-1-6,0,7.26,0.14469368988867765
Campbell,,40429023,,R-1-10,0,4.35,0.21880488651360547
Campbell,,40344068,,R-1-6,0,7.26,0.13773948350197815
Campbell,,40344007,,R-1-6,0,7.26,0.13774134457832193
Campbell,,30748051,,R-1-6,0,7.26,0.1436738590191423
Campbell,,40612078,,R-1-6,0,7.26,0.1555206021967591
Campbell,,40607053,,R-1-6,0,7.26,0.14692908159908818
Campbell,,40313106,,R-1-9,0,4.84,0.1377277224034106
Campbell,,41215085,,MHDR,26,33,0.017150966630534628
Campbell,,40604051,,R-1-6,0,7.26,0.15822549277797643
Campbell,,30740031,,LMDR,8,16,0.15588656850989355
Campbell,,40616030,,R-1-10,0,4.35,0.2739829621846492
Campbell,,41224016,,R-1-8,0,5.45,0.28247777773981003
Campbell,,42439001,,ROW,0,0,0.632220770028935
Campbell,,30708009,,R-1-6,0,7.26,0.1470911696288806
Campbell,,30517017,,MDR,18,25,5.542780217787708
Campbell,,40605049,,R-1-6,0,7.26,0.14257879253912462
Campbell,,40612018,,R-1-6,0,7.26,0.172993578663709
Campbell,,40408064,,R-1-6,0,7.26,0.13823119731540529
Campbell,,40624014,,R-1-10,0,4.35,0.24138118093104632
Campbell,,30550005,,MDR,18,25,0.018565193622954633
Campbell,,27936148,,MDR,18,25,0.017561506507919194
Campbell,,30520044,,R-1-6,0,7.26,0.16595328740315313
Campbell,,40316037,,R-1-10,0,4.35,0.49824381975769616
Campbell,,41215074,,MHDR,26,33,0.017073692988990516
Campbell,,40317042,,R-1-9,0,4.84,0.2082163970299944
Campbell,,30748057,,R-1-6,0,7.26,0.15866035931839165
Campbell,,27919013,,R-1-6,0,7.26,0.1396824278374185
Campbell,,40615004,,R-1-8,0,5.45,0.21706322078128468
Campbell,,30714030,,R-1-6,0,7.26,0.16352139237624094
Campbell,,30539036,,R-1-6,0,7.26,0.14739442559016971
Campbell,,27929023,,R-1-6,0,7.26,0.23145206729097834
Campbell,,30732004,,MDR,18,25,0.21069738662027085
Campbell,,40618030,,R-1-6,0,7.26,0.14050730263906416
Campbell,,28810014,,R-1-6,0,7.26,0.2250597000597165
Campbell,,40314072,,R-1-9,0,4.84,0.3613075423435677
Campbell,,27920022,,R-1-6,0,7.26,0.14171063219732352
Campbell,,27936330,,MDR,18,25,0.010319261251392731
Campbell,,30535001,,R-1-6,0,7.26,0.25126656051449325
Campbell,,27936281,,MDR,18,25,0.016421769689158608
Campbell,,30537006,,LMDR,8,16,0.16751820102039158
Campbell,,30534021,,R-1-6,0,7.26,0.2972668193274978
Campbell,,27934015,,R-1-6,0,7.26,0.18615171879805367
Campbell,,40624032,,R-1-10,0,4.35,0.29297458736723225
Campbell,,30520001,,MDR,18,25,0.8143593145848848
Campbell,,40353069,,R-1-6,0,7.26,0.1584404540059299
Campbell,,30743036,,R-1-6,0,7.26,0.1688316815787952
Campbell,,28809077,,R-1-6,0,7.26,0.24298879096536025
Campbell,,40408054,,R-1-6,0,7.26,0.15120691387769294
Campbell,,40317029,,R-1-9,0,4.84,0.21553308544143152
Campbell,,28813048,,R-1-6,0,7.26,0.1643629137421008
Campbell,,27939044,,R-1-6,0,7.26,0.42953987887724393
Campbell,,30504022,,R-1-6,0,7.26,0.21430301532715293
Campbell,,40318065,,R-1-9,0,4.84,0.14375094734978133
Campbell,,40618057,,R-1-8,0,5.45,0.19287021953299946
Campbell,,40642008,,R-1-6,0,7.26,0.018926898129291974
Campbell,,40432024,,R-1-6,0,7.26,0.13695177798378227
Campbell,,28215014,,LMDR,8,16,0.16319706291819117
Campbell,,41218022,,MHDR,26,33,0.024880433393466336
Campbell,,28813070,,R-1-6,0,7.26,0.16439300734328152
Campbell,,40619007,,R-1-8,0,5.45,0.18774407385063954
Campbell,,30750058,,MDR,18,25,0.1706276916554005
Campbell,,30538021,,MDR,18,25,0.19159992187900324
Campbell,,41238054,,R-1-6,0,7.26,0.1568787802317175
Campbell,,28214038,,R-1-6,0,7.26,0.23170909993918998
Campbell,,40353036,,R-1-6,0,7.26,0.1517046954636818
Campbell,,30516016,,LMDR,8,16,0.029095360691039313
Campbell,,41210031,,MHDR,26,33,1.0748633374804701
Campbell,,40343032,,R-1-6,0,7.26,0.13912732037207237
Campbell,,40315087,,R-1-9,0,4.84,0.21003161563233738
Campbell,,40426017,,R-1-6,0,7.26,0.15348967755709322
Campbell,,30504032,,GC,0,0,0.3550934851248943
Campbell,,40427002,,R-1-10,0,4.35,0.23660748283994626
Campbell,,40610007,,GC,0,0,0.7660111150061962
Campbell,,30518038,,R-1-6,0,7.26,0.14301436315449817
Campbell,,40343114,,R-1-6,0,7.26,0.18156966612475522
Campbell,,41440086,,R-1-6,0,7.26,0.3453152210638022
Campbell,,27937034,,R-1-6,0,7.26,0.20235959400551
Campbell,,40308114,,R-1-6,0,7.26,0.13429127639627256
Campbell,,41238074,,R-1-6,0,7.26,0.15638429813754093
Campbell,,40409019,,R-1-6,0,7.26,0.1400471638111765
Campbell,,27933018,,R-1-6,0,7.26,0.16287677175843912
Campbell,,40606006,,NC-MU,18,25,0.25802748395293806
Campbell,,41211062,,MHDR,26,33,0.25896035929481115
Campbell,,40432044,,R-1-6,0,7.26,0.13992345395052688
Campbell,,40606051,,R-1-6,0,7.26,0.2778950072758608
Campbell,,40605051,,R-1-6,0,7.26,0.1431550856849197
Campbell,,27922037,,R-1-6,0,7.26,0.22037033460635208
Campbell,,28810022,,R-1-6,0,7.26,0.1984571351157036
Campbell,,30741005,,R-1-6,0,7.26,0.14246807899180278
Campbell,,40424072,,R-1-6,0,7.26,0.1425985528691314
Campbell,,30717018,,R-1-6,0,7.26,0.14852247509316496
Campbell,,28818024,,R-1-6,0,7.26,0.2863678184994175
Campbell,,41230007,,MHDR,26,33,0.17164579810069008
Campbell,,40427012,,R-1-10,0,4.35,0.30037193574178844
Campbell,,40343050,,R-1-6,0,7.26,0.14210782945025502
Campbell,,40422017,,R-1-6,0,7.26,0.16001092467040823
Campbell,,40310092,,R-1-6,0,7.26,0.14026455708571192
Campbell,,27922025,,R-1-6,0,7.26,0.2305594601650851
Campbell,,30550014,,MDR,18,25,0.019492674545671957
Campbell,,30715069,,R-1-6,0,7.26,0.1466140760571935
Campbell,,40601058,,R-1-6,0,7.26,0.22617532866185713
Campbell,,30708016,,R-1-6,0,7.26,0.14187771800759139
Campbell,,40606060,,R-1-6,0,7.26,0.2778854670180386
Campbell,,40315054,,R-1-9,0,4.84,0.32891795834090726
Campbell,,40614022,,R-1-8,0,5.45,0.28130452003556333
Campbell,,30539018,,R-1-6,0,7.26,0.14164436965222146
Campbell,,40426004,,R-1-10,0,4.35,0.2919090398903939
Campbell,,40317017,,R-1-9,0,4.84,0.2106687575713879
Campbell,,40430054,,R-1-10,0,4.35,0.24158160595940545
Campbell,,40307041,,R-1-6,0,7.26,0.17965626703909518
Campbell,,41215067,,MHDR,26,33,0.01694101728421715
Campbell,,40427024,,R-1-16,0,2.72,0.28125294037705567
Campbell,,41237033,,R-1-6,0,7.26,0.15940366630525654
Campbell,,28811016,,MDR,18,25,0.14542911335642192
Campbell,,40424068,,R-1-6,0,7.26,0.19250134713109113
Campbell,,30523041,,R-1-6,0,7.26,0.1913655501434061
Campbell,,40342034,,R-1-6,0,7.26,0.15869207620282247
Campbell,,40308063,,R-1-6,0,7.26,0.13680434089183496
Campbell,,28813050,,R-1-6,0,7.26,0.16435265029651727
Campbell,,30742002,,R-1-6,0,7.26,0.14198983480805855
Campbell,,40433048,,R-1-6,0,7.26,0.15649127533009943
Campbell,,30717058,,R-1-6,0,7.26,0.2085362050684106
Campbell,,28815003,,R-1-6,0,7.26,0.1422275289096377
Campbell,,40422039,,R-1-6,0,7.26,0.15809197639401193
Campbell,,41237052,,R-1-6,0,7.26,0.1974514703916725
Campbell,,27941013,,CB-MU,26,33,0.03513180979147247
Campbell,,40406079,,R-1-6,0,7.26,0.25481067585089956
Campbell,,41444014,,R-1-6,0,7.26,0.14797178555051022
Campbell,,40341035,,MDR,18,25,0.19425884532806748
Campbell,,30708033,,R-1-6,0,7.26,0.14507545165891722
Campbell,,41204054,,R-1-6,0,7.26,0.19596932660483538
Campbell,,40406080,,R-1-6,0,7.26,0.29275745303137146
Campbell,,30715061,,R-1-6,0,7.26,0.14186686688865374
Campbell,,28813033,,R-1-6,0,7.26,0.1697909851838574
Campbell,,40432021,,R-1-6,0,7.26,0.14398858961888344
Campbell,,30519061,,R-1-6,0,7.26,0.1900726525322518
Campbell,,40408045,,R-1-6,0,7.26,0.1453097151000157
Campbell,,28825078,,R-1-6,0,7.26,0.17564043601415577
Campbell,,40433052,,R-1-6,0,7.26,0.15547454880525877
Campbell,,41238062,,R-1-6,0,7.26,0.14985112501706602
Campbell,,30519017,,R-1-6,0,7.26,0.20427815641829436
Campbell,,40353038,,R-1-6,0,7.26,0.15176799827111764
Campbell,,40406046,,R-1-6,0,7.26,0.2501113020193831
Campbell,,27940047,,R-1-6,0,7.26,0.26177734523034124
Campbell,,40431004,,MDR,18,25,0.2308127340671652
Campbell,,41215017,,MHDR,26,33,0.017361990813340063
Campbell,,30718016,,R-1-6,0,7.26,0.15943994041443216
Campbell,,27936088,,MDR,18,25,0.017556004263192523
Campbell,,40348035,,R-1-6,0,7.26,0.21965311697807985
Campbell,,30751005,,R-1-6,0,7.26,0.23544811991612702
Campbell,,28810039,,R-1-6,0,7.26,0.2295065105897265
Campbell,,27936252,,MDR,18,25,0.010319503500513888
Campbell,,40433054,,R-1-6,0,7.26,0.16364281090177513
Campbell,,40348051,,R-1-6,0,7.26,0.1468763414179265
Campbell,,40426046,,R-1-10,0,4.35,0.27029290787095184
Campbell,,41440080,,R-1-6,0,7.26,0.13965833717938267
Campbell,,42433112,,RD,0,0,4.796512309669962
Campbell,,30742013,,R-1-6,0,7.26,0.21666192027861866
Campbell,,41240012,,R-1-8,0,5.45,0.3277423960459065
Campbell,,40613060,,R-1-6,0,7.26,0.20122561035790237
Campbell,,30715029,,R-1-6,0,7.26,0.1518016439522743
Campbell,,42403026,,R-1-6,0,7.26,0.19134450122245858
Campbell,,40425067,,R-1-6,0,7.26,0.23330624558975244
Campbell,,41235004,,LI,0,0,0.9115819491777084
Campbell,,41235036,,R-1-6,0,7.26,0.14145286561358095
Campbell,,30747011,,MDR,18,25,0.18924901054752288
Campbell,,40432020,,R-1-6,0,7.26,0.14147732944398544
Campbell,,27941025,,CB-MU,26,33,0.23580739505479878
Campbell,,40617014,,LMDR,8,16,0.1875566788176678
Campbell,,30752039,,R-1-6,0,7.26,0.14062821277935705
Campbell,,40336008,,MDR,18,25,0.2187591775367446
Campbell,,30748002,,R-1-6,0,7.26,0.1476769804368807
Campbell,,40617031,,R-1-6,0,7.26,0.14745455685041273
Campbell,,40407022,,R-1-6,0,7.26,0.13426681288015893
Campbell,,28810001,,R-1-6,0,7.26,0.2023388953338025
Campbell,,27920048,,R-1-6,0,7.26,0.13559990473281192
Campbell,,30743032,,R-1-6,0,7.26,0.1548758106326434
Campbell,,41224015,,R-1-8,0,5.45,0.2844343907237974
Campbell,,30708042,,R-1-6,0,7.26,0.1758143878929186
Campbell,,41205047,,HD-MU,34,45,0.3299252099168656
Campbell,,40617057,,R-1-6,0,7.26,0.14390372583934405
Campbell,,27936197,,MDR,18,25,0.016416020994726974
Campbell,,40432036,,R-1-6,0,7.26,0.13774089113271826
Campbell,,42433113,,RD,0,0,1.9666428742248891
Campbell,,30714022,,R-1-6,0,7.26,0.14231053783843503
Campbell,,28817042,,R-1-6,0,7.26,0.23015518723951925
Campbell,,30755036,,R-1-6,0,7.26,0.1358789655876165
Campbell,,40614056,,R-1-8,0,5.45,0.36917639805130115
Campbell,,28808029,,R-1-6,0,7.26,0.19822164442085716
Campbell,,40642006,,R-1-6,0,7.26,0.01928022012436419
Campbell,,27939058,,R-1-6,0,7.26,0.1655180307576333
Campbell,,40612101,,R-1-6,0,7.26,0.1834253514923366
Campbell,,42443048,,MDR,18,25,0.01262790659885855
Campbell,,40604001,,R-1-6,0,7.26,0.1671485057383971
Campbell,,41241031,,R-1-8,0,5.45,0.2968348234954937
Campbell,,40614029,,R-1-8,0,5.45,0.18375396738589092
Campbell,,41202001,,TO-MU,57,75,0.6136068131751636
Campbell,,41215064,,MHDR,26,33,0.016947795467135575
Campbell,,28811038,,PO,0,0,0.1721581078879361
Campbell,,27921019,,R-1-6,0,7.26,0.1395367156254782
Campbell,,40310137,,R-1-6,0,7.26,0.1399384017553087
Campbell,,40613074,,R-1-6,0,7.26,0.15496656273562012
Campbell,,27930001,,R-1-6,0,7.26,0.1910129198764072
Campbell,,41444007,,GC,0,0,0.260220965986766
Campbell,,41433014,,R-1-6,0,7.26,0.2391043220662565
Campbell,,30530022,,R-1-6,0,7.26,0.18982963993234342
Campbell,,40433006,,R-1-6,0,7.26,0.24677388456534974
Campbell,,28824053,,R-1-6,0,7.26,0.2033154876211349
Campbell,,27923033,,R-1-6,0,7.26,0.25743786398754864
Campbell,,40308021,,R-1-6,0,7.26,0.13689678018428764
Campbell,,40308069,,R-1-6,0,7.26,0.13796432514453633
Campbell,,27930040,,R-1-6,0,7.26,0.15251654273135518
Campbell,,40308107,,R-1-6,0,7.26,0.14209648462042962
Campbell,,40316106,,R-1-10,0,4.35,0.30333666226077033
Campbell,,28809029,,R-1-6,0,7.26,0.19085615587944804
Campbell,,27923048,,R-1-6,0,7.26,0.16084930076219286
Campbell,,40408050,,R-1-6,0,7.26,0.14544087847781856
Campbell,,42443028,,MDR,18,25,0.012674411449021946
Campbell,,41231012,,LI,0,0,0.2786170061700441
Campbell,,27934008,,R-1-6,0,7.26,0.1482218627051141
Campbell,,28814046,,R-1-6,0,7.26,0.22142173729904563
Campbell,,30752012,,R-1-6,0,7.26,0.13860796037449788
Campbell,,30522021,,R-1-6,0,7.26,0.1722661114552695
Campbell,,30741020,,R-1-6,0,7.26,0.1410274085942736
Campbell,,40433028,,R-1-6,0,7.26,0.2075480391342894
Campbell,,30504007,,MDR,18,25,0.18790085048358215
Campbell,,41210065,,MHDR,26,33,0.22449901329505595
Campbell,,27936322,,MDR,18,25,0.010324130038496365
Campbell,,40408041,,R-1-6,0,7.26,0.14279692088021595
Campbell,,42401117,,LI,0,0,1.412000421647302
Campbell,,40315066,,R-1-9,0,4.84,0.20682668410939023
Campbell,,40348042,,R-1-6,0,7.26,0.15105512932518605
Campbell,,40613023,,LMDR,8,16,0.1842177211994029
Campbell,,28824012,,R-1-6,0,7.26,0.18174157590725645
Campbell,,41211059,,MHDR,26,33,0.025662172335614998
Campbell,,30749015,,R-1-6,0,7.26,0.18200418563077408
Campbell,,40612067,,R-1-6,0,7.26,0.15799291687796999
Campbell,,30742034,,R-1-6,0,7.26,0.13360512122813542
Campbell,,40343077,,R-1-6,0,7.26,0.13501752138124173
Campbell,,27923047,,R-1-6,0,7.26,0.3052863230915423
Campbell,,41436015,,LI,0,0,0.30989762520659725
Campbell,,27937033,,R-1-6,0,7.26,0.20239920266434466
Campbell,,28824034,,R-1-6,0,7.26,0.1916160217551163
Campbell,,27934009,,R-1-6,0,7.26,0.148249890649362
Campbell,,40423040,,R-1-6,0,7.26,0.213476457038843
Campbell,,30533060,,R-1-6,0,7.26,0.18670883028234292
Campbell,,40406030,,R-1-6,0,7.26,0.24166085007917795
Campbell,,40604004,,R-1-6,0,7.26,0.13774814376331138
Campbell,,28818004,,R-1-6,0,7.26,0.2510030393322591
Campbell,,30708037,,R-1-6,0,7.26,0.14493132430472216
Campbell,,40310110,,R-1-6,0,7.26,0.19880633678891022
Campbell,,30752030,,R-1-6,0,7.26,0.13823709962604255
Campbell,,30523042,,R-1-6,0,7.26,0.1773980832661974
Campbell,,41435012,,LMDR,8,16,0.026379909226023155
Campbell,,40343044,,R-1-6,0,7.26,0.1393014892128281
Campbell,,28811012,,MDR,18,25,0.1443699711593705
Campbell,,41233003,,LI,0,0,0.4314349865145845
Campbell,,42433110,,OS,0,0,0.2117188107921333
Campbell,,40353091,,R-1-6,0,7.26,0.13530733071342635
Campbell,,28813010,,R-1-6,0,7.26,0.19926844609414004
Campbell,,40615023,,R-1-8,0,5.45,0.1899281520566519
Campbell,,41402019,,R-1-8,0,5.45,0.18216504013685594
Campbell,,27936071,,MDR,18,25,0.010321012523184335
Campbell,,40316102,,R-1-10,0,4.35,0.3427980756286784
Campbell,,41215081,,MHDR,26,33,0.01784315370952307
Campbell,,40317012,,R-1-9,0,4.84,0.22388338802246482
Campbell,,40625012,,LMDR,8,16,0.2233968746900927
Campbell,,30537004,,LMDR,8,16,0.18106042271649764
Campbell,,27938089,,R-1-6,0,7.26,0.2729149363247102
Campbell,,30740010,,R-1-6,0,7.26,0.162765985650751
Campbell,,41235029,,R-1-6,0,7.26,0.17453830574656903
Campbell,,40615006,,R-1-8,0,5.45,0.21925444031621932
Campbell,,40316017,,R-1-10,0,4.35,0.4433812433718884
Campbell,,27940049,,R-1-6,0,7.26,0.3512096097472641
Campbell,,41230018,,MHDR,26,33,0.1917174145716484
Campbell,,41214022,,MHDR,26,33,0.013502279787983431
Campbell,,40615035,,R-1-8,0,5.45,0.1491656389381706
Campbell,,40623021,,R-1-8,0,5.45,0.22902461779835473
Campbell,,41401007,,R-1-8,0,5.45,0.20329617779274928
Campbell,,40422056,,R-1-6,0,7.26,0.1741480007666961
Campbell,,40430083,,R-1-10,0,4.35,0.36410648720756805
Campbell,,40607051,,R-1-6,0,7.26,0.1469358504559379
Campbell,,27923016,,R-1-6,0,7.26,0.24509400431074924
Campbell,,40310124,,R-1-6,0,7.26,0.21046515451740244
Campbell,,40407012,,R-1-6,0,7.26,0.16446050379973384
Campbell,,40604015,,R-1-6,0,7.26,0.23634847801408215
Campbell,,40406066,,R-1-6,0,7.26,0.23853322957878836
Campbell,,27938019,,PF,0,0,1.314250314529606
Campbell,,42443038,,MDR,18,25,0.013197785027287332
Campbell,,30538025,,MDR,18,25,0.5020620727533731
Campbell,,28807022,,R-1-6,0,7.26,0.26019265184794127
Campbell,,42404079,,R-1-6,0,7.26,0.18807425722741086
Campbell,,40429033,,R-1-16,0,2.72,0.44480965533894107
Campbell,,27935012,,R-1-6,0,7.26,0.16134541041436568
Campbell,,41209058,,CC-MU,45,60,0.211600490631915
Campbell,,30523053,,R-1-6,0,7.26,0.18458042973314895
Campbell,,27923011,,R-1-6,0,7.26,0.24805198229373815
Campbell,,30753003,,R-1-6,0,7.26,0.15780868587040503
Campbell,,40602015,,R-1-6,0,7.26,0.36247172911337694
Campbell,,40309004,,R-1-6,0,7.26,0.2873211205636435
Campbell,,40342033,,R-1-6,0,7.26,0.19973773981563778
Campbell,,40618029,,R-1-6,0,7.26,0.1405085169837456
Campbell,,40310107,,R-1-6,0,7.26,0.20939319491184888
Campbell,,28809094,,NC,0,0,0.9651009179322836
Campbell,,27936186,,MDR,18,25,0.010323154199715842
Campbell,,28819055,,R-1-6,0,7.26,0.2242030625676071
Campbell,,41209023,,CC-MU,45,60,0.3931011737211637
Campbell,,30740018,,R-1-6,0,7.26,0.15024883658762345
Campbell,,27926039,,R-1-6,0,7.26,0.2048030823511164
Campbell,,28819043,,R-1-6,0,7.26,0.21334039377077346
Campbell,,40406007,,R-1-6,0,7.26,0.2396928009403994
Campbell,,30749022,,R-1-6,0,7.26,0.1414811191280558
Campbell,,40605048,,R-1-6,0,7.26,0.142294821492795
Campbell,,27945026,,R-1-6,0,7.26,0.13194463469168533
Campbell,,30750005,,MDR,18,25,0.18280130829004446
Campbell,,27936045,,MDR,18,25,0.01641934502951851
Campbell,,40614006,,R-1-8,0,5.45,0.22223698626175628
Campbell,,30749009,,R-1-6,0,7.26,0.36946261932171715
Campbell,,40624038,,R-1-10,0,4.35,0.3733520567765955
Campbell,,40613056,,R-1-6,0,7.26,0.13960252159722153
Campbell,,41219011,,MHDR,26,33,0.012246964683476136
Campbell,,40618006,,R-1-6,0,7.26,0.1367663838344006
Campbell,,42443032,,MDR,18,25,0.012671785996060603
Campbell,,42404009,,R-1-6,0,7.26,0.21521300009395733
Campbell,,41240030,,R-1-8,0,5.45,0.22737885767337318
Campbell,,40406055,,R-1-6,0,7.26,0.2508142097474435
Campbell,,28812026,,R-1-6,0,7.26,0.15868950201170254
Campbell,,40423004,,R-1-6,0,7.26,0.14401480889468554
Campbell,,40422036,,R-1-6,0,7.26,0.13664601429397308
Campbell,,30748036,,R-1-6,0,7.26,0.13521456140056173
Campbell,,41404007,,NC,0,0,0.1866726996903919
Campbell,,28810027,,R-1-6,0,7.26,0.24064852868334297
Campbell,,40619058,,R-1-8,0,5.45,0.1981304306929324
Campbell,,30531010,,R-1-6,0,7.26,0.18409583707009344
Campbell,,30741023,,MDR,18,25,0.20408449375185883
Campbell,,40612095,,R-1-6,0,7.26,0.13994775690557254
Campbell,,28808052,,R-1-6,0,7.26,0.23812663236206713
Campbell,,27936276,,MDR,18,25,0.017565236999152033
Campbell,,40430037,,R-1-10,0,4.35,0.2579487202132143
Campbell,,40308082,,R-1-6,0,7.26,0.1383709943706886
Campbell,,40607010,,R-1-6,0,7.26,0.14580273959006318
Campbell,,41436004,,LI,0,0,0.2977182239169697
Campbell,,27923058,,R-1-6,0,7.26,0.2140998820464049
Campbell,,30524017,,R-1-6,0,7.26,0.22043878163943995
Campbell,,30750034,,R-1-6,0,7.26,0.1438164595624749
Campbell,,40430056,,MDR,18,25,0.2363824249611969
Campbell,,40618005,,R-1-6,0,7.26,0.1486641892208704
Campbell,,41238082,,R-1-8,0,5.45,0.2325269934047299
Campbell,,27936057,,MDR,18,25,0.01641705753593473
Campbell,,42401102,,LI,0,0,0.3981236888595677
Campbell,,28805004,,R-1-6,0,7.26,0.2016548724791251
Campbell,,30519037,,R-1-6,0,7.26,0.23828336213010293
Campbell,,27939060,,R-1-6,0,7.26,0.07240781321228157
Campbell,,40310133,,R-1-6,0,7.26,0.15899687509531
Campbell,,27919008,,R-1-6,0,7.26,0.14008361890496668
Campbell,,40616022,,R-1-10,0,4.35,0.28241135727360667
Campbell,,40317008,,R-1-9,0,4.84,0.20584975782523426
Campbell,,40614004,,R-1-8,0,5.45,0.3436525809736544
Campbell,,27913048,,R-1-6,0,7.26,0.22249002817692407
Campbell,,27930019,,R-1-6,0,7.26,0.15967392470452207
Campbell,,42443001,,MDR,18,25,0.013197303153625009
Campbell,,30740019,,R-1-6,0,7.26,0.1549056584209996
Campbell,,40604025,,R-1-6,0,7.26,0.16305491014529788
Campbell,,40430039,,R-1-10,0,4.35,0.23573226104862263
Campbell,,40344032,,R-1-6,0,7.26,0.14289515037670333
Campbell,,40424039,,R-1-6,0,7.26,0.15012593028679536
Campbell,,27938088,,CB-MU,26,33,0.1560250792073275
Campbell,,42433083,,RD,0,0,1.8067675987197827
Campbell,,41241003,,R-1-8,0,5.45,0.21439251550194605
Campbell,,27940027,,R-1-6,0,7.26,0.1610546789356212
Campbell,,30538020,,MDR,18,25,0.1918104116616837
Campbell,,40344003,,R-1-6,0,7.26,0.13773341281604437
Campbell,,27936016,,MDR,18,25,0.01756915312394875
Campbell,,42403024,,R-1-6,0,7.26,0.2472665565634874
Campbell,,41237059,,R-1-6,0,7.26,0.22021804498328504
Campbell,,40614032,,R-1-8,0,5.45,0.18803383294195636
Campbell,,40353065,,R-1-6,0,7.26,0.1577148001294418
Campbell,,30753104,,R-1-6,0,7.26,0.15287974521255226
Campbell,,42443051,,MDR,18,25,0.013200965902526758
Campbell,,30753024,,R-1-6,0,7.26,0.2451925500784929
Campbell,,27936199,,MDR,18,25,0.010323934226101646
Campbell,,41435040,,LMDR,8,16,0.018701884016455807
Campbell,,27936004,,MDR,18,25,0.017553581229047696
Campbell,,40433050,,R-1-6,0,7.26,0.1599964184871883
Campbell,,27946011,,HD-MU,34,45,0.6397446789830253
Campbell,,42443050,,MDR,18,25,0.013197261188025333
Campbell,,41404025,,R-1-8,0,5.45,0.29085152111889107
Campbell,,40618058,,R-1-8,0,5.45,0.19285522128025037
Campbell,,28813007,,R-1-6,0,7.26,0.23534350144006147
Campbell,,40618041,,R-1-6,0,7.26,0.14186695472238542
Campbell,,41208048,,CC-MU,45,60,0.4845948896055355
Campbell,,30740008,,R-1-6,0,7.26,0.14225691612276517
Campbell,,28817020,,R-1-6,0,7.26,0.26701758107743434
Campbell,,30717017,,R-1-6,0,7.26,0.17656415160961125
Campbell,,30751013,,R-1-6,0,7.26,0.17931954928919103
Campbell,,27941040,,CB-MU,26,33,0.12418600325436234
Campbell,,41218024,,MHDR,26,33,0.019049868992987586
Campbell,,27936245,,MDR,18,25,0.016414148183795347
Campbell,,40430028,,R-1-10,0,4.35,0.22803316210871521
Campbell,,40431027,,MDR,18,25,0.2370148371466177
Campbell,,40313082,,R-1-6,0,7.26,0.14369388972027278
Campbell,,30753081,,R-1-6,0,7.26,0.14274492148390577
Campbell,,28813023,,R-1-6,0,7.26,0.17325795218006626
Campbell,,42439012,,LI,0,0,0.25259608605523276
Campbell,,41215057,,MHDR,26,33,0.017144712388374738
Campbell,,41434011,,R-1-6,0,7.26,0.20164123028601735
Campbell,,41214027,,MHDR,26,33,0.015052599074725684
Campbell,,40607057,,R-1-6,0,7.26,0.14412304496979902
Campbell,,30752037,,R-1-6,0,7.26,0.1468961378266026
Campbell,,28825054,,R-1-6,0,7.26,0.182101753033929
Campbell,,41434001,,R-1-6,0,7.26,0.19185474894807095
Campbell,,40602066,,R-1-6,0,7.26,0.1396787788567301
Campbell,,28813075,,R-1-6,0,7.26,0.16434806160095022
Campbell,,30756032,,R-1-6,0,7.26,0.1371109784730773
Campbell,,40616001,,R-1-10,0,4.35,0.23881060339303617
Campbell,,30545023,,MDR,18,25,0.01842725512902749
Campbell,,40606094,,R-1-6,0,7.26,0.2328597791082136
Campbell,,40617062,,R-1-6,0,7.26,0.1443113914208625
Campbell,,40615005,,R-1-8,0,5.45,0.21848394288037215
Campbell,,30523007,,R-1-6,0,7.26,0.15912913166288284
Campbell,,40409021,,R-1-6,0,7.26,0.14002953469490131
Campbell,,40315077,,R-1-9,0,4.84,0.2068199934965281
Campbell,,28819059,,R-1-6,0,7.26,0.2081376725805724
Campbell,,30533044,,R-1-6,0,7.26,0.2138330087556435
Campbell,,40314014,,R-1-9,0,4.84,0.20346984764267936
Campbell,,28824006,,R-1-6,0,7.26,0.19138796998168228
Campbell,,30523084,,R-1-6,0,7.26,0.2311527268710702
Campbell,,40615037,,R-1-8,0,5.45,0.2406249518904093
Campbell,,27936224,,MDR,18,25,0.017564310577677506
Campbell,,41218037,,MHDR,26,33,0.024877379753371596
Campbell,,28812047,,R-1-6,0,7.26,0.155345002706618
Campbell,,30715019,,R-1-6,0,7.26,0.1652638248489979
Campbell,,30523081,,R-1-6,0,7.26,0.22556673941650268
Campbell,,40603039,,R-1-6,0,7.26,0.19419708772232092
Campbell,,40636011,,LMDR,8,16,0.0201387905069533
Campbell,,27922051,,R-1-6,0,7.26,0.25281089342035523
Campbell,,27936326,,MDR,18,25,0.010321342524481445
Campbell,,30748058,,R-1-6,0,7.26,0.15851881007743876
Campbell,,40602010,,R-1-6,0,7.26,0.18405010256243945
Campbell,,27913032,,R-1-6,0,7.26,0.23192789623702179
Campbell,,30715038,,R-1-6,0,7.26,0.14187722224654026
Campbell,,42403030,,R-1-6,0,7.26,0.24011083051123713
Campbell,,42405070,,PO,0,0,0.714014197573692
Campbell,,28823059,,R-1-6,0,7.26,0.20361377784384996
Campbell,,40604057,,R-1-6,0,7.26,0.15279292065574537
Campbell,,40406075,,R-1-6,0,7.26,0.2548098116165733
Campbell,,40624016,,R-1-10,0,4.35,0.2524647075407796
Campbell,,40405054,,R-1-6,0,7.26,0.24338351259085608
Campbell,,40620033,,R-1-10,0,4.35,0.25079228908608814
Campbell,,28810013,,R-1-6,0,7.26,0.23083316066102913
Campbell,,28809073,,R-1-6,0,7.26,0.3235608475261801
Campbell,,27922041,,R-1-6,0,7.26,0.24347164732491336
Campbell,,30531061,,MDR,18,25,1.094394149212937
Campbell,,27923061,,R-1-6,0,7.26,0.21356487364833004
Campbell,,28812024,,R-1-6,0,7.26,0.15884066200336225
Campbell,,40317048,,R-1-9,0,4.84,0.20544963653895065
Campbell,,28809006,,R-1-6,0,7.26,0.23766638160074918
Campbell,,30756040,,R-1-6,0,7.26,0.13775149561977185
Campbell,,40309020,,R-1-6,0,7.26,0.20088748365395367
Campbell,,42404039,,R-1-6,0,7.26,0.19368527806845573
Campbell,,41441039,,MHDR,26,33,0.09536631942799927
Campbell,,30749014,,R-1-6,0,7.26,0.17816076614458645
Campbell,,30742010,,R-1-6,0,7.26,0.15869520241758955
Campbell,,41215007,,MHDR,26,33,0.017815874763847054
Campbell,,40431016,,MDR,18,25,0.25582657804035314
Campbell,,40426011,,R-1-10,0,4.35,0.2881972041887873
Campbell,,41206061,,R-1-6,0,7.26,0.17036563235493812
Campbell,,27939023,,R-1-6,0,7.26,0.23927021812883403
Campbell,,42443031,,MDR,18,25,0.012676937663401118
Campbell,,40342038,,R-1-6,0,7.26,0.14029593274591345
Campbell,,41436012,,LI,0,0,0.5839068061125178
Campbell,,28825066,,R-1-6,0,7.26,0.18521319511465137
Campbell,,40409024,,R-1-6,0,7.26,0.16474887426198528
Campbell,,28825057,,R-1-6,0,7.26,0.18210043243207635
Campbell,,40313051,,R-1-6,0,7.26,0.19790173376466857
Campbell,,40607048,,R-1-6,0,7.26,0.12848741734385702
Campbell,,27929011,,LMDR,8,16,0.17949600710083766
Campbell,,41237038,,R-1-6,0,7.26,0.18093777122538726
Campbell,,40315030,,R-1-9,0,4.84,0.0011777473339632328
Campbell,,30717055,,R-1-6,0,7.26,0.14462897563889884
Campbell,,30739005,,R-1-6,0,7.26,0.184551305894595
Campbell,,30743058,,R-1-6,0,7.26,0.16830847048983907
Campbell,,30519073,,R-1-6,0,7.26,0.2396967895696588
Campbell,,40312062,,R-1-9,0,4.84,0.20047515046808617
Campbell,,40307046,,R-1-6,0,7.26,0.15251696383620345
Campbell,,40624025,,R-1-10,0,4.35,0.2880475582098021
Campbell,,40428011,,R-1-10,0,4.35,0.22821183970591935
Campbell,,40310084,,R-1-6,0,7.26,0.1435347251961086
Campbell,,42404035,,R-1-6,0,7.26,0.1884943135063766
Campbell,,28815051,,R-1-6,0,7.26,0.14911718079324265
Campbell,,27936015,,MDR,18,25,0.010315167407381353
Campbell,,30755021,,R-1-6,0,7.26,0.13797892681606486
Campbell,,40353086,,R-1-6,0,7.26,0.13779297605689814
Campbell,,42403031,,R-1-6,0,7.26,0.22029036448464587
Campbell,,40425032,,R-1-6,0,7.26,0.18522307699633375
Campbell,,30752009,,R-1-6,0,7.26,0.21413754678735422
Campbell,,27936237,,MDR,18,25,0.016414867939727573
Campbell,,41215031,,MHDR,26,33,0.01743951360026621
Campbell,,28807026,,R-1-6,0,7.26,0.31133973686403504
Campbell,,40406050,,R-1-6,0,7.26,0.25042688959723497
Campbell,,40344021,,R-1-6,0,7.26,0.1349687314255213
Campbell,,41240018,,R-1-8,0,5.45,0.32560713399915
Campbell,,28810019,,R-1-6,0,7.26,0.2319257736081223
Campbell,,40406048,,R-1-6,0,7.26,0.2502768509964059
Campbell,,28811062,,GC,0,0,0.7346217989949576
Campbell,,42405065,,R-1-6,0,7.26,0.24370897105906728
Campbell,,41237068,,R-1-6,0,7.26,0.15913553677886727
Campbell,,30753032,,R-1-6,0,7.26,0.1410958413865965
Campbell,,30518022,,R-1-6,0,7.26,0.19327717992858268
Campbell,,40433010,,R-1-6,0,7.26,0.17369027011422405
Campbell,,28816013,,R-1-6,0,7.26,0.23731751711244206
Campbell,,30754022,,R-1-6,0,7.26,0.240163619454541
Campbell,,30743051,,R-1-6,0,7.26,0.15450568830069417
Campbell,,28825033,,R-1-6,0,7.26,0.2173585273913133
Campbell,,30503047,,GC,0,0,0.20923376546143096
Campbell,,40624008,,R-1-10,0,4.35,0.2510719342472568
Campbell,,42405002,,R-1-6,0,7.26,0.19503580548797192
Campbell,,28815028,,R-1-6,0,7.26,0.14395410892507116
Campbell,,30519075,,R-1-6,0,7.26,0.23519172667024235
Campbell,,30754006,,R-1-6,0,7.26,0.1385012742980232
Campbell,,27937047,,R-1-6,0,7.26,0.1860003015492977
Campbell,,41211047,,MHDR,26,33,0.02580597580113327
Campbell,,30519035,,R-1-6,0,7.26,0.23796900123481365
Campbell,,40319074,,R-1-9,0,4.84,0.2875109959885453
Campbell,,28806057,,R-1-6,0,7.26,0.22037877799964462
Campbell,,40348100,,R-1-6,0,7.26,0.18981207687670262
Campbell,,41404009,,NC,0,0,0.37405268314355067
Campbell,,27913028,,R-1-6,0,7.26,0.200335185603099
Campbell,,30539012,,R-1-6,0,7.26,0.14974431440001587
Campbell,,28815031,,R-1-6,0,7.26,0.19353648092944498
Campbell,,40619022,,R-1-8,0,5.45,0.21787914177272882
Campbell,,41235027,,R-1-6,0,7.26,0.2537607486969118
Campbell,,40625014,,LMDR,8,16,0.22095755471471715
Campbell,,28813090,,LMDR,8,16,0.1855161379800668
Campbell,,41238065,,R-1-6,0,7.26,0.1706651315086722
Campbell,,41214024,,MHDR,26,33,0.014938735983455497
Campbell,,27939020,,R-1-6,0,7.26,0.16669785504238768
Campbell,,41401042,,R-1-8,0,5.45,0.1918004890502806
Campbell,,40428018,,R-1-10,0,4.35,0.35125464321936006
Campbell,,27940005,,R-1-6,0,7.26,0.14323885936674768
Campbell,,40636002,,LMDR,8,16,0.016461831289865104
Campbell,,41230033,,LI,0,0,0.36466879007705444
Campbell,,41402048,,R-1-8,0,5.45,0.21120705994989225
Campbell,,30749006,,R-1-6,0,7.26,0.6099343270983965
Campbell,,27920072,,R-1-6,0,7.26,0.13774396786680712
Campbell,,27922029,,R-1-6,0,7.26,0.24092521319434698
Campbell,,40616042,,NC-MU,18,25,0.5063924883347175
Campbell,,41215066,,MHDR,26,33,0.01694101728421715
Campbell,,28819042,,R-1-6,0,7.26,0.20058243797951783
Campbell,,40348070,,R-1-6,0,7.26,0.14863835540486411
Campbell,,30531009,,R-1-6,0,7.26,0.17745062659011981
Campbell,,27919022,,R-1-6,0,7.26,0.13899719137588343
Campbell,,27933052,,TO-MU,57,75,1.8662824691221849
Campbell,,30717006,,R-1-6,0,7.26,0.14052763794592207
Campbell,,28805021,,R-1-6,0,7.26,0.18220400416263413
Campbell,,40622046,,R-1-10,0,4.35,0.25964433625018585
Campbell,,40601007,,R-1-6,0,7.26,0.22384327513411262
Campbell,,27940038,,R-1-6,0,7.26,0.17784271044795932
Campbell,,27923037,,R-1-6,0,7.26,0.2643134923168459
Campbell,,40315063,,R-1-9,0,4.84,0.23056470777225668
Campbell,,40348040,,R-1-6,0,7.26,0.14799323489517485
Campbell,,40601026,,R-1-6,0,7.26,0.13774581320412674
Campbell,,27936022,,MDR,18,25,0.010319715017532788
Campbell,,40318117,,R-1-9,0,4.84,0.2176655566843167
Campbell,,40613042,,LMDR,8,16,0.2325447139324976
Campbell,,28810009,,R-1-6,0,7.26,0.22475535914704936
Campbell,,27946025,,R-1-6,0,7.26,0.1439173222933739
Campbell,,28807008,,R-1-6,0,7.26,0.2308490599371288
Campbell,,40308085,,R-1-6,0,7.26,0.13912247884414874
Campbell,,27923014,,R-1-6,0,7.26,0.22554392714022858
Campbell,,41215044,,MHDR,26,33,0.01736193066646717
Campbell,,30754059,,R-1-6,0,7.26,0.13874985478287696
Campbell,,40314064,,R-1-9,0,4.84,0.23094187048370174
Campbell,,30741019,,R-1-6,0,7.26,0.15277615982079568
Campbell,,27936030,,MDR,18,25,0.010319780285350353
Campbell,,30519001,,MDR,18,25,0.31142979683440414
Campbell,,40316066,,R-1-10,0,4.35,0.13612388928556082
Campbell,,40348010,,R-1-6,0,7.26,0.23147513299763703
Campbell,,27936171,,MDR,18,25,0.0103233180128715
Campbell,,28214051,,R-1-6,0,7.26,0.22080637980245607
Campbell,,40343009,,R-1-6,0,7.26,0.13497730670202665
Campbell,,28816030,,R-1-6,0,7.26,0.2728144762104797
Campbell,,40623036,,R-1-8,0,5.45,0.2651735389134245
Campbell,,30754015,,R-1-6,0,7.26,0.22033896086158156
Campbell,,40344017,,R-1-6,0,7.26,0.1349938906587071
Campbell,,28815048,,R-1-6,0,7.26,0.18331869157816919
Campbell,,41215050,,MHDR,26,33,0.017434749276971917
Campbell,,40346042,,R-1-6,0,7.26,0.21294803079781985
Campbell,,42403028,,R-1-6,0,7.26,0.24168806996898096
Campbell,,41435008,,LMDR,8,16,0.026384614374663943
Campbell,,27936017,,MDR,18,25,0.016417975023018196
Campbell,,41211002,,GC-MU,26,33,0.2911323476210307
Campbell,,28815021,,R-1-6,0,7.26,0.19649340106949473
Campbell,,40407013,,R-1-6,0,7.26,0.1743071632107143
Campbell,,27935017,,R-1-6,0,7.26,0.16143892354118738
Campbell,,40401035,,NC,0,0,0.4927237009821214
Campbell,,40613007,,R-1-6,0,7.26,0.160516293525064
Campbell,,30538046,,MDR,18,25,0.22669401974732276
Campbell,,40343081,,R-1-6,0,7.26,0.13402372185627662
Campbell,,40344067,,R-1-6,0,7.26,0.13774066579361
Campbell,,40408047,,R-1-6,0,7.26,0.14531540887339475
Campbell,,40353072,,R-1-6,0,7.26,0.12211996060884434
Campbell,,28816038,,R-1-6,0,7.26,0.1944184061337478
Campbell,,30742026,,R-1-6,0,7.26,0.1423372403687639
Campbell,,30524033,,R-1-6,0,7.26,0.16068933707078292
Campbell,,40606089,,R-1-6,0,7.26,0.15479010232977042
Campbell,,42439023,,LI,0,0,5.366505248588857
Campbell,,40308018,,R-1-6,0,7.26,0.1401575956886041
Campbell,,40620026,,R-1-10,0,4.35,0.3307978471094341
Campbell,,30715007,,R-1-6,0,7.26,0.14733840858015917
Campbell,,40430006,,R-1-16,0,2.72,0.4366872414981727
Campbell,,30717056,,R-1-6,0,7.26,0.1446136752251414
Campbell,,30715014,,R-1-6,0,7.26,0.1456477613577776
Campbell,,30750074,,CC-MU,45,60,0.4193949807403147
Campbell,,40348080,,R-1-6,0,7.26,0.14419868599617572
Campbell,,41211054,,MHDR,26,33,0.026212228489386393
Campbell,,42433056,,RD,0,0,0.5608091263552822
Campbell,,40617028,,R-1-6,0,7.26,0.1542767867811128
Campbell,,40636016,,LMDR,8,16,0.01921909851811527
Campbell,,41211053,,MHDR,26,33,0.026212228489386393
Campbell,,30753066,,R-1-6,0,7.26,0.1396479094834002
Campbell,,40317026,,R-1-9,0,4.84,0.2203593494813103
Campbell,,27933017,,R-1-6,0,7.26,0.17768613937860672
Campbell,,40308050,,R-1-6,0,7.26,0.13534754570203658
Campbell,,41401051,,R-1-8,0,5.45,0.15973709152273005
Campbell,,40424052,,R-1-6,0,7.26,0.15940393533000008
Campbell,,28809083,,R-1-6,0,7.26,0.19856347656045897
Campbell,,28216042,,LMDR,8,16,0.03250882516656843
Campbell,,41239019,,R-1-8,0,5.45,0.3440200536160884
Campbell,,30520030,,R-1-6,0,7.26,0.1545338363397538
Campbell,,30531012,,R-1-6,0,7.26,0.18766269930487212
Campbell,,28823054,,R-1-6,0,7.26,0.22109069446170482
Campbell,,40317007,,R-1-9,0,4.84,0.19739734358863745
Campbell,,30538032,,MDR,18,25,0.23569995372275032
Campbell,,30523064,,R-1-6,0,7.26,0.21729558732559506
Campbell,,30554009,,MDR,18,25,0.012496637439680469
Campbell,,40316056,,R-1-10,0,4.35,0.6268864507674089
Campbell,,30743003,,R-1-6,0,7.26,0.1602878934886754
Campbell,,28809074,,R-1-6,0,7.26,0.35130082477957264
Campbell,,40613073,,R-1-6,0,7.26,0.1443989633213612
Campbell,,41402062,,R-1-8,0,5.45,0.21334996388900482
Campbell,,30708007,,R-1-6,0,7.26,0.1469590360848996
Campbell,,30755042,,R-1-6,0,7.26,0.14085140653402828
Campbell,,28809049,,R-1-6,0,7.26,0.18796876196218795
Campbell,,42404049,,R-1-6,0,7.26,0.21245628049864398
Campbell,,40343018,,R-1-6,0,7.26,0.13498108766768502
Campbell,,41401018,,R-1-8,0,5.45,0.18925782674850689
Campbell,,40603041,,R-1-6,0,7.26,0.3105615820842037
Campbell,,40319131,,ROW,0,0,1.9232599281703935
Campbell,,40613050,,LMDR,8,16,0.17542161606402148
Campbell,,40343083,,R-1-6,0,7.26,0.15619495561962965
Campbell,,40425079,,R-1-6,0,7.26,0.19406265625753666
Campbell,,40604005,,R-1-6,0,7.26,0.137744902781473
Campbell,,28815024,,R-1-6,0,7.26,0.15226354167140232
Campbell,,27936334,,MDR,18,25,0.010323318019944131
Campbell,,40348083,,R-1-6,0,7.26,0.16622619728843607
Campbell,,40602005,,R-1-6,0,7.26,0.14178909452286378
Campbell,,30755025,,R-1-6,0,7.26,0.14432635764523208
Campbell,,30741007,,R-1-6,0,7.26,0.14222897766836987
Campbell,,40602012,,R-1-6,0,7.26,0.19069877200098484
Campbell,,40607038,,R-1-6,0,7.26,0.13161825645111286
Campbell,,30707043,,R-1-6,0,7.26,0.14064131761885698
Campbell,,30522016,,R-1-6,0,7.26,0.16772765940864182
Campbell,,41439010,,LMDR,8,16,0.22894349824940347
Campbell,,42405028,,R-1-6,0,7.26,0.2157149730566537
Campbell,,27936143,,MDR,18,25,0.010327047147673974
Campbell,,40622060,,R-1-10,0,4.35,0.22560823267905888
Campbell,,28813087,,R-1-6,0,7.26,0.26428829569083157
Campbell,,41215029,,MHDR,26,33,0.01727710277834479
Campbell,,41402042,,R-1-8,0,5.45,0.20825189396617497
Campbell,,40353063,,R-1-6,0,7.26,0.18291506324613188
Campbell,,41214011,,MHDR,26,33,0.014969437158562294
Campbell,,40614017,,R-1-8,0,5.45,0.32440948597486824
Campbell,,40408043,,R-1-6,0,7.26,0.1631567331140564
Campbell,,41401020,,R-1-8,0,5.45,0.1918722062022498
Campbell,,30717034,,R-1-6,0,7.26,0.27375910876709064
Campbell,,40429024,,R-1-10,0,4.35,0.3462327604526498
Campbell,,40433013,,R-1-6,0,7.26,0.14163559346988444
Campbell,,30742019,,R-1-6,0,7.26,0.15454150414225648
Campbell,,30752024,,R-1-6,0,7.26,0.2416802246579535
Campbell,,40622018,,R-1-10,0,4.35,0.20050556782102885
Campbell,,40614037,,R-1-8,0,5.45,0.18545226137278673
Campbell,,41433009,,R-1-6,0,7.26,0.2300942628561733
Campbell,,30750040,,R-1-6,0,7.26,0.1348458845370753
Campbell,,42405048,,R-1-6,0,7.26,0.2348905236996051
Campbell,,30538012,,MDR,18,25,0.18947013082993994
Campbell,,40430010,,R-1-16,0,2.72,0.43726982591483093
Campbell,,30534035,,R-1-6,0,7.26,0.2533608776828517
Campbell,,27923051,,R-1-6,0,7.26,0.21977630753838462
Campbell,,28815077,,R-1-6,0,7.26,0.16749962159822393
Campbell,,28825023,,R-1-6,0,7.26,0.1821008607979567
Campbell,,27937059,,PO,0,0,0.16909589055650776
Campbell,,27936181,,MDR,18,25,0.01641320960941759
Campbell,,40313009,,R-1-9,0,4.84,0.26523835846849897
Campbell,,30749028,,R-1-6,0,7.26,0.14369101599838788
Campbell,,40430073,,MDR,18,25,0.2443224581317029
Campbell,,28818031,,R-1-6,0,7.26,0.42242595137624495
Campbell,,40601052,,R-1-6,0,7.26,0.2163547163905557
Campbell,,30747041,,MDR,18,25,0.05684790913372504
Campbell,,27913034,,R-1-6,0,7.26,0.18910606376146064
Campbell,,30534007,,R-1-6,0,7.26,0.29901119486433997
Campbell,,40317011,,R-1-9,0,4.84,0.21226455286917034
Campbell,,40336059,,MDR,18,25,0.2247011016525321
Campbell,,30708024,,R-1-6,0,7.26,0.1466140933691429
Campbell,,30523095,,R-1-6,0,7.26,0.21159236413642094
Campbell,,41211057,,MHDR,26,33,0.020829879174331524
Campbell,,40319083,,R-1-9,0,4.84,0.21911673671004528
Campbell,,41239015,,R-1-8,0,5.45,0.2045152072747591
Campbell,,40401005,,MDR,18,25,0.21745104109425734
Campbell,,30751021,,R-1-6,0,7.26,0.15593436573829444
Campbell,,41216001,,MHDR,26,33,2.10244826446765
Campbell,,40348060,,R-1-6,0,7.26,0.14998896951389126
Campbell,,40433058,,R-1-6,0,7.26,0.17301196444921751
Campbell,,28817027,,R-1-6,0,7.26,0.34265396319999686
Campbell,,27927053,,R-1-6,0,7.26,0.1846992800122725
Campbell,,30748010,,R-1-6,0,7.26,0.15166041782266132
Campbell,,40604065,,R-1-6,0,7.26,0.19313756386568703
Campbell,,40604003,,R-1-6,0,7.26,0.1377487703153706
Campbell,,27936079,,MDR,18,25,0.010322996038243264
Campbell,,28813064,,R-1-6,0,7.26,0.16621131352464424
Campbell,,41207025,,CB-MU,26,33,0.06889425053924846
Campbell,,41435001,,LMDR,8,16,0.02638563587297615
Campbell,,42404047,,R-1-6,0,7.26,0.18508785145029139
Campbell,,41441031,,MHDR,26,33,0.13756579329135019
Campbell,,30748037,,R-1-6,0,7.26,0.1352097877417047
Campbell,,40606025,,R-1-6,0,7.26,0.14266573057583662
Campbell,,42403022,,R-1-6,0,7.26,0.1908889397221262
Campbell,,41238049,,R-1-6,0,7.26,0.22198757617749906
Campbell,,30756029,,R-1-6,0,7.26,0.17187497034986945
Campbell,,40616002,,R-1-10,0,4.35,0.24447298559097003
Campbell,,28813072,,R-1-6,0,7.26,0.1643872319472108
Campbell,,40313110,,R-1-9,0,4.84,0.14037823458915802
Campbell,,27936327,,MDR,18,25,0.010324454202078885
Campbell,,41211020,,MHDR,26,33,0.019399243922314742
Campbell,,40605023,,R-1-6,0,7.26,0.12900341312585872
Campbell,,40406023,,R-1-6,0,7.26,0.2625623683177767
Campbell,,30520015,,MDR,18,25,0.1426950658903692
Campbell,,28824036,,R-1-6,0,7.26,0.1904339116117697
Campbell,,40408006,,R-1-6,0,7.26,0.17562752319586955
Campbell,,27936098,,MDR,18,25,0.010327349990905734
Campbell,,27936214,,MDR,18,25,0.01032398073092922
Campbell,,30533051,,R-1-6,0,7.26,0.1815278570326412
Campbell,,27937094,,R-1-6,0,7.26,0.16908772695072524
Campbell,,40312101,,R-1-9,0,4.84,0.2771593390570498
Campbell,,27939054,,R-1-6,0,7.26,0.1923127669926324
Campbell,,40343004,,R-1-6,0,7.26,0.1407211983263826
Campbell,,28814033,,R-1-6,0,7.26,0.22821787317992154
Campbell,,40346011,,R-1-6,0,7.26,0.19873297617827776
Campbell,,28808015,,R-1-6,0,7.26,0.23215856867642162
Campbell,,41404020,,R-1-8,0,5.45,0.21640268705666027
Campbell,,28815040,,R-1-6,0,7.26,0.20084547371573278
Campbell,,41207039,,CB-MU,26,33,0.21830274546383743
Campbell,,42443015,,MDR,18,25,0.012408810281685742
Campbell,,40614012,,R-1-8,0,5.45,0.18056486989938267
Campbell,,30740022,,R-1-6,0,7.26,0.14058329988840143
Campbell,,30708012,,R-1-6,0,7.26,0.14733101809412727
Campbell,,40604046,,R-1-6,0,7.26,0.19628745810063664
Campbell,,28818022,,R-1-6,0,7.26,0.1743539575278244
Campbell,,40308025,,R-1-6,0,7.26,0.14677197820261573
Campbell,,30707068,,R-1-6,0,7.26,0.13622908075582402
Campbell,,28812013,,R-1-6,0,7.26,0.15981279373757878
Campbell,,27927029,,R-1-6,0,7.26,0.20644354629972975
Campbell,,40348076,,R-1-6,0,7.26,0.1442171221278793
Campbell,,41402050,,R-1-8,0,5.45,0.19957526223230973
Campbell,,27919011,,R-1-6,0,7.26,0.1398436854487213
Campbell,,30524054,,R-1-6,0,7.26,0.13939955735847032
Campbell,,30717007,,R-1-6,0,7.26,0.14054920387806108
Campbell,,27936074,,MDR,18,25,0.010325567478523968
Campbell,,40604048,,R-1-6,0,7.26,0.13973957471979734
Campbell,,40401013,,MDR,18,25,0.19698187305832976
Campbell,,41402061,,R-1-8,0,5.45,0.21018615490187295
Campbell,,41204040,,PF,0,0,0.5819027365196967
Campbell,,27936108,,MDR,18,25,0.017561367172591318
Campbell,,28807001,,R-1-6,0,7.26,0.27137278830362294
Campbell,,41228028,,MHDR,26,33,0.02430797362233281
Campbell,,40604021,,R-1-6,0,7.26,0.20697745309999702
Campbell,,41435038,,LMDR,8,16,0.018699354390137493
Campbell,,28813016,,R-1-6,0,7.26,0.17913435560724578
Campbell,,30749021,,R-1-6,0,7.26,0.14177102452504517
Campbell,,27920031,,R-1-6,0,7.26,0.13912746896455616
Campbell,,40353098,,R-1-6,0,7.26,0.13969949074882138
Campbell,,30539038,,R-1-6,0,7.26,0.16931718242852437
Campbell,,40431029,,MDR,18,25,0.2557571785066706
Campbell,,40409013,,R-1-6,0,7.26,0.15763796002278024
Campbell,,41241019,,R-1-8,0,5.45,0.30447094533017044
Campbell,,40623012,,R-1-8,0,5.45,0.22151874676921104
Campbell,,30739022,,LMDR,8,16,0.16079182191117988
Campbell,,40316019,,R-1-10,0,4.35,0.4235864738524841
Campbell,,30531024,,PO,0,0,0.17496937108712385
Campbell,,27922022,,R-1-6,0,7.26,0.23987701944389317
Campbell,,41239038,,R-1-8,0,5.45,0.22665464444250064
Campbell,,40617063,,R-1-6,0,7.26,0.15555668060518876
Campbell,,40430022,,R-1-10,0,4.35,0.22228140968099674
Campbell,,28816029,,R-1-6,0,7.26,0.23975982401966708
Campbell,,40313121,,R-1-9,0,4.84,0.17629977407919803
Campbell,,28814010,,R-1-6,0,7.26,0.21632848329805018
Campbell,,40310134,,R-1-6,0,7.26,0.16181446721742265
Campbell,,30523065,,R-1-6,0,7.26,0.21741355767106937
Campbell,,41239045,,R-1-8,0,5.45,0.19848459770512197
Campbell,,40344018,,R-1-6,0,7.26,0.13723491250788036
Campbell,,41241011,,R-1-8,0,5.45,0.24178680446776338
Campbell,,27921028,,R-1-6,0,7.26,0.14310569359342232
Campbell,,40308054,,R-1-6,0,7.26,0.15218871356446168
Campbell,,41404038,,R-1-8,0,5.45,0.24055573144543407
Campbell,,41230036,,LI,0,0,0.4538116101158688
Campbell,,28823063,,R-1-6,0,7.26,0.20636629983221033
Campbell,,30756057,,R-1-6,0,7.26,0.17239883128757416
Campbell,,30718019,,R-1-6,0,7.26,0.16551682924996405
Campbell,,41239054,,R-1-8,0,5.45,0.20087697844585867
Campbell,,40430042,,R-1-10,0,4.35,0.23390701123480384
Campbell,,27929033,,GC,0,0,0.3475218805517082
Campbell,,28824001,,R-1-6,0,7.26,0.18192184512379217
Campbell,,27919015,,R-1-6,0,7.26,0.1441839408892812
Campbell,,40344026,,R-1-6,0,7.26,0.13431034335309977
Campbell,,42404037,,R-1-6,0,7.26,0.19269957757596484
Campbell,,40625033,,R-1-10,0,4.35,0.36901522254397745
Campbell,,40313107,,R-1-9,0,4.84,0.1336526998493489
Campbell,,28806019,,R-1-6,0,7.26,0.2304126241118812
Campbell,,41230008,,MHDR,26,33,0.18429341109901168
Campbell,,27936023,,MDR,18,25,0.01032170541011359
Campbell,,27944009,,R-1-6,0,7.26,0.18875993676724392
Campbell,,28824047,,PO,0,0,0.45213684048323893
Campbell,,42403023,,R-1-6,0,7.26,0.19078967312656317
Campbell,,40430016,,R-1-10,0,4.35,0.2973083257848713
Campbell,,40313053,,R-1-6,0,7.26,0.1500674691366834
Campbell,,42433104,,RD,0,0,1.437786204932441
Campbell,,42439005,,LI,0,0,0.3047277391524448
Campbell,,40353101,,R-1-6,0,7.26,0.14430741640358838
Campbell,,41214012,,MHDR,26,33,0.015929113317267814
Campbell,,30755011,,R-1-6,0,7.26,0.13517906435317897
Campbell,,40601006,,R-1-6,0,7.26,0.22382710788094007
Campbell,,30520018,,R-1-6,0,7.26,0.2382563673387197
Campbell,,40606088,,R-1-6,0,7.26,0.1783065037822876
Campbell,,30519065,,R-1-6,0,7.26,0.2446571340834287
Campbell,,41238021,,R-1-6,0,7.26,0.2238646556287149
Campbell,,28813066,,R-1-6,0,7.26,0.16561175293019745
Campbell,,28811033,,LMDR,8,16,0.14219125216359285
Campbell,,41401011,,R-1-8,0,5.45,0.21781181649263115
Campbell,,27922045,,R-1-6,0,7.26,0.23874727891103603
Campbell,,40636009,,LMDR,8,16,0.01726413904613977
Campbell,,30743042,,R-1-6,0,7.26,0.1554295122647031
Campbell,,40619004,,R-1-8,0,5.45,0.2076810994314243
Campbell,,27937036,,R-1-6,0,7.26,0.19490274877048389
Campbell,,40617034,,R-1-6,0,7.26,0.14069333338393536
Campbell,,40625034,,R-1-10,0,4.35,0.3596233588982469
Campbell,,40308060,,R-1-6,0,7.26,0.14032096553908416
Campbell,,30504018,,R-1-6,0,7.26,0.2128338872903592
Campbell,,40425042,,R-1-6,0,7.26,0.27888984954288953
Campbell,,41401056,,R-1-8,0,5.45,0.23275526060919494
Campbell,,27938002,,LMDR,8,16,0.21104254495975225
Campbell,,30755017,,R-1-6,0,7.26,0.15820437593503028
Campbell,,40308035,,R-1-6,0,7.26,0.1570607841368156
Campbell,,27922024,,R-1-6,0,7.26,0.24018723993750712
Campbell,,41237023,,R-1-6,0,7.26,0.14630474784674116
Campbell,,40316036,,R-1-10,0,4.35,0.24351022220476448
Campbell,,30754014,,R-1-6,0,7.26,0.23477721815893252
Campbell,,40612072,,R-1-6,0,7.26,0.1365524566530047
Campbell,,41238078,,R-1-6,0,7.26,0.14356366785700933
Campbell,,27940059,,LMDR,8,16,0.022209385993441008
Campbell,,40343065,,R-1-6,0,7.26,0.13774600311216634
Campbell,,30708028,,R-1-6,0,7.26,0.1635571218085638
Campbell,,40618022,,R-1-6,0,7.26,0.1402586622348464
Campbell,,41434010,,R-1-6,0,7.26,0.20287323255342812
Campbell,,40601014,,R-1-6,0,7.26,0.1395451452570012
Campbell,,40317018,,R-1-9,0,4.84,0.21046828974927265
Campbell,,28809092,,R-1-6,0,7.26,0.2207369530547023
Campbell,,40408034,,R-1-6,0,7.26,0.14584517651464304
Campbell,,27922046,,R-1-6,0,7.26,0.23875468309789022
Campbell,,40431032,,MDR,18,25,0.2084119666451755
Campbell,,30714024,,R-1-6,0,7.26,0.14618819341057163
Campbell,,41434021,,R-1-6,0,7.26,0.26449437177681295
Campbell,,40343057,,R-1-6,0,7.26,0.14358264374495142
Campbell,,40433044,,R-1-6,0,7.26,0.14677445513251944
Campbell,,40622015,,R-1-10,0,4.35,0.31221820823237967
Campbell,,30518018,,R-1-6,0,7.26,0.3249648839858904
Campbell,,41218049,,MHDR,26,33,0.019368017241193084
Campbell,,40606095,,R-1-6,0,7.26,0.2557437056992448
Campbell,,40618027,,R-1-6,0,7.26,0.14050136508012806
Campbell,,27921048,,R-1-6,0,7.26,0.17950253657024753
Campbell,,41401010,,R-1-8,0,5.45,0.21445674478106586
Campbell,,40312106,,R-1-9,0,4.84,0.2953063943453606
Campbell,,28806021,,R-1-6,0,7.26,0.22755713067923367
Campbell,,40408061,,R-1-6,0,7.26,0.15526830417500076
Campbell,,27937032,,R-1-6,0,7.26,0.1840331255138726
Campbell,,40342031,,R-1-6,0,7.26,0.18345140163850765
Campbell,,42403020,,R-1-6,0,7.26,0.20543428155613289
Campbell,,40619002,,R-1-8,0,5.45,0.21378732839872885
Campbell,,30533072,,R-1-6,0,7.26,0.2437912309998863
Campbell,,30741011,,R-1-6,0,7.26,0.15073120480912
Campbell,,40308030,,R-1-6,0,7.26,0.13502117906055636
Campbell,,30717051,,R-1-6,0,7.26,0.18286762318545832
Campbell,,40617056,,R-1-6,0,7.26,0.13936354470378223
Campbell,,40615014,,R-1-8,0,5.45,0.18472525008632276
Campbell,,30718017,,R-1-6,0,7.26,0.15980684794543595
Campbell,,41238064,,R-1-6,0,7.26,0.17012226427983532
Campbell,,40308040,,R-1-6,0,7.26,0.1372092721019353
Campbell,,27937050,,R-1-6,0,7.26,0.18602914914624172
Campbell,,40309087,,LMDR,8,16,0.14724246540992364
Campbell,,40424027,,R-1-6,0,7.26,0.14690106469446937
Campbell,,30539034,,R-1-6,0,7.26,0.14708353923364545
Campbell,,27936307,,MDR,18,25,0.010327569180821793
Campbell,,28812088,,R-1-6,0,7.26,0.37248518231106686
Campbell,,40406025,,R-1-6,0,7.26,0.29503171434296555
Campbell,,40606034,,R-1-6,0,7.26,0.3358855497711382
Campbell,,41239034,,R-1-8,0,5.45,0.22142573720858122
Campbell,,41441046,,MHDR,26,33,0.09536631942799927
Campbell,,41435011,,LMDR,8,16,0.02637560844110552
Campbell,,41444015,,R-1-6,0,7.26,0.18219389864454857
Campbell,,28808038,,R-1-6,0,7.26,0.22439318356749327
Campbell,,27941039,,CB-MU,26,33,0.19214113664619112
Campbell,,30747007,,MDR,18,25,0.23493843265770387
Campbell,,41231005,,LI,0,0,0.4274292687000687
Campbell,,28806049,,R-1-6,0,7.26,0.18537975130886214
Campbell,,30750041,,R-1-6,0,7.26,0.14291594930544227
Campbell,,28817013,,R-1-6,0,7.26,0.26799444642026665
Campbell,,30753056,,R-1-6,0,7.26,0.1415796030037889
Campbell,,40618040,,R-1-6,0,7.26,0.13688458758126018
Campbell,,41214020,,MHDR,26,33,0.013502279787983431
Campbell,,28809076,,R-1-6,0,7.26,0.3121953806603657
Campbell,,40353100,,R-1-6,0,7.26,0.13979359443841335
Campbell,,27936236,,MDR,18,25,0.017561933829786526
Campbell,,27946030,,R-1-6,0,7.26,0.14502666057128186
Campbell,,40606061,,R-1-6,0,7.26,0.33917533187442017
Campbell,,40344065,,R-1-6,0,7.26,0.13310602730879847
Campbell,,41209002,,CC-MU,45,60,0.18540610530039428
Campbell,,40613001,,R-1-6,0,7.26,0.1459929234219483
Campbell,,28815047,,R-1-6,0,7.26,0.17838963180292533
Campbell,,40613011,,R-1-6,0,7.26,0.14312343253412618
Campbell,,40318022,,R-1-9,0,4.84,0.16701460224701747
Campbell,,30708011,,R-1-6,0,7.26,0.14724814369103548
Campbell,,30748023,,R-1-6,0,7.26,0.14605865464911022
Campbell,,28815038,,R-1-6,0,7.26,0.2009983974490671
Campbell,,40601005,,R-1-6,0,7.26,0.2233753701487143
Campbell,,40346051,,R-1-6,0,7.26,0.23870612271850666
Campbell,,28815043,,R-1-6,0,7.26,0.17716112764082817
Campbell,,30714025,,R-1-6,0,7.26,0.14201202619111675
Campbell,,41441013,,MHDR,26,33,0.08199115572980697
Campbell,,40316031,,R-1-10,0,4.35,0.2397485245477244
Campbell,,40343042,,R-1-6,0,7.26,0.13972396747602134
Campbell,,27936289,,MDR,18,25,0.016413858122596717
Campbell,,40314057,,R-1-9,0,4.84,0.17607294219511524
Campbell,,41401009,,R-1-8,0,5.45,0.210158624990374
Campbell,,40604024,,R-1-6,0,7.26,0.16393290754088252
Campbell,,40429045,,R-1-16,0,2.72,0.3687571370344519
Campbell,,40426042,,R-1-10,0,4.35,0.3084786002332092
Campbell,,28225001,,TO-MU,57,75,1.1399061884280195
Campbell,,41209019,,CC-MU,45,60,0.14615999063332086
Campbell,,28825071,,R-1-6,0,7.26,0.18521325481290252
Campbell,,40314017,,R-1-9,0,4.84,0.3226161657458018
Campbell,,30538044,,MDR,18,25,0.22851971998549828
Campbell,,40310132,,R-1-6,0,7.26,0.15364253116634616
Campbell,,41402045,,R-1-8,0,5.45,0.21125356048378463
Campbell,,40424003,,R-1-6,0,7.26,0.15580915586941058
Campbell,,40429044,,R-1-16,0,2.72,0.47114806334630943
Campbell,,28824045,,R-1-6,0,7.26,0.2081285203395105
Campbell,,28818023,,R-1-6,0,7.26,0.20753544884578573
Campbell,,41241039,,NC,0,0,0.07396591723783374
Campbell,,40309005,,R-1-6,0,7.26,0.27568740000738173
Campbell,,27935018,,R-1-6,0,7.26,0.1614262229872247
Campbell,,40607003,,R-1-6,0,7.26,0.23617988525078729
Campbell,,30748046,,R-1-6,0,7.26,0.15304737085818038
Campbell,,40602056,,R-1-6,0,7.26,0.28956767615526513
Campbell,,40348018,,R-1-6,0,7.26,0.14414567513170876
Campbell,,28814049,,R-1-6,0,7.26,0.2127659058244489
Campbell,,30742038,,R-1-6,0,7.26,0.13361614021167392
Campbell,,28805017,,R-1-6,0,7.26,0.19332240452016747
Campbell,,30750049,,R-1-6,0,7.26,0.18459520050821504
Campbell,,27929005,,LMDR,8,16,0.18057993850631202
Campbell,,30522024,,R-1-6,0,7.26,0.22239716409003904
Campbell,,40428006,,R-1-16,0,2.72,0.4165138857738101
Campbell,,40406062,,R-1-6,0,7.26,0.24493393416148265
Campbell,,40308084,,R-1-6,0,7.26,0.13886709421741827
Campbell,,30748054,,R-1-6,0,7.26,0.14182764927279132
Campbell,,40348054,,R-1-6,0,7.26,0.14687930676057293
Campbell,,40336028,,MDR,18,25,0.1846816978259136
Campbell,,40433030,,R-1-6,0,7.26,0.17375111483956504
Campbell,,42403008,,R-1-6,0,7.26,0.26128976612303534
Campbell,,42401099,,LI,0,0,0.19805965433825798
Campbell,,27922049,,R-1-6,0,7.26,0.2387599980815573
Campbell,,30524027,,R-1-6,0,7.26,0.16473017027818052
Campbell,,30522037,,MHDR,26,33,1.055770367123366
Campbell,,28819048,,R-1-6,0,7.26,0.2770115915506643
Campbell,,28809010,,R-1-6,0,7.26,0.23674520964802917
Campbell,,30539046,,R-1-6,0,7.26,0.14035374419055957
Campbell,,40612064,,R-1-6,0,7.26,0.13947582314597268
Campbell,,41241006,,R-1-8,0,5.45,0.21574266725024202
Campbell,,28810061,,LMDR,8,16,0.19632015200124844
Campbell,,40613071,,R-1-6,0,7.26,0.1715752356888089
Campbell,,30750043,,R-1-6,0,7.26,0.14236121576027475
Campbell,,40617022,,R-1-6,0,7.26,0.18061253703219762
Campbell,,27936257,,MDR,18,25,0.016419796044980377
Campbell,,30519076,,R-1-6,0,7.26,0.24609745946902115
Campbell,,28813026,,R-1-6,0,7.26,0.17096758347783803
Campbell,,27936099,,MDR,18,25,0.010323582278289356
Campbell,,40407003,,R-1-6,0,7.26,0.17105120528906298
Campbell,,28808026,,R-1-6,0,7.26,0.19321989350934285
Campbell,,41241012,,R-1-8,0,5.45,0.31554009815025724
Campbell,,40625020,,R-1-10,0,4.35,0.20532990567936785
Campbell,,40315053,,R-1-9,0,4.84,0.27456562594201606
Campbell,,28808019,,NC,0,0,0.26620249349596775
Campbell,,42405060,,R-1-6,0,7.26,0.1918728610924688
Campbell,,41238066,,R-1-6,0,7.26,0.15639076085414513
Campbell,,41209017,,CC-MU,45,60,0.09648705599788304
Campbell,,40605040,,R-1-6,0,7.26,0.14104394723216104
Campbell,,27936135,,MDR,18,25,0.010323318012871499
Campbell,,40348065,,R-1-6,0,7.26,0.1789727903921519
Campbell,,27930030,,R-1-6,0,7.26,0.30357163980568624
Campbell,,27913030,,R-1-6,0,7.26,0.19558609757178327
Campbell,,41402041,,R-1-8,0,5.45,0.2120415543587649
Campbell,,30539026,,R-1-6,0,7.26,0.1690236193263179
Campbell,,40312080,,R-1-9,0,4.84,0.1408615998705238
Campbell,,40614008,,R-1-8,0,5.45,0.16925225003343294
Campbell,,28807010,,R-1-6,0,7.26,0.22995514634912606
Campbell,,40609017,,GC,0,0,0.41456686851074326
Campbell,,40614001,,R-1-8,0,5.45,0.1787230569083295
Campbell,,40623020,,R-1-8,0,5.45,0.228506425191745
Campbell,,40314012,,R-1-9,0,4.84,0.1942473576955243
Campbell,,30519025,,R-1-6,0,7.26,0.2886763179250491
Campbell,,40348096,,R-1-6,0,7.26,0.24813924198626955
Campbell,,28816015,,R-1-6,0,7.26,0.2598884249744246
Campbell,,40616034,,R-1-10,0,4.35,0.20337771356969706
Campbell,,27919021,,R-1-6,0,7.26,0.139072814007687
Campbell,,40302049,,NC,0,0,4.67083329888673
Campbell,,27923045,,R-1-6,0,7.26,0.25744533618763327
Campbell,,41441027,,MHDR,26,33,0.13756579329135019
Campbell,,40619049,,R-1-8,0,5.45,0.2735759307625892
Campbell,,41204053,,R-1-6,0,7.26,0.17270697803208362
Campbell,,40315056,,R-1-9,0,4.84,0.20683888232096492
Campbell,,30518049,,R-1-6,0,7.26,0.1617112246616497
Campbell,,42433092,,RD,0,0,1.1937617707977408
Campbell,,27936283,,MDR,18,25,0.010322452635093501
Campbell,,40425048,,R-1-6,0,7.26,0.2098607999666499
Campbell,,28809008,,R-1-6,0,7.26,0.23718206501856542
Campbell,,40343033,,R-1-6,0,7.26,0.15371550226274988
Campbell,,42443012,,MDR,18,25,0.012665960646365965
Campbell,,27920078,,R-1-6,0,7.26,0.14342541220018162
Campbell,,40318054,,R-1-9,0,4.84,0.2915012899534473
Campbell,,41434035,,R-1-6,0,7.26,0.386011602851089
Campbell,,30708055,,R-1-6,0,7.26,0.13781386672430698
Campbell,,30519034,,R-1-6,0,7.26,0.22570681727274203
Campbell,,40607017,,R-1-6,0,7.26,0.1482956980216033
Campbell,,40348048,,R-1-6,0,7.26,0.1641109681985339
Campbell,,27929003,,LMDR,8,16,0.23702940546511247
Campbell,,40425034,,R-1-6,0,7.26,0.21398457902395354
Campbell,,28825040,,R-1-6,0,7.26,0.2337008381612066
Campbell,,28824026,,R-1-6,0,7.26,0.17388228454341056
Campbell,,30538001,,MDR,18,25,0.1835948821961459
Campbell,,28815076,,R-1-6,0,7.26,0.15089153087247534
Campbell,,28817008,,R-1-6,0,7.26,0.27346681053250615
Campbell,,42433072,,ROW,0,0,0.6315017763308416
Campbell,,30751030,,R-1-6,0,7.26,0.141599862069746
Campbell,,40353048,,R-1-6,0,7.26,0.1737785034812013
Campbell,,28824027,,R-1-6,0,7.26,0.18803882806288935
Campbell,,40424064,,R-1-6,0,7.26,0.1726673628573978
Campbell,,41241020,,R-1-8,0,5.45,0.22983072586702913
Campbell,,27922002,,R-1-6,0,7.26,0.22381822172668414
Campbell,,30534030,,R-1-6,0,7.26,0.3650767034287476
Campbell,,40313136,,R-1-6,0,7.26,0.15572173369088654
Campbell,,40426026,,R-1-6,0,7.26,0.14542891991417403
Campbell,,30523038,,R-1-6,0,7.26,0.2731077290322525
Campbell,,40348037,,R-1-6,0,7.26,0.23113269906426004
Campbell,,30524060,,R-1-6,0,7.26,0.1973063816536658
Campbell,,30748031,,R-1-6,0,7.26,0.14144957818722897
Campbell,,40612092,,R-1-6,0,7.26,0.12758637323493593
Campbell,,41435032,,LMDR,8,16,0.017928451522825493
Campbell,,27936177,,MDR,18,25,0.01641578292511781
Campbell,,27936027,,MDR,18,25,0.010320276696026197
Campbell,,40430009,,R-1-16,0,2.72,0.43692907308920303
Campbell,,41218019,,MHDR,26,33,0.019360119452605105
Campbell,,40614060,,R-1-8,0,5.45,0.3050440638385903
Campbell,,41433020,,R-1-6,0,7.26,0.19937241017298118
Campbell,,40601031,,R-1-6,0,7.26,0.15741757990431623
Campbell,,27936310,,MDR,18,25,0.010327413400920497
Campbell,,27919016,,R-1-6,0,7.26,0.139442120744615
Campbell,,40348056,,R-1-6,0,7.26,0.16428759205084592
Campbell,,27936136,,MDR,18,25,0.017561678620517572
Campbell,,28810066,,R-1-6,0,7.26,0.1640443388566366
Campbell,,40619018,,R-1-8,0,5.45,0.1981470334011183
Campbell,,41433034,,R-1-6,0,7.26,0.2172069889681982
Campbell,,30715065,,R-1-6,0,7.26,0.14186702433861118
Campbell,,28823062,,R-1-6,0,7.26,0.20015271789181557
Campbell,,30750021,,R-1-6,0,7.26,0.14551701522189464
Campbell,,40601020,,R-1-6,0,7.26,0.2846150695026973
Campbell,,41212025,,MHDR,26,33,0.18631311346796608
Campbell,,30753084,,R-1-6,0,7.26,0.1591855769090031
Campbell,,41405051,,R-1-8,0,5.45,0.18691147759940746
Campbell,,40336063,,MDR,18,25,0.1980252477421565
Campbell,,30715015,,R-1-6,0,7.26,0.14602194027228255
Campbell,,40605029,,R-1-6,0,7.26,0.1588196337981896
Campbell,,41438090,,R-1-6,0,7.26,0.13988690378039548
Campbell,,40618023,,R-1-6,0,7.26,0.14010043319370918
Campbell,,40607041,,R-1-6,0,7.26,0.1327091759672785
Campbell,,40606090,,R-1-6,0,7.26,0.16394826315430824
Campbell,,27940061,,LMDR,8,16,0.022870677628708112
Campbell,,40606031,,R-1-6,0,7.26,0.3359052925154363
Campbell,,41211032,,MHDR,26,33,0.026460807301684305
Campbell,,30727079,,LMDR,8,16,0.21558296416073375
Campbell,,40401004,,HD-MU,34,45,0.4586339374373975
Campbell,,27936047,,MDR,18,25,0.010327111033210197
Campbell,,40346002,,R-1-6,0,7.26,0.14012395759927532
Campbell,,40612007,,R-1-6,0,7.26,0.155825430444464
Campbell,,41215073,,MHDR,26,33,0.017812674009916714
Campbell,,28814032,,R-1-6,0,7.26,0.22163527292907134
Campbell,,40424018,,R-1-6,0,7.26,0.14049119706776317
Campbell,,27936161,,MDR,18,25,0.016418165635742357
Campbell,,40623039,,R-1-10,0,4.35,0.26121047864624913
Campbell,,40426035,,R-1-8,0,5.45,0.2184529022854613
Campbell,,40601021,,R-1-6,0,7.26,0.22503563250510047
Campbell,,42405022,,R-1-6,0,7.26,0.19545952404374323
Campbell,,28809031,,R-1-6,0,7.26,0.19674406467886538
Campbell,,40343107,,R-1-6,0,7.26,0.1333249986871245
Campbell,,41402010,,R-1-8,0,5.45,0.2105325451871872
Campbell,,40424023,,R-1-6,0,7.26,0.15200846117735753
Campbell,,40604052,,R-1-6,0,7.26,0.16717921589607618
Campbell,,40636014,,LMDR,8,16,0.016897514187895472
Campbell,,28808006,,R-1-6,0,7.26,0.36726208064473465
Campbell,,40426061,,R-1-8,0,5.45,0.1388634834374177
Campbell,,41404035,,R-1-8,0,5.45,0.2441875177095742
Campbell,,28812083,,R-1-6,0,7.26,0.19700594912775674
Campbell,,41215006,,MHDR,26,33,0.016941405263736626
Campbell,,30519058,,R-1-6,0,7.26,0.22936024133487315
Campbell,,30717012,,R-1-6,0,7.26,0.21918251569044514
Campbell,,30754049,,R-1-6,0,7.26,0.14231610302443956
Campbell,,30503053,,R-1-6,0,7.26,0.23013529884270736
Campbell,,40319118,,R-1-9,0,4.84,0.29244574716571453
Campbell,,28806042,,R-1-6,0,7.26,0.1955832523122072
Campbell,,41209024,,CC-MU,45,60,0.20593354689476284
Campbell,,28815061,,R-1-6,0,7.26,0.16483497756430018
Campbell,,27940006,,R-1-6,0,7.26,0.1432788444528775
Campbell,,41441003,,MHDR,26,33,0.13450381481988394
Campbell,,40426055,,R-1-10,0,4.35,0.27371098678323863
Campbell,,30522025,,R-1-6,0,7.26,0.18832336356567778
Campbell,,30739024,,LMDR,8,16,0.17942233372561237
Campbell,,40605012,,R-1-6,0,7.26,0.14002913217774426
Campbell,,40318111,,R-1-9,0,4.84,0.31663782458429796
Campbell,,28812071,,R-1-6,0,7.26,0.16495628419077057
Campbell,,30753100,,R-1-6,0,7.26,0.14029323065933905
Campbell,,40316065,,R-1-10,0,4.35,0.1596114264069199
Campbell,,28817004,,R-1-6,0,7.26,0.2673319807742426
Campbell,,40429008,,R-1-16,0,2.72,0.2702148813518654
Campbell,,41215008,,MHDR,26,33,0.017815874763847054
Campbell,,40425021,,R-1-6,0,7.26,0.19913928346550822
Campbell,,40605001,,R-1-6,0,7.26,0.17111177019057763
Campbell,,40343022,,R-1-6,0,7.26,0.14540363018222957
Campbell,,28803015,,CC-MU,45,60,0.6396360084722131
Campbell,,27936329,,MDR,18,25,0.016418165636751546
Campbell,,41219004,,MHDR,26,33,0.012915361545683035
Campbell,,41405041,,R-1-8,0,5.45,0.21209645634007374
Campbell,,27936225,,MDR,18,25,0.016416041130409773
Campbell,,28809040,,R-1-6,0,7.26,0.18065709221826023
Campbell,,40432037,,R-1-6,0,7.26,0.13817212739152762
Campbell,,30752052,,R-1-6,0,7.26,0.14232638519963403
Campbell,,40432055,,MDR,18,25,0.20430495709544824
Campbell,,40343043,,R-1-6,0,7.26,0.1441860185822412
Campbell,,40430025,,R-1-10,0,4.35,0.2667732221032593
Campbell,,28810025,,R-1-6,0,7.26,0.24681311504440964
Campbell,,27936050,,MDR,18,25,0.010323141407909502
Campbell,,40346010,,R-1-6,0,7.26,0.14259565328521545
Campbell,,28825070,,R-1-6,0,7.26,0.1852129628250319
Campbell,,40408005,,R-1-6,0,7.26,0.1521986800196705
Campbell,,42402011,,OS,0,0,8.69764212273476
Campbell,,30743007,,R-1-6,0,7.26,0.15938040466402098
Campbell,,41239040,,R-1-8,0,5.45,0.22891545262984042
Campbell,,41231006,,LI,0,0,0.5118054084925261
Campbell,,28809047,,R-1-6,0,7.26,0.19860792049413328
Campbell,,40431009,,MDR,18,25,0.18513122033273902
Campbell,,27939018,,R-1-6,0,7.26,0.16552545716983463
Campbell,,30539021,,R-1-6,0,7.26,0.1598117811330663
Campbell,,30519080,,PO,0,0,0.18642776714691023
Campbell,,40318012,,R-1-9,0,4.84,0.21064335063680775
Campbell,,40427010,,R-1-10,0,4.35,0.3066784291841805
Campbell,,40316045,,R-1-10,0,4.35,0.21681567753862427
Campbell,,40606042,,R-1-6,0,7.26,0.3358874123122147
Campbell,,40429029,,R-1-16,0,2.72,0.44101843415569314
Campbell,,30519046,,R-1-6,0,7.26,0.20689617486691933
Campbell,,40619003,,R-1-8,0,5.45,0.21978546103151164
Campbell,,40343020,,R-1-6,0,7.26,0.1447788002899793
Campbell,,41211001,,GC-MU,26,33,0.7860123607161504
Campbell,,40426025,,R-1-6,0,7.26,0.14541980536369553
Campbell,,41239009,,R-1-8,0,5.45,0.21601374183040695
Campbell,,41218003,,MHDR,26,33,0.01935972981201635
Campbell,,40612005,,LMDR,8,16,0.16446472716380728
Campbell,,40348081,,R-1-6,0,7.26,0.14420926788558172
Campbell,,30743012,,R-1-6,0,7.26,0.16232606773288674
Campbell,,30740034,,LMDR,8,16,0.15587746675938577
Campbell,,41228015,,MHDR,26,33,0.011673283900920173
Campbell,,40314051,,R-1-9,0,4.84,0.2110541379029376
Campbell,,28811034,,LMDR,8,16,0.14706830891002426
Campbell,,40607050,,R-1-6,0,7.26,0.1452146840155758
Campbell,,41204058,,R-1-6,0,7.26,0.16882634272225622
Campbell,,30741034,,LMDR,8,16,0.155869818030907
Campbell,,30747001,,MDR,18,25,0.7341818784779537
Campbell,,40433056,,R-1-6,0,7.26,0.1491816709146247
Campbell,,28825063,,PO,0,0,0.6120399924336601
Campbell,,40616050,,R-1-10,0,4.35,0.14558061469364786
Campbell,,30754060,,R-1-6,0,7.26,0.1419984967039802
Campbell,,27945024,,R-1-6,0,7.26,0.17196664265305334
Campbell,,41211043,,MHDR,26,33,0.02630254769555074
Campbell,,30742037,,R-1-6,0,7.26,0.13361614021167392
Campbell,,41401033,,NC,0,0,0.2786824865682253
Campbell,,30756050,,R-1-6,0,7.26,0.12593031802181917
Campbell,,28825084,,PO,0,0,0.17206246803661976
Campbell,,40310078,,R-1-6,0,7.26,0.24563899886428983
Campbell,,40617045,,R-1-6,0,7.26,0.16806939455825184
Campbell,,41233022,,LI,0,0,0.347164196972895
Campbell,,41205065,,R-1-6,0,7.26,0.17116638280098467
Campbell,,27940060,,LMDR,8,16,0.02029727963711049
Campbell,,41404017,,R-1-8,0,5.45,0.21637841359656282
Campbell,,41215014,,MHDR,26,33,0.017377590985719782
Campbell,,41237047,,R-1-6,0,7.26,0.2024903818909089
Campbell,,30518045,,R-1-6,0,7.26,0.14012880900565267
Campbell,,40406078,,R-1-6,0,7.26,0.2548459472068136
Campbell,,40431012,,MDR,18,25,0.2068183071665828
Campbell,,40315037,,R-1-9,0,4.84,0.3293034328334417
Campbell,,30529007,,MHD-MU,26,33,0.9109622115877365
Campbell,,40318078,,R-1-9,0,4.84,0.14780940757346295
Campbell,,40313102,,R-1-9,0,4.84,0.14275310513280298
Campbell,,41218023,,MHDR,26,33,0.019049868992987586
Campbell,,40616082,,R-1-10,0,4.35,0.2997331679453068
Campbell,,41228017,,MHDR,26,33,0.01294993949529995
Campbell,,42443052,,MDR,18,25,0.012624696463268621
Campbell,,30742024,,R-1-6,0,7.26,0.13774012563159538
Campbell,,30524041,,R-1-6,0,7.26,0.19849240809083124
Campbell,,41238022,,R-1-6,0,7.26,0.16890586070318178
Campbell,,27936264,,MDR,18,25,0.017565466875278515
Campbell,,40406057,,R-1-6,0,7.26,0.2796028559473199
Campbell,,27936174,,MDR,18,25,0.010321207721834135
Campbell,,30754028,,R-1-6,0,7.26,0.23931288138946302
Campbell,,30740006,,R-1-6,0,7.26,0.14729503188171741
Campbell,,30520043,,R-1-6,0,7.26,0.16510312063966856
Campbell,,41444028,,R-1-6,0,7.26,0.15514984764193934
Campbell,,30524008,,R-1-6,0,7.26,0.22696835214172012
Campbell,,41230048,,OS,0,0,0.5745599877510055
Campbell,,28819063,,R-1-6,0,7.26,0.20833183089955656
Campbell,,41404034,,R-1-8,0,5.45,0.24586888044630348
Campbell,,41215001,,MHDR,26,33,0.01715665621321808
Campbell,,30518041,,R-1-6,0,7.26,0.1575457113418033
Campbell,,40609024,,R-1-8,0,5.45,0.20278993483984348
Campbell,,40624024,,R-1-10,0,4.35,0.30167236761671096
Campbell,,40343039,,R-1-6,0,7.26,0.15240719487333823
Campbell,,30534012,,R-1-6,0,7.26,0.3872210886919233
Campbell,,27930011,,R-1-6,0,7.26,0.22807935639774596
Campbell,,41208047,,CC-MU,45,60,0.39817826527754463
Campbell,,27936091,,MDR,18,25,0.010325711878321741
Campbell,,30503055,,R-1-6,0,7.26,0.23241967864114357
Campbell,,41401058,,R-1-8,0,5.45,0.23574536238910815
Campbell,,30536011,,TO-MU,57,75,0.3087479039773473
Campbell,,28815013,,R-1-6,0,7.26,0.1899974126099731
Campbell,,27945027,,R-1-6,0,7.26,0.20833618679646898
Campbell,,27936102,,MDR,18,25,0.010319261265902747
Campbell,,40313024,,R-1-9,0,4.84,0.2756203426264845
Campbell,,40316099,,R-1-10,0,4.35,0.2209113678343608
Campbell,,28819035,,R-1-6,0,7.26,0.20136110117257588
Campbell,,30538056,,MDR,18,25,0.18193405470377869
Campbell,,40309022,,R-1-6,0,7.26,0.19019339911583533
Campbell,,28811036,,LMDR,8,16,0.15187463941119597
Campbell,,28806051,,R-1-6,0,7.26,0.18505497869369172
Campbell,,30519041,,R-1-6,0,7.26,0.22926875615767833
Campbell,,28217053,,R-1-6,0,7.26,0.1532001624488882
Campbell,,30747055,,MDR,18,25,0.05684790913372504
Campbell,,28810028,,R-1-6,0,7.26,0.24122995617471307
Campbell,,41441030,,MHDR,26,33,0.13756579329135019
Campbell,,30715066,,R-1-6,0,7.26,0.14187779028400022
Campbell,,28813035,,R-1-6,0,7.26,0.17863281777076634
Campbell,,28824048,,PO,0,0,0.19787095603830562
Campbell,,30524026,,R-1-6,0,7.26,0.17223546283572252
Campbell,,40408044,,R-1-6,0,7.26,0.1453296964968211
Campbell,,27936333,,MDR,18,25,0.016407677544015595
Campbell,,41443004,,MHDR,26,33,0.016436137770049635
Campbell,,30523008,,R-1-6,0,7.26,0.15372011153168863
Campbell,,27944014,,R-1-6,0,7.26,0.1452456011601299
Campbell,,40317010,,R-1-9,0,4.84,0.2100010777350898
Campbell,,40308096,,R-1-6,0,7.26,0.16791331983191665
Campbell,,28808027,,R-1-6,0,7.26,0.20434919585859024
Campbell,,27940028,,R-1-6,0,7.26,0.16104539691557565
Campbell,,28813073,,R-1-6,0,7.26,0.16436004897374293
Campbell,,40433039,,R-1-6,0,7.26,0.140482932673988
Campbell,,30741018,,R-1-6,0,7.26,0.14985743556614342
Campbell,,40619025,,R-1-8,0,5.45,0.19535574439725872
Campbell,,40317009,,R-1-9,0,4.84,0.211771123030898
Campbell,,40310090,,R-1-6,0,7.26,0.15852110129010277
Campbell,,41228042,,MHDR,26,33,0.019806167982680728
Campbell,,40603033,,LMDR,8,16,0.24844639375212008
Campbell,,30755031,,R-1-6,0,7.26,0.15118888197784378
Campbell,,40431037,,MDR,18,25,0.18398389556940647
Campbell,,28816018,,R-1-6,0,7.26,0.22388204000506834
Campbell,,40615015,,R-1-8,0,5.45,0.19205235915251323
Campbell,,28811049,,R-1-6,0,7.26,0.15678181892645032
Campbell,,28813038,,R-1-6,0,7.26,0.17786307593853273
Campbell,,40353034,,R-1-6,0,7.26,0.14935119477129097
Campbell,,40310136,,R-1-6,0,7.26,0.17101301647484704
Campbell,,42443019,,MDR,18,25,0.011602973953984698
Campbell,,40605041,,R-1-6,0,7.26,0.14152932502134277
Campbell,,30743005,,R-1-6,0,7.26,0.16499861910308805
Campbell,,42403012,,R-1-6,0,7.26,0.18447909882040683
Campbell,,28819007,,R-1-6,0,7.26,0.213738291322944
Campbell,,40347003,,R-1-6,0,7.26,0.14324318915720038
Campbell,,41228056,,MHDR,26,33,0.20219542981239402
Campbell,,30533036,,R-1-6,0,7.26,0.19835209350104524
Campbell,,40612015,,R-1-6,0,7.26,0.19511369194935035
Campbell,,27936100,,MDR,18,25,0.017560470866184077
Campbell,,40431041,,MDR,18,25,0.18399458233769617
Campbell,,30753048,,R-1-6,0,7.26,0.13791183816379327
Campbell,,27936188,,MDR,18,25,0.017563108889503912
Campbell,,40424030,,R-1-6,0,7.26,0.15375090524185853
Campbell,,41441024,,MHDR,26,33,0.10089323320681212
Campbell,,28812086,,R-1-6,0,7.26,0.24314908853410563
Campbell,,41435017,,LMDR,8,16,0.026376570352154478
Campbell,,40426012,,R-1-10,0,4.35,0.287637101758946
Campbell,,28817032,,R-1-6,0,7.26,0.2252517386611046
Campbell,,40618042,,R-1-6,0,7.26,0.1510453622325305
Campbell,,41238051,,R-1-6,0,7.26,0.16548410326623694
Campbell,,41215010,,MHDR,26,33,0.017076632349292655
Campbell,,28809093,,R-1-6,0,7.26,0.22441338429445037
Campbell,,41215046,,MHDR,26,33,0.017213504151781998
Campbell,,40622014,,R-1-10,0,4.35,0.31220304365869195
Campbell,,30740035,,LMDR,8,16,0.15969166005881022
Campbell,,41230039,,LI,0,0,0.3270917442793578
Campbell,,40616016,,R-1-10,0,4.35,0.23888442207759317
Campbell,,30714031,,R-1-6,0,7.26,0.1603927905686857
Campbell,,40316081,,R-1-10,0,4.35,0.16611349886209675
Campbell,,28815087,,R-1-6,0,7.26,0.16639358302100205
Campbell,,41402006,,R-1-8,0,5.45,0.21020508844506827
Campbell,,41402021,,R-1-8,0,5.45,0.18824293161698713
Campbell,,40346012,,R-1-6,0,7.26,0.18119513072480053
Campbell,,30523092,,R-1-6,0,7.26,0.18825573792970252
Campbell,,30753011,,R-1-6,0,7.26,0.14295462384766403
Campbell,,27927056,,R-1-6,0,7.26,0.18544586361449356
Campbell,,41218002,,MHDR,26,33,0.023272105298281966
Campbell,,41231014,,LI,0,0,0.24740354432436906
Campbell,,40408063,,R-1-6,0,7.26,0.1507711582442764
Campbell,,27921023,,R-1-6,0,7.26,0.15175778084230993
Campbell,,30504010,,MDR,18,25,0.18501162975875762
Campbell,,28804028,,CC-MU,45,60,16.407107351398796
Campbell,,40344039,,R-1-6,0,7.26,0.1404099297213789
Campbell,,40622044,,R-1-10,0,4.35,0.26015850918558203
Campbell,,40406022,,R-1-6,0,7.26,0.26637506128049804
Campbell,,41401062,,R-1-8,0,5.45,0.20370580679139438
Campbell,,30756008,,R-1-6,0,7.26,0.13424921243392332
Campbell,,30750027,,R-1-6,0,7.26,0.20778085536204227
Campbell,,40343054,,R-1-6,0,7.26,0.14299551150791143
Campbell,,28811008,,MDR,18,25,0.7215502750110036
Campbell,,28812085,,R-1-6,0,7.26,0.228900097880881
Campbell,,30739008,,R-1-6,0,7.26,0.13804538291595478
Campbell,,42401137,,LI,0,0,0.2818426327576156
Campbell,,27937052,,R-1-6,0,7.26,0.18600547963601255
Campbell,,27938087,,HD-MU,34,45,0.6384109803636002
Campbell,,30748020,,LMDR,8,16,0.16341589224579403
Campbell,,40343104,,R-1-6,0,7.26,0.15697523016935608
Campbell,,40344058,,R-1-6,0,7.26,0.13691931611898286
Campbell,,30743054,,R-1-6,0,7.26,0.15451117495378203
Campbell,,30707062,,R-1-6,0,7.26,0.14592368796361943
Campbell,,30519059,,R-1-6,0,7.26,0.2216789204468019
Campbell,,30504020,,R-1-6,0,7.26,0.2137023970395224
Campbell,,40409017,,R-1-6,0,7.26,0.1400407720039389
Campbell,,40408040,,R-1-6,0,7.26,0.14326017749467776
Campbell,,28814039,,R-1-6,0,7.26,0.22621235854697258
Campbell,,28815019,,R-1-6,0,7.26,0.1580742540143263
Campbell,,40432041,,R-1-6,0,7.26,0.15520423784114576
Campbell,,40423003,,R-1-6,0,7.26,0.14401118312795677
Campbell,,27930032,,R-1-6,0,7.26,0.1587847852621903
Campbell,,40353040,,R-1-6,0,7.26,0.1517808302686112
Campbell,,27922023,,R-1-6,0,7.26,0.2432482626763845
Campbell,,27929014,,LMDR,8,16,0.20032723552571646
Campbell,,40310104,,R-1-6,0,7.26,0.15165302217794163
Campbell,,30747022,,MDR,18,25,0.34846634242417773
Campbell,,42405071,,PO,0,0,0.7184334889573668
Campbell,,30715008,,R-1-6,0,7.26,0.14145621991808036
Campbell,,40603018,,R-1-6,0,7.26,0.16011819671162483
Campbell,,40344010,,R-1-6,0,7.26,0.18437997448740961
Campbell,,41215077,,MHDR,26,33,0.017517716655033898
Campbell,,40431019,,MDR,18,25,0.208517768575596
Campbell,,40616046,,R-1-10,0,4.35,0.16943085570882294
Campbell,,30754025,,R-1-6,0,7.26,0.24181130563537567
Campbell,,30740020,,R-1-6,0,7.26,0.13976974831425037
Campbell,,40353067,,R-1-6,0,7.26,0.14440063538742062
Campbell,,41237011,,R-1-8,0,5.45,0.31993651320241473
Campbell,,41402051,,R-1-8,0,5.45,0.18091047391322634
Campbell,,30740029,,LMDR,8,16,0.15589398316393502
Campbell,,30537016,,MDR,18,25,0.1955220182507505
Campbell,,28809062,,R-1-6,0,7.26,0.2291184500058861
Campbell,,30519054,,R-1-6,0,7.26,0.21184457959329964
Campbell,,30751027,,R-1-6,0,7.26,0.14234116249863463
Campbell,,30519016,,R-1-6,0,7.26,0.24985024602845152
Campbell,,27940026,,R-1-6,0,7.26,0.16103570496107697
Campbell,,27913042,,R-1-6,0,7.26,0.19664437517231564
Campbell,,27920050,,R-1-6,0,7.26,0.13592618287602098
Campbell,,40318023,,R-1-9,0,4.84,0.11036786520878385
Campbell,,40353079,,R-1-6,0,7.26,0.1874308480091909
Campbell,,41240008,,R-1-8,0,5.45,0.23805763272196134
Campbell,,41240011,,R-1-8,0,5.45,0.3091105886333048
Campbell,,41219021,,GC-MU,26,33,0.6635863573026166
Campbell,,27941026,,CB-MU,26,33,0.1318364374406307
Campbell,,40346046,,R-1-6,0,7.26,0.21218413575926662
Campbell,,41239051,,R-1-8,0,5.45,0.20369222143532822
Campbell,,27921033,,R-1-6,0,7.26,0.1775558832857394
Campbell,,27934023,,R-1-6,0,7.26,0.14226688181430358
Campbell,,41434032,,R-1-6,0,7.26,0.3159239057435365
Campbell,,40430049,,R-1-10,0,4.35,0.23720554349857093
Campbell,,40609016,,GC,0,0,0.29576839401824434
Campbell,,40424074,,R-1-6,0,7.26,0.14694384871198896
Campbell,,30748006,,R-1-6,0,7.26,0.14959027012362186
Campbell,,41206060,,R-1-6,0,7.26,0.17036388660404694
Campbell,,40607027,,R-1-6,0,7.26,0.1438501648702104
Campbell,,28811053,,R-1-6,0,7.26,0.1566431783857479
Campbell,,40313040,,R-1-6,0,7.26,0.13773566326388964
Campbell,,30715017,,R-1-6,0,7.26,0.1748295500939315
Campbell,,40424050,,R-1-6,0,7.26,0.14241671645408907
Campbell,,40344062,,R-1-6,0,7.26,0.13774470607328668
Campbell,,40348047,,R-1-6,0,7.26,0.17238347903402304
Campbell,,40622048,,R-1-10,0,4.35,0.2222619771345488
Campbell,,40617011,,LMDR,8,16,0.2182449727640107
Campbell,,41433044,,R-1-6,0,7.26,0.2722042701963718
Campbell,,40312066,,R-1-9,0,4.84,0.24038282499292724
Campbell,,27936308,,MDR,18,25,0.017564989941744383
Campbell,,30743066,,MDR,18,25,0.19410192058650974
Campbell,,30523087,,R-1-6,0,7.26,0.19051009711533104
Campbell,,40341032,,MDR,18,25,0.1927391458210968
Campbell,,30756023,,R-1-6,0,7.26,0.22652274884683618
Campbell,,40342032,,R-1-6,0,7.26,0.1707307863253573
Campbell,,27927096,,PO,0,0,0.33335953103470173
Campbell,,40343101,,R-1-6,0,7.26,0.14176296494474167
Campbell,,28217004,,MDR,18,25,0.3173355747965307
Campbell,,40614067,,R-1-8,0,5.45,0.26097704441251907
Campbell,,28812052,,R-1-6,0,7.26,0.1605332143852593
Campbell,,41206005,,CB-MU,26,33,0.03875454336642773
Campbell,,42405032,,R-1-6,0,7.26,0.22654348654227777
Campbell,,30717046,,R-1-6,0,7.26,0.14461917819189465
Campbell,,28810044,,R-1-6,0,7.26,0.2288619177786394
Campbell,,30752065,,R-1-6,0,7.26,0.2003851686743278
Campbell,,30756044,,R-1-6,0,7.26,0.17114150790347504
Campbell,,30718006,,R-1-6,0,7.26,0.20405516828223405
Campbell,,30538023,,MDR,18,25,0.17763876763519823
Campbell,,40614051,,R-1-8,0,5.45,0.22760351235998336
Campbell,,28215017,,LMDR,8,16,0.19621282632583625
Campbell,,42439017,,LI,0,0,0.024654278082349636
Campbell,,27920060,,R-1-6,0,7.26,0.14284793321644354
Campbell,,42403046,,R-1-6,0,7.26,0.1961119092535533
Campbell,,30523040,,R-1-6,0,7.26,0.18444110383593215
Campbell,,40636006,,LMDR,8,16,0.019859315280051984
Campbell,,40620030,,R-1-10,0,4.35,0.25684905172593187
Campbell,,30743004,,R-1-6,0,7.26,0.15490907052591257
Campbell,,41205067,,R-1-6,0,7.26,0.25713753917571275
Campbell,,30739014,,R-1-6,0,7.26,0.2021247958436634
Campbell,,28808034,,R-1-6,0,7.26,0.19707080416008757
Campbell,,40423008,,R-1-6,0,7.26,0.14401379893072183
Campbell,,41404032,,R-1-8,0,5.45,0.24478106995287358
Campbell,,42443053,,MDR,18,25,0.012629859625423939
Campbell,,40307032,,PF,0,0,3.320481241828381
Campbell,,40614039,,R-1-8,0,5.45,0.23931085253968618
Campbell,,40617066,,R-1-6,0,7.26,0.1262449268121921
Campbell,,40615026,,R-1-8,0,5.45,0.19303271002924793
Campbell,,27929015,,LMDR,8,16,0.2696552518944053
Campbell,,28810049,,R-1-6,0,7.26,0.24965458100145982
Campbell,,40604012,,R-1-6,0,7.26,0.15119005528427207
Campbell,,41239013,,R-1-8,0,5.45,0.21900488476972432
Campbell,,28819003,,R-1-6,0,7.26,0.21371935086012636
Campbell,,41435033,,LMDR,8,16,0.017916651333999663
Campbell,,28816023,,R-1-6,0,7.26,0.227903612313227
Campbell,,27936065,,MDR,18,25,0.016415483287707262
Campbell,,28806028,,R-1-6,0,7.26,0.1908244041416787
Campbell,,40624042,,R-1-10,0,4.35,0.29225765827133937
Campbell,,27923009,,R-1-6,0,7.26,0.23875696613262024
Campbell,,42404067,,R-1-6,0,7.26,0.24190332778638485
Campbell,,42440005,,LI,0,0,0.4208646691966456
Campbell,,28809011,,R-1-6,0,7.26,0.22902185504823785
Campbell,,40313118,,R-1-6,0,7.26,0.28269655433519897
Campbell,,28812054,,PO,0,0,0.17904118407401845
Campbell,,30545005,,MDR,18,25,0.018427255148725764
Campbell,,30524023,,R-1-6,0,7.26,0.1411485311641463
Campbell,,30750038,,R-1-6,0,7.26,0.13361823700405231
Campbell,,41434004,,R-1-6,0,7.26,0.19715033879474525
Campbell,,40429021,,R-1-10,0,4.35,0.20285503778469396
Campbell,,41435044,,LMDR,8,16,0.01869264816244985
Campbell,,30715042,,R-1-6,0,7.26,0.14186720072487383
Campbell,,30523086,,R-1-6,0,7.26,0.18719669993228755
Campbell,,40346041,,R-1-6,0,7.26,0.21310520401143068
Campbell,,41215061,,MHDR,26,33,0.01694065905263356
Campbell,,30503060,,R-1-6,0,7.26,0.23150154611142515
Campbell,,42443018,,MDR,18,25,0.011595983543933963
Campbell,,27941062,,CB-MU,26,33,0.13646230650477587
Campbell,,27934003,,R-1-6,0,7.26,0.14822185264024082
Campbell,,40605031,,R-1-6,0,7.26,0.14216253792753666
Campbell,,40406064,,R-1-6,0,7.26,0.2385612240538567
Campbell,,40308019,,R-1-6,0,7.26,0.13971956545350883
Campbell,,40619056,,R-1-8,0,5.45,0.204697594667669
Campbell,,40424035,,R-1-6,0,7.26,0.19617830764655939
Campbell,,30749013,,R-1-6,0,7.26,0.14734125486263203
Campbell,,27946022,,R-1-6,0,7.26,0.14389923044491826
Campbell,,30717050,,R-1-6,0,7.26,0.1446189442192637
Campbell,,27936230,,MDR,18,25,0.01032340723216949
Campbell,,28217009,,MDR,18,25,0.15884584582518987
Campbell,,40619039,,R-1-8,0,5.45,0.061443288866549005
Campbell,,40313065,,R-1-6,0,7.26,0.1496676958381209
Campbell,,41402037,,R-1-8,0,5.45,0.18903262603930696
Campbell,,41207014,,R-1-6,0,7.26,0.15079363999645817
Campbell,,27934012,,R-1-6,0,7.26,0.16304618614868144
Campbell,,42403006,,R-1-6,0,7.26,0.32648695192283206
Campbell,,40313122,,R-1-9,0,4.84,0.1660900750302648
Campbell,,40317050,,R-1-9,0,4.84,0.23134213763583322
Campbell,,28819050,,R-1-6,0,7.26,0.3204121360881896
Campbell,,40606026,,R-1-6,0,7.26,0.14232200651992416
Campbell,,30504031,,GC,0,0,0.9876880977607879
Campbell,,40617060,,R-1-6,0,7.26,0.14808741725559368
Campbell,,41239011,,R-1-8,0,5.45,0.21044979253309024
Campbell,,28815062,,R-1-6,0,7.26,0.15615616548238623
Campbell,,40623019,,R-1-8,0,5.45,0.22803754648574026
Campbell,,28813096,,PO,0,0,0.38080753689304897
Campbell,,40603011,,R-1-6,0,7.26,0.1726461125136269
Campbell,,30743043,,R-1-6,0,7.26,0.15543644298721254
Campbell,,28225005,,ROW,0,0,0.12254728819915187
Campbell,,30715050,,R-1-6,0,7.26,0.14754839246122525
Campbell,,30753020,,R-1-6,0,7.26,0.14240405633332803
Campbell,,40318049,,R-1-9,0,4.84,0.09970600430943127
Campbell,,27941009,,CB-MU,26,33,0.043620594728412294
Campbell,,27920076,,R-1-6,0,7.26,0.14231560507503824
Campbell,,30524022,,R-1-6,0,7.26,0.15459453879909063
Campbell,,30714026,,R-1-6,0,7.26,0.16479041322543597
Campbell,,30520037,,R-1-6,0,7.26,0.1624787916230533
Campbell,,30718013,,R-1-6,0,7.26,0.14619279026963514
Campbell,,40433038,,R-1-6,0,7.26,0.15256902031380612
Campbell,,41240013,,R-1-8,0,5.45,0.33058750304095313
Campbell,,41233011,,LI,0,0,0.3090897817725142
Campbell,,41210032,,MHDR,26,33,0.26316235707668123
Campbell,,30533079,,R-1-6,0,7.26,0.24286511910485578
Campbell,,40406053,,R-1-6,0,7.26,0.2506975268178757
Campbell,,41440077,,R-1-6,0,7.26,0.16423205307009708
Campbell,,40432023,,R-1-6,0,7.26,0.13676060968244
Campbell,,27930049,,GC,0,0,0.18597675555587156
Campbell,,27919017,,R-1-6,0,7.26,0.13936727324928042
Campbell,,40603003,,R-1-6,0,7.26,0.144622059211967
Campbell,,27935020,,R-1-6,0,7.26,0.16100720286740844
Campbell,,40343012,,R-1-6,0,7.26,0.1349868838870622
Campbell,,30741021,,R-1-6,0,7.26,0.14102187019649665
Campbell,,40407036,,PF,0,0,0.6798330003900527
Campbell,,42406130,,R-1-6,0,7.26,0.865640325759485
Campbell,,40433032,,R-1-6,0,7.26,0.13894041368136226
Campbell,,28805018,,R-1-6,0,7.26,0.19246994695960334
Campbell,,40430075,,R-1-16,0,2.72,0.37216102871109946
Campbell,,30753006,,R-1-6,0,7.26,0.14420419346547012
Campbell,,40425080,,OS,0,0,0.042060001888385844
Campbell,,27936284,,MDR,18,25,0.017561762034362518
Campbell,,30539037,,R-1-6,0,7.26,0.14959459257429786
Campbell,,41219005,,MHDR,26,33,0.012361680891812237
Campbell,,41215041,,MHDR,26,33,0.017819050878488958
Campbell,,27935014,,R-1-6,0,7.26,0.1613956096918492
Campbell,,40607007,,R-1-6,0,7.26,0.14494957215841453
Campbell,,27936021,,MDR,18,25,0.016416023928639677
Campbell,,40319132,,R-1-9,0,4.84,0.08626535697213772
Campbell,,40408032,,R-1-6,0,7.26,0.25556570610357743
Campbell,,27920073,,R-1-6,0,7.26,0.1469314511655322
Campbell,,27940034,,R-1-6,0,7.26,0.1427633813952112
Campbell,,41441006,,MHDR,26,33,0.13450381481988394
Campbell,,27934026,,R-1-6,0,7.26,0.14310824262203548
Campbell,,30518052,,R-1-6,0,7.26,0.14162120818173918
Campbell,,30522020,,R-1-6,0,7.26,0.16620433487799946
Campbell,,40622063,,NC,0,0,0.23484366026963935
Campbell,,41228027,,MHDR,26,33,0.02430797362233281
Campbell,,40426002,,R-1-8,0,5.45,0.2427172266032392
Campbell,,42403019,,R-1-6,0,7.26,0.18451575999421055
Campbell,,40606019,,R-1-6,0,7.26,0.14533939767561874
Campbell,,40604037,,R-1-6,0,7.26,0.15428022206207012
Campbell,,30732005,,LMDR,8,16,0.2029678078001256
Campbell,,40603060,,R-1-6,0,7.26,0.2502579494330792
Campbell,,30533069,,R-1-6,0,7.26,0.23383195628305517
Campbell,,30747017,,MDR,18,25,0.2040390685133726
Campbell,,40347013,,R-1-6,0,7.26,0.13896475486865634
Campbell,,30503058,,R-1-6,0,7.26,0.2381890360701473
Campbell,,41434042,,R-1-6,0,7.26,0.2568371097846094
Campbell,,30739006,,R-1-6,0,7.26,0.20083555252045562
Campbell,,41211031,,MHDR,26,33,0.026460807301684305
Campbell,,40353027,,R-1-6,0,7.26,0.1549490412318113
Campbell,,41402065,,R-1-8,0,5.45,0.21243046891961292
Campbell,,41204064,,R-1-6,0,7.26,0.16831451252387877
Campbell,,40618014,,R-1-6,0,7.26,0.139691975924957
Campbell,,30755020,,R-1-6,0,7.26,0.14323030484218424
Campbell,,40622010,,R-1-10,0,4.35,0.3003986203701444
Campbell,,28815018,,R-1-6,0,7.26,0.1618987576260814
Campbell,,28814022,,R-1-6,0,7.26,0.22620818018600658
Campbell,,40315052,,R-1-9,0,4.84,0.3072216798026354
Campbell,,30743052,,R-1-6,0,7.26,0.15450578717325103
Campbell,,40433027,,R-1-6,0,7.26,0.21484982956620716
Campbell,,27940009,,R-1-6,0,7.26,0.14325286411400137
Campbell,,41238019,,R-1-6,0,7.26,0.1902901966647631
Campbell,,40336055,,MDR,18,25,0.2349610048930923
Campbell,,28818017,,R-1-6,0,7.26,0.21062143404491845
Campbell,,41228007,,MHDR,26,33,0.012945403094728695
Campbell,,30523024,,R-1-6,0,7.26,0.2018655008911295
Campbell,,30752038,,R-1-6,0,7.26,0.14040182072796042
Campbell,,40617052,,R-1-6,0,7.26,0.13970236689559382
Campbell,,30518044,,R-1-6,0,7.26,0.14234412991327325
Campbell,,27936097,,MDR,18,25,0.016417986644494877
Campbell,,30539020,,R-1-6,0,7.26,0.18665743610935956
Campbell,,28813061,,R-1-6,0,7.26,0.1619684533200752
Campbell,,28215016,,LMDR,8,16,0.16733841170114033
Campbell,,40318104,,R-1-9,0,4.84,0.08962427421843168
Campbell,,41434019,,R-1-6,0,7.26,0.2080597115797751
Campbell,,30545009,,MDR,18,25,0.018429183603353046
Campbell,,28809015,,R-1-6,0,7.26,0.29916912613809826
Campbell,,41405038,,R-1-8,0,5.45,0.17591693676731862
Campbell,,42405051,,R-1-6,0,7.26,0.20028742525277524
Campbell,,28815010,,R-1-6,0,7.26,0.1647166006767024
Campbell,,27923035,,R-1-6,0,7.26,0.25745402803189316
Campbell,,40602083,,R-1-6,0,7.26,0.14577415078613995
Campbell,,27933025,,R-1-6,0,7.26,0.14806781079790668
Campbell,,41402043,,R-1-8,0,5.45,0.2121325974884189
Campbell,,40312083,,R-1-9,0,4.84,0.14808914868836623
Campbell,,41402058,,R-1-8,0,5.45,0.21034195530264332
Campbell,,40617033,,R-1-6,0,7.26,0.13831386557729336
Campbell,,40429006,,R-1-16,0,2.72,0.5324935140586804
Campbell,,40424067,,R-1-6,0,7.26,0.2573963218835969
Campbell,,40433033,,R-1-6,0,7.26,0.13876999216653207
Campbell,,41230020,,PO,0,0,0.7675140936101598
Campbell,,41235003,,LI,0,0,1.3841982111836355
Campbell,,30743069,,MDR,18,25,0.17962661655049084
Campbell,,41441032,,MHDR,26,33,0.13756579329135019
Campbell,,40309035,,R-1-6,0,7.26,0.20692045022515948
Campbell,,27933051,,GC,0,0,0.4448821374726501
Campbell,,30751016,,R-1-6,0,7.26,0.14744090495515857
Campbell,,40310089,,R-1-6,0,7.26,0.16165680353420597
Campbell,,27921002,,R-1-6,0,7.26,0.13844549977283344
Campbell,,42405049,,R-1-6,0,7.26,0.2203841848676532
Campbell,,40319090,,R-1-9,0,4.84,0.19650751771686564
Campbell,,27936202,,MDR,18,25,0.01032409140851336
Campbell,,40613003,,R-1-6,0,7.26,0.13807347688102214
Campbell,,30747056,,MDR,18,25,0.645205151586253
Campbell,,40422041,,R-1-6,0,7.26,0.16278447921195352
Campbell,,28806033,,R-1-6,0,7.26,0.1927465668015624
Campbell,,30538028,,MDR,18,25,0.19225228672174968
Campbell,,30523076,,R-1-6,0,7.26,0.1743212293871508
Campbell,,41401053,,R-1-8,0,5.45,0.29206247309113353
Campbell,,40309008,,R-1-6,0,7.26,0.23115062117138263
Campbell,,27922010,,R-1-6,0,7.26,0.23705080990745092
Campbell,,40605009,,R-1-6,0,7.26,0.1400284874766254
Campbell,,30753077,,R-1-6,0,7.26,0.14280639203914441
Campbell,,40344013,,R-1-6,0,7.26,0.13498660571968274
Campbell,,40609018,,GC,0,0,1.4490032815041347
Campbell,,40318004,,R-1-9,0,4.84,0.2391719990847366
Campbell,,28812082,,R-1-6,0,7.26,0.22899094064540174
Campbell,,40617043,,R-1-6,0,7.26,0.1679432163778256
Campbell,,28812003,,R-1-6,0,7.26,0.1591101232300987
Campbell,,27927055,,R-1-6,0,7.26,0.18520443078790835
Campbell,,40348062,,R-1-6,0,7.26,0.15048867338170097
Campbell,,30707060,,R-1-6,0,7.26,0.1552097992403635
Campbell,,30708008,,R-1-6,0,7.26,0.14704711997178485
Campbell,,30748014,,LMDR,8,16,0.16319830998764262
Campbell,,30715070,,R-1-6,0,7.26,0.14187763648793975
Campbell,,30756013,,R-1-6,0,7.26,0.14269699542356135
Campbell,,40307036,,R-1-6,0,7.26,0.22017912434347664
Campbell,,30520033,,R-1-6,0,7.26,0.1407691565230586
Campbell,,41231016,,LI,0,0,0.22362517769875642
Campbell,,30519004,,R-1-6,0,7.26,0.14342408949992638
Campbell,,41230001,,MHDR,26,33,0.1831310488646817
Campbell,,27921040,,R-1-6,0,7.26,0.18578029619563552
Campbell,,40302045,,NC,0,0,1.9581342373723176
Campbell,,30752033,,R-1-6,0,7.26,0.13790807713861777
Campbell,,40602068,,R-1-6,0,7.26,0.14883073070870598
Campbell,,30539023,,R-1-6,0,7.26,0.15309405180932767
Campbell,,41207043,,OS,0,0,0.3860960565040943
Campbell,,40603055,,LMDR,8,16,0.02043455413035411
Campbell,,27930002,,R-1-6,0,7.26,0.20114618423271696
Campbell,,40431013,,MDR,18,25,0.21290024746891947
Campbell,,30535020,,R-1-6,0,7.26,0.1853420090083561
Campbell,,41440016,,R-1-6,0,7.26,0.22510838823902676
Campbell,,27927063,,PO,0,0,0.1755243913764239
Campbell,,40619013,,R-1-8,0,5.45,0.2695998655218389
Campbell,,40310020,,R-1-6,0,7.26,0.21765756115201218
Campbell,,30743071,,MDR,18,25,0.1796262619509167
Campbell,,28819009,,R-1-6,0,7.26,0.22558971483229426
Campbell,,41210063,,CC-MU,45,60,0.7578403970750008
Campbell,,40605024,,R-1-6,0,7.26,0.14267627678477857
Campbell,,28816028,,R-1-6,0,7.26,0.23719896101673038
Campbell,,40625003,,R-1-10,0,4.35,0.3067988083780143
Campbell,,27934001,,GC,0,0,0.46234384205535356
Campbell,,27936168,,MDR,18,25,0.017561367172591318
Campbell,,27941044,,CB-MU,26,33,0.4052176340486782
Campbell,,30521004,,GC,0,0,0.5317859075465708
Campbell,,40348079,,R-1-6,0,7.26,0.14421460946915463
Campbell,,41241026,,R-1-8,0,5.45,0.3829334893281457
Campbell,,27920011,,R-1-6,0,7.26,0.14085178454024003
Campbell,,42443008,,MDR,18,25,0.013196790043219976
Campbell,,30726033,,MDR,18,25,0.19894639488477928
Campbell,,30708050,,R-1-6,0,7.26,0.1396489668447417
Campbell,,41234014,,LI,0,0,0.9521457149356266
Campbell,,40310046,,R-1-6,0,7.26,0.5079165855638869
Campbell,,42405014,,R-1-6,0,7.26,0.18287677575106626
Campbell,,41237007,,R-1-8,0,5.45,0.26840257286696845
Campbell,,27936216,,MDR,18,25,0.017561789705883783
Campbell,,40318092,,R-1-9,0,4.84,0.1459442519734115
Campbell,,40336064,,MDR,18,25,0.2401309467730594
Campbell,,30753044,,R-1-6,0,7.26,0.13801563980534923
Campbell,,27936203,,MDR,18,25,0.0103238563670643
Campbell,,28217008,,MDR,18,25,0.18395664055082495
Campbell,,41239037,,R-1-8,0,5.45,0.21025760665373597
Campbell,,42403037,,R-1-6,0,7.26,0.324988740329542
Campbell,,40425075,,R-1-6,0,7.26,0.1446530591938581
Campbell,,40636018,,LMDR,8,16,0.017065274187522378
Campbell,,28824056,,R-1-6,0,7.26,0.19766326936721357
Campbell,,40430008,,R-1-16,0,2.72,0.43666879058084823
Campbell,,42404028,,R-1-6,0,7.26,0.21246867244020107
Campbell,,40428007,,R-1-16,0,2.72,0.4143150513236823
Campbell,,41215033,,MHDR,26,33,0.01694787914912694
Campbell,,40433014,,R-1-6,0,7.26,0.15305263692817606
Campbell,,30531040,,PO,0,0,0.20668418221252297
Campbell,,30750011,,LMDR,8,16,0.1652883554991455
Campbell,,40604031,,R-1-6,0,7.26,0.14151250420847666
Campbell,,41240019,,R-1-8,0,5.45,0.3141011083821628
Campbell,,40360003,,MDR,18,25,0.18475750167781685
Campbell,,41404015,,R-1-8,0,5.45,0.2557110643303205
Campbell,,28810030,,R-1-6,0,7.26,0.24239214873518228
Campbell,,27922011,,R-1-6,0,7.26,0.2581063993479482
Campbell,,40402043,,MDR,18,25,0.1929717555683981
Campbell,,30524014,,R-1-6,0,7.26,0.2327808566250443
Campbell,,40309058,,R-1-6,0,7.26,0.1859542509982883
Campbell,,27921035,,R-1-6,0,7.26,0.1515982703798521
Campbell,,28813034,,R-1-6,0,7.26,0.1765732936000293
Campbell,,40424015,,R-1-6,0,7.26,0.1776395769585709
Campbell,,41228012,,MHDR,26,33,0.013476537777388893
Campbell,,28808045,,R-1-6,0,7.26,0.19666978520736167
Campbell,,27936233,,MDR,18,25,0.016421540062173633
Campbell,,40432019,,R-1-6,0,7.26,0.14168516952976937
Campbell,,40422016,,R-1-6,0,7.26,0.1505921688848349
Campbell,,40319027,,R-1-9,0,4.84,0.37176510428376003
Campbell,,28806053,,R-1-6,0,7.26,0.1898798278511053
Campbell,,30715051,,R-1-6,0,7.26,0.14753376124224668
Campbell,,40408013,,R-1-6,0,7.26,0.188993855000806
Campbell,,40343127,,R-1-6,0,7.26,0.13884432505154276
Campbell,,28808073,,NC,0,0,1.1062070093714065
Campbell,,42433111,,RD,0,0,0.027248377519305842
Campbell,,40424045,,R-1-6,0,7.26,0.21268400559397796
Campbell,,40315085,,R-1-9,0,4.84,0.21534104856247258
Campbell,,40624057,,R-1-10,0,4.35,0.2911165267666482
Campbell,,30748061,,R-1-6,0,7.26,0.22706955860514375
Campbell,,30748047,,R-1-6,0,7.26,0.1542057560122447
Campbell,,30750023,,R-1-6,0,7.26,0.13503425081853077
Campbell,,40601039,,R-1-6,0,7.26,0.26027710814695443
Campbell,,30707044,,R-1-6,0,7.26,0.14065564807247188
Campbell,,40624006,,R-1-10,0,4.35,0.2578469811790229
Campbell,,41209045,,OS,0,0,1.1285848085848538
Campbell,,41401003,,R-1-8,0,5.45,0.19551377505303524
Campbell,,28809084,,R-1-6,0,7.26,0.1804893670359531
Campbell,,30756005,,R-1-6,0,7.26,0.1287842297990161
Campbell,,40310074,,R-1-6,0,7.26,0.16578780518594646
Campbell,,30749024,,R-1-6,0,7.26,0.14094877660971156
Campbell,,40424032,,R-1-6,0,7.26,0.15201657523914933
Campbell,,30538014,,MDR,18,25,0.20093643173125497
Campbell,,30523050,,R-1-6,0,7.26,0.1885680277011468
Campbell,,28815058,,R-1-6,0,7.26,0.2110792467199479
Campbell,,40623008,,R-1-8,0,5.45,0.2203031900833904
Campbell,,40616021,,R-1-10,0,4.35,0.1929346368857783
Campbell,,28813082,,R-1-6,0,7.26,0.15226732364233317
Campbell,,27934006,,R-1-6,0,7.26,0.14822145604496664
Campbell,,41215089,,MHDR,26,33,0.01693930615352153
Campbell,,27930004,,R-1-6,0,7.26,0.1918617447998422
Campbell,,28823069,,R-1-6,0,7.26,0.21231161409842642
Campbell,,40314045,,R-1-9,0,4.84,0.22828861016889204
Campbell,,28817036,,R-1-6,0,7.26,0.3025436314690304
Campbell,,30718008,,R-1-6,0,7.26,0.153025982195682
Campbell,,30534050,,R-1-6,0,7.26,0.23633308173622797
Campbell,,30519071,,R-1-6,0,7.26,0.2396519883664738
Campbell,,30753012,,R-1-6,0,7.26,0.1559740516127661
Campbell,,28815007,,R-1-6,0,7.26,0.3366780265139683
Campbell,,40431005,,MDR,18,25,0.18511776252486067
Campbell,,28813014,,R-1-6,0,7.26,0.17879978335563432
Campbell,,41211007,,MHDR,26,33,0.027427114138317547
Campbell,,40308014,,R-1-6,0,7.26,0.14362938726619287
Campbell,,41230032,,LI,0,0,0.5841111911907111
Campbell,,27937093,,R-1-6,0,7.26,0.20224145937702967
Campbell,,27929004,,LMDR,8,16,0.18636718790091306
Campbell,,42439025,,LI,0,0,0.3598575255503395
Campbell,,40607047,,R-1-6,0,7.26,0.13491645989978693
Campbell,,41232001,,LI,0,0,0.6344742895933055
Campbell,,27936008,,MDR,18,25,0.017561367172591318
Campbell,,40613037,,R-1-6,0,7.26,0.1458044483287461
Campbell,,28807029,,R-1-6,0,7.26,0.2724056698590079
Campbell,,30732006,,LMDR,8,16,0.20743234964268514
Campbell,,40353068,,R-1-6,0,7.26,0.19249613459102108
Campbell,,40604023,,R-1-6,0,7.26,0.1802425264635001
Campbell,,30520014,,MDR,18,25,0.1465466667998784
Campbell,,41207026,,CB-MU,26,33,0.055279497935979534
Campbell,,28824051,,R-1-6,0,7.26,0.19767410374183594
Campbell,,40343090,,R-1-6,0,7.26,0.15109147471713996
Campbell,,40606030,,R-1-6,0,7.26,0.32148266278312054
Campbell,,30523036,,R-1-6,0,7.26,0.1851195941400488
Campbell,,40614043,,R-1-8,0,5.45,0.24967603837456934
Campbell,,28824057,,R-1-6,0,7.26,0.19424022267902985
Campbell,,42405008,,R-1-6,0,7.26,0.19439263634750414
Campbell,,41240034,,R-1-8,0,5.45,0.25111070143336195
Campbell,,40336007,,MDR,18,25,0.18968076701221556
Campbell,,40602042,,R-1-6,0,7.26,0.3037887899310804
Campbell,,28813055,,LMDR,8,16,0.1643748365619893
Campbell,,30523002,,R-1-6,0,7.26,0.13201101412633034
Campbell,,40623003,,R-1-8,0,5.45,0.21753694861977685
Campbell,,40604006,,R-1-6,0,7.26,0.13775071130952385
Campbell,,28813063,,R-1-6,0,7.26,0.16648496781373637
Campbell,,28824004,,R-1-6,0,7.26,0.19591884600964418
Campbell,,41234009,,LI,0,0,0.189060311912918
Campbell,,30740012,,R-1-6,0,7.26,0.13361180176613727
Campbell,,27921021,,R-1-6,0,7.26,0.13967918359288334
Campbell,,40603020,,R-1-6,0,7.26,0.16969758650381364
Campbell,,27929012,,LMDR,8,16,0.17931334896467496
Campbell,,41211021,,MHDR,26,33,0.026296348587943413
Campbell,,30754048,,R-1-6,0,7.26,0.142339247029108
Campbell,,42403029,,R-1-6,0,7.26,0.21216161142846093
Campbell,,41404013,,R-1-8,0,5.45,0.24194469591679793
Campbell,,27936123,,MDR,18,25,0.010327202862958391
Campbell,,30750003,,MDR,18,25,0.20228550215088695
Campbell,,40615032,,R-1-8,0,5.45,0.25217835785859816
Campbell,,30534049,,R-1-6,0,7.26,0.23692367009638657
Campbell,,40344044,,R-1-6,0,7.26,0.1438225637722315
Campbell,,28812016,,R-1-6,0,7.26,0.16004117122667946
Campbell,,41433057,,R-1-6,0,7.26,0.19424666874183613
Campbell,,30534051,,R-1-6,0,7.26,0.23570274767592567
Campbell,,28807017,,R-1-6,0,7.26,0.2626703225784862
Campbell,,27936190,,MDR,18,25,0.010319058818371692
Campbell,,40429025,,R-1-10,0,4.35,0.35025818648617957
Campbell,,40316047,,R-1-10,0,4.35,0.21534618454700272
Campbell,,27919009,,R-1-6,0,7.26,0.14000025812258313
Campbell,,42402001,,OS,0,0,19.331042576280595
Campbell,,27944017,,R-1-6,0,7.26,0.14538471306118655
Campbell,,27920027,,R-1-6,0,7.26,0.13912229968194556
Campbell,,40610002,,R-1-8,0,5.45,0.21748192487331178
Campbell,,27937045,,R-1-6,0,7.26,0.18596717913435273
Campbell,,40342030,,R-1-6,0,7.26,0.15132857983633216
Campbell,,40605007,,R-1-6,0,7.26,0.14468565065347785
Campbell,,27936213,,MDR,18,25,0.016417831356617663
Campbell,,41240015,,R-1-8,0,5.45,0.22302465492576948
Campbell,,40406045,,R-1-6,0,7.26,0.28246996138939295
Campbell,,41402030,,R-1-8,0,5.45,0.18280517276568753
Campbell,,40428012,,R-1-10,0,4.35,0.27710875081346903
Campbell,,41207037,,CB-MU,26,33,0.15163647701667263
Campbell,,40617010,,LMDR,8,16,0.1820626031959972
Campbell,,27920012,,R-1-6,0,7.26,0.14315917722674454
Campbell,,28815067,,R-1-6,0,7.26,0.15177121357306453
Campbell,,40336050,,MDR,18,25,0.1967187215225484
Campbell,,28814067,,R-1-6,0,7.26,0.15025851828527328
Campbell,,27920013,,R-1-6,0,7.26,0.14310665529636488
Campbell,,40319084,,R-1-9,0,4.84,0.20760730930319557
Campbell,,40313134,,R-1-9,0,4.84,0.19654227060273596
Campbell,,28809048,,R-1-6,0,7.26,0.19191534548466854
Campbell,,27929002,,LMDR,8,16,0.26606353691716017
Campbell,,30535011,,R-1-6,0,7.26,0.2365949156934571
Campbell,,30539011,,R-1-6,0,7.26,0.14247648824195008
Campbell,,30539013,,R-1-6,0,7.26,0.1425249964187943
Campbell,,41234015,,LI,0,0,0.2205442185430493
Campbell,,28808030,,R-1-6,0,7.26,0.20364079189165218
Campbell,,30533030,,R-1-6,0,7.26,0.18595867567692734
Campbell,,27926035,,R-1-6,0,7.26,0.20921595551980246
Campbell,,40313109,,R-1-9,0,4.84,0.14799211105675522
Campbell,,28807011,,R-1-6,0,7.26,0.23577888141632183
Campbell,,30754038,,R-1-6,0,7.26,0.13658471371316946
Campbell,,40424081,,R-1-6,0,7.26,0.15857675141472513
Campbell,,41440063,,R-1-6,0,7.26,0.19525783551472142
Campbell,,41402015,,R-1-8,0,5.45,0.2089421876767048
Campbell,,41433047,,R-1-6,0,7.26,0.19154365124928624
Campbell,,41238073,,R-1-6,0,7.26,0.1644827282734443
Campbell,,30503057,,R-1-6,0,7.26,0.2287627639563617
Campbell,,40426044,,R-1-10,0,4.35,0.3097545531884358
Campbell,,30714015,,R-1-6,0,7.26,0.2043722435866416
Campbell,,28819016,,R-1-6,0,7.26,0.6198081966452241
Campbell,,40348016,,R-1-6,0,7.26,0.1446378708139778
Campbell,,40319086,,R-1-9,0,4.84,0.22229872378400964
Campbell,,41437005,,GC,0,0,0.3410479871708015
Campbell,,40426001,,R-1-8,0,5.45,0.22191978088184947
Campbell,,40408004,,R-1-6,0,7.26,0.15220521358040462
Campbell,,41215086,,MHDR,26,33,0.017050854353342405
Campbell,,40313045,,R-1-6,0,7.26,0.22535831345511537
Campbell,,40343085,,R-1-6,0,7.26,0.2034509509688665
Campbell,,30717016,,R-1-6,0,7.26,0.20461251562502833
Campbell,,41215011,,MHDR,26,33,0.01751670355530533
Campbell,,30739021,,LMDR,8,16,0.16079484710717676
Campbell,,30750028,,R-1-6,0,7.26,0.13670693944061174
Campbell,,40625022,,R-1-10,0,4.35,0.20313438359881475
Campbell,,28815068,,R-1-6,0,7.26,0.15246347596144025
Campbell,,30742027,,R-1-6,0,7.26,0.13774919042703485
Campbell,,30535017,,OS,0,0,1.861371339297075
Campbell,,40408015,,R-1-6,0,7.26,0.1483374335420977
Campbell,,40605011,,R-1-6,0,7.26,0.14003476767302367
Campbell,,28811051,,R-1-6,0,7.26,0.16191216851502332
Campbell,,41433037,,PO,0,0,0.29267267214987064
Campbell,,30753038,,R-1-6,0,7.26,0.1555479075678494
Campbell,,30708005,,R-1-6,0,7.26,0.1517170769609241
Campbell,,27936081,,MDR,18,25,0.016420464082940497
Campbell,,40432042,,R-1-6,0,7.26,0.14360115619522115
Campbell,,40344033,,R-1-6,0,7.26,0.14055316624780784
Campbell,,30545011,,MDR,18,25,0.018410029362125678
Campbell,,40312061,,R-1-9,0,4.84,0.20071016391412105
Campbell,,41401036,,NC,0,0,0.42492504982020357
Campbell,,40610016,,R-1-8,0,5.45,0.24601458992235448
Campbell,,27941037,,CB-MU,26,33,0.1505334649356772
Campbell,,28813074,,R-1-6,0,7.26,0.16934991579334657
Campbell,,40407009,,R-1-6,0,7.26,0.19336124479471126
Campbell,,28815060,,R-1-6,0,7.26,0.1587535908493648
Campbell,,42401075,,LI,0,0,2.1315373672848454
Campbell,,30716014,,NC,0,0,0.6774187395466631
Campbell,,41212026,,MHDR,26,33,1.089432809075001
Campbell,,30533052,,R-1-6,0,7.26,0.1965778796161524
Campbell,,40602006,,R-1-6,0,7.26,0.15031564123591107
Campbell,,40344027,,R-1-6,0,7.26,0.13695731784866846
Campbell,,41205069,,OS,0,0,0.12737853611178282
Campbell,,40308072,,R-1-6,0,7.26,0.14509501990858897
Campbell,,27922006,,R-1-6,0,7.26,0.26946404725019796
Campbell,,27944032,,R-1-6,0,7.26,0.17076686181787074
Campbell,,40426054,,R-1-10,0,4.35,0.2664091035678076
Campbell,,30534010,,R-1-6,0,7.26,0.3912944314019217
Campbell,,41237044,,R-1-6,0,7.26,0.2694557819456227
Campbell,,40346049,,R-1-6,0,7.26,0.42126414126270445
Campbell,,27937068,,PO,0,0,0.12700047330151124
Campbell,,28811009,,MDR,18,25,0.14355051294753512
Campbell,,41239036,,R-1-8,0,5.45,0.259999324151313
Campbell,,30756028,,R-1-6,0,7.26,0.18312929282753596
Campbell,,40619035,,LMDR,8,16,0.21582500038437347
Campbell,,30524018,,R-1-6,0,7.26,0.22639298044642442
Campbell,,41218005,,MHDR,26,33,0.023403440216022774
Campbell,,28814038,,R-1-6,0,7.26,0.2138021333176014
Campbell,,42404072,,R-1-6,0,7.26,0.027804173393188546
Campbell,,30753008,,R-1-6,0,7.26,0.14370191782276448
Campbell,,40605046,,R-1-6,0,7.26,0.14169383758493181
Campbell,,27941007,,CB-MU,26,33,0.24863175257198264
Campbell,,42404080,,R-1-6,0,7.26,0.20027881943268122
Campbell,,27933023,,R-1-6,0,7.26,0.21618987293363884
Campbell,,28816008,,R-1-6,0,7.26,0.23210889290587872
Campbell,,40342005,,R-1-6,0,7.26,0.136177801031427
Campbell,,30535006,,R-1-6,0,7.26,0.23724620873296998
Campbell,,40619040,,R-1-8,0,5.45,0.30042442196971625
Campbell,,40343096,,R-1-6,0,7.26,0.15595494174085653
Campbell,,40613010,,R-1-6,0,7.26,0.202210521955362
Campbell,,28813078,,R-1-6,0,7.26,0.15932221709395294
Campbell,,40310122,,R-1-6,0,7.26,0.2293611836030263
Campbell,,28824014,,R-1-6,0,7.26,0.1811950066061203
Campbell,,40308064,,R-1-6,0,7.26,0.16643280439468472
Campbell,,41438071,,R-1-6,0,7.26,0.16758282041683503
Campbell,,40315093,,R-1-9,0,4.84,0.21291640169212783
Campbell,,27919006,,R-1-6,0,7.26,0.1402067899206674
Campbell,,40426052,,R-1-10,0,4.35,0.273684758245809
Campbell,,30535013,,R-1-6,0,7.26,0.2861569858575692
Campbell,,40348071,,R-1-6,0,7.26,0.14929768613767827
Campbell,,40408002,,R-1-6,0,7.26,0.14752303417593587
Campbell,,27920006,,R-1-6,0,7.26,0.14108488782286313
Campbell,,30519082,,R-1-6,0,7.26,0.19884605557465393
Campbell,,40425022,,R-1-6,0,7.26,0.19089959892307404
Campbell,,40314058,,R-1-9,0,4.84,0.21138976427098027
Campbell,,41440072,,R-1-6,0,7.26,0.1606962212154162
Campbell,,27936241,,MDR,18,25,0.01641868263567356
Campbell,,40612080,,R-1-6,0,7.26,0.17749979349727601
Campbell,,28812070,,R-1-6,0,7.26,0.16508488199594754
Campbell,,41238080,,R-1-6,0,7.26,0.14689919612748797
Campbell,,40343099,,R-1-6,0,7.26,0.13791021888047617
Campbell,,40429012,,R-1-10,0,4.35,0.24330030661481838
Campbell,,28825022,,R-1-6,0,7.26,0.18210104385733014
Campbell,,28812020,,LMDR,8,16,0.15393163121510048
Campbell,,40607008,,R-1-6,0,7.26,0.14543740519997156
Campbell,,28816014,,R-1-6,0,7.26,0.24228029657064898
Campbell,,27920047,,R-1-6,0,7.26,0.13588861804036353
Campbell,,40353064,,R-1-6,0,7.26,0.16137751235201164
Campbell,,30520040,,R-1-6,0,7.26,0.18587703100137
Campbell,,42404052,,R-1-6,0,7.26,0.21672664989116727
Campbell,,40408025,,R-1-6,0,7.26,0.15949666208726607
Campbell,,30741026,,MDR,18,25,0.19695598449928403
Campbell,,41248002,,MHDR,26,33,0.024823188265966706
Campbell,,42443045,,MDR,18,25,0.012624767867826913
Campbell,,41214008,,MHDR,26,33,0.015697119124402293
Campbell,,27936258,,MDR,18,25,0.010323917174569252
Campbell,,30726024,,LMDR,8,16,0.16617798874226747
Campbell,,30726030,,MDR,18,25,0.19353851824949722
Campbell,,30503048,,R-1-6,0,7.26,0.3232886805240443
Campbell,,40613076,,LMDR,8,16,0.189371548640202
Campbell,,40344034,,R-1-6,0,7.26,0.142866586058643
Campbell,,28824040,,R-1-6,0,7.26,0.2058717585531211
Campbell,,40360001,,MDR,18,25,0.19221826235846962
Campbell,,40613075,,LMDR,8,16,0.1776260703148058
Campbell,,41404041,,NC,0,0,0.21637577197994443
Campbell,,41239007,,R-1-8,0,5.45,0.20853396238250033
Campbell,,30554019,,MDR,18,25,0.013280111045866445
Campbell,,40429048,,R-1-16,0,2.72,0.33177675138603085
Campbell,,30750045,,R-1-6,0,7.26,0.25949167320321503
Campbell,,30534044,,R-1-6,0,7.26,0.2443973823245339
Campbell,,41436014,,LI,0,0,1.0389534596650287
Campbell,,40406069,,R-1-6,0,7.26,0.28130062864109273
Campbell,,40406015,,R-1-6,0,7.26,0.23849728765025519
Campbell,,30755003,,R-1-6,0,7.26,0.14153096067353893
Campbell,,28813086,,R-1-6,0,7.26,0.17827025864085932
Campbell,,40423028,,R-1-6,0,7.26,0.23666496372214918
Campbell,,30752063,,R-1-6,0,7.26,0.14710292177519185
Campbell,,27927028,,R-1-6,0,7.26,0.1848600881928309
Campbell,,27929009,,LMDR,8,16,0.17987691433630804
Campbell,,30741015,,R-1-6,0,7.26,0.14243543692293809
Campbell,,28810011,,R-1-6,0,7.26,0.22444399759268577
Campbell,,27923030,,R-1-6,0,7.26,0.2509006811821482
Campbell,,27924010,,R-1-6,0,7.26,0.21077524520755136
Campbell,,28216046,,LMDR,8,16,0.032506757028209356
Campbell,,30739030,,CC-MU,45,60,0.6993204317272437
Campbell,,41209032,,CC-MU,45,60,0.09870807781356707
Campbell,,40605030,,R-1-6,0,7.26,0.15776410264795426
Campbell,,40623031,,R-1-8,0,5.45,0.22425946680424297
Campbell,,40425054,,R-1-6,0,7.26,0.18597728350720008
Campbell,,40430029,,R-1-10,0,4.35,0.2282064542957351
Campbell,,30716004,,NC,0,0,0.5616223885375895
Campbell,,28216018,,LMDR,8,16,0.16703646658037014
Campbell,,27919005,,R-1-6,0,7.26,0.14031202094182954
Campbell,,28819012,,R-1-6,0,7.26,0.2299785238522759
Campbell,,40624051,,R-1-10,0,4.35,0.2849182891865496
Campbell,,40302052,,NC,0,0,0.4873888633999787
Campbell,,41231017,,LI,0,0,0.3249640410247699
Campbell,,28805014,,R-1-6,0,7.26,0.23203781876742124
Campbell,,41441012,,MHDR,26,33,0.13450381481988394
Campbell,,30753018,,R-1-6,0,7.26,0.14273874811072726
Campbell,,41211042,,MHDR,26,33,0.025962320170675734
Campbell,,40636004,,LMDR,8,16,0.016319511469526385
Campbell,,40314013,,R-1-9,0,4.84,0.18215738657113698
Campbell,,40348013,,R-1-6,0,7.26,0.1863524927870305
Campbell,,41436007,,LI,0,0,0.9681617459129185
Campbell,,28808016,,R-1-6,0,7.26,0.14985670133846074
Campbell,,28814056,,R-1-6,0,7.26,0.14137315060002664
Campbell,,30742005,,R-1-6,0,7.26,0.14207416252978936
Campbell,,30519023,,R-1-6,0,7.26,0.17929419778156863
Campbell,,40315017,,R-1-9,0,4.84,0.2370451962788652
Campbell,,27937044,,R-1-6,0,7.26,0.18600030155870498
Campbell,,40353093,,R-1-6,0,7.26,0.1395571072836751
Campbell,,30550010,,MDR,18,25,0.018556952511875113
Campbell,,30732003,,MDR,18,25,0.18859798348303164
Campbell,,30715049,,R-1-6,0,7.26,0.15244762088998542
Campbell,,30531027,,MDR,18,25,0.2037855672860566
Campbell,,30533073,,R-1-6,0,7.26,0.25039511576374124
Campbell,,28825024,,R-1-6,0,7.26,0.18210123810423062
Campbell,,28810067,,R-1-6,0,7.26,0.16398700759297405
Campbell,,40614044,,R-1-8,0,5.45,0.256675091812106
Campbell,,41235020,,R-1-6,0,7.26,0.13753483114543402
Campbell,,41215016,,MHDR,26,33,0.017841990313608162
Campbell,,30751018,,R-1-6,0,7.26,0.14696837476262287
Campbell,,40336030,,MDR,18,25,0.1858579756259935
Campbell,,40406041,,R-1-6,0,7.26,0.23837152106761875
Campbell,,42404053,,R-1-6,0,7.26,0.21016937534407817
Campbell,,30755004,,R-1-6,0,7.26,0.12642799684665856
Campbell,,40317014,,R-1-9,0,4.84,0.21058304483064713
Campbell,,42433066,,RD,0,0,0.6515149527243443
Campbell,,40607046,,R-1-6,0,7.26,0.14340883926781028
Campbell,,30715055,,R-1-6,0,7.26,0.18603581124642055
Campbell,,41209016,,CC-MU,45,60,0.21622936513811508
Campbell,,40601076,,R-1-6,0,7.26,0.16775570622284852
Campbell,,40624023,,R-1-10,0,4.35,0.2996791648820053
Campbell,,40344037,,R-1-6,0,7.26,0.14045054954859526
Campbell,,30741002,,R-1-6,0,7.26,0.14283569154660788
Campbell,,41402059,,R-1-8,0,5.45,0.21110977883150797
Campbell,,28819008,,R-1-6,0,7.26,0.21543249046233937
Campbell,,40314062,,R-1-9,0,4.84,0.16859496916348604
Campbell,,40617030,,R-1-6,0,7.26,0.15646120572495598
Campbell,,28808004,,R-1-6,0,7.26,0.3572474965590356
Campbell,,27939070,,CB-MU,26,33,0.1611821028782297
Campbell,,30717041,,R-1-6,0,7.26,0.1389830630526113
Campbell,,40313049,,R-1-6,0,7.26,0.18671047248162168
Campbell,,30740015,,R-1-6,0,7.26,0.1339643092508869
Campbell,,28824029,,R-1-6,0,7.26,0.18516578346543675
Campbell,,30518023,,R-1-6,0,7.26,0.16100429492326862
Campbell,,40318103,,R-1-9,0,4.84,0.13933811923439895
Campbell,,40343075,,R-1-6,0,7.26,0.13289155202871594
Campbell,,40432030,,R-1-6,0,7.26,0.18878628927346885
Campbell,,40347014,,PF,0,0,1.024180515863328
Campbell,,40431049,,MDR,18,25,0.2129186161663751
Campbell,,27936052,,MDR,18,25,0.017560784662142243
Campbell,,40408046,,R-1-6,0,7.26,0.14532698039306277
Campbell,,30516019,,LMDR,8,16,0.02610199672206588
Campbell,,27936324,,MDR,18,25,0.01756312222192905
Campbell,,41433050,,R-1-6,0,7.26,0.19282880697016966
Campbell,,30755006,,R-1-6,0,7.26,0.13491914699611995
Campbell,,30520003,,MDR,18,25,0.22116844306269445
Campbell,,30747043,,MDR,18,25,0.01892589041485439
Campbell,,27945028,,R-1-6,0,7.26,0.1694034459766325
Campbell,,30708036,,R-1-6,0,7.26,0.14500278811545206
Campbell,,40624009,,R-1-10,0,4.35,0.25372792281138296
Campbell,,40601022,,R-1-6,0,7.26,0.17135435818681094
Campbell,,28802011,,TO-MU,57,75,0.5555146705053161
Campbell,,30747036,,LMDR,8,16,0.18485203547960816
Campbell,,41215072,,MHDR,26,33,0.017812674009916714
Campbell,,41438036,,LMDR,8,16,0.18925462703744053
Campbell,,40310093,,R-1-6,0,7.26,0.40407728494554224
Campbell,,40343073,,R-1-6,0,7.26,0.13162954231282387
Campbell,,30755002,,R-1-6,0,7.26,0.1436412547842767
Campbell,,30752007,,R-1-6,0,7.26,0.14499413825685573
Campbell,,40353044,,R-1-6,0,7.26,0.15186320800071162
Campbell,,28823055,,R-1-6,0,7.26,0.242561887514816
Campbell,,40426016,,R-1-6,0,7.26,0.23464136562205323
Campbell,,40348024,,R-1-6,0,7.26,0.18479385674424914
Campbell,,27936179,,MDR,18,25,0.010321207725370395
Campbell,,28813053,,R-1-6,0,7.26,0.1693524507310822
Campbell,,40319117,,R-1-9,0,4.84,0.19505874498319903
Campbell,,40431001,,MDR,18,25,0.20752309518357123
Campbell,,42439024,,RD,0,0,0.3660690036634854
Campbell,,40344051,,R-1-6,0,7.26,0.13392171086194926
Campbell,,40408048,,R-1-6,0,7.26,0.1452851952069303
Campbell,,30752004,,R-1-6,0,7.26,0.14654341019794076
Campbell,,30707056,,R-1-6,0,7.26,0.14738402016240876
Campbell,,42405020,,R-1-6,0,7.26,0.19547691924585603
Campbell,,40618002,,R-1-6,0,7.26,0.14766452190191567
Campbell,,27939019,,R-1-6,0,7.26,0.1656872199612959
Campbell,,27929024,,R-1-6,0,7.26,0.1947183380967332
Campbell,,40319004,,R-1-9,0,4.84,0.23383359406237647
Campbell,,41240029,,R-1-8,0,5.45,0.24466580567801385
Campbell,,42401156,,LI,0,0,0.3170896327255814
Campbell,,30749049,,R-1-6,0,7.26,0.6446511071707699
Campbell,,41208072,,TO-MU,57,75,2.7631294074198514
Campbell,,41240035,,R-1-8,0,5.45,0.28662579226070817
Campbell,,27927052,,R-1-6,0,7.26,0.184432796364569
Campbell,,28217015,,R-1-6,0,7.26,0.16608144425885032
Campbell,,30741016,,R-1-6,0,7.26,0.1425253490522956
Campbell,,30550003,,MDR,18,25,0.019270057808238365
Campbell,,40425009,,R-1-6,0,7.26,0.1916550463840226
Campbell,,41241005,,R-1-8,0,5.45,0.21513063261541862
Campbell,,28812039,,R-1-6,0,7.26,0.1553107988284982
Campbell,,40624028,,R-1-10,0,4.35,0.2606124219349589
Campbell,,40344031,,R-1-6,0,7.26,0.14058624136202885
Campbell,,28802008,,TO-MU,57,75,0.3163463116701209
Campbell,,40312008,,R-1-9,0,4.84,0.2537543864159604
Campbell,,40614058,,R-1-8,0,5.45,0.3188051033606787
Campbell,,40313071,,R-1-6,0,7.26,0.14920233974505948
Campbell,,27930050,,GC,0,0,0.2037061305344196
Campbell,,40617029,,R-1-6,0,7.26,0.1604222031523449
Campbell,,27936193,,MDR,18,25,0.01641876150782479
Campbell,,40612011,,R-1-6,0,7.26,0.13172769731535042
Campbell,,30516005,,LMDR,8,16,0.028801285180453925
Campbell,,28812005,,R-1-6,0,7.26,0.16457202697479642
Campbell,,41241016,,R-1-8,0,5.45,0.22816324507014374
Campbell,,27920043,,R-1-6,0,7.26,0.14019070019199412
Campbell,,40310131,,R-1-6,0,7.26,0.13552265387638163
Campbell,,40432002,,MDR,18,25,0.18481496686794135
Campbell,,27922039,,R-1-6,0,7.26,0.22346601920188386
Campbell,,40616023,,R-1-10,0,4.35,0.44043978476038154
Campbell,,28814059,,R-1-6,0,7.26,0.15348536023000733
Campbell,,27939064,,R-1-6,0,7.26,0.17006994326109606
Campbell,,40316018,,R-1-10,0,4.35,0.39464532984393874
Campbell,,28815029,,R-1-6,0,7.26,0.147145039638545
Campbell,,27936251,,MDR,18,25,0.01755998885098459
Campbell,,40622061,,R-1-10,0,4.35,0.3379232076916662
Campbell,,28816005,,R-1-6,0,7.26,0.23925653506284636
Campbell,,27921043,,R-1-6,0,7.26,0.17183612123918962
Campbell,,28812021,,R-1-6,0,7.26,0.15913329657853195
Campbell,,41404030,,R-1-8,0,5.45,0.22648825155826927
Campbell,,28806058,,R-1-6,0,7.26,0.2429952767645165
Campbell,,41441015,,MHDR,26,33,0.08199115572980697
Campbell,,40606045,,R-1-6,0,7.26,0.21485876413960706
Campbell,,30743016,,R-1-6,0,7.26,0.16337177785296486
Campbell,,40636019,,LMDR,8,16,0.01671130758422515
Campbell,,30748009,,R-1-6,0,7.26,0.1470799585894088
Campbell,,30534059,,R-1-6,0,7.26,0.14093650215893655
Campbell,,28823057,,R-1-6,0,7.26,0.24037700927201425
Campbell,,30753061,,R-1-6,0,7.26,0.14078896086399653
Campbell,,42404043,,R-1-6,0,7.26,0.1972598377922284
Campbell,,41237003,,R-1-8,0,5.45,0.3586426997074444
Campbell,,40422051,,R-1-6,0,7.26,0.18796029247959226
Campbell,,41204016,,HD-MU,34,45,0.14953452174645537
Campbell,,30534020,,R-1-6,0,7.26,0.2554843822962488
Campbell,,30717010,,R-1-6,0,7.26,0.14758176082961427
Campbell,,27946016,,R-1-6,0,7.26,0.11257377962714499
Campbell,,40314039,,R-1-9,0,4.84,0.20595145863745545
Campbell,,40319092,,R-1-9,0,4.84,0.22378428523154978
Campbell,,28824033,,R-1-6,0,7.26,0.1764104042714701
Campbell,,41404033,,R-1-8,0,5.45,0.24300625082067134
Campbell,,27923066,,R-1-6,0,7.26,0.15092813347063636
Campbell,,42405010,,R-1-6,0,7.26,0.19973975889432724
Campbell,,30751014,,R-1-6,0,7.26,0.1601494324799148
Campbell,,42401065,,LI,0,0,0.2834377304454959
Campbell,,41210033,,MHDR,26,33,0.25411940945013534
Campbell,,41440070,,R-1-6,0,7.26,0.18357388583167547
Campbell,,42443005,,MDR,18,25,0.0132044637535379
Campbell,,28815056,,R-1-6,0,7.26,0.24537909173529307
Campbell,,40624022,,R-1-10,0,4.35,0.30814932360927993
Campbell,,27920055,,R-1-6,0,7.26,0.13210946810513008
Campbell,,40625001,,R-1-10,0,4.35,0.3240228501321621
Campbell,,30753101,,R-1-6,0,7.26,0.14052774265048518
Campbell,,40617002,,R-1-10,0,4.35,0.2948193865695735
Campbell,,41207030,,CB-MU,26,33,0.03851809752588912
Campbell,,41218007,,MHDR,26,33,0.023273681288762074
Campbell,,40603001,,R-1-6,0,7.26,0.15755952128557235
Campbell,,41210029,,MHDR,26,33,0.18841463251202725
Campbell,,27936055,,MDR,18,25,0.010325700297294104
Campbell,,42401098,,LI,0,0,0.2152140803869767
Campbell,,30743001,,R-1-6,0,7.26,0.1660355058088483
Campbell,,41441019,,MHDR,26,33,0.10089323320681212
Campbell,,40401031,,HD-MU,34,45,0.8203857500188113
Campbell,,41402060,,R-1-8,0,5.45,0.21411925533999507
Campbell,,40346003,,R-1-6,0,7.26,0.14094214351996345
Campbell,,28825012,,R-1-6,0,7.26,0.22099933883877917
Campbell,,28808050,,R-1-6,0,7.26,0.18914239600585783
Campbell,,40401012,,MDR,18,25,0.18757377562998018
Campbell,,40309018,,R-1-6,0,7.26,0.2245723454972469
Campbell,,28814057,,R-1-6,0,7.26,0.1415229596964023
Campbell,,41206076,,CB-MU,26,33,0.15916662831335363
Campbell,,40316064,,LMDR,8,16,0.25243944469074475
Campbell,,30752008,,R-1-6,0,7.26,0.1463049423430301
Campbell,,40343046,,R-1-6,0,7.26,0.14419283648826153
Campbell,,42443021,,MDR,18,25,0.011868337275761585
Campbell,,41435024,,LMDR,8,16,0.02638114798637076
Campbell,,28813017,,R-1-6,0,7.26,0.17927159460003142
Campbell,,41404018,,R-1-8,0,5.45,0.2163672852224625
Campbell,,27936130,,MDR,18,25,0.010323154199348058
Campbell,,40408049,,R-1-6,0,7.26,0.14532267393614953
Campbell,,28808028,,R-1-6,0,7.26,0.19277526875672585
Campbell,,41209013,,CC-MU,45,60,0.09642701513745962
Campbell,,41218059,,MHDR,26,33,0.023399922046594232
Campbell,,30717044,,R-1-6,0,7.26,0.17770493569709825
Campbell,,28217013,,LMDR,8,16,0.2725930653839516
Campbell,,28224012,,ROW,0,0,1.0856817235815883
Campbell,,40312063,,R-1-9,0,4.84,0.17873312847408548
Campbell,,30524028,,R-1-6,0,7.26,0.17617035584330676
Campbell,,40425037,,R-1-6,0,7.26,0.16899436091658634
Campbell,,40318076,,R-1-9,0,4.84,0.2090932427632256
Campbell,,30740004,,R-1-6,0,7.26,0.14322306745790636
Campbell,,30519002,,MDR,18,25,0.3958625935013177
Campbell,,30714028,,R-1-6,0,7.26,0.16545598199306902
Campbell,,40607040,,R-1-6,0,7.26,0.1323380532945393
Campbell,,28808066,,R-1-6,0,7.26,0.2544298537416568
Campbell,,27936311,,MDR,18,25,0.010323318019944131
Campbell,,27936020,,MDR,18,25,0.017561367172591318
Campbell,,40613072,,R-1-6,0,7.26,0.14287312670968264
Campbell,,30743026,,R-1-6,0,7.26,0.1545609813632817
Campbell,,28817001,,R-1-6,0,7.26,0.22077383797651454
Campbell,,30717023,,R-1-6,0,7.26,0.14820212131289048
Campbell,,30707057,,R-1-6,0,7.26,0.1473841636978301
Campbell,,40614041,,R-1-8,0,5.45,0.23282599475542093
Campbell,,27936170,,MDR,18,25,0.010323154192275539
Campbell,,40624007,,R-1-10,0,4.35,0.24172226275639033
Campbell,,40316072,,R-1-10,0,4.35,0.1329248920181444
Campbell,,30754040,,R-1-6,0,7.26,0.13531104242757216
Campbell,,30739013,,R-1-6,0,7.26,0.1750618348951009
Campbell,,28812078,,R-1-6,0,7.26,0.16897472896072657
Campbell,,41238041,,R-1-6,0,7.26,0.3001342812056708
Campbell,,41230015,,MHDR,26,33,0.369874448037509
Campbell,,28815086,,R-1-6,0,7.26,0.21213261416263163
Campbell,,30748024,,R-1-6,0,7.26,0.1456089845116121
Campbell,,40426049,,R-1-10,0,4.35,0.2793966689042808
Campbell,,30522018,,R-1-6,0,7.26,0.17527862636137065
Campbell,,30533075,,R-1-6,0,7.26,0.22773657259440458
Campbell,,40426034,,R-1-8,0,5.45,0.2643433409996933
Campbell,,40313001,,R-1-6,0,7.26,0.03123088495766949
Campbell,,41215036,,MHDR,26,33,0.01693850767130432
Campbell,,41237063,,R-1-6,0,7.26,0.15030871499636658
Campbell,,41218036,,MHDR,26,33,0.022601093861044842
Campbell,,40422061,,R-1-6,0,7.26,0.13843235430429643
Campbell,,28812023,,R-1-6,0,7.26,0.1910109039144018
Campbell,,30754007,,R-1-6,0,7.26,0.1422176178996395
Campbell,,30533057,,R-1-6,0,7.26,0.1809854825521771
Campbell,,40408033,,R-1-6,0,7.26,0.1487964049104806
Campbell,,40313003,,R-1-9,0,4.84,0.22983155578838965
Campbell,,40427020,,OS,0,0,9.59375034305708
Campbell,,40604043,,R-1-6,0,7.26,0.14719333547661637
Campbell,,28825013,,R-1-6,0,7.26,0.22128914441426523
Campbell,,30750006,,MDR,18,25,0.18290349616269166
Campbell,,41435026,,LMDR,8,16,0.026367508238162824
Campbell,,40425043,,R-1-6,0,7.26,0.22412996272379626
Campbell,,28825083,,R-1-6,0,7.26,0.1493089503375663
Campbell,,40624017,,R-1-10,0,4.35,0.28467344470645506
Campbell,,40408056,,R-1-6,0,7.26,0.13660183908700047
Campbell,,40601035,,R-1-6,0,7.26,0.1610381430023658
Campbell,,30545018,,MDR,18,25,0.01842725512902749
Campbell,,28817044,,R-1-6,0,7.26,0.23522248097401113
Campbell,,41438091,,R-1-6,0,7.26,0.15059521484820468
Campbell,,41230021,,LI,0,0,0.5951493246855717
Campbell,,40623001,,R-1-8,0,5.45,0.28786103625522336
Campbell,,30748059,,R-1-6,0,7.26,0.15808176487610237
Campbell,,27938003,,R-1-6,0,7.26,0.29284639062954304
Campbell,,40342029,,R-1-6,0,7.26,0.1356529784398204
Campbell,,27920069,,R-1-6,0,7.26,0.1400355943034371
Campbell,,40316095,,R-1-10,0,4.35,0.14754011917693838
Campbell,,42404060,,R-1-6,0,7.26,0.19876413102050305
Campbell,,40602080,,R-1-6,0,7.26,0.4246419753709784
Campbell,,40624075,,R-1-10,0,4.35,0.3030170936909558
Campbell,,40607059,,R-1-6,0,7.26,0.2292721955847825
Campbell,,41209041,,CC-MU,45,60,0.28558424815951167
Campbell,,40348058,,R-1-6,0,7.26,0.14950317023465975
Campbell,,30753031,,R-1-6,0,7.26,0.14104669518821614
Campbell,,28824019,,R-1-6,0,7.26,0.18342397807121186
Campbell,,41230046,,LI,0,0,0.07659760413066334
Campbell,,27934011,,R-1-6,0,7.26,0.16307151202784928
Campbell,,30715002,,R-1-6,0,7.26,0.15094240327757036
Campbell,,27936156,,MDR,18,25,0.017561367172591318
Campbell,,41441042,,MHDR,26,33,0.09536631942799927
Campbell,,27920064,,R-1-6,0,7.26,0.1347524725655131
Campbell,,40343094,,R-1-6,0,7.26,0.1615005383568303
Campbell,,41228039,,MHDR,26,33,0.01741896145189471
Campbell,,27936226,,MDR,18,25,0.010321389361143067
Campbell,,28810005,,R-1-6,0,7.26,0.22918782605181398
Campbell,,40308081,,R-1-6,0,7.26,0.14011523602415873
Campbell,,27929017,,R-1-6,0,7.26,0.24202614625247698
Campbell,,27913031,,R-1-6,0,7.26,0.1904343269765074
Campbell,,40430019,,R-1-10,0,4.35,0.1749042416983507
Campbell,,28813042,,R-1-6,0,7.26,0.17683116089347234
Campbell,,41232008,,LI,0,0,1.4415740195370343
Campbell,,40612085,,R-1-6,0,7.26,0.15818245600758585
Campbell,,27930029,,R-1-6,0,7.26,0.18305016903327698
Campbell,,30753025,,R-1-6,0,7.26,0.15258947603649825
Campbell,,40424040,,R-1-6,0,7.26,0.15147940626613696
Campbell,,40353082,,R-1-6,0,7.26,0.15846675400540747
Campbell,,30753005,,R-1-6,0,7.26,0.1444543376932679
Campbell,,28810048,,R-1-6,0,7.26,0.24262649200511088
Campbell,,30752057,,R-1-6,0,7.26,0.1506429251281169
Campbell,,41239004,,R-1-8,0,5.45,0.2290246355628026
Campbell,,41434037,,R-1-6,0,7.26,0.1847780381445363
Campbell,,40432043,,R-1-6,0,7.26,0.1418023484730612
Campbell,,30756014,,R-1-6,0,7.26,0.13552219358264533
Campbell,,30539016,,R-1-6,0,7.26,0.2242816995930904
Campbell,,41219006,,MHDR,26,33,0.0122448661420987
Campbell,,28810002,,R-1-6,0,7.26,0.237730027044496
Campbell,,30539010,,R-1-6,0,7.26,0.15174628560015094
Campbell,,40601033,,R-1-6,0,7.26,0.162489340622954
Campbell,,40430074,,R-1-16,0,2.72,0.18136333759436898
Campbell,,41235035,,R-1-6,0,7.26,0.15493459673111498
Campbell,,30533031,,R-1-6,0,7.26,0.17976007619169274
Campbell,,30538050,,MDR,18,25,0.1725437001953014
Campbell,,42406118,,PO,0,0,0.5077973804664752
Campbell,,41239001,,R-1-8,0,5.45,0.26819018294402386
Campbell,,40430001,,R-1-16,0,2.72,0.38783635274932066
Campbell,,30726023,,LMDR,8,16,0.16677127134821101
Campbell,,28808012,,R-1-6,0,7.26,0.4742118086229173
Campbell,,41214001,,MHDR,26,33,0.01619379978845517
Campbell,,41232021,,LI,0,0,0.20327406570239562
Campbell,,30519012,,R-1-6,0,7.26,0.16543528541211994
Campbell,,40429041,,R-1-16,0,2.72,0.24902873710249412
Campbell,,40622055,,NC,0,0,0.24643828913638513
Campbell,,30534057,,R-1-6,0,7.26,0.2513546643222225
Campbell,,30743024,,R-1-6,0,7.26,0.16485610241033752
Campbell,,30504013,,PO,0,0,0.12735392605613594
Campbell,,40422021,,R-1-6,0,7.26,0.15530450333405005
Campbell,,40603002,,R-1-6,0,7.26,0.14940384760169645
Campbell,,27936034,,MDR,18,25,0.010327013907814302
Campbell,,40317037,,R-1-9,0,4.84,0.20962793975168093
Campbell,,40336029,,MDR,18,25,0.1841369774787027
Campbell,,41230013,,MHDR,26,33,0.16799118604458424
Campbell,,27913043,,R-1-6,0,7.26,0.19665810110594328
Campbell,,40636003,,LMDR,8,16,0.01626272380887931
Campbell,,27936321,,MDR,18,25,0.016419669957900482
Campbell,,28825025,,R-1-6,0,7.26,0.18210088616430836
Campbell,,27922005,,R-1-6,0,7.26,0.24608923037669636
Campbell,,27941043,,CB-MU,26,33,0.12223322752264891
Campbell,,27913045,,R-1-6,0,7.26,0.19123007756493188
Campbell,,40347001,,R-1-6,0,7.26,0.17982009832308105
Campbell,,40318106,,R-1-9,0,4.84,0.23629483674259824
Campbell,,28217052,,R-1-6,0,7.26,0.16730256229441068
Campbell,,40617037,,R-1-6,0,7.26,0.17535341709841146
Campbell,,40408010,,R-1-6,0,7.26,0.15147367686335503
Campbell,,28815071,,R-1-6,0,7.26,0.24184617227341723
Campbell,,28811019,,MDR,18,25,0.1633988620140647
Campbell,,30523006,,R-1-6,0,7.26,0.1837072374843277
Campbell,,28217012,,LMDR,8,16,0.17589729728670855
Campbell,,42404025,,R-1-6,0,7.26,0.21271702984117716
Campbell,,40428009,,R-1-10,0,4.35,0.40723660213491775
Campbell,,40423025,,R-1-6,0,7.26,0.1771729897244805
Campbell,,41404008,,NC,0,0,0.5663695848044046
Campbell,,40348066,,R-1-6,0,7.26,0.14562871645758846
Campbell,,41433042,,R-1-6,0,7.26,0.2007164621701051
Campbell,,27937030,,R-1-6,0,7.26,0.18225274131518931
Campbell,,28809066,,R-1-6,0,7.26,0.34864948116450684
Campbell,,30754011,,R-1-6,0,7.26,0.19589914012777945
Campbell,,41218068,,MHDR,26,33,0.019840011063829644
Campbell,,27936305,,MDR,18,25,0.016408444206487103
Campbell,,28812040,,R-1-6,0,7.26,0.15532235258087154
Campbell,,40408036,,R-1-6,0,7.26,0.14498228256778659
Campbell,,30748015,,LMDR,8,16,0.1632329708038841
Campbell,,40309026,,R-1-6,0,7.26,0.19138354762376783
Campbell,,42433021,,RD,0,0,0.9444910104005929
Campbell,,40341005,,MDR,18,25,0.1904663766697959
Campbell,,27945003,,R-1-6,0,7.26,0.3575662693515112
Campbell,,41218001,,MHDR,26,33,0.023272105298281966
Campbell,,27937005,,MHDR,26,33,0.6598474790898842
Campbell,,42405068,,R-1-6,0,7.26,0.21055667659599428
Campbell,,41228004,,MHDR,26,33,0.014037915626201049
Campbell,,40308074,,R-1-6,0,7.26,0.16839590944599223
Campbell,,40422018,,R-1-6,0,7.26,0.1411805887626511
Campbell,,30537009,,LMDR,8,16,0.1920666915034517
Campbell,,41230022,,LI,0,0,0.6628821643257586
Campbell,,40316096,,NC-MU,18,25,0.5898820765578473
Campbell,,41238053,,R-1-6,0,7.26,0.16602893257211992
Campbell,,40614057,,R-1-8,0,5.45,0.31984560970511483
Campbell,,27939046,,R-1-6,0,7.26,0.21247093940360287
Campbell,,40622058,,R-1-10,0,4.35,0.28028934046270365
Campbell,,41233024,,LI,0,0,0.2658319220400687
Campbell,,40406024,,R-1-6,0,7.26,0.2928530429121578
Campbell,,40609027,,GC,0,0,0.3048949606076512
Campbell,,40606035,,R-1-6,0,7.26,0.3358942451417279
Campbell,,30727082,,LMDR,8,16,0.1795603147568598
Campbell,,40602018,,R-1-6,0,7.26,0.2186750189200171
Campbell,,27936232,,MDR,18,25,0.017564222009865366
Campbell,,41235015,,R-1-6,0,7.26,0.14406913141739658
Campbell,,28810060,,MDR,18,25,0.19649236900505862
Campbell,,42405045,,R-1-6,0,7.26,0.1836460790695823
Campbell,,27936056,,MDR,18,25,0.017561340769246
Campbell,,27930023,,R-1-6,0,7.26,0.15744877599443102
Campbell,,40318013,,R-1-9,0,4.84,0.35277158005227255
Campbell,,40310060,,OS,0,0,0.361193436007977
Campbell,,28823067,,R-1-6,0,7.26,0.29077510759283165
Campbell,,30714020,,R-1-6,0,7.26,0.14022576695993508
Campbell,,30523031,,R-1-6,0,7.26,0.2817822909932857
Campbell,,28809042,,R-1-6,0,7.26,0.20317085490289122
Campbell,,41235009,,PO,0,0,0.22147808894709745
Campbell,,40406005,,R-1-6,0,7.26,0.23946323512113227
Campbell,,30524053,,R-1-6,0,7.26,0.13770031927669169
Campbell,,40616077,,R-1-10,0,4.35,0.1774595964027817
Campbell,,40406068,,R-1-6,0,7.26,0.26056779297354954
Campbell,,40348068,,R-1-6,0,7.26,0.19556092920151172
Campbell,,41435042,,LMDR,8,16,0.01870177837296059
Campbell,,28812041,,R-1-6,0,7.26,0.15534998857412324
Campbell,,40426036,,R-1-8,0,5.45,0.23726846292716797
Campbell,,41439009,,LMDR,8,16,0.3773606147610615
Campbell,,40605052,,R-1-6,0,7.26,0.143455415997485
Campbell,,28810032,,R-1-6,0,7.26,0.24355826151171445
Campbell,,40314038,,R-1-9,0,4.84,0.23523052614919793
Campbell,,30516011,,LMDR,8,16,0.03049663215910233
Campbell,,40309017,,R-1-6,0,7.26,0.20196335379023547
Campbell,,41238068,,R-1-6,0,7.26,0.15384922549351768
Campbell,,28815015,,R-1-6,0,7.26,0.20508350754533425
Campbell,,27913037,,R-1-6,0,7.26,0.19448193035476072
Campbell,,28806035,,R-1-6,0,7.26,0.19350444722185897
Campbell,,40313130,,R-1-9,0,4.84,0.22897685245955515
Campbell,,30754050,,R-1-6,0,7.26,0.17701271918245395
Campbell,,40344046,,R-1-6,0,7.26,0.14282727455357033
Campbell,,28812008,,R-1-6,0,7.26,0.16478130107515307
Campbell,,40433011,,R-1-6,0,7.26,0.14954124885456302
Campbell,,40607005,,R-1-6,0,7.26,0.14470203686524985
Campbell,,30756041,,R-1-6,0,7.26,0.1260717345767594
Campbell,,28812044,,R-1-6,0,7.26,0.15533905700138378
Campbell,,28813067,,R-1-6,0,7.26,0.1653379746057894
Campbell,,40347010,,R-1-6,0,7.26,0.14026182182650174
Campbell,,30518014,,R-1-6,0,7.26,0.23204420642114953
Campbell,,41239005,,R-1-8,0,5.45,0.2689076484744436
Campbell,,40433035,,R-1-6,0,7.26,0.19379899750325644
Campbell,,41435037,,LMDR,8,16,0.018713735085644456
Campbell,,27936215,,MDR,18,25,0.01032400845094049
Campbell,,30533102,,R-1-6,0,7.26,0.2478232323804345
Campbell,,41215063,,MHDR,26,33,0.016940793857945204
Campbell,,30739033,,GC,0,0,1.1646848437819222
Campbell,,30708040,,R-1-6,0,7.26,0.14485243420840688
Campbell,,27922001,,R-1-6,0,7.26,0.24603415250088326
Campbell,,28823065,,R-1-6,0,7.26,0.2371351611047545
Campbell,,40316024,,R-1-10,0,4.35,0.24164313736841966
Campbell,,27930039,,R-1-6,0,7.26,0.1567337413376589
Campbell,,27913047,,R-1-6,0,7.26,0.19128193985179065
Campbell,,30747013,,MDR,18,25,0.18641185143084793
Campbell,,30714034,,R-1-6,0,7.26,0.15948962831366695
Campbell,,30755023,,R-1-6,0,7.26,0.15506647638219995
Campbell,,40313081,,R-1-6,0,7.26,0.14139016065016688
Campbell,,40309010,,R-1-6,0,7.26,0.23849084905181098
Campbell,,40343108,,R-1-6,0,7.26,0.148370612949713
Campbell,,40616070,,R-1-10,0,4.35,0.16934525960462155
Campbell,,40426024,,R-1-6,0,7.26,0.14541056356960244
Campbell,,30742018,,R-1-6,0,7.26,0.17065502795851462
Campbell,,40603008,,R-1-6,0,7.26,0.15757811383731052
Campbell,,30524015,,R-1-6,0,7.26,0.22664879479859795
Campbell,,27941015,,CB-MU,26,33,0.024379614510109244
Campbell,,40318062,,R-1-9,0,4.84,0.3409200166038107
Campbell,,28806054,,R-1-6,0,7.26,0.1948375804637937
Campbell,,28810051,,R-1-6,0,7.26,0.2900102355010662
Campbell,,40430041,,R-1-10,0,4.35,0.235878817291652
Campbell,,30715046,,R-1-6,0,7.26,0.18135286072183635
Campbell,,27934013,,R-1-6,0,7.26,0.16304629683280267
Campbell,,40313085,,R-1-6,0,7.26,0.16763533392831342
Campbell,,41210046,,GC-MU,26,33,4.1490350371988045
Campbell,,40424051,,R-1-6,0,7.26,0.14400610735303837
Campbell,,30523019,,R-1-6,0,7.26,0.22397395715829993
Campbell,,28808013,,R-1-6,0,7.26,0.25976787725208195
Campbell,,40315010,,R-1-9,0,4.84,0.24573254571771266
Campbell,,30739017,,R-1-6,0,7.26,0.15444977791429385
Campbell,,30714036,,R-1-6,0,7.26,0.15861211482954815
Campbell,,30545010,,MDR,18,25,0.018410029362125678
Campbell,,40317039,,R-1-9,0,4.84,0.21669660099625146
Campbell,,41215037,,MHDR,26,33,0.01705190230718382
Campbell,,30505034,,PF,0,0,8.256319347029784
Campbell,,27926036,,R-1-6,0,7.26,0.20889975465509525
Campbell,,30716009,,PO,0,0,0.2564976699888076
Campbell,,30537021,,MDR,18,25,0.18233323077656563
Campbell,,40336057,,MDR,18,25,0.20149830316350803
Campbell,,40312093,,R-1-9,0,4.84,0.20353952828520966
Campbell,,40346008,,R-1-6,0,7.26,0.20255589263826473
Campbell,,30531007,,R-1-6,0,7.26,0.16259411344598207
Campbell,,30708017,,R-1-6,0,7.26,0.14188080449864218
Campbell,,30743040,,R-1-6,0,7.26,0.15041672057367722
Campbell,,28810068,,R-1-6,0,7.26,0.16385495786592377
Campbell,,40408016,,R-1-6,0,7.26,0.13964607631509793
Campbell,,30754013,,R-1-6,0,7.26,0.16336212683476264
Campbell,,28825021,,R-1-6,0,7.26,0.18210190856629885
Campbell,,28813054,,R-1-6,0,7.26,0.16436508070656125
Campbell,,41237034,,R-1-6,0,7.26,0.16443755297742765
Campbell,,41209009,,CC-MU,45,60,0.18877126191243215
Campbell,,41228022,,MHDR,26,33,0.011236036151871288
Campbell,,40423015,,R-1-6,0,7.26,0.14635989865169208
Campbell,,28813047,,R-1-6,0,7.26,0.16435265406233696
Campbell,,41433052,,R-1-6,0,7.26,0.19588892656753515
Campbell,,30531044,,PO,0,0,0.19023917940870003
Campbell,,27941010,,CB-MU,26,33,0.15157883059778934
Campbell,,28825051,,R-1-6,0,7.26,0.18210141224832777
Campbell,,28806050,,R-1-6,0,7.26,0.1877950500056462
Campbell,,30523022,,R-1-6,0,7.26,0.2241537642985433
Campbell,,28814045,,R-1-6,0,7.26,0.2212690442133546
Campbell,,40618045,,LMDR,8,16,0.18000243527739793
Campbell,,28813039,,R-1-6,0,7.26,0.18308473914395523
Campbell,,41215042,,MHDR,26,33,0.017819050878488958
Campbell,,28810074,,R-1-6,0,7.26,0.2079107493943982
Campbell,,30743002,,R-1-6,0,7.26,0.155356400353093
Campbell,,40343027,,R-1-6,0,7.26,0.1377271861456621
Campbell,,30753059,,R-1-6,0,7.26,0.1532332992178854
Campbell,,40429003,,R-1-16,0,2.72,0.23568640287250206
Campbell,,41219010,,MHDR,26,33,0.012646904691513278
Campbell,,40602016,,R-1-6,0,7.26,0.35428724000540296
Campbell,,40318120,,R-1-9,0,4.84,0.1649174340632318
Campbell,,42443025,,MDR,18,25,0.01267317072275505
Campbell,,40316040,,R-1-10,0,4.35,0.25593168142691264
Campbell,,30533009,,MDR,18,25,0.650475482808759
Campbell,,41233008,,LI,0,0,0.2135436899330844
Campbell,,42401147,,LI,0,0,0.5604907329273437
Campbell,,41238034,,R-1-6,0,7.26,0.13973546071457432
Campbell,,28217018,,LMDR,8,16,0.25908254746683673
Campbell,,40606056,,R-1-6,0,7.26,0.2778948401586788
Campbell,,40348099,,R-1-6,0,7.26,0.19260828923801687
Campbell,,27930012,,R-1-6,0,7.26,0.2280683197424812
Campbell,,40617065,,R-1-6,0,7.26,0.1588951991248521
Campbell,,40346044,,R-1-6,0,7.26,0.21258871673099866
Campbell,,27937048,,R-1-6,0,7.26,0.18600658921497942
Campbell,,40312058,,R-1-9,0,4.84,0.1837172668383739
Campbell,,30533026,,R-1-6,0,7.26,0.19216105531088393
Campbell,,41441034,,MHDR,26,33,0.13756579329135019
Campbell,,41402011,,R-1-8,0,5.45,0.20949221781775781
Campbell,,28812084,,R-1-6,0,7.26,0.21439544377271313
Campbell,,41438070,,R-1-6,0,7.26,0.21404362799749713
Campbell,,42404032,,R-1-6,0,7.26,0.1884970010003487
Campbell,,41401017,,R-1-8,0,5.45,0.1921042831834701
Campbell,,40620006,,LMDR,8,16,0.5480647681756845
Campbell,,30756052,,R-1-6,0,7.26,0.14134430189633873
Campbell,,27922040,,R-1-6,0,7.26,0.22653331541657057
Campbell,,42405012,,R-1-6,0,7.26,0.196501476651296
Campbell,,28812012,,R-1-6,0,7.26,0.1544532193189952
Campbell,,30750017,,LMDR,8,16,0.1517510947359742
Campbell,,40615008,,R-1-8,0,5.45,0.1847094936518658
Campbell,,41434023,,R-1-6,0,7.26,0.13412930426856107
Campbell,,40623002,,R-1-8,0,5.45,0.22388867748150787
Campbell,,41219012,,MHDR,26,33,0.012359385579516621
Campbell,,42439022,,RD,0,0,0.5477476722389776
Campbell,,30520025,,R-1-6,0,7.26,0.21958652234852027
Campbell,,40625025,,R-1-10,0,4.35,0.18162234735402302
Campbell,,41214028,,MHDR,26,33,0.014427007799370138
Campbell,,28810038,,R-1-6,0,7.26,0.22963696815275572
Campbell,,40625039,,R-1-10,0,4.35,0.434209260557041
Campbell,,27936285,,MDR,18,25,0.01641750441888455
Campbell,,28813051,,R-1-6,0,7.26,0.16934351507616985
Campbell,,27923043,,R-1-6,0,7.26,0.2574563560430224
Campbell,,40624015,,R-1-10,0,4.35,0.24564168532735817
Campbell,,41238008,,R-1-6,0,7.26,0.15915229139887443
Campbell,,40316026,,R-1-10,0,4.35,0.24090409067908697
Campbell,,28816011,,R-1-6,0,7.26,0.2845196765223091
Campbell,,40422042,,R-1-6,0,7.26,0.1830773798750484
Campbell,,40313086,,R-1-6,0,7.26,0.1474642299229048
Campbell,,28806062,,R-1-6,0,7.26,0.19517231125525195
Campbell,,30518027,,R-1-6,0,7.26,0.1551502308444012
Campbell,,27934017,,R-1-6,0,7.26,0.21881703344386605
Campbell,,30748045,,R-1-6,0,7.26,0.14272589233752966
Campbell,,42401155,,LI,0,0,0.28185066709439294
Campbell,,40423011,,R-1-6,0,7.26,0.14402107195475047
Campbell,,28810069,,R-1-6,0,7.26,0.16375192220190862
Campbell,,40406077,,R-1-6,0,7.26,0.2548095674338081
Campbell,,40642007,,R-1-6,0,7.26,0.018684630081053442
Campbell,,40605010,,R-1-6,0,7.26,0.14004416875300715
Campbell,,40602035,,R-1-6,0,7.26,0.24321922330236456
Campbell,,30756038,,R-1-6,0,7.26,0.16522548269729476
Campbell,,27927062,,PO,0,0,0.17551941433260848
Campbell,,28825082,,R-1-6,0,7.26,0.22610463244959045
Campbell,,40408069,,R-1-6,0,7.26,0.14113731625398088
Campbell,,27929022,,R-1-6,0,7.26,0.2377472932772811
Campbell,,30518024,,R-1-6,0,7.26,0.15384740882514517
Campbell,,41218028,,MHDR,26,33,0.023270545114487416
Campbell,,40614025,,R-1-8,0,5.45,0.18413386330576006
Campbell,,40422044,,R-1-6,0,7.26,0.25035590271479435
Campbell,,41214003,,MHDR,26,33,0.015697119124402293
Campbell,,30523049,,R-1-6,0,7.26,0.1910688804941366
Campbell,,28812073,,R-1-6,0,7.26,0.16467237518012956
Campbell,,40428023,,R-1-10,0,4.35,0.27885425965790034
Campbell,,40433019,,R-1-6,0,7.26,0.2397340448853056
Campbell,,28806034,,R-1-6,0,7.26,0.18783854776054243
Campbell,,30537036,,MDR,18,25,0.19138855871405616
Campbell,,30756019,,R-1-6,0,7.26,0.14970353785685295
Campbell,,28811022,,LMDR,8,16,0.1473245149947309
Campbell,,30756009,,R-1-6,0,7.26,0.13446482957725653
Campbell,,42409068,,OS,0,0,6.059179765515835
Campbell,,30538006,,MDR,18,25,0.17782651619092565
Campbell,,28809086,,R-1-6,0,7.26,0.217281757819167
Campbell,,42443043,,MDR,18,25,0.013201897681223403
Campbell,,40622023,,R-1-10,0,4.35,0.2705103038129538
Campbell,,40427011,,R-1-10,0,4.35,0.3010347693735479
Campbell,,30741013,,R-1-6,0,7.26,0.1423197886592601
Campbell,,30747037,,LMDR,8,16,0.18403015523088184
Campbell,,30715037,,R-1-6,0,7.26,0.1756679363116617
Campbell,,27941041,,CB-MU,26,33,0.11690326128833502
Campbell,,40422020,,R-1-6,0,7.26,0.1411862683022065
Campbell,,40433020,,R-1-6,0,7.26,0.17825371286994507
Campbell,,41234004,,LI,0,0,0.41059279469032084
Campbell,,40601023,,R-1-6,0,7.26,0.17174909139091996
Campbell,,41207009,,R-1-6,0,7.26,0.1640281414652518
Campbell,,40429026,,R-1-16,0,2.72,0.44051439703716455
Campbell,,27921041,,R-1-6,0,7.26,0.17381114595829789
Campbell,,40613013,,R-1-6,0,7.26,0.1481552850966726
Campbell,,41237031,,R-1-6,0,7.26,0.1561411461825686
Campbell,,40604030,,R-1-6,0,7.26,0.13447278181530142
Campbell,,40316083,,R-1-10,0,4.35,0.14793823967078715
Campbell,,41228010,,MHDR,26,33,0.011842419050472322
Campbell,,30519074,,R-1-6,0,7.26,0.23968618004490516
Campbell,,40406002,,R-1-6,0,7.26,0.2391727407909886
Campbell,,40612088,,R-1-6,0,7.26,0.13603133860879124
Campbell,,41434036,,R-1-6,0,7.26,0.31099879428093324
Campbell,,28814034,,R-1-6,0,7.26,0.22519970056379576
Campbell,,40616029,,R-1-10,0,4.35,0.2236783054523218
Campbell,,30714001,,R-1-6,0,7.26,0.1778226523902378
Campbell,,28816033,,R-1-6,0,7.26,0.2255247163177791
Campbell,,27921008,,R-1-6,0,7.26,0.1521681461900428
Campbell,,40430021,,R-1-10,0,4.35,0.1705535579447212
Campbell,,30519005,,R-1-6,0,7.26,0.14318452303404788
Campbell,,40433041,,R-1-6,0,7.26,0.14792231270750017
Campbell,,30708021,,R-1-6,0,7.26,0.14187794695071249
Campbell,,30753050,,R-1-6,0,7.26,0.1437117361519323
Campbell,,41238083,,R-1-8,0,5.45,0.2309365002288407
Campbell,,28815011,,R-1-6,0,7.26,0.12266709132657991
Campbell,,40405057,,R-1-6,0,7.26,0.24431450865516785
Campbell,,30715011,,R-1-6,0,7.26,0.20248248719821538
Campbell,,40430040,,R-1-10,0,4.35,0.2358476291106425
Campbell,,30739023,,LMDR,8,16,0.16078205961074238
Campbell,,40423031,,R-1-6,0,7.26,0.18326290343852977
Campbell,,40612021,,R-1-6,0,7.26,0.1713759370548855
Campbell,,40313115,,R-1-6,0,7.26,0.1639292775061718
Campbell,,30715044,,R-1-6,0,7.26,0.14660557885217407
Campbell,,30750020,,R-1-6,0,7.26,0.14552622243174404
Campbell,,27936039,,MDR,18,25,0.01032430432835735
Campbell,,30537024,,MDR,18,25,0.1794387440128895
Campbell,,30753030,,R-1-6,0,7.26,0.13874202858731985
Campbell,,42433073,,RD,0,0,1.1074423540689864
Campbell,,41239031,,R-1-8,0,5.45,0.23904898874164002
Campbell,,27922050,,R-1-6,0,7.26,0.2387396509791132
Campbell,,41237024,,R-1-6,0,7.26,0.14629855204189193
Campbell,,40343026,,R-1-6,0,7.26,0.1377570820940955
Campbell,,28808040,,R-1-6,0,7.26,0.1983659424751393
Campbell,,40610004,,R-1-8,0,5.45,0.5007587016016732
Campbell,,40424005,,R-1-6,0,7.26,0.2285692715804383
Campbell,,41435043,,LMDR,8,16,0.01871868043250983
Campbell,,40613031,,R-1-6,0,7.26,0.1376447882662666
Campbell,,41238058,,R-1-6,0,7.26,0.17807864433344792
Campbell,,27923015,,R-1-6,0,7.26,0.24975954929077765
Campbell,,30742014,,R-1-6,0,7.26,0.213972399230549
Campbell,,27936238,,MDR,18,25,0.010322547016266295
Campbell,,30538003,,MDR,18,25,0.186705716652896
Campbell,,40316068,,R-1-10,0,4.35,0.17256601077395683
Campbell,,27922012,,R-1-6,0,7.26,0.13357404478528448
Campbell,,30505033,,PF,0,0,3.9062264982024293
Campbell,,40343120,,R-1-6,0,7.26,0.13931247713698833
Campbell,,30537035,,MDR,18,25,0.19084225207482955
Campbell,,30753075,,R-1-6,0,7.26,0.17511327691010423
Campbell,,40433017,,R-1-6,0,7.26,0.19395140988651366
Campbell,,40318112,,R-1-9,0,4.84,0.2500863827607724
Campbell,,40432033,,R-1-6,0,7.26,0.13805222657558783
Campbell,,40430050,,R-1-10,0,4.35,0.23725086495909156
Campbell,,27937031,,R-1-6,0,7.26,0.18408647469778497
Campbell,,41402063,,R-1-8,0,5.45,0.21358152178964523
Campbell,,27936037,,MDR,18,25,0.016421171704824652
Campbell,,41405052,,R-1-8,0,5.45,0.1822592584772499
Campbell,,41216003,,MHDR,26,33,9.147957952483525
Campbell,,30717042,,R-1-6,0,7.26,0.13985153404972972
Campbell,,40308027,,R-1-6,0,7.26,0.13537802103162674
Campbell,,27936332,,MDR,18,25,0.017569153116134942
Campbell,,30714005,,R-1-6,0,7.26,0.14464287359702815
Campbell,,40622067,,R-1-10,0,4.35,0.3479675061979945
Campbell,,40616071,,R-1-10,0,4.35,0.27003800791723653
Campbell,,40353073,,R-1-6,0,7.26,0.1326658098756708
Campbell,,30538049,,MDR,18,25,0.1838814133162555
Campbell,,40619009,,R-1-8,0,5.45,0.21181983244511973
Campbell,,40422053,,R-1-6,0,7.26,0.16253078963358827
Campbell,,30754045,,R-1-6,0,7.26,0.14256041524433255
Campbell,,40314070,,R-1-9,0,4.84,0.300630412253248
Campbell,,40342003,,R-1-6,0,7.26,0.1572552032521872
Campbell,,30753074,,R-1-6,0,7.26,0.31585500979289005
Campbell,,27920062,,R-1-6,0,7.26,0.17901204360709158
Campbell,,41441035,,MHDR,26,33,0.13756579329135019
Campbell,,30708032,,R-1-6,0,7.26,0.14507858009669397
Campbell,,40616008,,R-1-10,0,4.35,0.9295815112018618
Campbell,,30743034,,R-1-6,0,7.26,0.15497295736577757
Campbell,,30539041,,R-1-6,0,7.26,0.16346761538944585
Campbell,,41437003,,GC,0,0,0.32994315420871106
Campbell,,30523072,,R-1-6,0,7.26,0.1728742427085565
Campbell,,40432052,,MDR,18,25,0.18489058663822924
Campbell,,40625023,,R-1-10,0,4.35,0.19314510197989465
Campbell,,28819002,,R-1-6,0,7.26,0.21975752179346994
Campbell,,30516008,,LMDR,8,16,0.026079942559116106
Campbell,,40408026,,R-1-6,0,7.26,0.15931219955462256
Campbell,,27934005,,R-1-6,0,7.26,0.1481958638097399
Campbell,,40343129,,R-1-6,0,7.26,0.1292703776277235
Campbell,,40620010,,R-1-10,0,4.35,0.5032704272680494
Campbell,,28815039,,R-1-6,0,7.26,0.20445008849190924
Campbell,,41237067,,R-1-6,0,7.26,0.16704228535641039
Campbell,,40344024,,R-1-6,0,7.26,0.1345789356580274
Campbell,,30533008,,MDR,18,25,0.2590433767689356
Campbell,,30717054,,R-1-6,0,7.26,0.14463460175940746
Campbell,,40425035,,R-1-6,0,7.26,0.1706316110445754
Campbell,,40603031,,LMDR,8,16,0.25239962129379034
Campbell,,28824013,,R-1-6,0,7.26,0.18147155213431546
Campbell,,40308015,,R-1-6,0,7.26,0.13878545730030378
Campbell,,28811025,,LMDR,8,16,0.1472653634022722
Campbell,,41211014,,MHDR,26,33,0.02708557316886338
Campbell,,40408042,,R-1-6,0,7.26,0.14235842649521782
Campbell,,27921027,,R-1-6,0,7.26,0.14050901597703802
Campbell,,40406065,,R-1-6,0,7.26,0.23854598734349822
Campbell,,40312065,,R-1-9,0,4.84,0.24274099214025627
Campbell,,40343076,,R-1-6,0,7.26,0.1330670427469248
Campbell,,40316008,,R-1-10,0,4.35,0.44207982814015323
Campbell,,30752027,,R-1-6,0,7.26,0.13859019190850883
Campbell,,40309091,,R-1-6,0,7.26,0.14011078322496476
Campbell,,30740013,,R-1-6,0,7.26,0.13805639277578116
Campbell,,40401009,,MDR,18,25,0.2429612153092115
Campbell,,27923026,,R-1-6,0,7.26,0.24165991660119437
Campbell,,40318121,,R-1-9,0,4.84,0.30947859729779514
Campbell,,28216019,,LMDR,8,16,0.23466451039767247
Campbell,,27930024,,R-1-6,0,7.26,0.1569063629258402
Campbell,,30747047,,MDR,18,25,0.02525231125975513
Campbell,,40430032,,OS,0,0,3.0589250488551762
Campbell,,41211022,,MHDR,26,33,0.026296348587943413
Campbell,,40603048,,LMDR,8,16,0.04100035604900187
Campbell,,42404031,,R-1-6,0,7.26,0.18849246226779506
Campbell,,40320018,,ROW,0,0,4.465810741183682
Campbell,,28807035,,NC,0,0,1.1013989854314052
Campbell,,30518050,,R-1-6,0,7.26,0.14276797310860062
Campbell,,40353074,,R-1-6,0,7.26,0.15127888385151952
Campbell,,40605021,,R-1-6,0,7.26,0.14075860982713378
Campbell,,40604064,,R-1-6,0,7.26,0.18467364548530962
Campbell,,41401044,,R-1-8,0,5.45,0.20980154423379785
Campbell,,27920070,,R-1-6,0,7.26,0.14003634737980591
Campbell,,40309024,,R-1-6,0,7.26,0.1927886544563857
Campbell,,27920051,,R-1-6,0,7.26,0.1360818305432172
Campbell,,40422065,,R-1-6,0,7.26,0.1533545947972376
Campbell,,27936058,,MDR,18,25,0.01032369533778195
Campbell,,40407011,,R-1-6,0,7.26,0.2054596646377334
Campbell,,28808009,,R-1-6,0,7.26,0.36713743327993686
Campbell,,30535008,,R-1-6,0,7.26,0.23733392100901254
Campbell,,40408011,,R-1-6,0,7.26,0.1692217767801587
Campbell,,30749036,,R-1-6,0,7.26,0.16258335719865105
Campbell,,41401052,,R-1-8,0,5.45,0.18983466411987607
Campbell,,30741012,,R-1-6,0,7.26,0.14226172392200642
Campbell,,27936152,,MDR,18,25,0.017561367172591318
Campbell,,30516007,,LMDR,8,16,0.025479388699146097
Campbell,,41211051,,MHDR,26,33,0.02702821860500164
Campbell,,28807027,,R-1-6,0,7.26,0.25069407354257806
Campbell,,27920015,,R-1-6,0,7.26,0.14301689128572137
Campbell,,30754031,,R-1-6,0,7.26,0.1988398759418765
Campbell,,40614003,,R-1-8,0,5.45,0.18224516364140983
Campbell,,30518010,,R-1-6,0,7.26,0.25005284687093654
Campbell,,30518030,,R-1-6,0,7.26,0.14914998339701674
Campbell,,28812061,,MDR,18,25,0.14840672105375935
Campbell,,40408057,,R-1-6,0,7.26,0.13622015442595878
Campbell,,40604007,,R-1-6,0,7.26,0.14758613017297956
Campbell,,30752046,,R-1-6,0,7.26,0.13707872349760744
Campbell,,30752017,,R-1-6,0,7.26,0.14564379333759017
Campbell,,41209047,,OS,0,0,0.7642136534564063
Campbell,,27920024,,R-1-6,0,7.26,0.13911529376054524
Campbell,,28816034,,R-1-6,0,7.26,0.23825149485860755
Campbell,,28817045,,R-1-6,0,7.26,0.22939497137565354
Campbell,,40312031,,R-1-9,0,4.84,0.2571322072065195
Campbell,,41212004,,MHDR,26,33,0.5096737260389637
Campbell,,30539032,,R-1-6,0,7.26,0.2291457160373635
Campbell,,41401016,,R-1-8,0,5.45,0.18842806725936212
Campbell,,40602003,,OS,0,0,0.3822445859162525
Campbell,,30743013,,R-1-6,0,7.26,0.16234269444455313
Campbell,,42433115,,RD,0,0,4.625135856876629
Campbell,,30538005,,MDR,18,25,0.1810992976513146
Campbell,,40428021,,R-1-10,0,4.35,0.2379789684282451
Campbell,,40343010,,R-1-6,0,7.26,0.1259998308163994
Campbell,,28812001,,R-1-6,0,7.26,0.17449229266846386
Campbell,,40346025,,R-1-6,0,7.26,0.13821618052472304
Campbell,,40406052,,R-1-6,0,7.26,0.25058183320627514
Campbell,,41211011,,MHDR,26,33,0.02621385306058502
Campbell,,41401005,,R-1-8,0,5.45,0.18896299944289344
Campbell,,30533053,,R-1-6,0,7.26,0.1934228794303075
Campbell,,30533027,,R-1-6,0,7.26,0.18596677367758735
Campbell,,30743014,,R-1-6,0,7.26,0.1582665975590975
Campbell,,41228026,,MHDR,26,33,0.011357355254336392
Campbell,,40601015,,R-1-6,0,7.26,0.1394878017920061
Campbell,,30533034,,R-1-6,0,7.26,0.1859549361784339
Campbell,,40603062,,R-1-6,0,7.26,0.26350720081799084
Campbell,,30503059,,R-1-6,0,7.26,0.2315391736815123
Campbell,,41228016,,MHDR,26,33,0.01294761712123365
Campbell,,41434016,,R-1-6,0,7.26,0.19521553573563757
Campbell,,41441033,,MHDR,26,33,0.13756579329135019
Campbell,,30715034,,R-1-6,0,7.26,0.1473824657205639
Campbell,,40602084,,R-1-6,0,7.26,0.14417182237315898
Campbell,,27936191,,MDR,18,25,0.010323154199348058
Campbell,,40617006,,R-1-10,0,4.35,0.2025347638756066
Campbell,,40348059,,R-1-6,0,7.26,0.14974293687647355
Campbell,,30754010,,R-1-6,0,7.26,0.2867603756558569
Campbell,,40426048,,R-1-10,0,4.35,0.23106853393552534
Campbell,,27936270,,MDR,18,25,0.010325782051122183
Campbell,,40313083,,R-1-6,0,7.26,0.1412608530278667
Campbell,,28824005,,R-1-6,0,7.26,0.18717298960811798
Campbell,,30533037,,R-1-6,0,7.26,0.18594540027423107
Campbell,,42406123,,R-1-6,0,7.26,0.21584439841234718
Campbell,,30523082,,R-1-6,0,7.26,0.2285199997891554
Campbell,,41238038,,R-1-6,0,7.26,0.1422506704061277
Campbell,,40308073,,R-1-6,0,7.26,0.16952185353924154
Campbell,,28825004,,R-1-6,0,7.26,0.22189334859355925
Campbell,,40617024,,R-1-6,0,7.26,0.14933931214949434
Campbell,,40309023,,R-1-6,0,7.26,0.18798267999698015
Campbell,,27922044,,R-1-6,0,7.26,0.23874146542737298
Campbell,,28815001,,R-1-6,0,7.26,0.14730989450356055
Campbell,,40406051,,R-1-6,0,7.26,0.2505087650199287
Campbell,,40423002,,R-1-6,0,7.26,0.1440123289497234
Campbell,,40602045,,R-1-6,0,7.26,0.29652314280895387
Campbell,,28815050,,R-1-6,0,7.26,0.16173758515709707
Campbell,,28216047,,LMDR,8,16,0.032506757008026466
Campbell,,40613039,,LMDR,8,16,0.18653761080809736
Campbell,,30752040,,R-1-6,0,7.26,0.1408553419013378
Campbell,,41239021,,R-1-8,0,5.45,0.2661505627141662
Campbell,,27934031,,GC,0,0,0.2982857876852067
Campbell,,30717057,,R-1-6,0,7.26,0.19486062947593127
Campbell,,28825048,,R-1-6,0,7.26,0.17167279665755866
Campbell,,40343102,,R-1-6,0,7.26,0.14635307064897732
Campbell,,42443059,,MDR,18,25,0.012672818145834918
Campbell,,28811013,,MDR,18,25,0.13984004925442095
Campbell,,40423018,,R-1-6,0,7.26,0.15254901674100768
Campbell,,40602054,,R-1-6,0,7.26,0.1816977097009457
Campbell,,40616006,,R-1-10,0,4.35,0.26127139939662675
Campbell,,28814016,,R-1-6,0,7.26,0.20615522194636718
Campbell,,28807028,,R-1-6,0,7.26,0.25724557708648227
Campbell,,40308046,,R-1-6,0,7.26,0.13773727578805706
Campbell,,40344053,,R-1-6,0,7.26,0.13803719276302814
Campbell,,41233015,,LI,0,0,0.4208880594660654
Campbell,,30530009,,NC-MU,18,25,2.9355392799856515
Campbell,,40342040,,R-1-6,0,7.26,0.14212371276024482
Campbell,,40308017,,R-1-6,0,7.26,0.13821702918332426
Campbell,,40613045,,LMDR,8,16,0.23294729991589858
Campbell,,40625029,,R-1-10,0,4.35,0.3010927935304006
Campbell,,40307028,,R-1-6,0,7.26,0.3480814557139676
Campbell,,40307022,,PF,0,0,0.5265815954382445
Campbell,,40425010,,R-1-6,0,7.26,0.19134839145161853
Campbell,,40623017,,R-1-8,0,5.45,0.22703411802733364
Campbell,,41215059,,MHDR,26,33,0.017051166961239088
Campbell,,30747038,,MDR,18,25,0.17318702734055358
Campbell,,30533078,,R-1-6,0,7.26,0.24303776373118302
Campbell,,40624033,,R-1-10,0,4.35,0.29343633901345895
Campbell,,42405030,,R-1-6,0,7.26,0.1959770897520569
Campbell,,30718002,,R-1-6,0,7.26,0.14187873825768627
Campbell,,30740024,,R-1-6,0,7.26,0.14143332847230244
Campbell,,41230041,,LI,0,0,0.41783278739325325
Campbell,,40605014,,R-1-6,0,7.26,0.133156462794941
Campbell,,28811023,,LMDR,8,16,0.14733288064669559
Campbell,,28809080,,R-1-6,0,7.26,0.24391460971558598
Campbell,,30520027,,R-1-6,0,7.26,0.2529625627002319
Campbell,,30742033,,R-1-6,0,7.26,0.13360439069000662
Campbell,,40617041,,R-1-6,0,7.26,0.1439740363165292
Campbell,,28806030,,R-1-6,0,7.26,0.19159071578153286
Campbell,,42404071,,R-1-6,0,7.26,0.19800739139936271
Campbell,,40430035,,R-1-10,0,4.35,0.22719737068347018
Campbell,,40433037,,R-1-6,0,7.26,0.19957907946244902
Campbell,,41240026,,R-1-8,0,5.45,0.21446902398803572
Campbell,,40617035,,R-1-6,0,7.26,0.14214193133383693
Campbell,,30550007,,MDR,18,25,0.018742056409673025
Campbell,,40344012,,R-1-6,0,7.26,0.13502229596737242
Campbell,,40346006,,R-1-6,0,7.26,0.14303275525241751
Campbell,,41434012,,R-1-6,0,7.26,0.21005987960407482
Campbell,,42404012,,R-1-6,0,7.26,0.211138813571762
Campbell,,40622007,,NC,0,0,0.9207527516257421
Campbell,,42439027,,RD,0,0,1.1487159820156856
Campbell,,40312100,,R-1-9,0,4.84,0.4627465958700649
Campbell,,28814040,,R-1-6,0,7.26,0.2141945213503359
Campbell,,42404069,,R-1-6,0,7.26,0.2256521640401721
Campbell,,41441038,,MHDR,26,33,0.13756579329135019
Campbell,,40602078,,R-1-6,0,7.26,0.1836773705210094
Campbell,,41434008,,R-1-6,0,7.26,0.19173705124808113
Campbell,,30523052,,R-1-6,0,7.26,0.18455346760225672
Campbell,,40612070,,R-1-6,0,7.26,0.16414633893294703
Campbell,,28812081,,R-1-6,0,7.26,0.16346363994028396
Campbell,,40620016,,R-1-10,0,4.35,0.24682310215586226
Campbell,,27936101,,MDR,18,25,0.01642329584568701
Campbell,,30755046,,R-1-6,0,7.26,0.14103000211787642
Campbell,,40406061,,R-1-6,0,7.26,0.23852927259380582
Campbell,,30533068,,R-1-6,0,7.26,0.25380561606016444
Campbell,,40343030,,R-1-6,0,7.26,0.15128276818001968
Campbell,,40307045,,R-1-6,0,7.26,0.16355933200530706
Campbell,,40316046,,R-1-10,0,4.35,0.19945660529838447
Campbell,,40619028,,R-1-8,0,5.45,0.19353616963541204
Campbell,,30752031,,R-1-6,0,7.26,0.13816557488174286
Campbell,,30523080,,R-1-6,0,7.26,0.21967714983220926
Campbell,,41218067,,MHDR,26,33,0.019840011063829644
Campbell,,30538017,,MDR,18,25,0.18238150049383461
Campbell,,27936083,,MDR,18,25,0.010323022865432352
Campbell,,27920004,,R-1-6,0,7.26,0.13410252861812094
Campbell,,40617020,,R-1-6,0,7.26,0.16013256281548097
Campbell,,40343047,,R-1-6,0,7.26,0.1390914255579706
Campbell,,42401046,,LI,0,0,1.1283390855671471
Campbell,,40614048,,R-1-8,0,5.45,0.2420104611840724
Campbell,,40318089,,R-1-9,0,4.84,0.18471233233068646
Campbell,,40407040,,OS,0,0,0.46881625552074424
Campbell,,40430034,,R-1-10,0,4.35,0.22722255073854694
Campbell,,27946027,,R-1-6,0,7.26,0.14389325238158177
Campbell,,30533035,,R-1-6,0,7.26,0.19215657803877756
Campbell,,41210007,,PF,0,0,0.4577548016445718
Campbell,,41239030,,R-1-8,0,5.45,0.23146981584160564
Campbell,,40607031,,R-1-6,0,7.26,0.1430635112558551
Campbell,,40607023,,R-1-6,0,7.26,0.13864350669245304
Campbell,,27935002,,CC-MU,45,60,3.581016974493503
Campbell,,40431010,,MDR,18,25,0.1857175319827049
Campbell,,40315090,,R-1-9,0,4.84,0.30387553127444134
Campbell,,28809045,,R-1-6,0,7.26,0.19272845093456029
Campbell,,30752014,,R-1-6,0,7.26,0.17604685559235156
Campbell,,40406067,,R-1-6,0,7.26,0.23856109459624397
Campbell,,28815014,,R-1-6,0,7.26,0.18281546880080357
Campbell,,30753054,,R-1-6,0,7.26,0.14191429657183152
Campbell,,40425055,,R-1-6,0,7.26,0.14463093635037225
Campbell,,28812035,,R-1-6,0,7.26,0.15788623033759422
Campbell,,28810071,,R-1-6,0,7.26,0.15236123529596696
Campbell,,28824059,,MHD-MU,26,33,6.135925729127507
Campbell,,28809004,,R-1-6,0,7.26,0.2456822228040105
Campbell,,41207032,,CB-MU,26,33,0.1688459747233513
Campbell,,40336069,,MDR,18,25,0.1901681692218588
Campbell,,41230024,,LI,0,0,0.45638979085360537
Campbell,,27935001,,GC,0,0,0.4557535029108674
Campbell,,41445028,,ROW,0,0,0.1993517384517463
Campbell,,40315092,,R-1-9,0,4.84,0.20888434487553725
Campbell,,40308079,,R-1-6,0,7.26,0.16715324135368076
Campbell,,28215015,,LMDR,8,16,0.16529623517672706
Campbell,,27920003,,R-1-6,0,7.26,0.14593016330043224
Campbell,,40408051,,R-1-6,0,7.26,0.14859368100991296
Campbell,,40425058,,R-1-6,0,7.26,0.16293500167146036
Campbell,,40432049,,MDR,18,25,0.1951071694282149
Campbell,,41237006,,R-1-8,0,5.45,0.29776563062498357
Campbell,,40616017,,R-1-10,0,4.35,0.22822468245451727
Campbell,,41402049,,R-1-8,0,5.45,0.21429678227267376
Campbell,,27936234,,MDR,18,25,0.010321936479237693
Campbell,,40401006,,MDR,18,25,0.2144857295276656
Campbell,,40433057,,R-1-6,0,7.26,0.1582499260165293
Campbell,,40313119,,R-1-6,0,7.26,0.14891324328775718
Campbell,,28814064,,R-1-6,0,7.26,0.14970827887482885
Campbell,,41218050,,MHDR,26,33,0.019368017241193084
Campbell,,30754047,,R-1-6,0,7.26,0.14245609401618453
Campbell,,27923013,,R-1-6,0,7.26,0.22552377376391453
Campbell,,30753007,,R-1-6,0,7.26,0.14395230001647896
Campbell,,40348027,,R-1-6,0,7.26,0.19281297110824666
Campbell,,40317040,,R-1-9,0,4.84,0.19971905493433087
Campbell,,40602009,,R-1-6,0,7.26,0.18932078075479986
Campbell,,27920026,,R-1-6,0,7.26,0.13912655656706696
Campbell,,30504023,,R-1-6,0,7.26,0.2087706514457418
Campbell,,40348050,,R-1-6,0,7.26,0.1468645363529036
Campbell,,30752051,,R-1-6,0,7.26,0.14271497604264985
Campbell,,40606048,,R-1-6,0,7.26,0.27789469530018635
Campbell,,40314005,,R-1-9,0,4.84,0.19937160484086822
Campbell,,41228009,,MHDR,26,33,0.013149108185966988
Campbell,,28815044,,R-1-6,0,7.26,0.17851941375855568
Campbell,,30755022,,R-1-6,0,7.26,0.1496192891071727
Campbell,,27941008,,CB-MU,26,33,0.1461274605398856
Campbell,,40425057,,R-1-6,0,7.26,0.1490832571312352
Campbell,,40343003,,R-1-6,0,7.26,0.14039942068056283
Campbell,,42401121,,LI,0,0,0.3266083984921183
Campbell,,40609022,,R-1-8,0,5.45,0.2143220672329883
Campbell,,40619017,,R-1-8,0,5.45,0.1976369034839462
Campbell,,40621021,,R-1-10,0,4.35,0.28345070281986345
Campbell,,27944021,,R-1-6,0,7.26,0.1978059026430924
Campbell,,28825009,,R-1-6,0,7.26,0.2201254439782387
Campbell,,41215082,,MHDR,26,33,0.017367340086378146
Campbell,,30755015,,R-1-6,0,7.26,0.1563406679197868
Campbell,,27936244,,MDR,18,25,0.017558246692224545
Campbell,,40616051,,R-1-10,0,4.35,0.13897522853867786
Campbell,,40606096,,R-1-6,0,7.26,0.2598968323806704
Campbell,,41228023,,MHDR,26,33,0.011173894768347155
Campbell,,41237027,,R-1-6,0,7.26,0.14653606077669962
Campbell,,41218013,,MHDR,26,33,0.024869283519732756
Campbell,,27936206,,MDR,18,25,0.010324149401604693
Campbell,,40407008,,R-1-6,0,7.26,0.1759427424844333
Campbell,,40429009,,R-1-16,0,2.72,0.33857891467675705
Campbell,,41209025,,CC-MU,45,60,0.19903901895869114
Campbell,,40433024,,R-1-6,0,7.26,0.14812801098231515
Campbell,,28807019,,R-1-6,0,7.26,0.26169252208125926
Campbell,,41435036,,LMDR,8,16,0.01870310433601947
Campbell,,30534047,,R-1-6,0,7.26,0.26003944426858183
Campbell,,40617051,,R-1-6,0,7.26,0.13979908928638018
Campbell,,27941023,,CB-MU,26,33,0.20651124880434607
Campbell,,30522036,,OS,0,0,0.5807702520738384
Campbell,,27933016,,R-1-6,0,7.26,0.1776979964893014
Campbell,,27940040,,R-1-6,0,7.26,0.15107436628423251
Campbell,,41401002,,R-1-8,0,5.45,0.2159210510661518
Campbell,,40348098,,R-1-6,0,7.26,0.19255341760216738
Campbell,,27935030,,GC,0,0,0.4670353861263073
Campbell,,28224011,,CC-MU,45,60,3.5446230903473546
Campbell,,40617017,,R-1-6,0,7.26,0.13753333261499165
Campbell,,27920007,,R-1-6,0,7.26,0.14103859919519515
Campbell,,30520026,,R-1-6,0,7.26,0.2828218336005231
Campbell,,41215032,,MHDR,26,33,0.01743951360026621
Campbell,,27929001,,LMDR,8,16,0.1852584591574118
Campbell,,40408052,,R-1-6,0,7.26,0.15508615532703482
Campbell,,41401035,,NC,0,0,0.429421019541334
Campbell,,27927047,,GC,0,0,0.9527510628012139
Campbell,,40315073,,R-1-9,0,4.84,0.21218845204075007
Campbell,,41241015,,R-1-8,0,5.45,0.22872593999548008
Campbell,,41232012,,LI,0,0,0.8983815823590048
Campbell,,41240007,,R-1-8,0,5.45,0.2284683856827524
Campbell,,30750060,,MDR,18,25,0.20163544924813787
Campbell,,40422035,,R-1-6,0,7.26,0.141449004854872
Campbell,,41215068,,MHDR,26,33,0.017048208591255724
Campbell,,30545025,,MDR,18,25,0.01842725512902749
Campbell,,40615036,,R-1-8,0,5.45,0.2255129040172151
Campbell,,41233025,,LI,0,0,0.2534106070056614
Campbell,,41228038,,MHDR,26,33,0.020423067165965977
Campbell,,30727083,,LMDR,8,16,0.17879131666461612
Campbell,,40607006,,R-1-6,0,7.26,0.1444989405692298
Campbell,,40342011,,R-1-6,0,7.26,0.13993900929859368
Campbell,,41232014,,LI,0,0,0.7184491835281193
Campbell,,40427022,,R-1-8,0,5.45,0.310013480310094
Campbell,,40616054,,R-1-10,0,4.35,0.23726297229594706
Campbell,,30753098,,R-1-6,0,7.26,0.139862801034115
Campbell,,40604055,,R-1-6,0,7.26,0.13783070370266678
Campbell,,41215025,,MHDR,26,33,0.016290967223344135
Campbell,,40623035,,R-1-8,0,5.45,0.22781263769056728
Campbell,,27936067,,MDR,18,25,0.010327193239049171
Campbell,,40406016,,R-1-6,0,7.26,0.23840285004798
Campbell,,30747023,,MDR,18,25,0.18187626421476835
Campbell,,40313139,,R-1-9,0,4.84,0.2316515880057177
Campbell,,41232004,,LI,0,0,0.19809520129479552
Campbell,,28811024,,LMDR,8,16,0.15220281477476416
Campbell,,40623010,,R-1-8,0,5.45,0.22090766156477287
Campbell,,30739003,,LMDR,8,16,0.16444640824399118
Campbell,,30754057,,R-1-6,0,7.26,0.17038008031405633
Campbell,,27923049,,R-1-6,0,7.26,0.1800880182490766
Campbell,,28817023,,R-1-6,0,7.26,0.25321136672113076
Campbell,,27936309,,MDR,18,25,0.016417975023018196
Campbell,,40343070,,R-1-6,0,7.26,0.14833361352054894
Campbell,,41237071,,R-1-8,0,5.45,0.1872169128745206
Campbell,,30747018,,MDR,18,25,0.17227265571129952
Campbell,,28807025,,R-1-6,0,7.26,0.20561420099752067
Campbell,,40314052,,R-1-9,0,4.84,0.7650718491777913
Campbell,,40343011,,R-1-6,0,7.26,0.1349863809087617
Campbell,,40607037,,R-1-6,0,7.26,0.1312500405215142
Campbell,,27936109,,MDR,18,25,0.016417975014360625
Campbell,,27936239,,MDR,18,25,0.010324046142604456
Campbell,,30519033,,R-1-6,0,7.26,0.24464664258558982
Campbell,,30533067,,R-1-6,0,7.26,0.2821883345129219
Campbell,,41434022,,R-1-6,0,7.26,0.13139572498690485
Campbell,,30717002,,R-1-6,0,7.26,0.1405060969956542
Campbell,,42405044,,R-1-6,0,7.26,0.20952485915257804
Campbell,,30756001,,R-1-6,0,7.26,0.16355695723179997
Campbell,,28816004,,R-1-6,0,7.26,0.23755731395421828
Campbell,,41214013,,MHDR,26,33,0.016423704364815585
Campbell,,40624001,,R-1-10,0,4.35,0.27800343755073914
Campbell,,30753070,,R-1-6,0,7.26,0.2446349869067432
Campbell,,30717033,,R-1-6,0,7.26,0.23958841389207108
Campbell,,28814060,,R-1-6,0,7.26,0.1629779661468751
Campbell,,27920014,,R-1-6,0,7.26,0.14305940997148875
Campbell,,40619042,,R-1-8,0,5.45,0.23166925581138786
Campbell,,40614030,,R-1-8,0,5.45,0.20215308474018923
Campbell,,30538051,,MDR,18,25,0.17641693699877692
Campbell,,41401008,,R-1-8,0,5.45,0.20209512420435494
Campbell,,30753034,,R-1-6,0,7.26,0.14111848214284556
Campbell,,40342008,,R-1-6,0,7.26,0.20681041859919402
Campbell,,40408014,,R-1-6,0,7.26,0.16798834747378522
Campbell,,40406070,,R-1-6,0,7.26,0.25481865070944215
Campbell,,40406004,,R-1-6,0,7.26,0.23936402454106295
Campbell,,28812011,,R-1-6,0,7.26,0.1596905988000709
Campbell,,40313138,,R-1-6,0,7.26,0.2167845072026326
Campbell,,30524007,,R-1-6,0,7.26,0.23186763451678893
Campbell,,40604010,,R-1-6,0,7.26,0.18161425956086585
Campbell,,42443026,,MDR,18,25,0.012673048584423247
Campbell,,27936222,,MDR,18,25,0.010316949279090675
Campbell,,42405011,,R-1-6,0,7.26,0.21421598750885318
Campbell,,28816032,,R-1-6,0,7.26,0.2979733000287076
Campbell,,28814050,,R-1-6,0,7.26,0.22216391845994446
Campbell,,28825074,,R-1-6,0,7.26,0.21226744399518502
Campbell,,40602079,,R-1-6,0,7.26,0.15684996330996945
Campbell,,40430052,,R-1-10,0,4.35,0.24041963151655096
Campbell,,30742015,,R-1-6,0,7.26,0.45525678158703686
Campbell,,28814011,,R-1-6,0,7.26,0.20178469698604995
Campbell,,41218025,,MHDR,26,33,0.02340839451310427
Campbell,,40433012,,R-1-6,0,7.26,0.1400537549365761
Campbell,,41401034,,NC,0,0,0.37178873587541805
Campbell,,40430003,,R-1-16,0,2.72,0.39888087978422293
Campbell,,42405046,,R-1-6,0,7.26,0.24504753127495696
Campbell,,30743075,,MDR,18,25,0.19527203667640985
Campbell,,27940025,,R-1-6,0,7.26,0.16104088339776657
Campbell,,30726028,,MDR,18,25,0.20687640378793307
Campbell,,41444022,,R-1-6,0,7.26,0.14166628023845018
Campbell,,40408019,,R-1-6,0,7.26,0.17201178503905779
Campbell,,40424004,,R-1-6,0,7.26,0.1600313171491916
Campbell,,41206082,,CB-MU,26,33,0.2896127439955231
Campbell,,40422071,,R-1-6,0,7.26,0.15446593083625396
Campbell,,28825042,,R-1-6,0,7.26,0.1999463992228938
Campbell,,30707061,,R-1-6,0,7.26,0.1464661678578456
Campbell,,41238067,,R-1-6,0,7.26,0.14549067860708667
Campbell,,30752005,,R-1-6,0,7.26,0.14630580237927182
Campbell,,30753028,,R-1-6,0,7.26,0.29604445409993085
Campbell,,40308120,,R-1-6,0,7.26,0.22520302563650255
Campbell,,30519040,,R-1-6,0,7.26,0.24051849507666048
Campbell,,28812087,,R-1-6,0,7.26,0.2529652659696853
Campbell,,30750014,,LMDR,8,16,0.1594564059103352
Campbell,,30714006,,R-1-6,0,7.26,0.14461168139762093
Campbell,,42433077,,RD,0,0,1.0769549560937481
Campbell,,27929039,,GC,0,0,0.25531684330562127
Campbell,,40612063,,R-1-6,0,7.26,0.1508064045731123
Campbell,,40407026,,R-1-6,0,7.26,0.13720996821794984
Campbell,,28215025,,MDR,18,25,0.32290132545497807
Campbell,,28816016,,R-1-6,0,7.26,0.2371686111614797
Campbell,,28806011,,R-1-6,0,7.26,0.2338784810672089
Campbell,,28812075,,PF,0,0,9.348038758854834
Campbell,,27936248,,MDR,18,25,0.017565564099074185
Campbell,,40343103,,R-1-6,0,7.26,0.1531809551585107
Campbell,,40424029,,R-1-6,0,7.26,0.14232610762943515
Campbell,,41401057,,R-1-8,0,5.45,0.23689111631313264
Campbell,,41240027,,R-1-8,0,5.45,0.2118880483247049
Campbell,,27936035,,MDR,18,25,0.010326204062794645
Campbell,,41242008,,R-1-8,0,5.45,0.30158150823290436
Campbell,,27939045,,R-1-6,0,7.26,0.20893311978249274
Campbell,,28813071,,R-1-6,0,7.26,0.1644006005491579
Campbell,,28812056,,PO,0,0,0.177035058128597
Campbell,,30743049,,R-1-6,0,7.26,0.1677099525874154
Campbell,,27936272,,MDR,18,25,0.017561351286357423
Campbell,,28814030,,R-1-6,0,7.26,0.2276168041247602
Campbell,,41238020,,R-1-6,0,7.26,0.24300823256263632
Campbell,,40604045,,R-1-6,0,7.26,0.2655128521970174
Campbell,,41440052,,MHDR,26,33,0.014567713936925904
Campbell,,27935004,,GC,0,0,0.4655167803728186
Campbell,,30753039,,R-1-6,0,7.26,0.14827175742866408
Campbell,,41402020,,R-1-8,0,5.45,0.18935104605541642
Campbell,,40605032,,R-1-6,0,7.26,0.137060271004169
Campbell,,27919014,,R-1-6,0,7.26,0.13961404851186454
Campbell,,30743047,,R-1-6,0,7.26,0.15041180318356
Campbell,,41405042,,R-1-8,0,5.45,0.21064378755848562
Campbell,,40313088,,R-1-6,0,7.26,0.15511216220431795
Campbell,,27936254,,MDR,18,25,0.0103176580724446
Campbell,,40425028,,R-1-6,0,7.26,0.3020392530929298
Campbell,,41233017,,LI,0,0,0.43453235977993293
Campbell,,42406079,,PO,0,0,0.2712928116645218
Campbell,,30715040,,R-1-6,0,7.26,0.14660557887747114
Campbell,,30753089,,R-1-6,0,7.26,0.1398598730644702
Campbell,,40623038,,R-1-10,0,4.35,0.2650022049011273
Campbell,,41433049,,R-1-6,0,7.26,0.1928406535684249
Campbell,,40601074,,R-1-6,0,7.26,0.2031733988017551
Campbell,,40614035,,R-1-8,0,5.45,0.18226774761383066
Campbell,,41218048,,MHDR,26,33,0.023270819774094478
Campbell,,30715062,,R-1-6,0,7.26,0.14187572931641299
Campbell,,30537005,,LMDR,8,16,0.18012046248691763
Campbell,,28824018,,R-1-6,0,7.26,0.2033458615752184
Campbell,,42404058,,R-1-6,0,7.26,0.19898250481335866
Campbell,,41214025,,MHDR,26,33,0.015052599074725684
Campbell,,40605003,,R-1-6,0,7.26,0.14024709682623213
Campbell,,40401007,,MDR,18,25,0.17835622951921806
Campbell,,40422063,,R-1-6,0,7.26,0.14522774473967434
Campbell,,27936194,,MDR,18,25,0.01032472678619916
Campbell,,30523071,,R-1-6,0,7.26,0.1656193260727974
Campbell,,41218062,,MHDR,26,33,0.019359027499556637
Campbell,,41202003,,TO-MU,57,75,1.598496686020507
Campbell,,40614042,,R-1-8,0,5.45,0.23355620800172958
Campbell,,41238005,,R-1-6,0,7.26,0.13843849311221523
Campbell,,28817026,,R-1-6,0,7.26,0.2326607483417393
Campbell,,40609025,,OS,0,0,2.5731785197626893
Campbell,,40409014,,R-1-6,0,7.26,0.140046002452794
Campbell,,28817043,,R-1-6,0,7.26,0.22984918273882887
Campbell,,28812036,,R-1-6,0,7.26,0.17283100616409006
Campbell,,28811028,,LMDR,8,16,0.14229622606049233
Campbell,,40313120,,R-1-6,0,7.26,0.1311800478826964
Campbell,,40618016,,R-1-6,0,7.26,0.19491581895527174
Campbell,,28815045,,R-1-6,0,7.26,0.18343420690283943
Campbell,,30550009,,MDR,18,25,0.01871399687339657
Campbell,,30743022,,R-1-6,0,7.26,0.15827726562556224
Campbell,,30504033,,PO,0,0,0.20365180538011687
Campbell,,41228036,,MHDR,26,33,0.020226662648779137
Campbell,,41218063,,MHDR,26,33,0.023274647195191484
Campbell,,28825068,,R-1-6,0,7.26,0.18521330819218398
Campbell,,30531022,,PO,0,0,0.2989215462187316
Campbell,,40616026,,R-1-10,0,4.35,0.21856270836760738
Campbell,,40623025,,R-1-8,0,5.45,0.2844287906171914
Campbell,,27930003,,R-1-6,0,7.26,0.1918757228867754
Campbell,,28825016,,R-1-6,0,7.26,0.18751614059709026
Campbell,,27936275,,MDR,18,25,0.010324877161923826
Campbell,,30756027,,R-1-6,0,7.26,0.21622501585759907
Campbell,,40336056,,MDR,18,25,0.2015040920999973
Campbell,,40430036,,R-1-10,0,4.35,0.22715989500580408
Campbell,,41215030,,MHDR,26,33,0.01727710277834479
Campbell,,30753093,,R-1-6,0,7.26,0.13988258587524682
Campbell,,27946049,,HD-MU,34,45,0.11512320885062467
Campbell,,40433007,,R-1-6,0,7.26,0.23129966280979167
Campbell,,27946034,,R-1-6,0,7.26,0.14502676256077854
Campbell,,30504019,,R-1-6,0,7.26,0.21521907340417532
Campbell,,30726026,,LMDR,8,16,0.18346562838236163
Campbell,,28810008,,R-1-6,0,7.26,0.21786664199566314
Campbell,,30539025,,R-1-6,0,7.26,0.15851487195671202
Campbell,,40408018,,R-1-6,0,7.26,0.16710070242373193
Campbell,,40408062,,R-1-6,0,7.26,0.1920496109970938
Campbell,,41240024,,R-1-8,0,5.45,0.23181052738231003
Campbell,,40310119,,R-1-6,0,7.26,0.3101239749589153
Campbell,,27936012,,MDR,18,25,0.017564850606416507
Campbell,,30743027,,R-1-6,0,7.26,0.15979277500711345
Campbell,,28806031,,R-1-6,0,7.26,0.19196026464211963
Campbell,,40302025,,NC,0,0,0.5136945629942163
Campbell,,30718010,,R-1-6,0,7.26,0.1452499417624944
Campbell,,30522032,,R-1-6,0,7.26,0.2013098397992995
Campbell,,30539003,,MHDR,26,33,3.929071034386571
Campbell,,27946007,,R-1-6,0,7.26,0.8102972174320509
Campbell,,40308037,,R-1-6,0,7.26,0.1379575879792054
Campbell,,28825002,,R-1-6,0,7.26,0.18448392408654118
Campbell,,40607022,,R-1-6,0,7.26,0.13811565289157862
Campbell,,41440075,,R-1-6,0,7.26,0.16874740948742856
Campbell,,40602030,,R-1-6,0,7.26,0.28884593189149305
Campbell,,30531026,,PO,0,0,0.38140075829636155
Campbell,,40316078,,R-1-10,0,4.35,0.13257270918529715
Campbell,,30750016,,LMDR,8,16,0.1595544943083998
Campbell,,42433087,,RD,0,0,0.6250839793376749
Campbell,,40312021,,R-1-9,0,4.84,0.30793474864189696
Campbell,,40316048,,R-1-10,0,4.35,0.20100458710155394
Campbell,,27934025,,R-1-6,0,7.26,0.14281182145092958
Campbell,,28823068,,R-1-6,0,7.26,0.18212710714564295
Campbell,,40310130,,R-1-6,0,7.26,0.13892889990671084
Campbell,,27936255,,MDR,18,25,0.010323737716304751
Campbell,,27930045,,GC,0,0,0.6617581925177685
Campbell,,28808059,,R-1-6,0,7.26,0.25424256353190483
Campbell,,28812077,,R-1-6,0,7.26,0.16888833418581356
Campbell,,40614050,,R-1-8,0,5.45,0.3074919778964493
Campbell,,27936059,,MDR,18,25,0.010322305856784692
Campbell,,30708014,,R-1-6,0,7.26,0.18407017041869725
Campbell,,28813045,,R-1-6,0,7.26,0.1584208784410147
Campbell,,30523012,,R-1-6,0,7.26,0.2234585566779785
Campbell,,41211045,,MHDR,26,33,0.01939986165866857
Campbell,,27920044,,R-1-6,0,7.26,0.13603750780537274
Campbell,,30520041,,R-1-6,0,7.26,0.1835440004200453
Campbell,,40603032,,LMDR,8,16,0.2672680699529374
Campbell,,40353085,,R-1-6,0,7.26,0.1437203998164559
Campbell,,28817017,,R-1-6,0,7.26,0.2664343176398187
Campbell,,40348033,,R-1-6,0,7.26,0.27179188154679446
Campbell,,41436013,,LI,0,0,1.2508590454389685
Campbell,,30752058,,R-1-6,0,7.26,0.15005607074105337
Campbell,,27946041,,R-1-6,0,7.26,0.140107125341391
Campbell,,41441036,,MHDR,26,33,0.13756579329135019
Campbell,,40407019,,R-1-6,0,7.26,0.13537047480121694
Campbell,,28825036,,R-1-6,0,7.26,0.1834112655276922
Campbell,,28810012,,R-1-6,0,7.26,0.22471306052124937
Campbell,,40360002,,MDR,18,25,0.1895463551538572
Campbell,,40624026,,R-1-10,0,4.35,0.3068972011438685
Campbell,,30750053,,R-1-6,0,7.26,0.13774695748740803
Campbell,,40343024,,R-1-6,0,7.26,0.1400300167696608
Campbell,,40617044,,R-1-6,0,7.26,0.24641307830865009
Campbell,,41209035,,CC-MU,45,60,0.1844868401060502
Campbell,,30756037,,R-1-6,0,7.26,0.1917176156170994
Campbell,,41237008,,R-1-8,0,5.45,0.3852867374828333
Campbell,,40614059,,R-1-8,0,5.45,0.34505865780300676
Campbell,,30524035,,R-1-6,0,7.26,0.22421182228470857
Campbell,,28816025,,R-1-6,0,7.26,0.24504509365043745
Campbell,,28808025,,R-1-6,0,7.26,0.19911332506015508
Campbell,,30531014,,R-1-6,0,7.26,0.18835862935201408
Campbell,,27944010,,R-1-6,0,7.26,0.22379482589583238
Campbell,,40426018,,R-1-6,0,7.26,0.14546803758040291
Campbell,,27921025,,R-1-6,0,7.26,0.14048951355415845
Campbell,,40429004,,R-1-16,0,2.72,0.25133095783622844
Campbell,,40430005,,R-1-16,0,2.72,0.4369386655842852
Campbell,,40422047,,R-1-6,0,7.26,0.23269677372486866
Campbell,,28825059,,R-1-6,0,7.26,0.20683629246015295
Campbell,,40308103,,R-1-6,0,7.26,0.13773631411790865
Campbell,,41228037,,MHDR,26,33,0.020423067165965977
Campbell,,27937024,,R-1-6,0,7.26,0.14600303224736436
Campbell,,28814023,,R-1-6,0,7.26,0.2263574341971165
Campbell,,30524038,,R-1-6,0,7.26,0.27245907163464983
Campbell,,30718012,,R-1-6,0,7.26,0.14587401722328858
Campbell,,40612079,,R-1-6,0,7.26,0.18241661122186095
Campbell,,42401061,,LI,0,0,0.21821890729665874
Campbell,,40315051,,R-1-9,0,4.84,0.20969280826627854
Campbell,,41207022,,CB-MU,26,33,0.6222574765295168
Campbell,,28819038,,R-1-6,0,7.26,0.28542492098573896
Campbell,,40424001,,R-1-6,0,7.26,0.14700281756973038
Campbell,,41433041,,R-1-6,0,7.26,0.22371015690571142
Campbell,,27936162,,MDR,18,25,0.010323154206788362
Campbell,,30749031,,R-1-6,0,7.26,0.14369886159837053
Campbell,,40424038,,R-1-6,0,7.26,0.14875216894783205
Campbell,,40619014,,R-1-8,0,5.45,0.37138357805070926
Campbell,,30739015,,R-1-6,0,7.26,0.17132969349496885
Campbell,,30741028,,LMDR,8,16,0.182195880721007
Campbell,,40426032,,R-1-6,0,7.26,0.16043511800886157
Campbell,,27936093,,MDR,18,25,0.016419061921825885
Campbell,,30749037,,R-1-6,0,7.26,0.1401681907848604
Campbell,,40425052,,R-1-6,0,7.26,0.1545779253256725
Campbell,,40336073,,NC,0,0,0.4318640042106023
Campbell,,28815080,,R-1-6,0,7.26,0.1519304772488522
Campbell,,42404040,,R-1-6,0,7.26,0.19278402101402603
Campbell,,40616010,,R-1-10,0,4.35,0.45246526282181526
Campbell,,40314048,,R-1-9,0,4.84,0.26412324091445966
Campbell,,40613029,,R-1-6,0,7.26,0.13741924201097983
Campbell,,27936119,,MDR,18,25,0.010323154199348058
Campbell,,28805022,,R-1-6,0,7.26,0.18911054605535094
Campbell,,40604002,,R-1-6,0,7.26,0.13774851619626938
Campbell,,30523026,,R-1-6,0,7.26,0.18438383808436165
Campbell,,30539002,,MHDR,26,33,1.9422045624937363
Campbell,,40309098,,R-1-6,0,7.26,0.1881271639649807
Campbell,,28815009,,R-1-6,0,7.26,0.1647505030099882
Campbell,,41207027,,CB-MU,26,33,0.02045248473863445
Campbell,,40308102,,R-1-6,0,7.26,0.14921175030732706
Campbell,,28815005,,R-1-6,0,7.26,0.15111607510603278
Campbell,,41214019,,MHDR,26,33,0.01542216531539733
Campbell,,40310087,,R-1-6,0,7.26,0.15015147186347608
Campbell,,40348003,,R-1-6,0,7.26,0.18632978800285718
Campbell,,28810045,,R-1-6,0,7.26,0.22870218028888586
Campbell,,40630005,,NC,0,0,0.25992497418846483
Campbell,,27936316,,MDR,18,25,0.017561156912352684
Campbell,,40353094,,R-1-6,0,7.26,0.13967622599758528
Campbell,,30530012,,R-1-6,0,7.26,0.12955268534716016
Campbell,,27921001,,R-1-6,0,7.26,0.15273875395338704
Campbell,,27936163,,MDR,18,25,0.010323318012503828
Campbell,,41211060,,MHDR,26,33,0.026496944963321712
Campbell,,28825039,,R-1-6,0,7.26,0.2037573160183269
Campbell,,28815059,,R-1-6,0,7.26,0.15702196705262778
Campbell,,28812080,,R-1-6,0,7.26,0.16897357046852518
Campbell,,40624030,,R-1-10,0,4.35,0.23906080768628626
Campbell,,30739002,,LMDR,8,16,0.1751681961412068
Campbell,,30714010,,R-1-6,0,7.26,0.1445326681899871
Campbell,,30554012,,MDR,18,25,0.013569777305839924
Campbell,,41238043,,R-1-6,0,7.26,0.14215682236994542
Campbell,,27936142,,MDR,18,25,0.010327211015161836
Campbell,,41438092,,R-1-6,0,7.26,0.17912985160651873
Campbell,,40620001,,R-1-10,0,4.35,0.34506742219621916
Campbell,,28818006,,R-1-6,0,7.26,0.30182324115972314
Campbell,,41215051,,MHDR,26,33,0.017274946479302607
Campbell,,40422023,,R-1-6,0,7.26,0.15529482653347393
Campbell,,27936003,,MDR,18,25,0.010327211022604945
Campbell,,40624039,,R-1-10,0,4.35,0.2722659390642461
Campbell,,27936159,,MDR,18,25,0.010329415237659088
Campbell,,30754019,,R-1-6,0,7.26,0.22357086572752108
Campbell,,30752056,,R-1-6,0,7.26,0.15971390499727564
Campbell,,30748005,,R-1-6,0,7.26,0.14821049419717344
Campbell,,40406032,,R-1-6,0,7.26,0.24637833200892556
Campbell,,40312089,,R-1-9,0,4.84,0.156532680805214
Campbell,,30538029,,MDR,18,25,0.18344458731123653
Campbell,,28817009,,R-1-6,0,7.26,0.2665223129232112
Campbell,,40314016,,R-1-9,0,4.84,0.30626849118975724
Campbell,,30749039,,R-1-6,0,7.26,0.14026459776937042
Campbell,,30756064,,R-1-6,0,7.26,0.13602919806181574
Campbell,,28813080,,PO,0,0,0.18414354387765472
Campbell,,41232022,,LI,0,0,0.3396283446590411
Campbell,,40424033,,R-1-6,0,7.26,0.22869197407195763
Campbell,,27946031,,R-1-6,0,7.26,0.14503097253772218
Campbell,,40309100,,R-1-6,0,7.26,0.18082551612634845
Campbell,,41402038,,R-1-8,0,5.45,0.2108998863187314
Campbell,,30522013,,R-1-6,0,7.26,0.1275751869541684
Campbell,,30522028,,R-1-6,0,7.26,0.18902371480509159
Campbell,,40313039,,R-1-6,0,7.26,0.19053654427920436
Campbell,,30756015,,R-1-6,0,7.26,0.13573263109178071
Campbell,,40313022,,R-1-9,0,4.84,0.23720674669707414
Campbell,,40617013,,LMDR,8,16,0.1836744523241608
Campbell,,27945020,,R-1-6,0,7.26,0.18282687301164274
Campbell,,27933011,,R-1-6,0,7.26,0.18373950590049254
Campbell,,40602052,,R-1-6,0,7.26,0.339706874175268
Campbell,,40344063,,R-1-6,0,7.26,0.1377443040994541
Campbell,,40348001,,R-1-6,0,7.26,0.2036396813129785
Campbell,,40316071,,R-1-10,0,4.35,0.23278520248685253
