city,site_address,parcel_id,gp_designation,zoning_code,min_density,max_density,total_acreage
Danville,,206480025,,P-1 (R-6),0.0,7.26,0.0
Danville,,206480028,,P-1 (R-6),0.0,7.26,0.0
Danville,,206480118,,P-1 (R-6),0.0,7.26,0.0
Danville,,206480119,,P-1 (R-6),0.0,7.26,0.0
Danville,,206480031,,P-1 (R-6),0.0,7.26,0.0
Danville,,206480032,,P-1 (R-6),0.0,7.26,0.0
Danville,,206480033,,P-1 (R-6),0.0,7.26,0.0
Danville,,206480020,,P-1 (R-6),0.0,7.26,0.0
Danville,,206480021,,P-1 (R-6),0.0,7.26,0.0
Danville,,206480022,,P-1 (R-6),0.0,7.26,0.0
Danville,,206480027,,P-1 (R-6),0.0,7.26,0.0
Danville,,206480026,,P-1 (R-6),0.0,7.26,0.0
Danville,,206480023,,P-1 (R-6),0.0,7.26,0.0
Danville,,206480024,,P-1 (R-6),0.0,7.26,0.0
Danville,,206480016,,P-1 (R-6),0.0,7.26,0.0
Danville,,206480015,,P-1 (R-6),0.0,7.26,0.0
Danville,,206480012,,P-1 (R-6),0.0,7.26,0.0
Danville,,206480017,,P-1 (R-6),0.0,7.26,0.0
Danville,,206480018,,P-1 (R-6),0.0,7.26,0.0
Danville,,206480019,,P-1 (R-6),0.0,7.26,0.0
Danville,,206480034,,P-1 (R-6),0.0,7.26,0.0
Danville,,206480035,,P-1 (R-6),0.0,7.26,0.0
Danville,,206480036,,P-1 (R-6),0.0,7.26,0.0
Danville,,206480037,,P-1 (R-6),0.0,7.26,0.0
Danville,,206480038,,P-1 (R-6),0.0,7.26,0.0
Danville,,206480010,,P-1 (R-6),0.0,7.26,0.0
Danville,,206480011,,P-1 (R-6),0.0,7.26,0.0
Danville,,206480008,,P-1 (R-6),0.0,7.26,0.0
Danville,,206480009,,P-1 (R-6),0.0,7.26,0.0
Danville,,206480039,,P-1 (R-6),0.0,7.26,0.0
Danville,,206480041,,P-1 (R-6),0.0,7.26,0.0
Danville,,206480040,,P-1 (R-6),0.0,7.26,0.0
Danville,,206480042,,P-1 (R-6),0.0,7.26,0.0
Danville,,206480043,,P-1 (R-6),0.0,7.26,0.0
Danville,,206480050,,P-1 (R-6),0.0,7.26,0.0
Danville,,206480051,,P-1 (R-6),0.0,7.26,0.0
Danville,,206480053,,P-1 (R-6),0.0,7.26,0.0
Danville,,206480052,,P-1 (R-6),0.0,7.26,0.0
Danville,,206480072,,P-1 (R-6),0.0,7.26,0.0
Danville,,206480054,,P-1 (R-6),0.0,7.26,0.0
Danville,,206480055,,P-1 (R-6),0.0,7.26,0.0
Danville,,206480056,,P-1 (R-6),0.0,7.26,0.0
Danville,,206480058,,P-1 (R-6),0.0,7.26,0.0
Danville,,206480057,,P-1 (R-6),0.0,7.26,0.0
Danville,,206480067,,P-1 (R-6),0.0,7.26,0.0
Danville,,206480068,,P-1 (R-6),0.0,7.26,0.0
Danville,,206480069,,P-1 (R-6),0.0,7.26,0.0
Danville,,206480070,,P-1 (R-6),0.0,7.26,0.0
Danville,,206480071,,P-1 (R-6),0.0,7.26,0.0
Danville,,206480087,,P-1 (R-6),0.0,7.26,0.0
Danville,,206480088,,P-1 (R-6),0.0,7.26,0.0
Danville,,206480089,,P-1 (R-6),0.0,7.26,0.0
Danville,,206480090,,P-1 (R-6),0.0,7.26,0.0
Danville,,206480097,,P-1 (R-6),0.0,7.26,0.0
Danville,,206480092,,P-1 (R-6),0.0,7.26,0.0
Danville,,206480091,,P-1 (R-6),0.0,7.26,0.0
Danville,,206480093,,P-1 (R-6),0.0,7.26,0.0
Danville,,206480064,,P-1 (R-6),0.0,7.26,0.0
Danville,,206480065,,P-1 (R-6),0.0,7.26,0.0
Danville,,206480066,,P-1 (R-6),0.0,7.26,0.0
Danville,,206480059,,P-1 (R-6),0.0,7.26,0.0
Danville,,206480060,,P-1 (R-6),0.0,7.26,0.0
Danville,,206480061,,P-1 (R-6),0.0,7.26,0.0
Danville,,206480062,,P-1 (R-6),0.0,7.26,0.0
Danville,,206480063,,P-1 (R-6),0.0,7.26,0.0
Danville,,206480120,,P-1 (R-6),0.0,7.26,0.0
Danville,,206480116,,P-1 (R-6),0.0,7.26,0.0
Danville,,206480096,,P-1 (R-6),0.0,7.26,0.0
Danville,,206480117,,P-1 (R-6),0.0,7.26,0.0
Danville,,206170005,,P-1 (R-100,0.0,0.44,2.85
Danville,,206170004,,P-1 (R-100,0.0,0.44,2.998
Danville,,206170001,,P-1 (R-40),0.0,1.09,2.06
Danville,,206170006,,P-1 (R-40),0.0,1.09,1.0
Danville,,206170008,,P-1 (R-100,0.0,0.44,5.0
Danville,,206160030,,P-1 (R-40),0.0,1.09,1.055
Danville,,206160031,,P-1 (R-40),0.0,1.09,1.139
Danville,,206160029,,P-1 (R-40),0.0,1.09,1.036
Danville,,206160026,,P-1 (R-40),0.0,1.09,1.446
Danville,,206160025,,P-1 (R-40),0.0,1.09,1.545
Danville,,206210009,,P-1 (R-40),0.0,1.09,5.14
Danville,,206210014,,P-1 (R-100,0.0,0.44,2.57
Danville,,206210016,,P-1 (R-100,0.0,0.44,2.87
Danville,,206160006,,P-1 (R-40),0.0,1.09,1.55
Danville,,206160007,,P-1 (R-40),0.0,1.09,1.59
Danville,,206160008,,P-1 (R-40),0.0,1.09,2.05
Danville,,206160027,,P-1 (R-40),0.0,1.09,2.342
Danville,,206170012,,P-1 (R-100,0.0,0.44,11.602
Danville,,206160024,,P-1 (R-40),0.0,1.09,1.503
Danville,,206160023,,P-1 (R-40),0.0,1.09,1.149
Danville,,206160014,,P-1 (R-40),0.0,1.09,5.22
Danville,,206160028,,P-1 (R-40),0.0,1.09,4.563
Danville,,206160011,,P-1 (R-100,0.0,0.44,7.81
Danville,,206170011,,P-1 (R-100,0.0,0.44,10.0
Danville,,206170013,,P-1 (R-100,0.0,0.44,7.116
Danville,,206160013,,P-1 (R-100,0.0,0.44,5.21
Danville,,206160017,,P-1 (R-40),0.0,1.09,17.11
Danville,,206160035,,P-1 (R-40),0.0,1.09,1.31
Danville,,206160019,,P-1 (R-40),0.0,1.09,4.755
Danville,,206160022,,P-1 (R-40),0.0,1.09,1.074
Danville,,206160034,,P-1 (R-40),0.0,1.09,1.24
Danville,,206160021,,P-1 (R-40),0.0,1.09,1.36
Danville,,206160032,,P-1 (R-40),0.0,1.09,1.02
Danville,,206160033,,P-1 (R-40),0.0,1.09,1.47
Danville,,206210015,,P-1 (R-100,0.0,0.44,2.73
Danville,,206160020,,P-1 (R-40),0.0,1.09,1.825
Danville,,206140033,,P-1 (R-40),0.0,1.09,0.0
Danville,,206140034,,P-1 (R-40),0.0,1.09,0.0
Danville,,206140032,,P-1 (R-40),0.0,1.09,0.0
Danville,,206140012,,P-1 (R-40),0.0,1.09,1.09
Danville,,206140031,,P-1 (R-40),0.0,1.09,0.0
Danville,,206140036,,P-1 (R-40),0.0,1.09,0.65
Danville,,206140030,,P-1 (R-40),0.0,1.09,0.0
Danville,,206140026,,P-1 (R-40),0.0,1.09,0.0
Danville,,206140025,,P-1 (R-40),0.0,1.09,1.17
Danville,,206140035,,P-1 (R-40),0.0,1.09,1.071
Danville,,206140010,,P-1 (R-40),0.0,1.09,1.26
Danville,,206140009,,P-1 (R-40),0.0,1.09,1.26
Danville,,206140006,,P-1 (R-40),0.0,1.09,1.4
Danville,,206450014,,P-1 (R-7),0.0,6.22,0.0
Danville,,206450015,,P-1 (R-12),0.0,3.63,0.0
Danville,,206450034,,P-1 (R-12),0.0,3.63,0.25
Danville,,206140017,,P-1 (R-40),0.0,1.09,2.5
Danville,,206140029,,P-1 (R-40),0.0,1.09,2.975
Danville,,206140019,,P-1 (R-40),0.0,1.09,1.28
Danville,,206140018,,P-1 (R-40),0.0,1.09,1.22
Danville,,206450022,,P-1 (R-12),0.0,3.63,0.0
Danville,,206450021,,P-1 (R-7),0.0,6.22,0.0
Danville,,206450023,,P-1 (R-12),0.0,3.63,0.0
Danville,,206450029,,P-1 (R-12),0.0,3.63,0.0
Danville,,206450028,,P-1 (R-7),0.0,6.22,0.0
Danville,,206450024,,P-1 (R-7),0.0,6.22,0.0
Danville,,206450027,,P-1 (R-7),0.0,6.22,0.0
Danville,,206450026,,P-1 (R-7),0.0,6.22,0.0
Danville,,206450025,,P-1 (R-7),0.0,6.22,0.0
Danville,,206450005,,P-1 (R-7),0.0,6.22,0.0
Danville,,206450004,,P-1 (R-7),0.0,6.22,0.0
Danville,,206490003,,P-1 (R-7),0.0,6.22,0.207
Danville,,206490003,,P-1 (R-7),0.0,6.22,0.207
Danville,,206490004,,P-1 (R-7),0.0,6.22,0.203
Danville,,206490004,,P-1 (R-7),0.0,6.22,0.203
Danville,,206490005,,P-1 (R-7),0.0,6.22,0.165
Danville,,206490005,,P-1 (R-7),0.0,6.22,0.165
Danville,,206450006,,P-1 (R-7),0.0,6.22,0.0
Danville,,206450007,,P-1 (R-7),0.0,6.22,0.0
Danville,,206450008,,P-1 (R-7),0.0,6.22,0.0
Danville,,206490006,,P-1 (R-7),0.0,6.22,0.203
Danville,,206490006,,P-1 (R-7),0.0,6.22,0.203
Danville,,206490007,,P-1 (R-7),0.0,6.22,0.191
Danville,,206490007,,P-1 (R-7),0.0,6.22,0.191
Danville,,206490008,,P-1 (R-7),0.0,6.22,0.203
Danville,,206490008,,P-1 (R-7),0.0,6.22,0.203
Danville,,206490009,,P-1 (R-7),0.0,6.22,0.178
Danville,,206490009,,P-1 (R-7),0.0,6.22,0.178
Danville,,206450010,,P-1 (R-7),0.0,6.22,0.0
Danville,,206450009,,P-1 (R-7),0.0,6.22,0.0
Danville,,206450020,,P-1 (R-7),0.0,6.22,0.0
Danville,,206450019,,P-1 (R-7),0.0,6.22,0.0
Danville,,206450018,,P-1 (R-7),0.0,6.22,0.0
Danville,,206450035,,P-1 (R-12),0.0,3.63,0.299
Danville,,206450013,,P-1 (R-7),0.0,6.22,0.0
Danville,,206450012,,P-1 (R-7),0.0,6.22,0.0
Danville,,206450011,,P-1 (R-7),0.0,6.22,0.0
Danville,,206490010,,P-1 (R-7),0.0,6.22,0.0
Danville,,206490010,,P-1 (R-7),0.0,6.22,0.0
Danville,,206490012,,P-1 (R-7),0.0,6.22,0.0
Danville,,206490012,,P-1 (R-7),0.0,6.22,0.0
Danville,,206490011,,P-1 (R-7),0.0,6.22,0.0
Danville,,206490011,,P-1 (R-7),0.0,6.22,0.0
Danville,,206490013,,P-1 (R-7),0.0,6.22,0.0
Danville,,206490013,,P-1 (R-7),0.0,6.22,0.0
Danville,,206490014,,P-1 (R-7),0.0,6.22,0.0
Danville,,206490014,,P-1 (R-7),0.0,6.22,0.0
Danville,,206490015,,P-1 (R-7),0.0,6.22,0.0
Danville,,206490015,,P-1 (R-7),0.0,6.22,0.0
Danville,,206490016,,P-1 (R-10),0.0,4.36,0.0
Danville,,206490017,,P-1 (R-10),0.0,4.36,0.0
Danville,,206490018,,P-1 (R-7),0.0,6.22,0.0
Danville,,206490018,,P-1 (R-7),0.0,6.22,0.0
Danville,,206490021,,P-1 (R-7),0.0,6.22,0.0
Danville,,206490021,,P-1 (R-7),0.0,6.22,0.0
Danville,,206490023,,P-1 (R-7),0.0,6.22,0.0
Danville,,206490023,,P-1 (R-7),0.0,6.22,0.0
Danville,,206490024,,P-1 (R-7),0.0,6.22,0.0
Danville,,206490024,,P-1 (R-7),0.0,6.22,0.0
Danville,,206490019,,P-1 (R-7),0.0,6.22,0.0
Danville,,206490019,,P-1 (R-7),0.0,6.22,0.0
Danville,,206490020,,P-1 (R-7),0.0,6.22,0.0
Danville,,206490020,,P-1 (R-7),0.0,6.22,0.0
Danville,,206490022,,P-1 (R-7),0.0,6.22,0.0
Danville,,206490022,,P-1 (R-7),0.0,6.22,0.0
Danville,,206490030,,P-1 (R-7),0.0,6.22,0.0
Danville,,206490030,,P-1 (R-7),0.0,6.22,0.0
Danville,,206490032,,P-1 (R-7),0.0,6.22,0.0
Danville,,206490032,,P-1 (R-7),0.0,6.22,0.0
Danville,,206490033,,P-1 (R-7),0.0,6.22,0.0
Danville,,206490033,,P-1 (R-7),0.0,6.22,0.0
Danville,,206490031,,P-1 (R-7),0.0,6.22,0.0
Danville,,206490031,,P-1 (R-7),0.0,6.22,0.0
Danville,,206490029,,P-1 (R-7),0.0,6.22,0.0
Danville,,206490029,,P-1 (R-7),0.0,6.22,0.0
Danville,,206490028,,P-1 (R-7),0.0,6.22,0.0
Danville,,206490028,,P-1 (R-7),0.0,6.22,0.0
Danville,,206490034,,P-1 (R-7),0.0,6.22,0.0
Danville,,206490034,,P-1 (R-7),0.0,6.22,0.0
Danville,,206490027,,P-1 (R-10),0.0,4.36,0.0
Danville,,206490026,,P-1 (R-10),0.0,4.36,0.0
Danville,,206490025,,P-1 (R-10),0.0,4.36,0.0
Danville,,206480098,,P-1 (R-6),0.0,7.26,0.0
Danville,,206480099,,P-1 (R-6),0.0,7.26,0.0
Danville,,206480100,,P-1 (R-6),0.0,7.26,0.0
Danville,,206480101,,P-1 (R-6),0.0,7.26,0.0
Danville,,206480086,,P-1 (R-6),0.0,7.26,0.0
Danville,,206480085,,P-1 (R-6),0.0,7.26,0.0
Danville,,206480102,,P-1 (R-6),0.0,7.26,0.0
Danville,,206480103,,P-1 (R-6),0.0,7.26,0.0
Danville,,206480104,,P-1 (R-6),0.0,7.26,0.0
Danville,,206480105,,P-1 (R-6),0.0,7.26,0.0
Danville,,206480106,,P-1 (R-6),0.0,7.26,0.0
Danville,,206480081,,P-1 (R-6),0.0,7.26,0.0
Danville,,206480082,,P-1 (R-6),0.0,7.26,0.0
Danville,,206480083,,P-1 (R-6),0.0,7.26,0.0
Danville,,206480084,,P-1 (R-6),0.0,7.26,0.0
Danville,,206480073,,P-1 (R-6),0.0,7.26,0.0
Danville,,206480074,,P-1 (R-6),0.0,7.26,0.0
Danville,,206480075,,P-1 (R-6),0.0,7.26,0.0
Danville,,206480049,,P-1 (R-6),0.0,7.26,0.0
Danville,,206480048,,P-1 (R-6),0.0,7.26,0.0
Danville,,206480076,,P-1 (R-6),0.0,7.26,0.0
Danville,,206480077,,P-1 (R-6),0.0,7.26,0.0
Danville,,206480114,,P-1 (R-6),0.0,7.26,0.0
Danville,,206480113,,P-1 (R-6),0.0,7.26,0.0
Danville,,206480112,,P-1 (R-6),0.0,7.26,0.0
Danville,,206480078,,P-1 (R-6),0.0,7.26,0.0
Danville,,206480079,,P-1 (R-6),0.0,7.26,0.0
Danville,,206480080,,P-1 (R-6),0.0,7.26,0.0
Danville,,206480108,,P-1 (R-6),0.0,7.26,0.0
Danville,,206480107,,P-1 (R-6),0.0,7.26,0.0
Danville,,206480109,,P-1 (R-6),0.0,7.26,0.0
Danville,,206480111,,P-1 (R-6),0.0,7.26,0.0
Danville,,206480110,,P-1 (R-6),0.0,7.26,0.0
Danville,,206133070,,P-1 (R-6),0.0,7.26,0.332
Danville,,206460085,,P-1,0.0,35.0,0.006
Danville,,206133071,,P-1 (R-6),0.0,7.26,0.351
Danville,,206470021,,P-1,0.0,35.0,0.106
Danville,,206490036,,P-1 (R-10),0.0,4.36,0.0
Danville,,206490035,,P-1 (R-10),0.0,4.36,0.0
Danville,,206490037,,P-1 (R-10),0.0,4.36,0.0
Danville,,206490038,,P-1 (R-7),0.0,6.22,0.0
Danville,,206490038,,P-1 (R-7),0.0,6.22,0.0
Danville,,206490039,,P-1 (R-7),0.0,6.22,0.0
Danville,,206490039,,P-1 (R-7),0.0,6.22,0.0
Danville,,206490041,,P-1 (R-7),0.0,6.22,0.0
Danville,,206490041,,P-1 (R-7),0.0,6.22,0.0
Danville,,206470010,,P-1 (R-12),0.0,3.63,0.175
Danville,,206470031,,P-1 (R-12),0.0,3.63,0.449
Danville,,206470024,,P-1,0.0,35.0,0.532
Danville,,206470015,,P-1 (R-12),0.0,3.63,0.279
Danville,,206470005,,P-1 (R-12),0.0,3.63,0.302
Danville,,206470030,,P-1 (R-12),0.0,3.63,0.337
Danville,,206470014,,P-1 (R-12),0.0,3.63,0.286
Danville,,206470008,,P-1 (R-12),0.0,3.63,0.3
Danville,,206470004,,P-1 (R-12),0.0,3.63,0.141
Danville,,206470003,,P-1 (R-12),0.0,3.63,0.145
Danville,,206500001,,P-1 (R-12),0.0,3.63,0.35
Danville,,206470002,,P-1 (R-12),0.0,3.63,0.306
Danville,,206470009,,P-1 (R-12),0.0,3.63,0.27
Danville,,206470001,,P-1 (R-12),0.0,3.63,0.301
Danville,,206470006,,P-1 (R-12),0.0,3.63,0.305
Danville,,206470029,,P-1 (R-12),0.0,3.63,0.327
Danville,,206470007,,P-1 (R-12),0.0,3.63,0.284
Danville,,206440006,,P-1 (R-15),0.0,2.9,0.362
Danville,,206440007,,P-1 (R-15),0.0,2.9,0.481
Danville,,206440004,,P-1 (R-15),0.0,2.9,0.52
Danville,,206440001,,P-1 (R-15),0.0,2.9,0.406
Danville,,206440005,,P-1 (R-15),0.0,2.9,0.404
Danville,,206470034,,P-1 (R-12),0.0,3.63,0.248
Danville,,206470028,,P-1 (R-12),0.0,3.63,0.308
Danville,,206470032,,P-1 (R-12),0.0,3.63,0.297
Danville,,206470033,,P-1 (R-12),0.0,3.63,0.297
Danville,,206450001,,P-1 (R-7),0.0,6.22,0.0
Danville,,206450002,,P-1 (R-7),0.0,6.22,0.0
Danville,,206490001,,P-1 (R-7),0.0,6.22,0.0
Danville,,206490001,,P-1 (R-7),0.0,6.22,0.0
Danville,,206490002,,P-1 (R-7),0.0,6.22,0.0
Danville,,206490002,,P-1 (R-7),0.0,6.22,0.0
Danville,,206450003,,P-1 (R-7),0.0,6.22,0.0
Danville,,206450033,,P-1 (R-7),0.0,6.22,0.0
Danville,,206450032,,P-1 (R-7),0.0,6.22,0.0
Danville,,206450030,,P-1 (R-12),0.0,3.63,0.0
Danville,,206450031,,P-1 (R-12),0.0,3.63,0.0
Danville,,206440002,,P-1 (R-15),0.0,2.9,0.311
Danville,,206440003,,P-1 (R-15),0.0,2.9,0.69
Danville,,206140022,,P-1 (R-40),0.0,1.09,1.91
Danville,,206570005,,P-1 (R-100,0.0,0.44,3.19
Danville,,206570007,,P-1 (R-100,0.0,0.44,1.575
Danville,,206020055,,P-1 (R-100,0.0,0.44,4.9
Danville,,206440018,,P-1 (R-15),0.0,2.9,1.03
Danville,,206440009,,P-1 (R-15),0.0,2.9,0.498
Danville,,206440014,,P-1 (R-15),0.0,2.9,0.0
Danville,,206440010,,P-1 (R-15),0.0,2.9,0.0
Danville,,206440011,,P-1 (R-15),0.0,2.9,0.0
Danville,,206440019,,P-1 (R-15),0.0,2.9,0.312
Danville,,206440017,,P-1 (R-15),0.0,2.9,3.054
Danville,,206690002,,P-1 (R-15),0.0,2.9,0.0
Danville,,206690004,,P-1 (R-15),0.0,2.9,0.0
Danville,,206690003,,P-1 (R-15),0.0,2.9,0.0
Danville,,206570006,,P-1 (R-40),0.0,1.09,1.292
Danville,,206540002,,P-1 (R-40),0.0,1.09,1.02
Danville,,206540005,,P-1 (R-40),0.0,1.09,0.918
Danville,,206540004,,P-1 (R-40),0.0,1.09,1.962
Danville,,206540003,,P-1 (R-40),0.0,1.09,1.13
Danville,,206570003,,P-1 (R-100,0.0,0.44,1.24
Danville,,206020085,,P-1 (R-100,0.0,0.44,2.77
Danville,,206020068,,P-1 (R-100,0.0,0.44,0.0
Danville,,206020065,,P-1 (R-100,0.0,0.44,5.23
Danville,,206020066,,P-1 (R-40),0.0,1.09,5.07
Danville,,206020084,,P-1 (R-100,0.0,0.44,2.55
Danville,,206570004,,P-1 (R-100,0.0,0.44,3.97
Danville,,206140011,,P-1 (R-40),0.0,1.09,1.2
Danville,,206020097,,P-1 (R-100,0.0,0.44,2.978
Danville,,206020070,,P-1 (R-100,0.0,0.44,5.0
Danville,,206020098,,P-1 (R-100,0.0,0.44,2.3
Danville,,206210008,,P-1 (R-100,0.0,0.44,5.76
Danville,,206210007,,P-1 (R-100,0.0,0.44,5.16
Danville,,206210011,,P-1 (R-100,0.0,0.44,5.0
Danville,,206020086,,P-1 (R-100,0.0,0.44,5.0
Danville,,206210013,,P-1 (R-100,0.0,0.44,2.87
Danville,,206210023,,P-1 (R-40),0.0,1.09,0.486
Danville,,206210024,,P-1 (R-40),0.0,1.09,0.56
Danville,,206210020,,P-1 (R-40),0.0,1.09,1.005
Danville,,206210017,,P-1 (R-100,0.0,0.44,2.981
Danville,,206210019,,P-1 (R-100,0.0,0.44,2.199
Danville,,206210021,,P-1 (R-40),0.0,1.09,0.94
Danville,,206210018,,P-1 (R-100,0.0,0.44,2.178
Danville,,218611027,,P-1 (R-10),0.0,4.36,0.23019988222754798
Danville,,218611026,,P-1 (R-10),0.0,4.36,0.19481122279015245
Danville,,218612002,,P-1 (R-10),0.0,4.36,0.2073546595843288
Danville,,218612003,,P-1 (R-10),0.0,4.36,0.18716629920052594
Danville,,218612019,,P-1 (R-10),0.0,4.36,0.05809293817408158
Danville,,218650054,,P-1,0.0,35.0,0.08849929868481884
Danville,,218650055,,P-1,0.0,35.0,0.10391906422280958
Danville,,218650053,,P-1,0.0,35.0,0.08281827607040457
Danville,,218650052,,P-1,0.0,35.0,0.08110625050116291
Danville,,218650051,,P-1,0.0,35.0,0.06934663704660829
Danville,,218612009,,P-1 (R-10),0.0,4.36,0.20362959440722744
Danville,,218611021,,P-1 (R-10),0.0,4.36,0.195193236509128
Danville,,218612007,,P-1 (R-10),0.0,4.36,0.19108614703519627
Danville,,218612008,,P-1 (R-10),0.0,4.36,0.19084379005366026
Danville,,218612006,,P-1 (R-10),0.0,4.36,0.19363565868615337
Danville,,218612005,,P-1 (R-10),0.0,4.36,0.18369800537902672
Danville,,218612004,,P-1 (R-10),0.0,4.36,0.18537915487154188
Danville,,218611024,,P-1 (R-10),0.0,4.36,0.19628927696974566
Danville,,218611025,,P-1 (R-10),0.0,4.36,0.1942729938538553
Danville,,218611023,,P-1 (R-10),0.0,4.36,0.19806161544745662
Danville,,218611022,,P-1 (R-10),0.0,4.36,0.19269374565135558
Danville,,218611016,,P-1 (R-10),0.0,4.36,0.19694384976659163
Danville,,218611015,,P-1 (R-10),0.0,4.36,0.19557363095286992
Danville,,218611017,,P-1 (R-10),0.0,4.36,0.19771287072742913
Danville,,218612013,,P-1 (R-10),0.0,4.36,0.18626257980707545
Danville,,218612012,,P-1 (R-10),0.0,4.36,0.1847254709654991
Danville,,218611018,,P-1 (R-10),0.0,4.36,0.19732214366185258
Danville,,218611019,,P-1 (R-10),0.0,4.36,0.2000529598932541
Danville,,218611020,,P-1 (R-10),0.0,4.36,0.21525230777839155
Danville,,218612010,,P-1 (R-10),0.0,4.36,0.189721036523685
Danville,,218612011,,P-1 (R-10),0.0,4.36,0.19005351187010372
Danville,,218621025,,P-1,0.0,35.0,0.07650179965210985
Danville,,218612014,,P-1 (R-10),0.0,4.36,0.18413214324755872
Danville,,218612016,,P-1 (R-10),0.0,4.36,0.1898253906168517
Danville,,218612015,,P-1 (R-10),0.0,4.36,0.1815223048158953
Danville,,218612017,,P-1 (R-10),0.0,4.36,0.1895339650148788
Danville,,218612018,,P-1 (R-10),0.0,4.36,0.1888653401335676
Danville,,218593003,,P-1 (R-10),0.0,4.36,0.1914043898060914
Danville,,218593004,,P-1 (R-10),0.0,4.36,0.18198255768711283
Danville,,218593005,,P-1 (R-10),0.0,4.36,0.18418242903269894
Danville,,218591014,,P-1 (R-10),0.0,4.36,0.20121926851533437
Danville,,218591015,,P-1 (R-10),0.0,4.36,0.19267939390666186
Danville,,218600001,,P-1 (R-10),0.0,4.36,0.19533614892885787
Danville,,218600026,,P-1 (R-10),0.0,4.36,0.21197941237586712
Danville,,218592002,,P-1 (R-10),0.0,4.36,0.24045146783632912
Danville,,218592001,,P-1 (R-10),0.0,4.36,0.23602475400044134
Danville,,218593002,,P-1 (R-10),0.0,4.36,0.20065987976902058
Danville,,218593001,,P-1 (R-10),0.0,4.36,0.17541299294566504
Danville,,218611001,,P-1 (R-10),0.0,4.36,0.22155468696071323
Danville,,218611013,,P-1 (R-10),0.0,4.36,0.22088005876458086
Danville,,218611002,,P-1 (R-10),0.0,4.36,0.21155821419111864
Danville,,218611003,,P-1 (R-10),0.0,4.36,0.21168792591292312
Danville,,218600025,,P-1 (R-10),0.0,4.36,0.19118347850003503
Danville,,218611005,,P-1 (R-10),0.0,4.36,0.20946679875414886
Danville,,218611004,,P-1 (R-10),0.0,4.36,0.22434413342394008
Danville,,218611012,,P-1 (R-10),0.0,4.36,0.25110809165791065
Danville,,218611014,,P-1 (R-10),0.0,4.36,0.19855486896603064
Danville,,218611029,,P-1,0.0,35.0,7.297688969500633
Danville,,218611011,,P-1 (R-10),0.0,4.36,0.22704365481517153
Danville,,218611010,,P-1 (R-10),0.0,4.36,0.22746012950979336
Danville,,218611009,,P-1 (R-10),0.0,4.36,0.26501348094318916
Danville,,218611006,,P-1 (R-10),0.0,4.36,0.21837327750431057
Danville,,218611007,,P-1 (R-10),0.0,4.36,0.22497039685926126
Danville,,218611008,,P-1 (R-10),0.0,4.36,0.23849096685643492
Danville,,218600014,,P-1 (R-10),0.0,4.36,0.27464762617609895
Danville,,218600013,,P-1 (R-10),0.0,4.36,0.24490661321986598
Danville,,218600015,,P-1 (R-10),0.0,4.36,0.23568714089463905
Danville,,218600017,,P-1 (R-10),0.0,4.36,0.2077085385701155
Danville,,218600016,,P-1 (R-10),0.0,4.36,0.20485728815044527
Danville,,218600010,,P-1 (R-10),0.0,4.36,0.19008988847001798
Danville,,218600009,,P-1 (R-10),0.0,4.36,0.18054809024492147
Danville,,218600008,,P-1 (R-10),0.0,4.36,0.18699018828910527
Danville,,218600020,,P-1 (R-10),0.0,4.36,0.19289139066239883
Danville,,218600019,,P-1 (R-10),0.0,4.36,0.19374351034958015
Danville,,218600018,,P-1 (R-10),0.0,4.36,0.20244925730552588
Danville,,218600024,,P-1 (R-10),0.0,4.36,0.18106566269608512
Danville,,218600023,,P-1 (R-10),0.0,4.36,0.19307080033249807
Danville,,218600022,,P-1 (R-10),0.0,4.36,0.18744516693478422
Danville,,218600021,,P-1 (R-10),0.0,4.36,0.18908829354101322
Danville,,218600005,,P-1 (R-10),0.0,4.36,0.1889513849253992
Danville,,218600006,,P-1 (R-10),0.0,4.36,0.18870189259463271
Danville,,218600007,,P-1 (R-10),0.0,4.36,0.18432725267516384
Danville,,218600004,,P-1 (R-10),0.0,4.36,0.1872136483924878
Danville,,218600003,,P-1 (R-10),0.0,4.36,0.21066377560829902
Danville,,218600002,,P-1 (R-10),0.0,4.36,0.20551448593416347
Danville,,218591013,,P-1 (R-10),0.0,4.36,0.18924516430102442
Danville,,218591012,,P-1 (R-10),0.0,4.36,0.18323283359242978
Danville,,218591011,,P-1 (R-10),0.0,4.36,0.1829296249101212
Danville,,218600011,,P-1 (R-10),0.0,4.36,0.21993629620946015
Danville,,218600012,,P-1 (R-10),0.0,4.36,0.2683791186155869
Danville,,218040033,,P-1,0.0,35.0,12.99
Danville,,218581044,,P-1 (R-7),0.0,6.22,0.11636690886568299
Danville,,218040034,,P-1,0.0,35.0,23.95
Danville,,218581045,,P-1 (R-7),0.0,6.22,0.11302991508079245
Danville,,218591010,,P-1 (R-10),0.0,4.36,0.18391997000593474
Danville,,218593008,,P-1 (R-10),0.0,4.36,0.18913639340197916
Danville,,218591009,,P-1 (R-10),0.0,4.36,0.18961042680495735
Danville,,218591008,,P-1 (R-10),0.0,4.36,0.18390267552041778
Danville,,218591007,,P-1 (R-10),0.0,4.36,0.1857013644129403
Danville,,218593009,,P-1 (R-10),0.0,4.36,0.19168675789015135
Danville,,218594001,,P-1 (R-7),0.0,6.22,0.12630143820073292
Danville,,218594002,,P-1 (R-7),0.0,6.22,0.11214050812942862
Danville,,218594003,,P-1 (R-7),0.0,6.22,0.11446947461147729
Danville,,218594004,,P-1 (R-7),0.0,6.22,0.11726611724111044
Danville,,218591006,,P-1 (R-10),0.0,4.36,0.18249081650180266
Danville,,218591005,,P-1 (R-10),0.0,4.36,0.18205602710172436
Danville,,218591004,,P-1 (R-10),0.0,4.36,0.18501113800386054
Danville,,218591003,,P-1 (R-10),0.0,4.36,0.18593619198619263
Danville,,218594007,,P-1 (R-7),0.0,6.22,0.11440328722845758
Danville,,218594009,,P-1 (R-7),0.0,6.22,0.11825707155062548
Danville,,218594008,,P-1 (R-7),0.0,6.22,0.11630074184002942
Danville,,218594006,,P-1 (R-7),0.0,6.22,0.11391972689771392
Danville,,218594005,,P-1 (R-7),0.0,6.22,0.1140802456417781
Danville,,218622003,,P-1,0.0,35.0,0.08324325214895385
Danville,,218582005,,P-1 (R-7),0.0,6.22,0.12233503884844145
Danville,,218582004,,P-1 (R-7),0.0,6.22,0.12986989154246653
Danville,,218582003,,P-1 (R-7),0.0,6.22,0.12005132010950291
Danville,,218582002,,P-1 (R-7),0.0,6.22,0.11943888748613182
Danville,,218582001,,P-1 (R-7),0.0,6.22,0.12636319325306017
Danville,,218591001,,P-1 (R-10),0.0,4.36,0.1762598884675511
Danville,,218591002,,P-1 (R-10),0.0,4.36,0.18950713427698718
Danville,,218581050,,P-1 (R-7),0.0,6.22,0.14356151906577377
Danville,,218581049,,P-1 (R-7),0.0,6.22,0.11321196391897227
Danville,,218581048,,P-1 (R-7),0.0,6.22,0.11485967964127737
Danville,,218581047,,P-1 (R-7),0.0,6.22,0.11319816307122957
Danville,,218581046,,P-1 (R-7),0.0,6.22,0.114861018723147
Danville,,218581039,,P-1 (R-7),0.0,6.22,0.11816942811061668
Danville,,218581038,,P-1 (R-7),0.0,6.22,0.12849769715075213
Danville,,218581037,,P-1 (R-7),0.0,6.22,0.14290010590600757
Danville,,218581036,,P-1 (R-7),0.0,6.22,0.1287015626823666
Danville,,218581040,,P-1 (R-7),0.0,6.22,0.11348647692125587
Danville,,218581041,,P-1 (R-7),0.0,6.22,0.11527739728317514
Danville,,218581042,,P-1 (R-7),0.0,6.22,0.12523659739820767
Danville,,218581043,,P-1 (R-7),0.0,6.22,0.14731120653202
Danville,,218581015,,P-1 (R-7),0.0,6.22,0.23712377945065866
Danville,,218581016,,P-1 (R-7),0.0,6.22,0.3245674152978271
Danville,,218581030,,P-1 (R-7),0.0,6.22,0.11590954011506914
Danville,,218581029,,P-1 (R-7),0.0,6.22,0.11372350738381451
Danville,,218581028,,P-1 (R-7),0.0,6.22,0.1146732536981757
Danville,,218581031,,P-1 (R-7),0.0,6.22,0.11457349080099952
Danville,,218581032,,P-1 (R-7),0.0,6.22,0.11531227521395532
Danville,,218581033,,P-1 (R-7),0.0,6.22,0.11670380535986853
Danville,,218581034,,P-1 (R-7),0.0,6.22,0.1142633408989553
Danville,,218581035,,P-1 (R-7),0.0,6.22,0.11465921581244369
Danville,,218582006,,P-1 (R-7),0.0,6.22,0.11278501328807251
Danville,,218582007,,P-1 (R-7),0.0,6.22,0.11441415871497768
Danville,,218582008,,P-1 (R-7),0.0,6.22,0.11667145483014303
Danville,,218582009,,P-1 (R-7),0.0,6.22,0.11358198418624547
Danville,,218582010,,P-1 (R-7),0.0,6.22,0.11462986963808468
Danville,,218582011,,P-1 (R-7),0.0,6.22,0.11513625652600892
Danville,,218622002,,P-1,0.0,35.0,0.07976342914317831
Danville,,218622001,,P-1,0.0,35.0,0.08738175435853177
Danville,,218631002,,P-1,0.0,35.0,0.07419497046804115
Danville,,218631003,,P-1,0.0,35.0,0.08164837204967357
Danville,,218631004,,P-1,0.0,35.0,0.0825441488813535
Danville,,218631005,,P-1,0.0,35.0,0.08599124562052529
Danville,,218631006,,P-1,0.0,35.0,0.08151467280378005
Danville,,218582016,,P-1 (R-7),0.0,6.22,0.12592052515510807
Danville,,218582015,,P-1 (R-7),0.0,6.22,0.13421317761823323
Danville,,218582014,,P-1 (R-7),0.0,6.22,0.11324583890972904
Danville,,218582013,,P-1 (R-7),0.0,6.22,0.1141152783606525
Danville,,218582012,,P-1 (R-7),0.0,6.22,0.11474103274002098
Danville,,218581026,,P-1 (R-7),0.0,6.22,0.14480760932198025
Danville,,218581027,,P-1 (R-7),0.0,6.22,0.11631116793980253
Danville,,218582017,,P-1 (R-7),0.0,6.22,0.11756521868326936
Danville,,218582018,,P-1 (R-7),0.0,6.22,0.12111806228973838
Danville,,218582020,,P-1 (R-7),0.0,6.22,0.1167608983184055
Danville,,218582019,,P-1 (R-7),0.0,6.22,0.11497665781796758
Danville,,218641005,,P-1,0.0,35.0,0.0740210020032076
Danville,,218641006,,P-1,0.0,35.0,0.07880845459514095
Danville,,218641004,,P-1,0.0,35.0,0.08406223596697389
Danville,,218641003,,P-1,0.0,35.0,0.08428103944038895
Danville,,218631026,,P-1,0.0,35.0,0.07729125002019563
Danville,,218641002,,P-1,0.0,35.0,0.07541108051518552
Danville,,218641001,,P-1,0.0,35.0,0.07073772568893413
Danville,,218631025,,P-1,0.0,35.0,0.08611094565857486
Danville,,218631024,,P-1,0.0,35.0,0.08465595178085919
Danville,,218631023,,P-1,0.0,35.0,0.0801736490252774
Danville,,218631019,,P-1,0.0,35.0,0.08413859485422137
Danville,,218631020,,P-1,0.0,35.0,0.0900007075575717
Danville,,218631021,,P-1,0.0,35.0,0.08054532963719009
Danville,,218631022,,P-1,0.0,35.0,0.06552242831857436
Danville,,218631017,,P-1,0.0,35.0,0.056127942299543244
Danville,,218631016,,P-1,0.0,35.0,0.08089979027438891
Danville,,218631015,,P-1,0.0,35.0,0.08209516508105179
Danville,,218631014,,P-1,0.0,35.0,0.08107919256269164
Danville,,218631018,,P-1,0.0,35.0,0.06925885088446487
Danville,,218632022,,P-1,0.0,35.0,0.07780681678294067
Danville,,218632024,,P-1,0.0,35.0,0.08254072992113602
Danville,,218632023,,P-1,0.0,35.0,0.08167630493327681
Danville,,218632025,,P-1,0.0,35.0,0.07433574454583441
Danville,,218632027,,P-1,0.0,35.0,0.08445551110357316
Danville,,218632026,,P-1,0.0,35.0,0.07721113005174386
Danville,,218632029,,P-1,0.0,35.0,0.07462041447119486
Danville,,218632028,,P-1,0.0,35.0,0.08481338406841969
Danville,,218633001,,P-1,0.0,35.0,0.09341517229052505
Danville,,218633002,,P-1,0.0,35.0,0.08330316156580005
Danville,,218633003,,P-1,0.0,35.0,0.08384371548413261
Danville,,218633004,,P-1,0.0,35.0,0.08201861043700975
Danville,,218633005,,P-1,0.0,35.0,0.07843509286103487
Danville,,218631012,,P-1,0.0,35.0,0.04228773570799079
Danville,,218631013,,P-1,0.0,35.0,0.07804996096246562
Danville,,218631011,,P-1,0.0,35.0,0.0817542219033791
Danville,,218631010,,P-1,0.0,35.0,0.08375100051334725
Danville,,218631008,,P-1,0.0,35.0,0.08409083451742443
Danville,,218631009,,P-1,0.0,35.0,0.08477580845825186
Danville,,218633006,,P-1,0.0,35.0,0.7741732812021419
Danville,,218631007,,P-1,0.0,35.0,0.09347568966159063
Danville,,218621075,,P-1,0.0,35.0,0.07549319159692772
Danville,,218621074,,P-1,0.0,35.0,0.08208739379168496
Danville,,218621073,,P-1,0.0,35.0,0.08153399527313905
Danville,,218621072,,P-1,0.0,35.0,0.08012680395571534
Danville,,218632033,,P-1,0.0,35.0,0.0793159372327737
Danville,,218632032,,P-1,0.0,35.0,0.08315570811867519
Danville,,218632030,,P-1,0.0,35.0,0.07709035782364804
Danville,,218632031,,P-1,0.0,35.0,0.08433554330317791
Danville,,218650005,,P-1,0.0,35.0,0.08625787166396146
Danville,,218650004,,P-1,0.0,35.0,0.08130849870961453
Danville,,218650003,,P-1,0.0,35.0,0.0845840248784311
Danville,,218650002,,P-1,0.0,35.0,0.07845891807437444
Danville,,218650001,,P-1,0.0,35.0,0.07441178163929325
Danville,,218650102,,P-1,0.0,35.0,0.08338711128503591
Danville,,218650101,,P-1,0.0,35.0,0.08227403539403193
Danville,,218650100,,P-1,0.0,35.0,0.08458040542618103
Danville,,218650099,,P-1,0.0,35.0,0.08531979065118211
Danville,,218650007,,P-1,0.0,35.0,0.0814452628214541
Danville,,218650006,,P-1,0.0,35.0,0.06123844632526572
Danville,,218650008,,P-1,0.0,35.0,0.08276083734629294
Danville,,218650009,,P-1,0.0,35.0,0.08446731624392391
Danville,,218650010,,P-1,0.0,35.0,0.07578786187260036
Danville,,218650011,,P-1,0.0,35.0,0.06354898153671466
Danville,,218650012,,P-1,0.0,35.0,0.07912470004950563
Danville,,218621057,,P-1,0.0,35.0,0.08277166040857217
Danville,,218621058,,P-1,0.0,35.0,0.08231967135561793
Danville,,218621060,,P-1,0.0,35.0,0.07851230487550931
Danville,,218621062,,P-1,0.0,35.0,0.07866416034903331
Danville,,218621061,,P-1,0.0,35.0,0.07920093528274208
Danville,,218621063,,P-1,0.0,35.0,0.08386243211442643
Danville,,218621064,,P-1,0.0,35.0,0.0821315142334932
Danville,,218621065,,P-1,0.0,35.0,0.07725055783404025
Danville,,218621066,,P-1,0.0,35.0,0.05639718084581156
Danville,,218621068,,P-1,0.0,35.0,0.08247677827843349
Danville,,218621067,,P-1,0.0,35.0,0.08248584859363035
Danville,,218621069,,P-1,0.0,35.0,0.0819854782008329
Danville,,218621070,,P-1,0.0,35.0,0.07902268214921257
Danville,,218621071,,P-1,0.0,35.0,0.05446644185123894
Danville,,218622004,,P-1,0.0,35.0,0.07514628197646732
Danville,,218622005,,P-1,0.0,35.0,0.05874772000301768
Danville,,218622006,,P-1,0.0,35.0,0.07750002703622251
Danville,,218622007,,P-1,0.0,35.0,0.08171669814059679
Danville,,218622010,,P-1,0.0,35.0,0.06233486909046298
Danville,,218622009,,P-1,0.0,35.0,0.08012636432862903
Danville,,218622008,,P-1,0.0,35.0,0.08200696957804722
Danville,,218622011,,P-1,0.0,35.0,0.0798898024809511
Danville,,218622012,,P-1,0.0,35.0,0.08202544458118013
Danville,,218622014,,P-1,0.0,35.0,0.07726831241874375
Danville,,218622013,,P-1,0.0,35.0,0.08204588425782526
Danville,,218622015,,P-1,0.0,35.0,0.36043060704883656
Danville,,218621056,,P-1,0.0,35.0,0.17768509336456884
Danville,,218621059,,P-1,0.0,35.0,0.08754335675134618
Danville,,218621055,,P-1,0.0,35.0,0.07737334064940493
Danville,,218621050,,P-1,0.0,35.0,0.07613199372356827
Danville,,218621051,,P-1,0.0,35.0,0.06252911361364333
Danville,,218621052,,P-1,0.0,35.0,0.07939199014495729
Danville,,218621053,,P-1,0.0,35.0,0.08055005183188345
Danville,,218621054,,P-1,0.0,35.0,0.08447677039100415
Danville,,218621007,,P-1,0.0,35.0,0.07678488693691311
Danville,,218621006,,P-1,0.0,35.0,0.061508589878090436
Danville,,218621005,,P-1,0.0,35.0,0.07984642334146921
Danville,,218621004,,P-1,0.0,35.0,0.08291244172956636
Danville,,218621003,,P-1,0.0,35.0,0.08477333398605916
Danville,,218621002,,P-1,0.0,35.0,0.07603061927578039
Danville,,218621001,,P-1,0.0,35.0,0.08195344159483398
Danville,,218040026,,P-1,0.0,35.0,42.2
Danville,,218593007,,P-1 (R-10),0.0,4.36,0.1819744116675397
Danville,,218593006,,P-1 (R-10),0.0,4.36,0.18372493990972896
Danville,,218621015,,P-1,0.0,35.0,0.07774330038123446
Danville,,218621016,,P-1,0.0,35.0,0.0595475495756477
Danville,,218621017,,P-1,0.0,35.0,0.07593184374558426
Danville,,218621012,,P-1,0.0,35.0,0.07747088352070014
Danville,,218621013,,P-1,0.0,35.0,0.08283025746178779
Danville,,218621014,,P-1,0.0,35.0,0.0830257788557683
Danville,,218621011,,P-1,0.0,35.0,0.05990936878609477
Danville,,218621010,,P-1,0.0,35.0,0.08171694937937295
Danville,,218621008,,P-1,0.0,35.0,0.08335359768022503
Danville,,218621009,,P-1,0.0,35.0,0.0812612531257155
Danville,,218621045,,P-1,0.0,35.0,0.07870111383973287
Danville,,218621046,,P-1,0.0,35.0,0.05858160818249231
Danville,,218621047,,P-1,0.0,35.0,0.07881073991621143
Danville,,218621049,,P-1,0.0,35.0,0.08443700602525324
Danville,,218621048,,P-1,0.0,35.0,0.08277408064202284
Danville,,218621044,,P-1,0.0,35.0,0.08310340417544411
Danville,,218621043,,P-1,0.0,35.0,0.08353084431918627
Danville,,218621042,,P-1,0.0,35.0,0.07642756207381393
Danville,,218621041,,P-1,0.0,35.0,0.059640981869980014
Danville,,218621040,,P-1,0.0,35.0,0.07728684936672155
Danville,,218621038,,P-1,0.0,35.0,0.08216801889837681
Danville,,218621037,,P-1,0.0,35.0,0.0819316744735086
Danville,,218621036,,P-1,0.0,35.0,0.053064521246559256
Danville,,218621039,,P-1,0.0,35.0,0.08148513193418717
Danville,,218621020,,P-1,0.0,35.0,0.07894295745529921
Danville,,218621019,,P-1,0.0,35.0,0.08467475416189296
Danville,,218621018,,P-1,0.0,35.0,0.08223198386945992
Danville,,218621023,,P-1,0.0,35.0,0.08205485021207924
Danville,,218621022,,P-1,0.0,35.0,0.07857606746599123
Danville,,218621021,,P-1,0.0,35.0,0.054471431500607265
Danville,,218621024,,P-1,0.0,35.0,0.08398787186643161
Danville,,218621026,,P-1,0.0,35.0,0.04897077946417286
Danville,,218621035,,P-1,0.0,35.0,0.07927969934613256
Danville,,218621033,,P-1,0.0,35.0,0.08183376962751827
Danville,,218621034,,P-1,0.0,35.0,0.08239009434373147
Danville,,218621032,,P-1,0.0,35.0,0.08149179158019892
Danville,,218621030,,P-1,0.0,35.0,0.07800849830609065
Danville,,218621029,,P-1,0.0,35.0,0.08418416632047286
Danville,,218621028,,P-1,0.0,35.0,0.08412401192265885
Danville,,218621027,,P-1,0.0,35.0,0.08157692090284333
Danville,,218621031,,P-1,0.0,35.0,0.10421361664981571
Danville,,218650020,,P-1,0.0,35.0,0.07885612942402441
Danville,,218650019,,P-1,0.0,35.0,0.08507628602818537
Danville,,218650018,,P-1,0.0,35.0,0.08213633801251133
Danville,,218650017,,P-1,0.0,35.0,0.07859345552482261
Danville,,218650013,,P-1,0.0,35.0,0.08445895604951756
Danville,,218650014,,P-1,0.0,35.0,0.08089305460896118
Danville,,218650015,,P-1,0.0,35.0,0.07898383833747523
Danville,,218650016,,P-1,0.0,35.0,0.05796635425038188
Danville,,218650097,,P-1,0.0,35.0,0.08283769243518624
Danville,,218650098,,P-1,0.0,35.0,0.08396797376389813
Danville,,218650096,,P-1,0.0,35.0,0.07650377281495109
Danville,,218650095,,P-1,0.0,35.0,0.0560455860185778
Danville,,218650093,,P-1,0.0,35.0,0.08184228875215707
Danville,,218650094,,P-1,0.0,35.0,0.07698412596268085
Danville,,218650090,,P-1,0.0,35.0,0.07035668109556208
Danville,,218650091,,P-1,0.0,35.0,0.07980960323363552
Danville,,218650092,,P-1,0.0,35.0,0.08262664572992913
Danville,,218650089,,P-1,0.0,35.0,0.08011160820131731
Danville,,218650087,,P-1,0.0,35.0,0.08181693705831285
Danville,,218650088,,P-1,0.0,35.0,0.08242843776867038
Danville,,218650021,,P-1,0.0,35.0,0.06961568241004153
Danville,,218650022,,P-1,0.0,35.0,0.07747924782037917
Danville,,218650024,,P-1,0.0,35.0,0.08320822588019768
Danville,,218650023,,P-1,0.0,35.0,0.08541277225040525
Danville,,218650027,,P-1,0.0,35.0,0.08263680138836409
Danville,,218650026,,P-1,0.0,35.0,0.06478352736711938
Danville,,218650025,,P-1,0.0,35.0,0.07836848043370144
Danville,,218650028,,P-1,0.0,35.0,0.0835784185163209
Danville,,218650083,,P-1,0.0,35.0,0.08124322566009043
Danville,,218650085,,P-1,0.0,35.0,0.06479544157086077
Danville,,218650084,,P-1,0.0,35.0,0.07866648855034106
Danville,,218650086,,P-1,0.0,35.0,0.08109736460730656
Danville,,218650080,,P-1,0.0,35.0,0.06562301771530969
Danville,,218650081,,P-1,0.0,35.0,0.07820819339463267
Danville,,218650082,,P-1,0.0,35.0,0.08507085195779927
Danville,,218650077,,P-1,0.0,35.0,0.08337762952080445
Danville,,218650078,,P-1,0.0,35.0,0.07049103169177214
Danville,,218650079,,P-1,0.0,35.0,0.08180420783365204
Danville,,218650076,,P-1,0.0,35.0,0.07876067132966388
Danville,,218650075,,P-1,0.0,35.0,0.0446851507771854
Danville,,218650074,,P-1,0.0,35.0,0.07754422165155
Danville,,218650073,,P-1,0.0,35.0,0.08282745903795427
Danville,,218650034,,P-1,0.0,35.0,0.08324259502517892
Danville,,218650037,,P-1,0.0,35.0,0.07774593098072285
Danville,,218650036,,P-1,0.0,35.0,0.07316555963127917
Danville,,218650035,,P-1,0.0,35.0,0.07858233279535615
Danville,,218650033,,P-1,0.0,35.0,0.0834210711083162
Danville,,218650032,,P-1,0.0,35.0,0.07788105361986644
Danville,,218650031,,P-1,0.0,35.0,0.05909156981641105
Danville,,218650030,,P-1,0.0,35.0,0.07973269063144318
Danville,,218650029,,P-1,0.0,35.0,0.08222230941402098
Danville,,218650049,,P-1,0.0,35.0,0.0840924143548991
Danville,,218650050,,P-1,0.0,35.0,0.07710685264784663
Danville,,218650048,,P-1,0.0,35.0,0.08300343116355412
Danville,,218650047,,P-1,0.0,35.0,0.08230834785706925
Danville,,218650045,,P-1,0.0,35.0,0.0794907942078745
Danville,,218650046,,P-1,0.0,35.0,0.0753020752558146
Danville,,218650043,,P-1,0.0,35.0,0.08392623512060074
Danville,,218650044,,P-1,0.0,35.0,0.08006128804786741
Danville,,218650042,,P-1,0.0,35.0,0.08022053948198353
Danville,,218650041,,P-1,0.0,35.0,0.06485403420536225
Danville,,218650038,,P-1,0.0,35.0,0.08204476836608854
Danville,,218650039,,P-1,0.0,35.0,0.08812991301196141
Danville,,218650040,,P-1,0.0,35.0,0.07874534931887968
Danville,,218650068,,P-1,0.0,35.0,0.08337362692981862
Danville,,218650069,,P-1,0.0,35.0,0.0799800946173145
Danville,,218650072,,P-1,0.0,35.0,0.08195606700571857
Danville,,218650070,,P-1,0.0,35.0,0.0567461023905155
Danville,,218650071,,P-1,0.0,35.0,0.0840407528123869
Danville,,218650067,,P-1,0.0,35.0,0.08326698268793321
Danville,,218650066,,P-1,0.0,35.0,0.07943324399334123
Danville,,218650065,,P-1,0.0,35.0,0.05329438122083264
Danville,,218650061,,P-1,0.0,35.0,0.07613301715525486
Danville,,218650062,,P-1,0.0,35.0,0.08210893033598614
Danville,,218650063,,P-1,0.0,35.0,0.08019955383047787
Danville,,218650064,,P-1,0.0,35.0,0.08143977866327506
Danville,,218650060,,P-1,0.0,35.0,0.05752256048456235
Danville,,218650059,,P-1,0.0,35.0,0.07992476738139917
Danville,,218650058,,P-1,0.0,35.0,0.08128044381577133
Danville,,218650057,,P-1,0.0,35.0,0.08268682587719565
Danville,,218650056,,P-1,0.0,35.0,0.08172620605416188
Danville,,218660001,,P-1,0.0,35.0,12.79619978695017
Danville,,218660014,,P-1 (R-7),0.0,6.22,0.11728176339049978
Danville,,218660012,,P-1 (R-7),0.0,6.22,0.4721752534420512
Danville,,218660011,,P-1 (R-7),0.0,6.22,0.11570670029748677
Danville,,218660013,,P-1 (R-7),0.0,6.22,0.12148859045497587
Danville,,218660010,,P-1 (R-7),0.0,6.22,0.11559877250593212
Danville,,218660009,,P-1 (R-7),0.0,6.22,0.11419386119748803
Danville,,218660005,,P-1 (R-7),0.0,6.22,0.11483683940645091
Danville,,218660004,,P-1 (R-7),0.0,6.22,0.11575811780387447
Danville,,218660006,,P-1 (R-7),0.0,6.22,0.11273828799818908
Danville,,218660007,,P-1 (R-7),0.0,6.22,0.11441432011110696
Danville,,218660008,,P-1 (R-7),0.0,6.22,0.11405444513134806
Danville,,218660015,,P-1 (R-7),0.0,6.22,0.12118749622163012
Danville,,218660016,,P-1 (R-7),0.0,6.22,0.11389910513148084
Danville,,218660017,,P-1 (R-7),0.0,6.22,0.11725106375578376
Danville,,218660018,,P-1 (R-7),0.0,6.22,0.11932166692695072
Danville,,218660019,,P-1 (R-7),0.0,6.22,0.12261089271530133
Danville,,218660020,,P-1 (R-7),0.0,6.22,0.11930417019856275
Danville,,218660023,,P-1 (R-7),0.0,6.22,0.12402841462870001
Danville,,218660022,,P-1 (R-7),0.0,6.22,0.12284570035015634
Danville,,218660021,,P-1 (R-7),0.0,6.22,0.11578886953560427
Danville,,218660024,,P-1 (R-7),0.0,6.22,0.11847179679945948
Danville,,218660025,,P-1 (R-7),0.0,6.22,0.11301475027419637
Danville,,218660054,,P-1 (R-7),0.0,6.22,0.11516511225552921
Danville,,218660053,,P-1 (R-7),0.0,6.22,0.1120152129288336
Danville,,218660055,,P-1 (R-7),0.0,6.22,0.11433535378812386
Danville,,218660056,,P-1 (R-7),0.0,6.22,0.12462237076937462
Danville,,218660002,,P-1 (R-7),0.0,6.22,0.13485790918840865
Danville,,218660003,,P-1 (R-7),0.0,6.22,0.11614494369484593
Danville,,218670001,,P-1,0.0,35.0,10.78
Danville,,218670003,,P-1,0.0,35.0,0.0803926497635013
Danville,,218670002,,P-1,0.0,35.0,0.04882928001539422
Danville,,218670005,,P-1,0.0,35.0,0.08951835691694403
Danville,,218670006,,P-1,0.0,35.0,0.07860890284872374
Danville,,218670004,,P-1,0.0,35.0,0.08568521372612854
Danville,,218670011,,P-1,0.0,35.0,0.08209102791049837
Danville,,218670010,,P-1,0.0,35.0,0.08331715593877094
Danville,,218670009,,P-1,0.0,35.0,0.08438202196841393
Danville,,218670008,,P-1,0.0,35.0,0.08064720284752204
Danville,,218670007,,P-1,0.0,35.0,0.071966842024286
Danville,,218670012,,P-1,0.0,35.0,0.06257606627066228
Danville,,218670013,,P-1,0.0,35.0,0.07981892526015462
Danville,,218670014,,P-1,0.0,35.0,0.08259701916364323
Danville,,218680002,,P-1,0.0,35.0,0.08247787166036957
Danville,,218680001,,P-1,0.0,35.0,0.07838143674893075
Danville,,218040028,,P-1,0.0,35.0,7.5
Danville,,218680004,,P-1,0.0,35.0,0.07437244998344994
Danville,,218680003,,P-1,0.0,35.0,0.08319295258209065
Danville,,218670070,,P-1,0.0,35.0,2.736778109263287
Danville,,218680005,,P-1,0.0,35.0,0.06796789220787781
Danville,,218680008,,P-1,0.0,35.0,0.08547675185502435
Danville,,218680007,,P-1,0.0,35.0,0.08359920806520096
Danville,,218680006,,P-1,0.0,35.0,0.08150638953486654
Danville,,218680009,,P-1,0.0,35.0,0.07395496619047569
Danville,,218680010,,P-1,0.0,35.0,0.06441184158571933
Danville,,218680011,,P-1,0.0,35.0,0.07577008369516627
Danville,,218680013,,P-1,0.0,35.0,0.08323966252703166
Danville,,218680014,,P-1,0.0,35.0,0.08216842828011629
Danville,,218680012,,P-1,0.0,35.0,0.08279399769913921
Danville,,218680020,,P-1,0.0,35.0,0.06767929724009912
Danville,,218680019,,P-1,0.0,35.0,0.07861645263467008
Danville,,218680017,,P-1,0.0,35.0,0.08484434680334638
Danville,,218680018,,P-1,0.0,35.0,0.08437960812305659
Danville,,218680016,,P-1,0.0,35.0,0.07885817658839821
Danville,,218680015,,P-1,0.0,35.0,0.06414658364086522
Danville,,218680021,,P-1,0.0,35.0,0.07656225473716752
Danville,,218680022,,P-1,0.0,35.0,0.08545701428546222
Danville,,218680027,,P-1,0.0,35.0,0.08441948942687315
Danville,,218680026,,P-1,0.0,35.0,0.07808879641288168
Danville,,218680025,,P-1,0.0,35.0,0.07358744878060149
Danville,,218680024,,P-1,0.0,35.0,0.08207029554585692
Danville,,218680023,,P-1,0.0,35.0,0.08298959874494492
Danville,,218680029,,P-1,0.0,35.0,0.08032834122311336
Danville,,218680028,,P-1,0.0,35.0,0.08454496325010111
Danville,,218650103,,P-1,0.0,35.0,0.08756276342390788
Danville,,218650104,,P-1,0.0,35.0,0.08061604445995459
Danville,,218680030,,P-1,0.0,35.0,0.49504814131850444
Danville,,218650105,,P-1,0.0,35.0,0.059123970439542366
Danville,,218632019,,P-1,0.0,35.0,0.08015013952975827
Danville,,218632018,,P-1,0.0,35.0,0.08261914475571429
Danville,,218632016,,P-1,0.0,35.0,0.15290468433431334
Danville,,218632013,,P-1,0.0,35.0,0.08184786228064843
Danville,,218632015,,P-1,0.0,35.0,0.07851196342923972
Danville,,218632014,,P-1,0.0,35.0,0.08037673461217404
Danville,,218632017,,P-1,0.0,35.0,0.09096829330951141
Danville,,218632020,,P-1,0.0,35.0,0.09711211966521875
Danville,,218632012,,P-1,0.0,35.0,0.07948485481176261
Danville,,218632021,,P-1,0.0,35.0,1.6066004872201851
Danville,,218632006,,P-1,0.0,35.0,0.12551442411599129
Danville,,218632008,,P-1,0.0,35.0,0.08424324595087619
Danville,,218632007,,P-1,0.0,35.0,0.08081831776952073
Danville,,218632009,,P-1,0.0,35.0,0.08361990309254008
Danville,,218632010,,P-1,0.0,35.0,0.08229180812930513
Danville,,218632011,,P-1,0.0,35.0,0.05399758393995493
Danville,,218632004,,P-1,0.0,35.0,0.08347020488621198
Danville,,218632005,,P-1,0.0,35.0,0.08549283221240701
Danville,,218632002,,P-1,0.0,35.0,0.08076578441106129
Danville,,218632003,,P-1,0.0,35.0,0.08491626482722527
Danville,,218642039,,P-1,0.0,35.0,0.07953917149826381
Danville,,218632001,,P-1,0.0,35.0,0.16805748721461594
Danville,,218642038,,P-1,0.0,35.0,0.08477741063876065
Danville,,218642037,,P-1,0.0,35.0,0.08237839698637006
Danville,,218642032,,P-1,0.0,35.0,0.0877976461414437
Danville,,218642033,,P-1,0.0,35.0,0.08213905345282987
Danville,,218642034,,P-1,0.0,35.0,0.07681219772055448
Danville,,218642035,,P-1,0.0,35.0,0.0705792480347594
Danville,,218642036,,P-1,0.0,35.0,0.0772335864673771
Danville,,218701033,,P-1,0.0,35.0,0.08845948781702836
Danville,,218701032,,P-1,0.0,35.0,0.08529554285342018
Danville,,218701026,,P-1,0.0,35.0,0.07937468838902768
Danville,,218701027,,P-1,0.0,35.0,0.08516868767248101
Danville,,218701028,,P-1,0.0,35.0,0.08382605818931448
Danville,,218701030,,P-1,0.0,35.0,0.07656501336384793
Danville,,218701029,,P-1,0.0,35.0,0.0838234336247149
Danville,,218701031,,P-1,0.0,35.0,0.07680606405587978
Danville,,218702024,,P-1 (R-7),0.0,6.22,0.11516994622797809
Danville,,218702023,,P-1 (R-7),0.0,6.22,0.12172117649432117
Danville,,218702022,,P-1 (R-7),0.0,6.22,0.11735954990519902
Danville,,218702021,,P-1 (R-7),0.0,6.22,0.11910755744939273
Danville,,218702020,,P-1 (R-7),0.0,6.22,0.1246333631216971
Danville,,218702019,,P-1 (R-7),0.0,6.22,0.1080470686259889
Danville,,218701035,,P-1,0.0,35.0,0.01425040235605117
Danville,,218701034,,P-1,0.0,35.0,0.0796484173355715
Danville,,218701038,,P-1,0.0,35.0,0.0817241117337138
Danville,,218701037,,P-1,0.0,35.0,0.08325364093659689
Danville,,218701036,,P-1,0.0,35.0,0.1069482240987225
Danville,,218701039,,P-1,0.0,35.0,0.07870636592280601
Danville,,218701041,,P-1,0.0,35.0,0.07375112563546997
Danville,,218701040,,P-1,0.0,35.0,0.05720236815737837
Danville,,218701042,,P-1,0.0,35.0,0.08277889383730212
Danville,,218701046,,P-1,0.0,35.0,0.08161254687773405
Danville,,218701045,,P-1,0.0,35.0,0.06813353784441485
Danville,,218701043,,P-1,0.0,35.0,0.08254021127064724
Danville,,218701044,,P-1,0.0,35.0,0.07804909948070078
Danville,,218701047,,P-1,0.0,35.0,0.08440229844124297
Danville,,218701048,,P-1,0.0,35.0,0.0848043336158583
Danville,,218701049,,P-1,0.0,35.0,0.08207070588713454
Danville,,218701050,,P-1,0.0,35.0,0.044896404785014055
Danville,,218701057,,P-1,0.0,35.0,0.08829722987326652
Danville,,218701058,,P-1,0.0,35.0,0.07947176474611918
Danville,,218701059,,P-1,0.0,35.0,0.08232364908240072
Danville,,218701060,,P-1,0.0,35.0,0.05712253877232643
Danville,,218701061,,P-1,0.0,35.0,0.07917067696715954
Danville,,218701062,,P-1,0.0,35.0,0.08841384857287804
Danville,,218702016,,P-1 (R-7),0.0,6.22,0.11731451672502691
Danville,,218702017,,P-1 (R-7),0.0,6.22,0.12678540123927104
Danville,,218702018,,P-1 (R-7),0.0,6.22,0.13044259730038446
Danville,,218702015,,P-1 (R-7),0.0,6.22,0.1138964131101794
Danville,,218702014,,P-1 (R-7),0.0,6.22,0.1201502809553847
Danville,,218702012,,P-1 (R-7),0.0,6.22,0.11670906855912959
Danville,,218702013,,P-1 (R-7),0.0,6.22,0.11574289204566744
Danville,,218701068,,P-1,0.0,35.0,0.08608901383524972
Danville,,218701070,,P-1,0.0,35.0,0.06774974080218717
Danville,,218701069,,P-1,0.0,35.0,0.08408337281900499
Danville,,218701071,,P-1,0.0,35.0,0.08250292980763556
Danville,,218701067,,P-1,0.0,35.0,0.08850240975532381
Danville,,218701066,,P-1,0.0,35.0,0.08280849421668857
Danville,,218701065,,P-1,0.0,35.0,0.07713462154992609
Danville,,218701064,,P-1,0.0,35.0,0.08661671479744994
Danville,,218701063,,P-1,0.0,35.0,0.0843762418672278
Danville,,218691072,,P-1,0.0,35.0,0.0792559035073662
Danville,,218691071,,P-1,0.0,35.0,0.0752733863997071
Danville,,218691070,,P-1,0.0,35.0,0.07987503992547565
Danville,,218691073,,P-1,0.0,35.0,0.08658270791058052
Danville,,218691074,,P-1,0.0,35.0,0.08073536483533783
Danville,,218691075,,P-1,0.0,35.0,0.07595665769184944
Danville,,218691076,,P-1,0.0,35.0,0.06849693092908479
Danville,,218691077,,P-1,0.0,35.0,0.08087643876174372
Danville,,218691078,,P-1,0.0,35.0,0.08000584843351709
Danville,,218691081,,P-1,0.0,35.0,0.06492321316653468
Danville,,218691080,,P-1,0.0,35.0,0.07362459401733783
Danville,,218691079,,P-1,0.0,35.0,0.08433763835649452
Danville,,218691083,,P-1,0.0,35.0,0.08260335754389968
Danville,,218691082,,P-1,0.0,35.0,0.07971152157345314
Danville,,218691084,,P-1,0.0,35.0,0.0810781887975137
Danville,,218691085,,P-1,0.0,35.0,0.07176651908621283
Danville,,218691086,,P-1,0.0,35.0,0.05473101303712409
Danville,,218691088,,P-1,0.0,35.0,0.08344906561581243
Danville,,218691087,,P-1,0.0,35.0,0.08031082282794551
Danville,,218691089,,P-1,0.0,35.0,0.08523385547071723
Danville,,218691090,,P-1,0.0,35.0,0.07740669646039745
Danville,,218691091,,P-1,0.0,35.0,0.06816477853307056
Danville,,218691092,,P-1,0.0,35.0,0.0783681681909282
Danville,,218691093,,P-1,0.0,35.0,0.08406755104597671
Danville,,218701055,,P-1,0.0,35.0,0.060818987851240486
Danville,,218701056,,P-1,0.0,35.0,0.07665760728919183
Danville,,218701054,,P-1,0.0,35.0,0.09404752849676723
Danville,,218701052,,P-1,0.0,35.0,0.08846783871971343
Danville,,218701053,,P-1,0.0,35.0,0.08568075931839558
Danville,,218701051,,P-1,0.0,35.0,0.08655728425625123
Danville,,218691100,,P-1,0.0,35.0,0.09362137145953764
Danville,,218691098,,P-1,0.0,35.0,0.084342140265307
Danville,,218691099,,P-1,0.0,35.0,0.08404557552008472
Danville,,218691097,,P-1,0.0,35.0,0.0798456010089807
Danville,,218691096,,P-1,0.0,35.0,0.06623738016362221
Danville,,218691095,,P-1,0.0,35.0,0.07827687497314521
Danville,,218692038,,P-1 (R-7),0.0,6.22,0.11873837330032107
Danville,,218692001,,P-1 (R-7),0.0,6.22,0.23110513638432528
Danville,,218692039,,P-1 (R-7),0.0,6.22,0.11568386262151244
Danville,,218692037,,P-1 (R-7),0.0,6.22,0.12187046598847673
Danville,,218692036,,P-1 (R-7),0.0,6.22,0.13678660432608614
Danville,,218691009,,P-1,0.0,35.0,0.0829463086430311
Danville,,218691010,,P-1,0.0,35.0,0.08140072978585929
Danville,,218691011,,P-1,0.0,35.0,0.09587066668678836
Danville,,218691012,,P-1,0.0,35.0,0.0796098751989709
Danville,,218691013,,P-1,0.0,35.0,0.08570686318415603
Danville,,218691014,,P-1,0.0,35.0,0.08293818912638462
Danville,,218691015,,P-1,0.0,35.0,0.07964105994708388
Danville,,218691016,,P-1,0.0,35.0,0.07657996327242937
Danville,,218691017,,P-1,0.0,35.0,0.07798611082745176
Danville,,218691020,,P-1,0.0,35.0,0.07970321465076788
Danville,,218691019,,P-1,0.0,35.0,0.08064764391123236
Danville,,218691018,,P-1,0.0,35.0,0.08406417946236726
Danville,,218692035,,P-1 (R-7),0.0,6.22,0.14260053390338992
Danville,,218692034,,P-1 (R-7),0.0,6.22,0.11635530095253044
Danville,,218692033,,P-1 (R-7),0.0,6.22,0.1148252462782531
Danville,,218691022,,P-1,0.0,35.0,0.07601798803981956
Danville,,218691021,,P-1,0.0,35.0,0.0648280129575983
Danville,,218691023,,P-1,0.0,35.0,0.08474272755800266
Danville,,218691024,,P-1,0.0,35.0,0.08096978429925537
Danville,,218691025,,P-1,0.0,35.0,0.07639201419177209
Danville,,218691026,,P-1,0.0,35.0,0.05364596208552879
Danville,,218692031,,P-1 (R-7),0.0,6.22,0.11931585555413546
Danville,,218692030,,P-1 (R-7),0.0,6.22,0.11664445919922659
Danville,,218692032,,P-1 (R-7),0.0,6.22,0.12208184894719927
Danville,,218692004,,P-1 (R-7),0.0,6.22,0.11260075748094536
Danville,,218692003,,P-1 (R-7),0.0,6.22,0.1138146773842126
Danville,,218692002,,P-1 (R-7),0.0,6.22,0.11327421839516116
Danville,,218691094,,P-1,0.0,35.0,0.07757949687975632
Danville,,218692005,,P-1 (R-7),0.0,6.22,0.1166059113098552
Danville,,218692006,,P-1 (R-7),0.0,6.22,0.11643884192192719
Danville,,218692008,,P-1 (R-7),0.0,6.22,0.11514096332689286
Danville,,218692007,,P-1 (R-7),0.0,6.22,0.11358556152407542
Danville,,218692028,,P-1 (R-7),0.0,6.22,0.11946339153134682
Danville,,218692029,,P-1 (R-7),0.0,6.22,0.12043398753477562
Danville,,218692027,,P-1 (R-7),0.0,6.22,0.11578628985640216
Danville,,218692026,,P-1 (R-7),0.0,6.22,0.11518941147244284
Danville,,218692025,,P-1 (R-7),0.0,6.22,0.12027919085440637
Danville,,218692009,,P-1 (R-7),0.0,6.22,0.11258719446110171
Danville,,218692010,,P-1 (R-7),0.0,6.22,0.11533676979947223
Danville,,218692011,,P-1 (R-7),0.0,6.22,0.11532079935389034
Danville,,218692012,,P-1 (R-7),0.0,6.22,0.11447442050117873
Danville,,218692013,,P-1 (R-7),0.0,6.22,0.13411038398065483
Danville,,218692014,,P-1 (R-7),0.0,6.22,0.11593224770301992
Danville,,218692015,,P-1 (R-7),0.0,6.22,0.11978654147297972
Danville,,218692023,,P-1 (R-7),0.0,6.22,0.11684007157773454
Danville,,218692022,,P-1 (R-7),0.0,6.22,0.13736229517148268
Danville,,218692021,,P-1 (R-7),0.0,6.22,0.1306469007065287
Danville,,218691041,,P-1,0.0,35.0,0.08482774859412089
Danville,,218691040,,P-1,0.0,35.0,0.0812279161256876
Danville,,218691039,,P-1,0.0,35.0,0.08030879690889951
Danville,,218691038,,P-1,0.0,35.0,0.08466907418486538
Danville,,218691037,,P-1,0.0,35.0,0.07858895794040809
Danville,,218692024,,P-1 (R-7),0.0,6.22,0.11416898310300103
Danville,,218691031,,P-1,0.0,35.0,0.08419208620231397
Danville,,218691032,,P-1,0.0,35.0,0.07605943069373397
Danville,,218691033,,P-1,0.0,35.0,0.0791129139614389
Danville,,218691034,,P-1,0.0,35.0,0.07729157318776837
Danville,,218691035,,P-1,0.0,35.0,0.07923739984279814
Danville,,218691036,,P-1,0.0,35.0,0.05808583140624065
Danville,,218691029,,P-1,0.0,35.0,0.08149839941132817
Danville,,218691030,,P-1,0.0,35.0,0.07286986326170769
Danville,,218691028,,P-1,0.0,35.0,0.08405013375966992
Danville,,218691027,,P-1,0.0,35.0,0.0902357483697124
Danville,,218721027,,P-1,0.0,35.0,0.08300430165091853
Danville,,218721026,,P-1,0.0,35.0,0.049532737106334636
Danville,,218721025,,P-1,0.0,35.0,0.0817743443232994
Danville,,218721024,,P-1,0.0,35.0,0.08482900522109839
Danville,,218721023,,P-1,0.0,35.0,0.08384048944104146
Danville,,218721019,,P-1,0.0,35.0,0.08570927448248411
Danville,,218721020,,P-1,0.0,35.0,0.08094977550843725
Danville,,218721021,,P-1,0.0,35.0,0.04895772494607209
Danville,,218721022,,P-1,0.0,35.0,0.08109996986004968
Danville,,218721017,,P-1,0.0,35.0,0.07823666008077516
Danville,,218721018,,P-1,0.0,35.0,0.08504122009688586
Danville,,218721016,,P-1,0.0,35.0,0.05761386699726318
Danville,,218721015,,P-1,0.0,35.0,0.07937616823243186
Danville,,218721013,,P-1,0.0,35.0,0.08278069058933289
Danville,,218721014,,P-1,0.0,35.0,0.08600143585670338
Danville,,218721012,,P-1,0.0,35.0,0.07531970382107002
Danville,,218721011,,P-1,0.0,35.0,0.05768771380348517
Danville,,218721010,,P-1,0.0,35.0,0.07923578424350655
Danville,,218721009,,P-1,0.0,35.0,0.07922959154455644
Danville,,218721008,,P-1,0.0,35.0,0.08196018163176588
Danville,,218721007,,P-1,0.0,35.0,0.07650095530364129
Danville,,218721006,,P-1,0.0,35.0,0.05790463746490609
Danville,,218730009,,P-1 (R-10),0.0,4.36,0.3854769531638705
Danville,,218791002,,P-1,0.0,35.0,0.06230783902668101
Danville,,218791001,,P-1,0.0,35.0,0.06294359366700353
Danville,,218791045,,P-1,0.0,35.0,6.578149912761997
Danville,,218791046,,P-1,0.0,35.0,1.3412294239563713
Danville,,218791003,,P-1,0.0,35.0,0.06669977591954897
Danville,,218791004,,P-1,0.0,35.0,0.05889528045238532
Danville,,218792015,,P-1,0.0,35.0,0.057056241765105986
Danville,,218792013,,P-1,0.0,35.0,0.062073669455687965
Danville,,218792014,,P-1,0.0,35.0,0.055872268410366445
Danville,,218792012,,P-1,0.0,35.0,0.06540471731929731
Danville,,218792010,,P-1,0.0,35.0,0.06426325137109466
Danville,,218792007,,P-1,0.0,35.0,0.05848707355774118
Danville,,218792005,,P-1,0.0,35.0,0.06186759954370619
Danville,,218792006,,P-1,0.0,35.0,0.0647345315745904
Danville,,218792011,,P-1,0.0,35.0,0.06500292560292667
Danville,,218792003,,P-1,0.0,35.0,0.0582170018594685
Danville,,218792004,,P-1,0.0,35.0,0.05664288331510741
Danville,,218792002,,P-1,0.0,35.0,0.06428970552524377
Danville,,218792001,,P-1,0.0,35.0,0.0563126081382715
Danville,,218791041,,P-1,0.0,35.0,0.06462805863890454
Danville,,218791040,,P-1,0.0,35.0,0.055985641126459595
Danville,,218791039,,P-1,0.0,35.0,0.06009439431419008
Danville,,218791038,,P-1,0.0,35.0,0.05883938283637579
Danville,,218791037,,P-1,0.0,35.0,0.05719204592985146
Danville,,218791036,,P-1,0.0,35.0,0.06303276061473644
Danville,,218040030,,L-1,0.0,0.0,2.03
Danville,,218791043,,P-1,0.0,35.0,0.07083621861155981
Danville,,218791042,,P-1,0.0,35.0,0.06428824697451414
Danville,,218722007,,P-1,0.0,35.0,0.8428742321696107
Danville,,218721028,,P-1,0.0,35.0,0.08564745910078449
Danville,,218721029,,P-1,0.0,35.0,0.08279624509564741
Danville,,218721031,,P-1,0.0,35.0,0.14920351455327055
Danville,,218721030,,P-1,0.0,35.0,0.07669064384649034
Danville,,218721032,,P-1,0.0,35.0,0.07779842595530666
Danville,,218721033,,P-1,0.0,35.0,0.08236220130684231
Danville,,218721034,,P-1,0.0,35.0,0.08209982345335876
Danville,,218721035,,P-1,0.0,35.0,0.07945730341586889
Danville,,218722006,,P-1 (R-7),0.0,6.22,0.11814868985704882
Danville,,218040012,,L-1,0.0,0.0,14.416243552649247
Danville,,218040022,,L-1,0.0,0.0,2.653
Danville,,218801008,,P-1,0.0,35.0,0.060172934241171594
Danville,,218801007,,P-1,0.0,35.0,0.06149090123521021
Danville,,218801006,,P-1,0.0,35.0,0.05943857084230554
Danville,,218801005,,P-1,0.0,35.0,0.06298774000977038
Danville,,218802016,,P-1,0.0,35.0,0.06928470965362286
Danville,,218801010,,P-1,0.0,35.0,0.0662525064193531
Danville,,218801009,,P-1,0.0,35.0,0.061434116700216916
Danville,,218801011,,P-1,0.0,35.0,0.06379454077060556
Danville,,218801012,,P-1,0.0,35.0,0.06379333577106641
Danville,,218801013,,P-1,0.0,35.0,0.06480343947488929
Danville,,218801015,,P-1,0.0,35.0,0.06234540018339806
Danville,,218801014,,P-1,0.0,35.0,0.06359300733315477
Danville,,218801016,,P-1,0.0,35.0,0.061136036215546544
Danville,,218801017,,P-1,0.0,35.0,0.061620746156206906
Danville,,218801019,,P-1,0.0,35.0,0.06129232232937167
Danville,,218801018,,P-1,0.0,35.0,0.061787606394165924
Danville,,218802015,,P-1,0.0,35.0,0.0590945615259473
Danville,,218802017,,P-1,0.0,35.0,0.06010167666177425
Danville,,218802014,,P-1,0.0,35.0,0.06341053564930753
Danville,,218802013,,P-1,0.0,35.0,0.06163926989626037
Danville,,218802012,,P-1,0.0,35.0,0.062030061771580984
Danville,,218802003,,P-1,0.0,35.0,0.05705847268249903
Danville,,218802004,,P-1,0.0,35.0,0.05801080540944031
Danville,,218802002,,P-1,0.0,35.0,1.721445646547627
Danville,,218801003,,P-1,0.0,35.0,0.05544019718909939
Danville,,218801004,,P-1,0.0,35.0,0.057163445324537536
Danville,,218801044,,P-1,0.0,35.0,10.04132471536538
Danville,,218801001,,P-1,0.0,35.0,0.054335665890316645
Danville,,218801002,,P-1,0.0,35.0,0.053997290711632416
Danville,,218802001,,P-1,0.0,35.0,1.37
Danville,,218722004,,P-1 (R-7),0.0,6.22,0.12617564766936318
Danville,,218722003,,P-1 (R-7),0.0,6.22,0.12698522147292796
Danville,,218722001,,P-1 (R-7),0.0,6.22,0.12208231016422628
Danville,,218722002,,P-1 (R-7),0.0,6.22,0.12617715852420303
Danville,,218722005,,P-1 (R-7),0.0,6.22,0.12456308903031217
Danville,,218691008,,P-1,0.0,35.0,0.09107285922321749
Danville,,218691007,,P-1,0.0,35.0,0.08002740851021241
Danville,,218691006,,P-1,0.0,35.0,0.05830270587612689
Danville,,218691005,,P-1,0.0,35.0,0.07486517345213675
Danville,,218691003,,P-1,0.0,35.0,0.08441224467563967
Danville,,218691004,,P-1,0.0,35.0,0.08607064544506267
Danville,,218691002,,P-1,0.0,35.0,0.07596982748838542
Danville,,218691001,,P-1,0.0,35.0,0.12822777470453717
Danville,,218670066,,P-1,0.0,35.0,0.07770444162613525
Danville,,218670065,,P-1,0.0,35.0,0.0816821306007216
Danville,,218670067,,P-1,0.0,35.0,0.07155011409552277
Danville,,218670025,,P-1,0.0,35.0,0.08370366531949326
Danville,,218670026,,P-1,0.0,35.0,0.0807535261122815
Danville,,218670027,,P-1,0.0,35.0,0.5780680420247121
Danville,,218670028,,P-1,0.0,35.0,0.0790701934806956
Danville,,218670029,,P-1,0.0,35.0,0.08383042796790935
Danville,,218670030,,P-1,0.0,35.0,0.08016450342879688
Danville,,218670031,,P-1,0.0,35.0,0.07544765751180774
Danville,,218670032,,P-1,0.0,35.0,0.06576451507426292
Danville,,218670033,,P-1,0.0,35.0,0.0842889173142341
Danville,,218670038,,P-1,0.0,35.0,0.07817756640601625
Danville,,218670037,,P-1,0.0,35.0,0.0738024348425629
Danville,,218670036,,P-1,0.0,35.0,0.07795430228219395
Danville,,218670035,,P-1,0.0,35.0,0.08434307843877958
Danville,,218670034,,P-1,0.0,35.0,0.08348701691289309
Danville,,218670064,,P-1,0.0,35.0,0.084350798431472
Danville,,218670062,,P-1,0.0,35.0,0.06261055207398204
Danville,,218670063,,P-1,0.0,35.0,0.07924254704643198
Danville,,218670061,,P-1,0.0,35.0,0.07968507589818588
Danville,,218670060,,P-1,0.0,35.0,0.08008482713266085
Danville,,218670059,,P-1,0.0,35.0,0.08444314835448695
Danville,,218670058,,P-1,0.0,35.0,0.08252164151541523
Danville,,218670057,,P-1,0.0,35.0,0.08014717908704105
Danville,,218670050,,P-1,0.0,35.0,0.08584633292916594
Danville,,218670051,,P-1,0.0,35.0,0.07948014125023199
Danville,,218670053,,P-1,0.0,35.0,0.08502020723746107
Danville,,218670052,,P-1,0.0,35.0,0.0546438889546411
Danville,,218670054,,P-1,0.0,35.0,0.0846493124315809
Danville,,218670055,,P-1,0.0,35.0,0.07992615326161563
Danville,,218670056,,P-1,0.0,35.0,0.0778752281906623
Danville,,218670040,,P-1,0.0,35.0,0.08477185439498777
Danville,,218670039,,P-1,0.0,35.0,0.07952233578528806
Danville,,218670041,,P-1,0.0,35.0,0.07839946553847736
Danville,,218670042,,P-1,0.0,35.0,0.05718611686148196
Danville,,218670043,,P-1,0.0,35.0,0.07473227908762635
Danville,,218670049,,P-1,0.0,35.0,0.08476444557717007
Danville,,218670048,,P-1,0.0,35.0,0.0802657732239302
Danville,,218670047,,P-1,0.0,35.0,0.046306559947644085
Danville,,218801035,,P-1,0.0,35.0,0.06179411265406693
Danville,,218801034,,P-1,0.0,35.0,0.06333224474333
Danville,,218801033,,P-1,0.0,35.0,0.06168995136950256
Danville,,218801043,,P-1,0.0,35.0,0.062438987491740656
Danville,,218801041,,P-1,0.0,35.0,0.059825053610309445
Danville,,218801042,,P-1,0.0,35.0,0.05833979742548365
Danville,,218801040,,P-1,0.0,35.0,0.06335751015066608
Danville,,218801036,,P-1,0.0,35.0,0.061631640738904016
Danville,,218801037,,P-1,0.0,35.0,0.06145101094173112
Danville,,218801038,,P-1,0.0,35.0,0.06505967404607381
Danville,,218801039,,P-1,0.0,35.0,0.056996218320628234
Danville,,218801032,,P-1,0.0,35.0,0.0653748753982022
Danville,,218801029,,P-1,0.0,35.0,0.0623966617693229
Danville,,218802009,,P-1,0.0,35.0,0.06844396029631689
Danville,,218802008,,P-1,0.0,35.0,0.06373087484465516
Danville,,218802007,,P-1,0.0,35.0,0.05675489799952293
Danville,,218802005,,P-1,0.0,35.0,0.05678812837737191
Danville,,218802006,,P-1,0.0,35.0,0.057410446614709044
Danville,,218802011,,P-1,0.0,35.0,0.06302249371637753
Danville,,218802010,,P-1,0.0,35.0,0.05731448410778043
Danville,,218801020,,P-1,0.0,35.0,0.06347514312281868
Danville,,218801021,,P-1,0.0,35.0,0.06219242650705987
Danville,,218801023,,P-1,0.0,35.0,0.06467531813554872
Danville,,218801022,,P-1,0.0,35.0,0.06502278722200552
Danville,,218801024,,P-1,0.0,35.0,0.06579999361082207
Danville,,218801025,,P-1,0.0,35.0,0.06350149796044198
Danville,,218801028,,P-1,0.0,35.0,0.06251534208199282
Danville,,218801027,,P-1,0.0,35.0,0.06124957012127769
Danville,,218801026,,P-1,0.0,35.0,0.05930754947889567
Danville,,218801030,,P-1,0.0,35.0,0.0579341290617677
Danville,,218801031,,P-1,0.0,35.0,0.060842002989222155
Danville,,218660038,,P-1 (R-7),0.0,6.22,0.12167094544031028
Danville,,218660037,,P-1 (R-7),0.0,6.22,0.11661211139494823
Danville,,218660039,,P-1,0.0,35.0,0.6327937620251143
Danville,,218670046,,P-1,0.0,35.0,0.08094870385398334
Danville,,218670045,,P-1,0.0,35.0,0.08126010007681812
Danville,,218670044,,P-1,0.0,35.0,0.08584483443969161
Danville,,218660040,,P-1 (R-7),0.0,6.22,0.12002947679146365
Danville,,218660041,,P-1 (R-7),0.0,6.22,0.1139348603172272
Danville,,218660042,,P-1 (R-7),0.0,6.22,0.11497011508150612
Danville,,218660043,,P-1 (R-7),0.0,6.22,0.11586770194759556
Danville,,218660044,,P-1 (R-7),0.0,6.22,0.11208676764207355
Danville,,218670023,,P-1,0.0,35.0,0.07505445004393672
Danville,,218670024,,P-1,0.0,35.0,0.0810638817292419
Danville,,218670022,,P-1,0.0,35.0,0.07311695790304573
Danville,,218670021,,P-1,0.0,35.0,0.07502291854294564
Danville,,218670020,,P-1,0.0,35.0,0.08350401489989509
Danville,,218670018,,P-1,0.0,35.0,0.07240528225805741
Danville,,218670019,,P-1,0.0,35.0,0.08073082170774475
Danville,,218670016,,P-1,0.0,35.0,0.08068944154523416
Danville,,218670017,,P-1,0.0,35.0,0.050732746916973194
Danville,,218670015,,P-1,0.0,35.0,0.083986219667035
Danville,,218660051,,P-1 (R-7),0.0,6.22,0.11491417906840563
Danville,,218660050,,P-1 (R-7),0.0,6.22,0.11547591106467901
Danville,,218660049,,P-1 (R-7),0.0,6.22,0.11915651967094082
Danville,,218660048,,P-1 (R-7),0.0,6.22,0.12115165929737488
Danville,,218660047,,P-1 (R-7),0.0,6.22,0.12569895219599486
Danville,,218660045,,P-1 (R-7),0.0,6.22,0.12052172942780713
Danville,,218660046,,P-1 (R-7),0.0,6.22,0.11939839432260742
Danville,,218660034,,P-1 (R-7),0.0,6.22,0.12284830955739967
Danville,,218660033,,P-1 (R-7),0.0,6.22,0.12596371719570146
Danville,,218660032,,P-1 (R-7),0.0,6.22,0.1327610326978022
Danville,,218660029,,P-1 (R-7),0.0,6.22,0.11727019404865206
Danville,,218660030,,P-1 (R-7),0.0,6.22,0.11589791609804796
Danville,,218660031,,P-1 (R-7),0.0,6.22,0.12352225914298408
Danville,,218660052,,P-1 (R-7),0.0,6.22,0.11708882775936155
Danville,,218660028,,P-1 (R-7),0.0,6.22,0.11258229813727652
Danville,,218660027,,P-1 (R-7),0.0,6.22,0.11830405832049215
Danville,,218660026,,P-1 (R-7),0.0,6.22,0.11467875886769242
Danville,,218660035,,P-1 (R-7),0.0,6.22,0.11845986997088626
Danville,,218660036,,P-1 (R-7),0.0,6.22,0.1173416055964296
Danville,,218040013,,L-1,0.0,0.0,0.9
Danville,,218860006,,L-1,0.0,0.0,0.22602673174641866
Danville,,218860016,,P-1,0.0,35.0,0.23955328943595303
Danville,,218860011,,P-1,0.0,35.0,0.014380489577519948
Danville,,218860014,,P-1,0.0,35.0,0.017889977589592102
Danville,,218860015,,P-1,0.0,35.0,0.019388764793156193
Danville,,218860010,,P-1,0.0,35.0,0.020206020730678627
Danville,,218860009,,P-1,0.0,35.0,0.020716646536876108
Danville,,218860013,,P-1,0.0,35.0,0.01989960729490194
Danville,,218860012,,P-1,0.0,35.0,0.01788758716679173
Danville,,218860025,,P-1,0.0,35.0,0.017888261167284814
Danville,,218860024,,P-1,0.0,35.0,0.019899257282873402
Danville,,218860026,,P-1,0.0,35.0,0.24465709097625843
Danville,,218860020,,P-1,0.0,35.0,0.015058005004309335
Danville,,218860036,,P-1,0.0,35.0,0.24682578493726332
Danville,,218860027,,P-1,0.0,35.0,0.020771640322178025
Danville,,218040021,,L-1,0.0,0.0,0.154
Danville,,218791033,,P-1,0.0,35.0,0.06182978661161735
Danville,,218791032,,P-1,0.0,35.0,0.06318906464658375
Danville,,218040043,,L-1,0.0,0.0,1.755
Danville,,218791028,,P-1,0.0,35.0,0.06255868936961105
Danville,,218791029,,P-1,0.0,35.0,0.06247927663345819
Danville,,218791035,,P-1,0.0,35.0,0.06114495782572318
Danville,,218791034,,P-1,0.0,35.0,0.06104490131780665
Danville,,218791030,,P-1,0.0,35.0,0.05928766211564827
Danville,,218791031,,P-1,0.0,35.0,0.06547517834366291
Danville,,218792008,,P-1,0.0,35.0,0.06133140024884439
Danville,,218791016,,P-1,0.0,35.0,0.07571150763078062
Danville,,218791017,,P-1,0.0,35.0,0.06726407890997968
Danville,,218791019,,P-1,0.0,35.0,0.06141335450840626
Danville,,218791018,,P-1,0.0,35.0,0.06534251042810861
Danville,,218791020,,P-1,0.0,35.0,0.06636838466752816
Danville,,218791021,,P-1,0.0,35.0,0.06367889191840315
Danville,,218791022,,P-1,0.0,35.0,0.0657314952636989
Danville,,218770013,,R-10,0.0,4.36,0.6206155217144954
Danville,,218770014,,R-10,0.0,4.36,0.26015230538697237
Danville,,218791024,,P-1,0.0,35.0,0.06606793250513844
Danville,,218791023,,P-1,0.0,35.0,0.06307032163444112
Danville,,218791025,,P-1,0.0,35.0,0.05602981249352035
Danville,,218791026,,P-1,0.0,35.0,0.056708722294102926
Danville,,218860045,,P-1,0.0,35.0,0.24519799904382852
Danville,,218860040,,P-1,0.0,35.0,0.014379783381817526
Danville,,218860043,,P-1,0.0,35.0,0.019389369234375776
Danville,,218860038,,P-1,0.0,35.0,0.019741467953924813
Danville,,218860041,,P-1,0.0,35.0,0.01989982026436279
Danville,,218791027,,P-1,0.0,35.0,0.05704519309750098
Danville,,218860039,,P-1,0.0,35.0,0.02020395128418685
Danville,,218840004,,P-1,0.0,35.0,0.11871111902805294
Danville,,218840005,,P-1,0.0,35.0,0.12292507755569944
Danville,,218840003,,P-1,0.0,35.0,0.18097887394902865
Danville,,218840027,,P-1,0.0,35.0,2.054957948205148
Danville,,218840002,,P-1,0.0,35.0,0.16727190667532224
Danville,,218860037,,P-1,0.0,35.0,0.014380231730427987
Danville,,218860030,,P-1,0.0,35.0,0.015057668144767207
Danville,,218860035,,P-1,0.0,35.0,0.017887445113231926
Danville,,218860042,,P-1,0.0,35.0,0.01788796202903866
Danville,,218860044,,P-1,0.0,35.0,0.017890321768987655
Danville,,218860032,,P-1,0.0,35.0,0.017890521459731985
Danville,,218860031,,P-1,0.0,35.0,0.02040769950233834
Danville,,218860005,,P-1,0.0,35.0,0.5764991089891163
Danville,,218860028,,P-1,0.0,35.0,0.020218683888149735
Danville,,218860033,,P-1,0.0,35.0,0.019388671171763967
Danville,,218860019,,P-1,0.0,35.0,0.020716444412342383
Danville,,218860034,,P-1,0.0,35.0,0.019899465520767864
Danville,,218860029,,P-1,0.0,35.0,0.020715414700023083
Danville,,218860017,,P-1,0.0,35.0,0.020771703862639823
Danville,,218860021,,P-1,0.0,35.0,0.02040754005900194
Danville,,218860022,,P-1,0.0,35.0,0.01938938264916384
Danville,,218860018,,P-1,0.0,35.0,0.02021847477869572
Danville,,218860023,,P-1,0.0,35.0,0.017890540453329554
Danville,,218860008,,P-1,0.0,35.0,0.014380052912665192
Danville,,218840001,,P-1,0.0,35.0,0.16247603100052674
Danville,,218820029,,P-1,0.0,35.0,0.024623147611877342
Danville,,218820028,,P-1,0.0,35.0,0.02429118677396349
Danville,,218820031,,P-1,0.0,35.0,0.02406875467602619
Danville,,218820030,,P-1,0.0,35.0,0.023697281864489526
Danville,,218820032,,P-1,0.0,35.0,0.2176892799959044
Danville,,218820027,,P-1,0.0,35.0,0.02203219889425947
Danville,,218820026,,P-1,0.0,35.0,0.0218046355877575
Danville,,218820025,,P-1,0.0,35.0,0.02165409151976769
Danville,,218820024,,P-1,0.0,35.0,0.02162410941049318
Danville,,218820021,,P-1,0.0,35.0,0.023055575088394894
Danville,,218820020,,P-1,0.0,35.0,0.02303669598821314
Danville,,218820023,,P-1,0.0,35.0,0.022664763998248173
Danville,,218820022,,P-1,0.0,35.0,0.022976338882167314
Danville,,218820052,,P-1,0.0,35.0,0.022176604193649904
Danville,,218820053,,P-1,0.0,35.0,0.022227378255276188
Danville,,218820050,,P-1,0.0,35.0,0.02133146545345307
Danville,,218820051,,P-1,0.0,35.0,0.02132033032505228
Danville,,218820049,,P-1,0.0,35.0,0.02265831306731614
Danville,,218820048,,P-1,0.0,35.0,0.02350879010376957
Danville,,218820054,,P-1,0.0,35.0,0.02293780889137923
Danville,,218820055,,P-1,0.0,35.0,0.022663522058742214
Danville,,218820057,,P-1,0.0,35.0,0.023732372761682288
Danville,,218820056,,P-1,0.0,35.0,0.02308587889517389
Danville,,218820058,,P-1,0.0,35.0,0.20056322494881845
Danville,,218820089,,P-1,0.0,35.0,0.7838384401903826
Danville,,218820088,,P-1,0.0,35.0,0.30443333325362026
Danville,,218820084,,P-1,0.0,35.0,0.21762675857009228
Danville,,218820082,,P-1,0.0,35.0,0.023629177436228506
Danville,,218820083,,P-1,0.0,35.0,0.023985010786749944
Danville,,218820080,,P-1,0.0,35.0,0.022371249613942087
Danville,,218820081,,P-1,0.0,35.0,0.022462373765067132
Danville,,218820078,,P-1,0.0,35.0,0.021741032132600903
Danville,,218830009,,P-1,0.0,35.0,0.022788782635873767
Danville,,218830010,,P-1,0.0,35.0,0.02268037903444438
Danville,,218830011,,P-1,0.0,35.0,0.02331499753216021
Danville,,218830021,,P-1,0.0,35.0,0.2177462445985704
Danville,,218830012,,P-1,0.0,35.0,0.023493294507614476
Danville,,218830013,,P-1,0.0,35.0,0.021723621525892255
Danville,,218830014,,P-1,0.0,35.0,0.021854191290854058
Danville,,218830108,,P-1,0.0,35.0,0.8859517218400439
Danville,,218830020,,P-1,0.0,35.0,0.023373924750404926
Danville,,218830019,,P-1,0.0,35.0,0.0233766032715201
Danville,,218830018,,P-1,0.0,35.0,0.022894272125625906
Danville,,218830017,,P-1,0.0,35.0,0.022821371760319672
Danville,,218830016,,P-1,0.0,35.0,0.021992940125900216
Danville,,218830015,,P-1,0.0,35.0,0.02191249480888565
Danville,,218820079,,P-1,0.0,35.0,0.02153644222564546
Danville,,218820076,,P-1,0.0,35.0,0.02155744932515144
Danville,,218820077,,P-1,0.0,35.0,0.02135365271156234
Danville,,218830047,,P-1,0.0,35.0,0.21762960993696154
Danville,,218830032,,P-1,0.0,35.0,0.022724633345837412
Danville,,218830033,,P-1,0.0,35.0,0.022905032099969944
Danville,,218830034,,P-1,0.0,35.0,0.21762930132366293
Danville,,218830028,,P-1,0.0,35.0,0.023060226199117625
Danville,,218830030,,P-1,0.0,35.0,0.022547253971727722
Danville,,218830031,,P-1,0.0,35.0,0.02270749295382064
Danville,,218830026,,P-1,0.0,35.0,0.02141508881222137
Danville,,218830029,,P-1,0.0,35.0,0.022975661574922316
Danville,,218830027,,P-1,0.0,35.0,0.021422579477452502
Danville,,218820066,,P-1,0.0,35.0,0.021133207679368216
Danville,,218820065,,P-1,0.0,35.0,0.021197464496248257
Danville,,218820069,,P-1,0.0,35.0,0.02250078165274743
Danville,,218820070,,P-1,0.0,35.0,0.02240940278376574
Danville,,218820068,,P-1,0.0,35.0,0.02292824078384667
Danville,,218820067,,P-1,0.0,35.0,0.02313653809299998
Danville,,218820071,,P-1,0.0,35.0,0.21762618642685577
Danville,,218820073,,P-1,0.0,35.0,0.022645578994411348
Danville,,218820072,,P-1,0.0,35.0,0.022490785253196605
Danville,,218820075,,P-1,0.0,35.0,0.02331747976678015
Danville,,218820074,,P-1,0.0,35.0,0.023488704986407517
Danville,,218820047,,P-1,0.0,35.0,0.022738466928523802
Danville,,218820046,,P-1,0.0,35.0,0.023119194393363615
Danville,,218820043,,P-1,0.0,35.0,0.02236711643411738
Danville,,218820044,,P-1,0.0,35.0,0.022503443254671
Danville,,218820042,,P-1,0.0,35.0,0.022958820204726043
Danville,,218820041,,P-1,0.0,35.0,0.023188516615540264
Danville,,218820045,,P-1,0.0,35.0,0.20056620838759637
Danville,,218820085,,P-1,0.0,35.0,0.14277253418917876
Danville,,218820018,,P-1,0.0,35.0,0.022603318354191135
Danville,,218820017,,P-1,0.0,35.0,0.022503280636993656
Danville,,218820015,,P-1,0.0,35.0,0.022834026310877366
Danville,,218820016,,P-1,0.0,35.0,0.023033817668885515
Danville,,218820039,,P-1,0.0,35.0,0.022180988942178792
Danville,,218820040,,P-1,0.0,35.0,0.022206132814149987
Danville,,218820033,,P-1,0.0,35.0,0.023495634293063526
Danville,,218820034,,P-1,0.0,35.0,0.022850480725277657
Danville,,218820036,,P-1,0.0,35.0,0.02470721137166834
Danville,,218820035,,P-1,0.0,35.0,0.023244832684969526
Danville,,218820038,,P-1,0.0,35.0,0.02249945794285039
Danville,,218820037,,P-1,0.0,35.0,0.022671494769610546
Danville,,218820062,,P-1,0.0,35.0,0.023830428640122255
Danville,,218820061,,P-1,0.0,35.0,0.023845046604437245
Danville,,218820064,,P-1,0.0,35.0,0.02222149691718362
Danville,,218820063,,P-1,0.0,35.0,0.022620456591540057
Danville,,218820059,,P-1,0.0,35.0,0.023108295073117093
Danville,,218820060,,P-1,0.0,35.0,0.02345165040047204
Danville,,218090022,,P-1,0.0,35.0,1.74
Danville,,218820008,,P-1,0.0,35.0,0.023607653807121168
Danville,,218820090,,P-1,0.0,35.0,0.023318726506741577
Danville,,218820010,,P-1,0.0,35.0,0.02304741398584973
Danville,,218820009,,P-1,0.0,35.0,0.022977120945836423
Danville,,218820011,,P-1,0.0,35.0,0.022434838770325066
Danville,,218820012,,P-1,0.0,35.0,0.02229805077145021
Danville,,218820013,,P-1,0.0,35.0,0.02204660467787146
Danville,,218820014,,P-1,0.0,35.0,0.021715793580992557
Danville,,218820019,,P-1,0.0,35.0,0.2176243835456839
Danville,,218090030,,P-1,0.0,35.0,2.917
Danville,,218880012,,P-1,0.0,35.0,0.20983546318330543
Danville,,218880026,,P-1,0.0,35.0,0.30991828377200487
Danville,,218880019,,P-1,0.0,35.0,0.39055090842604334
Danville,,218880013,,P-1,0.0,35.0,0.18844324021894956
Danville,,218880028,,P-1,0.0,35.0,0.1253382335107475
Danville,,218251016,,R-10,0.0,4.36,0.23882199273363727
Danville,,218251015,,R-10,0.0,4.36,0.23835945047234705
Danville,,218251023,,R-10,0.0,4.36,0.2658837759428826
Danville,,218251019,,R-10,0.0,4.36,0.2426452351911582
Danville,,218251017,,R-10,0.0,4.36,0.25433236884901883
Danville,,218251018,,R-10,0.0,4.36,0.3287719091821368
Danville,,218880022,,P-1,0.0,35.0,0.07181622169454348
Danville,,218880009,,P-1,0.0,35.0,0.23445417451084363
Danville,,218880014,,P-1,0.0,35.0,0.14096865966972955
Danville,,218251030,,R-10,0.0,4.36,0.3666540069409974
Danville,,218880015,,P-1,0.0,35.0,0.15649506143902697
Danville,,218251022,,R-10,0.0,4.36,0.31902773389711025
Danville,,218251031,,R-10,0.0,4.36,0.36288509515466544
Danville,,218252003,,R-10,0.0,4.36,0.28421324208410587
Danville,,218252002,,R-10,0.0,4.36,0.24879628570320791
Danville,,218252004,,R-10,0.0,4.36,0.2540572960051258
Danville,,218810020,,P-1,0.0,35.0,0.3339003834207137
Danville,,218880027,,P-1,0.0,35.0,0.28100493171297003
Danville,,218880025,,P-1,0.0,35.0,0.20019602183394106
Danville,,218880008,,P-1,0.0,35.0,0.2242411098265565
Danville,,218880020,,P-1,0.0,35.0,0.37622077614211163
Danville,,218880007,,P-1,0.0,35.0,0.2242158123569776
Danville,,218880016,,P-1,0.0,35.0,0.7324029004091956
Danville,,218810024,,P-1,0.0,35.0,0.09733073222746515
Danville,,218810025,,P-1,0.0,35.0,0.06055543954474074
Danville,,218880024,,P-1,0.0,35.0,0.2622450722902596
Danville,,218880006,,P-1,0.0,35.0,0.14781079577683418
Danville,,218880017,,P-1,0.0,35.0,0.21347310699671962
Danville,,218880001,,P-1,0.0,35.0,0.15133854673996622
Danville,,218880005,,P-1,0.0,35.0,0.19543483890762597
Danville,,218880018,,P-1,0.0,35.0,0.44212056546229417
Danville,,218880002,,P-1,0.0,35.0,0.2473343643220099
Danville,,218880003,,P-1,0.0,35.0,0.1925146286626083
Danville,,218880011,,P-1,0.0,35.0,0.24539097709467897
Danville,,218880004,,P-1,0.0,35.0,0.19621200513349002
Danville,,218880010,,P-1,0.0,35.0,0.23445853678863549
Danville,,218880021,,P-1,0.0,35.0,0.17751033601097316
Danville,,218880023,,P-1,0.0,35.0,0.2439100223636669
Danville,,218090XXX,,P-1,0.0,35.0,4.308834246626415
Danville,,218090027,,P-1,0.0,35.0,0.002
Danville,,218090032,,P-1,0.0,35.0,1.109
Danville,,218090033,,P-1,0.0,35.0,9.369
Danville,,218090029,,P-1,0.0,35.0,2.941
Danville,,218810041,,P-1,0.0,35.0,0.05537138683776332
Danville,,218810040,,P-1,0.0,35.0,0.07270218081051537
Danville,,218810034,,P-1,0.0,35.0,0.05507557001878847
Danville,,218810027,,P-1,0.0,35.0,0.07243012115248097
Danville,,218810032,,P-1,0.0,35.0,0.07270324537172405
Danville,,218810026,,P-1,0.0,35.0,0.05507644742943002
Danville,,218810033,,P-1,0.0,35.0,0.055370173802343964
Danville,,218810035,,P-1,0.0,35.0,0.07243041501773573
Danville,,218810037,,P-1,0.0,35.0,0.0749735749639745
Danville,,218810036,,P-1,0.0,35.0,0.07196699623717684
Danville,,218810031,,P-1,0.0,35.0,0.07270097715756615
Danville,,218810030,,P-1,0.0,35.0,0.07534384786036166
Danville,,218810065,,P-1,0.0,35.0,0.30176504988399394
Danville,,218810016,,P-1,0.0,35.0,0.18934984260668952
Danville,,218810015,,P-1,0.0,35.0,0.23639000619270378
Danville,,218810017,,P-1,0.0,35.0,0.1870689724014585
Danville,,218810029,,P-1,0.0,35.0,0.07497329170877977
Danville,,218810028,,P-1,0.0,35.0,0.07196705306380044
Danville,,218810023,,P-1,0.0,35.0,0.11755467926355283
Danville,,218810022,,P-1,0.0,35.0,0.1320666193464766
Danville,,218810064,,P-1,0.0,35.0,0.15993640078088442
Danville,,218810021,,P-1,0.0,35.0,0.22427720688844158
Danville,,218810019,,P-1,0.0,35.0,0.23059091874503163
Danville,,218810018,,P-1,0.0,35.0,0.24114599467201306
Danville,,218252005,,R-10,0.0,4.36,0.36873328534466915
Danville,,218252006,,R-10,0.0,4.36,0.26947702685352737
Danville,,218283003,,R-10,0.0,4.36,0.23460873674687346
Danville,,218283004,,R-10,0.0,4.36,0.24317254055598778
Danville,,218283005,,R-10,0.0,4.36,0.3582598286465516
Danville,,218283006,,R-10,0.0,4.36,0.26183035066111354
Danville,,218282014,,R-10,0.0,4.36,0.25684244911985643
Danville,,218282013,,R-10,0.0,4.36,0.23160949188571384
Danville,,218282012,,R-10,0.0,4.36,0.23244413844705697
Danville,,218283007,,R-10,0.0,4.36,0.22878710453242593
Danville,,218810014,,P-1,0.0,35.0,0.2321731511329324
Danville,,218283008,,R-10,0.0,4.36,0.22959994951265422
Danville,,218810013,,P-1,0.0,35.0,0.18513675753360676
Danville,,218810039,,P-1,0.0,35.0,0.07270087068155177
Danville,,218810038,,P-1,0.0,35.0,0.07534323250894097
Danville,,218810066,,P-1,0.0,35.0,0.2899757598201149
Danville,,218810011,,P-1,0.0,35.0,0.2357918983316947
Danville,,218810012,,P-1,0.0,35.0,0.19565607106998306
Danville,,218283009,,R-10,0.0,4.36,0.2284669033012543
Danville,,218283010,,R-10,0.0,4.36,0.22898767306254852
Danville,,218810010,,P-1,0.0,35.0,0.2245420041008936
Danville,,218810009,,P-1,0.0,35.0,0.1827716279016377
Danville,,218283011,,R-10,0.0,4.36,0.2297400278961179
Danville,,218282011,,R-10,0.0,4.36,0.229036786084922
Danville,,218283015,,R-10,0.0,4.36,0.23416999698520935
Danville,,218283014,,R-10,0.0,4.36,0.35095297755463495
Danville,,218283013,,R-10,0.0,4.36,0.2950788644883067
Danville,,218283012,,R-10,0.0,4.36,0.2449697897234464
Danville,,218810006,,P-1,0.0,35.0,0.2288591200029172
Danville,,218810051,,P-1,0.0,35.0,0.07251695628305435
Danville,,218810050,,P-1,0.0,35.0,0.07527029572040687
Danville,,218810047,,P-1,0.0,35.0,0.07260149963788642
Danville,,218810046,,P-1,0.0,35.0,0.07525379922600721
Danville,,218810067,,P-1,0.0,35.0,0.2634754998100527
Danville,,218810008,,P-1,0.0,35.0,0.18199978348105517
Danville,,218810007,,P-1,0.0,35.0,0.23667111871582394
Danville,,218810045,,P-1,0.0,35.0,0.07506386069784159
Danville,,218810044,,P-1,0.0,35.0,0.07207461472230123
Danville,,218810043,,P-1,0.0,35.0,0.07252921633669404
Danville,,218810042,,P-1,0.0,35.0,0.055147991354196776
Danville,,218090021,,P-1,0.0,35.0,9.98
Danville,,218810049,,P-1,0.0,35.0,0.05530763897508163
Danville,,218810048,,P-1,0.0,35.0,0.07259682493046715
Danville,,218830105,,P-1,0.0,35.0,0.02216445421642048
Danville,,218830106,,P-1,0.0,35.0,0.02259427859807977
Danville,,218830101,,P-1,0.0,35.0,0.022011668641129745
Danville,,218830102,,P-1,0.0,35.0,0.021923489854390577
Danville,,218830103,,P-1,0.0,35.0,0.023747533809955937
Danville,,218830104,,P-1,0.0,35.0,0.02438966095790872
Danville,,218830100,,P-1,0.0,35.0,0.022676973962574006
Danville,,218830096,,P-1,0.0,35.0,0.022634342979093842
Danville,,218830095,,P-1,0.0,35.0,0.02267578683300014
Danville,,218830097,,P-1,0.0,35.0,0.023353261493890554
Danville,,218830098,,P-1,0.0,35.0,0.02352297390610697
Danville,,218830099,,P-1,0.0,35.0,0.022434727457504813
Danville,,218830107,,P-1,0.0,35.0,0.21487924767505406
Danville,,218830081,,P-1,0.0,35.0,0.29202334689734233
Danville,,218830065,,P-1,0.0,35.0,0.022528718263664316
Danville,,218830068,,P-1,0.0,35.0,0.023323411845357783
Danville,,218830070,,P-1,0.0,35.0,0.023387469281785738
Danville,,218830067,,P-1,0.0,35.0,0.023206151588689886
Danville,,218830069,,P-1,0.0,35.0,0.023222917592091715
Danville,,218830072,,P-1,0.0,35.0,0.022346469863581974
Danville,,218830071,,P-1,0.0,35.0,0.022138178568756172
Danville,,218830066,,P-1,0.0,35.0,0.022619105768804507
Danville,,218830094,,P-1,0.0,35.0,0.20936627588943896
Danville,,218830082,,P-1,0.0,35.0,0.02270806535901374
Danville,,218830084,,P-1,0.0,35.0,0.023447569843538987
Danville,,218830085,,P-1,0.0,35.0,0.02353389792268256
Danville,,218830083,,P-1,0.0,35.0,0.02265100417630642
Danville,,218830086,,P-1,0.0,35.0,0.023204889390307938
Danville,,218830073,,P-1,0.0,35.0,0.02209809566567969
Danville,,218830074,,P-1,0.0,35.0,0.022076310903462276
Danville,,218830088,,P-1,0.0,35.0,0.022348746617816936
Danville,,218830089,,P-1,0.0,35.0,0.022294602704854616
Danville,,218830087,,P-1,0.0,35.0,0.02319227903046155
Danville,,218830090,,P-1,0.0,35.0,0.02428328801612213
Danville,,218830091,,P-1,0.0,35.0,0.024166510539413256
Danville,,218830092,,P-1,0.0,35.0,0.022926930371462963
Danville,,218830093,,P-1,0.0,35.0,0.022890818407707434
Danville,,218830076,,P-1,0.0,35.0,0.022134359863091185
Danville,,218830077,,P-1,0.0,35.0,0.02238807298559256
Danville,,218830078,,P-1,0.0,35.0,0.02259894454819121
Danville,,218830109,,P-1,0.0,35.0,0.8666627150945223
Danville,,218830080,,P-1,0.0,35.0,0.02263259453861862
Danville,,218830079,,P-1,0.0,35.0,0.02230970693921898
Danville,,218830048,,P-1,0.0,35.0,0.023010578674854287
Danville,,218830049,,P-1,0.0,35.0,0.02298948559420294
Danville,,218830051,,P-1,0.0,35.0,0.022583086609563076
Danville,,218830050,,P-1,0.0,35.0,0.02285000383422801
Danville,,218830053,,P-1,0.0,35.0,0.021971636284048312
Danville,,218830075,,P-1,0.0,35.0,0.021851281102901212
Danville,,218830035,,P-1,0.0,35.0,0.022673172115691274
Danville,,218830036,,P-1,0.0,35.0,0.022620819685616664
Danville,,218830023,,P-1,0.0,35.0,0.022961043321895983
Danville,,218830022,,P-1,0.0,35.0,0.02305832377489694
Danville,,218830024,,P-1,0.0,35.0,0.023219415487025368
Danville,,218830025,,P-1,0.0,35.0,0.022896434973973062
Danville,,218830037,,P-1,0.0,35.0,0.023961233116535682
Danville,,218830038,,P-1,0.0,35.0,0.02358605024236935
Danville,,218830040,,P-1,0.0,35.0,0.022427249202667858
Danville,,218830039,,P-1,0.0,35.0,0.022266893106278135
Danville,,218830041,,P-1,0.0,35.0,0.021708180652975077
Danville,,218830044,,P-1,0.0,35.0,0.024058449201351494
Danville,,218830043,,P-1,0.0,35.0,0.023347476547341144
Danville,,218830045,,P-1,0.0,35.0,0.022567817185274553
Danville,,218830046,,P-1,0.0,35.0,0.02223953610616069
Danville,,218830042,,P-1,0.0,35.0,0.021637770597677634
Danville,,218830054,,P-1,0.0,35.0,0.021682788638737877
Danville,,218830055,,P-1,0.0,35.0,0.022059953133833347
Danville,,218830052,,P-1,0.0,35.0,0.021860525910006333
Danville,,218830056,,P-1,0.0,35.0,0.0219033351769095
Danville,,218830057,,P-1,0.0,35.0,0.022383697110196096
Danville,,218830061,,P-1,0.0,35.0,0.022737647812614545
Danville,,218830060,,P-1,0.0,35.0,0.02287223817108046
Danville,,218830059,,P-1,0.0,35.0,0.02238808351138449
Danville,,218830058,,P-1,0.0,35.0,0.022501889789751556
Danville,,218830064,,P-1,0.0,35.0,0.2919988384744943
Danville,,218830063,,P-1,0.0,35.0,0.02141078437183829
Danville,,218830062,,P-1,0.0,35.0,0.021878433483062176
Danville,,218830110,,P-1,0.0,35.0,0.800781445020587
Danville,,218810062,,P-1,0.0,35.0,0.0752767764212519
Danville,,218810061,,P-1,0.0,35.0,0.07527690147962458
Danville,,218810059,,P-1,0.0,35.0,0.07252075833168962
Danville,,218810060,,P-1,0.0,35.0,0.07252311045566642
Danville,,218810002,,P-1,0.0,35.0,0.23076581406696806
Danville,,218810003,,P-1,0.0,35.0,0.2305757710562575
Danville,,218810056,,P-1,0.0,35.0,0.07251968026872099
Danville,,218810058,,P-1,0.0,35.0,0.0752742509210919
Danville,,218810057,,P-1,0.0,35.0,0.07527370416450484
Danville,,218810055,,P-1,0.0,35.0,0.07251828989432144
Danville,,218810053,,P-1,0.0,35.0,0.07527191301919763
Danville,,218810052,,P-1,0.0,35.0,0.07251847074977752
Danville,,218810054,,P-1,0.0,35.0,0.0752725470945527
Danville,,218810005,,P-1,0.0,35.0,0.23048298393928213
Danville,,218810004,,P-1,0.0,35.0,0.23040593711448748
Danville,,218283016,,R-10,0.0,4.36,0.33354433553677304
Danville,,218283017,,R-10,0.0,4.36,0.27914239672125224
Danville,,218283018,,R-10,0.0,4.36,0.4229132883103101
Danville,,218840014,,P-1,0.0,35.0,0.12269358512263577
Danville,,218840013,,P-1,0.0,35.0,0.12269636371712453
Danville,,218840012,,P-1,0.0,35.0,0.11526064731598804
Danville,,218840011,,P-1,0.0,35.0,0.1152723864269497
Danville,,218840008,,P-1,0.0,35.0,0.11899197814392823
Danville,,218840010,,P-1,0.0,35.0,0.12269590085736193
Danville,,218810001,,P-1,0.0,35.0,0.21996493176618329
Danville,,218840009,,P-1,0.0,35.0,0.1213736209488954
Danville,,218810070,,P-1,0.0,35.0,0.48367250228321024
Danville,,218810069,,P-1,0.0,35.0,0.10730326508789362
Danville,,218840006,,P-1,0.0,35.0,0.11953525491521572
Danville,,218840007,,P-1,0.0,35.0,0.11880319047582896
Danville,,218770010,,R-10,0.0,4.36,0.2432305164099242
Danville,,218770011,,R-10,0.0,4.36,0.2341229960387929
Danville,,218770012,,R-10,0.0,4.36,0.38149108687953404
Danville,,218791014,,P-1,0.0,35.0,0.05633807933647845
Danville,,218791015,,P-1,0.0,35.0,0.05693995156294722
Danville,,218791013,,P-1,0.0,35.0,0.05883084267489863
Danville,,218791012,,P-1,0.0,35.0,0.05921461287791696
Danville,,218770015,,R-10,0.0,4.36,0.24358552252808618
Danville,,218770017,,R-10,0.0,4.36,0.26883301328432263
Danville,,218770016,,R-10,0.0,4.36,0.23015192830689762
Danville,,218770009,,R-10,0.0,4.36,0.23556855215842093
Danville,,218770008,,R-10,0.0,4.36,0.23425732887213432
Danville,,218770007,,R-10,0.0,4.36,0.23376409564216866
Danville,,218770019,,R-10,0.0,4.36,0.24310403000145234
Danville,,218770020,,R-10,0.0,4.36,0.24026059071405403
Danville,,218770022,,R-10,0.0,4.36,0.22698646555440297
Danville,,218770021,,R-10,0.0,4.36,0.23714249821904237
Danville,,218770004,,R-10,0.0,4.36,0.23276340266318415
Danville,,218770005,,R-10,0.0,4.36,0.23237620750749985
Danville,,218770006,,R-10,0.0,4.36,0.2343309464295566
Danville,,218840015,,P-1,0.0,35.0,0.11527315210310367
Danville,,218840017,,P-1,0.0,35.0,0.12269498584849435
Danville,,218840016,,P-1,0.0,35.0,0.11516849663428867
Danville,,218840019,,P-1,0.0,35.0,0.11516914926637004
Danville,,218840018,,P-1,0.0,35.0,0.12269622481651138
Danville,,218283020,,R-10,0.0,4.36,0.28007908857060576
Danville,,218283019,,R-10,0.0,4.36,0.2568548527871499
Danville,,218283021,,R-10,0.0,4.36,0.23921513998712648
Danville,,218283022,,R-10,0.0,4.36,0.34219514458745415
Danville,,218840021,,P-1,0.0,35.0,0.12269475898203498
Danville,,218840022,,P-1,0.0,35.0,0.12269846461356967
Danville,,218283023,,R-10,0.0,4.36,0.2622358688194142
Danville,,218283024,,R-10,0.0,4.36,0.2316525456269105
Danville,,218840025,,P-1,0.0,35.0,0.12269783096426394
Danville,,218840024,,P-1,0.0,35.0,0.11516825459598537
Danville,,218840023,,P-1,0.0,35.0,0.11516880614791122
Danville,,218840020,,P-1,0.0,35.0,0.11516823406357161
Danville,,218770002,,R-10,0.0,4.36,0.23132178745624338
Danville,,218770003,,R-10,0.0,4.36,0.23600186882532473
Danville,,218770029,,R-10,0.0,4.36,0.2683543722150602
Danville,,218363001,,R-10,0.0,4.36,0.2272482943213757
Danville,,218770030,,R-10,0.0,4.36,0.23248472017962643
Danville,,218361008,,R-10,0.0,4.36,0.23225801048482708
Danville,,218361006,,R-10,0.0,4.36,0.23641462692566131
Danville,,218361005,,R-10,0.0,4.36,0.23044816916476332
Danville,,218361004,,R-10,0.0,4.36,0.2358393953366754
Danville,,218273004,,R-10,0.0,4.36,0.4026025798242128
Danville,,218273005,,R-10,0.0,4.36,0.2735171502212427
Danville,,218283027,,R-10,0.0,4.36,0.2857106475866537
Danville,,218840026,,P-1,0.0,35.0,0.20256221451363388
Danville,,218273003,,R-10,0.0,4.36,0.24949912737426286
Danville,,218273001,,R-10,0.0,4.36,0.26343298294685386
Danville,,218281001,,R-10,0.0,4.36,0.22843314800830206
Danville,,218283029,,R-10,0.0,4.36,0.21527205116105091
Danville,,218282001,,R-10,0.0,4.36,0.2310065179998839
Danville,,218282026,,R-10,0.0,4.36,0.2550046016312456
Danville,,218282025,,R-10,0.0,4.36,0.24460081865711694
Danville,,218282003,,R-10,0.0,4.36,0.21615053049351582
Danville,,218282002,,R-10,0.0,4.36,0.23503014858567384
Danville,,218283028,,R-10,0.0,4.36,0.22739868471548028
Danville,,218283026,,R-10,0.0,4.36,0.27966782194228496
Danville,,218283025,,R-10,0.0,4.36,0.23915715798493742
Danville,,218282022,,R-10,0.0,4.36,0.24651433565792266
Danville,,218282004,,R-10,0.0,4.36,0.23116751054033238
Danville,,218282005,,R-10,0.0,4.36,0.23132417179427786
Danville,,218282006,,R-10,0.0,4.36,0.2256728549686107
Danville,,218282007,,R-10,0.0,4.36,0.2341535649102661
Danville,,218282008,,R-10,0.0,4.36,0.23649062919987163
Danville,,218282021,,R-10,0.0,4.36,0.24412037363082803
Danville,,218282009,,R-10,0.0,4.36,0.2295867638642204
Danville,,218282010,,R-10,0.0,4.36,0.2332282599332356
Danville,,218282018,,R-10,0.0,4.36,0.31082448071266217
Danville,,218282019,,R-10,0.0,4.36,0.23966220549543643
Danville,,218282020,,R-10,0.0,4.36,0.2452918932261467
Danville,,218281012,,R-10,0.0,4.36,0.24457592080174417
Danville,,218281011,,R-10,0.0,4.36,0.22060404535086625
Danville,,218281010,,R-10,0.0,4.36,0.23272650905469444
Danville,,218281009,,R-10,0.0,4.36,0.23419556568210836
Danville,,218281014,,R-10,0.0,4.36,0.23125951808441023
Danville,,218281013,,R-10,0.0,4.36,0.22744067297870652
Danville,,218282017,,R-10,0.0,4.36,0.24270913012395712
Danville,,218282016,,R-10,0.0,4.36,0.22776919847369897
Danville,,218282015,,R-10,0.0,4.36,0.2606542603724107
Danville,,218281015,,R-10,0.0,4.36,0.23049641654011188
Danville,,218283002,,R-10,0.0,4.36,0.23095245782377002
Danville,,218283001,,R-10,0.0,4.36,0.23026121665454366
Danville,,218281018,,R-10,0.0,4.36,0.22867544051442765
Danville,,218281017,,R-10,0.0,4.36,0.23157776384328818
Danville,,218281016,,R-10,0.0,4.36,0.22968431718959437
Danville,,218261010,,R-10,0.0,4.36,0.254510784562308
Danville,,218261011,,R-10,0.0,4.36,0.24994896495951988
Danville,,218281006,,R-10,0.0,4.36,0.2469879897916565
Danville,,218281005,,R-10,0.0,4.36,0.28309149141981776
Danville,,218281007,,R-10,0.0,4.36,0.3000102062162852
Danville,,218281008,,R-10,0.0,4.36,0.23253120962431362
Danville,,218281004,,R-10,0.0,4.36,0.23374766590804805
Danville,,218281003,,R-10,0.0,4.36,0.22934969925566767
Danville,,218281002,,R-10,0.0,4.36,0.23002702321413698
Danville,,218271009,,R-10,0.0,4.36,0.236401486414253
Danville,,218271008,,R-10,0.0,4.36,0.29870712772735
Danville,,218261012,,R-10,0.0,4.36,0.29766468432656396
Danville,,218261016,,R-10,0.0,4.36,0.2493766938069095
Danville,,218271007,,R-10,0.0,4.36,0.2560664953624066
Danville,,218271006,,R-10,0.0,4.36,0.2503503896572161
Danville,,218271001,,R-10,0.0,4.36,0.2284687914359246
Danville,,218261023,,R-10,0.0,4.36,0.22849987010153333
Danville,,218261017,,R-10,0.0,4.36,0.27984716240038415
Danville,,218271002,,R-10,0.0,4.36,0.23246855374749031
Danville,,218271005,,R-10,0.0,4.36,0.23208217786051316
Danville,,218271003,,R-10,0.0,4.36,0.21498507088698202
Danville,,218271011,,R-10,0.0,4.36,0.22868630283880037
Danville,,218271004,,R-10,0.0,4.36,0.23278307534494558
Danville,,218271010,,R-10,0.0,4.36,0.28858781143902845
Danville,,218271012,,R-10,0.0,4.36,0.23293184889875154
Danville,,218273002,,R-10,0.0,4.36,0.24620349417489357
Danville,,218272009,,R-10,0.0,4.36,0.2756344896876116
Danville,,218272010,,R-10,0.0,4.36,0.23582452123928999
Danville,,218272007,,R-10,0.0,4.36,0.23665638477990775
Danville,,218272008,,R-10,0.0,4.36,0.2239588144551861
Danville,,218273006,,R-10,0.0,4.36,0.2405671527397353
Danville,,218273008,,R-10,0.0,4.36,0.3235927221897348
Danville,,218273007,,R-10,0.0,4.36,0.2328462310476532
Danville,,218273009,,R-10,0.0,4.36,0.24980563260161884
Danville,,218273011,,R-10,0.0,4.36,0.22744269246110013
Danville,,218273010,,R-10,0.0,4.36,0.2288761994233926
Danville,,218272005,,R-10,0.0,4.36,0.253774654795592
Danville,,218272006,,R-10,0.0,4.36,0.23277679764790365
Danville,,218273012,,R-10,0.0,4.36,0.2565485171634742
Danville,,218273013,,R-10,0.0,4.36,0.36746506811772045
Danville,,218332015,,P-1 (R-10),0.0,4.36,0.3627657860252965
Danville,,218273014,,R-10,0.0,4.36,0.29875223719266025
Danville,,218273015,,R-10,0.0,4.36,0.2550479634740201
Danville,,218272003,,R-10,0.0,4.36,0.2557474501716613
Danville,,218272004,,R-10,0.0,4.36,0.258858713288178
Danville,,218272011,,R-10,0.0,4.36,0.2689670554308517
Danville,,218272012,,R-10,0.0,4.36,0.30188660422587243
Danville,,218272013,,R-10,0.0,4.36,0.27975198089103676
Danville,,218272002,,R-10,0.0,4.36,0.24189654274658107
Danville,,218272001,,R-10,0.0,4.36,0.22853868453314563
Danville,,218272014,,R-10,0.0,4.36,0.24762584561245918
Danville,,218272015,,R-10,0.0,4.36,0.22898192374147386
Danville,,218262001,,R-10,0.0,4.36,0.23122866622565974
Danville,,218262009,,R-10,0.0,4.36,0.22927116495337693
Danville,,218262010,,R-10,0.0,4.36,0.23063603516942707
Danville,,218273017,,R-10,0.0,4.36,0.22931767544429837
Danville,,218263001,,R-10,0.0,4.36,0.23128740951679183
Danville,,218263002,,R-10,0.0,4.36,0.2288478136713191
Danville,,218332022,,P-1 (R-10),0.0,4.36,0.14496180244492773
Danville,,218332021,,P-1 (R-10),0.0,4.36,0.11036442501530355
Danville,,218332017,,P-1 (R-10),0.0,4.36,0.10922115090419073
Danville,,218273016,,R-10,0.0,4.36,0.2305519427801846
Danville,,218332016,,P-1 (R-10),0.0,4.36,0.12662066827814428
Danville,,218332013,,P-1 (R-10),0.0,4.36,0.20248699018924404
Danville,,218332012,,P-1 (R-10),0.0,4.36,0.17099310314484384
Danville,,218332011,,P-1 (R-10),0.0,4.36,0.12704247178381098
Danville,,218332010,,P-1 (R-10),0.0,4.36,0.13057338157251036
Danville,,218332014,,P-1 (R-10),0.0,4.36,0.36663426102252505
Danville,,218332018,,P-1 (R-10),0.0,4.36,0.14244196867184114
Danville,,218332019,,P-1 (R-10),0.0,4.36,0.09074314763662088
Danville,,218332020,,P-1 (R-10),0.0,4.36,0.1052018720159673
Danville,,218332029,,P-1 (R-10),0.0,4.36,0.10900805056389322
Danville,,218332009,,P-1 (R-10),0.0,4.36,0.13132680089672996
Danville,,218332008,,P-1 (R-10),0.0,4.36,0.12676678959834567
Danville,,218332007,,P-1 (R-10),0.0,4.36,0.12944516454369107
Danville,,218332006,,P-1 (R-10),0.0,4.36,0.13125621664644446
Danville,,218332005,,P-1 (R-10),0.0,4.36,0.1799929901197149
Danville,,218311016,,P-1 (R-10),0.0,4.36,0.45090287501521514
Danville,,218332004,,P-1 (R-10),0.0,4.36,0.16008949625086402
Danville,,218332003,,P-1 (R-10),0.0,4.36,0.17328831286653143
Danville,,218332002,,P-1 (R-10),0.0,4.36,0.10881975433197533
Danville,,218332001,,P-1 (R-10),0.0,4.36,0.13172692436949596
Danville,,218332034,,P-1 (R-10),0.0,4.36,0.13548872523347832
Danville,,218332033,,P-1 (R-10),0.0,4.36,0.13034251306387576
Danville,,218332032,,P-1 (R-10),0.0,4.36,0.1059147389958665
Danville,,218332031,,P-1 (R-10),0.0,4.36,0.13391788754088033
Danville,,218332030,,P-1 (R-10),0.0,4.36,0.11153083348102977
Danville,,218332026,,P-1 (R-10),0.0,4.36,0.15234149812647105
Danville,,218332027,,P-1 (R-10),0.0,4.36,0.11285026032454352
Danville,,218332038,,P-1 (R-10),0.0,4.36,0.12379367136658523
Danville,,218332037,,P-1 (R-10),0.0,4.36,0.1243619790692813
Danville,,218332036,,P-1 (R-10),0.0,4.36,0.13048914820618437
Danville,,218332035,,P-1 (R-10),0.0,4.36,0.12170783513051409
Danville,,218332028,,P-1 (R-10),0.0,4.36,0.12144011599157419
Danville,,218333005,,P-1 (R-10),0.0,4.36,0.11081991648467981
Danville,,218333003,,P-1 (R-10),0.0,4.36,0.10784157952053101
Danville,,218333004,,P-1 (R-10),0.0,4.36,0.11820406244172091
Danville,,218333002,,P-1 (R-10),0.0,4.36,0.11146845823534397
Danville,,218333001,,P-1 (R-10),0.0,4.36,0.1154081950359144
Danville,,218263005,,R-10,0.0,4.36,0.23602289635513535
Danville,,218332040,,P-1 (R-10),0.0,4.36,0.12691232799030375
Danville,,218332039,,P-1 (R-10),0.0,4.36,0.1241652910486604
Danville,,218332025,,P-1 (R-10),0.0,4.36,0.18615446429839014
Danville,,218332024,,P-1 (R-10),0.0,4.36,0.12885088713426449
Danville,,218332023,,P-1 (R-10),0.0,4.36,0.10428218103049468
Danville,,218263003,,R-10,0.0,4.36,0.23040192204496243
Danville,,218263004,,R-10,0.0,4.36,0.2311602751558109
Danville,,218262007,,R-10,0.0,4.36,0.23075702977299978
Danville,,218262008,,R-10,0.0,4.36,0.22281798604524153
Danville,,218262002,,R-10,0.0,4.36,0.2368607704236803
Danville,,218262003,,R-10,0.0,4.36,0.2496377437733596
Danville,,218262005,,R-10,0.0,4.36,0.2438229480072747
Danville,,218264003,,R-10,0.0,4.36,0.22895162190497212
Danville,,218264002,,R-10,0.0,4.36,0.22844157046693622
Danville,,218262006,,R-10,0.0,4.36,0.2393331934747232
Danville,,218264001,,R-10,0.0,4.36,0.23213255278230038
Danville,,218323006,,P-1 (R-10),0.0,4.36,0.10217470219336199
Danville,,218323007,,P-1 (R-10),0.0,4.36,0.10008050750513389
Danville,,218323008,,P-1 (R-10),0.0,4.36,0.1343948471132081
Danville,,218323009,,P-1 (R-10),0.0,4.36,0.10888323433310725
Danville,,218323010,,P-1 (R-10),0.0,4.36,0.12597283093431613
Danville,,218323025,,P-1 (R-10),0.0,4.36,0.1133294094655209
Danville,,218323024,,P-1 (R-10),0.0,4.36,0.12991430377390473
Danville,,218323011,,P-1 (R-10),0.0,4.36,0.1396271388838158
Danville,,218323012,,P-1 (R-10),0.0,4.36,0.17244316619336886
Danville,,218264004,,R-10,0.0,4.36,0.26117745343907095
Danville,,218323013,,P-1 (R-10),0.0,4.36,0.13673563976319197
Danville,,218323014,,P-1 (R-10),0.0,4.36,0.18617084630562195
Danville,,218323016,,P-1 (R-10),0.0,4.36,0.11196390166667852
Danville,,218323017,,P-1 (R-10),0.0,4.36,0.13007976260625562
Danville,,218323018,,P-1 (R-10),0.0,4.36,0.17446477895910678
Danville,,218323023,,P-1 (R-10),0.0,4.36,0.12592339264956873
Danville,,218323020,,P-1 (R-10),0.0,4.36,0.11341569593788119
Danville,,218323021,,P-1 (R-10),0.0,4.36,0.12505614227221015
Danville,,218323022,,P-1 (R-10),0.0,4.36,0.14792133112393005
Danville,,218323019,,P-1 (R-10),0.0,4.36,0.11193569117074299
Danville,,218264010,,R-10,0.0,4.36,0.5562650199353466
Danville,,218264011,,R-10,0.0,4.36,0.3228788097873561
Danville,,218323015,,P-1 (R-10),0.0,4.36,0.14480053845500646
Danville,,218264005,,R-10,0.0,4.36,0.30330841956404847
Danville,,218264009,,R-10,0.0,4.36,0.2573869763541083
Danville,,218264012,,R-10,0.0,4.36,0.27663971491584305
Danville,,218264013,,R-10,0.0,4.36,0.25008737216420546
Danville,,218261002,,R-10,0.0,4.36,0.23020523558537062
Danville,,218261003,,R-10,0.0,4.36,0.2522862687735951
Danville,,218261004,,R-10,0.0,4.36,0.228548980568497
Danville,,218264007,,R-10,0.0,4.36,0.27646707967308815
Danville,,218264008,,R-10,0.0,4.36,0.3027275212798769
Danville,,218264006,,R-10,0.0,4.36,0.28305729170118754
Danville,,218261020,,R-10,0.0,4.36,0.23007367196978984
Danville,,218262004,,R-10,0.0,4.36,0.23382247510634535
Danville,,218261021,,R-10,0.0,4.36,0.2300434875282261
Danville,,218261022,,R-10,0.0,4.36,0.2268868865112569
Danville,,218261019,,R-10,0.0,4.36,0.23313061329625595
Danville,,218261014,,R-10,0.0,4.36,0.22749771290378884
Danville,,218261018,,R-10,0.0,4.36,0.24438822593573095
Danville,,218261015,,R-10,0.0,4.36,0.32703457248707285
Danville,,218261013,,R-10,0.0,4.36,0.23174143733642596
Danville,,218261006,,R-10,0.0,4.36,0.23315010148000206
Danville,,218261005,,R-10,0.0,4.36,0.23197371323886048
Danville,,218253005,,R-10,0.0,4.36,0.28588132835437285
Danville,,218253006,,R-10,0.0,4.36,0.270887861610657
Danville,,218253004,,R-10,0.0,4.36,0.2222273404062724
Danville,,218253003,,R-10,0.0,4.36,0.22940328943131447
Danville,,218261007,,R-10,0.0,4.36,0.23153529451818197
Danville,,218261008,,R-10,0.0,4.36,0.21439546523139338
Danville,,218261009,,R-10,0.0,4.36,0.2787294936472024
Danville,,218253002,,R-10,0.0,4.36,0.2299811786941627
Danville,,218253001,,R-10,0.0,4.36,0.2457797565163688
Danville,,218281019,,R-10,0.0,4.36,0.25104328122156894
Danville,,218252007,,R-10,0.0,4.36,0.2588381172631788
Danville,,218252008,,R-10,0.0,4.36,0.26194994648890313
Danville,,218252001,,R-10,0.0,4.36,0.28201605386219003
Danville,,218253011,,R-10,0.0,4.36,0.2832213925436189
Danville,,218251024,,R-10,0.0,4.36,0.4082270125384876
Danville,,218253010,,R-10,0.0,4.36,0.2497105855177443
Danville,,218253009,,R-10,0.0,4.36,0.24776568201163715
Danville,,218253008,,R-10,0.0,4.36,0.23938914936804606
Danville,,218253007,,R-10,0.0,4.36,0.2946077051130354
Danville,,218251001,,R-10,0.0,4.36,0.2282442039088346
Danville,,218251026,,R-10,0.0,4.36,0.22972278422208
Danville,,218251025,,R-10,0.0,4.36,0.23430167707338348
Danville,,218251014,,R-10,0.0,4.36,0.23269854316036775
Danville,,218251013,,R-10,0.0,4.36,0.25140808680474463
Danville,,218251012,,R-10,0.0,4.36,0.2833707222850732
Danville,,218251011,,R-10,0.0,4.36,0.28186349474952305
Danville,,218251009,,R-10,0.0,4.36,0.38583051445814426
Danville,,218251008,,R-10,0.0,4.36,0.28335774644245715
Danville,,218251007,,R-10,0.0,4.36,0.16375228457384225
Danville,,218251027,,R-10,0.0,4.36,0.26686037196758616
Danville,,218251002,,R-10,0.0,4.36,0.2827285491529567
Danville,,218251005,,R-10,0.0,4.36,0.24448219801204843
Danville,,218251029,,R-10,0.0,4.36,0.31624574752765156
Danville,,218261001,,R-10,0.0,4.36,0.2500893633519751
Danville,,218251006,,R-10,0.0,4.36,0.2886363115483768
Danville,,218430006,,R-10,0.0,4.36,0.2428766854811723
Danville,,218430007,,R-10,0.0,4.36,0.22931484145918254
Danville,,218430008,,R-10,0.0,4.36,0.2268571106326974
Danville,,218430017,,R-10,0.0,4.36,0.25775231276820904
Danville,,218430016,,R-10,0.0,4.36,0.329977875337151
Danville,,218430015,,R-10,0.0,4.36,0.30755520945837295
Danville,,218430014,,R-10,0.0,4.36,0.23725405107522496
Danville,,218430018,,R-10,0.0,4.36,0.29691153651647917
Danville,,218430013,,R-10,0.0,4.36,0.23352819371387618
Danville,,218430011,,R-10,0.0,4.36,0.25184933825344763
Danville,,218430010,,R-10,0.0,4.36,0.24138047831420434
Danville,,218430009,,R-10,0.0,4.36,0.23069307797262026
Danville,,218251010,,R-10,0.0,4.36,0.2611708695428493
Danville,,208551061,,P-1 (R-6),0.0,7.26,0.657992409807432
Danville,,208551039,,P-1 (R-6),0.0,7.26,0.21386752502718948
Danville,,208551040,,P-1 (R-6),0.0,7.26,0.20449186244066883
Danville,,208551041,,P-1 (R-6),0.0,7.26,0.06627687541830474
Danville,,208551042,,P-1 (R-6),0.0,7.26,0.07343402024535749
Danville,,208551043,,P-1 (R-6),0.0,7.26,0.07544393860511033
Danville,,208551044,,P-1 (R-6),0.0,7.26,0.07117850970929385
Danville,,208551035,,P-1 (R-6),0.0,7.26,0.0622773148227596
Danville,,208551036,,P-1 (R-6),0.0,7.26,0.14705171449788412
Danville,,208551037,,P-1 (R-6),0.0,7.26,0.1530168790835353
Danville,,208551021,,P-1 (R-6),0.0,7.26,0.18175116341200154
Danville,,208551059,,P-1 (R-6),0.0,7.26,0.7473945633529769
Danville,,208551038,,P-1 (R-6),0.0,7.26,0.18982749812406413
Danville,,208551060,,P-1 (R-6),0.0,7.26,0.8083866531913865
Danville,,218251XXX,,P-1,0.0,35.0,4.85210459108553
Danville,,218430012,,R-10,0.0,4.36,0.2305867293625922
Danville,,208551020,,P-1 (R-6),0.0,7.26,0.19519238223013696
Danville,,208551019,,P-1 (R-6),0.0,7.26,0.19621483587919744
Danville,,208551058,,P-1 (R-6),0.0,7.26,0.8612453280785323
Danville,,218850006,,P-1,0.0,35.0,0.0760073381993019
Danville,,218850010,,P-1,0.0,35.0,0.07427232014556316
Danville,,218850009,,P-1,0.0,35.0,0.07135888066372331
Danville,,218781025,,P-1 (R-10),0.0,4.36,0.14483608373705156
Danville,,218850014,,P-1,0.0,35.0,0.09506439178044396
Danville,,218850012,,P-1,0.0,35.0,0.07177816355344419
Danville,,218850013,,P-1,0.0,35.0,0.06653264272647905
Danville,,218850011,,P-1,0.0,35.0,0.08767698901982494
Danville,,218430027,,P-1,0.0,35.0,4.42
Danville,,218321001,,P-1 (R-10),0.0,4.36,0.3093403414608977
Danville,,218781024,,P-1 (R-10),0.0,4.36,0.14269395938486273
Danville,,218311001,,P-1 (R-10),0.0,4.36,0.4799500402842949
Danville,,218322002,,P-1 (R-10),0.0,4.36,0.1397629119579799
Danville,,218322001,,P-1 (R-10),0.0,4.36,0.12146643818995569
Danville,,218321006,,P-1 (R-10),0.0,4.36,0.16908640595746918
Danville,,218321004,,P-1 (R-10),0.0,4.36,0.18659070466204447
Danville,,218321005,,P-1 (R-10),0.0,4.36,0.15096436751924805
Danville,,218323053,,P-1 (R-10),0.0,4.36,0.17316602395930422
Danville,,218323054,,P-1 (R-10),0.0,4.36,0.12460053001464484
Danville,,218323055,,P-1 (R-10),0.0,4.36,0.11112367965739822
Danville,,218323056,,P-1 (R-10),0.0,4.36,0.1172228755782569
Danville,,218323059,,P-1 (R-10),0.0,4.36,0.16290991154235637
Danville,,218323060,,P-1 (R-10),0.0,4.36,0.11324354892090496
Danville,,218323061,,P-1 (R-10),0.0,4.36,0.12560532569914412
Danville,,218323062,,P-1 (R-10),0.0,4.36,0.15227347612137726
Danville,,218321003,,P-1 (R-10),0.0,4.36,0.2190573868432823
Danville,,218321002,,P-1 (R-10),0.0,4.36,0.22451209195336802
Danville,,218430024,,R-10,0.0,4.36,0.25159858256511186
Danville,,218430023,,R-10,0.0,4.36,0.2932365333365146
Danville,,218430022,,R-10,0.0,4.36,0.2622599668767302
Danville,,218323058,,P-1 (R-10),0.0,4.36,0.1521517698998702
Danville,,218323057,,P-1 (R-10),0.0,4.36,0.11485554228208564
Danville,,218323045,,P-1 (R-10),0.0,4.36,0.0935347093291717
Danville,,218323044,,P-1 (R-10),0.0,4.36,0.1575685042867944
Danville,,218323043,,P-1 (R-10),0.0,4.36,0.13289286240929907
Danville,,218430021,,R-10,0.0,4.36,0.23632104037202953
Danville,,218430020,,R-10,0.0,4.36,0.2610602869239514
Danville,,218430019,,R-10,0.0,4.36,0.30662190899342673
Danville,,218323064,,P-1 (R-10),0.0,4.36,0.13527083925767816
Danville,,218323063,,P-1 (R-10),0.0,4.36,1.366462608187683
Danville,,218323046,,P-1 (R-10),0.0,4.36,0.12491860482965828
Danville,,218323047,,P-1 (R-10),0.0,4.36,0.12350292166172408
Danville,,218323040,,P-1 (R-10),0.0,4.36,0.151863232291254
Danville,,218323041,,P-1 (R-10),0.0,4.36,0.1335229247265111
Danville,,218323042,,P-1 (R-10),0.0,4.36,0.14771134889116228
Danville,,218323026,,P-1 (R-10),0.0,4.36,0.11432575407587979
Danville,,218323027,,P-1 (R-10),0.0,4.36,0.12354156394508134
Danville,,218323029,,P-1 (R-10),0.0,4.36,0.10019528054407262
Danville,,218323028,,P-1 (R-10),0.0,4.36,0.10071909809704672
Danville,,218323032,,P-1 (R-10),0.0,4.36,0.1046641585279592
Danville,,218323030,,P-1 (R-10),0.0,4.36,0.1007548211963909
Danville,,218323031,,P-1 (R-10),0.0,4.36,0.1320743923068522
Danville,,218323033,,P-1 (R-10),0.0,4.36,0.09725224183288932
Danville,,218323035,,P-1 (R-10),0.0,4.36,0.11730877576602539
Danville,,218323036,,P-1 (R-10),0.0,4.36,0.10591496857370997
Danville,,218323037,,P-1 (R-10),0.0,4.36,0.11014731004534434
Danville,,218323038,,P-1 (R-10),0.0,4.36,0.11411366006281591
Danville,,218323039,,P-1 (R-10),0.0,4.36,0.10639373641667614
Danville,,218323050,,P-1 (R-10),0.0,4.36,0.10629828976949876
Danville,,218323048,,P-1 (R-10),0.0,4.36,0.0972718293209948
Danville,,218323049,,P-1 (R-10),0.0,4.36,0.11018866426108881
Danville,,218323051,,P-1 (R-10),0.0,4.36,0.09971265456890922
Danville,,218323052,,P-1 (R-10),0.0,4.36,0.13045069239563678
Danville,,218322007,,P-1 (R-10),0.0,4.36,0.11425120024463473
Danville,,218322006,,P-1 (R-10),0.0,4.36,0.1123053971055544
Danville,,218322005,,P-1 (R-10),0.0,4.36,0.11261466523974317
Danville,,218322004,,P-1 (R-10),0.0,4.36,0.1127252995504624
Danville,,218322003,,P-1 (R-10),0.0,4.36,0.11391159087341461
Danville,,218312015,,P-1 (R-10),0.0,4.36,0.19849819006221034
Danville,,218312014,,P-1 (R-10),0.0,4.36,0.21205869301030136
Danville,,218312012,,P-1 (R-10),0.0,4.36,0.21871965902963822
Danville,,218312011,,P-1 (R-10),0.0,4.36,0.2027085658933758
Danville,,218322008,,P-1 (R-10),0.0,4.36,0.14289153186248663
Danville,,218312010,,P-1 (R-10),0.0,4.36,0.2894899200307242
Danville,,218312005,,P-1 (R-10),0.0,4.36,0.23988670274736631
Danville,,218312004,,P-1 (R-10),0.0,4.36,0.31128660183368606
Danville,,218322013,,P-1 (R-10),0.0,4.36,0.11747786006006349
Danville,,218322012,,P-1 (R-10),0.0,4.36,0.1111663796640215
Danville,,218322011,,P-1 (R-10),0.0,4.36,0.11490216524561252
Danville,,218322010,,P-1 (R-10),0.0,4.36,0.11179435023123616
Danville,,218322009,,P-1 (R-10),0.0,4.36,0.112941105442298
Danville,,218323034,,P-1 (R-10),0.0,4.36,0.11111141660167889
Danville,,218323001,,P-1 (R-10),0.0,4.36,0.11970219683413988
Danville,,218323002,,P-1 (R-10),0.0,4.36,0.09217211753666509
Danville,,218323003,,P-1 (R-10),0.0,4.36,0.10030165783876167
Danville,,218323004,,P-1 (R-10),0.0,4.36,0.14030922211379132
Danville,,218323005,,P-1 (R-10),0.0,4.36,0.13198935263000544
Danville,,218333006,,P-1 (R-10),0.0,4.36,0.1209553380091901
Danville,,218322015,,P-1 (R-10),0.0,4.36,0.16372260361892466
Danville,,218331002,,P-1 (R-10),0.0,4.36,0.12440421870368212
Danville,,218331003,,P-1 (R-10),0.0,4.36,0.1275807633823865
Danville,,218331001,,P-1 (R-10),0.0,4.36,0.13936099407078772
Danville,,218322014,,P-1 (R-10),0.0,4.36,0.1405162866213299
Danville,,218312002,,P-1 (R-10),0.0,4.36,0.19380245294013956
Danville,,218312001,,P-1 (R-10),0.0,4.36,0.2128575059224477
Danville,,218331004,,P-1 (R-10),0.0,4.36,0.11183658490223658
Danville,,218331005,,P-1 (R-10),0.0,4.36,0.13609967496695358
Danville,,218311015,,P-1 (R-10),0.0,4.36,0.29274585234939254
Danville,,218311014,,P-1 (R-10),0.0,4.36,0.2741113764823284
Danville,,218311013,,P-1 (R-10),0.0,4.36,0.26688565626149435
Danville,,218311012,,P-1 (R-10),0.0,4.36,0.26820341659273506
Danville,,218311011,,P-1 (R-10),0.0,4.36,0.26876941385897096
Danville,,218311010,,P-1 (R-10),0.0,4.36,0.38284101593152586
Danville,,218311008,,P-1 (R-10),0.0,4.36,0.5706561761383937
Danville,,218312008,,P-1 (R-10),0.0,4.36,0.20780976991253203
Danville,,218312007,,P-1 (R-10),0.0,4.36,0.22831540819346757
Danville,,218312003,,P-1 (R-10),0.0,4.36,0.19387004222741733
Danville,,218312006,,P-1 (R-10),0.0,4.36,0.1931500294584851
Danville,,218312009,,P-1 (R-10),0.0,4.36,0.19693090513297612
Danville,,218311007,,P-1 (R-10),0.0,4.36,0.44131515789923914
Danville,,218312013,,P-1 (R-10),0.0,4.36,0.20609161865672135
Danville,,218311005,,P-1 (R-10),0.0,4.36,0.43836825461321866
Danville,,218311006,,P-1 (R-10),0.0,4.36,0.4439338999837629
Danville,,218340057,,P-1 (R-10),0.0,4.36,0.03780252711330778
Danville,,218340056,,P-1 (R-10),0.0,4.36,0.03801973732539219
Danville,,218340058,,P-1 (R-10),0.0,4.36,0.04042737460543749
Danville,,218340055,,P-1 (R-10),0.0,4.36,0.04321350106452573
Danville,,218340054,,P-1 (R-10),0.0,4.36,0.04210457830369968
Danville,,218340053,,P-1 (R-10),0.0,4.36,0.037877084833019325
Danville,,218340052,,P-1 (R-10),0.0,4.36,0.037751277794386355
Danville,,218311009,,P-1 (R-10),0.0,4.36,0.5672825772400065
Danville,,218340050,,P-1 (R-10),0.0,4.36,0.037466058419691646
Danville,,218340049,,P-1 (R-10),0.0,4.36,0.039163285763889444
Danville,,218340051,,P-1 (R-10),0.0,4.36,0.03762929204171063
Danville,,218340038,,P-1 (R-10),0.0,4.36,0.040426655161329046
Danville,,218340040,,P-1 (R-10),0.0,4.36,0.03937258021898942
Danville,,218340039,,P-1 (R-10),0.0,4.36,0.03932676707411811
Danville,,218340041,,P-1 (R-10),0.0,4.36,0.03983329643126785
Danville,,218340042,,P-1 (R-10),0.0,4.36,0.045626977678946946
Danville,,218340037,,P-1 (R-10),0.0,4.36,0.046654485837389154
Danville,,218340035,,P-1 (R-10),0.0,4.36,0.03787707089437469
Danville,,218340036,,P-1 (R-10),0.0,4.36,0.03736634571347224
Danville,,218340034,,P-1 (R-10),0.0,4.36,0.039456612558754156
Danville,,218340033,,P-1 (R-10),0.0,4.36,0.04082860012427554
Danville,,218340026,,P-1 (R-10),0.0,4.36,0.03949487803651167
Danville,,218340031,,P-1 (R-10),0.0,4.36,0.038513154253526714
Danville,,218340030,,P-1 (R-10),0.0,4.36,0.037364395196594964
Danville,,218340029,,P-1 (R-10),0.0,4.36,0.038437096004030114
Danville,,218340028,,P-1 (R-10),0.0,4.36,0.04029302434574122
Danville,,218340027,,P-1 (R-10),0.0,4.36,0.04852511757516893
Danville,,218340032,,P-1 (R-10),0.0,4.36,0.04346957040723782
Danville,,218340043,,P-1 (R-10),0.0,4.36,0.04219006211717595
Danville,,218340074,,P-1 (R-10),0.0,4.36,0.04009224459131567
Danville,,218340072,,P-1 (R-10),0.0,4.36,0.03967379472189293
Danville,,218340073,,P-1 (R-10),0.0,4.36,0.03982476354819376
Danville,,218340076,,P-1 (R-10),0.0,4.36,0.04558452187376143
Danville,,218340075,,P-1 (R-10),0.0,4.36,0.04023237328788891
Danville,,218340078,,P-1 (R-10),0.0,4.36,0.037717301047232185
Danville,,218340077,,P-1 (R-10),0.0,4.36,0.043451450969778045
Danville,,218340079,,P-1 (R-10),0.0,4.36,0.03891416913973573
Danville,,218340080,,P-1 (R-10),0.0,4.36,0.04111446333678787
Danville,,218340081,,P-1 (R-10),0.0,4.36,0.0398380121897132
Danville,,218340082,,P-1 (R-10),0.0,4.36,0.04251536656427267
Danville,,218340071,,P-1 (R-10),0.0,4.36,0.04568463846285623
Danville,,218781006,,P-1 (R-10),0.0,4.36,0.06939312551426298
Danville,,218781004,,P-1 (R-10),0.0,4.36,0.05891580584442567
Danville,,218781005,,P-1 (R-10),0.0,4.36,0.055147787855817476
Danville,,218781009,,P-1 (R-10),0.0,4.36,0.05533969483830662
Danville,,218781007,,P-1 (R-10),0.0,4.36,0.07380565130271992
Danville,,218781008,,P-1 (R-10),0.0,4.36,0.058452814268086524
Danville,,218781011,,P-1 (R-10),0.0,4.36,0.12230082707796233
Danville,,218781010,,P-1 (R-10),0.0,4.36,0.08483783213956017
Danville,,218340066,,P-1 (R-10),0.0,4.36,0.04000250947402257
Danville,,218340065,,P-1 (R-10),0.0,4.36,0.03793273748793785
Danville,,218340064,,P-1 (R-10),0.0,4.36,0.04045158889334091
Danville,,218340069,,P-1 (R-10),0.0,4.36,0.038405096034685664
Danville,,218340070,,P-1 (R-10),0.0,4.36,0.04457038738774978
Danville,,218340068,,P-1 (R-10),0.0,4.36,0.039054115325570196
Danville,,218340067,,P-1 (R-10),0.0,4.36,0.04333529870474405
Danville,,218340047,,P-1 (R-10),0.0,4.36,0.038463144050768984
Danville,,218340048,,P-1 (R-10),0.0,4.36,0.044782244289922286
Danville,,218340046,,P-1 (R-10),0.0,4.36,0.03682849161363063
Danville,,218340045,,P-1 (R-10),0.0,4.36,0.03907015965338931
Danville,,218340044,,P-1 (R-10),0.0,4.36,0.04194106024163152
Danville,,218340060,,P-1 (R-10),0.0,4.36,0.045805225222453005
Danville,,218340059,,P-1 (R-10),0.0,4.36,0.04094928219149698
Danville,,218340061,,P-1 (R-10),0.0,4.36,0.037478948042852844
Danville,,218340062,,P-1 (R-10),0.0,4.36,0.037646462006482556
Danville,,218781026,,P-1 (R-10),0.0,4.36,0.466
Danville,,218340063,,P-1 (R-10),0.0,4.36,0.038858424419862564
Danville,,218311017,,P-1 (R-10),0.0,4.36,0.469
Danville,,218311002,,P-1 (R-10),0.0,4.36,0.9718804337361128
Danville,,218781022,,P-1 (R-10),0.0,4.36,0.23388785299318518
Danville,,218781023,,P-1 (R-10),0.0,4.36,0.16608584673260926
Danville,,218781020,,P-1 (R-10),0.0,4.36,0.13224334664422374
Danville,,218781021,,P-1 (R-10),0.0,4.36,0.1829307526153571
Danville,,218781017,,P-1 (R-10),0.0,4.36,0.06355680963163779
Danville,,218781016,,P-1 (R-10),0.0,4.36,0.11873004400519527
Danville,,218311003,,P-1 (R-10),0.0,4.36,0.9132195224861385
Danville,,218781014,,P-1 (R-10),0.0,4.36,0.08035074255392353
Danville,,218781015,,P-1 (R-10),0.0,4.36,0.09416183960713649
Danville,,218781013,,P-1 (R-10),0.0,4.36,0.10292913134749877
Danville,,218782031,,P-1 (R-6),0.0,7.26,0.08293272459315469
Danville,,218782033,,P-1 (R-6),0.0,7.26,0.07210482806637378
Danville,,218782032,,P-1 (R-6),0.0,7.26,0.0888405064290362
Danville,,218782035,,P-1 (R-6),0.0,7.26,0.07222710378216086
Danville,,218782034,,P-1 (R-6),0.0,7.26,0.10093820776243977
Danville,,218781019,,P-1 (R-10),0.0,4.36,0.10220761722221668
Danville,,218782007,,P-1 (R-6),0.0,7.26,0.07401947803316834
Danville,,218782008,,P-1 (R-6),0.0,7.26,0.0738539237853362
Danville,,218782006,,P-1 (R-6),0.0,7.26,0.07517359884806842
Danville,,218782005,,P-1 (R-6),0.0,7.26,0.07581471729040015
Danville,,218782004,,P-1 (R-6),0.0,7.26,0.0715685707222166
Danville,,218781018,,P-1 (R-10),0.0,4.36,0.06391510249683063
Danville,,218782003,,P-1 (R-6),0.0,7.26,0.07427937427966823
Danville,,218782002,,P-1 (R-6),0.0,7.26,0.07456047154931615
Danville,,218782001,,P-1 (R-6),0.0,7.26,0.12151625987042719
Danville,,218850008,,P-1,0.0,35.0,0.09006967992446799
Danville,,218850015,,P-1,0.0,35.0,0.38826491178160055
Danville,,218850005,,P-1,0.0,35.0,0.0817366678445895
Danville,,218850004,,P-1,0.0,35.0,0.0790598489103487
Danville,,218850007,,P-1,0.0,35.0,0.06887723887802236
Danville,,218850003,,P-1,0.0,35.0,0.07298814631790151
Danville,,218850002,,P-1,0.0,35.0,0.06822510126818412
Danville,,218850001,,P-1,0.0,35.0,0.1146008002407827
Danville,,218782014,,P-1 (R-6),0.0,7.26,0.0842841719801423
Danville,,218782013,,P-1 (R-6),0.0,7.26,0.08246920539488355
Danville,,218782009,,P-1 (R-6),0.0,7.26,0.09519611890269424
Danville,,218782010,,P-1 (R-6),0.0,7.26,0.07949732448984813
Danville,,218782036,,P-1 (R-6),0.0,7.26,0.09569836827625967
Danville,,218782011,,P-1 (R-6),0.0,7.26,0.0828043224929902
Danville,,218782012,,P-1 (R-6),0.0,7.26,0.08073535925532954
Danville,,218782037,,P-1 (R-6),0.0,7.26,0.11575752974208668
Danville,,218782030,,P-1 (R-6),0.0,7.26,0.08441196795902682
Danville,,218782038,,P-1 (R-6),0.0,7.26,0.09951586642461249
Danville,,218782039,,P-1 (R-6),0.0,7.26,0.14073829694631895
Danville,,218782021,,P-1 (R-6),0.0,7.26,0.13038121181443832
Danville,,218782020,,P-1 (R-6),0.0,7.26,0.11268610078845616
Danville,,218782019,,P-1 (R-6),0.0,7.26,0.14550988913573462
Danville,,218782018,,P-1 (R-6),0.0,7.26,0.11613968852932595
Danville,,218782017,,P-1 (R-6),0.0,7.26,0.08571782244178645
Danville,,218782016,,P-1 (R-6),0.0,7.26,0.08600390642747704
Danville,,218782015,,P-1 (R-6),0.0,7.26,0.08318512209161154
Danville,,218760023,,P-1,0.0,35.0,0.034571616062452286
Danville,,218760022,,P-1,0.0,35.0,0.03555850644098881
Danville,,218760024,,P-1,0.0,35.0,0.03167820049101266
Danville,,218760025,,P-1,0.0,35.0,0.03523279724547648
Danville,,218760021,,P-1,0.0,35.0,0.04027847103150616
Danville,,218760017,,P-1,0.0,35.0,0.044119253812318036
Danville,,218760018,,P-1,0.0,35.0,0.042135020529815194
Danville,,218760019,,P-1,0.0,35.0,0.03877019550297185
Danville,,218760020,,P-1,0.0,35.0,0.03858895676670047
Danville,,218760015,,P-1,0.0,35.0,0.039574636712646015
Danville,,218760016,,P-1,0.0,35.0,0.0365521538180171
Danville,,218760014,,P-1,0.0,35.0,0.03884668886628485
Danville,,218760013,,P-1,0.0,35.0,0.03858352000625971
Danville,,218760012,,P-1,0.0,35.0,0.03597088470322073
Danville,,218760001,,P-1,0.0,35.0,0.034767862513605016
Danville,,218760002,,P-1,0.0,35.0,0.03745603072168796
Danville,,218782024,,P-1 (R-6),0.0,7.26,0.11447064296581277
Danville,,218782026,,P-1 (R-6),0.0,7.26,0.06432363399021206
Danville,,218782022,,P-1 (R-6),0.0,7.26,0.11074645473314292
Danville,,218782025,,P-1 (R-6),0.0,7.26,0.08481425893887072
Danville,,218782023,,P-1 (R-6),0.0,7.26,0.08645784752989641
Danville,,218782027,,P-1 (R-6),0.0,7.26,0.08467417455397663
Danville,,218782028,,P-1 (R-6),0.0,7.26,0.0828660627160701
Danville,,218782029,,P-1 (R-6),0.0,7.26,0.08110379091134674
Danville,,218781003,,P-1 (R-10),0.0,4.36,0.06847760154640786
Danville,,218781002,,P-1 (R-10),0.0,4.36,0.07071345909168181
Danville,,218781001,,P-1 (R-10),0.0,4.36,0.10543846141282975
Danville,,218340015,,P-1 (R-10),0.0,4.36,0.04424959650775665
Danville,,218340016,,P-1 (R-10),0.0,4.36,0.03763685909162959
Danville,,218340017,,P-1 (R-10),0.0,4.36,0.03776859870916661
Danville,,218340018,,P-1 (R-10),0.0,4.36,0.04463475639894403
Danville,,218340010,,P-1 (R-10),0.0,4.36,0.048025425478240666
Danville,,218340011,,P-1 (R-10),0.0,4.36,0.03888149031710627
Danville,,218340012,,P-1 (R-10),0.0,4.36,0.03920202589855841
Danville,,218340013,,P-1 (R-10),0.0,4.36,0.039363456011649534
Danville,,218340014,,P-1 (R-10),0.0,4.36,0.038629913100108555
Danville,,218340005,,P-1 (R-10),0.0,4.36,0.04771803264410354
Danville,,218340007,,P-1 (R-10),0.0,4.36,0.03781338032602921
Danville,,218340006,,P-1 (R-10),0.0,4.36,0.03847219581511424
Danville,,218340009,,P-1 (R-10),0.0,4.36,0.03966015298506553
Danville,,218340008,,P-1 (R-10),0.0,4.36,0.04106472890724723
Danville,,218340019,,P-1 (R-10),0.0,4.36,0.043608163097504704
Danville,,218340020,,P-1 (R-10),0.0,4.36,0.037856250925404566
Danville,,218340021,,P-1 (R-10),0.0,4.36,0.03659364350265523
Danville,,218340022,,P-1 (R-10),0.0,4.36,0.041617571188041005
Danville,,218340023,,P-1 (R-10),0.0,4.36,0.03961387657993791
Danville,,218340003,,P-1 (R-10),0.0,4.36,0.04047625989304322
Danville,,218340004,,P-1 (R-10),0.0,4.36,0.04279710721038127
Danville,,218340002,,P-1 (R-10),0.0,4.36,0.039680163625436145
Danville,,218340001,,P-1 (R-10),0.0,4.36,0.0440291926139016
Danville,,218340083,,P-1 (R-10),0.0,4.36,7.900372532078861
Danville,,218340024,,P-1 (R-10),0.0,4.36,0.039727797875950745
Danville,,218340025,,P-1 (R-10),0.0,4.36,0.03949453412445377
Danville,,218213004,,P-1 (R-10),0.0,4.36,0.2442674252847157
Danville,,218213003,,P-1 (R-10),0.0,4.36,0.21088699930025676
Danville,,218211002,,P-1 (R-10),0.0,4.36,0.2650117217710461
Danville,,218211003,,P-1 (R-10),0.0,4.36,0.23134970445212827
Danville,,218211004,,P-1 (R-10),0.0,4.36,0.23085643579311815
Danville,,218212008,,P-1 (R-10),0.0,4.36,0.24176314769828142
Danville,,218212007,,P-1 (R-10),0.0,4.36,0.22031870272079998
Danville,,218211006,,P-1 (R-10),0.0,4.36,0.23039330527003887
Danville,,218211005,,P-1 (R-10),0.0,4.36,0.23576132592623364
Danville,,218760005,,P-1,0.0,35.0,0.03989181027509735
Danville,,218760004,,P-1,0.0,35.0,0.03992650648361915
Danville,,218760039,,P-1,0.0,35.0,2.47
Danville,,218760003,,P-1,0.0,35.0,0.03972529865993433
Danville,,218760011,,P-1,0.0,35.0,0.04039949383975449
Danville,,218760006,,P-1,0.0,35.0,0.03224577783725897
Danville,,218760009,,P-1,0.0,35.0,0.040035594499063874
Danville,,218760010,,P-1,0.0,35.0,0.04493556512786644
Danville,,218760038,,P-1,0.0,35.0,0.03640260018646166
Danville,,218760008,,P-1,0.0,35.0,0.04190120915911044
Danville,,218760007,,P-1,0.0,35.0,0.028744422540187175
Danville,,218211007,,P-1 (R-10),0.0,4.36,0.22854295974373953
Danville,,218211008,,P-1 (R-10),0.0,4.36,0.2319251841709069
Danville,,218760036,,P-1,0.0,35.0,0.03729290000198454
Danville,,218760037,,P-1,0.0,35.0,0.03735942265584064
Danville,,218760035,,P-1,0.0,35.0,0.03914266131276344
Danville,,218760033,,P-1,0.0,35.0,0.038052995144721345
Danville,,218760034,,P-1,0.0,35.0,0.03878977252471896
Danville,,218760032,,P-1,0.0,35.0,0.03608713123512036
Danville,,218760031,,P-1,0.0,35.0,0.03667490004182412
Danville,,218760026,,P-1,0.0,35.0,0.046404339146969245
Danville,,218760029,,P-1,0.0,35.0,0.03712655858740311
Danville,,218760030,,P-1,0.0,35.0,0.04115005692983719
Danville,,218211010,,P-1 (R-10),0.0,4.36,0.23501242904684524
Danville,,218211009,,P-1 (R-10),0.0,4.36,0.22811966043528867
Danville,,218212004,,P-1 (R-10),0.0,4.36,0.2196198939012595
Danville,,218212003,,P-1 (R-10),0.0,4.36,0.21781481776983957
Danville,,218221004,,P-1 (R-10),0.0,4.36,0.2126598087417163
Danville,,218212005,,P-1 (R-10),0.0,4.36,0.220287963744544
Danville,,218212006,,P-1 (R-10),0.0,4.36,0.2196754629584233
Danville,,218221003,,P-1 (R-10),0.0,4.36,0.20789201355125106
Danville,,218221001,,P-1 (R-10),0.0,4.36,0.2602636797594644
Danville,,218221002,,P-1 (R-10),0.0,4.36,0.21201501718850113
Danville,,218221008,,P-1 (R-10),0.0,4.36,0.28169676471516014
Danville,,218221007,,P-1 (R-10),0.0,4.36,0.24034086039776165
Danville,,218221005,,P-1 (R-10),0.0,4.36,0.31813823547918274
Danville,,218221006,,P-1 (R-10),0.0,4.36,0.27036916885086243
Danville,,218221015,,P-1 (R-10),0.0,4.36,0.23990167792581096
Danville,,218221016,,P-1 (R-10),0.0,4.36,0.2899690847472511
Danville,,218221018,,P-1 (R-10),0.0,4.36,0.2763755789246721
Danville,,218221019,,P-1 (R-10),0.0,4.36,0.2714210252655986
Danville,,218221020,,P-1 (R-10),0.0,4.36,0.2713593179457494
Danville,,218221013,,P-1 (R-10),0.0,4.36,0.21618544612470988
Danville,,218221014,,P-1 (R-10),0.0,4.36,0.2738726736277371
Danville,,218232015,,P-1 (R-10),0.0,4.36,0.31623239838512374
Danville,,218221012,,P-1 (R-10),0.0,4.36,0.24420448227198654
Danville,,218221009,,P-1 (R-10),0.0,4.36,0.24671335578407685
Danville,,218221010,,P-1 (R-10),0.0,4.36,0.23905531714964753
Danville,,218221011,,P-1 (R-10),0.0,4.36,0.2315837612174123
Danville,,218222004,,P-1 (R-10),0.0,4.36,0.21614142678299017
Danville,,218222003,,P-1 (R-10),0.0,4.36,0.2339637068245308
Danville,,218222002,,P-1 (R-10),0.0,4.36,0.2772004861392558
Danville,,218222001,,P-1 (R-10),0.0,4.36,0.34283602005571656
Danville,,218201011,,P-1 (R-10),0.0,4.36,0.27816712522290965
Danville,,218201012,,P-1 (R-10),0.0,4.36,0.24659132207498882
Danville,,218201014,,P-1 (R-10),0.0,4.36,0.2352117733600425
Danville,,218201013,,P-1 (R-10),0.0,4.36,0.23337240363588413
Danville,,218201010,,P-1 (R-10),0.0,4.36,0.25227303709087423
Danville,,218201009,,P-1 (R-10),0.0,4.36,0.22965211937780605
Danville,,218201008,,P-1 (R-10),0.0,4.36,0.2197741735618571
Danville,,218201004,,P-1 (R-10),0.0,4.36,0.23683818413670715
Danville,,218201007,,P-1 (R-10),0.0,4.36,0.27889560034154093
Danville,,218201006,,P-1 (R-10),0.0,4.36,0.24564807009341014
Danville,,218222005,,P-1 (R-10),0.0,4.36,0.22262462897398114
Danville,,218222006,,P-1 (R-10),0.0,4.36,0.2683493003054554
Danville,,218213001,,P-1 (R-10),0.0,4.36,0.23457170071908726
Danville,,218213002,,P-1 (R-10),0.0,4.36,0.2234895138886876
Danville,,218201005,,P-1 (R-10),0.0,4.36,0.3145419492134191
Danville,,218201001,,P-1 (R-10),0.0,4.36,0.2571589318064869
Danville,,218190001,,P-1 (R-10),0.0,4.36,0.23883705221511736
Danville,,218190014,,P-1 (R-10),0.0,4.36,0.2211149813983092
Danville,,218190015,,P-1 (R-10),0.0,4.36,0.2129543615489706
Danville,,218201002,,P-1 (R-10),0.0,4.36,0.22721344542639513
Danville,,218201003,,P-1 (R-10),0.0,4.36,0.22149372945241766
Danville,,218202022,,P-1 (R-10),0.0,4.36,0.23869415974995284
Danville,,218190016,,P-1 (R-10),0.0,4.36,0.19967231543222616
Danville,,218190017,,P-1 (R-10),0.0,4.36,0.21204965897969233
Danville,,218202023,,P-1 (R-10),0.0,4.36,0.2327763229901796
Danville,,218202011,,P-1 (R-10),0.0,4.36,0.29109334493678857
Danville,,218202020,,P-1 (R-10),0.0,4.36,0.20594708453747362
Danville,,218202021,,P-1 (R-10),0.0,4.36,0.1895602800930133
Danville,,218202019,,P-1 (R-10),0.0,4.36,0.20448456285048233
Danville,,218202012,,P-1 (R-10),0.0,4.36,0.22151336050242887
Danville,,218202013,,P-1 (R-10),0.0,4.36,0.21826732061198953
Danville,,218202017,,P-1 (R-10),0.0,4.36,0.18441987573996124
Danville,,218202018,,P-1 (R-10),0.0,4.36,0.20627580453453886
Danville,,218202016,,P-1 (R-10),0.0,4.36,0.20482951705601302
Danville,,218202014,,P-1 (R-10),0.0,4.36,0.20116080501211575
Danville,,218202008,,P-1 (R-10),0.0,4.36,0.247786256493439
Danville,,218202009,,P-1 (R-10),0.0,4.36,0.2204588555636046
Danville,,218202010,,P-1 (R-10),0.0,4.36,0.23893638538052198
Danville,,218181023,,P-1 (R-10),0.0,4.36,0.005414009698430979
Danville,,218181015,,P-1 (R-10),0.0,4.36,0.23310974811036136
Danville,,218181014,,P-1 (R-10),0.0,4.36,0.22645153870247994
Danville,,218181003,,P-1 (R-10),0.0,4.36,0.24400284865973654
Danville,,218181013,,P-1 (R-10),0.0,4.36,0.2023763951932815
Danville,,218181012,,P-1 (R-10),0.0,4.36,0.20934553581525275
Danville,,218181011,,P-1 (R-10),0.0,4.36,0.30828587575552185
Danville,,218181010,,P-1 (R-10),0.0,4.36,0.28216556503554535
Danville,,218181019,,P-1 (R-10),0.0,4.36,0.2178169687904466
Danville,,218181017,,P-1 (R-10),0.0,4.36,0.22227800048548405
Danville,,218181018,,P-1 (R-10),0.0,4.36,0.22016276328118314
Danville,,218183007,,P-1 (R-10),0.0,4.36,0.23991285716230454
Danville,,218183006,,P-1 (R-10),0.0,4.36,0.20341582204942366
Danville,,218183008,,P-1 (R-10),0.0,4.36,0.23152610441207858
Danville,,218183009,,P-1 (R-10),0.0,4.36,0.23040619859908226
Danville,,218181024,,P-1 (R-10),0.0,4.36,0.21397171710297055
Danville,,218183010,,P-1 (R-10),0.0,4.36,0.23132622947680953
Danville,,218183001,,P-1 (R-10),0.0,4.36,0.20016123742835637
Danville,,218183011,,P-1 (R-10),0.0,4.36,0.23561214036616604
Danville,,218183003,,P-1 (R-10),0.0,4.36,0.2053245643119861
Danville,,218183002,,P-1 (R-10),0.0,4.36,0.18844624781127292
Danville,,218183004,,P-1 (R-10),0.0,4.36,0.2046238197089457
Danville,,218183005,,P-1 (R-10),0.0,4.36,0.20582664888682722
Danville,,218171005,,P-1 (R-10),0.0,4.36,0.21028729808544463
Danville,,218171004,,P-1 (R-10),0.0,4.36,0.209460402462901
Danville,,218171003,,P-1 (R-10),0.0,4.36,0.2105128872460423
Danville,,218171010,,P-1 (R-10),0.0,4.36,0.2073978395905377
Danville,,218171009,,P-1 (R-10),0.0,4.36,0.20683609122368465
Danville,,218171008,,P-1 (R-10),0.0,4.36,0.20805550856968646
Danville,,218172005,,P-1 (R-10),0.0,4.36,0.20961102491989073
Danville,,218172004,,P-1 (R-10),0.0,4.36,0.20690261908533084
Danville,,218172003,,P-1 (R-10),0.0,4.36,0.20722318790602193
Danville,,218171011,,P-1 (R-10),0.0,4.36,0.20507068476834883
Danville,,218171012,,P-1 (R-10),0.0,4.36,0.18113356643605955
Danville,,218171013,,P-1 (R-10),0.0,4.36,0.1921399425393146
Danville,,218171001,,P-1 (R-10),0.0,4.36,0.2039002572598783
Danville,,218171002,,P-1 (R-10),0.0,4.36,0.22285274136139885
Danville,,218190018,,P-1,0.0,35.0,4.25
Danville,,218190011,,P-1 (R-10),0.0,4.36,0.21719306253170806
Danville,,218190009,,P-1 (R-10),0.0,4.36,0.21236454925252257
Danville,,218190010,,P-1 (R-10),0.0,4.36,0.20255393177580655
Danville,,218190012,,P-1 (R-10),0.0,4.36,0.19537872533980033
Danville,,218190013,,P-1 (R-10),0.0,4.36,0.22739974492531204
Danville,,218190003,,P-1 (R-10),0.0,4.36,0.23172947653185322
Danville,,218190002,,P-1 (R-10),0.0,4.36,0.21821541409504108
Danville,,218190004,,P-1 (R-10),0.0,4.36,0.20324241486957928
Danville,,218190005,,P-1 (R-10),0.0,4.36,0.2242138893754967
Danville,,218190006,,P-1 (R-10),0.0,4.36,0.2265353231588614
Danville,,218190008,,P-1 (R-10),0.0,4.36,0.21104152545154223
Danville,,218190007,,P-1 (R-10),0.0,4.36,0.27656552552178515
Danville,,218174001,,P-1 (R-10),0.0,4.36,0.2247045744637938
Danville,,218173001,,P-1 (R-10),0.0,4.36,0.2157911147354443
Danville,,218173002,,P-1 (R-10),0.0,4.36,0.18057915100054833
Danville,,218172015,,P-1 (R-10),0.0,4.36,0.2163313058711399
Danville,,218172001,,P-1 (R-10),0.0,4.36,0.24906914382115433
Danville,,218172002,,P-1 (R-10),0.0,4.36,0.2182594007244219
Danville,,218172013,,P-1 (R-10),0.0,4.36,0.20521985621620512
Danville,,218172014,,P-1 (R-10),0.0,4.36,0.20537368241433074
Danville,,218172012,,P-1 (R-10),0.0,4.36,0.20507590911624388
Danville,,218172011,,P-1 (R-10),0.0,4.36,0.20572868021803126
Danville,,218172010,,P-1 (R-10),0.0,4.36,0.20670734955448783
Danville,,218173005,,P-1 (R-10),0.0,4.36,0.20422962934595468
Danville,,218173004,,P-1 (R-10),0.0,4.36,0.20436982749022445
Danville,,218173003,,P-1 (R-10),0.0,4.36,0.2037959050394362
Danville,,218173013,,P-1 (R-10),0.0,4.36,0.20825312562496714
Danville,,218173012,,P-1 (R-10),0.0,4.36,0.20856124557907885
Danville,,218174006,,P-1 (R-10),0.0,4.36,0.22984965775071195
Danville,,218174005,,P-1 (R-10),0.0,4.36,0.22744384500911896
Danville,,218173014,,P-1 (R-10),0.0,4.36,0.2094537499738015
Danville,,218173015,,P-1 (R-10),0.0,4.36,0.18470273020731195
Danville,,218173016,,P-1 (R-10),0.0,4.36,0.22112794235932542
Danville,,218174002,,P-1 (R-10),0.0,4.36,0.25954234004349086
Danville,,218174003,,P-1 (R-10),0.0,4.36,0.24180675976476715
Danville,,218140007,,P-1 (R-10),0.0,4.36,0.2840130578416879
Danville,,218140008,,P-1 (R-10),0.0,4.36,0.36689617990115475
Danville,,218174004,,P-1 (R-10),0.0,4.36,0.2312638991398728
Danville,,218140006,,P-1 (R-10),0.0,4.36,0.2242294705759772
Danville,,218140005,,P-1 (R-10),0.0,4.36,0.2279509769168417
Danville,,218140009,,P-1 (R-10),0.0,4.36,0.21990610065707966
Danville,,218140004,,P-1 (R-10),0.0,4.36,0.22929133246049363
Danville,,218140003,,P-1 (R-10),0.0,4.36,0.2294639083749702
Danville,,218140011,,R-10,0.0,4.36,9.4
Danville,,218140001,,P-1 (R-10),0.0,4.36,0.2463321269010714
Danville,,218174010,,P-1 (R-10),0.0,4.36,0.24465128518891732
Danville,,218174009,,P-1 (R-10),0.0,4.36,0.22675366168372424
Danville,,218140002,,P-1 (R-10),0.0,4.36,0.23117078836099283
Danville,,218174008,,P-1 (R-10),0.0,4.36,0.23130458486788458
Danville,,218174007,,P-1 (R-10),0.0,4.36,0.22903847448657458
Danville,,218173010,,P-1 (R-10),0.0,4.36,0.20961372540208195
Danville,,218173011,,P-1 (R-10),0.0,4.36,0.2103461941510566
Danville,,218173006,,P-1 (R-10),0.0,4.36,0.20567820575973533
Danville,,218173007,,P-1 (R-10),0.0,4.36,0.20520404098212963
Danville,,218173008,,P-1 (R-10),0.0,4.36,0.2065387903337625
Danville,,218173009,,P-1 (R-10),0.0,4.36,0.21016639499508244
Danville,,218175005,,P-1 (R-10),0.0,4.36,0.20236380840365376
Danville,,218175006,,P-1 (R-10),0.0,4.36,0.20794900339107683
Danville,,218175007,,P-1 (R-10),0.0,4.36,0.19581228348769847
Danville,,218175004,,P-1 (R-10),0.0,4.36,0.250008765605725
Danville,,218175001,,P-1 (R-10),0.0,4.36,0.24640535057636592
Danville,,218175002,,P-1 (R-10),0.0,4.36,0.226674450892912
Danville,,218175003,,P-1 (R-10),0.0,4.36,0.32582433116307297
Danville,,218151007,,P-1 (R-10),0.0,4.36,0.2543215451112133
Danville,,218151011,,P-1,0.0,35.0,4.83
Danville,,218151006,,P-1 (R-10),0.0,4.36,0.2564964393539836
Danville,,218151009,,P-1 (R-10),0.0,4.36,0.2666256862100156
Danville,,218151008,,P-1 (R-10),0.0,4.36,0.247927578056365
Danville,,218293001,,P-1 (R-10),0.0,4.36,0.21186503628862474
Danville,,218176002,,P-1 (R-10),0.0,4.36,0.2139267520553638
Danville,,218176001,,P-1 (R-10),0.0,4.36,0.2765545740788237
Danville,,218176009,,P-1 (R-10),0.0,4.36,0.20264147749370764
Danville,,218176010,,P-1 (R-10),0.0,4.36,0.21606891542264114
Danville,,218177002,,P-1 (R-10),0.0,4.36,0.20082178787825547
Danville,,218177003,,P-1 (R-10),0.0,4.36,0.198989464289263
Danville,,218176007,,P-1 (R-10),0.0,4.36,0.1992030188057138
Danville,,218176008,,P-1 (R-10),0.0,4.36,0.20276236172435577
Danville,,218176003,,P-1 (R-10),0.0,4.36,0.1950878201059701
Danville,,218175008,,P-1 (R-10),0.0,4.36,0.2218817814244914
Danville,,218175009,,P-1 (R-10),0.0,4.36,0.22138952415341795
Danville,,218176004,,P-1 (R-10),0.0,4.36,0.19662523458097828
Danville,,218176005,,P-1 (R-10),0.0,4.36,0.20564702536441684
Danville,,218176006,,P-1 (R-10),0.0,4.36,0.2076020443085934
Danville,,218172008,,P-1 (R-10),0.0,4.36,0.20588587928211355
Danville,,218172009,,P-1 (R-10),0.0,4.36,0.20472549280589283
Danville,,218172006,,P-1 (R-10),0.0,4.36,0.20787079154903454
Danville,,218172007,,P-1 (R-10),0.0,4.36,0.20954191694986524
Danville,,218171007,,P-1 (R-10),0.0,4.36,0.20520140622093422
Danville,,218171006,,P-1 (R-10),0.0,4.36,0.20758367337572126
Danville,,218177006,,P-1 (R-10),0.0,4.36,0.22002715751874402
Danville,,218177005,,P-1 (R-10),0.0,4.36,0.21898650707950582
Danville,,218177004,,P-1 (R-10),0.0,4.36,0.19945424502365447
Danville,,218177007,,P-1 (R-10),0.0,4.36,0.19989729177137117
Danville,,218177008,,P-1 (R-10),0.0,4.36,0.19937131192908203
Danville,,218177009,,P-1 (R-10),0.0,4.36,0.20155165899739688
Danville,,218182009,,P-1 (R-10),0.0,4.36,0.20169222193079228
Danville,,218182004,,P-1 (R-10),0.0,4.36,0.23275115445295888
Danville,,218182005,,P-1 (R-10),0.0,4.36,0.21967498245174039
Danville,,218182008,,P-1 (R-10),0.0,4.36,0.1979278814606123
Danville,,218182007,,P-1 (R-10),0.0,4.36,0.20131278128838917
Danville,,218182006,,P-1 (R-10),0.0,4.36,0.24387327113217686
Danville,,218182002,,P-1 (R-10),0.0,4.36,0.27527272185622664
Danville,,218182003,,P-1 (R-10),0.0,4.36,0.26387467294290917
Danville,,218182011,,P-1 (R-10),0.0,4.36,0.23995024319695699
Danville,,218182010,,P-1 (R-10),0.0,4.36,0.19984369644524622
Danville,,218177010,,P-1 (R-10),0.0,4.36,0.19657797452355352
Danville,,218182012,,P-1 (R-10),0.0,4.36,0.31108701230381963
Danville,,218182001,,P-1 (R-10),0.0,4.36,0.29181481299066697
Danville,,218304002,,P-1 (R-10),0.0,4.36,0.18640320452260592
Danville,,218304001,,P-1 (R-10),0.0,4.36,0.2286274266642973
Danville,,218295041,,P-1 (R-10),0.0,4.36,0.24581902232033323
Danville,,218291001,,P-1 (R-10),0.0,4.36,0.19278843973239182
Danville,,218291002,,P-1 (R-10),0.0,4.36,0.21219281095297257
Danville,,218291003,,P-1 (R-10),0.0,4.36,0.242007173539641
Danville,,218292002,,P-1 (R-10),0.0,4.36,0.24339033789233758
Danville,,218291004,,P-1 (R-10),0.0,4.36,0.20502839545136484
Danville,,218177001,,P-1 (R-10),0.0,4.36,0.19685241979380125
Danville,,218292001,,P-1 (R-10),0.0,4.36,0.278882284446955
Danville,,218292006,,P-1 (R-10),0.0,4.36,0.25009207001917394
Danville,,218292007,,P-1 (R-10),0.0,4.36,0.23129253862771104
Danville,,218293003,,P-1 (R-10),0.0,4.36,0.22266454930119314
Danville,,218293002,,P-1 (R-10),0.0,4.36,0.2186570761741943
Danville,,218292004,,P-1 (R-10),0.0,4.36,0.20335225750604097
Danville,,218292005,,P-1 (R-10),0.0,4.36,0.22704573195666888
Danville,,218292003,,P-1 (R-10),0.0,4.36,0.2511546401153879
Danville,,218295013,,P-1 (R-10),0.0,4.36,0.21269107637913698
Danville,,218293007,,P-1 (R-10),0.0,4.36,0.25189100440955714
Danville,,218295012,,P-1 (R-10),0.0,4.36,0.20205168427656048
Danville,,218295014,,P-1 (R-10),0.0,4.36,0.24675426274146864
Danville,,218295011,,P-1 (R-10),0.0,4.36,0.21243358466929446
Danville,,218295016,,P-1 (R-10),0.0,4.36,0.21354786818100102
Danville,,218295015,,P-1 (R-10),0.0,4.36,0.23096940621665585
Danville,,218295021,,P-1 (R-10),0.0,4.36,0.26046294854780205
Danville,,218295022,,P-1 (R-10),0.0,4.36,0.20753905775949671
Danville,,218295023,,P-1 (R-10),0.0,4.36,0.21955612508069855
Danville,,218295024,,P-1 (R-10),0.0,4.36,0.18271465973932888
Danville,,218295025,,P-1 (R-10),0.0,4.36,0.19722182161809468
Danville,,218295026,,P-1 (R-10),0.0,4.36,0.2596430934391394
Danville,,218295027,,P-1 (R-10),0.0,4.36,0.2343997175409928
Danville,,218295039,,P-1 (R-10),0.0,4.36,0.20171073796308503
Danville,,218295040,,P-1 (R-10),0.0,4.36,0.20387516694851512
Danville,,218304003,,P-1 (R-10),0.0,4.36,0.19927943131849013
Danville,,218304035,,P-1 (R-10),0.0,4.36,0.1997664710675232
Danville,,218295037,,P-1 (R-10),0.0,4.36,0.22386429765908517
Danville,,218295038,,P-1 (R-10),0.0,4.36,0.20103338665227968
Danville,,218295036,,P-1 (R-10),0.0,4.36,0.1858618608343828
Danville,,218295035,,P-1 (R-10),0.0,4.36,0.19223608662333788
Danville,,218295030,,P-1 (R-10),0.0,4.36,0.22074163916808004
Danville,,218295028,,P-1 (R-10),0.0,4.36,0.22197040500975052
Danville,,218295020,,P-1 (R-10),0.0,4.36,0.2391609783157956
Danville,,218295029,,P-1 (R-10),0.0,4.36,0.22973716532515967
Danville,,218295019,,P-1 (R-10),0.0,4.36,0.21038849626722786
Danville,,218295017,,P-1 (R-10),0.0,4.36,0.2891823758864124
Danville,,218295018,,P-1 (R-10),0.0,4.36,0.25280579658887864
Danville,,218295031,,P-1 (R-10),0.0,4.36,0.2388324122318587
Danville,,218295004,,P-1 (R-10),0.0,4.36,0.19022349501969918
Danville,,218295005,,P-1 (R-10),0.0,4.36,0.1816700474650472
Danville,,218295003,,P-1 (R-10),0.0,4.36,0.1979435565524265
Danville,,218295032,,P-1 (R-10),0.0,4.36,0.21662542656459643
Danville,,218295001,,P-1 (R-10),0.0,4.36,0.192648485507783
Danville,,218295002,,P-1 (R-10),0.0,4.36,0.1835323337347373
Danville,,218294008,,P-1 (R-10),0.0,4.36,0.21715566807520983
Danville,,218294009,,P-1 (R-10),0.0,4.36,0.21592001121108323
Danville,,218442006,,R-10,0.0,4.36,0.3569845086982413
Danville,,218442007,,R-10,0.0,4.36,0.34210869744971467
Danville,,218451005,,R-10,0.0,4.36,0.2829009354137624
Danville,,218294007,,P-1 (R-10),0.0,4.36,0.1952587685120014
Danville,,218294006,,P-1 (R-10),0.0,4.36,0.19499939758704746
Danville,,218451006,,R-10,0.0,4.36,0.29261687429895744
Danville,,218294004,,P-1 (R-10),0.0,4.36,0.20201463219195046
Danville,,218294005,,P-1 (R-10),0.0,4.36,0.19657304688284044
Danville,,218295006,,P-1 (R-10),0.0,4.36,0.20075628856240946
Danville,,218295007,,P-1 (R-10),0.0,4.36,0.1936355586128406
Danville,,218295008,,P-1 (R-10),0.0,4.36,0.21983451661430578
Danville,,218294001,,P-1 (R-10),0.0,4.36,0.20676645350018802
Danville,,218294002,,P-1 (R-10),0.0,4.36,0.20262872358435025
Danville,,218294003,,P-1 (R-10),0.0,4.36,0.1963412658364392
Danville,,218451019,,R-10,0.0,4.36,0.28253329232616214
Danville,,218451020,,R-10,0.0,4.36,0.26084017111276203
Danville,,218451021,,R-10,0.0,4.36,0.31519290542101097
Danville,,218121001,,P-1 (R-10),0.0,4.36,0.21318276233320607
Danville,,218121002,,P-1 (R-10),0.0,4.36,0.21071736505494243
Danville,,218153001,,P-1 (R-10),0.0,4.36,0.22477098888486263
Danville,,218152013,,P-1 (R-10),0.0,4.36,0.22221947686593632
Danville,,218151017,,P-1 (R-10),0.0,4.36,0.22479268960877846
Danville,,218151018,,P-1 (R-10),0.0,4.36,0.24565502165517436
Danville,,218293010,,P-1 (R-10),0.0,4.36,0.20210897217166748
Danville,,218293011,,P-1 (R-10),0.0,4.36,0.21554220462055296
Danville,,218295009,,P-1 (R-10),0.0,4.36,0.1930502954943214
Danville,,218295010,,P-1 (R-10),0.0,4.36,0.1974057878165102
Danville,,218293008,,P-1 (R-10),0.0,4.36,0.2524481764708437
Danville,,218293009,,P-1 (R-10),0.0,4.36,0.21815477313597126
Danville,,218151016,,P-1 (R-10),0.0,4.36,0.22375339876899197
Danville,,218152014,,P-1 (R-10),0.0,4.36,0.2006814455207798
Danville,,218151015,,P-1 (R-10),0.0,4.36,0.21455598433242914
Danville,,218151014,,P-1 (R-10),0.0,4.36,0.20466524061006286
Danville,,218293006,,P-1 (R-10),0.0,4.36,0.24438729581085403
Danville,,218293005,,P-1 (R-10),0.0,4.36,0.2326155813980192
Danville,,218151013,,P-1 (R-10),0.0,4.36,0.21073223828577786
Danville,,218293004,,P-1 (R-10),0.0,4.36,0.25034413556458646
Danville,,218151012,,P-1 (R-10),0.0,4.36,0.25808450741970224
Danville,,218152020,,P-1 (R-10),0.0,4.36,0.23695430413962565
Danville,,218152019,,P-1 (R-10),0.0,4.36,0.22146462985026663
Danville,,218152018,,P-1 (R-10),0.0,4.36,0.2301107282217504
Danville,,218152015,,P-1 (R-10),0.0,4.36,0.23542183597631636
Danville,,218152021,,P-1 (R-10),0.0,4.36,0.2108254690118222
Danville,,218152022,,P-1 (R-10),0.0,4.36,0.29404062679996695
Danville,,218152023,,P-1 (R-10),0.0,4.36,0.22848841071759698
Danville,,218152008,,P-1 (R-10),0.0,4.36,0.23302175380430004
Danville,,218152009,,P-1 (R-10),0.0,4.36,0.24256453952756224
Danville,,218152010,,P-1 (R-10),0.0,4.36,0.2273361524614484
Danville,,218152017,,P-1 (R-10),0.0,4.36,0.3260018750892543
Danville,,218152016,,P-1 (R-10),0.0,4.36,0.2533796188211793
Danville,,218152011,,P-1 (R-10),0.0,4.36,0.22175557938587587
Danville,,218152012,,P-1 (R-10),0.0,4.36,0.20924743464688558
Danville,,218155001,,P-1 (R-10),0.0,4.36,0.24240655459410973
Danville,,218154001,,P-1 (R-10),0.0,4.36,0.2323875845000602
Danville,,218154002,,P-1 (R-10),0.0,4.36,0.24553242898358776
Danville,,218123016,,P-1 (R-10),0.0,4.36,0.20046475663153102
Danville,,218123015,,P-1 (R-10),0.0,4.36,0.19706060101550063
Danville,,218123014,,P-1 (R-10),0.0,4.36,0.2001887236668918
Danville,,218123017,,P-1 (R-10),0.0,4.36,0.1971196120665691
Danville,,218125018,,P-1 (R-10),0.0,4.36,0.2226503385259314
Danville,,218125025,,P-1 (R-10),0.0,4.36,0.23253629309575496
Danville,,218125024,,P-1 (R-10),0.0,4.36,0.2266345803279993
Danville,,218125022,,P-1 (R-10),0.0,4.36,0.30987505522572384
Danville,,218125023,,P-1 (R-10),0.0,4.36,0.3294582842245119
Danville,,218131001,,P-1 (R-10),0.0,4.36,0.283722115348866
Danville,,218131002,,P-1 (R-10),0.0,4.36,0.28422112549665746
Danville,,218131006,,P-1 (R-10),0.0,4.36,0.38394837923590563
Danville,,218131003,,P-1 (R-10),0.0,4.36,0.26407742124491274
Danville,,218131004,,P-1 (R-10),0.0,4.36,0.2172636171840776
Danville,,218131005,,P-1 (R-10),0.0,4.36,0.2575117726333458
Danville,,218131008,,P-1 (R-10),0.0,4.36,0.21342096283228187
Danville,,218131007,,P-1 (R-10),0.0,4.36,0.2949735333964451
Danville,,218125005,,P-1 (R-10),0.0,4.36,0.27012229339023935
Danville,,218125003,,P-1 (R-10),0.0,4.36,0.2493690268530393
Danville,,218125004,,P-1 (R-10),0.0,4.36,0.2639601977442826
Danville,,218125001,,P-1 (R-10),0.0,4.36,0.246219748658464
Danville,,218125002,,P-1 (R-10),0.0,4.36,0.24190626647242042
Danville,,218131009,,P-1 (R-10),0.0,4.36,0.2714205275234186
Danville,,218131020,,P-1 (R-10),0.0,4.36,0.2514457953887373
Danville,,218131019,,P-1 (R-10),0.0,4.36,0.2511920137466623
Danville,,218131018,,P-1 (R-10),0.0,4.36,0.25064437814444873
Danville,,218131010,,P-1 (R-10),0.0,4.36,0.2208550333879479
Danville,,218131011,,P-1 (R-10),0.0,4.36,0.2516878554077803
Danville,,218131012,,P-1 (R-10),0.0,4.36,0.2390686461242615
Danville,,218131016,,P-1 (R-10),0.0,4.36,0.23251460157089388
Danville,,218131017,,P-1 (R-10),0.0,4.36,0.2817726174179655
Danville,,218132021,,P-1 (R-10),0.0,4.36,0.2883446336085126
Danville,,218132020,,P-1 (R-10),0.0,4.36,0.2891632102567361
Danville,,218132019,,P-1 (R-10),0.0,4.36,0.21664996240286039
Danville,,218132011,,P-1 (R-10),0.0,4.36,0.47100688746060276
Danville,,218132018,,P-1 (R-10),0.0,4.36,0.21849688051382954
Danville,,218132017,,P-1 (R-10),0.0,4.36,0.21877512767479204
Danville,,218132013,,P-1 (R-10),0.0,4.36,0.2093267305477701
Danville,,218132008,,P-1 (R-10),0.0,4.36,0.2636234878886045
Danville,,218132002,,P-1 (R-10),0.0,4.36,0.3565919281123556
Danville,,218132010,,P-1 (R-10),0.0,4.36,0.38148482629586483
Danville,,218132009,,P-1 (R-10),0.0,4.36,0.2998388930023783
Danville,,218151001,,P-1 (R-10),0.0,4.36,0.25310873655720634
Danville,,218152005,,P-1 (R-10),0.0,4.36,0.22276155162765993
Danville,,218132001,,P-1 (R-10),0.0,4.36,0.2451035846552699
Danville,,218131014,,P-1 (R-10),0.0,4.36,0.23795052602498104
Danville,,218131015,,P-1 (R-10),0.0,4.36,0.2156042388212859
Danville,,218131013,,P-1 (R-10),0.0,4.36,0.2527745692411457
Danville,,218152007,,P-1 (R-10),0.0,4.36,0.2122435132212472
Danville,,218152006,,P-1 (R-10),0.0,4.36,0.21910323821484418
Danville,,218152024,,P-1 (R-10),0.0,4.36,0.26343912679769305
Danville,,218152004,,P-1 (R-10),0.0,4.36,0.2287319085267506
Danville,,218151002,,P-1 (R-10),0.0,4.36,0.22090922197997556
Danville,,218152002,,P-1 (R-10),0.0,4.36,0.22115196829588432
Danville,,218152003,,P-1 (R-10),0.0,4.36,0.21505065611875018
Danville,,218152025,,P-1 (R-10),0.0,4.36,0.226795261220921
Danville,,218152001,,P-1 (R-10),0.0,4.36,0.22110732118360793
Danville,,218152026,,P-1 (R-10),0.0,4.36,0.2141756539327529
Danville,,218151010,,P-1 (R-10),0.0,4.36,0.28535395586372686
Danville,,218151005,,P-1 (R-10),0.0,4.36,0.2947253170421264
Danville,,218151004,,P-1 (R-10),0.0,4.36,0.24065894546729763
Danville,,218151003,,P-1 (R-10),0.0,4.36,0.2209816496231146
Danville,,218132004,,P-1 (R-10),0.0,4.36,0.24079055683963774
Danville,,218132007,,P-1 (R-10),0.0,4.36,0.269473959760508
Danville,,218132005,,P-1 (R-10),0.0,4.36,0.20502868728344115
Danville,,218132003,,P-1 (R-10),0.0,4.36,0.2475035823241636
Danville,,218132006,,P-1 (R-10),0.0,4.36,0.21810075623305925
Danville,,218351003,,R-10,0.0,4.36,0.23997039675591372
Danville,,218351004,,R-10,0.0,4.36,0.2363151886111124
Danville,,218351005,,R-10,0.0,4.36,0.23220551427705916
Danville,,218351001,,R-10,0.0,4.36,0.9800445620393498
Danville,,218351002,,R-10,0.0,4.36,0.32018776883264277
Danville,,218352001,,R-10,0.0,4.36,0.24096854090989067
Danville,,218132016,,P-1 (R-10),0.0,4.36,0.22248017312427312
Danville,,218132015,,P-1 (R-10),0.0,4.36,0.20842406439297834
Danville,,218132014,,P-1 (R-10),0.0,4.36,0.192564715072106
Danville,,218352008,,R-10,0.0,4.36,0.3145809071412582
Danville,,218352009,,R-10,0.0,4.36,0.26668826527949707
Danville,,218352007,,R-10,0.0,4.36,0.24820133824395357
Danville,,218352002,,R-10,0.0,4.36,0.22444674479692847
Danville,,218352003,,R-10,0.0,4.36,0.2429707697471426
Danville,,218352006,,R-10,0.0,4.36,0.23565337496009373
Danville,,218352005,,R-10,0.0,4.36,0.23403259095642048
Danville,,218352004,,R-10,0.0,4.36,0.24245154471192704
Danville,,218351006,,R-10,0.0,4.36,0.26584636205384515
Danville,,218351007,,R-10,0.0,4.36,0.24653928549540066
Danville,,218351009,,R-10,0.0,4.36,0.23373100132233235
Danville,,218351008,,R-10,0.0,4.36,0.24056950763806179
Danville,,218353008,,R-10,0.0,4.36,0.24294838625340312
Danville,,218351011,,R-10,0.0,4.36,0.2469141770018103
Danville,,218351010,,R-10,0.0,4.36,0.23980928304683094
Danville,,218351012,,R-10,0.0,4.36,0.2369802215182849
Danville,,218351013,,R-10,0.0,4.36,0.22907642152886326
Danville,,218361001,,R-10,0.0,4.36,0.2405033513471499
Danville,,218353023,,R-10,0.0,4.36,0.23188746940994726
Danville,,218353022,,R-10,0.0,4.36,0.22984079357940582
Danville,,218353009,,R-10,0.0,4.36,0.24243346075044506
Danville,,218353010,,R-10,0.0,4.36,0.24077085845721757
Danville,,218353007,,R-10,0.0,4.36,0.24430720499933498
Danville,,218353006,,R-10,0.0,4.36,0.23032658491339666
Danville,,218353005,,R-10,0.0,4.36,0.22752778777934043
Danville,,218353011,,R-10,0.0,4.36,0.23294986514779537
Danville,,218353012,,R-10,0.0,4.36,0.2290767421434437
Danville,,218353013,,R-10,0.0,4.36,0.22890389101074032
Danville,,218353004,,R-10,0.0,4.36,0.22969133918018508
Danville,,218353003,,R-10,0.0,4.36,0.23242322093732812
Danville,,218353002,,R-10,0.0,4.36,0.23035129195650741
Danville,,218352012,,R-10,0.0,4.36,0.23149913167351796
Danville,,218352011,,R-10,0.0,4.36,0.24606037106699508
Danville,,218352010,,R-10,0.0,4.36,0.2893654756690368
Danville,,218132012,,P-1 (R-10),0.0,4.36,0.21557481438925635
Danville,,218352013,,R-10,0.0,4.36,0.2307368658024403
Danville,,218352014,,R-10,0.0,4.36,0.3658477716162948
Danville,,218352015,,R-10,0.0,4.36,0.27882235649846865
Danville,,218352016,,R-10,0.0,4.36,0.2351576869047194
Danville,,218352017,,R-10,0.0,4.36,0.2746126554010765
Danville,,218353001,,R-10,0.0,4.36,0.2376611273528625
Danville,,218743033,,P-1 (R-10),0.0,4.36,0.2020509347152263
Danville,,218744001,,P-1 (R-10),0.0,4.36,0.19203703160916924
Danville,,218744006,,P-1 (R-10),0.0,4.36,0.1908779914496625
Danville,,218744004,,P-1 (R-10),0.0,4.36,0.2093001703264353
Danville,,218744002,,P-1 (R-10),0.0,4.36,0.20511963771657735
Danville,,218744003,,P-1 (R-10),0.0,4.36,0.2977770711633658
Danville,,218132022,,P-1 (R-10),0.0,4.36,0.2205408065921156
Danville,,218132023,,P-1 (R-10),0.0,4.36,0.21941015614663342
Danville,,218132024,,P-1 (R-10),0.0,4.36,0.22267553818903937
Danville,,218744005,,P-1 (R-10),0.0,4.36,0.2093628379933044
Danville,,218124008,,P-1 (R-10),0.0,4.36,0.2206101910083998
Danville,,218124007,,P-1 (R-10),0.0,4.36,0.22294798623040588
Danville,,218124006,,P-1 (R-10),0.0,4.36,0.22190492181539004
Danville,,218744009,,P-1 (R-10),0.0,4.36,0.23754557933087214
Danville,,218744008,,P-1 (R-10),0.0,4.36,0.28539358418758626
Danville,,218744007,,P-1 (R-10),0.0,4.36,0.3100601562730572
Danville,,218743022,,P-1 (R-10),0.0,4.36,0.18318472854448067
Danville,,218743023,,P-1 (R-10),0.0,4.36,0.20829060239002822
Danville,,218743012,,P-1 (R-10),0.0,4.36,0.25157819787511887
Danville,,218743011,,P-1 (R-10),0.0,4.36,0.22045203760937138
Danville,,218743027,,P-1 (R-10),0.0,4.36,0.2533963125674018
Danville,,218743026,,P-1 (R-10),0.0,4.36,0.20347245856255802
Danville,,218743025,,P-1 (R-10),0.0,4.36,0.2014379879137011
Danville,,218743024,,P-1 (R-10),0.0,4.36,0.23711636189597934
Danville,,218743031,,P-1 (R-10),0.0,4.36,0.25239828325604075
Danville,,218743032,,P-1 (R-10),0.0,4.36,0.19555465771731587
Danville,,218743030,,P-1 (R-10),0.0,4.36,0.23479121793917085
Danville,,218743029,,P-1 (R-10),0.0,4.36,0.2514711144983705
Danville,,218743028,,P-1 (R-10),0.0,4.36,0.22409929206619675
Danville,,218743009,,P-1 (R-10),0.0,4.36,0.19536592089552757
Danville,,218743008,,P-1 (R-10),0.0,4.36,0.19354333685432024
Danville,,218743007,,P-1 (R-10),0.0,4.36,0.21739468679237262
Danville,,218742012,,P-1 (R-10),0.0,4.36,0.19949069650988116
Danville,,218742013,,P-1 (R-10),0.0,4.36,0.19398520876544204
Danville,,218743004,,P-1 (R-10),0.0,4.36,0.2382196118266943
Danville,,218743005,,P-1 (R-10),0.0,4.36,0.26926970068503603
Danville,,218362008,,R-10,0.0,4.36,0.22803507162640557
Danville,,218362009,,R-10,0.0,4.36,0.2659805785827586
Danville,,218362011,,R-10,0.0,4.36,0.21905790668072253
Danville,,218362006,,R-10,0.0,4.36,0.2265611831999741
Danville,,218353018,,R-10,0.0,4.36,0.22793581759642245
Danville,,218362007,,R-10,0.0,4.36,0.23499679961314718
Danville,,218743006,,P-1 (R-10),0.0,4.36,0.41210253835362626
Danville,,218353017,,R-10,0.0,4.36,0.2756841986103237
Danville,,218353016,,R-10,0.0,4.36,0.22388224188238623
Danville,,218353015,,R-10,0.0,4.36,0.23366766814485335
Danville,,218353014,,R-10,0.0,4.36,0.2286698946060612
Danville,,218353019,,R-10,0.0,4.36,0.24030640140051876
Danville,,218353020,,R-10,0.0,4.36,0.23245784379292075
Danville,,218362005,,R-10,0.0,4.36,0.23820614125888673
Danville,,218362004,,R-10,0.0,4.36,0.23068790453079946
Danville,,218362003,,R-10,0.0,4.36,0.2376822187936482
Danville,,218353021,,R-10,0.0,4.36,0.23316155920563147
Danville,,218362001,,R-10,0.0,4.36,0.23641051026536425
Danville,,218362002,,R-10,0.0,4.36,0.24263193246845913
Danville,,218361002,,R-10,0.0,4.36,0.23735082212343298
Danville,,218361003,,R-10,0.0,4.36,0.2355964469543797
Danville,,218362015,,R-10,0.0,4.36,0.23161386168522669
Danville,,218362014,,R-10,0.0,4.36,0.22443525335754566
Danville,,218362013,,R-10,0.0,4.36,0.2434684533327992
Danville,,218362012,,R-10,0.0,4.36,0.22718355547100114
Danville,,218362017,,R-10,0.0,4.36,0.23069578125118587
Danville,,218362016,,R-10,0.0,4.36,0.2338114120723192
Danville,,218363002,,R-10,0.0,4.36,0.23244714419437956
Danville,,218363003,,R-10,0.0,4.36,0.22636983252425957
Danville,,218362020,,R-10,0.0,4.36,0.22874426102570655
Danville,,218362019,,R-10,0.0,4.36,0.2322446521059154
Danville,,218362018,,R-10,0.0,4.36,0.22712465587295547
Danville,,218362021,,R-10,0.0,4.36,0.25741191888031506
Danville,,218362010,,R-10,0.0,4.36,0.2494438602166549
Danville,,218743003,,P-1 (R-10),0.0,4.36,0.1939593559188767
Danville,,218743002,,P-1 (R-10),0.0,4.36,0.18424020964995957
Danville,,218743001,,P-1 (R-10),0.0,4.36,0.1865595840597827
Danville,,218730017,,P-1 (R-10),0.0,4.36,0.19602224423664205
Danville,,218730018,,P-1 (R-10),0.0,4.36,0.19351461653729102
Danville,,218730005,,P-1 (R-10),0.0,4.36,0.21326639430982225
Danville,,218730016,,P-1 (R-10),0.0,4.36,0.19028254420754565
Danville,,218770025,,R-10,0.0,4.36,0.28467735114808873
Danville,,218363006,,R-10,0.0,4.36,0.23502384543313024
Danville,,218363005,,R-10,0.0,4.36,0.23203903025642827
Danville,,218363004,,R-10,0.0,4.36,0.22914387465175332
Danville,,218770028,,R-10,0.0,4.36,0.22665882394661352
Danville,,218770023,,R-10,0.0,4.36,0.2303743847450775
Danville,,218770027,,R-10,0.0,4.36,0.23082357970107506
Danville,,218770026,,R-10,0.0,4.36,0.2327626027373738
Danville,,218770018,,R-10,0.0,4.36,0.26902117078173154
Danville,,218770024,,R-10,0.0,4.36,0.25761480392346714
Danville,,218730014,,P-1 (R-10),0.0,4.36,0.2185075202253312
Danville,,218730015,,P-1 (R-10),0.0,4.36,0.20889253205450017
Danville,,218730012,,P-1 (R-10),0.0,4.36,0.23043038324537488
Danville,,218730013,,P-1 (R-10),0.0,4.36,0.3032019981271011
Danville,,218791010,,P-1,0.0,35.0,0.057790595752801
Danville,,218791011,,P-1,0.0,35.0,0.060448695706272274
Danville,,218791009,,P-1,0.0,35.0,0.05776586270980337
Danville,,218791008,,P-1,0.0,35.0,0.06158182275488477
Danville,,218792009,,P-1,0.0,35.0,0.05929496551345979
Danville,,218792016,,P-1,0.0,35.0,1.9403471734114344
Danville,,218791007,,P-1,0.0,35.0,0.059348263380843744
Danville,,218791006,,P-1,0.0,35.0,0.05622579403316801
Danville,,218791005,,P-1,0.0,35.0,0.05595134434341835
Danville,,218730010,,P-1 (R-10),0.0,4.36,0.2573097320874974
Danville,,218730011,,P-1 (R-10),0.0,4.36,0.21805086003533
Danville,,218730006,,P-1 (R-10),0.0,4.36,0.2090258180210109
Danville,,218730007,,P-1 (R-10),0.0,4.36,0.2002673289870742
Danville,,218730008,,P-1 (R-10),0.0,4.36,0.3024342929709768
Danville,,218721005,,P-1,0.0,35.0,0.08166933108046683
Danville,,218730004,,P-1 (R-10),0.0,4.36,0.2924982709411674
Danville,,218730001,,P-1 (R-10),0.0,4.36,0.19935781855821633
Danville,,218730003,,P-1 (R-10),0.0,4.36,0.24659860306230705
Danville,,218730002,,P-1 (R-10),0.0,4.36,0.27866716390953267
Danville,,218742019,,P-1 (R-10),0.0,4.36,0.17970002194263845
Danville,,218742018,,P-1 (R-10),0.0,4.36,0.20506836132933404
Danville,,218742017,,P-1 (R-10),0.0,4.36,0.2610121524395227
Danville,,218710028,,P-1,0.0,35.0,0.0858177148911587
Danville,,218710025,,P-1,0.0,35.0,0.06465406570603416
Danville,,218710026,,P-1,0.0,35.0,0.07435849491631588
Danville,,218710027,,P-1,0.0,35.0,0.08139130415976584
Danville,,218710029,,P-1,0.0,35.0,0.0768696038365796
Danville,,218710031,,P-1,0.0,35.0,0.0782152790908101
Danville,,218710030,,P-1,0.0,35.0,0.0596736469734592
Danville,,218710034,,P-1,0.0,35.0,0.07905961586579761
Danville,,218710033,,P-1,0.0,35.0,0.08621070712628953
Danville,,218710032,,P-1,0.0,35.0,0.08167149943944585
Danville,,218710036,,P-1,0.0,35.0,0.07896537408822174
Danville,,218710035,,P-1,0.0,35.0,0.07818474654545528
Danville,,218710037,,P-1,0.0,35.0,0.08409946730865624
Danville,,218710038,,P-1,0.0,35.0,0.08428697397632748
Danville,,218710039,,P-1,0.0,35.0,0.07883180738604187
Danville,,218721001,,P-1,0.0,35.0,0.08283216353706352
Danville,,218721002,,P-1,0.0,35.0,0.07366915693534601
Danville,,218721003,,P-1,0.0,35.0,0.08106892945964511
Danville,,218721004,,P-1,0.0,35.0,0.08498462854595899
Danville,,218691050,,P-1,0.0,35.0,0.07668346663864362
Danville,,218691051,,P-1,0.0,35.0,0.07963069076122394
Danville,,218691049,,P-1,0.0,35.0,0.08582497254307131
Danville,,218691047,,P-1,0.0,35.0,0.08553751727588435
Danville,,218691048,,P-1,0.0,35.0,0.08094167804172564
Danville,,218691046,,P-1,0.0,35.0,0.08331876779816226
Danville,,218691045,,P-1,0.0,35.0,0.07469009142505074
Danville,,218691044,,P-1,0.0,35.0,0.08505081323635022
Danville,,218691043,,P-1,0.0,35.0,0.08399161021567651
Danville,,218691042,,P-1,0.0,35.0,0.08297240392876028
Danville,,218692019,,P-1 (R-7),0.0,6.22,0.13549840289686424
Danville,,218692018,,P-1 (R-7),0.0,6.22,0.14009346253914717
Danville,,218692016,,P-1 (R-7),0.0,6.22,0.15274774091019405
Danville,,218692017,,P-1 (R-7),0.0,6.22,0.14374840776951076
Danville,,218691054,,P-1,0.0,35.0,0.08360964422479437
Danville,,218691055,,P-1,0.0,35.0,0.07497751199433181
Danville,,218691059,,P-1,0.0,35.0,0.08271832719195453
Danville,,218691058,,P-1,0.0,35.0,0.08484673907614643
Danville,,218691057,,P-1,0.0,35.0,0.08077116277622164
Danville,,218691056,,P-1,0.0,35.0,0.10757157590892635
Danville,,218691053,,P-1,0.0,35.0,0.08270805163370099
Danville,,218691052,,P-1,0.0,35.0,0.08618604351722293
Danville,,218710016,,P-1,0.0,35.0,0.07622997781409312
Danville,,218710015,,P-1,0.0,35.0,0.07420132109640507
Danville,,218710014,,P-1,0.0,35.0,0.07722736731102454
Danville,,218710013,,P-1,0.0,35.0,0.08648161830884615
Danville,,218710012,,P-1,0.0,35.0,0.08582048589284699
Danville,,218710011,,P-1,0.0,35.0,0.07657122297727584
Danville,,218710010,,P-1,0.0,35.0,0.06988646492903966
Danville,,218710009,,P-1,0.0,35.0,0.08264738492278068
Danville,,218710017,,P-1,0.0,35.0,0.08598368762510748
Danville,,218710018,,P-1,0.0,35.0,0.08426525338750462
Danville,,218710019,,P-1,0.0,35.0,0.07964410165783618
Danville,,218710022,,P-1,0.0,35.0,0.08341939589804678
Danville,,218710020,,P-1,0.0,35.0,0.0655589584976227
Danville,,218710021,,P-1,0.0,35.0,0.07597731188978427
Danville,,218710023,,P-1,0.0,35.0,0.08103447602669973
Danville,,218710024,,P-1,0.0,35.0,0.0777362942733584
Danville,,218742007,,P-1 (R-10),0.0,4.36,0.2640662783717539
Danville,,218742016,,P-1 (R-10),0.0,4.36,0.2855787337137445
Danville,,218742015,,P-1 (R-10),0.0,4.36,0.20183845009521004
Danville,,218742014,,P-1 (R-10),0.0,4.36,0.21342365012254047
Danville,,218742011,,P-1 (R-10),0.0,4.36,0.22835951017328446
Danville,,218742009,,P-1 (R-10),0.0,4.36,0.22324232333359478
Danville,,218742008,,P-1 (R-10),0.0,4.36,0.23205024710829983
Danville,,218742010,,P-1 (R-10),0.0,4.36,0.19827942979518043
Danville,,218743010,,P-1 (R-10),0.0,4.36,0.1924177404753661
Danville,,218743015,,P-1 (R-10),0.0,4.36,0.18331156732545456
Danville,,218742006,,P-1 (R-10),0.0,4.36,0.196966753443966
Danville,,218742005,,P-1 (R-10),0.0,4.36,0.28956519318319984
Danville,,218742004,,P-1 (R-10),0.0,4.36,0.21902567070835519
Danville,,218742003,,P-1 (R-10),0.0,4.36,0.2606156077793004
Danville,,218742002,,P-1 (R-10),0.0,4.36,0.2225679734591673
Danville,,218743017,,P-1 (R-10),0.0,4.36,0.19284356414395307
Danville,,218743018,,P-1 (R-10),0.0,4.36,0.20622936854466428
Danville,,218743016,,P-1 (R-10),0.0,4.36,0.19534396280185948
Danville,,218743013,,P-1 (R-10),0.0,4.36,0.21129418591070906
Danville,,218743021,,P-1 (R-10),0.0,4.36,0.17922515184690965
Danville,,218743014,,P-1 (R-10),0.0,4.36,0.22461880013933067
Danville,,218743019,,P-1 (R-10),0.0,4.36,0.20643961918796427
Danville,,218743020,,P-1 (R-10),0.0,4.36,0.18652067329650648
Danville,,218744012,,P-1 (R-10),0.0,4.36,0.20008066073479167
Danville,,218744011,,P-1 (R-10),0.0,4.36,0.18836016085386026
Danville,,218744010,,P-1 (R-10),0.0,4.36,0.19825109000212948
Danville,,218124005,,P-1 (R-10),0.0,4.36,0.22528491115630475
Danville,,218124004,,P-1 (R-10),0.0,4.36,0.22708173748260027
Danville,,218124003,,P-1 (R-10),0.0,4.36,0.22561674342902935
Danville,,218744013,,P-1 (R-10),0.0,4.36,0.24331760848821044
Danville,,218751001,,P-1 (R-10),0.0,4.36,0.22535288414132115
Danville,,218124002,,P-1 (R-10),0.0,4.36,0.2268466339052382
Danville,,218751002,,P-1 (R-10),0.0,4.36,0.22016104120148436
Danville,,218751003,,P-1 (R-10),0.0,4.36,0.225724874668674
Danville,,218742001,,P-1 (R-10),0.0,4.36,0.2011115454478993
Danville,,218752004,,P-1 (R-10),0.0,4.36,0.2328015257910369
Danville,,218752003,,P-1 (R-10),0.0,4.36,0.2466560816231829
Danville,,218752001,,P-1 (R-10),0.0,4.36,0.2341314718171521
Danville,,218752006,,P-1 (R-10),0.0,4.36,0.27506834830456084
Danville,,218752005,,P-1 (R-10),0.0,4.36,0.21239643329297828
Danville,,218752002,,P-1 (R-10),0.0,4.36,0.3411030368966193
Danville,,218702036,,P-1 (R-7),0.0,6.22,0.26106842417448944
Danville,,218702038,,P-1 (R-7),0.0,6.22,0.1197466807670774
Danville,,218702037,,P-1 (R-7),0.0,6.22,0.12870694374319097
Danville,,218702039,,P-1 (R-7),0.0,6.22,0.12442761513278172
Danville,,218701091,,P-1,0.0,35.0,0.07938764797635395
Danville,,218702040,,P-1 (R-7),0.0,6.22,0.1306298248537125
Danville,,218702001,,P-1 (R-7),0.0,6.22,0.11692428346039284
Danville,,218701090,,P-1,0.0,35.0,0.05894606781836781
Danville,,218701089,,P-1,0.0,35.0,0.07927637676640706
Danville,,218701088,,P-1,0.0,35.0,0.07959844117338533
Danville,,218701086,,P-1,0.0,35.0,0.07926629187168835
Danville,,218701087,,P-1,0.0,35.0,0.08905138965836332
Danville,,218701092,,P-1,0.0,35.0,0.08707291266770008
Danville,,218701093,,P-1,0.0,35.0,0.0847626467981044
Danville,,218701094,,P-1,0.0,35.0,0.07744881682967948
Danville,,218701095,,P-1,0.0,35.0,0.4726899407347515
Danville,,218710001,,P-1,0.0,35.0,0.07751004688406041
Danville,,218710002,,P-1,0.0,35.0,0.08531317731255338
Danville,,218710003,,P-1,0.0,35.0,0.08357499340782062
Danville,,218710008,,P-1,0.0,35.0,0.08269710075418975
Danville,,218710007,,P-1,0.0,35.0,0.08680296803942573
Danville,,218710005,,P-1,0.0,35.0,0.06864035343675441
Danville,,218710006,,P-1,0.0,35.0,0.0778148888045723
Danville,,218710004,,P-1,0.0,35.0,0.07633957644577623
Danville,,218692040,,P-1 (R-7),0.0,6.22,3.141596096822195
Danville,,218691060,,P-1,0.0,35.0,0.07757170587553407
Danville,,218691061,,P-1,0.0,35.0,0.1494680625948803
Danville,,218691062,,P-1,0.0,35.0,0.07882615246355612
Danville,,218691063,,P-1,0.0,35.0,0.09429385602790968
Danville,,218691064,,P-1,0.0,35.0,0.08646198503034301
Danville,,218691069,,P-1,0.0,35.0,0.08575092622232494
Danville,,218691068,,P-1,0.0,35.0,0.08528680625915246
Danville,,218691067,,P-1,0.0,35.0,0.076214899391585
Danville,,218691066,,P-1,0.0,35.0,0.0583350385557659
Danville,,218691065,,P-1,0.0,35.0,0.0850513293319134
Danville,,218701082,,P-1,0.0,35.0,0.0801833727330874
Danville,,218701081,,P-1,0.0,35.0,0.07101331430236776
Danville,,218701080,,P-1,0.0,35.0,0.060788215117769745
Danville,,218701079,,P-1,0.0,35.0,0.08349034681035747
Danville,,218701078,,P-1,0.0,35.0,0.08196609454108733
Danville,,218701076,,P-1,0.0,35.0,0.07621206929580188
Danville,,218701077,,P-1,0.0,35.0,0.08590637581398242
Danville,,218701075,,P-1,0.0,35.0,0.055357297195302864
Danville,,218701074,,P-1,0.0,35.0,0.07980433114317304
Danville,,218701072,,P-1,0.0,35.0,0.08957149627465978
Danville,,218701073,,P-1,0.0,35.0,0.0821264961410068
Danville,,218702009,,P-1 (R-7),0.0,6.22,0.11813198482370316
Danville,,218702010,,P-1 (R-7),0.0,6.22,0.12032623354867623
Danville,,218702011,,P-1 (R-7),0.0,6.22,0.11425984004677088
Danville,,218702008,,P-1 (R-7),0.0,6.22,0.11838424616772943
Danville,,218702005,,P-1 (R-7),0.0,6.22,0.11744110374390057
Danville,,218702006,,P-1 (R-7),0.0,6.22,0.11187365246008342
Danville,,218702007,,P-1 (R-7),0.0,6.22,0.1133281934382121
Danville,,218701084,,P-1,0.0,35.0,0.08168524180985653
Danville,,218701083,,P-1,0.0,35.0,0.08796835149428568
Danville,,218701085,,P-1,0.0,35.0,0.07439198800926876
Danville,,218702002,,P-1 (R-7),0.0,6.22,0.11880872950862605
Danville,,218702003,,P-1 (R-7),0.0,6.22,0.11780516847516667
Danville,,218702004,,P-1 (R-7),0.0,6.22,0.11919967446522489
Danville,,218702031,,P-1 (R-7),0.0,6.22,0.113134154600216
Danville,,218702032,,P-1 (R-7),0.0,6.22,0.11492984370410722
Danville,,218702033,,P-1 (R-7),0.0,6.22,0.11730273690315277
Danville,,218702034,,P-1 (R-7),0.0,6.22,0.11422385759457354
Danville,,218702035,,P-1 (R-7),0.0,6.22,0.13681009109847012
Danville,,218701006,,P-1,0.0,35.0,0.07196625996657303
Danville,,218701007,,P-1,0.0,35.0,0.08716667780145107
Danville,,218701012,,P-1,0.0,35.0,0.0812101135997775
Danville,,218701011,,P-1,0.0,35.0,0.06974207398318015
Danville,,218701010,,P-1,0.0,35.0,0.08526421827824829
Danville,,218701009,,P-1,0.0,35.0,0.08359680234769769
Danville,,218701008,,P-1,0.0,35.0,0.089889337295511
Danville,,218701016,,P-1,0.0,35.0,0.07938595046233902
Danville,,218701017,,P-1,0.0,35.0,0.08587518199464114
Danville,,218701018,,P-1,0.0,35.0,0.08288117986056259
Danville,,218701015,,P-1,0.0,35.0,0.0611739658422163
Danville,,218701014,,P-1,0.0,35.0,0.08008643254955472
Danville,,218701013,,P-1,0.0,35.0,0.08447687516204191
Danville,,218702030,,P-1 (R-7),0.0,6.22,0.11441874667472253
Danville,,218702029,,P-1 (R-7),0.0,6.22,0.11162817187521429
Danville,,218702028,,P-1 (R-7),0.0,6.22,0.13638667929670656
Danville,,218702027,,P-1 (R-7),0.0,6.22,0.11882578664714832
Danville,,218702026,,P-1 (R-7),0.0,6.22,0.12336626577479255
Danville,,218702025,,P-1 (R-7),0.0,6.22,0.11864499771847564
Danville,,218701021,,P-1,0.0,35.0,0.07637974517286722
Danville,,218701022,,P-1,0.0,35.0,0.0877492042406447
Danville,,218701023,,P-1,0.0,35.0,0.08419432904527507
Danville,,218701024,,P-1,0.0,35.0,0.08577899244702347
Danville,,218701025,,P-1,0.0,35.0,0.07427409745419884
Danville,,218701020,,P-1,0.0,35.0,0.0542758333167382
Danville,,218701019,,P-1,0.0,35.0,0.08069443853316446
Danville,,218642027,,P-1,0.0,35.0,0.07749670076249579
Danville,,218642028,,P-1,0.0,35.0,0.08596372662952614
Danville,,218642030,,P-1,0.0,35.0,0.07888640264862495
Danville,,218642029,,P-1,0.0,35.0,0.07996978289960709
Danville,,218642031,,P-1,0.0,35.0,0.07723771718402798
Danville,,218642026,,P-1,0.0,35.0,0.08211788371789373
Danville,,218642025,,P-1,0.0,35.0,0.06062389893938558
Danville,,218642024,,P-1,0.0,35.0,0.08197332315458261
Danville,,218642019,,P-1,0.0,35.0,0.0766223090684565
Danville,,218642020,,P-1,0.0,35.0,0.052179769419177596
Danville,,218642021,,P-1,0.0,35.0,0.07997657398189864
Danville,,218642022,,P-1,0.0,35.0,0.08184147570747714
Danville,,218642023,,P-1,0.0,35.0,0.08250883744149316
Danville,,218642015,,P-1,0.0,35.0,0.06080415737707132
Danville,,218642016,,P-1,0.0,35.0,0.07915220155204583
Danville,,218642018,,P-1,0.0,35.0,0.08234430526165103
Danville,,218642017,,P-1,0.0,35.0,0.0813119638658091
Danville,,218642014,,P-1,0.0,35.0,0.07443045018151179
Danville,,218642013,,P-1,0.0,35.0,0.08341743906081234
Danville,,218642012,,P-1,0.0,35.0,0.08243509253211755
Danville,,218642011,,P-1,0.0,35.0,0.07955784870005267
Danville,,218642008,,P-1,0.0,35.0,0.08191651910211697
Danville,,218642007,,P-1,0.0,35.0,0.08221328020518175
Danville,,218642006,,P-1,0.0,35.0,0.07989839843386819
Danville,,218642009,,P-1,0.0,35.0,0.07896281573061509
Danville,,218642010,,P-1,0.0,35.0,0.05176398281722674
Danville,,218701005,,P-1,0.0,35.0,0.05805378404580288
Danville,,218701004,,P-1,0.0,35.0,0.07787787283817926
Danville,,218701002,,P-1,0.0,35.0,0.0845268429541727
Danville,,218701003,,P-1,0.0,35.0,0.08519799458290163
Danville,,218701001,,P-1,0.0,35.0,0.08108145041805578
Danville,,218642003,,P-1,0.0,35.0,0.08084769319255403
Danville,,218642005,,P-1,0.0,35.0,0.06631556543633915
Danville,,218642004,,P-1,0.0,35.0,0.07783103076490468
Danville,,218642002,,P-1,0.0,35.0,0.08431160877341252
Danville,,218642001,,P-1,0.0,35.0,0.07589128278390904
Danville,,218040027,,P-1,0.0,35.0,45.9
Danville,,218574001,,P-1,0.0,35.0,0.39683901736518734
Danville,,218571004,,P-1 (R-10),0.0,4.36,0.18564960220127183
Danville,,218571005,,P-1 (R-10),0.0,4.36,0.2588401387754955
Danville,,218571006,,P-1 (R-10),0.0,4.36,0.23031311297941892
Danville,,218571007,,P-1 (R-10),0.0,4.36,0.2891983429498244
Danville,,218571008,,P-1 (R-10),0.0,4.36,0.21769021350336484
Danville,,218571009,,P-1 (R-10),0.0,4.36,0.22506133960850505
Danville,,218122008,,P-1 (R-10),0.0,4.36,0.19984151156504953
Danville,,218752011,,P-1 (R-10),0.0,4.36,0.27533142332105703
Danville,,218752012,,P-1 (R-10),0.0,4.36,0.24790278492216905
Danville,,218752013,,P-1 (R-10),0.0,4.36,0.24021717489230443
Danville,,218752014,,P-1 (R-10),0.0,4.36,0.2726429541175494
Danville,,218752008,,P-1 (R-10),0.0,4.36,0.19813233620431708
Danville,,218752007,,P-1 (R-10),0.0,4.36,0.20798130895213204
Danville,,218122014,,P-1 (R-10),0.0,4.36,0.20902933852880803
Danville,,218122013,,P-1 (R-10),0.0,4.36,0.20085229720057352
Danville,,218122012,,P-1 (R-10),0.0,4.36,0.20182028022186124
Danville,,218752009,,P-1 (R-10),0.0,4.36,0.20541463782954186
Danville,,218752010,,P-1 (R-10),0.0,4.36,0.21882519878305465
Danville,,218122011,,P-1 (R-10),0.0,4.36,0.1994387975195554
Danville,,218122009,,P-1 (R-10),0.0,4.36,0.20142831013640045
Danville,,218122010,,P-1 (R-10),0.0,4.36,0.19865463634513206
Danville,,218123004,,P-1 (R-10),0.0,4.36,0.20048050526616015
Danville,,218123003,,P-1 (R-10),0.0,4.36,0.20347510478306388
Danville,,218123002,,P-1 (R-10),0.0,4.36,0.2083720155129715
Danville,,218123001,,P-1 (R-10),0.0,4.36,0.24389348954824255
Danville,,218124001,,P-1 (R-10),0.0,4.36,0.24104276305000064
Danville,,218123028,,P-1 (R-10),0.0,4.36,0.21057440490344614
Danville,,218123027,,P-1 (R-10),0.0,4.36,0.20117692214750793
Danville,,218125010,,P-1 (R-10),0.0,4.36,0.2322167030400553
Danville,,218125009,,P-1 (R-10),0.0,4.36,0.25278179569506387
Danville,,218125011,,P-1 (R-10),0.0,4.36,0.20224323505095002
Danville,,218125012,,P-1 (R-10),0.0,4.36,0.20959815972338042
Danville,,218125008,,P-1 (R-10),0.0,4.36,0.20688315985944908
Danville,,218125007,,P-1 (R-10),0.0,4.36,0.2195424430652086
Danville,,218125006,,P-1 (R-10),0.0,4.36,0.25608836622107395
Danville,,218125014,,P-1 (R-10),0.0,4.36,0.21270445179274786
Danville,,218125013,,P-1 (R-10),0.0,4.36,0.2059330717909039
Danville,,218123026,,P-1 (R-10),0.0,4.36,0.20845539575916733
Danville,,218123025,,P-1 (R-10),0.0,4.36,0.19888240191548068
Danville,,218123005,,P-1 (R-10),0.0,4.36,0.20599225460959839
Danville,,218123006,,P-1 (R-10),0.0,4.36,0.20291680178301358
Danville,,218123024,,P-1 (R-10),0.0,4.36,0.2021386904396589
Danville,,218123023,,P-1 (R-10),0.0,4.36,0.20029515485856184
Danville,,218123007,,P-1 (R-10),0.0,4.36,0.2003900704829373
Danville,,218123022,,P-1 (R-10),0.0,4.36,0.19992024620878251
Danville,,218125015,,P-1 (R-10),0.0,4.36,0.22354185785638278
Danville,,218125021,,P-1 (R-10),0.0,4.36,0.3162019036621406
Danville,,218125020,,P-1 (R-10),0.0,4.36,0.23399577137022537
Danville,,218125016,,P-1 (R-10),0.0,4.36,0.22140621317721149
Danville,,218125019,,P-1 (R-10),0.0,4.36,0.200532997325316
Danville,,218125017,,P-1 (R-10),0.0,4.36,0.26206165587233093
Danville,,218123018,,P-1 (R-10),0.0,4.36,0.20955959623996084
Danville,,218123013,,P-1 (R-10),0.0,4.36,0.19756418501122408
Danville,,218123019,,P-1 (R-10),0.0,4.36,0.24841591852622025
Danville,,218123020,,P-1 (R-10),0.0,4.36,0.2163424830354122
Danville,,218123021,,P-1 (R-10),0.0,4.36,0.22032695127717267
Danville,,218123010,,P-1 (R-10),0.0,4.36,0.20062421181840479
Danville,,218123011,,P-1 (R-10),0.0,4.36,0.2044644842301423
Danville,,218122002,,P-1 (R-10),0.0,4.36,0.21384802173871664
Danville,,218122001,,P-1 (R-10),0.0,4.36,0.2119368658519468
Danville,,218122003,,P-1 (R-10),0.0,4.36,0.2611184021083636
Danville,,218122004,,P-1 (R-10),0.0,4.36,0.20764385226825782
Danville,,218123009,,P-1 (R-10),0.0,4.36,0.2294747542438249
Danville,,218123008,,P-1 (R-10),0.0,4.36,0.20627169188843536
Danville,,218122007,,P-1 (R-10),0.0,4.36,0.1977698968973575
Danville,,218122006,,P-1 (R-10),0.0,4.36,0.19906768504753983
Danville,,218571016,,P-1,0.0,35.0,1.8953256669453151
Danville,,218571010,,P-1 (R-10),0.0,4.36,0.1956974593407826
Danville,,218571011,,P-1 (R-10),0.0,4.36,0.21671193679814688
Danville,,218122005,,P-1 (R-10),0.0,4.36,0.19833470040188406
Danville,,218571012,,P-1 (R-10),0.0,4.36,0.20249770218720453
Danville,,218571013,,P-1 (R-10),0.0,4.36,0.22400092307621428
Danville,,218571001,,P-1 (R-10),0.0,4.36,0.23187591563068616
Danville,,218571002,,P-1 (R-10),0.0,4.36,0.20360306835288738
Danville,,218571003,,P-1 (R-10),0.0,4.36,0.2573816949944485
Danville,,218572011,,P-1 (R-10),0.0,4.36,0.22437659856396888
Danville,,218572012,,P-1,0.0,35.0,0.8456399209933239
Danville,,218572003,,P-1 (R-10),0.0,4.36,0.23094555926216484
Danville,,218572002,,P-1 (R-10),0.0,4.36,0.24609464935910486
Danville,,218571014,,P-1 (R-10),0.0,4.36,0.23533972252271929
Danville,,218571015,,P-1 (R-10),0.0,4.36,0.19645174326549486
Danville,,218451028,,R-10,0.0,4.36,0.23109112741897994
Danville,,218451029,,R-10,0.0,4.36,0.23871526513378036
Danville,,218572001,,P-1,0.0,35.0,0.5366330038311986
Danville,,218451030,,R-10,0.0,4.36,0.23633493611793432
Danville,,218451013,,R-10,0.0,4.36,0.22142366963329438
Danville,,218451025,,R-10,0.0,4.36,0.23254433049622322
Danville,,218451026,,R-10,0.0,4.36,0.23113732694096706
Danville,,218121007,,P-1 (R-10),0.0,4.36,0.2687559892406584
Danville,,218451027,,R-10,0.0,4.36,0.23003355847208812
Danville,,218121008,,P-1 (R-10),0.0,4.36,0.20737512618703963
Danville,,218121006,,P-1 (R-10),0.0,4.36,0.22715694391862715
Danville,,218121005,,P-1 (R-10),0.0,4.36,0.32400771337595935
Danville,,218123012,,P-1 (R-10),0.0,4.36,0.23779331588894215
Danville,,218121003,,P-1 (R-10),0.0,4.36,0.21472549158813264
Danville,,218451023,,R-10,0.0,4.36,0.2325285058506421
Danville,,218121004,,P-1 (R-10),0.0,4.36,0.1994982117638081
Danville,,218451024,,R-10,0.0,4.36,0.2482297929435122
Danville,,218451022,,R-10,0.0,4.36,0.25660882690709697
Danville,,218451018,,R-10,0.0,4.36,0.24061646730855127
Danville,,218451017,,R-10,0.0,4.36,0.22989786886332703
Danville,,218451016,,R-10,0.0,4.36,0.2503650977452044
Danville,,218451015,,R-10,0.0,4.36,0.22618323500621945
Danville,,218451014,,R-10,0.0,4.36,0.22537439178644803
Danville,,218451010,,R-10,0.0,4.36,0.2997410284275975
Danville,,218451009,,R-10,0.0,4.36,0.2947228956782031
Danville,,218451008,,R-10,0.0,4.36,0.23843528550520335
Danville,,218451007,,R-10,0.0,4.36,0.2794398029153529
Danville,,218451004,,R-10,0.0,4.36,0.29858343561004297
Danville,,218451003,,R-10,0.0,4.36,0.2275002814835191
Danville,,218451002,,R-10,0.0,4.36,0.2898673033896573
Danville,,218442008,,R-10,0.0,4.36,0.4624506164864245
Danville,,218442010,,R-10,0.0,4.36,0.22977130428784576
Danville,,218442011,,R-10,0.0,4.36,0.24213996917155423
Danville,,218451001,,R-10,0.0,4.36,0.2383209852717122
Danville,,218443001,,R-10,0.0,4.36,0.24770177682153147
Danville,,218453006,,R-10,0.0,4.36,0.2353264556402828
Danville,,218453005,,R-10,0.0,4.36,0.2532655016639953
Danville,,218451011,,R-10,0.0,4.36,0.33809867924761583
Danville,,218451012,,R-10,0.0,4.36,0.28813094686131924
Danville,,218453003,,R-10,0.0,4.36,0.2814069024909726
Danville,,218453004,,R-10,0.0,4.36,0.2867414548556402
Danville,,218501005,,R-10,0.0,4.36,0.23395705291086966
Danville,,218501006,,R-10,0.0,4.36,0.24219131722747203
Danville,,218453002,,R-10,0.0,4.36,0.28796102594458634
Danville,,218501009,,R-10,0.0,4.36,0.2275172609798537
Danville,,218501008,,R-10,0.0,4.36,0.3000298366759553
Danville,,218502002,,R-10,0.0,4.36,0.2356085445302664
Danville,,218453001,,R-10,0.0,4.36,0.2608279384361588
Danville,,218452002,,R-10,0.0,4.36,0.23933733099277157
Danville,,218451044,,R-10,0.0,4.36,0.2543834733385001
Danville,,218451043,,R-10,0.0,4.36,0.25817655757202224
Danville,,218451042,,R-10,0.0,4.36,0.23941463281119596
Danville,,218451041,,R-10,0.0,4.36,0.2468363616372718
Danville,,218451040,,R-10,0.0,4.36,0.2425840984785613
Danville,,218451039,,R-10,0.0,4.36,0.23142635505694364
Danville,,218451038,,R-10,0.0,4.36,0.22733414192346654
Danville,,218451037,,R-10,0.0,4.36,0.22959229690541583
Danville,,218451033,,R-10,0.0,4.36,0.2772007685927036
Danville,,218451032,,R-10,0.0,4.36,0.23569741082684745
Danville,,218451031,,R-10,0.0,4.36,0.23382282868660445
Danville,,218572004,,P-1 (R-10),0.0,4.36,0.18464227933268454
Danville,,218572010,,P-1 (R-10),0.0,4.36,0.22217590776120794
Danville,,218572006,,P-1 (R-10),0.0,4.36,0.21711185597635252
Danville,,218572005,,P-1 (R-10),0.0,4.36,0.19017178113333433
Danville,,218451034,,R-10,0.0,4.36,0.3630119768795842
Danville,,218503003,,R-10,0.0,4.36,0.22981532481201797
Danville,,218503004,,R-10,0.0,4.36,0.2361226687822031
Danville,,218505001,,R-10,0.0,4.36,0.23507785219669
Danville,,218505002,,R-10,0.0,4.36,0.23910094069782148
Danville,,218503001,,R-10,0.0,4.36,0.26396611009811277
Danville,,218503002,,R-10,0.0,4.36,0.2226468299349226
Danville,,218451046,,R-10,0.0,4.36,0.2589206021327222
Danville,,218451035,,R-10,0.0,4.36,0.3419168398039544
Danville,,218451045,,R-10,0.0,4.36,0.2356669505430603
Danville,,218451036,,R-10,0.0,4.36,0.28532657367782144
Danville,,218502021,,R-10,0.0,4.36,0.2401330191957382
Danville,,218452001,,R-10,0.0,4.36,0.26239992796277856
Danville,,218502001,,R-10,0.0,4.36,0.2736193814744126
Danville,,218502019,,R-10,0.0,4.36,0.23868742486991343
Danville,,218502020,,R-10,0.0,4.36,0.2317859201108122
Danville,,218506004,,R-10,0.0,4.36,0.26456930973048876
Danville,,218506010,,R-10,0.0,4.36,0.23623543941317543
Danville,,218506009,,R-10,0.0,4.36,0.2411158485008795
Danville,,218506001,,R-10,0.0,4.36,0.22501095533425144
Danville,,218520026,,R-10,0.0,4.36,0.2677919512001478
Danville,,218520012,,R-10,0.0,4.36,0.23023810587881932
Danville,,218520025,,R-10,0.0,4.36,0.23947334331500222
Danville,,218520027,,R-10,0.0,4.36,0.32344877705571307
Danville,,218520023,,R-15,0.0,2.9,0.3523958803392914
Danville,,218520024,,R-15,0.0,2.9,0.3936055230221327
Danville,,218520018,,R-15,0.0,2.9,0.5778921588610125
Danville,,218520017,,R-15,0.0,2.9,0.555129695264961
Danville,,218520016,,R-15,0.0,2.9,0.7306134284222864
Danville,,218520015,,R-15,0.0,2.9,0.5557231861410878
Danville,,218520014,,R-10,0.0,4.36,0.23783320051580653
Danville,,218520013,,R-10,0.0,4.36,0.23959362472244952
Danville,,218520009,,R-10,0.0,4.36,0.25967450374043716
Danville,,218520008,,R-15,0.0,2.9,0.29424639664947255
Danville,,218520007,,R-15,0.0,2.9,0.34807250244299803
Danville,,218520006,,R-15,0.0,2.9,0.3424679594820591
Danville,,218520005,,R-15,0.0,2.9,0.34193250620679505
Danville,,218520004,,R-15,0.0,2.9,0.34361444349739784
Danville,,218573013,,P-1 (R-10),0.0,4.36,0.3212256446727212
Danville,,218573014,,P-1 (R-10),0.0,4.36,0.27115741630565654
Danville,,218573012,,P-1 (R-10),0.0,4.36,0.36893553489498876
Danville,,218573011,,P-1 (R-10),0.0,4.36,0.23693779460285735
Danville,,218573008,,P-1 (R-10),0.0,4.36,0.2527070482248716
Danville,,218573006,,P-1 (R-10),0.0,4.36,0.22644834984183168
Danville,,218573005,,P-1 (R-10),0.0,4.36,0.27325642092742314
Danville,,218573009,,P-1 (R-10),0.0,4.36,0.2739816174965125
Danville,,218573010,,P-1 (R-10),0.0,4.36,0.29876520169354714
Danville,,218520003,,R-10,0.0,4.36,0.28506844490526306
Danville,,218520002,,R-10,0.0,4.36,0.31372531448857743
Danville,,218520010,,R-10,0.0,4.36,0.27123781831403
Danville,,218520011,,R-10,0.0,4.36,0.23401461066521426
Danville,,218520001,,R-10,0.0,4.36,0.3289672718489736
Danville,,218504001,,R-10,0.0,4.36,0.3089313984098587
Danville,,218573004,,P-1 (R-10),0.0,4.36,0.2606349955485773
Danville,,218573007,,P-1 (R-10),0.0,4.36,0.23361919452837274
Danville,,218573002,,P-1 (R-10),0.0,4.36,0.2821385993223352
Danville,,218573003,,P-1 (R-10),0.0,4.36,0.24311858527320154
Danville,,218572007,,P-1 (R-10),0.0,4.36,0.28384663339413546
Danville,,218572008,,P-1 (R-10),0.0,4.36,0.1946431488100908
Danville,,218572009,,P-1 (R-10),0.0,4.36,0.29152128239334524
Danville,,218573001,,P-1,0.0,35.0,0.4062446860191795
Danville,,218575001,,P-1 (R-7),0.0,6.22,0.17949229340117104
Danville,,218575002,,P-1 (R-7),0.0,6.22,0.11571036708952888
Danville,,218575003,,P-1 (R-7),0.0,6.22,0.11337812189445594
Danville,,218040025,,P-1 (R-7),0.0,6.22,17.38
Danville,,218575006,,P-1 (R-7),0.0,6.22,0.11041757188535559
Danville,,218575005,,P-1 (R-7),0.0,6.22,0.11497922244604204
Danville,,218575004,,P-1 (R-7),0.0,6.22,0.113527656706683
Danville,,218573015,,P-1 (R-10),0.0,4.36,0.1924577893020402
Danville,,218575007,,P-1 (R-7),0.0,6.22,0.11539120415227494
Danville,,218575009,,P-1 (R-7),0.0,6.22,0.11199451430157309
Danville,,218575008,,P-1 (R-7),0.0,6.22,0.11371049951255435
Danville,,218575010,,P-1 (R-7),0.0,6.22,0.12301430499121409
Danville,,218573016,,P-1 (R-7),0.0,6.22,0.23500056822277157
Danville,,218573017,,P-1 (R-7),0.0,6.22,0.1182571501995145
Danville,,218573018,,P-1 (R-7),0.0,6.22,0.11645408560277666
Danville,,218573019,,P-1 (R-7),0.0,6.22,0.11734137904127423
Danville,,218575011,,P-1 (R-7),0.0,6.22,0.11951117321979807
Danville,,218575012,,P-1 (R-7),0.0,6.22,0.12010825811710389
Danville,,218582031,,P-1 (R-7),0.0,6.22,0.12004795574089876
Danville,,218582030,,P-1 (R-7),0.0,6.22,0.1191023228610772
Danville,,218641030,,P-1,0.0,35.0,0.08579022787647854
Danville,,218641029,,P-1,0.0,35.0,0.08412740932253085
Danville,,218641027,,P-1,0.0,35.0,0.07962794956234143
Danville,,218641026,,P-1,0.0,35.0,0.0569637468524308
Danville,,218641028,,P-1,0.0,35.0,0.08453027553571899
Danville,,218641025,,P-1,0.0,35.0,0.07627308534639107
Danville,,218641024,,P-1,0.0,35.0,0.08211588994191732
Danville,,218641023,,P-1,0.0,35.0,0.0841537885732855
Danville,,218641022,,P-1,0.0,35.0,0.08195189804194158
Danville,,218641021,,P-1,0.0,35.0,0.055205086669220714
Danville,,218641020,,P-1,0.0,35.0,0.081515909325084
Danville,,218641019,,P-1,0.0,35.0,0.07536534228834896
Danville,,218641018,,P-1,0.0,35.0,0.08036617821523082
Danville,,218641017,,P-1,0.0,35.0,0.08390195444983985
Danville,,218641015,,P-1,0.0,35.0,0.07472835394593176
Danville,,218641016,,P-1,0.0,35.0,0.05938395791645296
Danville,,218641013,,P-1,0.0,35.0,0.08228039279515757
Danville,,218641014,,P-1,0.0,35.0,0.08013690373392451
Danville,,218641012,,P-1,0.0,35.0,0.08092223219858581
Danville,,218641011,,P-1,0.0,35.0,0.07031311268733606
Danville,,218641010,,P-1,0.0,35.0,0.0802383546397046
Danville,,218641009,,P-1,0.0,35.0,0.08407071653897702
Danville,,218641008,,P-1,0.0,35.0,0.08445428668871613
Danville,,218641007,,P-1,0.0,35.0,0.07206424896120737
Danville,,218582026,,P-1 (R-7),0.0,6.22,0.11727122343615846
Danville,,218582025,,P-1 (R-7),0.0,6.22,0.11264393592916798
Danville,,218582023,,P-1 (R-7),0.0,6.22,0.1144263069924067
Danville,,218582024,,P-1 (R-7),0.0,6.22,0.11685036117206629
Danville,,218582021,,P-1 (R-7),0.0,6.22,0.12548791820984426
Danville,,218582022,,P-1 (R-7),0.0,6.22,0.11376656228994513
Danville,,218581021,,P-1 (R-7),0.0,6.22,0.15002538463474274
Danville,,218581022,,P-1 (R-7),0.0,6.22,0.14054115370859865
Danville,,218581025,,P-1 (R-7),0.0,6.22,0.1423734867641501
Danville,,218581024,,P-1 (R-7),0.0,6.22,0.13408511819537094
Danville,,218581023,,P-1 (R-7),0.0,6.22,0.14722270241350421
Danville,,218581020,,P-1 (R-7),0.0,6.22,0.1409171310643402
Danville,,218581019,,P-1 (R-7),0.0,6.22,0.18639688139584684
Danville,,218581008,,P-1 (R-7),0.0,6.22,0.1367431850963119
Danville,,218581007,,P-1 (R-7),0.0,6.22,0.13777434293870988
Danville,,218581006,,P-1 (R-7),0.0,6.22,0.12324928092716117
Danville,,218582027,,P-1 (R-7),0.0,6.22,0.11596778141404598
Danville,,218582028,,P-1 (R-7),0.0,6.22,0.11182565515928021
Danville,,218582029,,P-1 (R-7),0.0,6.22,0.1160466588572678
Danville,,218581003,,P-1 (R-7),0.0,6.22,0.11242189425157266
Danville,,218581005,,P-1 (R-7),0.0,6.22,0.11278616001138819
Danville,,218581004,,P-1 (R-7),0.0,6.22,0.114826777329618
Danville,,218581002,,P-1 (R-7),0.0,6.22,0.11565982900825945
Danville,,218581001,,P-1 (R-7),0.0,6.22,0.11652474681578777
Danville,,218581009,,P-1 (R-7),0.0,6.22,0.12917526591305492
Danville,,218581010,,P-1 (R-7),0.0,6.22,0.11784585999505534
Danville,,218581012,,P-1 (R-7),0.0,6.22,0.14002873422195913
Danville,,218581011,,P-1 (R-7),0.0,6.22,0.12102191158383657
Danville,,218581018,,P-1 (R-7),0.0,6.22,0.15417645068635288
Danville,,218581017,,P-1 (R-7),0.0,6.22,0.16437850754566322
Danville,,218581013,,P-1 (R-7),0.0,6.22,0.11688174664668759
Danville,,218581014,,P-1 (R-7),0.0,6.22,0.1621339442857472
Danville,,218511010,,R-15,0.0,2.9,0.39549469925908387
Danville,,218511011,,R-15,0.0,2.9,0.3830722734498476
Danville,,218511012,,R-15,0.0,2.9,0.3676732356210854
Danville,,218511013,,R-15,0.0,2.9,0.343605414873194
Danville,,218511015,,R-15,0.0,2.9,0.41016908558489906
Danville,,218511014,,R-15,0.0,2.9,0.3733863601348019
Danville,,218563013,,R-15,0.0,2.9,0.43951228949639426
Danville,,218563012,,R-15,0.0,2.9,0.4280653185022864
Danville,,218511016,,R-15,0.0,2.9,0.39785401895454503
Danville,,218563011,,R-15,0.0,2.9,0.39594333455808883
Danville,,218563010,,R-15,0.0,2.9,0.5701268963602957
Danville,,218563020,,R-15,0.0,2.9,0.3997384578374245
Danville,,218563005,,R-15,0.0,2.9,0.3760730206550476
Danville,,218563006,,R-15,0.0,2.9,0.3450014407484433
Danville,,218562008,,R-15,0.0,2.9,0.3582925441723985
Danville,,218562007,,R-15,0.0,2.9,0.3725845966097815
Danville,,218562006,,R-15,0.0,2.9,0.34278535697462753
Danville,,218563007,,R-15,0.0,2.9,0.44782526810485107
Danville,,218563009,,R-15,0.0,2.9,0.358782673215399
Danville,,218563008,,R-15,0.0,2.9,0.42774849098366896
Danville,,218562003,,R-15,0.0,2.9,0.3438380929778961
Danville,,218561004,,R-15,0.0,2.9,0.3981834329620849
Danville,,218563017,,R-15,0.0,2.9,0.37331732378671834
Danville,,218563015,,R-15,0.0,2.9,0.3880977861303818
Danville,,218563016,,R-15,0.0,2.9,0.33812459285652813
Danville,,218563014,,R-15,0.0,2.9,0.49686375204534056
Danville,,218511022,,R-15,0.0,2.9,0.5255646661242399
Danville,,218511021,,R-15,0.0,2.9,0.35942103373009693
Danville,,218563019,,R-15,0.0,2.9,0.48599993908838246
Danville,,218563018,,R-15,0.0,2.9,0.42862509684909506
Danville,,218561003,,R-15,0.0,2.9,0.4054821295961068
Danville,,218561002,,R-15,0.0,2.9,0.363938580473284
Danville,,218561001,,R-15,0.0,2.9,0.3328984493018698
Danville,,218512001,,R-15,0.0,2.9,0.35244347010727656
Danville,,218512002,,R-15,0.0,2.9,0.3602084127548008
Danville,,218550010,,R-15,0.0,2.9,0.4308538882832122
Danville,,218512003,,R-15,0.0,2.9,0.35782815160395554
Danville,,218511005,,R-15,0.0,2.9,0.35018765670111685
Danville,,218512004,,R-15,0.0,2.9,0.35339281399778866
Danville,,218512005,,R-15,0.0,2.9,0.3667721951994994
Danville,,218511004,,R-15,0.0,2.9,0.3554022489352339
Danville,,218511003,,R-15,0.0,2.9,0.3498920512966829
Danville,,218520037,,R-15,0.0,2.9,0.3427177504310499
Danville,,218520036,,R-15,0.0,2.9,0.37956812535484125
Danville,,218511006,,R-15,0.0,2.9,0.36321065645285555
Danville,,218511020,,R-15,0.0,2.9,0.3385740002158112
Danville,,218511007,,R-15,0.0,2.9,0.3551290210977015
Danville,,218511019,,R-15,0.0,2.9,0.37517264348195956
Danville,,218511018,,R-15,0.0,2.9,0.40351189166812984
Danville,,218511017,,R-15,0.0,2.9,0.40623549011388665
Danville,,218511008,,R-15,0.0,2.9,0.35916810458006815
Danville,,218511009,,R-15,0.0,2.9,0.3429284614066359
Danville,,218520038,,R-15,0.0,2.9,0.5130365921665628
Danville,,218520035,,R-15,0.0,2.9,0.35751242471509875
Danville,,218520041,,R-15,0.0,2.9,0.3847404359499412
Danville,,218520039,,R-15,0.0,2.9,0.8238651301139313
Danville,,218520040,,R-15,0.0,2.9,0.4888257121126999
Danville,,218520019,,R-15,0.0,2.9,0.8167746992014768
Danville,,218520022,,R-15,0.0,2.9,0.43764173634655046
Danville,,218520021,,R-15,0.0,2.9,0.6034276657788686
Danville,,218520043,,R-15,0.0,2.9,0.3942917048510277
Danville,,218520020,,R-15,0.0,2.9,0.5336364514868961
Danville,,218520042,,R-15,0.0,2.9,0.40777494904152406
Danville,,218520033,,R-10,0.0,4.36,0.23509258998453125
Danville,,218520031,,R-10,0.0,4.36,0.25044012552282274
Danville,,218520044,,R-10,0.0,4.36,0.2641835592584517
Danville,,218520029,,R-10,0.0,4.36,0.23534849077095632
Danville,,218520030,,R-10,0.0,4.36,0.23560145163988194
Danville,,218506006,,R-10,0.0,4.36,0.27018625510064004
Danville,,218506005,,R-10,0.0,4.36,0.2500355539535051
Danville,,218502018,,R-10,0.0,4.36,0.25188532640061856
Danville,,218502017,,R-10,0.0,4.36,0.24063997204726606
Danville,,218506007,,R-10,0.0,4.36,0.24366152812023775
Danville,,218507002,,R-10,0.0,4.36,0.2819032713651601
Danville,,218507001,,R-10,0.0,4.36,0.30555148841446617
Danville,,218512008,,R-10,0.0,4.36,0.2766783415348394
Danville,,218506008,,R-10,0.0,4.36,0.22762555563599313
Danville,,218520032,,R-10,0.0,4.36,0.24841858578119388
Danville,,218511001,,R-10,0.0,4.36,0.2322954905435503
Danville,,218520034,,R-10,0.0,4.36,0.22848422310980235
Danville,,218511002,,R-10,0.0,4.36,0.23357706164841033
Danville,,218512006,,R-10,0.0,4.36,0.34140074029959544
Danville,,218512007,,R-10,0.0,4.36,0.2737549600103654
Danville,,218550014,,R-10,0.0,4.36,0.2817930136057109
Danville,,218550013,,R-10,0.0,4.36,0.37505156267886686
Danville,,218550012,,R-15,0.0,2.9,0.37337780177415153
Danville,,218550011,,R-15,0.0,2.9,0.344879419630251
Danville,,218540018,,R-15,0.0,2.9,0.3436696378940527
Danville,,218540002,,R-10,0.0,4.36,0.38912851912670365
Danville,,218540001,,R-10,0.0,4.36,0.3927363716234975
Danville,,218445001,,R-10,0.0,4.36,0.3298004196849326
Danville,,218502011,,R-10,0.0,4.36,0.24576878527870186
Danville,,218502012,,R-10,0.0,4.36,0.23383291109068102
Danville,,218502013,,R-10,0.0,4.36,0.23444660537061243
Danville,,218508001,,R-10,0.0,4.36,0.24603121434709213
Danville,,218507004,,R-10,0.0,4.36,0.2373491630491835
Danville,,218507003,,R-10,0.0,4.36,0.30320109374251275
Danville,,218502014,,R-10,0.0,4.36,0.23105709802192437
Danville,,218502015,,R-10,0.0,4.36,0.22776939063234844
Danville,,218502016,,R-10,0.0,4.36,0.23356020274946596
Danville,,218502003,,R-10,0.0,4.36,0.22654325781802445
Danville,,218502004,,R-10,0.0,4.36,0.22371503786334945
Danville,,218502005,,R-10,0.0,4.36,0.2506018284071064
Danville,,218501007,,R-10,0.0,4.36,0.24488014313391937
Danville,,218501003,,R-10,0.0,4.36,0.22548184445540792
Danville,,218502006,,R-10,0.0,4.36,0.2657938133773208
Danville,,218502007,,R-10,0.0,4.36,0.30911832555384194
Danville,,218502008,,R-10,0.0,4.36,0.3935227704824115
Danville,,218444006,,R-10,0.0,4.36,0.2507637620230128
Danville,,218444005,,R-10,0.0,4.36,0.2872511592497508
Danville,,218444004,,R-10,0.0,4.36,0.2851595818448633
Danville,,218502010,,R-10,0.0,4.36,0.27258405959389503
Danville,,218502009,,R-10,0.0,4.36,0.2687656401614093
Danville,,218501002,,R-10,0.0,4.36,0.24469091131330167
Danville,,218501004,,R-10,0.0,4.36,0.28723681204172447
Danville,,218501001,,R-10,0.0,4.36,0.23057422679221284
Danville,,218444001,,R-10,0.0,4.36,0.23169314862880044
Danville,,218442009,,R-10,0.0,4.36,0.30987929456406815
Danville,,218442004,,R-10,0.0,4.36,0.394312142751181
Danville,,218442003,,R-10,0.0,4.36,0.267429316631759
Danville,,218444002,,R-10,0.0,4.36,0.23101446873103845
Danville,,218444003,,R-10,0.0,4.36,0.2717655560153401
Danville,,218442002,,R-10,0.0,4.36,0.2594028088608952
Danville,,218441006,,R-10,0.0,4.36,0.305069961014237
Danville,,218441004,,R-10,0.0,4.36,0.3066088912588844
Danville,,218441003,,R-10,0.0,4.36,0.275781646070311
Danville,,218441002,,R-10,0.0,4.36,0.3108022522244754
Danville,,218531002,,R-15,0.0,2.9,0.3487973466460122
Danville,,218531003,,R-15,0.0,2.9,0.34738124834266826
Danville,,218441005,,R-10,0.0,4.36,0.30732945657284055
Danville,,218531004,,R-15,0.0,2.9,0.3369509868600667
Danville,,218531007,,R-15,0.0,2.9,0.37492240489545126
Danville,,218531009,,R-15,0.0,2.9,0.3555112910273845
Danville,,218531008,,R-15,0.0,2.9,0.3680776546328168
Danville,,218532019,,R-15,0.0,2.9,0.3406413915229152
Danville,,218532020,,R-15,0.0,2.9,0.4363504167686467
Danville,,218531001,,R-15,0.0,2.9,0.3503860329049043
Danville,,218441001,,R-10,0.0,4.36,0.290421342639076
Danville,,218444008,,R-10,0.0,4.36,0.2418738040678356
Danville,,218445002,,R-10,0.0,4.36,1.132254544375522
Danville,,218532021,,R-15,0.0,2.9,0.3463296503405261
Danville,,218540004,,R-15,0.0,2.9,0.3650956654102258
Danville,,218540005,,R-15,0.0,2.9,0.3617942681331719
Danville,,218532015,,R-15,0.0,2.9,0.4521157963072866
Danville,,218532016,,R-15,0.0,2.9,0.4882507174173027
Danville,,218532017,,R-15,0.0,2.9,0.4089419995187968
Danville,,218532018,,R-15,0.0,2.9,0.3700772884455356
Danville,,218532014,,R-15,0.0,2.9,0.42612235550755806
Danville,,218532013,,R-15,0.0,2.9,0.34578909928968393
Danville,,218532012,,R-15,0.0,2.9,0.34907743229839655
Danville,,218532011,,R-15,0.0,2.9,0.34347712753207243
Danville,,218532003,,R-15,0.0,2.9,0.5115575596780503
Danville,,218532010,,R-15,0.0,2.9,0.40984774512403255
Danville,,218532008,,R-15,0.0,2.9,0.5365982847036319
Danville,,218532006,,R-15,0.0,2.9,0.5646221960496622
Danville,,218532009,,R-15,0.0,2.9,0.4256335977972244
Danville,,218532005,,R-15,0.0,2.9,0.4686318668890435
Danville,,218532004,,R-15,0.0,2.9,0.5461546441571704
Danville,,218491013,,P-1,0.0,35.0,2.844708731099555
Danville,,218532007,,R-15,0.0,2.9,0.44318443128575014
Danville,,218540017,,P-1,0.0,35.0,9.004
Danville,,218540013,,R-15,0.0,2.9,0.39302818655590016
Danville,,218540014,,R-15,0.0,2.9,0.3331327478317843
Danville,,218540009,,R-15,0.0,2.9,0.3454954387616241
Danville,,218540010,,R-15,0.0,2.9,0.3915828850242439
Danville,,218540012,,R-15,0.0,2.9,0.4289360573190782
Danville,,218540011,,R-15,0.0,2.9,0.45495676849237304
Danville,,218540008,,R-15,0.0,2.9,0.4543829492178921
Danville,,218540007,,R-15,0.0,2.9,0.3771279283666343
Danville,,218540006,,R-15,0.0,2.9,0.39574041674027216
Danville,,218550008,,R-15,0.0,2.9,0.3999089253980691
Danville,,218550009,,R-15,0.0,2.9,0.3542302885819527
Danville,,218550007,,R-15,0.0,2.9,0.35844816428110804
Danville,,218550006,,R-15,0.0,2.9,0.36832146345127936
Danville,,218550003,,R-15,0.0,2.9,0.3393934765753191
Danville,,218550004,,R-15,0.0,2.9,0.3537232889772304
Danville,,218550005,,R-15,0.0,2.9,0.35567469137547547
Danville,,218540015,,R-15,0.0,2.9,0.4920919429780181
Danville,,218550002,,R-15,0.0,2.9,0.5866012654228525
Danville,,218550001,,P-1,0.0,35.0,3.861944886787891
Danville,,218561007,,R-15,0.0,2.9,0.4129793016502627
Danville,,218561006,,R-15,0.0,2.9,0.3549625345905661
Danville,,218561005,,R-15,0.0,2.9,0.36146193410053035
Danville,,218562002,,R-15,0.0,2.9,0.41688897003982706
Danville,,218562001,,R-15,0.0,2.9,0.644948063955004
Danville,,218562004,,R-15,0.0,2.9,0.5849187935705309
Danville,,218562005,,R-15,0.0,2.9,0.4263469463001363
Danville,,207510003,,R-15,0.0,2.9,0.7166108821427271
Danville,,207510002,,R-15,0.0,2.9,0.7228785688043382
Danville,,207510001,,R-15,0.0,2.9,0.755094806808844
Danville,,207452009,,R-15,0.0,2.9,0.5206877944948579
Danville,,207452010,,P-1,0.0,35.0,6.468297438944497
Danville,,207081041,,P-1,0.0,35.0,9.119
Danville,,207451007,,R-15,0.0,2.9,0.3575651307690123
Danville,,207451006,,R-15,0.0,2.9,0.3571320179895253
Danville,,207451004,,R-15,0.0,2.9,0.34665921376478037
Danville,,207451003,,R-15,0.0,2.9,0.3433511333636939
Danville,,207451005,,R-15,0.0,2.9,0.3445658842980917
Danville,,207452002,,R-15,0.0,2.9,0.3481014543836963
Danville,,207452003,,R-15,0.0,2.9,0.3332503362750172
Danville,,207452004,,R-15,0.0,2.9,0.33821617211272914
Danville,,207452005,,R-15,0.0,2.9,0.3326327756746994
Danville,,207452007,,R-15,0.0,2.9,0.3594333449334276
Danville,,207452006,,R-15,0.0,2.9,0.3311460765262332
Danville,,207451002,,R-15,0.0,2.9,0.345778697561782
Danville,,207451001,,R-15,0.0,2.9,0.3732977440454094
Danville,,207451008,,R-15,0.0,2.9,1.1749673792882298
Danville,,207441009,,R-15,0.0,2.9,0.32281875325050624
Danville,,207472020,,R-15,0.0,2.9,0.38641757983955477
Danville,,207472021,,R-15,0.0,2.9,0.46088269846741015
Danville,,207472022,,R-15,0.0,2.9,0.3493775047575513
Danville,,207472023,,R-15,0.0,2.9,0.22522865694764257
Danville,,207472033,,R-15,0.0,2.9,0.3468309311680082
Danville,,207472032,,R-15,0.0,2.9,0.40727272028729006
Danville,,207472036,,R-15,0.0,2.9,0.3543051261388856
Danville,,207472035,,R-15,0.0,2.9,0.3444775242883452
Danville,,207081042,,P-1,0.0,35.0,6.191
Danville,,207472034,,R-15,0.0,2.9,0.3551798173844436
Danville,,207460013,,R-15,0.0,2.9,0.3012221594549635
Danville,,207460025,,P-1,0.0,35.0,10.7
Danville,,207472042,,P-1,0.0,35.0,6.73
Danville,,207460016,,R-15,0.0,2.9,0.3967696818506693
Danville,,207460014,,R-15,0.0,2.9,0.44465007780748167
Danville,,207460012,,R-15,0.0,2.9,0.3140378415278985
Danville,,207460015,,R-15,0.0,2.9,0.41100476377149686
Danville,,207460011,,R-15,0.0,2.9,0.3610739733100902
Danville,,207460010,,R-15,0.0,2.9,0.4192880695719262
Danville,,207460009,,R-15,0.0,2.9,0.4370183651684408
Danville,,207460008,,R-15,0.0,2.9,0.37303441195193676
Danville,,207460007,,R-15,0.0,2.9,0.4496091334168524
Danville,,207460006,,R-15,0.0,2.9,0.3999654283937568
Danville,,207460019,,R-15,0.0,2.9,0.44529673126613095
Danville,,207460018,,R-15,0.0,2.9,0.534208560096615
Danville,,207460017,,R-15,0.0,2.9,0.4813292552020206
Danville,,207460024,,R-15,0.0,2.9,0.31377665563113727
Danville,,207460023,,R-15,0.0,2.9,0.2344264656316822
Danville,,207460020,,R-15,0.0,2.9,0.32112565967275836
Danville,,207460021,,R-15,0.0,2.9,0.3041617585203888
Danville,,207460022,,R-15,0.0,2.9,0.24828732067408113
Danville,,207460003,,R-15,0.0,2.9,0.23954499933982445
Danville,,207460004,,R-15,0.0,2.9,0.2704824885340448
Danville,,207460005,,R-15,0.0,2.9,0.25458441316254776
Danville,,207471002,,R-15,0.0,2.9,0.3929815729392171
Danville,,207472009,,R-15,0.0,2.9,0.2986874381694836
Danville,,207471001,,R-15,0.0,2.9,0.2710768344666017
Danville,,207472008,,R-15,0.0,2.9,0.27819600668798283
Danville,,207472006,,R-15,0.0,2.9,0.5459571573510605
Danville,,207472010,,R-15,0.0,2.9,0.2525444957457215
Danville,,207472011,,R-15,0.0,2.9,0.2399566946232913
Danville,,207472041,,R-15,0.0,2.9,0.441981705193688
Danville,,207472040,,R-15,0.0,2.9,0.36116371395954205
Danville,,207472039,,R-15,0.0,2.9,0.31527740712026336
Danville,,207472038,,R-15,0.0,2.9,0.3490932410661796
Danville,,207472037,,R-15,0.0,2.9,0.35833925492697827
Danville,,207472030,,R-15,0.0,2.9,0.3804089915564336
Danville,,207472031,,R-15,0.0,2.9,0.39561054727773565
Danville,,207472024,,R-15,0.0,2.9,0.32737875849627446
Danville,,207472025,,R-15,0.0,2.9,0.3727950640027353
Danville,,207472029,,R-15,0.0,2.9,0.3875488504946379
Danville,,207472028,,R-15,0.0,2.9,0.3522989496074822
Danville,,207472027,,R-15,0.0,2.9,0.3037389608184241
Danville,,207472012,,R-15,0.0,2.9,0.2640417601018938
Danville,,207472014,,R-15,0.0,2.9,0.2768791453177207
Danville,,207472013,,R-15,0.0,2.9,0.2716659707113286
Danville,,207472018,,R-15,0.0,2.9,0.357055157631284
Danville,,207472026,,R-15,0.0,2.9,0.26963099922470685
Danville,,207472019,,R-15,0.0,2.9,0.4315228377761928
Danville,,207472017,,R-15,0.0,2.9,0.40301729991190055
Danville,,207441008,,R-15,0.0,2.9,0.3303721228338683
Danville,,207441007,,R-15,0.0,2.9,0.31911426863382414
Danville,,207472016,,R-15,0.0,2.9,0.34481039790111717
Danville,,207441006,,R-15,0.0,2.9,0.3146326711529442
Danville,,207441005,,R-15,0.0,2.9,0.28571731927241667
Danville,,207472015,,R-15,0.0,2.9,0.3855119086901466
Danville,,207472005,,R-15,0.0,2.9,0.767258096407041
Danville,,207441003,,R-15,0.0,2.9,0.3494714485751656
Danville,,207472004,,R-15,0.0,2.9,0.5014837380182486
Danville,,207441004,,R-15,0.0,2.9,0.28171275945261653
Danville,,207441002,,R-15,0.0,2.9,0.3226553486703086
Danville,,207441001,,R-15,0.0,2.9,0.2974908865128148
Danville,,207382005,,R-15,0.0,2.9,0.2545084010218794
Danville,,207382004,,R-15,0.0,2.9,0.24277998359243422
Danville,,207382003,,R-15,0.0,2.9,0.2708531160205355
Danville,,207382002,,R-15,0.0,2.9,0.3217687475591976
Danville,,207382001,,R-15,0.0,2.9,0.27628872953139816
Danville,,207472002,,R-15,0.0,2.9,0.2646026382904545
Danville,,207472003,,R-15,0.0,2.9,0.6880470518192109
Danville,,207472007,,R-15,0.0,2.9,0.3287841091176752
Danville,,207472001,,R-15,0.0,2.9,0.32844034554984763
Danville,,207471004,,R-15,0.0,2.9,0.2552485413631862
Danville,,207471003,,R-15,0.0,2.9,0.29189378069885163
Danville,,207381007,,R-15,0.0,2.9,0.2995944806100183
Danville,,207381008,,R-15,0.0,2.9,0.2577620071708502
Danville,,207381005,,R-15,0.0,2.9,0.30836931293523656
Danville,,207381004,,R-15,0.0,2.9,0.3007100963282359
Danville,,207381009,,R-15,0.0,2.9,0.2930081056959926
Danville,,207381010,,R-15,0.0,2.9,0.2549403058439189
Danville,,207384007,,R-15,0.0,2.9,0.2187800725875963
Danville,,207384020,,R-15,0.0,2.9,0.22895132362859436
Danville,,207384019,,R-15,0.0,2.9,0.22259474846188274
Danville,,207384025,,R-15,0.0,2.9,0.21579865568099776
Danville,,207384010,,R-15,0.0,2.9,0.31163685875590014
Danville,,207384009,,R-15,0.0,2.9,0.2748448704006416
Danville,,207384008,,R-15,0.0,2.9,0.23957721174175084
Danville,,207384006,,R-15,0.0,2.9,0.21358390475960348
Danville,,207384005,,R-15,0.0,2.9,0.22359355081287122
Danville,,207384004,,R-15,0.0,2.9,0.22713527665778344
Danville,,207384003,,R-15,0.0,2.9,0.22789813609053802
Danville,,207384002,,R-15,0.0,2.9,0.2296235885072188
Danville,,207384001,,R-15,0.0,2.9,0.22924026423819974
Danville,,207262002,,R-15,0.0,2.9,0.34474731809142645
Danville,,207384012,,R-15,0.0,2.9,0.23267942941668449
Danville,,207262001,,R-15,0.0,2.9,0.3462329768325989
Danville,,207384011,,R-15,0.0,2.9,0.27107379856354036
Danville,,207384013,,R-15,0.0,2.9,0.2204903643679172
Danville,,207384017,,R-15,0.0,2.9,0.22031774612448518
Danville,,207384016,,R-15,0.0,2.9,0.24889378366305226
Danville,,207384015,,R-15,0.0,2.9,0.2715747558332925
Danville,,207384014,,R-15,0.0,2.9,0.22791742846856952
Danville,,207262005,,R-15,0.0,2.9,0.3493473913185516
Danville,,207262004,,R-15,0.0,2.9,0.3518014685199945
Danville,,207262003,,R-15,0.0,2.9,0.34882054205482055
Danville,,207283001,,R-15,0.0,2.9,0.34431772042383707
Danville,,207283003,,R-15,0.0,2.9,0.9464071482490576
Danville,,207283004,,R-15,0.0,2.9,0.32725269906923676
Danville,,218461001,,R-15,0.0,2.9,0.3653963276960917
Danville,,207283005,,R-15,0.0,2.9,0.3399956627178358
Danville,,207284001,,R-15,0.0,2.9,0.3465051007450088
Danville,,218481010,,R-15,0.0,2.9,0.3713259753425464
Danville,,218481011,,R-15,0.0,2.9,0.3431490504254175
Danville,,218461002,,R-15,0.0,2.9,0.32572782472754036
Danville,,218481009,,R-15,0.0,2.9,0.3593371877791362
Danville,,218481008,,R-15,0.0,2.9,0.25723861669388787
Danville,,207284003,,R-15,0.0,2.9,0.3416657150255711
Danville,,207284002,,R-15,0.0,2.9,0.34309896454207467
Danville,,207284005,,R-15,0.0,2.9,0.35064458525212017
Danville,,218481005,,R-15,0.0,2.9,0.3932643617431713
Danville,,207383005,,R-15,0.0,2.9,0.39037833465095256
Danville,,207383003,,R-15,0.0,2.9,0.3649355022937173
Danville,,218481003,,R-15,0.0,2.9,0.39745710602604284
Danville,,218481002,,R-15,0.0,2.9,0.3164239393943876
Danville,,218482011,,P-1 (R-10),0.0,4.36,0.20154180653185572
Danville,,218482012,,P-1 (R-10),0.0,4.36,0.22558970842496706
Danville,,218481004,,R-15,0.0,2.9,0.2676592787516911
Danville,,218481006,,R-15,0.0,2.9,0.45174379982363444
Danville,,218481007,,R-15,0.0,2.9,0.24138420401349128
Danville,,218482005,,P-1 (R-10),0.0,4.36,0.22983297289748236
Danville,,218482010,,P-1 (R-10),0.0,4.36,0.24243897746589588
Danville,,218482008,,P-1 (R-10),0.0,4.36,0.20517874185716695
Danville,,218482009,,P-1 (R-10),0.0,4.36,0.21922494448232172
Danville,,218482013,,P-1 (R-10),0.0,4.36,0.21879843250537462
Danville,,218482014,,P-1 (R-10),0.0,4.36,0.20902754306805252
Danville,,218472001,,P-1 (R-10),0.0,4.36,0.19031787494411154
Danville,,218472002,,P-1 (R-10),0.0,4.36,0.17841643924899378
Danville,,218472003,,P-1 (R-10),0.0,4.36,0.17045973464378533
Danville,,218473014,,P-1 (R-10),0.0,4.36,0.3409396270200641
Danville,,218482015,,P-1 (R-10),0.0,4.36,0.2349231050779909
Danville,,218482022,,P-1 (R-10),0.0,4.36,0.17280217372067075
Danville,,218482024,,P-1 (R-10),0.0,4.36,0.22821599175816037
Danville,,218482023,,P-1 (R-10),0.0,4.36,0.22991443704683545
Danville,,218482025,,P-1 (R-10),0.0,4.36,0.2330299751115936
Danville,,218482021,,P-1 (R-10),0.0,4.36,0.18697303588352174
Danville,,218482020,,P-1 (R-10),0.0,4.36,0.18134313480450473
Danville,,218482016,,P-1 (R-10),0.0,4.36,0.2546606978169217
Danville,,218482017,,P-1 (R-10),0.0,4.36,0.258300188525482
Danville,,218482018,,P-1 (R-10),0.0,4.36,0.2791410503938762
Danville,,218482019,,P-1 (R-10),0.0,4.36,0.2115985227432272
Danville,,218491010,,R-15,0.0,2.9,0.23397818855133515
Danville,,218491011,,R-15,0.0,2.9,0.24400948918312707
Danville,,218481001,,R-15,0.0,2.9,0.2516775534127427
Danville,,207383002,,R-15,0.0,2.9,0.34513739677317345
Danville,,207442008,,R-15,0.0,2.9,0.3054111361203874
Danville,,207383001,,R-15,0.0,2.9,0.34476496694328884
Danville,,207442007,,R-15,0.0,2.9,0.31132835104639217
Danville,,207442005,,R-15,0.0,2.9,0.31381961253198604
Danville,,207442006,,R-15,0.0,2.9,0.30990957926626844
Danville,,218491009,,R-15,0.0,2.9,0.22399588734237982
Danville,,218491008,,R-15,0.0,2.9,0.29201377095018993
Danville,,218482026,,P-1 (R-10),0.0,4.36,0.2048133563688437
Danville,,218491007,,R-15,0.0,2.9,0.3206382509726026
Danville,,218491006,,R-15,0.0,2.9,0.2742493608296178
Danville,,218482027,,P-1,0.0,35.0,3.967248009613764
Danville,,218491005,,R-15,0.0,2.9,0.3018995348511173
Danville,,207442004,,R-15,0.0,2.9,0.308389832480396
Danville,,207442003,,R-15,0.0,2.9,0.35086856258687543
Danville,,207442002,,R-15,0.0,2.9,0.37408524974702906
Danville,,207442010,,R-15,0.0,2.9,0.4001117717109317
Danville,,207442011,,R-15,0.0,2.9,0.26
Danville,,218491003,,P-1 (R-10),0.0,4.36,0.35140348349782874
Danville,,218491004,,P-1 (R-10),0.0,4.36,0.3375330109901428
Danville,,218491012,,P-1,0.0,35.0,1.959916216639022
Danville,,218474001,,P-1 (R-10),0.0,4.36,0.22326452611059103
Danville,,218474002,,P-1 (R-10),0.0,4.36,0.22924903056053833
Danville,,218491002,,P-1 (R-10),0.0,4.36,0.2818531522878464
Danville,,218532002,,R-15,0.0,2.9,0.3623153689161787
Danville,,218532001,,R-15,0.0,2.9,0.33899555455940256
Danville,,218491001,,P-1 (R-10),0.0,4.36,0.307561602384153
Danville,,218531011,,R-15,0.0,2.9,0.42094297783341494
Danville,,218531010,,R-15,0.0,2.9,0.4114882511631622
Danville,,218475019,,P-1 (R-10),0.0,4.36,0.2915872636846153
Danville,,218475020,,P-1 (R-10),0.0,4.36,0.33335048185844446
Danville,,218474006,,P-1 (R-10),0.0,4.36,0.21057801895367614
Danville,,218474007,,P-1 (R-10),0.0,4.36,0.19765541372924264
Danville,,218474014,,P-1 (R-10),0.0,4.36,0.2771550949667591
Danville,,218474005,,P-1 (R-10),0.0,4.36,0.21575269763897012
Danville,,218474004,,P-1 (R-10),0.0,4.36,0.21650968950285518
Danville,,218474003,,P-1 (R-10),0.0,4.36,0.24202586513727412
Danville,,218474016,,P-1 (R-10),0.0,4.36,0.33131925148972985
Danville,,218474017,,P-1 (R-10),0.0,4.36,0.39493176359700655
Danville,,218473002,,P-1 (R-10),0.0,4.36,0.2711654443222609
Danville,,218473001,,P-1 (R-10),0.0,4.36,0.273983562950901
Danville,,218474015,,P-1 (R-10),0.0,4.36,0.28425001820289475
Danville,,218473004,,P-1 (R-10),0.0,4.36,0.20956790829729394
Danville,,218473003,,P-1 (R-10),0.0,4.36,0.24421694053694792
Danville,,218473013,,P-1 (R-10),0.0,4.36,0.3225143624227361
Danville,,218473012,,P-1 (R-10),0.0,4.36,0.2761726502926325
Danville,,218473010,,P-1 (R-10),0.0,4.36,0.2292787648858723
Danville,,218473011,,P-1 (R-10),0.0,4.36,0.24139683599545786
Danville,,218473006,,P-1 (R-10),0.0,4.36,0.18378123321414774
Danville,,218473005,,P-1 (R-10),0.0,4.36,0.18949498271036558
Danville,,218474012,,P-1 (R-10),0.0,4.36,0.285383553705958
Danville,,218473007,,P-1 (R-10),0.0,4.36,0.20844839406325566
Danville,,218474011,,P-1 (R-10),0.0,4.36,0.26758059482358115
Danville,,218475012,,P-1 (R-10),0.0,4.36,0.2717802873018948
Danville,,218475013,,P-1 (R-10),0.0,4.36,0.29890667545619615
Danville,,218474010,,P-1 (R-10),0.0,4.36,0.24408247808114517
Danville,,218474013,,P-1 (R-10),0.0,4.36,0.3125378275475291
Danville,,218474008,,P-1 (R-10),0.0,4.36,0.19150590966325862
Danville,,218474009,,P-1 (R-10),0.0,4.36,0.1953542876362964
Danville,,218475016,,P-1 (R-10),0.0,4.36,0.35725177126756846
Danville,,218531006,,R-15,0.0,2.9,0.4461835549228118
Danville,,218475018,,P-1 (R-10),0.0,4.36,0.28501432987776465
Danville,,218475017,,P-1 (R-10),0.0,4.36,0.35032229598208586
Danville,,218475015,,P-1 (R-10),0.0,4.36,0.61060021123755
Danville,,218531005,,R-15,0.0,2.9,0.3926674299170758
Danville,,218441007,,R-10,0.0,4.36,0.3224602391977248
Danville,,218475014,,P-1 (R-10),0.0,4.36,0.3956655500843262
Danville,,218302003,,P-1 (R-10),0.0,4.36,0.2502981862010597
Danville,,218302002,,P-1 (R-10),0.0,4.36,0.27397786362661636
Danville,,218304029,,P-1 (R-10),0.0,4.36,0.21957657300942338
Danville,,218301004,,P-1 (R-10),0.0,4.36,0.23417529414754262
Danville,,218302001,,P-1 (R-10),0.0,4.36,0.2998219494638102
Danville,,218442001,,R-10,0.0,4.36,0.3891753000271044
Danville,,218301003,,P-1 (R-10),0.0,4.36,0.24671088609857103
Danville,,218301002,,P-1 (R-10),0.0,4.36,0.21757345530187755
Danville,,218442005,,R-10,0.0,4.36,0.2684069402609101
Danville,,218294010,,P-1 (R-10),0.0,4.36,0.21264291826992388
Danville,,218301001,,P-1 (R-10),0.0,4.36,0.22887543915655637
Danville,,218304032,,P-1 (R-10),0.0,4.36,0.18700470282783033
Danville,,218295033,,P-1 (R-10),0.0,4.36,0.2136480926710766
Danville,,218295034,,P-1 (R-10),0.0,4.36,0.22255546999973197
Danville,,218304031,,P-1 (R-10),0.0,4.36,0.1852352443479624
Danville,,218304030,,P-1 (R-10),0.0,4.36,0.18652028647713673
Danville,,218304010,,P-1 (R-10),0.0,4.36,0.2612802485341915
Danville,,218304028,,P-1 (R-10),0.0,4.36,0.21792050149399878
Danville,,218302004,,P-1 (R-10),0.0,4.36,0.24552202950321458
Danville,,218302005,,P-1 (R-10),0.0,4.36,0.23227786806550413
Danville,,218304027,,P-1 (R-10),0.0,4.36,0.21114718244587266
Danville,,218304011,,P-1 (R-10),0.0,4.36,0.2217408216312524
Danville,,218304012,,P-1 (R-10),0.0,4.36,0.21786864903381437
Danville,,218304009,,P-1 (R-10),0.0,4.36,0.2736567465495371
Danville,,218304008,,P-1 (R-10),0.0,4.36,0.1920165955877329
Danville,,218304007,,P-1 (R-10),0.0,4.36,0.20553555375657567
Danville,,218304034,,P-1 (R-10),0.0,4.36,0.19517545279703552
Danville,,218304014,,P-1 (R-10),0.0,4.36,0.24809454756036212
Danville,,218304033,,P-1 (R-10),0.0,4.36,0.2018900953552088
Danville,,218304016,,P-1 (R-10),0.0,4.36,0.20553479832512342
Danville,,218304021,,P-1 (R-10),0.0,4.36,0.20073813022577558
Danville,,218304022,,P-1 (R-10),0.0,4.36,0.21114408752907318
Danville,,218304015,,P-1 (R-10),0.0,4.36,0.19528296426019723
Danville,,218304024,,P-1 (R-10),0.0,4.36,0.18051702875580464
Danville,,218304023,,P-1 (R-10),0.0,4.36,0.20757491467578806
Danville,,218302010,,P-1 (R-10),0.0,4.36,0.22778080573992848
Danville,,218302009,,P-1 (R-10),0.0,4.36,0.29246014598225856
Danville,,218302008,,P-1 (R-10),0.0,4.36,0.2348763146940956
Danville,,218304013,,P-1 (R-10),0.0,4.36,0.24839509119676675
Danville,,218304025,,P-1 (R-10),0.0,4.36,0.2117463099366401
Danville,,218302007,,P-1 (R-10),0.0,4.36,0.22131005904809273
Danville,,218304026,,P-1 (R-10),0.0,4.36,0.21236416185697352
Danville,,218302006,,P-1 (R-10),0.0,4.36,0.22246574704263017
Danville,,218475011,,P-1 (R-10),0.0,4.36,0.2304361733810835
Danville,,218475010,,P-1 (R-10),0.0,4.36,0.21394610253338897
Danville,,218475009,,P-1 (R-10),0.0,4.36,0.19848222235343704
Danville,,218475008,,P-1 (R-10),0.0,4.36,0.1911069282743759
Danville,,218475007,,P-1 (R-10),0.0,4.36,0.1879984308318543
Danville,,218475006,,P-1 (R-10),0.0,4.36,0.2034158781914885
Danville,,218473008,,P-1 (R-10),0.0,4.36,0.24291179640707852
Danville,,218473009,,P-1 (R-10),0.0,4.36,0.22824144659784823
Danville,,218472006,,P-1 (R-10),0.0,4.36,0.19859133617648309
Danville,,218472005,,P-1 (R-10),0.0,4.36,0.1738306079494184
Danville,,218472004,,P-1 (R-10),0.0,4.36,0.1680667763326659
Danville,,218472008,,P-1 (R-10),0.0,4.36,0.25707172825878843
Danville,,218472007,,P-1 (R-10),0.0,4.36,0.24208727895274454
Danville,,218475005,,P-1 (R-10),0.0,4.36,0.19023129190870025
Danville,,218475004,,P-1 (R-10),0.0,4.36,0.20120219638352135
Danville,,218475003,,P-1 (R-10),0.0,4.36,0.18891362311306265
Danville,,218475002,,P-1 (R-10),0.0,4.36,0.19925717265187856
Danville,,218302020,,P-1 (R-10),0.0,4.36,0.20473543300383001
Danville,,218475001,,P-1 (R-10),0.0,4.36,0.25478447190227477
Danville,,218302015,,P-1 (R-10),0.0,4.36,0.2207113839188263
Danville,,218302019,,P-1 (R-10),0.0,4.36,0.2058736282694314
Danville,,218302018,,P-1 (R-10),0.0,4.36,0.2467945638477442
Danville,,218302017,,P-1 (R-10),0.0,4.36,0.21660232985286704
Danville,,218302016,,P-1 (R-10),0.0,4.36,0.23143986753884174
Danville,,218302014,,P-1 (R-10),0.0,4.36,0.23059359712631272
Danville,,218302013,,P-1 (R-10),0.0,4.36,0.2348032332474959
Danville,,218302012,,P-1 (R-10),0.0,4.36,0.3446671126604461
Danville,,218302011,,P-1 (R-10),0.0,4.36,0.1981970972846013
Danville,,218304019,,P-1 (R-10),0.0,4.36,0.19439920651612258
Danville,,218304020,,P-1 (R-10),0.0,4.36,0.2176890572597081
Danville,,218304017,,P-1 (R-10),0.0,4.36,0.21373078195783532
Danville,,218304018,,P-1 (R-10),0.0,4.36,0.21223247276975765
Danville,,218303004,,P-1 (R-10),0.0,4.36,0.2357725195387334
Danville,,218303001,,P-1 (R-10),0.0,4.36,0.2605776563262671
Danville,,218160001,,P-1,0.0,35.0,5.055
Danville,,218303002,,P-1 (R-10),0.0,4.36,0.24825751508349467
Danville,,218303003,,P-1 (R-10),0.0,4.36,0.24104298682933764
Danville,,218031001,,P-1 (R-10),0.0,4.36,0.2458386551466241
Danville,,218031006,,P-1 (R-10),0.0,4.36,0.21640996948905686
Danville,,218031007,,P-1 (R-10),0.0,4.36,0.23977426054582457
Danville,,218031005,,P-1 (R-10),0.0,4.36,0.26893505457285394
Danville,,218181020,,P-1 (R-10),0.0,4.36,3.14
Danville,,218031013,,P-1 (R-10),0.0,4.36,0.33278318399847867
Danville,,218031008,,P-1,0.0,35.0,2.53
Danville,,218031004,,P-1 (R-10),0.0,4.36,0.19351713720330194
Danville,,218031003,,P-1 (R-10),0.0,4.36,0.20313387204648653
Danville,,218031002,,P-1 (R-10),0.0,4.36,0.209852163649779
Danville,,218462026,,P-1 (R-10),0.0,4.36,0.19994568058712284
Danville,,218462025,,P-1 (R-10),0.0,4.36,0.20163739984919501
Danville,,218463008,,P-1 (R-10),0.0,4.36,0.18400494819558288
Danville,,218463009,,P-1 (R-10),0.0,4.36,0.18207756493288815
Danville,,218462024,,P-1 (R-10),0.0,4.36,0.20231480771456178
Danville,,218462023,,P-1 (R-10),0.0,4.36,0.19770446460086205
Danville,,218463010,,P-1 (R-10),0.0,4.36,0.20025201427053055
Danville,,218463001,,P-1 (R-10),0.0,4.36,0.20450355056774253
Danville,,218462022,,P-1 (R-10),0.0,4.36,0.1934450663917999
Danville,,218462020,,P-1 (R-10),0.0,4.36,0.1835722144337799
Danville,,218463002,,P-1 (R-10),0.0,4.36,0.1945839403565087
Danville,,218462018,,P-1 (R-10),0.0,4.36,0.22801187911527113
Danville,,218463005,,P-1 (R-10),0.0,4.36,0.19133779138749818
Danville,,218463006,,P-1 (R-10),0.0,4.36,0.21392989987024252
Danville,,218463004,,P-1 (R-10),0.0,4.36,0.17330462499284374
Danville,,218463003,,P-1 (R-10),0.0,4.36,0.18066441097960093
Danville,,218463007,,P-1 (R-10),0.0,4.36,0.18320210822489463
Danville,,218462027,,P-1 (R-10),0.0,4.36,0.24928827701626297
Danville,,218471006,,P-1 (R-10),0.0,4.36,0.23644080681312518
Danville,,218471008,,P-1 (R-10),0.0,4.36,0.21363062409610653
Danville,,218471003,,P-1 (R-10),0.0,4.36,0.19652116998305702
Danville,,218471007,,P-1 (R-10),0.0,4.36,0.22983055909935823
Danville,,218471005,,P-1 (R-10),0.0,4.36,0.2026467478641943
Danville,,218471004,,P-1 (R-10),0.0,4.36,0.18498183383877656
Danville,,218472009,,P-1 (R-10),0.0,4.36,0.24790826319012133
Danville,,218472010,,P-1 (R-10),0.0,4.36,0.23469150459303906
Danville,,218472011,,P-1 (R-10),0.0,4.36,0.2482813580013994
Danville,,218471002,,P-1 (R-10),0.0,4.36,0.20098360379157973
Danville,,218471001,,P-1 (R-10),0.0,4.36,0.20579188361128775
Danville,,218471009,,P-1 (R-10),0.0,4.36,0.2099539230977787
Danville,,218471010,,P-1 (R-10),0.0,4.36,0.21517958084060604
Danville,,218482001,,P-1 (R-10),0.0,4.36,0.22997998020737706
Danville,,218482007,,P-1 (R-10),0.0,4.36,0.22509661750795573
Danville,,218482002,,P-1 (R-10),0.0,4.36,0.22993538256892654
Danville,,218482006,,P-1 (R-10),0.0,4.36,0.1914498453314149
Danville,,218482003,,P-1 (R-10),0.0,4.36,0.2312623843956192
Danville,,218482004,,P-1 (R-10),0.0,4.36,0.30600598832478565
Danville,,218462007,,P-1 (R-10),0.0,4.36,0.20578030207717535
Danville,,218462017,,P-1 (R-10),0.0,4.36,0.19369362012729235
Danville,,218462019,,P-1 (R-10),0.0,4.36,0.20917417172157743
Danville,,218462016,,P-1 (R-10),0.0,4.36,0.20256865348451147
Danville,,218462015,,P-1 (R-10),0.0,4.36,0.18279294030897142
Danville,,218462021,,P-1 (R-10),0.0,4.36,0.178284498267338
Danville,,218462014,,P-1 (R-10),0.0,4.36,0.19140184439493704
Danville,,218462013,,P-1 (R-10),0.0,4.36,0.18121291636468084
Danville,,218462008,,P-1 (R-10),0.0,4.36,0.19058835708060096
Danville,,218462009,,P-1 (R-10),0.0,4.36,0.18207886770801254
Danville,,218462010,,P-1 (R-10),0.0,4.36,0.18440988673028413
Danville,,218462004,,P-1 (R-10),0.0,4.36,0.209128161979403
Danville,,218462003,,P-1 (R-10),0.0,4.36,0.20321602086180374
Danville,,218462005,,P-1 (R-10),0.0,4.36,0.2239146810176635
Danville,,218462006,,P-1 (R-10),0.0,4.36,0.23419123932268068
Danville,,218461003,,R-15,0.0,2.9,0.2706952636038516
Danville,,218461004,,R-15,0.0,2.9,0.24351135980795902
Danville,,218461005,,R-15,0.0,2.9,0.272604529379681
Danville,,218461006,,R-15,0.0,2.9,0.2556332333607055
Danville,,218461007,,R-15,0.0,2.9,0.362451327057949
Danville,,218461008,,R-15,0.0,2.9,0.23772171505451187
Danville,,218461012,,R-15,0.0,2.9,0.1195818868598171
Danville,,218461010,,R-15,0.0,2.9,0.2074705083068617
Danville,,218461009,,R-15,0.0,2.9,0.23320980478961334
Danville,,218402001,,P-1,0.0,35.0,11.575276870392887
Danville,,218401003,,R-15,0.0,2.9,0.33
Danville,,218461011,,R-15,0.0,2.9,0.24615266839423935
Danville,,218384025,,P-1 (R-10),0.0,4.36,0.17721342662200826
Danville,,218462028,,P-1,0.0,35.0,1.778907367348497
Danville,,218462001,,P-1 (R-10),0.0,4.36,0.26176806079482545
Danville,,218462002,,P-1 (R-10),0.0,4.36,0.20667971568206275
Danville,,218462011,,P-1 (R-10),0.0,4.36,0.1837358357131662
Danville,,218462012,,P-1 (R-10),0.0,4.36,0.2423079958186077
Danville,,218385001,,P-1 (R-10),0.0,4.36,0.19711352151214848
Danville,,218385002,,P-1 (R-10),0.0,4.36,0.1717561046437742
Danville,,218392009,,P-1 (R-10),0.0,4.36,0.1997098617086566
Danville,,218393001,,P-1 (R-10),0.0,4.36,0.15875339995627627
Danville,,218393002,,P-1 (R-10),0.0,4.36,0.1601281166649029
Danville,,218392008,,P-1 (R-10),0.0,4.36,0.17945602479235925
Danville,,218392007,,P-1 (R-10),0.0,4.36,0.18004395453095673
Danville,,218392006,,P-1 (R-10),0.0,4.36,0.16939118270534323
Danville,,218393003,,P-1 (R-10),0.0,4.36,0.16810934973433908
Danville,,218393004,,P-1 (R-10),0.0,4.36,0.16008786317546556
Danville,,218393005,,P-1 (R-10),0.0,4.36,0.1652886863387364
Danville,,218393006,,P-1 (R-10),0.0,4.36,0.16763885686115063
Danville,,218393012,,P-1 (R-10),0.0,4.36,0.16533540744729605
Danville,,218393013,,P-1 (R-10),0.0,4.36,0.17114551043886633
Danville,,218394002,,P-1 (R-10),0.0,4.36,0.16291287755294853
Danville,,218393014,,P-1 (R-10),0.0,4.36,0.1696960539238428
Danville,,218393015,,P-1 (R-10),0.0,4.36,0.16005562912778698
Danville,,218394001,,P-1 (R-10),0.0,4.36,0.16611988692075524
Danville,,218394011,,P-1 (R-10),0.0,4.36,0.17519565820711494
Danville,,218031009,,P-1 (R-10),0.0,4.36,0.23871989484015374
Danville,,218031017,,P-1 (R-10),0.0,4.36,0.2247169218518111
Danville,,218031016,,P-1 (R-10),0.0,4.36,0.20570277068591536
Danville,,218031010,,P-1 (R-10),0.0,4.36,0.20781769808995593
Danville,,218031011,,P-1 (R-10),0.0,4.36,0.21570162434770856
Danville,,218031012,,P-1 (R-10),0.0,4.36,0.2339656551727536
Danville,,218031014,,P-1 (R-10),0.0,4.36,0.2615514892460029
Danville,,218031015,,P-1 (R-10),0.0,4.36,0.2079393766038007
Danville,,218181008,,P-1 (R-10),0.0,4.36,0.27388239433324624
Danville,,218181009,,P-1 (R-10),0.0,4.36,0.24119666890420996
Danville,,218181022,,P-1 (R-10),0.0,4.36,0.20361258036847715
Danville,,218181007,,P-1 (R-10),0.0,4.36,0.2609093191383585
Danville,,218181021,,P-1 (R-10),0.0,4.36,0.20700605654340168
Danville,,218181006,,P-1 (R-10),0.0,4.36,0.2599476553609419
Danville,,218181002,,P-1 (R-10),0.0,4.36,0.20445451926248728
Danville,,218202024,,P-1,0.0,35.0,2.4563153449356983
Danville,,218181025,,P-1 (R-10),0.0,4.36,0.21419561962289
Danville,,218031020,,P-1 (R-10),0.0,4.36,0.20878698402747042
Danville,,218031018,,P-1 (R-10),0.0,4.36,0.2253251180586221
Danville,,218032001,,P-1,0.0,35.0,0.6289226961254549
Danville,,218242007,,P-1 (R-10),0.0,4.36,0.2643862706288254
Danville,,218242008,,P-1 (R-10),0.0,4.36,0.32056544004838
Danville,,218202005,,P-1 (R-10),0.0,4.36,0.1774454701207637
Danville,,218202006,,P-1 (R-10),0.0,4.36,0.21231113304157964
Danville,,218202007,,P-1 (R-10),0.0,4.36,0.21142420743457804
Danville,,218202004,,P-1 (R-10),0.0,4.36,0.2045585449209591
Danville,,218242009,,P-1 (R-10),0.0,4.36,0.2227657539920102
Danville,,218202003,,P-1 (R-10),0.0,4.36,0.19986017657669272
Danville,,218202015,,P-1 (R-10),0.0,4.36,0.20446620559409434
Danville,,218202002,,P-1 (R-10),0.0,4.36,0.19408925892194234
Danville,,218202001,,P-1 (R-10),0.0,4.36,0.20843820836468785
Danville,,218242011,,P-1 (R-10),0.0,4.36,0.23989667729909558
Danville,,218242010,,P-1 (R-10),0.0,4.36,0.21282751737600006
Danville,,218242002,,P-1 (R-10),0.0,4.36,0.23948787166096347
Danville,,218242001,,P-1 (R-10),0.0,4.36,0.2658258224448935
Danville,,218242004,,P-1 (R-10),0.0,4.36,0.2979677554213978
Danville,,218242003,,P-1 (R-10),0.0,4.36,0.3159177254539508
Danville,,218242014,,P-1 (R-10),0.0,4.36,0.2892912126873275
Danville,,218242013,,P-1 (R-10),0.0,4.36,0.2576751591868204
Danville,,218242012,,P-1,0.0,35.0,0.40135902523900735
Danville,,218395001,,P-1 (R-10),0.0,4.36,0.16884420963942312
Danville,,218394010,,P-1 (R-10),0.0,4.36,0.1944952270387642
Danville,,218394009,,P-1 (R-10),0.0,4.36,0.18494258417848825
Danville,,218395002,,P-1 (R-10),0.0,4.36,0.17822173156671112
Danville,,218395003,,P-1 (R-10),0.0,4.36,0.18511842878296508
Danville,,218395004,,P-1 (R-10),0.0,4.36,0.18550180840207978
Danville,,218395005,,P-1 (R-10),0.0,4.36,0.21834087760671866
Danville,,218394007,,P-1 (R-10),0.0,4.36,0.20292945835677714
Danville,,218394008,,P-1 (R-10),0.0,4.36,0.20396623125250885
Danville,,218394003,,P-1 (R-10),0.0,4.36,0.1847803579010113
Danville,,218394004,,P-1 (R-10),0.0,4.36,0.18125917372175387
Danville,,218394005,,P-1 (R-10),0.0,4.36,0.18955603610816188
Danville,,218393011,,P-1 (R-10),0.0,4.36,0.16828213797437422
Danville,,218393010,,P-1 (R-10),0.0,4.36,0.17283179422584505
Danville,,218393009,,P-1 (R-10),0.0,4.36,0.19933341884423292
Danville,,218394006,,P-1 (R-10),0.0,4.36,0.1996058404484524
Danville,,218391021,,P-1 (R-10),0.0,4.36,0.2517025061301229
Danville,,218391022,,P-1 (R-10),0.0,4.36,0.22712570725622924
Danville,,218391019,,P-1 (R-10),0.0,4.36,0.28937972694314995
Danville,,218391020,,P-1 (R-10),0.0,4.36,0.2036729932929776
Danville,,218391017,,P-1 (R-10),0.0,4.36,0.2584581311205046
Danville,,218391018,,P-1 (R-10),0.0,4.36,0.2561670843940536
Danville,,218241006,,P-1 (R-10),0.0,4.36,0.31675904601681726
Danville,,218241012,,P-1 (R-10),0.0,4.36,0.189323238837738
Danville,,218241013,,P-1 (R-10),0.0,4.36,0.2848663670768047
Danville,,218241010,,P-1 (R-10),0.0,4.36,0.26060751695266304
Danville,,218391023,,P-1 (R-10),0.0,4.36,0.2690031846564256
Danville,,218241009,,P-1 (R-10),0.0,4.36,0.22904270431361243
Danville,,218241001,,P-1 (R-10),0.0,4.36,0.2487854034757319
Danville,,218241002,,P-1 (R-10),0.0,4.36,0.22458821408036475
Danville,,218201019,,P-1 (R-10),0.0,4.36,0.22511115537854937
Danville,,218201015,,P-1 (R-10),0.0,4.36,0.22787291395480355
Danville,,218201018,,P-1 (R-10),0.0,4.36,0.21311632231271466
Danville,,218201017,,P-1 (R-10),0.0,4.36,0.3014864394946319
Danville,,218201016,,P-1 (R-10),0.0,4.36,0.29060223391940226
Danville,,218241003,,P-1 (R-10),0.0,4.36,0.3004037316337294
Danville,,218241004,,P-1 (R-10),0.0,4.36,0.24067756952438057
Danville,,218241005,,P-1 (R-10),0.0,4.36,0.2457406723013575
Danville,,218232011,,P-1 (R-10),0.0,4.36,0.24091861547429935
Danville,,218232012,,P-1 (R-10),0.0,4.36,0.21792048792693786
Danville,,218232013,,P-1 (R-10),0.0,4.36,0.2446867294249925
Danville,,218232014,,P-1 (R-10),0.0,4.36,0.33829800018927647
Danville,,218232005,,P-1 (R-10),0.0,4.36,0.26700650732154385
Danville,,218232006,,P-1 (R-10),0.0,4.36,0.21818023405987352
Danville,,218221021,,P-1 (R-10),0.0,4.36,0.2863136520415875
Danville,,218232004,,P-1 (R-10),0.0,4.36,0.23776641738716237
Danville,,218232002,,P-1 (R-10),0.0,4.36,0.22581151200323504
Danville,,218232003,,P-1 (R-10),0.0,4.36,0.2327252052061869
Danville,,218412001,,P-1 (R-10),0.0,4.36,0.24294020920482312
Danville,,218232001,,P-1 (R-10),0.0,4.36,0.2420986443975577
Danville,,218232008,,P-1 (R-10),0.0,4.36,0.269695774307228
Danville,,218232009,,P-1 (R-10),0.0,4.36,0.294253157130639
Danville,,218232007,,P-1 (R-10),0.0,4.36,0.23702202010866266
Danville,,218412005,,P-1 (R-10),0.0,4.36,0.27831581951184564
Danville,,218232010,,P-1 (R-10),0.0,4.36,0.2823900888319252
Danville,,218412006,,P-1 (R-10),0.0,4.36,0.32994422420845515
Danville,,218412007,,P-1 (R-10),0.0,4.36,0.2138118180396341
Danville,,218412004,,P-1 (R-10),0.0,4.36,0.21187172089540823
Danville,,218412002,,P-1 (R-10),0.0,4.36,0.24482350720124926
Danville,,218412003,,P-1 (R-10),0.0,4.36,0.22624275645829262
Danville,,218413006,,P-1 (R-10),0.0,4.36,0.17109685951065784
Danville,,218413007,,P-1 (R-10),0.0,4.36,0.18874528343350103
Danville,,218412011,,P-1 (R-10),0.0,4.36,0.2247857359237963
Danville,,218412009,,P-1 (R-10),0.0,4.36,0.21171534036407008
Danville,,218412010,,P-1 (R-10),0.0,4.36,0.2706464972608679
Danville,,218391004,,P-1 (R-10),0.0,4.36,0.254420113049528
Danville,,218391005,,P-1 (R-10),0.0,4.36,0.22954409249359983
Danville,,218391006,,P-1 (R-10),0.0,4.36,0.33304390214577595
Danville,,218412008,,P-1 (R-10),0.0,4.36,0.2465981355817816
Danville,,218391015,,P-1 (R-10),0.0,4.36,0.2652479962160843
Danville,,218391016,,P-1 (R-10),0.0,4.36,0.2387694630940833
Danville,,218391014,,P-1 (R-10),0.0,4.36,0.19133795027604544
Danville,,218391013,,P-1 (R-10),0.0,4.36,0.17551645599352195
Danville,,218391008,,P-1 (R-10),0.0,4.36,0.1998300861748382
Danville,,218391007,,P-1 (R-10),0.0,4.36,0.2604462743705912
Danville,,218391003,,P-1 (R-10),0.0,4.36,0.1657313250193953
Danville,,218391009,,P-1 (R-10),0.0,4.36,0.18486458741455794
Danville,,218391012,,P-1 (R-10),0.0,4.36,0.19866431173333257
Danville,,218391011,,P-1 (R-10),0.0,4.36,0.20381993825021769
Danville,,218393008,,P-1 (R-10),0.0,4.36,0.18827294165731817
Danville,,218393007,,P-1 (R-10),0.0,4.36,0.17581793347907654
Danville,,218392001,,P-1 (R-10),0.0,4.36,0.20253545617662674
Danville,,218391001,,P-1 (R-10),0.0,4.36,0.20489832081184006
Danville,,218391010,,P-1 (R-10),0.0,4.36,0.2042306055376857
Danville,,218391002,,P-1 (R-10),0.0,4.36,0.16877872746098277
Danville,,218386016,,P-1 (R-10),0.0,4.36,0.22386456278709507
Danville,,218386017,,P-1 (R-10),0.0,4.36,0.28011171364368176
Danville,,218386007,,P-1 (R-10),0.0,4.36,0.21611697737797864
Danville,,218386018,,P-1 (R-10),0.0,4.36,0.25973382333659384
Danville,,218386008,,P-1 (R-10),0.0,4.36,0.19411405042107371
Danville,,218386009,,P-1 (R-10),0.0,4.36,0.20274640363079335
Danville,,218386013,,P-1 (R-10),0.0,4.36,0.2230490804338592
Danville,,218386014,,P-1 (R-10),0.0,4.36,0.24504376385725832
Danville,,218386015,,P-1 (R-10),0.0,4.36,0.29716798639955716
Danville,,218412012,,P-1 (R-10),0.0,4.36,0.23070118856686145
Danville,,218412013,,P-1 (R-10),0.0,4.36,0.2756057254474608
Danville,,218413005,,P-1 (R-10),0.0,4.36,0.20471553830780498
Danville,,218412014,,P-1 (R-10),0.0,4.36,0.1917530362608711
Danville,,218412015,,P-1 (R-10),0.0,4.36,0.2238136992384073
Danville,,218412016,,P-1 (R-10),0.0,4.36,0.20517630418689103
Danville,,218375004,,P-1 (R-10),0.0,4.36,0.18416389281737588
Danville,,218375005,,P-1 (R-10),0.0,4.36,0.19165673098517458
Danville,,218412017,,P-1 (R-10),0.0,4.36,0.2821732344621128
Danville,,218386012,,P-1 (R-10),0.0,4.36,0.25313280929257664
Danville,,218386011,,P-1 (R-10),0.0,4.36,0.32304203640298157
Danville,,218386001,,P-1 (R-10),0.0,4.36,0.2122638637972246
Danville,,218386010,,P-1 (R-10),0.0,4.36,0.20124987769416136
Danville,,218386004,,P-1 (R-10),0.0,4.36,0.18208370262034163
Danville,,218386003,,P-1 (R-10),0.0,4.36,0.18382736444740813
Danville,,218386002,,P-1 (R-10),0.0,4.36,0.18587601574918775
Danville,,218381002,,P-1 (R-10),0.0,4.36,0.23410653117463806
Danville,,218381001,,P-1 (R-10),0.0,4.36,0.32349665360750635
Danville,,218372010,,P-1 (R-10),0.0,4.36,0.25546631386265606
Danville,,207121008,,R-15,0.0,2.9,0.3495729659996525
Danville,,207121010,,R-15,0.0,2.9,0.3859805475348232
Danville,,207121009,,R-15,0.0,2.9,0.42542430213343274
Danville,,207120011,,R-15,0.0,2.9,0.3480569455226394
Danville,,207121011,,R-15,0.0,2.9,0.36737925523035264
Danville,,218381003,,P-1 (R-10),0.0,4.36,0.24474645807682757
Danville,,218386005,,P-1 (R-10),0.0,4.36,0.21043580634941506
Danville,,218382001,,P-1 (R-10),0.0,4.36,0.20893452814303237
Danville,,218382002,,P-1 (R-10),0.0,4.36,0.20171102586247286
Danville,,218382003,,P-1 (R-10),0.0,4.36,0.19168636402560704
Danville,,207120002,,A-2,0.0,0.05,9.53
Danville,,218382006,,P-1 (R-10),0.0,4.36,0.18918169989390887
Danville,,218382007,,P-1 (R-10),0.0,4.36,0.21667129983462194
Danville,,218384009,,P-1 (R-10),0.0,4.36,0.18493991092143497
Danville,,218384010,,P-1 (R-10),0.0,4.36,0.1638774118501651
Danville,,218384011,,P-1 (R-10),0.0,4.36,0.17353021194929322
Danville,,218382005,,P-1 (R-10),0.0,4.36,0.19201495756257206
Danville,,218382004,,P-1 (R-10),0.0,4.36,0.20052821027743165
Danville,,218384012,,P-1 (R-10),0.0,4.36,0.2248122444790644
Danville,,218386006,,P-1 (R-10),0.0,4.36,0.2118235108692196
Danville,,218384013,,P-1 (R-10),0.0,4.36,0.17157673688297118
Danville,,218384014,,P-1 (R-10),0.0,4.36,0.1966158765827446
Danville,,218384015,,P-1 (R-10),0.0,4.36,0.22473042964732137
Danville,,218384016,,P-1 (R-10),0.0,4.36,0.21678480554226381
Danville,,218384017,,P-1 (R-10),0.0,4.36,0.1976006972347512
Danville,,218385007,,P-1 (R-10),0.0,4.36,0.17287711168926137
Danville,,218385008,,P-1 (R-10),0.0,4.36,0.1677968329105559
Danville,,218385010,,P-1 (R-10),0.0,4.36,0.20029717365775607
Danville,,218385009,,P-1 (R-10),0.0,4.36,0.16333851834839533
Danville,,218392003,,P-1 (R-10),0.0,4.36,0.1812710837043927
Danville,,218392002,,P-1 (R-10),0.0,4.36,0.18013096993699088
Danville,,218392004,,P-1 (R-10),0.0,4.36,0.16858827891624142
Danville,,218392005,,P-1 (R-10),0.0,4.36,0.1706116569827702
Danville,,218385004,,P-1 (R-10),0.0,4.36,0.17244850627735112
Danville,,218385005,,P-1 (R-10),0.0,4.36,0.17205186388287902
Danville,,218385006,,P-1 (R-10),0.0,4.36,0.1726293887828617
Danville,,218384018,,P-1 (R-10),0.0,4.36,0.18256602012854733
Danville,,218384019,,P-1 (R-10),0.0,4.36,0.18093586197536188
Danville,,218384020,,P-1 (R-10),0.0,4.36,0.17970538657715726
Danville,,218384021,,P-1 (R-10),0.0,4.36,0.18159592909449132
Danville,,218385003,,P-1 (R-10),0.0,4.36,0.172326316298318
Danville,,218384022,,P-1 (R-10),0.0,4.36,0.17840289552501215
Danville,,218384024,,P-1 (R-10),0.0,4.36,0.17737962405363442
Danville,,218384023,,P-1 (R-10),0.0,4.36,0.18252542517560305
Danville,,218384005,,P-1 (R-10),0.0,4.36,0.1855908596433432
Danville,,218384004,,P-1 (R-10),0.0,4.36,0.17116473149673206
Danville,,218383003,,P-1 (R-10),0.0,4.36,0.202077869796426
Danville,,218384006,,P-1 (R-10),0.0,4.36,0.16181174121262715
Danville,,218384007,,P-1 (R-10),0.0,4.36,0.17354372854673714
Danville,,218384008,,P-1 (R-10),0.0,4.36,0.17382931771525867
Danville,,218383001,,P-1 (R-10),0.0,4.36,0.22278836347604086
Danville,,218383002,,P-1 (R-10),0.0,4.36,0.20328895241321715
Danville,,218383004,,P-1 (R-10),0.0,4.36,0.2069117665390655
Danville,,218383005,,P-1 (R-10),0.0,4.36,0.22575159413676546
Danville,,218383006,,P-1 (R-10),0.0,4.36,0.27330312794398126
Danville,,218384003,,P-1 (R-10),0.0,4.36,0.17512419486576553
Danville,,218384002,,P-1 (R-10),0.0,4.36,0.17872038315617372
Danville,,218384001,,P-1 (R-10),0.0,4.36,0.1878416550714263
Danville,,218401002,,P-1 (R-10),0.0,4.36,0.92
Danville,,218383007,,P-1 (R-10),0.0,4.36,0.29092879811492467
Danville,,207120008,,R-15,0.0,2.9,0.3430902372751081
Danville,,207120015,,R-15,0.0,2.9,0.36478767963702763
Danville,,207120014,,R-15,0.0,2.9,0.3327359448875672
Danville,,207120013,,R-15,0.0,2.9,0.33324798499418923
Danville,,207120012,,R-15,0.0,2.9,0.34656384091014486
Danville,,207121007,,R-15,0.0,2.9,0.3396862890977706
Danville,,207120010,,R-15,0.0,2.9,0.3422870829855667
Danville,,207121004,,R-15,0.0,2.9,0.3461392647175322
Danville,,207120005,,R-15,0.0,2.9,0.3462364497992507
Danville,,207120009,,R-15,0.0,2.9,0.34621799124839375
Danville,,207120007,,R-15,0.0,2.9,0.34319649524696816
Danville,,207120006,,R-15,0.0,2.9,0.34521857300640135
Danville,,207111014,,R-15,0.0,2.9,0.4361766464115118
Danville,,207111012,,R-15,0.0,2.9,0.3981821450264425
Danville,,207110008,,R-15,0.0,2.9,0.7107876877296695
Danville,,207121003,,R-15,0.0,2.9,0.3657992129191376
Danville,,207110009,,R-15,0.0,2.9,0.43855571490661927
Danville,,207111013,,R-15,0.0,2.9,0.3936194448137685
Danville,,207110010,,R-15,0.0,2.9,0.4163641769967897
Danville,,207391006,,R-15,0.0,2.9,0.343624986711021
Danville,,207110011,,R-15,0.0,2.9,0.4205636356758263
Danville,,207111002,,R-15,0.0,2.9,0.3473740724384941
Danville,,207111001,,R-15,0.0,2.9,0.3479096373853092
Danville,,207111010,,R-15,0.0,2.9,0.4272727610602657
Danville,,207111011,,R-15,0.0,2.9,0.3944286866512361
Danville,,207111016,,R-15,0.0,2.9,0.3979832875467973
Danville,,207111015,,R-15,0.0,2.9,0.371172231343021
Danville,,207081031,,A-2,0.0,0.05,9.27
Danville,,207393004,,R-15,0.0,2.9,0.5316147683483398
Danville,,207393002,,R-15,0.0,2.9,0.38786626533903823
Danville,,207393003,,R-15,0.0,2.9,0.36268927603810447
Danville,,207111009,,R-15,0.0,2.9,0.3732560948581843
Danville,,207111003,,R-15,0.0,2.9,0.3477698478523985
Danville,,207391005,,R-15,0.0,2.9,0.36094716348082023
Danville,,207111004,,R-15,0.0,2.9,0.345567448290032
Danville,,207391004,,R-15,0.0,2.9,0.3450986311138915
Danville,,207392004,,R-15,0.0,2.9,0.34896911416490944
Danville,,207174001,,R-15,0.0,2.9,0.3556958433595733
Danville,,207174002,,R-15,0.0,2.9,0.34771152348701534
Danville,,207392003,,R-15,0.0,2.9,0.3627053480934619
Danville,,207392005,,R-15,0.0,2.9,0.34895392991742397
Danville,,207392007,,R-15,0.0,2.9,0.35895350201776527
Danville,,207174003,,R-15,0.0,2.9,0.349782493342446
Danville,,207171004,,R-15,0.0,2.9,0.3207240901568273
Danville,,207271010,,R-15,0.0,2.9,0.37988934206927377
Danville,,207171005,,R-15,0.0,2.9,0.3163607970129135
Danville,,207271022,,R-15,0.0,2.9,0.35407564050626744
Danville,,207172001,,R-15,0.0,2.9,0.38357099566405395
Danville,,207173001,,R-15,0.0,2.9,0.33633198820773086
Danville,,207241007,,R-15,0.0,2.9,0.6083914583093153
Danville,,207272001,,R-15,0.0,2.9,0.46786787193487733
Danville,,207241006,,R-15,0.0,2.9,0.3431548308281543
Danville,,207311005,,R-15,0.0,2.9,0.5641084845159471
Danville,,207241005,,R-15,0.0,2.9,0.3458047172309243
Danville,,207241004,,R-15,0.0,2.9,0.36468508824420875
Danville,,207311006,,R-15,0.0,2.9,0.34859107366240033
Danville,,207242003,,R-15,0.0,2.9,0.33328848379712583
Danville,,207242002,,R-15,0.0,2.9,0.3411678175604175
Danville,,207242001,,R-15,0.0,2.9,0.7395832525167996
Danville,,207242004,,R-15,0.0,2.9,1.0566097340082363
Danville,,207393001,,R-15,0.0,2.9,0.36662803121018434
Danville,,207242005,,R-15,0.0,2.9,0.7499833589519692
Danville,,207081040,,A-2,0.0,0.05,11.3
Danville,,207242006,,R-15,0.0,2.9,0.5631066587419297
Danville,,207242007,,R-15,0.0,2.9,0.3633196503101164
Danville,,207242011,,R-15,0.0,2.9,0.38372447888537925
Danville,,207242015,,R-15,0.0,2.9,0.48
Danville,,207241001,,R-15,0.0,2.9,0.44715731475234444
Danville,,207242014,,R-15,0.0,2.9,0.3397020246024816
Danville,,207242009,,R-15,0.0,2.9,0.34480395134212455
Danville,,207242010,,R-15,0.0,2.9,0.351899957605395
Danville,,207242008,,R-15,0.0,2.9,0.344549221703254
Danville,,207241003,,R-15,0.0,2.9,0.4046298261026363
Danville,,207311008,,R-15,0.0,2.9,0.3638262885886954
Danville,,207311009,,R-15,0.0,2.9,0.34398177320831125
Danville,,207241002,,R-15,0.0,2.9,0.41828155785514903
Danville,,207321001,,R-15,0.0,2.9,0.4617258354314528
Danville,,207321002,,R-15,0.0,2.9,0.38464157904372737
Danville,,207255001,,R-15,0.0,2.9,0.4706654988779891
Danville,,207324008,,R-15,0.0,2.9,0.3416387980282627
Danville,,207324009,,R-15,0.0,2.9,0.34445463575732493
Danville,,207324003,,R-15,0.0,2.9,0.38147981051713403
Danville,,207371001,,R-15,0.0,2.9,0.27980252296897884
Danville,,207253006,,R-15,0.0,2.9,0.34821007518278285
Danville,,207254002,,R-15,0.0,2.9,0.36042227270434724
Danville,,207254003,,R-15,0.0,2.9,0.36717944020152193
Danville,,207254001,,R-15,0.0,2.9,0.4156916726157274
Danville,,207251001,,R-15,0.0,2.9,0.3514389016891781
Danville,,207253005,,R-15,0.0,2.9,0.3370455865884504
Danville,,207253007,,R-15,0.0,2.9,0.42330285752050234
Danville,,207253003,,R-15,0.0,2.9,0.424576367622297
Danville,,207373006,,R-15,0.0,2.9,0.3022100076505244
Danville,,207253004,,R-15,0.0,2.9,0.3598345598296235
Danville,,207251010,,R-15,0.0,2.9,0.5279652023684708
Danville,,207251008,,R-15,0.0,2.9,0.520761049980368
Danville,,207251005,,R-15,0.0,2.9,0.4368454526912045
Danville,,207251004,,R-15,0.0,2.9,0.3499840437273203
Danville,,207251003,,R-15,0.0,2.9,0.3518006455817183
Danville,,207251002,,R-15,0.0,2.9,0.4771037197891717
Danville,,207242013,,R-15,0.0,2.9,0.44753594116997375
Danville,,207261004,,R-15,0.0,2.9,0.661459723122313
Danville,,207081032,,A-2,0.0,0.05,1.42
Danville,,207081008,,A-2,0.0,0.05,13.7
Danville,,207261005,,R-15,0.0,2.9,0.6982626982438151
Danville,,207283002,,R-15,0.0,2.9,0.7983304292918632
Danville,,207261009,,R-15,0.0,2.9,0.3397243173909934
Danville,,207261008,,R-15,0.0,2.9,0.4731338199301101
Danville,,207261007,,R-15,0.0,2.9,0.5955783735291118
Danville,,207261006,,R-15,0.0,2.9,0.696783708492826
Danville,,207262008,,R-15,0.0,2.9,0.3420200064809496
Danville,,207262012,,R-15,0.0,2.9,0.4157699557350723
Danville,,207262011,,R-15,0.0,2.9,0.4372952563887499
Danville,,207262010,,R-15,0.0,2.9,0.34967236417602415
Danville,,207384023,,R-15,0.0,2.9,0.22534094384646694
Danville,,207384022,,R-15,0.0,2.9,0.23031847568615268
Danville,,207263002,,R-15,0.0,2.9,0.3419476210962652
Danville,,207262009,,R-15,0.0,2.9,0.3718159293147127
Danville,,207261003,,R-15,0.0,2.9,0.6066904820825846
Danville,,207261002,,R-15,0.0,2.9,0.6004483105417239
Danville,,207261010,,R-15,0.0,2.9,0.584762864892919
Danville,,207263003,,R-15,0.0,2.9,0.5309351992551082
Danville,,207372002,,R-15,0.0,2.9,0.2335830004462116
Danville,,207372001,,R-15,0.0,2.9,0.24165596989564653
Danville,,207385002,,R-15,0.0,2.9,0.22768706156948854
Danville,,207263001,,R-15,0.0,2.9,0.3551879873117957
Danville,,207385001,,R-15,0.0,2.9,0.26100084736462326
Danville,,207384024,,R-15,0.0,2.9,0.25618324658420205
Danville,,207381002,,R-15,0.0,2.9,0.2565620140682181
Danville,,207381003,,R-15,0.0,2.9,0.2654438852688482
Danville,,207381001,,R-15,0.0,2.9,0.34789963759396025
Danville,,207371035,,R-15,0.0,2.9,0.2705073049475865
Danville,,207371036,,R-15,0.0,2.9,0.3206691288071299
Danville,,207381006,,R-15,0.0,2.9,0.3067251607787463
Danville,,207371034,,R-15,0.0,2.9,0.25217633814766516
Danville,,207371033,,R-15,0.0,2.9,0.24943566091622302
Danville,,207371029,,R-15,0.0,2.9,0.2353287251734726
Danville,,207371031,,R-15,0.0,2.9,0.22724345596232226
Danville,,207371030,,R-15,0.0,2.9,0.2293439810153898
Danville,,207371032,,R-15,0.0,2.9,0.2417290120530642
Danville,,207372003,,R-15,0.0,2.9,0.2392716222712066
Danville,,207372004,,R-15,0.0,2.9,0.24426664355757066
Danville,,207372005,,R-15,0.0,2.9,0.2593413723666449
Danville,,207263005,,R-15,0.0,2.9,0.39822378421198656
Danville,,207263004,,R-15,0.0,2.9,0.447777562106932
Danville,,207253012,,R-15,0.0,2.9,0.4059419596748652
Danville,,207253008,,R-15,0.0,2.9,0.45600557885543797
Danville,,207253011,,R-15,0.0,2.9,0.4999118629312759
Danville,,207373005,,R-15,0.0,2.9,0.31790619051294816
Danville,,207373003,,R-15,0.0,2.9,0.27326568715178595
Danville,,207373002,,R-15,0.0,2.9,0.2279190015835106
Danville,,207373001,,R-15,0.0,2.9,0.23443581118160076
Danville,,207371028,,R-15,0.0,2.9,0.23771785733428097
Danville,,207371027,,R-15,0.0,2.9,0.24116512547259134
Danville,,207371005,,R-15,0.0,2.9,0.2520628587188353
Danville,,207371004,,R-15,0.0,2.9,0.26650115967665805
Danville,,207373004,,R-15,0.0,2.9,0.2346465463305082
Danville,,207371002,,R-15,0.0,2.9,0.2769708595051954
Danville,,207371003,,R-15,0.0,2.9,0.27147939902191465
Danville,,207324002,,R-15,0.0,2.9,0.5063863507412082
Danville,,207324001,,R-15,0.0,2.9,0.3973367757703718
Danville,,207420042,,R-15,0.0,2.9,0.355
Danville,,207420041,,R-15,0.0,2.9,0.451
Danville,,207420029,,R-15,0.0,2.9,0.5784645162685638
Danville,,207371006,,R-15,0.0,2.9,0.2320473310848203
Danville,,207371007,,R-15,0.0,2.9,0.2469068225600355
Danville,,207371037,,P-1,0.0,35.0,4.9
Danville,,207371008,,R-15,0.0,2.9,0.25252834559846443
Danville,,207371009,,R-15,0.0,2.9,0.23280146315964279
Danville,,207420040,,R-15,0.0,2.9,0.869
Danville,,207420026,,R-15,0.0,2.9,0.7829315789645319
Danville,,207371014,,R-15,0.0,2.9,0.24426185742954548
Danville,,207371013,,R-15,0.0,2.9,0.31402453221215915
Danville,,207371017,,R-15,0.0,2.9,0.2866572146126019
Danville,,207371012,,R-15,0.0,2.9,0.2688811822054075
Danville,,207371011,,R-15,0.0,2.9,0.22941044431669347
Danville,,207371010,,R-15,0.0,2.9,0.2327855412493491
Danville,,207371026,,R-15,0.0,2.9,0.24997747542889803
Danville,,207371025,,R-15,0.0,2.9,0.2450949338906059
Danville,,207371023,,R-15,0.0,2.9,0.30157757724594364
Danville,,207371024,,R-15,0.0,2.9,0.25660115709235304
Danville,,207371018,,R-15,0.0,2.9,0.4106977865990026
Danville,,207371022,,R-15,0.0,2.9,0.31340971483785535
Danville,,207371021,,R-15,0.0,2.9,0.3781586578783208
Danville,,207371020,,R-15,0.0,2.9,0.35822487521808666
Danville,,207460002,,R-15,0.0,2.9,0.2572306315442196
Danville,,207371019,,R-15,0.0,2.9,0.4084032531212404
Danville,,207460001,,R-15,0.0,2.9,0.23317005862005546
Danville,,207371016,,R-15,0.0,2.9,0.2960945481978086
Danville,,207371015,,R-15,0.0,2.9,0.29574630558728676
Danville,,207371038,,R-15,0.0,2.9,0.7054289926733042
Danville,,207420024,,R-15,0.0,2.9,0.6510940982320425
Danville,,207420025,,R-15,0.0,2.9,0.45860300322021563
Danville,,207420023,,R-15,0.0,2.9,0.8804974446426521
Danville,,207420034,,R-15,0.0,2.9,0.9083002694810601
Danville,,207420035,,R-15,0.0,2.9,0.8893395366333455
Danville,,207420012,,R-15,0.0,2.9,0.7759127730782233
Danville,,207420037,,R-15,0.0,2.9,0.978
Danville,,207420038,,R-15,0.0,2.9,0.576
Danville,,207420022,,R-15,0.0,2.9,0.456069514495817
Danville,,207420021,,R-15,0.0,2.9,0.7148427009440584
Danville,,207420007,,R-15,0.0,2.9,0.851536634401056
Danville,,207420005,,R-15,0.0,2.9,1.0569243170757756
Danville,,207420006,,R-15,0.0,2.9,1.250344839932818
Danville,,207420039,,R-15,0.0,2.9,1.304
Danville,,207420028,,R-15,0.0,2.9,0.5764782251420838
Danville,,207420004,,R-15,0.0,2.9,0.9933644339368605
Danville,,207420030,,R-15,0.0,2.9,0.11001219024719246
Danville,,207420001,,R-15,0.0,2.9,0.6580661546122268
Danville,,207323006,,R-15,0.0,2.9,0.41316208733756254
Danville,,207323008,,R-15,0.0,2.9,0.42631070976235136
Danville,,207323007,,R-15,0.0,2.9,0.3705912772315965
Danville,,207342010,,P-1 (R-10),0.0,4.36,0.22999322837541156
Danville,,207342011,,P-1 (R-10),0.0,4.36,0.24357920260227905
Danville,,207323005,,R-15,0.0,2.9,0.42002585876475607
Danville,,207342012,,P-1 (R-10),0.0,4.36,0.2575272214389445
Danville,,207342013,,P-1 (R-10),0.0,4.36,0.23737170540972488
Danville,,207342018,,P-1 (R-10),0.0,4.36,0.1870082701035916
Danville,,207342017,,P-1 (R-10),0.0,4.36,0.24025279178579947
Danville,,207342016,,P-1 (R-10),0.0,4.36,0.19107455908053086
Danville,,207303007,,P-1 (R-10),0.0,4.36,0.14325486826581615
Danville,,207303006,,P-1 (R-10),0.0,4.36,0.11882272895739394
Danville,,207342015,,P-1 (R-10),0.0,4.36,0.18796513003101958
Danville,,207342019,,P-1,0.0,35.0,1.1388592701302704
Danville,,207292001,,P-1 (R-10),0.0,4.36,0.25139207300298066
Danville,,207292002,,P-1 (R-10),0.0,4.36,0.24873652120297343
Danville,,207292003,,P-1 (R-10),0.0,4.36,0.24796286701829579
Danville,,207040017,,P-1,0.0,35.0,1.309
Danville,,207292004,,P-1 (R-10),0.0,4.36,0.250313125229395
Danville,,207292007,,P-1 (R-10),0.0,4.36,0.24501436175294922
Danville,,207292006,,P-1 (R-10),0.0,4.36,0.24567845205244412
Danville,,207292005,,P-1 (R-10),0.0,4.36,0.2474326767780344
Danville,,207291043,,P-1 (R-10),0.0,4.36,0.22915355249063973
Danville,,207291042,,P-1 (R-10),0.0,4.36,0.2288857347948589
Danville,,207291041,,P-1 (R-10),0.0,4.36,0.23185585190151772
Danville,,207291030,,P-1 (R-10),0.0,4.36,0.28587851898715744
Danville,,207291029,,P-1 (R-10),0.0,4.36,0.2786218729488668
Danville,,207291051,,P-1 (R-10),0.0,4.36,0.13002710339317627
Danville,,207291027,,P-1 (R-10),0.0,4.36,0.2845993994002056
Danville,,207291050,,P-1 (R-10),0.0,4.36,0.16241722082148524
Danville,,207291044,,P-1 (R-10),0.0,4.36,0.23367593310160312
Danville,,207291045,,P-1 (R-10),0.0,4.36,0.22800913586110413
Danville,,207291046,,P-1 (R-10),0.0,4.36,0.23476657618818675
Danville,,207291026,,P-1 (R-10),0.0,4.36,0.28267977562060903
Danville,,207291047,,P-1 (R-10),0.0,4.36,0.2599838396014405
Danville,,207291025,,P-1 (R-10),0.0,4.36,0.3323162836591304
Danville,,207291024,,P-1 (R-10),0.0,4.36,0.25964858816574476
Danville,,207291023,,P-1 (R-10),0.0,4.36,0.26346860725065335
Danville,,207291022,,P-1 (R-10),0.0,4.36,0.2347826372193853
Danville,,207291021,,P-1 (R-10),0.0,4.36,0.23368853889505362
Danville,,207291020,,P-1 (R-10),0.0,4.36,0.2287798054718452
Danville,,207291011,,P-1 (R-10),0.0,4.36,0.2377872861451033
Danville,,207291010,,P-1 (R-10),0.0,4.36,0.2305423420984313
Danville,,207291006,,P-1 (R-10),0.0,4.36,0.23655731179147618
Danville,,207291007,,P-1 (R-10),0.0,4.36,0.23052954467317438
Danville,,207291008,,P-1 (R-10),0.0,4.36,0.27265890208391425
Danville,,207291009,,P-1 (R-10),0.0,4.36,0.27656924510598196
Danville,,207303004,,P-1,0.0,35.0,3.34
Danville,,216261005,,P-1 (R-15),0.0,2.9,0.22692892553986493
Danville,,216261003,,P-1 (R-15),0.0,2.9,0.24725412159732296
Danville,,21641Cxxx,,P-1,0.0,35.0,1.4233804017216085
Danville,,207330001,,P-1 (R-10),0.0,4.36,0.27104518163995295
Danville,,207330002,,P-1 (R-10),0.0,4.36,0.2710725258093053
Danville,,207330017,,P-1 (R-10),0.0,4.36,0.23424446587752432
Danville,,207304001,,P-1 (R-10),0.0,4.36,0.13
Danville,,207330018,,P-1 (R-10),0.0,4.36,0.32971186805394315
Danville,,207330019,,P-1 (R-10),0.0,4.36,0.3143430522962673
Danville,,207330016,,P-1 (R-10),0.0,4.36,0.23613817251617744
Danville,,207330021,,P-1 (R-10),0.0,4.36,0.2987172866494048
Danville,,207330020,,P-1 (R-10),0.0,4.36,0.25973623342294855
Danville,,207330022,,P-1 (R-10),0.0,4.36,0.2741685961395735
Danville,,207330013,,P-1 (R-10),0.0,4.36,0.22825696458399344
Danville,,207330014,,P-1 (R-10),0.0,4.36,0.2269960656346276
Danville,,207330015,,P-1 (R-10),0.0,4.36,0.24154464265396608
Danville,,207330003,,P-1 (R-10),0.0,4.36,0.2549018355086208
Danville,,207330004,,P-1 (R-10),0.0,4.36,0.3027893761719611
Danville,,207330005,,P-1 (R-10),0.0,4.36,0.3243145494409677
Danville,,207402013,,R-15,0.0,2.9,0.35972811242228087
Danville,,207330006,,P-1 (R-10),0.0,4.36,0.22963822141534024
Danville,,207330007,,P-1 (R-10),0.0,4.36,0.23883161923716673
Danville,,207330008,,P-1 (R-10),0.0,4.36,0.23575439207401405
Danville,,207402012,,R-15,0.0,2.9,0.42779909865526056
Danville,,207402011,,R-15,0.0,2.9,0.3586676924576682
Danville,,207402001,,R-15,0.0,2.9,0.36093659793168803
Danville,,207402002,,R-15,0.0,2.9,0.3618155606813074
Danville,,207330009,,P-1 (R-10),0.0,4.36,0.23689398212597315
Danville,,207330010,,P-1 (R-10),0.0,4.36,0.24249975342892985
Danville,,207401011,,R-15,0.0,2.9,0.3615620822571828
Danville,,207341001,,P-1 (R-10),0.0,4.36,0.31138389756103085
Danville,,207341002,,P-1 (R-10),0.0,4.36,0.2583450828593936
Danville,,207341005,,P-1 (R-10),0.0,4.36,0.27260400489207326
Danville,,207341004,,P-1 (R-10),0.0,4.36,0.3041757664917192
Danville,,207341003,,P-1 (R-10),0.0,4.36,0.4163076335663569
Danville,,207330026,,P-1 (R-10),0.0,4.36,0.09923824030127708
Danville,,207330025,,P-1 (R-10),0.0,4.36,0.12602604431505965
Danville,,207330012,,P-1 (R-10),0.0,4.36,0.23556270382990907
Danville,,207330023,,P-1 (R-10),0.0,4.36,0.2787899351686392
Danville,,207330024,,P-1 (R-10),0.0,4.36,0.22578801444916238
Danville,,207305001,,P-1 (R-10),0.0,4.36,0.23483564743333424
Danville,,207303009,,P-1 (R-10),0.0,4.36,0.132968622387829
Danville,,207303010,,P-1 (R-10),0.0,4.36,0.13264821081485084
Danville,,207303008,,P-1 (R-10),0.0,4.36,0.30321812669995457
Danville,,207305002,,P-1 (R-10),0.0,4.36,0.2409821237010976
Danville,,207342005,,P-1 (R-10),0.0,4.36,0.23105346655994802
Danville,,207342006,,P-1 (R-10),0.0,4.36,0.23571807242802226
Danville,,207342007,,P-1 (R-10),0.0,4.36,0.22649444647306374
Danville,,207342008,,P-1 (R-10),0.0,4.36,0.2331257457079394
Danville,,207342003,,P-1 (R-10),0.0,4.36,0.22613895342959464
Danville,,207342004,,P-1 (R-10),0.0,4.36,0.2278433236218941
Danville,,207341009,,P-1 (R-10),0.0,4.36,0.2290047401478822
Danville,,207323001,,R-15,0.0,2.9,0.3591685661863834
Danville,,207342001,,P-1 (R-10),0.0,4.36,0.22811045206037184
Danville,,207342002,,P-1 (R-10),0.0,4.36,0.22410983787115657
Danville,,207342009,,P-1 (R-10),0.0,4.36,0.245868202234933
Danville,,207323004,,R-15,0.0,2.9,0.47464470359399363
Danville,,207323002,,R-15,0.0,2.9,0.35218214289413174
Danville,,207323003,,R-15,0.0,2.9,0.3564321997389872
Danville,,207324004,,R-15,0.0,2.9,0.6644582331282666
Danville,,207324005,,R-15,0.0,2.9,0.4183862246604934
Danville,,207324007,,R-15,0.0,2.9,0.3435565572228635
Danville,,207322001,,R-15,0.0,2.9,0.35131988977266393
Danville,,207322002,,R-15,0.0,2.9,0.3534807546738348
Danville,,207322003,,R-15,0.0,2.9,0.358759469028075
Danville,,207324006,,R-15,0.0,2.9,0.361657141358724
Danville,,207322004,,R-15,0.0,2.9,0.35607033549848505
Danville,,207341008,,P-1 (R-10),0.0,4.36,0.23437878296628895
Danville,,207312008,,R-15,0.0,2.9,0.5410033225735137
Danville,,207312009,,R-15,0.0,2.9,0.4136972527606672
Danville,,207312004,,R-15,0.0,2.9,0.38335839392842425
Danville,,207312003,,R-15,0.0,2.9,0.4098347403752649
Danville,,207312002,,R-15,0.0,2.9,0.4028488010541401
Danville,,207312010,,R-15,0.0,2.9,0.3960726868159937
Danville,,207401002,,R-15,0.0,2.9,0.3495878579657257
Danville,,207312007,,R-15,0.0,2.9,0.5552537606731104
Danville,,207401012,,R-15,0.0,2.9,0.3632349244902534
Danville,,207401004,,R-15,0.0,2.9,0.34281719700653507
Danville,,207341007,,P-1 (R-10),0.0,4.36,0.3540848697825904
Danville,,207341006,,P-1 (R-10),0.0,4.36,0.31362888929422056
Danville,,207401005,,R-15,0.0,2.9,0.3515157405843749
Danville,,207401006,,R-15,0.0,2.9,0.3503641112206177
Danville,,207401009,,R-15,0.0,2.9,0.34513115842142283
Danville,,207401008,,R-15,0.0,2.9,0.35703598119897617
Danville,,207401010,,R-15,0.0,2.9,0.3417979540775476
Danville,,207402003,,R-15,0.0,2.9,0.36096377455330253
Danville,,207402004,,R-15,0.0,2.9,0.35391651590992335
Danville,,207403002,,R-15,0.0,2.9,0.4023259359802594
Danville,,207401007,,R-15,0.0,2.9,0.3553556361337144
Danville,,207403004,,R-15,0.0,2.9,0.4215852635657266
Danville,,207403005,,R-15,0.0,2.9,0.4403483315047563
Danville,,207403003,,R-15,0.0,2.9,0.42282992715133705
Danville,,207211017,,R-15,0.0,2.9,0.36652639629007894
Danville,,207211018,,R-15,0.0,2.9,0.3548063088720235
Danville,,207403006,,R-15,0.0,2.9,0.5263132087145137
Danville,,207401001,,R-15,0.0,2.9,0.3505117219157012
Danville,,207312001,,R-15,0.0,2.9,0.3722685376759782
Danville,,207312005,,R-15,0.0,2.9,0.5256938879010506
Danville,,207311001,,R-15,0.0,2.9,0.44504506986834014
Danville,,207311007,,R-15,0.0,2.9,0.38784577093584666
Danville,,207311003,,R-15,0.0,2.9,0.3629922466732587
Danville,,207311004,,R-15,0.0,2.9,0.6256138796248772
Danville,,207311002,,R-15,0.0,2.9,0.7296731363029797
Danville,,207272002,,R-15,0.0,2.9,0.4454471587972588
Danville,,207272003,,R-15,0.0,2.9,0.37262764311975954
Danville,,207272004,,R-15,0.0,2.9,0.4090933276028449
Danville,,207272005,,R-15,0.0,2.9,0.4850406882001749
Danville,,207271019,,R-15,0.0,2.9,0.361148614610888
Danville,,207271021,,R-15,0.0,2.9,0.3555091929445037
Danville,,207271020,,R-15,0.0,2.9,0.3581820418360561
Danville,,207271008,,R-15,0.0,2.9,0.3566851152413278
Danville,,207271009,,R-15,0.0,2.9,0.358051528378786
Danville,,207271007,,R-15,0.0,2.9,0.36133357340333766
Danville,,207271006,,R-15,0.0,2.9,0.5072830577538856
Danville,,207271005,,R-15,0.0,2.9,0.34473802638014756
Danville,,207202005,,R-15,0.0,2.9,0.3489063423018248
Danville,,207202006,,R-15,0.0,2.9,0.3510632877235531
Danville,,207271018,,R-15,0.0,2.9,0.34958061780326927
Danville,,207212001,,R-15,0.0,2.9,0.35019593292487716
Danville,,207212002,,R-15,0.0,2.9,0.3481725592632705
Danville,,207212003,,R-15,0.0,2.9,0.35959925544248383
Danville,,207202008,,R-15,0.0,2.9,0.3692634723905095
Danville,,207202007,,R-15,0.0,2.9,0.3778186045894087
Danville,,207202009,,R-15,0.0,2.9,0.34506489093564924
Danville,,207212005,,R-15,0.0,2.9,0.3617791926902614
Danville,,207211011,,R-15,0.0,2.9,0.38601982363691834
Danville,,207211012,,R-15,0.0,2.9,0.3689790663115667
Danville,,207410012,,R-15,0.0,2.9,0.5592157684685343
Danville,,207211013,,R-15,0.0,2.9,0.3978500494574969
Danville,,207212004,,R-15,0.0,2.9,0.35440723548100833
Danville,,207211016,,R-15,0.0,2.9,0.3965510658556191
Danville,,207211015,,R-15,0.0,2.9,0.4378948469501871
Danville,,207211014,,R-15,0.0,2.9,0.45414180126731374
Danville,,207410015,,R-15,0.0,2.9,0.4546711424174259
Danville,,207403001,,R-15,0.0,2.9,0.4410464061274845
Danville,,207402005,,R-15,0.0,2.9,0.34882691593772935
Danville,,207402006,,R-15,0.0,2.9,0.338712371903373
Danville,,207402007,,R-15,0.0,2.9,0.3399467071793876
Danville,,207410014,,R-15,0.0,2.9,0.53995597820412
Danville,,207402020,,R-15,0.0,2.9,0.4434480344741553
Danville,,207410001,,R-15,0.0,2.9,0.3576821269822703
Danville,,207410013,,R-15,0.0,2.9,0.323604578762418
Danville,,207410011,,R-15,0.0,2.9,0.4397050107492106
Danville,,207211010,,R-15,0.0,2.9,0.4338991983138399
Danville,,207410009,,R-15,0.0,2.9,0.3765971234234743
Danville,,207410010,,R-15,0.0,2.9,0.36438342750295094
Danville,,207410004,,R-15,0.0,2.9,0.35354772638145465
Danville,,207410003,,R-15,0.0,2.9,0.34668628463107387
Danville,,207410002,,R-15,0.0,2.9,0.34356464693218935
Danville,,216193002,,P-1 (R-15),0.0,2.9,0.26154598370166615
Danville,,216193041,,R-15,0.0,2.9,0.3568351459167904
Danville,,216193044,,R-15,0.0,2.9,0.39888226578476793
Danville,,216193018,,P-1 (R-15),0.0,2.9,0.23075463595647203
Danville,,216193019,,P-1 (R-15),0.0,2.9,0.3365763258512409
Danville,,216193016,,P-1 (R-15),0.0,2.9,0.2892123664471686
Danville,,216193017,,P-1 (R-15),0.0,2.9,0.24863335043896764
Danville,,216193004,,P-1 (R-15),0.0,2.9,0.2852165883617706
Danville,,216193007,,P-1 (R-15),0.0,2.9,0.1833243998586942
Danville,,216193006,,P-1 (R-15),0.0,2.9,0.3075903543861053
Danville,,216191009,,P-1 (R-15),0.0,2.9,0.07128542408985175
Danville,,216193005,,P-1 (R-15),0.0,2.9,0.23003948122284848
Danville,,216193003,,P-1 (R-15),0.0,2.9,0.26454466186548753
Danville,,216193001,,P-1 (R-15),0.0,2.9,0.2482304604817596
Danville,,216410037,,P-1,0.0,35.0,0.15862052478544142
Danville,,216410036,,P-1,0.0,35.0,0.17042876137942756
Danville,,216191018,,P-1 (R-15),0.0,2.9,0.05469948125439355
Danville,,216191017,,P-1 (R-15),0.0,2.9,0.05469781273483045
Danville,,216191016,,P-1 (R-15),0.0,2.9,0.05376572200454706
Danville,,216410035,,P-1,0.0,35.0,0.18801771595606354
Danville,,216191010,,P-1 (R-15),0.0,2.9,0.05232291948431583
Danville,,216191011,,P-1 (R-15),0.0,2.9,0.0724471801581032
Danville,,216191012,,P-1 (R-15),0.0,2.9,0.05333633360823905
Danville,,216191019,,P-1 (R-15),0.0,2.9,1.3453425949482418
Danville,,216410028,,P-1,0.0,35.0,0.24248809477263839
Danville,,216191013,,P-1 (R-15),0.0,2.9,0.05943295580823765
Danville,,216191014,,P-1 (R-15),0.0,2.9,0.05577576954509286
Danville,,216191015,,P-1 (R-15),0.0,2.9,0.05403415848843845
Danville,,216410029,,P-1,0.0,35.0,0.19019807452041962
Danville,,216410027,,P-1,0.0,35.0,0.21325436750871474
Danville,,216410026,,P-1,0.0,35.0,0.1365132896980521
Danville,,216390014,,P-1,0.0,35.0,0.05628501363068005
Danville,,216390015,,P-1,0.0,35.0,0.05025445812267347
Danville,,216410024,,P-1,0.0,35.0,0.14696675735815407
Danville,,216410025,,P-1,0.0,35.0,0.22176276988611227
Danville,,216410023,,P-1,0.0,35.0,0.14034435020585714
Danville,,216410022,,P-1,0.0,35.0,0.14292777298220405
Danville,,216410030,,P-1,0.0,35.0,0.13409114586053125
Danville,,216410031,,P-1,0.0,35.0,0.14051386224430948
Danville,,216410021,,P-1,0.0,35.0,0.1385603384768082
Danville,,216410020,,P-1,0.0,35.0,0.14073172528635527
Danville,,216410033,,P-1,0.0,35.0,0.14127077923730033
Danville,,216410032,,P-1,0.0,35.0,0.13850636879080233
Danville,,216410034,,P-1,0.0,35.0,0.1542301251435912
Danville,,207402019,,R-15,0.0,2.9,0.36603684644784207
Danville,,207402018,,R-15,0.0,2.9,0.3576545353707648
Danville,,207402017,,R-15,0.0,2.9,0.35307152678701065
Danville,,207402008,,R-15,0.0,2.9,0.3460741757514608
Danville,,207402009,,R-15,0.0,2.9,0.34513213465664294
Danville,,207402010,,R-15,0.0,2.9,0.3740514037808728
Danville,,207402015,,R-15,0.0,2.9,0.41902653782697147
Danville,,207402016,,R-15,0.0,2.9,0.3734371999342024
Danville,,207402014,,R-15,0.0,2.9,0.4590698461018912
Danville,,216261035,,P-1 (R-15),0.0,2.9,0.033631983069425116
Danville,,216261002,,P-1 (R-15),0.0,2.9,0.22594009315460903
Danville,,216261004,,P-1 (R-15),0.0,2.9,0.26740442648740126
Danville,,216261045,,P-1 (R-15),0.0,2.9,0.1604053365261887
Danville,,216261001,,P-1 (R-15),0.0,2.9,0.22881573685307227
Danville,,216220008,,P-1,0.0,35.0,3.773
Danville,,216220002,,P-1,0.0,35.0,0.15584961948796638
Danville,,216410038,,P-1,0.0,35.0,3.66
Danville,,216390002,,P-1,0.0,35.0,0.04921916950723522
Danville,,216390003,,P-1,0.0,35.0,0.05788254967953092
Danville,,216390001,,P-1,0.0,35.0,0.05862611560798759
Danville,,216390011,,P-1,0.0,35.0,0.050831037838680926
Danville,,216390013,,P-1,0.0,35.0,0.05810370654750425
Danville,,216390012,,P-1,0.0,35.0,0.05171143908954131
Danville,,216390010,,P-1,0.0,35.0,0.057210612706827146
Danville,,216390008,,P-1,0.0,35.0,0.0490703851680926
Danville,,216390009,,P-1,0.0,35.0,0.055794170863294835
Danville,,216390006,,P-1,0.0,35.0,0.05011064453571524
Danville,,216390007,,P-1,0.0,35.0,0.05732001439077883
Danville,,216390005,,P-1,0.0,35.0,0.04809671395589749
Danville,,216390004,,P-1,0.0,35.0,0.05548363027471316
Danville,,216390043,,P-1,0.0,35.0,0.05180534315653482
Danville,,216390041,,P-1,0.0,35.0,0.05641061726460708
Danville,,216390039,,P-1,0.0,35.0,0.050878227873125625
Danville,,216390038,,P-1,0.0,35.0,0.04977682079179475
Danville,,216390040,,P-1,0.0,35.0,0.05568816324711942
Danville,,216390042,,P-1,0.0,35.0,0.05104604236186817
Danville,,216390044,,P-1,0.0,35.0,0.05749996948192762
Danville,,216390045,,P-1,0.0,35.0,5.9775678482725825
Danville,,216203011,,P-1 (R-15),0.0,2.9,0.2359535134624965
Danville,,216203020,,P-1 (R-15),0.0,2.9,0.12819455056001988
Danville,,216203019,,P-1 (R-15),0.0,2.9,0.12085444474581326
Danville,,216203013,,P-1 (R-15),0.0,2.9,0.2434554503743065
Danville,,216203014,,P-1 (R-15),0.0,2.9,0.2615533083390173
Danville,,216202004,,P-1 (R-15),0.0,2.9,0.2961970125117506
Danville,,216202005,,P-1 (R-15),0.0,2.9,0.25936946542393613
Danville,,216202022,,P-1 (R-15),0.0,2.9,0.2625291192828658
Danville,,216202023,,P-1 (R-15),0.0,2.9,0.24314497624085923
Danville,,216202024,,P-1 (R-15),0.0,2.9,0.2604262955830315
Danville,,216202001,,P-1 (R-15),0.0,2.9,0.27294376351359895
Danville,,216202025,,P-1 (R-15),0.0,2.9,0.2573412407600579
Danville,,216202003,,P-1 (R-15),0.0,2.9,0.26652689019762255
Danville,,216203016,,P-1 (R-15),0.0,2.9,0.2943892008505837
Danville,,216202002,,P-1 (R-15),0.0,2.9,0.28372646608724433
Danville,,216203017,,P-1 (R-15),0.0,2.9,0.2534535242187246
Danville,,216191001,,P-1 (R-15),0.0,2.9,0.25030914855700437
Danville,,216191002,,P-1 (R-15),0.0,2.9,0.24217083260877598
Danville,,216390031,,P-1,0.0,35.0,0.04910823529327281
Danville,,216390032,,P-1,0.0,35.0,0.05733073148242861
Danville,,216203015,,P-1 (R-15),0.0,2.9,0.27241045594338115
Danville,,216390033,,P-1,0.0,35.0,0.05652024089901012
Danville,,216390034,,P-1,0.0,35.0,0.05240163728588349
Danville,,216390035,,P-1,0.0,35.0,0.04673115618220668
Danville,,216390036,,P-1,0.0,35.0,0.05555216195207796
Danville,,216390030,,P-1,0.0,35.0,0.04978069554311868
Danville,,216390029,,P-1,0.0,35.0,0.05409763667825958
Danville,,216390037,,P-1,0.0,35.0,0.05054386110233165
Danville,,216390016,,P-1,0.0,35.0,0.05631601200898721
Danville,,216390017,,P-1,0.0,35.0,0.05923100759203953
Danville,,216390018,,P-1,0.0,35.0,0.048385728882685164
Danville,,216390019,,P-1,0.0,35.0,0.05724424681501912
Danville,,216390028,,P-1,0.0,35.0,0.05027392339610023
Danville,,216390027,,P-1,0.0,35.0,0.05823295561072366
Danville,,216390025,,P-1,0.0,35.0,0.052193829633309395
Danville,,216390024,,P-1,0.0,35.0,0.050039299501994136
Danville,,216390020,,P-1,0.0,35.0,0.050210355487095716
Danville,,216390021,,P-1,0.0,35.0,0.05023704050235592
Danville,,216390022,,P-1,0.0,35.0,0.06210781526315637
Danville,,216390023,,P-1,0.0,35.0,0.0569042585833064
Danville,,216390026,,P-1,0.0,35.0,0.04930583590966534
Danville,,216191003,,P-1 (R-15),0.0,2.9,0.23787242334907732
Danville,,216191004,,P-1 (R-15),0.0,2.9,0.24381447459168182
Danville,,216191005,,P-1 (R-15),0.0,2.9,0.23823918892578924
Danville,,216191006,,P-1 (R-15),0.0,2.9,0.23676515865697983
Danville,,216191007,,P-1 (R-15),0.0,2.9,0.2396006649692137
Danville,,216193008,,P-1 (R-15),0.0,2.9,0.2448574247036976
Danville,,216193009,,P-1 (R-15),0.0,2.9,0.24814165929875057
Danville,,216193015,,P-1 (R-15),0.0,2.9,0.2673125195070421
Danville,,216193014,,P-1 (R-15),0.0,2.9,0.23503598304214643
Danville,,216193013,,P-1 (R-15),0.0,2.9,0.2958176696144923
Danville,,216193010,,P-1 (R-15),0.0,2.9,0.2460202595640415
Danville,,216193035,,P-1 (R-15),0.0,2.9,0.1469754349353052
Danville,,216193012,,P-1 (R-15),0.0,2.9,0.26303156345366346
Danville,,216193034,,P-1 (R-15),0.0,2.9,0.07567911670782912
Danville,,216193033,,P-1 (R-15),0.0,2.9,0.15551371876537887
Danville,,216193039,,P-1 (R-15),0.0,2.9,0.11385746495247055
Danville,,216193036,,P-1 (R-15),0.0,2.9,0.1683179030778836
Danville,,216193037,,P-1 (R-15),0.0,2.9,0.16061882233772903
Danville,,216193038,,P-1 (R-15),0.0,2.9,0.12417060485181028
Danville,,216193029,,P-1 (R-15),0.0,2.9,0.14414289376387496
Danville,,216192005,,P-1 (R-15),0.0,2.9,0.2617109666384087
Danville,,216193030,,P-1 (R-15),0.0,2.9,0.12793375570327056
Danville,,216193031,,P-1 (R-15),0.0,2.9,0.07072067750534922
Danville,,216193032,,P-1 (R-15),0.0,2.9,0.1608142276986936
Danville,,216192002,,P-1 (R-15),0.0,2.9,0.2303810950494422
Danville,,216192003,,P-1 (R-15),0.0,2.9,0.24790228710374687
Danville,,216192004,,P-1 (R-15),0.0,2.9,0.2788645129857037
Danville,,216192010,,P-1 (R-15),0.0,2.9,0.2807353804359466
Danville,,216192009,,P-1 (R-15),0.0,2.9,0.24517782096460836
Danville,,216192013,,P-1 (R-15),0.0,2.9,0.22832508295610732
Danville,,216011020,,P-1 (R-15),0.0,2.9,0.27611753015693935
Danville,,216192014,,P-1 (R-15),0.0,2.9,0.22529620372907322
Danville,,216192008,,P-1 (R-15),0.0,2.9,0.24077873247825832
Danville,,216192007,,P-1 (R-15),0.0,2.9,0.26273372294422626
Danville,,216011019,,P-1 (R-15),0.0,2.9,0.37651481950200294
Danville,,216192015,,P-1 (R-15),0.0,2.9,0.276922857642273
Danville,,216201018,,P-1 (R-15),0.0,2.9,0.3176532513523562
Danville,,216192016,,P-1 (R-15),0.0,2.9,0.34011822201629494
Danville,,216201019,,P-1 (R-15),0.0,2.9,0.2555239291895358
Danville,,216192017,,P-1 (R-15),0.0,2.9,0.2311686850122112
Danville,,216192020,,P-1 (R-15),0.0,2.9,0.1487211696308095
Danville,,216192019,,P-1 (R-15),0.0,2.9,0.19578173978478255
Danville,,216203018,,P-1 (R-15),0.0,2.9,0.2746293752210301
Danville,,216192018,,P-1 (R-15),0.0,2.9,0.22596449512070713
Danville,,216201020,,P-1 (R-15),0.0,2.9,0.1934476093970007
Danville,,216201021,,P-1 (R-15),0.0,2.9,0.25321752233572026
Danville,,216201002,,P-1 (R-15),0.0,2.9,0.23404808639352342
Danville,,216201017,,P-1 (R-15),0.0,2.9,0.09687323777880129
Danville,,216011013,,P-1 (R-15),0.0,2.9,0.4014242758528328
Danville,,216011012,,P-1 (R-15),0.0,2.9,0.3810449769689332
Danville,,216011015,,P-1 (R-15),0.0,2.9,0.41051121390760525
Danville,,216011014,,P-1 (R-15),0.0,2.9,0.2737665513418842
Danville,,216011011,,P-1 (R-15),0.0,2.9,0.34407063917191577
Danville,,216011010,,P-1 (R-15),0.0,2.9,0.31276329849913287
Danville,,216011009,,P-1 (R-15),0.0,2.9,0.25060490484754044
Danville,,216011008,,P-1 (R-15),0.0,2.9,0.2501859896794063
Danville,,216011017,,P-1 (R-15),0.0,2.9,0.25584632907764904
Danville,,216011016,,P-1 (R-15),0.0,2.9,0.5652593862269393
Danville,,216011018,,P-1 (R-15),0.0,2.9,0.35098009331440755
Danville,,216011021,,P-1 (R-15),0.0,2.9,0.24264945529108295
Danville,,216012004,,P-1 (R-15),0.0,2.9,0.3728942269098266
Danville,,216012003,,P-1 (R-15),0.0,2.9,0.30940475059754574
Danville,,216012007,,P-1 (R-15),0.0,2.9,0.3092770497329478
Danville,,216012006,,P-1 (R-15),0.0,2.9,0.24609289349943866
Danville,,216012005,,P-1 (R-15),0.0,2.9,0.2618694027857527
Danville,,216012015,,P-1 (R-15),0.0,2.9,0.25848827366537747
Danville,,216011007,,P-1 (R-15),0.0,2.9,0.25657403417757435
Danville,,216012016,,P-1 (R-15),0.0,2.9,0.26390836438507737
Danville,,216012017,,P-1 (R-15),0.0,2.9,0.2419695463950637
Danville,,216012018,,P-1 (R-15),0.0,2.9,0.26514843100974045
Danville,,216012014,,P-1 (R-15),0.0,2.9,0.2694431182629609
Danville,,216012013,,P-1 (R-15),0.0,2.9,0.2758389129700112
Danville,,216012012,,P-1 (R-15),0.0,2.9,0.289356156802787
Danville,,216012019,,P-1 (R-15),0.0,2.9,0.2934434334052569
Danville,,216012020,,P-1 (R-15),0.0,2.9,0.2759701452627898
Danville,,216012021,,P-1 (R-15),0.0,2.9,0.48026786811272226
Danville,,216012022,,P-1 (R-15),0.0,2.9,0.3105057557643245
Danville,,216012024,,P-1 (R-15),0.0,2.9,0.3578804053407076
Danville,,216012025,,P-1 (R-15),0.0,2.9,0.34346032276412075
Danville,,216012026,,P-1 (R-15),0.0,2.9,0.291295443236194
Danville,,216012027,,P-1 (R-15),0.0,2.9,0.26280129038100525
Danville,,216012028,,P-1 (R-15),0.0,2.9,0.26264735079313023
Danville,,216012029,,P-1 (R-15),0.0,2.9,0.2569171060488445
Danville,,216362001,,P-1 (R-15),0.0,2.9,0.29323734351732755
Danville,,216363002,,P-1 (R-15),0.0,2.9,0.284806903092285
Danville,,216363003,,P-1 (R-15),0.0,2.9,0.34758531637687784
Danville,,216361003,,P-1 (R-15),0.0,2.9,0.2882308326767961
Danville,,216361001,,P-1 (R-15),0.0,2.9,0.39249227276915366
Danville,,216361002,,P-1 (R-15),0.0,2.9,0.37302789015381166
Danville,,216232016,,P-1 (R-15),0.0,2.9,0.23036510040080196
Danville,,216232017,,P-1 (R-15),0.0,2.9,0.22874355674649363
Danville,,216361004,,P-1 (R-15),0.0,2.9,0.2834501053290109
Danville,,216240001,,P-1 (R-15),0.0,2.9,0.2429504814557119
Danville,,216240002,,P-1 (R-15),0.0,2.9,0.23606336377889184
Danville,,216362002,,P-1 (R-15),0.0,2.9,0.29590700271633175
Danville,,216011003,,P-1 (R-15),0.0,2.9,0.31277933068487646
Danville,,216011002,,P-1 (R-15),0.0,2.9,0.25991349853120593
Danville,,216011001,,P-1 (R-15),0.0,2.9,0.26093842695215114
Danville,,216011006,,P-1 (R-15),0.0,2.9,0.27305534590657443
Danville,,216011005,,P-1 (R-15),0.0,2.9,0.2934786290375448
Danville,,216011004,,P-1 (R-15),0.0,2.9,0.4172003913232872
Danville,,216240003,,P-1 (R-15),0.0,2.9,0.23215042284134427
Danville,,216240019,,P-1 (R-15),0.0,2.9,0.11870201245325906
Danville,,216240004,,P-1 (R-15),0.0,2.9,0.23507415953979732
Danville,,216240005,,P-1 (R-15),0.0,2.9,0.24474265288144753
Danville,,216240006,,P-1 (R-15),0.0,2.9,0.29396381412445055
Danville,,216201016,,P-1 (R-15),0.0,2.9,0.14289549938482612
Danville,,216240007,,P-1 (R-15),0.0,2.9,0.21374156524015606
Danville,,216240010,,P-1 (R-15),0.0,2.9,0.273343674728625
Danville,,216240008,,P-1 (R-15),0.0,2.9,0.16697301013524776
Danville,,216240020,,P-1 (R-15),0.0,2.9,0.11854697742046653
Danville,,216240011,,P-1 (R-15),0.0,2.9,0.25779049394655124
Danville,,216240012,,P-1 (R-15),0.0,2.9,0.24087678120859263
Danville,,216201008,,P-1 (R-15),0.0,2.9,0.22733630567064056
Danville,,216201014,,P-1 (R-15),0.0,2.9,0.11850346297392683
Danville,,216201015,,P-1 (R-15),0.0,2.9,0.11424939487269971
Danville,,216240013,,P-1 (R-15),0.0,2.9,0.26247770060401704
Danville,,216290035,,P-1,0.0,35.0,0.05682779398579351
Danville,,216240014,,P-1 (R-15),0.0,2.9,0.2366923123818308
Danville,,216240016,,P-1 (R-15),0.0,2.9,0.22989345200050165
Danville,,216240017,,P-1 (R-15),0.0,2.9,0.26763290185290234
Danville,,216240021,,P-1 (R-15),0.0,2.9,0.1754888675524352
Danville,,216240022,,P-1 (R-15),0.0,2.9,0.163485431391771
Danville,,216240015,,P-1 (R-15),0.0,2.9,0.329337103251168
Danville,,216233002,,P-1 (R-15),0.0,2.9,0.2844317655568257
Danville,,216233003,,P-1 (R-15),0.0,2.9,0.23156469562343257
Danville,,216233004,,P-1 (R-15),0.0,2.9,0.2609893855914733
Danville,,216290007,,P-1,0.0,35.0,0.05925137083452273
Danville,,216290006,,P-1,0.0,35.0,0.06171323203403138
Danville,,216290005,,P-1,0.0,35.0,0.058316238281435576
Danville,,216290004,,P-1,0.0,35.0,0.07563264806777734
Danville,,216290003,,P-1,0.0,35.0,0.053678463558035475
Danville,,216290041,,P-1,0.0,35.0,0.07199187480300301
Danville,,216290042,,P-1,0.0,35.0,0.04918784946821204
Danville,,216290043,,P-1,0.0,35.0,0.04941088513493902
Danville,,216290044,,P-1,0.0,35.0,0.07043201461878201
Danville,,216290040,,P-1,0.0,35.0,0.05697071018289988
Danville,,216290039,,P-1,0.0,35.0,0.0553419668778228
Danville,,216290037,,P-1,0.0,35.0,0.055667563375554195
Danville,,216290038,,P-1,0.0,35.0,0.05749114482376276
Danville,,216290036,,P-1,0.0,35.0,0.053501021958876266
Danville,,216290034,,P-1,0.0,35.0,0.05490761387257283
Danville,,216290033,,P-1,0.0,35.0,0.055996128867215396
Danville,,216290032,,P-1,0.0,35.0,0.05599216856716758
Danville,,216290029,,P-1,0.0,35.0,0.054601333529577
Danville,,216290030,,P-1,0.0,35.0,0.05624681236952225
Danville,,216290031,,P-1,0.0,35.0,0.05616379524621192
Danville,,216290028,,P-1,0.0,35.0,0.08011491571046728
Danville,,216290027,,P-1,0.0,35.0,0.08443960395312969
Danville,,216290002,,P-1,0.0,35.0,0.049473264392108064
Danville,,216290001,,P-1,0.0,35.0,0.07234211473397868
Danville,,216290019,,P-1,0.0,35.0,0.05541780695491258
Danville,,216290018,,P-1,0.0,35.0,0.07397986708424711
Danville,,216290023,,P-1,0.0,35.0,0.05715349138487283
Danville,,216290022,,P-1,0.0,35.0,0.07537535032337273
Danville,,216290020,,P-1,0.0,35.0,0.05477117684671092
Danville,,216290021,,P-1,0.0,35.0,0.0538033562490133
Danville,,216235003,,P-1 (R-15),0.0,2.9,0.230598184061657
Danville,,216213001,,P-1 (R-15),0.0,2.9,0.22809646343373588
Danville,,216290024,,P-1,0.0,35.0,0.05249978730162374
Danville,,216212010,,P-1 (R-15),0.0,2.9,0.2535169310510486
Danville,,216212009,,P-1 (R-15),0.0,2.9,0.2608358701538269
Danville,,216220004,,P-1,0.0,35.0,14.09
Danville,,216203001,,P-1 (R-15),0.0,2.9,0.25007154903379053
Danville,,216290025,,P-1,0.0,35.0,0.05301706304141654
Danville,,216290026,,P-1,0.0,35.0,0.05181136118327967
Danville,,216201013,,P-1 (R-15),0.0,2.9,0.24789092755518863
Danville,,216201012,,P-1 (R-15),0.0,2.9,0.23589385336208274
Danville,,216201010,,P-1 (R-15),0.0,2.9,0.2579949564325528
Danville,,216202014,,P-1 (R-15),0.0,2.9,0.34699255749045493
Danville,,216201011,,P-1 (R-15),0.0,2.9,0.24454303730571705
Danville,,216203003,,P-1 (R-15),0.0,2.9,0.23641155345671472
Danville,,216203002,,P-1 (R-15),0.0,2.9,0.232120758776567
Danville,,216212008,,P-1 (R-15),0.0,2.9,0.2603821789296927
Danville,,216212012,,P-1 (R-15),0.0,2.9,0.16980536539387342
Danville,,216212011,,P-1 (R-15),0.0,2.9,0.09091293367967498
Danville,,216212006,,P-1 (R-15),0.0,2.9,0.23612250145244065
Danville,,216203004,,P-1 (R-15),0.0,2.9,0.23758641776214365
Danville,,216203021,,P-1 (R-15),0.0,2.9,0.13863432301076165
Danville,,216203022,,P-1 (R-15),0.0,2.9,0.09754393785136138
Danville,,216203006,,P-1 (R-15),0.0,2.9,0.23871425682233224
Danville,,216202027,,P-1 (R-15),0.0,2.9,0.2430348923755933
Danville,,216202026,,P-1 (R-15),0.0,2.9,0.2411834915728593
Danville,,216202013,,P-1 (R-15),0.0,2.9,0.23474722387982033
Danville,,216202015,,P-1 (R-15),0.0,2.9,0.25541264178729817
Danville,,216202028,,P-1 (R-15),0.0,2.9,0.24509013646642877
Danville,,216201007,,P-1 (R-15),0.0,2.9,0.21558219537733056
Danville,,216201006,,P-1 (R-15),0.0,2.9,0.23486459237788532
Danville,,216202029,,P-1 (R-15),0.0,2.9,0.26679900079522534
Danville,,216202018,,P-1 (R-15),0.0,2.9,0.2953897125631052
Danville,,216202010,,P-1 (R-15),0.0,2.9,0.22766671879150413
Danville,,216202009,,P-1 (R-15),0.0,2.9,0.10161065121252368
Danville,,216202019,,P-1 (R-15),0.0,2.9,0.2511397227039264
Danville,,216201005,,P-1 (R-15),0.0,2.9,0.2238477907679929
Danville,,216201004,,P-1 (R-15),0.0,2.9,0.228890697057405
Danville,,216202021,,P-1 (R-15),0.0,2.9,0.25759642838157065
Danville,,216202020,,P-1 (R-15),0.0,2.9,0.2549721293500433
Danville,,216202006,,P-1 (R-15),0.0,2.9,0.26498068417222326
Danville,,216202007,,P-1 (R-15),0.0,2.9,0.2537552063196954
Danville,,216202008,,P-1 (R-15),0.0,2.9,0.2430249657502461
Danville,,216203009,,P-1 (R-15),0.0,2.9,0.2302301588151439
Danville,,216203010,,P-1 (R-15),0.0,2.9,0.23797302448964447
Danville,,216203008,,P-1 (R-15),0.0,2.9,0.235003163245718
Danville,,216203007,,P-1 (R-15),0.0,2.9,0.2402644112753413
Danville,,216340017,,P-1,0.0,35.0,0.026910652914410804
Danville,,216340035,,P-1,0.0,35.0,2.934068008223046
Danville,,216340016,,P-1,0.0,35.0,0.02701462932443988
Danville,,216340015,,P-1,0.0,35.0,0.027771917903606818
Danville,,216340018,,P-1,0.0,35.0,0.02862180490897672
Danville,,216340020,,P-1,0.0,35.0,0.016254719021446432
Danville,,216340019,,P-1,0.0,35.0,0.013249406201698614
Danville,,216340021,,P-1,0.0,35.0,0.016347499033201648
Danville,,216340023,,P-1,0.0,35.0,0.015138514784737335
Danville,,216340022,,P-1,0.0,35.0,0.014523678663491656
Danville,,216340024,,P-1,0.0,35.0,0.020178217314184878
Danville,,216340025,,P-1,0.0,35.0,0.02476229527286521
Danville,,216340028,,P-1,0.0,35.0,0.017389330500771443
Danville,,216340029,,P-1,0.0,35.0,0.013588637223277451
Danville,,216340027,,P-1,0.0,35.0,0.01938011333720946
Danville,,216340026,,P-1,0.0,35.0,0.019182375331583533
Danville,,216340014,,P-1,0.0,35.0,0.02909857617588394
Danville,,216340013,,P-1,0.0,35.0,0.027494121220680404
Danville,,216340012,,P-1,0.0,35.0,0.02815791331341763
Danville,,216340011,,P-1,0.0,35.0,0.02869725484942992
Danville,,216340010,,P-1,0.0,35.0,0.02822232498255867
Danville,,216340009,,P-1,0.0,35.0,0.026334152358545165
Danville,,216340006,,P-1,0.0,35.0,0.02055378896793086
Danville,,216340008,,P-1,0.0,35.0,0.02695042426117731
Danville,,216340007,,P-1,0.0,35.0,0.028006642931640156
Danville,,216340003,,P-1,0.0,35.0,0.017041470108543642
Danville,,216340005,,P-1,0.0,35.0,0.022131804672093056
Danville,,216340004,,P-1,0.0,35.0,0.018034721886126176
Danville,,216340002,,P-1,0.0,35.0,0.013813848891163468
Danville,,216340001,,P-1,0.0,35.0,0.013634381659987644
Danville,,216340034,,P-1,0.0,35.0,0.01707583245229104
Danville,,216340032,,P-1,0.0,35.0,0.017545113867162128
Danville,,216340030,,P-1,0.0,35.0,0.014402101602488787
Danville,,216340031,,P-1,0.0,35.0,0.013934673254877293
Danville,,216340033,,P-1,0.0,35.0,0.017019110169928846
Danville,,216261023,,P-1 (R-15),0.0,2.9,0.22880358175240043
Danville,,216261024,,P-1 (R-15),0.0,2.9,0.2340604421087063
Danville,,216261046,,P-1 (R-15),0.0,2.9,0.11847772595124256
Danville,,216261022,,P-1 (R-15),0.0,2.9,0.2503183166719686
Danville,,216261021,,P-1 (R-15),0.0,2.9,0.23501760932428734
Danville,,216261020,,P-1 (R-15),0.0,2.9,0.2294687283016558
Danville,,216261019,,P-1 (R-15),0.0,2.9,0.2489344128907817
Danville,,216261017,,P-1 (R-15),0.0,2.9,0.23197359335193024
Danville,,216261018,,P-1 (R-15),0.0,2.9,0.2307951113228594
Danville,,216261015,,P-1 (R-15),0.0,2.9,0.2297707151041983
Danville,,216261014,,P-1 (R-15),0.0,2.9,0.22821321784500298
Danville,,216261012,,P-1 (R-15),0.0,2.9,0.23102257695538822
Danville,,216261013,,P-1 (R-15),0.0,2.9,0.22989848764035622
Danville,,216261039,,P-1,0.0,35.0,0.1395879541603232
Danville,,216261029,,P-1 (R-15),0.0,2.9,0.22847015063505707
Danville,,216211026,,P-1 (R-15),0.0,2.9,0.11717368371969093
Danville,,216261038,,P-1 (R-15),0.0,2.9,0.09269397622334999
Danville,,216261028,,P-1 (R-15),0.0,2.9,0.23049403185063727
Danville,,216261037,,P-1 (R-15),0.0,2.9,0.13683965622583416
Danville,,216261016,,P-1 (R-15),0.0,2.9,0.235029479924302
Danville,,216261026,,P-1 (R-15),0.0,2.9,0.23147822831866544
Danville,,216211025,,P-1 (R-15),0.0,2.9,0.11544763655166736
Danville,,216211020,,P-1 (R-15),0.0,2.9,0.23715855534615354
Danville,,216212001,,P-1 (R-15),0.0,2.9,0.252172472345816
Danville,,216212002,,P-1 (R-15),0.0,2.9,0.2587551569404415
Danville,,216212003,,P-1 (R-15),0.0,2.9,0.25602200379329376
Danville,,216211023,,P-1 (R-15),0.0,2.9,0.13149349690620082
Danville,,216211015,,P-1 (R-15),0.0,2.9,0.27379471633692143
Danville,,216211019,,P-1 (R-15),0.0,2.9,0.2273589307270264
Danville,,216211018,,P-1 (R-15),0.0,2.9,0.2996559971143632
Danville,,216211027,,P-1 (R-15),0.0,2.9,0.2801217050003589
Danville,,216211016,,P-1 (R-15),0.0,2.9,0.24644434852999786
Danville,,216281018,,P-1 (R-15),0.0,2.9,0.3792539679738426
Danville,,216281017,,P-1 (R-15),0.0,2.9,0.3198167618483607
Danville,,216211022,,P-1 (R-15),0.0,2.9,0.28416728283123144
Danville,,216252019,,P-1 (R-15),0.0,2.9,0.25512606872119087
Danville,,216251017,,P-1 (R-15),0.0,2.9,0.1088792145527379
Danville,,216251018,,P-1,0.0,35.0,0.10692016944403204
Danville,,216251019,,P-1,0.0,35.0,0.10714095430784834
Danville,,216251003,,P-1 (R-15),0.0,2.9,0.23012435226836947
Danville,,216252016,,P-1 (R-15),0.0,2.9,0.33614566403891555
Danville,,216252018,,P-1 (R-15),0.0,2.9,0.2994084004562561
Danville,,216252017,,P-1 (R-15),0.0,2.9,0.14817367949776172
Danville,,216252013,,P-1 (R-15),0.0,2.9,0.030004591961939473
Danville,,216281016,,P-1 (R-15),0.0,2.9,0.26269856755108345
Danville,,216252008,,P-1 (R-15),0.0,2.9,0.1283274694915101
Danville,,216252020,,P-1 (R-15),0.0,2.9,0.281
Danville,,216252001,,P-1 (R-15),0.0,2.9,0.2390776772524305
Danville,,216252015,,P-1 (R-15),0.0,2.9,0.02865770151675564
Danville,,216281015,,P-1 (R-15),0.0,2.9,0.3012036505988213
Danville,,216281004,,P-1 (R-15),0.0,2.9,0.3419819554647683
Danville,,216281002,,P-1 (R-15),0.0,2.9,0.3466089997486112
Danville,,216281003,,P-1 (R-15),0.0,2.9,0.35382361568973836
Danville,,216281011,,P-1 (R-15),0.0,2.9,0.39703113316916006
Danville,,216281010,,P-1 (R-15),0.0,2.9,0.35072113377491515
Danville,,216211010,,P-1 (R-15),0.0,2.9,0.23270882653965314
Danville,,216281009,,P-1 (R-15),0.0,2.9,0.34200414114888533
Danville,,216281008,,P-1 (R-15),0.0,2.9,0.3479011510977494
Danville,,216211012,,P-1 (R-15),0.0,2.9,0.28415463665208346
Danville,,216211011,,P-1 (R-15),0.0,2.9,0.23655956300134512
Danville,,216211024,,P-1 (R-15),0.0,2.9,0.11276035994618379
Danville,,216212004,,P-1 (R-15),0.0,2.9,0.2600365775281663
Danville,,216212005,,P-1 (R-15),0.0,2.9,0.2375707767236733
Danville,,216211013,,P-1 (R-15),0.0,2.9,0.24215612842001474
Danville,,216211008,,P-1 (R-15),0.0,2.9,0.23699160614135364
Danville,,216211009,,P-1 (R-15),0.0,2.9,0.3102738543751219
Danville,,216211007,,P-1 (R-15),0.0,2.9,0.2559105602770298
Danville,,216211003,,P-1 (R-15),0.0,2.9,0.33769466574393203
Danville,,216211006,,P-1 (R-15),0.0,2.9,0.2772333247865237
Danville,,216211005,,P-1 (R-15),0.0,2.9,0.24349516645866207
Danville,,216281012,,P-1 (R-15),0.0,2.9,0.3405274977348873
Danville,,216211004,,P-1 (R-15),0.0,2.9,0.24326955576304676
Danville,,216234002,,P-1 (R-15),0.0,2.9,0.2521337799382862
Danville,,216211001,,P-1 (R-15),0.0,2.9,0.278689768077615
Danville,,216211002,,P-1 (R-15),0.0,2.9,0.28097125466735723
Danville,,216214001,,P-1 (R-15),0.0,2.9,0.2260558553531999
Danville,,216231002,,P-1 (R-15),0.0,2.9,0.2268574218334009
Danville,,216231011,,P-1 (R-15),0.0,2.9,0.23468338075625486
Danville,,216231012,,P-1 (R-15),0.0,2.9,0.24397741022014705
Danville,,216231013,,P-1 (R-15),0.0,2.9,0.24076893513204953
Danville,,216282002,,P-1 (R-15),0.0,2.9,0.3445439841074968
Danville,,216282001,,P-1 (R-15),0.0,2.9,0.368463261815909
Danville,,216234001,,P-1 (R-15),0.0,2.9,0.2433804250056154
Danville,,216281014,,P-1 (R-15),0.0,2.9,0.3722283820498648
Danville,,216281013,,P-1 (R-15),0.0,2.9,0.3429972724239296
Danville,,216283006,,P-1 (R-15),0.0,2.9,0.3704908971860878
Danville,,216282007,,P-1 (R-15),0.0,2.9,0.3742282082657973
Danville,,216282008,,P-1 (R-15),0.0,2.9,0.34912649265303525
Danville,,216282009,,P-1 (R-15),0.0,2.9,0.3820455120205404
Danville,,216282010,,P-1 (R-15),0.0,2.9,0.37001305933931883
Danville,,216282011,,P-1 (R-15),0.0,2.9,0.42441404588127685
Danville,,216282014,,P-1 (R-15),0.0,2.9,0.3480828614274428
Danville,,216283007,,P-1 (R-15),0.0,2.9,0.40414085747601775
Danville,,216283005,,P-1 (R-15),0.0,2.9,0.3420164263847874
Danville,,216283004,,P-1 (R-15),0.0,2.9,0.34027491900635554
Danville,,216283003,,P-1 (R-15),0.0,2.9,0.37514547604459375
Danville,,216283001,,P-1 (R-15),0.0,2.9,0.34906044571173156
Danville,,216271008,,P-1 (R-15),0.0,2.9,0.35517240329616967
Danville,,216283002,,P-1 (R-15),0.0,2.9,0.34259271776997013
Danville,,216284002,,P-1 (R-15),0.0,2.9,0.318686618401441
Danville,,216251040,,P-1 (R-15),0.0,2.9,0.06561914798611414
Danville,,216251016,,P-1 (R-15),0.0,2.9,0.2277196068910137
Danville,,216251043,,P-1 (R-15),0.0,2.9,0.13465576660489542
Danville,,216271016,,P-1 (R-15),0.0,2.9,0.322828313605939
Danville,,216272008,,P-1 (R-15),0.0,2.9,0.3467051020074809
Danville,,216272007,,P-1 (R-15),0.0,2.9,0.376641276571626
Danville,,216272005,,P-1 (R-15),0.0,2.9,0.3971318022644081
Danville,,216272006,,P-1 (R-15),0.0,2.9,0.3565627692166118
Danville,,216272004,,P-1 (R-15),0.0,2.9,0.3748422946020712
Danville,,216272001,,P-1 (R-15),0.0,2.9,0.38858583201059693
Danville,,216272002,,P-1 (R-15),0.0,2.9,0.36127027934553313
Danville,,216282013,,P-1 (R-15),0.0,2.9,0.3606012468084461
Danville,,216272003,,P-1 (R-15),0.0,2.9,0.36608931969306535
Danville,,216282012,,P-1 (R-15),0.0,2.9,0.5767205581826621
Danville,,202281018,,P-1 (R-10),0.0,4.36,0.3503564226613664
Danville,,202281024,,P-1 (R-10),0.0,4.36,0.31415170389378716
Danville,,202281013,,P-1 (R-10),0.0,4.36,0.058909220138574844
Danville,,216272012,,P-1 (R-15),0.0,2.9,0.5641302685027446
Danville,,202281012,,P-1 (R-10),0.0,4.36,0.36456303364004794
Danville,,202281026,,P-1 (R-10),0.0,4.36,0.418481049362634
Danville,,202281025,,P-1 (R-10),0.0,4.36,0.5595669124769569
Danville,,202281014,,P-1 (R-10),0.0,4.36,0.05374141067997285
Danville,,202281006,,P-1 (R-10),0.0,4.36,0.3773702269331547
Danville,,202281027,,P-1 (R-10),0.0,4.36,0.2803593838605237
Danville,,202281028,,P-1 (R-10),0.0,4.36,0.29401194977494594
Danville,,202282022,,P-1 (R-10),0.0,4.36,0.2982986856549192
Danville,,202282020,,P-1 (R-10),0.0,4.36,0.3573467136034583
Danville,,202282021,,P-1 (R-10),0.0,4.36,0.38186008152149775
Danville,,202282007,,P-1 (R-10),0.0,4.36,0.26411267143466444
Danville,,202282006,,P-1 (R-10),0.0,4.36,0.25377623884676664
Danville,,202281010,,P-1 (R-10),0.0,4.36,0.22955103535319624
Danville,,202281009,,P-1 (R-10),0.0,4.36,0.23296561696178383
Danville,,202281008,,P-1 (R-10),0.0,4.36,0.26181667590990776
Danville,,202281007,,P-1 (R-10),0.0,4.36,0.32012695872239755
Danville,,216272013,,P-1 (R-15),0.0,2.9,0.37202349991452
Danville,,216272014,,P-1 (R-15),0.0,2.9,0.5745896891003103
Danville,,202281011,,P-1 (R-10),0.0,4.36,0.22933868109240582
Danville,,202281016,,P-1 (R-10),0.0,4.36,0.21140618463225821
Danville,,216272024,,P-1 (R-15),0.0,2.9,0.4509664760633626
Danville,,216272023,,P-1 (R-15),0.0,2.9,0.3595578028175301
Danville,,216272022,,P-1 (R-15),0.0,2.9,0.3477530561477532
Danville,,216272021,,P-1 (R-15),0.0,2.9,0.3467657041045833
Danville,,216272020,,P-1 (R-15),0.0,2.9,0.3489588585962248
Danville,,216272016,,P-1 (R-15),0.0,2.9,0.3847101422439605
Danville,,216272015,,P-1 (R-15),0.0,2.9,0.34721047568347413
Danville,,216272011,,P-1 (R-15),0.0,2.9,0.4033657111482105
Danville,,216272010,,P-1 (R-15),0.0,2.9,0.35013129463945136
Danville,,216272017,,P-1 (R-15),0.0,2.9,0.36978424115747993
Danville,,216272018,,P-1 (R-15),0.0,2.9,0.36881424125297524
Danville,,216272009,,P-1 (R-15),0.0,2.9,0.35023802161607465
Danville,,216271011,,P-1 (R-15),0.0,2.9,0.3145270741079635
Danville,,216271010,,P-1 (R-15),0.0,2.9,0.3149194294001728
Danville,,216251041,,P-1 (R-15),0.0,2.9,0.12548926725796897
Danville,,216251042,,P-1 (R-15),0.0,2.9,0.25687011442175683
Danville,,216251044,,P-1 (R-15),0.0,2.9,0.26184106017193326
Danville,,216251038,,P-1 (R-15),0.0,2.9,0.04724224928821621
Danville,,216271013,,P-1 (R-15),0.0,2.9,0.318086033065433
Danville,,216271012,,P-1 (R-15),0.0,2.9,0.3174510529707684
Danville,,216272019,,P-1 (R-15),0.0,2.9,0.35394773684217407
Danville,,216271014,,P-1 (R-15),0.0,2.9,0.31955743560106453
Danville,,216271015,,P-1 (R-15),0.0,2.9,0.40649183426079427
Danville,,216272030,,P-1 (R-15),0.0,2.9,0.36971549643771323
Danville,,216272031,,P-1 (R-15),0.0,2.9,0.3561673854806652
Danville,,216272029,,P-1 (R-15),0.0,2.9,0.363092415339434
Danville,,216272028,,P-1 (R-15),0.0,2.9,0.36128162552561816
Danville,,216272027,,P-1 (R-15),0.0,2.9,0.35060033953802566
Danville,,207040005,,P-1,0.0,35.0,1.64
Danville,,207480007,,P-1,0.0,35.0,0.09216358586288609
Danville,,207480008,,P-1,0.0,35.0,0.06331258735100999
Danville,,207480009,,P-1,0.0,35.0,0.07473413602303786
Danville,,207480006,,P-1,0.0,35.0,0.08745306455055456
Danville,,207350017,,P-1,0.0,35.0,5.49
Danville,,207480002,,P-1,0.0,35.0,0.05881736940452103
Danville,,207480003,,P-1,0.0,35.0,0.05766857952928573
Danville,,207480004,,P-1,0.0,35.0,0.0697214799076019
Danville,,207480020,,P-1,0.0,35.0,0.7257752212732871
Danville,,207480005,,P-1,0.0,35.0,0.06739910566664807
Danville,,207480011,,P-1,0.0,35.0,0.0579979855748689
Danville,,207480010,,P-1,0.0,35.0,0.0791775849704817
Danville,,207480012,,P-1,0.0,35.0,0.062275410353107685
Danville,,207480013,,P-1,0.0,35.0,0.05762679618281809
Danville,,207480022,,P-1,0.0,35.0,0.042140821439136396
Danville,,207480001,,P-1,0.0,35.0,0.06915018636234728
Danville,,207350010,,P-1 (R-10),0.0,4.36,0.22927957526243328
Danville,,207350009,,P-1 (R-10),0.0,4.36,0.22930756035517835
Danville,,207350011,,P-1 (R-10),0.0,4.36,0.23408679348006634
Danville,,207350012,,P-1 (R-10),0.0,4.36,0.22975703808506379
Danville,,207350013,,P-1 (R-10),0.0,4.36,0.23451806842001643
Danville,,207350018,,P-1 (R-10),0.0,4.36,0.10006615652992855
Danville,,207350003,,P-1 (R-10),0.0,4.36,0.23338258465332362
Danville,,207350019,,P-1 (R-10),0.0,4.36,0.13278096294300806
Danville,,207350005,,P-1 (R-10),0.0,4.36,0.233091452220476
Danville,,216251008,,P-1 (R-15),0.0,2.9,0.36491903860817354
Danville,,216251009,,P-1 (R-15),0.0,2.9,0.37736486145348835
Danville,,216251031,,P-1 (R-15),0.0,2.9,0.17213494631709605
Danville,,207350006,,P-1 (R-10),0.0,4.36,0.23553721572604092
Danville,,207480015,,P-1,0.0,35.0,0.08793867447656624
Danville,,207350007,,P-1,0.0,35.0,0.46972661512301433
Danville,,207480017,,P-1,0.0,35.0,0.08507461588724857
Danville,,207480016,,P-1,0.0,35.0,0.06585844144378843
Danville,,207480018,,P-1,0.0,35.0,0.343597385367393
Danville,,207480021,,P-1,0.0,35.0,0.018213038275680233
Danville,,207480014,,P-1,0.0,35.0,0.1117368679353353
Danville,,207480019,,P-1,0.0,35.0,0.7516270892777697
Danville,,216251011,,P-1 (R-15),0.0,2.9,0.6651189566365112
Danville,,216251012,,P-1 (R-15),0.0,2.9,0.2928456836288134
Danville,,216251032,,P-1 (R-15),0.0,2.9,0.25317019807442304
Danville,,216253006,,P-1 (R-15),0.0,2.9,0.22961697452385624
Danville,,216253007,,P-1 (R-15),0.0,2.9,0.22709678518770243
Danville,,216253008,,P-1 (R-15),0.0,2.9,0.22713661924262663
Danville,,216253009,,P-1 (R-15),0.0,2.9,0.28448726493247267
Danville,,216253010,,P-1 (R-15),0.0,2.9,0.27613845660395103
Danville,,216253004,,P-1 (R-15),0.0,2.9,0.28206335977018726
Danville,,216253005,,P-1 (R-15),0.0,2.9,0.29563673249854083
Danville,,216253003,,P-1 (R-15),0.0,2.9,0.22162225720234086
Danville,,216253002,,P-1 (R-15),0.0,2.9,0.2295556340654503
Danville,,216253001,,P-1 (R-15),0.0,2.9,0.23411264248698582
Danville,,216251028,,P-1 (R-15),0.0,2.9,0.12341142010295603
Danville,,216251027,,P-1 (R-15),0.0,2.9,0.1072048024633155
Danville,,216251020,,P-1 (R-15),0.0,2.9,0.1197771938039796
Danville,,216251021,,P-1 (R-15),0.0,2.9,0.11997020248497538
Danville,,216251022,,P-1,0.0,35.0,0.1342922092467996
Danville,,216251005,,P-1 (R-15),0.0,2.9,0.264449822433534
Danville,,216251024,,P-1,0.0,35.0,0.11633105847422971
Danville,,216251006,,P-1 (R-15),0.0,2.9,0.3790058397652964
Danville,,216251007,,P-1 (R-15),0.0,2.9,0.4786907620178861
Danville,,216251001,,P-1 (R-15),0.0,2.9,0.4834288660758744
Danville,,207350002,,P-1 (R-10),0.0,4.36,0.23442163145498046
Danville,,207350001,,P-1 (R-10),0.0,4.36,0.23714502535844365
Danville,,216261034,,P-1,0.0,35.0,2.071984397136024
Danville,,216261033,,P-1,0.0,35.0,0.23030308142962383
Danville,,216251026,,P-1,0.0,35.0,0.1034301905905874
Danville,,216251025,,P-1,0.0,35.0,0.12188532425258233
Danville,,216251023,,P-1,0.0,35.0,0.11987660226092281
Danville,,216261040,,P-1,0.0,35.0,0.08993516376235935
Danville,,216261031,,P-1 (R-15),0.0,2.9,0.23465216513793066
Danville,,216261041,,P-1,0.0,35.0,0.09318517681746807
Danville,,216261011,,P-1 (R-15),0.0,2.9,0.26467910851978943
Danville,,216261042,,P-1,0.0,35.0,0.1346104828100161
Danville,,216261010,,P-1 (R-15),0.0,2.9,0.3339047618186612
Danville,,216261009,,P-1 (R-15),0.0,2.9,0.23020898949191995
Danville,,216261008,,P-1 (R-15),0.0,2.9,0.2299418532242539
Danville,,216261044,,P-1 (R-15),0.0,2.9,0.0960372984234019
Danville,,216261006,,P-1 (R-15),0.0,2.9,0.22349089954960047
Danville,,216261043,,P-1 (R-15),0.0,2.9,0.14192902699307483
Danville,,207291053,,P-1 (R-10),0.0,4.36,0.13535969241753296
Danville,,207291052,,P-1 (R-10),0.0,4.36,0.10534819216920963
Danville,,207291005,,P-1 (R-10),0.0,4.36,0.2397299323514926
Danville,,207291012,,P-1 (R-10),0.0,4.36,0.24123438715773277
Danville,,207291013,,P-1 (R-10),0.0,4.36,0.2380033897815724
Danville,,207291018,,P-1 (R-10),0.0,4.36,0.23282263199987097
Danville,,207291014,,P-1 (R-10),0.0,4.36,0.2408844133198949
Danville,,207291002,,P-1 (R-10),0.0,4.36,0.24079304823654632
Danville,,207291003,,P-1 (R-10),0.0,4.36,0.23883913327304337
Danville,,207291001,,P-1 (R-10),0.0,4.36,0.2544183397883017
Danville,,207291015,,P-1 (R-10),0.0,4.36,0.25173968399300223
Danville,,207294001,,P-1 (R-10),0.0,4.36,0.26298318825920824
Danville,,207350016,,P-1 (R-10),0.0,4.36,0.23427989559242163
Danville,,207293004,,P-1 (R-10),0.0,4.36,0.2671520337847035
Danville,,207293005,,P-1 (R-10),0.0,4.36,0.28068031029150453
Danville,,207291035,,P-1 (R-10),0.0,4.36,0.2555606805474583
Danville,,207291037,,P-1 (R-10),0.0,4.36,0.24496899438733308
Danville,,207291034,,P-1 (R-10),0.0,4.36,0.2983326068387656
Danville,,207291049,,P-1 (R-10),0.0,4.36,0.13079859272020186
Danville,,207291048,,P-1 (R-10),0.0,4.36,0.11724932187717874
Danville,,207291017,,P-1 (R-10),0.0,4.36,0.2348208305530903
Danville,,207291019,,P-1 (R-10),0.0,4.36,0.23910841262324006
Danville,,207291031,,P-1 (R-10),0.0,4.36,0.28349688111741883
Danville,,207291040,,P-1 (R-10),0.0,4.36,0.2321735046133545
Danville,,207291032,,P-1 (R-10),0.0,4.36,0.2749309573860912
Danville,,207291033,,P-1 (R-10),0.0,4.36,0.29147514465569363
Danville,,207291038,,P-1 (R-10),0.0,4.36,0.23345895224990582
Danville,,207291055,,P-1 (R-10),0.0,4.36,0.13130346872820164
Danville,,207291054,,P-1 (R-10),0.0,4.36,0.10018049784247011
Danville,,207292008,,P-1 (R-10),0.0,4.36,0.24843825728797758
Danville,,207292009,,P-1 (R-10),0.0,4.36,0.2503476893304889
Danville,,207292010,,P-1 (R-10),0.0,4.36,0.26385690513012905
Danville,,207040016,,P-1,0.0,35.0,25.22336754932739
Danville,,207292012,,P-1 (R-10),0.0,4.36,0.07457685055512284
Danville,,207292011,,P-1 (R-10),0.0,4.36,0.3198811257615293
Danville,,207363003,,P-1 (R-10),0.0,4.36,0.24436224135405424
Danville,,207362011,,P-1 (R-10),0.0,4.36,0.23579455757692128
Danville,,207362006,,P-1 (R-10),0.0,4.36,0.23361474091633677
Danville,,207362007,,P-1 (R-10),0.0,4.36,0.2324559437416262
Danville,,207361001,,P-1 (R-10),0.0,4.36,0.27804939372343623
Danville,,207362008,,P-1 (R-10),0.0,4.36,0.23772574716243874
Danville,,207362010,,P-1 (R-10),0.0,4.36,0.24386298785727245
Danville,,207362009,,P-1 (R-10),0.0,4.36,0.25763903336211463
Danville,,207291036,,P-1 (R-10),0.0,4.36,0.2606045762225604
Danville,,207293003,,P-1 (R-10),0.0,4.36,0.23951521113905558
Danville,,207293002,,P-1 (R-10),0.0,4.36,0.24734627705638518
Danville,,207293001,,P-1 (R-10),0.0,4.36,0.23754978946834235
Danville,,207350015,,P-1 (R-10),0.0,4.36,0.23170735208002058
Danville,,207350014,,P-1 (R-10),0.0,4.36,0.23259397327346487
Danville,,207361003,,P-1 (R-10),0.0,4.36,0.2690067698087935
Danville,,207361002,,P-1 (R-10),0.0,4.36,0.2809646717246186
Danville,,207362005,,P-1 (R-10),0.0,4.36,0.23737054359991008
Danville,,207362004,,P-1 (R-10),0.0,4.36,0.2346811848050377
Danville,,207361004,,P-1 (R-10),0.0,4.36,0.25105243535631633
Danville,,207361005,,P-1 (R-10),0.0,4.36,0.24995853884759203
Danville,,207361008,,P-1,0.0,35.0,3.86
Danville,,207361010,,P-1 (R-10),0.0,4.36,0.20977010315328273
Danville,,207361009,,P-1 (R-10),0.0,4.36,0.1700187570734734
Danville,,207361006,,P-1 (R-10),0.0,4.36,0.25298187290012963
Danville,,207362003,,P-1 (R-10),0.0,4.36,0.23072477398315183
Danville,,207430002,,P-1 (R-10),0.0,4.36,0.239701207109317
Danville,,207362002,,P-1 (R-10),0.0,4.36,0.23233817698117584
Danville,,207430003,,P-1 (R-10),0.0,4.36,0.2533213436521933
Danville,,207362001,,P-1 (R-10),0.0,4.36,0.42255682960058855
Danville,,207540029,,P-1 (R-10),0.0,4.36,0.3359999879122307
Danville,,207550001,,P-1 (R-10),0.0,4.36,0.6018212734897471
Danville,,207430004,,P-1 (R-10),0.0,4.36,0.271575814492982
Danville,,207550019,,P-1,0.0,35.0,12.807
Danville,,207430005,,P-1 (R-10),0.0,4.36,0.2740744289559956
Danville,,207430011,,P-1 (R-10),0.0,4.36,0.291076459440128
Danville,,207430012,,P-1 (R-10),0.0,4.36,0.29125896104085425
Danville,,207430013,,P-1 (R-10),0.0,4.36,0.29266496643366674
Danville,,207430001,,P-1 (R-10),0.0,4.36,0.24235279995685963
Danville,,207362012,,P-1 (R-10),0.0,4.36,0.24700681633456217
Danville,,207430014,,P-1 (R-10),0.0,4.36,0.25632685918118997
Danville,,207363001,,P-1 (R-10),0.0,4.36,0.2659941859236633
Danville,,207363002,,P-1 (R-10),0.0,4.36,0.2439770104376064
Danville,,207430010,,P-1 (R-10),0.0,4.36,0.33722512967347107
Danville,,207430009,,P-1 (R-10),0.0,4.36,0.4303934700124362
Danville,,207430006,,P-1 (R-10),0.0,4.36,0.25432546393483363
Danville,,207430007,,P-1 (R-10),0.0,4.36,0.2984259757510543
Danville,,207430008,,P-1 (R-10),0.0,4.36,0.5977807458671117
Danville,,207550016,,P-1 (R-10),0.0,4.36,0.407
Danville,,207550011,,P-1 (R-10),0.0,4.36,0.41105351401237195
Danville,,207550009,,P-1 (R-10),0.0,4.36,0.4648129472597483
Danville,,207550010,,P-1 (R-10),0.0,4.36,0.4324940940429097
Danville,,207540009,,P-1 (R-10),0.0,4.36,0.3644958327032848
Danville,,207540019,,P-1 (R-10),0.0,4.36,0.37069144285051614
Danville,,207550006,,P-1 (R-10),0.0,4.36,0.4493889232951908
Danville,,207550007,,P-1 (R-10),0.0,4.36,0.5175017697611514
Danville,,207550008,,P-1 (R-10),0.0,4.36,0.47655791689435056
Danville,,207550004,,P-1 (R-10),0.0,4.36,0.39252330877570896
Danville,,207550005,,P-1 (R-10),0.0,4.36,0.4126591276487426
Danville,,207550003,,P-1 (R-10),0.0,4.36,0.3970944988266174
Danville,,207550002,,P-1 (R-10),0.0,4.36,0.3920242649948332
Danville,,207540023,,P-1 (R-10),0.0,4.36,0.3232530863936347
Danville,,207540022,,P-1 (R-10),0.0,4.36,0.3193645923798972
Danville,,207540021,,P-1 (R-10),0.0,4.36,0.32146411275903686
Danville,,207540020,,P-1 (R-10),0.0,4.36,0.31349014995798846
Danville,,207540018,,P-1 (R-10),0.0,4.36,0.3883677542338831
Danville,,207540024,,P-1 (R-10),0.0,4.36,0.4203058237397029
Danville,,207540031,,P-1 (R-10),0.0,4.36,0.41163373414267246
Danville,,207540028,,P-1 (R-10),0.0,4.36,0.39523741913755267
Danville,,207540027,,P-1 (R-10),0.0,4.36,0.6729665374100472
Danville,,207540034,,P-1 (R-10),0.0,4.36,0.8660313659707547
Danville,,207540015,,P-1 (R-10),0.0,4.36,0.6190750805090626
Danville,,207540033,,P-1 (R-10),0.0,4.36,0.3446013031511645
Danville,,207540017,,P-1 (R-10),0.0,4.36,0.384973255910733
Danville,,207540014,,P-1 (R-10),0.0,4.36,0.7058719953873013
Danville,,207540013,,P-1 (R-10),0.0,4.36,0.7808566515937063
Danville,,207540005,,P-1 (R-10),0.0,4.36,0.5050337811779149
Danville,,207540004,,P-1 (R-10),0.0,4.36,0.7967280593013478
Danville,,207540012,,P-1 (R-10),0.0,4.36,0.3728517705963594
Danville,,207540011,,P-1 (R-10),0.0,4.36,0.3445987309609158
Danville,,207540010,,P-1 (R-10),0.0,4.36,0.3456708391263209
Danville,,207540006,,P-1 (R-10),0.0,4.36,0.31301476158713165
Danville,,207540007,,P-1 (R-10),0.0,4.36,0.34111894288420747
Danville,,207540008,,P-1 (R-10),0.0,4.36,0.3576183516195511
Danville,,207540002,,P-1 (R-10),0.0,4.36,0.3542039396517499
Danville,,207540003,,P-1 (R-10),0.0,4.36,0.36720426600387257
Danville,,207540001,,P-1 (R-10),0.0,4.36,0.3506203291455725
Danville,,207550017,,P-1 (R-10),0.0,4.36,0.394
Danville,,207550018,,P-1 (R-10),0.0,4.36,0.434
Danville,,207560001,,P-1 (R-10),0.0,4.36,0.2906137954597694
Danville,,207560045,,P-1 (R-10),0.0,4.36,0.303
Danville,,207560046,,P-1 (R-10),0.0,4.36,0.295
Danville,,207050016,,P-1,0.0,35.0,14.558
Danville,,207580011,,P-1 (R-10),0.0,4.36,0.211
Danville,,207580010,,P-1 (R-10),0.0,4.36,0.246
Danville,,207580009,,P-1 (R-10),0.0,4.36,0.255
Danville,,207580008,,P-1 (R-10),0.0,4.36,0.259
Danville,,207580007,,P-1 (R-10),0.0,4.36,0.238
Danville,,207580005,,P-1 (R-10),0.0,4.36,0.258
Danville,,207580006,,P-1 (R-10),0.0,4.36,0.249
Danville,,207590013,,P-1 (R-10),0.0,4.36,0.07
Danville,,207590010,,P-1 (R-10),0.0,4.36,0.249
Danville,,207590003,,P-1 (R-10),0.0,4.36,0.242
Danville,,207590002,,P-1 (R-10),0.0,4.36,0.291
Danville,,207590001,,P-1 (R-10),0.0,4.36,0.269
Danville,,207050013,,P-1,0.0,35.0,17.71
Danville,,207590011,,P-1,0.0,35.0,7.71
Danville,,207590007,,P-1 (R-10),0.0,4.36,0.277
Danville,,207590008,,P-1 (R-10),0.0,4.36,0.297
Danville,,207590009,,P-1 (R-10),0.0,4.36,0.281
Danville,,207590005,,P-1 (R-10),0.0,4.36,0.26
Danville,,207590006,,P-1 (R-10),0.0,4.36,0.22
Danville,,207590004,,P-1 (R-10),0.0,4.36,0.269
Danville,,207590012,,P-1 (R-10),0.0,4.36,0.15
Danville,,202291024,,P-1,0.0,35.0,0.9501639168005552
Danville,,202291026,,P-1,0.0,35.0,0.225
Danville,,202291025,,P-1,0.0,35.0,1.058
Danville,,202100029,,P-1,0.0,35.0,24.368814198338047
Danville,,202281015,,P-1,0.0,35.0,0.6825813463706388
Danville,,207590014,,P-1,0.0,35.0,2.235
Danville,,216272026,,P-1 (R-15),0.0,2.9,0.40973691366947324
Danville,,216272025,,P-1 (R-15),0.0,2.9,0.611122639489273
Danville,,202281001,,P-1 (R-10),0.0,4.36,0.21371677639334008
Danville,,202281002,,P-1 (R-10),0.0,4.36,0.22773454846290128
Danville,,202281004,,P-1 (R-10),0.0,4.36,0.25555078780153523
Danville,,202281003,,P-1 (R-10),0.0,4.36,0.23076089394001142
Danville,,202282023,,P-1,0.0,35.0,0.2940160201026909
Danville,,202282001,,P-1 (R-10),0.0,4.36,0.34186128348086947
Danville,,202282002,,P-1 (R-10),0.0,4.36,0.35496919597913346
Danville,,202282010,,P-1 (R-10),0.0,4.36,0.3109571780264866
Danville,,202282005,,P-1 (R-10),0.0,4.36,0.2775376683992979
Danville,,202282008,,P-1 (R-10),0.0,4.36,0.25083494450053523
Danville,,202282004,,P-1 (R-10),0.0,4.36,0.3073417393522487
Danville,,202282003,,P-1 (R-10),0.0,4.36,0.3488534749235921
Danville,,202282018,,P-1 (R-10),0.0,4.36,0.3864715197494505
Danville,,202282009,,P-1 (R-10),0.0,4.36,0.25185319508239756
Danville,,202282019,,P-1 (R-10),0.0,4.36,0.3569856230745182
Danville,,202282017,,P-1 (R-10),0.0,4.36,0.4029410809770438
Danville,,202282016,,P-1 (R-10),0.0,4.36,0.4080544734285539
Danville,,202282013,,P-1 (R-10),0.0,4.36,0.2627786366209529
Danville,,202282012,,P-1 (R-10),0.0,4.36,0.27107661723192117
Danville,,202282011,,P-1 (R-10),0.0,4.36,0.4576573707782709
Danville,,202311001,,P-1,0.0,35.0,0.11382194660829865
Danville,,202293008,,P-1,0.0,35.0,0.11380389076888539
Danville,,202293007,,P-1,0.0,35.0,0.1138363663754422
Danville,,202293009,,P-1,0.0,35.0,0.11
Danville,,202291001,,P-1,0.0,35.0,0.11435221196291045
Danville,,202291002,,P-1,0.0,35.0,0.11435165113950845
Danville,,202293004,,P-1,0.0,35.0,0.11989875125259716
Danville,,202293010,,P-1,0.0,35.0,0.337
Danville,,202293003,,P-1,0.0,35.0,0.12242173484122901
Danville,,202293002,,P-1,0.0,35.0,0.13798594063307745
Danville,,202293001,,P-1,0.0,35.0,0.16787092288382124
Danville,,202293005,,P-1,0.0,35.0,0.1344906512278062
Danville,,202293006,,P-1,0.0,35.0,0.11442506081222618
Danville,,202291007,,P-1,0.0,35.0,0.13980739128640393
Danville,,202291005,,P-1,0.0,35.0,0.11450650717547485
Danville,,202291004,,P-1,0.0,35.0,0.11537067417536222
Danville,,202291003,,P-1,0.0,35.0,0.11906754820445291
Danville,,202291006,,P-1,0.0,35.0,0.12644434881319946
Danville,,202291008,,P-1,0.0,35.0,0.12307477356720421
Danville,,202291010,,P-1,0.0,35.0,0.11381268013936402
Danville,,202291009,,P-1,0.0,35.0,0.11521393652595578
Danville,,202291011,,P-1,0.0,35.0,0.11362936609700307
Danville,,202292013,,P-1,0.0,35.0,0.11414191667288758
Danville,,202292014,,P-1,0.0,35.0,0.11414604092972609
Danville,,202292016,,P-1,0.0,35.0,0.1531054651957035
Danville,,202292015,,P-1,0.0,35.0,0.14340071920743794
Danville,,202292017,,P-1,0.0,35.0,0.17434308595734205
Danville,,202292018,,P-1,0.0,35.0,0.17213659849278243
Danville,,202292019,,P-1,0.0,35.0,0.1377391116924047
Danville,,202292012,,P-1,0.0,35.0,0.11414389132971652
Danville,,202312014,,P-1,0.0,35.0,0.12066703629765259
Danville,,202312013,,P-1,0.0,35.0,0.12079401328143421
Danville,,202312012,,P-1,0.0,35.0,0.12087955768243654
Danville,,202312011,,P-1,0.0,35.0,0.12053997691991511
Danville,,202312015,,P-1,0.0,35.0,0.12104009306901171
Danville,,202311014,,P-1,0.0,35.0,0.11979712608430772
Danville,,202311013,,P-1,0.0,35.0,0.1443310545053218
Danville,,202312017,,P-1,0.0,35.0,0.11811408215676221
Danville,,202312016,,P-1,0.0,35.0,0.11274836989899788
Danville,,202312018,,P-1,0.0,35.0,0.11499810632667093
Danville,,202100027,,P-1,0.0,35.0,7.04
Danville,,202312019,,P-1,0.0,35.0,0.15436428060177385
Danville,,202311002,,P-1,0.0,35.0,0.11383044009092726
Danville,,202311003,,P-1,0.0,35.0,0.11910346523256302
Danville,,202311004,,P-1,0.0,35.0,0.12069138822691547
Danville,,202311012,,P-1,0.0,35.0,0.23452272426601545
Danville,,202311007,,P-1,0.0,35.0,0.1363241195807175
Danville,,202311006,,P-1,0.0,35.0,0.12256915384784901
Danville,,202311005,,P-1,0.0,35.0,0.11991935074777807
Danville,,202311009,,P-1,0.0,35.0,0.17782922879447552
Danville,,202311008,,P-1,0.0,35.0,0.1787473382604456
Danville,,202311029,,P-1,0.0,35.0,1.2618529328420047
Danville,,202311010,,P-1,0.0,35.0,0.18771877773965423
Danville,,202311011,,P-1,0.0,35.0,0.15153070612498665
Danville,,202100030,,P-1,0.0,35.0,93.6028322274607
Danville,,202311015,,P-1,0.0,35.0,0.12063607351321498
Danville,,202311016,,P-1,0.0,35.0,0.1293597082939436
Danville,,202311017,,P-1,0.0,35.0,0.11552098787627106
Danville,,202311018,,P-1,0.0,35.0,0.12139202524194938
Danville,,202311019,,P-1,0.0,35.0,0.11988508915524942
Danville,,202311026,,P-1,0.0,35.0,0.11362791228659004
Danville,,202311025,,P-1,0.0,35.0,0.11362825767503024
Danville,,202311024,,P-1,0.0,35.0,0.1136287313500057
Danville,,202311023,,P-1,0.0,35.0,0.11974386442963769
Danville,,202311022,,P-1,0.0,35.0,0.13034673526910923
Danville,,202311021,,P-1,0.0,35.0,0.12375916554632514
Danville,,202311020,,P-1,0.0,35.0,0.12132006189465286
Danville,,202312007,,P-1,0.0,35.0,0.11162362732882725
Danville,,202312006,,P-1,0.0,35.0,0.13197925205432226
Danville,,202312004,,P-1,0.0,35.0,0.11394116729950177
Danville,,202312005,,P-1,0.0,35.0,0.13270722497390539
Danville,,202312002,,P-1,0.0,35.0,0.11375721480493796
Danville,,202312003,,P-1,0.0,35.0,0.11384376524948937
Danville,,202311027,,P-1,0.0,35.0,0.12178105731539275
Danville,,202311028,,P-1,0.0,35.0,0.12705310204373504
Danville,,202312001,,P-1,0.0,35.0,0.11310194188243165
Danville,,202302022,,P-1,0.0,35.0,0.1286799512951266
Danville,,202292003,,P-1,0.0,35.0,0.11557648663011155
Danville,,202292002,,P-1,0.0,35.0,0.12123820053106081
Danville,,202292001,,P-1,0.0,35.0,0.12202150420849947
Danville,,202291021,,P-1,0.0,35.0,0.11361848964782795
Danville,,202292004,,P-1,0.0,35.0,0.11556593868070561
Danville,,202292005,,P-1,0.0,35.0,0.11414254627160939
Danville,,202292006,,P-1,0.0,35.0,0.11414464024332344
Danville,,202312009,,P-1,0.0,35.0,0.12358928808110578
Danville,,202312008,,P-1,0.0,35.0,0.12460964053274015
Danville,,202312010,,P-1,0.0,35.0,0.12076086401665394
Danville,,202292011,,P-1,0.0,35.0,0.11414482157845274
Danville,,202292010,,P-1,0.0,35.0,0.11414600854798894
Danville,,202292009,,P-1,0.0,35.0,0.11414463394564531
Danville,,202292008,,P-1,0.0,35.0,0.11414391897584379
Danville,,202292007,,P-1,0.0,35.0,0.11414549504795482
Danville,,202291020,,P-1,0.0,35.0,0.11363090590000065
Danville,,202291019,,P-1,0.0,35.0,0.11362965954267808
Danville,,202291018,,P-1,0.0,35.0,0.11362984315336522
Danville,,202291017,,P-1,0.0,35.0,0.11363114330125704
Danville,,202291015,,P-1,0.0,35.0,0.1136274393762148
Danville,,202291016,,P-1,0.0,35.0,0.11363070040233249
Danville,,202291012,,P-1,0.0,35.0,0.11363152689576032
Danville,,202291013,,P-1,0.0,35.0,0.11363068608950275
Danville,,202291014,,P-1,0.0,35.0,0.11363045745986418
Danville,,207580004,,P-1 (R-10),0.0,4.36,0.258
Danville,,207580015,,P-1 (R-10),0.0,4.36,0.25798293615303597
Danville,,207580002,,P-1 (R-10),0.0,4.36,0.249
Danville,,207580003,,P-1 (R-10),0.0,4.36,0.249
Danville,,207580001,,P-1 (R-10),0.0,4.36,0.244
Danville,,207580016,,P-1 (R-10),0.0,4.36,0.010551356826787444
Danville,,207580018,,P-1 (R-10),0.0,4.36,0.05860787116684589
Danville,,207580012,,P-1 (R-10),0.0,4.36,0.086
Danville,,207580017,,P-1 (R-10),0.0,4.36,0.01016180329288815
Danville,,207580013,,P-1 (R-10),0.0,4.36,0.07
Danville,,202301045,,P-1,0.0,35.0,1.47
Danville,,202291022,,P-1,0.0,35.0,0.12366821550982958
Danville,,202291023,,P-1,0.0,35.0,0.14376873571184445
Danville,,202301001,,P-1,0.0,35.0,0.14131387943210466
Danville,,202301002,,P-1,0.0,35.0,0.12272034237073043
Danville,,202302021,,P-1,0.0,35.0,0.12891308868197957
Danville,,202302020,,P-1,0.0,35.0,0.12879104067066113
Danville,,202302019,,P-1,0.0,35.0,0.1288500610767609
Danville,,202302018,,P-1,0.0,35.0,0.12079119329275673
Danville,,202302017,,P-1,0.0,35.0,0.12007053559240903
Danville,,202301003,,P-1,0.0,35.0,0.12209468882863446
Danville,,202301004,,P-1,0.0,35.0,0.12414253814894144
Danville,,202301006,,P-1,0.0,35.0,0.12972425552765804
Danville,,202301005,,P-1,0.0,35.0,0.1185975519175998
Danville,,202301008,,P-1,0.0,35.0,0.12191701131841728
Danville,,202301007,,P-1,0.0,35.0,0.11443521925600023
Danville,,202301009,,P-1,0.0,35.0,0.11861912136487361
Danville,,207580014,,P-1 (R-10),0.0,4.36,0.583
Danville,,207050020,,P-1,0.0,35.0,35.37
Danville,,202301013,,P-1,0.0,35.0,0.12967327697783015
Danville,,202301014,,P-1,0.0,35.0,0.12967045680195116
Danville,,202301015,,P-1,0.0,35.0,0.12359879385847114
Danville,,202301016,,P-1,0.0,35.0,0.11812312943319815
Danville,,202301017,,P-1,0.0,35.0,0.11652635050152024
Danville,,202301018,,P-1,0.0,35.0,0.11677494025449948
Danville,,202302004,,P-1,0.0,35.0,0.1202837944799437
Danville,,202302005,,P-1,0.0,35.0,0.12187046603755555
Danville,,202302007,,P-1,0.0,35.0,0.12115855664943355
Danville,,202302006,,P-1,0.0,35.0,0.11929325108075976
Danville,,202302009,,P-1,0.0,35.0,0.12574246745757092
Danville,,202302008,,P-1,0.0,35.0,0.12734027825814
Danville,,202302010,,P-1,0.0,35.0,0.12105887217191119
Danville,,202302011,,P-1,0.0,35.0,0.1192260357599162
Danville,,202301011,,P-1,0.0,35.0,0.11997020082447898
Danville,,202301012,,P-1,0.0,35.0,0.1301064136413435
Danville,,202301010,,P-1,0.0,35.0,0.11865599893870069
Danville,,202302014,,P-1,0.0,35.0,0.12045249307710537
Danville,,202302012,,P-1,0.0,35.0,0.11723169771432941
Danville,,202302013,,P-1,0.0,35.0,0.11877369733598139
Danville,,202302015,,P-1,0.0,35.0,0.14553167863211156
Danville,,202302016,,P-1,0.0,35.0,0.13288524408641955
Danville,,202323016,,P-1,0.0,35.0,0.11643305810764457
Danville,,202323015,,P-1,0.0,35.0,0.11701857061600321
Danville,,202323014,,P-1,0.0,35.0,0.116938878494483
Danville,,202323012,,P-1,0.0,35.0,0.1168869414966772
Danville,,202323011,,P-1,0.0,35.0,0.11690544629119677
Danville,,202323013,,P-1,0.0,35.0,0.11697051348511689
Danville,,202321013,,P-1,0.0,35.0,0.1474615144630463
Danville,,202322001,,P-1,0.0,35.0,0.13407558332360847
Danville,,202323007,,P-1,0.0,35.0,0.11363354130200956
Danville,,202323008,,P-1,0.0,35.0,0.11363382701170562
Danville,,202323009,,P-1,0.0,35.0,0.11362631811536561
Danville,,202323010,,P-1,0.0,35.0,0.11671693874369474
Danville,,202323006,,P-1,0.0,35.0,0.11363857486579805
Danville,,202323005,,P-1,0.0,35.0,0.1296237441686018
Danville,,202322005,,P-1,0.0,35.0,0.3769007695121212
Danville,,202323004,,P-1,0.0,35.0,0.14865906816549024
Danville,,202322004,,P-1,0.0,35.0,0.2515406101064657
Danville,,202322003,,P-1,0.0,35.0,0.17105988210180031
Danville,,202322002,,P-1,0.0,35.0,0.14458684272845704
Danville,,202410022,,P-1,0.0,35.0,0.075
Danville,,202410001,,P-1,0.0,35.0,0.21068275008268614
Danville,,202410003,,P-1,0.0,35.0,0.35882416315705123
Danville,,202410004,,P-1,0.0,35.0,0.38505805453997943
Danville,,202410005,,P-1,0.0,35.0,0.2740465061462311
Danville,,202410002,,P-1,0.0,35.0,0.2706726325036092
Danville,,202410021,,P-1,0.0,35.0,0.112
Danville,,202410020,,P-1,0.0,35.0,0.33677425539763484
Danville,,202410019,,P-1,0.0,35.0,0.348084448301138
Danville,,202321014,,P-1,0.0,35.0,0.1849707117506124
Danville,,202321012,,P-1,0.0,35.0,0.1438714257258255
Danville,,202321011,,P-1,0.0,35.0,0.14863698782289197
Danville,,202321010,,P-1,0.0,35.0,0.16349721977852374
Danville,,202321008,,P-1,0.0,35.0,0.13198600984433687
Danville,,202321009,,P-1,0.0,35.0,0.13694576105373069
Danville,,202321006,,P-1,0.0,35.0,0.12009514301196933
Danville,,202321007,,P-1,0.0,35.0,0.12055464400734447
Danville,,202323017,,P-1,0.0,35.0,0.11704327993546577
Danville,,202323019,,P-1,0.0,35.0,0.11704642032377192
Danville,,202323018,,P-1,0.0,35.0,0.11641950033779948
Danville,,202323020,,P-1,0.0,35.0,0.11709608413783214
Danville,,202323021,,P-1,0.0,35.0,0.11572061620378074
Danville,,202323022,,P-1,0.0,35.0,0.11577364479379768
Danville,,202321004,,P-1,0.0,35.0,0.11570156128671778
Danville,,202321005,,P-1,0.0,35.0,0.11740081254317576
Danville,,202321003,,P-1,0.0,35.0,0.1285588616393794
Danville,,202321002,,P-1,0.0,35.0,0.1458976071199092
Danville,,202321001,,P-1,0.0,35.0,0.13901343302625002
Danville,,202321015,,P-1,0.0,35.0,0.43827402813678745
Danville,,202410013,,P-1,0.0,35.0,0.3803826896378967
Danville,,202410014,,P-1,0.0,35.0,0.48404809921858627
Danville,,202410018,,P-1,0.0,35.0,0.47910219343104166
Danville,,202410015,,P-1,0.0,35.0,0.46813587051073235
Danville,,202410016,,P-1,0.0,35.0,0.4777189368142024
Danville,,202410017,,P-1,0.0,35.0,0.33875850961308634
Danville,,202410006,,P-1,0.0,35.0,0.33118507107027956
Danville,,202410007,,P-1,0.0,35.0,0.2684152258951227
Danville,,202410008,,P-1,0.0,35.0,0.39907864604185794
Danville,,202410009,,P-1,0.0,35.0,0.5411740967322691
Danville,,202410010,,P-1,0.0,35.0,0.41629877617791167
Danville,,202410011,,P-1,0.0,35.0,0.446
Danville,,202410012,,P-1,0.0,35.0,0.488
Danville,,202100040,,P-1,0.0,35.0,2.52
Danville,,202100025,,P-1,0.0,35.0,14.452775794093442
Danville,,202241016,,P-1 (R-7),0.0,6.22,0.21078601259150498
Danville,,202241017,,P-1 (R-7),0.0,6.22,0.19896598308001015
Danville,,202241018,,P-1 (R-7),0.0,6.22,0.24284318190509463
Danville,,202241019,,P-1 (R-7),0.0,6.22,0.20186025092794044
Danville,,202241020,,P-1 (R-7),0.0,6.22,0.22678458754258005
Danville,,202241021,,P-1 (R-7),0.0,6.22,0.23134946439353607
Danville,,202242007,,P-1 (R-7),0.0,6.22,0.19930783016497558
Danville,,202242026,,P-1 (R-7),0.0,6.22,0.45523713311153785
Danville,,202242025,,P-1 (R-7),0.0,6.22,0.42056837666349356
Danville,,202242006,,P-1 (R-7),0.0,6.22,0.20575326363038526
Danville,,202242008,,P-1 (R-7),0.0,6.22,0.2122540534838847
Danville,,202242024,,P-1 (R-7),0.0,6.22,0.34414649999725144
Danville,,202242023,,P-1 (R-7),0.0,6.22,0.24347733406202612
Danville,,202242022,,P-1 (R-7),0.0,6.22,0.41763028347501163
Danville,,202242009,,P-1 (R-7),0.0,6.22,0.18758501366338332
Danville,,202242010,,P-1 (R-7),0.0,6.22,0.2127526057322003
Danville,,202242011,,P-1 (R-7),0.0,6.22,0.23635666052947749
Danville,,202242013,,P-1 (R-7),0.0,6.22,0.2402219196540242
Danville,,202242012,,P-1 (R-7),0.0,6.22,0.25274290794753695
Danville,,202242019,,P-1 (R-7),0.0,6.22,0.38269692274840283
Danville,,202242020,,P-1 (R-7),0.0,6.22,0.3652092237638893
Danville,,202242021,,P-1 (R-7),0.0,6.22,0.355447906070248
Danville,,202242018,,P-1 (R-7),0.0,6.22,0.40929134804959555
Danville,,202250023,,P-1 (R-7),0.0,6.22,0.20851341944694474
Danville,,202250029,,P-1 (R-7),0.0,6.22,0.23536363155936715
Danville,,202241001,,P-1 (R-7),0.0,6.22,0.3476720151140729
Danville,,202242017,,P-1 (R-7),0.0,6.22,0.4230857018235692
Danville,,202242016,,P-1 (R-7),0.0,6.22,0.275828421966651
Danville,,202241002,,P-1 (R-7),0.0,6.22,0.32560698699018736
Danville,,202241003,,P-1 (R-7),0.0,6.22,0.32573459753108197
Danville,,202241005,,P-1 (R-7),0.0,6.22,0.22848352991290957
Danville,,202242014,,P-1 (R-7),0.0,6.22,0.2547511771451023
Danville,,202242015,,P-1 (R-7),0.0,6.22,0.25201935613614207
Danville,,202241015,,P-1 (R-7),0.0,6.22,0.21389656264465126
Danville,,202241014,,P-1 (R-7),0.0,6.22,0.2073878676956682
Danville,,202241012,,P-1 (R-7),0.0,6.22,0.2436289764082643
Danville,,202241013,,P-1 (R-7),0.0,6.22,0.27468436975627153
Danville,,202241011,,P-1 (R-7),0.0,6.22,0.23768366095476812
Danville,,202241006,,P-1 (R-7),0.0,6.22,0.21616589159245125
Danville,,202241007,,P-1 (R-7),0.0,6.22,0.33194560165915726
Danville,,202241008,,P-1 (R-7),0.0,6.22,0.3338990337711504
Danville,,202241010,,P-1 (R-7),0.0,6.22,0.2583861803696303
Danville,,202241009,,P-1 (R-7),0.0,6.22,0.41397279166898043
Danville,,202322006,,P-1,0.0,35.0,0.4869198217540606
Danville,,202322007,,P-1,0.0,35.0,0.3330354127689586
Danville,,202322008,,P-1,0.0,35.0,0.27655353698053736
Danville,,202322009,,P-1,0.0,35.0,0.21171550290499885
Danville,,202241004,,P-1 (R-7),0.0,6.22,0.518202637097782
Danville,,202322010,,P-1,0.0,35.0,0.1828831946550465
Danville,,202322011,,P-1,0.0,35.0,0.1724250414133475
Danville,,202323001,,P-1,0.0,35.0,0.16249254333591742
Danville,,202323002,,P-1,0.0,35.0,0.13930693661072427
Danville,,202323003,,P-1,0.0,35.0,0.18138100421081063
Danville,,202301026,,P-1,0.0,35.0,0.1604685509442809
Danville,,202322012,,P-1,0.0,35.0,0.17157935518080908
Danville,,202301044,,P-1,0.0,35.0,0.2071764598664766
Danville,,202322013,,P-1,0.0,35.0,0.17807886497164843
Danville,,202301043,,P-1,0.0,35.0,0.1686154046348879
Danville,,202301042,,P-1,0.0,35.0,0.1347406312446704
Danville,,202301041,,P-1,0.0,35.0,0.13259174143732555
Danville,,202301040,,P-1,0.0,35.0,0.13074014266465622
Danville,,202301039,,P-1,0.0,35.0,0.12667303027876883
Danville,,202301038,,P-1,0.0,35.0,0.12508367848741744
Danville,,202301037,,P-1,0.0,35.0,0.1231267513984322
Danville,,202301036,,P-1,0.0,35.0,0.12145609969292333
Danville,,202301028,,P-1,0.0,35.0,0.11486014595349894
Danville,,202301030,,P-1,0.0,35.0,0.11340756330526541
Danville,,202301029,,P-1,0.0,35.0,0.11251021881773363
Danville,,202301032,,P-1,0.0,35.0,0.1556835562510629
Danville,,202301031,,P-1,0.0,35.0,0.13694478687819991
Danville,,202301022,,P-1,0.0,35.0,0.16715962405769133
Danville,,202301023,,P-1,0.0,35.0,0.18872846385535935
Danville,,202301024,,P-1,0.0,35.0,0.14340877331563953
Danville,,202301027,,P-1,0.0,35.0,0.1131666060591077
Danville,,202301025,,P-1,0.0,35.0,0.16258191063157199
Danville,,202302002,,P-1,0.0,35.0,0.16327259674194888
Danville,,202302001,,P-1,0.0,35.0,0.16042068586509217
Danville,,202302003,,P-1,0.0,35.0,0.16774865943616335
Danville,,202301020,,P-1,0.0,35.0,0.1436548362261317
Danville,,202301019,,P-1,0.0,35.0,0.1162617540927507
Danville,,202301021,,P-1,0.0,35.0,0.17697345033227688
Danville,,202301033,,P-1,0.0,35.0,0.16114571411261416
Danville,,202301035,,P-1,0.0,35.0,0.11763969285008165
Danville,,202301034,,P-1,0.0,35.0,0.1270674066393776
Danville,,202250027,,P-1 (R-7),0.0,6.22,0.3100922281062097
Danville,,202250030,,P-1 (R-7),0.0,6.22,1.8720293704022097
Danville,,207520015,,P-1 (R-6),0.0,7.26,0.13685429911486213
Danville,,207520014,,P-1 (R-6),0.0,7.26,0.11391308155791667
Danville,,207520013,,P-1 (R-6),0.0,7.26,0.10361642871600257
Danville,,207520012,,P-1 (R-6),0.0,7.26,0.09490507894746798
Danville,,207520046,,P-1 (R-6),0.0,7.26,1.605661248981
Danville,,207520011,,P-1 (R-6),0.0,7.26,0.11034052331831114
Danville,,207520010,,P-1 (R-6),0.0,7.26,0.11428105205438381
Danville,,207520009,,P-1 (R-6),0.0,7.26,0.11816843763832476
Danville,,207520019,,P-1 (R-6),0.0,7.26,0.10983119653994507
Danville,,207520018,,P-1 (R-6),0.0,7.26,0.09582696425307444
Danville,,207520017,,P-1 (R-6),0.0,7.26,0.1176386438336259
Danville,,207520016,,P-1 (R-6),0.0,7.26,0.12881271374073439
Danville,,207520001,,P-1 (R-6),0.0,7.26,0.09774521716396836
Danville,,207520002,,P-1 (R-6),0.0,7.26,0.08525911499037749
Danville,,207520005,,P-1 (R-6),0.0,7.26,0.1164797219988185
Danville,,207520004,,P-1 (R-6),0.0,7.26,0.08467461871286822
Danville,,207520003,,P-1 (R-6),0.0,7.26,0.10846646702301325
Danville,,207520006,,P-1 (R-6),0.0,7.26,0.10424454505573878
Danville,,207520007,,P-1 (R-6),0.0,7.26,0.11812560616877907
Danville,,207520008,,P-1 (R-6),0.0,7.26,0.0924763807894474
Danville,,202250018,,P-1 (R-7),0.0,6.22,0.36180212928406563
Danville,,202250019,,P-1 (R-7),0.0,6.22,0.31867582248056503
Danville,,202250025,,P-1 (R-7),0.0,6.22,0.3276418918201573
Danville,,202250026,,P-1 (R-7),0.0,6.22,0.2817304301459826
Danville,,202250028,,P-1 (R-7),0.0,6.22,0.38673504328894337
Danville,,202250022,,P-1 (R-7),0.0,6.22,0.223905469226056
Danville,,202250024,,P-1 (R-7),0.0,6.22,0.2817690282927216
Danville,,202250020,,P-1 (R-7),0.0,6.22,0.29705252956117534
Danville,,202250021,,P-1 (R-7),0.0,6.22,0.2548107190881534
Danville,,202250015,,P-1 (R-7),0.0,6.22,0.2825699770294286
Danville,,202250016,,P-1 (R-7),0.0,6.22,0.4118130080116035
Danville,,202250017,,P-1 (R-7),0.0,6.22,0.3464235923539362
Danville,,202250009,,P-1 (R-7),0.0,6.22,0.2530500519915777
Danville,,202250010,,P-1 (R-7),0.0,6.22,0.1941557222298453
Danville,,202250012,,P-1 (R-7),0.0,6.22,0.22625545252466553
Danville,,202250013,,P-1 (R-7),0.0,6.22,0.204269390059509
Danville,,202250011,,P-1 (R-7),0.0,6.22,0.24304015968995293
Danville,,202250014,,P-1 (R-7),0.0,6.22,0.24482107444017484
Danville,,202242028,,P-1 (R-7),0.0,6.22,0.23742891011841524
Danville,,202242027,,P-1 (R-7),0.0,6.22,0.28647065194625276
Danville,,202242002,,P-1 (R-7),0.0,6.22,0.2098042759882771
Danville,,202242001,,P-1 (R-7),0.0,6.22,0.23896308404534844
Danville,,202242030,,P-1 (R-7),0.0,6.22,0.24276853977019855
Danville,,202242029,,P-1 (R-7),0.0,6.22,0.26402789415070743
Danville,,202250003,,P-1 (R-7),0.0,6.22,0.21402863929174906
Danville,,202250002,,P-1 (R-7),0.0,6.22,0.26129608831715545
Danville,,202250005,,P-1 (R-7),0.0,6.22,0.25617965328344555
Danville,,202250004,,P-1 (R-7),0.0,6.22,0.2440035354707123
Danville,,202250006,,P-1 (R-7),0.0,6.22,0.4662880395201273
Danville,,202250008,,P-1 (R-7),0.0,6.22,0.24537724684116002
Danville,,202250007,,P-1 (R-7),0.0,6.22,0.2939956072731757
Danville,,202250001,,P-1 (R-7),0.0,6.22,0.3194080907614604
Danville,,207530004,,P-1 (R-6),0.0,7.26,0.11090367130980593
Danville,,207530003,,P-1 (R-6),0.0,7.26,0.09558693790757364
Danville,,207530001,,P-1 (R-6),0.0,7.26,0.09634132384294772
Danville,,207530002,,P-1 (R-6),0.0,7.26,0.08766181698077054
Danville,,207530007,,P-1 (R-6),0.0,7.26,0.08556883957447414
Danville,,207530011,,P-1 (R-6),0.0,7.26,0.11959712678175023
Danville,,207530009,,P-1 (R-6),0.0,7.26,0.10289842604427783
Danville,,207530008,,P-1 (R-6),0.0,7.26,0.12812448752772515
Danville,,207530010,,P-1 (R-6),0.0,7.26,0.09472319139120143
Danville,,207530006,,P-1 (R-6),0.0,7.26,0.07114034536043047
Danville,,207530005,,P-1 (R-6),0.0,7.26,0.09512154622502934
Danville,,207530027,,P-1 (R-6),0.0,7.26,0.09756373350035649
Danville,,207530012,,P-1 (R-6),0.0,7.26,0.15103390786393828
Danville,,207530013,,P-1 (R-6),0.0,7.26,0.09288151825844829
Danville,,207520043,,P-1 (R-6),0.0,7.26,0.09151917170781484
Danville,,207520044,,P-1 (R-6),0.0,7.26,0.15918226148578876
Danville,,207520045,,P-1 (R-6),0.0,7.26,0.1308868722506116
Danville,,207530019,,P-1 (R-6),0.0,7.26,0.14357451549685252
Danville,,207530017,,P-1 (R-6),0.0,7.26,0.08888154263080723
Danville,,207530018,,P-1 (R-6),0.0,7.26,0.11924992399606343
Danville,,207530015,,P-1 (R-6),0.0,7.26,0.08264273952776008
Danville,,207530016,,P-1 (R-6),0.0,7.26,0.0910537428846517
Danville,,207530014,,P-1 (R-6),0.0,7.26,0.09697753304415702
Danville,,207530022,,P-1 (R-6),0.0,7.26,0.08488202034602478
Danville,,207530021,,P-1 (R-6),0.0,7.26,0.08367036057394887
Danville,,207530020,,P-1 (R-6),0.0,7.26,0.07885862732761187
Danville,,207530056,,P-1,0.0,35.0,1.1837151439106917
Danville,,207530030,,P-1 (R-6),0.0,7.26,0.09908628626656626
Danville,,207530028,,P-1 (R-6),0.0,7.26,0.0820660806676265
Danville,,207530023,,P-1 (R-6),0.0,7.26,0.08461193501819952
Danville,,207530024,,P-1 (R-6),0.0,7.26,0.09607190315804445
Danville,,207530026,,P-1 (R-6),0.0,7.26,0.08949586636596908
Danville,,207530025,,P-1 (R-6),0.0,7.26,0.09789200173799148
Danville,,207530029,,P-1 (R-6),0.0,7.26,0.09969844361534241
Danville,,207530052,,P-1 (R-6),0.0,7.26,0.09561802846199187
Danville,,207530055,,P-1 (R-6),0.0,7.26,0.0701580321330347
Danville,,207530054,,P-1 (R-6),0.0,7.26,0.07496899967904949
Danville,,207530053,,P-1 (R-6),0.0,7.26,0.08542135411833712
Danville,,207530049,,P-1 (R-6),0.0,7.26,0.08029246185362912
Danville,,207530051,,P-1 (R-6),0.0,7.26,0.0822908951956594
Danville,,207530050,,P-1 (R-6),0.0,7.26,0.0734490729816372
Danville,,207530032,,P-1 (R-6),0.0,7.26,0.08676616068416003
Danville,,207530033,,P-1 (R-6),0.0,7.26,0.08932714943524299
Danville,,207530035,,P-1 (R-6),0.0,7.26,0.06847523147330484
Danville,,207530034,,P-1 (R-6),0.0,7.26,0.07728474339484089
Danville,,207050010,,P-1 (R-6),0.0,7.26,15.86406141654591
Danville,,207530036,,P-1 (R-6),0.0,7.26,0.06525014412668627
Danville,,207530038,,P-1 (R-6),0.0,7.26,0.10889298354435197
Danville,,207570019,,P-1 (R-100,0.0,0.44,8.22
Danville,,207530031,,P-1 (R-6),0.0,7.26,0.1141840201470005
Danville,,207061081,,P-1 (R-40),0.0,1.09,1.334
Danville,,207061029,,P-1,0.0,35.0,0.432002516885174
Danville,,207061070,,P-1,0.0,35.0,0.3514876045959936
Danville,,207520038,,P-1 (R-6),0.0,7.26,0.0868367471921497
Danville,,207520039,,P-1 (R-6),0.0,7.26,0.09006262166845591
Danville,,207520040,,P-1 (R-6),0.0,7.26,0.11033307364162365
Danville,,207520041,,P-1 (R-6),0.0,7.26,0.07341974316904727
Danville,,207520042,,P-1 (R-6),0.0,7.26,0.10499620347880234
Danville,,207520037,,P-1 (R-6),0.0,7.26,0.11450035582051873
Danville,,207520029,,P-1 (R-6),0.0,7.26,0.11589291904482701
Danville,,207520036,,P-1 (R-6),0.0,7.26,0.10141143104311713
Danville,,207520035,,P-1 (R-6),0.0,7.26,0.15392725276483343
Danville,,207520033,,P-1 (R-6),0.0,7.26,0.09263292134810551
Danville,,207520034,,P-1 (R-6),0.0,7.26,0.08479851570930205
Danville,,207061061,,P-1,0.0,35.0,0.2319121846668368
Danville,,207061047,,P-1,0.0,35.0,0.32280767199750376
Danville,,207061063,,P-1,0.0,35.0,0.2956287661970502
Danville,,207061052,,P-1,0.0,35.0,5.38
Danville,,207061064,,P-1,0.0,35.0,0.36468493571361554
Danville,,207061062,,P-1,0.0,35.0,0.25011661907772625
Danville,,207061066,,P-1,0.0,35.0,5.02
Danville,,207061073,,P-1,0.0,35.0,0.238041870548121
Danville,,207061072,,P-1,0.0,35.0,0.23210115886727564
Danville,,207061071,,P-1,0.0,35.0,0.27311367867220787
Danville,,207061077,,P-1,0.0,35.0,0.44127330112735874
Danville,,207061076,,P-1,0.0,35.0,0.38878451605545644
Danville,,207061078,,P-1,0.0,35.0,0.3560830837179088
Danville,,207061079,,P-1,0.0,35.0,0.34373614711903894
Danville,,207061053,,P-1,0.0,35.0,1.42
Danville,,207061046,,P-1,0.0,35.0,0.49018175695046823
Danville,,207510005,,P-1,0.0,35.0,75.21731055667045
Danville,,207560035,,P-1 (R-10),0.0,4.36,1.272
Danville,,207520032,,P-1 (R-6),0.0,7.26,0.11740042170147055
Danville,,207520031,,P-1 (R-6),0.0,7.26,0.09077028081818428
Danville,,207520030,,P-1 (R-6),0.0,7.26,0.12420615429635806
Danville,,207520028,,P-1 (R-6),0.0,7.26,0.09727161185830309
Danville,,207520027,,P-1 (R-6),0.0,7.26,0.11554150902708678
Danville,,207520026,,P-1 (R-6),0.0,7.26,0.09073700302144913
Danville,,207520024,,P-1 (R-6),0.0,7.26,0.08165104371604262
Danville,,207520025,,P-1 (R-6),0.0,7.26,0.10771310805531643
Danville,,207520023,,P-1 (R-6),0.0,7.26,0.10269852778057767
Danville,,207520022,,P-1 (R-6),0.0,7.26,0.0771088026580703
Danville,,207520021,,P-1 (R-6),0.0,7.26,0.09297189872336047
Danville,,207520020,,P-1 (R-6),0.0,7.26,0.07987336326764317
Danville,,207560039,,P-1 (R-10),0.0,4.36,0.298
Danville,,207560040,,P-1 (R-10),0.0,4.36,0.278
Danville,,207560041,,P-1 (R-10),0.0,4.36,0.275
Danville,,207560042,,P-1 (R-10),0.0,4.36,0.276
Danville,,207560043,,P-1 (R-10),0.0,4.36,0.276
Danville,,207560044,,P-1 (R-10),0.0,4.36,0.273
Danville,,207560030,,P-1 (R-10),0.0,4.36,0.642
Danville,,207560029,,P-1 (R-10),0.0,4.36,0.505
Danville,,207560002,,P-1 (R-10),0.0,4.36,0.2978207806176972
Danville,,207560005,,P-1 (R-10),0.0,4.36,0.26562058370186525
Danville,,207560006,,P-1 (R-10),0.0,4.36,0.2506982893614023
Danville,,207560008,,P-1 (R-10),0.0,4.36,0.26238868149750566
Danville,,207560007,,P-1 (R-10),0.0,4.36,0.2506981223583263
Danville,,207560047,,P-1 (R-10),0.0,4.36,0.569
Danville,,207560009,,P-1 (R-10),0.0,4.36,0.2778549144102092
Danville,,207560010,,P-1 (R-10),0.0,4.36,0.29782452533473336
Danville,,207560038,,P-1 (R-10),0.0,4.36,0.277
Danville,,207560011,,P-1 (R-10),0.0,4.36,0.31291768555415184
Danville,,207560037,,P-1 (R-10),0.0,4.36,0.297
Danville,,207560036,,P-1 (R-10),0.0,4.36,0.309
Danville,,207560013,,P-1 (R-10),0.0,4.36,0.38939350016001134
Danville,,207560033,,P-1 (R-10),0.0,4.36,0.321
Danville,,207560034,,P-1 (R-10),0.0,4.36,0.405
Danville,,207560048,,P-1,0.0,35.0,3.356
Danville,,207081036,,P-1,0.0,35.0,17.392
Danville,,207081035,,P-1,0.0,35.0,14.19295680936656
Danville,,207510004,,R-15,0.0,2.9,4.8
Danville,,207061075,,P-1,0.0,35.0,0.5676152022975857
Danville,,207061074,,P-1,0.0,35.0,0.31887202713420343
Danville,,207061035,,P-1,0.0,35.0,0.595312441209228
Danville,,207061025,,P-1 (R-20),0.0,2.18,11.65
Danville,,207061069,,P-1,0.0,35.0,0.3552958810135204
Danville,,207061068,,P-1,0.0,35.0,0.5332977762331668
Danville,,207061033,,P-1,0.0,35.0,0.4068473837236442
Danville,,207061067,,P-1,0.0,35.0,0.3821601222601962
Danville,,207061034,,P-1,0.0,35.0,0.5107805721523389
Danville,,207061032,,P-1,0.0,35.0,0.36916447301342853
Danville,,207061030,,P-1,0.0,35.0,0.39147320293153187
Danville,,207061031,,P-1,0.0,35.0,0.417305899336865
Danville,,207061080,,P-1 (R-40),0.0,1.09,1.427
Danville,,207061010,,P-1 (R-40),0.0,1.09,5.96
Danville,,207071001,,P-1 (R-100,0.0,0.44,12.21
Danville,,207071007,,P-1 (R-100,0.0,0.44,5.55
Danville,,207071008,,P-1 (R-100,0.0,0.44,7.35
Danville,,207071003,,P-1 (R-100,0.0,0.44,14.8
Danville,,207071009,,P-1 (R-100,0.0,0.44,5.9
Danville,,218562009,,R-15,0.0,2.9,0.3613283705551872
Danville,,218562011,,R-15,0.0,2.9,0.36160905212116146
Danville,,218562010,,R-15,0.0,2.9,0.375208779087293
Danville,,218563021,,R-15,0.0,2.9,0.3940590803497451
Danville,,218563002,,R-15,0.0,2.9,0.39202629125908234
Danville,,218563001,,R-15,0.0,2.9,0.35851964612284404
Danville,,218562012,,R-15,0.0,2.9,0.3563903443760187
Danville,,218010008,,A-4,0.0,0.05,100.10352168487172
Danville,,218010009,,A-4,0.0,0.05,100.10352168487172
Danville,,218010012,,A-4,0.0,0.05,100.10352168487172
Danville,,218010011,,A-4,0.0,0.05,100.10352168487172
Danville,,218010010,,A-4,0.0,0.05,100.10352168487172
Danville,,217010022,,P-1 (R-100,0.0,0.44,45.4
Danville,,217010021,,P-1 (R-100,0.0,0.44,5.6
Danville,,217010043,,P-1 (R-100,0.0,0.44,3.432
Danville,,217010044,,P-1 (R-100,0.0,0.44,2.977
Danville,,217010018,,P-1 (R-100,0.0,0.44,13.275
Danville,,217440038,,P-1 (R-40),0.0,1.09,0.585
Danville,,217440039,,P-1 (R-40),0.0,1.09,0.551
Danville,,217010034,,P-1 (R-100,0.0,0.44,12.02
Danville,,217010037,,P-1 (R-100,0.0,0.44,5.05
Danville,,217010039,,P-1 (R-100,0.0,0.44,3.37
Danville,,217010042,,P-1 (R-100,0.0,0.44,1.112
Danville,,217440020,,P-1 (R-40),0.0,1.09,1.383
Danville,,217010041,,P-1 (R-100,0.0,0.44,0.754
Danville,,207061008,,P-1 (R-40),0.0,1.09,4.58
Danville,,207061009,,P-1 (R-40),0.0,1.09,3.93
Danville,,207061016,,P-1 (R-40),0.0,1.09,2.64
Danville,,207061017,,P-1 (R-40),0.0,1.09,2.65
Danville,,207061055,,P-1 (R-7),0.0,6.22,0.387253568475384
Danville,,207061054,,P-1 (R-7),0.0,6.22,0.7870566948037516
Danville,,217440036,,P-1 (R-10),0.0,4.36,0.348
Danville,,217440012,,P-1 (R-10),0.0,4.36,0.785
Danville,,217440013,,P-1 (R-10),0.0,4.36,0.314
Danville,,217440037,,P-1 (R-10),0.0,4.36,0.437
Danville,,217440015,,P-1 (R-10),0.0,4.36,0.236
Danville,,217440014,,P-1 (R-10),0.0,4.36,0.23
Danville,,217440017,,P-1 (R-10),0.0,4.36,0.232
Danville,,217440019,,P-1 (R-10),0.0,4.36,1.29
Danville,,207061056,,P-1 (R-7),0.0,6.22,0.26995048502865815
Danville,,207061057,,P-1 (R-7),0.0,6.22,0.32376716008167283
Danville,,207061059,,P-1 (R-7),0.0,6.22,0.3360132759071358
Danville,,207061058,,P-1 (R-7),0.0,6.22,0.3604078109104179
Danville,,217440032,,P-1 (R-40),0.0,1.09,1.291
Danville,,217440033,,P-1 (R-10),0.0,4.36,0.755
Danville,,217440025,,P-1 (R-10),0.0,4.36,0.669
Danville,,217440026,,P-1 (R-10),0.0,4.36,0.671
Danville,,217010003,,P-1 (R-40),0.0,1.09,6.75
Danville,,217440027,,P-1 (R-10),0.0,4.36,0.278
Danville,,217440034,,P-1 (R-10),0.0,4.36,0.252
Danville,,217440028,,P-1 (R-10),0.0,4.36,0.272
Danville,,217490018,,P-1,0.0,35.0,0.215
Danville,,217490020,,P-1,0.0,35.0,0.225
Danville,,217490019,,P-1,0.0,35.0,0.209
Danville,,217490021,,P-1,0.0,35.0,0.196
Danville,,217490037,,P-1,0.0,35.0,0.088
Danville,,217490030,,P-1,0.0,35.0,0.217
Danville,,217490024,,P-1,0.0,35.0,0.218
Danville,,217490025,,P-1,0.0,35.0,0.226
Danville,,217490040,,P-1,0.0,35.0,0.107
Danville,,217440031,,P-1 (R-10),0.0,4.36,0.548
Danville,,217490036,,P-1,0.0,35.0,0.199
Danville,,217440035,,P-1 (R-10),0.0,4.36,0.218
Danville,,217440029,,P-1 (R-10),0.0,4.36,0.219
Danville,,217440018,,P-1 (R-10),0.0,4.36,0.229
Danville,,217440016,,P-1 (R-10),0.0,4.36,0.23
Danville,,217440004,,P-1 (R-10),0.0,4.36,0.23
Danville,,217440002,,P-1 (R-10),0.0,4.36,0.293
Danville,,217440003,,P-1 (R-10),0.0,4.36,0.23
Danville,,217490039,,P-1,0.0,35.0,0.05
Danville,,217440001,,P-1 (R-10),0.0,4.36,0.269
Danville,,217490027,,P-1,0.0,35.0,0.252
Danville,,217490029,,P-1,0.0,35.0,0.217
Danville,,217490026,,P-1,0.0,35.0,0.256
Danville,,217490028,,P-1,0.0,35.0,0.24
Danville,,217490035,,P-1,0.0,35.0,0.244
Danville,,217490034,,P-1,0.0,35.0,0.213
Danville,,217490032,,P-1,0.0,35.0,0.249
Danville,,217490033,,P-1,0.0,35.0,0.247
Danville,,217490002,,P-1 (R-10),0.0,4.36,0.198
Danville,,217490003,,P-1 (R-10),0.0,4.36,0.24
Danville,,217490004,,P-1 (R-10),0.0,4.36,0.272
Danville,,217490006,,P-1 (R-10),0.0,4.36,0.18
Danville,,217490007,,P-1 (R-10),0.0,4.36,0.184
Danville,,217490009,,P-1 (R-10),0.0,4.36,0.195
Danville,,217490008,,P-1 (R-10),0.0,4.36,0.188
Danville,,217190023,,P-1,0.0,35.0,0.07852416187242059
Danville,,217190024,,P-1,0.0,35.0,0.10588866926044674
Danville,,217190025,,P-1,0.0,35.0,0.08909100538966361
Danville,,217190026,,P-1,0.0,35.0,0.08677977232064392
Danville,,217190027,,P-1,0.0,35.0,0.12039732395410584
Danville,,217490011,,P-1 (R-10),0.0,4.36,0.225
Danville,,217490010,,P-1 (R-10),0.0,4.36,0.201
Danville,,217490017,,P-1,0.0,35.0,0.758
Danville,,217490014,,P-1 (R-10),0.0,4.36,0.388
Danville,,217490016,,P-1 (R-10),0.0,4.36,0.264
Danville,,217490015,,P-1 (R-10),0.0,4.36,0.26
Danville,,217490001,,P-1 (R-10),0.0,4.36,0.211
Danville,,217490031,,P-1,0.0,35.0,0.231
Danville,,217490023,,P-1,0.0,35.0,0.217
Danville,,217490022,,P-1,0.0,35.0,0.231
Danville,,217440023,,P-1 (R-40),0.0,1.09,1.1
Danville,,217020004,,P-1,0.0,35.0,7.129
Danville,,217490013,,P-1 (R-10),0.0,4.36,0.396
Danville,,217490012,,P-1 (R-10),0.0,4.36,0.235
Danville,,217190035,,P-1,0.0,35.0,0.1139655341151991
Danville,,217190034,,P-1,0.0,35.0,0.09968632626489544
Danville,,217190033,,P-1,0.0,35.0,0.10943341652468086
Danville,,217190032,,P-1,0.0,35.0,0.08426438957530799
Danville,,217190031,,P-1,0.0,35.0,0.0886842961864217
Danville,,217190030,,P-1,0.0,35.0,0.08962919939071091
Danville,,217190029,,P-1,0.0,35.0,0.09127757019716785
Danville,,217190028,,P-1,0.0,35.0,0.0893051261751898
Danville,,217190044,,P-1,0.0,35.0,0.11638665976494127
Danville,,217190043,,P-1,0.0,35.0,0.07549212349622178
Danville,,217190042,,P-1,0.0,35.0,0.0768617614412559
Danville,,217190041,,P-1,0.0,35.0,0.13021542789472768
Danville,,217190038,,P-1,0.0,35.0,0.09284537340143677
Danville,,217190039,,P-1,0.0,35.0,0.08338983169222919
Danville,,217190040,,P-1,0.0,35.0,0.11290290797266794
Danville,,217190036,,P-1,0.0,35.0,0.14715743258019892
Danville,,217190037,,P-1,0.0,35.0,0.10879453732485124
Danville,,217190071,,P-1,0.0,35.0,0.07910881240638994
Danville,,217190070,,P-1,0.0,35.0,0.0843627226505245
Danville,,217190069,,P-1,0.0,35.0,0.07918280268601653
Danville,,217190068,,P-1,0.0,35.0,0.07596385128348974
Danville,,217190067,,P-1,0.0,35.0,0.10138609405480484
Danville,,217190066,,P-1,0.0,35.0,0.07938023394681254
Danville,,217190065,,P-1,0.0,35.0,0.08414287379537874
Danville,,217190059,,P-1,0.0,35.0,0.10780226819518593
Danville,,217190060,,P-1,0.0,35.0,0.10160570984259455
Danville,,217190061,,P-1,0.0,35.0,0.07728576378483351
Danville,,217190062,,P-1,0.0,35.0,0.08257841558074183
Danville,,217190063,,P-1,0.0,35.0,0.11273055997073936
Danville,,217190056,,P-1,0.0,35.0,0.08021425984921658
Danville,,217190057,,P-1,0.0,35.0,0.07996306127503869
Danville,,217190058,,P-1,0.0,35.0,0.08350085134006073
Danville,,217190055,,P-1,0.0,35.0,0.11940604837276886
Danville,,217190045,,P-1,0.0,35.0,0.08416253195797185
Danville,,217190054,,P-1,0.0,35.0,0.08116561839086754
Danville,,217190053,,P-1,0.0,35.0,0.07919571630165542
Danville,,217190052,,P-1,0.0,35.0,0.08331508147652224
Danville,,217190002,,P-1,0.0,35.0,0.08396705620752785
Danville,,217190001,,P-1,0.0,35.0,0.12712709583350568
Danville,,217190003,,P-1,0.0,35.0,0.07982304433269818
Danville,,217190004,,P-1,0.0,35.0,0.07861552170855653
Danville,,217190005,,P-1,0.0,35.0,0.08730907617730585
Danville,,217190092,,P-1,0.0,35.0,0.10383253662039782
Danville,,217190091,,P-1,0.0,35.0,0.08497143542301616
Danville,,217190090,,P-1,0.0,35.0,0.09377917820558167
Danville,,217190089,,P-1,0.0,35.0,0.07938697068333118
Danville,,217190088,,P-1,0.0,35.0,0.07555965232326217
Danville,,217190087,,P-1,0.0,35.0,0.07833536505217724
Danville,,217190086,,P-1,0.0,35.0,0.08368921315534038
Danville,,217190064,,P-1,0.0,35.0,0.11808687314263483
Danville,,217190083,,P-1,0.0,35.0,0.0857560501897448
Danville,,217190084,,P-1,0.0,35.0,0.1127522601409498
Danville,,217190085,,P-1,0.0,35.0,0.08634815654532173
Danville,,217190072,,P-1,0.0,35.0,0.08236573759926115
Danville,,217190073,,P-1,0.0,35.0,0.09896744789074532
Danville,,217190074,,P-1,0.0,35.0,0.09101063455743753
Danville,,217190075,,P-1,0.0,35.0,0.11760757761667258
Danville,,217190077,,P-1,0.0,35.0,0.09361150683817468
Danville,,217190076,,P-1,0.0,35.0,0.08750557288689591
Danville,,217190078,,P-1,0.0,35.0,0.09406855830660625
Danville,,217190079,,P-1,0.0,35.0,0.10580005294076564
Danville,,217190082,,P-1,0.0,35.0,0.09180625797348928
Danville,,217190081,,P-1,0.0,35.0,0.09149805408540321
Danville,,217190080,,P-1,0.0,35.0,0.10645660012409576
Danville,,217190095,,P-1,0.0,35.0,0.10002790203031578
Danville,,217190098,,P-1,0.0,35.0,0.10069703227769163
Danville,,217190145,,P-1,0.0,35.0,0.12935615914811377
Danville,,217190097,,P-1,0.0,35.0,0.14122920198546218
Danville,,217190096,,P-1,0.0,35.0,0.10974911929124552
Danville,,217190094,,P-1,0.0,35.0,0.1750301110024585
Danville,,217190011,,P-1,0.0,35.0,0.10745854325789175
Danville,,217190010,,P-1,0.0,35.0,0.09213978481955395
Danville,,217190009,,P-1,0.0,35.0,0.08980005103468561
Danville,,217190007,,P-1,0.0,35.0,0.08322933931483574
Danville,,217190008,,P-1,0.0,35.0,0.0818203638271265
Danville,,217190006,,P-1,0.0,35.0,0.13363853334499193
Danville,,217190093,,P-1,0.0,35.0,0.11935908392905842
Danville,,217190012,,P-1,0.0,35.0,0.11763370459948663
Danville,,217190013,,P-1,0.0,35.0,0.0732437298263278
Danville,,217190049,,P-1,0.0,35.0,0.12105284745850542
Danville,,217190050,,P-1,0.0,35.0,0.12289658496172587
Danville,,217190051,,P-1,0.0,35.0,0.08732479672071025
Danville,,217190048,,P-1,0.0,35.0,0.09011377439029984
Danville,,217190047,,P-1,0.0,35.0,0.08907370776439635
Danville,,217190046,,P-1,0.0,35.0,0.08927324779700484
Danville,,217190021,,P-1,0.0,35.0,0.08582221375773896
Danville,,217190022,,P-1,0.0,35.0,0.08143643148275366
Danville,,217190020,,P-1,0.0,35.0,0.08016327560670382
Danville,,217190014,,P-1,0.0,35.0,0.07381657687918772
Danville,,217190015,,P-1,0.0,35.0,0.08076803620097231
Danville,,217190016,,P-1,0.0,35.0,0.12249784740341851
Danville,,217190110,,P-1,0.0,35.0,5.183920087788053
Danville,,217190018,,P-1,0.0,35.0,0.07826739409018935
Danville,,217190019,,P-1,0.0,35.0,0.07667738368576493
Danville,,217190017,,P-1,0.0,35.0,0.11451147380497126
Danville,,217490005,,P-1 (R-10),0.0,4.36,0.239
Danville,,215330018,,P-1,0.0,35.0,4.458
Danville,,215330012,,P-1 (R-15),0.0,2.9,0.35467127289547606
Danville,,215330013,,P-1 (R-15),0.0,2.9,0.4204971073289542
Danville,,215090026,,P-1,0.0,35.0,9.56
Danville,,215090027,,P-1,0.0,35.0,7.42
Danville,,215090018,,P-1,0.0,35.0,11.556
Danville,,215090037,,P-1,0.0,35.0,46.35
Danville,,215090034,,P-1,0.0,35.0,1.0
Danville,,215090038,,P-1,0.0,35.0,5.67
Danville,,215090016,,P-1,0.0,35.0,4.3
Danville,,217440005,,P-1 (R-10),0.0,4.36,0.237
Danville,,217440006,,P-1 (R-10),0.0,4.36,0.231
Danville,,217440007,,P-1 (R-10),0.0,4.36,0.229
Danville,,215440002,,P-1,0.0,35.0,0.0803004179367535
Danville,,215440001,,P-1,0.0,35.0,0.07554637938133066
Danville,,215440004,,P-1,0.0,35.0,0.05672049156428889
Danville,,215440006,,P-1,0.0,35.0,0.06633412714765631
Danville,,215440005,,P-1,0.0,35.0,0.04545010366962806
Danville,,215440007,,P-1,0.0,35.0,0.06243865536935574
Danville,,215440003,,P-1,0.0,35.0,0.060795535602658275
Danville,,215440010,,P-1,0.0,35.0,0.011
Danville,,215440008,,P-1,0.0,35.0,0.227
Danville,,215090024,,P-1,0.0,35.0,0.8704057181060034
Danville,,215090031,,P-1,0.0,35.0,0.28
Danville,,202100024,,P-1,0.0,35.0,5.0
Danville,,207570009,,P-1 (R-6),0.0,7.26,0.10637563179629463
Danville,,207061020,,P-1,0.0,35.0,2.18
Danville,,207600007,,P-1 (R-7),0.0,6.22,0.20216636137371652
Danville,,215440009,,P-1,0.0,35.0,0.106
Danville,,217440008,,P-1 (R-10),0.0,4.36,0.242
Danville,,217440011,,P-1 (R-10),0.0,4.36,0.25262527570908727
Danville,,217440010,,P-1 (R-10),0.0,4.36,0.232
Danville,,217440009,,P-1 (R-10),0.0,4.36,0.229
Danville,,207600006,,P-1 (R-7),0.0,6.22,0.21290316052023067
Danville,,207600004,,P-1 (R-7),0.0,6.22,0.20497975866330018
Danville,,207600003,,P-1 (R-7),0.0,6.22,0.28679880090466786
Danville,,207600002,,P-1 (R-7),0.0,6.22,0.2754113697448084
Danville,,207600001,,P-1 (R-7),0.0,6.22,0.40278745307140734
Danville,,207600005,,P-1 (R-7),0.0,6.22,0.2029694277543012
Danville,,207570007,,P-1 (R-6),0.0,7.26,0.1566843681778729
Danville,,207570008,,P-1 (R-6),0.0,7.26,0.09194952576272797
Danville,,207570005,,P-1 (R-6),0.0,7.26,0.15598359869580064
Danville,,207570006,,P-1 (R-6),0.0,7.26,0.14471543929140232
Danville,,207570004,,P-1 (R-6),0.0,7.26,0.18911113442547597
Danville,,207570001,,P-1 (R-6),0.0,7.26,0.17882151828311374
Danville,,207570002,,P-1 (R-6),0.0,7.26,0.1692608667390327
Danville,,207570018,,P-1 (R-6),0.0,7.26,0.18135691005651686
Danville,,207570014,,P-1 (R-6),0.0,7.26,0.1327203595169933
Danville,,207570003,,P-1 (R-6),0.0,7.26,0.24067781860767334
Danville,,207570013,,P-1 (R-6),0.0,7.26,0.13323872469871148
Danville,,207570012,,P-1 (R-6),0.0,7.26,0.13060129476828933
Danville,,207570011,,P-1 (R-6),0.0,7.26,0.16943751224815237
Danville,,207570015,,P-1 (R-6),0.0,7.26,0.1737797739082614
Danville,,207570016,,P-1 (R-6),0.0,7.26,0.17739687326394726
Danville,,207530043,,P-1 (R-6),0.0,7.26,0.10120302198932338
Danville,,207530044,,P-1 (R-6),0.0,7.26,0.11773747436661167
Danville,,207530045,,P-1 (R-6),0.0,7.26,0.23647634484574606
Danville,,207530042,,P-1 (R-6),0.0,7.26,0.09207518704559094
Danville,,207570017,,P-1 (R-6),0.0,7.26,0.18093819704144165
Danville,,207530039,,P-1 (R-6),0.0,7.26,0.11087500370995212
Danville,,207530037,,P-1 (R-6),0.0,7.26,0.08744804181541137
Danville,,207530046,,P-1 (R-6),0.0,7.26,0.07743695879036787
Danville,,207530040,,P-1 (R-6),0.0,7.26,0.10603289232016322
Danville,,207530041,,P-1 (R-6),0.0,7.26,0.085561111547185
Danville,,207530057,,P-1 (R-6),0.0,7.26,3.0920131969046207
Danville,,207530048,,P-1 (R-6),0.0,7.26,0.08463001151181572
Danville,,207530047,,P-1 (R-6),0.0,7.26,0.07837092842371461
Danville,,202262008,,P-1 (R-7),0.0,6.22,0.2456867314123891
Danville,,202262007,,P-1 (R-7),0.0,6.22,0.30080708238381043
Danville,,207530058,,P-1 (R-6),0.0,7.26,0.045532580510974134
Danville,,207570010,,P-1 (R-6),0.0,7.26,0.2012821264750963
Danville,,202262006,,P-1 (R-7),0.0,6.22,0.2454442400563436
Danville,,202262005,,P-1 (R-7),0.0,6.22,0.29977881591841077
Danville,,202262003,,P-1 (R-7),0.0,6.22,0.6830395279487226
Danville,,202262004,,P-1 (R-7),0.0,6.22,0.4013464626753766
Danville,,202262002,,P-1 (R-7),0.0,6.22,0.37221682522392735
Danville,,202261004,,P-1 (R-7),0.0,6.22,0.2056883530156053
Danville,,202261003,,P-1 (R-7),0.0,6.22,0.2300328169169585
Danville,,202262012,,P-1 (R-7),0.0,6.22,0.21189732481210005
Danville,,202262013,,P-1 (R-7),0.0,6.22,0.24180219088248645
Danville,,202262014,,P-1 (R-7),0.0,6.22,0.29438528070101566
Danville,,202262011,,P-1 (R-7),0.0,6.22,0.19834303673766931
Danville,,202262010,,P-1 (R-7),0.0,6.22,0.2253446248963991
Danville,,202262015,,P-1 (R-7),0.0,6.22,0.28363672774126925
Danville,,202262009,,P-1 (R-7),0.0,6.22,0.23833498322919758
Danville,,202262016,,P-1 (R-7),0.0,6.22,0.3241872983714758
Danville,,202262017,,P-1 (R-7),0.0,6.22,0.21816421441451467
Danville,,202262022,,P-1 (R-7),0.0,6.22,1.6844609044221668
Danville,,202262018,,P-1 (R-7),0.0,6.22,0.20123439397728723
Danville,,202262019,,P-1 (R-7),0.0,6.22,0.17235346977046398
Danville,,202262023,,P-1 (R-7),0.0,6.22,0.2515758239367986
Danville,,202262024,,P-1 (R-7),0.0,6.22,0.20397914080654453
Danville,,202261001,,P-1 (R-7),0.0,6.22,0.24433659916084483
Danville,,202261002,,P-1 (R-7),0.0,6.22,0.2311031248678176
Danville,,202261006,,P-1 (R-7),0.0,6.22,0.26472252940540486
Danville,,202261005,,P-1 (R-7),0.0,6.22,0.33679206319360727
Danville,,202262001,,P-1 (R-7),0.0,6.22,0.6152552088206307
Danville,,202261007,,P-1 (R-7),0.0,6.22,0.31159772755734166
Danville,,202100026,,P-1,0.0,35.0,46.65
Danville,,202242003,,P-1 (R-7),0.0,6.22,0.20556557000143486
Danville,,202242004,,P-1 (R-7),0.0,6.22,0.19718470824445242
Danville,,202242005,,P-1 (R-7),0.0,6.22,0.20485094840920276
Danville,,202241023,,P-1 (R-7),0.0,6.22,0.23101087408252063
Danville,,202241022,,P-1 (R-7),0.0,6.22,0.23759423067479882
Danville,,202100019,,A-2,0.0,0.05,38.887
Danville,,215090035,,P-1,0.0,35.0,123.57249347780629
Danville,,215420029,,P-1 (R-10),0.0,4.36,0.319
Danville,,215420028,,P-1 (R-10),0.0,4.36,0.284
Danville,,215420031,,P-1 (R-10),0.0,4.36,0.489
Danville,,215070024,,P-1,0.0,35.0,61.809060612234944
Danville,,215380017,,P-1 (R-10),0.0,4.36,0.47953354033905377
Danville,,215380016,,P-1 (R-10),0.0,4.36,0.31102006078102606
Danville,,215323001,,P-1 (R-10),0.0,4.36,0.40970854608199214
Danville,,215322007,,P-1 (R-10),0.0,4.36,0.3595235312044146
Danville,,215322008,,P-1 (R-10),0.0,4.36,0.359725165806018
Danville,,215322006,,P-1 (R-10),0.0,4.36,0.0
Danville,,215321002,,P-1 (R-10),0.0,4.36,0.0
Danville,,215321003,,P-1 (R-10),0.0,4.36,0.0
Danville,,215321004,,P-1 (R-10),0.0,4.36,0.0
Danville,,215322005,,P-1 (R-10),0.0,4.36,0.0
Danville,,215322004,,P-1 (R-10),0.0,4.36,0.0
Danville,,215322003,,P-1 (R-10),0.0,4.36,0.0
Danville,,215322002,,P-1 (R-10),0.0,4.36,0.0
Danville,,215322001,,P-1 (R-10),0.0,4.36,0.0
Danville,,215324012,,P-1 (R-10),0.0,4.36,0.435
Danville,,215100022,,P-1,0.0,35.0,228.02630659754493
Danville,,215100021,,P-1,0.0,35.0,12.437
Danville,,215324003,,P-1 (R-10),0.0,4.36,0.0
Danville,,215324013,,P-1 (R-10),0.0,4.36,0.434
Danville,,215324004,,P-1 (R-10),0.0,4.36,0.0
Danville,,215324005,,P-1 (R-10),0.0,4.36,0.0
Danville,,215324006,,P-1 (R-10),0.0,4.36,0.0
Danville,,215324007,,P-1 (R-10),0.0,4.36,0.0
Danville,,215324008,,P-1 (R-10),0.0,4.36,0.0
Danville,,215340051,,P-1 (R-20),0.0,2.18,0.23
Danville,,215340023,,P-1 (R-20),0.0,2.18,0.0
Danville,,215340024,,P-1 (R-20),0.0,2.18,0.0
Danville,,215340025,,P-1 (R-20),0.0,2.18,0.0
Danville,,215340022,,P-1 (R-20),0.0,2.18,0.0
Danville,,215340019,,P-1 (R-20),0.0,2.18,0.0
Danville,,215340020,,P-1 (R-20),0.0,2.18,0.0
Danville,,215340021,,P-1 (R-20),0.0,2.18,0.0
Danville,,215340006,,P-1 (R-20),0.0,2.18,0.0
Danville,,215340005,,P-1 (R-20),0.0,2.18,0.0
Danville,,215340007,,P-1 (R-20),0.0,2.18,0.0
Danville,,215340008,,P-1 (R-20),0.0,2.18,0.0
Danville,,215340004,,P-1 (R-20),0.0,2.18,0.0
Danville,,215340003,,P-1 (R-20),0.0,2.18,0.0
Danville,,215340035,,P-1 (R-20),0.0,2.18,0.0
Danville,,215340034,,P-1 (R-20),0.0,2.18,0.0
Danville,,215340033,,P-1 (R-20),0.0,2.18,0.0
Danville,,215340028,,P-1 (R-20),0.0,2.18,0.0
Danville,,215340037,,P-1 (R-20),0.0,2.18,0.0
Danville,,215340027,,P-1 (R-20),0.0,2.18,0.0
Danville,,215340029,,P-1 (R-20),0.0,2.18,0.0
Danville,,215340030,,P-1 (R-20),0.0,2.18,0.0
Danville,,215340032,,P-1 (R-20),0.0,2.18,0.0
Danville,,215340031,,P-1 (R-20),0.0,2.18,0.0
Danville,,215340026,,P-1 (R-20),0.0,2.18,0.0
Danville,,215100020,,P-1,0.0,35.0,47.39
Danville,,215340050,,P-1 (R-20),0.0,2.18,1.42
Danville,,215100019,,P-1,0.0,35.0,15.49
Danville,,215260009,,P-1 (R-10),0.0,4.36,0.26233158326925826
Danville,,215260010,,P-1 (R-10),0.0,4.36,0.2801463164489642
Danville,,215260011,,P-1 (R-10),0.0,4.36,0.26679207135722754
Danville,,215260012,,P-1 (R-10),0.0,4.36,0.2629223718468219
Danville,,215260014,,P-1 (R-10),0.0,4.36,0.2485672806901692
Danville,,215260013,,P-1 (R-10),0.0,4.36,0.2514544195999606
Danville,,215260017,,P-1 (R-10),0.0,4.36,0.26015720900008243
Danville,,215260041,,P-1 (R-10),0.0,4.36,0.4194913874662106
Danville,,215260016,,P-1 (R-10),0.0,4.36,0.25096757035919337
Danville,,215260015,,P-1 (R-10),0.0,4.36,0.23870143158429333
Danville,,215100014,,P-1,0.0,35.0,2.2442223012075213
Danville,,215260042,,P-1 (R-10),0.0,4.36,0.4380548117543165
Danville,,215400027,,P-1 (R-10),0.0,4.36,0.408
Danville,,215400033,,P-1 (R-10),0.0,4.36,0.447
Danville,,215400032,,P-1 (R-10),0.0,4.36,0.476
Danville,,215400030,,P-1 (R-10),0.0,4.36,0.5
Danville,,215400031,,P-1 (R-10),0.0,4.36,0.463
Danville,,215400018,,P-1 (R-10),0.0,4.36,0.0
Danville,,215400034,,P-1 (R-10),0.0,4.36,0.432
Danville,,215400023,,P-1 (R-10),0.0,4.36,0.0
Danville,,215400007,,P-1 (R-10),0.0,4.36,0.0
Danville,,215400006,,P-1 (R-10),0.0,4.36,0.0
Danville,,215400005,,P-1 (R-10),0.0,4.36,0.0
Danville,,215390020,,P-1 (R-10),0.0,4.36,0.0
Danville,,215400008,,P-1 (R-10),0.0,4.36,0.0
Danville,,215390018,,P-1 (R-10),0.0,4.36,0.0
Danville,,215390019,,P-1 (R-10),0.0,4.36,0.0
Danville,,215400010,,P-1 (R-10),0.0,4.36,0.0
Danville,,215400009,,P-1 (R-10),0.0,4.36,0.0
Danville,,215400029,,P-1 (R-10),0.0,4.36,0.383
Danville,,215400028,,P-1 (R-10),0.0,4.36,0.391
Danville,,215390016,,P-1 (R-10),0.0,4.36,0.0
Danville,,215400011,,P-1 (R-10),0.0,4.36,0.0
Danville,,215390015,,P-1 (R-10),0.0,4.36,0.4277212244907069
Danville,,215400012,,P-1 (R-10),0.0,4.36,0.23894655192968664
Danville,,215400013,,P-1 (R-10),0.0,4.36,0.23130962773798655
Danville,,215390028,,P-1,0.0,35.0,2.92
Danville,,215390013,,P-1 (R-10),0.0,4.36,0.280431811355246
Danville,,215390014,,P-1 (R-10),0.0,4.36,0.4115118159924655
Danville,,215390011,,P-1 (R-10),0.0,4.36,0.0
Danville,,215390012,,P-1 (R-10),0.0,4.36,0.2794656567621965
Danville,,215250064,,P-1 (R-6),0.0,7.26,0.0
Danville,,215250063,,P-1 (R-6),0.0,7.26,0.0
Danville,,215250062,,P-1 (R-6),0.0,7.26,0.0
Danville,,215250061,,P-1 (R-6),0.0,7.26,0.0
Danville,,215390010,,P-1 (R-10),0.0,4.36,0.0
Danville,,215390017,,P-1 (R-10),0.0,4.36,0.0
Danville,,215390009,,P-1 (R-10),0.0,4.36,0.0
Danville,,215390008,,P-1 (R-10),0.0,4.36,0.0
Danville,,215390021,,P-1 (R-10),0.0,4.36,0.0
Danville,,215390007,,P-1 (R-10),0.0,4.36,0.0
Danville,,215390006,,P-1 (R-10),0.0,4.36,0.0
Danville,,215390005,,P-1 (R-10),0.0,4.36,0.0
Danville,,215250072,,P-1 (R-6),0.0,7.26,0.0
Danville,,215250071,,P-1 (R-6),0.0,7.26,0.0
Danville,,215250070,,P-1 (R-6),0.0,7.26,0.0
Danville,,215250069,,P-1 (R-6),0.0,7.26,0.0
Danville,,215250068,,P-1 (R-6),0.0,7.26,0.0
Danville,,215250067,,P-1 (R-6),0.0,7.26,0.0
Danville,,215250074,,P-1 (R-6),0.0,7.26,0.0
Danville,,215250075,,P-1 (R-6),0.0,7.26,0.0
Danville,,215250076,,P-1 (R-6),0.0,7.26,0.0
Danville,,215250079,,P-1 (R-6),0.0,7.26,0.0
Danville,,215250073,,P-1 (R-6),0.0,7.26,0.0
Danville,,215250080,,P-1 (R-6),0.0,7.26,0.0
Danville,,215250083,,P-1 (R-6),0.0,7.26,0.0
Danville,,215250078,,P-1 (R-6),0.0,7.26,0.0
Danville,,215250077,,P-1 (R-6),0.0,7.26,0.0
Danville,,215250015,,P-1 (R-6),0.0,7.26,0.0
Danville,,215250084,,P-1 (R-6),0.0,7.26,0.0
Danville,,215250014,,P-1 (R-6),0.0,7.26,0.0
Danville,,215250086,,P-1 (R-6),0.0,7.26,0.0
Danville,,215250085,,P-1 (R-6),0.0,7.26,0.0
Danville,,215250088,,P-1 (R-6),0.0,7.26,0.0
Danville,,215250087,,P-1 (R-6),0.0,7.26,0.0
Danville,,215250082,,P-1 (R-6),0.0,7.26,0.0
Danville,,215250081,,P-1 (R-6),0.0,7.26,0.0
Danville,,215390003,,P-1 (R-10),0.0,4.36,0.0
Danville,,215390002,,P-1 (R-10),0.0,4.36,0.0
Danville,,215390001,,P-1 (R-10),0.0,4.36,0.0
Danville,,215390026,,P-1 (R-10),0.0,4.36,0.0
Danville,,215390027,,P-1 (R-10),0.0,4.36,0.0
Danville,,215390025,,P-1 (R-10),0.0,4.36,0.0
Danville,,215390004,,P-1 (R-10),0.0,4.36,0.0
Danville,,215390024,,P-1 (R-10),0.0,4.36,0.0
Danville,,215390023,,P-1 (R-10),0.0,4.36,0.0
Danville,,215390022,,P-1 (R-10),0.0,4.36,0.0
Danville,,215400003,,P-1 (R-10),0.0,4.36,0.0
Danville,,215400002,,P-1 (R-10),0.0,4.36,0.0
Danville,,215400001,,P-1 (R-10),0.0,4.36,0.0
Danville,,215410035,,P-1 (R-10),0.0,4.36,0.42
Danville,,215410036,,P-1 (R-10),0.0,4.36,0.354
Danville,,215410037,,P-1 (R-10),0.0,4.36,0.379
Danville,,215400004,,P-1 (R-10),0.0,4.36,0.0
Danville,,215400036,,P-1 (R-10),0.0,4.36,0.515
Danville,,215400035,,P-1 (R-10),0.0,4.36,0.453
Danville,,215340038,,P-1 (R-20),0.0,2.18,0.0
Danville,,215340039,,P-1 (R-20),0.0,2.18,0.0
Danville,,215340040,,P-1 (R-20),0.0,2.18,0.0
Danville,,215340036,,P-1 (R-20),0.0,2.18,0.0
Danville,,215340041,,P-1 (R-20),0.0,2.18,0.0
Danville,,215340042,,P-1 (R-20),0.0,2.18,0.0
Danville,,215340002,,P-1 (R-20),0.0,2.18,0.0
Danville,,215340047,,P-1 (R-20),0.0,2.18,0.0
Danville,,215340049,,P-1,0.0,35.0,0.79
Danville,,215340043,,P-1 (R-20),0.0,2.18,0.0
Danville,,215340044,,P-1 (R-20),0.0,2.18,0.0
Danville,,215340045,,P-1 (R-20),0.0,2.18,0.0
Danville,,215340046,,P-1 (R-20),0.0,2.18,0.0
Danville,,203172006,,P-1,0.0,35.0,1.1
Danville,,203171024,,P-1 (R-6),0.0,7.26,0.0
Danville,,203171042,,P-1 (R-6),0.0,7.26,0.0
Danville,,203171023,,P-1 (R-6),0.0,7.26,0.0
Danville,,203171021,,P-1 (R-6),0.0,7.26,0.0
Danville,,203171019,,P-1 (R-6),0.0,7.26,0.0
Danville,,203171017,,P-1 (R-6),0.0,7.26,0.0
Danville,,203172008,,P-1,0.0,35.0,1.17
Danville,,203183008,,P-1,0.0,35.0,0.403
Danville,,203183004,,P-1,0.0,35.0,0.0
Danville,,203183002,,P-1,0.0,35.0,0.0
Danville,,203172007,,P-1,0.0,35.0,1.05
Danville,,203171041,,P-1 (R-6),0.0,7.26,0.0
Danville,,203182022,,P-1 (R-6),0.0,7.26,0.0
Danville,,203182024,,P-1 (R-6),0.0,7.26,0.0
Danville,,203182025,,P-1 (R-6),0.0,7.26,0.0
Danville,,203182050,,P-1,0.0,35.0,0.0
Danville,,203182012,,P-1 (R-6),0.0,7.26,0.0
Danville,,203182013,,P-1 (R-6),0.0,7.26,0.0
Danville,,203182051,,P-1,0.0,35.0,0.0
Danville,,203182067,,P-1,0.0,35.0,0.0
Danville,,203182068,,P-1,0.0,35.0,0.0
Danville,,203182049,,P-1,0.0,35.0,0.0
Danville,,203183007,,P-1,0.0,35.0,0.0
Danville,,203183003,,P-1,0.0,35.0,0.0
Danville,,203183006,,P-1 (R-15),0.0,2.9,0.0
Danville,,203183009,,P-1,0.0,35.0,0.394
Danville,,203182062,,P-1,0.0,35.0,0.0
Danville,,203182065,,P-1,0.0,35.0,0.0
Danville,,203182066,,P-1,0.0,35.0,0.0
Danville,,203182052,,P-1,0.0,35.0,0.0
Danville,,203182011,,P-1 (R-6),0.0,7.26,0.0
Danville,,203182053,,P-1,0.0,35.0,0.0
Danville,,203182054,,P-1,0.0,35.0,0.0
Danville,,203182055,,P-1,0.0,35.0,0.0
Danville,,203182064,,P-1,0.0,35.0,0.0
Danville,,203182063,,P-1,0.0,35.0,0.0
Danville,,203182069,,P-1,0.0,35.0,0.411
Danville,,203182058,,P-1,0.0,35.0,0.0
Danville,,203182056,,P-1,0.0,35.0,0.0
Danville,,203191070,,P-1 (M-8),8.0,12.0,0.0
Danville,,203191039,,P-1 (M-8),8.0,12.0,0.0
Danville,,203191049,,P-1 (M-8),8.0,12.0,0.0
Danville,,203191038,,P-1 (M-8),8.0,12.0,0.0
Danville,,203182057,,P-1,0.0,35.0,0.0
Danville,,203191036,,P-1 (M-8),8.0,12.0,0.0
Danville,,203191037,,P-1 (M-8),8.0,12.0,0.0
Danville,,203182059,,P-1,0.0,35.0,0.0
Danville,,203182060,,P-1,0.0,35.0,0.0
Danville,,203191035,,P-1 (M-8),8.0,12.0,0.0
Danville,,203182061,,P-1,0.0,35.0,0.0
Danville,,203191034,,P-1 (M-8),8.0,12.0,0.0
Danville,,203191033,,P-1 (M-8),8.0,12.0,0.0
Danville,,215281048,,P-1 (R-6),0.0,7.26,0.0
Danville,,215281055,,P-1,0.0,35.0,3.012
Danville,,215410027,,P-1 (R-10),0.0,4.36,0.0
Danville,,215281046,,P-1 (R-6),0.0,7.26,0.0
Danville,,215281047,,P-1 (R-6),0.0,7.26,0.0
Danville,,215281044,,P-1 (R-6),0.0,7.26,0.0
Danville,,215281045,,P-1 (R-6),0.0,7.26,0.0
Danville,,215281043,,P-1 (R-6),0.0,7.26,0.0
Danville,,215410031,,P-1 (R-10),0.0,4.36,0.0
Danville,,215410030,,P-1 (R-10),0.0,4.36,0.0
Danville,,215410029,,P-1 (R-10),0.0,4.36,0.0
Danville,,215410041,,P-1 (R-10),0.0,4.36,0.44
Danville,,215410042,,P-1 (R-10),0.0,4.36,0.402
Danville,,215410043,,P-1 (R-10),0.0,4.36,0.356
Danville,,215410028,,P-1 (R-10),0.0,4.36,0.0
Danville,,215410026,,P-1 (R-10),0.0,4.36,0.0
Danville,,215410025,,P-1 (R-10),0.0,4.36,0.0
Danville,,215410045,,P-1 (R-10),0.0,4.36,0.246
Danville,,215410044,,P-1 (R-10),0.0,4.36,0.302
Danville,,215410040,,P-1 (R-10),0.0,4.36,0.577
Danville,,215410038,,P-1 (R-10),0.0,4.36,0.48
Danville,,215410039,,P-1 (R-10),0.0,4.36,0.4
Danville,,215410014,,P-1 (R-10),0.0,4.36,0.0
Danville,,215410017,,P-1 (R-10),0.0,4.36,0.0
Danville,,215410018,,P-1 (R-10),0.0,4.36,0.0
Danville,,215410032,,P-1 (R-10),0.0,4.36,0.0
Danville,,215410033,,P-1 (R-10),0.0,4.36,0.0
Danville,,215410009,,P-1 (R-10),0.0,4.36,0.0
Danville,,215410010,,P-1 (R-10),0.0,4.36,0.0
Danville,,215410011,,P-1 (R-10),0.0,4.36,0.0
Danville,,215410012,,P-1 (R-10),0.0,4.36,0.0
Danville,,215410013,,P-1 (R-10),0.0,4.36,0.0
Danville,,215410004,,P-1 (R-10),0.0,4.36,0.0
Danville,,215410005,,P-1 (R-10),0.0,4.36,0.0
Danville,,215410006,,P-1 (R-10),0.0,4.36,0.0
Danville,,215250089,,P-1 (R-6),0.0,7.26,0.0
Danville,,215250090,,P-1 (R-6),0.0,7.26,0.0
Danville,,215410007,,P-1 (R-10),0.0,4.36,0.0
Danville,,215410008,,P-1 (R-10),0.0,4.36,0.0
Danville,,215250092,,P-1 (R-6),0.0,7.26,0.0
Danville,,215250091,,P-1 (R-6),0.0,7.26,0.0
Danville,,215250001,,P-1 (R-6),0.0,7.26,0.0
Danville,,215250013,,P-1 (R-6),0.0,7.26,0.0
Danville,,215250002,,P-1 (R-6),0.0,7.26,0.0
Danville,,215250003,,P-1 (R-6),0.0,7.26,0.0
Danville,,215250004,,P-1 (R-6),0.0,7.26,0.0
Danville,,215281054,,P-1,0.0,35.0,1.14
Danville,,215100017,,P-1,0.0,35.0,4.82
Danville,,215410046,,P-1 (R-10),0.0,4.36,0.301
Danville,,215281037,,P-1 (R-6),0.0,7.26,0.0
Danville,,215281036,,P-1 (R-6),0.0,7.26,0.0
Danville,,215281035,,P-1 (R-6),0.0,7.26,0.0
Danville,,215281033,,P-1 (R-6),0.0,7.26,0.0
Danville,,215281034,,P-1 (R-6),0.0,7.26,0.0
Danville,,215282013,,P-1 (R-6),0.0,7.26,0.0
Danville,,215282014,,P-1 (R-6),0.0,7.26,0.0
Danville,,215281025,,P-1 (R-6),0.0,7.26,0.0
Danville,,215281026,,P-1 (R-6),0.0,7.26,0.0
Danville,,215281027,,P-1 (R-6),0.0,7.26,0.0
Danville,,215281031,,P-1 (R-6),0.0,7.26,0.0
Danville,,215281032,,P-1 (R-6),0.0,7.26,0.0
Danville,,215281030,,P-1 (R-6),0.0,7.26,0.0
Danville,,215281029,,P-1 (R-6),0.0,7.26,0.0
Danville,,215281028,,P-1 (R-6),0.0,7.26,0.0
Danville,,215281024,,P-1 (R-6),0.0,7.26,0.0
Danville,,217270030,,P-1 (R-6),0.0,7.26,0.0
Danville,,217270029,,P-1 (R-6),0.0,7.26,0.0
Danville,,217270071,,P-1 (R-6),0.0,7.26,0.0
Danville,,217270028,,P-1 (R-6),0.0,7.26,0.0
Danville,,215281023,,P-1 (R-6),0.0,7.26,0.0
Danville,,215281020,,P-1 (R-6),0.0,7.26,0.0
Danville,,215281021,,P-1 (R-6),0.0,7.26,0.0
Danville,,215281017,,P-1 (R-6),0.0,7.26,0.0
Danville,,215281018,,P-1 (R-6),0.0,7.26,0.0
Danville,,215281019,,P-1 (R-6),0.0,7.26,0.0
Danville,,215281010,,P-1 (R-6),0.0,7.26,0.0
Danville,,215281009,,P-1 (R-6),0.0,7.26,0.0
Danville,,215281005,,P-1 (R-6),0.0,7.26,0.0
Danville,,215281008,,P-1 (R-6),0.0,7.26,0.0
Danville,,215281007,,P-1 (R-6),0.0,7.26,0.0
Danville,,215282020,,P-1 (R-6),0.0,7.26,0.0
Danville,,215282019,,P-1 (R-6),0.0,7.26,0.0
Danville,,215282018,,P-1 (R-6),0.0,7.26,0.0
Danville,,215282017,,P-1 (R-6),0.0,7.26,0.0
Danville,,215281006,,P-1 (R-6),0.0,7.26,0.0
Danville,,215282016,,P-1 (R-6),0.0,7.26,0.0
Danville,,215281022,,P-1 (R-6),0.0,7.26,0.0
Danville,,215282015,,P-1 (R-6),0.0,7.26,0.0
Danville,,215282012,,P-1 (R-6),0.0,7.26,0.0
Danville,,215282011,,P-1 (R-6),0.0,7.26,0.0
Danville,,215282010,,P-1 (R-6),0.0,7.26,0.0
Danville,,215282008,,P-1 (R-6),0.0,7.26,0.0
Danville,,215282009,,P-1 (R-6),0.0,7.26,0.0
Danville,,215281039,,P-1 (R-6),0.0,7.26,0.0
Danville,,215281038,,P-1 (R-6),0.0,7.26,0.0
Danville,,215281040,,P-1 (R-6),0.0,7.26,0.0
Danville,,215281041,,P-1 (R-6),0.0,7.26,0.0
Danville,,215281042,,P-1 (R-6),0.0,7.26,0.0
Danville,,215282007,,P-1 (R-6),0.0,7.26,0.0
Danville,,215282006,,P-1 (R-6),0.0,7.26,0.0
Danville,,215282021,,P-1 (R-6),0.0,7.26,0.0
Danville,,215282005,,P-1 (R-6),0.0,7.26,0.0
Danville,,215282004,,P-1 (R-6),0.0,7.26,0.0
Danville,,215282002,,P-1 (R-6),0.0,7.26,0.0
Danville,,215282003,,P-1 (R-6),0.0,7.26,0.0
Danville,,215281004,,P-1 (R-6),0.0,7.26,0.0
Danville,,215281003,,P-1 (R-6),0.0,7.26,0.0
Danville,,215282001,,P-1 (R-6),0.0,7.26,0.0
Danville,,215281002,,P-1 (R-6),0.0,7.26,0.0
Danville,,215281001,,P-1 (R-6),0.0,7.26,0.0
Danville,,215281053,,P-1 (R-6),0.0,7.26,0.0
Danville,,203191027,,P-1 (M-8),8.0,12.0,0.0
Danville,,203191028,,P-1 (M-8),8.0,12.0,0.0
Danville,,215281052,,P-1 (R-6),0.0,7.26,0.0
Danville,,215281051,,P-1 (R-6),0.0,7.26,0.0
Danville,,215281050,,P-1 (R-6),0.0,7.26,0.0
Danville,,215281049,,P-1 (R-6),0.0,7.26,0.0
Danville,,203191031,,P-1 (M-8),8.0,12.0,0.0
Danville,,203191032,,P-1 (M-8),8.0,12.0,0.0
Danville,,203191030,,P-1 (M-8),8.0,12.0,0.0
Danville,,203191029,,P-1 (M-8),8.0,12.0,0.0
Danville,,203191026,,P-1 (M-8),8.0,12.0,0.0
Danville,,203191046,,P-1 (M-8),8.0,12.0,0.0
Danville,,203191045,,P-1 (M-8),8.0,12.0,0.0
Danville,,203191044,,P-1 (M-8),8.0,12.0,0.0
Danville,,203191043,,P-1 (M-8),8.0,12.0,0.0
Danville,,203191047,,P-1 (M-8),8.0,12.0,0.0
Danville,,203191042,,P-1 (M-8),8.0,12.0,0.0
Danville,,203191041,,P-1 (M-8),8.0,12.0,0.0
Danville,,203191040,,P-1 (M-8),8.0,12.0,0.0
Danville,,203191048,,P-1 (M-8),8.0,12.0,0.0
Danville,,203191001,,P-1 (M-8),8.0,12.0,0.0
Danville,,203191002,,P-1 (M-8),8.0,12.0,0.0
Danville,,203191023,,P-1 (M-8),8.0,12.0,0.0
Danville,,203191024,,P-1 (M-8),8.0,12.0,0.0
Danville,,203191025,,P-1 (M-8),8.0,12.0,0.0
Danville,,203191022,,P-1 (M-8),8.0,12.0,0.0
Danville,,203191021,,P-1 (M-8),8.0,12.0,0.0
Danville,,203200111,,P-1,0.0,35.0,0.0
Danville,,203200104,,P-1,0.0,35.0,0.0
Danville,,203200105,,P-1,0.0,35.0,0.0
Danville,,203200116,,P-1,0.0,35.0,0.0
Danville,,203200108,,P-1,0.0,35.0,0.0
Danville,,203200118,,P-1,0.0,35.0,0.0
Danville,,203200065,,P-1,0.0,35.0,2.499
Danville,,203200103,,P-1,0.0,35.0,0.0
Danville,,203200102,,P-1,0.0,35.0,0.0
Danville,,203200101,,P-1,0.0,35.0,0.0
Danville,,203200099,,P-1,0.0,35.0,0.0
Danville,,203200100,,P-1,0.0,35.0,0.0
Danville,,203200096,,P-1,0.0,35.0,0.0
Danville,,203200097,,P-1,0.0,35.0,0.0
Danville,,203200098,,P-1,0.0,35.0,0.0
Danville,,203200109,,P-1,0.0,35.0,0.0
Danville,,203200094,,P-1,0.0,35.0,0.0
Danville,,203200095,,P-1,0.0,35.0,0.0
Danville,,203200113,,P-1,0.0,35.0,0.0
Danville,,217270007,,P-1 (R-6),0.0,7.26,0.0
Danville,,215281013,,P-1 (R-6),0.0,7.26,0.0
Danville,,215281012,,P-1 (R-6),0.0,7.26,0.0
Danville,,215281011,,P-1 (R-6),0.0,7.26,0.0
Danville,,215281015,,P-1 (R-6),0.0,7.26,0.0
Danville,,215281016,,P-1 (R-6),0.0,7.26,0.0
Danville,,215281014,,P-1 (R-6),0.0,7.26,0.0
Danville,,217270008,,P-1 (R-6),0.0,7.26,0.0
Danville,,217270018,,P-1 (R-6),0.0,7.26,0.0
Danville,,217270019,,P-1 (R-6),0.0,7.26,0.0
Danville,,217270020,,P-1 (R-6),0.0,7.26,0.0
Danville,,217270066,,P-1 (R-6),0.0,7.26,0.0
Danville,,217270067,,P-1 (R-6),0.0,7.26,0.0
Danville,,217270068,,P-1 (R-6),0.0,7.26,0.0
Danville,,217270015,,P-1 (R-6),0.0,7.26,0.0
Danville,,217270014,,P-1 (R-6),0.0,7.26,0.0
Danville,,217270064,,P-1 (R-6),0.0,7.26,0.0
Danville,,217270016,,P-1 (R-6),0.0,7.26,0.0
Danville,,217270017,,P-1 (R-6),0.0,7.26,0.0
Danville,,217270063,,P-1 (R-6),0.0,7.26,0.0
Danville,,217270062,,P-1 (R-6),0.0,7.26,0.0
Danville,,217270003,,P-1 (R-6),0.0,7.26,0.0
Danville,,217270065,,P-1 (R-6),0.0,7.26,0.0
Danville,,217270013,,P-1 (R-6),0.0,7.26,0.0
Danville,,217270002,,P-1 (R-6),0.0,7.26,0.0
Danville,,217270001,,P-1 (R-6),0.0,7.26,0.0
Danville,,217330055,,P-1 (R-10),0.0,4.36,0.23
Danville,,206261002,,P-1,0.0,35.0,0.0
Danville,,206261084,,P-1,0.0,35.0,0.0
Danville,,217330054,,P-1 (R-10),0.0,4.36,0.28
Danville,,217270075,,P-1 (R-6),0.0,7.26,0.0
Danville,,217270074,,P-1 (R-6),0.0,7.26,0.0
Danville,,217270073,,P-1 (R-6),0.0,7.26,0.0
Danville,,217330058,,P-1 (R-10),0.0,4.36,0.0
Danville,,206262016,,P-1 (R-10),0.0,4.36,0.0
Danville,,206261009,,P-1,0.0,35.0,0.0
Danville,,206261007,,P-1,0.0,35.0,0.0
Danville,,206261008,,P-1,0.0,35.0,0.0
Danville,,206261005,,P-1,0.0,35.0,0.0
Danville,,206261004,,P-1,0.0,35.0,0.0
Danville,,206261003,,P-1,0.0,35.0,0.0
Danville,,206261006,,P-1,0.0,35.0,0.0
Danville,,206261073,,P-1,0.0,35.0,0.0
Danville,,206261075,,P-1,0.0,35.0,0.0
Danville,,206261011,,P-1,0.0,35.0,0.0
Danville,,206261010,,P-1,0.0,35.0,0.0
Danville,,206261012,,P-1,0.0,35.0,0.0
Danville,,206261013,,P-1,0.0,35.0,0.0
Danville,,206261072,,P-1,0.0,35.0,0.0
Danville,,206261071,,P-1,0.0,35.0,0.0
Danville,,206261081,,P-1,0.0,35.0,0.0
Danville,,206261055,,P-1,0.0,35.0,0.0
Danville,,206261056,,P-1,0.0,35.0,0.0
Danville,,206261057,,P-1,0.0,35.0,0.0
Danville,,206261058,,P-1,0.0,35.0,0.0
Danville,,206261059,,P-1,0.0,35.0,0.0
Danville,,206261061,,P-1,0.0,35.0,0.0
Danville,,206261060,,P-1,0.0,35.0,0.0
Danville,,206261062,,P-1,0.0,35.0,0.0
Danville,,206261082,,P-1,0.0,35.0,0.0
Danville,,206261052,,P-1,0.0,35.0,0.0
Danville,,206261050,,P-1,0.0,35.0,0.0
Danville,,206261049,,P-1,0.0,35.0,0.0
Danville,,206261051,,P-1,0.0,35.0,0.0
Danville,,206261053,,P-1,0.0,35.0,0.0
Danville,,206261054,,P-1,0.0,35.0,0.0
Danville,,206262017,,P-1 (R-10),0.0,4.36,0.0
Danville,,217330056,,P-1 (R-10),0.0,4.36,0.32
Danville,,206262018,,P-1 (R-10),0.0,4.36,0.0
Danville,,217330033,,P-1 (R-10),0.0,4.36,0.0
Danville,,206262019,,P-1 (R-10),0.0,4.36,0.0
Danville,,217330034,,P-1 (R-10),0.0,4.36,0.0
Danville,,217330059,,P-1 (R-10),0.0,4.36,0.0
Danville,,206261047,,P-1,0.0,35.0,0.0
Danville,,206261048,,P-1,0.0,35.0,0.0
Danville,,206261044,,P-1,0.0,35.0,0.0
Danville,,206261045,,P-1,0.0,35.0,0.0
Danville,,206261046,,P-1,0.0,35.0,0.0
Danville,,206261043,,P-1,0.0,35.0,0.0
Danville,,206262022,,P-1 (R-10),0.0,4.36,0.0
Danville,,217330060,,P-1 (R-10),0.0,4.36,0.0
Danville,,206262003,,P-1 (R-10),0.0,4.36,0.0
Danville,,206262004,,P-1 (R-10),0.0,4.36,0.0
Danville,,206262005,,P-1 (R-10),0.0,4.36,0.0
Danville,,217330038,,P-1 (R-10),0.0,4.36,0.0
Danville,,217330037,,P-1 (R-10),0.0,4.36,0.0
Danville,,217330026,,P-1 (R-10),0.0,4.36,0.0
Danville,,217330027,,P-1 (R-10),0.0,4.36,0.0
Danville,,217330028,,P-1 (R-10),0.0,4.36,0.0
Danville,,217330029,,P-1 (R-10),0.0,4.36,0.0
Danville,,217330030,,P-1 (R-10),0.0,4.36,0.0
Danville,,217330020,,P-1 (R-10),0.0,4.36,0.0
Danville,,217330021,,P-1 (R-10),0.0,4.36,0.0
Danville,,217330022,,P-1 (R-10),0.0,4.36,0.0
Danville,,217330014,,P-1 (R-10),0.0,4.36,0.0
Danville,,217330013,,P-1 (R-10),0.0,4.36,0.0
Danville,,217330015,,P-1 (R-10),0.0,4.36,0.0
Danville,,217330016,,P-1 (R-10),0.0,4.36,0.0
Danville,,217330052,,P-1 (R-10),0.0,4.36,0.0
Danville,,217330019,,P-1 (R-10),0.0,4.36,0.0
Danville,,217330050,,P-1 (R-10),0.0,4.36,0.0
Danville,,217270069,,P-1 (R-6),0.0,7.26,0.0
Danville,,217270070,,P-1 (R-6),0.0,7.26,0.0
Danville,,217270025,,P-1 (R-6),0.0,7.26,0.0
Danville,,217330051,,P-1,0.0,35.0,0.0
Danville,,217310023,,P-1,0.0,35.0,0.0
Danville,,217330046,,P-1 (R-10),0.0,4.36,0.0
Danville,,217330047,,P-1 (R-10),0.0,4.36,0.0
Danville,,217330044,,P-1 (R-10),0.0,4.36,0.0
Danville,,217330045,,P-1 (R-10),0.0,4.36,0.0
Danville,,217330048,,P-1 (R-10),0.0,4.36,0.0
Danville,,217330049,,P-1 (R-10),0.0,4.36,0.0
Danville,,217330009,,P-1 (R-10),0.0,4.36,0.0
Danville,,217330010,,P-1 (R-10),0.0,4.36,0.0
Danville,,217330011,,P-1 (R-10),0.0,4.36,0.0
Danville,,217330012,,P-1 (R-10),0.0,4.36,0.0
Danville,,217340004,,P-1 (R-10),0.0,4.36,0.0
Danville,,217340003,,P-1 (R-10),0.0,4.36,0.0
Danville,,217330042,,P-1 (R-10),0.0,4.36,0.0
Danville,,217340002,,P-1 (R-10),0.0,4.36,0.0
Danville,,217330043,,P-1 (R-10),0.0,4.36,0.0
Danville,,217310024,,P-1 (R-10),0.0,4.36,0.0
Danville,,217340001,,P-1 (R-10),0.0,4.36,0.0
Danville,,217310025,,P-1 (R-10),0.0,4.36,0.0
Danville,,217310016,,P-1 (R-10),0.0,4.36,0.0
Danville,,217310015,,P-1 (R-10),0.0,4.36,0.0
Danville,,217310017,,P-1 (R-10),0.0,4.36,0.0
Danville,,217310010,,P-1 (R-10),0.0,4.36,0.0
Danville,,217310018,,P-1 (R-10),0.0,4.36,0.0
Danville,,217310019,,P-1 (R-10),0.0,4.36,0.0
Danville,,217310020,,P-1 (R-10),0.0,4.36,0.0
Danville,,217310021,,P-1 (R-10),0.0,4.36,0.0
Danville,,217310009,,P-1 (R-10),0.0,4.36,0.0
Danville,,217310008,,P-1 (R-10),0.0,4.36,0.0
Danville,,217153013,,P-1,0.0,35.0,4.83
Danville,,217040024,,P-1,0.0,35.0,0.0
Danville,,217310001,,P-1 (R-10),0.0,4.36,0.0
Danville,,217310002,,P-1 (R-10),0.0,4.36,0.0
Danville,,217310003,,P-1 (R-10),0.0,4.36,0.0
Danville,,217310004,,P-1 (R-10),0.0,4.36,0.0
Danville,,217310005,,P-1 (R-10),0.0,4.36,0.0
Danville,,217310006,,P-1 (R-10),0.0,4.36,0.0
Danville,,217310007,,P-1 (R-10),0.0,4.36,0.0
Danville,,217270033,,P-1 (R-6),0.0,7.26,0.0
Danville,,217270032,,P-1 (R-6),0.0,7.26,0.0
Danville,,217270031,,P-1 (R-6),0.0,7.26,0.0
Danville,,217270037,,P-1 (R-6),0.0,7.26,0.0
Danville,,217270036,,P-1 (R-6),0.0,7.26,0.0
Danville,,217270035,,P-1 (R-6),0.0,7.26,0.0
Danville,,217270034,,P-1 (R-6),0.0,7.26,0.0
Danville,,217270041,,P-1 (R-6),0.0,7.26,0.0
Danville,,217270040,,P-1 (R-6),0.0,7.26,0.0
Danville,,217270044,,P-1 (R-6),0.0,7.26,0.0
Danville,,217270039,,P-1 (R-6),0.0,7.26,0.0
Danville,,217270038,,P-1 (R-6),0.0,7.26,0.0
Danville,,217270045,,P-1 (R-6),0.0,7.26,0.0
Danville,,217270046,,P-1 (R-6),0.0,7.26,0.0
Danville,,217270047,,P-1 (R-6),0.0,7.26,0.0
Danville,,217270043,,P-1 (R-6),0.0,7.26,0.0
Danville,,217270042,,P-1 (R-6),0.0,7.26,0.0
Danville,,217270053,,P-1 (R-6),0.0,7.26,0.0
Danville,,217270052,,P-1 (R-6),0.0,7.26,0.0
Danville,,217270051,,P-1 (R-6),0.0,7.26,0.0
Danville,,217270057,,P-1 (R-6),0.0,7.26,0.0
Danville,,217270056,,P-1 (R-6),0.0,7.26,0.0
Danville,,217270058,,P-1,0.0,35.0,0.0
Danville,,217270055,,P-1 (R-6),0.0,7.26,0.0
Danville,,215250007,,P-1 (R-6),0.0,7.26,0.0
Danville,,215250005,,P-1 (R-6),0.0,7.26,0.0
Danville,,215250006,,P-1 (R-6),0.0,7.26,0.0
Danville,,215250011,,P-1 (R-6),0.0,7.26,0.0
Danville,,215250012,,P-1 (R-6),0.0,7.26,0.0
Danville,,215250010,,P-1 (R-6),0.0,7.26,0.0
Danville,,215250009,,P-1 (R-6),0.0,7.26,0.0
Danville,,215250008,,P-1 (R-6),0.0,7.26,0.0
Danville,,215250021,,P-1 (R-6),0.0,7.26,0.0
Danville,,217181059,,P-1,0.0,35.0,3.527
Danville,,217181032,,P-1 (R-6),0.0,7.26,0.0
Danville,,217181033,,P-1 (R-6),0.0,7.26,0.0
Danville,,217181034,,P-1 (R-6),0.0,7.26,0.0
Danville,,217181035,,P-1 (R-6),0.0,7.26,0.0
Danville,,217181036,,P-1 (R-6),0.0,7.26,0.0
Danville,,217181049,,P-1 (R-6),0.0,7.26,0.0
Danville,,217181048,,P-1 (R-6),0.0,7.26,0.0
Danville,,217181037,,P-1 (R-6),0.0,7.26,0.0
Danville,,217181038,,P-1 (R-6),0.0,7.26,0.0
Danville,,217181039,,P-1 (R-6),0.0,7.26,0.0
Danville,,217181040,,P-1 (R-6),0.0,7.26,0.0
Danville,,217181041,,P-1 (R-6),0.0,7.26,0.0
Danville,,217181042,,P-1 (R-6),0.0,7.26,0.0
Danville,,217181043,,P-1 (R-6),0.0,7.26,0.0
Danville,,217181044,,P-1 (R-6),0.0,7.26,0.0
Danville,,217181045,,P-1 (R-6),0.0,7.26,0.0
Danville,,217181046,,P-1 (R-6),0.0,7.26,0.0
Danville,,217181047,,P-1 (R-6),0.0,7.26,0.0
Danville,,217181053,,P-1 (R-6),0.0,7.26,0.0
Danville,,217181054,,P-1 (R-6),0.0,7.26,0.0
Danville,,217182023,,P-1 (R-6),0.0,7.26,0.0
Danville,,217183001,,P-1 (R-6),0.0,7.26,0.0
Danville,,217181051,,P-1 (R-6),0.0,7.26,0.0
Danville,,217181052,,P-1 (R-6),0.0,7.26,0.0
Danville,,217181050,,P-1 (R-6),0.0,7.26,0.0
Danville,,217183002,,P-1 (R-6),0.0,7.26,0.0
Danville,,217183004,,P-1 (R-6),0.0,7.26,0.0
Danville,,217183003,,P-1 (R-6),0.0,7.26,0.0
Danville,,217183016,,P-1 (R-6),0.0,7.26,0.0
Danville,,217183017,,P-1 (R-6),0.0,7.26,0.0
Danville,,217183014,,P-1 (R-6),0.0,7.26,0.20097642199425775
Danville,,217183013,,P-1 (R-6),0.0,7.26,0.19822619154129967
Danville,,217182016,,P-1 (R-6),0.0,7.26,0.13123653350019715
Danville,,217182015,,P-1 (R-6),0.0,7.26,0.14073568630325625
Danville,,217182014,,P-1 (R-6),0.0,7.26,0.14826249027475186
Danville,,217182009,,P-1 (R-6),0.0,7.26,0.14498710809275536
Danville,,217182008,,P-1 (R-6),0.0,7.26,0.14097121712134716
Danville,,217182017,,P-1 (R-6),0.0,7.26,0.13921784660657072
Danville,,217182007,,P-1 (R-6),0.0,7.26,0.14321106388257437
Danville,,217182006,,P-1 (R-6),0.0,7.26,0.13959033051796235
Danville,,217182018,,P-1 (R-6),0.0,7.26,0.14306036381162315
Danville,,217182019,,P-1 (R-6),0.0,7.26,0.13569468554358435
Danville,,217182020,,P-1 (R-6),0.0,7.26,0.0
Danville,,217182021,,P-1 (R-6),0.0,7.26,0.0
Danville,,217182004,,P-1 (R-6),0.0,7.26,0.0
Danville,,217182003,,P-1 (R-6),0.0,7.26,0.0
Danville,,217182005,,P-1 (R-6),0.0,7.26,0.0
Danville,,217182002,,P-1 (R-6),0.0,7.26,0.0
Danville,,217182022,,P-1 (R-6),0.0,7.26,0.0
Danville,,217182001,,P-1 (R-6),0.0,7.26,0.0
Danville,,217181055,,P-1 (R-6),0.0,7.26,0.0
Danville,,217153006,,P-1 (R-10),0.0,4.36,0.0
Danville,,217153005,,P-1 (R-10),0.0,4.36,0.0
Danville,,217153004,,P-1 (R-10),0.0,4.36,0.0
Danville,,217153008,,P-1 (R-10),0.0,4.36,0.0
Danville,,217153009,,P-1 (R-10),0.0,4.36,0.0
Danville,,217153012,,P-1 (R-10),0.0,4.36,0.0
Danville,,217310011,,P-1 (R-10),0.0,4.36,0.0
Danville,,217310012,,P-1 (R-10),0.0,4.36,0.0
Danville,,217320038,,P-1 (R-10),0.0,4.36,0.0
Danville,,217320022,,P-1 (R-10),0.0,4.36,0.0
Danville,,217320042,,P-1 (R-10),0.0,4.36,14.15912053295657
Danville,,217320021,,P-1 (R-10),0.0,4.36,0.0
Danville,,217153003,,P-1 (R-10),0.0,4.36,0.0
Danville,,217172001,,P-1 (R-10),0.0,4.36,0.5125410250075565
Danville,,217152005,,P-1 (R-10),0.0,4.36,0.2885706139921097
Danville,,217152004,,P-1 (R-10),0.0,4.36,0.336641368388583
Danville,,217153002,,P-1 (R-10),0.0,4.36,0.34249900989146514
Danville,,217153011,,P-1 (R-10),0.0,4.36,0.5383823885029012
Danville,,217152003,,P-1 (R-10),0.0,4.36,0.27565463567890175
Danville,,217152002,,P-1 (R-10),0.0,4.36,0.28076124228364946
Danville,,217152001,,P-1 (R-10),0.0,4.36,0.49244961762357403
Danville,,217182010,,P-1 (R-6),0.0,7.26,0.14033696897747444
Danville,,217182012,,P-1 (R-6),0.0,7.26,0.15009465377573578
Danville,,217182011,,P-1 (R-6),0.0,7.26,0.14512520325956735
Danville,,217151003,,P-1 (R-10),0.0,4.36,0.38448100102074645
Danville,,217171009,,P-1 (R-10),0.0,4.36,0.33747970079707984
Danville,,217171016,,P-1 (R-10),0.0,4.36,0.3365502211166048
Danville,,217171015,,P-1 (R-10),0.0,4.36,0.3556796171247967
Danville,,217172002,,P-1 (R-10),0.0,4.36,0.46725243803150296
Danville,,217171014,,P-1 (R-10),0.0,4.36,0.39148827893155125
Danville,,217172011,,P-1 (R-10),0.0,4.36,0.39700026947233713
Danville,,217171013,,P-1 (R-10),0.0,4.36,0.4391739391519021
Danville,,217171010,,P-1 (R-10),0.0,4.36,0.3007009742010615
Danville,,217171011,,P-1 (R-10),0.0,4.36,0.278066569323939
Danville,,217171003,,P-1 (R-10),0.0,4.36,0.3033539869154939
Danville,,217171012,,P-1 (R-10),0.0,4.36,0.3069077716796269
Danville,,217172013,,P-1 (R-10),0.0,4.36,0.36593675085160565
Danville,,217172014,,P-1 (R-10),0.0,4.36,0.40136607779666783
Danville,,217172016,,P-1 (R-10),0.0,4.36,0.37885490894591956
Danville,,217172015,,P-1 (R-10),0.0,4.36,0.4673576971051476
Danville,,217172031,,P-1 (R-10),0.0,4.36,0.4653919956406466
Danville,,217171001,,P-1 (R-10),0.0,4.36,0.4342537911497613
Danville,,217171002,,P-1 (R-10),0.0,4.36,0.41222765465668726
Danville,,217171004,,P-1 (R-10),0.0,4.36,0.2757459592744668
Danville,,217171005,,P-1 (R-10),0.0,4.36,0.2770391988222204
Danville,,217171006,,P-1 (R-10),0.0,4.36,0.27428593336053525
Danville,,217171007,,P-1 (R-10),0.0,4.36,0.281035265363658
Danville,,217162003,,P-1 (R-10),0.0,4.36,0.3958678242223744
Danville,,217162002,,P-1 (R-10),0.0,4.36,0.43240072902879595
Danville,,217142001,,P-1 (R-10),0.0,4.36,0.358753583101701
Danville,,217162001,,P-1 (R-10),0.0,4.36,0.35102188547861307
Danville,,217142002,,P-1 (R-10),0.0,4.36,0.32446363696114194
Danville,,217142003,,P-1 (R-10),0.0,4.36,0.3294773732176304
Danville,,217142006,,P-1 (R-10),0.0,4.36,0.320203987551699
Danville,,217040049,,P-1,0.0,35.0,7.51
Danville,,217171008,,P-1 (R-10),0.0,4.36,0.33467288912674653
Danville,,217142007,,P-1 (R-10),0.0,4.36,0.3315478643861639
Danville,,217142008,,P-1 (R-10),0.0,4.36,0.32518071942856963
Danville,,217151001,,P-1 (R-10),0.0,4.36,0.31754075413641336
Danville,,217181014,,P-1 (R-6),0.0,7.26,0.1423840455731803
Danville,,217181015,,P-1 (R-6),0.0,7.26,0.13754156388460168
Danville,,217181016,,P-1 (R-6),0.0,7.26,0.13482406967944321
Danville,,217181013,,P-1 (R-6),0.0,7.26,0.14697003307241832
Danville,,217181012,,P-1 (R-6),0.0,7.26,0.13104422293777995
Danville,,217181011,,P-1 (R-6),0.0,7.26,0.132131036184151
Danville,,217181010,,P-1 (R-6),0.0,7.26,0.13071069910731153
Danville,,217181002,,P-1 (R-6),0.0,7.26,0.15049798321143287
Danville,,217181001,,P-1 (R-6),0.0,7.26,0.1530943250456001
Danville,,217141001,,P-1 (R-10),0.0,4.36,0.3273908569842461
Danville,,217141002,,P-1 (R-10),0.0,4.36,0.41823375392618906
Danville,,217181003,,P-1 (R-6),0.0,7.26,0.15140034827701765
Danville,,217181004,,P-1 (R-6),0.0,7.26,0.15263488894077973
Danville,,217141003,,P-1 (R-10),0.0,4.36,0.4252279132584708
Danville,,217141004,,P-1 (R-10),0.0,4.36,0.2990982115999787
Danville,,217142005,,P-1 (R-10),0.0,4.36,0.31388709554236915
Danville,,217142004,,P-1 (R-10),0.0,4.36,0.300035400547747
Danville,,217141009,,P-1 (R-10),0.0,4.36,0.3662580142574438
Danville,,217141005,,P-1 (R-10),0.0,4.36,0.3067783376220355
Danville,,217141006,,P-1 (R-10),0.0,4.36,0.29664331667579746
Danville,,217141033,,P-1 (R-10),0.0,4.36,0.3706025133346781
Danville,,217141007,,P-1 (R-10),0.0,4.36,0.2810791289792185
Danville,,217141008,,P-1 (R-10),0.0,4.36,0.27921272180164325
Danville,,217141012,,P-1 (R-10),0.0,4.36,0.276385077580276
Danville,,217141015,,P-1 (R-10),0.0,4.36,0.2785422255133836
Danville,,217141011,,P-1 (R-10),0.0,4.36,0.36938869578015215
Danville,,217141010,,P-1 (R-10),0.0,4.36,0.29151037103042865
Danville,,217141016,,P-1 (R-10),0.0,4.36,0.34892510583609837
Danville,,217141017,,P-1 (R-10),0.0,4.36,0.3369963669257643
Danville,,217181005,,P-1 (R-6),0.0,7.26,0.16449517081802176
Danville,,217181006,,P-1 (R-6),0.0,7.26,0.15230719816352684
Danville,,217181007,,P-1 (R-6),0.0,7.26,0.1385553937379864
Danville,,217181009,,P-1 (R-6),0.0,7.26,0.13871196717065526
Danville,,217181008,,P-1 (R-6),0.0,7.26,0.1387476851532252
Danville,,217181019,,P-1 (R-6),0.0,7.26,0.12557043872427814
Danville,,217181018,,P-1 (R-6),0.0,7.26,0.13345210586617987
Danville,,217181017,,P-1 (R-6),0.0,7.26,0.1431496354188392
Danville,,217182013,,P-1 (R-6),0.0,7.26,0.16111779449210586
Danville,,217183011,,P-1 (R-6),0.0,7.26,0.14801676104896003
Danville,,217183012,,P-1 (R-6),0.0,7.26,0.1481458120705827
Danville,,217183010,,P-1 (R-6),0.0,7.26,0.14411411623581064
Danville,,217183009,,P-1 (R-6),0.0,7.26,0.14051553030424221
Danville,,217181020,,P-1 (R-6),0.0,7.26,0.12474652076877589
Danville,,217181021,,P-1 (R-6),0.0,7.26,0.12764735632773166
Danville,,217181022,,P-1 (R-6),0.0,7.26,0.1268270381278679
Danville,,217181024,,P-1 (R-6),0.0,7.26,0.1292561778030072
Danville,,217181023,,P-1 (R-6),0.0,7.26,0.12984678026421898
Danville,,217181025,,P-1 (R-6),0.0,7.26,0.15581423982249498
Danville,,217183007,,P-1 (R-6),0.0,7.26,0.15389759935206587
Danville,,217183008,,P-1 (R-6),0.0,7.26,0.14467300682421444
Danville,,217183015,,P-1 (R-6),0.0,7.26,0.2179626605583491
Danville,,217183005,,P-1 (R-6),0.0,7.26,0.1620051967919912
Danville,,217183006,,P-1 (R-6),0.0,7.26,0.15487341800459548
Danville,,217181031,,P-1 (R-6),0.0,7.26,0.0
Danville,,217181030,,P-1 (R-6),0.0,7.26,0.0
Danville,,217181029,,P-1 (R-6),0.0,7.26,0.13775510740798302
Danville,,217181028,,P-1 (R-6),0.0,7.26,0.15585373921733248
Danville,,217181057,,P-1 (R-6),0.0,7.26,0.22961956121583077
Danville,,217181058,,P-1 (R-6),0.0,7.26,0.16566965924218363
Danville,,215250035,,P-1 (R-6),0.0,7.26,0.0
Danville,,215250034,,P-1 (R-6),0.0,7.26,0.0
Danville,,215250024,,P-1 (R-6),0.0,7.26,0.0
Danville,,215250023,,P-1 (R-6),0.0,7.26,0.0
Danville,,215250022,,P-1 (R-6),0.0,7.26,0.0
Danville,,215250020,,P-1 (R-6),0.0,7.26,0.0
Danville,,215250019,,P-1 (R-6),0.0,7.26,0.0
Danville,,215250018,,P-1 (R-6),0.0,7.26,0.0
Danville,,215250017,,P-1 (R-6),0.0,7.26,0.0
Danville,,215250016,,P-1 (R-6),0.0,7.26,0.0
Danville,,215250027,,P-1 (R-6),0.0,7.26,0.0
Danville,,215250028,,P-1 (R-6),0.0,7.26,0.0
Danville,,215250026,,P-1 (R-6),0.0,7.26,0.0
Danville,,215250025,,P-1 (R-6),0.0,7.26,0.0
Danville,,215250032,,P-1 (R-6),0.0,7.26,0.0
Danville,,215250033,,P-1 (R-6),0.0,7.26,0.0
Danville,,215250031,,P-1 (R-6),0.0,7.26,0.0
Danville,,215250030,,P-1 (R-6),0.0,7.26,0.0
Danville,,215250029,,P-1 (R-6),0.0,7.26,0.0
Danville,,215250042,,P-1 (R-6),0.0,7.26,0.0
Danville,,215250066,,P-1 (R-6),0.0,7.26,0.0
Danville,,215250065,,P-1 (R-6),0.0,7.26,0.0
Danville,,215250044,,P-1 (R-6),0.0,7.26,0.14126767037300783
Danville,,215250045,,P-1 (R-6),0.0,7.26,0.15723546703578647
Danville,,215250046,,P-1 (R-6),0.0,7.26,0.1572485056095107
Danville,,215250041,,P-1 (R-6),0.0,7.26,0.0
Danville,,215250040,,P-1 (R-6),0.0,7.26,0.0
Danville,,215250039,,P-1 (R-6),0.0,7.26,0.0
Danville,,215250038,,P-1 (R-6),0.0,7.26,0.16927259846335124
Danville,,215250037,,P-1 (R-6),0.0,7.26,0.15629892248483818
Danville,,215250036,,P-1 (R-6),0.0,7.26,0.13745864663018686
Danville,,215250049,,P-1 (R-6),0.0,7.26,0.15973112861550665
Danville,,215250048,,P-1 (R-6),0.0,7.26,0.1572593211207223
Danville,,215250047,,P-1 (R-6),0.0,7.26,0.15725082334403181
Danville,,215250093,,P-1,0.0,35.0,1.631248368088069
Danville,,215250050,,P-1 (R-6),0.0,7.26,0.14546234599264804
Danville,,215250051,,P-1 (R-6),0.0,7.26,0.13952719254407844
Danville,,215250052,,P-1 (R-6),0.0,7.26,0.15292593775698002
Danville,,215250053,,P-1 (R-6),0.0,7.26,0.13900853856393774
Danville,,215250054,,P-1 (R-6),0.0,7.26,0.14165148523275586
Danville,,215270013,,P-1 (R-10),0.0,4.36,0.2855328296714615
Danville,,215270012,,P-1 (R-10),0.0,4.36,0.33187798786476125
Danville,,215250056,,P-1 (R-6),0.0,7.26,0.13357995270463044
Danville,,215250055,,P-1 (R-6),0.0,7.26,0.13627951562121915
Danville,,215250043,,P-1 (R-6),0.0,7.26,0.19199809021992945
Danville,,215250057,,P-1 (R-6),0.0,7.26,0.1580722039264239
Danville,,215250058,,P-1 (R-6),0.0,7.26,0.17568705303290466
Danville,,215250059,,P-1 (R-6),0.0,7.26,0.17941349370501503
Danville,,215250060,,P-1 (R-6),0.0,7.26,0.13936941332999137
Danville,,215270011,,P-1 (R-10),0.0,4.36,0.31477899107443336
Danville,,215260045,,P-1 (R-10),0.0,4.36,0.314010951855887
Danville,,215270010,,P-1 (R-10),0.0,4.36,0.4185507219410319
Danville,,215270015,,P-1 (R-10),0.0,4.36,0.31305973038882934
Danville,,215270009,,P-1 (R-10),0.0,4.36,0.4132237308708861
Danville,,215270008,,P-1 (R-10),0.0,4.36,0.3936242432392144
Danville,,215270007,,P-1 (R-10),0.0,4.36,0.31738741576866103
Danville,,215270017,,P-1 (R-10),0.0,4.36,0.3741410906104018
Danville,,215270016,,P-1 (R-10),0.0,4.36,0.36090486912893327
Danville,,215270014,,P-1 (R-10),0.0,4.36,0.42769248313949615
Danville,,217040021,,P-1,0.0,35.0,17.06
Danville,,215270018,,P-1 (R-10),0.0,4.36,0.3126351780957857
Danville,,215270019,,P-1 (R-10),0.0,4.36,0.33543838429607925
Danville,,217030009,,P-1 (A-2),0.0,0.05,1.146
Danville,,217030044,,P-1 (A-2),0.0,0.05,0.2719984432171776
Danville,,217030045,,P-1 (A-2),0.0,0.05,0.21946740570241918
Danville,,217030051,,P-1 (A-2),0.0,0.05,0.116
Danville,,215270020,,P-1 (R-10),0.0,4.36,0.3193062069168521
Danville,,215270021,,P-1 (R-10),0.0,4.36,0.28637779672332475
Danville,,215270022,,P-1 (R-10),0.0,4.36,0.28292869298269885
Danville,,215270023,,P-1 (R-10),0.0,4.36,0.2910258323316023
Danville,,215270024,,P-1 (R-10),0.0,4.36,0.32763688123263357
Danville,,215260027,,P-1 (R-10),0.0,4.36,0.382361505938671
Danville,,215270001,,P-1 (R-10),0.0,4.36,0.3775388407666123
Danville,,215270002,,P-1 (R-10),0.0,4.36,0.38872192787622417
Danville,,215270003,,P-1 (R-10),0.0,4.36,0.411666431633007
Danville,,215260032,,P-1 (R-10),0.0,4.36,0.3627069648252818
Danville,,215260031,,P-1 (R-10),0.0,4.36,0.4440791581444974
Danville,,215260030,,P-1 (R-10),0.0,4.36,0.3218187863540048
Danville,,215260028,,P-1 (R-10),0.0,4.36,0.5281241514957743
Danville,,215270004,,P-1 (R-10),0.0,4.36,0.3853639266031174
Danville,,215270005,,P-1 (R-10),0.0,4.36,0.35288453800350456
Danville,,215270006,,P-1 (R-10),0.0,4.36,0.37624470721389647
Danville,,215260029,,P-1 (R-10),0.0,4.36,0.29649956911885045
Danville,,215260046,,P-1 (R-10),0.0,4.36,0.33247753533888175
Danville,,215260047,,P-1 (R-10),0.0,4.36,0.2987801023190417
Danville,,215260043,,P-1 (R-10),0.0,4.36,0.2313081783420352
Danville,,215260044,,P-1 (R-10),0.0,4.36,0.30401079365010514
Danville,,215260040,,P-1 (R-10),0.0,4.36,0.4276684806798857
Danville,,215260039,,P-1 (R-10),0.0,4.36,0.4297309525625811
Danville,,215260038,,P-1 (R-10),0.0,4.36,0.44000251938697676
Danville,,215260018,,P-1 (R-10),0.0,4.36,0.2656812152435915
Danville,,215260019,,P-1 (R-10),0.0,4.36,0.26541798769836633
Danville,,215260020,,P-1 (R-10),0.0,4.36,0.2612583631079785
Danville,,215260021,,P-1 (R-10),0.0,4.36,0.27466631099561545
Danville,,215260022,,P-1 (R-10),0.0,4.36,0.29046957076462143
Danville,,215260035,,P-1 (R-10),0.0,4.36,0.47916079421448415
Danville,,215260036,,P-1 (R-10),0.0,4.36,0.480412139263888
Danville,,215260037,,P-1 (R-10),0.0,4.36,0.44560936548610086
Danville,,215260034,,P-1 (R-10),0.0,4.36,0.31218939495374187
Danville,,215260023,,P-1 (R-10),0.0,4.36,0.32419179774638746
Danville,,215260024,,P-1 (R-10),0.0,4.36,0.3661455512168875
Danville,,215260033,,P-1 (R-10),0.0,4.36,0.24316247752068637
Danville,,215260025,,P-1 (R-10),0.0,4.36,0.3728568785586729
Danville,,215260026,,P-1 (R-10),0.0,4.36,0.3828620887015546
Danville,,215260004,,P-1 (R-10),0.0,4.36,0.2819235324453154
Danville,,215260006,,P-1 (R-10),0.0,4.36,0.25995992122107814
Danville,,215260005,,P-1 (R-10),0.0,4.36,0.2634983675087055
Danville,,215260007,,P-1 (R-10),0.0,4.36,0.2599313189132836
Danville,,215260008,,P-1 (R-10),0.0,4.36,0.265976319688562
Danville,,215330014,,P-1 (R-15),0.0,2.9,0.41469493426417275
Danville,,215330015,,P-1 (R-15),0.0,2.9,0.3562338659628073
Danville,,215330016,,P-1 (R-15),0.0,2.9,0.3326741569547399
Danville,,215260003,,P-1 (R-10),0.0,4.36,0.29844720940845376
Danville,,215260002,,P-1 (R-10),0.0,4.36,0.28394772470366747
Danville,,215260001,,P-1 (R-10),0.0,4.36,0.3004747196435735
Danville,,215330002,,P-1 (R-15),0.0,2.9,0.7353193784486259
Danville,,215330001,,P-1 (R-15),0.0,2.9,0.4895825339528534
Danville,,215330017,,P-1 (R-15),0.0,2.9,0.4938107196670385
Danville,,215330011,,P-1 (R-15),0.0,2.9,0.41948506157826854
Danville,,215330010,,P-1 (R-15),0.0,2.9,0.4736471530931489
Danville,,215330009,,P-1 (R-15),0.0,2.9,0.49505766438352145
Danville,,215330008,,P-1 (R-15),0.0,2.9,0.4632348686071531
Danville,,215330006,,P-1 (R-15),0.0,2.9,0.4057555999631227
Danville,,215330007,,P-1 (R-15),0.0,2.9,0.47463979943646717
Danville,,215330019,,P-1 (R-15),0.0,2.9,0.4113686144084471
Danville,,215330005,,P-1 (R-15),0.0,2.9,0.34049417290144707
Danville,,215330003,,P-1 (R-15),0.0,2.9,0.4068726478396202
Danville,,215330004,,P-1 (R-15),0.0,2.9,0.3688808731976252
Danville,,217030016,,P-1 (R-20),0.0,2.18,0.298
Danville,,217030034,,P-1 (R-20),0.0,2.18,0.276
Danville,,215330020,,P-1 (R-15),0.0,2.9,0.05023049843421777
Danville,,215270030,,P-1 (R-10),0.0,4.36,3.925675178541844
Danville,,215270029,,P-1 (R-10),0.0,4.36,0.28847031486337027
Danville,,215270028,,P-1 (R-10),0.0,4.36,0.3066140350506604
Danville,,215270027,,P-1 (R-10),0.0,4.36,0.3723188811730495
Danville,,215270025,,P-1 (R-10),0.0,4.36,0.2514250270837924
Danville,,215270026,,P-1 (R-10),0.0,4.36,0.3041101323112019
Danville,,217030035,,P-1 (R-20),0.0,2.18,0.226
Danville,,217030027,,P-1 (R-20),0.0,2.18,0.241
Danville,,217030042,,P-1 (A-2),0.0,0.05,0.21182716131382073
Danville,,217030041,,P-1 (A-2),0.0,0.05,0.21781430717351968
Danville,,217030052,,P-1 (A-2),0.0,0.05,0.031461242284571006
Danville,,217030043,,P-1 (A-2),0.0,0.05,0.2421570827437176
Danville,,217030047,,P-1 (A-2),0.0,0.05,0.27263248798615003
Danville,,217030046,,P-1 (A-2),0.0,0.05,0.21986734747269873
Danville,,217030049,,P-1 (A-2),0.0,0.05,0.19463619924723147
Danville,,217030050,,P-1 (R-20),0.0,2.18,0.241
Danville,,217030037,,P-1 (R-20),0.0,2.18,0.56
Danville,,217030022,,P-1 (R-20),0.0,2.18,0.359
Danville,,217030025,,P-1 (R-20),0.0,2.18,0.241
Danville,,217030026,,P-1 (R-20),0.0,2.18,0.241
Danville,,217030023,,P-1 (R-20),0.0,2.18,0.316
Danville,,217480007,,P-1 (R-20),0.0,2.18,0.2835354181311496
Danville,,217480008,,P-1 (R-20),0.0,2.18,0.26000966662411973
Danville,,217480005,,P-1 (R-20),0.0,2.18,0.36042931661315136
Danville,,217480006,,P-1 (R-20),0.0,2.18,0.3089681182721783
Danville,,217030036,,P-1 (R-20),0.0,2.18,0.576
Danville,,217190156,,P-1,0.0,35.0,0.1391507506514669
Danville,,217190157,,P-1,0.0,35.0,0.07956223851746776
Danville,,217190158,,P-1,0.0,35.0,0.10321768722261486
Danville,,217190159,,P-1,0.0,35.0,0.08008531283818071
Danville,,217030020,,P-1 (R-20),0.0,2.18,0.339
Danville,,217190163,,P-1,0.0,35.0,0.12072468617398462
Danville,,217190162,,P-1,0.0,35.0,0.08924290591167292
Danville,,217190161,,P-1,0.0,35.0,0.08832548627534749
Danville,,217190160,,P-1,0.0,35.0,0.11589590624860419
Danville,,217190129,,P-1,0.0,35.0,0.07744394984474132
Danville,,217190130,,P-1,0.0,35.0,0.10691735326165183
Danville,,217190131,,P-1,0.0,35.0,0.08302567892391742
Danville,,217190166,,P-1,0.0,35.0,0.11062485565558035
Danville,,217190167,,P-1,0.0,35.0,0.07819764456239875
Danville,,217190165,,P-1,0.0,35.0,0.08399463426706703
Danville,,217190164,,P-1,0.0,35.0,0.08643367555039486
Danville,,217030019,,P-1 (R-20),0.0,2.18,0.265
Danville,,217030018,,P-1 (R-20),0.0,2.18,0.323
Danville,,217030024,,P-1 (R-20),0.0,2.18,0.254
Danville,,217030017,,P-1 (R-20),0.0,2.18,0.294
Danville,,217190170,,P-1,0.0,35.0,0.08689723664656537
Danville,,217190171,,P-1,0.0,35.0,0.07721523720517341
Danville,,217190172,,P-1,0.0,35.0,0.07481818672863835
Danville,,217190173,,P-1,0.0,35.0,0.1063066762643056
Danville,,217190169,,P-1,0.0,35.0,0.08806933677450479
Danville,,217190168,,P-1,0.0,35.0,0.08018200642339271
Danville,,217190134,,P-1,0.0,35.0,0.07748024401072459
Danville,,217190133,,P-1,0.0,35.0,0.08776219184392291
Danville,,217190132,,P-1,0.0,35.0,0.08545821197713571
Danville,,217190154,,P-1,0.0,35.0,0.07768411214756989
Danville,,217190135,,P-1,0.0,35.0,0.13624390853091284
Danville,,217190153,,P-1,0.0,35.0,0.0742382865182109
Danville,,217190155,,P-1,0.0,35.0,0.11050170338802891
Danville,,217190152,,P-1,0.0,35.0,0.07585377845596085
Danville,,217190150,,P-1,0.0,35.0,0.08870796844352902
Danville,,217190151,,P-1,0.0,35.0,0.1365022354573729
Danville,,217190146,,P-1,0.0,35.0,0.08013750934878631
Danville,,217190147,,P-1,0.0,35.0,0.08140646790992553
Danville,,217190148,,P-1,0.0,35.0,0.08266600281175807
Danville,,217190149,,P-1,0.0,35.0,0.08516099036185447
Danville,,217190174,,P-1,0.0,35.0,2.2763194519197096
Danville,,217190099,,P-1,0.0,35.0,0.10966099360177962
Danville,,217190100,,P-1,0.0,35.0,0.10081475121862411
Danville,,217190143,,P-1,0.0,35.0,0.07652585239621368
Danville,,217190144,,P-1,0.0,35.0,0.08594855088502185
Danville,,217190136,,P-1,0.0,35.0,0.08656859724432087
Danville,,217190137,,P-1,0.0,35.0,0.08403739102323945
Danville,,217190138,,P-1,0.0,35.0,0.10810936559206859
Danville,,217190140,,P-1,0.0,35.0,0.12166022185326282
Danville,,217190141,,P-1,0.0,35.0,0.08292089428766947
Danville,,217190142,,P-1,0.0,35.0,0.08027565212462696
Danville,,217190101,,P-1,0.0,35.0,0.10086276124620394
Danville,,217190102,,P-1,0.0,35.0,0.07895635259076514
Danville,,217190103,,P-1,0.0,35.0,0.09668057462496712
Danville,,217190105,,P-1,0.0,35.0,0.08360292789202381
Danville,,217190104,,P-1,0.0,35.0,0.09309313521140727
Danville,,217190107,,P-1,0.0,35.0,0.07965187744372329
Danville,,217190108,,P-1,0.0,35.0,0.10503916917250271
Danville,,217190106,,P-1,0.0,35.0,0.08137671572907842
Danville,,217190117,,P-1,0.0,35.0,0.08408669251795474
Danville,,217190116,,P-1,0.0,35.0,0.08145594571670246
Danville,,217190115,,P-1,0.0,35.0,0.0788305309072127
Danville,,217190113,,P-1,0.0,35.0,0.0838266564085481
Danville,,217190114,,P-1,0.0,35.0,0.07660375227659694
Danville,,217190119,,P-1,0.0,35.0,0.11137465019091863
Danville,,217190120,,P-1,0.0,35.0,0.08220887830766567
Danville,,217190128,,P-1,0.0,35.0,0.0885199902730691
Danville,,217190118,,P-1,0.0,35.0,0.11771450712834215
Danville,,217190127,,P-1,0.0,35.0,0.10375341602125752
Danville,,217190139,,P-1,0.0,35.0,0.07824650233341994
Danville,,217190126,,P-1,0.0,35.0,0.10571066819295018
Danville,,217190125,,P-1,0.0,35.0,0.09087404018698651
Danville,,217190124,,P-1,0.0,35.0,0.07439734986840925
Danville,,217190123,,P-1,0.0,35.0,0.07641891262272167
Danville,,217190121,,P-1,0.0,35.0,0.07890182621691838
Danville,,217190122,,P-1,0.0,35.0,0.07680116739054564
Danville,,217190112,,P-1,0.0,35.0,0.13815433537468183
Danville,,217190109,,P-1,0.0,35.0,0.09498729703458221
Danville,,217020005,,P-1,0.0,35.0,109.70538058948904
Danville,,217040038,,P-1,0.0,35.0,10.447944281936582
Danville,,217161005,,P-1 (R-10),0.0,4.36,0.37181907788196317
Danville,,217161004,,P-1 (R-10),0.0,4.36,0.28012195596317135
Danville,,217161025,,P-1 (R-10),0.0,4.36,0.4565748238647807
Danville,,217141025,,P-1 (R-10),0.0,4.36,0.42545701272090375
Danville,,217480009,,P-1 (R-20),0.0,2.18,0.97
Danville,,217480002,,P-1 (R-20),0.0,2.18,0.8192865095186294
Danville,,217030013,,P-1 (R-15),0.0,2.9,0.72
Danville,,217480004,,P-1 (R-20),0.0,2.18,0.4203130083145802
Danville,,217480003,,P-1 (R-20),0.0,2.18,0.5996491408820976
Danville,,217141022,,P-1 (R-10),0.0,4.36,0.2754960151065923
Danville,,217141023,,P-1 (R-10),0.0,4.36,0.4488157634255882
Danville,,217141021,,P-1 (R-10),0.0,4.36,0.32075886672879733
Danville,,217030012,,P-1 (R-15),0.0,2.9,0.642
Danville,,217040035,,P-1,0.0,35.0,8.94
Danville,,217030048,,P-1 (A-2),0.0,0.05,0.2760666592012232
Danville,,217030039,,P-1 (A-2),0.0,0.05,0.407
Danville,,217030040,,P-1 (A-2),0.0,0.05,0.437
Danville,,217141020,,P-1 (R-10),0.0,4.36,0.39909929348458506
Danville,,217141018,,P-1 (R-10),0.0,4.36,0.27366618017899413
Danville,,217141014,,P-1 (R-10),0.0,4.36,0.296072226522687
Danville,,217141019,,P-1 (R-10),0.0,4.36,0.2761340859186464
Danville,,217141024,,P-1 (R-10),0.0,4.36,0.2808899950346434
Danville,,217141028,,P-1 (R-10),0.0,4.36,0.2972396974255706
Danville,,217141030,,P-1 (R-10),0.0,4.36,0.333883590607465
Danville,,217141029,,P-1 (R-10),0.0,4.36,0.2967881554454841
Danville,,217141013,,P-1 (R-10),0.0,4.36,0.2786648125741125
Danville,,217141031,,P-1 (R-10),0.0,4.36,0.37355411595691385
Danville,,217141032,,P-1 (R-10),0.0,4.36,0.3708875109365624
Danville,,217161030,,P-1 (R-10),0.0,4.36,0.4717703284143812
Danville,,217141027,,P-1 (R-10),0.0,4.36,0.5125249328879802
Danville,,217141026,,P-1 (R-10),0.0,4.36,0.6836771556197561
Danville,,217161026,,P-1 (R-10),0.0,4.36,0.3002372446689542
Danville,,217161027,,P-1 (R-10),0.0,4.36,0.4021528723226718
Danville,,217161028,,P-1 (R-10),0.0,4.36,0.37472311470841657
Danville,,217161029,,P-1 (R-10),0.0,4.36,0.29876648060897554
Danville,,217161015,,P-1 (R-10),0.0,4.36,0.30089034909299034
Danville,,217161032,,P-1 (R-10),0.0,4.36,0.3091643848774257
Danville,,217161033,,P-1 (R-10),0.0,4.36,0.3160335803729602
Danville,,217161031,,P-1 (R-10),0.0,4.36,0.3187597191221306
Danville,,217161017,,P-1 (R-10),0.0,4.36,0.29406799049127796
Danville,,217161016,,P-1 (R-10),0.0,4.36,0.305075482626336
Danville,,217161013,,P-1 (R-10),0.0,4.36,0.29900450327936856
Danville,,217161014,,P-1 (R-10),0.0,4.36,0.3020322327646882
Danville,,217161018,,P-1 (R-10),0.0,4.36,0.32284726101959127
Danville,,217163014,,P-1 (R-10),0.0,4.36,0.3633792503076165
Danville,,217163013,,P-1 (R-10),0.0,4.36,0.3906103137985375
Danville,,217163004,,P-1 (R-10),0.0,4.36,0.27732317817426194
Danville,,217163012,,P-1 (R-10),0.0,4.36,0.2936075042282367
Danville,,217161021,,P-1 (R-10),0.0,4.36,0.2876562252558341
Danville,,217161020,,P-1 (R-10),0.0,4.36,0.3387656350401282
Danville,,217161019,,P-1 (R-10),0.0,4.36,0.3004211114942334
Danville,,217161012,,P-1 (R-10),0.0,4.36,0.3319924577070714
Danville,,217161024,,P-1 (R-10),0.0,4.36,0.2828576165911529
Danville,,217161023,,P-1 (R-10),0.0,4.36,0.3045880755971266
Danville,,217161022,,P-1 (R-10),0.0,4.36,0.29454628556716156
Danville,,217163003,,P-1 (R-10),0.0,4.36,0.30365143563510044
Danville,,217163005,,P-1 (R-10),0.0,4.36,0.28162049204534795
Danville,,217163011,,P-1 (R-10),0.0,4.36,0.3672998317917832
Danville,,217163006,,P-1 (R-10),0.0,4.36,0.29363370394327204
Danville,,217163019,,P-1 (R-10),0.0,4.36,0.63
Danville,,217163002,,P-1 (R-10),0.0,4.36,0.3024985500866886
Danville,,217172029,,P-1 (R-10),0.0,4.36,0.5548717636648757
Danville,,217163001,,P-1 (R-10),0.0,4.36,0.33745791601425656
Danville,,217172030,,P-1 (R-10),0.0,4.36,0.6023534657887316
Danville,,217040044,,P-1 (R-10),0.0,4.36,11.484003699403527
Danville,,217163020,,P-1 (R-10),0.0,4.36,0.58
Danville,,217163021,,P-1 (R-10),0.0,4.36,0.59
Danville,,217163010,,P-1 (R-10),0.0,4.36,0.4381546054672698
Danville,,217163015,,P-1 (R-10),0.0,4.36,0.3493237441146585
Danville,,217163016,,P-1 (R-10),0.0,4.36,0.3516927061585852
Danville,,217163017,,P-1 (R-10),0.0,4.36,0.33192836458290303
Danville,,217163018,,P-1 (R-10),0.0,4.36,0.36274623404366135
Danville,,218040032,,P-1,0.0,35.0,46.07
Danville,,217040048,,P-1,0.0,35.0,156.21410549929936
Danville,,217172024,,P-1 (R-10),0.0,4.36,0.5335358165325157
Danville,,217172025,,P-1 (R-10),0.0,4.36,0.4552495072688609
Danville,,217172010,,P-1 (R-10),0.0,4.36,0.3932776345027308
Danville,,217172012,,P-1 (R-10),0.0,4.36,0.3289257107116934
Danville,,217172021,,P-1 (R-10),0.0,4.36,0.42506544696014154
Danville,,217172020,,P-1 (R-10),0.0,4.36,0.4848079444299791
Danville,,217172003,,P-1 (R-10),0.0,4.36,0.45732832991541844
Danville,,217172022,,P-1 (R-10),0.0,4.36,0.4311190478257199
Danville,,217172023,,P-1 (R-10),0.0,4.36,0.632469874582544
Danville,,217320040,,P-1 (R-10),0.0,4.36,0.46030802065919063
Danville,,217320028,,P-1 (R-10),0.0,4.36,0.4513139312339612
Danville,,217320027,,P-1 (R-10),0.0,4.36,0.0
Danville,,217320026,,P-1 (R-10),0.0,4.36,0.0
Danville,,217320025,,P-1 (R-10),0.0,4.36,0.0
Danville,,217320023,,P-1 (R-10),0.0,4.36,0.0
Danville,,217320024,,P-1 (R-10),0.0,4.36,0.0
Danville,,217320037,,P-1 (R-10),0.0,4.36,0.0
Danville,,217320036,,P-1 (R-10),0.0,4.36,0.0
Danville,,217320035,,P-1 (R-10),0.0,4.36,0.0
Danville,,217320034,,P-1 (R-10),0.0,4.36,0.0
Danville,,217320033,,P-1 (R-10),0.0,4.36,0.0
Danville,,217320032,,P-1 (R-10),0.0,4.36,0.0
Danville,,217320031,,P-1 (R-10),0.0,4.36,0.0
Danville,,217320041,,P-1 (R-10),0.0,4.36,0.0
Danville,,217040046,,P-1,0.0,35.0,0.65
Danville,,217040047,,P-1,0.0,35.0,0.88
Danville,,217340020,,P-1 (R-10),0.0,4.36,0.0
Danville,,217340005,,P-1 (R-10),0.0,4.36,0.0
Danville,,217340006,,P-1 (R-10),0.0,4.36,0.0
Danville,,217340027,,P-1 (R-10),0.0,4.36,0.0
Danville,,217340026,,P-1 (R-10),0.0,4.36,0.0
Danville,,217340025,,P-1 (R-10),0.0,4.36,0.0
Danville,,217340021,,P-1 (R-10),0.0,4.36,0.0
Danville,,217340022,,P-1 (R-10),0.0,4.36,0.0
Danville,,217340023,,P-1 (R-10),0.0,4.36,0.0
Danville,,217340024,,P-1 (R-10),0.0,4.36,0.0
Danville,,217353010,,P-1 (R-10),0.0,4.36,0.36
Danville,,217340007,,P-1 (R-10),0.0,4.36,0.0
Danville,,217330023,,P-1 (R-10),0.0,4.36,0.0
Danville,,217340008,,P-1 (R-10),0.0,4.36,0.0
Danville,,217340009,,P-1 (R-10),0.0,4.36,0.0
Danville,,217330024,,P-1 (R-10),0.0,4.36,0.0
Danville,,217353016,,P-1,0.0,35.0,2.8
Danville,,217353015,,P-1 (R-10),0.0,4.36,0.51
Danville,,217330025,,P-1 (R-10),0.0,4.36,0.0
Danville,,217330039,,P-1 (R-10),0.0,4.36,0.0
Danville,,217351001,,P-1 (R-10),0.0,4.36,0.0
Danville,,206262009,,P-1 (R-10),0.0,4.36,0.0
Danville,,206262010,,P-1 (R-10),0.0,4.36,0.0
Danville,,206262011,,P-1 (R-10),0.0,4.36,0.0
Danville,,217351002,,P-1 (R-10),0.0,4.36,0.0
Danville,,217351003,,P-1 (R-10),0.0,4.36,0.0
Danville,,217351004,,P-1 (R-10),0.0,4.36,0.0
Danville,,217351005,,P-1 (R-10),0.0,4.36,0.0
Danville,,217353014,,P-1 (R-10),0.0,4.36,0.0
Danville,,217353012,,P-1 (R-10),0.0,4.36,0.37
Danville,,217353013,,P-1 (R-10),0.0,4.36,0.46
Danville,,217351008,,P-1 (R-10),0.0,4.36,0.0
Danville,,217351007,,P-1 (R-10),0.0,4.36,0.0
Danville,,217351006,,P-1 (R-10),0.0,4.36,0.0
Danville,,217351009,,P-1 (R-10),0.0,4.36,0.0
Danville,,217352002,,P-1 (R-10),0.0,4.36,0.0
Danville,,217352001,,P-1 (R-10),0.0,4.36,0.0
Danville,,217352003,,P-1 (R-10),0.0,4.36,0.0
Danville,,217352004,,P-1 (R-10),0.0,4.36,0.0
Danville,,217360001,,P-1 (R-10),0.0,4.36,0.0
Danville,,217352005,,P-1 (R-10),0.0,4.36,0.0
Danville,,217353011,,P-1 (R-10),0.0,4.36,0.0
Danville,,217353002,,P-1 (R-10),0.0,4.36,0.0
Danville,,217353001,,P-1 (R-10),0.0,4.36,0.0
Danville,,217360027,,P-1 (R-10),0.0,4.36,0.0
Danville,,217360026,,P-1 (R-10),0.0,4.36,0.0
Danville,,217360032,,P-1,0.0,35.0,8.7
Danville,,217360024,,P-1 (R-10),0.0,4.36,0.0
Danville,,217360025,,P-1 (R-10),0.0,4.36,0.0
Danville,,217360021,,P-1 (R-10),0.0,4.36,0.0
Danville,,217360020,,P-1 (R-10),0.0,4.36,0.0
Danville,,217360022,,P-1 (R-10),0.0,4.36,0.0
Danville,,217360023,,P-1 (R-10),0.0,4.36,0.0
Danville,,217360019,,P-1 (R-10),0.0,4.36,0.0
Danville,,217360018,,P-1 (R-10),0.0,4.36,0.0
Danville,,217360004,,P-1 (R-10),0.0,4.36,0.0
Danville,,217360002,,P-1 (R-10),0.0,4.36,0.0
Danville,,217360003,,P-1 (R-10),0.0,4.36,0.0
Danville,,217360005,,P-1 (R-10),0.0,4.36,0.0
Danville,,217360007,,P-1 (R-10),0.0,4.36,0.0
Danville,,217360006,,P-1 (R-10),0.0,4.36,0.0
Danville,,217360011,,P-1 (R-10),0.0,4.36,0.0
Danville,,217360010,,P-1 (R-10),0.0,4.36,0.0
Danville,,217360031,,P-1 (R-10),0.0,4.36,0.35
Danville,,217360030,,P-1 (R-10),0.0,4.36,0.42
Danville,,217360029,,P-1 (R-10),0.0,4.36,0.47
Danville,,217040026,,P-1,0.0,35.0,60.20773365577722
Danville,,206010027,,P-1,0.0,35.0,31.82
Danville,,206380152,,P-1,0.0,35.0,0.0
Danville,,206380151,,P-1,0.0,35.0,0.0
Danville,,206380150,,P-1,0.0,35.0,0.0
Danville,,206380149,,P-1,0.0,35.0,0.0
Danville,,206380148,,P-1,0.0,35.0,0.0
Danville,,206380159,,P-1,0.0,35.0,1.1
Danville,,206380153,,P-1,0.0,35.0,0.0
Danville,,206380013,,P-1,0.0,35.0,0.0
Danville,,206380012,,P-1,0.0,35.0,0.0
Danville,,206380011,,P-1,0.0,35.0,0.0
Danville,,206380010,,P-1,0.0,35.0,0.0
Danville,,206272020,,R-10,0.0,4.36,0.0
Danville,,206380009,,P-1,0.0,35.0,0.0
Danville,,206380008,,P-1,0.0,35.0,0.0
Danville,,206380007,,P-1,0.0,35.0,0.0
Danville,,206380156,,P-1,0.0,35.0,0.0
Danville,,206380154,,P-1,0.0,35.0,0.0
Danville,,206380155,,P-1,0.0,35.0,0.0
Danville,,206380157,,P-1,0.0,35.0,0.0
Danville,,206380004,,P-1,0.0,35.0,0.0
Danville,,206380003,,P-1,0.0,35.0,0.0
Danville,,206380002,,P-1,0.0,35.0,0.0
Danville,,206272017,,R-10,0.0,4.36,0.0
Danville,,206272018,,R-10,0.0,4.36,0.0
Danville,,206380005,,P-1,0.0,35.0,0.0
Danville,,206380006,,P-1,0.0,35.0,0.0
Danville,,206272019,,R-10,0.0,4.36,0.0
Danville,,206271017,,P-1 (R-6),0.0,7.26,0.0
Danville,,206272013,,P-1 (R-6),0.0,7.26,0.0
Danville,,206272014,,P-1 (R-6),0.0,7.26,0.0
Danville,,206272015,,P-1 (R-6),0.0,7.26,0.0
Danville,,206272016,,R-10,0.0,4.36,0.0
Danville,,206380001,,P-1,0.0,35.0,0.0
Danville,,206272008,,P-1 (R-10),0.0,4.36,0.0
Danville,,206272009,,P-1 (R-6),0.0,7.26,0.0
Danville,,206272010,,P-1 (R-6),0.0,7.26,0.0
Danville,,206272011,,P-1 (R-6),0.0,7.26,0.0
Danville,,206272012,,P-1 (R-6),0.0,7.26,0.0
Danville,,206271019,,P-1 (R-6),0.0,7.26,0.0
Danville,,206271021,,P-1 (R-6),0.0,7.26,0.0
Danville,,206271022,,P-1 (R-6),0.0,7.26,0.0
Danville,,206272006,,P-1 (R-10),0.0,4.36,0.0
Danville,,206272007,,P-1 (R-10),0.0,4.36,0.0
Danville,,217360014,,P-1 (R-10),0.0,4.36,0.0
Danville,,217360013,,P-1 (R-10),0.0,4.36,0.0
Danville,,217360012,,P-1 (R-10),0.0,4.36,0.0
Danville,,206272005,,P-1 (R-10),0.0,4.36,0.0
Danville,,206272004,,P-1 (R-10),0.0,4.36,0.0
Danville,,217360009,,P-1 (R-10),0.0,4.36,0.0
Danville,,217360008,,P-1 (R-10),0.0,4.36,0.0
Danville,,206272003,,P-1 (R-10),0.0,4.36,0.0
Danville,,206271029,,P-1 (R-6),0.0,7.26,0.0
Danville,,206271030,,P-1 (R-6),0.0,7.26,0.0
Danville,,206271031,,P-1 (R-6),0.0,7.26,0.0
Danville,,206271027,,P-1 (R-6),0.0,7.26,0.0
Danville,,206271028,,P-1 (R-6),0.0,7.26,0.0
Danville,,206271023,,P-1 (R-6),0.0,7.26,0.0
Danville,,206271020,,P-1 (R-6),0.0,7.26,0.0
Danville,,206271018,,P-1 (R-6),0.0,7.26,0.0
Danville,,206271024,,P-1 (R-6),0.0,7.26,0.0
Danville,,206271015,,P-1 (R-6),0.0,7.26,0.0
Danville,,206271016,,P-1 (R-6),0.0,7.26,0.0
Danville,,206271013,,P-1 (R-6),0.0,7.26,0.0
Danville,,206271014,,P-1 (R-6),0.0,7.26,0.0
Danville,,206271025,,P-1 (R-6),0.0,7.26,0.0
Danville,,206271026,,P-1 (R-6),0.0,7.26,0.0
Danville,,206271033,,P-1 (R-6),0.0,7.26,0.0
Danville,,206271012,,P-1 (R-6),0.0,7.26,0.0
Danville,,206271011,,P-1 (R-6),0.0,7.26,0.0
Danville,,206272021,,R-10,0.0,4.36,0.0
Danville,,206272022,,R-10,0.0,4.36,0.0
Danville,,206380014,,P-1,0.0,35.0,0.0
Danville,,206272023,,R-10,0.0,4.36,0.0
Danville,,206272024,,R-10,0.0,4.36,0.0
Danville,,206380016,,P-1,0.0,35.0,0.0
Danville,,206380015,,P-1,0.0,35.0,0.0
Danville,,206380017,,P-1,0.0,35.0,0.0
Danville,,206380018,,P-1,0.0,35.0,0.0
Danville,,206380147,,P-1,0.0,35.0,0.0
Danville,,206380019,,P-1,0.0,35.0,0.0
Danville,,206380022,,P-1,0.0,35.0,0.0
Danville,,206380021,,P-1,0.0,35.0,0.0
Danville,,206380020,,P-1,0.0,35.0,0.0
Danville,,206272025,,R-10,0.0,4.36,0.0
Danville,,206272026,,R-10,0.0,4.36,0.0
Danville,,206272027,,R-10,0.0,4.36,0.0
Danville,,206271010,,P-1 (R-6),0.0,7.26,0.0
Danville,,206271009,,P-1 (R-6),0.0,7.26,0.0
Danville,,206271034,,P-1 (R-6),0.0,7.26,0.0
Danville,,206271035,,P-1 (R-6),0.0,7.26,0.0
Danville,,206271008,,P-1 (R-6),0.0,7.26,0.0
Danville,,206271007,,P-1 (R-6),0.0,7.26,0.0
Danville,,206271006,,P-1 (R-6),0.0,7.26,0.0
Danville,,206271005,,P-1 (R-6),0.0,7.26,0.0
Danville,,206271004,,P-1 (R-6),0.0,7.26,0.0
Danville,,206272035,,P-1 (R-6),0.0,7.26,0.0
Danville,,206271003,,P-1 (R-6),0.0,7.26,0.0
Danville,,206271036,,P-1 (R-6),0.0,7.26,0.0
Danville,,206271002,,P-1 (R-6),0.0,7.26,0.0
Danville,,206271037,,P-1 (R-6),0.0,7.26,0.0
Danville,,206271032,,P-1 (R-6),0.0,7.26,0.0
Danville,,206271039,,P-1 (R-6),0.0,7.26,0.0
Danville,,206271038,,P-1 (R-6),0.0,7.26,0.0
Danville,,206271040,,P-1 (R-6),0.0,7.26,0.0
Danville,,206271041,,P-1 (R-6),0.0,7.26,0.0
Danville,,206272002,,P-1 (R-10),0.0,4.36,0.0
Danville,,206272001,,P-1 (R-10),0.0,4.36,0.0
Danville,,206273009,,P-1 (R-10),0.0,4.36,0.0
Danville,,206273010,,P-1 (R-10),0.0,4.36,0.0
Danville,,206273008,,P-1 (R-10),0.0,4.36,0.0
Danville,,206271001,,P-1 (R-6),0.0,7.26,0.0
Danville,,206272036,,P-1 (R-6),0.0,7.26,0.0
Danville,,206272037,,P-1 (R-6),0.0,7.26,0.0
Danville,,206273001,,P-1 (R-6),0.0,7.26,0.0
Danville,,206273007,,P-1 (R-10),0.0,4.36,0.0
Danville,,206273011,,P-1 (R-10),0.0,4.36,0.0
Danville,,206273005,,P-1 (R-10),0.0,4.36,0.0
Danville,,206273004,,P-1 (R-10),0.0,4.36,0.0
Danville,,206273003,,P-1 (R-10),0.0,4.36,0.0
Danville,,206262012,,P-1 (R-10),0.0,4.36,0.0
Danville,,206273002,,P-1 (R-6),0.0,7.26,0.0
Danville,,206262013,,P-1 (R-6),0.0,7.26,0.0
Danville,,206262008,,P-1 (R-6),0.0,7.26,0.0
Danville,,206380055,,P-1,0.0,35.0,0.0
Danville,,206380054,,P-1,0.0,35.0,0.0
Danville,,206380053,,P-1,0.0,35.0,0.0
Danville,,206380067,,P-1,0.0,35.0,0.0
Danville,,206380066,,P-1,0.0,35.0,0.0
Danville,,206380065,,P-1,0.0,35.0,0.0
Danville,,206380064,,P-1,0.0,35.0,0.0
Danville,,206380052,,P-1,0.0,35.0,0.0
Danville,,206380063,,P-1,0.0,35.0,0.0
Danville,,206380062,,P-1,0.0,35.0,0.0
Danville,,206380061,,P-1,0.0,35.0,0.0
Danville,,206380060,,P-1,0.0,35.0,0.0
Danville,,206380048,,P-1,0.0,35.0,0.0
Danville,,206380049,,P-1,0.0,35.0,0.0
Danville,,206380050,,P-1,0.0,35.0,0.0
Danville,,206380051,,P-1,0.0,35.0,0.0
Danville,,206380043,,P-1,0.0,35.0,0.0
Danville,,206380042,,P-1,0.0,35.0,0.0
Danville,,206380044,,P-1,0.0,35.0,0.0
Danville,,206380045,,P-1,0.0,35.0,0.0
Danville,,206380046,,P-1,0.0,35.0,0.0
Danville,,206380047,,P-1,0.0,35.0,0.0
Danville,,206380041,,P-1,0.0,35.0,0.0
Danville,,206380040,,P-1,0.0,35.0,0.0
Danville,,206380039,,P-1,0.0,35.0,0.0
Danville,,206380036,,P-1,0.0,35.0,0.0
Danville,,206272032,,R-10,0.0,4.36,0.0
Danville,,206380038,,P-1,0.0,35.0,0.0
Danville,,206380037,,P-1,0.0,35.0,0.0
Danville,,206272034,,P-1 (R-6),0.0,7.26,0.0
Danville,,206272033,,P-1 (R-6),0.0,7.26,0.0
Danville,,206272029,,R-10,0.0,4.36,0.0
Danville,,206272030,,R-10,0.0,4.36,0.0
Danville,,206272031,,R-10,0.0,4.36,0.0
Danville,,206380032,,P-1,0.0,35.0,0.0
Danville,,206380033,,P-1,0.0,35.0,0.0
Danville,,206380034,,P-1,0.0,35.0,0.0
Danville,,206380035,,P-1,0.0,35.0,0.0
Danville,,206380166,,P-1,0.0,35.0,0.22
Danville,,206380125,,P-1,0.0,35.0,0.0
Danville,,206380031,,P-1,0.0,35.0,0.0
Danville,,206380126,,P-1,0.0,35.0,0.0
Danville,,206380127,,P-1,0.0,35.0,0.0
Danville,,206380027,,P-1,0.0,35.0,0.0
Danville,,206380028,,P-1,0.0,35.0,0.0
Danville,,206380029,,P-1,0.0,35.0,0.0
Danville,,206380030,,P-1,0.0,35.0,0.0
Danville,,206272028,,R-10,0.0,4.36,0.0
Danville,,206380024,,P-1,0.0,35.0,0.0
Danville,,206380023,,P-1,0.0,35.0,0.0
Danville,,206380025,,P-1,0.0,35.0,0.0
Danville,,206380026,,P-1,0.0,35.0,0.0
Danville,,206380128,,P-1,0.0,35.0,0.0
Danville,,206380129,,P-1,0.0,35.0,0.0
Danville,,206380130,,P-1,0.0,35.0,0.0
Danville,,206380131,,P-1,0.0,35.0,0.0
Danville,,206380132,,P-1,0.0,35.0,0.0
Danville,,206380133,,P-1,0.0,35.0,0.0
Danville,,206380146,,P-1,0.0,35.0,0.0
Danville,,206380145,,P-1,0.0,35.0,0.0
Danville,,206380141,,P-1,0.0,35.0,0.0
Danville,,206380140,,P-1,0.0,35.0,0.0
Danville,,206380139,,P-1,0.0,35.0,0.0
Danville,,206380138,,P-1,0.0,35.0,0.0
Danville,,206380137,,P-1,0.0,35.0,0.0
Danville,,206380135,,P-1,0.0,35.0,0.0
Danville,,206380136,,P-1,0.0,35.0,0.0
Danville,,206380160,,P-1,0.0,35.0,0.2
Danville,,206380134,,P-1,0.0,35.0,0.0
Danville,,206380121,,P-1,0.0,35.0,0.0
Danville,,206380122,,P-1,0.0,35.0,0.0
Danville,,206380123,,P-1,0.0,35.0,0.0
Danville,,206380124,,P-1,0.0,35.0,0.0
Danville,,206380115,,P-1,0.0,35.0,0.0
Danville,,206380116,,P-1,0.0,35.0,0.0
Danville,,206380117,,P-1,0.0,35.0,0.0
Danville,,206380118,,P-1,0.0,35.0,0.0
Danville,,206380119,,P-1,0.0,35.0,0.0
Danville,,206380120,,P-1,0.0,35.0,0.0
Danville,,206380167,,P-1,0.0,35.0,0.1
Danville,,206281019,,P-1 (R-6),0.0,7.26,0.0
Danville,,206281020,,P-1 (R-6),0.0,7.26,0.0
Danville,,206281021,,P-1 (R-6),0.0,7.26,0.0
Danville,,206380108,,P-1,0.0,35.0,0.0
Danville,,206380109,,P-1,0.0,35.0,0.0
Danville,,206380168,,P-1,0.0,35.0,0.0
Danville,,206380110,,P-1,0.0,35.0,0.0
Danville,,206380111,,P-1,0.0,35.0,0.0
Danville,,206380114,,P-1,0.0,35.0,0.0
Danville,,206380113,,P-1,0.0,35.0,0.0
Danville,,206380112,,P-1,0.0,35.0,0.0
Danville,,206380104,,P-1,0.0,35.0,0.0
Danville,,206380105,,P-1,0.0,35.0,0.0
Danville,,206380106,,P-1,0.0,35.0,0.0
Danville,,206380107,,P-1,0.0,35.0,0.0
Danville,,206380098,,P-1,0.0,35.0,0.0
Danville,,206380100,,P-1,0.0,35.0,0.0
Danville,,206380099,,P-1,0.0,35.0,0.0
Danville,,206380103,,P-1,0.0,35.0,0.0
Danville,,206380102,,P-1,0.0,35.0,0.0
Danville,,206380101,,P-1,0.0,35.0,0.0
Danville,,206380092,,P-1,0.0,35.0,0.0
Danville,,206380090,,P-1,0.0,35.0,0.0
Danville,,206380091,,P-1,0.0,35.0,0.0
Danville,,206380093,,P-1,0.0,35.0,0.0
Danville,,206380094,,P-1,0.0,35.0,0.0
Danville,,206380087,,P-1,0.0,35.0,0.0
Danville,,206380085,,P-1,0.0,35.0,0.0
Danville,,206380086,,P-1,0.0,35.0,0.0
Danville,,206380097,,P-1,0.0,35.0,0.0
Danville,,206380096,,P-1,0.0,35.0,0.0
Danville,,206380095,,P-1,0.0,35.0,0.0
Danville,,206420179,,P-1,0.0,35.0,0.0
Danville,,206420178,,P-1,0.0,35.0,0.0
Danville,,206420200,,P-1,0.0,35.0,0.181
Danville,,206420177,,P-1,0.0,35.0,0.0
Danville,,206420174,,P-1,0.0,35.0,0.0
Danville,,206420176,,P-1,0.0,35.0,0.0
Danville,,206420175,,P-1,0.0,35.0,0.0
Danville,,206420173,,P-1,0.0,35.0,0.0
Danville,,206281022,,P-1 (R-6),0.0,7.26,0.0
Danville,,206281024,,P-1 (R-6),0.0,7.26,0.0
Danville,,206281023,,P-1 (R-6),0.0,7.26,0.0
Danville,,206420171,,P-1,0.0,35.0,0.0
Danville,,206420172,,P-1,0.0,35.0,0.0
Danville,,206420168,,P-1,0.0,35.0,0.0
Danville,,206420169,,P-1,0.0,35.0,0.0
Danville,,206420170,,P-1,0.0,35.0,0.0
Danville,,206420167,,P-1,0.0,35.0,0.0
Danville,,206420186,,P-1,0.0,35.0,0.0
Danville,,206420185,,P-1,0.0,35.0,0.0
Danville,,206420184,,P-1,0.0,35.0,0.0
Danville,,206420183,,P-1,0.0,35.0,0.0
Danville,,206420182,,P-1,0.0,35.0,0.0
Danville,,206420181,,P-1,0.0,35.0,0.0
Danville,,206420180,,P-1,0.0,35.0,0.0
Danville,,206420195,,P-1,0.0,35.0,0.0
Danville,,206420194,,P-1,0.0,35.0,0.0
Danville,,206420192,,P-1,0.0,35.0,0.0
Danville,,206420191,,P-1,0.0,35.0,0.0
Danville,,206420189,,P-1,0.0,35.0,0.0
Danville,,206420187,,P-1,0.0,35.0,0.0
Danville,,206420188,,P-1,0.0,35.0,0.0
Danville,,206420190,,P-1,0.0,35.0,0.0
Danville,,206420021,,P-1,0.0,35.0,0.0
Danville,,206420193,,P-1,0.0,35.0,0.0
Danville,,206420196,,P-1,0.0,35.0,0.0
Danville,,206420014,,P-1,0.0,35.0,0.0
Danville,,206420007,,P-1,0.0,35.0,0.0
Danville,,206420009,,P-1,0.0,35.0,0.0
Danville,,206420016,,P-1,0.0,35.0,0.0
Danville,,206420015,,P-1,0.0,35.0,0.0
Danville,,206420008,,P-1,0.0,35.0,0.0
Danville,,206420022,,P-1,0.0,35.0,0.0
Danville,,206420018,,P-1,0.0,35.0,0.0
Danville,,206420017,,P-1,0.0,35.0,0.0
Danville,,206420010,,P-1,0.0,35.0,0.0
Danville,,206420011,,P-1,0.0,35.0,0.0
Danville,,206420019,,P-1,0.0,35.0,0.0
Danville,,206420012,,P-1,0.0,35.0,0.0
Danville,,206420013,,P-1,0.0,35.0,0.0
Danville,,206420020,,P-1,0.0,35.0,0.0
Danville,,206420026,,P-1,0.0,35.0,0.0
Danville,,206420025,,P-1,0.0,35.0,0.0
Danville,,206420024,,P-1,0.0,35.0,0.0
Danville,,206420023,,P-1,0.0,35.0,0.0
Danville,,206420158,,P-1,0.0,35.0,0.0
Danville,,206420159,,P-1,0.0,35.0,0.0
Danville,,206420160,,P-1,0.0,35.0,0.0
Danville,,206420161,,P-1,0.0,35.0,0.0
Danville,,206420162,,P-1,0.0,35.0,0.0
Danville,,206420155,,P-1,0.0,35.0,0.0
Danville,,206420156,,P-1,0.0,35.0,0.0
Danville,,206420157,,P-1,0.0,35.0,0.0
Danville,,206420141,,P-1,0.0,35.0,0.0
Danville,,206420142,,P-1,0.0,35.0,0.0
Danville,,206420143,,P-1,0.0,35.0,0.0
Danville,,206420137,,P-1,0.0,35.0,0.0
Danville,,206420138,,P-1,0.0,35.0,0.0
Danville,,206420140,,P-1,0.0,35.0,0.0
Danville,,206420139,,P-1,0.0,35.0,0.0
Danville,,206420145,,P-1,0.0,35.0,0.0
Danville,,206420144,,P-1,0.0,35.0,0.0
Danville,,206420150,,P-1,0.0,35.0,0.0
Danville,,206420119,,P-1,0.0,35.0,0.0
Danville,,206420120,,P-1,0.0,35.0,0.0
Danville,,206281031,,P-1 (R-6),0.0,7.26,0.0
Danville,,206420149,,P-1,0.0,35.0,0.0
Danville,,206420148,,P-1,0.0,35.0,0.0
Danville,,206281030,,P-1 (R-6),0.0,7.26,0.0
Danville,,206281029,,P-1 (R-6),0.0,7.26,0.0
Danville,,206281028,,P-1 (R-6),0.0,7.26,0.0
Danville,,206420151,,P-1,0.0,35.0,0.0
Danville,,206420147,,P-1,0.0,35.0,0.0
Danville,,206420146,,P-1,0.0,35.0,0.0
Danville,,206420152,,P-1,0.0,35.0,0.0
Danville,,206420153,,P-1,0.0,35.0,0.0
Danville,,206420154,,P-1,0.0,35.0,0.0
Danville,,206420163,,P-1,0.0,35.0,0.0
Danville,,206420165,,P-1,0.0,35.0,0.0
Danville,,206420164,,P-1,0.0,35.0,0.0
Danville,,206420166,,P-1,0.0,35.0,0.0
Danville,,206281025,,P-1 (R-6),0.0,7.26,0.0
Danville,,206281026,,P-1 (R-6),0.0,7.26,0.0
Danville,,206281027,,P-1 (R-6),0.0,7.26,0.0
Danville,,206283015,,P-1 (R-6),0.0,7.26,0.0
Danville,,206283054,,P-1 (R-6),0.0,7.26,0.0
Danville,,206283068,,P-1 (R-6),0.0,7.26,0.142
Danville,,206283055,,P-1 (R-6),0.0,7.26,0.0
Danville,,206283056,,P-1 (R-6),0.0,7.26,0.0
Danville,,206283057,,P-1 (R-6),0.0,7.26,0.0
Danville,,206283069,,P-1 (R-6),0.0,7.26,0.115
Danville,,206281032,,P-1 (R-6),0.0,7.26,0.0
Danville,,206283060,,P-1 (R-6),0.0,7.26,0.0
Danville,,206283061,,P-1 (R-6),0.0,7.26,0.0
Danville,,206283062,,P-1 (R-6),0.0,7.26,0.0
Danville,,206283064,,P-1 (R-6),0.0,7.26,0.0
Danville,,206283059,,P-1 (R-6),0.0,7.26,0.0
Danville,,206283065,,P-1 (R-6),0.0,7.26,0.0
Danville,,206283033,,P-1 (R-6),0.0,7.26,0.0
Danville,,206283044,,P-1 (R-6),0.0,7.26,0.0
Danville,,206283067,,P-1 (R-6),0.0,7.26,0.0
Danville,,206283066,,P-1 (R-6),0.0,7.26,0.0
Danville,,206283028,,P-1 (R-6),0.0,7.26,0.0
Danville,,206283048,,P-1 (R-6),0.0,7.26,0.0
Danville,,206283029,,P-1 (R-6),0.0,7.26,0.0
Danville,,206283045,,P-1 (R-6),0.0,7.26,0.0
Danville,,206283032,,P-1 (R-6),0.0,7.26,0.0
Danville,,206283031,,P-1 (R-6),0.0,7.26,0.0
Danville,,206283030,,P-1 (R-6),0.0,7.26,0.0
Danville,,206283024,,P-1 (R-6),0.0,7.26,0.0
Danville,,206283025,,P-1 (R-6),0.0,7.26,0.0
Danville,,206283007,,P-1 (R-6),0.0,7.26,0.0
Danville,,206283023,,P-1 (R-6),0.0,7.26,0.0
Danville,,206283008,,P-1 (R-6),0.0,7.26,0.0
Danville,,206283009,,P-1 (R-6),0.0,7.26,0.0
Danville,,206283010,,P-1 (R-6),0.0,7.26,0.0
Danville,,206283021,,P-1 (R-6),0.0,7.26,0.0
Danville,,206283022,,P-1 (R-6),0.0,7.26,0.0
Danville,,206283020,,P-1 (R-6),0.0,7.26,0.0
Danville,,206283019,,P-1 (R-6),0.0,7.26,0.0
Danville,,206283011,,P-1 (R-6),0.0,7.26,0.0
Danville,,206283012,,P-1 (R-6),0.0,7.26,0.0
Danville,,206283013,,P-1 (R-6),0.0,7.26,0.0
Danville,,206283014,,P-1 (R-6),0.0,7.26,0.0
Danville,,206281018,,P-1 (R-6),0.0,7.26,0.0
Danville,,206281017,,P-1 (R-6),0.0,7.26,0.0
Danville,,206281015,,P-1 (R-6),0.0,7.26,0.0
Danville,,206281016,,P-1 (R-6),0.0,7.26,0.0
Danville,,206281013,,P-1 (R-6),0.0,7.26,0.0
Danville,,206281014,,P-1 (R-6),0.0,7.26,0.0
Danville,,206283006,,P-1 (R-6),0.0,7.26,0.0
Danville,,206281012,,P-1 (R-6),0.0,7.26,0.0
Danville,,206281011,,P-1 (R-6),0.0,7.26,0.0
Danville,,206281010,,P-1 (R-6),0.0,7.26,0.0
Danville,,206380143,,P-1,0.0,35.0,0.0
Danville,,206380142,,P-1,0.0,35.0,0.0
Danville,,206380144,,P-1,0.0,35.0,0.0
Danville,,206281039,,P-1 (R-6),0.0,7.26,0.0
Danville,,206281009,,P-1 (R-6),0.0,7.26,0.0
Danville,,206281008,,P-1 (R-6),0.0,7.26,0.0
Danville,,206283005,,P-1 (R-6),0.0,7.26,0.0
Danville,,206283004,,P-1 (R-6),0.0,7.26,0.0
Danville,,206283003,,P-1 (R-6),0.0,7.26,0.0
Danville,,206281003,,P-1 (R-6),0.0,7.26,0.0
Danville,,206281004,,P-1 (R-6),0.0,7.26,0.0
Danville,,206281043,,P-1 (R-6),0.0,7.26,0.178
Danville,,206281042,,P-1 (R-6),0.0,7.26,0.134
Danville,,206281002,,P-1 (R-6),0.0,7.26,0.0
Danville,,206281001,,P-1 (R-6),0.0,7.26,0.0
Danville,,206283001,,P-1 (R-6),0.0,7.26,0.0
Danville,,206283002,,P-1 (R-6),0.0,7.26,0.0
Danville,,206283026,,P-1 (R-6),0.0,7.26,0.0
Danville,,206283053,,P-1,0.0,35.0,0.0
Danville,,206283052,,P-1 (R-6),0.0,7.26,0.0
Danville,,206283051,,P-1 (R-6),0.0,7.26,0.0
Danville,,206283050,,P-1 (R-6),0.0,7.26,0.0
Danville,,206283027,,P-1 (R-6),0.0,7.26,0.0
Danville,,206283049,,P-1 (R-6),0.0,7.26,0.0
Danville,,206282022,,P-1 (R-6),0.0,7.26,0.0
Danville,,206282012,,P-1 (R-6),0.0,7.26,0.0
Danville,,206282014,,P-1 (R-6),0.0,7.26,0.0
Danville,,206282013,,P-1 (R-6),0.0,7.26,0.0
Danville,,206282023,,P-1 (R-6),0.0,7.26,0.0
Danville,,206282024,,P-1 (R-6),0.0,7.26,0.0
Danville,,206282017,,P-1 (R-6),0.0,7.26,0.25
Danville,,206342023,,P-1 (R-6),0.0,7.26,0.0
Danville,,206342024,,P-1 (R-6),0.0,7.26,0.0
Danville,,206342025,,P-1 (R-6),0.0,7.26,0.0
Danville,,206342026,,P-1 (R-6),0.0,7.26,0.0
Danville,,206342027,,P-1 (R-6),0.0,7.26,0.0
Danville,,206343001,,P-1 (R-6),0.0,7.26,0.0
Danville,,206343002,,P-1 (R-6),0.0,7.26,0.0
Danville,,206343003,,P-1 (R-6),0.0,7.26,0.0
Danville,,206343029,,P-1 (R-6),0.0,7.26,0.0
Danville,,206343028,,P-1 (R-6),0.0,7.26,0.0
Danville,,206343027,,P-1 (R-6),0.0,7.26,0.0
Danville,,206343026,,P-1 (R-6),0.0,7.26,0.0
Danville,,206343025,,P-1 (R-6),0.0,7.26,0.0
Danville,,206343023,,P-1 (R-6),0.0,7.26,0.0
Danville,,206343024,,P-1 (R-6),0.0,7.26,0.0
Danville,,206343005,,P-1 (R-6),0.0,7.26,0.0
Danville,,206343006,,P-1 (R-6),0.0,7.26,0.0
Danville,,206343007,,P-1 (R-6),0.0,7.26,0.0
Danville,,206343004,,P-1 (R-6),0.0,7.26,0.0
Danville,,206282021,,P-1 (R-6),0.0,7.26,0.0
Danville,,206282009,,P-1 (R-6),0.0,7.26,0.0
Danville,,206282008,,P-1 (R-6),0.0,7.26,0.0
Danville,,206343013,,P-1 (R-6),0.0,7.26,0.0
Danville,,206343012,,P-1 (R-6),0.0,7.26,0.0
Danville,,206343011,,P-1 (R-6),0.0,7.26,0.0
Danville,,206343018,,P-1 (R-6),0.0,7.26,0.0
Danville,,206343019,,P-1 (R-6),0.0,7.26,0.0
Danville,,206343010,,P-1 (R-6),0.0,7.26,0.0
Danville,,206343009,,P-1 (R-6),0.0,7.26,0.0
Danville,,206343008,,P-1 (R-6),0.0,7.26,0.0
Danville,,206343020,,P-1 (R-6),0.0,7.26,0.0
Danville,,206343021,,P-1 (R-6),0.0,7.26,0.0
Danville,,206343022,,P-1 (R-6),0.0,7.26,0.0
Danville,,206342014,,P-1 (R-6),0.0,7.26,0.0
Danville,,206342013,,P-1 (R-6),0.0,7.26,0.0
Danville,,206342012,,P-1 (R-6),0.0,7.26,0.0
Danville,,206342010,,P-1 (R-6),0.0,7.26,0.0
Danville,,206342011,,P-1 (R-6),0.0,7.26,0.0
Danville,,206010055,,P-1,0.0,35.0,57.11
Danville,,206342008,,P-1 (R-6),0.0,7.26,0.0
Danville,,206010054,,P-1,0.0,35.0,3.385
Danville,,206342009,,P-1 (R-6),0.0,7.26,0.0
Danville,,206343017,,P-1 (R-6),0.0,7.26,0.0
Danville,,206343016,,P-1 (R-6),0.0,7.26,0.0
Danville,,206343015,,P-1 (R-6),0.0,7.26,0.0
Danville,,206342006,,P-1 (R-6),0.0,7.26,0.0
Danville,,206390030,,P-1 (R-6),0.0,7.26,0.0
Danville,,206342007,,P-1 (R-6),0.0,7.26,0.0
Danville,,206390028,,P-1 (R-6),0.0,7.26,0.0
Danville,,206390029,,P-1 (R-6),0.0,7.26,0.0
Danville,,206390009,,P-1 (R-6),0.0,7.26,0.0
Danville,,206390008,,P-1 (R-6),0.0,7.26,0.0
Danville,,206390007,,P-1 (R-6),0.0,7.26,0.0
Danville,,206341002,,P-1 (R-6),0.0,7.26,0.0
Danville,,206341003,,P-1 (R-6),0.0,7.26,0.0
Danville,,206341005,,P-1 (R-6),0.0,7.26,0.0
Danville,,206341004,,P-1 (R-6),0.0,7.26,0.0
Danville,,206390006,,P-1 (R-6),0.0,7.26,0.0
Danville,,206390005,,P-1 (R-6),0.0,7.26,0.0
Danville,,206390003,,P-1 (R-6),0.0,7.26,0.0
Danville,,206390004,,P-1 (R-6),0.0,7.26,0.0
Danville,,206341007,,P-1 (R-6),0.0,7.26,0.0
Danville,,206341006,,P-1 (R-6),0.0,7.26,0.0
Danville,,206353030,,P-1 (R-6),0.0,7.26,0.0
Danville,,206353029,,P-1 (R-6),0.0,7.26,0.0
Danville,,206353028,,P-1 (R-6),0.0,7.26,0.0
Danville,,206390001,,P-1 (R-6),0.0,7.26,0.0
Danville,,206390002,,P-1 (R-6),0.0,7.26,0.0
Danville,,206343014,,P-1 (R-6),0.0,7.26,0.0
Danville,,206282006,,P-1 (R-6),0.0,7.26,0.0
Danville,,206282007,,P-1 (R-6),0.0,7.26,0.0
Danville,,206282005,,P-1 (R-6),0.0,7.26,0.0
Danville,,206283063,,P-1 (R-6),0.0,7.26,0.0
Danville,,206282026,,P-1 (R-6),0.0,7.26,0.107
Danville,,206282025,,P-1 (R-6),0.0,7.26,0.11
Danville,,206282019,,P-1 (R-6),0.0,7.26,0.0
Danville,,206282018,,P-1 (R-6),0.0,7.26,0.0
Danville,,206281035,,P-1 (R-6),0.0,7.26,0.0
Danville,,206281034,,P-1 (R-6),0.0,7.26,0.0
Danville,,206281033,,P-1 (R-6),0.0,7.26,0.0
Danville,,206281041,,P-1 (R-6),0.0,7.26,0.0
Danville,,206281040,,P-1 (R-6),0.0,7.26,0.0
Danville,,206010037,,P-1,0.0,35.0,3.92
Danville,,206420115,,P-1,0.0,35.0,0.0
Danville,,206420110,,P-1,0.0,35.0,0.0
Danville,,206420109,,P-1,0.0,35.0,0.0
Danville,,206420108,,P-1,0.0,35.0,0.0
Danville,,206420107,,P-1,0.0,35.0,0.0
Danville,,206420113,,P-1,0.0,35.0,0.0
Danville,,206420112,,P-1,0.0,35.0,0.0
Danville,,206420111,,P-1,0.0,35.0,0.0
Danville,,206420114,,P-1,0.0,35.0,0.0
Danville,,206420116,,P-1,0.0,35.0,0.0
Danville,,206420117,,P-1,0.0,35.0,0.0
Danville,,206420118,,P-1,0.0,35.0,0.0
Danville,,206420126,,P-1,0.0,35.0,0.0
Danville,,206420127,,P-1,0.0,35.0,0.0
Danville,,206420125,,P-1,0.0,35.0,0.0
Danville,,206420124,,P-1,0.0,35.0,0.0
Danville,,206420123,,P-1,0.0,35.0,0.0
Danville,,206420122,,P-1,0.0,35.0,0.0
Danville,,206420121,,P-1,0.0,35.0,0.0
Danville,,206420136,,P-1,0.0,35.0,0.0
Danville,,206420128,,P-1,0.0,35.0,0.0
Danville,,206420135,,P-1,0.0,35.0,0.0
Danville,,206420134,,P-1,0.0,35.0,0.0
Danville,,206420133,,P-1,0.0,35.0,0.0
Danville,,206420132,,P-1,0.0,35.0,0.0
Danville,,206420131,,P-1,0.0,35.0,0.0
Danville,,206420130,,P-1,0.0,35.0,0.0
Danville,,206420129,,P-1,0.0,35.0,0.0
Danville,,206420105,,P-1,0.0,35.0,0.0
Danville,,206420106,,P-1,0.0,35.0,0.0
Danville,,206420037,,P-1,0.0,35.0,0.0
Danville,,206420048,,P-1,0.0,35.0,0.0
Danville,,206420047,,P-1,0.0,35.0,0.0
Danville,,206420035,,P-1,0.0,35.0,0.0
Danville,,206420036,,P-1,0.0,35.0,0.0
Danville,,206420034,,P-1,0.0,35.0,0.0
Danville,,206420033,,P-1,0.0,35.0,0.0
Danville,,206420032,,P-1,0.0,35.0,0.0
Danville,,206420043,,P-1,0.0,35.0,0.0
Danville,,206420044,,P-1,0.0,35.0,0.0
Danville,,206420045,,P-1,0.0,35.0,0.0
Danville,,206420046,,P-1,0.0,35.0,0.0
Danville,,206420069,,P-1,0.0,35.0,0.0
Danville,,206420064,,P-1,0.0,35.0,0.0
Danville,,206420063,,P-1,0.0,35.0,0.0
Danville,,206420065,,P-1,0.0,35.0,0.0
Danville,,206420067,,P-1,0.0,35.0,0.0
Danville,,206420066,,P-1,0.0,35.0,0.0
Danville,,206420072,,P-1,0.0,35.0,0.0
Danville,,206420071,,P-1,0.0,35.0,0.0
Danville,,206420070,,P-1,0.0,35.0,0.0
Danville,,206420100,,P-1,0.0,35.0,0.0
Danville,,206420095,,P-1,0.0,35.0,0.0
Danville,,206420096,,P-1,0.0,35.0,0.0
Danville,,206420091,,P-1,0.0,35.0,0.0
Danville,,206420090,,P-1,0.0,35.0,0.0
Danville,,206420068,,P-1,0.0,35.0,0.0
Danville,,206420085,,P-1,0.0,35.0,0.0
Danville,,206420086,,P-1,0.0,35.0,0.0
Danville,,206420087,,P-1,0.0,35.0,0.0
Danville,,206420079,,P-1,0.0,35.0,0.0
Danville,,206420080,,P-1,0.0,35.0,0.0
Danville,,206420081,,P-1,0.0,35.0,0.0
Danville,,206420083,,P-1,0.0,35.0,0.0
Danville,,206420082,,P-1,0.0,35.0,0.0
Danville,,206420084,,P-1,0.0,35.0,0.0
Danville,,206420089,,P-1,0.0,35.0,0.0
Danville,,206420088,,P-1,0.0,35.0,0.0
Danville,,206420094,,P-1,0.0,35.0,0.0
Danville,,206420093,,P-1,0.0,35.0,0.0
Danville,,206420092,,P-1,0.0,35.0,0.0
Danville,,206420097,,P-1,0.0,35.0,0.0
Danville,,206420098,,P-1,0.0,35.0,0.0
Danville,,206420099,,P-1,0.0,35.0,0.0
Danville,,206420102,,P-1,0.0,35.0,0.0
Danville,,206420101,,P-1,0.0,35.0,0.0
Danville,,206420103,,P-1,0.0,35.0,0.0
Danville,,206420104,,P-1,0.0,35.0,0.0
Danville,,206010038,,P-1,0.0,35.0,2.64
Danville,,206353019,,P-1 (R-6),0.0,7.26,0.0
Danville,,206353017,,P-1 (R-6),0.0,7.26,0.0
Danville,,206353018,,P-1 (R-6),0.0,7.26,0.0
Danville,,206353039,,P-1 (R-6),0.0,7.26,0.0
Danville,,206353040,,P-1 (R-6),0.0,7.26,0.0
Danville,,206353020,,P-1 (R-6),0.0,7.26,0.0
Danville,,206353021,,P-1 (R-6),0.0,7.26,0.0
Danville,,206353037,,P-1 (R-6),0.0,7.26,0.0
Danville,,206353038,,P-1 (R-6),0.0,7.26,0.0
Danville,,206353043,,P-1 (R-6),0.0,7.26,0.0
Danville,,206353044,,P-1 (R-6),0.0,7.26,0.0
Danville,,206353034,,P-1 (R-6),0.0,7.26,0.0
Danville,,206353035,,P-1 (R-6),0.0,7.26,0.0
Danville,,206353036,,P-1 (R-6),0.0,7.26,0.0
Danville,,206353022,,P-1 (R-6),0.0,7.26,0.0
Danville,,206353023,,P-1 (R-6),0.0,7.26,0.0
Danville,,206353024,,P-1 (R-6),0.0,7.26,0.0
Danville,,206353025,,P-1 (R-6),0.0,7.26,0.0
Danville,,206353026,,P-1 (R-6),0.0,7.26,0.0
Danville,,206353027,,P-1 (R-6),0.0,7.26,0.0
Danville,,206353033,,P-1 (R-6),0.0,7.26,0.0
Danville,,206353032,,P-1 (R-6),0.0,7.26,0.0
Danville,,206353031,,P-1 (R-6),0.0,7.26,0.0
Danville,,206353048,,P-1 (R-6),0.0,7.26,0.0
Danville,,206353047,,P-1 (R-6),0.0,7.26,0.0
Danville,,206353046,,P-1 (R-6),0.0,7.26,0.0
Danville,,206353045,,P-1 (R-6),0.0,7.26,0.0
Danville,,206353053,,P-1 (R-6),0.0,7.26,0.0
Danville,,206353052,,P-1 (R-6),0.0,7.26,0.0
Danville,,206353051,,P-1 (R-6),0.0,7.26,0.0
Danville,,206353049,,P-1 (R-6),0.0,7.26,0.0
Danville,,206353050,,P-1 (R-6),0.0,7.26,0.0
Danville,,206341001,,P-1 (R-6),0.0,7.26,0.0
Danville,,206353059,,P-1 (R-6),0.0,7.26,0.208
Danville,,206353060,,P-1 (R-6),0.0,7.26,0.165
Danville,,206353003,,P-1 (R-6),0.0,7.26,0.0
Danville,,206353057,,P-1 (R-6),0.0,7.26,0.0
Danville,,206353054,,P-1 (R-6),0.0,7.26,0.0
Danville,,206353055,,P-1 (R-6),0.0,7.26,0.0
Danville,,206353056,,P-1 (R-6),0.0,7.26,0.0
Danville,,206353004,,P-1 (R-6),0.0,7.26,0.0
Danville,,206353005,,P-1 (R-6),0.0,7.26,0.0
Danville,,206353006,,P-1 (R-6),0.0,7.26,0.0
Danville,,206353007,,P-1 (R-6),0.0,7.26,0.0
Danville,,206351032,,P-1 (R-6),0.0,7.26,0.0
Danville,,206353008,,P-1 (R-6),0.0,7.26,0.0
Danville,,206353009,,P-1 (R-6),0.0,7.26,0.0
Danville,,206353010,,P-1 (R-6),0.0,7.26,0.0
Danville,,206353011,,P-1 (R-6),0.0,7.26,0.0
Danville,,206353042,,P-1 (R-6),0.0,7.26,0.0
Danville,,206353058,,P-1,0.0,35.0,0.387
Danville,,206353041,,P-1 (R-6),0.0,7.26,0.0
Danville,,206353016,,P-1 (R-6),0.0,7.26,0.0
Danville,,206353015,,P-1 (R-6),0.0,7.26,0.0
Danville,,206353014,,P-1 (R-6),0.0,7.26,0.0
Danville,,206353013,,P-1 (R-6),0.0,7.26,0.0
Danville,,206351025,,P-1 (R-6),0.0,7.26,0.0
Danville,,206351026,,P-1 (R-6),0.0,7.26,0.0
Danville,,206351027,,P-1 (R-6),0.0,7.26,0.0
Danville,,206353012,,P-1 (R-6),0.0,7.26,0.0
Danville,,206351028,,P-1 (R-6),0.0,7.26,0.0
Danville,,206351029,,P-1 (R-6),0.0,7.26,0.0
Danville,,206351030,,P-1 (R-6),0.0,7.26,0.0
Danville,,206351031,,P-1 (R-6),0.0,7.26,0.0
Danville,,206410016,,P-1 (R-6),0.0,7.26,0.0
Danville,,206410015,,P-1 (R-6),0.0,7.26,0.0
Danville,,206410041,,P-1 (R-6),0.0,7.26,0.0
Danville,,206410042,,P-1 (R-6),0.0,7.26,0.0
Danville,,206410043,,P-1 (R-6),0.0,7.26,0.0
Danville,,206410014,,P-1 (R-6),0.0,7.26,0.0
Danville,,206410012,,P-1 (R-6),0.0,7.26,0.0
Danville,,206410013,,P-1 (R-6),0.0,7.26,0.0
Danville,,206410011,,P-1 (R-6),0.0,7.26,0.0
Danville,,206410010,,P-1 (R-6),0.0,7.26,0.0
Danville,,206410045,,P-1 (R-6),0.0,7.26,0.0
Danville,,206410046,,P-1 (R-6),0.0,7.26,0.0
Danville,,206410044,,P-1 (R-6),0.0,7.26,0.0
Danville,,206410052,,P-1 (R-6),0.0,7.26,0.0
Danville,,206410051,,P-1 (R-6),0.0,7.26,0.0
Danville,,206410050,,P-1 (R-6),0.0,7.26,0.0
Danville,,206410071,,P-1 (R-6),0.0,7.26,0.0
Danville,,206410072,,P-1 (R-6),0.0,7.26,0.0
Danville,,206410070,,P-1 (R-6),0.0,7.26,0.0
Danville,,206410069,,P-1 (R-6),0.0,7.26,0.0
Danville,,206410068,,P-1 (R-6),0.0,7.26,0.0
Danville,,206410067,,P-1 (R-6),0.0,7.26,0.0
Danville,,206410053,,P-1 (R-6),0.0,7.26,0.0
Danville,,206410066,,P-1 (R-6),0.0,7.26,0.0
Danville,,206410065,,P-1 (R-6),0.0,7.26,0.0
Danville,,206410064,,P-1 (R-6),0.0,7.26,0.0
Danville,,206410063,,P-1 (R-6),0.0,7.26,0.0
Danville,,206410062,,P-1 (R-6),0.0,7.26,0.0
Danville,,206410058,,P-1 (R-6),0.0,7.26,0.0
Danville,,206410057,,P-1 (R-6),0.0,7.26,0.0
Danville,,206410055,,P-1 (R-6),0.0,7.26,0.0
Danville,,206410056,,P-1 (R-6),0.0,7.26,0.0
Danville,,206410054,,P-1 (R-6),0.0,7.26,0.0
Danville,,206410040,,P-1 (R-6),0.0,7.26,0.0
Danville,,206410039,,P-1 (R-6),0.0,7.26,0.0
Danville,,206410038,,P-1 (R-6),0.0,7.26,0.0
Danville,,206410017,,P-1 (R-6),0.0,7.26,0.0
Danville,,206410018,,P-1 (R-6),0.0,7.26,0.0
Danville,,206410019,,P-1 (R-6),0.0,7.26,0.0
Danville,,206410037,,P-1 (R-6),0.0,7.26,0.0
Danville,,206410034,,P-1 (R-6),0.0,7.26,0.0
Danville,,206410036,,P-1 (R-6),0.0,7.26,0.0
Danville,,206410035,,P-1 (R-6),0.0,7.26,0.0
Danville,,206410033,,P-1 (R-6),0.0,7.26,0.0
Danville,,206410032,,P-1 (R-6),0.0,7.26,0.0
Danville,,206410031,,P-1 (R-6),0.0,7.26,0.0
Danville,,206410059,,P-1 (R-6),0.0,7.26,0.0
Danville,,206410029,,P-1 (R-6),0.0,7.26,0.0
Danville,,206410073,,P-1,0.0,35.0,1.01
Danville,,206410030,,P-1 (R-6),0.0,7.26,0.0
Danville,,206410028,,P-1 (R-6),0.0,7.26,0.0
Danville,,206410027,,P-1 (R-6),0.0,7.26,0.0
Danville,,206402009,,P-1 (R-6),0.0,7.26,0.0
Danville,,206404022,,P-1 (R-6),0.0,7.26,0.0
Danville,,206402008,,P-1 (R-6),0.0,7.26,0.0
Danville,,206402007,,P-1 (R-6),0.0,7.26,0.0
Danville,,206410026,,P-1 (R-6),0.0,7.26,0.0
Danville,,206410025,,P-1 (R-6),0.0,7.26,0.0
Danville,,206402003,,P-1 (R-6),0.0,7.26,0.0
Danville,,206402004,,P-1 (R-6),0.0,7.26,0.0
Danville,,206402005,,P-1 (R-6),0.0,7.26,0.0
Danville,,206402006,,P-1 (R-6),0.0,7.26,0.0
Danville,,206410024,,P-1 (R-6),0.0,7.26,0.0
Danville,,206410022,,P-1 (R-6),0.0,7.26,0.0
Danville,,206410023,,P-1 (R-6),0.0,7.26,0.0
Danville,,206410021,,P-1 (R-6),0.0,7.26,0.0
Danville,,206410020,,P-1 (R-6),0.0,7.26,0.0
Danville,,206351033,,P-1 (R-6),0.0,7.26,0.0
Danville,,206351034,,P-1 (R-6),0.0,7.26,0.0
Danville,,206351035,,P-1 (R-6),0.0,7.26,0.0
Danville,,206351036,,P-1 (R-6),0.0,7.26,0.0
Danville,,206351037,,P-1 (R-6),0.0,7.26,0.0
Danville,,206402001,,P-1 (R-6),0.0,7.26,0.0
Danville,,206402002,,P-1 (R-6),0.0,7.26,0.0
Danville,,206401003,,P-1 (R-6),0.0,7.26,0.0
Danville,,206352001,,P-1 (R-6),0.0,7.26,0.0
Danville,,206352002,,P-1 (R-6),0.0,7.26,0.0
Danville,,206352003,,P-1 (R-6),0.0,7.26,0.0
Danville,,206352004,,P-1 (R-6),0.0,7.26,0.0
Danville,,206390031,,P-1,0.0,35.0,0.0
Danville,,206401001,,P-1 (R-6),0.0,7.26,0.0
Danville,,206401002,,P-1 (R-6),0.0,7.26,0.0
Danville,,206404047,,P-1 (R-6),0.0,7.26,0.0
Danville,,206404029,,P-1 (R-6),0.0,7.26,0.0
Danville,,206404030,,P-1 (R-6),0.0,7.26,0.0
Danville,,206404046,,P-1 (R-6),0.0,7.26,0.0
Danville,,206404045,,P-1 (R-6),0.0,7.26,0.0
Danville,,206404044,,P-1 (R-6),0.0,7.26,0.0
Danville,,206404042,,P-1 (R-6),0.0,7.26,0.0
Danville,,206404043,,P-1 (R-6),0.0,7.26,0.0
Danville,,206404008,,P-1 (R-6),0.0,7.26,0.0
Danville,,206404031,,P-1 (R-6),0.0,7.26,0.0
Danville,,206404032,,P-1 (R-6),0.0,7.26,0.0
Danville,,206404033,,P-1 (R-6),0.0,7.26,0.0
Danville,,206404027,,P-1 (R-6),0.0,7.26,0.0
Danville,,206404028,,P-1 (R-6),0.0,7.26,0.0
Danville,,206404026,,P-1 (R-6),0.0,7.26,0.0
Danville,,206404034,,P-1 (R-6),0.0,7.26,0.0
Danville,,206404025,,P-1 (R-6),0.0,7.26,0.0
Danville,,206404024,,P-1 (R-6),0.0,7.26,0.0
Danville,,206404023,,P-1 (R-6),0.0,7.26,0.0
Danville,,206404036,,P-1 (R-6),0.0,7.26,0.0
Danville,,206404035,,P-1 (R-6),0.0,7.26,0.0
Danville,,206404015,,P-1 (R-6),0.0,7.26,0.0
Danville,,206404014,,P-1 (R-6),0.0,7.26,0.0
Danville,,206404013,,P-1 (R-6),0.0,7.26,0.0
Danville,,206404012,,P-1 (R-6),0.0,7.26,0.0
Danville,,206404037,,P-1 (R-6),0.0,7.26,0.0
Danville,,206404039,,P-1 (R-6),0.0,7.26,0.0
Danville,,206404038,,P-1 (R-6),0.0,7.26,0.0
Danville,,206404040,,P-1 (R-6),0.0,7.26,0.0
Danville,,206404041,,P-1 (R-6),0.0,7.26,0.0
Danville,,206404009,,P-1 (R-6),0.0,7.26,0.0
Danville,,206404010,,P-1 (R-6),0.0,7.26,0.0
Danville,,206404011,,P-1 (R-6),0.0,7.26,0.0
Danville,,206403008,,P-1 (R-6),0.0,7.26,0.0
Danville,,206403007,,P-1 (R-6),0.0,7.26,0.0
Danville,,206403009,,P-1 (R-6),0.0,7.26,0.0
Danville,,206403010,,P-1 (R-6),0.0,7.26,0.0
Danville,,206403011,,P-1 (R-6),0.0,7.26,0.0
Danville,,206020059,,A-2,0.0,0.05,20.14
Danville,,206390032,,P-1,0.0,35.0,0.0
Danville,,206390010,,P-1 (R-6),0.0,7.26,0.0
Danville,,206390011,,P-1 (R-6),0.0,7.26,0.0
Danville,,206390016,,P-1 (R-6),0.0,7.26,0.0
Danville,,206390012,,P-1 (R-6),0.0,7.26,0.0
Danville,,206390014,,P-1 (R-6),0.0,7.26,0.0
Danville,,206390015,,P-1 (R-6),0.0,7.26,0.0
Danville,,206390020,,P-1 (R-6),0.0,7.26,0.0
Danville,,206390022,,P-1 (R-6),0.0,7.26,0.0
Danville,,206390019,,P-1 (R-6),0.0,7.26,0.0
Danville,,206390018,,P-1 (R-6),0.0,7.26,0.0
Danville,,206390017,,P-1 (R-6),0.0,7.26,0.0
Danville,,206404006,,P-1 (R-6),0.0,7.26,0.0
Danville,,206404007,,P-1 (R-6),0.0,7.26,0.0
Danville,,206404004,,P-1 (R-6),0.0,7.26,0.0
Danville,,206404005,,P-1 (R-6),0.0,7.26,0.0
Danville,,206404003,,P-1 (R-6),0.0,7.26,0.0
Danville,,206390023,,P-1 (R-6),0.0,7.26,0.0
Danville,,206390024,,P-1 (R-6),0.0,7.26,0.0
Danville,,206390025,,P-1 (R-6),0.0,7.26,0.0
Danville,,206404002,,P-1 (R-6),0.0,7.26,0.0
Danville,,206404001,,P-1 (R-6),0.0,7.26,0.0
Danville,,206390026,,P-1 (R-6),0.0,7.26,0.0
Danville,,206390027,,P-1 (R-6),0.0,7.26,0.0
Danville,,206390021,,P-1 (R-6),0.0,7.26,0.0
Danville,,206342015,,P-1 (R-6),0.0,7.26,0.0
Danville,,206342016,,P-1 (R-6),0.0,7.26,0.0
Danville,,206342017,,P-1 (R-6),0.0,7.26,0.0
Danville,,206342018,,P-1 (R-6),0.0,7.26,0.0
Danville,,206342019,,P-1 (R-6),0.0,7.26,0.0
Danville,,206342020,,P-1 (R-6),0.0,7.26,0.0
Danville,,206342021,,P-1 (R-6),0.0,7.26,0.0
Danville,,206342022,,P-1 (R-6),0.0,7.26,0.0
Danville,,206390013,,P-1 (R-6),0.0,7.26,0.0
Danville,,206333001,,P-1 (R-6),0.0,7.26,0.0
Danville,,206333002,,P-1 (R-6),0.0,7.26,0.0
Danville,,206333003,,P-1 (R-6),0.0,7.26,0.0
Danville,,206333004,,P-1 (R-6),0.0,7.26,0.0
Danville,,206333005,,P-1 (R-6),0.0,7.26,0.0
Danville,,206332004,,P-1 (R-6),0.0,7.26,0.0
Danville,,206332006,,P-1 (R-6),0.0,7.26,0.0
Danville,,206332005,,P-1 (R-6),0.0,7.26,0.0
Danville,,206332002,,P-1 (R-6),0.0,7.26,0.0
Danville,,206332001,,P-1 (R-6),0.0,7.26,0.0
Danville,,206332003,,P-1 (R-6),0.0,7.26,0.0
Danville,,206331013,,P-1 (R-6),0.0,7.26,0.0
Danville,,206331012,,P-1 (R-6),0.0,7.26,0.0
Danville,,206331011,,P-1 (R-6),0.0,7.26,0.0
Danville,,206331009,,P-1 (R-6),0.0,7.26,0.0
Danville,,206331007,,P-1 (R-6),0.0,7.26,0.0
Danville,,206331010,,P-1 (R-6),0.0,7.26,0.0
Danville,,206331006,,P-1 (R-6),0.0,7.26,0.0
Danville,,206331008,,P-1 (R-6),0.0,7.26,0.0
Danville,,206333011,,P-1 (R-6),0.0,7.26,0.0
Danville,,206333010,,P-1 (R-6),0.0,7.26,0.0
Danville,,206333009,,P-1 (R-6),0.0,7.26,0.0
Danville,,206333008,,P-1 (R-6),0.0,7.26,0.0
Danville,,206333007,,P-1 (R-6),0.0,7.26,0.0
Danville,,206333006,,P-1 (R-6),0.0,7.26,0.0
Danville,,206362035,,P-1 (R-6),0.0,7.26,0.183
Danville,,206362034,,P-1 (R-6),0.0,7.26,0.184
Danville,,206334002,,P-1 (R-6),0.0,7.26,0.0
Danville,,206334001,,P-1 (R-6),0.0,7.26,0.0
Danville,,206361006,,P-1 (R-6),0.0,7.26,0.0
Danville,,206361015,,P-1 (R-6),0.0,7.26,0.154
Danville,,206361010,,P-1 (R-6),0.0,7.26,0.0
Danville,,206361005,,P-1 (R-6),0.0,7.26,0.0
Danville,,206361004,,P-1 (R-6),0.0,7.26,0.0
Danville,,206361011,,P-1 (R-6),0.0,7.26,0.0
Danville,,206361012,,P-1 (R-6),0.0,7.26,0.0
Danville,,206372018,,P-1 (R-6),0.0,7.26,0.0
Danville,,206372017,,P-1 (R-6),0.0,7.26,0.0
Danville,,206361014,,P-1 (R-6),0.0,7.26,0.26
Danville,,206362030,,P-1 (R-6),0.0,7.26,0.0
Danville,,206362029,,P-1 (R-6),0.0,7.26,0.0
Danville,,206361009,,P-1 (R-6),0.0,7.26,0.0
Danville,,206361016,,P-1 (R-6),0.0,7.26,0.155
Danville,,206362038,,P-1 (R-6),0.0,7.26,0.232
Danville,,206362006,,P-1 (R-6),0.0,7.26,0.0
Danville,,206362028,,P-1 (R-6),0.0,7.26,0.0
Danville,,206362027,,P-1 (R-6),0.0,7.26,0.0
Danville,,206362025,,P-1 (R-6),0.0,7.26,0.0
Danville,,206362026,,P-1 (R-6),0.0,7.26,0.0
Danville,,206362024,,P-1 (R-6),0.0,7.26,0.0
Danville,,206362039,,P-1 (R-6),0.0,7.26,0.239
Danville,,206362009,,P-1 (R-6),0.0,7.26,0.0
Danville,,206362008,,P-1 (R-6),0.0,7.26,0.0
Danville,,206362037,,P-1 (R-6),0.0,7.26,0.198
Danville,,206362036,,P-1 (R-6),0.0,7.26,0.181
Danville,,206362010,,P-1 (R-6),0.0,7.26,0.0
Danville,,206362011,,P-1 (R-6),0.0,7.26,0.0
Danville,,206362012,,P-1 (R-6),0.0,7.26,0.0
Danville,,206362013,,P-1 (R-6),0.0,7.26,0.0
Danville,,206362014,,P-1 (R-6),0.0,7.26,0.0
Danville,,206362016,,P-1 (R-6),0.0,7.26,0.0
Danville,,206362017,,P-1 (R-6),0.0,7.26,0.0
Danville,,206362020,,P-1 (R-6),0.0,7.26,0.0
Danville,,206362015,,P-1 (R-6),0.0,7.26,0.0
Danville,,206362021,,P-1 (R-6),0.0,7.26,0.0
Danville,,206362022,,P-1 (R-6),0.0,7.26,0.0
Danville,,206362023,,P-1 (R-6),0.0,7.26,0.0
Danville,,206362019,,P-1 (R-6),0.0,7.26,0.0
Danville,,206362018,,P-1 (R-6),0.0,7.26,0.0
Danville,,206403006,,P-1,0.0,35.0,3.302
Danville,,206403005,,P-1 (R-6),0.0,7.26,0.0
Danville,,206404016,,P-1 (R-6),0.0,7.26,0.0
Danville,,206404017,,P-1 (R-6),0.0,7.26,0.0
Danville,,206404018,,P-1 (R-6),0.0,7.26,0.0
Danville,,206404019,,P-1 (R-6),0.0,7.26,0.0
Danville,,206404021,,P-1 (R-6),0.0,7.26,0.0
Danville,,206404020,,P-1 (R-6),0.0,7.26,0.0
Danville,,206404048,,P-1,0.0,35.0,0.0
Danville,,206403001,,P-1 (R-6),0.0,7.26,0.0
Danville,,206403002,,P-1 (R-6),0.0,7.26,0.0
Danville,,206403003,,P-1 (R-6),0.0,7.26,0.0
Danville,,206403004,,P-1 (R-6),0.0,7.26,0.0
Danville,,206304001,,P-1,0.0,35.0,0.0
Danville,,206362033,,P-1 (R-6),0.0,7.26,0.0
Danville,,206362032,,P-1 (R-6),0.0,7.26,0.0
Danville,,206362031,,P-1 (R-6),0.0,7.26,0.0
Danville,,206372016,,P-1 (R-6),0.0,7.26,0.0
Danville,,206372015,,P-1 (R-6),0.0,7.26,0.0
Danville,,206371002,,P-1 (R-6),0.0,7.26,0.0
Danville,,206371001,,P-1 (R-6),0.0,7.26,0.0
Danville,,206020079,,P-1,0.0,35.0,27.92
Danville,,206302012,,P-1 (R-6),0.0,7.26,0.0
Danville,,206302011,,P-1 (R-6),0.0,7.26,0.0
Danville,,206302002,,P-1 (R-6),0.0,7.26,0.0
Danville,,206302001,,P-1 (R-6),0.0,7.26,0.0
Danville,,206301007,,P-1 (R-6),0.0,7.26,0.0
Danville,,206301008,,P-1 (R-6),0.0,7.26,0.0
Danville,,206301009,,P-1 (R-6),0.0,7.26,0.0
Danville,,206301010,,P-1 (R-6),0.0,7.26,0.0
Danville,,206402013,,P-1 (R-6),0.0,7.26,0.0
Danville,,206402012,,P-1 (R-6),0.0,7.26,0.0
Danville,,206402011,,P-1 (R-6),0.0,7.26,0.0
Danville,,206402010,,P-1 (R-6),0.0,7.26,0.0
Danville,,206410060,,P-1 (R-6),0.0,7.26,0.0
Danville,,206410061,,P-1 (R-6),0.0,7.26,0.0
Danville,,206301004,,P-1 (R-6),0.0,7.26,0.0
Danville,,206301003,,P-1 (R-6),0.0,7.26,0.0
Danville,,206301005,,P-1 (R-6),0.0,7.26,0.0
Danville,,206301006,,P-1 (R-6),0.0,7.26,0.0
Danville,,206302004,,P-1 (R-6),0.0,7.26,0.0
Danville,,206302005,,P-1 (R-6),0.0,7.26,0.0
Danville,,206302003,,P-1 (R-6),0.0,7.26,0.0
Danville,,206302010,,P-1 (R-6),0.0,7.26,0.0
Danville,,206302009,,P-1 (R-6),0.0,7.26,0.0
Danville,,206302008,,P-1 (R-6),0.0,7.26,0.0
Danville,,206302006,,P-1 (R-6),0.0,7.26,0.0
Danville,,206293014,,P-1 (R-6),0.0,7.26,0.0
Danville,,206293002,,P-1 (R-6),0.0,7.26,0.0
Danville,,206293001,,P-1 (R-6),0.0,7.26,0.0
Danville,,206302007,,P-1 (R-6),0.0,7.26,0.0
Danville,,206301002,,P-1 (R-6),0.0,7.26,0.0
Danville,,206301001,,P-1 (R-6),0.0,7.26,0.0
Danville,,206292006,,P-1 (R-6),0.0,7.26,0.0
Danville,,206292005,,P-1 (R-6),0.0,7.26,0.0
Danville,,206293003,,P-1 (R-6),0.0,7.26,0.0
Danville,,206292004,,P-1 (R-6),0.0,7.26,0.0
Danville,,206292003,,P-1 (R-6),0.0,7.26,0.0
Danville,,206292002,,P-1 (R-6),0.0,7.26,0.0
Danville,,206293006,,P-1 (R-6),0.0,7.26,0.0
Danville,,206293004,,P-1 (R-6),0.0,7.26,0.0
Danville,,206293012,,P-1 (R-6),0.0,7.26,0.0
Danville,,206293011,,P-1 (R-6),0.0,7.26,0.0
Danville,,206293005,,P-1 (R-6),0.0,7.26,0.0
Danville,,206293010,,P-1 (R-6),0.0,7.26,0.0
Danville,,206294003,,P-1 (R-6),0.0,7.26,0.0
Danville,,206294002,,P-1 (R-6),0.0,7.26,0.0
Danville,,206293013,,P-1 (R-6),0.0,7.26,0.0
Danville,,206294001,,P-1 (R-6),0.0,7.26,0.0
Danville,,206303002,,P-1 (R-6),0.0,7.26,0.0
Danville,,206294004,,P-1 (R-6),0.0,7.26,0.0
Danville,,206294005,,P-1 (R-6),0.0,7.26,0.0
Danville,,206371022,,P-1 (R-6),0.0,7.26,0.19
Danville,,206294022,,P-1,0.0,35.0,0.0
Danville,,206303003,,P-1,0.0,35.0,0.0
Danville,,206303001,,P-1 (R-6),0.0,7.26,0.0
Danville,,206371024,,P-1 (R-6),0.0,7.26,0.169
Danville,,206371019,,P-1 (R-6),0.0,7.26,0.19
Danville,,206371020,,P-1 (R-6),0.0,7.26,0.22
Danville,,206371021,,P-1 (R-6),0.0,7.26,0.19
Danville,,206372010,,P-1 (R-6),0.0,7.26,0.0
Danville,,206372011,,P-1 (R-6),0.0,7.26,0.0
Danville,,206371004,,P-1 (R-6),0.0,7.26,0.0
Danville,,206371003,,P-1 (R-6),0.0,7.26,0.0
Danville,,206372012,,P-1 (R-6),0.0,7.26,0.0
Danville,,206372013,,P-1 (R-6),0.0,7.26,0.0
Danville,,206372014,,P-1 (R-6),0.0,7.26,0.0
Danville,,206372034,,P-1 (R-6),0.0,7.26,0.179
Danville,,206372008,,P-1 (R-6),0.0,7.26,0.0
Danville,,206372009,,P-1 (R-6),0.0,7.26,0.0
Danville,,206372004,,P-1 (R-6),0.0,7.26,0.0
Danville,,206372003,,P-1 (R-6),0.0,7.26,0.0
Danville,,206372002,,P-1 (R-6),0.0,7.26,0.0
Danville,,206372005,,P-1 (R-6),0.0,7.26,0.0
Danville,,206372006,,P-1 (R-6),0.0,7.26,0.0
Danville,,206372040,,P-1 (R-6),0.0,7.26,0.169
Danville,,206372041,,P-1,0.0,35.0,1.08
Danville,,206372030,,P-1 (R-6),0.0,7.26,0.0
Danville,,206372031,,P-1 (R-6),0.0,7.26,0.0
Danville,,206372032,,P-1 (R-6),0.0,7.26,0.0
Danville,,206372001,,P-1 (R-6),0.0,7.26,0.0
Danville,,206371014,,P-1 (R-6),0.0,7.26,0.0
Danville,,206371012,,P-1 (R-6),0.0,7.26,0.0
Danville,,206371013,,P-1 (R-6),0.0,7.26,0.0
Danville,,206371011,,P-1 (R-6),0.0,7.26,0.0
Danville,,206371023,,P-1 (R-6),0.0,7.26,0.18
Danville,,206371017,,P-1 (R-6),0.0,7.26,0.0
Danville,,206371016,,P-1 (R-6),0.0,7.26,0.0
Danville,,206371015,,P-1 (R-6),0.0,7.26,0.0
Danville,,206311007,,P-1 (R-6),0.0,7.26,0.0
Danville,,206311006,,P-1 (R-6),0.0,7.26,0.0
Danville,,206371018,,P-1 (R-6),0.0,7.26,0.0
Danville,,206311005,,P-1 (R-6),0.0,7.26,0.0
Danville,,206311024,,P-1 (R-6),0.0,7.26,0.18
Danville,,206311023,,P-1 (R-6),0.0,7.26,0.195
Danville,,206311022,,P-1 (R-6),0.0,7.26,0.199
Danville,,206311013,,P-1 (R-6),0.0,7.26,0.0
Danville,,206311008,,P-1 (R-6),0.0,7.26,0.0
Danville,,206311009,,P-1 (R-6),0.0,7.26,0.0
Danville,,206311010,,P-1 (R-6),0.0,7.26,0.0
Danville,,206321014,,P-1,0.0,35.0,0.0
Danville,,206321011,,P-1 (R-6),0.0,7.26,0.0
Danville,,206321013,,P-1 (R-6),0.0,7.26,0.0
Danville,,206321012,,P-1 (R-6),0.0,7.26,0.0
Danville,,206311011,,P-1 (R-6),0.0,7.26,0.0
Danville,,206311012,,P-1 (R-6),0.0,7.26,0.0
Danville,,206321009,,P-1 (R-6),0.0,7.26,0.0
Danville,,206321010,,P-1 (R-6),0.0,7.26,0.0
Danville,,206321008,,P-1 (R-6),0.0,7.26,0.0
Danville,,206321007,,P-1 (R-6),0.0,7.26,0.0
Danville,,206323010,,P-1 (R-6),0.0,7.26,0.0
Danville,,206323011,,P-1 (R-6),0.0,7.26,0.0
Danville,,206323012,,P-1 (R-6),0.0,7.26,0.0
Danville,,206323013,,P-1 (R-6),0.0,7.26,0.0
Danville,,206321006,,P-1 (R-6),0.0,7.26,0.0
Danville,,206321016,,P-1 (R-6),0.0,7.26,0.176
Danville,,206321003,,P-1 (R-6),0.0,7.26,0.0
Danville,,206321015,,P-1 (R-6),0.0,7.26,0.174
Danville,,206321002,,P-1 (R-6),0.0,7.26,0.0
Danville,,206321001,,P-1 (R-6),0.0,7.26,0.0
Danville,,206372029,,P-1 (R-6),0.0,7.26,0.0
Danville,,206372027,,P-1 (R-6),0.0,7.26,0.0
Danville,,206372028,,P-1 (R-6),0.0,7.26,0.0
Danville,,206372026,,P-1 (R-6),0.0,7.26,0.0
Danville,,206323014,,P-1 (R-6),0.0,7.26,0.0
Danville,,206323016,,P-1 (R-6),0.0,7.26,0.0
Danville,,206323017,,P-1 (R-6),0.0,7.26,0.0
Danville,,206323015,,P-1 (R-6),0.0,7.26,0.0
Danville,,206323031,,P-1,0.0,35.0,0.0
Danville,,206372024,,P-1 (R-6),0.0,7.26,0.0
Danville,,206372025,,P-1 (R-6),0.0,7.26,0.0
Danville,,206372023,,P-1 (R-6),0.0,7.26,0.0
Danville,,206372037,,P-1 (R-6),0.0,7.26,0.125
Danville,,206372035,,P-1 (R-6),0.0,7.26,0.137
Danville,,206372036,,P-1 (R-6),0.0,7.26,0.128
Danville,,206361001,,P-1 (R-6),0.0,7.26,0.0
Danville,,206361002,,P-1 (R-6),0.0,7.26,0.0
Danville,,206361003,,P-1 (R-6),0.0,7.26,0.0
Danville,,206323030,,P-1 (R-6),0.0,7.26,0.0
Danville,,206323029,,P-1 (R-6),0.0,7.26,0.0
Danville,,206323028,,P-1 (R-6),0.0,7.26,0.0
Danville,,206323027,,P-1 (R-6),0.0,7.26,0.0
Danville,,206323026,,P-1 (R-6),0.0,7.26,0.0
Danville,,206323023,,P-1 (R-6),0.0,7.26,0.0
Danville,,206323022,,P-1 (R-6),0.0,7.26,0.0
Danville,,206323018,,P-1 (R-6),0.0,7.26,0.0
Danville,,206323019,,P-1 (R-6),0.0,7.26,0.0
Danville,,206323020,,P-1 (R-6),0.0,7.26,0.0
Danville,,206323009,,P-1 (R-6),0.0,7.26,0.0
Danville,,206323008,,P-1 (R-6),0.0,7.26,0.0
Danville,,206323021,,P-1 (R-6),0.0,7.26,0.0
Danville,,206323005,,P-1 (R-6),0.0,7.26,0.0
Danville,,206323007,,P-1 (R-6),0.0,7.26,0.0
Danville,,206323006,,P-1 (R-6),0.0,7.26,0.0
Danville,,206323004,,P-1 (R-6),0.0,7.26,0.0
Danville,,206322009,,P-1 (R-6),0.0,7.26,0.0
Danville,,206322008,,P-1 (R-6),0.0,7.26,0.0
Danville,,206323003,,P-1 (R-6),0.0,7.26,0.0
Danville,,206323002,,P-1 (R-6),0.0,7.26,0.0
Danville,,206323001,,P-1 (R-6),0.0,7.26,0.0
Danville,,206334005,,P-1 (R-6),0.0,7.26,0.0
Danville,,206323024,,P-1 (R-6),0.0,7.26,0.0
Danville,,206323025,,P-1 (R-6),0.0,7.26,0.0
Danville,,206334003,,P-1 (R-6),0.0,7.26,0.0
Danville,,206334004,,P-1 (R-6),0.0,7.26,0.0
Danville,,206331004,,P-1 (R-6),0.0,7.26,0.0
Danville,,206331005,,P-1 (R-6),0.0,7.26,0.0
Danville,,206331003,,P-1 (R-6),0.0,7.26,0.0
Danville,,206331001,,P-1 (R-6),0.0,7.26,0.0
Danville,,206331002,,P-1 (R-6),0.0,7.26,0.0
Danville,,206331014,,P-1 (R-6),0.0,7.26,0.0
Danville,,206331015,,P-1 (R-6),0.0,7.26,0.0
Danville,,206020071,,P-1,0.0,35.0,30.13
Danville,,206510003,,P-1 (R-40),0.0,1.09,2.604
Danville,,206510005,,P-1 (R-100,0.0,0.44,1.747
Danville,,206322007,,P-1 (R-20),0.0,2.18,0.0
Danville,,206510004,,P-1 (R-100,0.0,0.44,1.31
Danville,,206322006,,P-1 (R-20),0.0,2.18,0.0
Danville,,206322005,,P-1 (R-20),0.0,2.18,0.0
Danville,,206690005,,P-1 (R-15),0.0,2.9,0.0
Danville,,206690001,,P-1 (R-15),0.0,2.9,0.0
Danville,,206500014,,P-1 (R-12),0.0,3.63,0.293
Danville,,206500013,,P-1 (R-12),0.0,3.63,0.286
Danville,,206500004,,P-1 (R-12),0.0,3.63,0.133
Danville,,206500005,,P-1 (R-12),0.0,3.63,0.293
Danville,,206500003,,P-1 (R-12),0.0,3.63,0.163
Danville,,206500002,,P-1 (R-12),0.0,3.63,0.342
Danville,,206500011,,P-1 (R-12),0.0,3.63,0.322
Danville,,206500010,,P-1 (R-12),0.0,3.63,0.313
Danville,,206500012,,P-1 (R-12),0.0,3.63,0.276
Danville,,206322004,,P-1 (R-20),0.0,2.18,0.0
Danville,,206322003,,P-1 (R-20),0.0,2.18,0.0
Danville,,206322002,,P-1 (R-20),0.0,2.18,0.0
Danville,,206322001,,P-1 (R-20),0.0,2.18,0.0
Danville,,206133058,,P-1 (R-6),0.0,7.26,0.362
Danville,,206133057,,P-1 (R-6),0.0,7.26,0.354
Danville,,206311018,,P-1 (R-20),0.0,2.18,0.0
Danville,,206311019,,P-1 (R-20),0.0,2.18,0.0
Danville,,206311025,,P-1 (R-6),0.0,7.26,0.254
Danville,,206311026,,P-1,0.0,35.0,5.098
Danville,,206133059,,P-1 (R-6),0.0,7.26,0.179
Danville,,206133060,,P-1 (R-6),0.0,7.26,0.125
Danville,,206133061,,P-1 (R-6),0.0,7.26,0.252
Danville,,206133054,,P-1 (R-6),0.0,7.26,0.149
Danville,,206133055,,P-1 (R-6),0.0,7.26,0.213
Danville,,206133056,,P-1 (R-6),0.0,7.26,0.376
Danville,,206133049,,P-1 (R-6),0.0,7.26,0.155
Danville,,206133046,,P-1 (R-6),0.0,7.26,0.202
Danville,,206133051,,P-1 (R-6),0.0,7.26,0.129
Danville,,206133050,,P-1 (R-6),0.0,7.26,0.244
Danville,,206133053,,P-1 (R-6),0.0,7.26,0.122
Danville,,206133052,,P-1 (R-6),0.0,7.26,0.08
Danville,,206133002,,P-1 (R-6),0.0,7.26,0.117
Danville,,206133003,,P-1 (R-6),0.0,7.26,0.117
Danville,,206133004,,P-1 (R-6),0.0,7.26,0.181
Danville,,206133005,,P-1 (R-6),0.0,7.26,0.187
Danville,,206133009,,P-1 (R-6),0.0,7.26,0.091
Danville,,206133008,,P-1 (R-6),0.0,7.26,0.175
Danville,,206133007,,P-1 (R-6),0.0,7.26,0.166
Danville,,206133011,,P-1 (R-6),0.0,7.26,0.202
Danville,,206133012,,P-1 (R-6),0.0,7.26,0.151
Danville,,206133010,,P-1 (R-6),0.0,7.26,0.09
Danville,,206133076,,P-1 (R-6),0.0,7.26,0.229
Danville,,206133075,,P-1 (R-6),0.0,7.26,0.167
Danville,,206133074,,P-1 (R-6),0.0,7.26,0.149
Danville,,206133047,,P-1 (R-6),0.0,7.26,0.139
Danville,,206133048,,P-1 (R-6),0.0,7.26,0.156
Danville,,206500017,,P-1 (R-40),0.0,1.09,9.4
Danville,,206500009,,P-1 (R-12),0.0,3.63,0.328
Danville,,206500006,,P-1 (R-12),0.0,3.63,0.31
Danville,,206500016,,P-1 (R-12),0.0,3.63,0.424
Danville,,206500007,,P-1 (R-12),0.0,3.63,0.355
Danville,,206470019,,P-1 (R-12),0.0,3.63,0.31
Danville,,206500008,,P-1 (R-12),0.0,3.63,0.29
Danville,,206500015,,P-1 (R-12),0.0,3.63,0.764
Danville,,206470018,,P-1 (R-12),0.0,3.63,0.31
Danville,,206470027,,P-1 (R-12),0.0,3.63,0.32
Danville,,206470022,,P-1 (R-12),0.0,3.63,0.011
Danville,,206470026,,P-1 (R-12),0.0,3.63,0.298
Danville,,206470025,,P-1 (R-12),0.0,3.63,0.301
Danville,,206470023,,P-1,0.0,35.0,2.077
Danville,,206133036,,P-1 (R-6),0.0,7.26,0.141
Danville,,206133037,,P-1 (R-6),0.0,7.26,0.138
Danville,,206133026,,P-1 (R-6),0.0,7.26,0.078
Danville,,206133027,,P-1 (R-6),0.0,7.26,0.102
Danville,,206133039,,P-1 (R-6),0.0,7.26,0.136
Danville,,206133038,,P-1 (R-6),0.0,7.26,0.129
Danville,,206133042,,P-1 (R-6),0.0,7.26,0.136
Danville,,206133041,,P-1 (R-6),0.0,7.26,0.155
Danville,,206133040,,P-1 (R-6),0.0,7.26,0.142
Danville,,206133015,,P-1 (R-6),0.0,7.26,0.167
Danville,,206133017,,P-1 (R-6),0.0,7.26,0.185
Danville,,206133016,,P-1 (R-6),0.0,7.26,0.187
Danville,,206133014,,P-1 (R-6),0.0,7.26,0.162
Danville,,206133013,,P-1 (R-6),0.0,7.26,0.151
Danville,,206133018,,P-1 (R-6),0.0,7.26,0.189
Danville,,206430058,,P-1 (R-6),0.0,7.26,0.0
Danville,,206133019,,P-1 (R-6),0.0,7.26,0.191
Danville,,206133020,,P-1 (R-6),0.0,7.26,0.158
Danville,,206133025,,P-1 (R-6),0.0,7.26,0.148
Danville,,206133022,,P-1 (R-6),0.0,7.26,0.155
Danville,,206133023,,P-1 (R-6),0.0,7.26,0.181
Danville,,206460030,,P-1 (R-6),0.0,7.26,0.146
Danville,,206133066,,P-1 (R-6),0.0,7.26,0.172
Danville,,206133031,,P-1 (R-6),0.0,7.26,0.187
Danville,,206133030,,P-1 (R-6),0.0,7.26,0.201
Danville,,206133024,,P-1 (R-6),0.0,7.26,0.15
Danville,,206133028,,P-1 (R-6),0.0,7.26,0.178
Danville,,206133029,,P-1 (R-6),0.0,7.26,0.187
Danville,,206133072,,P-1 (R-6),0.0,7.26,0.675
Danville,,206133069,,P-1 (R-6),0.0,7.26,0.29
Danville,,206460086,,P-1,0.0,35.0,0.028
Danville,,206460031,,P-1 (R-6),0.0,7.26,0.136
Danville,,206460033,,P-1 (R-6),0.0,7.26,0.176
Danville,,206460034,,P-1 (R-6),0.0,7.26,0.148
Danville,,206460035,,P-1 (R-6),0.0,7.26,0.154
Danville,,206480115,,P-1 (R-6),0.0,7.26,0.0
Danville,,206460077,,P-1 (R-6),0.0,7.26,0.15
Danville,,206480046,,P-1 (R-6),0.0,7.26,0.0
Danville,,206480047,,P-1 (R-6),0.0,7.26,0.0
Danville,,206480045,,P-1 (R-6),0.0,7.26,0.0
Danville,,206460072,,P-1 (R-6),0.0,7.26,0.142
Danville,,206460074,,P-1 (R-6),0.0,7.26,0.136
Danville,,206460073,,P-1 (R-6),0.0,7.26,0.17
Danville,,206460076,,P-1 (R-6),0.0,7.26,0.157
Danville,,206460075,,P-1 (R-6),0.0,7.26,0.116
Danville,,206460032,,P-1 (R-6),0.0,7.26,0.15
Danville,,206460066,,P-1 (R-6),0.0,7.26,0.153
Danville,,206460069,,P-1 (R-6),0.0,7.26,0.115
Danville,,206460068,,P-1 (R-6),0.0,7.26,0.115
Danville,,206460067,,P-1 (R-6),0.0,7.26,0.146
Danville,,206460064,,P-1 (R-6),0.0,7.26,0.115
Danville,,206460065,,P-1 (R-6),0.0,7.26,0.115
Danville,,206460063,,P-1 (R-6),0.0,7.26,0.137
Danville,,206460062,,P-1 (R-6),0.0,7.26,0.189
Danville,,206460048,,P-1 (R-6),0.0,7.26,0.161
Danville,,206460026,,P-1 (R-6),0.0,7.26,0.14
Danville,,206460025,,P-1 (R-6),0.0,7.26,0.129
Danville,,206460027,,P-1 (R-6),0.0,7.26,0.142
Danville,,206460028,,P-1 (R-6),0.0,7.26,0.129
Danville,,206460029,,P-1 (R-6),0.0,7.26,0.138
Danville,,206133021,,P-1 (R-6),0.0,7.26,0.238
Danville,,206460024,,P-1 (R-6),0.0,7.26,0.138
Danville,,206430060,,P-1 (R-6),0.0,7.26,0.0
Danville,,206430059,,P-1 (R-6),0.0,7.26,0.0
Danville,,206430057,,P-1 (R-6),0.0,7.26,0.0
Danville,,206430056,,P-1 (R-6),0.0,7.26,0.0
Danville,,206430055,,P-1 (R-6),0.0,7.26,0.0
Danville,,206430061,,P-1 (R-6),0.0,7.26,0.0
Danville,,206430087,,P-1 (R-6),0.0,7.26,0.0
Danville,,206430088,,P-1 (R-6),0.0,7.26,0.0
Danville,,206430090,,P-1 (R-6),0.0,7.26,0.0
Danville,,206430089,,P-1 (R-6),0.0,7.26,0.0
Danville,,206430096,,P-1 (R-6),0.0,7.26,0.41
Danville,,206460023,,P-1 (R-6),0.0,7.26,0.139
Danville,,206460022,,P-1 (R-6),0.0,7.26,0.12
Danville,,206460021,,P-1 (R-6),0.0,7.26,0.127
Danville,,206460020,,P-1 (R-6),0.0,7.26,0.222
Danville,,206460019,,P-1 (R-6),0.0,7.26,0.209
Danville,,206460049,,P-1 (R-6),0.0,7.26,0.128
Danville,,206460047,,P-1 (R-6),0.0,7.26,0.209
Danville,,206460018,,P-1 (R-6),0.0,7.26,0.206
Danville,,206460046,,P-1 (R-6),0.0,7.26,0.132
Danville,,206430093,,P-1 (R-6),0.0,7.26,0.0
Danville,,206430092,,P-1 (R-6),0.0,7.26,0.0
Danville,,206430091,,P-1 (R-6),0.0,7.26,0.0
Danville,,206430094,,P-1 (R-6),0.0,7.26,0.0
Danville,,206430095,,P-1 (R-6),0.0,7.26,0.0
Danville,,206460017,,P-1 (R-6),0.0,7.26,0.259
Danville,,206460016,,P-1 (R-6),0.0,7.26,0.187
Danville,,206460015,,P-1 (R-6),0.0,7.26,0.14
Danville,,206430071,,P-1 (R-6),0.0,7.26,0.0
Danville,,206430072,,P-1 (R-6),0.0,7.26,0.0
Danville,,206430073,,P-1 (R-6),0.0,7.26,0.0
Danville,,206430046,,P-1 (R-6),0.0,7.26,0.0
Danville,,206430047,,P-1 (R-6),0.0,7.26,0.0
Danville,,206430042,,P-1 (R-6),0.0,7.26,0.0
Danville,,206430044,,P-1 (R-6),0.0,7.26,0.0
Danville,,206430043,,P-1 (R-6),0.0,7.26,0.0
Danville,,206430045,,P-1 (R-6),0.0,7.26,0.0
Danville,,206430074,,P-1 (R-6),0.0,7.26,0.0
Danville,,206430075,,P-1 (R-6),0.0,7.26,0.0
Danville,,206430076,,P-1 (R-6),0.0,7.26,0.0
Danville,,206430082,,P-1 (R-6),0.0,7.26,0.049
Danville,,206430083,,P-1 (R-6),0.0,7.26,0.139
Danville,,206430024,,P-1 (R-6),0.0,7.26,0.0
Danville,,206430023,,P-1 (R-6),0.0,7.26,0.0
Danville,,206430026,,P-1 (R-6),0.0,7.26,0.0
Danville,,206430025,,P-1 (R-6),0.0,7.26,0.0
Danville,,206430027,,P-1 (R-6),0.0,7.26,0.0
Danville,,206430039,,P-1 (R-6),0.0,7.26,0.0
Danville,,206430041,,P-1 (R-6),0.0,7.26,0.0
Danville,,206430040,,P-1 (R-6),0.0,7.26,0.0
Danville,,206430048,,P-1 (R-6),0.0,7.26,0.0
Danville,,206430049,,P-1 (R-6),0.0,7.26,0.0
Danville,,206430050,,P-1 (R-6),0.0,7.26,0.0
Danville,,206430052,,P-1 (R-6),0.0,7.26,0.0
Danville,,206430051,,P-1 (R-6),0.0,7.26,0.0
Danville,,206430038,,P-1 (R-6),0.0,7.26,0.0
Danville,,206430037,,P-1 (R-6),0.0,7.26,0.0
Danville,,206430036,,P-1 (R-6),0.0,7.26,0.0
Danville,,206430035,,P-1 (R-6),0.0,7.26,0.0
Danville,,206430053,,P-1 (R-6),0.0,7.26,0.0
Danville,,206430054,,P-1 (R-6),0.0,7.26,0.0
Danville,,206133006,,P-1 (R-6),0.0,7.26,0.147
Danville,,206430034,,P-1 (R-6),0.0,7.26,0.0
Danville,,206430033,,P-1 (R-6),0.0,7.26,0.0
Danville,,206133001,,P-1 (R-6),0.0,7.26,0.146
Danville,,206430031,,P-1 (R-6),0.0,7.26,0.0
Danville,,206430030,,P-1 (R-6),0.0,7.26,0.0
Danville,,206430029,,P-1 (R-6),0.0,7.26,0.0
Danville,,206430032,,P-1 (R-6),0.0,7.26,0.0
Danville,,206430028,,P-1 (R-6),0.0,7.26,0.0
Danville,,206430019,,P-1 (R-6),0.0,7.26,0.0
Danville,,206430020,,P-1 (R-6),0.0,7.26,0.0
Danville,,206430018,,P-1 (R-6),0.0,7.26,0.0
Danville,,206430017,,P-1 (R-6),0.0,7.26,0.0
Danville,,206430016,,P-1 (R-6),0.0,7.26,0.0
Danville,,206430011,,P-1 (R-6),0.0,7.26,0.0
Danville,,206430015,,P-1 (R-6),0.0,7.26,0.0
Danville,,206430014,,P-1 (R-6),0.0,7.26,0.0
Danville,,206133063,,P-1 (R-6),0.0,7.26,0.16
Danville,,206133064,,P-1 (R-6),0.0,7.26,0.152
Danville,,206133062,,P-1 (R-6),0.0,7.26,0.194
Danville,,206430013,,P-1 (R-6),0.0,7.26,0.0
Danville,,206430012,,P-1 (R-6),0.0,7.26,0.0
Danville,,206430010,,P-1 (R-6),0.0,7.26,0.0
Danville,,206430009,,P-1 (R-6),0.0,7.26,0.0
Danville,,206430008,,P-1 (R-6),0.0,7.26,0.0
Danville,,206430007,,P-1 (R-6),0.0,7.26,0.0
Danville,,206430004,,P-1 (R-6),0.0,7.26,0.0
Danville,,206430005,,P-1 (R-6),0.0,7.26,0.0
Danville,,206430006,,P-1 (R-6),0.0,7.26,0.0
Danville,,206430003,,P-1 (R-6),0.0,7.26,0.0
Danville,,206430002,,P-1 (R-6),0.0,7.26,0.0
Danville,,206133077,,P-1 (R-6),0.0,7.26,7.29
Danville,,206430001,,P-1 (R-6),0.0,7.26,0.0
Danville,,206430022,,P-1 (R-6),0.0,7.26,0.0
Danville,,206430021,,P-1 (R-6),0.0,7.26,0.0
Danville,,206430079,,P-1 (R-6),0.0,7.26,0.0
Danville,,206430078,,P-1 (R-6),0.0,7.26,0.0
Danville,,206430077,,P-1 (R-6),0.0,7.26,0.0
Danville,,206311001,,P-1 (R-10),0.0,4.36,0.0
Danville,,206311002,,P-1 (R-10),0.0,4.36,0.0
Danville,,206311003,,P-1 (R-10),0.0,4.36,0.0
Danville,,206311004,,P-1 (R-10),0.0,4.36,0.0
Danville,,206311020,,P-1,0.0,35.0,0.0
Danville,,206312001,,P-1 (R-10),0.0,4.36,0.0
Danville,,206312002,,P-1 (R-10),0.0,4.36,0.0
Danville,,206312003,,P-1 (R-10),0.0,4.36,0.0
Danville,,206312004,,P-1 (R-10),0.0,4.36,0.0
Danville,,206312005,,P-1 (R-10),0.0,4.36,0.0
Danville,,206020081,,P-1 (R-10),0.0,4.36,11.017
Danville,,206294024,,P-1,0.0,35.0,0.0
Danville,,206294011,,P-1 (R-6),0.0,7.26,0.0
Danville,,206294007,,P-1 (R-6),0.0,7.26,0.0
Danville,,206294006,,P-1 (R-6),0.0,7.26,0.0
Danville,,206294015,,P-1 (R-6),0.0,7.26,0.0
Danville,,206294014,,P-1 (R-6),0.0,7.26,0.0
Danville,,206294008,,P-1 (R-6),0.0,7.26,0.0
Danville,,206294010,,P-1 (R-6),0.0,7.26,0.0
Danville,,206294009,,P-1 (R-6),0.0,7.26,0.0
Danville,,206294013,,P-1 (R-6),0.0,7.26,0.0
Danville,,206294012,,P-1 (R-6),0.0,7.26,0.0
Danville,,206294018,,P-1 (R-6),0.0,7.26,0.0
Danville,,206294017,,P-1 (R-6),0.0,7.26,0.0
Danville,,206294016,,P-1 (R-6),0.0,7.26,0.0
Danville,,206293008,,P-1 (R-6),0.0,7.26,0.0
Danville,,206293009,,P-1 (R-6),0.0,7.26,0.0
Danville,,206293007,,P-1 (R-6),0.0,7.26,0.0
Danville,,206294019,,P-1 (R-6),0.0,7.26,0.0
Danville,,206294020,,P-1 (R-6),0.0,7.26,0.0
Danville,,206294021,,P-1 (R-6),0.0,7.26,0.192
Danville,,206292001,,P-1 (R-6),0.0,7.26,0.0
Danville,,206291001,,P-1 (R-6),0.0,7.26,0.0
Danville,,206294023,,P-1 (R-6),0.0,7.26,0.054
Danville,,206020078,,P-1,0.0,35.0,2.19
Danville,,206291002,,P-1,0.0,35.0,0.0
Danville,,206410074,,P-1,0.0,35.0,0.52
Danville,,206410001,,P-1 (R-6),0.0,7.26,0.0
Danville,,206410002,,P-1 (R-6),0.0,7.26,0.0
Danville,,206410049,,P-1 (R-6),0.0,7.26,0.0
Danville,,206410003,,P-1 (R-6),0.0,7.26,0.0
Danville,,206410005,,P-1 (R-6),0.0,7.26,0.0
Danville,,206410004,,P-1 (R-6),0.0,7.26,0.0
Danville,,206410048,,P-1 (R-6),0.0,7.26,0.0
Danville,,206410047,,P-1 (R-6),0.0,7.26,0.0
Danville,,206410006,,P-1 (R-6),0.0,7.26,0.0
Danville,,206410007,,P-1 (R-6),0.0,7.26,0.0
Danville,,206410009,,P-1 (R-6),0.0,7.26,0.0
Danville,,206410008,,P-1 (R-6),0.0,7.26,0.0
Danville,,206351024,,P-1 (R-6),0.0,7.26,0.0
Danville,,206351009,,P-1 (R-6),0.0,7.26,0.0
Danville,,206351008,,P-1 (R-6),0.0,7.26,0.0
Danville,,206351007,,P-1 (R-6),0.0,7.26,0.0
Danville,,206351006,,P-1 (R-6),0.0,7.26,0.0
Danville,,206351005,,P-1 (R-6),0.0,7.26,0.0
Danville,,206351004,,P-1 (R-6),0.0,7.26,0.0
Danville,,206010050,,P-1,0.0,35.0,5.21
Danville,,206010051,,P-1,0.0,35.0,0.45
Danville,,206010049,,P-1,0.0,35.0,1.35
Danville,,206351003,,P-1 (R-6),0.0,7.26,0.0
Danville,,206351001,,P-1 (R-6),0.0,7.26,0.0
Danville,,206351002,,P-1 (R-6),0.0,7.26,0.0
Danville,,206010030,,P-1,0.0,35.0,0.32
Danville,,206420078,,P-1,0.0,35.0,0.0
Danville,,206420077,,P-1,0.0,35.0,0.0
Danville,,206420075,,P-1,0.0,35.0,0.0
Danville,,206420076,,P-1,0.0,35.0,0.0
Danville,,206420074,,P-1,0.0,35.0,0.0
Danville,,206420073,,P-1,0.0,35.0,0.0
Danville,,206420062,,P-1,0.0,35.0,0.0
Danville,,206420061,,P-1,0.0,35.0,0.0
Danville,,206420060,,P-1,0.0,35.0,0.0
Danville,,206420052,,P-1,0.0,35.0,0.0
Danville,,206420053,,P-1,0.0,35.0,0.0
Danville,,206420198,,P-1,0.0,35.0,4.958
Danville,,206420054,,P-1,0.0,35.0,0.0
Danville,,206420055,,P-1,0.0,35.0,0.0
Danville,,206420049,,P-1,0.0,35.0,0.0
Danville,,206420050,,P-1,0.0,35.0,0.0
Danville,,206420051,,P-1,0.0,35.0,0.0
Danville,,206420058,,P-1,0.0,35.0,0.0
Danville,,206420059,,P-1,0.0,35.0,0.0
Danville,,206420057,,P-1,0.0,35.0,0.0
Danville,,206420056,,P-1,0.0,35.0,0.0
Danville,,206420038,,P-1,0.0,35.0,0.0
Danville,,206420039,,P-1,0.0,35.0,0.0
Danville,,206420040,,P-1,0.0,35.0,0.0
Danville,,206420041,,P-1,0.0,35.0,0.0
Danville,,206420042,,P-1,0.0,35.0,0.0
Danville,,206420030,,P-1,0.0,35.0,0.0
Danville,,206420031,,P-1,0.0,35.0,0.0
Danville,,206420029,,P-1,0.0,35.0,0.0
Danville,,206420028,,P-1,0.0,35.0,0.0
Danville,,206420027,,P-1,0.0,35.0,0.0
Danville,,206010056,,P-1,0.0,35.0,1.2
Danville,,206010046,,P-1,0.0,35.0,11.25
Danville,,206010045,,P-1,0.0,35.0,1.85
Danville,,206420006,,P-1,0.0,35.0,0.0
Danville,,206420005,,P-1,0.0,35.0,0.0
Danville,,206420004,,P-1,0.0,35.0,0.0
Danville,,206420002,,P-1,0.0,35.0,0.0
Danville,,206420003,,P-1,0.0,35.0,0.0
Danville,,206420001,,P-1,0.0,35.0,0.0
Danville,,206420202,,P-1,0.0,35.0,0.99
Danville,,206420201,,P-1,0.0,35.0,1.04
Danville,,206380169,,P-1,0.0,35.0,0.22
Danville,,206380165,,P-1,0.0,35.0,0.02
Danville,,206380083,,P-1,0.0,35.0,0.0
Danville,,206380082,,P-1,0.0,35.0,0.0
Danville,,206380081,,P-1,0.0,35.0,0.0
Danville,,206380080,,P-1,0.0,35.0,0.0
Danville,,206380084,,P-1,0.0,35.0,0.0
Danville,,206380089,,P-1,0.0,35.0,0.0
Danville,,206380088,,P-1,0.0,35.0,0.0
Danville,,206380076,,P-1,0.0,35.0,0.0
Danville,,206380077,,P-1,0.0,35.0,0.0
Danville,,206380078,,P-1,0.0,35.0,0.0
Danville,,206380079,,P-1,0.0,35.0,0.0
Danville,,206010033,,P-1,0.0,35.0,1.09
Danville,,206010061,,P-1,0.0,35.0,3.562
Danville,,206010053,,P-1,0.0,35.0,0.59
Danville,,206010059,,P-1,0.0,35.0,0.52
Danville,,206560005,,P-1,0.0,35.0,0.0
Danville,,206560004,,P-1,0.0,35.0,0.0
Danville,,206560003,,P-1,0.0,35.0,0.0
Danville,,206560002,,P-1,0.0,35.0,0.0
Danville,,206560017,,P-1,0.0,35.0,0.0
Danville,,206560022,,P-1,0.0,35.0,0.0
Danville,,206560001,,P-1,0.0,35.0,0.0
Danville,,206560018,,P-1,0.0,35.0,0.0
Danville,,206380170,,P-1,0.0,35.0,0.0
Danville,,206380073,,P-1,0.0,35.0,0.0
Danville,,206380072,,P-1,0.0,35.0,0.0
Danville,,206380074,,P-1,0.0,35.0,0.0
Danville,,206380075,,P-1,0.0,35.0,0.0
Danville,,206380070,,P-1,0.0,35.0,0.0
Danville,,206380069,,P-1,0.0,35.0,0.0
Danville,,206380068,,P-1,0.0,35.0,0.0
Danville,,206380058,,P-1,0.0,35.0,0.0
Danville,,206380059,,P-1,0.0,35.0,0.0
Danville,,206380057,,P-1,0.0,35.0,0.0
Danville,,206380056,,P-1,0.0,35.0,0.0
Danville,,206560021,,P-1,0.0,35.0,0.0
Danville,,206560024,,P-1,0.0,35.0,0.004
Danville,,206560020,,P-1,0.0,35.0,0.0
Danville,,206560019,,P-1,0.0,35.0,0.0
Danville,,206560011,,P-1,0.0,35.0,0.0
Danville,,206560012,,P-1,0.0,35.0,0.0
Danville,,206560013,,P-1,0.0,35.0,0.0
Danville,,206560014,,P-1,0.0,35.0,0.0
Danville,,206560015,,P-1,0.0,35.0,0.0
Danville,,206560016,,P-1,0.0,35.0,0.0
Danville,,206560010,,P-1,0.0,35.0,0.0
Danville,,206560007,,P-1,0.0,35.0,0.0
Danville,,206560006,,P-1,0.0,35.0,0.0
Danville,,206560008,,P-1,0.0,35.0,0.0
Danville,,206560009,,P-1,0.0,35.0,0.0
Danville,,206262006,,P-1 (R-6),0.0,7.26,0.0
Danville,,206262007,,P-1 (R-6),0.0,7.26,0.0
Danville,,206262001,,P-1 (R-6),0.0,7.26,0.0
Danville,,206261036,,P-1,0.0,35.0,0.0
Danville,,206261035,,P-1,0.0,35.0,0.0
Danville,,206261079,,P-1,0.0,35.0,0.0
Danville,,206261038,,P-1,0.0,35.0,0.0
Danville,,206261039,,P-1,0.0,35.0,0.0
Danville,,206261042,,P-1,0.0,35.0,0.0
Danville,,206261041,,P-1,0.0,35.0,0.0
Danville,,206261040,,P-1,0.0,35.0,0.0
Danville,,206261030,,P-1,0.0,35.0,0.0
Danville,,206261031,,P-1,0.0,35.0,0.0
Danville,,206261032,,P-1,0.0,35.0,0.0
Danville,,206261078,,P-1,0.0,35.0,0.0
Danville,,206261034,,P-1,0.0,35.0,0.0
Danville,,206261033,,P-1,0.0,35.0,0.0
Danville,,206261037,,P-1,0.0,35.0,0.0
Danville,,206261029,,P-1,0.0,35.0,0.0
Danville,,206261027,,P-1,0.0,35.0,0.0
Danville,,206261028,,P-1,0.0,35.0,0.0
Danville,,206261063,,P-1,0.0,35.0,0.0
Danville,,206261064,,P-1,0.0,35.0,0.0
Danville,,206261065,,P-1,0.0,35.0,0.0
Danville,,206261026,,P-1,0.0,35.0,0.0
Danville,,206261066,,P-1,0.0,35.0,0.0
Danville,,206261067,,P-1,0.0,35.0,0.0
Danville,,206261024,,P-1,0.0,35.0,0.0
Danville,,206261025,,P-1,0.0,35.0,0.0
Danville,,206261023,,P-1,0.0,35.0,0.0
Danville,,206261022,,P-1,0.0,35.0,0.0
Danville,,206261020,,P-1,0.0,35.0,0.0
Danville,,206261019,,P-1,0.0,35.0,0.0
Danville,,206261076,,P-1,0.0,35.0,0.0
Danville,,206261021,,P-1,0.0,35.0,0.0
Danville,,206261074,,P-1,0.0,35.0,0.0
Danville,,206261068,,P-1,0.0,35.0,0.0
Danville,,206261069,,P-1,0.0,35.0,0.0
Danville,,206261070,,P-1,0.0,35.0,0.0
Danville,,206261015,,P-1,0.0,35.0,0.0
Danville,,206261018,,P-1,0.0,35.0,0.0
Danville,,206261077,,P-1,0.0,35.0,0.0
Danville,,206261017,,P-1,0.0,35.0,0.0
Danville,,206261016,,P-1,0.0,35.0,0.0
Danville,,206261014,,P-1,0.0,35.0,0.0
Danville,,206261080,,P-1,0.0,35.0,0.0
Danville,,203200115,,P-1,0.0,35.0,0.0
Danville,,203200107,,P-1,0.0,35.0,0.0
Danville,,206010047,,P-1,0.0,35.0,15.07
Danville,,203200033,,P-1 (M-8),8.0,12.0,0.0
Danville,,203200032,,P-1 (M-8),8.0,12.0,0.0
Danville,,203200031,,P-1 (M-8),8.0,12.0,0.0
Danville,,203200027,,P-1 (M-8),8.0,12.0,0.0
Danville,,203200028,,P-1 (M-8),8.0,12.0,0.0
Danville,,203200029,,P-1 (M-8),8.0,12.0,0.0
Danville,,203200026,,P-1 (M-8),8.0,12.0,0.0
Danville,,203200025,,P-1 (M-8),8.0,12.0,0.0
Danville,,203200024,,P-1 (M-8),8.0,12.0,0.0
Danville,,203200023,,P-1 (M-8),8.0,12.0,0.0
Danville,,203200030,,P-1 (M-8),8.0,12.0,0.0
Danville,,203200035,,P-1 (M-8),8.0,12.0,0.0
Danville,,203200034,,P-1 (M-8),8.0,12.0,0.0
Danville,,203200040,,P-1 (M-8),8.0,12.0,0.0
Danville,,203200021,,P-1 (M-8),8.0,12.0,0.0
Danville,,203200022,,P-1 (M-8),8.0,12.0,0.0
Danville,,203200019,,P-1 (M-8),8.0,12.0,0.0
Danville,,203200020,,P-1 (M-8),8.0,12.0,0.0
Danville,,203200044,,P-1 (M-8),8.0,12.0,0.0
Danville,,203200045,,P-1 (M-8),8.0,12.0,0.0
Danville,,203200047,,P-1 (M-8),8.0,12.0,0.0
Danville,,203200048,,P-1 (M-8),8.0,12.0,0.0
Danville,,203200051,,P-1 (M-8),8.0,12.0,0.0
Danville,,203200052,,P-1 (M-8),8.0,12.0,0.0
Danville,,203200046,,P-1 (M-8),8.0,12.0,0.0
Danville,,203200055,,P-1 (M-8),8.0,12.0,0.0
Danville,,203200054,,P-1 (M-8),8.0,12.0,0.0
Danville,,203200053,,P-1 (M-8),8.0,12.0,0.0
Danville,,203200074,,P-1,0.0,35.0,0.0
Danville,,203200057,,P-1 (M-8),8.0,12.0,0.0
Danville,,203200056,,P-1 (M-8),8.0,12.0,0.0
Danville,,203200043,,P-1 (M-8),8.0,12.0,0.0
Danville,,203200042,,P-1 (M-8),8.0,12.0,0.0
Danville,,203200041,,P-1 (M-8),8.0,12.0,0.0
Danville,,203200058,,P-1 (M-8),8.0,12.0,0.0
Danville,,203200036,,P-1 (M-8),8.0,12.0,0.0
Danville,,203200037,,P-1 (M-8),8.0,12.0,0.0
Danville,,203200038,,P-1 (M-8),8.0,12.0,0.0
Danville,,203200039,,P-1 (M-8),8.0,12.0,0.0
Danville,,203200062,,P-1 (M-8),8.0,12.0,0.3
Danville,,203200079,,P-1,0.0,35.0,0.0
Danville,,203200078,,P-1,0.0,35.0,0.0
Danville,,203200076,,P-1,0.0,35.0,0.0
Danville,,203200077,,P-1,0.0,35.0,0.0
Danville,,203200110,,P-1,0.0,35.0,0.0
Danville,,203200089,,P-1,0.0,35.0,0.0
Danville,,203200114,,P-1,0.0,35.0,0.0
Danville,,203200091,,P-1,0.0,35.0,0.0
Danville,,203200092,,P-1,0.0,35.0,0.0
Danville,,203200093,,P-1,0.0,35.0,0.0
Danville,,203200088,,P-1,0.0,35.0,0.0
Danville,,203200090,,P-1,0.0,35.0,0.0
Danville,,203200080,,P-1,0.0,35.0,0.0
Danville,,203200082,,P-1,0.0,35.0,0.0
Danville,,203200081,,P-1,0.0,35.0,0.0
Danville,,203200087,,P-1,0.0,35.0,0.0
Danville,,203200086,,P-1,0.0,35.0,0.0
Danville,,203200085,,P-1,0.0,35.0,0.0
Danville,,203200106,,P-1,0.0,35.0,0.0
Danville,,203200084,,P-1,0.0,35.0,0.0
Danville,,203200083,,P-1,0.0,35.0,0.0
Danville,,203200075,,P-1,0.0,35.0,0.0
Danville,,203200073,,P-1,0.0,35.0,0.0
Danville,,203200072,,P-1,0.0,35.0,0.0
Danville,,203200071,,P-1,0.0,35.0,0.0
Danville,,203200050,,P-1 (M-8),8.0,12.0,0.0
Danville,,203200061,,P-1 (M-8),8.0,12.0,0.57
Danville,,203200049,,P-1 (M-8),8.0,12.0,0.0
Danville,,203200059,,P-1 (M-8),8.0,12.0,0.25
Danville,,203191017,,P-1 (M-8),8.0,12.0,0.0
Danville,,203191016,,P-1 (M-8),8.0,12.0,0.0
Danville,,203191018,,P-1 (M-8),8.0,12.0,0.0
Danville,,203200070,,P-1,0.0,35.0,0.0
Danville,,203200069,,P-1,0.0,35.0,0.0
Danville,,203200068,,P-1,0.0,35.0,0.0
Danville,,203200066,,P-1,0.0,35.0,0.0
Danville,,203200067,,P-1,0.0,35.0,0.0
Danville,,203200112,,P-1,0.0,35.0,0.0
Danville,,203200117,,P-1,0.0,35.0,0.0
Danville,,203191020,,P-1 (M-8),8.0,12.0,0.0
Danville,,203191019,,P-1 (M-8),8.0,12.0,0.0
Danville,,203191009,,P-1 (M-8),8.0,12.0,0.0
Danville,,203191008,,P-1 (M-8),8.0,12.0,0.0
Danville,,203191003,,P-1 (M-8),8.0,12.0,0.0
Danville,,203191066,,P-1 (M-8),8.0,12.0,0.0
Danville,,203191067,,P-1 (M-8),8.0,12.0,0.0
Danville,,203191065,,P-1 (M-8),8.0,12.0,0.0
Danville,,203191005,,P-1 (M-8),8.0,12.0,0.0
Danville,,203191004,,P-1 (M-8),8.0,12.0,0.0
Danville,,203191006,,P-1 (M-8),8.0,12.0,0.0
Danville,,203191007,,P-1 (M-8),8.0,12.0,0.0
Danville,,203191013,,P-1 (M-8),8.0,12.0,0.0
Danville,,203191012,,P-1 (M-8),8.0,12.0,0.0
Danville,,203191011,,P-1 (M-8),8.0,12.0,0.0
Danville,,203191010,,P-1 (M-8),8.0,12.0,0.0
Danville,,203800044,,P-1 (M-8),8.0,12.0,0.0
Danville,,203800043,,P-1 (M-8),8.0,12.0,0.0
Danville,,203800042,,P-1 (M-8),8.0,12.0,0.0
Danville,,203191015,,P-1 (M-8),8.0,12.0,0.0
Danville,,203191014,,P-1 (M-8),8.0,12.0,0.0
Danville,,203800019,,P-1 (M-8),8.0,12.0,0.0
Danville,,203800020,,P-1 (M-8),8.0,12.0,0.0
Danville,,203800021,,P-1 (M-8),8.0,12.0,0.0
Danville,,203800023,,P-1 (M-8),8.0,12.0,0.0
Danville,,203800022,,P-1 (M-8),8.0,12.0,0.0
Danville,,203800041,,P-1 (M-8),8.0,12.0,0.0
Danville,,203800040,,P-1 (M-8),8.0,12.0,0.0
Danville,,203800039,,P-1 (M-8),8.0,12.0,0.0
Danville,,203800038,,P-1 (M-8),8.0,12.0,0.0
Danville,,203800058,,P-1 (M-8),8.0,12.0,0.0
Danville,,203800069,,P-1 (M-8),8.0,12.0,0.52
Danville,,203800057,,P-1 (M-8),8.0,12.0,0.0
Danville,,203800070,,P-1 (M-8),8.0,12.0,0.67
Danville,,203800036,,P-1 (M-8),8.0,12.0,0.0
Danville,,203800037,,P-1 (M-8),8.0,12.0,0.0
Danville,,203800033,,P-1 (M-8),8.0,12.0,0.0
Danville,,203800035,,P-1 (M-8),8.0,12.0,0.0
Danville,,203800034,,P-1 (M-8),8.0,12.0,0.0
Danville,,203800066,,P-1 (M-8),8.0,12.0,0.55
Danville,,203800056,,P-1 (M-8),8.0,12.0,0.0
Danville,,203800065,,P-1 (M-8),8.0,12.0,1.09
Danville,,203800032,,P-1 (M-8),8.0,12.0,0.0
Danville,,203800031,,P-1 (M-8),8.0,12.0,0.0
Danville,,203800027,,P-1 (M-8),8.0,12.0,0.0
Danville,,203800028,,P-1 (M-8),8.0,12.0,0.0
Danville,,203800029,,P-1 (M-8),8.0,12.0,0.0
Danville,,203800030,,P-1 (M-8),8.0,12.0,0.0
Danville,,203800025,,P-1 (M-8),8.0,12.0,0.0
Danville,,203800026,,P-1 (M-8),8.0,12.0,0.0
Danville,,203800024,,P-1 (M-8),8.0,12.0,0.0
Danville,,203200012,,P-1 (M-8),8.0,12.0,0.0
Danville,,203200011,,P-1 (M-8),8.0,12.0,0.0
Danville,,203200018,,P-1 (M-8),8.0,12.0,0.0
Danville,,203200017,,P-1 (M-8),8.0,12.0,0.0
Danville,,203200015,,P-1 (M-8),8.0,12.0,0.0
Danville,,203200016,,P-1 (M-8),8.0,12.0,0.0
Danville,,203200014,,P-1 (M-8),8.0,12.0,0.0
Danville,,203200013,,P-1 (M-8),8.0,12.0,0.0
Danville,,203200060,,P-1 (M-8),8.0,12.0,1.27
Danville,,203800012,,P-1 (R-6),0.0,7.26,0.0
Danville,,203800010,,P-1 (R-6),0.0,7.26,0.0
Danville,,203800011,,P-1 (R-6),0.0,7.26,0.0
Danville,,203800055,,P-1 (M-8),8.0,12.0,0.0
Danville,,203800074,,P-1 (M-8),8.0,12.0,0.55
Danville,,203800053,,P-1 (M-8),8.0,12.0,0.0
Danville,,203800054,,P-1 (M-8),8.0,12.0,0.0
Danville,,203800059,,P-1 (M-8),8.0,12.0,0.0
Danville,,203800060,,P-1 (M-8),8.0,12.0,0.0
Danville,,203800071,,P-1 (M-8),8.0,12.0,0.36
Danville,,203800068,,P-1 (M-8),8.0,12.0,0.41
Danville,,203800050,,P-1 (M-8),8.0,12.0,0.0
Danville,,203800049,,P-1 (M-8),8.0,12.0,0.0
Danville,,203800067,,P-1 (M-8),8.0,12.0,0.55
Danville,,203800052,,P-1 (M-8),8.0,12.0,0.0
Danville,,203800051,,P-1 (M-8),8.0,12.0,0.0
Danville,,203800005,,P-1 (R-6),0.0,7.26,0.0
Danville,,203800004,,P-1 (R-6),0.0,7.26,0.0
Danville,,203800003,,P-1 (R-6),0.0,7.26,0.0
Danville,,203800006,,P-1 (R-6),0.0,7.26,0.0
Danville,,203800009,,P-1 (R-6),0.0,7.26,0.0
Danville,,203800008,,P-1 (R-6),0.0,7.26,0.0
Danville,,203800007,,P-1 (R-6),0.0,7.26,0.0
Danville,,203800001,,P-1 (R-6),0.0,7.26,0.0
Danville,,203800002,,P-1 (R-6),0.0,7.26,0.0
Danville,,203182029,,P-1 (R-6),0.0,7.26,0.0
Danville,,203800048,,P-1 (M-8),8.0,12.0,0.0
Danville,,203800047,,P-1 (M-8),8.0,12.0,0.0
Danville,,203800046,,P-1 (M-8),8.0,12.0,0.0
Danville,,203800045,,P-1 (M-8),8.0,12.0,0.0
Danville,,203191060,,P-1 (M-8),8.0,12.0,0.0
Danville,,203191059,,P-1 (M-8),8.0,12.0,0.0
Danville,,203191058,,P-1 (M-8),8.0,12.0,0.0
Danville,,203191057,,P-1 (M-8),8.0,12.0,0.0
Danville,,203191062,,P-1 (M-8),8.0,12.0,0.0
Danville,,203191061,,P-1 (M-8),8.0,12.0,0.0
Danville,,203191068,,P-1 (M-8),8.0,12.0,0.0
Danville,,203191063,,P-1 (M-8),8.0,12.0,0.0
Danville,,203191064,,P-1 (M-8),8.0,12.0,0.0
Danville,,203191050,,P-1 (M-8),8.0,12.0,0.0
Danville,,203191051,,P-1 (M-8),8.0,12.0,0.0
Danville,,203191052,,P-1 (M-8),8.0,12.0,0.0
Danville,,203182026,,P-1 (M-8),8.0,12.0,0.0
Danville,,203191054,,P-1 (M-8),8.0,12.0,0.0
Danville,,203191053,,P-1 (M-8),8.0,12.0,0.0
Danville,,203191055,,P-1 (M-8),8.0,12.0,0.0
Danville,,203191056,,P-1 (M-8),8.0,12.0,0.0
Danville,,203182010,,P-1 (R-6),0.0,7.26,0.0
Danville,,203182009,,P-1 (R-6),0.0,7.26,0.0
Danville,,203182034,,P-1 (R-6),0.0,7.26,0.0
Danville,,203182035,,P-1 (R-6),0.0,7.26,0.0
Danville,,203182036,,P-1 (R-6),0.0,7.26,0.0
Danville,,203182030,,P-1 (R-6),0.0,7.26,0.0
Danville,,203182031,,P-1 (R-6),0.0,7.26,0.0
Danville,,203182032,,P-1 (R-6),0.0,7.26,0.0
Danville,,203182042,,P-1 (R-6),0.0,7.26,0.0
Danville,,203182043,,P-1 (R-6),0.0,7.26,0.0
Danville,,203182044,,P-1 (R-6),0.0,7.26,0.0
Danville,,203182041,,P-1 (R-6),0.0,7.26,0.0
Danville,,203182033,,P-1 (R-6),0.0,7.26,0.0
Danville,,203182039,,P-1 (R-6),0.0,7.26,0.0
Danville,,203182023,,P-1 (R-6),0.0,7.26,0.0
Danville,,203182046,,P-1 (R-6),0.0,7.26,0.0
Danville,,203182040,,P-1 (R-6),0.0,7.26,0.0
Danville,,203182045,,P-1 (R-6),0.0,7.26,0.0
Danville,,203171036,,P-1 (R-6),0.0,7.26,0.0
Danville,,203171035,,P-1 (R-6),0.0,7.26,0.0
Danville,,203171038,,P-1 (R-6),0.0,7.26,0.0
Danville,,203171037,,P-1 (R-6),0.0,7.26,0.0
Danville,,203171039,,P-1 (R-6),0.0,7.26,0.0
Danville,,203171051,,P-1 (R-7),0.0,6.22,0.0
Danville,,203171052,,P-1 (R-7),0.0,6.22,0.0
Danville,,203171053,,P-1 (R-7),0.0,6.22,0.0
Danville,,203171054,,P-1 (R-7),0.0,6.22,0.0
Danville,,203171040,,P-1 (R-6),0.0,7.26,0.0
Danville,,203800018,,P-1 (R-6),0.0,7.26,0.0
Danville,,203800017,,P-1 (R-6),0.0,7.26,0.0
Danville,,203800016,,P-1 (R-6),0.0,7.26,0.0
Danville,,203800015,,P-1 (R-6),0.0,7.26,0.0
Danville,,203800014,,P-1 (R-6),0.0,7.26,0.0
Danville,,203800013,,P-1 (R-6),0.0,7.26,0.0
Danville,,203800073,,P-1,0.0,35.0,3.67
Danville,,203171055,,P-1 (R-7),0.0,6.22,0.0
Danville,,203171056,,P-1 (R-7),0.0,6.22,0.0
Danville,,203171084,,P-1 (R-7),0.0,6.22,0.35
Danville,,203171086,,P-1 (R-7),0.0,6.22,1.42
Danville,,203171057,,P-1 (R-7),0.0,6.22,0.0
Danville,,203171068,,P-1 (R-7),0.0,6.22,0.0
Danville,,203171058,,P-1 (R-7),0.0,6.22,0.0
Danville,,203171067,,P-1 (R-7),0.0,6.22,0.0
Danville,,203171065,,P-1 (R-7),0.0,6.22,0.0
Danville,,203171069,,P-1 (R-7),0.0,6.22,0.0
Danville,,203171073,,P-1 (R-7),0.0,6.22,0.121
Danville,,203171074,,P-1 (R-7),0.0,6.22,0.0
Danville,,203171082,,P-1 (R-7),0.0,6.22,0.023
Danville,,203171075,,P-1 (R-7),0.0,6.22,0.0
Danville,,203171076,,P-1 (R-7),0.0,6.22,0.0
Danville,,203171077,,P-1 (R-7),0.0,6.22,0.0
Danville,,203171078,,P-1 (R-7),0.0,6.22,0.0
Danville,,203171081,,P-1 (R-7),0.0,6.22,0.095
Danville,,203171046,,P-1 (R-7),0.0,6.22,0.0
Danville,,203171047,,P-1 (R-7),0.0,6.22,0.0
Danville,,203171062,,P-1 (R-7),0.0,6.22,0.0
Danville,,203171063,,P-1 (R-7),0.0,6.22,0.0
Danville,,203171064,,P-1 (R-7),0.0,6.22,0.0
Danville,,203171066,,P-1 (R-7),0.0,6.22,0.0
Danville,,203171061,,P-1 (R-7),0.0,6.22,0.0
Danville,,203171059,,P-1 (R-7),0.0,6.22,0.0
Danville,,203171060,,P-1 (R-7),0.0,6.22,0.0
Danville,,203171050,,P-1 (R-7),0.0,6.22,0.0
Danville,,203171049,,P-1 (R-7),0.0,6.22,0.0
Danville,,203171048,,P-1 (R-7),0.0,6.22,0.0
Danville,,203171032,,P-1 (R-6),0.0,7.26,0.0
Danville,,203171034,,P-1 (R-6),0.0,7.26,0.0
Danville,,203171033,,P-1 (R-6),0.0,7.26,0.0
Danville,,203171016,,P-1 (R-6),0.0,7.26,0.0
Danville,,203171018,,P-1 (R-6),0.0,7.26,0.0
Danville,,203171020,,P-1 (R-6),0.0,7.26,0.0
Danville,,203171031,,P-1 (R-6),0.0,7.26,0.0
Danville,,203171030,,P-1 (R-6),0.0,7.26,0.0
Danville,,203171022,,P-1 (R-6),0.0,7.26,0.0
Danville,,203171025,,P-1 (R-6),0.0,7.26,0.0
Danville,,203171026,,P-1 (R-6),0.0,7.26,0.0
Danville,,203171027,,P-1 (R-6),0.0,7.26,0.0
Danville,,203171028,,P-1 (R-6),0.0,7.26,0.0
Danville,,203171044,,P-1 (R-7),0.0,6.22,0.0
Danville,,203171029,,P-1 (R-6),0.0,7.26,0.0
Danville,,203171045,,P-1 (R-7),0.0,6.22,0.0
Danville,,203171083,,P-1 (R-7),0.0,6.22,0.025
Danville,,203160012,,P-1,0.0,35.0,0.322
Danville,,203160011,,P-1,0.0,35.0,0.464
Danville,,215340056,,P-1,0.0,35.0,0.077
Danville,,215340053,,P-1 (R-20),0.0,2.18,0.69
Danville,,215340057,,P-1,0.0,35.0,2.392
Danville,,203160029,,P-1,0.0,35.0,0.303
Danville,,203160028,,P-1,0.0,35.0,0.305
Danville,,203160013,,P-1,0.0,35.0,0.285
Danville,,203160027,,P-1,0.0,35.0,0.316
Danville,,203160025,,P-1,0.0,35.0,0.352
Danville,,203160009,,P-1,0.0,35.0,0.882
Danville,,203160024,,P-1,0.0,35.0,0.475
Danville,,203160020,,P-1,0.0,35.0,0.36
Danville,,203160021,,P-1,0.0,35.0,0.359
Danville,,203160019,,P-1,0.0,35.0,0.378
Danville,,203160018,,P-1,0.0,35.0,0.42
Danville,,203160026,,P-1,0.0,35.0,0.363
Danville,,203160014,,P-1,0.0,35.0,0.311
Danville,,203160015,,P-1,0.0,35.0,0.337
Danville,,203160016,,P-1,0.0,35.0,0.459
Danville,,203160017,,P-1,0.0,35.0,0.734
Danville,,203171072,,P-1 (R-7),0.0,6.22,0.166
Danville,,203171085,,P-1 (R-7),0.0,6.22,0.29
Danville,,215340060,,P-1,0.0,35.0,3.027
Danville,,203160007,,P-1,0.0,35.0,3.856
Danville,,203160022,,P-1,0.0,35.0,0.505
Danville,,203160023,,P-1,0.0,35.0,0.493
Danville,,203160008,,P-1,0.0,35.0,0.942
Danville,,215340059,,P-1,0.0,35.0,1.351
Danville,,215340058,,P-1 (R-20),0.0,2.18,1.0
Danville,,215340011,,P-1 (R-20),0.0,2.18,0.0
Danville,,215340009,,P-1 (R-20),0.0,2.18,0.0
Danville,,215340010,,P-1 (R-20),0.0,2.18,0.0
Danville,,215340063,,P-1 (R-20),0.0,2.18,0.744
Danville,,215340062,,P-1,0.0,35.0,1.13
Danville,,215340061,,P-1,0.0,35.0,1.5
Danville,,215350019,,P-1 (R-10),0.0,4.36,0.441
Danville,,215350017,,P-1 (R-10),0.0,4.36,0.0
Danville,,215350015,,P-1 (R-10),0.0,4.36,0.0
Danville,,215350001,,P-1 (R-10),0.0,4.36,0.0
Danville,,215350002,,P-1 (R-10),0.0,4.36,0.0
Danville,,215350003,,P-1 (R-10),0.0,4.36,0.0
Danville,,215350014,,P-1 (R-10),0.0,4.36,0.0
Danville,,215350016,,P-1 (R-10),0.0,4.36,0.0
Danville,,215350013,,P-1 (R-10),0.0,4.36,0.0
Danville,,215350012,,P-1 (R-10),0.0,4.36,0.0
Danville,,215350006,,P-1 (R-10),0.0,4.36,0.0
Danville,,215350005,,P-1 (R-10),0.0,4.36,0.0
Danville,,215350004,,P-1 (R-10),0.0,4.36,0.0
Danville,,215350007,,P-1 (R-10),0.0,4.36,0.0
Danville,,215350008,,P-1 (R-10),0.0,4.36,0.0
Danville,,215080025,,P-1,0.0,35.0,9.979
Danville,,215350009,,P-1 (R-10),0.0,4.36,0.0
Danville,,215350010,,P-1 (R-10),0.0,4.36,0.0
Danville,,215350011,,P-1 (R-10),0.0,4.36,0.0
Danville,,215080011,,P-1,0.0,35.0,11.284
Danville,,215080015,,P-1,0.0,35.0,107.472
Danville,,215080024,,P-1,0.0,35.0,13.31
Danville,,215080023,,P-1,0.0,35.0,7.15
Danville,,215080016,,P-1,0.0,35.0,0.17
Danville,,206460014,,P-1 (R-6),0.0,7.26,0.0
Danville,,206460013,,P-1 (R-6),0.0,7.26,0.0
Danville,,206460009,,P-1 (R-6),0.0,7.26,0.0
Danville,,206460010,,P-1 (R-6),0.0,7.26,0.0
Danville,,206460011,,P-1 (R-6),0.0,7.26,0.0
Danville,,206460012,,P-1 (R-6),0.0,7.26,0.0
Danville,,206460044,,P-1 (R-6),0.0,7.26,0.115
Danville,,206460045,,P-1 (R-6),0.0,7.26,0.115
Danville,,206460050,,P-1 (R-6),0.0,7.26,0.126
Danville,,206460041,,P-1 (R-6),0.0,7.26,0.115
Danville,,206460042,,P-1 (R-6),0.0,7.26,0.115
Danville,,206460043,,P-1 (R-6),0.0,7.26,0.115
Danville,,206460005,,P-1 (R-6),0.0,7.26,0.0
Danville,,206460006,,P-1 (R-6),0.0,7.26,0.0
Danville,,206460007,,P-1 (R-6),0.0,7.26,0.0
Danville,,206460008,,P-1 (R-6),0.0,7.26,0.0
Danville,,206460004,,P-1 (R-6),0.0,7.26,0.0
Danville,,206460003,,P-1 (R-6),0.0,7.26,0.14
Danville,,206460001,,P-1 (R-6),0.0,7.26,0.151
Danville,,206460002,,P-1 (R-6),0.0,7.26,0.128
Danville,,206460036,,P-1 (R-6),0.0,7.26,0.123
Danville,,206460056,,P-1 (R-6),0.0,7.26,0.135
Danville,,206460055,,P-1 (R-6),0.0,7.26,0.124
Danville,,206460038,,P-1 (R-6),0.0,7.26,0.115
Danville,,206460037,,P-1 (R-6),0.0,7.26,0.111
Danville,,206460040,,P-1 (R-6),0.0,7.26,0.115
Danville,,206460039,,P-1 (R-6),0.0,7.26,0.115
Danville,,206460054,,P-1 (R-6),0.0,7.26,0.126
Danville,,206460053,,P-1 (R-6),0.0,7.26,0.126
Danville,,206460052,,P-1 (R-6),0.0,7.26,0.126
Danville,,206460051,,P-1 (R-6),0.0,7.26,0.126
Danville,,206460061,,P-1 (R-6),0.0,7.26,0.115
Danville,,206460060,,P-1 (R-6),0.0,7.26,0.115
Danville,,206460070,,P-1 (R-6),0.0,7.26,0.122
Danville,,206460059,,P-1 (R-6),0.0,7.26,0.115
Danville,,206460058,,P-1 (R-6),0.0,7.26,0.115
Danville,,206460057,,P-1 (R-6),0.0,7.26,0.123
Danville,,206480001,,P-1 (R-6),0.0,7.26,0.0
Danville,,206460071,,P-1 (R-6),0.0,7.26,0.155
Danville,,206480044,,P-1 (R-6),0.0,7.26,0.0
Danville,,206480004,,P-1 (R-6),0.0,7.26,0.0
Danville,,206480003,,P-1 (R-6),0.0,7.26,0.0
Danville,,206480007,,P-1 (R-6),0.0,7.26,0.0
Danville,,206480006,,P-1 (R-6),0.0,7.26,0.0
Danville,,206480014,,P-1 (R-6),0.0,7.26,0.0
Danville,,206480121,,P-1 (R-6),0.0,7.26,0.151
Danville,,206480002,,P-1 (R-6),0.0,7.26,0.0
Danville,,206020096,,P-1,0.0,35.0,7.99
Danville,,206480013,,P-1 (R-6),0.0,7.26,0.0
Danville,,215290011,,P-1 (R-20),0.0,2.18,0.5903168672974409
Danville,,215290009,,P-1 (R-20),0.0,2.18,0.588090048702824
Danville,,215290010,,P-1 (R-20),0.0,2.18,0.6130652756350656
Danville,,215070005,,P-1,0.0,35.0,60.36149364587041
Danville,,215290007,,P-1 (R-20),0.0,2.18,0.0
Danville,,215290008,,P-1 (R-20),0.0,2.18,0.0
Danville,,215290006,,P-1 (R-20),0.0,2.18,0.0
Danville,,215290005,,P-1 (R-20),0.0,2.18,0.0
Danville,,215290004,,P-1 (R-20),0.0,2.18,0.0
Danville,,215290002,,P-1 (R-20),0.0,2.18,0.0
Danville,,215290001,,P-1 (R-20),0.0,2.18,0.0
Danville,,215290003,,P-1 (R-20),0.0,2.18,0.0
Danville,,215313007,,P-1 (R-10),0.0,4.36,0.34474355711327204
Danville,,215313008,,P-1 (R-10),0.0,4.36,0.3678926123244917
Danville,,215305001,,P-1 (R-10),0.0,4.36,0.43014739958350506
Danville,,215311001,,P-1 (R-10),0.0,4.36,0.3462948996455
Danville,,215311002,,P-1 (R-10),0.0,4.36,0.3488971790911025
Danville,,215311003,,P-1 (R-10),0.0,4.36,0.34579224695107497
Danville,,215313006,,P-1 (R-10),0.0,4.36,0.0
Danville,,215311004,,P-1 (R-10),0.0,4.36,0.3458374199705421
Danville,,215312002,,P-1 (R-10),0.0,4.36,0.36289113370135956
Danville,,215312003,,P-1 (R-10),0.0,4.36,0.41022870238498127
Danville,,215313003,,P-1 (R-10),0.0,4.36,0.0
Danville,,215313004,,P-1 (R-10),0.0,4.36,0.0
Danville,,215313005,,P-1 (R-10),0.0,4.36,0.0
Danville,,215313002,,P-1 (R-10),0.0,4.36,0.0
Danville,,215313001,,P-1 (R-10),0.0,4.36,0.0
Danville,,215324011,,P-1 (R-10),0.0,4.36,0.0
Danville,,215324010,,P-1 (R-10),0.0,4.36,0.0
Danville,,215324009,,P-1 (R-10),0.0,4.36,0.0
Danville,,215321001,,P-1 (R-10),0.0,4.36,0.0
Danville,,215312006,,P-1 (R-10),0.0,4.36,0.0
Danville,,215312005,,P-1 (R-10),0.0,4.36,0.0
Danville,,215312004,,P-1 (R-10),0.0,4.36,0.0
Danville,,215312001,,P-1 (R-10),0.0,4.36,0.3459646371311747
Danville,,215311006,,P-1 (R-10),0.0,4.36,0.3872025588342885
Danville,,215311005,,P-1 (R-10),0.0,4.36,0.4066838967039703
Danville,,215304004,,P-1 (R-10),0.0,4.36,0.5070836816158165
Danville,,215070014,,P-1,0.0,35.0,31.5
Danville,,215070017,,P-1,0.0,35.0,33.45663576045686
Danville,,215303001,,P-1 (R-15),0.0,2.9,0.43593461322903904
Danville,,215303002,,P-1 (R-15),0.0,2.9,0.37754973070470077
Danville,,215303003,,P-1 (R-15),0.0,2.9,0.3816861260080229
Danville,,215303004,,P-1 (R-15),0.0,2.9,0.3638216307238865
Danville,,215302011,,P-1 (R-15),0.0,2.9,0.5010195713467311
Danville,,215302008,,P-1 (R-15),0.0,2.9,0.3466715874727476
Danville,,215302012,,P-1 (R-15),0.0,2.9,0.37455423734133125
Danville,,215302006,,P-1 (R-15),0.0,2.9,0.38109785011250424
Danville,,215302007,,P-1 (R-15),0.0,2.9,0.3568621379118842
Danville,,215302003,,P-1 (R-15),0.0,2.9,0.3686858335643059
Danville,,215302002,,P-1 (R-15),0.0,2.9,0.36733747989560567
Danville,,215302001,,P-1 (R-15),0.0,2.9,0.34464624599036886
Danville,,215303008,,P-1 (R-15),0.0,2.9,0.3589335615529586
Danville,,215302010,,P-1 (R-15),0.0,2.9,0.3829412861137363
Danville,,215302009,,P-1 (R-15),0.0,2.9,0.3443496358433367
Danville,,215303006,,P-1 (R-15),0.0,2.9,0.39909831905891385
Danville,,215303005,,P-1 (R-15),0.0,2.9,0.3954680711693967
Danville,,215303007,,P-1 (R-15),0.0,2.9,0.3660683433686059
Danville,,215304001,,P-1 (R-10),0.0,4.36,0.3491558447861587
Danville,,215304002,,P-1 (R-10),0.0,4.36,0.3428137041092148
Danville,,215304003,,P-1 (R-10),0.0,4.36,0.40015082054086526
Danville,,215304005,,P-1 (R-10),0.0,4.36,0.38878288033183533
Danville,,215304006,,P-1 (R-10),0.0,4.36,0.3462386158081149
Danville,,215304008,,P-1 (R-10),0.0,4.36,0.5110415953908723
Danville,,215305002,,P-1 (R-10),0.0,4.36,0.3470042066495632
Danville,,215304007,,P-1 (R-10),0.0,4.36,0.3892747001470783
Danville,,215306002,,P-1 (R-10),0.0,4.36,0.3794486819516042
Danville,,215305003,,P-1 (R-10),0.0,4.36,0.3502945955707967
Danville,,215306001,,P-1 (R-10),0.0,4.36,0.42078120048842366
Danville,,215301003,,P-1 (R-15),0.0,2.9,0.3946901466106131
Danville,,215301002,,P-1 (R-15),0.0,2.9,0.3632225466338818
Danville,,215301001,,P-1 (R-15),0.0,2.9,0.432259440842781
Danville,,215290012,,P-1 (R-20),0.0,2.18,1.0
Danville,,215302005,,P-1 (R-15),0.0,2.9,0.4109382319876716
Danville,,215302004,,P-1 (R-15),0.0,2.9,0.3534474082587075
Danville,,215070016,,P-1,0.0,35.0,18.35
Danville,,215360004,,P-1 (R-20),0.0,2.18,1.8899271040966144
Danville,,215240005,,R-20,0.0,2.18,0.5584576963799295
Danville,,215050007,,R-20,0.0,2.18,0.6092837832778906
Danville,,215070006,,P-1,0.0,35.0,14.03
Danville,,215050019,,R-20,0.0,2.18,0.5386589201292803
Danville,,215070004,,P-1,0.0,35.0,0.864
Danville,,215050018,,R-20,0.0,2.18,0.49268788710665645
Danville,,215050020,,R-20,0.0,2.18,0.5174277308199318
Danville,,215050021,,R-20,0.0,2.18,0.5433182140929943
Danville,,215050022,,R-20,0.0,2.18,0.5088016139168761
Danville,,215050005,,R-20,0.0,2.18,0.4621219845112617
Danville,,215050006,,R-20,0.0,2.18,0.44852901755016106
Danville,,215050008,,R-20,0.0,2.18,0.4643068534656579
Danville,,215050009,,R-20,0.0,2.18,0.5806956139058874
Danville,,215050017,,R-20,0.0,2.18,1.547
Danville,,215050011,,R-20,0.0,2.18,0.5076893049059609
Danville,,215050012,,R-20,0.0,2.18,0.4546675549529609
Danville,,215191003,,R-20,0.0,2.18,0.4670892306919063
Danville,,215191002,,R-20,0.0,2.18,0.470452824040754
Danville,,215191004,,R-20,0.0,2.18,0.48307926198818363
Danville,,215191005,,R-20,0.0,2.18,0.570622040457012
Danville,,215240004,,R-20,0.0,2.18,0.5793999220642173
Danville,,215191006,,R-20,0.0,2.18,0.46347682965325476
Danville,,215240002,,R-20,0.0,2.18,0.48866362304251065
Danville,,215191007,,R-20,0.0,2.18,0.6369599887142164
Danville,,215191008,,R-20,0.0,2.18,0.48001495198273636
Danville,,215191009,,R-20,0.0,2.18,0.47493501545442796
Danville,,215191010,,R-20,0.0,2.18,0.9716587378879809
Danville,,215191012,,R-20,0.0,2.18,0.4650851939952162
Danville,,215191013,,R-20,0.0,2.18,0.5398501291983732
Danville,,215220001,,R-20,0.0,2.18,0.49445807515794415
Danville,,215240001,,R-20,0.0,2.18,0.46690171120282853
Danville,,215240013,,R-20,0.0,2.18,0.459
Danville,,215240012,,R-20,0.0,2.18,0.88
Danville,,215220002,,R-20,0.0,2.18,0.46561067469282225
Danville,,215220003,,R-20,0.0,2.18,0.41929674823449914
Danville,,215240014,,R-20,0.0,2.18,1.11
Danville,,215240008,,R-20,0.0,2.18,0.4606784626534893
Danville,,215240003,,R-20,0.0,2.18,0.4720604058761962
Danville,,215240007,,R-20,0.0,2.18,0.4719900143171245
Danville,,215240006,,R-20,0.0,2.18,0.4648923370034004
Danville,,215360003,,P-1 (R-20),0.0,2.18,0.5991815287779653
Danville,,215360005,,P-1 (R-20),0.0,2.18,0.9115494157968894
Danville,,215360006,,P-1 (R-20),0.0,2.18,0.7821219733441576
Danville,,215360002,,P-1 (R-20),0.0,2.18,0.6299726254332938
Danville,,215360001,,P-1 (R-20),0.0,2.18,0.523466802684806
Danville,,215220005,,R-20,0.0,2.18,0.448999939272109
Danville,,215220006,,R-20,0.0,2.18,0.40030384063289876
Danville,,215360007,,P-1 (R-20),0.0,2.18,0.648
Danville,,215370018,,P-1 (R-20),0.0,2.18,0.4630169326361695
Danville,,215370010,,P-1 (R-20),0.0,2.18,0.46370605758326827
Danville,,215370017,,P-1 (R-20),0.0,2.18,0.45799392359443386
Danville,,215370039,,P-1 (R-20),0.0,2.18,0.45931344796961604
Danville,,215370038,,P-1 (R-20),0.0,2.18,0.47245345673928896
Danville,,215220007,,R-20,0.0,2.18,0.4576316170312248
Danville,,215360008,,P-1 (R-20),0.0,2.18,0.46087053889073126
Danville,,215360009,,P-1 (R-20),0.0,2.18,0.13
Danville,,215220004,,R-20,0.0,2.18,0.5808500089994737
Danville,,215220008,,R-20,0.0,2.18,0.48215709990498967
Danville,,215220009,,R-20,0.0,2.18,0.4785217282260646
Danville,,215220010,,R-20,0.0,2.18,0.4654142358048929
Danville,,215220022,,R-20,0.0,2.18,0.481650202550903
Danville,,215220012,,R-20,0.0,2.18,0.44643177508392706
Danville,,215220011,,R-20,0.0,2.18,0.581527825131818
Danville,,215370036,,P-1 (R-20),0.0,2.18,0.6336774090882731
Danville,,215370037,,P-1 (R-20),0.0,2.18,0.5053936567505656
Danville,,215370035,,P-1 (R-20),0.0,2.18,0.5081487144466699
Danville,,215370034,,P-1 (R-20),0.0,2.18,0.4700080817744724
Danville,,215370032,,P-1 (R-20),0.0,2.18,0.47613156008945584
Danville,,215370033,,P-1 (R-20),0.0,2.18,0.465426359694351
Danville,,215430021,,P-1 (R-20),0.0,2.18,0.47578202540708503
Danville,,215370031,,P-1 (R-20),0.0,2.18,0.627
Danville,,215370030,,P-1 (R-10),0.0,4.36,0.29362990347455803
Danville,,215430040,,P-1 (R-10),0.0,4.36,0.2961760369868815
Danville,,215430022,,P-1 (R-10),0.0,4.36,0.28466639859759013
Danville,,215430023,,P-1 (R-10),0.0,4.36,0.28457458965434823
Danville,,215430020,,P-1 (R-20),0.0,2.18,0.46619670665121116
Danville,,215430017,,P-1 (R-10),0.0,4.36,0.26188754478817206
Danville,,215430016,,P-1 (R-10),0.0,4.36,0.26527877167929137
Danville,,215430002,,P-1 (R-10),0.0,4.36,0.28575931391925924
Danville,,215370029,,P-1 (R-20),0.0,2.18,0.46371712381115
Danville,,215430001,,P-1 (R-10),0.0,4.36,0.27079159757438476
Danville,,215430018,,P-1 (R-10),0.0,4.36,0.31488434576451424
Danville,,215430019,,P-1 (R-20),0.0,2.18,0.4602874595886086
Danville,,215370043,,P-1 (R-20),0.0,2.18,0.45827338886329444
Danville,,215370021,,P-1 (R-20),0.0,2.18,0.5239651797057965
Danville,,215370042,,P-1 (R-20),0.0,2.18,0.4608037606524117
Danville,,215370041,,P-1 (R-20),0.0,2.18,0.46229069077802326
Danville,,215370013,,P-1 (R-20),0.0,2.18,0.4621539666393733
Danville,,215370012,,P-1 (R-20),0.0,2.18,0.4594212322635682
Danville,,215370040,,P-1 (R-20),0.0,2.18,0.45928710973521397
Danville,,215370011,,P-1 (R-20),0.0,2.18,0.45952679102452193
Danville,,215370016,,P-1 (R-20),0.0,2.18,0.46998843021983705
Danville,,215370015,,P-1 (R-20),0.0,2.18,0.46374680553568687
Danville,,215370014,,P-1 (R-20),0.0,2.18,0.4870106848088448
Danville,,215370020,,P-1 (R-20),0.0,2.18,0.49064976579532255
Danville,,215370019,,P-1 (R-20),0.0,2.18,0.459
Danville,,215370009,,P-1 (R-20),0.0,2.18,0.503
Danville,,215370008,,P-1 (R-20),0.0,2.18,0.4610403674918285
Danville,,215370002,,P-1 (R-10),0.0,4.36,0.29650772328576896
Danville,,215370001,,P-1 (R-10),0.0,4.36,0.4233662868076314
Danville,,215370004,,P-1 (R-10),0.0,4.36,0.2564743071752541
Danville,,215370003,,P-1 (R-10),0.0,4.36,0.2304995630345873
Danville,,215370006,,P-1 (R-20),0.0,2.18,0.4615934264126476
Danville,,215370007,,P-1 (R-20),0.0,2.18,0.4801899614427619
Danville,,215370005,,P-1 (R-20),0.0,2.18,0.5120258431249246
Danville,,215370025,,P-1 (R-10),0.0,4.36,0.37211224804668624
Danville,,215370024,,P-1 (R-10),0.0,4.36,0.38140882232368134
Danville,,215370022,,P-1 (R-10),0.0,4.36,0.34411183669448075
Danville,,215370023,,P-1 (R-10),0.0,4.36,0.2856340982804261
Danville,,215380001,,P-1 (R-10),0.0,4.36,0.2909345206270055
Danville,,215380003,,P-1 (R-10),0.0,4.36,0.29899669298657866
Danville,,215380002,,P-1 (R-10),0.0,4.36,0.2312074099784089
Danville,,215380028,,P-1 (R-10),0.0,4.36,0.322
Danville,,215380029,,P-1 (R-10),0.0,4.36,0.32998062795039873
Danville,,215380031,,P-1 (R-10),0.0,4.36,0.3549478124800311
Danville,,215370026,,P-1 (R-10),0.0,4.36,0.4427940385521062
Danville,,215370027,,P-1 (R-20),0.0,2.18,0.5552100732576152
Danville,,215380030,,P-1 (R-10),0.0,4.36,0.36463880120820813
Danville,,215370028,,P-1 (R-20),0.0,2.18,0.547076158043347
Danville,,215430003,,P-1 (R-10),0.0,4.36,0.26448067536894115
Danville,,215430004,,P-1 (R-10),0.0,4.36,0.25094175747054903
Danville,,215380023,,P-1 (R-10),0.0,4.36,0.24794100904677743
Danville,,215380024,,P-1 (R-10),0.0,4.36,0.2500385368095828
Danville,,215380025,,P-1 (R-10),0.0,4.36,0.2496321451200171
Danville,,215380027,,P-1 (R-10),0.0,4.36,0.24795512043926884
Danville,,215380026,,P-1 (R-10),0.0,4.36,0.23186218204613346
Danville,,215380004,,P-1 (R-10),0.0,4.36,0.26895076354145975
Danville,,215380005,,P-1 (R-10),0.0,4.36,0.2553096361851071
Danville,,215380006,,P-1 (R-10),0.0,4.36,0.30228317893245055
Danville,,215380007,,P-1 (R-10),0.0,4.36,0.2782824907093307
Danville,,215380009,,P-1 (R-10),0.0,4.36,0.2582747183458224
Danville,,215380008,,P-1 (R-10),0.0,4.36,0.24524481158207104
Danville,,215380022,,P-1 (R-10),0.0,4.36,0.24793669138190752
Danville,,215380021,,P-1 (R-10),0.0,4.36,0.2385350402307799
Danville,,215380010,,P-1 (R-10),0.0,4.36,0.25712623184082806
Danville,,215380011,,P-1 (R-10),0.0,4.36,0.25677724168521976
Danville,,215380012,,P-1 (R-10),0.0,4.36,0.2729414096811869
Danville,,215380014,,P-1 (R-10),0.0,4.36,0.25244612495790425
Danville,,215380015,,P-1 (R-10),0.0,4.36,0.3721544006186053
Danville,,215380018,,P-1 (R-10),0.0,4.36,0.3159246775221282
Danville,,215380013,,P-1 (R-10),0.0,4.36,0.2361923126825787
Danville,,215380019,,P-1 (R-10),0.0,4.36,0.2589163961193514
Danville,,215380020,,P-1 (R-10),0.0,4.36,0.23831510803530623
Danville,,215430005,,P-1 (R-10),0.0,4.36,0.23267938949416375
Danville,,215430006,,P-1 (R-10),0.0,4.36,0.2567699269413
Danville,,215430007,,P-1 (R-10),0.0,4.36,0.25797989518410314
Danville,,215430008,,P-1 (R-10),0.0,4.36,0.29116110734429845
Danville,,215420001,,P-1 (R-10),0.0,4.36,0.27608463362442376
Danville,,215420025,,P-1 (R-10),0.0,4.36,0.30059682812689187
Danville,,215420026,,P-1 (R-10),0.0,4.36,0.3349998688678278
Danville,,215420022,,P-1 (R-10),0.0,4.36,0.23657156475001181
Danville,,215420023,,P-1 (R-10),0.0,4.36,0.24476399179145483
Danville,,215420011,,P-1 (R-10),0.0,4.36,0.3499066245685633
Danville,,215420024,,P-1 (R-10),0.0,4.36,0.27245581875057995
Danville,,215420002,,P-1 (R-10),0.0,4.36,0.26556918000375757
Danville,,215420003,,P-1 (R-10),0.0,4.36,0.24649621868588362
Danville,,215420004,,P-1 (R-10),0.0,4.36,0.2572805785194833
Danville,,215420008,,P-1 (R-10),0.0,4.36,0.2870028213701663
Danville,,215420009,,P-1 (R-10),0.0,4.36,0.23496454298317843
Danville,,215420010,,P-1 (R-10),0.0,4.36,0.3619513330167612
Danville,,215420012,,P-1 (R-10),0.0,4.36,0.27199291593373764
Danville,,215420013,,P-1 (R-10),0.0,4.36,0.24763229848926402
Danville,,215420014,,P-1 (R-10),0.0,4.36,0.256252005244023
Danville,,215420015,,P-1 (R-10),0.0,4.36,0.2698130848378852
Danville,,215420016,,P-1 (R-10),0.0,4.36,0.24355046981115627
Danville,,215420017,,P-1 (R-10),0.0,4.36,0.27166811338822416
Danville,,215420018,,P-1 (R-10),0.0,4.36,0.2847044286129434
Danville,,215420019,,P-1 (R-10),0.0,4.36,0.35354685175394984
Danville,,215420030,,P-1 (R-10),0.0,4.36,0.335
Danville,,215420021,,P-1 (R-10),0.0,4.36,0.23416386481132237
Danville,,215430041,,P-1 (R-10),0.0,4.36,0.434
Danville,,215420027,,P-1 (R-10),0.0,4.36,0.2847716805708246
Danville,,215430010,,P-1 (R-10),0.0,4.36,0.3458905795760087
Danville,,215430011,,P-1 (R-10),0.0,4.36,0.23051015966503965
Danville,,215430012,,P-1 (R-10),0.0,4.36,0.301875592219103
Danville,,215430013,,P-1 (R-10),0.0,4.36,0.2611508265420879
Danville,,215430014,,P-1 (R-10),0.0,4.36,0.25244266122809067
Danville,,215430015,,P-1 (R-10),0.0,4.36,0.23267714575946455
Danville,,215430024,,P-1 (R-10),0.0,4.36,0.29848702602836613
Danville,,215430039,,P-1 (R-10),0.0,4.36,0.27291327227339696
Danville,,215430025,,P-1 (R-10),0.0,4.36,0.2874937870000683
Danville,,215430026,,P-1 (R-10),0.0,4.36,0.2527992402835777
Danville,,215430027,,P-1 (R-10),0.0,4.36,0.26762033196873636
Danville,,215430028,,P-1 (R-10),0.0,4.36,0.30109015602280553
Danville,,215430030,,P-1 (R-10),0.0,4.36,0.30244274248009806
Danville,,215430029,,P-1 (R-10),0.0,4.36,0.2896553591387966
Danville,,215430034,,P-1 (R-10),0.0,4.36,0.24677713996033157
Danville,,215430033,,P-1 (R-10),0.0,4.36,0.2773323046693171
Danville,,215430035,,P-1 (R-10),0.0,4.36,0.24606988711256114
Danville,,215430036,,P-1 (R-10),0.0,4.36,0.2514121536067243
Danville,,215430037,,P-1 (R-10),0.0,4.36,0.27066030489947845
Danville,,215430038,,P-1 (R-10),0.0,4.36,0.23631577227307482
Danville,,215430032,,P-1 (R-10),0.0,4.36,0.27418097480311954
Danville,,215430031,,P-1 (R-10),0.0,4.36,0.2569281548692393
Danville,,202100038,,A-2,0.0,0.05,49.80142079400171
Danville,,215070012,,P-1,0.0,35.0,104.2948497419551
Danville,,202430013,,A-4,0.0,0.05,0.30608202907740306
Danville,,202430014,,A-4,0.0,0.05,0.2819783676366722
Danville,,202430012,,A-4,0.0,0.05,0.2982528289293667
Danville,,202430021,,A-4,0.0,0.05,0.16210638523131574
Danville,,202430011,,A-4,0.0,0.05,0.31968143801043897
Danville,,202430010,,A-4,0.0,0.05,0.38381806590633594
Danville,,202430007,,A-4,0.0,0.05,0.3327965435523815
Danville,,202430008,,A-4,0.0,0.05,0.264646755578821
Danville,,202430006,,A-4,0.0,0.05,0.35943331724267286
Danville,,202430005,,A-4,0.0,0.05,0.3658058208636591
Danville,,202430004,,A-4,0.0,0.05,0.33898961292529417
Danville,,202430017,,A-4,0.0,0.05,0.2848640885518224
Danville,,202430018,,A-4,0.0,0.05,0.39221177814593383
Danville,,202430009,,A-4,0.0,0.05,0.3225568846446191
Danville,,202430015,,A-4,0.0,0.05,0.3199297225883006
Danville,,202430016,,A-4,0.0,0.05,0.29421399958879446
Danville,,202430019,,A-4,0.0,0.05,0.3782465894469469
Danville,,202430020,,A-4,0.0,0.05,0.28652631474941115
Danville,,202420030,,A-4,0.0,0.05,0.2512971242046316
Danville,,202420024,,A-4,0.0,0.05,0.31923903242489865
Danville,,202420029,,A-4,0.0,0.05,0.29708952071969436
Danville,,202420028,,A-4,0.0,0.05,0.23190997740990202
Danville,,202420031,,A-4,0.0,0.05,0.2575073404190112
Danville,,202420027,,A-4,0.0,0.05,0.2762180238332024
Danville,,202420025,,A-4,0.0,0.05,0.2524112077715374
Danville,,202420026,,A-4,0.0,0.05,0.24983485196749813
Danville,,202420021,,A-4,0.0,0.05,0.25752523249478926
Danville,,202420022,,A-4,0.0,0.05,0.33895316337459597
Danville,,202430001,,A-4,0.0,0.05,0.3123036818152245
Danville,,202430003,,A-4,0.0,0.05,0.3139807543760817
Danville,,202430002,,A-4,0.0,0.05,0.369484399893341
Danville,,202420023,,A-4,0.0,0.05,0.46032467636378005
Danville,,202420011,,A-4,0.0,0.05,0.2744637863590087
Danville,,202050083,,P-1,0.0,35.0,55.24142124448076
Danville,,202420019,,A-4,0.0,0.05,0.26641212475101494
Danville,,202420018,,A-4,0.0,0.05,0.3858073577503136
Danville,,202420016,,A-4,0.0,0.05,0.255671912403768
Danville,,202420012,,A-4,0.0,0.05,0.2436472612694388
Danville,,202420017,,A-4,0.0,0.05,0.3809873322059126
Danville,,202420013,,A-4,0.0,0.05,0.2605029991872464
Danville,,202420015,,A-4,0.0,0.05,0.27108845966969
Danville,,202420003,,A-4,0.0,0.05,0.29933891641502386
Danville,,202420002,,A-4,0.0,0.05,0.3172753725667989
Danville,,202420001,,A-4,0.0,0.05,0.377098854207246
Danville,,202050082,,R-20,0.0,2.18,7.74
Danville,,202420014,,A-4,0.0,0.05,0.27491257465920577
Danville,,202420020,,A-4,0.0,0.05,0.27062509111243893
Danville,,215170012,,R-20,0.0,2.18,0.45549060660527046
Danville,,215170013,,R-20,0.0,2.18,0.4583688561175897
Danville,,215170014,,R-20,0.0,2.18,0.5419083526612716
Danville,,215010011,,R-20,0.0,2.18,0.5406619380537387
Danville,,215170016,,R-20,0.0,2.18,0.4883783924230211
Danville,,215170015,,R-20,0.0,2.18,0.47309719351820356
Danville,,215170011,,R-20,0.0,2.18,0.5012747134972824
Danville,,215170009,,R-20,0.0,2.18,0.48961729556954275
Danville,,215170010,,R-20,0.0,2.18,0.4605544039632195
Danville,,202420032,,A-4,0.0,0.05,0.3022811597988047
Danville,,202420033,,A-4,0.0,0.05,0.2429725695956189
Danville,,202420034,,A-4,0.0,0.05,0.24433216766735344
Danville,,215180008,,R-20,0.0,2.18,0.5557891469252658
Danville,,215180009,,R-20,0.0,2.18,0.48510425314825806
Danville,,215170008,,R-20,0.0,2.18,0.4574126816830635
Danville,,215170017,,R-20,0.0,2.18,0.5732451849522882
Danville,,215170007,,R-20,0.0,2.18,0.4629824093766003
Danville,,215170006,,R-20,0.0,2.18,0.4811705029381617
Danville,,215170005,,R-20,0.0,2.18,0.47913820479149366
Danville,,215180006,,R-20,0.0,2.18,0.4593313854984054
Danville,,215180007,,R-20,0.0,2.18,0.5044187260769868
Danville,,215180011,,R-20,0.0,2.18,0.48748895355406063
Danville,,215180005,,R-20,0.0,2.18,0.45285700228642684
Danville,,215030005,,R-20,0.0,2.18,1.096
Danville,,215180012,,R-20,0.0,2.18,0.46028944416724576
Danville,,215180013,,R-20,0.0,2.18,0.46160561651395055
Danville,,215180010,,R-20,0.0,2.18,0.5254668486784017
Danville,,215030006,,R-20,0.0,2.18,1.103
Danville,,215040009,,R-20,0.0,2.18,0.588
Danville,,202440009,,P-1,0.0,35.0,0.332561806817944
Danville,,202440010,,P-1,0.0,35.0,0.3042698406615717
Danville,,202440011,,P-1,0.0,35.0,0.3272108923109951
Danville,,202440008,,P-1,0.0,35.0,0.40907313057534106
Danville,,202440006,,P-1,0.0,35.0,0.34670547215302533
Danville,,202440007,,P-1,0.0,35.0,0.29685973446173197
Danville,,202440005,,P-1,0.0,35.0,0.358841451046492
Danville,,202440004,,P-1,0.0,35.0,0.25871254625651136
Danville,,202440003,,P-1,0.0,35.0,0.4455675768182708
Danville,,202440002,,P-1,0.0,35.0,0.3568441884987436
Danville,,202440001,,P-1,0.0,35.0,0.2884727204279042
Danville,,202440012,,P-1,0.0,35.0,0.468219963857986
Danville,,215220015,,R-20,0.0,2.18,0.46491850029809084
Danville,,215220016,,R-20,0.0,2.18,0.45418760353422355
Danville,,215220014,,R-20,0.0,2.18,0.44968686963468
Danville,,215220013,,R-20,0.0,2.18,0.42805707588094916
Danville,,215220020,,R-20,0.0,2.18,0.48598527366005456
Danville,,215220019,,R-20,0.0,2.18,0.46702266112499946
Danville,,215220018,,R-20,0.0,2.18,0.508686486563369
Danville,,215232002,,R-20,0.0,2.18,0.4566149032608106
Danville,,215232001,,R-20,0.0,2.18,0.4766808082614469
Danville,,215220017,,R-20,0.0,2.18,0.5858510814821702
Danville,,215040010,,R-20,0.0,2.18,0.567
Danville,,215040007,,R-20,0.0,2.18,0.6929960205054078
Danville,,215040008,,R-20,0.0,2.18,0.4545445115969129
Danville,,215040016,,P-1,0.0,35.0,0.41
Danville,,215040011,,R-20,0.0,2.18,0.542
Danville,,215040017,,P-1,0.0,35.0,0.41
Danville,,215040012,,R-20,0.0,2.18,0.734
Danville,,215040013,,R-20,0.0,2.18,0.55
Danville,,215040014,,R-20,0.0,2.18,0.558
Danville,,215040015,,P-1,0.0,35.0,1.26
Danville,,215040006,,R-20,0.0,2.18,0.5807464677789385
Danville,,215231004,,R-20,0.0,2.18,0.4571931862203208
Danville,,215231003,,R-20,0.0,2.18,0.4831842265109333
Danville,,215231002,,R-20,0.0,2.18,0.4503695348660991
Danville,,215231001,,R-20,0.0,2.18,0.4501606713951267
Danville,,215232014,,R-20,0.0,2.18,0.457093912268764
Danville,,215232009,,R-20,0.0,2.18,0.45755057503549523
Danville,,215232010,,R-20,0.0,2.18,0.5069167386740684
Danville,,215232017,,R-20,0.0,2.18,0.49783946536226054
Danville,,215232011,,R-20,0.0,2.18,0.5010207443220928
Danville,,215232013,,R-20,0.0,2.18,0.46299152888992706
Danville,,215232012,,R-20,0.0,2.18,0.4653084733827051
Danville,,215232003,,R-20,0.0,2.18,0.4543445353012485
Danville,,215232016,,R-20,0.0,2.18,0.48451955552676873
Danville,,215232004,,R-20,0.0,2.18,0.45687502917472517
Danville,,215232015,,R-20,0.0,2.18,0.5190163151909825
Danville,,215220021,,R-20,0.0,2.18,0.5056407022010926
Danville,,215220023,,R-20,0.0,2.18,0.4682734713418485
Danville,,215192001,,R-20,0.0,2.18,0.644092572710737
Danville,,215192003,,R-20,0.0,2.18,0.45775808479305696
Danville,,215192002,,R-20,0.0,2.18,0.4525383423602399
Danville,,215191011,,R-20,0.0,2.18,0.46166568239095435
Danville,,215192004,,R-20,0.0,2.18,0.457157037534412
Danville,,215192005,,R-20,0.0,2.18,0.49720550752713344
Danville,,215232018,,R-20,0.0,2.18,1.0668621153162925
Danville,,215191001,,R-20,0.0,2.18,0.46350124232688794
Danville,,215180016,,R-20,0.0,2.18,0.45623758826726957
Danville,,215030003,,R-20,0.0,2.18,1.027
Danville,,215030004,,R-20,0.0,2.18,1.096
Danville,,215180014,,R-20,0.0,2.18,0.4596099861678714
Danville,,215180015,,R-20,0.0,2.18,0.45951055889729725
Danville,,215180004,,R-20,0.0,2.18,0.45970171701423546
Danville,,215180003,,R-20,0.0,2.18,0.45533189779056726
Danville,,215180001,,R-20,0.0,2.18,0.4574147841181196
Danville,,215180002,,R-20,0.0,2.18,0.45639932585673537
Danville,,215170002,,R-20,0.0,2.18,0.47141610895493236
Danville,,215170003,,R-20,0.0,2.18,0.4584574000593839
Danville,,215170004,,R-20,0.0,2.18,0.4631906442433823
Danville,,215170018,,R-20,0.0,2.18,0.488190234187135
Danville,,215170023,,R-20,0.0,2.18,0.4549801326627485
Danville,,215170022,,R-20,0.0,2.18,0.46405965568057306
Danville,,215170024,,R-20,0.0,2.18,0.4620355606714247
Danville,,215170025,,R-20,0.0,2.18,0.4612662033184206
Danville,,215170001,,R-20,0.0,2.18,0.4735614131232988
Danville,,215170026,,R-20,0.0,2.18,0.4521471213794575
Danville,,215020007,,R-20,0.0,2.18,0.5668871311471179
Danville,,215010016,,R-20,0.0,2.18,0.4702515383812945
Danville,,215020006,,R-20,0.0,2.18,0.5211463952381115
Danville,,215010008,,R-20,0.0,2.18,0.4614415074652289
Danville,,215010014,,R-20,0.0,2.18,0.4767912750503784
Danville,,215010015,,R-20,0.0,2.18,0.4579923658402289
Danville,,215020005,,R-20,0.0,2.18,0.4818820472780825
Danville,,215020008,,R-20,0.0,2.18,0.46619551044262414
Danville,,215170027,,R-20,0.0,2.18,0.5730329723068014
Danville,,215170020,,R-20,0.0,2.18,0.5152155301066561
Danville,,215170019,,R-20,0.0,2.18,0.501565908442662
Danville,,215010012,,R-20,0.0,2.18,0.5556734586902696
Danville,,215010013,,R-20,0.0,2.18,0.47762410008717104
Danville,,215010010,,R-20,0.0,2.18,0.47150888821125364
Danville,,215010009,,R-20,0.0,2.18,0.4595733720108113
Danville,,215010018,,R-20,0.0,2.18,0.74
Danville,,215010017,,R-20,0.0,2.18,1.63
Danville,,215010001,,R-20,0.0,2.18,0.48
Danville,,215010002,,R-20,0.0,2.18,0.6
Danville,,215010003,,R-20,0.0,2.18,0.64
Danville,,215010004,,R-20,0.0,2.18,0.48
Danville,,215010007,,R-20,0.0,2.18,0.49592020085137084
Danville,,202050008,,A-4,0.0,0.05,1.6
Danville,,202050074,,A-4,0.0,0.05,0.02
Danville,,202050070,,P-1 (R-6),0.0,7.26,15.18
Danville,,202391002,,P-1 (R-10),0.0,4.36,0.31969002696419596
Danville,,202391022,,P-1 (R-6),0.0,7.26,0.1859972965470238
Danville,,202391001,,P-1 (R-10),0.0,4.36,0.3929318220639717
Danville,,202050061,,P-1,0.0,35.0,21.9
Danville,,202391020,,P-1 (R-6),0.0,7.26,0.14553976943638736
Danville,,202391021,,P-1 (R-6),0.0,7.26,0.14311607145528485
Danville,,202392001,,P-1 (R-6),0.0,7.26,0.19055792843194824
Danville,,202391019,,P-1 (R-6),0.0,7.26,0.14634711570687947
Danville,,202391018,,P-1 (R-6),0.0,7.26,0.13485812770658112
Danville,,202391016,,P-1 (R-6),0.0,7.26,0.1702393059792078
Danville,,202391015,,P-1 (R-6),0.0,7.26,0.1735331423781806
Danville,,202391017,,P-1 (R-6),0.0,7.26,0.15992726144886554
Danville,,202392005,,P-1 (R-6),0.0,7.26,0.1862312606582883
Danville,,202392004,,P-1 (R-6),0.0,7.26,0.1605317925222054
Danville,,202392003,,P-1 (R-6),0.0,7.26,0.14585717379450808
Danville,,202392002,,P-1 (R-6),0.0,7.26,0.14540298867682533
Danville,,202393001,,P-1 (R-6),0.0,7.26,0.15437692122057545
Danville,,202393002,,P-1 (R-6),0.0,7.26,0.14712537907191076
Danville,,202393003,,P-1 (R-6),0.0,7.26,0.14478576987055888
Danville,,202393004,,P-1 (R-6),0.0,7.26,0.1571179734000763
Danville,,202391014,,P-1 (R-6),0.0,7.26,0.1526165350511421
Danville,,202393005,,P-1 (R-6),0.0,7.26,0.17046791890879823
Danville,,202393007,,P-1 (R-6),0.0,7.26,0.14942193127019932
Danville,,202393006,,P-1 (R-6),0.0,7.26,0.15348245199778635
Danville,,202393008,,P-1 (R-6),0.0,7.26,0.1470697370576127
Danville,,202394007,,P-1 (R-6),0.0,7.26,0.12887630248860538
Danville,,202394006,,P-1 (R-6),0.0,7.26,0.12084058319197907
Danville,,202394005,,P-1 (R-6),0.0,7.26,0.13162988546753482
Danville,,202394012,,P-1 (R-6),0.0,7.26,0.14292043960989073
Danville,,202394004,,P-1 (R-6),0.0,7.26,0.1438023802397895
Danville,,202394002,,P-1 (R-6),0.0,7.26,0.13607460269726632
Danville,,202394003,,P-1 (R-6),0.0,7.26,0.14231276296052642
Danville,,202393009,,P-1 (R-6),0.0,7.26,0.1533938772322552
Danville,,202394020,,P-1 (R-6),0.0,7.26,0.16877346806181096
Danville,,202393010,,P-1 (R-6),0.0,7.26,0.2068444018248538
Danville,,202394017,,P-1 (R-6),0.0,7.26,0.1720144754843029
Danville,,202394016,,P-1 (R-6),0.0,7.26,0.13362188152039473
Danville,,202394019,,P-1 (R-6),0.0,7.26,0.1572163909878553
Danville,,202394018,,P-1 (R-6),0.0,7.26,0.1492732653306116
Danville,,202394013,,P-1 (R-6),0.0,7.26,0.14771030958318426
Danville,,202395005,,P-1 (R-6),0.0,7.26,0.14239861239050366
Danville,,202395006,,P-1 (R-6),0.0,7.26,0.13251693203225376
Danville,,202395004,,P-1 (R-6),0.0,7.26,0.14478908507963675
Danville,,202395002,,P-1 (R-6),0.0,7.26,0.11824235719029275
Danville,,202395003,,P-1 (R-6),0.0,7.26,0.13623423032155665
Danville,,202402008,,P-1 (R-6),0.0,7.26,0.1405109953869691
Danville,,202402009,,P-1 (R-6),0.0,7.26,0.14978551094578435
Danville,,202402010,,P-1 (R-6),0.0,7.26,0.15159864284087793
Danville,,202402011,,P-1 (R-6),0.0,7.26,0.17938171939511957
Danville,,202395001,,P-1 (R-6),0.0,7.26,0.1669530502503145
Danville,,202403001,,P-1 (R-6),0.0,7.26,0.16064725723226286
Danville,,202403020,,P-1 (R-6),0.0,7.26,0.13863494385460107
Danville,,202403021,,P-1 (R-6),0.0,7.26,0.14902589210300607
Danville,,202403022,,P-1 (R-6),0.0,7.26,0.1536184217827823
Danville,,202403019,,P-1 (R-6),0.0,7.26,0.14520549201137417
Danville,,202403015,,P-1 (R-6),0.0,7.26,0.14565200423715452
Danville,,202403016,,P-1 (R-6),0.0,7.26,0.14541169819253463
Danville,,202403017,,P-1 (R-6),0.0,7.26,0.14345406680148862
Danville,,202403018,,P-1 (R-6),0.0,7.26,0.13721913891775334
Danville,,202403007,,P-1 (R-6),0.0,7.26,0.12810647914904374
Danville,,202403006,,P-1 (R-6),0.0,7.26,0.12065494404142216
Danville,,202403004,,P-1 (R-6),0.0,7.26,0.12147779403161237
Danville,,202403005,,P-1 (R-6),0.0,7.26,0.1230981099528834
Danville,,202403003,,P-1 (R-6),0.0,7.26,0.12612557824591028
Danville,,202403002,,P-1 (R-6),0.0,7.26,0.13916068111022484
Danville,,202402007,,P-1 (R-6),0.0,7.26,0.14992813027698315
Danville,,202402006,,P-1 (R-6),0.0,7.26,0.14676322850257417
Danville,,202402005,,P-1 (R-6),0.0,7.26,0.14615994872488164
Danville,,202402002,,P-1 (R-6),0.0,7.26,0.16694440428469345
Danville,,202402003,,P-1 (R-6),0.0,7.26,0.16991475608545425
Danville,,202402004,,P-1 (R-6),0.0,7.26,0.15330459115035805
Danville,,202395007,,P-1 (R-6),0.0,7.26,0.1306796267780067
Danville,,202395008,,P-1 (R-6),0.0,7.26,0.12454292823109728
Danville,,202395009,,P-1 (R-6),0.0,7.26,0.12616340371140208
Danville,,202395010,,P-1 (R-6),0.0,7.26,0.13140756186652505
Danville,,202395011,,P-1 (R-6),0.0,7.26,0.13319928566721753
Danville,,202402001,,P-1 (R-6),0.0,7.26,0.16494255369865654
Danville,,202401009,,P-1 (R-6),0.0,7.26,0.13624962053653544
Danville,,202401008,,P-1 (R-6),0.0,7.26,0.1467123142557397
Danville,,202401007,,P-1 (R-6),0.0,7.26,0.14086447094783713
Danville,,202403010,,P-1 (R-6),0.0,7.26,0.16756127725967412
Danville,,202403009,,P-1 (R-6),0.0,7.26,0.1402766451766877
Danville,,202403008,,P-1 (R-6),0.0,7.26,0.14929997450059504
Danville,,202403011,,P-1 (R-6),0.0,7.26,0.16319085843172154
Danville,,202403012,,P-1 (R-6),0.0,7.26,0.13971973475830354
Danville,,202403013,,P-1 (R-6),0.0,7.26,0.14464421910749434
Danville,,202403014,,P-1 (R-6),0.0,7.26,0.14446676978893397
Danville,,202404011,,P-1 (R-6),0.0,7.26,0.2206183359628895
Danville,,202401004,,P-1 (R-6),0.0,7.26,0.14204235161386775
Danville,,202401005,,P-1 (R-6),0.0,7.26,0.13369345976497782
Danville,,202401006,,P-1 (R-6),0.0,7.26,0.1415684124847004
Danville,,202401003,,P-1 (R-6),0.0,7.26,0.1434128360610754
Danville,,202401002,,P-1 (R-6),0.0,7.26,0.14708603046798252
Danville,,202401001,,P-1 (R-6),0.0,7.26,0.15213075346805918
Danville,,202391004,,P-1 (R-6),0.0,7.26,0.13439650597429212
Danville,,202391003,,P-1 (R-6),0.0,7.26,0.14112623680600442
Danville,,202391005,,P-1 (R-6),0.0,7.26,0.14427921864726903
Danville,,202391006,,P-1 (R-6),0.0,7.26,0.1482515625018791
Danville,,202391007,,P-1 (R-6),0.0,7.26,0.14804481058273683
Danville,,202394011,,P-1 (R-6),0.0,7.26,0.1389335039271558
Danville,,202394010,,P-1 (R-6),0.0,7.26,0.14320780115667048
Danville,,202394009,,P-1 (R-6),0.0,7.26,0.15335507442129295
Danville,,202394008,,P-1 (R-6),0.0,7.26,0.16143979036309933
Danville,,202391008,,P-1 (R-6),0.0,7.26,0.14271537950306523
Danville,,202391009,,P-1 (R-6),0.0,7.26,0.13978375623013528
Danville,,202391010,,P-1 (R-6),0.0,7.26,0.14117833871299582
Danville,,202391011,,P-1 (R-6),0.0,7.26,0.14444821009114667
Danville,,202391012,,P-1 (R-6),0.0,7.26,0.14762297661828083
Danville,,202391013,,P-1 (R-6),0.0,7.26,0.1517814850057219
Danville,,202420004,,A-4,0.0,0.05,0.29116834232946537
Danville,,202420005,,A-4,0.0,0.05,0.280330463087827
Danville,,202420009,,A-4,0.0,0.05,0.32499464244718296
Danville,,202420006,,A-4,0.0,0.05,0.3778727125991739
Danville,,202420007,,A-4,0.0,0.05,0.27157533474054546
Danville,,202420008,,A-4,0.0,0.05,0.26518354860431614
Danville,,202050084,,A-4,0.0,0.05,18.65
Danville,,202420010,,A-4,0.0,0.05,0.30658198268505926
Danville,,202050055,,P-1,0.0,35.0,48.21
Danville,,202050090,,A-4,0.0,0.05,93.43870665787948
Danville,,202100039,,A-2,0.0,0.05,1.475
Danville,,202100017,,A-2,0.0,0.05,40.79
Danville,,202331007,,P-1 (R-10),0.0,4.36,0.31358301926365534
Danville,,202331006,,P-1 (R-10),0.0,4.36,0.32804094105228
Danville,,202282014,,P-1 (R-10),0.0,4.36,0.28832293130360065
Danville,,202282024,,P-1 (R-10),0.0,4.36,0.4582661170854289
Danville,,202282015,,P-1 (R-10),0.0,4.36,0.535131801654285
Danville,,202331005,,P-1 (R-10),0.0,4.36,0.2964506655208083
Danville,,202331004,,P-1 (R-10),0.0,4.36,0.23707049741585964
Danville,,202331003,,P-1 (R-10),0.0,4.36,0.22644751604105648
Danville,,202333003,,P-1 (R-10),0.0,4.36,0.24843940367417103
Danville,,202333002,,P-1 (R-10),0.0,4.36,0.28535233961733153
Danville,,202332005,,P-1 (R-10),0.0,4.36,0.2494567641945539
Danville,,202333001,,P-1 (R-10),0.0,4.36,0.2641959401930076
Danville,,202331008,,P-1 (R-10),0.0,4.36,0.24054460678101236
Danville,,202331009,,P-1 (R-10),0.0,4.36,0.24514443494191482
Danville,,202331010,,P-1 (R-10),0.0,4.36,0.23352356167050647
Danville,,202331019,,P-1 (R-10),0.0,4.36,0.3053171612585804
Danville,,202332007,,P-1 (R-10),0.0,4.36,0.2903492701882698
Danville,,202332006,,P-1 (R-10),0.0,4.36,0.25514658034430837
Danville,,202331021,,P-1 (R-10),0.0,4.36,0.2302758237181581
Danville,,202331020,,P-1 (R-10),0.0,4.36,0.23238893614799527
Danville,,202331017,,P-1 (R-10),0.0,4.36,0.264087149980713
Danville,,202331018,,P-1 (R-10),0.0,4.36,0.2743281035216564
Danville,,202331016,,P-1 (R-10),0.0,4.36,0.30978913253863016
Danville,,202331026,,P-1 (R-10),0.0,4.36,1.2469240709044072
Danville,,202331015,,P-1 (R-10),0.0,4.36,0.26619196564547254
Danville,,202331014,,P-1 (R-10),0.0,4.36,0.2677965100752105
Danville,,202331012,,P-1 (R-10),0.0,4.36,0.263762066276595
Danville,,202331013,,P-1 (R-10),0.0,4.36,0.2652227488009858
Danville,,202331011,,P-1 (R-10),0.0,4.36,0.2531515091627214
Danville,,202050057,,P-1,0.0,35.0,0.13
Danville,,202381009,,P-1 (R-10),0.0,4.36,0.2616698069250773
Danville,,202381010,,P-1 (R-10),0.0,4.36,0.2729222406934148
Danville,,202382002,,P-1 (R-10),0.0,4.36,0.2591942738729892
Danville,,202382001,,P-1 (R-10),0.0,4.36,0.25264165335893646
Danville,,202382004,,P-1 (R-10),0.0,4.36,0.24039187781888063
Danville,,202382003,,P-1 (R-10),0.0,4.36,0.24664807077893963
Danville,,202382005,,P-1 (R-10),0.0,4.36,0.24374873727992377
Danville,,202382006,,P-1 (R-10),0.0,4.36,0.22517410389991718
Danville,,202381005,,P-1 (R-10),0.0,4.36,0.25817695669831275
Danville,,202381006,,P-1 (R-10),0.0,4.36,0.25650425152331247
Danville,,202381007,,P-1 (R-10),0.0,4.36,0.2503298210012882
Danville,,202381008,,P-1 (R-10),0.0,4.36,0.24720997046496265
Danville,,202381001,,P-1 (R-10),0.0,4.36,0.3178321191394043
Danville,,202381002,,P-1 (R-10),0.0,4.36,0.28052846362305367
Danville,,202381003,,P-1 (R-10),0.0,4.36,0.2549970561590704
Danville,,202381004,,P-1 (R-10),0.0,4.36,0.2159521678765161
Danville,,202382007,,P-1 (R-10),0.0,4.36,0.24212032755441718
Danville,,202382008,,P-1 (R-10),0.0,4.36,0.28825428097868633
Danville,,202382009,,P-1 (R-10),0.0,4.36,0.32332826874354703
Danville,,202382010,,P-1 (R-10),0.0,4.36,0.3256202555057193
Danville,,202382011,,P-1 (R-10),0.0,4.36,0.28316025166125613
Danville,,202372003,,P-1 (R-10),0.0,4.36,0.29546657323194103
Danville,,202371011,,P-1 (R-10),0.0,4.36,0.3176013647173934
Danville,,202371012,,P-1 (R-10),0.0,4.36,0.35633514292942603
Danville,,202372001,,P-1 (R-10),0.0,4.36,0.2935293034469436
Danville,,202372002,,P-1 (R-10),0.0,4.36,0.34031504450353695
Danville,,202371016,,P-1 (R-10),0.0,4.36,0.23958688239555928
Danville,,202371022,,P-1 (R-10),0.0,4.36,0.225
Danville,,202371021,,P-1 (R-10),0.0,4.36,0.253
Danville,,202371005,,P-1 (R-10),0.0,4.36,0.28691189398497813
Danville,,202371017,,P-1 (R-10),0.0,4.36,0.44356498808139055
Danville,,202371020,,P-1 (R-10),0.0,4.36,0.383
Danville,,202371010,,P-1 (R-10),0.0,4.36,0.28979657799832476
Danville,,202371009,,P-1 (R-10),0.0,4.36,0.24227159483506916
Danville,,202371008,,P-1 (R-10),0.0,4.36,0.2951901317680805
Danville,,202371018,,P-1 (R-10),0.0,4.36,0.3635076486247213
Danville,,202050060,,P-1,0.0,35.0,4.5
Danville,,202404013,,P-1 (R-6),0.0,7.26,0.13937483275249035
Danville,,202404010,,P-1 (R-6),0.0,7.26,0.12486658200399664
Danville,,202404009,,P-1 (R-6),0.0,7.26,0.13383837081758942
Danville,,202404008,,P-1 (R-6),0.0,7.26,0.13615257935997374
Danville,,202404007,,P-1 (R-6),0.0,7.26,0.14428591860574522
Danville,,202404012,,P-1 (R-6),0.0,7.26,0.270717401100174
Danville,,202404014,,P-1 (R-6),0.0,7.26,0.13329813456474823
Danville,,202404015,,P-1 (R-6),0.0,7.26,0.1403279395789093
Danville,,202404016,,P-1 (R-6),0.0,7.26,0.14125111798616033
Danville,,202371002,,P-1 (R-10),0.0,4.36,0.2830449309645948
Danville,,202371003,,P-1 (R-10),0.0,4.36,0.282832538747979
Danville,,202371004,,P-1 (R-10),0.0,4.36,0.27651986032741577
Danville,,202050072,,P-1,0.0,35.0,26.178
Danville,,202371001,,P-1 (R-10),0.0,4.36,0.27683714644205254
Danville,,202050069,,P-1,0.0,35.0,0.71
Danville,,202404006,,P-1 (R-6),0.0,7.26,0.1440065937364465
Danville,,202404005,,P-1 (R-6),0.0,7.26,0.12667675791329755
Danville,,202404004,,P-1 (R-6),0.0,7.26,0.13240184822180184
Danville,,202404003,,P-1 (R-6),0.0,7.26,0.12688446427004735
Danville,,202404002,,P-1 (R-6),0.0,7.26,0.15106431493340608
Danville,,202404001,,P-1 (R-6),0.0,7.26,0.16683847992713385
Danville,,202050059,,P-1,0.0,35.0,3.2
Danville,,202364001,,P-1 (R-10),0.0,4.36,0.2662686554621527
Danville,,202050056,,P-1,0.0,35.0,25.27
Danville,,202201013,,P-1 (R-15),0.0,2.9,0.4601838695520718
Danville,,202341014,,P-1 (R-10),0.0,4.36,1.639295721686271
Danville,,202341010,,P-1 (R-10),0.0,4.36,0.23930516645557695
Danville,,202341009,,P-1 (R-10),0.0,4.36,0.24229277281453532
Danville,,202110021,,P-1,0.0,35.0,7.289989300097184
Danville,,202050064,,P-1,0.0,35.0,2.28
Danville,,202110020,,P-1,0.0,35.0,11.424480768579796
Danville,,202341007,,P-1 (R-10),0.0,4.36,0.23127587670280716
Danville,,202341008,,P-1 (R-10),0.0,4.36,0.24342139486542516
Danville,,202342006,,P-1 (R-10),0.0,4.36,0.25328168759691755
Danville,,202341006,,P-1 (R-10),0.0,4.36,0.2370903458896404
Danville,,202341005,,P-1 (R-10),0.0,4.36,0.2439186366649699
Danville,,202341004,,P-1 (R-10),0.0,4.36,0.2419029390203383
Danville,,202342008,,P-1 (R-10),0.0,4.36,0.2605797159164717
Danville,,202342007,,P-1 (R-10),0.0,4.36,0.24086988875347418
Danville,,202342009,,P-1 (R-10),0.0,4.36,0.2348669281224863
Danville,,202342010,,P-1 (R-10),0.0,4.36,0.25027682600534
Danville,,202341002,,P-1 (R-10),0.0,4.36,0.272246949892691
Danville,,202341003,,P-1 (R-10),0.0,4.36,0.24922032309242825
Danville,,202341001,,P-1 (R-10),0.0,4.36,0.24239699108513968
Danville,,202331025,,P-1 (R-10),0.0,4.36,0.2315259785111133
Danville,,202331024,,P-1 (R-10),0.0,4.36,0.2297509299932658
Danville,,202331023,,P-1 (R-10),0.0,4.36,0.23239121060784204
Danville,,202331022,,P-1 (R-10),0.0,4.36,0.2305983971449194
Danville,,202332003,,P-1 (R-10),0.0,4.36,0.2733064469027617
Danville,,202332001,,P-1 (R-10),0.0,4.36,0.24476686254216914
Danville,,202332002,,P-1 (R-10),0.0,4.36,0.26870658217132665
Danville,,202332004,,P-1 (R-10),0.0,4.36,0.2589153828280226
Danville,,202333005,,P-1 (R-10),0.0,4.36,0.24306732510368173
Danville,,202333004,,P-1 (R-10),0.0,4.36,0.24476535583930592
Danville,,202331002,,P-1 (R-10),0.0,4.36,0.24881733697045327
Danville,,202331001,,P-1 (R-10),0.0,4.36,0.24375147557878593
Danville,,202283001,,P-1 (R-10),0.0,4.36,0.301896251729421
Danville,,202333006,,P-1 (R-10),0.0,4.36,0.24543077843987854
Danville,,202283002,,P-1 (R-10),0.0,4.36,0.27174813416176796
Danville,,202283003,,P-1 (R-10),0.0,4.36,0.28437838073370425
Danville,,202283005,,P-1 (R-10),0.0,4.36,0.23786838138135752
Danville,,202283006,,P-1 (R-10),0.0,4.36,0.23973155943252875
Danville,,202271001,,P-1 (R-10),0.0,4.36,0.31183671321806683
Danville,,202271002,,P-1 (R-10),0.0,4.36,0.23341744135910925
Danville,,202271006,,P-1 (R-10),0.0,4.36,0.25313876711422806
Danville,,202271003,,P-1 (R-10),0.0,4.36,0.23368526594253472
Danville,,202283004,,P-1 (R-10),0.0,4.36,0.35110597365169727
Danville,,202271004,,P-1 (R-10),0.0,4.36,0.28063330995655
Danville,,202271005,,P-1 (R-10),0.0,4.36,0.2804891752465393
Danville,,202274021,,P-1 (R-10),0.0,4.36,0.25443091326428485
Danville,,202274020,,P-1 (R-10),0.0,4.36,0.2255646463097284
Danville,,202274019,,P-1 (R-10),0.0,4.36,0.23130200532944944
Danville,,202274018,,P-1 (R-10),0.0,4.36,0.22842203472695627
Danville,,202272005,,P-1 (R-10),0.0,4.36,0.30030516341417185
Danville,,202272006,,P-1 (R-10),0.0,4.36,0.29707589070445994
Danville,,202272007,,P-1 (R-10),0.0,4.36,0.25506317245200094
Danville,,202272003,,P-1 (R-10),0.0,4.36,0.2580199798094929
Danville,,202272004,,P-1 (R-10),0.0,4.36,0.2702068134635828
Danville,,202271007,,P-1 (R-10),0.0,4.36,0.24024641534679816
Danville,,202271008,,P-1 (R-10),0.0,4.36,0.24593559189159778
Danville,,202272001,,P-1 (R-10),0.0,4.36,0.24877869854052126
Danville,,202272002,,P-1 (R-10),0.0,4.36,0.2354214303006524
Danville,,202272008,,P-1 (R-10),0.0,4.36,0.2454675816579249
Danville,,202272009,,P-1 (R-10),0.0,4.36,0.25071436402537867
Danville,,202110015,,P-1,0.0,35.0,4.605328668660136
Danville,,202342005,,P-1 (R-10),0.0,4.36,0.2636877911606743
Danville,,202110014,,P-1,0.0,35.0,1.1833048348131427
Danville,,202342004,,P-1 (R-10),0.0,4.36,0.23715918661753124
Danville,,202342003,,P-1 (R-10),0.0,4.36,0.23217442496723298
Danville,,202342002,,P-1 (R-10),0.0,4.36,0.23496354581082746
Danville,,202273006,,P-1 (R-10),0.0,4.36,0.26855341106322433
Danville,,202273001,,P-1 (R-10),0.0,4.36,0.3169448208399268
Danville,,202273002,,P-1 (R-10),0.0,4.36,0.3042779191858463
Danville,,202273004,,P-1 (R-10),0.0,4.36,0.36012259593732276
Danville,,202273005,,P-1 (R-10),0.0,4.36,0.2538880393872398
Danville,,202274010,,P-1 (R-10),0.0,4.36,0.2578616397389454
Danville,,202274011,,P-1 (R-10),0.0,4.36,0.32362269208979916
Danville,,202274012,,P-1 (R-10),0.0,4.36,0.3274527339079567
Danville,,202274013,,P-1 (R-10),0.0,4.36,0.26845813592153744
Danville,,202274014,,P-1 (R-10),0.0,4.36,0.25154327205839794
Danville,,202273003,,P-1 (R-10),0.0,4.36,0.3718146193399187
Danville,,202274015,,P-1 (R-10),0.0,4.36,0.24335253542179563
Danville,,202274016,,P-1 (R-10),0.0,4.36,0.23019993806340874
Danville,,202274017,,P-1 (R-10),0.0,4.36,0.22866795198123666
Danville,,216282006,,P-1 (R-15),0.0,2.9,0.35773009280619267
Danville,,216282005,,P-1 (R-15),0.0,2.9,0.3658574793685617
Danville,,202274001,,P-1 (R-10),0.0,4.36,0.2507402222492021
Danville,,216231006,,P-1 (R-15),0.0,2.9,0.5068343261024182
Danville,,216282004,,P-1 (R-15),0.0,2.9,0.5352635698798871
Danville,,216282003,,P-1 (R-15),0.0,2.9,0.3676745230000672
Danville,,216231005,,P-1 (R-15),0.0,2.9,0.4043706225284527
Danville,,216231004,,P-1 (R-15),0.0,2.9,0.3484707715455865
Danville,,216231003,,P-1 (R-15),0.0,2.9,0.23518355719588346
Danville,,216231015,,P-1 (R-15),0.0,2.9,0.1132965773974428
Danville,,216231014,,P-1 (R-15),0.0,2.9,0.15107024275319234
Danville,,216231007,,P-1 (R-15),0.0,2.9,0.4350290027515187
Danville,,216231009,,P-1 (R-15),0.0,2.9,0.261028624007099
Danville,,216231010,,P-1 (R-15),0.0,2.9,0.054950198866887616
Danville,,202274002,,P-1 (R-10),0.0,4.36,0.2607393133041222
Danville,,202202011,,R-10,0.0,4.36,0.28695584999236573
Danville,,202202012,,R-10,0.0,4.36,0.23008412076037174
Danville,,202202013,,R-10,0.0,4.36,0.228829588236029
Danville,,202202014,,R-10,0.0,4.36,0.22945789499522604
Danville,,202202016,,R-10,0.0,4.36,0.2280785784553655
Danville,,202110011,,P-1 (R-15),0.0,2.9,3.405
Danville,,202202015,,R-10,0.0,4.36,0.22781627257965054
Danville,,202274003,,P-1 (R-10),0.0,4.36,0.2667980401894717
Danville,,202274004,,P-1 (R-10),0.0,4.36,0.392248094553178
Danville,,202274009,,P-1 (R-10),0.0,4.36,0.24045990162574274
Danville,,202274008,,P-1 (R-10),0.0,4.36,0.2451950900382859
Danville,,202274007,,P-1 (R-10),0.0,4.36,0.24471570556762204
Danville,,202274005,,P-1 (R-10),0.0,4.36,0.689872551507491
Danville,,202274006,,P-1 (R-10),0.0,4.36,0.2669139455184272
Danville,,202341013,,P-1 (R-10),0.0,4.36,0.26934597624786843
Danville,,202273007,,P-1 (R-10),0.0,4.36,0.27412754368226755
Danville,,202342001,,P-1 (R-10),0.0,4.36,0.2553348654451351
Danville,,202341011,,P-1 (R-10),0.0,4.36,0.2906758632849252
Danville,,202341012,,P-1 (R-10),0.0,4.36,0.29466297009665526
Danville,,202201012,,P-1 (R-15),0.0,2.9,0.42121154528950033
Danville,,202201007,,P-1 (R-15),0.0,2.9,0.35668857561221295
Danville,,202201006,,P-1 (R-15),0.0,2.9,0.34861372356541814
Danville,,202201001,,P-1 (R-15),0.0,2.9,0.3432620733388542
Danville,,202202019,,P-1 (R-15),0.0,2.9,0.30044062950514683
Danville,,202202018,,P-1 (R-15),0.0,2.9,0.25176042119655617
Danville,,202201002,,P-1 (R-15),0.0,2.9,0.34034142321554167
Danville,,202202017,,R-10,0.0,4.36,0.28640019669420946
Danville,,202202003,,R-10,0.0,4.36,0.24040648579583032
Danville,,202202002,,R-10,0.0,4.36,0.3147172805953354
Danville,,202201003,,R-10,0.0,4.36,0.22554266983854257
Danville,,202202001,,R-10,0.0,4.36,0.353296057050233
Danville,,202201004,,R-10,0.0,4.36,0.27655238059440396
Danville,,202201005,,P-1 (R-15),0.0,2.9,0.3046374218682206
Danville,,202201014,,P-1 (R-15),0.0,2.9,0.2593006784389497
Danville,,202201010,,P-1 (R-15),0.0,2.9,0.26839732274904615
Danville,,202201011,,R-10,0.0,4.36,0.4250988697631214
Danville,,202192002,,R-10,0.0,4.36,0.29107030062165595
Danville,,202192001,,R-10,0.0,4.36,0.25765776944584584
Danville,,202191005,,R-10,0.0,4.36,0.3043714063520835
Danville,,202191004,,R-10,0.0,4.36,0.2669857855474809
Danville,,202191003,,R-10,0.0,4.36,0.2620789454816878
Danville,,202194003,,R-10,0.0,4.36,0.27443232635676057
Danville,,202194004,,R-10,0.0,4.36,0.2565460818209759
Danville,,202193002,,R-10,0.0,4.36,0.2362711669190917
Danville,,202193001,,R-10,0.0,4.36,0.23134462165162525
Danville,,202193003,,R-10,0.0,4.36,0.28743657606865913
Danville,,202193004,,R-10,0.0,4.36,0.28559161361183893
Danville,,202123001,,R-10,0.0,4.36,0.2587531642319015
Danville,,202194001,,R-10,0.0,4.36,0.38594598255803153
Danville,,202122013,,R-10,0.0,4.36,0.28287630468817415
Danville,,202122014,,R-10,0.0,4.36,0.29859095376795897
Danville,,202122015,,R-10,0.0,4.36,0.2984811714969009
Danville,,202194002,,R-10,0.0,4.36,0.36162770829205204
Danville,,202194005,,R-10,0.0,4.36,0.6316203791340113
Danville,,202194006,,R-10,0.0,4.36,0.950787477935635
Danville,,202122016,,R-10,0.0,4.36,0.2833424611243841
Danville,,202122017,,R-10,0.0,4.36,0.3699402983977627
Danville,,202122018,,R-10,0.0,4.36,0.38341079440117926
Danville,,202122026,,R-10,0.0,4.36,0.6378876635147965
Danville,,202122019,,R-10,0.0,4.36,0.5066222211610515
Danville,,202122004,,R-10,0.0,4.36,0.22600193718466816
Danville,,202122005,,R-10,0.0,4.36,0.23019655057791227
Danville,,202122007,,R-10,0.0,4.36,0.2257475818037608
Danville,,202122006,,R-10,0.0,4.36,0.23844692239064286
Danville,,202122008,,R-10,0.0,4.36,0.22154086668086523
Danville,,202122009,,R-10,0.0,4.36,0.2195164737419041
Danville,,202122010,,R-10,0.0,4.36,0.2191824287939743
Danville,,202121016,,R-10,0.0,4.36,0.22303976565881292
Danville,,202121015,,R-10,0.0,4.36,0.21514240901660708
Danville,,202121014,,R-10,0.0,4.36,0.22288654808655728
Danville,,202121011,,R-10,0.0,4.36,0.22605680163124098
Danville,,202122011,,R-10,0.0,4.36,0.21994104733508074
Danville,,202122012,,R-10,0.0,4.36,0.21239729042645436
Danville,,202121013,,R-10,0.0,4.36,0.22708963720836234
Danville,,202123003,,R-10,0.0,4.36,0.260426889265535
Danville,,202123002,,R-10,0.0,4.36,0.25841733598890093
Danville,,202202004,,R-10,0.0,4.36,0.2375757638223462
Danville,,202202005,,R-10,0.0,4.36,0.23758779458010865
Danville,,202202006,,R-10,0.0,4.36,0.23996682666639987
Danville,,202123004,,R-10,0.0,4.36,0.2562137045626821
Danville,,202123005,,R-10,0.0,4.36,0.2586679424811513
Danville,,202123006,,R-10,0.0,4.36,0.25890752388287264
Danville,,202202007,,R-10,0.0,4.36,0.2420346777596831
Danville,,202202008,,R-10,0.0,4.36,0.23997460995149664
Danville,,202202010,,R-10,0.0,4.36,0.29490926927402755
Danville,,202202009,,R-10,0.0,4.36,0.3147977632688292
Danville,,202123008,,R-10,0.0,4.36,0.2651322348090818
Danville,,202123007,,R-10,0.0,4.36,0.257367336063959
Danville,,202121012,,R-10,0.0,4.36,0.21453420193559047
Danville,,216232005,,P-1 (R-15),0.0,2.9,0.34062515147041833
Danville,,216232004,,P-1 (R-15),0.0,2.9,0.3986247353169793
Danville,,202123009,,R-10,0.0,4.36,0.2563302092308111
Danville,,216232001,,P-1 (R-15),0.0,2.9,0.058815759492525814
Danville,,216232002,,P-1 (R-15),0.0,2.9,0.33992590575763165
Danville,,216232003,,P-1 (R-15),0.0,2.9,0.3531342588386266
Danville,,216235002,,P-1 (R-15),0.0,2.9,0.22960204439471782
Danville,,216235001,,P-1,0.0,35.0,0.23414831299468822
Danville,,216290045,,P-1,0.0,35.0,5.9500731247011185
Danville,,216290046,,P-1,0.0,35.0,0.9721827832138755
Danville,,216290017,,P-1,0.0,35.0,0.05858595417208812
Danville,,216290016,,P-1,0.0,35.0,0.05323541063588885
Danville,,216290015,,P-1,0.0,35.0,0.05238246111469693
Danville,,216290014,,P-1,0.0,35.0,0.054632985878560816
Danville,,216232006,,P-1 (R-15),0.0,2.9,0.2757997884180418
Danville,,216232008,,P-1 (R-15),0.0,2.9,0.2856182867931271
Danville,,216232019,,P-1 (R-15),0.0,2.9,0.15025710861854824
Danville,,216232018,,P-1 (R-15),0.0,2.9,0.1428058147873975
Danville,,216290009,,P-1,0.0,35.0,0.05249743567309125
Danville,,216290013,,P-1,0.0,35.0,0.052381004869241646
Danville,,216290012,,P-1,0.0,35.0,0.054140978916178514
Danville,,216290011,,P-1,0.0,35.0,0.052307003122901936
Danville,,216290010,,P-1,0.0,35.0,0.05577599954468592
Danville,,216290008,,P-1,0.0,35.0,0.06064338171460609
Danville,,216233005,,P-1 (R-15),0.0,2.9,0.3176984936012223
Danville,,216233009,,P-1 (R-15),0.0,2.9,0.2484125803022158
Danville,,216233006,,P-1 (R-15),0.0,2.9,0.3165513190425499
Danville,,216233008,,P-1 (R-15),0.0,2.9,0.23634242549894843
Danville,,216233007,,P-1 (R-15),0.0,2.9,0.2602344634730087
Danville,,216232013,,P-1 (R-15),0.0,2.9,0.45261815353845203
Danville,,216232010,,P-1 (R-15),0.0,2.9,0.3311671558775254
Danville,,216232009,,P-1 (R-15),0.0,2.9,0.30145067953370264
Danville,,202121010,,R-10,0.0,4.36,0.2151832150192039
Danville,,202121009,,R-10,0.0,4.36,0.22279736050907173
Danville,,202121008,,R-10,0.0,4.36,0.2424966959117867
Danville,,202121017,,R-10,0.0,4.36,0.22853741590347884
Danville,,202121018,,R-10,0.0,4.36,0.22766218433362156
Danville,,202121007,,R-10,0.0,4.36,0.23893591456868446
Danville,,202121006,,R-10,0.0,4.36,0.243840223242418
Danville,,202121005,,R-10,0.0,4.36,0.2390775786153066
Danville,,202121020,,R-10,0.0,4.36,0.22947600205304494
Danville,,202121019,,R-10,0.0,4.36,0.22614641635519503
Danville,,202121021,,R-10,0.0,4.36,0.23036830495494184
Danville,,202121022,,R-10,0.0,4.36,0.21732867179522644
Danville,,202121023,,R-10,0.0,4.36,0.2161728573383688
Danville,,202121001,,R-10,0.0,4.36,0.21736966991606102
Danville,,202121002,,R-10,0.0,4.36,0.21498681760175997
Danville,,202121003,,R-10,0.0,4.36,0.21674142770658505
Danville,,202121004,,R-10,0.0,4.36,0.23767349895724937
Danville,,216352008,,P-1 (R-15),0.0,2.9,0.9110097737115964
Danville,,216352002,,P-1 (R-15),0.0,2.9,0.9856169055101099
Danville,,216352007,,P-1 (R-15),0.0,2.9,0.3469942342217223
Danville,,216232012,,P-1 (R-15),0.0,2.9,0.887618769006484
Danville,,216232011,,P-1 (R-15),0.0,2.9,0.4928003204341814
Danville,,216352009,,P-1 (R-15),0.0,2.9,0.3390349668731774
Danville,,216232014,,P-1 (R-15),0.0,2.9,0.2292931348841314
Danville,,216232015,,P-1 (R-15),0.0,2.9,0.23708908556004707
Danville,,216352011,,P-1 (R-15),0.0,2.9,0.300410766254907
Danville,,216352010,,P-1 (R-15),0.0,2.9,0.3278322015532528
Danville,,216363004,,P-1 (R-15),0.0,2.9,0.3539790395020076
Danville,,216352006,,P-1 (R-15),0.0,2.9,0.28728672111187753
Danville,,216352005,,P-1 (R-15),0.0,2.9,0.858916040760383
Danville,,216352004,,P-1 (R-15),0.0,2.9,0.27611301278513584
Danville,,216363007,,P-1 (R-15),0.0,2.9,0.3644207668619134
Danville,,216363006,,P-1 (R-15),0.0,2.9,0.3710792397547704
Danville,,216363005,,P-1 (R-15),0.0,2.9,0.3687120729021516
Danville,,216363008,,P-1 (R-15),0.0,2.9,0.3668242362747134
Danville,,216363009,,P-1 (R-15),0.0,2.9,0.3988266309137069
Danville,,216351016,,P-1 (R-15),0.0,2.9,0.2534147501272835
Danville,,216352003,,P-1 (R-15),0.0,2.9,0.27244006079170224
Danville,,216351017,,P-1 (R-15),0.0,2.9,0.2532845452566201
Danville,,216351018,,P-1 (R-15),0.0,2.9,0.26462489403046724
Danville,,216351015,,P-1 (R-15),0.0,2.9,0.3586863652311394
Danville,,216351012,,P-1 (R-15),0.0,2.9,0.3871347088745033
Danville,,216351004,,P-1 (R-15),0.0,2.9,0.3229320797829162
Danville,,216351013,,P-1 (R-15),0.0,2.9,0.5547498348239464
Danville,,216351014,,P-1 (R-15),0.0,2.9,0.7267259968893731
Danville,,216351003,,P-1 (R-15),0.0,2.9,0.38524556895120476
Danville,,216351019,,P-1 (R-15),0.0,2.9,0.35947916613849773
Danville,,202131006,,R-10,0.0,4.36,0.21520780890552463
Danville,,202131007,,R-10,0.0,4.36,0.21358506745422626
Danville,,202131008,,R-10,0.0,4.36,0.2152692578157289
Danville,,216351020,,P-1 (R-15),0.0,2.9,0.4491680715123232
Danville,,216351021,,P-1 (R-15),0.0,2.9,0.27978622251626123
Danville,,216352001,,P-1 (R-15),0.0,2.9,0.368594950159325
Danville,,202135004,,R-10,0.0,4.36,0.21368104291904205
Danville,,202135003,,R-10,0.0,4.36,0.2149850445660162
Danville,,202131009,,R-10,0.0,4.36,0.21354143798331118
Danville,,202135002,,R-10,0.0,4.36,0.21511692492353748
Danville,,202121024,,R-10,0.0,4.36,0.2183118035219099
Danville,,202135001,,R-10,0.0,4.36,0.21465989017613435
Danville,,202122024,,R-10,0.0,4.36,0.2394248681646295
Danville,,202122025,,R-10,0.0,4.36,0.22272165973559907
Danville,,202122001,,R-10,0.0,4.36,0.24652697414468028
Danville,,202134006,,R-10,0.0,4.36,0.2142060712894662
Danville,,202134005,,R-10,0.0,4.36,0.2160359065500791
Danville,,202132010,,R-10,0.0,4.36,0.21570438203591952
Danville,,202132009,,R-10,0.0,4.36,0.21028572172467302
Danville,,202131010,,R-10,0.0,4.36,0.21479265368979086
Danville,,202131011,,R-10,0.0,4.36,0.21510576502237166
Danville,,202132008,,R-10,0.0,4.36,0.24490286564259678
Danville,,202132011,,R-10,0.0,4.36,0.21539918124653018
Danville,,202132015,,R-10,0.0,4.36,0.24723673955426703
Danville,,202132016,,R-10,0.0,4.36,0.2178141574800889
Danville,,202132007,,R-10,0.0,4.36,0.22706229698914013
Danville,,202132006,,R-10,0.0,4.36,0.21518844490259664
Danville,,202132005,,R-10,0.0,4.36,0.21652011924017256
Danville,,202131012,,R-10,0.0,4.36,0.21448976622049043
Danville,,202131013,,R-10,0.0,4.36,0.21513819133818032
Danville,,202131005,,R-10,0.0,4.36,0.21466092999000025
Danville,,202131014,,R-10,0.0,4.36,0.21429514936394645
Danville,,202131015,,R-10,0.0,4.36,0.21526211920628796
Danville,,202131004,,R-10,0.0,4.36,0.2158346395863027
Danville,,202131003,,R-10,0.0,4.36,0.21557020193747214
Danville,,202131002,,R-10,0.0,4.36,0.21492003531051773
Danville,,202131017,,R-10,0.0,4.36,0.21419095422358375
Danville,,202131016,,R-10,0.0,4.36,0.21398260010757963
Danville,,202131018,,R-10,0.0,4.36,0.2151612608141137
Danville,,202142003,,R-10,0.0,4.36,0.2246658439428862
Danville,,202132001,,R-10,0.0,4.36,0.22205640311260488
Danville,,202132002,,R-10,0.0,4.36,0.2108024184115736
Danville,,202132003,,R-10,0.0,4.36,0.21579379203587598
Danville,,202132004,,R-10,0.0,4.36,0.2156387136187851
Danville,,202132019,,R-10,0.0,4.36,0.21295740826489243
Danville,,202132018,,R-10,0.0,4.36,0.21256486948007622
Danville,,202132017,,R-10,0.0,4.36,0.21391895118966794
Danville,,202132020,,R-10,0.0,4.36,0.20869150504868056
Danville,,202132021,,R-10,0.0,4.36,0.33102415709207544
Danville,,202182018,,R-15,0.0,2.9,0.468
Danville,,202182017,,R-15,0.0,2.9,0.416
Danville,,202182019,,R-15,0.0,2.9,0.532
Danville,,202182008,,R-15,0.0,2.9,0.32
Danville,,202154006,,R-15,0.0,2.9,0.4586420284714155
Danville,,202182009,,R-15,0.0,2.9,0.33
Danville,,202133012,,R-10,0.0,4.36,0.21230917798213852
Danville,,202133013,,R-10,0.0,4.36,0.21000512400795746
Danville,,202182015,,R-15,0.0,2.9,0.377
Danville,,202133004,,R-10,0.0,4.36,0.2434195953369481
Danville,,202182005,,R-15,0.0,2.9,0.766563095148615
Danville,,202182013,,R-15,0.0,2.9,0.7669146255262829
Danville,,202182007,,R-15,0.0,2.9,0.6195319512259474
Danville,,202181001,,R-15,0.0,2.9,0.35662815246306395
Danville,,202182004,,R-15,0.0,2.9,0.39032716203632983
Danville,,202182003,,R-15,0.0,2.9,0.3924325225077844
Danville,,202133011,,R-10,0.0,4.36,0.3484630631004079
Danville,,202133010,,R-10,0.0,4.36,0.2493038010329578
Danville,,202133009,,R-10,0.0,4.36,0.24798605567947635
Danville,,202133007,,R-10,0.0,4.36,0.2501554675954796
Danville,,202133008,,R-10,0.0,4.36,0.24989609764364323
Danville,,202133006,,R-10,0.0,4.36,0.24757594430483684
Danville,,202133005,,R-10,0.0,4.36,0.24822075857662837
Danville,,202132014,,R-10,0.0,4.36,0.289422074793736
Danville,,202132012,,R-10,0.0,4.36,0.21567558732442788
Danville,,202134001,,R-10,0.0,4.36,0.22990494190545074
Danville,,202132013,,R-10,0.0,4.36,0.18327755313963917
Danville,,202134002,,R-10,0.0,4.36,0.21608857901407397
Danville,,202134004,,R-10,0.0,4.36,0.2140726792766167
Danville,,202134003,,R-10,0.0,4.36,0.2149556168101348
Danville,,202122021,,R-10,0.0,4.36,0.7005789102220861
Danville,,202122022,,R-10,0.0,4.36,0.396679296979508
Danville,,202122023,,R-10,0.0,4.36,0.21439983921447983
Danville,,202194008,,R-10,0.0,4.36,0.5826635206202689
Danville,,202194007,,R-10,0.0,4.36,0.9321037341383426
Danville,,202191001,,R-10,0.0,4.36,0.3635275803963362
Danville,,202194009,,R-10,0.0,4.36,0.6984458138904222
Danville,,202182002,,R-15,0.0,2.9,0.37637569923502834
Danville,,202182001,,R-15,0.0,2.9,0.42814286755452474
Danville,,202181002,,R-15,0.0,2.9,0.3532786323369374
Danville,,202171017,,R-15,0.0,2.9,0.5100987572265673
Danville,,202181004,,R-15,0.0,2.9,0.47364404679918376
Danville,,202181005,,R-15,0.0,2.9,0.5210613339698612
Danville,,202181003,,R-15,0.0,2.9,0.4152676062149872
Danville,,202181006,,R-15,0.0,2.9,0.8341449612324383
Danville,,202181007,,R-15,0.0,2.9,0.7296091155118416
Danville,,202181008,,R-15,0.0,2.9,0.5272077931018093
Danville,,202191002,,R-10,0.0,4.36,0.26118428481527783
Danville,,202171012,,R-15,0.0,2.9,0.7891792316628327
Danville,,202171013,,R-15,0.0,2.9,0.6435333421567011
Danville,,202171014,,R-15,0.0,2.9,0.4337548481583324
Danville,,202171015,,R-15,0.0,2.9,0.3550089573489909
Danville,,202171016,,R-15,0.0,2.9,0.3761214862272017
Danville,,202171008,,R-15,0.0,2.9,0.3651435920547682
Danville,,202171009,,R-15,0.0,2.9,0.35480308069857075
Danville,,202171010,,R-15,0.0,2.9,0.4963318825712635
Danville,,202171011,,R-15,0.0,2.9,0.6963943883777723
Danville,,202171020,,R-15,0.0,2.9,0.46
Danville,,202171001,,R-15,0.0,2.9,0.39749613222318514
Danville,,202171002,,R-15,0.0,2.9,0.34743405096682284
Danville,,202171003,,R-15,0.0,2.9,0.346532055944442
Danville,,202171004,,R-15,0.0,2.9,0.3447357464595634
Danville,,202151006,,R-15,0.0,2.9,0.48370520863357364
Danville,,202151007,,R-15,0.0,2.9,0.38917969358616467
Danville,,202151010,,R-15,0.0,2.9,0.39215887523235365
Danville,,202151009,,R-15,0.0,2.9,0.3452834111822186
Danville,,202173001,,R-15,0.0,2.9,0.3848956946801992
Danville,,202172003,,R-15,0.0,2.9,0.455035441545064
Danville,,202171005,,R-15,0.0,2.9,0.34131840091489263
Danville,,202171006,,R-15,0.0,2.9,0.3503192161321667
Danville,,202171007,,R-15,0.0,2.9,0.39755967707392487
Danville,,202172001,,R-15,0.0,2.9,0.7415851859019976
Danville,,202172002,,R-15,0.0,2.9,0.5683725412049914
Danville,,202153004,,R-15,0.0,2.9,0.4002005158593444
Danville,,202153003,,R-15,0.0,2.9,0.4203378543215284
Danville,,202153002,,R-15,0.0,2.9,0.3543764869838343
Danville,,202153007,,R-15,0.0,2.9,0.38244189628927555
Danville,,202153006,,R-15,0.0,2.9,0.3524725588226922
Danville,,202153005,,R-15,0.0,2.9,0.3991235441371207
Danville,,202154004,,R-15,0.0,2.9,0.4362225797158646
Danville,,202154003,,R-15,0.0,2.9,0.4500150656206172
Danville,,202154002,,R-15,0.0,2.9,0.455476791630953
Danville,,202154001,,R-15,0.0,2.9,0.45127125584488437
Danville,,202152004,,R-15,0.0,2.9,0.3479895057131328
Danville,,202152003,,R-15,0.0,2.9,0.3456365860718969
Danville,,202162001,,R-15,0.0,2.9,0.3566895178476645
Danville,,202152001,,R-15,0.0,2.9,0.40107448782823873
Danville,,202152002,,R-15,0.0,2.9,0.42134077610130943
Danville,,202153001,,R-15,0.0,2.9,0.3589946932555148
Danville,,202151001,,R-15,0.0,2.9,0.35608169485843366
Danville,,202161019,,R-15,0.0,2.9,0.33794007486636846
Danville,,202161020,,R-15,0.0,2.9,0.34926007121903335
Danville,,202161018,,R-15,0.0,2.9,0.35944521429039444
Danville,,202161017,,R-15,0.0,2.9,0.45040371019321046
Danville,,202161016,,R-15,0.0,2.9,0.4426308317142979
Danville,,202151003,,R-15,0.0,2.9,0.5301308728074919
Danville,,202151002,,R-15,0.0,2.9,0.5473942478619159
Danville,,202151008,,R-15,0.0,2.9,0.34812896293222817
Danville,,202151004,,R-15,0.0,2.9,0.39002044561707017
Danville,,202151005,,R-15,0.0,2.9,0.43034626574943113
Danville,,202040010,,R-15,0.0,2.9,3.7
Danville,,202212011,,R-15,0.0,2.9,0.7878587501803185
Danville,,202161015,,R-15,0.0,2.9,0.5872869596953483
Danville,,202212008,,R-15,0.0,2.9,0.3459409022778455
Danville,,202212009,,R-15,0.0,2.9,0.34428830817107076
Danville,,202212007,,R-15,0.0,2.9,0.6273687275906552
Danville,,202212010,,R-15,0.0,2.9,0.6792778976660239
Danville,,202220009,,R-15,0.0,2.9,0.9956045686175582
Danville,,202212006,,R-15,0.0,2.9,0.7351848243589283
Danville,,202212005,,R-15,0.0,2.9,0.3449204652194245
Danville,,202212004,,R-15,0.0,2.9,0.34551758426766777
Danville,,202212001,,R-15,0.0,2.9,0.4927709982332513
Danville,,202212003,,R-15,0.0,2.9,0.35900769178331204
Danville,,202220007,,R-15,0.0,2.9,0.609361190963996
Danville,,202220008,,R-15,0.0,2.9,0.883479698408605
Danville,,202230005,,R-100,0.0,0.44,5.31
Danville,,202220011,,R-100,0.0,0.44,4.97
Danville,,202171019,,R-15,0.0,2.9,0.59
Danville,,202040011,,R-100,0.0,0.44,11.684
Danville,,202352005,,P-1 (R-10),0.0,4.36,0.3418222637937231
Danville,,202352006,,P-1 (R-10),0.0,4.36,0.3195988097752151
Danville,,202352007,,P-1 (R-10),0.0,4.36,0.26104653139632616
Danville,,202352008,,P-1 (R-10),0.0,4.36,0.33103476265665815
Danville,,202050065,,P-1,0.0,35.0,67.0422925973063
Danville,,202353002,,P-1 (R-10),0.0,4.36,0.25431437174365057
Danville,,202353001,,P-1 (R-10),0.0,4.36,0.24963542980393572
Danville,,202363006,,P-1 (R-10),0.0,4.36,0.25475205416594515
Danville,,202363001,,P-1 (R-10),0.0,4.36,0.23747869689548218
Danville,,202362007,,P-1 (R-10),0.0,4.36,0.3103454461619056
Danville,,202362001,,P-1 (R-10),0.0,4.36,0.35618622843535086
Danville,,202362002,,P-1 (R-10),0.0,4.36,0.41532134567336154
Danville,,202362003,,P-1 (R-10),0.0,4.36,0.40662821969083857
Danville,,202361002,,P-1 (R-10),0.0,4.36,0.31565840024104586
Danville,,202361003,,P-1 (R-10),0.0,4.36,0.3226368952342737
Danville,,202361004,,P-1 (R-10),0.0,4.36,0.27957414309529316
Danville,,202361008,,P-1 (R-10),0.0,4.36,0.268
Danville,,202361007,,P-1 (R-10),0.0,4.36,0.236
Danville,,202354001,,P-1 (R-10),0.0,4.36,0.2620740410610314
Danville,,202353013,,P-1 (R-10),0.0,4.36,0.3355420697441857
Danville,,202354002,,P-1 (R-10),0.0,4.36,0.2826578874850851
Danville,,202353012,,P-1 (R-10),0.0,4.36,0.33535970008170674
Danville,,202353003,,P-1 (R-10),0.0,4.36,0.28793058868834925
Danville,,202353011,,P-1 (R-10),0.0,4.36,0.313356057241579
Danville,,202354003,,P-1 (R-10),0.0,4.36,0.3601674683537914
Danville,,202354004,,P-1 (R-10),0.0,4.36,0.4260351919530307
Danville,,202354005,,P-1 (R-10),0.0,4.36,0.4262466123532513
Danville,,202353009,,P-1 (R-10),0.0,4.36,0.3512631589908624
Danville,,202353010,,P-1 (R-10),0.0,4.36,0.36738269720413597
Danville,,202353004,,P-1 (R-10),0.0,4.36,0.3082960067389999
Danville,,202353005,,P-1 (R-10),0.0,4.36,0.34782868635878755
Danville,,202353006,,P-1 (R-10),0.0,4.36,0.3951334879362208
Danville,,202352004,,P-1 (R-10),0.0,4.36,0.31929322238211616
Danville,,202352002,,P-1 (R-10),0.0,4.36,0.36441698984825444
Danville,,202352003,,P-1 (R-10),0.0,4.36,0.30045619304475746
Danville,,202353007,,P-1 (R-10),0.0,4.36,0.3214997027537433
Danville,,202351001,,P-1 (R-10),0.0,4.36,0.2839086945277688
Danville,,202353008,,P-1 (R-10),0.0,4.36,0.3741594325574617
Danville,,202354006,,P-1 (R-10),0.0,4.36,0.41314718402830597
Danville,,202362004,,P-1 (R-10),0.0,4.36,0.459004424542692
Danville,,202361001,,P-1 (R-10),0.0,4.36,0.37135672160424
Danville,,202362005,,P-1 (R-10),0.0,4.36,0.38297736534607923
Danville,,202363003,,P-1 (R-10),0.0,4.36,0.3374907301080559
Danville,,202362006,,P-1 (R-10),0.0,4.36,0.37975753727240247
Danville,,202363002,,P-1 (R-10),0.0,4.36,0.33076731249308733
Danville,,202363005,,P-1 (R-10),0.0,4.36,0.30937638862735056
Danville,,202364002,,P-1 (R-10),0.0,4.36,0.42130434418224066
Danville,,202363004,,P-1 (R-10),0.0,4.36,0.44180174182697585
Danville,,202050077,,P-1,0.0,35.0,11.53
Danville,,202050076,,P-1,0.0,35.0,4.928
Danville,,202351002,,P-1 (R-10),0.0,4.36,0.2722083657248634
Danville,,202351003,,P-1 (R-10),0.0,4.36,0.28666161076694613
Danville,,202352001,,P-1 (R-10),0.0,4.36,0.22679656622807223
Danville,,202351004,,P-1 (R-10),0.0,4.36,0.2721065903346214
Danville,,202351005,,P-1 (R-10),0.0,4.36,0.3306948804732912
Danville,,202050041,,A-4,0.0,0.05,61.526018717224055
Danville,,202050086,,A-2,0.0,0.05,0.33785592208298326
Danville,,202050089,,A-2,0.0,0.05,0.4102952739609011
Danville,,202050088,,A-2,0.0,0.05,0.40326257686324596
Danville,,202050087,,A-2,0.0,0.05,0.5128697573305836
Danville,,202093003,,R-15,0.0,2.9,0.40089425825900826
Danville,,202081008,,R-15,0.0,2.9,1.153
Danville,,202073015,,R-15,0.0,2.9,0.35212472270915796
Danville,,202073014,,R-15,0.0,2.9,0.3478338067986696
Danville,,202050067,,P-1,0.0,35.0,6.12
Danville,,202050066,,P-1,0.0,35.0,10.88
Danville,,202092003,,R-15,0.0,2.9,0.43401682936281866
Danville,,202092002,,R-15,0.0,2.9,0.49185530830151053
Danville,,202092001,,R-15,0.0,2.9,0.3902009698987545
Danville,,202091012,,R-15,0.0,2.9,0.33270208999849743
Danville,,202091011,,R-15,0.0,2.9,0.012
Danville,,202091010,,R-15,0.0,2.9,0.037
Danville,,202091013,,R-15,0.0,2.9,0.4478574823460181
Danville,,202091008,,R-15,0.0,2.9,0.042
Danville,,202091005,,R-15,0.0,2.9,0.3442014871085003
Danville,,202091007,,R-15,0.0,2.9,0.038
Danville,,202091004,,R-15,0.0,2.9,0.3454344851015906
Danville,,202092004,,R-15,0.0,2.9,0.3955321714718919
Danville,,202092005,,R-15,0.0,2.9,0.45497113801761274
Danville,,202073016,,R-15,0.0,2.9,0.3515314618779935
Danville,,202073017,,R-15,0.0,2.9,0.35012378373385195
Danville,,202071005,,R-15,0.0,2.9,0.3386410742475293
Danville,,202073011,,R-15,0.0,2.9,0.3519696800877558
Danville,,202073004,,R-15,0.0,2.9,0.33967392612606945
Danville,,202073003,,R-15,0.0,2.9,0.3549747619596275
Danville,,202062003,,R-15,0.0,2.9,0.3468662027099449
Danville,,202062004,,R-15,0.0,2.9,0.3480193010341628
Danville,,202073006,,R-15,0.0,2.9,0.36355574802202356
Danville,,202073007,,R-15,0.0,2.9,0.4143161871302889
Danville,,202073005,,R-15,0.0,2.9,0.35429761947459426
Danville,,202073009,,R-15,0.0,2.9,0.3390788317496106
Danville,,202073010,,R-15,0.0,2.9,0.34820878671747374
Danville,,202073008,,R-15,0.0,2.9,0.43170449871170496
Danville,,202230001,,R-100,0.0,0.44,5.2331074662545705
Danville,,202220010,,R-100,0.0,0.44,5.31
Danville,,202220005,,R-15,0.0,2.9,0.5329573765317207
Danville,,202220006,,R-15,0.0,2.9,0.6353436841129283
Danville,,202220004,,R-15,0.0,2.9,0.4873399384727518
Danville,,202062005,,R-15,0.0,2.9,0.4123408744851631
Danville,,202062006,,R-15,0.0,2.9,0.41574448841445777
Danville,,202062008,,R-15,0.0,2.9,0.3457070577595148
Danville,,202062007,,R-15,0.0,2.9,0.3480492975378225
Danville,,202062013,,R-15,0.0,2.9,0.3526246623256594
Danville,,202220003,,R-15,0.0,2.9,0.39462914147929723
Danville,,202220002,,R-15,0.0,2.9,0.3569753310373501
Danville,,202220001,,R-15,0.0,2.9,0.38491619600554544
Danville,,202211001,,R-15,0.0,2.9,0.39837601039803
Danville,,202211002,,R-15,0.0,2.9,0.4108008254671532
Danville,,202062016,,R-15,0.0,2.9,0.34058469506097866
Danville,,202062015,,R-15,0.0,2.9,0.35496716189766325
Danville,,202061006,,R-15,0.0,2.9,0.35308956617006027
Danville,,202062017,,R-15,0.0,2.9,0.346817457050553
Danville,,202062014,,R-15,0.0,2.9,0.3442381482176683
Danville,,202062012,,R-15,0.0,2.9,0.33910187045165163
Danville,,202062011,,R-15,0.0,2.9,0.34897127045052456
Danville,,202061003,,R-15,0.0,2.9,0.3547470123070323
Danville,,202061004,,R-15,0.0,2.9,0.3530633068907963
Danville,,202061005,,R-15,0.0,2.9,0.3546642930156904
Danville,,196290028,,R-12,0.0,3.63,0.45
Danville,,202072002,,R-15,0.0,2.9,0.35204174684242406
Danville,,202061001,,R-15,0.0,2.9,0.35054761801329226
Danville,,202061002,,R-15,0.0,2.9,0.3514837578630429
Danville,,202062010,,R-15,0.0,2.9,0.34068734354478175
Danville,,202062009,,R-15,0.0,2.9,0.3378998611234205
Danville,,202062001,,R-15,0.0,2.9,0.34248829240240936
Danville,,202062002,,R-15,0.0,2.9,0.3425364399997279
Danville,,202073002,,R-15,0.0,2.9,0.3449957719663355
Danville,,202073001,,R-15,0.0,2.9,0.3391963865243848
Danville,,202071003,,R-15,0.0,2.9,0.33283685079858755
Danville,,202071004,,R-15,0.0,2.9,0.3595342348267358
Danville,,202071001,,R-15,0.0,2.9,0.350977086059045
Danville,,202071002,,R-15,0.0,2.9,0.35169309091871687
Danville,,196590027,,R-12,0.0,3.63,0.33
Danville,,196590034,,R-20,0.0,2.18,0.706
Danville,,196590028,,R-12,0.0,3.63,0.44
Danville,,196590020,,P-1,0.0,35.0,0.23341453467233497
Danville,,202072001,,R-15,0.0,2.9,0.3508530754402089
Danville,,196590019,,P-1,0.0,35.0,0.28788561447197986
Danville,,196590021,,P-1,0.0,35.0,0.29221841785952446
Danville,,196290026,,R-12,0.0,3.63,0.44
Danville,,196290027,,R-12,0.0,3.63,0.766
Danville,,196590031,,R-12,0.0,3.63,0.431
Danville,,196590032,,P-1,0.0,35.0,0.17274297553775583
Danville,,196590023,,P-1,0.0,35.0,0.19770654651834213
Danville,,196590022,,P-1,0.0,35.0,0.35041499457317565
Danville,,196590017,,R-20,0.0,2.18,0.5059807846801944
Danville,,196590026,,P-1,0.0,35.0,0.6
Danville,,196590033,,R-20,0.0,2.18,0.573
Danville,,196590024,,P-1,0.0,35.0,0.17604894629656728
Danville,,196590014,,R-20,0.0,2.18,0.47820519438568165
Danville,,196590016,,R-20,0.0,2.18,0.5641304459683498
Danville,,196590015,,R-20,0.0,2.18,0.6376226918688328
Danville,,196590012,,R-20,0.0,2.18,0.5225107023301888
Danville,,196590013,,R-20,0.0,2.18,0.5323372777471145
Danville,,196310014,,P-1 (R-15),0.0,2.9,0.4014227378736783
Danville,,196310013,,P-1 (R-15),0.0,2.9,0.39884866260604734
Danville,,196310012,,P-1 (R-15),0.0,2.9,0.3980654842390177
Danville,,196320016,,R-15,0.0,2.9,0.77
Danville,,196310007,,P-1 (R-15),0.0,2.9,0.3781977695417797
Danville,,196310008,,P-1 (R-15),0.0,2.9,0.35906451552753704
Danville,,202081007,,R-15,0.0,2.9,1.999
Danville,,202081001,,R-15,0.0,2.9,9.758
Danville,,196320017,,R-12,0.0,3.63,4.379886053027395
Danville,,196320009,,P-1 (R-6),0.0,7.26,0.2
Danville,,196320010,,P-1 (R-6),0.0,7.26,0.2
Danville,,196320011,,P-1 (R-6),0.0,7.26,0.24
Danville,,202081004,,R-15,0.0,2.9,0.583
Danville,,202050085,,A-2,0.0,0.05,14.92
Danville,,195121004,,R-10,0.0,4.36,0.25121257956050846
Danville,,195121005,,R-10,0.0,4.36,0.2781612472514159
Danville,,195121006,,R-10,0.0,4.36,0.22678993819685803
Danville,,196330003,,R-10,0.0,4.36,0.25
Danville,,196330019,,R-10,0.0,4.36,0.23224883728590504
Danville,,196330018,,R-10,0.0,4.36,0.23596471082617346
Danville,,196330029,,R-12,0.0,3.63,0.4
Danville,,196320001,,R-12,0.0,3.63,0.33
Danville,,196320007,,R-12,0.0,3.63,0.324
Danville,,196320003,,R-12,0.0,3.63,0.33
Danville,,196330031,,R-12,0.0,3.63,0.19
Danville,,196330030,,R-12,0.0,3.63,0.2
Danville,,196330021,,R-10,0.0,4.36,0.22840419904294662
Danville,,196320012,,P-1 (R-6),0.0,7.26,0.34
Danville,,196330053,,R-15,0.0,2.9,0.401
Danville,,196330052,,R-15,0.0,2.9,0.489
Danville,,196330028,,R-10,0.0,4.36,0.4466310520877563
Danville,,196330033,,R-10,0.0,4.36,0.2538272352174863
Danville,,196330050,,R-15,0.0,2.9,0.45
Danville,,196330012,,R-10,0.0,4.36,0.23281073462322088
Danville,,196330013,,R-10,0.0,4.36,0.322296960992143
Danville,,196330032,,R-10,0.0,4.36,0.23322551123832178
Danville,,196330011,,R-10,0.0,4.36,0.23997103189264007
Danville,,196330043,,R-10,0.0,4.36,0.23
Danville,,196330049,,R-15,0.0,2.9,0.62
Danville,,196330041,,R-20,0.0,2.18,0.5422601756392719
Danville,,196330042,,R-20,0.0,2.18,0.5914126756473849
Danville,,196330040,,R-20,0.0,2.18,0.5828863634682361
Danville,,196330063,,R-20,0.0,2.18,0.67
Danville,,196330065,,R-20,0.0,2.18,0.517
Danville,,196330066,,R-15,0.0,2.9,0.3543688215806297
Danville,,196330048,,R-15,0.0,2.9,0.38
Danville,,196330047,,R-15,0.0,2.9,0.4
Danville,,196330051,,R-15,0.0,2.9,0.4
Danville,,196330054,,R-15,0.0,2.9,0.9275524667192712
Danville,,196330061,,R-15,0.0,2.9,0.3453989028048938
Danville,,196320015,,R-15,0.0,2.9,0.43
Danville,,196330056,,R-15,0.0,2.9,0.3455621126805527
Danville,,196330067,,R-15,0.0,2.9,0.34776568228911
Danville,,196330057,,R-15,0.0,2.9,0.33581458765320726
Danville,,196330058,,R-15,0.0,2.9,0.34153787965480475
Danville,,196310024,,P-1 (R-15),0.0,2.9,0.3892633933911894
Danville,,196310031,,R-15,0.0,2.9,0.08
Danville,,196310011,,P-1 (R-15),0.0,2.9,0.34532017261951253
Danville,,196310010,,P-1 (R-15),0.0,2.9,0.35026962500541503
Danville,,196310009,,P-1 (R-15),0.0,2.9,0.35136721877252
Danville,,196310042,,P-1 (R-15),0.0,2.9,0.448544086900371
Danville,,196590011,,R-20,0.0,2.18,0.49674798602270087
Danville,,196600024,,R-20,0.0,2.18,0.5040440851944922
Danville,,196310016,,P-1 (R-15),0.0,2.9,0.4621206548232884
Danville,,196310017,,P-1 (R-15),0.0,2.9,0.37475934731679067
Danville,,196310018,,P-1 (R-15),0.0,2.9,0.3968190388860685
Danville,,196310019,,P-1 (R-15),0.0,2.9,0.4524875940291186
Danville,,196310021,,P-1 (R-15),0.0,2.9,0.33851053735445913
Danville,,196310022,,P-1 (R-15),0.0,2.9,0.3813462899968337
Danville,,196310023,,P-1 (R-15),0.0,2.9,0.45040791069833175
Danville,,196310020,,P-1 (R-15),0.0,2.9,0.41981169977550337
Danville,,196570003,,R-20,0.0,2.18,0.4703560191158086
Danville,,196570022,,R-20,0.0,2.18,0.46
Danville,,196570019,,R-20,0.0,2.18,0.5672983909932883
Danville,,196310041,,R-20,0.0,2.18,0.05
Danville,,196310034,,P-1 (R-15),0.0,2.9,0.022439700544306884
Danville,,196310037,,P-1 (R-15),0.0,2.9,0.33173684759711497
Danville,,196310030,,R-20,0.0,2.18,3.66
Danville,,196310025,,P-1 (R-15),0.0,2.9,0.31340216678427313
Danville,,196310040,,P-1 (R-15),0.0,2.9,0.46049159826332176
Danville,,196310039,,P-1 (R-15),0.0,2.9,0.37379415999563304
Danville,,196330064,,R-20,0.0,2.18,0.52
Danville,,196570018,,R-20,0.0,2.18,0.49741177250620544
Danville,,196570006,,R-20,0.0,2.18,0.492825921712265
Danville,,196570002,,R-20,0.0,2.18,0.5077476334520463
Danville,,196570015,,R-20,0.0,2.18,0.4706305975250564
Danville,,196570020,,R-20,0.0,2.18,0.987
Danville,,196570021,,R-20,0.0,2.18,0.6241351681214814
Danville,,196570013,,R-20,0.0,2.18,0.5211917878288863
Danville,,196570012,,R-20,0.0,2.18,0.46362828083582636
Danville,,196370035,,R-20,0.0,2.18,19.119
Danville,,196340006,,R-20,0.0,2.18,0.9526480971850072
Danville,,196340005,,R-20,0.0,2.18,1.0
Danville,,196340010,,R-20,0.0,2.18,0.5796961144662524
Danville,,196340013,,R-20,0.0,2.18,0.5123145647350827
Danville,,196340016,,R-20,0.0,2.18,0.6638647539615481
Danville,,196340015,,R-20,0.0,2.18,0.562978008260446
Danville,,196340002,,R-20,0.0,2.18,0.5199452170480872
Danville,,196340014,,R-20,0.0,2.18,0.5746000417461907
Danville,,196350018,,R-20,0.0,2.18,0.31
Danville,,196350017,,R-20,0.0,2.18,0.29
Danville,,196350008,,R-20,0.0,2.18,0.59
Danville,,195102043,,R-10,0.0,4.36,0.2419635879013924
Danville,,196340003,,R-20,0.0,2.18,0.4938431350114844
Danville,,195111002,,R-10,0.0,4.36,0.45
Danville,,195111001,,R-10,0.0,4.36,0.37
Danville,,195102040,,R-10,0.0,4.36,0.46749320965293845
Danville,,195102042,,R-10,0.0,4.36,0.394922091938029
Danville,,195102041,,R-10,0.0,4.36,0.31781928585134833
Danville,,195111011,,R-10,0.0,4.36,0.28776916556420834
Danville,,195102023,,R-10,0.0,4.36,0.2368096268695338
Danville,,195111013,,R-10,0.0,4.36,0.23852856587089175
Danville,,195111012,,R-10,0.0,4.36,0.22944692598499358
Danville,,195111014,,R-10,0.0,4.36,0.23735119437120739
Danville,,195111015,,R-10,0.0,4.36,0.24103113209373475
Danville,,195111008,,R-10,0.0,4.36,0.23578722897781348
Danville,,195111009,,R-10,0.0,4.36,0.22721772480800276
Danville,,195111010,,R-10,0.0,4.36,0.3195770113385003
Danville,,195111040,,R-10,0.0,4.36,0.3033194388687293
Danville,,195111039,,R-10,0.0,4.36,0.2998819901719349
Danville,,195111038,,R-10,0.0,4.36,0.6566135598910551
Danville,,195111006,,R-10,0.0,4.36,0.22939915258052035
Danville,,195111007,,R-10,0.0,4.36,0.23255028732634647
Danville,,195111018,,R-10,0.0,4.36,0.2413273676422716
Danville,,195111019,,R-10,0.0,4.36,0.2430291591799121
Danville,,195111020,,R-10,0.0,4.36,0.23815890931918451
Danville,,195111026,,R-10,0.0,4.36,0.23005995074527824
Danville,,195111027,,R-10,0.0,4.36,0.29889146520446297
Danville,,195121017,,R-10,0.0,4.36,0.3302758147867381
Danville,,195111025,,R-10,0.0,4.36,0.22777284135515663
Danville,,195111024,,R-10,0.0,4.36,0.23118793319320138
Danville,,195111023,,R-10,0.0,4.36,0.2728885929467904
Danville,,195111022,,R-10,0.0,4.36,0.2346856242958697
Danville,,195111021,,R-10,0.0,4.36,0.2294344518904803
Danville,,195111004,,R-10,0.0,4.36,0.22514298450151332
Danville,,195111005,,R-10,0.0,4.36,0.2284189450171698
Danville,,196340009,,R-20,0.0,2.18,0.6985981620489978
Danville,,196340017,,R-20,0.0,2.18,0.96
Danville,,196340007,,R-20,0.0,2.18,0.9810620284059367
Danville,,196340008,,R-20,0.0,2.18,0.9683555809067738
Danville,,196330044,,R-20,0.0,2.18,2.57
Danville,,195121009,,R-10,0.0,4.36,0.22489424020074558
Danville,,195121010,,R-10,0.0,4.36,0.2272500018303976
Danville,,195121011,,R-10,0.0,4.36,0.24616189324689722
Danville,,195121012,,R-10,0.0,4.36,0.26138112154423926
Danville,,195121015,,R-10,0.0,4.36,0.2520751914209722
Danville,,195121013,,R-10,0.0,4.36,0.2630672608409594
Danville,,195121014,,R-10,0.0,4.36,0.2623509068221238
Danville,,195121020,,R-10,0.0,4.36,0.2766196315282069
Danville,,195121019,,R-10,0.0,4.36,0.29177032451880697
Danville,,195121016,,R-10,0.0,4.36,0.2320231968523174
Danville,,195121018,,R-10,0.0,4.36,0.2678179590436053
Danville,,195122008,,R-10,0.0,4.36,0.3449500623584931
Danville,,195122007,,R-10,0.0,4.36,0.29275482478034864
Danville,,195122006,,R-10,0.0,4.36,0.2821407493252073
Danville,,195121021,,R-10,0.0,4.36,0.2594760065001874
Danville,,195121022,,R-10,0.0,4.36,0.2408470997992431
Danville,,195121023,,R-10,0.0,4.36,0.24314873227317754
Danville,,195121024,,R-10,0.0,4.36,0.2989067063350233
Danville,,195121008,,R-10,0.0,4.36,0.22851162380425766
Danville,,195121007,,R-10,0.0,4.36,0.2279067584752277
Danville,,195121025,,R-10,0.0,4.36,0.3349464010319213
Danville,,195121037,,R-10,0.0,4.36,1.45
Danville,,195123010,,R-10,0.0,4.36,0.2619538860697421
Danville,,195121028,,R-10,0.0,4.36,0.31341232429227583
Danville,,195121027,,R-10,0.0,4.36,0.3070305853342272
Danville,,195121038,,R-10,0.0,4.36,0.2801184856035929
Danville,,195121029,,R-10,0.0,4.36,0.26483914678461085
Danville,,195121035,,R-10,0.0,4.36,0.2553467860897228
Danville,,195121036,,R-10,0.0,4.36,0.2576132043181653
Danville,,195123003,,R-10,0.0,4.36,0.2753718369238119
Danville,,195123007,,R-10,0.0,4.36,0.2590202156997427
Danville,,195123008,,R-10,0.0,4.36,0.25794946665071383
Danville,,195123009,,R-10,0.0,4.36,0.2376900002257357
Danville,,195123001,,R-10,0.0,4.36,0.2895293117694852
Danville,,195123002,,R-10,0.0,4.36,0.23391951472972405
Danville,,195133002,,R-10,0.0,4.36,0.25033291789257495
Danville,,195133001,,R-10,0.0,4.36,0.27819185248771644
Danville,,195133022,,R-10,0.0,4.36,0.2760152449641208
Danville,,195133024,,R-10,0.0,4.36,0.23413527209166077
Danville,,195122015,,R-10,0.0,4.36,0.23131051811475561
Danville,,195122003,,R-10,0.0,4.36,0.24743467179005757
Danville,,195122014,,R-10,0.0,4.36,0.24365777220882806
Danville,,195122009,,R-10,0.0,4.36,0.3216553369352526
Danville,,195122010,,R-10,0.0,4.36,0.2672201132028013
Danville,,195122011,,R-10,0.0,4.36,0.2368835717765791
Danville,,195122012,,R-10,0.0,4.36,0.23626514993568457
Danville,,195122002,,R-10,0.0,4.36,0.33222581750660035
Danville,,195122001,,R-10,0.0,4.36,0.32179450786937713
Danville,,195131001,,R-10,0.0,4.36,0.23584274088039694
Danville,,195131002,,R-10,0.0,4.36,0.23320344946840305
Danville,,195132010,,R-10,0.0,4.36,0.23386148601994874
Danville,,195132008,,R-10,0.0,4.36,0.19882812671650718
Danville,,195132007,,R-10,0.0,4.36,0.22469533942603778
Danville,,195132009,,R-10,0.0,4.36,0.27164080855162076
Danville,,195132006,,R-10,0.0,4.36,0.2246989642309011
Danville,,195133023,,R-10,0.0,4.36,0.24102618678482352
Danville,,195132005,,R-10,0.0,4.36,0.22331216368436296
Danville,,195132004,,R-10,0.0,4.36,0.22221520723587831
Danville,,195132012,,R-10,0.0,4.36,0.23188388385437933
Danville,,195132011,,R-10,0.0,4.36,0.23348616441443149
Danville,,195131003,,R-10,0.0,4.36,0.235519058671238
Danville,,195131004,,R-10,0.0,4.36,0.2372169906814634
Danville,,195131005,,R-10,0.0,4.36,0.23642679286644308
Danville,,195131006,,R-10,0.0,4.36,0.2378207770159354
Danville,,195131007,,R-10,0.0,4.36,0.23897566602502845
Danville,,195113007,,R-10,0.0,4.36,0.25811291785409124
Danville,,195113006,,R-10,0.0,4.36,0.2640972165851564
Danville,,195113001,,R-10,0.0,4.36,0.23373863711342535
Danville,,195122013,,R-10,0.0,4.36,0.2349629165890874
Danville,,195113002,,R-10,0.0,4.36,0.23089615196253874
Danville,,195111028,,R-10,0.0,4.36,0.28214974586676594
Danville,,195111029,,R-10,0.0,4.36,0.23235134750209005
Danville,,195111030,,R-10,0.0,4.36,0.2953451419291111
Danville,,195113003,,R-10,0.0,4.36,0.23931536015376187
Danville,,195113004,,R-10,0.0,4.36,0.2378157661145922
Danville,,195113005,,R-10,0.0,4.36,0.25947054114000995
Danville,,195112003,,R-10,0.0,4.36,0.28005417459284127
Danville,,195112004,,R-10,0.0,4.36,0.29379569475059875
Danville,,195111032,,R-10,0.0,4.36,0.22682566588842154
Danville,,195111031,,R-10,0.0,4.36,0.268601284286435
Danville,,195111017,,R-10,0.0,4.36,0.2412102388881198
Danville,,195111016,,R-10,0.0,4.36,0.2681426669903916
Danville,,195111034,,R-10,0.0,4.36,0.22809060569073686
Danville,,195111033,,R-10,0.0,4.36,0.22618739728295745
Danville,,195112010,,R-10,0.0,4.36,0.24670877118046444
Danville,,195111036,,R-10,0.0,4.36,0.32
Danville,,195102047,,R-10,0.0,4.36,0.396
Danville,,195112009,,R-10,0.0,4.36,0.2518620623549674
Danville,,195102048,,R-10,0.0,4.36,0.484
Danville,,195112008,,R-10,0.0,4.36,0.276756718021867
Danville,,195112006,,R-10,0.0,4.36,0.29703209478527864
Danville,,195112005,,R-10,0.0,4.36,0.23849806650782734
Danville,,195112002,,R-10,0.0,4.36,0.26219040661157966
Danville,,195112001,,R-10,0.0,4.36,0.32135920658026207
Danville,,195071001,,R-10,0.0,4.36,0.23832323338787392
Danville,,195071002,,R-10,0.0,4.36,0.23545549752557907
Danville,,195071003,,R-10,0.0,4.36,0.2618655517442596
Danville,,195071004,,R-10,0.0,4.36,0.23386389188648887
Danville,,195071005,,R-10,0.0,4.36,0.24108940864093745
Danville,,195071021,,R-10,0.0,4.36,0.24845874121407655
Danville,,195071020,,R-10,0.0,4.36,0.22803075086051453
Danville,,195071027,,R-10,0.0,4.36,0.22977354057238916
Danville,,195071026,,R-10,0.0,4.36,0.2518675002272436
Danville,,195071025,,R-10,0.0,4.36,0.25114108279520125
Danville,,195071022,,R-10,0.0,4.36,0.2487205690835601
Danville,,195071023,,R-10,0.0,4.36,0.23628972737254758
Danville,,195071024,,R-10,0.0,4.36,0.23793741211927613
Danville,,195072005,,R-10,0.0,4.36,0.23117026932752407
Danville,,195072004,,R-10,0.0,4.36,0.23290808761475015
Danville,,195072003,,R-10,0.0,4.36,0.23112414060506406
Danville,,195113008,,R-10,0.0,4.36,0.23158782819685422
Danville,,195072001,,R-10,0.0,4.36,0.23251852008984852
Danville,,195072002,,R-10,0.0,4.36,0.23101356973487192
Danville,,195063003,,R-10,0.0,4.36,0.22765787904276735
Danville,,195063002,,R-10,0.0,4.36,0.23698045175181603
Danville,,195063001,,R-10,0.0,4.36,0.25793051340344086
Danville,,195072006,,R-10,0.0,4.36,0.2441972918420536
Danville,,195061008,,R-10,0.0,4.36,0.2312035508966771
Danville,,195061018,,R-10,0.0,4.36,0.23
Danville,,195061017,,R-10,0.0,4.36,0.271
Danville,,195061010,,R-10,0.0,4.36,0.22506947187639426
Danville,,195061009,,R-10,0.0,4.36,0.23622863082912024
Danville,,195062001,,R-10,0.0,4.36,0.3071793728935438
Danville,,195062002,,R-10,0.0,4.36,0.24217399071714174
Danville,,195063004,,R-10,0.0,4.36,0.23000337833144568
Danville,,195063005,,R-10,0.0,4.36,0.23144879347028965
Danville,,195063007,,R-10,0.0,4.36,0.23017029126820449
Danville,,195063006,,R-10,0.0,4.36,0.22634259570511678
Danville,,195062003,,R-10,0.0,4.36,0.24483830934646633
Danville,,195063009,,R-10,0.0,4.36,0.2279229242360536
Danville,,195063008,,R-10,0.0,4.36,0.22610025182568957
Danville,,195063010,,R-10,0.0,4.36,0.2292755542294127
Danville,,195063011,,R-10,0.0,4.36,0.22646037057155208
Danville,,195063012,,R-10,0.0,4.36,0.22900643148540764
Danville,,195141010,,R-10,0.0,4.36,0.5001543281222476
Danville,,195131010,,R-10,0.0,4.36,0.47047711177578583
Danville,,195141014,,R-10,0.0,4.36,0.4814088241793202
Danville,,195141013,,R-10,0.0,4.36,0.49960203328733066
Danville,,195141012,,R-10,0.0,4.36,0.500290894658671
Danville,,195142001,,R-10,0.0,4.36,0.47440405188085416
Danville,,195142002,,R-10,0.0,4.36,0.4715048256397997
Danville,,195141011,,R-10,0.0,4.36,0.4820314806822558
Danville,,195141009,,R-10,0.0,4.36,0.4988942915978531
Danville,,195142003,,R-10,0.0,4.36,0.45545412547603087
Danville,,195142004,,R-10,0.0,4.36,0.48546294558016795
Danville,,195141008,,R-10,0.0,4.36,0.5137531966250128
Danville,,195142008,,R-10,0.0,4.36,4.922
Danville,,195134024,,R-10,0.0,4.36,0.36238580206695026
Danville,,195134010,,R-10,0.0,4.36,0.3459615088250607
Danville,,195134009,,R-10,0.0,4.36,0.25698390419821493
Danville,,195134008,,R-10,0.0,4.36,0.23178618051600902
Danville,,195134007,,R-10,0.0,4.36,0.22923961127481354
Danville,,195134023,,R-10,0.0,4.36,0.33790210334163373
Danville,,195134022,,R-10,0.0,4.36,0.34795663513861025
Danville,,195134021,,R-10,0.0,4.36,0.3489258253160935
Danville,,195134005,,R-10,0.0,4.36,0.2323592313525988
Danville,,195134006,,R-10,0.0,4.36,0.23254693031906232
Danville,,195131012,,R-10,0.0,4.36,0.3680071915636056
Danville,,195131011,,R-10,0.0,4.36,0.41520599570231836
Danville,,195131009,,R-10,0.0,4.36,0.2475408652080363
Danville,,195131008,,R-10,0.0,4.36,0.2388685802643378
Danville,,195132015,,R-10,0.0,4.36,0.2424203606670506
Danville,,195132013,,R-10,0.0,4.36,0.22032129783886725
Danville,,195132002,,R-10,0.0,4.36,0.2247357894779622
Danville,,195132014,,R-10,0.0,4.36,0.24802986101986366
Danville,,195132001,,R-10,0.0,4.36,0.24579395836677267
Danville,,195133012,,R-10,0.0,4.36,0.22770325686814769
Danville,,195133013,,R-10,0.0,4.36,0.22519517380588186
Danville,,195132003,,R-10,0.0,4.36,0.22629647264136618
Danville,,195133017,,R-10,0.0,4.36,0.23491137248741945
Danville,,195133018,,R-10,0.0,4.36,0.22992148410153432
Danville,,195133019,,R-10,0.0,4.36,0.2809249889398841
Danville,,195133020,,R-10,0.0,4.36,0.25451201153172415
Danville,,195133016,,R-10,0.0,4.36,0.2948651983320408
Danville,,195133015,,R-10,0.0,4.36,0.24536074426883236
Danville,,195133014,,R-10,0.0,4.36,0.23570664456513474
Danville,,195133011,,R-10,0.0,4.36,0.23271128989225237
Danville,,195133010,,R-10,0.0,4.36,0.22996131588882657
Danville,,195133009,,R-10,0.0,4.36,0.22622102296846758
Danville,,195133008,,R-10,0.0,4.36,0.22583972703126576
Danville,,195134028,,R-10,0.0,4.36,0.25439364085767024
Danville,,195134011,,R-10,0.0,4.36,0.25456949008238855
Danville,,195134026,,R-10,0.0,4.36,0.2569562007389073
Danville,,195134025,,R-10,0.0,4.36,0.2541806977798829
Danville,,195134027,,R-10,0.0,4.36,0.2538269174714411
Danville,,195134031,,R-10,0.0,4.36,0.25227349781329783
Danville,,195134029,,R-10,0.0,4.36,0.26498133645973876
Danville,,195133005,,R-10,0.0,4.36,0.22423975578739933
Danville,,195133006,,R-10,0.0,4.36,0.22854640329514922
Danville,,195133007,,R-10,0.0,4.36,0.22781972489109342
Danville,,195133021,,R-10,0.0,4.36,0.3022576992487884
Danville,,195133003,,R-10,0.0,4.36,0.2361898847150042
Danville,,195134019,,R-10,0.0,4.36,0.2502491781083672
Danville,,195133004,,R-10,0.0,4.36,0.2335211170888678
Danville,,195134018,,R-10,0.0,4.36,0.28018978865192823
Danville,,195134030,,R-10,0.0,4.36,0.25867228833110884
Danville,,202050042,,A-4,0.0,0.05,40.0
Danville,,202050080,,A-2,0.0,0.05,57.470379639552654
Danville,,195141002,,R-10,0.0,4.36,0.5365232642040314
Danville,,195141003,,R-10,0.0,4.36,0.5136685903835748
Danville,,195141004,,R-10,0.0,4.36,0.5118847579960734
Danville,,195141005,,R-10,0.0,4.36,0.503882282090097
Danville,,195141006,,R-10,0.0,4.36,0.5437378640891087
Danville,,195400020,,R-10,0.0,4.36,0.26029129812011953
Danville,,195400018,,R-10,0.0,4.36,0.29231213696770797
Danville,,195400019,,R-10,0.0,4.36,0.25306199609838614
Danville,,195023006,,R-10,0.0,4.36,0.253338177061689
Danville,,195023005,,R-10,0.0,4.36,0.2988830896307254
Danville,,195023004,,R-10,0.0,4.36,0.30807617947007127
Danville,,195022005,,R-10,0.0,4.36,0.2220005244430681
Danville,,195022003,,R-10,0.0,4.36,0.31427777321901207
Danville,,195022004,,R-10,0.0,4.36,0.22405739885065273
Danville,,195022002,,R-10,0.0,4.36,0.31905264345590906
Danville,,195022001,,R-10,0.0,4.36,0.35627074131234704
Danville,,195063019,,R-10,0.0,4.36,0.38263424681642005
Danville,,195063018,,R-10,0.0,4.36,0.325106196333555
Danville,,195063017,,R-10,0.0,4.36,0.2771250122341641
Danville,,195063016,,R-10,0.0,4.36,0.27365587871382707
Danville,,195063015,,R-10,0.0,4.36,0.2668624343095877
Danville,,195063014,,R-10,0.0,4.36,0.2715449176003444
Danville,,195063013,,R-10,0.0,4.36,0.24392065596838272
Danville,,195062010,,R-10,0.0,4.36,0.3148418580735115
Danville,,195062011,,R-10,0.0,4.36,0.3626288828042186
Danville,,195062013,,R-10,0.0,4.36,0.23253534278153984
Danville,,195062012,,R-10,0.0,4.36,0.29819197851917195
Danville,,195021006,,R-10,0.0,4.36,0.35945298734910264
Danville,,195021007,,R-10,0.0,4.36,0.42128997878977553
Danville,,195021005,,R-10,0.0,4.36,0.32367464294368864
Danville,,195062014,,R-10,0.0,4.36,0.24020727003916997
Danville,,195062015,,R-10,0.0,4.36,0.30832917138735605
Danville,,195021002,,R-10,0.0,4.36,0.25165791202813204
Danville,,195021004,,R-10,0.0,4.36,0.29787358531509783
Danville,,195021003,,R-10,0.0,4.36,0.2606959334218368
Danville,,195021001,,R-10,0.0,4.36,0.24360148539789123
Danville,,195021017,,R-10,0.0,4.36,0.2501862466487783
Danville,,195031002,,R-10,0.0,4.36,0.2859982234208726
Danville,,195021016,,R-10,0.0,4.36,0.26825129041401735
Danville,,195021015,,R-10,0.0,4.36,0.30500044298485723
Danville,,195031003,,R-10,0.0,4.36,0.297975479471987
Danville,,195021013,,R-10,0.0,4.36,0.27833487026408993
Danville,,195021012,,R-10,0.0,4.36,0.3300585269527969
Danville,,195021014,,R-10,0.0,4.36,0.38094914700378074
Danville,,195021008,,R-10,0.0,4.36,0.3960944097942229
Danville,,195021010,,R-10,0.0,4.36,0.3144089770370971
Danville,,195021009,,R-10,0.0,4.36,0.30491006770634477
Danville,,195021011,,R-10,0.0,4.36,0.31713445141408847
Danville,,195023001,,R-10,0.0,4.36,0.26124042754045856
Danville,,195023002,,R-10,0.0,4.36,0.2565618968151586
Danville,,195023003,,R-10,0.0,4.36,0.2610690619033701
Danville,,195400015,,R-10,0.0,4.36,0.2952570308030766
Danville,,195400016,,R-10,0.0,4.36,0.2905507566482724
Danville,,195400017,,R-10,0.0,4.36,0.2899653538099158
Danville,,195400014,,R-10,0.0,4.36,0.27146991338348947
Danville,,195400013,,R-10,0.0,4.36,0.28190252099526814
Danville,,195031009,,R-10,0.0,4.36,0.2707646920013254
Danville,,195031010,,R-10,0.0,4.36,0.33676864458830064
Danville,,195031007,,R-10,0.0,4.36,0.28998370863237904
Danville,,195031008,,R-10,0.0,4.36,0.4126453762305768
Danville,,195031013,,R-10,0.0,4.36,0.2739292901255555
Danville,,195032011,,R-10,0.0,4.36,0.2750310098879079
Danville,,195031014,,R-10,0.0,4.36,0.2571691988210061
Danville,,195031016,,R-10,0.0,4.36,0.30858816348464746
Danville,,195031015,,R-10,0.0,4.36,0.2919661312715448
Danville,,195031006,,R-10,0.0,4.36,0.30235080251173774
Danville,,195031005,,R-10,0.0,4.36,0.2589211097200565
Danville,,195031018,,R-10,0.0,4.36,0.2881279169313828
Danville,,195031004,,R-10,0.0,4.36,0.32222698164956926
Danville,,195031017,,R-10,0.0,4.36,0.31046676757099767
Danville,,195031019,,R-10,0.0,4.36,0.24814751555295272
Danville,,195031001,,R-10,0.0,4.36,0.2326269364604384
Danville,,195032003,,R-10,0.0,4.36,0.34535784499186534
Danville,,195032004,,R-10,0.0,4.36,0.35659839268659627
Danville,,195032006,,R-10,0.0,4.36,0.2977378222042173
Danville,,195032005,,R-10,0.0,4.36,0.32252308032475696
Danville,,195032007,,R-10,0.0,4.36,0.2976197245234324
Danville,,195032008,,R-10,0.0,4.36,0.32497565986538696
Danville,,195032009,,R-10,0.0,4.36,0.27584943112039334
Danville,,195032010,,R-10,0.0,4.36,0.25592941220362747
Danville,,195040046,,R-10,0.0,4.36,0.9599720035248085
Danville,,195031012,,R-10,0.0,4.36,0.2759247839587212
Danville,,195032012,,R-10,0.0,4.36,0.29593664756701504
Danville,,195032013,,R-10,0.0,4.36,0.27831662417771963
Danville,,195031011,,R-10,0.0,4.36,0.3514075072314913
Danville,,195400012,,R-10,0.0,4.36,0.3105372713816702
Danville,,195032014,,R-10,0.0,4.36,0.45165216529221636
Danville,,195032015,,R-10,0.0,4.36,0.3479662719167663
Danville,,195032016,,R-10,0.0,4.36,0.2302328519453071
Danville,,195080051,,R-20,0.0,2.18,1.069
Danville,,195040066,,R-10,0.0,4.36,0.666
Danville,,195040073,,R-10,0.0,4.36,0.743
Danville,,195080050,,R-10,0.0,4.36,0.38
Danville,,195040002,,R-10,0.0,4.36,0.30986783025566195
Danville,,195040074,,R-10,0.0,4.36,1.752
Danville,,195040075,,R-10,0.0,4.36,0.609
Danville,,195040031,,R-10,0.0,4.36,0.43891314793548725
Danville,,195040060,,R-10,0.0,4.36,0.25458594257004813
Danville,,195040059,,R-10,0.0,4.36,0.42192681928296094
Danville,,195040049,,R-10,0.0,4.36,0.4649158273915964
Danville,,195040047,,R-10,0.0,4.36,0.29853542151295126
Danville,,195040045,,R-10,0.0,4.36,0.33583393718928556
Danville,,195032001,,R-10,0.0,4.36,0.27919800920435767
Danville,,195032002,,R-10,0.0,4.36,0.24018994187218842
Danville,,195050001,,R-10,0.0,4.36,0.7813455323834115
Danville,,195040042,,R-10,0.0,4.36,0.4512393972351372
Danville,,195050002,,R-10,0.0,4.36,0.3589547505777549
Danville,,195040040,,R-10,0.0,4.36,0.4485103611418483
Danville,,195040051,,R-10,0.0,4.36,0.40762876607707127
Danville,,195040018,,R-10,0.0,4.36,0.43
Danville,,195040030,,R-10,0.0,4.36,0.4150410071779609
Danville,,195040069,,R-10,0.0,4.36,0.77
Danville,,195040008,,R-10,0.0,4.36,0.4606197269351392
Danville,,195040007,,R-10,0.0,4.36,0.39200578796976326
Danville,,195040006,,R-10,0.0,4.36,0.41030170043651104
Danville,,195040070,,R-10,0.0,4.36,0.965
Danville,,195040003,,R-10,0.0,4.36,0.26005766117973655
Danville,,195040004,,R-10,0.0,4.36,0.2637660674575068
Danville,,195040005,,R-10,0.0,4.36,0.4404343183937222
Danville,,195050007,,R-10,0.0,4.36,0.25205672242173
Danville,,195050004,,R-10,0.0,4.36,0.3253113342755697
Danville,,195050005,,R-10,0.0,4.36,0.29818585673972225
Danville,,195050006,,R-10,0.0,4.36,0.2710662446204285
Danville,,195050010,,R-10,0.0,4.36,0.2629623192043762
Danville,,195050011,,R-10,0.0,4.36,0.30743490656954514
Danville,,195050014,,R-10,0.0,4.36,0.298394995375344
Danville,,195050012,,R-10,0.0,4.36,0.5372755934424381
Danville,,195050003,,R-10,0.0,4.36,0.355808718611983
Danville,,195050013,,R-10,0.0,4.36,0.6225375857057517
Danville,,195050028,,R-10,0.0,4.36,0.2721400311438817
Danville,,195050030,,R-10,0.0,4.36,0.3128744320312623
Danville,,195050029,,R-10,0.0,4.36,0.268855766598538
Danville,,195050027,,R-10,0.0,4.36,0.2585765799840694
Danville,,195062016,,R-10,0.0,4.36,0.301549362787164
Danville,,195050026,,R-10,0.0,4.36,0.2765814981386824
Danville,,195050025,,R-10,0.0,4.36,0.3015262422056546
Danville,,195050024,,R-10,0.0,4.36,0.30131044204531576
Danville,,195050023,,R-10,0.0,4.36,0.31059118716710166
Danville,,195062019,,R-10,0.0,4.36,0.35975089353926787
Danville,,195062018,,R-10,0.0,4.36,0.35701948209006007
Danville,,195062017,,R-10,0.0,4.36,0.37859145786117576
Danville,,195062008,,R-10,0.0,4.36,0.31383776486517007
Danville,,195062009,,R-10,0.0,4.36,0.305148190897251
Danville,,195062006,,R-10,0.0,4.36,0.29249300956391466
Danville,,195062007,,R-10,0.0,4.36,0.3130091270181547
Danville,,195062005,,R-10,0.0,4.36,0.2766498717334166
Danville,,195062004,,R-10,0.0,4.36,0.26273482411980226
Danville,,195062022,,R-10,0.0,4.36,0.2603132816731801
Danville,,195062021,,R-10,0.0,4.36,0.27717566760437184
Danville,,195062020,,R-10,0.0,4.36,0.2932305576127533
Danville,,195050022,,R-10,0.0,4.36,0.31345168112655314
Danville,,195050020,,R-10,0.0,4.36,0.34874502431873333
Danville,,195050021,,R-10,0.0,4.36,0.32004467733872094
Danville,,195050019,,R-10,0.0,4.36,0.30062417038881306
Danville,,195061014,,R-10,0.0,4.36,0.26362033389618783
Danville,,195062023,,R-10,0.0,4.36,0.2462198839903573
Danville,,195062024,,R-10,0.0,4.36,0.23978268369973058
Danville,,195062025,,R-10,0.0,4.36,0.25633581117199195
Danville,,195061013,,R-10,0.0,4.36,0.27009052211569373
Danville,,195061012,,R-10,0.0,4.36,0.28985901461970426
Danville,,195061011,,R-10,0.0,4.36,0.26792983081899807
Danville,,195061005,,R-10,0.0,4.36,0.22766283012332272
Danville,,195061004,,R-10,0.0,4.36,0.2349418640627822
Danville,,195061003,,R-10,0.0,4.36,0.2727001753792153
Danville,,195061002,,R-10,0.0,4.36,0.25044662025294884
Danville,,195061001,,R-10,0.0,4.36,0.26023164965640394
Danville,,195050017,,R-10,0.0,4.36,0.25737052310666103
Danville,,195050018,,R-10,0.0,4.36,0.40031137582753207
Danville,,195050016,,R-10,0.0,4.36,0.3401609559903957
Danville,,195050015,,R-10,0.0,4.36,0.2514256074846542
Danville,,195050009,,R-10,0.0,4.36,0.23888182900635824
Danville,,195050008,,R-10,0.0,4.36,0.22882471837571633
Danville,,195071034,,R-10,0.0,4.36,0.29502424443001435
Danville,,195080011,,R-10,0.0,4.36,0.2542009617937786
Danville,,195080013,,R-10,0.0,4.36,0.2895823497102999
Danville,,195080012,,R-10,0.0,4.36,0.2677543964977665
Danville,,195080010,,R-10,0.0,4.36,0.24390235460639478
Danville,,195071036,,R-10,0.0,4.36,0.27590187491364665
Danville,,195071035,,R-10,0.0,4.36,0.1782160056949076
Danville,,195080007,,R-10,0.0,4.36,0.3634744433789323
Danville,,195071041,,R-10,0.0,4.36,0.2211699726327262
Danville,,195071042,,R-10,0.0,4.36,0.21985440909453477
Danville,,195071014,,R-10,0.0,4.36,0.24621811001474866
Danville,,195071040,,R-10,0.0,4.36,0.22525505184532812
Danville,,195071039,,R-10,0.0,4.36,0.46839541496978604
Danville,,195071037,,R-10,0.0,4.36,0.23820807593799653
Danville,,195071038,,R-10,0.0,4.36,0.3279508337917488
Danville,,195071033,,R-10,0.0,4.36,0.2579160409016719
Danville,,195071032,,R-10,0.0,4.36,0.2537884376252631
Danville,,195071031,,R-10,0.0,4.36,0.27232269083139743
Danville,,195071029,,R-10,0.0,4.36,0.3082585541463388
Danville,,195071030,,R-10,0.0,4.36,0.3685886125623991
Danville,,195071028,,R-10,0.0,4.36,0.28122850871470434
Danville,,195071018,,R-10,0.0,4.36,0.2287002182864843
Danville,,195071019,,R-10,0.0,4.36,0.22726821043683626
Danville,,195071006,,R-10,0.0,4.36,0.24036114310325063
Danville,,195071007,,R-10,0.0,4.36,0.2431048142489819
Danville,,195071016,,R-10,0.0,4.36,0.2531510929354527
Danville,,195071017,,R-10,0.0,4.36,0.22642197620321214
Danville,,195071015,,R-10,0.0,4.36,0.25155681702789756
Danville,,195071013,,R-10,0.0,4.36,0.25733979608052365
Danville,,195071012,,R-10,0.0,4.36,0.21518557929912027
Danville,,195071010,,R-10,0.0,4.36,0.26164996801100776
Danville,,195071009,,R-10,0.0,4.36,0.22798023092809885
Danville,,195102030,,R-10,0.0,4.36,0.27166923479987365
Danville,,195102031,,R-10,0.0,4.36,0.24466579444229608
Danville,,195071008,,R-10,0.0,4.36,0.23493351020307834
Danville,,195102032,,R-10,0.0,4.36,0.3115039517689714
Danville,,195112007,,R-10,0.0,4.36,0.3441016925850744
Danville,,195102029,,R-10,0.0,4.36,0.22880135106018354
Danville,,195102028,,R-10,0.0,4.36,0.2267971073736956
Danville,,195102033,,R-10,0.0,4.36,0.2792110762761677
Danville,,195102036,,R-10,0.0,4.36,0.2272792949739412
Danville,,195102005,,R-10,0.0,4.36,0.42222829998106876
Danville,,195102004,,R-10,0.0,4.36,0.34613546330814765
Danville,,195102003,,R-10,0.0,4.36,0.33827689128734695
Danville,,195101005,,R-10,0.0,4.36,0.3292354155981737
Danville,,195101006,,R-10,0.0,4.36,0.30494448942765456
Danville,,195101007,,R-10,0.0,4.36,0.29945411256764104
Danville,,195102002,,R-10,0.0,4.36,0.3394351212303279
Danville,,195102001,,R-10,0.0,4.36,0.33366541112140347
Danville,,195071011,,R-10,0.0,4.36,0.23939983875636622
Danville,,195080003,,R-10,0.0,4.36,0.2736194517197118
Danville,,195080002,,R-10,0.0,4.36,0.26975883995659433
Danville,,195080035,,R-10,0.0,4.36,0.26448784321422614
Danville,,195080036,,R-10,0.0,4.36,0.3283731866264312
Danville,,195080001,,R-10,0.0,4.36,0.26892173264137503
Danville,,195080039,,R-10,0.0,4.36,0.29567705357472773
Danville,,195080037,,R-10,0.0,4.36,0.5137835949463077
Danville,,195080038,,R-10,0.0,4.36,0.27845574268123474
Danville,,195080040,,R-10,0.0,4.36,0.3012356850128981
Danville,,195080041,,R-10,0.0,4.36,0.31355518893389994
Danville,,195080042,,R-10,0.0,4.36,0.3175411769468793
Danville,,195080043,,R-10,0.0,4.36,0.2938532490582954
Danville,,195080044,,R-10,0.0,4.36,0.26541267360232423
Danville,,195080033,,R-10,0.0,4.36,0.2575273333787206
Danville,,195080034,,R-10,0.0,4.36,0.25881398806788847
Danville,,195080004,,R-10,0.0,4.36,0.2682638714953548
Danville,,195080005,,R-10,0.0,4.36,0.3035188165728547
Danville,,195080006,,R-10,0.0,4.36,0.32814140175802986
Danville,,195080030,,R-10,0.0,4.36,0.2543322268060141
Danville,,195080031,,R-10,0.0,4.36,0.2594571765664785
Danville,,195080032,,R-10,0.0,4.36,0.2554876003847138
Danville,,195080029,,R-10,0.0,4.36,0.2875400214156937
Danville,,195080008,,R-10,0.0,4.36,0.40426647503824886
Danville,,195080009,,R-10,0.0,4.36,0.3279176929115738
Danville,,195080028,,R-10,0.0,4.36,0.338971830700855
Danville,,195080014,,R-10,0.0,4.36,0.31092830868144955
Danville,,195080025,,R-10,0.0,4.36,0.3291996386739046
Danville,,195080024,,R-10,0.0,4.36,0.3291231126993403
Danville,,195080046,,R-10,0.0,4.36,0.22997009068309732
Danville,,195080045,,R-10,0.0,4.36,0.2399484118649069
Danville,,195080021,,R-10,0.0,4.36,3.52
Danville,,195080054,,R-20,0.0,2.18,1.33
Danville,,195080053,,R-20,0.0,2.18,0.34
Danville,,195080052,,R-12,0.0,3.63,0.4
Danville,,195090040,,R-10,0.0,4.36,0.20389015991450712
Danville,,195090030,,R-10,0.0,4.36,0.24869337986511272
Danville,,195090027,,R-10,0.0,4.36,0.3118742240597976
Danville,,195090032,,R-10,0.0,4.36,0.31106373702203954
Danville,,195090033,,R-10,0.0,4.36,0.28992489853573233
Danville,,195090025,,R-10,0.0,4.36,0.3271690667064207
Danville,,195090026,,R-10,0.0,4.36,0.3520602717219197
Danville,,195090063,,R-10,0.0,4.36,0.232
Danville,,195090061,,R-10,0.0,4.36,0.244
Danville,,195090062,,R-10,0.0,4.36,0.232
Danville,,195090053,,R-10,0.0,4.36,0.232
Danville,,195090052,,R-10,0.0,4.36,0.231
Danville,,195090054,,R-10,0.0,4.36,0.232
Danville,,195090056,,R-10,0.0,4.36,0.291
Danville,,195090051,,R-10,0.0,4.36,0.23
Danville,,195090055,,R-10,0.0,4.36,0.235
Danville,,196360033,,R-20,0.0,2.18,0.40726555388588964
Danville,,195090038,,R-10,0.0,4.36,0.29875703405538906
Danville,,196360017,,R-20,0.0,2.18,0.62
Danville,,196360036,,R-20,0.0,2.18,0.4517704868699967
Danville,,196360003,,R-20,0.0,2.18,0.4
Danville,,196360024,,R-20,0.0,2.18,0.67
Danville,,196360035,,R-20,0.0,2.18,0.5147697766513938
Danville,,196360038,,R-20,0.0,2.18,0.723
Danville,,196360031,,R-20,0.0,2.18,1.0476261652994194
Danville,,196360030,,R-20,0.0,2.18,0.4519425685121096
Danville,,195090041,,R-10,0.0,4.36,0.2752916355568158
Danville,,196360011,,R-20,0.0,2.18,0.361
Danville,,195090049,,R-10,0.0,4.36,0.3005492910787893
Danville,,195090042,,R-10,0.0,4.36,0.2280997555772405
Danville,,195090057,,R-10,0.0,4.36,0.349
Danville,,195090058,,R-10,0.0,4.36,0.251
Danville,,195090043,,R-10,0.0,4.36,0.2247972255759614
Danville,,195090059,,R-10,0.0,4.36,0.256
Danville,,195090060,,R-10,0.0,4.36,0.299
Danville,,195090044,,R-10,0.0,4.36,0.2623559733080843
Danville,,195090046,,R-10,0.0,4.36,0.23530985405559177
Danville,,195090045,,R-10,0.0,4.36,0.33531528661684584
Danville,,195090009,,R-10,0.0,4.36,0.8920805310506168
Danville,,195090047,,R-10,0.0,4.36,0.23538508463563365
Danville,,195090048,,R-10,0.0,4.36,0.2344489929321556
Danville,,195090008,,R-10,0.0,4.36,0.32
Danville,,195090007,,R-10,0.0,4.36,0.37272728105203995
Danville,,195101002,,R-10,0.0,4.36,0.2909004182773451
Danville,,195101004,,R-10,0.0,4.36,0.369785493591299
Danville,,195101003,,R-10,0.0,4.36,0.3391247425415235
Danville,,195102006,,R-10,0.0,4.36,0.21521630211008563
Danville,,195102024,,R-10,0.0,4.36,0.2668560796844641
Danville,,195102019,,R-10,0.0,4.36,0.46
Danville,,195102025,,R-10,0.0,4.36,0.2674879507354553
Danville,,195102007,,R-10,0.0,4.36,0.22489604784847658
Danville,,195102035,,R-10,0.0,4.36,0.3044819517762154
Danville,,195102045,,R-10,0.0,4.36,0.37
Danville,,195102017,,R-10,0.0,4.36,0.34
Danville,,195102016,,R-10,0.0,4.36,0.25
Danville,,195102014,,R-10,0.0,4.36,0.27
Danville,,195102044,,R-10,0.0,4.36,0.23010720619375702
Danville,,195102046,,R-10,0.0,4.36,0.2674920185368872
Danville,,195101001,,R-10,0.0,4.36,0.25
Danville,,195101008,,R-10,0.0,4.36,0.39
Danville,,196350001,,R-20,0.0,2.18,0.3
Danville,,195102037,,R-10,0.0,4.36,0.32599941116419606
Danville,,195102038,,R-10,0.0,4.36,0.25625763643171406
Danville,,196350014,,R-20,0.0,2.18,0.39
Danville,,196350015,,R-20,0.0,2.18,0.33
Danville,,196350009,,R-20,0.0,2.18,0.573
Danville,,196350012,,R-20,0.0,2.18,0.295
Danville,,196350013,,R-20,0.0,2.18,0.36
Danville,,196350016,,R-20,0.0,2.18,0.34
Danville,,196350020,,R-20,0.0,2.18,0.7538560631529219
Danville,,196350022,,R-20,0.0,2.18,0.5457569353867711
Danville,,196350023,,R-20,0.0,2.18,0.5799782394440813
Danville,,196350002,,R-20,0.0,2.18,0.3
Danville,,195090006,,R-10,0.0,4.36,0.2726950283132679
Danville,,196360012,,R-20,0.0,2.18,0.38
Danville,,196360039,,R-20,0.0,2.18,0.351
Danville,,196360040,,R-20,0.0,2.18,0.373
Danville,,196360015,,R-20,0.0,2.18,0.34
Danville,,196360010,,R-20,0.0,2.18,0.362
Danville,,196360013,,R-20,0.0,2.18,0.362
Danville,,196360008,,R-20,0.0,2.18,0.355
Danville,,196350010,,R-20,0.0,2.18,2.7
Danville,,196350021,,R-20,0.0,2.18,0.5084361283753331
Danville,,196360027,,R-20,0.0,2.18,0.7549960203854922
Danville,,196360028,,R-20,0.0,2.18,0.5150314920040397
Danville,,196370019,,R-20,0.0,2.18,43.3
Danville,,197460006,,P-1 (R-20),0.0,2.18,0.618
Danville,,197460007,,P-1 (R-20),0.0,2.18,0.544
Danville,,197440001,,P-1 (R-20),0.0,2.18,0.48
Danville,,197440003,,P-1 (R-20),0.0,2.18,0.502
Danville,,197440002,,P-1 (R-20),0.0,2.18,0.434
Danville,,197460002,,P-1 (R-20),0.0,2.18,0.416
Danville,,197460003,,P-1 (R-20),0.0,2.18,0.633
Danville,,197460005,,P-1 (R-20),0.0,2.18,0.765
Danville,,197460004,,P-1 (R-20),0.0,2.18,1.489
Danville,,197460001,,P-1 (R-20),0.0,2.18,1.398
Danville,,197082021,,P-1,0.0,35.0,14.67
Danville,,197440004,,P-1 (R-20),0.0,2.18,1.043
Danville,,197050030,,P-1,0.0,35.0,13.78
Danville,,197120020,,R-100,0.0,0.44,2.41
Danville,,197120021,,R-100,0.0,0.44,2.5
Danville,,197120022,,R-100,0.0,0.44,2.47
Danville,,197120017,,R-100,0.0,0.44,2.35
Danville,,197120016,,R-100,0.0,0.44,3.35
Danville,,197130024,,R-100,0.0,0.44,2.12
Danville,,197130015,,R-100,0.0,0.44,2.32
Danville,,197250008,,R-100,0.0,0.44,3.13
Danville,,197140044,,R-65,0.0,0.67,1.61
Danville,,197130020,,R-100,0.0,0.44,2.6
Danville,,197130026,,R-100,0.0,0.44,2.44
Danville,,197130017,,R-100,0.0,0.44,2.53
Danville,,197130027,,R-100,0.0,0.44,2.3270579218205136
Danville,,197130018,,R-100,0.0,0.44,2.48
Danville,,197130019,,R-100,0.0,0.44,2.3
Danville,,197140035,,R-65,0.0,0.67,2.77
Danville,,197130021,,R-100,0.0,0.44,2.64
Danville,,197130029,,R-100,0.0,0.44,2.64
Danville,,197130028,,R-100,0.0,0.44,1.11
Danville,,197130011,,R-100,0.0,0.44,1.02
Danville,,197140057,,R-65,0.0,0.67,1.32
Danville,,197140052,,R-65,0.0,0.67,1.63
Danville,,197140036,,R-65,0.0,0.67,1.7
Danville,,197140041,,R-65,0.0,0.67,1.76
Danville,,197140045,,R-65,0.0,0.67,1.6117764735259053
Danville,,197140049,,R-65,0.0,0.67,1.482922919834724
Danville,,197140039,,R-65,0.0,0.67,1.687
Danville,,197140059,,R-65,0.0,0.67,1.18
Danville,,197140053,,R-65,0.0,0.67,1.56
Danville,,197140028,,R-65,0.0,0.67,2.09
Danville,,197140058,,R-65,0.0,0.67,1.63
Danville,,197140056,,R-65,0.0,0.67,1.91
Danville,,196370025,,R-20,0.0,2.18,18.39555147845623
Danville,,196370033,,R-20,0.0,2.18,25.22
Danville,,197161044,,R-40,0.0,1.09,0.6759138729602115
Danville,,196080028,,R-40,0.0,1.09,0.46
Danville,,197161042,,R-40,0.0,1.09,0.92
Danville,,197161048,,R-40,0.0,1.09,1.023900272901832
Danville,,197161049,,R-40,0.0,1.09,0.9196589231477936
Danville,,197161075,,R-65,0.0,0.67,1.914
Danville,,197161077,,R-65,0.0,0.67,1.623
Danville,,197161078,,R-65,0.0,0.67,1.958
Danville,,197150052,,R-65,0.0,0.67,1.108
Danville,,197150051,,R-65,0.0,0.67,1.498
Danville,,197161080,,R-65,0.0,0.67,1.6
Danville,,197161079,,R-65,0.0,0.67,1.67
Danville,,197161013,,R-65,0.0,0.67,2.55
Danville,,197161083,,R-65,0.0,0.67,1.5
Danville,,197161076,,R-65,0.0,0.67,1.799
Danville,,197161071,,R-65,0.0,0.67,2.02
Danville,,197161082,,R-65,0.0,0.67,2.93
Danville,,197161086,,R-40,0.0,1.09,0.86
Danville,,197161085,,R-40,0.0,1.09,0.8
Danville,,197161064,,R-40,0.0,1.09,0.96
Danville,,197161073,,R-65,0.0,0.67,1.855
Danville,,197161066,,R-40,0.0,1.09,0.93
Danville,,197161045,,R-40,0.0,1.09,1.0103811457037646
Danville,,197161046,,R-40,0.0,1.09,1.7617455868639502
Danville,,197161074,,R-65,0.0,0.67,1.926
Danville,,197161047,,R-40,0.0,1.09,1.0095210277733766
Danville,,197161019,,R-40,0.0,1.09,1.23
Danville,,197161041,,R-40,0.0,1.09,1.55
Danville,,197161043,,R-40,0.0,1.09,0.9537168039836454
Danville,,197161035,,R-40,0.0,1.09,0.99
Danville,,197161034,,R-40,0.0,1.09,1.24
Danville,,197161033,,R-40,0.0,1.09,1.55
Danville,,197162017,,R-65,0.0,0.67,1.32
Danville,,197161007,,R-40,0.0,1.09,1.1
Danville,,197161018,,R-40,0.0,1.09,1.23
Danville,,197162023,,R-65,0.0,0.67,1.89
Danville,,197162022,,R-65,0.0,0.67,1.67
Danville,,197162004,,R-65,0.0,0.67,1.0
Danville,,197162014,,R-65,0.0,0.67,0.93
Danville,,197162012,,R-65,0.0,0.67,1.3
Danville,,197162021,,R-65,0.0,0.67,1.62
Danville,,197162018,,R-65,0.0,0.67,1.46
Danville,,197162019,,R-65,0.0,0.67,1.44
Danville,,197150012,,R-65,0.0,0.67,0.92
Danville,,197162020,,R-65,0.0,0.67,1.52
Danville,,197150004,,R-65,0.0,0.67,2.72
Danville,,197150046,,R-65,0.0,0.67,1.508
Danville,,197150027,,R-65,0.0,0.67,1.06
Danville,,197150007,,R-65,0.0,0.67,2.72
Danville,,197150013,,R-65,0.0,0.67,0.96
Danville,,197162007,,R-65,0.0,0.67,1.0
Danville,,197162013,,R-65,0.0,0.67,1.14
Danville,,197161084,,R-65,0.0,0.67,1.594
Danville,,197150055,,R-65,0.0,0.67,1.04
Danville,,197150056,,R-65,0.0,0.67,0.694
Danville,,197150042,,R-65,0.0,0.67,1.81
Danville,,197150041,,R-65,0.0,0.67,1.66
Danville,,197150006,,R-65,0.0,0.67,5.4
Danville,,197150039,,R-65,0.0,0.67,1.88
Danville,,197150040,,R-65,0.0,0.67,1.86
Danville,,197140029,,R-65,0.0,0.67,2.67
Danville,,197140030,,R-65,0.0,0.67,2.9
Danville,,197140061,,R-65,0.0,0.67,1.288
Danville,,197140048,,R-65,0.0,0.67,1.4409126494257845
Danville,,197140043,,R-65,0.0,0.67,1.38
Danville,,197140047,,R-65,0.0,0.67,1.3996669708451088
Danville,,197140025,,R-65,0.0,0.67,1.058
Danville,,197140060,,R-65,0.0,0.67,0.56
Danville,,197150047,,R-65,0.0,0.67,1.606
Danville,,197150048,,R-65,0.0,0.67,1.492
Danville,,197150021,,R-65,0.0,0.67,1.423
Danville,,197150020,,R-65,0.0,0.67,1.13
Danville,,197150044,,R-65,0.0,0.67,1.45
Danville,,197150031,,R-65,0.0,0.67,1.67
Danville,,197150043,,R-65,0.0,0.67,1.56
Danville,,197250004,,R-65,0.0,0.67,1.02
Danville,,197150036,,P-1 (R-100,0.0,0.44,4.004929449289628
Danville,,197250003,,R-65,0.0,0.67,0.88
Danville,,197250005,,R-65,0.0,0.67,2.29
Danville,,197250002,,R-65,0.0,0.67,1.03
Danville,,197130025,,R-100,0.0,0.44,2.2
Danville,,197120018,,R-100,0.0,0.44,2.37
Danville,,197250007,,R-100,0.0,0.44,2.35
Danville,,197120019,,R-100,0.0,0.44,1.79
Danville,,197120027,,R-100,0.0,0.44,3.792
Danville,,197120030,,R-100,0.0,0.44,1.31
Danville,,197120012,,R-100,0.0,0.44,4.015
Danville,,197120029,,R-100,0.0,0.44,1.032
Danville,,200020054,,R-40,0.0,1.09,1.09
Danville,,200020025,,P-1 (R-100,0.0,0.44,2.3980521735400746
Danville,,197150035,,P-1 (R-100,0.0,0.44,2.4035037170257225
Danville,,197150034,,P-1 (R-100,0.0,0.44,2.7286124905510434
Danville,,197150037,,P-1 (R-100,0.0,0.44,4.511390307843212
Danville,,197150038,,P-1 (R-100,0.0,0.44,2.760943109558652
Danville,,200020039,,P-1 (R-100,0.0,0.44,4.239039817431921
Danville,,200020040,,P-1 (R-100,0.0,0.44,3.0448576075966782
Danville,,200020041,,P-1 (R-100,0.0,0.44,2.029370450834874
Danville,,200020038,,P-1 (R-100,0.0,0.44,4.5643400589812675
Danville,,200020036,,P-1 (R-100,0.0,0.44,2.1226675535653468
Danville,,200020037,,P-1 (R-100,0.0,0.44,2.292695144762684
Danville,,200020035,,P-1 (R-100,0.0,0.44,2.2868198199025973
Danville,,200020046,,P-1 (R-100,0.0,0.44,1.6068477314662848
Danville,,200010005,,R-65,0.0,0.67,2.46
Danville,,200020047,,P-1 (R-100,0.0,0.44,2.4631877040842287
Danville,,200230003,,R-65,0.0,0.67,1.68
Danville,,200230012,,R-65,0.0,0.67,3.552
Danville,,200230011,,R-65,0.0,0.67,1.612
Danville,,200220020,,R-65,0.0,0.67,1.513
Danville,,200230004,,R-40,0.0,1.09,0.92
Danville,,200220007,,R-40,0.0,1.09,1.0
Danville,,200220019,,R-40,0.0,1.09,0.977
Danville,,200220015,,R-40,0.0,1.09,0.8
Danville,,197260002,,R-65,0.0,0.67,3.33
Danville,,200220016,,R-40,0.0,1.09,1.44
Danville,,200220013,,R-65,0.0,0.67,2.0
Danville,,197150025,,R-65,0.0,0.67,1.5894080556634849
Danville,,197260015,,R-65,0.0,0.67,1.5
Danville,,197260013,,R-40,0.0,1.09,1.217298474354363
Danville,,197260016,,R-65,0.0,0.67,1.71
Danville,,197260009,,R-65,0.0,0.67,1.52
Danville,,197260014,,R-40,0.0,1.09,1.9346619749723928
Danville,,197260012,,R-40,0.0,1.09,0.4
Danville,,200220012,,R-40,0.0,1.09,1.18
Danville,,200220010,,R-40,0.0,1.09,1.6
Danville,,200220003,,R-40,0.0,1.09,0.92
Danville,,196140014,,R-40,0.0,1.09,1.21
Danville,,200220002,,R-40,0.0,1.09,1.05
Danville,,196140054,,R-40,0.0,1.09,1.7
Danville,,197260008,,R-65,0.0,0.67,1.52
Danville,,197161062,,R-40,0.0,1.09,1.5
Danville,,197161027,,R-40,0.0,1.09,1.83
Danville,,197161063,,R-40,0.0,1.09,1.01
Danville,,197161016,,R-40,0.0,1.09,0.98
Danville,,197161030,,R-40,0.0,1.09,1.12
Danville,,197161020,,R-40,0.0,1.09,1.23
Danville,,197161029,,R-40,0.0,1.09,1.38
Danville,,196140046,,R-40,0.0,1.09,1.0
Danville,,197161032,,R-40,0.0,1.09,1.03
Danville,,196140048,,R-40,0.0,1.09,0.9638245042140673
Danville,,196140055,,R-40,0.0,1.09,0.92
Danville,,200220018,,R-40,0.0,1.09,1.0
Danville,,200230006,,R-40,0.0,1.09,0.93
Danville,,196140053,,R-40,0.0,1.09,0.8890070467010075
Danville,,196140052,,R-40,0.0,1.09,1.0119587852381458
Danville,,196140027,,R-40,0.0,1.09,0.92
Danville,,196140029,,R-40,0.0,1.09,0.9083185569942813
Danville,,196140050,,R-40,0.0,1.09,1.04
Danville,,196140032,,R-40,0.0,1.09,1.28
Danville,,196140034,,R-40,0.0,1.09,0.3968946105073227
Danville,,196140043,,R-40,0.0,1.09,0.001
Danville,,196140036,,R-40,0.0,1.09,1.23
Danville,,196140044,,R-40,0.0,1.09,0.002
Danville,,196140037,,R-40,0.0,1.09,0.9208416527026989
Danville,,196140051,,R-40,0.0,1.09,0.9908451594251607
Danville,,196140038,,R-40,0.0,1.09,0.92806041763647
Danville,,196150011,,R-40,0.0,1.09,1.01
Danville,,196150006,,R-40,0.0,1.09,1.2648385749861748
Danville,,196150010,,R-40,0.0,1.09,1.13
Danville,,200010017,,R-40,0.0,1.09,1.1
Danville,,200010018,,R-40,0.0,1.09,0.91
Danville,,200010011,,R-65,0.0,0.67,2.61
Danville,,200010027,,R-65,0.0,0.67,1.38
Danville,,200230007,,R-40,0.0,1.09,0.918
Danville,,200230008,,R-40,0.0,1.09,1.064
Danville,,200230005,,R-40,0.0,1.09,0.92
Danville,,200230009,,R-65,0.0,0.67,1.621
Danville,,200230010,,R-65,0.0,0.67,1.621
Danville,,200010026,,R-65,0.0,0.67,1.76
Danville,,200010024,,R-65,0.0,0.67,1.54
Danville,,200010010,,R-65,0.0,0.67,1.77
Danville,,200010031,,R-65,0.0,0.67,0.852
Danville,,200010029,,R-65,0.0,0.67,1.83
Danville,,200010030,,R-65,0.0,0.67,1.036
Danville,,200010007,,R-65,0.0,0.67,1.06
Danville,,200010006,,R-65,0.0,0.67,1.17
Danville,,200010022,,R-65,0.0,0.67,0.02
Danville,,200020030,,R-65,0.0,0.67,1.6108289057602627
Danville,,200020029,,R-65,0.0,0.67,1.4795975937850936
Danville,,200010013,,R-65,0.0,0.67,1.19
Danville,,200030019,,R-40,0.0,1.09,0.96
Danville,,200030028,,R-65,0.0,0.67,2.23
Danville,,200030036,,R-65,0.0,0.67,3.02
Danville,,200030038,,R-65,0.0,0.67,1.02
Danville,,200030020,,R-40,0.0,1.09,1.1
Danville,,200030004,,R-40,0.0,1.09,0.94
Danville,,200030015,,R-40,0.0,1.09,0.85
Danville,,200030021,,R-40,0.0,1.09,1.2
Danville,,200030012,,R-40,0.0,1.09,1.0
Danville,,200010020,,R-40,0.0,1.09,1.05
Danville,,200010021,,R-40,0.0,1.09,0.896
Danville,,196150003,,R-40,0.0,1.09,1.0250516530178992
Danville,,196162012,,R-40,0.0,1.09,0.44
Danville,,196150015,,R-40,0.0,1.09,0.813
Danville,,196162004,,R-40,0.0,1.09,0.4492091265114883
Danville,,196150005,,R-40,0.0,1.09,0.9974324370602768
Danville,,196162011,,R-40,0.0,1.09,0.46
Danville,,196162007,,R-15,0.0,2.9,0.3522954858980259
Danville,,196162006,,R-15,0.0,2.9,0.35287526222472915
Danville,,196162008,,R-15,0.0,2.9,0.35617662421519036
Danville,,196162009,,R-15,0.0,2.9,0.38100766348731463
Danville,,196161002,,R-15,0.0,2.9,0.3433976021663426
Danville,,196430011,,R-15,0.0,2.9,0.395
Danville,,196430012,,R-15,0.0,2.9,0.409
Danville,,196161003,,R-15,0.0,2.9,0.34404010634368054
Danville,,196161005,,R-15,0.0,2.9,0.3492010146496867
Danville,,196161004,,R-15,0.0,2.9,0.3502211724055562
Danville,,196430026,,R-15,0.0,2.9,0.3255290274598508
Danville,,196430027,,R-15,0.0,2.9,0.3375220326156087
Danville,,196430029,,R-15,0.0,2.9,0.38873962134518175
Danville,,196430028,,R-15,0.0,2.9,0.3910487509748027
Danville,,196430019,,R-15,0.0,2.9,0.40105014651935394
Danville,,196430017,,R-15,0.0,2.9,0.4543738062185002
Danville,,196430018,,R-15,0.0,2.9,0.4041327388818618
Danville,,196430023,,R-15,0.0,2.9,0.4796045317463291
Danville,,196430014,,R-15,0.0,2.9,0.401
Danville,,196161001,,R-15,0.0,2.9,0.3301678121024237
Danville,,200030023,,R-40,0.0,1.09,0.92
Danville,,200040010,,R-15,0.0,2.9,0.2646715339640296
Danville,,200040001,,R-15,0.0,2.9,0.49
Danville,,200040002,,R-15,0.0,2.9,0.67
Danville,,200040011,,R-15,0.0,2.9,0.2738847216971103
Danville,,196171015,,R-15,0.0,2.9,0.3713661400777135
Danville,,196171014,,R-15,0.0,2.9,0.3807913899673562
Danville,,196171021,,R-15,0.0,2.9,0.4013050109154941
Danville,,196171020,,R-15,0.0,2.9,0.40887602465983064
Danville,,196171016,,R-15,0.0,2.9,0.36658506201866053
Danville,,196171017,,R-15,0.0,2.9,0.36447855132034845
Danville,,196171018,,R-15,0.0,2.9,0.41615367847082074
Danville,,196171019,,R-15,0.0,2.9,0.5884739368826098
Danville,,196172014,,R-15,0.0,2.9,0.35257488509682977
Danville,,196172013,,R-15,0.0,2.9,0.3428017725057564
Danville,,196172012,,R-15,0.0,2.9,0.34664564078080984
Danville,,196172002,,R-15,0.0,2.9,0.3581507264412607
Danville,,196172003,,R-15,0.0,2.9,0.35777196449574233
Danville,,196521017,,P-1 (R-10),0.0,4.36,0.34150797960203266
Danville,,196172004,,R-15,0.0,2.9,0.3508796867465259
Danville,,196172011,,R-15,0.0,2.9,0.387405857375341
Danville,,196172005,,R-15,0.0,2.9,0.3522322837170072
Danville,,196521018,,P-1 (R-10),0.0,4.36,0.3311784248306927
Danville,,196521043,,P-1 (R-10),0.0,4.36,0.09136381527969832
Danville,,196521015,,P-1 (R-10),0.0,4.36,0.228641005708949
Danville,,196521014,,P-1 (R-10),0.0,4.36,0.1768414519191501
Danville,,196521007,,P-1 (R-10),0.0,4.36,0.5047212393732825
Danville,,196521021,,P-1 (R-10),0.0,4.36,0.2210232891856448
Danville,,196521020,,P-1 (R-10),0.0,4.36,0.24478801404653566
Danville,,196521019,,P-1 (R-10),0.0,4.36,0.20098853714753567
Danville,,196172006,,R-15,0.0,2.9,0.35673413609725974
Danville,,196172007,,R-15,0.0,2.9,0.3774839189331442
Danville,,196393001,,R-15,0.0,2.9,0.3613937534909379
Danville,,196393003,,R-15,0.0,2.9,0.35834713396027645
Danville,,196393002,,R-15,0.0,2.9,0.3541781476642348
Danville,,196172017,,R-15,0.0,2.9,0.36333004413472914
Danville,,196172009,,R-15,0.0,2.9,0.47750078223891634
Danville,,196172008,,R-15,0.0,2.9,0.36449431790552267
Danville,,196172010,,R-15,0.0,2.9,0.44481027730582773
Danville,,196172015,,R-15,0.0,2.9,0.35276368549986953
Danville,,196172016,,R-15,0.0,2.9,0.3624893466361782
Danville,,196430008,,R-15,0.0,2.9,0.35884915295324205
Danville,,196402017,,R-15,0.0,2.9,0.38665979182765237
Danville,,196393005,,R-15,0.0,2.9,0.3643923336786893
Danville,,196393004,,R-15,0.0,2.9,0.35473879785058965
Danville,,196392025,,R-15,0.0,2.9,0.35080710200963394
Danville,,196392023,,R-15,0.0,2.9,0.32694045468082694
Danville,,196392024,,R-15,0.0,2.9,0.35382677632819415
Danville,,196392022,,R-15,0.0,2.9,0.3792883003427243
Danville,,196402016,,R-15,0.0,2.9,0.3860009861639748
Danville,,196402015,,R-15,0.0,2.9,0.38297586495537345
Danville,,196402014,,R-15,0.0,2.9,0.44660385737934566
Danville,,196402013,,R-15,0.0,2.9,0.3616221541167187
Danville,,196402005,,R-15,0.0,2.9,0.39373930040269095
Danville,,196402007,,R-15,0.0,2.9,0.4208973131686463
Danville,,196402006,,R-15,0.0,2.9,0.4082846013098418
Danville,,196402002,,R-15,0.0,2.9,0.33349019888883846
Danville,,196402003,,R-15,0.0,2.9,0.5139539130960119
Danville,,196402004,,R-15,0.0,2.9,0.3957263365473588
Danville,,196430003,,R-15,0.0,2.9,0.379172778668831
Danville,,196430002,,R-15,0.0,2.9,0.3418596734190923
Danville,,196430001,,R-15,0.0,2.9,0.34723968617162154
Danville,,196430007,,R-15,0.0,2.9,0.34464630958069825
Danville,,196430006,,R-15,0.0,2.9,0.3399634204726665
Danville,,196430004,,R-15,0.0,2.9,0.3473517185698827
Danville,,196430005,,R-15,0.0,2.9,0.3882873035133658
Danville,,196161006,,R-15,0.0,2.9,0.3269576944893785
Danville,,196161007,,R-15,0.0,2.9,0.33005206559064354
Danville,,196402001,,R-15,0.0,2.9,0.3319170485798151
Danville,,196411001,,R-20,0.0,2.18,0.36708826481729834
Danville,,196411001,,R-20,0.0,2.18,0.36708826481729834
Danville,,196162001,,R-15,0.0,2.9,0.34562990422290474
Danville,,196162002,,R-15,0.0,2.9,0.3488126508196713
Danville,,196162005,,R-15,0.0,2.9,0.35977013399717855
Danville,,196162003,,R-40,0.0,1.09,0.42662212953196543
Danville,,196150014,,R-40,0.0,1.09,0.69
Danville,,196411002,,R-20,0.0,2.18,0.4170708715013291
Danville,,196412003,,R-40,0.0,1.09,1.4634611233251644
Danville,,196412004,,R-20,0.0,2.18,1.4570661937490765
Danville,,196402008,,R-15,0.0,2.9,0.3725727631661083
Danville,,196412009,,R-20,0.0,2.18,0.938
Danville,,196402009,,R-15,0.0,2.9,0.3673327748529484
Danville,,196402012,,R-15,0.0,2.9,0.36589086639400176
Danville,,196402011,,R-15,0.0,2.9,0.37519414586736677
Danville,,196402010,,R-15,0.0,2.9,0.37701224551432144
Danville,,196412010,,R-20,0.0,2.18,0.691
Danville,,196401006,,R-20,0.0,2.18,0.3780480068062188
Danville,,196401009,,R-20,0.0,2.18,0.616
Danville,,196412002,,R-40,0.0,1.09,1.5146936890344855
Danville,,196412006,,R-20,0.0,2.18,1.4805041083058144
Danville,,196401008,,R-20,0.0,2.18,1.7385427414658883
Danville,,196413001,,R-40,0.0,1.09,1.6525220772191247
Danville,,196421001,,R-40,0.0,1.09,1.8485707696810594
Danville,,196421002,,R-40,0.0,1.09,1.5082596482484654
Danville,,196412007,,R-40,0.0,1.09,1.5108090696978964
Danville,,196412008,,R-40,0.0,1.09,1.5283796104527718
Danville,,196412001,,R-40,0.0,1.09,1.5210410486819235
Danville,,196421007,,R-40,0.0,1.09,1.616
Danville,,196421006,,R-40,0.0,1.09,1.93701964856899
Danville,,196421009,,R-40,0.0,1.09,1.657741672277534
Danville,,196421010,,R-40,0.0,1.09,2.36
Danville,,196421011,,R-40,0.0,1.09,1.5869050304560361
Danville,,196421008,,R-40,0.0,1.09,2.0596789200894343
Danville,,196421013,,R-40,0.0,1.09,1.6085364629127465
Danville,,196421012,,R-40,0.0,1.09,1.6025948844249178
Danville,,196411003,,R-40,0.0,1.09,1.9016332627163217
Danville,,196150013,,R-40,0.0,1.09,0.91
Danville,,196150009,,R-40,0.0,1.09,1.11
Danville,,196150012,,R-40,0.0,1.09,1.29
Danville,,196140039,,R-40,0.0,1.09,1.131802405389494
Danville,,196140040,,R-40,0.0,1.09,0.9822580185629659
Danville,,196140041,,R-40,0.0,1.09,0.9196660115342584
Danville,,196140049,,R-40,0.0,1.09,1.0503201180317885
Danville,,196140047,,R-40,0.0,1.09,1.03
Danville,,197161031,,R-40,0.0,1.09,0.93
Danville,,197161038,,R-40,0.0,1.09,0.96
Danville,,197161037,,R-40,0.0,1.09,0.3
Danville,,196421005,,R-40,0.0,1.09,1.6229950739471803
Danville,,196421003,,R-40,0.0,1.09,1.5611958712930645
Danville,,196421004,,R-40,0.0,1.09,1.5710697295947549
Danville,,196501007,,R-40,0.0,1.09,1.177216480861308
Danville,,196501006,,R-40,0.0,1.09,1.0350551387924074
Danville,,196501005,,R-20,0.0,2.18,0.9064101812933244
Danville,,196501009,,R-40,0.0,1.09,0.9319198594486302
Danville,,196501010,,R-40,0.0,1.09,1.1086696269814245
Danville,,196501001,,R-20,0.0,2.18,0.5201879051538704
Danville,,196501008,,R-40,0.0,1.09,1.3281632282023859
Danville,,196501011,,R-40,0.0,1.09,1.1610568555117953
Danville,,196502001,,R-40,0.0,1.09,0.9682843991844828
Danville,,196570011,,R-20,0.0,2.18,0.4811203163165555
Danville,,196570010,,R-20,0.0,2.18,0.4615360262245874
Danville,,196570009,,R-20,0.0,2.18,0.4665039326582496
Danville,,196570008,,R-20,0.0,2.18,0.46529744728161293
Danville,,196570007,,R-20,0.0,2.18,0.5232174467177052
Danville,,196570005,,R-20,0.0,2.18,0.46017743461404886
Danville,,196610007,,R-20,0.0,2.18,0.7666706923246662
Danville,,196610002,,R-20,0.0,2.18,0.4980746068038359
Danville,,196610003,,R-20,0.0,2.18,0.5406833108381588
Danville,,196610006,,R-20,0.0,2.18,0.5717655874198418
Danville,,196610004,,R-20,0.0,2.18,0.4994449517101608
Danville,,196570004,,R-20,0.0,2.18,0.6292552181881006
Danville,,196600004,,R-20,0.0,2.18,0.5291456600894818
Danville,,196610005,,R-20,0.0,2.18,0.48715544389793813
Danville,,196600005,,R-20,0.0,2.18,0.5056618915970618
Danville,,196600006,,R-20,0.0,2.18,0.7921295833178091
Danville,,196600007,,R-20,0.0,2.18,0.5256500881608389
Danville,,196600008,,R-20,0.0,2.18,0.47748336082415127
Danville,,196600003,,R-20,0.0,2.18,0.45737855290541085
Danville,,196600002,,R-20,0.0,2.18,0.4495289309093826
Danville,,196600009,,R-20,0.0,2.18,0.4647109022868121
Danville,,196600010,,R-20,0.0,2.18,0.4772771237292482
Danville,,196600015,,R-20,0.0,2.18,1.331350586660247
Danville,,196600016,,R-20,0.0,2.18,0.7323388009428324
Danville,,196600014,,R-20,0.0,2.18,0.4954056372074647
Danville,,196600013,,R-20,0.0,2.18,0.9114143246576639
Danville,,196600019,,R-20,0.0,2.18,0.5470429235903895
Danville,,196490004,,R-40,0.0,1.09,1.4681919252107642
Danville,,196490003,,R-40,0.0,1.09,1.272947805286565
Danville,,196600018,,R-20,0.0,2.18,0.4678512396874645
Danville,,196600017,,R-20,0.0,2.18,0.6915080444293001
Danville,,196610008,,R-20,0.0,2.18,0.5812796314142245
Danville,,196610001,,R-20,0.0,2.18,0.606619545830325
Danville,,196610009,,R-20,0.0,2.18,0.5841892741056969
Danville,,196502005,,R-40,0.0,1.09,0.9596525530411666
Danville,,196502004,,R-40,0.0,1.09,0.9514776841376293
Danville,,196502003,,R-40,0.0,1.09,0.936078300677634
Danville,,196502006,,R-40,0.0,1.09,0.915739249691769
Danville,,196502002,,R-40,0.0,1.09,0.932108736446236
Danville,,196502007,,R-40,0.0,1.09,0.9124267043222402
Danville,,196490002,,R-20,0.0,2.18,0.5293702293006632
Danville,,196490001,,R-20,0.0,2.18,0.4900839103661768
Danville,,196482012,,R-15,0.0,2.9,0.46499319961960595
Danville,,196483007,,R-15,0.0,2.9,0.49159775113446025
Danville,,196501002,,R-20,0.0,2.18,0.5465957721554286
Danville,,196483006,,R-15,0.0,2.9,0.3774284541524175
Danville,,196483005,,R-15,0.0,2.9,0.39517926456544145
Danville,,196501003,,R-20,0.0,2.18,0.5431445603064036
Danville,,196501004,,R-20,0.0,2.18,0.8258243910265025
Danville,,196483003,,R-15,0.0,2.9,0.5280535936174089
Danville,,196483004,,R-15,0.0,2.9,0.38661002533924305
Danville,,196482013,,R-15,0.0,2.9,0.3455123123940816
Danville,,196482014,,R-15,0.0,2.9,0.34509463026210335
Danville,,196482015,,R-15,0.0,2.9,0.3473265211474314
Danville,,196482009,,R-15,0.0,2.9,0.3789756103400383
Danville,,196482010,,R-15,0.0,2.9,0.37843746314418153
Danville,,196481010,,R-15,0.0,2.9,0.471277212058497
Danville,,196482011,,R-15,0.0,2.9,0.5114153606432181
Danville,,196490006,,R-20,0.0,2.18,0.5005899464161646
Danville,,196490005,,R-20,0.0,2.18,0.5060058983750684
Danville,,196490007,,R-20,0.0,2.18,0.5775564390166635
Danville,,196490010,,R-20,0.0,2.18,0.47762595435567845
Danville,,196481009,,R-15,0.0,2.9,0.3459183734682627
Danville,,196461027,,R-15,0.0,2.9,0.3414410120560956
Danville,,196462005,,R-20,0.0,2.18,0.41322305641699775
Danville,,196461028,,R-15,0.0,2.9,0.46603378688388597
Danville,,196490011,,R-20,0.0,2.18,0.47530405140522547
Danville,,196462004,,R-15,0.0,2.9,0.36693495927200837
Danville,,196471011,,R-20,0.0,2.18,0.4325407590311715
Danville,,196471010,,R-15,0.0,2.9,0.43664492607258204
Danville,,196471009,,R-15,0.0,2.9,0.5335804292303565
Danville,,196471008,,R-20,0.0,2.18,0.48762383015779975
Danville,,196471007,,R-20,0.0,2.18,0.5165946027192604
Danville,,196471006,,R-20,0.0,2.18,0.5456041704180422
Danville,,196472001,,R-20,0.0,2.18,0.4676867644857347
Danville,,196490014,,R-20,0.0,2.18,0.528548431693165
Danville,,196490012,,R-20,0.0,2.18,0.47047228887567877
Danville,,196490009,,R-20,0.0,2.18,0.6070755300016132
Danville,,196490013,,R-20,0.0,2.18,0.603751077755346
Danville,,196490008,,R-20,0.0,2.18,0.7540961305472248
Danville,,196600020,,R-20,0.0,2.18,0.6074520613176935
Danville,,196600021,,R-20,0.0,2.18,0.7393477471467487
Danville,,196600022,,R-20,0.0,2.18,0.7034019529496561
Danville,,196590002,,R-20,0.0,2.18,0.5027179836666028
Danville,,196600023,,R-20,0.0,2.18,0.5452926939738268
Danville,,196600012,,R-20,0.0,2.18,0.46601886928489916
Danville,,196600011,,R-20,0.0,2.18,0.4883631347476625
Danville,,196590010,,R-20,0.0,2.18,0.6644212797242622
Danville,,196590009,,R-20,0.0,2.18,0.4748552486439209
Danville,,196590008,,R-20,0.0,2.18,0.58378040414017
Danville,,196590007,,R-20,0.0,2.18,0.4631346361007937
Danville,,196590001,,R-20,0.0,2.18,0.5232808816893867
Danville,,196590003,,R-20,0.0,2.18,0.5881561440884783
Danville,,196590004,,R-20,0.0,2.18,0.667787642744438
Danville,,196590005,,R-20,0.0,2.18,0.4599714482320195
Danville,,196590006,,R-20,0.0,2.18,0.4536868561408118
Danville,,196590018,,R-20,0.0,2.18,1.470448153869372
Danville,,196290023,,R-12,0.0,3.63,0.53
Danville,,196290024,,R-12,0.0,3.63,0.95
Danville,,196290019,,R-12,0.0,3.63,1.0902482160322624
Danville,,196472018,,R-20,0.0,2.18,0.941
Danville,,196471005,,R-20,0.0,2.18,0.5288933077614754
Danville,,196472004,,R-20,0.0,2.18,0.4588596943768459
Danville,,196472005,,R-20,0.0,2.18,0.45382437042315105
Danville,,196471003,,R-20,0.0,2.18,0.45793044633314794
Danville,,196471004,,R-20,0.0,2.18,0.5301558548636527
Danville,,196471012,,R-20,0.0,2.18,0.42444677000273073
Danville,,196471002,,R-15,0.0,2.9,0.4705652155084388
Danville,,196472006,,R-20,0.0,2.18,0.4607242841285076
Danville,,196472007,,R-20,0.0,2.18,0.4809259804563083
Danville,,196472008,,R-20,0.0,2.18,0.5484705892939221
Danville,,196290017,,R-12,0.0,3.63,0.88
Danville,,196290021,,R-12,0.0,3.63,0.46
Danville,,196290030,,R-12,0.0,3.63,0.406
Danville,,196290018,,R-12,0.0,3.63,0.3438981135076553
Danville,,196290002,,R-12,0.0,3.63,0.53
Danville,,196290031,,R-12,0.0,3.63,0.425
Danville,,196290033,,R-12,0.0,3.63,0.366
Danville,,196290006,,R-12,0.0,3.63,0.28
Danville,,196290032,,R-12,0.0,3.63,0.305
Danville,,202010018,,R-15,0.0,2.9,0.507
Danville,,202061007,,R-15,0.0,2.9,0.3852960114892311
Danville,,202061008,,R-15,0.0,2.9,0.4291915457340031
Danville,,202061009,,R-15,0.0,2.9,0.3416936769820293
Danville,,202212022,,R-15,0.0,2.9,0.351441351416045
Danville,,202212021,,R-15,0.0,2.9,0.3863798719782103
Danville,,20202C001,,P-1,0.0,35.0,2.354124719740796
Danville,,202010029,,R-15,0.0,2.9,0.31
Danville,,202010020,,R-15,0.0,2.9,0.53
Danville,,202010017,,R-15,0.0,2.9,1.64
Danville,,202010019,,R-15,0.0,2.9,1.237
Danville,,202010028,,R-15,0.0,2.9,0.5093307750652895
Danville,,202010024,,R-15,0.0,2.9,0.4067087572968472
Danville,,202010025,,R-15,0.0,2.9,0.44768662256112546
Danville,,202010026,,R-15,0.0,2.9,0.35678667088940547
Danville,,202010027,,R-15,0.0,2.9,0.38671731079457516
Danville,,196472015,,R-12,0.0,3.63,0.44635742169156917
Danville,,196472016,,R-12,0.0,3.63,0.4020310396304426
Danville,,196472017,,R-12,0.0,3.63,0.8634605471760172
Danville,,196472009,,R-20,0.0,2.18,0.5054059860224142
Danville,,196472011,,R-15,0.0,2.9,0.35708242181695393
Danville,,196472010,,R-15,0.0,2.9,0.47391527923229176
Danville,,196471001,,R-15,0.0,2.9,0.4251297760276094
Danville,,196472012,,R-15,0.0,2.9,0.353174597502394
Danville,,196461013,,R-15,0.0,2.9,0.3519830296868178
Danville,,196472013,,R-15,0.0,2.9,0.46193618102868866
Danville,,196461012,,R-15,0.0,2.9,0.36944044340178145
Danville,,196461010,,R-15,0.0,2.9,0.36125966594177633
Danville,,196461009,,R-15,0.0,2.9,0.4320117261821599
Danville,,196461008,,R-15,0.0,2.9,0.3968399638405437
Danville,,196461011,,R-15,0.0,2.9,0.36670577130553444
Danville,,196472014,,R-12,0.0,3.63,0.4157048693901476
Danville,,196270021,,R-15,0.0,2.9,0.39
Danville,,196270019,,R-15,0.0,2.9,0.3519379018558548
Danville,,196270020,,R-15,0.0,2.9,0.3407272469162174
Danville,,196270018,,R-15,0.0,2.9,0.02144122547512815
Danville,,196270017,,R-15,0.0,2.9,0.3367090739486215
Danville,,196451001,,R-15,0.0,2.9,0.583585953446022
Danville,,196451002,,R-15,0.0,2.9,0.4236446856256588
Danville,,196270029,,R-15,0.0,2.9,2.72
Danville,,196270015,,R-15,0.0,2.9,0.3406957700308698
Danville,,196270014,,R-15,0.0,2.9,0.34804245104174775
Danville,,196261002,,R-15,0.0,2.9,0.3464419343955229
Danville,,196261001,,R-15,0.0,2.9,0.34387851606689124
Danville,,196270028,,R-15,0.0,2.9,1.06
Danville,,196451005,,R-15,0.0,2.9,0.4067453349257334
Danville,,196451007,,R-15,0.0,2.9,0.09040055844415382
Danville,,196452010,,R-15,0.0,2.9,0.3404182161793071
Danville,,196451004,,R-15,0.0,2.9,0.5041863848925257
Danville,,196451003,,R-15,0.0,2.9,0.37717546768609994
Danville,,196452012,,R-15,0.0,2.9,0.42541789965311844
Danville,,196452011,,R-15,0.0,2.9,0.3902510281568708
Danville,,196452009,,R-15,0.0,2.9,0.3468689164628254
Danville,,196452013,,R-15,0.0,2.9,0.3722299711658674
Danville,,196452014,,R-15,0.0,2.9,0.3623871492222453
Danville,,196452015,,R-15,0.0,2.9,0.3670927431949469
Danville,,196461003,,R-15,0.0,2.9,0.38429766452387243
Danville,,196461004,,R-15,0.0,2.9,0.3679041204584737
Danville,,196461005,,R-15,0.0,2.9,0.34617549920947677
Danville,,196461006,,R-15,0.0,2.9,0.3397881550418567
Danville,,196461007,,R-15,0.0,2.9,0.3591158848572336
Danville,,196461014,,R-15,0.0,2.9,0.40693663838019406
Danville,,196461015,,R-15,0.0,2.9,0.3910470912930964
Danville,,196461016,,R-15,0.0,2.9,0.3540499823337679
Danville,,196461017,,R-15,0.0,2.9,0.3461607246277604
Danville,,196461018,,R-15,0.0,2.9,0.4078812592778182
Danville,,196462009,,R-15,0.0,2.9,0.4226972398607998
Danville,,196462001,,R-15,0.0,2.9,0.35382320813319235
Danville,,196462002,,R-15,0.0,2.9,0.34969428943913994
Danville,,196462003,,R-15,0.0,2.9,0.3589244652601122
Danville,,196462007,,R-15,0.0,2.9,0.3783801347362926
Danville,,196462008,,R-15,0.0,2.9,0.38541123614753675
Danville,,196462006,,R-15,0.0,2.9,0.4038156157124963
Danville,,196461026,,R-15,0.0,2.9,0.34382934321898145
Danville,,196481008,,R-15,0.0,2.9,0.34766540003433943
Danville,,196461025,,R-15,0.0,2.9,0.3455107413348272
Danville,,196461024,,R-15,0.0,2.9,0.34426893793125357
Danville,,196461023,,R-15,0.0,2.9,0.5012503869242069
Danville,,196461020,,R-15,0.0,2.9,0.3511262175825598
Danville,,196461019,,R-15,0.0,2.9,0.38089926719676415
Danville,,196461021,,R-15,0.0,2.9,0.43705495736812805
Danville,,196461022,,R-15,0.0,2.9,0.40467748312592355
Danville,,196461001,,R-15,0.0,2.9,0.3495539632128365
Danville,,196461002,,R-15,0.0,2.9,0.3436281655605559
Danville,,196481014,,R-15,0.0,2.9,0.342833710602888
Danville,,196481004,,R-15,0.0,2.9,0.41324805705921036
Danville,,196481003,,R-15,0.0,2.9,0.49162272161360426
Danville,,196481005,,R-15,0.0,2.9,0.3438818652390436
Danville,,196481006,,R-15,0.0,2.9,0.3468759546166899
Danville,,196481007,,R-15,0.0,2.9,0.3484097760066893
Danville,,196482008,,R-15,0.0,2.9,0.3815616529485509
Danville,,196482007,,R-15,0.0,2.9,0.37704443708577884
Danville,,196482006,,R-15,0.0,2.9,0.36978414484635536
Danville,,196482005,,R-15,0.0,2.9,0.3718505894184556
Danville,,196482018,,R-15,0.0,2.9,0.4150602358570183
Danville,,196482017,,R-15,0.0,2.9,0.35653006744166504
Danville,,196482016,,R-15,0.0,2.9,0.3438197130038004
Danville,,196483002,,R-15,0.0,2.9,0.45825783209666593
Danville,,196483001,,R-15,0.0,2.9,0.6499162233143758
Danville,,196482022,,R-15,0.0,2.9,0.3783960231078751
Danville,,196482021,,R-15,0.0,2.9,0.47035957083333874
Danville,,196401001,,R-15,0.0,2.9,0.5961507628754253
Danville,,196482004,,R-15,0.0,2.9,0.3798995672449785
Danville,,196482003,,R-15,0.0,2.9,0.43296241780931016
Danville,,196482002,,R-15,0.0,2.9,0.41237004712911524
Danville,,196482001,,R-15,0.0,2.9,0.4141296343233508
Danville,,196481013,,R-15,0.0,2.9,0.38937715696387537
Danville,,196452016,,R-15,0.0,2.9,0.39909592907545993
Danville,,196452017,,R-15,0.0,2.9,0.4498949046919782
Danville,,196391001,,R-15,0.0,2.9,0.3596622745876688
Danville,,196391002,,R-15,0.0,2.9,0.34430711252732904
Danville,,196401002,,R-15,0.0,2.9,0.5042380475930047
Danville,,196401010,,R-20,0.0,2.18,0.791
Danville,,196401004,,R-15,0.0,2.9,0.4282958519498453
Danville,,196401003,,R-15,0.0,2.9,0.4863939555079432
Danville,,196391003,,R-15,0.0,2.9,0.3611804544913329
Danville,,196401005,,R-15,0.0,2.9,0.36460028379585613
Danville,,196392017,,R-15,0.0,2.9,0.37054816218940057
Danville,,196392016,,R-15,0.0,2.9,0.3396920639218095
Danville,,196391006,,R-15,0.0,2.9,0.37061529664699255
Danville,,196391007,,R-15,0.0,2.9,0.33730881227906995
Danville,,196391005,,R-15,0.0,2.9,0.35155589386555586
Danville,,196391004,,R-15,0.0,2.9,0.35802313536218844
Danville,,196391010,,R-15,0.0,2.9,0.4498382122037827
Danville,,196391009,,R-15,0.0,2.9,0.37520837171034266
Danville,,196391008,,R-15,0.0,2.9,0.34473537297238177
Danville,,196391028,,R-15,0.0,2.9,0.8982086227920357
Danville,,196391013,,R-15,0.0,2.9,0.4003003259513838
Danville,,196391011,,R-15,0.0,2.9,0.37229391854127364
Danville,,196391012,,R-15,0.0,2.9,0.44623175085992545
Danville,,196452007,,R-15,0.0,2.9,0.3479971946088247
Danville,,196452006,,R-15,0.0,2.9,0.5089356585611292
Danville,,196452008,,R-15,0.0,2.9,0.3468207392024287
Danville,,196452004,,R-15,0.0,2.9,0.35146998887810266
Danville,,196452005,,R-15,0.0,2.9,0.35910074784754775
Danville,,196391023,,R-15,0.0,2.9,0.65
Danville,,196263020,,R-15,0.0,2.9,0.06507793693386929
Danville,,196452003,,R-15,0.0,2.9,0.4412161359604779
Danville,,196452002,,R-15,0.0,2.9,0.6245279296130901
Danville,,196452001,,R-15,0.0,2.9,0.40916933317561727
Danville,,196263022,,R-15,0.0,2.9,0.46607578048423176
Danville,,196263003,,R-15,0.0,2.9,0.38927353432271194
Danville,,196263001,,R-15,0.0,2.9,0.3404898784421404
Danville,,196263005,,R-15,0.0,2.9,0.3453913037327295
Danville,,196550016,,P-1 (R-10),0.0,4.36,0.21129206781403648
Danville,,196550015,,P-1 (R-10),0.0,4.36,0.2122675057815734
Danville,,196550014,,P-1 (R-10),0.0,4.36,0.2555462842932713
Danville,,196263004,,R-15,0.0,2.9,0.44264970024020217
Danville,,196263021,,R-15,0.0,2.9,0.11822843203258891
Danville,,196391026,,R-15,0.0,2.9,0.38441497597245794
Danville,,196391027,,R-15,0.0,2.9,0.40567683945357597
Danville,,196391029,,R-15,0.0,2.9,0.422582386982074
Danville,,196550013,,P-1 (R-10),0.0,4.36,0.30375403923025424
Danville,,196550012,,P-1 (R-10),0.0,4.36,0.35148585800019844
Danville,,196550010,,P-1 (R-10),0.0,4.36,0.17487794998686423
Danville,,196550011,,P-1 (R-10),0.0,4.36,0.1930980579871182
Danville,,196550003,,P-1 (R-10),0.0,4.36,0.26030525417872374
Danville,,196550002,,P-1 (R-10),0.0,4.36,0.21550123264474152
Danville,,196531022,,P-1 (R-10),0.0,4.36,0.2717136620709774
Danville,,196531023,,P-1 (R-10),0.0,4.36,0.19528205152043138
Danville,,196531024,,P-1 (R-10),0.0,4.36,0.23927832925565723
Danville,,196531033,,P-1 (R-10),0.0,4.36,0.1
Danville,,196531032,,P-1 (R-10),0.0,4.36,0.26315375863121615
Danville,,196531031,,P-1 (R-10),0.0,4.36,0.26305991071290635
Danville,,196392002,,R-15,0.0,2.9,0.35040954643695793
Danville,,196392001,,R-15,0.0,2.9,0.34665794755175283
Danville,,196550001,,P-1 (R-10),0.0,4.36,0.37621601315783354
Danville,,196391020,,R-15,0.0,2.9,0.3401241848651494
Danville,,196391019,,R-15,0.0,2.9,0.343643418939258
Danville,,196391025,,R-15,0.0,2.9,0.4077708887786129
Danville,,196391018,,R-15,0.0,2.9,0.3393185004899726
Danville,,196392013,,R-15,0.0,2.9,0.3442391990365315
Danville,,196392014,,R-15,0.0,2.9,0.3465285494388858
Danville,,196392015,,R-15,0.0,2.9,0.3522063328960722
Danville,,196392010,,R-15,0.0,2.9,0.5376530564413946
Danville,,196392018,,R-15,0.0,2.9,0.3437273704849908
Danville,,196392019,,R-15,0.0,2.9,0.3420737888369994
Danville,,196392020,,R-15,0.0,2.9,0.33345366885419525
Danville,,196392021,,R-15,0.0,2.9,0.34561065266842944
Danville,,196392011,,R-15,0.0,2.9,0.36912782987747556
Danville,,196392012,,R-15,0.0,2.9,0.38337474080552814
Danville,,196392008,,R-15,0.0,2.9,0.344869435815788
Danville,,196392009,,R-15,0.0,2.9,0.43657463124113494
Danville,,196392007,,R-15,0.0,2.9,0.5959117318509303
Danville,,196392026,,R-15,0.0,2.9,0.347461267750236
Danville,,196392005,,R-15,0.0,2.9,0.4214896490506354
Danville,,196392006,,R-15,0.0,2.9,0.41474060138727176
Danville,,196392004,,R-15,0.0,2.9,0.3445366262287712
Danville,,196392003,,R-15,0.0,2.9,0.35629350676452937
Danville,,196531030,,P-1 (R-10),0.0,4.36,0.22139538065222994
Danville,,196531029,,P-1 (R-10),0.0,4.36,0.2734715647508053
Danville,,196531028,,P-1 (R-10),0.0,4.36,0.384874642918455
Danville,,196531025,,P-1 (R-10),0.0,4.36,0.22809936649909957
Danville,,196531034,,P-1 (R-10),0.0,4.36,5.442
Danville,,196531027,,P-1 (R-10),0.0,4.36,0.2869386328886838
Danville,,196531026,,P-1 (R-10),0.0,4.36,0.2027352333826868
Danville,,196521027,,P-1 (R-10),0.0,4.36,0.3739012750291549
Danville,,196521026,,P-1 (R-10),0.0,4.36,0.2746225502728217
Danville,,196521025,,P-1 (R-10),0.0,4.36,0.22085548428670243
Danville,,196521024,,P-1 (R-10),0.0,4.36,0.20807896412688365
Danville,,196392027,,R-15,0.0,2.9,0.3554882616565974
Danville,,196521023,,P-1 (R-10),0.0,4.36,0.20224941212647266
Danville,,196521022,,P-1 (R-10),0.0,4.36,0.25232059525925105
Danville,,196521028,,P-1 (R-10),0.0,4.36,0.20195293122300365
Danville,,196521029,,P-1 (R-10),0.0,4.36,0.21106410918626756
Danville,,196521030,,P-1 (R-10),0.0,4.36,0.22280673811430554
Danville,,196521011,,P-1 (R-10),0.0,4.36,0.2736258107973806
Danville,,196521012,,P-1 (R-10),0.0,4.36,0.2402100811499492
Danville,,196521010,,P-1 (R-10),0.0,4.36,0.5216652583305772
Danville,,196521013,,P-1 (R-10),0.0,4.36,0.18666488439156884
Danville,,196521038,,P-1 (R-10),0.0,4.36,0.30056332838610345
Danville,,196521032,,P-1 (R-10),0.0,4.36,0.24211041800112407
Danville,,196521031,,P-1 (R-10),0.0,4.36,0.24023671014184503
Danville,,196521034,,P-1 (R-10),0.0,4.36,0.21015577927483992
Danville,,196521033,,P-1 (R-10),0.0,4.36,0.23828198796196456
Danville,,196521035,,P-1 (R-10),0.0,4.36,0.21357057767760068
Danville,,196531011,,P-1 (R-10),0.0,4.36,0.26481541794685204
Danville,,196531012,,P-1 (R-10),0.0,4.36,0.35447307276196044
Danville,,196531013,,P-1 (R-10),0.0,4.36,0.4234105027473692
Danville,,196531014,,P-1 (R-10),0.0,4.36,0.2596026906390112
Danville,,196531019,,P-1 (R-10),0.0,4.36,0.23559333004547472
Danville,,196531018,,P-1 (R-10),0.0,4.36,0.23345356515052523
Danville,,196531017,,P-1 (R-10),0.0,4.36,0.22273315698905272
Danville,,196531016,,P-1 (R-10),0.0,4.36,0.2197740655142996
Danville,,196531015,,P-1 (R-10),0.0,4.36,0.1952160105567325
Danville,,196531010,,P-1 (R-10),0.0,4.36,0.22971734464306298
Danville,,196531009,,P-1 (R-10),0.0,4.36,0.21932924268136275
Danville,,196531008,,P-1 (R-10),0.0,4.36,0.2164747641983415
Danville,,196541030,,P-1 (R-10),0.0,4.36,0.336
Danville,,196541002,,P-1 (R-10),0.0,4.36,0.30115818776142533
Danville,,196541031,,P-1,0.0,35.0,3.93
Danville,,196541023,,P-1 (R-10),0.0,4.36,0.2507966775597474
Danville,,196541014,,P-1 (R-10),0.0,4.36,0.22793452808204318
Danville,,196541015,,P-1 (R-10),0.0,4.36,0.2640624908274926
Danville,,196541013,,P-1 (R-10),0.0,4.36,0.21563662295746988
Danville,,196541012,,P-1 (R-10),0.0,4.36,0.23374949361343492
Danville,,196541003,,P-1 (R-10),0.0,4.36,0.3611712224873141
Danville,,196541010,,P-1 (R-10),0.0,4.36,0.25570485587581915
Danville,,196541011,,P-1 (R-10),0.0,4.36,0.28176030302668675
Danville,,196541016,,P-1 (R-10),0.0,4.36,0.22152166192344835
Danville,,196541017,,P-1 (R-10),0.0,4.36,0.39371958382532307
Danville,,196541008,,P-1 (R-10),0.0,4.36,0.28015399807588254
Danville,,196541007,,P-1 (R-10),0.0,4.36,0.22483826988252983
Danville,,196541009,,P-1 (R-10),0.0,4.36,0.31134067380014246
Danville,,196541004,,P-1 (R-10),0.0,4.36,0.34792816312893887
Danville,,196541005,,P-1 (R-10),0.0,4.36,0.31148410571645907
Danville,,196541006,,P-1 (R-10),0.0,4.36,0.2662111146730179
Danville,,196531020,,P-1 (R-10),0.0,4.36,0.22427729225360316
Danville,,196531021,,P-1 (R-10),0.0,4.36,0.23894598034629302
Danville,,196550005,,P-1 (R-10),0.0,4.36,0.2316858108149776
Danville,,196550006,,P-1 (R-10),0.0,4.36,0.27639425886665053
Danville,,196550004,,P-1 (R-10),0.0,4.36,0.3248366911927454
Danville,,196550009,,P-1 (R-10),0.0,4.36,0.25366063626020374
Danville,,196550008,,P-1 (R-10),0.0,4.36,0.20562907076969225
Danville,,196550007,,P-1 (R-10),0.0,4.36,0.24825107751224817
Danville,,196550021,,P-1 (R-10),0.0,4.36,0.26115254546986794
Danville,,196550020,,P-1 (R-10),0.0,4.36,0.32256362727401244
Danville,,196263009,,R-15,0.0,2.9,0.3463153004221518
Danville,,196263008,,R-15,0.0,2.9,0.34571763919424603
Danville,,196550019,,P-1 (R-10),0.0,4.36,0.24235885543249505
Danville,,196550018,,P-1 (R-10),0.0,4.36,0.21197768608090667
Danville,,196550017,,P-1 (R-10),0.0,4.36,0.21219326467567273
Danville,,196263006,,R-15,0.0,2.9,0.35303005246529257
Danville,,196262001,,R-15,0.0,2.9,0.34672640326976983
Danville,,196263007,,R-15,0.0,2.9,0.34684921815306785
Danville,,196262002,,R-15,0.0,2.9,0.3484940643448204
Danville,,196262008,,R-15,0.0,2.9,0.34281394440033525
Danville,,196262007,,R-15,0.0,2.9,0.3460658832154996
Danville,,196262003,,R-15,0.0,2.9,0.3449264491618462
Danville,,196262006,,R-15,0.0,2.9,0.34390265293666855
Danville,,196262005,,R-15,0.0,2.9,0.3430994809561745
Danville,,196262004,,R-15,0.0,2.9,0.34321215022564905
Danville,,196263010,,R-15,0.0,2.9,0.34317632760982353
Danville,,196550022,,P-1 (R-10),0.0,4.36,0.24777471244561985
Danville,,196263011,,R-15,0.0,2.9,0.3234706452605599
Danville,,196263012,,R-15,0.0,2.9,0.433674622354877
Danville,,196263013,,R-15,0.0,2.9,0.4486495673316848
Danville,,196263014,,R-15,0.0,2.9,0.44128747243124933
Danville,,196263015,,R-15,0.0,2.9,0.35277383026072207
Danville,,196263016,,R-15,0.0,2.9,0.349999330988912
Danville,,196263017,,R-15,0.0,2.9,0.34375231914820287
Danville,,196550026,,P-1 (R-10),0.0,4.36,0.23710211070785311
Danville,,196550025,,P-1 (R-10),0.0,4.36,0.2490080515470456
Danville,,196263018,,R-15,0.0,2.9,0.3364246657625071
Danville,,196550024,,P-1 (R-10),0.0,4.36,0.24588978719257268
Danville,,196550023,,P-1 (R-10),0.0,4.36,0.2507550456458417
Danville,,196562001,,P-1 (R-10),0.0,4.36,0.31398819756840196
Danville,,196562002,,P-1 (R-10),0.0,4.36,0.2691731077786827
Danville,,196562003,,P-1 (R-10),0.0,4.36,0.22605513369413116
Danville,,196562005,,P-1 (R-10),0.0,4.36,0.2154618755324519
Danville,,196562022,,P-1 (R-10),0.0,4.36,0.21282804548523832
Danville,,196562023,,P-1 (R-10),0.0,4.36,0.23273789316391524
Danville,,196562004,,P-1 (R-10),0.0,4.36,0.22296983480298893
Danville,,196562024,,P-1 (R-10),0.0,4.36,0.4071554061705415
Danville,,196562025,,P-1 (R-10),0.0,4.36,0.2226252713999728
Danville,,196562026,,P-1 (R-10),0.0,4.36,0.21051226528948042
Danville,,196562021,,P-1 (R-10),0.0,4.36,0.2115898000858305
Danville,,196562020,,P-1 (R-10),0.0,4.36,0.20822169297403434
Danville,,196562007,,P-1 (R-10),0.0,4.36,0.22578492943840503
Danville,,196562006,,P-1 (R-10),0.0,4.36,0.22632933230412222
Danville,,196562008,,P-1 (R-10),0.0,4.36,0.22555988255877482
Danville,,196562009,,P-1 (R-10),0.0,4.36,0.2343801985177817
Danville,,196241016,,R-15,0.0,2.9,0.3813053083071949
Danville,,196561003,,P-1 (R-10),0.0,4.36,0.27194164642428736
Danville,,196561004,,P-1,0.0,35.0,2.235
Danville,,196561002,,P-1 (R-10),0.0,4.36,0.2203197747097559
Danville,,196561001,,P-1 (R-10),0.0,4.36,0.2280317101493884
Danville,,196264002,,R-15,0.0,2.9,0.3426136787598084
Danville,,196264001,,R-15,0.0,2.9,0.3839473737821185
Danville,,196264003,,R-15,0.0,2.9,0.3433608110043129
Danville,,196264004,,R-15,0.0,2.9,0.3430375507059193
Danville,,196241012,,R-15,0.0,2.9,0.4361804855457154
Danville,,196241021,,R-15,0.0,2.9,0.5275227423635485
Danville,,196241022,,R-15,0.0,2.9,0.2921769310508908
Danville,,196241015,,R-15,0.0,2.9,0.3845758577616644
Danville,,196241020,,R-15,0.0,2.9,0.4367311382266195
Danville,,196241017,,R-15,0.0,2.9,0.35849146284455646
Danville,,196241024,,R-15,0.0,2.9,0.2996827462261074
Danville,,196241019,,R-15,0.0,2.9,0.3594785569230861
Danville,,196242001,,R-15,0.0,2.9,0.34592514696145094
Danville,,196242005,,R-15,0.0,2.9,0.3426634534240601
Danville,,196242006,,R-15,0.0,2.9,0.34707697793360953
Danville,,196232001,,R-15,0.0,2.9,0.3614257380244522
Danville,,196232008,,R-15,0.0,2.9,0.3605564402300643
Danville,,196232007,,R-15,0.0,2.9,0.35512994202272846
Danville,,196232006,,R-15,0.0,2.9,0.35436695619327746
Danville,,196232003,,R-15,0.0,2.9,0.35400858841212596
Danville,,196232002,,R-15,0.0,2.9,0.35658814550954704
Danville,,196232004,,R-15,0.0,2.9,0.357035670472274
Danville,,196242003,,R-15,0.0,2.9,0.3455342046116601
Danville,,196242004,,R-15,0.0,2.9,0.34433829026213036
Danville,,196243007,,R-15,0.0,2.9,0.3062804816123346
Danville,,196243008,,R-15,0.0,2.9,0.38285689880354545
Danville,,196241008,,R-15,0.0,2.9,0.42922366377042176
Danville,,196241010,,R-15,0.0,2.9,0.40964540192948456
Danville,,196241009,,R-15,0.0,2.9,0.4400867527173532
Danville,,196242002,,R-15,0.0,2.9,0.3777123191543276
Danville,,196241011,,R-15,0.0,2.9,0.3816856186667959
Danville,,196264005,,R-15,0.0,2.9,0.3403241458042722
Danville,,196252001,,R-15,0.0,2.9,0.34394533403867916
Danville,,196252002,,R-15,0.0,2.9,0.3421460978795757
Danville,,196252003,,R-15,0.0,2.9,0.3420177417309045
Danville,,196252004,,R-15,0.0,2.9,0.3410537565642889
Danville,,196241007,,R-15,0.0,2.9,0.35710575148322315
Danville,,196241006,,R-15,0.0,2.9,0.35585922247154794
Danville,,196243006,,R-15,0.0,2.9,0.37202899192211564
Danville,,196243009,,R-15,0.0,2.9,0.320251479145289
Danville,,196241005,,R-15,0.0,2.9,0.3533833357809368
Danville,,196241004,,R-15,0.0,2.9,0.3352892285121083
Danville,,196241002,,R-15,0.0,2.9,0.3893972948420654
Danville,,196241003,,R-15,0.0,2.9,0.3954612179811057
Danville,,196241001,,P-1,0.0,35.0,3.03
Danville,,196252007,,R-15,0.0,2.9,0.3577704262569691
Danville,,196252006,,R-15,0.0,2.9,0.3678679030696359
Danville,,196252005,,R-15,0.0,2.9,0.340221968362729
Danville,,196251016,,R-15,0.0,2.9,0.33140436832449127
Danville,,196251005,,R-15,0.0,2.9,0.34347982164672186
Danville,,196251003,,R-15,0.0,2.9,0.3758263899850883
Danville,,196251004,,R-15,0.0,2.9,0.33607676139655035
Danville,,196251002,,R-15,0.0,2.9,0.350810315775005
Danville,,196251001,,R-15,0.0,2.9,0.3828575439535309
Danville,,196251007,,R-15,0.0,2.9,0.4115368289537286
Danville,,196251009,,R-15,0.0,2.9,0.33276870069929276
Danville,,196251006,,R-15,0.0,2.9,0.3823985027605109
Danville,,196251012,,R-15,0.0,2.9,0.33934943730339584
Danville,,196251011,,R-15,0.0,2.9,0.3438368113210923
Danville,,196270008,,R-15,0.0,2.9,0.33207253792192065
Danville,,196251010,,R-15,0.0,2.9,0.40832921909871245
Danville,,196251008,,R-15,0.0,2.9,0.3469702213663233
Danville,,196261005,,R-15,0.0,2.9,0.34624372537275244
Danville,,196270025,,R-15,0.0,2.9,0.362071907385143
Danville,,196261004,,R-15,0.0,2.9,0.3453499873216284
Danville,,196261003,,R-15,0.0,2.9,0.3471974048974487
Danville,,196270013,,R-15,0.0,2.9,0.3369895563655128
Danville,,196270012,,R-15,0.0,2.9,0.34865275418631464
Danville,,196270006,,R-15,0.0,2.9,0.3381684318389083
Danville,,196270005,,R-15,0.0,2.9,0.3471854652871926
Danville,,196270007,,R-15,0.0,2.9,0.34082201475336216
Danville,,196251013,,R-15,0.0,2.9,0.3239075932429319
Danville,,196251014,,R-15,0.0,2.9,0.3795787359228227
Danville,,196270004,,R-15,0.0,2.9,0.33972644219554954
Danville,,196270003,,R-15,0.0,2.9,0.3436156563120343
Danville,,196270022,,R-15,0.0,2.9,0.3355672099470718
Danville,,196270023,,R-15,0.0,2.9,0.3628729135877792
Danville,,196270024,,R-15,0.0,2.9,0.031
Danville,,196270001,,R-15,0.0,2.9,0.11
Danville,,196270027,,R-15,0.0,2.9,0.22
Danville,,196251019,,R-15,0.0,2.9,0.37113085900906745
Danville,,196251015,,R-15,0.0,2.9,0.40554980601610563
Danville,,196251017,,R-15,0.0,2.9,0.35406829929382727
Danville,,196251018,,R-15,0.0,2.9,0.34320560573807474
Danville,,202020027,,R-15,0.0,2.9,0.35137451193911245
Danville,,202020019,,R-15,0.0,2.9,0.43
Danville,,202020001,,R-15,0.0,2.9,0.91
Danville,,202020018,,R-15,0.0,2.9,0.35
Danville,,202020033,,R-15,0.0,2.9,0.347
Danville,,202020032,,R-15,0.0,2.9,0.352
Danville,,202020031,,R-15,0.0,2.9,0.56
Danville,,202020011,,R-15,0.0,2.9,0.48
Danville,,202020010,,R-15,0.0,2.9,0.48
Danville,,202020029,,R-15,0.0,2.9,0.44
Danville,,202020005,,R-15,0.0,2.9,0.4926779397262846
Danville,,202020006,,R-15,0.0,2.9,0.5221124571217669
Danville,,202020007,,R-15,0.0,2.9,0.6480905947696487
Danville,,202010002,,R-15,0.0,2.9,0.49338587776943693
Danville,,202010003,,R-15,0.0,2.9,0.6132251523460842
Danville,,202010001,,R-15,0.0,2.9,0.4722911166008167
Danville,,202010030,,R-15,0.0,2.9,0.306
Danville,,202010023,,R-15,0.0,2.9,0.3802539734907987
Danville,,202010005,,R-15,0.0,2.9,0.6027225098974721
Danville,,202010031,,R-15,0.0,2.9,0.229
Danville,,202020028,,R-15,0.0,2.9,0.61
Danville,,202020022,,R-15,0.0,2.9,0.5759171989587037
Danville,,202020017,,R-15,0.0,2.9,0.17
Danville,,202020023,,R-15,0.0,2.9,1.25
Danville,,202010015,,R-15,0.0,2.9,0.7449040717323622
Danville,,202212019,,R-15,0.0,2.9,0.3623782854001973
Danville,,202212020,,R-15,0.0,2.9,0.35853999212650156
Danville,,202212002,,R-15,0.0,2.9,0.3588733409997573
Danville,,202212018,,R-15,0.0,2.9,0.3554003746142449
Danville,,202212017,,R-15,0.0,2.9,0.3570369901889483
Danville,,202212015,,R-15,0.0,2.9,0.38613346817312727
Danville,,202212016,,R-15,0.0,2.9,0.363043602080122
Danville,,202212025,,R-15,0.0,2.9,0.458802776302134
Danville,,202212012,,R-15,0.0,2.9,0.44777633899258595
Danville,,202212026,,R-15,0.0,2.9,0.48156313290455904
Danville,,202161010,,R-15,0.0,2.9,0.3623139230153901
Danville,,202161014,,R-15,0.0,2.9,0.4756429263382012
Danville,,202161021,,R-15,0.0,2.9,0.5259254872515484
Danville,,202161008,,R-15,0.0,2.9,0.3536748470178842
Danville,,202161007,,R-15,0.0,2.9,0.3495110340493407
Danville,,202020024,,R-15,0.0,2.9,0.78
Danville,,202020025,,R-15,0.0,2.9,0.458
Danville,,202020020,,R-15,0.0,2.9,0.643423003842727
Danville,,202020021,,R-15,0.0,2.9,0.37024816446048014
Danville,,202161003,,R-15,0.0,2.9,0.38072549305520664
Danville,,202161004,,R-15,0.0,2.9,0.37348744705097636
Danville,,202161005,,R-15,0.0,2.9,0.37837524575205067
Danville,,202161006,,R-15,0.0,2.9,0.3375405053275683
Danville,,202162011,,R-15,0.0,2.9,0.33891744265830315
Danville,,202162012,,R-15,0.0,2.9,0.34573858868010043
Danville,,202162010,,R-15,0.0,2.9,0.3446809865533926
Danville,,202162016,,P-1 (R-15),0.0,2.9,9.165
Danville,,202162009,,R-15,0.0,2.9,0.3446553267776921
Danville,,202162008,,R-15,0.0,2.9,0.3556615611775898
Danville,,202161011,,R-15,0.0,2.9,0.35853210103843397
Danville,,202161012,,R-15,0.0,2.9,0.37600176989673717
Danville,,202161013,,R-15,0.0,2.9,0.34786889872673266
Danville,,202162007,,R-15,0.0,2.9,0.35660552604498796
Danville,,202162006,,R-15,0.0,2.9,0.35837365994943843
Danville,,202162002,,R-15,0.0,2.9,0.3724722966286489
Danville,,202162005,,R-15,0.0,2.9,0.3561902595256894
Danville,,202031011,,R-10,0.0,4.36,0.3327465693177828
Danville,,202031012,,R-10,0.0,4.36,0.3579079136150833
Danville,,202162004,,R-15,0.0,2.9,0.3896479259246073
Danville,,202162003,,R-15,0.0,2.9,0.35874757529283524
Danville,,202031014,,R-10,0.0,4.36,0.3469120616393542
Danville,,202031013,,R-10,0.0,4.36,0.42717056209600207
Danville,,202031015,,R-10,0.0,4.36,0.34996138970424695
Danville,,202033001,,R-10,0.0,4.36,0.33983958956582355
Danville,,202032005,,R-10,0.0,4.36,0.33928940195466767
Danville,,202032006,,R-10,0.0,4.36,0.342545644918429
Danville,,202031009,,R-10,0.0,4.36,0.3840016637001721
Danville,,202031010,,R-10,0.0,4.36,0.3868472508586984
Danville,,202031008,,R-10,0.0,4.36,0.34480225980319884
Danville,,202032007,,R-10,0.0,4.36,0.3439348202792501
Danville,,202032008,,R-10,0.0,4.36,0.34088572745435736
Danville,,202031007,,R-10,0.0,4.36,0.34430912346157033
Danville,,202031006,,R-10,0.0,4.36,0.3509856510231966
Danville,,202031005,,R-10,0.0,4.36,0.34504243631205034
Danville,,202031004,,R-10,0.0,4.36,0.3429734290978713
Danville,,202162014,,R-15,0.0,2.9,0.3460656060650129
Danville,,202162013,,R-15,0.0,2.9,0.3430498488375096
Danville,,202161002,,R-15,0.0,2.9,0.3790990193623492
Danville,,202161001,,R-15,0.0,2.9,0.3605080784127238
Danville,,202162015,,R-15,0.0,2.9,0.34358862169242077
Danville,,196243003,,R-15,0.0,2.9,0.38284647912826314
Danville,,196243004,,R-15,0.0,2.9,0.3816262119454124
Danville,,196243005,,R-15,0.0,2.9,0.3649252203628951
Danville,,196243010,,R-15,0.0,2.9,0.3385273226971849
Danville,,196233005,,R-15,0.0,2.9,0.3820876618823427
Danville,,196243001,,R-15,0.0,2.9,0.3761809420732252
Danville,,196243002,,R-15,0.0,2.9,0.3829817208773634
Danville,,202031001,,R-10,0.0,4.36,0.3352475036530282
Danville,,202031002,,R-10,0.0,4.36,0.33484381208317027
Danville,,202031003,,R-10,0.0,4.36,0.3338363454657228
Danville,,196234005,,R-15,0.0,2.9,0.3455108350213438
Danville,,196233003,,R-15,0.0,2.9,0.3642666933777978
Danville,,196233004,,R-15,0.0,2.9,0.4947408456980941
Danville,,196233006,,R-15,0.0,2.9,0.3575464955043317
Danville,,196233008,,R-15,0.0,2.9,0.3383649040493848
Danville,,196233007,,R-15,0.0,2.9,0.3387167456887089
Danville,,196233002,,R-15,0.0,2.9,0.3573256395788433
Danville,,196233001,,R-15,0.0,2.9,0.35904546081893723
Danville,,196232005,,R-15,0.0,2.9,0.36338497506353923
Danville,,196235008,,R-15,0.0,2.9,0.3451903804263849
Danville,,196235007,,R-15,0.0,2.9,0.44676138260588827
Danville,,196235005,,R-15,0.0,2.9,0.39158080409496915
Danville,,196235006,,R-15,0.0,2.9,0.39562316110274015
Danville,,196234002,,R-15,0.0,2.9,0.2261179850967889
Danville,,196234006,,R-15,0.0,2.9,0.24269320179252146
Danville,,216141011,,R-20,0.0,2.18,1.04
Danville,,196234004,,R-15,0.0,2.9,0.3607658567209901
Danville,,202033011,,R-10,0.0,4.36,0.3358580461398682
Danville,,202033012,,R-10,0.0,4.36,0.3450504420692143
Danville,,216301009,,P-1 (R-15),0.0,2.9,0.6101103056650165
Danville,,196236001,,P-1,0.0,35.0,0.63
Danville,,216141010,,R-20,0.0,2.18,0.9289173347022308
Danville,,216143002,,R-20,0.0,2.18,0.8825657944834902
Danville,,216143003,,R-20,0.0,2.18,0.07609626852781093
Danville,,216301010,,P-1 (R-15),0.0,2.9,0.4652147658835228
Danville,,216301011,,P-1 (R-15),0.0,2.9,0.5081843747790578
Danville,,216301012,,P-1 (R-15),0.0,2.9,0.457407646109021
Danville,,216302022,,P-1,0.0,35.0,0.2308566896252124
Danville,,216301008,,P-1 (R-15),0.0,2.9,0.3007479699404434
Danville,,202141022,,R-10,0.0,4.36,0.009533035922102267
Danville,,216301007,,P-1 (R-15),0.0,2.9,0.4069888340081738
Danville,,216301006,,P-1 (R-15),0.0,2.9,0.2812830578591814
Danville,,202141001,,R-10,0.0,4.36,0.22826184694993662
Danville,,202141019,,R-10,0.0,4.36,0.24
Danville,,202141020,,R-10,0.0,4.36,0.22
Danville,,202141021,,R-10,0.0,4.36,0.19
Danville,,202033014,,R-10,0.0,4.36,0.3489940264596385
Danville,,202033013,,R-10,0.0,4.36,0.3488712292796272
Danville,,202033010,,R-10,0.0,4.36,0.34486922712225077
Danville,,202033009,,R-10,0.0,4.36,0.3466127753575785
Danville,,202033008,,R-10,0.0,4.36,0.3427821778740782
Danville,,202032001,,R-10,0.0,4.36,0.34170526669719187
Danville,,202032002,,R-10,0.0,4.36,0.34381759827519026
Danville,,202033007,,R-10,0.0,4.36,0.3439856506445084
Danville,,202033017,,R-10,0.0,4.36,0.2780730576097619
Danville,,202033016,,R-10,0.0,4.36,0.2804326115739712
Danville,,202033015,,R-10,0.0,4.36,0.3452581442225091
Danville,,202141018,,R-10,0.0,4.36,0.2623274746451394
Danville,,202141017,,R-10,0.0,4.36,0.2301911377804756
Danville,,202033019,,R-10,0.0,4.36,0.2751755230479715
Danville,,202033018,,R-10,0.0,4.36,0.2838219880744499
Danville,,202033006,,R-10,0.0,4.36,0.3454825487366797
Danville,,202032003,,R-10,0.0,4.36,0.34309288299337554
Danville,,202033005,,R-10,0.0,4.36,0.34638375540553995
Danville,,202032004,,R-10,0.0,4.36,0.3479445304490113
Danville,,202033024,,R-10,0.0,4.36,0.3173707990118027
Danville,,202033023,,R-10,0.0,4.36,0.37679188641543565
Danville,,202033022,,R-10,0.0,4.36,0.344026568049925
Danville,,202033021,,R-10,0.0,4.36,0.3447135957720432
Danville,,202033004,,R-10,0.0,4.36,0.3407309284472162
Danville,,202033020,,R-10,0.0,4.36,0.2667556680703535
Danville,,202142001,,R-10,0.0,4.36,0.22684358289065218
Danville,,202142002,,R-10,0.0,4.36,0.21702300928324988
Danville,,202141014,,R-10,0.0,4.36,0.21567181213896217
Danville,,202141015,,R-10,0.0,4.36,0.29422989634974545
Danville,,202141016,,R-10,0.0,4.36,0.2595116551090962
Danville,,202141004,,R-10,0.0,4.36,0.2592882541439493
Danville,,202141005,,R-10,0.0,4.36,0.29024194603765463
Danville,,202141006,,R-10,0.0,4.36,0.23337334121460834
Danville,,202141012,,R-10,0.0,4.36,0.22701483036732717
Danville,,202141013,,R-10,0.0,4.36,0.2864543233853674
Danville,,202141011,,R-10,0.0,4.36,0.21515272115783562
Danville,,202141010,,R-10,0.0,4.36,0.21227230455683216
Danville,,202141007,,R-10,0.0,4.36,0.23498157861635166
Danville,,202141008,,R-10,0.0,4.36,0.21639077015802616
Danville,,202141009,,R-10,0.0,4.36,0.21301698878868916
Danville,,202131001,,R-10,0.0,4.36,0.2153342976466238
Danville,,216351001,,P-1 (R-15),0.0,2.9,0.3368712015004419
Danville,,216301001,,P-1 (R-15),0.0,2.9,0.3648962603826701
Danville,,216301003,,P-1 (R-15),0.0,2.9,0.30713596089193435
Danville,,216301002,,P-1 (R-15),0.0,2.9,0.3219537460839979
Danville,,202141003,,R-10,0.0,4.36,0.22673045478002082
Danville,,202141002,,R-10,0.0,4.36,0.25561416763554956
Danville,,216301005,,P-1 (R-15),0.0,2.9,0.25752886815147846
Danville,,216301004,,P-1 (R-15),0.0,2.9,0.2612709223693957
Danville,,216303027,,P-1,0.0,35.0,0.14907142087990835
Danville,,216303025,,P-1,0.0,35.0,0.10580042356918705
Danville,,216303026,,P-1,0.0,35.0,0.15098647864474046
Danville,,216302023,,P-1,0.0,35.0,0.15743134089594077
Danville,,216302024,,P-1,0.0,35.0,0.1149764155506274
Danville,,216302026,,P-1,0.0,35.0,0.12431346633603702
Danville,,216302025,,P-1,0.0,35.0,0.12311977973649862
Danville,,216302021,,P-1,0.0,35.0,0.12563811482868995
Danville,,216302020,,P-1,0.0,35.0,0.11871857646160873
Danville,,216302019,,P-1,0.0,35.0,0.10492131333755154
Danville,,216302028,,P-1,0.0,35.0,0.09481566299177716
Danville,,216302027,,P-1,0.0,35.0,0.12115422959082893
Danville,,216302029,,P-1,0.0,35.0,0.09235922332255675
Danville,,216303020,,P-1,0.0,35.0,0.10177218150390151
Danville,,216303021,,P-1,0.0,35.0,0.09962759199695335
Danville,,216303030,,P-1,0.0,35.0,0.11473444730949342
Danville,,216303022,,P-1,0.0,35.0,0.11303112770169124
Danville,,216303023,,P-1,0.0,35.0,0.09816247827308038
Danville,,216303024,,P-1,0.0,35.0,0.1126411505116761
Danville,,216303029,,P-1,0.0,35.0,0.1194980781798655
Danville,,216303028,,P-1,0.0,35.0,0.11488559766182445
Danville,,216304020,,P-1,0.0,35.0,0.12427837335340418
Danville,,216304018,,P-1,0.0,35.0,0.09635531347657499
Danville,,216304017,,P-1,0.0,35.0,0.09725042828902503
Danville,,216303031,,P-1,0.0,35.0,0.09492940689057996
Danville,,216303019,,P-1,0.0,35.0,0.10568643809940029
Danville,,216303032,,P-1,0.0,35.0,0.09747022053738517
Danville,,216303033,,P-1,0.0,35.0,0.08820827476825667
Danville,,216304015,,P-1,0.0,35.0,0.09626856047600577
Danville,,216304016,,P-1,0.0,35.0,0.09688816588583081
Danville,,216304014,,P-1,0.0,35.0,0.09696248117643534
Danville,,216304025,,P-1,0.0,35.0,0.09658327497958911
Danville,,216304026,,P-1,0.0,35.0,0.09803146766694587
Danville,,216351008,,P-1 (R-15),0.0,2.9,0.26103728939172766
Danville,,216304023,,P-1,0.0,35.0,0.10757809010562691
Danville,,216304024,,P-1,0.0,35.0,0.09916793902438037
Danville,,216304022,,P-1,0.0,35.0,0.11229152482729177
Danville,,216304019,,P-1,0.0,35.0,0.0980154961680293
Danville,,216304021,,P-1,0.0,35.0,0.13110600567500408
Danville,,216351007,,P-1 (R-15),0.0,2.9,0.23767404699613298
Danville,,216351006,,P-1 (R-15),0.0,2.9,0.3247875159470986
Danville,,216351002,,P-1 (R-15),0.0,2.9,0.2954427708544464
Danville,,216351005,,P-1 (R-15),0.0,2.9,0.39824014302348104
Danville,,216351011,,P-1 (R-15),0.0,2.9,0.3531855713732693
Danville,,216351010,,P-1 (R-15),0.0,2.9,0.33712687554187337
Danville,,216351009,,P-1 (R-15),0.0,2.9,0.31488014926578833
Danville,,216363010,,P-1 (R-15),0.0,2.9,0.3503937709340003
Danville,,216363001,,P-1,0.0,35.0,3.48
Danville,,216313027,,P-1,0.0,35.0,0.11763411487181293
Danville,,216313028,,P-1,0.0,35.0,0.14917925279403438
Danville,,216312001,,P-1 (R-15),0.0,2.9,0.320165591580112
Danville,,216312002,,P-1 (R-15),0.0,2.9,0.27389384683899265
Danville,,216312003,,P-1 (R-15),0.0,2.9,0.35836342356213396
Danville,,216312004,,P-1 (R-15),0.0,2.9,0.2890056095228531
Danville,,216313004,,P-1,0.0,35.0,0.5425269735879609
Danville,,216312005,,P-1 (R-15),0.0,2.9,0.2890521514531419
Danville,,216312006,,P-1 (R-15),0.0,2.9,0.23955643301710647
Danville,,216313026,,P-1,0.0,35.0,0.11308364236843335
Danville,,216313025,,P-1,0.0,35.0,0.11577750154946137
Danville,,216313003,,P-1,0.0,35.0,0.34082149308317394
Danville,,216313023,,P-1,0.0,35.0,0.1198403872900532
Danville,,216313002,,P-1,0.0,35.0,0.3112772789594935
Danville,,216313020,,P-1,0.0,35.0,0.13602052701925285
Danville,,216313019,,P-1,0.0,35.0,0.12183674260636675
Danville,,216313018,,P-1,0.0,35.0,0.11726086383799873
Danville,,216313017,,P-1,0.0,35.0,0.17263804589791726
Danville,,216313001,,P-1,0.0,35.0,0.2802315525096881
Danville,,216312007,,P-1 (R-15),0.0,2.9,0.30149545942191774
Danville,,216311005,,P-1 (R-15),0.0,2.9,0.5115447283017907
Danville,,216311004,,P-1 (R-15),0.0,2.9,0.5797388546055874
Danville,,216312008,,P-1 (R-15),0.0,2.9,0.3563065339218428
Danville,,216303034,,P-1,0.0,35.0,0.09963575793684223
Danville,,216303018,,P-1,0.0,35.0,0.12444560096779023
Danville,,216312009,,P-1 (R-15),0.0,2.9,0.42503792419861997
Danville,,216302030,,P-1,0.0,35.0,0.09418684353898756
Danville,,216302016,,P-1,0.0,35.0,0.09989850811218678
Danville,,216302017,,P-1,0.0,35.0,0.09609774206693922
Danville,,216302018,,P-1,0.0,35.0,0.11208843218759981
Danville,,216301014,,P-1 (R-15),0.0,2.9,0.46378381755418957
Danville,,216311001,,P-1 (R-15),0.0,2.9,0.458256133151247
Danville,,216311002,,P-1 (R-15),0.0,2.9,0.48254718260665036
Danville,,216311003,,P-1 (R-15),0.0,2.9,0.5201569724870027
Danville,,216152005,,R-20,0.0,2.18,0.688403218856071
Danville,,216152006,,R-20,0.0,2.18,0.815163425452544
Danville,,216152003,,R-20,0.0,2.18,0.884063042631094
Danville,,216152004,,R-20,0.0,2.18,0.746391743882621
Danville,,216311006,,P-1 (R-15),0.0,2.9,0.49095581134358285
Danville,,216311007,,P-1 (R-15),0.0,2.9,0.483012959804977
Danville,,216311008,,P-1 (R-15),0.0,2.9,0.4709416328085635
Danville,,216152001,,R-20,0.0,2.18,0.99
Danville,,216152002,,R-20,0.0,2.18,0.8845837884689342
Danville,,216151016,,R-20,0.0,2.18,0.6200921392197746
Danville,,216151015,,R-20,0.0,2.18,0.6189003460928458
Danville,,216151017,,R-20,0.0,2.18,0.6403496336571444
Danville,,216151018,,R-20,0.0,2.18,0.7949592279372156
Danville,,216151002,,R-20,0.0,2.18,0.8621391072436211
Danville,,216151008,,R-20,0.0,2.18,0.7897124789720816
Danville,,216151019,,R-20,0.0,2.18,0.495
Danville,,216151020,,R-20,0.0,2.18,0.537
Danville,,216151009,,R-20,0.0,2.18,0.0
Danville,,216151010,,R-20,0.0,2.18,0.881335543086669
Danville,,216151011,,R-20,0.0,2.18,0.7516548347360408
Danville,,216151012,,R-20,0.0,2.18,0.927650828585238
Danville,,216151014,,R-20,0.0,2.18,0.694411139490246
Danville,,216151013,,R-20,0.0,2.18,0.7087033265298153
Danville,,216143001,,R-20,0.0,2.18,1.36
Danville,,216301013,,P-1 (R-15),0.0,2.9,0.4648862467866018
Danville,,216141007,,R-20,0.0,2.18,0.92
Danville,,216141008,,R-20,0.0,2.18,0.9426294748012833
Danville,,216141009,,R-20,0.0,2.18,1.0
Danville,,216141006,,R-20,0.0,2.18,0.8631000280434514
Danville,,216141005,,R-20,0.0,2.18,0.8359643192483547
Danville,,216141004,,R-20,0.0,2.18,0.7159112999000175
Danville,,216141003,,R-20,0.0,2.18,0.8228486349232295
Danville,,216141027,,R-20,0.0,2.18,0.344
Danville,,216141012,,R-20,0.0,2.18,0.9667660118755261
Danville,,216141013,,R-20,0.0,2.18,0.863010298756313
Danville,,196235004,,R-15,0.0,2.9,0.3415927927080965
Danville,,196235002,,R-15,0.0,2.9,0.3443872522675296
Danville,,196235003,,R-15,0.0,2.9,0.34600733883751345
Danville,,196231008,,R-15,0.0,2.9,0.3346105658928283
Danville,,216141023,,R-20,0.0,2.18,0.48
Danville,,216130010,,R-20,0.0,2.18,0.5341493527609289
Danville,,216130012,,R-20,0.0,2.18,0.8155548725738958
Danville,,216141016,,R-20,0.0,2.18,1.0
Danville,,216141024,,R-20,0.0,2.18,0.431
Danville,,216141026,,R-20,0.0,2.18,0.432
Danville,,216141002,,R-20,0.0,2.18,1.01
Danville,,216142001,,R-20,0.0,2.18,0.8288263581565658
Danville,,216141001,,R-20,0.0,2.18,1.341690257156083
Danville,,216130015,,R-20,0.0,2.18,1.585
Danville,,21616Cxxx,,R-20,0.0,2.18,0.7628337351557608
Danville,,216160014,,R-20,0.0,2.18,0.12
Danville,,216160017,,R-20,0.0,2.18,1.56
Danville,,216160016,,R-20,0.0,2.18,1.22
Danville,,216142003,,R-20,0.0,2.18,0.8338683029256826
Danville,,216142002,,R-20,0.0,2.18,0.8111968576246869
Danville,,216151006,,R-20,0.0,2.18,0.6664833087057161
Danville,,216151007,,R-20,0.0,2.18,0.740290841277294
Danville,,216160003,,R-20,0.0,2.18,0.9855517535708564
Danville,,216151004,,R-20,0.0,2.18,1.1
Danville,,216151005,,R-20,0.0,2.18,0.6446277186351846
Danville,,216151003,,R-20,0.0,2.18,0.8409458857488662
Danville,,216160008,,R-20,0.0,2.18,0.6972031734364617
Danville,,216160007,,R-20,0.0,2.18,0.6565697394881784
Danville,,216160005,,R-20,0.0,2.18,1.72
Danville,,216160006,,R-20,0.0,2.18,1.863016404308364
Danville,,216160004,,R-20,0.0,2.18,1.12
Danville,,216110061,,DBD5,0.0,25.0,0.06202717312191235
Danville,,216110057,,DBD5,0.0,25.0,0.05023797750459134
Danville,,216110054,,DBD5,0.0,25.0,0.05417748620115736
Danville,,216110051,,DBD5,0.0,25.0,0.06428617639726542
Danville,,216110053,,DBD5,0.0,25.0,0.06388748781887876
Danville,,216110052,,DBD5,0.0,25.0,0.04688689178229807
Danville,,216110085,,DBD5,0.0,25.0,0.04272455815555739
Danville,,216110086,,DBD5,0.0,25.0,0.06236367576774382
Danville,,216110083,,DBD5,0.0,25.0,0.054147594449920004
Danville,,216110084,,DBD5,0.0,25.0,0.044014247621379635
Danville,,216110080,,DBD5,0.0,25.0,0.04310904728776108
Danville,,216110055,,DBD5,0.0,25.0,0.048028354242837676
Danville,,216110056,,DBD5,0.0,25.0,0.06403685619301677
Danville,,216110058,,DBD5,0.0,25.0,0.07053936828756238
Danville,,216110059,,DBD5,0.0,25.0,0.042881686703551275
Danville,,216110060,,DBD5,0.0,25.0,0.04460821358316314
Danville,,216110062,,DBD5,0.0,25.0,0.05023820478251091
Danville,,216110063,,DBD5,0.0,25.0,0.07053866187980726
Danville,,216110064,,DBD5,0.0,25.0,0.042881007643324746
Danville,,216110075,,DBD5,0.0,25.0,0.04310873584873501
Danville,,216110076,,DBD5,0.0,25.0,0.06232199843490019
Danville,,216110077,,DBD5,0.0,25.0,0.04121964523004199
Danville,,216110078,,DBD5,0.0,25.0,0.05356904963355139
Danville,,216110079,,DBD5,0.0,25.0,0.044829894848463586
Danville,,216110081,,DBD5,0.0,25.0,0.06214218469788431
Danville,,216110082,,DBD5,0.0,25.0,0.04121705780380732
Danville,,216110091,,DBD5,0.0,25.0,0.053222712765266
Danville,,216110094,,DBD5,0.0,25.0,0.06194388969824024
Danville,,216110095,,DBD5,0.0,25.0,0.04097424568701214
Danville,,216110097,,DBD5,0.0,25.0,0.044669361718175836
Danville,,216110098,,DBD5,0.0,25.0,0.04317600865252129
Danville,,216110096,,DBD5,0.0,25.0,0.05340029283837912
Danville,,216110099,,DBD5,0.0,25.0,0.06170143503533719
Danville,,216110100,,DBD5,0.0,25.0,0.04105772158124221
Danville,,216110102,,DBD5,0.0,25.0,0.04468532430456623
Danville,,216110020,,DBD5,0.0,25.0,0.042895655526823666
Danville,,216110019,,DBD5,0.0,25.0,0.044613962834447546
Danville,,216110018,,DBD5,0.0,25.0,0.053641768960025114
Danville,,216110017,,DBD5,0.0,25.0,0.04139864922587584
Danville,,216110015,,DBD5,0.0,25.0,0.03917108745440125
Danville,,216110104,,DBD5,0.0,25.0,0.16244978366631846
Danville,,216110101,,DBD5,0.0,25.0,0.0533934278777386
Danville,,216102005,,DBD6,0.0,25.0,0.44467259895102057
Danville,,216110071,,DBD5,0.0,25.0,0.06908692089733313
Danville,,216110072,,DBD5,0.0,25.0,0.04135040111015349
Danville,,216110073,,DBD5,0.0,25.0,0.05358122969046063
Danville,,216110074,,DBD5,0.0,25.0,0.04482296979098736
Danville,,216110070,,DBD5,0.0,25.0,0.047137826431202755
Danville,,216110069,,DBD5,0.0,25.0,0.047118958589898195
Danville,,216110065,,DBD5,0.0,25.0,0.04460559015817849
Danville,,216110066,,DBD5,0.0,25.0,0.06202598798638193
Danville,,216110067,,DBD5,0.0,25.0,0.050236804348668396
Danville,,216110068,,DBD5,0.0,25.0,0.07929996163833435
Danville,,216102006,,DBD6,0.0,25.0,0.4472175009797914
Danville,,216102011,,DBD9,0.0,25.0,0.48
Danville,,216102010,,DBD9,0.0,25.0,2.779
Danville,,216101004,,DBD12,0.0,25.0,0.5812482317696545
Danville,,216101003,,DBD6,0.0,25.0,0.5735309630616475
Danville,,216110016,,DBD5,0.0,25.0,0.07902883338536391
Danville,,216101002,,DBD4,0.0,25.0,1.374
Danville,,216101001,,DBD4,0.0,25.0,1.7678650495966501
Danville,,208026020,,DBD2A,0.0,25.0,0.34
Danville,,208022039,,DBD2,0.0,25.0,0.18872227230831184
Danville,,216110004,,DBD5,0.0,25.0,0.581
Danville,,216420003,,DBD11,0.0,25.0,0.01798505070230363
Danville,,216420023,,DBD11,0.0,25.0,0.017984967849257814
Danville,,208022038,,DBD2,0.0,25.0,0.27
Danville,,208026013,,DBD1,0.0,25.0,0.4215114968106359
Danville,,216420039,,DBD11,0.0,25.0,0.06421327062264758
Danville,,216420037,,DBD11,0.0,25.0,0.02250778175795044
Danville,,216420040,,DBD11,0.0,25.0,0.031865087915122985
Danville,,216420002,,DBD11,0.0,25.0,0.016236071556098065
Danville,,216420022,,DBD11,0.0,25.0,0.016236071556098065
Danville,,216420036,,DBD11,0.0,25.0,0.020760581436944977
Danville,,216420020,,DBD11,0.0,25.0,0.020760464870377464
Danville,,216420035,,DBD11,0.0,25.0,0.020760720722058066
Danville,,216420021,,DBD11,0.0,25.0,0.020760567562574182
Danville,,216420019,,DBD11,0.0,25.0,0.02076047875768727
Danville,,216420034,,DBD11,0.0,25.0,0.020760580800284076
Danville,,216420017,,DBD11,0.0,25.0,0.021671545559280397
Danville,,216420032,,DBD11,0.0,25.0,0.021671545559280397
Danville,,216420008,,DBD11,0.0,25.0,0.015622170916018764
Danville,,216420004,,DBD11,0.0,25.0,0.01606879616520232
Danville,,216420005,,DBD11,0.0,25.0,0.0160003006101739
Danville,,216420006,,DBD11,0.0,25.0,0.014782373450686016
Danville,,216420007,,DBD11,0.0,25.0,0.016011025499474144
Danville,,208022040,,DBD2,0.0,25.0,0.11
Danville,,216420038,,DBD11,0.0,25.0,1.1899467182837498
Danville,,216420024,,DBD11,0.0,25.0,0.017716728269953307
Danville,,216420009,,DBD11,0.0,25.0,0.015784431801728987
Danville,,216420025,,DBD11,0.0,25.0,0.022348121990551927
Danville,,216420010,,DBD11,0.0,25.0,0.022348035685277354
Danville,,216420016,,DBD11,0.0,25.0,0.025327391938826542
Danville,,216420031,,DBD11,0.0,25.0,0.025327391938826542
Danville,,216420018,,DBD11,0.0,25.0,0.022791523011464025
Danville,,216420033,,DBD11,0.0,25.0,0.022791523011464025
Danville,,216420015,,DBD11,0.0,25.0,0.02496773947806662
Danville,,216420030,,DBD11,0.0,25.0,0.02496773947806662
Danville,,216420027,,DBD11,0.0,25.0,0.020765371246030912
Danville,,216420028,,DBD11,0.0,25.0,0.041758446982587655
Danville,,216420013,,DBD11,0.0,25.0,0.04175828749957409
Danville,,216420012,,DBD11,0.0,25.0,0.020765265810340414
Danville,,216420026,,DBD11,0.0,25.0,0.021526641182957208
Danville,,216420206,,DBD11,0.0,25.0,0.0
Danville,,216420011,,DBD11,0.0,25.0,0.021526818770039653
Danville,,208022035,,DBD3,0.0,25.0,0.227
Danville,,216110021,,DBD5,0.0,25.0,0.062279669816610435
Danville,,216110003,,DBD5,0.0,25.0,0.746
Danville,,216110022,,DBD5,0.0,25.0,0.04148087539398859
Danville,,216110023,,DBD5,0.0,25.0,0.053698966393971675
Danville,,216110024,,DBD5,0.0,25.0,0.04461422022969184
Danville,,216110026,,DBD5,0.0,25.0,0.06218043877618745
Danville,,216110027,,DBD5,0.0,25.0,0.04134817213762576
Danville,,216110028,,DBD5,0.0,25.0,0.05356681298561938
Danville,,216110029,,DBD5,0.0,25.0,0.04461500246505419
Danville,,216110025,,DBD5,0.0,25.0,0.0428963718388892
Danville,,216110092,,DBD5,0.0,25.0,0.04468286817000762
Danville,,216110093,,DBD5,0.0,25.0,0.04317929523298644
Danville,,216110034,,DBD5,0.0,25.0,0.04458647859519407
Danville,,216110030,,DBD5,0.0,25.0,0.04289594761630893
Danville,,216110031,,DBD5,0.0,25.0,0.06217949358915069
Danville,,216110032,,DBD5,0.0,25.0,0.04134877001775253
Danville,,216110033,,DBD5,0.0,25.0,0.053566225019640375
Danville,,216110036,,DBD5,0.0,25.0,0.062178340725925506
Danville,,216110037,,DBD5,0.0,25.0,0.041344228358777
Danville,,216110039,,DBD5,0.0,25.0,0.05116314646548339
Danville,,216110035,,DBD5,0.0,25.0,0.042896704844008704
Danville,,216110103,,DBD5,0.0,25.0,2.102204716557989
Danville,,216110040,,DBD5,0.0,25.0,0.07183774969148926
Danville,,216110042,,DBD5,0.0,25.0,0.04763531258353365
Danville,,216110041,,DBD5,0.0,25.0,0.06403415562370861
Danville,,216110088,,DBD5,0.0,25.0,0.051770243545832005
Danville,,216110089,,DBD5,0.0,25.0,0.07744166464352253
Danville,,216110090,,DBD5,0.0,25.0,0.0411915940701218
Danville,,216110087,,DBD5,0.0,25.0,0.04760845755580911
Danville,,216110047,,DBD5,0.0,25.0,0.04583300513821356
Danville,,216110046,,DBD5,0.0,25.0,0.04439084956555564
Danville,,216110043,,DBD5,0.0,25.0,0.07118861207869902
Danville,,216110044,,DBD5,0.0,25.0,0.04423281528895147
Danville,,216110048,,DBD5,0.0,25.0,0.05626521513779336
Danville,,216110045,,DBD5,0.0,25.0,0.05620706657692841
Danville,,216110049,,DBD5,0.0,25.0,0.04328089845430515
Danville,,216110050,,DBD5,0.0,25.0,0.09466552509963964
Danville,,216110038,,DBD5,0.0,25.0,0.0716016693433149
Danville,,216110105,,DBD5,0.0,25.0,0.007730884676668871
Danville,,216110009,,DBD5,0.0,25.0,2.958
Danville,,216120xxx,,DBD3,0.0,25.0,0.024755449837770487
Danville,,208022050,,DBD3,0.0,25.0,1.868
Danville,,216120017,,DBD3,0.0,25.0,0.29
Danville,,216120001,,DBD3,0.0,25.0,0.09
Danville,,216120004,,DBD6,0.0,25.0,0.17
Danville,,216120018,,DBD3,0.0,25.0,0.21
Danville,,216120012,,DBD6,0.0,25.0,0.54
Danville,,216120043,,DBD6,0.0,25.0,1.71
Danville,,196210015,,DBD6,0.0,25.0,0.5
Danville,,196210053,,DBD6,0.0,25.0,0.87
Danville,,196210011,,DBD6,0.0,25.0,0.5
Danville,,196210039,,DBD6,0.0,25.0,0.33
Danville,,196210038,,DBD6,0.0,25.0,0.96
Danville,,196210052,,DBD6,0.0,25.0,0.45309511025551635
Danville,,196210051,,DBD6,0.0,25.0,0.507
Danville,,216120015,,DBD6,0.0,25.0,1.578
Danville,,216120037,,DBD12,0.0,25.0,4.26
Danville,,196210050,,DBD6,0.0,25.0,0.554
Danville,,196210054,,DBD6,0.0,25.0,0.98
Danville,,216120036,,DBD6,0.0,25.0,0.68
Danville,,216120035,,DBD6,0.0,25.0,0.6607477655745643
Danville,,196440005,,P-1,0.0,35.0,0.18
Danville,,196440001,,P-1,0.0,35.0,0.49
Danville,,196231007,,R-15,0.0,2.9,0.39474329846604705
Danville,,196231006,,R-15,0.0,2.9,0.3405629852238242
Danville,,196231009,,R-15,0.0,2.9,0.3388581783229111
Danville,,196231010,,R-15,0.0,2.9,0.35590309294771844
Danville,,196235001,,R-15,0.0,2.9,0.3447983035430673
Danville,,196231001,,R-15,0.0,2.9,0.341556303868973
Danville,,196231002,,R-15,0.0,2.9,0.34472047391356053
Danville,,196231005,,R-15,0.0,2.9,0.383141160953369
Danville,,196231003,,R-15,0.0,2.9,0.3386701751123308
Danville,,196231004,,R-15,0.0,2.9,0.33928155426587137
Danville,,196440002,,P-1,0.0,35.0,3.661
Danville,,196440003,,P-1,0.0,35.0,0.6
Danville,,196440004,,P-1,0.0,35.0,0.18
Danville,,196562014,,P-1 (R-10),0.0,4.36,0.27511938457849355
Danville,,196562015,,P-1 (R-10),0.0,4.36,0.31836498137648855
Danville,,196562031,,P-1 (R-10),0.0,4.36,0.27689040583643953
Danville,,196562013,,P-1 (R-10),0.0,4.36,0.23873216917491838
Danville,,196562012,,P-1 (R-10),0.0,4.36,0.2360732500250899
Danville,,196562010,,P-1 (R-10),0.0,4.36,0.20800528069452776
Danville,,196562011,,P-1 (R-10),0.0,4.36,0.2627533248488206
Danville,,196562019,,P-1 (R-10),0.0,4.36,0.20974729483100193
Danville,,196562018,,P-1 (R-10),0.0,4.36,0.21721493491752245
Danville,,196562017,,P-1 (R-10),0.0,4.36,0.2089313873707157
Danville,,196562030,,P-1 (R-10),0.0,4.36,0.2453918795879657
Danville,,196562016,,P-1 (R-10),0.0,4.36,0.20776669554315402
Danville,,196541027,,P-1 (R-10),0.0,4.36,0.26610794297657003
Danville,,196562029,,P-1 (R-10),0.0,4.36,0.2015269104416145
Danville,,196562027,,P-1 (R-10),0.0,4.36,0.19944607500044295
Danville,,196562028,,P-1 (R-10),0.0,4.36,0.20435599124914836
Danville,,196541026,,P-1 (R-10),0.0,4.36,0.26655991470133794
Danville,,196541025,,P-1 (R-10),0.0,4.36,0.24275533780482966
Danville,,196541024,,P-1 (R-10),0.0,4.36,0.2533723727823092
Danville,,196541020,,P-1 (R-10),0.0,4.36,0.23238664206709206
Danville,,196541019,,P-1 (R-10),0.0,4.36,0.2810808885675744
Danville,,196541028,,P-1 (R-10),0.0,4.36,0.29162210403059935
Danville,,196380084,,M-30,20.0,30.0,5.888
Danville,,196201010,,P-1 (R-12),0.0,3.63,0.3
Danville,,196201012,,P-1 (R-12),0.0,3.63,0.2292816573037154
Danville,,196201013,,P-1 (R-12),0.0,3.63,0.23208479104732346
Danville,,196201005,,P-1 (R-12),0.0,3.63,0.24799618576632623
Danville,,196201006,,P-1 (R-12),0.0,3.63,0.24107552301765225
Danville,,196201011,,P-1 (R-12),0.0,3.63,0.27101555402362265
Danville,,196201008,,P-1 (R-12),0.0,3.63,0.022832572931261935
Danville,,196201007,,P-1 (R-12),0.0,3.63,0.24151575423638935
Danville,,196201009,,P-1 (R-12),0.0,3.63,0.31
Danville,,196201034,,D-1,6.1,12.0,0.3816261714951402
Danville,,196201033,,P-1 (R-12),0.0,3.63,0.2093641347603776
Danville,,196201002,,P-1 (R-12),0.0,3.63,0.2432962657734648
Danville,,196201003,,P-1 (R-12),0.0,3.63,0.2419715870685647
Danville,,196201004,,P-1 (R-12),0.0,3.63,0.25236282596650544
Danville,,196201030,,P-1 (R-12),0.0,3.63,0.2321732997530093
Danville,,196201031,,P-1 (R-12),0.0,3.63,0.23099086196116542
Danville,,196580043,,M-20,13.0,20.0,0.011127587826540018
Danville,,196580042,,M-20,13.0,20.0,0.011924759875992516
Danville,,196580041,,M-20,13.0,20.0,0.011288301708451933
Danville,,196580044,,M-20,13.0,20.0,0.01151854134702828
Danville,,196580045,,M-20,13.0,20.0,0.01595237674333549
Danville,,196580031,,M-20,13.0,20.0,0.011473268992908158
Danville,,196580026,,M-20,13.0,20.0,0.011742339763607062
Danville,,196580027,,M-20,13.0,20.0,0.010845696973973468
Danville,,196580028,,M-20,13.0,20.0,0.011926368205112932
Danville,,196580029,,M-20,13.0,20.0,0.011579298585326553
Danville,,196580030,,M-20,13.0,20.0,0.01148406771612699
Danville,,196580032,,M-20,13.0,20.0,0.011422860935379892
Danville,,196580033,,M-20,13.0,20.0,0.011858178196838256
Danville,,196580034,,M-20,13.0,20.0,0.01146053267910163
Danville,,196580035,,M-20,13.0,20.0,0.011660716221148433
Danville,,196580036,,M-20,13.0,20.0,0.011495494126002035
Danville,,196580037,,M-20,13.0,20.0,0.011577557755991287
Danville,,196580038,,M-20,13.0,20.0,0.011979092776460249
Danville,,196580039,,M-20,13.0,20.0,0.011784067502580016
Danville,,196580040,,M-20,13.0,20.0,0.011683919301895596
Danville,,196201032,,P-1 (R-12),0.0,3.63,0.4300096538912216
Danville,,196561005,,P-1 (R-10),0.0,4.36,0.57
Danville,,196542001,,P-1 (R-10),0.0,4.36,0.27
Danville,,196541018,,P-1 (R-10),0.0,4.36,0.2758165002099891
Danville,,196541021,,P-1 (R-10),0.0,4.36,0.23153801771723195
Danville,,196541022,,P-1 (R-10),0.0,4.36,0.1979388997625434
Danville,,196531007,,P-1 (R-10),0.0,4.36,0.2045836598351676
Danville,,196531006,,P-1 (R-10),0.0,4.36,0.27317482502220575
Danville,,196531004,,P-1 (R-10),0.0,4.36,0.2159302319262062
Danville,,196531005,,P-1 (R-10),0.0,4.36,0.22325569800690515
Danville,,196531002,,P-1 (R-10),0.0,4.36,0.2216007044144773
Danville,,196531003,,P-1 (R-10),0.0,4.36,0.31986053248669827
Danville,,196521036,,P-1 (R-10),0.0,4.36,0.31910841126948186
Danville,,196521037,,P-1 (R-10),0.0,4.36,0.2746919537399234
Danville,,196531001,,P-1 (R-10),0.0,4.36,0.23966817415708594
Danville,,196521041,,P-1 (R-10),0.0,4.36,0.23231849292932394
Danville,,196521045,,P-1 (R-10),0.0,4.36,0.2197376060750502
Danville,,196521044,,P-1 (R-10),0.0,4.36,0.28493897468001533
Danville,,196521009,,P-1 (R-10),0.0,4.36,0.29312313690609026
Danville,,196521008,,P-1 (R-10),0.0,4.36,0.3044347990620104
Danville,,196521006,,P-1 (R-10),0.0,4.36,0.2925930057091671
Danville,,196521002,,P-1 (R-10),0.0,4.36,0.22678024162814234
Danville,,196521003,,P-1 (R-10),0.0,4.36,0.21558511899118102
Danville,,196521005,,P-1 (R-10),0.0,4.36,0.25767147997044215
Danville,,196521004,,P-1 (R-10),0.0,4.36,0.28792780269510354
Danville,,196190020,,P-1 (R-12),0.0,3.63,0.457
Danville,,196580001,,M-20,13.0,20.0,0.011507305213168867
Danville,,196580046,,M-20,13.0,20.0,2.66
Danville,,196580002,,M-20,13.0,20.0,0.011471987035097326
Danville,,196580008,,M-20,13.0,20.0,0.011472996683672625
Danville,,196580009,,M-20,13.0,20.0,0.011683114885844996
Danville,,196580010,,M-20,13.0,20.0,0.011320113269374335
Danville,,196580012,,M-20,13.0,20.0,0.011513063867727057
Danville,,196580013,,M-20,13.0,20.0,0.011430072383984606
Danville,,196580011,,M-20,13.0,20.0,0.011844702731642662
Danville,,196580006,,M-20,13.0,20.0,0.011059317058855786
Danville,,196580007,,M-20,13.0,20.0,0.011742771949810443
Danville,,196580005,,M-20,13.0,20.0,0.011399979325913953
Danville,,196580004,,M-20,13.0,20.0,0.011355273550824234
Danville,,196580003,,M-20,13.0,20.0,0.011239508668867127
Danville,,196190033,,P-1 (R-12),0.0,3.63,0.2947453938041504
Danville,,196190032,,P-1 (R-12),0.0,3.63,0.3751061649161238
Danville,,196190034,,P-1 (R-12),0.0,3.63,0.24542574464544464
Danville,,196190031,,P-1 (R-12),0.0,3.63,0.3750565986998996
Danville,,196190003,,P-1 (R-12),0.0,3.63,0.4
Danville,,196190014,,P-1 (R-12),0.0,3.63,0.4
Danville,,196190019,,P-1 (R-12),0.0,3.63,0.361
Danville,,196190037,,O-1,0.0,0.0,0.966
Danville,,196190017,,P-1 (R-12),0.0,3.63,0.41
Danville,,196190013,,P-1 (R-12),0.0,3.63,0.4
Danville,,196190004,,P-1 (R-12),0.0,3.63,0.247754892161948
Danville,,196190005,,P-1 (R-12),0.0,3.63,0.29
Danville,,196190027,,P-1 (R-12),0.0,3.63,0.3861546687984491
Danville,,196190028,,P-1 (R-12),0.0,3.63,0.44022573842623974
Danville,,196190026,,P-1 (R-12),0.0,3.63,0.4150928935270384
Danville,,200170011,,R-15,0.0,2.9,0.68
Danville,,200170054,,P-1 (R-6),0.0,7.26,0.11662927240610654
Danville,,200170055,,P-1 (R-6),0.0,7.26,0.16426188986200269
Danville,,200170056,,P-1 (R-6),0.0,7.26,0.11588343767296762
Danville,,200170057,,P-1 (R-6),0.0,7.26,0.06727266274807074
Danville,,200170058,,P-1 (R-6),0.0,7.26,0.058551590002256806
Danville,,200170059,,P-1 (R-6),0.0,7.26,0.047
Danville,,200170062,,P-1 (R-6),0.0,7.26,0.021512859184951716
Danville,,196190035,,P-1 (R-12),0.0,3.63,0.17476251879201116
Danville,,196190011,,P-1 (R-12),0.0,3.63,0.36
Danville,,196190036,,P-1 (R-12),0.0,3.63,0.22133395663671449
Danville,,200170033,,P-1 (R-6),0.0,7.26,0.10055003997751252
Danville,,196201051,,D-1,6.1,12.0,0.9
Danville,,196201052,,P-1 (R-10),0.0,4.36,6.03
Danville,,196201021,,D-1,6.1,12.0,0.31229032566383524
Danville,,196190010,,P-1 (R-12),0.0,3.63,0.362
Danville,,196190009,,P-1 (R-12),0.0,3.63,0.29
Danville,,196190008,,P-1 (R-12),0.0,3.63,0.29
Danville,,196190007,,P-1 (R-12),0.0,3.63,0.18
Danville,,196580017,,M-20,13.0,20.0,0.01154655307835755
Danville,,196580015,,M-20,13.0,20.0,0.011329882703063152
Danville,,196580016,,M-20,13.0,20.0,0.011386522663179192
Danville,,196580014,,M-20,13.0,20.0,0.011754369365200867
Danville,,196580020,,M-20,13.0,20.0,0.011626046091193887
Danville,,196580021,,M-20,13.0,20.0,0.011384668162613167
Danville,,196580022,,M-20,13.0,20.0,0.0112865279016179
Danville,,196580023,,M-20,13.0,20.0,0.011358504048805219
Danville,,196580019,,M-20,13.0,20.0,0.01096049669709355
Danville,,196580018,,M-20,13.0,20.0,0.011320002247461445
Danville,,196580024,,M-20,13.0,20.0,0.011538239445258251
Danville,,196580025,,M-20,13.0,20.0,0.011321795512629882
Danville,,196201019,,P-1 (R-10),0.0,4.36,0.3141741281671114
Danville,,196201018,,R-10,0.0,4.36,0.2316743617648688
Danville,,196201020,,P-1 (R-10),0.0,4.36,0.324361181500599
Danville,,200200026,,M-13,8.0,13.0,0.0643670792219771
Danville,,200200025,,M-13,8.0,13.0,0.06332776672250644
Danville,,200200024,,M-13,8.0,13.0,0.06814984184642983
Danville,,200200027,,M-13,8.0,13.0,0.98
Danville,,200200009,,DBD4,0.0,25.0,0.32900886144383806
Danville,,200200021,,M-13,8.0,13.0,0.165904045430033
Danville,,200200004,,M-13,8.0,13.0,1.25
Danville,,200240001,,M-13,8.0,13.0,0.02219202282338562
Danville,,200240003,,M-13,8.0,13.0,0.0223766606264065
Danville,,200240002,,M-13,8.0,13.0,0.02059014431012334
Danville,,200240004,,M-13,8.0,13.0,0.02084783919080812
Danville,,200250014,,M-13,8.0,13.0,0.04300775011934587
Danville,,200250015,,M-13,8.0,13.0,0.04245665270397408
Danville,,200250016,,M-13,8.0,13.0,0.03409368042226633
Danville,,200240010,,M-13,8.0,13.0,0.09280472496226569
Danville,,200200020,,M-13,8.0,13.0,0.09952853779343199
Danville,,200200019,,M-13,8.0,13.0,0.0573803152575798
Danville,,200200022,,M-13,8.0,13.0,0.1272166654586904
Danville,,200240011,,M-13,8.0,13.0,0.09535520601167899
Danville,,200240012,,M-13,8.0,13.0,1.3762112356135088
Danville,,200250023,,M-13,8.0,13.0,0.097
Danville,,200250021,,M-13,8.0,13.0,0.04009421569337239
Danville,,200250020,,M-13,8.0,13.0,0.04582096474524622
Danville,,200250018,,M-13,8.0,13.0,0.049117251622826305
Danville,,200250019,,M-13,8.0,13.0,0.04934155359168002
Danville,,200250017,,M-13,8.0,13.0,0.04523782518489219
Danville,,200170034,,P-1 (R-6),0.0,7.26,0.12265804031405275
Danville,,200170036,,P-1 (R-6),0.0,7.26,0.1218693851925081
Danville,,200250013,,M-13,8.0,13.0,0.04018010944565571
Danville,,200250012,,M-13,8.0,13.0,0.04220062518259608
Danville,,200250011,,M-13,8.0,13.0,0.04218852676992578
Danville,,200170038,,P-1 (R-6),0.0,7.26,0.08781342183941282
Danville,,200170039,,P-1 (R-6),0.0,7.26,0.08823310830949466
Danville,,200170037,,P-1 (R-6),0.0,7.26,0.08667465788629788
Danville,,200170032,,P-1 (R-6),0.0,7.26,0.08757114379178582
Danville,,200170043,,P-1 (R-6),0.0,7.26,0.10851253411677135
Danville,,200170044,,P-1 (R-6),0.0,7.26,0.08739599451670033
Danville,,200170031,,P-1 (R-6),0.0,7.26,0.08337441295971654
Danville,,200170030,,P-1 (R-6),0.0,7.26,0.08391109828849502
Danville,,200170029,,P-1 (R-6),0.0,7.26,0.08445289734244421
Danville,,200170046,,P-1 (R-6),0.0,7.26,0.08739382721243732
Danville,,200170045,,P-1 (R-6),0.0,7.26,0.08739694225505429
Danville,,200170053,,P-1 (R-6),0.0,7.26,0.12637618201185097
Danville,,200170052,,P-1 (R-6),0.0,7.26,0.15115377681840272
Danville,,200170047,,P-1 (R-6),0.0,7.26,0.08739621761891388
Danville,,200170028,,P-1 (R-6),0.0,7.26,0.08499153626888038
Danville,,200170027,,P-1 (R-6),0.0,7.26,0.09126906051308493
Danville,,200170048,,P-1 (R-6),0.0,7.26,0.09331353709520603
Danville,,200170026,,P-1 (R-6),0.0,7.26,0.09438209492854305
Danville,,200170025,,P-1 (R-6),0.0,7.26,0.09159995723018304
Danville,,200170024,,P-1 (R-6),0.0,7.26,0.09084088805798249
Danville,,200170040,,P-1 (R-6),0.0,7.26,0.08911868648866683
Danville,,200170041,,P-1 (R-6),0.0,7.26,0.09750568919667339
Danville,,200250009,,M-13,8.0,13.0,0.04317910001541364
Danville,,200250008,,M-13,8.0,13.0,0.03961762261641179
Danville,,200250007,,M-13,8.0,13.0,0.03750839417544507
Danville,,200250001,,M-13,8.0,13.0,0.05381106317052144
Danville,,200250002,,M-13,8.0,13.0,0.04895929115557281
Danville,,200180013,,R-15,0.0,2.9,0.5230175036870918
Danville,,200170042,,P-1 (R-6),0.0,7.26,0.1408566497293742
Danville,,200180005,,R-15,0.0,2.9,0.4
Danville,,200180018,,R-15,0.0,2.9,0.521443287904765
Danville,,200180015,,R-15,0.0,2.9,0.40015431651915384
Danville,,200240009,,M-13,8.0,13.0,0.23377744973220826
Danville,,200180016,,R-15,0.0,2.9,0.5308054541202548
Danville,,200250003,,M-13,8.0,13.0,0.04444668321604811
Danville,,200250004,,M-13,8.0,13.0,0.041368673186847574
Danville,,200250005,,M-13,8.0,13.0,0.046021347883381684
Danville,,200250006,,M-13,8.0,13.0,0.05912400153383337
Danville,,200250010,,M-13,8.0,13.0,0.04358463937348446
Danville,,200240008,,M-13,8.0,13.0,0.06863194707222986
Danville,,200240005,,M-13,8.0,13.0,0.03185167959634088
Danville,,200240006,,M-13,8.0,13.0,0.03202908651752893
Danville,,200240007,,M-13,8.0,13.0,0.030148603147515534
Danville,,200200011,,DBD4,0.0,25.0,0.18
Danville,,200200017,,DBD4,0.0,25.0,0.4
Danville,,200200018,,DBD4,0.0,25.0,0.03
Danville,,200190017,,DBD4,0.0,25.0,0.45951474208475285
Danville,,200190010,,DBD4,0.0,25.0,0.33
Danville,,200190021,,DBD4,0.0,25.0,0.211
Danville,,200190018,,DBD4,0.0,25.0,0.26
Danville,,200190028,,DBD4,0.0,25.0,0.303
Danville,,200190023,,DBD4,0.0,25.0,0.145
Danville,,199330067,,DBD4,0.0,25.0,0.277
Danville,,199330035,,DBD4,0.0,25.0,0.34
Danville,,199330064,,DBD4,0.0,25.0,0.22
Danville,,199330055,,DBD4,0.0,25.0,0.128
Danville,,199330060,,DBD4,0.0,25.0,2.386
Danville,,199330061,,DBD4,0.0,25.0,1.037
Danville,,199330062,,DBD4,0.0,25.0,0.91
Danville,,199350039,,DBD1,0.0,25.0,0.372
Danville,,199330011,,DBD4,0.0,25.0,0.12804783011702806
Danville,,199330066,,DBD4,0.0,25.0,0.135
Danville,,199330027,,DBD4,0.0,25.0,0.05917132662748291
Danville,,199330010,,DBD4,0.0,25.0,0.3153758374092256
Danville,,199330065,,DBD4,0.0,25.0,0.107
Danville,,199330009,,DBD4,0.0,25.0,0.12801367839145952
Danville,,199330056,,DBD4,0.0,25.0,0.18
Danville,,199330063,,DBD4,0.0,25.0,0.28
Danville,,199330058,,DBD4,0.0,25.0,0.72
Danville,,200190029,,DBD2,0.0,25.0,0.37
Danville,,200190031,,DBD4,0.0,25.0,0.536
Danville,,200212017,,DBD1,0.0,25.0,0.613
Danville,,200212009,,DBD1,0.0,25.0,0.21514644791216542
Danville,,199350007,,DBD1,0.0,25.0,0.19865765330690158
Danville,,199350006,,DBD1,0.0,25.0,0.26927909776139897
Danville,,199350005,,DBD1,0.0,25.0,0.12039499396743175
Danville,,199350035,,DBD1,0.0,25.0,0.379
Danville,,199350030,,DBD1,0.0,25.0,2.43
Danville,,199470007,,DBD1,0.0,25.0,0.026312139830498963
Danville,,199470008,,DBD1,0.0,25.0,0.025304052923554
Danville,,199350019,,DBD1,0.0,25.0,0.459
Danville,,199470012,,DBD1,0.0,25.0,0.026475933841268447
Danville,,199470013,,DBD1,0.0,25.0,0.047730647750636644
Danville,,199470009,,DBD1,0.0,25.0,0.05039206538858519
Danville,,199470011,,DBD1,0.0,25.0,0.019224854054270733
Danville,,199470005,,DBD1,0.0,25.0,0.02146063576199522
Danville,,199470002,,DBD1,0.0,25.0,0.013817061456432873
Danville,,199470003,,DBD1,0.0,25.0,0.01305795821751838
Danville,,199470010,,DBD1,0.0,25.0,0.009173653216834023
Danville,,199470004,,DBD1,0.0,25.0,0.016011499038103054
Danville,,199470001,,DBD1,0.0,25.0,0.235
Danville,,199470006,,DBD1,0.0,25.0,0.03104656204095599
Danville,,199350037,,DBD1,0.0,25.0,0.12585032660268805
Danville,,199350016,,DBD1,0.0,25.0,0.07462884362341535
Danville,,199350023,,DBD1,0.0,25.0,0.1662450917147539
Danville,,199350013,,DBD1,0.0,25.0,0.11127781146617957
Danville,,199350014,,DBD1,0.0,25.0,0.05498369712427257
Danville,,199350015,,DBD1,0.0,25.0,0.06715707230438281
Danville,,199350012,,DBD1,0.0,25.0,0.17805562124712726
Danville,,208010022,,DBD1,0.0,25.0,0.35
Danville,,208010021,,DBD1,0.0,25.0,0.20606500827220503
Danville,,208010019,,DBD1,0.0,25.0,0.116
Danville,,200212014,,DBD4,0.0,25.0,0.10918313954091569
Danville,,200212012,,DBD2,0.0,25.0,0.1617733862748876
Danville,,200211025,,DBD4,0.0,25.0,0.11527514724083383
Danville,,200211005,,DBD4,0.0,25.0,0.12
Danville,,200211007,,DBD4,0.0,25.0,0.18
Danville,,200211028,,DBD2,0.0,25.0,0.628274264608007
Danville,,200211016,,DBD4,0.0,25.0,0.2683691601781664
Danville,,200211017,,DBD4,0.0,25.0,0.07
Danville,,200211018,,DBD4,0.0,25.0,0.18
Danville,,200211027,,DBD4,0.0,25.0,0.265
Danville,,200211020,,DBD2,0.0,25.0,0.376
Danville,,208010023,,DBD11,0.0,25.0,1.014
Danville,,200200023,,M-13,8.0,13.0,0.841484577558822
Danville,,196210042,,DBD6,0.0,25.0,0.325
Danville,,196210048,,DBD6,0.0,25.0,0.123
Danville,,196210049,,DBD6,0.0,25.0,0.1
Danville,,216120028,,DBD6,0.0,25.0,0.865
Danville,,216120042,,DBD6,0.0,25.0,0.451
Danville,,216120029,,DBD6,0.0,25.0,1.048
Danville,,208010024,,DBD1,0.0,25.0,0.22530622302651088
Danville,,208022048,,DBD1,0.0,25.0,0.138
Danville,,208022023,,DBD3,0.0,25.0,0.20233378317477854
Danville,,216120040,,DBD3,0.0,25.0,0.11
Danville,,216120039,,DBD3,0.0,25.0,0.04
Danville,,216120038,,DBD3,0.0,25.0,0.04
Danville,,208022046,,DBD3,0.0,25.0,0.259
Danville,,208022026,,DBD3,0.0,25.0,0.27
Danville,,208022030,,DBD3,0.0,25.0,0.0020500340300973066
Danville,,208022010,,DBD1,0.0,25.0,0.25562849355746964
Danville,,208022011,,DBD1,0.0,25.0,0.12869857856724842
Danville,,208022012,,DBD1,0.0,25.0,0.13308062021989395
Danville,,208022013,,DBD1,0.0,25.0,0.14167253885081196
Danville,,208022024,,DBD3,0.0,25.0,0.6351447247343122
Danville,,208022036,,DBD3,0.0,25.0,0.7
Danville,,208022049,,DBD1,0.0,25.0,0.427
Danville,,208022020,,DBD1,0.0,25.0,0.08514910290056939
Danville,,208022021,,DBD1,0.0,25.0,0.04134332914263064
Danville,,208010003,,DBD1,0.0,25.0,0.14479712447612086
Danville,,208010025,,DBD1,0.0,25.0,0.16
Danville,,208010005,,DBD1,0.0,25.0,0.19103698368013064
Danville,,208010006,,DBD1,0.0,25.0,0.21438287755915691
Danville,,208010014,,DBD1,0.0,25.0,0.22596451277551852
Danville,,208010008,,DBD1,0.0,25.0,0.05270755918129384
Danville,,208022016,,DBD1,0.0,25.0,0.30695017711541417
Danville,,208022015,,DBD1,0.0,25.0,0.16140531745873
Danville,,208022014,,DBD1,0.0,25.0,0.1520687893832929
Danville,,208790003,,DBD11,0.0,25.0,0.1259045958062079
Danville,,208790018,,DBD11,0.0,25.0,0.02965710547050182
Danville,,208790001,,DBD11,0.0,25.0,0.3622840086174469
Danville,,208790008,,DBD11,0.0,25.0,0.02802135581466737
Danville,,208790006,,DBD11,0.0,25.0,0.027935782062898443
Danville,,208790007,,DBD11,0.0,25.0,0.02795514480493283
Danville,,208790009,,DBD11,0.0,25.0,0.02117957646369043
Danville,,208790017,,DBD11,0.0,25.0,0.029657471769487843
Danville,,208790002,,DBD11,0.0,25.0,0.6577264970130848
Danville,,208790005,,DBD11,0.0,25.0,0.02345983817134506
Danville,,208790004,,DBD11,0.0,25.0,0.022772341500496448
Danville,,208790014,,DBD11,0.0,25.0,0.031509477300357254
Danville,,208790015,,DBD11,0.0,25.0,0.028394653681106802
Danville,,208790016,,DBD11,0.0,25.0,0.028258522286180712
Danville,,208790013,,DBD11,0.0,25.0,0.029988037475172282
Danville,,208340006,,DBD2A,0.0,25.0,0.742
Danville,,208790012,,DBD11,0.0,25.0,0.03260118402163214
Danville,,208790011,,DBD11,0.0,25.0,0.028251994371939818
Danville,,208790010,,DBD11,0.0,25.0,0.028014397525752733
Danville,,208790019,,DBD11,0.0,25.0,0.02965721255808524
Danville,,208023026,,DBD1,0.0,25.0,0.18458497230370002
Danville,,208023027,,DBD1,0.0,25.0,0.17345507493745113
Danville,,208023011,,DBD1,0.0,25.0,0.10069236563066843
Danville,,208023017,,DBD1,0.0,25.0,0.11318703296668929
Danville,,208023018,,DBD1,0.0,25.0,0.06598848640670284
Danville,,208340005,,DBD2A,0.0,25.0,2.121
Danville,,208023020,,DBD2A,0.0,25.0,0.115
Danville,,208025023,,DBD1,0.0,25.0,0.11
Danville,,208023015,,DBD1,0.0,25.0,0.115
Danville,,208023014,,DBD1,0.0,25.0,0.115
Danville,,208023025,,DBD1,0.0,25.0,0.4004596473998268
Danville,,208023012,,DBD1,0.0,25.0,0.0906262299091804
Danville,,208022047,,DBD1,0.0,25.0,0.273
Danville,,208022005,,DBD1,0.0,25.0,0.115
Danville,,208022044,,DBD1,0.0,25.0,0.331
Danville,,216420014,,DBD11,0.0,25.0,0.03070766699791641
Danville,,216420029,,DBD11,0.0,25.0,0.03070782328873797
Danville,,208022003,,DBD1,0.0,25.0,0.22710582021213188
Danville,,208025001,,DBD1,0.0,25.0,0.1379273440364115
Danville,,208025018,,DBD2A,0.0,25.0,0.321
Danville,,208025010,,DBD2A,0.0,25.0,0.11359156176532034
Danville,,208025009,,DBD1,0.0,25.0,0.11592736404457571
Danville,,208025003,,DBD1,0.0,25.0,0.11767409962396061
Danville,,208025024,,DBD1,0.0,25.0,0.34
Danville,,208025006,,DBD1,0.0,25.0,0.11726468051113353
Danville,,208026019,,DBD2A,0.0,25.0,0.211
Danville,,208041004,,M-30,20.0,30.0,0.34080928318028864
Danville,,208041017,,M-30,20.0,30.0,0.06332105384982553
Danville,,208041018,,M-30,20.0,30.0,0.05020922228569012
Danville,,208031026,,M-30,20.0,30.0,0.08061887907938776
Danville,,208041019,,M-30,20.0,30.0,0.05854472788881192
Danville,,208031027,,M-30,20.0,30.0,0.06104707855123328
Danville,,208031025,,M-30,20.0,30.0,0.08762155973782652
Danville,,208031028,,M-30,20.0,30.0,0.04630804802116948
Danville,,208033010,,R-20,0.0,2.18,0.3451172752683511
Danville,,208031015,,M-30,20.0,30.0,0.079
Danville,,208031024,,M-30,20.0,30.0,0.67
Danville,,208031014,,M-30,20.0,30.0,0.079
Danville,,208031022,,M-30,20.0,30.0,0.67
Danville,,208031023,,M-30,20.0,30.0,0.52
Danville,,208031029,,M-30,20.0,30.0,0.06570077799527681
Danville,,208031003,,M-30,20.0,30.0,0.3412824093363479
Danville,,208031005,,M-30,20.0,30.0,0.3403750362917226
Danville,,208031004,,M-30,20.0,30.0,0.33965496082630636
Danville,,208033007,,R-20,0.0,2.18,0.3466086444761437
Danville,,208033008,,R-20,0.0,2.18,0.345156760296043
Danville,,208033009,,R-20,0.0,2.18,0.3462168493044463
Danville,,208033015,,R-20,0.0,2.18,0.34152162580903617
Danville,,208033016,,R-20,0.0,2.18,0.3438265686294744
Danville,,208033018,,R-20,0.0,2.18,0.3423868169569187
Danville,,208033017,,R-20,0.0,2.18,0.34183469028667446
Danville,,208033006,,R-20,0.0,2.18,0.34528799850352054
Danville,,208033005,,R-20,0.0,2.18,0.3451932062901108
Danville,,208033004,,R-20,0.0,2.18,0.34923651545238765
Danville,,208420002,,M-30,20.0,30.0,0.020725013561234504
Danville,,208420003,,M-30,20.0,30.0,0.018873158895688212
Danville,,208420015,,M-30,20.0,30.0,0.019928980273429892
Danville,,208420005,,M-30,20.0,30.0,0.01929298012548667
Danville,,208420012,,M-30,20.0,30.0,0.01855801430985973
Danville,,208420014,,M-30,20.0,30.0,0.018276264845674215
Danville,,208420001,,M-30,20.0,30.0,0.019023561350074117
Danville,,208420011,,M-30,20.0,30.0,0.009941460854369283
Danville,,208420010,,M-30,20.0,30.0,0.019633263144775984
Danville,,208420009,,M-30,20.0,30.0,0.01461001510415763
Danville,,208420008,,M-30,20.0,30.0,0.020262726464357863
Danville,,208420013,,M-30,20.0,30.0,0.019842072802151237
Danville,,208420017,,M-30,20.0,30.0,0.020178083644100637
Danville,,208420007,,M-30,20.0,30.0,0.019719850563368765
Danville,,208420016,,M-30,20.0,30.0,0.01990879294012005
Danville,,208420006,,M-30,20.0,30.0,0.020072967892589246
Danville,,208420018,,M-30,20.0,30.0,0.6905806132295271
Danville,,208420004,,M-30,20.0,30.0,0.022710640018326515
Danville,,208031019,,M-30,20.0,30.0,0.06167241459900927
Danville,,208031018,,M-30,20.0,30.0,0.04684423619416031
Danville,,208031017,,M-30,20.0,30.0,0.06174795829314656
Danville,,208031021,,M-30,20.0,30.0,0.08547659830092226
Danville,,208031020,,M-30,20.0,30.0,0.08517677267412709
Danville,,208031009,,M-30,20.0,30.0,0.3414167111490998
Danville,,208031010,,M-30,20.0,30.0,0.3840273525116669
Danville,,208340007,,DBD2A,0.0,25.0,1.217
Danville,,208530008,,M-30,20.0,30.0,0.34948204069267613
Danville,,208530003,,M-30,20.0,30.0,0.01459452007909152
Danville,,208530001,,M-30,20.0,30.0,0.021557377973622522
Danville,,208530002,,M-30,20.0,30.0,0.015221091571194029
Danville,,208530004,,M-30,20.0,30.0,0.024295206828189808
Danville,,208530005,,M-30,20.0,30.0,0.025404589523288994
Danville,,208033003,,R-20,0.0,2.18,0.42600409202106676
Danville,,208032002,,R-20,0.0,2.18,0.3618814404261993
Danville,,208530006,,M-30,20.0,30.0,0.021336274435106006
Danville,,208530007,,M-30,20.0,30.0,0.021295024770939332
Danville,,208032003,,R-20,0.0,2.18,0.39070242334902583
Danville,,208032004,,R-20,0.0,2.18,0.4401273659518285
Danville,,208033002,,R-20,0.0,2.18,0.44180075202346913
Danville,,208033019,,R-20,0.0,2.18,0.34397278037494666
Danville,,208033001,,R-20,0.0,2.18,0.41325129699462404
Danville,,208034006,,R-20,0.0,2.18,0.34703428337782205
Danville,,208034021,,R-20,0.0,2.18,0.3283825138622665
Danville,,208034020,,R-20,0.0,2.18,0.3694778066451572
Danville,,208034002,,R-20,0.0,2.18,0.42534437792708923
Danville,,208034019,,R-20,0.0,2.18,0.3413203497045978
Danville,,208034001,,R-20,0.0,2.18,0.4191533281688694
Danville,,208034003,,R-20,0.0,2.18,0.4268665720918314
Danville,,208032006,,R-20,0.0,2.18,0.5181033246411341
Danville,,208032005,,R-20,0.0,2.18,0.47861661644422027
Danville,,208032007,,R-20,0.0,2.18,0.3887343872109276
Danville,,208032008,,R-20,0.0,2.18,0.4250194362467303
Danville,,208072005,,R-20,0.0,2.18,0.35081040097302935
Danville,,208071001,,R-20,0.0,2.18,0.4783814043103641
Danville,,208071002,,R-20,0.0,2.18,0.5359115233973994
Danville,,208071004,,R-20,0.0,2.18,0.3743974642570764
Danville,,208071003,,R-20,0.0,2.18,0.38084598689663285
Danville,,199310011,,R-20,0.0,2.18,9.542
Danville,,199342010,,R-10,0.0,4.36,0.24954985521178571
Danville,,199342011,,R-10,0.0,4.36,0.2476840923743231
Danville,,199342012,,R-10,0.0,4.36,0.2427507321458949
Danville,,199342013,,R-10,0.0,4.36,0.24369992378373312
Danville,,199342014,,R-10,0.0,4.36,0.24586119324693778
Danville,,199342015,,R-10,0.0,4.36,0.24103639929524587
Danville,,199342016,,R-10,0.0,4.36,0.24547605777054277
Danville,,199342003,,R-10,0.0,4.36,0.2448009911312271
Danville,,199342004,,R-10,0.0,4.36,0.23966034444280326
Danville,,199342005,,R-10,0.0,4.36,0.24313131059011314
Danville,,199341011,,R-6,0.0,7.26,0.1753421506620871
Danville,,199341010,,R-6,0.0,7.26,0.170805513266881
Danville,,199341014,,R-6,0.0,7.26,0.17447863569429653
Danville,,199341013,,R-6,0.0,7.26,0.17215576784010525
Danville,,199341012,,R-6,0.0,7.26,0.1779766922686373
Danville,,199342006,,R-10,0.0,4.36,0.2429246868747319
Danville,,199342007,,R-10,0.0,4.36,0.23751787004612457
Danville,,199341022,,R-6,0.0,7.26,0.16873209589361748
Danville,,199342008,,R-10,0.0,4.36,0.24462243468087796
Danville,,199342009,,R-10,0.0,4.36,0.24769057131772285
Danville,,199341023,,R-6,0.0,7.26,0.1751000114088792
Danville,,199341024,,R-6,0.0,7.26,0.1700342926244424
Danville,,199341025,,R-6,0.0,7.26,0.17122929443660578
Danville,,199341020,,R-6,0.0,7.26,0.16832482374276359
Danville,,199341021,,R-6,0.0,7.26,0.16934599972512382
Danville,,199341019,,R-6,0.0,7.26,0.15526374779743096
Danville,,199341026,,R-6,0.0,7.26,0.17141741832319668
Danville,,199341027,,R-6,0.0,7.26,0.17066457036310712
Danville,,199341028,,R-6,0.0,7.26,0.18087635091272336
Danville,,199341018,,R-6,0.0,7.26,0.2873052347017017
Danville,,199341017,,R-6,0.0,7.26,0.201527021364275
Danville,,199341015,,R-6,0.0,7.26,0.16283206798858824
Danville,,199341008,,R-6,0.0,7.26,0.18120969402546136
Danville,,199341016,,R-6,0.0,7.26,0.2126299597660715
Danville,,199341007,,R-6,0.0,7.26,0.2878073990529437
Danville,,199350029,,DBD2A,0.0,25.0,1.5
Danville,,199341035,,R-10,0.0,4.36,0.246
Danville,,199341006,,R-6,0.0,7.26,0.2375273333018711
Danville,,199341009,,R-6,0.0,7.26,0.1651383441895601
Danville,,199341003,,R-6,0.0,7.26,0.17563379800537046
Danville,,199341005,,R-6,0.0,7.26,0.16705692377249803
Danville,,199341004,,R-6,0.0,7.26,0.17371587646897843
Danville,,199341029,,R-10,0.0,4.36,0.287
Danville,,199341002,,R-6,0.0,7.26,0.18382949429839093
Danville,,199342002,,R-10,0.0,4.36,0.24407402974655235
Danville,,199341030,,R-10,0.0,4.36,0.193
Danville,,199341031,,R-10,0.0,4.36,0.214
Danville,,199322042,,R-10,0.0,4.36,0.20995404304827966
Danville,,199321011,,R-10,0.0,4.36,0.22
Danville,,199321012,,R-10,0.0,4.36,0.18
Danville,,199341033,,R-10,0.0,4.36,0.215
Danville,,199341034,,R-10,0.0,4.36,0.217
Danville,,199341036,,R-10,0.0,4.36,0.217
Danville,,199350034,,DBD1,0.0,25.0,0.355
Danville,,199330016,,DBD4,0.0,25.0,0.43
Danville,,199321010,,R-10,0.0,4.36,0.20467917680352102
Danville,,199321009,,R-10,0.0,4.36,0.19412802180984753
Danville,,199321006,,R-10,0.0,4.36,0.2604873506840446
Danville,,199321007,,R-10,0.0,4.36,0.21735394584297343
Danville,,199321008,,R-10,0.0,4.36,0.20114439347117896
Danville,,199322040,,R-10,0.0,4.36,0.21813746437365433
Danville,,199322022,,R-10,0.0,4.36,0.23768633410154316
Danville,,199322020,,R-10,0.0,4.36,0.25166148923317627
Danville,,199322019,,R-10,0.0,4.36,0.25659139009211945
Danville,,199322025,,R-10,0.0,4.36,0.2387468436062817
Danville,,199322024,,R-10,0.0,4.36,0.22878813724996008
Danville,,199322023,,R-10,0.0,4.36,0.22697846645464415
Danville,,199322038,,R-10,0.0,4.36,0.22277663438491255
Danville,,199322036,,R-10,0.0,4.36,0.24806217561308214
Danville,,199322037,,R-10,0.0,4.36,0.5
Danville,,199322039,,R-10,0.0,4.36,0.2555004972172798
Danville,,199322041,,R-10,0.0,4.36,0.20460795762572886
Danville,,199322043,,R-10,0.0,4.36,0.23
Danville,,199322044,,R-10,0.0,4.36,0.23
Danville,,199342001,,R-10,0.0,4.36,0.23514164112761343
Danville,,199322047,,R-10,0.0,4.36,0.27
Danville,,199342018,,R-10,0.0,4.36,0.23896087719299405
Danville,,199322032,,R-10,0.0,4.36,0.24984718201625758
Danville,,199322031,,R-10,0.0,4.36,0.23812947642193055
Danville,,199322030,,R-10,0.0,4.36,0.24265520537223223
Danville,,199322046,,R-10,0.0,4.36,0.22
Danville,,199322035,,R-10,0.0,4.36,0.2274468050358269
Danville,,199322018,,R-10,0.0,4.36,0.2565781715918041
Danville,,199322017,,R-10,0.0,4.36,0.25353801971768475
Danville,,199322026,,R-10,0.0,4.36,0.25240481957096667
Danville,,199322027,,R-10,0.0,4.36,0.3861995219135629
Danville,,199322028,,R-10,0.0,4.36,0.28900492457550986
Danville,,199322029,,R-10,0.0,4.36,0.23809978180032748
Danville,,199360006,,R-20,0.0,2.18,0.46852063901218727
Danville,,199360011,,R-20,0.0,2.18,0.46302633492852485
Danville,,199360010,,R-20,0.0,2.18,0.4603805831338198
Danville,,199360004,,R-20,0.0,2.18,0.5320352277655976
Danville,,199360007,,R-20,0.0,2.18,0.4634131315637034
Danville,,199360003,,R-20,0.0,2.18,0.6264286210976693
Danville,,199360002,,R-20,0.0,2.18,0.5724891089114269
Danville,,199310009,,R-10,0.0,4.36,0.43
Danville,,199310007,,R-10,0.0,4.36,0.471
Danville,,199310014,,R-10,0.0,4.36,0.415
Danville,,199342017,,R-10,0.0,4.36,0.2478116150329391
Danville,,199310012,,R-10,0.0,4.36,0.281
Danville,,199310013,,R-10,0.0,4.36,0.283
Danville,,199310010,,R-10,0.0,4.36,0.39
Danville,,199280006,,R-20,0.0,2.18,0.61
Danville,,199280007,,R-20,0.0,2.18,0.64
Danville,,199290009,,R-65,0.0,0.67,1.5
Danville,,199290007,,R-65,0.0,0.67,1.59
Danville,,199290004,,R-65,0.0,0.67,1.576
Danville,,199280039,,R-20,0.0,2.18,0.66
Danville,,199280028,,R-20,0.0,2.18,0.62
Danville,,199280038,,R-20,0.0,2.18,0.53
Danville,,199280030,,R-20,0.0,2.18,0.6395349696575302
Danville,,199360008,,R-20,0.0,2.18,0.4601610969592656
Danville,,199280012,,R-20,0.0,2.18,1.33
Danville,,199280042,,R-20,0.0,2.18,0.97
Danville,,199280031,,R-20,0.0,2.18,0.6620033869482108
Danville,,199290003,,R-65,0.0,0.67,1.5
Danville,,199290006,,R-65,0.0,0.67,2.6
Danville,,199290002,,R-65,0.0,0.67,1.5
Danville,,199290014,,R-65,0.0,0.67,0.09
Danville,,199290001,,R-65,0.0,0.67,1.75
Danville,,199210003,,R-65,0.0,0.67,2.48
Danville,,199210006,,R-65,0.0,0.67,1.5
Danville,,199210007,,R-65,0.0,0.67,1.57
Danville,,199220038,,R-20,0.0,2.18,0.9
Danville,,199280025,,R-20,0.0,2.18,0.8192193730231183
Danville,,199280008,,R-20,0.0,2.18,0.54
Danville,,199280009,,R-20,0.0,2.18,0.84
Danville,,199210008,,R-65,0.0,0.67,1.53
Danville,,199280014,,R-20,0.0,2.18,0.55
Danville,,199280015,,R-20,0.0,2.18,0.56
Danville,,199280043,,R-20,0.0,2.18,0.86
Danville,,199280044,,R-20,0.0,2.18,0.405
Danville,,199280045,,R-20,0.0,2.18,0.518
Danville,,199360012,,R-20,0.0,2.18,0.4610942690285204
Danville,,199360013,,R-20,0.0,2.18,0.4597103252249472
Danville,,199280040,,R-20,0.0,2.18,0.5394906389246722
Danville,,199280035,,R-20,0.0,2.18,0.5865268112564866
Danville,,199280034,,R-20,0.0,2.18,0.4624331951222462
Danville,,199280020,,R-20,0.0,2.18,0.4584531333150756
Danville,,199220030,,R-20,0.0,2.18,1.65
Danville,,199280024,,R-20,0.0,2.18,0.4650678320457544
Danville,,199280026,,R-20,0.0,2.18,0.4034959712354294
Danville,,199220039,,R-20,0.0,2.18,0.72
Danville,,199220046,,R-20,0.0,2.18,1.082
Danville,,199220031,,R-20,0.0,2.18,0.73
Danville,,199220044,,R-20,0.0,2.18,0.78
Danville,,199220036,,R-20,0.0,2.18,0.69
Danville,,199220024,,R-20,0.0,2.18,0.67
Danville,,199231017,,R-10,0.0,4.36,0.28445325933657534
Danville,,199231018,,R-10,0.0,4.36,0.28350266421662346
Danville,,199231010,,R-10,0.0,4.36,0.28812162580860873
Danville,,199231009,,R-10,0.0,4.36,0.2876317855231584
Danville,,199231019,,R-10,0.0,4.36,0.28459918738939183
Danville,,199220014,,R-20,0.0,2.18,0.62
Danville,,199231020,,R-10,0.0,4.36,0.293008682137457
Danville,,199220028,,R-20,0.0,2.18,0.37
Danville,,199220011,,R-20,0.0,2.18,0.24
Danville,,199220013,,R-20,0.0,2.18,0.53
Danville,,199220008,,R-20,0.0,2.18,0.32
Danville,,199220026,,R-20,0.0,2.18,0.44
Danville,,199220041,,R-20,0.0,2.18,0.42732603931181995
Danville,,199220042,,R-20,0.0,2.18,0.42686273804108665
Danville,,199220043,,R-20,0.0,2.18,0.4834391129344824
Danville,,199273017,,R-10,0.0,4.36,0.294
Danville,,199273016,,R-10,0.0,4.36,0.319
Danville,,199273009,,R-10,0.0,4.36,0.22
Danville,,199273015,,R-10,0.0,4.36,0.294
Danville,,199273014,,R-10,0.0,4.36,0.408
Danville,,199273011,,R-10,0.0,4.36,0.23
Danville,,199273012,,R-10,0.0,4.36,0.37
Danville,,199220040,,R-20,0.0,2.18,0.612342133749156
Danville,,199220010,,R-20,0.0,2.18,0.28
Danville,,199220015,,R-20,0.0,2.18,0.47
Danville,,199220009,,R-20,0.0,2.18,0.29
Danville,,199360020,,R-20,0.0,2.18,0.4416676543790466
Danville,,199360019,,R-20,0.0,2.18,0.44793294269539413
Danville,,199360018,,R-20,0.0,2.18,0.44373341354108126
Danville,,199360021,,R-20,0.0,2.18,0.6368645165902754
Danville,,199360017,,R-20,0.0,2.18,0.4598863881531474
Danville,,199360016,,R-20,0.0,2.18,0.4628662180685967
Danville,,199360015,,R-20,0.0,2.18,0.5075874107016628
Danville,,199322014,,R-10,0.0,4.36,0.3436479375867766
Danville,,199322015,,R-10,0.0,4.36,0.33804528431805075
Danville,,199322016,,R-10,0.0,4.36,0.2779214157408267
Danville,,199322011,,R-10,0.0,4.36,0.25608052126676933
Danville,,199322012,,R-10,0.0,4.36,0.24927862475154094
Danville,,199322003,,R-10,0.0,4.36,0.2543865404831549
Danville,,199322004,,R-10,0.0,4.36,0.2570380822272255
Danville,,199322005,,R-10,0.0,4.36,0.2578544150984452
Danville,,199322013,,R-10,0.0,4.36,0.2720651462479591
Danville,,199322006,,R-10,0.0,4.36,0.22
Danville,,199322007,,R-10,0.0,4.36,0.23
Danville,,199273013,,R-10,0.0,4.36,0.303
Danville,,199272012,,R-10,0.0,4.36,0.22293694139655879
Danville,,199322001,,R-10,0.0,4.36,0.307739790285984
Danville,,199272011,,R-10,0.0,4.36,0.23704129540800167
Danville,,199322002,,R-10,0.0,4.36,0.25418564876234245
Danville,,199322009,,R-10,0.0,4.36,0.2540496266305705
Danville,,199322010,,R-10,0.0,4.36,0.25194782460056375
Danville,,199322008,,R-10,0.0,4.36,0.268723775759358
Danville,,199322021,,R-10,0.0,4.36,0.31361418799388185
Danville,,199321001,,R-10,0.0,4.36,0.261962482902047
Danville,,199321002,,R-10,0.0,4.36,0.23164919617139168
Danville,,199321003,,R-10,0.0,4.36,0.22696213668531018
Danville,,199321004,,R-10,0.0,4.36,0.23142843528101786
Danville,,199321005,,R-10,0.0,4.36,0.23395084404812555
Danville,,199271012,,R-10,0.0,4.36,0.24769655614545924
Danville,,199271011,,R-10,0.0,4.36,0.23267878171258713
Danville,,199271010,,R-10,0.0,4.36,0.23033185134585016
Danville,,199272010,,R-10,0.0,4.36,0.2687050678973119
Danville,,199272009,,R-10,0.0,4.36,0.27353544860457857
Danville,,199272013,,R-10,0.0,4.36,0.2337767133589714
Danville,,199272008,,R-10,0.0,4.36,0.2686548719381921
Danville,,199271009,,R-10,0.0,4.36,0.22887854053002235
Danville,,199271008,,R-10,0.0,4.36,0.23132757704846926
Danville,,199271007,,R-10,0.0,4.36,0.2305090580623377
Danville,,199271004,,R-10,0.0,4.36,0.23644390513961508
Danville,,199271003,,R-10,0.0,4.36,0.2385257519670812
Danville,,199273001,,R-10,0.0,4.36,0.33215351800667203
Danville,,199272001,,R-10,0.0,4.36,0.22650110658382497
Danville,,199272002,,R-10,0.0,4.36,0.22887956080441205
Danville,,199272004,,R-10,0.0,4.36,0.26854691054001767
Danville,,199271005,,R-10,0.0,4.36,0.231318194268616
Danville,,199271006,,R-10,0.0,4.36,0.23313334252885234
Danville,,199272006,,R-10,0.0,4.36,0.26988791233039294
Danville,,199272005,,R-10,0.0,4.36,0.2693408053312744
Danville,,199272007,,R-10,0.0,4.36,0.2677939005998656
Danville,,199272014,,R-10,0.0,4.36,0.22979813336470595
Danville,,199272015,,R-10,0.0,4.36,0.2560383377682806
Danville,,199272016,,R-10,0.0,4.36,0.2710815293710942
Danville,,199272017,,R-10,0.0,4.36,0.2737613441600138
Danville,,199272018,,R-10,0.0,4.36,0.2721681456669665
Danville,,199273008,,R-10,0.0,4.36,0.23
Danville,,199273018,,R-10,0.0,4.36,0.51
Danville,,199273007,,R-10,0.0,4.36,0.23
Danville,,199273006,,R-10,0.0,4.36,0.41
Danville,,199272019,,R-10,0.0,4.36,0.27070664825591817
Danville,,199272003,,R-10,0.0,4.36,0.28491173084540755
Danville,,199273002,,R-10,0.0,4.36,0.27977859556875573
Danville,,199273003,,R-10,0.0,4.36,0.22355598612161914
Danville,,199273004,,R-10,0.0,4.36,0.3149087885722428
Danville,,199242014,,R-10,0.0,4.36,0.17657446146070574
Danville,,199273005,,R-10,0.0,4.36,0.3335642195059365
Danville,,199232005,,R-10,0.0,4.36,0.26030657632593934
Danville,,199232004,,R-10,0.0,4.36,0.24028051037191883
Danville,,199232003,,R-10,0.0,4.36,0.26528880049355263
Danville,,199231008,,R-10,0.0,4.36,0.2912557177339209
Danville,,199231006,,R-10,0.0,4.36,0.30861990831315317
Danville,,199231007,,R-10,0.0,4.36,0.3200337821610999
Danville,,199232002,,R-10,0.0,4.36,0.2654096338198278
Danville,,199232001,,R-10,0.0,4.36,0.26279315529218455
Danville,,199242008,,R-10,0.0,4.36,0.2686450185629411
Danville,,199242007,,R-10,0.0,4.36,0.26481063147002487
Danville,,199242013,,R-10,0.0,4.36,0.2765400279888545
Danville,,199242015,,R-10,0.0,4.36,0.4574772872129154
Danville,,199242016,,R-10,0.0,4.36,0.3442249453242677
Danville,,199242017,,R-10,0.0,4.36,0.3746472555351379
Danville,,199242012,,R-10,0.0,4.36,0.37579178783974687
Danville,,199242011,,R-10,0.0,4.36,0.2589076861287694
Danville,,199242019,,R-10,0.0,4.36,0.3306573280016464
Danville,,199242020,,R-10,0.0,4.36,0.34123118434879474
Danville,,199242021,,R-10,0.0,4.36,0.7590052720123452
Danville,,199241002,,R-10,0.0,4.36,0.3546195861186173
Danville,,199241003,,R-10,0.0,4.36,0.31856750675072165
Danville,,199241004,,R-10,0.0,4.36,0.3504501910679652
Danville,,199241005,,R-10,0.0,4.36,0.2846069832853632
Danville,,199241006,,R-10,0.0,4.36,0.24651689125368156
Danville,,199242018,,R-10,0.0,4.36,0.29435562715326086
Danville,,199271001,,R-10,0.0,4.36,0.26478343405477156
Danville,,199271002,,R-10,0.0,4.36,0.2401206134184581
Danville,,199241001,,R-10,0.0,4.36,0.34609353883154387
Danville,,201191001,,R-20,0.0,2.18,0.47573769163582263
Danville,,201181002,,R-10,0.0,4.36,0.34944139018180237
Danville,,201181029,,R-10,0.0,4.36,0.340053363700964
Danville,,201181028,,R-10,0.0,4.36,0.3137275961683816
Danville,,201181027,,R-10,0.0,4.36,0.31854091617149827
Danville,,201181026,,R-10,0.0,4.36,0.3468399867572382
Danville,,201181003,,R-10,0.0,4.36,0.30640113548504455
Danville,,201181004,,R-10,0.0,4.36,0.30808227964938734
Danville,,201181005,,R-10,0.0,4.36,0.30611669631405425
Danville,,201181025,,R-10,0.0,4.36,0.3209217262278341
Danville,,201181024,,R-10,0.0,4.36,0.3198483636052104
Danville,,201181023,,R-10,0.0,4.36,0.31653590665751513
Danville,,201181022,,R-10,0.0,4.36,0.31450915212536096
Danville,,201183006,,R-10,0.0,4.36,0.26841388974698543
Danville,,201183005,,R-10,0.0,4.36,0.2321134894352084
Danville,,201183027,,R-10,0.0,4.36,0.29761891470402
Danville,,201183026,,R-10,0.0,4.36,0.2342629203786771
Danville,,201183003,,R-10,0.0,4.36,0.23218791985818066
Danville,,201183004,,R-10,0.0,4.36,0.2319174833216283
Danville,,201183001,,R-10,0.0,4.36,0.22819631291316692
Danville,,201183002,,R-10,0.0,4.36,0.23057648492247723
Danville,,201183018,,R-10,0.0,4.36,0.2580550557673023
Danville,,201183019,,R-10,0.0,4.36,0.2596275601465002
Danville,,201183029,,R-10,0.0,4.36,0.24817666368296612
Danville,,201183024,,R-10,0.0,4.36,0.25708949912614526
Danville,,201183025,,R-10,0.0,4.36,0.26192398495393626
Danville,,200110001,,R-20,0.0,2.18,0.499891362486463
Danville,,200122037,,M-13,8.0,13.0,0.028457168047516936
Danville,,200122036,,M-13,8.0,13.0,0.025453665694593185
Danville,,200122035,,M-13,8.0,13.0,0.0263076486633394
Danville,,200122034,,M-13,8.0,13.0,0.025895060410831762
Danville,,199410045,,M-13,8.0,13.0,2.83
Danville,,199410003,,M-13,8.0,13.0,0.029493036215332735
Danville,,199410025,,M-13,8.0,13.0,0.029493036215332735
Danville,,199410004,,M-13,8.0,13.0,0.028385005674120826
Danville,,199410026,,M-13,8.0,13.0,0.028385005674120826
Danville,,199410005,,M-13,8.0,13.0,0.030877532546079993
Danville,,199410027,,M-13,8.0,13.0,0.030877532546079993
Danville,,199410007,,M-13,8.0,13.0,0.030868347723369178
Danville,,199410029,,M-13,8.0,13.0,0.030868347723369178
Danville,,199410008,,M-13,8.0,13.0,0.02949184806551916
Danville,,199410030,,M-13,8.0,13.0,0.02949184806551916
Danville,,199410006,,M-13,8.0,13.0,0.03206317553520152
Danville,,199410028,,M-13,8.0,13.0,0.03206317553520152
Danville,,199410018,,M-13,8.0,13.0,0.0339277662547591
Danville,,199410040,,M-13,8.0,13.0,0.0339277662547591
Danville,,199410019,,M-13,8.0,13.0,0.029854805727352662
Danville,,199410041,,M-13,8.0,13.0,0.029854805727352662
Danville,,199410002,,M-13,8.0,13.0,0.028385127435499057
Danville,,199410024,,M-13,8.0,13.0,0.028385127435499057
Danville,,199410001,,M-13,8.0,13.0,0.029492586663755666
Danville,,199410023,,M-13,8.0,13.0,0.029492586663755666
Danville,,199410022,,M-13,8.0,13.0,0.02838527881872407
Danville,,199410044,,M-13,8.0,13.0,0.02838527881872407
Danville,,199410021,,M-13,8.0,13.0,0.029492001440400942
Danville,,199410043,,M-13,8.0,13.0,0.029492001440400942
Danville,,199410020,,M-13,8.0,13.0,0.029758057649546272
Danville,,199410042,,M-13,8.0,13.0,0.029758057649546272
Danville,,199410017,,M-13,8.0,13.0,0.02838551702562108
Danville,,199410039,,M-13,8.0,13.0,0.02838551702562108
Danville,,199410016,,M-13,8.0,13.0,0.02949260127989775
Danville,,199410038,,M-13,8.0,13.0,0.02949260127989775
Danville,,199410014,,M-13,8.0,13.0,0.02949275051413697
Danville,,199410036,,M-13,8.0,13.0,0.02949275051413697
Danville,,199410015,,M-13,8.0,13.0,0.02838545289238987
Danville,,199410037,,M-13,8.0,13.0,0.02838545289238987
Danville,,199410012,,M-13,8.0,13.0,0.02949222361090972
Danville,,199410034,,M-13,8.0,13.0,0.02949222361090972
Danville,,199410013,,M-13,8.0,13.0,0.02838471387683221
Danville,,199410035,,M-13,8.0,13.0,0.02838471387683221
Danville,,199260003,,R-6,0.0,7.26,29.546
Danville,,199460040,,P-1,0.0,35.0,0.03780848627539035
Danville,,199460041,,P-1,0.0,35.0,0.03779938126804967
Danville,,199460049,,P-1,0.0,35.0,0.20828326933013416
Danville,,199460042,,P-1,0.0,35.0,0.02167546781851436
Danville,,199460043,,P-1,0.0,35.0,0.022706586083335773
Danville,,199460045,,P-1,0.0,35.0,0.035450772794509984
Danville,,199460046,,P-1,0.0,35.0,0.035450772794509984
Danville,,199460044,,P-1,0.0,35.0,0.023683955734733288
Danville,,199460038,,P-1,0.0,35.0,0.03602245342265165
Danville,,199460039,,P-1,0.0,35.0,0.03599351416463818
Danville,,199460055,,P-1,0.0,35.0,0.021922361833405245
Danville,,199460054,,P-1,0.0,35.0,0.018807685365499118
Danville,,199460052,,P-1,0.0,35.0,0.032932981989449675
Danville,,199460053,,P-1,0.0,35.0,0.03293873402039721
Danville,,199460079,,P-1,0.0,35.0,0.21208238905704804
Danville,,199460056,,P-1,0.0,35.0,0.020322053873757635
Danville,,199460057,,P-1,0.0,35.0,0.019518973738383388
Danville,,199460058,,P-1,0.0,35.0,0.03190928333962958
Danville,,199460059,,P-1,0.0,35.0,0.03190304298396786
Danville,,199460032,,P-1,0.0,35.0,0.03520567028665988
Danville,,199460033,,P-1,0.0,35.0,0.03520567028665988
Danville,,199460037,,P-1,0.0,35.0,0.01760725153729261
Danville,,199460036,,P-1,0.0,35.0,0.025050230850301527
Danville,,199460048,,P-1,0.0,35.0,0.14611403056032912
Danville,,199460031,,P-1,0.0,35.0,0.02164410302077546
Danville,,199460029,,P-1,0.0,35.0,0.022982325648930754
Danville,,199460030,,P-1,0.0,35.0,0.023842484941033998
Danville,,199460047,,P-1,0.0,35.0,0.19506816437982613
Danville,,199460027,,P-1,0.0,35.0,0.03733214897408015
Danville,,199460028,,P-1,0.0,35.0,0.037342243809224504
Danville,,199460026,,P-1,0.0,35.0,0.021
Danville,,199460025,,P-1,0.0,35.0,0.054
Danville,,199460016,,P-1,0.0,35.0,0.020956943253151974
Danville,,199460034,,P-1,0.0,35.0,0.03388643361830452
Danville,,199460035,,P-1,0.0,35.0,0.03388643361830452
Danville,,199460018,,P-1,0.0,35.0,0.03839191786251867
Danville,,199460019,,P-1,0.0,35.0,0.038393151028981796
Danville,,199460017,,P-1,0.0,35.0,0.020896541477359122
Danville,,199460014,,P-1,0.0,35.0,0.03704411450256058
Danville,,199460015,,P-1,0.0,35.0,0.03708068828733181
Danville,,199460022,,P-1,0.0,35.0,0.14272283764120336
Danville,,199410011,,M-13,8.0,13.0,0.02838508202366556
Danville,,199410033,,M-13,8.0,13.0,0.02838508202366556
Danville,,199410010,,M-13,8.0,13.0,0.029492773482991324
Danville,,199410032,,M-13,8.0,13.0,0.029492773482991324
Danville,,199460012,,P-1,0.0,35.0,0.03646388203008842
Danville,,199460013,,P-1,0.0,35.0,0.03650365694406889
Danville,,199460008,,P-1,0.0,35.0,0.01928456495923985
Danville,,199460009,,P-1,0.0,35.0,0.022224139152586857
Danville,,199460010,,P-1,0.0,35.0,0.023374931069823506
Danville,,199460011,,P-1,0.0,35.0,0.02167340429291183
Danville,,199460007,,P-1,0.0,35.0,0.036311923202453064
Danville,,199460024,,P-1,0.0,35.0,0.728
Danville,,199460021,,P-1,0.0,35.0,0.23
Danville,,200121007,,M-13,8.0,13.0,0.029768954407328223
Danville,,200121006,,M-13,8.0,13.0,0.026089850482257863
Danville,,200121005,,M-13,8.0,13.0,0.02618014126851155
Danville,,200121004,,M-13,8.0,13.0,0.02776578882173505
Danville,,200121011,,M-13,8.0,13.0,0.02695322509189948
Danville,,200121010,,M-13,8.0,13.0,0.023111646788692406
Danville,,200121008,,M-13,8.0,13.0,0.030142859134465627
Danville,,200121009,,M-13,8.0,13.0,0.026336209834275513
Danville,,200122074,,M-13,8.0,13.0,0.02784939608335946
Danville,,200122075,,M-13,8.0,13.0,0.02352406864535623
Danville,,200122076,,M-13,8.0,13.0,0.02502821138229161
Danville,,199410009,,M-13,8.0,13.0,0.028385325113335018
Danville,,199410031,,M-13,8.0,13.0,0.028385325113335018
Danville,,200122071,,M-13,8.0,13.0,0.02751515059201589
Danville,,200122072,,M-13,8.0,13.0,0.025749202204896026
Danville,,200122073,,M-13,8.0,13.0,0.030058338238815853
Danville,,200122069,,M-13,8.0,13.0,0.03055197331025028
Danville,,200122068,,M-13,8.0,13.0,0.026388631275973087
Danville,,200122066,,M-13,8.0,13.0,0.030633160096106515
Danville,,200122038,,M-13,8.0,13.0,0.02883926943347092
Danville,,200122039,,M-13,8.0,13.0,0.024863126522157213
Danville,,200122070,,M-13,8.0,13.0,0.026444805736549008
Danville,,200122040,,M-13,8.0,13.0,0.024986769839857998
Danville,,200122041,,M-13,8.0,13.0,0.02316525843921748
Danville,,200122042,,M-13,8.0,13.0,0.025792873925327878
Danville,,200122033,,M-13,8.0,13.0,0.02701462896496868
Danville,,200122032,,M-13,8.0,13.0,0.028035781184485947
Danville,,200122029,,M-13,8.0,13.0,0.021632344699687053
Danville,,200122028,,M-13,8.0,13.0,0.02564611915330599
Danville,,200122022,,M-13,8.0,13.0,0.02917741958255677
Danville,,200122030,,M-13,8.0,13.0,0.025331028774253226
Danville,,200122031,,M-13,8.0,13.0,0.0290235865418851
Danville,,200122023,,M-13,8.0,13.0,0.02638330555810524
Danville,,200122024,,M-13,8.0,13.0,0.023185159966190607
Danville,,200122025,,M-13,8.0,13.0,0.02433856536592162
Danville,,200122026,,M-13,8.0,13.0,0.027829874633561968
Danville,,200122043,,M-13,8.0,13.0,1.2147524678618034
Danville,,200122067,,M-13,8.0,13.0,0.026923292804556017
Danville,,200122077,,M-13,8.0,13.0,0.8091350686068385
Danville,,200122061,,M-13,8.0,13.0,0.03089648591814597
Danville,,200122060,,M-13,8.0,13.0,0.025157015079365838
Danville,,200122059,,M-13,8.0,13.0,0.026995493218934016
Danville,,200122065,,M-13,8.0,13.0,1.6383240769804273
Danville,,200122058,,M-13,8.0,13.0,0.0283541897984844
Danville,,200122047,,M-13,8.0,13.0,0.030224472111069677
Danville,,200122048,,M-13,8.0,13.0,0.024180727717789206
Danville,,200122049,,M-13,8.0,13.0,0.025766037695191413
Danville,,200122050,,M-13,8.0,13.0,0.028939286192642657
Danville,,200122052,,M-13,8.0,13.0,0.030869463030704564
Danville,,200122053,,M-13,8.0,13.0,0.02608081867968586
Danville,,200122054,,M-13,8.0,13.0,0.026377120252698637
Danville,,200122055,,M-13,8.0,13.0,0.025810805022563988
Danville,,200122056,,M-13,8.0,13.0,0.026364516858059673
Danville,,200122057,,M-13,8.0,13.0,0.030690243059397965
Danville,,200122064,,M-13,8.0,13.0,0.028702751636022466
Danville,,200122063,,M-13,8.0,13.0,0.02540155694204641
Danville,,200122062,,M-13,8.0,13.0,0.02900417309362929
Danville,,200122078,,M-13,8.0,13.0,0.18362009731574866
Danville,,200121002,,M-13,8.0,13.0,0.03223512939473608
Danville,,200121003,,M-13,8.0,13.0,0.035430049233989916
Danville,,200121001,,M-13,8.0,13.0,0.029845295454051485
Danville,,200121012,,M-13,8.0,13.0,2.111896867563861
Danville,,200122051,,M-13,8.0,13.0,1.1104081049040342
Danville,,200152004,,R-20,0.0,2.18,1.14
Danville,,200152007,,P-1 (O-1),0.0,0.0,0.12
Danville,,199460020,,P-1,0.0,35.0,0.196
Danville,,199460001,,P-1,0.0,35.0,0.040961548301095746
Danville,,199460002,,P-1,0.0,35.0,0.040904341528352
Danville,,199460006,,P-1,0.0,35.0,0.038154919707652356
Danville,,199460005,,P-1,0.0,35.0,0.01848049693150917
Danville,,199460004,,P-1,0.0,35.0,0.024957873676047362
Danville,,199460003,,P-1,0.0,35.0,0.01973420646513054
Danville,,199460077,,P-1,0.0,35.0,0.21080219664061553
Danville,,199460074,,P-1,0.0,35.0,0.0326208244582126
Danville,,199460075,,P-1,0.0,35.0,0.03259002243293923
Danville,,199460072,,P-1,0.0,35.0,0.021713160780224304
Danville,,199460073,,P-1,0.0,35.0,0.019675621793752273
Danville,,199460070,,P-1,0.0,35.0,0.018703473490312112
Danville,,199460068,,P-1,0.0,35.0,0.03221991288541139
Danville,,199460069,,P-1,0.0,35.0,0.03220941727271998
Danville,,199460071,,P-1,0.0,35.0,0.021554467105766962
Danville,,199460066,,P-1,0.0,35.0,0.03238590651717835
Danville,,199460067,,P-1,0.0,35.0,0.03234788984441739
Danville,,199460078,,P-1,0.0,35.0,0.21283948862844349
Danville,,199460065,,P-1,0.0,35.0,0.019350557875972417
Danville,,199460064,,P-1,0.0,35.0,0.020527112720611487
Danville,,199460063,,P-1,0.0,35.0,0.022195654874836778
Danville,,199460062,,P-1,0.0,35.0,0.019250113909215414
Danville,,199460060,,P-1,0.0,35.0,0.032487439956333575
Danville,,199460061,,P-1,0.0,35.0,0.03245536308204326
Danville,,199330042,,R-6,0.0,7.26,3.388
Danville,,199330040,,R-6,0.0,7.26,0.661
Danville,,200190024,,DBD4,0.0,25.0,0.214
Danville,,200190020,,M-30,20.0,30.0,0.006
Danville,,200190014,,M-30,20.0,30.0,0.02
Danville,,200162007,,P-1 (O-1),0.0,0.0,4.38
Danville,,200180019,,M-30,20.0,30.0,1.9802823058247498
Danville,,200180004,,R-15,0.0,2.9,0.48586333389053254
Danville,,200161001,,P-1,0.0,35.0,0.59
Danville,,200180001,,R-15,0.0,2.9,0.5603092737963159
Danville,,200180003,,R-15,0.0,2.9,0.5041675980801131
Danville,,200170049,,P-1 (R-6),0.0,7.26,0.1736741956946903
Danville,,200170060,,P-1 (R-6),0.0,7.26,0.023
Danville,,200180002,,R-15,0.0,2.9,0.4950880433308428
Danville,,200170050,,P-1 (R-6),0.0,7.26,0.1134590448385981
Danville,,200170051,,P-1 (R-6),0.0,7.26,0.11779744942226722
Danville,,200161012,,R-15,0.0,2.9,0.37
Danville,,200161011,,P-1,0.0,35.0,0.42
Danville,,200151019,,P-1,0.0,35.0,0.050593025309414716
Danville,,200151020,,P-1,0.0,35.0,0.053437743422514124
Danville,,200151018,,P-1,0.0,35.0,0.051011300656729194
Danville,,200151017,,P-1,0.0,35.0,0.03122212151928239
Danville,,200151016,,P-1,0.0,35.0,0.03404680673737368
Danville,,200151015,,P-1,0.0,35.0,0.05344788164534888
Danville,,200151014,,P-1,0.0,35.0,0.05824088988352135
Danville,,200162004,,P-1 (O-1),0.0,0.0,3.02
Danville,,200161014,,P-1,0.0,35.0,2.12
Danville,,200151013,,P-1,0.0,35.0,0.05371249058401397
Danville,,200151012,,P-1,0.0,35.0,0.05386797371030927
Danville,,200151011,,P-1,0.0,35.0,0.0571975421528497
Danville,,200151010,,P-1,0.0,35.0,0.055722060915746635
Danville,,200152008,,P-1 (O-1),0.0,0.0,6.87
Danville,,200152005,,R-20,0.0,2.18,0.55
Danville,,200151050,,P-1,0.0,35.0,0.235
Danville,,200151046,,P-1,0.0,35.0,0.05016889538633836
Danville,,200270006,,O-1,0.0,0.0,0.6722699474232662
Danville,,200270002,,O-1,0.0,0.0,0.67
Danville,,200270003,,O-1,0.0,0.0,0.67
Danville,,200270007,,O-1,0.0,0.0,0.03733299093591498
Danville,,200270001,,O-1,0.0,0.0,0.040219219805354436
Danville,,200270008,,O-1,0.0,0.0,0.67
Danville,,200151051,,P-1,0.0,35.0,0.252
Danville,,200140016,,O-1,0.0,0.0,1.275198720635639
Danville,,200290001,,O-1,0.0,0.0,1.8974444519693032
Danville,,200290017,,O-1,0.0,0.0,0.03848531942048666
Danville,,200290043,,O-1,0.0,0.0,0.03848531942048666
Danville,,200290004,,O-1,0.0,0.0,0.03084306859018019
Danville,,200290009,,O-1,0.0,0.0,0.037108579119696984
Danville,,200290035,,O-1,0.0,0.0,0.037108579119696984
Danville,,200290010,,O-1,0.0,0.0,0.030843068590180198
Danville,,200290036,,O-1,0.0,0.0,0.030843068590180198
Danville,,200290005,,O-1,0.0,0.0,0.0241194043560002
Danville,,200290037,,O-1,0.0,0.0,0.0241194043560002
Danville,,200290011,,O-1,0.0,0.0,0.02411940435600019
Danville,,200290034,,O-1,0.0,0.0,0.02743553489522219
Danville,,200290013,,O-1,0.0,0.0,0.03222034163776957
Danville,,200290039,,O-1,0.0,0.0,0.03222034163776957
Danville,,200290015,,O-1,0.0,0.0,0.0347906208298812
Danville,,200290041,,O-1,0.0,0.0,0.0347906208298812
Danville,,200290040,,O-1,0.0,0.0,0.05227799893086384
Danville,,200290012,,O-1,0.0,0.0,0.03387264205219488
Danville,,200290020,,O-1,0.0,0.0,0.03671831845274662
Danville,,200140007,,R-15,0.0,2.9,0.33
Danville,,200290042,,O-1,0.0,0.0,0.05434315182796652
Danville,,200290014,,O-1,0.0,0.0,0.028273255588078663
Danville,,200290016,,O-1,0.0,0.0,0.03357437138952464
Danville,,200151036,,P-1,0.0,35.0,0.031136442836246326
Danville,,200151035,,P-1,0.0,35.0,0.05554604758611894
Danville,,200151037,,P-1,0.0,35.0,0.026378786677887702
Danville,,200151038,,P-1,0.0,35.0,0.039995129083740324
Danville,,200290018,,O-1,0.0,0.0,0.02919100878243364
Danville,,200290019,,O-1,0.0,0.0,0.03848532017389916
Danville,,200290044,,O-1,0.0,0.0,0.03848532017389916
Danville,,200151039,,P-1,0.0,35.0,0.04612270029278416
Danville,,200151040,,P-1,0.0,35.0,0.027431606837173342
Danville,,200151042,,P-1,0.0,35.0,0.02737145614796731
Danville,,200151041,,P-1,0.0,35.0,0.023133497146690312
Danville,,200151043,,P-1,0.0,35.0,0.04893386595123227
Danville,,200151044,,P-1,0.0,35.0,0.048426203824024926
Danville,,200151045,,P-1,0.0,35.0,0.04722030853058269
Danville,,200151047,,P-1,0.0,35.0,0.052037081232581155
Danville,,200151048,,P-1,0.0,35.0,0.051218469716176385
Danville,,200151021,,P-1,0.0,35.0,0.0581054286978143
Danville,,200151022,,P-1,0.0,35.0,0.03451173137810412
Danville,,200151023,,P-1,0.0,35.0,0.034503257959834395
Danville,,200151024,,P-1,0.0,35.0,0.05080361253938417
Danville,,200151025,,P-1,0.0,35.0,0.05171696086869486
Danville,,200151027,,P-1,0.0,35.0,0.03317886963960495
Danville,,200151026,,P-1,0.0,35.0,0.03317869749790153
Danville,,200151029,,P-1,0.0,35.0,0.031118969172242883
Danville,,200151028,,P-1,0.0,35.0,0.029195382484657834
Danville,,200151030,,P-1,0.0,35.0,0.07161770150487462
Danville,,200151031,,P-1,0.0,35.0,0.055545141197793246
Danville,,200151033,,P-1,0.0,35.0,0.05923149213139083
Danville,,200151032,,P-1,0.0,35.0,0.0555467100303441
Danville,,200151034,,P-1,0.0,35.0,0.059231853300410336
Danville,,200140006,,R-15,0.0,2.9,0.33
Danville,,200140008,,R-15,0.0,2.9,0.33
Danville,,200170003,,R-15,0.0,2.9,0.33
Danville,,200161013,,R-15,0.0,2.9,0.39484303031058865
Danville,,200170008,,R-15,0.0,2.9,0.44
Danville,,200170013,,R-15,0.0,2.9,0.32
Danville,,200170009,,R-15,0.0,2.9,0.44
Danville,,200170010,,R-15,0.0,2.9,0.5
Danville,,200170015,,R-15,0.0,2.9,0.33
Danville,,200170016,,R-15,0.0,2.9,0.3
Danville,,200170002,,R-15,0.0,2.9,0.33
Danville,,200290033,,R-15,0.0,2.9,0.029490902204478333
Danville,,200290031,,R-15,0.0,2.9,0.027147975882417054
Danville,,200290032,,R-15,0.0,2.9,0.037938250423381295
Danville,,200290030,,R-15,0.0,2.9,0.03662955951423541
Danville,,200290006,,R-15,0.0,2.9,0.04282271382184027
Danville,,200290007,,R-15,0.0,2.9,0.04617791202661665
Danville,,200140013,,R-15,0.0,2.9,0.28
Danville,,200170001,,R-15,0.0,2.9,0.34
Danville,,196190038,,P-1 (R-12),0.0,3.63,0.404
Danville,,200290051,,O-1,0.0,0.0,0.020447600278298755
Danville,,200290027,,O-1,0.0,0.0,0.031921851080121216
Danville,,200290050,,O-1,0.0,0.0,0.031921851080121216
Danville,,200290026,,O-1,0.0,0.0,0.031049813352462093
Danville,,200290029,,R-15,0.0,2.9,0.02988168345463134
Danville,,200140009,,R-15,0.0,2.9,0.33
Danville,,200290022,,O-1,0.0,0.0,0.03600695874941717
Danville,,200290046,,O-1,0.0,0.0,0.021709554454071148
Danville,,200290038,,O-1,0.0,0.0,0.06666666036463759
Danville,,200290047,,O-1,0.0,0.0,0.02329316494620979
Danville,,200290021,,O-1,0.0,0.0,0.02230640601274997
Danville,,200290045,,O-1,0.0,0.0,0.02230640601274997
Danville,,200290024,,O-1,0.0,0.0,0.021204776460857517
Danville,,200290049,,O-1,0.0,0.0,0.031049813352462093
Danville,,200290023,,O-1,0.0,0.0,0.023293164946209793
Danville,,200290028,,O-1,0.0,0.0,0.02044760027829876
Danville,,200290025,,O-1,0.0,0.0,0.03848543167801518
Danville,,200290048,,O-1,0.0,0.0,0.03848543167801518
Danville,,200290002,,O-1,0.0,0.0,0.027435534895222182
Danville,,200290008,,O-1,0.0,0.0,0.02743553489522219
Danville,,200290003,,O-1,0.0,0.0,0.037108579119696984
Danville,,196522001,,P-1 (R-10),0.0,4.36,0.32
Danville,,196521001,,P-1 (R-10),0.0,4.36,0.310945517704188
Danville,,196180017,,R-15,0.0,2.9,0.629710427457633
Danville,,196180016,,R-15,0.0,2.9,0.475387251278256
Danville,,196521016,,P-1 (R-10),0.0,4.36,0.31068956405872944
Danville,,196180013,,R-15,0.0,2.9,0.39
Danville,,196180012,,R-15,0.0,2.9,0.39
Danville,,196172001,,R-15,0.0,2.9,0.3475461937852835
Danville,,196521042,,P-1,0.0,35.0,1.44
Danville,,200040012,,O-1,0.0,0.0,3.166
Danville,,200040014,,R-15,0.0,2.9,0.6228036783732881
Danville,,200040015,,R-15,0.0,2.9,0.4543779564817407
Danville,,200030037,,R-65,0.0,0.67,0.94
Danville,,200040018,,R-15,0.0,2.9,0.3832226433772347
Danville,,200040016,,R-15,0.0,2.9,0.4563209952651758
Danville,,200040019,,R-15,0.0,2.9,0.48363247541508514
Danville,,200131006,,P-1,0.0,35.0,1.509
Danville,,200151053,,P-1,0.0,35.0,3.306
Danville,,200132001,,R-20,0.0,2.18,0.5143568293031701
Danville,,200132002,,R-20,0.0,2.18,0.5272958616824857
Danville,,200132007,,R-20,0.0,2.18,0.5178301549437495
Danville,,200132006,,R-20,0.0,2.18,0.504502931875551
Danville,,200051008,,R-20,0.0,2.18,0.6371343315431994
Danville,,200052004,,P-1,0.0,35.0,0.741
Danville,,200260010,,P-1,0.0,35.0,0.581
Danville,,200260007,,P-1,0.0,35.0,0.03243187085783123
Danville,,200260002,,P-1,0.0,35.0,0.020351284296867105
Danville,,200260003,,P-1,0.0,35.0,0.019863100774382525
Danville,,200260004,,P-1,0.0,35.0,0.0186315638246331
Danville,,200260009,,P-1,0.0,35.0,0.07352183869808573
Danville,,200040013,,R-15,0.0,2.9,0.24
Danville,,200030030,,R-40,0.0,1.09,0.89
Danville,,200040020,,R-15,0.0,2.9,0.181
Danville,,200040021,,R-15,0.0,2.9,0.264
Danville,,200030035,,R-65,0.0,0.67,0.17
Danville,,200030029,,R-40,0.0,1.09,0.9
Danville,,200030031,,R-65,0.0,0.67,1.83
Danville,,200030010,,R-65,0.0,0.67,1.048
Danville,,200020059,,R-65,0.0,0.67,0.825
Danville,,200020058,,R-65,0.0,0.67,0.926
Danville,,200020031,,R-65,0.0,0.67,1.526032483936382
Danville,,200020057,,P-1 (R-100,0.0,0.44,0.872
Danville,,200020056,,P-1 (R-100,0.0,0.44,0.955
Danville,,200020049,,P-1 (R-100,0.0,0.44,1.27771831123903
Danville,,200020044,,P-1 (R-100,0.0,0.44,1.80397833501085
Danville,,200060020,,R-20,0.0,2.18,1.33
Danville,,200060022,,R-20,0.0,2.18,0.4
Danville,,200060016,,R-20,0.0,2.18,0.42878741006204774
Danville,,200060015,,R-20,0.0,2.18,0.43183933292743915
Danville,,200060014,,R-20,0.0,2.18,0.437961816700316
Danville,,200060013,,R-20,0.0,2.18,0.4522984848110131
Danville,,200060021,,R-20,0.0,2.18,0.39
Danville,,200051027,,R-20,0.0,2.18,0.221
Danville,,200051018,,R-20,0.0,2.18,0.37
Danville,,200051019,,R-20,0.0,2.18,0.92
Danville,,200051001,,R-20,0.0,2.18,1.15
Danville,,200051020,,R-20,0.0,2.18,0.42
Danville,,200051026,,R-20,0.0,2.18,0.26
Danville,,200051009,,R-20,0.0,2.18,1.08
Danville,,200051016,,R-20,0.0,2.18,0.47
Danville,,200051025,,R-20,0.0,2.18,0.843
Danville,,200132005,,R-20,0.0,2.18,0.4904538379609366
Danville,,200132003,,R-20,0.0,2.18,1.0931455366049756
Danville,,200132004,,R-20,0.0,2.18,1.9009566032908913
Danville,,200051024,,R-20,0.0,2.18,0.859
Danville,,200122015,,M-13,8.0,13.0,1.803912505691587
Danville,,200122001,,M-13,8.0,13.0,0.027849776230127472
Danville,,200110006,,R-20,0.0,2.18,0.4940571062777131
Danville,,200122003,,M-13,8.0,13.0,0.028532441976041368
Danville,,200122004,,M-13,8.0,13.0,0.02995839102586064
Danville,,200122002,,M-13,8.0,13.0,0.025898688827636785
Danville,,200122009,,M-13,8.0,13.0,0.027154718269377952
Danville,,200122010,,M-13,8.0,13.0,0.02978534860360733
Danville,,200122046,,M-13,8.0,13.0,0.02293126739896084
Danville,,200122044,,M-13,8.0,13.0,0.031400632788731384
Danville,,200122045,,M-13,8.0,13.0,0.025590172308290828
Danville,,200122012,,M-13,8.0,13.0,0.025991900911785312
Danville,,200122013,,M-13,8.0,13.0,0.025766136921245547
Danville,,200122014,,M-13,8.0,13.0,0.024334697253783316
Danville,,200122027,,M-13,8.0,13.0,0.9868968263030803
Danville,,200122011,,M-13,8.0,13.0,0.0237530869534241
Danville,,200122005,,M-13,8.0,13.0,0.025151839083529665
Danville,,200122006,,M-13,8.0,13.0,0.02223613599022134
Danville,,200122007,,M-13,8.0,13.0,0.024835396869913515
Danville,,200122008,,M-13,8.0,13.0,0.02888954646618821
Danville,,200110005,,R-20,0.0,2.18,0.4892167933917309
Danville,,200110004,,R-20,0.0,2.18,0.4939399398468891
Danville,,200122016,,M-13,8.0,13.0,0.02566830079994051
Danville,,200122018,,M-13,8.0,13.0,0.026910509757977936
Danville,,200122017,,M-13,8.0,13.0,0.02234917465057525
Danville,,200122019,,M-13,8.0,13.0,0.03009482617931253
Danville,,200122021,,M-13,8.0,13.0,0.02444147117770455
Danville,,200122020,,M-13,8.0,13.0,0.02423761549284341
Danville,,200110003,,R-20,0.0,2.18,0.49939500596994857
Danville,,200110010,,R-20,0.0,2.18,0.49834781381401666
Danville,,200110009,,R-20,0.0,2.18,0.5036383552231326
Danville,,200110007,,R-20,0.0,2.18,0.97
Danville,,200051017,,R-20,0.0,2.18,0.91
Danville,,200060011,,R-20,0.0,2.18,0.71
Danville,,200110008,,R-20,0.0,2.18,1.17
Danville,,200060012,,R-20,0.0,2.18,0.5186567570546915
Danville,,200110016,,P-1,0.0,35.0,0.79
Danville,,200060010,,R-20,0.0,2.18,0.7486877029541479
Danville,,200100025,,R-20,0.0,2.18,0.77
Danville,,200100024,,R-20,0.0,2.18,0.874
Danville,,200110011,,R-20,0.0,2.18,0.5243231818416697
Danville,,200110013,,R-20,0.0,2.18,0.5002280075306134
Danville,,200110012,,R-20,0.0,2.18,0.5063325824888243
Danville,,200110002,,R-20,0.0,2.18,0.5311805623840657
Danville,,200110014,,R-20,0.0,2.18,0.4833408098865136
Danville,,201183030,,R-10,0.0,4.36,0.3181195304392009
Danville,,200110015,,R-20,0.0,2.18,0.481989047865066
Danville,,201183031,,R-10,0.0,4.36,0.3168458336782029
Danville,,201183007,,R-10,0.0,4.36,0.27496129247941137
Danville,,201183033,,R-10,0.0,4.36,0.26767540619071095
Danville,,201183034,,R-10,0.0,4.36,0.29572980512903496
Danville,,201183011,,R-10,0.0,4.36,0.26898398202436835
Danville,,201183012,,R-10,0.0,4.36,0.2411755276014574
Danville,,201183013,,R-10,0.0,4.36,0.2206368111155889
Danville,,201183036,,R-10,0.0,4.36,0.23201277988089158
Danville,,201183035,,R-10,0.0,4.36,0.2552726878700276
Danville,,201183038,,R-10,0.0,4.36,0.28177578341125503
Danville,,201183039,,R-10,0.0,4.36,0.22935589493843497
Danville,,200100004,,R-20,0.0,2.18,0.6986217232006992
Danville,,200100003,,R-20,0.0,2.18,0.687133204291472
Danville,,200100005,,R-20,0.0,2.18,0.7905851241903874
Danville,,200100006,,R-20,0.0,2.18,0.63
Danville,,200100019,,R-20,0.0,2.18,0.03295868522741134
Danville,,200100008,,R-20,0.0,2.18,0.5807315115529991
Danville,,200100026,,R-20,0.0,2.18,0.478
Danville,,200100009,,R-20,0.0,2.18,0.6954879455164432
Danville,,200100027,,R-20,0.0,2.18,0.493
Danville,,200100020,,R-20,0.0,2.18,1.92
Danville,,200100028,,R-20,0.0,2.18,0.539
Danville,,200060008,,R-20,0.0,2.18,0.7334554773357294
Danville,,200060009,,R-20,0.0,2.18,1.1742667486471514
Danville,,200060007,,R-20,0.0,2.18,0.4456192975280378
Danville,,200060005,,R-20,0.0,2.18,0.3746308333851409
Danville,,200281006,,P-1 (R-10),0.0,4.36,0.22958260491810398
Danville,,200281007,,P-1 (R-10),0.0,4.36,0.22958534792267296
Danville,,200060006,,R-20,0.0,2.18,0.3802136518571203
Danville,,200281008,,P-1 (R-10),0.0,4.36,0.22977495517128527
Danville,,200281009,,P-1 (R-10),0.0,4.36,0.3071906838027011
Danville,,200281021,,P-1 (R-7),0.0,6.22,0.17746003226028134
Danville,,200281022,,P-1 (R-7),0.0,6.22,0.17277312809105788
Danville,,200281023,,P-1 (R-7),0.0,6.22,0.15150500517112037
Danville,,200281024,,P-1 (R-7),0.0,6.22,0.1515077116662542
Danville,,200281019,,P-1 (R-7),0.0,6.22,0.1815908372657316
Danville,,200281018,,P-1 (R-7),0.0,6.22,0.20205848531730888
Danville,,200281017,,P-1 (R-7),0.0,6.22,0.1763077630754001
Danville,,200281016,,P-1 (R-7),0.0,6.22,0.1951407595758098
Danville,,200281020,,P-1 (R-7),0.0,6.22,0.17192718023018488
Danville,,200281015,,P-1 (R-7),0.0,6.22,0.18364566553696518
Danville,,200281042,,P-1 (R-7),0.0,6.22,0.22
Danville,,200281012,,P-1 (R-7),0.0,6.22,0.17810408436688155
Danville,,200281013,,P-1 (R-7),0.0,6.22,0.19512090486677497
Danville,,200281014,,P-1 (R-7),0.0,6.22,0.20431879660618896
Danville,,200281011,,P-1 (R-7),0.0,6.22,0.1805611311479548
Danville,,200281010,,P-1 (R-7),0.0,6.22,0.16926328404741128
Danville,,200281044,,R-20,0.0,2.18,1.1707764134119683
Danville,,200281043,,R-20,0.0,2.18,0.20547381854305755
Danville,,200100023,,P-1,0.0,35.0,1.26
Danville,,200281041,,P-1 (R-7),0.0,6.22,0.11
Danville,,200281029,,P-1 (R-7),0.0,6.22,0.1639470683498243
Danville,,200281030,,P-1 (R-7),0.0,6.22,0.14390262355177993
Danville,,200282002,,P-1 (R-20),0.0,2.18,0.25658365059966914
Danville,,200282003,,P-1 (R-20),0.0,2.18,0.2560064336108792
Danville,,200281031,,P-1 (R-7),0.0,6.22,0.14840212407224979
Danville,,200281032,,P-1 (R-7),0.0,6.22,0.16341396443604003
Danville,,200281033,,P-1 (R-7),0.0,6.22,0.1703032271664806
Danville,,200281034,,P-1 (R-7),0.0,6.22,0.17998437322516603
Danville,,200282004,,P-1 (R-20),0.0,2.18,0.25058843356907395
Danville,,200282001,,P-1 (R-20),0.0,2.18,0.25891662769194934
Danville,,200281001,,P-1 (R-7),0.0,6.22,0.21457327502747625
Danville,,200281040,,P-1 (R-7),0.0,6.22,0.33284304669537
Danville,,200070006,,P-1 (R-7),0.0,6.22,4.82
Danville,,200281052,,P-1 (R-10),0.0,4.36,0.26983655876708046
Danville,,200281051,,P-1 (R-7),0.0,6.22,0.15226050226193147
Danville,,200281050,,P-1 (R-7),0.0,6.22,0.16011669910553097
Danville,,200281049,,P-1 (R-7),0.0,6.22,0.16133094988686328
Danville,,200281039,,P-1 (R-7),0.0,6.22,0.18368480441981877
Danville,,200281002,,P-1 (R-7),0.0,6.22,0.1710393638819578
Danville,,200281003,,P-1 (R-7),0.0,6.22,0.15057354477074517
Danville,,200281027,,P-1 (R-7),0.0,6.22,0.1441004233258629
Danville,,200281028,,P-1 (R-7),0.0,6.22,0.19875411213258434
Danville,,200281048,,P-1 (R-7),0.0,6.22,0.15361554872043562
Danville,,200281047,,P-1 (R-7),0.0,6.22,0.1637679309166127
Danville,,200281026,,P-1 (R-7),0.0,6.22,0.16260085217511128
Danville,,200281025,,P-1 (R-7),0.0,6.22,0.1549379719456249
Danville,,200281054,,P-1 (R-10),0.0,4.36,0.23451895710316295
Danville,,200281053,,P-1 (R-10),0.0,4.36,0.24281984991864972
Danville,,200281055,,P-1 (R-10),0.0,4.36,0.22958337477859908
Danville,,200281005,,P-1 (R-10),0.0,4.36,0.2295861076044458
Danville,,200060004,,R-20,0.0,2.18,0.3774779150515056
Danville,,200060003,,R-20,0.0,2.18,0.37660469520516093
Danville,,200060002,,R-20,0.0,2.18,0.37525490827466557
Danville,,200060001,,R-20,0.0,2.18,0.49914617353353546
Danville,,200060017,,R-20,0.0,2.18,0.49932405196149915
Danville,,200020033,,P-1 (R-100,0.0,0.44,1.257
Danville,,200020048,,P-1 (R-100,0.0,0.44,1.3457195844911707
Danville,,200020034,,P-1 (R-100,0.0,0.44,1.2846873327442647
Danville,,200020061,,P-1 (R-100,0.0,0.44,1.103
Danville,,200020032,,P-1 (R-100,0.0,0.44,1.484
Danville,,200020060,,P-1 (R-100,0.0,0.44,0.752
Danville,,200020010,,R-65,0.0,0.67,1.634
Danville,,200020053,,R-65,0.0,0.67,1.49
Danville,,200020042,,P-1 (R-100,0.0,0.44,1.7083532765582485
Danville,,200020051,,R-65,0.0,0.67,1.27
Danville,,200020055,,R-40,0.0,1.09,0.95
Danville,,200020052,,R-65,0.0,0.67,1.49
Danville,,197100028,,R-40,0.0,1.09,0.95
Danville,,197490006,,P-1,0.0,35.0,0.021993139618889775
Danville,,197490010,,P-1,0.0,35.0,0.52
Danville,,197490002,,P-1,0.0,35.0,0.02309508539823114
Danville,,197490007,,P-1,0.0,35.0,0.019306976395659634
Danville,,197490009,,P-1,0.0,35.0,0.018411234625763415
Danville,,197490005,,P-1,0.0,35.0,0.02114218262648782
Danville,,197490003,,P-1,0.0,35.0,0.023852521026187894
Danville,,197490008,,P-1,0.0,35.0,0.02199289775327083
Danville,,197490001,,P-1,0.0,35.0,0.02309466015599453
Danville,,197490004,,P-1,0.0,35.0,0.02199294318861501
Danville,,200080027,,R-20,0.0,2.18,0.649
Danville,,197100039,,R-20,0.0,2.18,0.45947083722211274
Danville,,197100051,,R-40,0.0,1.09,1.481
Danville,,197100031,,R-40,0.0,1.09,1.076
Danville,,197100032,,R-40,0.0,1.09,0.918
Danville,,197100054,,R-100,0.0,0.44,1.373
Danville,,197100055,,R-100,0.0,0.44,3.373
Danville,,197100050,,R-40,0.0,1.09,1.036
Danville,,197100049,,R-40,0.0,1.09,1.656
Danville,,197100052,,R-100,0.0,0.44,5.049
Danville,,197100019,,R-100,0.0,0.44,0.66
Danville,,197110042,,R-20,0.0,2.18,0.48
Danville,,197110043,,R-20,0.0,2.18,0.555
Danville,,197110020,,R-20,0.0,2.18,0.48409366109673796
Danville,,197110038,,R-20,0.0,2.18,0.28
Danville,,197110037,,R-20,0.0,2.18,0.547
Danville,,197100045,,R-20,0.0,2.18,0.59
Danville,,197100047,,R-20,0.0,2.18,0.51
Danville,,197100046,,R-20,0.0,2.18,0.44
Danville,,200080006,,R-20,0.0,2.18,0.35
Danville,,197100038,,R-20,0.0,2.18,0.45951148797340263
Danville,,200080015,,R-20,0.0,2.18,0.5578961729184824
Danville,,200080028,,R-20,0.0,2.18,0.494
Danville,,200080029,,R-20,0.0,2.18,0.871
Danville,,200080016,,R-20,0.0,2.18,0.6855985795003624
Danville,,200080017,,R-20,0.0,2.18,0.5982486119346591
Danville,,200080005,,R-20,0.0,2.18,0.35
Danville,,200080004,,R-20,0.0,2.18,0.35
Danville,,200080025,,P-1 (R-15),0.0,2.9,0.413
Danville,,200080024,,P-1 (R-15),0.0,2.9,0.433
Danville,,200080023,,R-12,0.0,3.63,0.593
Danville,,200080022,,R-12,0.0,3.63,0.635
Danville,,200080021,,R-12,0.0,3.63,0.742
Danville,,200090019,,R-20,0.0,2.18,0.6176372929081222
Danville,,200090018,,R-20,0.0,2.18,0.7043315476718878
Danville,,197210008,,R-20,0.0,2.18,2.28
Danville,,200080003,,R-20,0.0,2.18,0.35
Danville,,197110022,,R-20,0.0,2.18,0.5189055745414811
Danville,,197110021,,R-20,0.0,2.18,0.5300569497768914
Danville,,197110044,,R-20,0.0,2.18,0.64
Danville,,197210003,,R-20,0.0,2.18,0.96
Danville,,197110041,,R-20,0.0,2.18,0.839
Danville,,197110039,,R-20,0.0,2.18,0.53
Danville,,197110018,,R-20,0.0,2.18,0.52
Danville,,197210002,,R-20,0.0,2.18,0.655
Danville,,197210004,,R-20,0.0,2.18,1.051
Danville,,197210009,,R-20,0.0,2.18,0.21
Danville,,197090001,,R-20,0.0,2.18,0.3
Danville,,200090020,,R-20,0.0,2.18,0.4840902326012115
Danville,,197090002,,R-20,0.0,2.18,0.7
Danville,,201160055,,R-20,0.0,2.18,0.486
Danville,,201160052,,R-20,0.0,2.18,0.48362099964776334
Danville,,201160053,,R-20,0.0,2.18,0.517609204855127
Danville,,200090010,,R-20,0.0,2.18,0.44737281686715424
Danville,,200090011,,R-20,0.0,2.18,0.43247194799574484
Danville,,200090012,,R-20,0.0,2.18,0.44696665115931594
Danville,,200090013,,R-20,0.0,2.18,0.4760190508830576
Danville,,201160028,,R-15,0.0,2.9,0.4024340506296303
Danville,,201160044,,R-20,0.0,2.18,0.3980870897612236
Danville,,201160045,,R-20,0.0,2.18,0.40846319815519666
Danville,,201160027,,R-15,0.0,2.9,0.3603287375734645
Danville,,201160026,,R-15,0.0,2.9,0.3483772029813272
Danville,,201160029,,R-15,0.0,2.9,0.34340822805678517
Danville,,201160039,,R-15,0.0,2.9,0.347469791792133
Danville,,201160032,,R-15,0.0,2.9,0.37285289906411173
Danville,,201160040,,R-15,0.0,2.9,0.41890325696274827
Danville,,200090003,,R-20,0.0,2.18,2.143
Danville,,200090002,,R-20,0.0,2.18,1.0
Danville,,200090015,,R-20,0.0,2.18,0.4674367613734487
Danville,,200090014,,R-20,0.0,2.18,0.4374383987583935
Danville,,200090017,,R-20,0.0,2.18,0.6901183321040619
Danville,,200090024,,R-20,0.0,2.18,3.19
Danville,,200090016,,R-20,0.0,2.18,0.6723786383981795
Danville,,200080030,,R-20,0.0,2.18,0.824
Danville,,200080018,,R-20,0.0,2.18,0.9952950193093144
Danville,,200080031,,R-20,0.0,2.18,0.847
Danville,,200281038,,P-1 (R-7),0.0,6.22,0.21976857836746164
Danville,,200281037,,P-1 (R-7),0.0,6.22,0.2151380939816486
Danville,,200281036,,P-1 (R-7),0.0,6.22,0.19082161404915368
Danville,,200281035,,P-1 (R-7),0.0,6.22,0.1773040778422993
Danville,,200281046,,R-20,0.0,2.18,6.23
Danville,,200281045,,P-1 (R-7),0.0,6.22,1.437901102009498
Danville,,200090028,,R-20,0.0,2.18,0.75
Danville,,200100022,,P-1,0.0,35.0,0.15
Danville,,200090026,,R-20,0.0,2.18,1.0
Danville,,200090027,,R-20,0.0,2.18,0.75
Danville,,200090006,,R-20,0.0,2.18,0.626
Danville,,200090005,,R-20,0.0,2.18,0.034
Danville,,200090008,,R-20,0.0,2.18,0.46698102539421066
Danville,,201160016,,R-15,0.0,2.9,0.3451014669002742
Danville,,201160015,,R-15,0.0,2.9,0.3441361678378151
Danville,,201160008,,P-1 (R-15),0.0,2.9,0.03
Danville,,201160037,,P-1 (R-15),0.0,2.9,0.35
Danville,,201171015,,R-10,0.0,4.36,0.2971833048821583
Danville,,201160038,,P-1 (R-15),0.0,2.9,0.38
Danville,,201171016,,R-10,0.0,4.36,0.3131828939553038
Danville,,201171013,,R-10,0.0,4.36,0.2966664605001325
Danville,,201171014,,R-10,0.0,4.36,0.36695003527118586
Danville,,200100013,,R-20,0.0,2.18,0.57
Danville,,200100011,,R-20,0.0,2.18,0.69
Danville,,200100012,,R-20,0.0,2.18,0.69
Danville,,200100010,,R-20,0.0,2.18,0.75
Danville,,201171005,,R-10,0.0,4.36,0.32058335935508525
Danville,,201171006,,R-10,0.0,4.36,0.35588679489410685
Danville,,201171007,,R-10,0.0,4.36,0.3306375879089779
Danville,,201171003,,R-10,0.0,4.36,0.3019640217177209
Danville,,201171004,,R-10,0.0,4.36,0.2986541665866724
Danville,,201181015,,R-10,0.0,4.36,0.42485878029034174
Danville,,201181016,,R-10,0.0,4.36,0.31068699577715636
Danville,,201181017,,R-10,0.0,4.36,0.38551369662317836
Danville,,201181018,,R-10,0.0,4.36,0.5445728591170284
Danville,,201181020,,R-10,0.0,4.36,0.3722491569806167
Danville,,201181019,,R-10,0.0,4.36,0.4589900622241738
Danville,,201181011,,R-10,0.0,4.36,0.3067398179139676
Danville,,201181010,,R-10,0.0,4.36,0.30705456705631834
Danville,,201171001,,R-10,0.0,4.36,0.30873769679257507
Danville,,201181012,,R-10,0.0,4.36,0.3078125851724235
Danville,,201171002,,R-10,0.0,4.36,0.33482866781438286
Danville,,201171008,,R-10,0.0,4.36,0.3425450852733579
Danville,,201171009,,R-10,0.0,4.36,0.3088047792983658
Danville,,201172004,,R-10,0.0,4.36,0.3237997823103976
Danville,,201172005,,R-10,0.0,4.36,0.328340913624846
Danville,,201172006,,R-10,0.0,4.36,0.3235692476718843
Danville,,201182001,,R-10,0.0,4.36,0.32857749597765606
Danville,,201201004,,R-20,0.0,2.18,0.49004117453827284
Danville,,201201006,,R-20,0.0,2.18,0.4848965340434519
Danville,,201201005,,R-20,0.0,2.18,0.4888381721644474
Danville,,201172002,,R-10,0.0,4.36,0.32885430555362294
Danville,,201172003,,R-10,0.0,4.36,0.32615503746389946
Danville,,201171011,,R-10,0.0,4.36,0.3076921934693135
Danville,,201171010,,R-10,0.0,4.36,0.3075267953892008
Danville,,201171012,,R-10,0.0,4.36,0.2912112782750029
Danville,,201171017,,R-10,0.0,4.36,0.33801550300175753
Danville,,201171018,,R-10,0.0,4.36,0.35910738939600545
Danville,,201172001,,R-10,0.0,4.36,0.34678394235335974
Danville,,201160035,,P-1 (R-15),0.0,2.9,0.49
Danville,,201160036,,P-1 (R-15),0.0,2.9,0.51
Danville,,201160014,,R-15,0.0,2.9,0.3436341638221312
Danville,,201160013,,R-15,0.0,2.9,0.36726837943407303
Danville,,201160010,,R-15,0.0,2.9,0.54
Danville,,201154001,,R-20,0.0,2.18,0.5129326301299422
Danville,,201152011,,R-20,0.0,2.18,0.5330744623997955
Danville,,201153001,,R-20,0.0,2.18,0.7395827989170954
Danville,,201201010,,R-20,0.0,2.18,0.5718172030218989
Danville,,201201007,,R-20,0.0,2.18,0.48429772505612445
Danville,,201202004,,R-20,0.0,2.18,0.49628875063399924
Danville,,201202003,,R-20,0.0,2.18,0.49602651066753173
Danville,,201202002,,R-20,0.0,2.18,0.495908696891618
Danville,,201152008,,R-20,0.0,2.18,0.33
Danville,,201202011,,R-20,0.0,2.18,0.5823522956973695
Danville,,201152012,,R-20,0.0,2.18,0.5102943644838732
Danville,,201152003,,R-20,0.0,2.18,0.49713689002072753
Danville,,201152013,,R-20,0.0,2.18,0.010990198597938802
Danville,,201152009,,R-20,0.0,2.18,0.39
Danville,,201152007,,R-20,0.0,2.18,0.32
Danville,,201152006,,R-20,0.0,2.18,0.57
Danville,,201152004,,R-20,0.0,2.18,0.4963528355223419
Danville,,201131015,,R-20,0.0,2.18,0.49484920334142213
Danville,,201132001,,R-20,0.0,2.18,0.5012550047477295
Danville,,201151001,,R-20,0.0,2.18,0.49866082163226944
Danville,,201151008,,R-20,0.0,2.18,0.5027363609633394
Danville,,201151007,,R-20,0.0,2.18,0.5029322910003943
Danville,,201151006,,R-20,0.0,2.18,0.49965278045521383
Danville,,201151003,,R-20,0.0,2.18,0.5200968717119506
Danville,,201151002,,R-20,0.0,2.18,0.5096807371460315
Danville,,201141006,,R-20,0.0,2.18,0.5150467014610358
Danville,,201141005,,R-20,0.0,2.18,0.49899377475162704
Danville,,201141003,,R-20,0.0,2.18,0.5519453273777796
Danville,,201141004,,R-20,0.0,2.18,0.5036136941119191
Danville,,201142001,,R-20,0.0,2.18,0.5190720145289219
Danville,,201151004,,R-20,0.0,2.18,0.5553304417779672
Danville,,201151005,,R-20,0.0,2.18,0.5062842652647185
Danville,,201154002,,R-20,0.0,2.18,0.52088661213085
Danville,,201154003,,R-20,0.0,2.18,0.518579134326862
Danville,,201160020,,R-15,0.0,2.9,0.3505709574314157
Danville,,201160019,,R-15,0.0,2.9,0.347937681894593
Danville,,201160034,,R-15,0.0,2.9,0.35171762443812127
Danville,,201160033,,R-15,0.0,2.9,0.3489111183701678
Danville,,201160025,,R-15,0.0,2.9,0.3523165678133624
Danville,,201160021,,R-15,0.0,2.9,0.34919401144775225
Danville,,201160023,,R-15,0.0,2.9,0.4122040769383446
Danville,,201160024,,R-15,0.0,2.9,0.3606256437829244
Danville,,201160046,,R-20,0.0,2.18,0.40558253093643093
Danville,,201160047,,R-20,0.0,2.18,0.434
Danville,,201160022,,R-15,0.0,2.9,0.381055370121436
Danville,,201142002,,R-20,0.0,2.18,0.5191100322396016
Danville,,201142003,,R-20,0.0,2.18,0.5225607725410935
Danville,,201141002,,R-20,0.0,2.18,0.6066291588391001
Danville,,201142004,,R-20,0.0,2.18,0.6189708815623876
Danville,,20114Cxxx,,R-20,0.0,2.18,0.09673070396384645
Danville,,201160048,,R-20,0.0,2.18,0.41868841007111
Danville,,201160049,,R-20,0.0,2.18,0.549
Danville,,201160056,,R-20,0.0,2.18,0.446
Danville,,20114Cxxx,,R-20,0.0,2.18,0.09673070396384645
Danville,,201141008,,R-20,0.0,2.18,0.7305143774566034
Danville,,201141015,,R-20,0.0,2.18,0.5539747114979996
Danville,,201141014,,R-20,0.0,2.18,0.8334649789608596
Danville,,201141009,,R-20,0.0,2.18,0.5878668003448712
Danville,,201141007,,R-20,0.0,2.18,0.5215827331152186
Danville,,201141010,,R-20,0.0,2.18,0.563968091655438
Danville,,201141011,,R-20,0.0,2.18,0.5207763810495857
Danville,,201141012,,R-20,0.0,2.18,0.5012916327529651
Danville,,201141013,,R-20,0.0,2.18,0.5306184269373534
Danville,,201132009,,R-20,0.0,2.18,0.5004560563073878
Danville,,201132008,,R-20,0.0,2.18,0.5009988687346407
Danville,,201132002,,R-20,0.0,2.18,0.49873512172345663
Danville,,201132003,,R-20,0.0,2.18,0.5003634084324119
Danville,,201132004,,R-20,0.0,2.18,0.49822236595246316
Danville,,201132007,,R-20,0.0,2.18,0.5038254976283485
Danville,,201132006,,R-20,0.0,2.18,0.57153692613928
Danville,,201141016,,R-20,0.0,2.18,0.5925909057425319
Danville,,201141017,,R-20,0.0,2.18,0.5576049743058669
Danville,,201131001,,R-20,0.0,2.18,0.5975236884517806
Danville,,201131002,,R-20,0.0,2.18,0.5054621555075205
Danville,,201110014,,R-20,0.0,2.18,1.4152813475889763
Danville,,201110017,,R-20,0.0,2.18,1.2297342400151705
Danville,,201110013,,R-20,0.0,2.18,1.3
Danville,,201110008,,R-20,0.0,2.18,0.51
Danville,,201110002,,R-20,0.0,2.18,0.96
Danville,,201110007,,R-20,0.0,2.18,0.65
Danville,,201110006,,R-20,0.0,2.18,0.53
Danville,,201110005,,R-20,0.0,2.18,0.62
Danville,,201110010,,R-20,0.0,2.18,0.7031344414989539
Danville,,201110011,,R-20,0.0,2.18,1.2386822399175879
Danville,,201110009,,R-20,0.0,2.18,0.5903030329175363
Danville,,201110012,,R-20,0.0,2.18,0.9769588309853822
Danville,,201120004,,R-20,0.0,2.18,1.104
Danville,,201120018,,R-40,0.0,1.09,1.3
Danville,,201120021,,R-40,0.0,1.09,1.547410730270226
Danville,,201120007,,R-20,0.0,2.18,0.614
Danville,,201131026,,R-20,0.0,2.18,0.58
Danville,,201131007,,R-20,0.0,2.18,0.8698322993649145
Danville,,201131006,,R-20,0.0,2.18,0.6856160718726665
Danville,,201131025,,R-20,0.0,2.18,0.17
Danville,,201120006,,R-20,0.0,2.18,0.51
Danville,,201131005,,R-20,0.0,2.18,0.6188199142232946
Danville,,201131003,,R-20,0.0,2.18,0.5753351211544236
Danville,,201131004,,R-20,0.0,2.18,0.6321705733582467
Danville,,201131008,,R-20,0.0,2.18,0.5130422698841344
Danville,,201131009,,R-20,0.0,2.18,0.49667821673194706
Danville,,201132005,,R-20,0.0,2.18,0.5164671693594641
Danville,,201131012,,R-20,0.0,2.18,0.4964590893564624
Danville,,201131011,,R-20,0.0,2.18,0.4919957456940956
Danville,,201131017,,R-20,0.0,2.18,0.5
Danville,,201131018,,R-20,0.0,2.18,0.52
Danville,,201131028,,R-20,0.0,2.18,0.451
Danville,,201131010,,R-20,0.0,2.18,0.4985261952953114
Danville,,201131027,,R-20,0.0,2.18,0.449
Danville,,201131020,,R-20,0.0,2.18,0.66
Danville,,201230004,,R-20,0.0,2.18,0.5
Danville,,201230006,,R-20,0.0,2.18,0.5
Danville,,201230005,,R-20,0.0,2.18,0.5
Danville,,201230024,,R-20,0.0,2.18,0.53
Danville,,201230039,,R-20,0.0,2.18,0.994
Danville,,201230038,,R-20,0.0,2.18,1.192
Danville,,201230002,,R-20,0.0,2.18,0.42
Danville,,201230003,,R-20,0.0,2.18,0.61
Danville,,201131021,,R-20,0.0,2.18,0.44
Danville,,201230001,,R-20,0.0,2.18,0.58
Danville,,201240007,,R-40,0.0,1.09,0.513
Danville,,201120003,,R-40,0.0,1.09,1.0
Danville,,201250012,,R-40,0.0,1.09,1.53
Danville,,201230041,,R-20,0.0,2.18,0.804
Danville,,201240024,,R-40,0.0,1.09,1.11
Danville,,201240018,,R-40,0.0,1.09,0.74
Danville,,201230040,,R-20,0.0,2.18,1.594
Danville,,201240012,,R-40,0.0,1.09,0.5
Danville,,201240020,,R-40,0.0,1.09,0.37
Danville,,201240014,,R-40,0.0,1.09,0.5310738004192113
Danville,,201240017,,R-40,0.0,1.09,1.39
Danville,,201240013,,R-40,0.0,1.09,0.47
Danville,,199060018,,R-20,0.0,2.18,0.542873137822193
Danville,,199060020,,R-20,0.0,2.18,0.6242997505025094
Danville,,199060022,,R-20,0.0,2.18,0.5633217761425696
Danville,,199383012,,R-15,0.0,2.9,0.3433863057598517
Danville,,199060027,,R-20,0.0,2.18,0.83
Danville,,201240010,,R-40,0.0,1.09,0.48
Danville,,201240003,,R-40,0.0,1.09,0.81
Danville,,201240021,,R-40,0.0,1.09,0.854
Danville,,201230022,,R-20,0.0,2.18,0.62
Danville,,201220003,,R-20,0.0,2.18,0.71
Danville,,201220022,,R-20,0.0,2.18,0.57
Danville,,201220004,,R-20,0.0,2.18,0.49
Danville,,201220006,,R-20,0.0,2.18,0.5
Danville,,201220005,,R-20,0.0,2.18,0.5
Danville,,201220023,,R-20,0.0,2.18,0.55
Danville,,199383013,,R-15,0.0,2.9,0.33746877679281906
Danville,,199383007,,R-15,0.0,2.9,0.43530077051208027
Danville,,199383006,,R-15,0.0,2.9,0.3712900391120744
Danville,,199383008,,R-15,0.0,2.9,0.36629550613140016
Danville,,199383005,,R-15,0.0,2.9,0.35859228544315186
Danville,,201220010,,R-20,0.0,2.18,0.48
Danville,,199383004,,R-15,0.0,2.9,0.3956304265370201
Danville,,199383003,,R-15,0.0,2.9,0.3739717051378758
Danville,,199392005,,R-15,0.0,2.9,0.3885044585207446
Danville,,199392006,,R-15,0.0,2.9,0.3819506970026377
Danville,,201220011,,R-20,0.0,2.18,0.48
Danville,,201220012,,R-20,0.0,2.18,0.48
Danville,,201220009,,R-20,0.0,2.18,0.48
Danville,,201220013,,R-20,0.0,2.18,0.47
Danville,,201210021,,R-20,0.0,2.18,0.3643389121203994
Danville,,201210012,,R-20,0.0,2.18,0.49
Danville,,201210024,,R-20,0.0,2.18,0.49130086097824005
Danville,,201230009,,R-20,0.0,2.18,0.49
Danville,,201220008,,R-20,0.0,2.18,0.48
Danville,,201230013,,R-20,0.0,2.18,0.57
Danville,,201220007,,R-20,0.0,2.18,0.48
Danville,,201230017,,R-20,0.0,2.18,0.57
Danville,,201230016,,R-20,0.0,2.18,0.57
Danville,,201230032,,R-20,0.0,2.18,1.55
Danville,,201230012,,R-20,0.0,2.18,0.49
Danville,,201230010,,R-20,0.0,2.18,0.46
Danville,,201230011,,R-20,0.0,2.18,0.49
Danville,,201210023,,R-20,0.0,2.18,0.47539978784249154
Danville,,201230008,,R-20,0.0,2.18,0.5
Danville,,201230007,,R-20,0.0,2.18,0.5
Danville,,201210016,,R-20,0.0,2.18,0.34
Danville,,201131016,,R-20,0.0,2.18,0.94
Danville,,201131013,,R-20,0.0,2.18,0.49640174713790813
Danville,,201131014,,R-20,0.0,2.18,0.49567720787870445
Danville,,201210025,,R-20,0.0,2.18,1.79
Danville,,201152005,,R-20,0.0,2.18,0.57
Danville,,201210002,,R-20,0.0,2.18,0.5
Danville,,201210017,,R-20,0.0,2.18,0.34
Danville,,201210015,,R-20,0.0,2.18,0.39
Danville,,201210014,,R-20,0.0,2.18,0.4
Danville,,201210028,,R-20,0.0,2.18,0.76
Danville,,201210020,,R-20,0.0,2.18,0.46
Danville,,201210029,,R-20,0.0,2.18,0.32
Danville,,201210019,,R-20,0.0,2.18,0.41
Danville,,201210008,,R-20,0.0,2.18,0.503
Danville,,201210022,,R-20,0.0,2.18,0.5528534238635158
Danville,,201220014,,R-20,0.0,2.18,0.5
Danville,,201210013,,R-20,0.0,2.18,0.5
Danville,,201220015,,R-20,0.0,2.18,0.49
Danville,,201220016,,R-20,0.0,2.18,0.481
Danville,,199392007,,R-15,0.0,2.9,0.37336271514280056
Danville,,199392004,,R-15,0.0,2.9,0.35521035569551335
Danville,,199392008,,R-15,0.0,2.9,0.39348681545183356
Danville,,199392009,,R-15,0.0,2.9,0.3943476213146912
Danville,,201220018,,R-20,0.0,2.18,0.338
Danville,,199392010,,R-15,0.0,2.9,0.4180329725740425
Danville,,201192002,,R-20,0.0,2.18,0.5008138560635241
Danville,,201192001,,R-20,0.0,2.18,0.49317563181962776
Danville,,201202009,,R-20,0.0,2.18,0.4995409489149648
Danville,,201202008,,R-20,0.0,2.18,0.4945328069362471
Danville,,201220017,,R-20,0.0,2.18,0.337
Danville,,201202007,,R-20,0.0,2.18,0.49767975765177486
Danville,,201202006,,R-20,0.0,2.18,0.4961551728374066
Danville,,201202005,,R-20,0.0,2.18,0.499100544859361
Danville,,201201002,,R-20,0.0,2.18,0.4915546962422987
Danville,,201201003,,R-20,0.0,2.18,0.4888971808825566
Danville,,201201001,,R-20,0.0,2.18,0.5002113374044552
Danville,,201191007,,R-20,0.0,2.18,0.4939677710364441
Danville,,201191008,,R-20,0.0,2.18,0.49282006292835767
Danville,,201182004,,R-10,0.0,4.36,0.33155244532021355
Danville,,201182003,,R-10,0.0,4.36,0.3283919586408647
Danville,,201182002,,R-10,0.0,4.36,0.3240958809659321
Danville,,201181008,,R-10,0.0,4.36,0.3037892793322585
Danville,,201181009,,R-10,0.0,4.36,0.30252624171722303
Danville,,201181021,,R-10,0.0,4.36,0.32390819199448606
Danville,,201181006,,R-10,0.0,4.36,0.3066455389056966
Danville,,201181007,,R-10,0.0,4.36,0.306309982804413
Danville,,201182007,,R-10,0.0,4.36,0.3310868638930874
Danville,,201182006,,R-10,0.0,4.36,0.34201312996083344
Danville,,201182005,,R-10,0.0,4.36,0.3393799724898902
Danville,,201191006,,R-20,0.0,2.18,0.48936904966902556
Danville,,201191004,,R-20,0.0,2.18,0.5103677459308813
Danville,,201191005,,R-20,0.0,2.18,0.5163824833152121
Danville,,201182008,,R-10,0.0,4.36,0.3037704868061591
Danville,,201182009,,R-10,0.0,4.36,0.95
Danville,,201191003,,R-20,0.0,2.18,0.5131550913451252
Danville,,201191002,,R-20,0.0,2.18,0.5014576927597826
Danville,,201192007,,R-20,0.0,2.18,0.49377189831234525
Danville,,201192006,,R-20,0.0,2.18,0.4985192500643379
Danville,,199391003,,R-15,0.0,2.9,0.3618272632017863
Danville,,201192005,,R-20,0.0,2.18,0.4934053885199758
Danville,,201192004,,R-20,0.0,2.18,0.49575509742149215
Danville,,201192003,,R-20,0.0,2.18,0.4961320154846673
Danville,,199392011,,R-15,0.0,2.9,0.39064811733170374
Danville,,199392012,,R-15,0.0,2.9,0.4607096341036483
Danville,,199392014,,R-15,0.0,2.9,0.3360974175172024
Danville,,199392013,,R-15,0.0,2.9,0.350401932849853
Danville,,199392003,,R-15,0.0,2.9,0.34144178429990507
Danville,,199391021,,R-15,0.0,2.9,0.35141435871913473
Danville,,199391004,,R-15,0.0,2.9,0.35769243346370594
Danville,,199391005,,R-15,0.0,2.9,0.38435143682076756
Danville,,199391020,,R-15,0.0,2.9,0.3534274273653109
Danville,,199391006,,R-15,0.0,2.9,0.35634376136954793
Danville,,199391001,,R-15,0.0,2.9,0.46289481355749523
Danville,,199391002,,R-15,0.0,2.9,0.313173483706509
Danville,,201192008,,R-20,0.0,2.18,0.49132733498749764
Danville,,199242001,,R-10,0.0,4.36,0.3378166068175257
Danville,,199242002,,R-10,0.0,4.36,0.45
Danville,,199242003,,R-10,0.0,4.36,0.24023813792805496
Danville,,199242004,,R-10,0.0,4.36,0.26498873842995685
Danville,,199242005,,R-10,0.0,4.36,0.2637567760468191
Danville,,199242006,,R-10,0.0,4.36,0.2616044016764533
Danville,,199243001,,R-10,0.0,4.36,0.26718672881201005
Danville,,199243002,,R-10,0.0,4.36,0.25822271020118914
Danville,,199391007,,R-15,0.0,2.9,0.41122082359155687
Danville,,199391008,,R-15,0.0,2.9,0.4082175784774188
Danville,,199391009,,R-15,0.0,2.9,0.4350161567278783
Danville,,199391010,,R-15,0.0,2.9,0.5321425886412521
Danville,,199243003,,R-10,0.0,4.36,0.2563925216103818
Danville,,199243004,,R-10,0.0,4.36,0.25710022932224624
Danville,,199243005,,R-10,0.0,4.36,0.2582640051517334
Danville,,199243006,,R-10,0.0,4.36,0.2919196407438005
Danville,,199140006,,R-10,0.0,4.36,0.28
Danville,,199140005,,R-10,0.0,4.36,0.31
Danville,,199140004,,R-10,0.0,4.36,0.31
Danville,,199140013,,R-10,0.0,4.36,0.31
Danville,,199391011,,R-15,0.0,2.9,0.42340169217084944
Danville,,199391012,,R-15,0.0,2.9,0.5457753784257984
Danville,,199391014,,R-15,0.0,2.9,0.44048391354661187
Danville,,199391013,,R-15,0.0,2.9,0.47378413751179554
Danville,,199140020,,R-20,0.0,2.18,0.88
Danville,,199140021,,R-20,0.0,2.18,0.5
Danville,,199140022,,R-20,0.0,2.18,0.52
Danville,,199382006,,R-20,0.0,2.18,0.6530530347881606
Danville,,199382005,,R-20,0.0,2.18,0.5060223447887404
Danville,,199391017,,R-15,0.0,2.9,0.34036228390899376
Danville,,199391024,,R-15,0.0,2.9,0.3991705063716924
Danville,,199391015,,R-15,0.0,2.9,0.3518134515893424
Danville,,199391019,,R-15,0.0,2.9,0.349685642684532
Danville,,199391018,,R-15,0.0,2.9,0.3475009043326817
Danville,,199391023,,R-15,0.0,2.9,0.3508753359962425
Danville,,199382003,,R-20,0.0,2.18,0.425454345670488
Danville,,199382004,,R-20,0.0,2.18,0.4076096221631118
Danville,,199391022,,R-15,0.0,2.9,0.3461661015366589
Danville,,199392002,,R-15,0.0,2.9,0.35054295040856015
Danville,,199392001,,R-15,0.0,2.9,0.3456301871486853
Danville,,199383001,,R-15,0.0,2.9,0.3492098068754611
Danville,,199383002,,R-15,0.0,2.9,0.3424947815551474
Danville,,199381007,,R-20,0.0,2.18,0.4595652645912827
Danville,,199383009,,R-15,0.0,2.9,0.3474467646536777
Danville,,199383010,,R-15,0.0,2.9,0.34983873327247106
Danville,,199381006,,R-20,0.0,2.18,0.4868441012869734
Danville,,199381008,,R-20,0.0,2.18,0.4904524960075915
Danville,,199381009,,R-20,0.0,2.18,0.4672963127657782
Danville,,199381015,,R-20,0.0,2.18,0.5107531645975322
Danville,,199381010,,R-20,0.0,2.18,0.544128714797819
Danville,,199381011,,R-20,0.0,2.18,0.4421413461009202
Danville,,199381002,,R-20,0.0,2.18,0.46450817644164566
Danville,,199381018,,R-20,0.0,2.18,0.4605732350495866
Danville,,199381017,,R-20,0.0,2.18,0.4855501275611775
Danville,,199381005,,R-20,0.0,2.18,0.4887804954712434
Danville,,199383011,,R-15,0.0,2.9,0.3513965590176844
Danville,,199060026,,R-20,0.0,2.18,0.73
Danville,,199060025,,R-20,0.0,2.18,0.38
Danville,,199060021,,R-20,0.0,2.18,0.7424528310214747
Danville,,199070058,,R-40,0.0,1.09,1.033
Danville,,199130007,,R-40,0.0,1.09,1.28
Danville,,199430001,,R-40,0.0,1.09,1.228664594842763
Danville,,199130021,,R-40,0.0,1.09,1.23
Danville,,199130019,,R-40,0.0,1.09,1.09
Danville,,199381001,,R-20,0.0,2.18,0.46917873458287374
Danville,,199381012,,R-20,0.0,2.18,0.6266702718381606
Danville,,199381014,,R-20,0.0,2.18,0.5912632093813872
Danville,,199381016,,R-20,0.0,2.18,0.7868270149799769
Danville,,199381013,,R-20,0.0,2.18,0.5054821489015431
Danville,,199150016,,R-40,0.0,1.09,1.115
Danville,,199150026,,R-40,0.0,1.09,1.2
Danville,,199150033,,R-40,0.0,1.09,0.678
Danville,,199150029,,R-40,0.0,1.09,1.86
Danville,,199150024,,R-40,0.0,1.09,1.15
Danville,,199150020,,R-40,0.0,1.09,0.649
Danville,,199150012,,R-40,0.0,1.09,0.34
Danville,,199150031,,R-40,0.0,1.09,0.73
Danville,,199150011,,R-40,0.0,1.09,0.52
Danville,,199150021,,R-40,0.0,1.09,0.33
Danville,,199150034,,R-40,0.0,1.09,0.488
Danville,,199140023,,R-20,0.0,2.18,0.81
Danville,,199140018,,R-20,0.0,2.18,1.15
Danville,,199150017,,R-40,0.0,1.09,0.005
Danville,,199150018,,R-40,0.0,1.09,0.68
Danville,,199150022,,R-40,0.0,1.09,0.39
Danville,,199150004,,R-40,0.0,1.09,0.46
Danville,,199150003,,R-40,0.0,1.09,1.04
Danville,,199231023,,R-10,0.0,4.36,0.3853352479762486
Danville,,199140019,,R-10,0.0,4.36,0.47
Danville,,199231002,,R-10,0.0,4.36,0.2732980074066228
Danville,,199231003,,R-10,0.0,4.36,0.3113749321030206
Danville,,199231004,,R-10,0.0,4.36,0.31100040751243313
Danville,,199231005,,R-10,0.0,4.36,0.3093897813445781
Danville,,199231011,,R-10,0.0,4.36,0.2879103447520663
Danville,,199231012,,R-10,0.0,4.36,0.25130215483856727
Danville,,199231013,,R-10,0.0,4.36,0.2682238075867516
Danville,,199231016,,R-10,0.0,4.36,0.2805352449980581
Danville,,199231015,,R-10,0.0,4.36,0.45
Danville,,199150006,,R-10,0.0,4.36,0.31
Danville,,199231022,,R-10,0.0,4.36,0.37
Danville,,199150005,,R-10,0.0,4.36,0.52
Danville,,199150023,,R-40,0.0,1.09,0.58
Danville,,199150009,,R-40,0.0,1.09,0.35
Danville,,199130073,,R-65,0.0,0.67,2.34
Danville,,199130039,,R-65,0.0,0.67,1.81
Danville,,199130064,,R-65,0.0,0.67,2.05
Danville,,199220025,,R-20,0.0,2.18,0.58
Danville,,199220047,,R-20,0.0,2.18,0.821
Danville,,199130063,,R-65,0.0,0.67,1.8
Danville,,199130061,,R-65,0.0,0.67,1.5901494312990505
Danville,,199130044,,R-65,0.0,0.67,1.57
Danville,,199450006,,R-65,0.0,0.67,1.9383868004078826
Danville,,199450008,,R-65,0.0,0.67,2.18
Danville,,199130065,,R-65,0.0,0.67,1.7057280794836043
Danville,,199130070,,R-65,0.0,0.67,2.241
Danville,,199210004,,R-65,0.0,0.67,2.56
Danville,,199210010,,R-65,0.0,0.67,1.896
Danville,,199130069,,R-65,0.0,0.67,1.971
Danville,,199450009,,R-65,0.0,0.67,1.5
Danville,,199450011,,R-65,0.0,0.67,1.467
Danville,,199450012,,R-65,0.0,0.67,1.587
Danville,,199130062,,R-65,0.0,0.67,1.644396090957383
Danville,,199130068,,R-40,0.0,1.09,4.025
Danville,,199450003,,R-65,0.0,0.67,1.5760386286536285
Danville,,199070032,,R-40,0.0,1.09,7.025
Danville,,199430009,,R-40,0.0,1.09,1.1337934292060499
Danville,,199430006,,R-40,0.0,1.09,0.9172301440679668
Danville,,199430008,,R-40,0.0,1.09,0.9843205960209526
Danville,,199130075,,R-40,0.0,1.09,1.06
Danville,,199130071,,R-40,0.0,1.09,1.134
Danville,,199130074,,R-40,0.0,1.09,4.63
Danville,,199130072,,R-40,0.0,1.09,1.49
Danville,,199130047,,R-40,0.0,1.09,0.97
Danville,,199150032,,R-40,0.0,1.09,0.95
Danville,,199150028,,R-40,0.0,1.09,1.62
Danville,,199130036,,R-40,0.0,1.09,1.02
Danville,,199430003,,R-40,0.0,1.09,0.968
Danville,,199070047,,R-40,0.0,1.09,1.24
Danville,,199430002,,R-40,0.0,1.09,1.019231571178951
Danville,,199130035,,R-40,0.0,1.09,1.9
Danville,,199070057,,R-40,0.0,1.09,1.065
Danville,,199070052,,R-40,0.0,1.09,2.31
Danville,,199070046,,A-2,0.0,0.05,23.0
Danville,,199070048,,R-40,0.0,1.09,1.17
Danville,,199070049,,R-40,0.0,1.09,1.19
Danville,,199430011,,R-40,0.0,1.09,0.525
Danville,,199070050,,R-40,0.0,1.09,1.12
Danville,,199070022,,R-40,0.0,1.09,2.2273655570681044
Danville,,199070023,,R-40,0.0,1.09,1.8360484337225476
Danville,,199070024,,R-40,0.0,1.09,2.167
Danville,,199070017,,R-40,0.0,1.09,1.0
Danville,,199430010,,R-40,0.0,1.09,0.397
Danville,,199070033,,R-40,0.0,1.09,1.237361682623579
Danville,,199070025,,R-40,0.0,1.09,1.8973184992032326
Danville,,199070055,,R-40,0.0,1.09,2.033
Danville,,199070056,,R-40,0.0,1.09,4.184
Danville,,199070040,,R-40,0.0,1.09,1.0488776031439127
Danville,,199070027,,R-40,0.0,1.09,1.5953082601291302
Danville,,199070020,,R-40,0.0,1.09,2.627323225429049
Danville,,199070026,,R-40,0.0,1.09,1.2778156509370064
Danville,,199070028,,R-40,0.0,1.09,1.338722098031515
Danville,,199070021,,R-40,0.0,1.09,2.603542408528103
Danville,,199070034,,R-40,0.0,1.09,2.3721264570918903
Danville,,199080018,,P-1,0.0,35.0,2.1957181788005373
Danville,,199080019,,P-1,0.0,35.0,1.7832911900803579
Danville,,199080010,,P-1,0.0,35.0,0.6554584782927189
Danville,,199080008,,P-1,0.0,35.0,1.3
Danville,,199080009,,P-1,0.0,35.0,4.517743587931108
Danville,,199080020,,P-1,0.0,35.0,5.37
Danville,,199040012,,R-100,0.0,0.44,1.198
Danville,,199040017,,R-100,0.0,0.44,2.194
Danville,,199040010,,R-100,0.0,0.44,0.02
Danville,,199040006,,R-100,0.0,0.44,3.02
Danville,,199040014,,R-100,0.0,0.44,1.98
Danville,,199040003,,R-100,0.0,0.44,2.13
Danville,,201270006,,R-100,0.0,0.44,1.1817908531941825
Danville,,201270005,,R-100,0.0,0.44,0.14731627981571313
Danville,,201270001,,R-100,0.0,0.44,0.87
Danville,,199040022,,R-100,0.0,0.44,1.6537798073381962
Danville,,199050007,,R-65,0.0,0.67,1.79
Danville,,201260008,,R-40,0.0,1.09,1.09
Danville,,199050009,,R-40,0.0,1.09,2.972
Danville,,199060004,,R-40,0.0,1.09,1.0587280663357246
Danville,,199060011,,R-40,0.0,1.09,0.76
Danville,,199060015,,R-20,0.0,2.18,1.0175028773532024
Danville,,199060016,,R-20,0.0,2.18,0.6640997632512624
Danville,,199060019,,R-20,0.0,2.18,0.7632660720479071
Danville,,199060017,,R-20,0.0,2.18,0.575073308174284
Danville,,199060014,,R-20,0.0,2.18,0.7867786021090729
Danville,,201240016,,R-40,0.0,1.09,0.78
Danville,,199060010,,R-40,0.0,1.09,0.7989751294009861
Danville,,199060009,,R-40,0.0,1.09,0.86
Danville,,201260016,,R-40,0.0,1.09,1.018176131874572
Danville,,201240001,,R-40,0.0,1.09,1.09
Danville,,201260015,,R-40,0.0,1.09,1.0643942495335035
Danville,,201240006,,R-40,0.0,1.09,0.52
Danville,,201240022,,R-40,0.0,1.09,1.3
Danville,,201240025,,R-40,0.0,1.09,0.95
Danville,,201250011,,R-40,0.0,1.09,1.554
Danville,,201260010,,R-40,0.0,1.09,0.55
Danville,,201260005,,R-40,0.0,1.09,0.71
Danville,,201260021,,R-40,0.0,1.09,1.01
Danville,,201250016,,R-40,0.0,1.09,0.96
Danville,,201250018,,R-40,0.0,1.09,1.248
Danville,,201250024,,R-40,0.0,1.09,1.93
Danville,,201260011,,R-40,0.0,1.09,1.317
Danville,,201260013,,R-40,0.0,1.09,1.0799677623777704
Danville,,201260022,,R-40,0.0,1.09,1.01
Danville,,201260019,,R-40,0.0,1.09,1.139
Danville,,201260020,,R-40,0.0,1.09,1.165
Danville,,201250026,,R-40,0.0,1.09,1.009
Danville,,201270008,,R-100,0.0,0.44,2.4570674457773936
Danville,,201270007,,R-100,0.0,0.44,1.0
Danville,,201250028,,R-40,0.0,1.09,1.368
Danville,,201250017,,R-40,0.0,1.09,1.05
Danville,,201120020,,R-40,0.0,1.09,1.0359266887062237
Danville,,201120014,,R-40,0.0,1.09,1.11
Danville,,201120017,,R-40,0.0,1.09,1.093
Danville,,201120008,,R-40,0.0,1.09,2.79
Danville,,201120019,,R-40,0.0,1.09,1.92
Danville,,201110015,,R-20,0.0,2.18,0.8462216338800108
Danville,,201110016,,R-20,0.0,2.18,0.9613481398396523
Danville,,201120016,,R-40,0.0,1.09,1.322
Danville,,201250027,,R-40,0.0,1.09,1.69
Danville,,199040013,,R-100,0.0,0.44,3.0
Danville,,197210007,,R-20,0.0,2.18,1.31
Danville,,197110046,,R-20,0.0,2.18,0.441
Danville,,197110045,,R-20,0.0,2.18,0.662
Danville,,197110036,,R-20,0.0,2.18,0.382
Danville,,197110010,,R-20,0.0,2.18,0.795
Danville,,197110033,,R-20,0.0,2.18,0.6688699623408968
Danville,,197210006,,R-20,0.0,2.18,1.0
Danville,,197240003,,R-20,0.0,2.18,1.39
Danville,,197240004,,R-20,0.0,2.18,7.675
Danville,,197110034,,R-20,0.0,2.18,0.4393265276811533
Danville,,197110031,,R-20,0.0,2.18,0.559
Danville,,197110040,,R-20,0.0,2.18,0.703
Danville,,197100020,,R-100,0.0,0.44,2.885
Danville,,197120025,,R-100,0.0,0.44,0.03
Danville,,197100042,,R-100,0.0,0.44,2.897
Danville,,199090002,,P-1 (A-2),0.0,0.05,43.3
Danville,,199440024,,R-65,0.0,0.67,4.42
Danville,,199440011,,R-65,0.0,0.67,8.08
Danville,,199440007,,R-65,0.0,0.67,0.89
Danville,,199440023,,R-65,0.0,0.67,22.01
Danville,,199080016,,P-1,0.0,35.0,0.8996357926160286
Danville,,199080013,,P-1,0.0,35.0,11.767735871639827
Danville,,199080011,,P-1,0.0,35.0,5.372304151045071
Danville,,199080012,,P-1,0.0,35.0,1.1289791116268313
Danville,,199080015,,P-1,0.0,35.0,3.693783858169441
Danville,,199080014,,P-1,0.0,35.0,0.84069108198008
Danville,,199440021,,R-65,0.0,0.67,1.7
Danville,,199440022,,R-65,0.0,0.67,1.896
Danville,,199120007,,R-65,0.0,0.67,2.69
Danville,,199120006,,R-65,0.0,0.67,1.81
Danville,,199120005,,R-65,0.0,0.67,0.004
Danville,,199080003,,P-1,0.0,35.0,0.02
Danville,,199120001,,R-65,0.0,0.67,1.55
Danville,,199120002,,R-65,0.0,0.67,1.87
Danville,,199120004,,R-65,0.0,0.67,2.12
Danville,,199110003,,R-65,0.0,0.67,1.65
Danville,,199120003,,R-65,0.0,0.67,1.61
Danville,,199110021,,R-65,0.0,0.67,1.63
Danville,,199110020,,R-65,0.0,0.67,1.6
Danville,,199110001,,R-65,0.0,0.67,1.9
Danville,,199440018,,R-65,0.0,0.67,2.65
Danville,,199440017,,R-65,0.0,0.67,2.981
Danville,,199440009,,R-65,0.0,0.67,2.6
Danville,,199110031,,R-65,0.0,0.67,2.0
Danville,,199420011,,R-65,0.0,0.67,1.8838490486421429
Danville,,199440013,,R-65,0.0,0.67,1.75
Danville,,199090006,,R-65,0.0,0.67,38.0
Danville,,199420010,,R-65,0.0,0.67,1.7277283070885217
Danville,,199110028,,R-65,0.0,0.67,0.18
Danville,,199110034,,R-65,0.0,0.67,1.55
Danville,,199420012,,R-65,0.0,0.67,1.5806808836346917
Danville,,199420003,,R-65,0.0,0.67,1.49
Danville,,199101002,,R-65,0.0,0.67,1.6101905592074808
Danville,,199101001,,R-65,0.0,0.67,1.53989813571131
Danville,,199110018,,R-65,0.0,0.67,1.52
Danville,,199110025,,R-65,0.0,0.67,0.3
Danville,,199110022,,R-65,0.0,0.67,2.08
Danville,,199110023,,R-65,0.0,0.67,1.4
Danville,,199110027,,R-65,0.0,0.67,1.68
Danville,,199110017,,R-65,0.0,0.67,1.55
Danville,,199170002,,R-65,0.0,0.67,4.08
Danville,,199130008,,R-40,0.0,1.09,0.002
Danville,,199170001,,R-65,0.0,0.67,1.98
Danville,,199170014,,R-65,0.0,0.67,1.6806677469691853
Danville,,199170009,,R-65,0.0,0.67,1.62
Danville,,199170004,,R-65,0.0,0.67,1.91
Danville,,199170016,,R-65,0.0,0.67,1.7
Danville,,199170010,,R-65,0.0,0.67,1.81
Danville,,199170015,,R-65,0.0,0.67,1.53
Danville,,199170011,,R-65,0.0,0.67,1.453754811002867
Danville,,199160018,,R-65,0.0,0.67,1.597
Danville,,199160013,,R-65,0.0,0.67,1.653
Danville,,199160015,,R-65,0.0,0.67,1.872
Danville,,199160016,,R-65,0.0,0.67,2.158
Danville,,199160017,,R-65,0.0,0.67,1.794
Danville,,199210009,,R-65,0.0,0.67,1.01
Danville,,199160003,,R-65,0.0,0.67,1.6
Danville,,199200001,,R-65,0.0,0.67,5.2
Danville,,199160002,,R-65,0.0,0.67,1.58
Danville,,199160007,,R-65,0.0,0.67,1.91
Danville,,199160008,,R-65,0.0,0.67,1.56
Danville,,199160006,,R-65,0.0,0.67,1.5
Danville,,199180021,,R-65,0.0,0.67,1.5
Danville,,199160004,,R-65,0.0,0.67,1.5
Danville,,199180020,,R-65,0.0,0.67,1.5
Danville,,199190002,,R-65,0.0,0.67,1.5
Danville,,199180022,,R-65,0.0,0.67,1.5
Danville,,199180019,,R-65,0.0,0.67,1.28
Danville,,199180007,,R-65,0.0,0.67,1.57
Danville,,199180008,,R-65,0.0,0.67,1.51
Danville,,199180004,,R-65,0.0,0.67,1.55
Danville,,199180016,,R-65,0.0,0.67,1.562
Danville,,199180018,,R-65,0.0,0.67,1.41
Danville,,199101004,,R-65,0.0,0.67,1.5334581695966676
Danville,,199101003,,R-65,0.0,0.67,1.6275381090960008
Danville,,199420004,,R-65,0.0,0.67,1.5095965567147922
Danville,,199420002,,R-65,0.0,0.67,1.462303561111098
Danville,,199420005,,R-65,0.0,0.67,1.488555326778599
Danville,,199420006,,R-65,0.0,0.67,1.5530922037728336
Danville,,199420008,,R-65,0.0,0.67,1.8600526814332876
Danville,,199420009,,R-65,0.0,0.67,1.7983511875764064
Danville,,199420013,,R-65,0.0,0.67,1.954
Danville,,208130029,,R-65,0.0,0.67,6.12
Danville,,199180017,,R-65,0.0,0.67,1.618
Danville,,199180024,,R-65,0.0,0.67,3.16
Danville,,208130030,,R-65,0.0,0.67,6.73
Danville,,208130031,,R-65,0.0,0.67,24.84
Danville,,199090008,,R-65,0.0,0.67,3.11
Danville,,208160014,,P-1,0.0,35.0,90.59304009091647
Danville,,208650018,,A-2,0.0,0.05,4.897373937345633
Danville,,208650019,,A-2,0.0,0.05,4.547892903922427
Danville,,208170005,,A-2,0.0,0.05,1.53
Danville,,208170020,,A-2,0.0,0.05,4.17
Danville,,208390014,,R-15,0.0,2.9,0.4489131408597302
Danville,,208170021,,A-2,0.0,0.05,3.76
Danville,,208170012,,A-2,0.0,0.05,1.09
Danville,,208390013,,R-15,0.0,2.9,0.5703568844340754
Danville,,208170014,,A-2,0.0,0.05,0.952
Danville,,208650017,,A-2,0.0,0.05,4.91
Danville,,208390022,,R-15,0.0,2.9,0.36700677604373055
Danville,,208650025,,R-40,0.0,1.09,1.031
Danville,,208650012,,R-40,0.0,1.09,1.0481494652268688
Danville,,208390023,,R-15,0.0,2.9,0.684562307767702
Danville,,208390024,,R-15,0.0,2.9,0.4512909162302043
Danville,,208390018,,R-15,0.0,2.9,0.38485961295057064
Danville,,208390020,,R-15,0.0,2.9,0.3478677371663566
Danville,,208390021,,R-15,0.0,2.9,0.3425897855495984
Danville,,208471022,,R-15,0.0,2.9,0.725196497113006
Danville,,208471020,,R-15,0.0,2.9,0.5937239743329642
Danville,,208471007,,R-15,0.0,2.9,0.49853758535265114
Danville,,208471015,,R-15,0.0,2.9,1.2449230842622372
Danville,,208441024,,R-15,0.0,2.9,0.39766423298420783
Danville,,208441023,,R-15,0.0,2.9,0.36045946642435894
Danville,,208471021,,R-15,0.0,2.9,0.8544187103460354
Danville,,208650010,,A-2,0.0,0.05,4.824416849820322
Danville,,208650026,,R-40,0.0,1.09,1.235
Danville,,208650022,,A-2,0.0,0.05,8.36
Danville,,208160010,,A-2,0.0,0.05,33.335
Danville,,208441016,,R-15,0.0,2.9,0.3665101041709271
Danville,,208441018,,R-15,0.0,2.9,0.40754941713586157
Danville,,208441017,,R-15,0.0,2.9,0.3892633343577146
Danville,,208441020,,R-15,0.0,2.9,0.4661994966662874
Danville,,208441019,,R-15,0.0,2.9,0.4256417672368836
Danville,,208441021,,R-15,0.0,2.9,0.4630315670684885
Danville,,208441022,,R-15,0.0,2.9,0.39870408854624717
Danville,,208442009,,R-15,0.0,2.9,0.36123158256310345
Danville,,208442010,,R-15,0.0,2.9,0.3824711452434709
Danville,,208442011,,R-15,0.0,2.9,0.4256846382941635
Danville,,208441025,,R-15,0.0,2.9,0.39130918119769414
Danville,,208441026,,R-15,0.0,2.9,0.36726753272513557
Danville,,208442013,,R-15,0.0,2.9,0.4075080547929488
Danville,,208442012,,R-15,0.0,2.9,0.46101980774297036
Danville,,208442006,,R-15,0.0,2.9,0.44742969432304364
Danville,,208442005,,R-15,0.0,2.9,0.4195734942860508
Danville,,208442004,,R-15,0.0,2.9,0.35216426901776277
Danville,,208441010,,R-15,0.0,2.9,0.3832253487308829
Danville,,208441011,,R-15,0.0,2.9,0.3502426167000382
Danville,,208441012,,R-15,0.0,2.9,0.35533367283143524
Danville,,208441013,,R-15,0.0,2.9,0.36727849773890664
Danville,,208442007,,R-15,0.0,2.9,0.4092094595542779
Danville,,208442008,,R-15,0.0,2.9,0.37738353805692715
Danville,,208441014,,R-15,0.0,2.9,0.3655929729026519
Danville,,208441015,,R-15,0.0,2.9,0.38955308374490366
Danville,,208372017,,R-15,0.0,2.9,0.4057533441680976
Danville,,208372016,,R-15,0.0,2.9,0.4259578350073028
Danville,,208372020,,R-15,0.0,2.9,0.41376120320294263
Danville,,208372018,,R-15,0.0,2.9,0.3876227933483483
Danville,,208372002,,R-15,0.0,2.9,0.3582937251571514
Danville,,208372019,,R-15,0.0,2.9,0.38739566295065897
Danville,,208372001,,R-15,0.0,2.9,0.34738447725579197
Danville,,208372003,,R-15,0.0,2.9,0.349075232200696
Danville,,208372014,,R-15,0.0,2.9,0.36574687014295015
Danville,,208372021,,R-15,0.0,2.9,0.3631610724772407
Danville,,208372024,,R-15,0.0,2.9,0.8367146194977412
Danville,,208372004,,R-15,0.0,2.9,0.42590967285078163
Danville,,208372022,,R-15,0.0,2.9,0.40172566706909973
Danville,,208372023,,R-15,0.0,2.9,0.3941978598185073
Danville,,208372015,,R-15,0.0,2.9,0.5128069064234261
Danville,,208372013,,R-15,0.0,2.9,0.3384612534760665
Danville,,208372012,,R-15,0.0,2.9,0.3998599984064695
Danville,,208372011,,R-15,0.0,2.9,0.42427827257676454
Danville,,208372010,,R-15,0.0,2.9,0.6614042928430678
Danville,,208372009,,R-15,0.0,2.9,0.38382888323471476
Danville,,208120010,,R-65,0.0,0.67,2.083
Danville,,208130035,,R-65,0.0,0.67,2.73
Danville,,208130032,,R-65,0.0,0.67,2.87
Danville,,208130034,,R-65,0.0,0.67,3.52
Danville,,208130017,,R-65,0.0,0.67,3.0
Danville,,208130033,,R-65,0.0,0.67,5.98
Danville,,208130027,,R-65,0.0,0.67,1.56
Danville,,208130026,,R-65,0.0,0.67,1.54
Danville,,208130003,,R-65,0.0,0.67,4.58
Danville,,208130002,,R-65,0.0,0.67,1.5
Danville,,208130013,,R-65,0.0,0.67,1.83
Danville,,208130001,,R-65,0.0,0.67,1.6
Danville,,208120016,,R-65,0.0,0.67,1.53
Danville,,208120004,,R-65,0.0,0.67,1.5
Danville,,208130018,,R-65,0.0,0.67,3.12
Danville,,208130004,,R-65,0.0,0.67,1.65
Danville,,208120012,,R-65,0.0,0.67,1.51
Danville,,208120011,,R-65,0.0,0.67,1.52
Danville,,208120013,,R-65,0.0,0.67,1.518
Danville,,208120005,,R-65,0.0,0.67,1.5
Danville,,208120006,,R-65,0.0,0.67,1.5
Danville,,208120014,,R-65,0.0,0.67,1.564
Danville,,208120008,,R-65,0.0,0.67,1.55
Danville,,208120007,,R-65,0.0,0.67,1.47
Danville,,208100002,,R-65,0.0,0.67,1.4
Danville,,208100001,,R-65,0.0,0.67,3.66
Danville,,208110005,,R-65,0.0,0.67,1.95
Danville,,208110008,,R-65,0.0,0.67,2.43
Danville,,208110004,,R-65,0.0,0.67,1.5
Danville,,208120015,,R-65,0.0,0.67,1.47
Danville,,208110003,,R-65,0.0,0.67,1.5
Danville,,208120002,,R-65,0.0,0.67,1.5
Danville,,208120001,,R-65,0.0,0.67,1.5
Danville,,208110001,,R-65,0.0,0.67,1.43
Danville,,208130014,,R-65,0.0,0.67,1.9
Danville,,199180023,,R-65,0.0,0.67,1.51
Danville,,199190001,,R-65,0.0,0.67,1.5
Danville,,199190003,,R-65,0.0,0.67,2.3
Danville,,208110009,,R-65,0.0,0.67,2.25
Danville,,208110007,,R-65,0.0,0.67,1.55
Danville,,199190006,,R-65,0.0,0.67,1.71
Danville,,199200004,,R-65,0.0,0.67,2.68
Danville,,199190005,,R-65,0.0,0.67,1.5
Danville,,199200002,,R-65,0.0,0.67,2.89
Danville,,199200006,,R-65,0.0,0.67,2.19
Danville,,199200008,,R-65,0.0,0.67,2.0
Danville,,199200005,,R-65,0.0,0.67,1.8
Danville,,199200007,,R-65,0.0,0.67,1.61
Danville,,199290008,,R-65,0.0,0.67,1.69
Danville,,199300001,,R-65,0.0,0.67,1.59
Danville,,199300002,,R-65,0.0,0.67,1.88
Danville,,199300004,,R-65,0.0,0.67,1.45
Danville,,208090003,,R-65,0.0,0.67,3.13
Danville,,199300003,,R-65,0.0,0.67,1.5
Danville,,199290012,,R-65,0.0,0.67,1.5
Danville,,199300005,,R-65,0.0,0.67,1.52
Danville,,208090007,,R-20,0.0,2.18,1.836
Danville,,199300008,,R-65,0.0,0.67,1.52
Danville,,199300007,,R-65,0.0,0.67,1.5
Danville,,208082011,,R-20,0.0,2.18,1.58
Danville,,208082010,,R-20,0.0,2.18,0.33892772745715904
Danville,,208082005,,R-20,0.0,2.18,0.6096664395305883
Danville,,208082006,,R-20,0.0,2.18,0.41200615453267
Danville,,208090006,,R-20,0.0,2.18,0.57
Danville,,208100008,,R-65,0.0,0.67,2.45
Danville,,208082007,,R-20,0.0,2.18,0.40681104665158474
Danville,,208081018,,R-20,0.0,2.18,0.71
Danville,,208081010,,R-20,0.0,2.18,0.3144947891880176
Danville,,208081011,,R-20,0.0,2.18,0.34630301582385575
Danville,,208081012,,R-20,0.0,2.18,0.3256889541942925
Danville,,208060051,,R-20,0.0,2.18,0.68
Danville,,208060052,,R-20,0.0,2.18,0.76
Danville,,208081019,,R-20,0.0,2.18,0.359
Danville,,208081016,,R-20,0.0,2.18,0.01208877025709762
Danville,,208081013,,R-20,0.0,2.18,0.059710112302912226
Danville,,208090002,,R-65,0.0,0.67,2.4
Danville,,208100003,,R-65,0.0,0.67,3.0
Danville,,208090001,,R-65,0.0,0.67,1.67
Danville,,208100005,,R-65,0.0,0.67,0.93
Danville,,208060011,,R-20,0.0,2.18,0.18
Danville,,208060026,,R-20,0.0,2.18,1.0
Danville,,208100006,,R-65,0.0,0.67,1.42
Danville,,208060006,,R-20,0.0,2.18,1.104
Danville,,208100007,,R-65,0.0,0.67,2.24
Danville,,208060009,,R-20,0.0,2.18,9.83
Danville,,208060061,,R-20,0.0,2.18,0.601
Danville,,208060060,,R-20,0.0,2.18,0.472
Danville,,208060035,,R-20,0.0,2.18,0.08
Danville,,208060036,,R-20,0.0,2.18,1.394
Danville,,208060042,,R-20,0.0,2.18,0.647
Danville,,208060065,,R-20,0.0,2.18,0.501
Danville,,208060032,,R-20,0.0,2.18,0.496
Danville,,208330025,,R-20,0.0,2.18,0.64
Danville,,208330013,,R-15,0.0,2.9,0.3696739686558389
Danville,,208330012,,R-15,0.0,2.9,0.37908993707730626
Danville,,208330014,,R-15,0.0,2.9,0.34457795113553225
Danville,,208330030,,R-15,0.0,2.9,0.33498973879468985
Danville,,208330032,,R-15,0.0,2.9,0.3342732778012141
Danville,,208330011,,R-15,0.0,2.9,0.4493408059582512
Danville,,208330005,,R-15,0.0,2.9,0.3669582961568819
Danville,,208074002,,R-20,0.0,2.18,0.3144900222214539
Danville,,208074001,,R-20,0.0,2.18,0.42887399761987266
Danville,,208330022,,R-20,0.0,2.18,0.96
Danville,,208081007,,R-20,0.0,2.18,0.38368493101044016
Danville,,208330023,,R-20,0.0,2.18,1.51
Danville,,208073010,,R-20,0.0,2.18,0.43173827266680476
Danville,,208073001,,R-20,0.0,2.18,0.39085355880607103
Danville,,208081005,,R-20,0.0,2.18,0.48826433875615366
Danville,,208081006,,R-20,0.0,2.18,0.44736385174014015
Danville,,208330024,,R-20,0.0,2.18,0.73
Danville,,208060064,,R-20,0.0,2.18,0.568
Danville,,208081020,,R-20,0.0,2.18,0.409
Danville,,208081009,,R-20,0.0,2.18,0.46226760497726227
Danville,,208081002,,R-20,0.0,2.18,0.3654346616458135
Danville,,208081003,,R-20,0.0,2.18,0.37655849726098506
Danville,,208081004,,R-20,0.0,2.18,0.3992947646038707
Danville,,208072010,,R-20,0.0,2.18,0.3523259963750091
Danville,,208072002,,R-20,0.0,2.18,0.3541837751961766
Danville,,208072001,,R-20,0.0,2.18,0.35373089571702077
Danville,,208081001,,R-20,0.0,2.18,0.34379964664121726
Danville,,208082004,,R-20,0.0,2.18,0.37313300834140073
Danville,,208082003,,R-20,0.0,2.18,0.36586724272333054
Danville,,208082002,,R-20,0.0,2.18,0.3988114247223414
Danville,,208072003,,R-20,0.0,2.18,0.35514836852070464
Danville,,208072004,,R-20,0.0,2.18,0.35234473263404187
Danville,,208072008,,R-20,0.0,2.18,0.3565974732610104
Danville,,208072009,,R-20,0.0,2.18,0.35607610767315667
Danville,,208073005,,R-20,0.0,2.18,0.39877320504210234
Danville,,208072007,,R-20,0.0,2.18,0.356798128232793
Danville,,208072006,,R-20,0.0,2.18,0.35383432443030755
Danville,,208034018,,R-20,0.0,2.18,0.34073155461256616
Danville,,208034017,,R-20,0.0,2.18,0.34050274978149236
Danville,,208034016,,R-20,0.0,2.18,0.34052341314598833
Danville,,208073006,,R-20,0.0,2.18,0.4073531941110235
Danville,,208074006,,R-20,0.0,2.18,0.3915806036725391
Danville,,208073007,,R-20,0.0,2.18,0.351884128787934
Danville,,208073004,,R-20,0.0,2.18,0.34538549227049836
Danville,,208073003,,R-20,0.0,2.18,0.35
Danville,,208073002,,R-20,0.0,2.18,0.3487189841761562
Danville,,208073008,,R-20,0.0,2.18,0.3527778096557469
Danville,,208073009,,R-20,0.0,2.18,0.4700781198664426
Danville,,208074005,,R-20,0.0,2.18,0.34252603572529644
Danville,,208074004,,R-20,0.0,2.18,0.3398688582404265
Danville,,208074003,,R-20,0.0,2.18,0.3432366048286864
Danville,,208074010,,R-20,0.0,2.18,0.454513701182845
Danville,,208074011,,R-20,0.0,2.18,0.4573553816027162
Danville,,208330029,,R-20,0.0,2.18,0.4814377038600363
Danville,,208044002,,R-20,0.0,2.18,0.31270485875573817
Danville,,208074009,,R-20,0.0,2.18,0.2989789451806609
Danville,,208074008,,R-20,0.0,2.18,0.34559892965578554
Danville,,208074007,,R-20,0.0,2.18,0.3940325043104273
Danville,,208044003,,R-20,0.0,2.18,0.3579180488980063
Danville,,208043018,,R-20,0.0,2.18,0.33938063330414137
Danville,,208043019,,R-20,0.0,2.18,0.34027317401276524
Danville,,208034012,,R-20,0.0,2.18,0.34114773570415396
Danville,,208034013,,R-20,0.0,2.18,0.3390589572773062
Danville,,208034014,,R-20,0.0,2.18,0.3437552005280826
Danville,,208034015,,R-20,0.0,2.18,0.34002658639613703
Danville,,208034007,,R-20,0.0,2.18,0.34651285788004005
Danville,,208034008,,R-20,0.0,2.18,0.3456488570188398
Danville,,208034009,,R-20,0.0,2.18,0.35074332431999805
Danville,,208033014,,R-20,0.0,2.18,0.3425055544612039
Danville,,208033013,,R-20,0.0,2.18,0.3421120481225094
Danville,,208033012,,R-20,0.0,2.18,0.3430423604143344
Danville,,208034010,,R-20,0.0,2.18,0.34322299997790523
Danville,,208034011,,R-20,0.0,2.18,0.34720955970027334
Danville,,208043001,,R-20,0.0,2.18,0.3456125020982011
Danville,,208043002,,R-20,0.0,2.18,0.34580900002685744
Danville,,208042004,,R-20,0.0,2.18,0.31666336486290325
Danville,,208042005,,R-20,0.0,2.18,0.4428341468691102
Danville,,208033011,,R-20,0.0,2.18,0.34748520951811057
Danville,,208042001,,R-20,0.0,2.18,0.3440793438100583
Danville,,208041015,,M-30,20.0,30.0,0.08478663490582106
Danville,,208041016,,M-30,20.0,30.0,0.0847168823859578
Danville,,208042002,,R-20,0.0,2.18,0.31136899797558976
Danville,,208041020,,M-30,20.0,30.0,0.08956426156290571
Danville,,208041021,,M-30,20.0,30.0,0.08977880990800462
Danville,,208041024,,M-30,20.0,30.0,0.05965276840395656
Danville,,208041023,,M-30,20.0,30.0,0.04211439164237575
Danville,,208041022,,M-30,20.0,30.0,0.0596562571905887
Danville,,208041014,,M-30,20.0,30.0,0.059865652395756086
Danville,,208041013,,M-30,20.0,30.0,0.047891366756603194
Danville,,208041010,,M-30,20.0,30.0,0.09141374755275969
Danville,,208041011,,M-30,20.0,30.0,0.08795115329719919
Danville,,208042003,,R-20,0.0,2.18,0.521803989793904
Danville,,208043024,,DBD4,0.0,25.0,0.401
Danville,,208043005,,R-20,0.0,2.18,0.33633666364193826
Danville,,208043006,,R-20,0.0,2.18,0.334968868198326
Danville,,208043003,,R-20,0.0,2.18,0.4107061695357566
Danville,,208043004,,R-20,0.0,2.18,0.30444185557427456
Danville,,208043015,,R-20,0.0,2.18,0.35116494720746694
Danville,,208043014,,R-20,0.0,2.18,0.3504420881363417
Danville,,208043025,,DBD4,0.0,25.0,0.263
Danville,,208043013,,R-20,0.0,2.18,0.35179659853073014
Danville,,208044011,,R-20,0.0,2.18,0.512089396791396
Danville,,208051009,,DBD4,0.0,25.0,0.29
Danville,,208044010,,R-20,0.0,2.18,0.4846990692532702
Danville,,208051007,,O-1,0.0,0.0,0.3740792308282611
Danville,,208044009,,R-20,0.0,2.18,0.4567215155684083
Danville,,208051006,,R-20,0.0,2.18,0.3087248432388359
Danville,,208044008,,R-20,0.0,2.18,0.38578625925796767
Danville,,208044007,,R-20,0.0,2.18,0.350939367069368
Danville,,208051005,,R-20,0.0,2.18,0.3199383775357382
Danville,,208044006,,R-20,0.0,2.18,0.508574235790144
Danville,,208051004,,R-20,0.0,2.18,0.3198869823011143
Danville,,208043016,,R-20,0.0,2.18,0.4211790477586084
Danville,,208043017,,R-20,0.0,2.18,0.39447582394164493
Danville,,208044016,,R-20,0.0,2.18,0.8898284651125249
Danville,,208051003,,R-20,0.0,2.18,0.3146778861057302
Danville,,208044001,,R-20,0.0,2.18,0.454811764246588
Danville,,208051001,,R-20,0.0,2.18,0.33128376222923095
Danville,,208051002,,R-20,0.0,2.18,0.32844844690574165
Danville,,208330028,,R-20,0.0,2.18,0.6538132982243136
Danville,,208053004,,R-20,0.0,2.18,0.32608774099520943
Danville,,208052005,,R-20,0.0,2.18,0.31491084133296005
Danville,,208052006,,R-20,0.0,2.18,0.3495911001098403
Danville,,208052004,,R-20,0.0,2.18,0.3160036523820961
Danville,,208052007,,R-20,0.0,2.18,0.4191877718024162
Danville,,208052008,,R-20,0.0,2.18,0.33076314140736723
Danville,,208060062,,DBD6,0.0,25.0,0.45
Danville,,208052003,,R-20,0.0,2.18,0.3441877586126474
Danville,,208052002,,R-20,0.0,2.18,0.35507704799825696
Danville,,208052001,,R-20,0.0,2.18,0.355469868063383
Danville,,208051010,,O-1,0.0,0.0,0.07652338800957219
Danville,,208060058,,DBD7,0.0,25.0,0.396
Danville,,208060053,,DBD7,0.0,25.0,3.888
Danville,,208060057,,DBD7,0.0,25.0,0.046
Danville,,208431006,,R-15,0.0,2.9,0.36200480605214413
Danville,,208060054,,DBD6,0.0,25.0,1.4
Danville,,208431007,,R-15,0.0,2.9,0.351266750026751
Danville,,208431008,,R-15,0.0,2.9,0.3641170271331885
Danville,,208352018,,R-15,0.0,2.9,0.2895454508853598
Danville,,208352017,,R-15,0.0,2.9,0.27702330703089123
Danville,,208352016,,R-15,0.0,2.9,0.2729388484109298
Danville,,208330026,,R-15,0.0,2.9,0.28521304445561846
Danville,,208330027,,R-15,0.0,2.9,0.2501183844319484
Danville,,208060063,,DBD6,0.0,25.0,0.71
Danville,,208052010,,R-20,0.0,2.18,0.34062849473603796
Danville,,208052009,,R-20,0.0,2.18,0.3267205297550271
Danville,,208053001,,R-20,0.0,2.18,0.315224573757194
Danville,,208330001,,R-15,0.0,2.9,0.28494032669684305
Danville,,208330002,,R-15,0.0,2.9,0.30136993347128566
Danville,,208053002,,R-20,0.0,2.18,0.3155181854040658
Danville,,208053003,,R-20,0.0,2.18,0.3175137360985097
Danville,,208330003,,R-15,0.0,2.9,0.378829199936967
Danville,,208330004,,R-15,0.0,2.9,0.29696125062346573
Danville,,208330007,,R-15,0.0,2.9,0.3364159690192212
Danville,,208330006,,R-15,0.0,2.9,0.33164547382168036
Danville,,208330010,,R-15,0.0,2.9,0.3454145260981335
Danville,,208330008,,R-15,0.0,2.9,0.3089721001171348
Danville,,208330009,,R-15,0.0,2.9,0.3439560434014265
Danville,,208330019,,R-15,0.0,2.9,0.2955183188879378
Danville,,208352015,,R-15,0.0,2.9,0.2730385635008998
Danville,,208352010,,R-15,0.0,2.9,0.27526307707229064
Danville,,208352014,,R-15,0.0,2.9,0.27566904603458214
Danville,,208352013,,R-15,0.0,2.9,0.39467098950774976
Danville,,208352012,,R-15,0.0,2.9,0.40726207998155484
Danville,,208352011,,R-15,0.0,2.9,0.302380678928458
Danville,,208352009,,R-15,0.0,2.9,0.3289291886104672
Danville,,208352008,,R-15,0.0,2.9,0.32331457794803503
Danville,,208352007,,R-15,0.0,2.9,0.45241056400443486
Danville,,208352005,,R-15,0.0,2.9,0.4597875703338263
Danville,,208352006,,R-15,0.0,2.9,0.25093242702836027
Danville,,208330018,,R-15,0.0,2.9,0.28630419154160375
Danville,,208330033,,R-15,0.0,2.9,0.4606428305039291
Danville,,208351001,,R-15,0.0,2.9,0.3676947509575485
Danville,,208351002,,R-15,0.0,2.9,0.3210069504957458
Danville,,208351003,,R-15,0.0,2.9,0.31467396642755097
Danville,,208351004,,R-15,0.0,2.9,0.28697103663946044
Danville,,208351006,,R-15,0.0,2.9,0.36646998718304785
Danville,,208351005,,R-15,0.0,2.9,0.3438543369125943
Danville,,208352002,,R-15,0.0,2.9,0.30026119972384885
Danville,,208352003,,R-15,0.0,2.9,0.42508028306548346
Danville,,208352001,,R-15,0.0,2.9,0.33021488700424795
Danville,,208371003,,R-15,0.0,2.9,0.32315073003433464
Danville,,208371004,,R-15,0.0,2.9,0.34997573618859573
Danville,,208441008,,R-15,0.0,2.9,0.3818672402137531
Danville,,208352004,,R-15,0.0,2.9,0.34595076787829315
Danville,,208441006,,R-15,0.0,2.9,0.5015697507400275
Danville,,208441005,,R-15,0.0,2.9,0.4343145759477538
Danville,,208441003,,R-15,0.0,2.9,0.5591153526008829
Danville,,208441002,,R-15,0.0,2.9,0.3475610507035971
Danville,,208441004,,R-15,0.0,2.9,0.4435600673727171
Danville,,208441001,,R-15,0.0,2.9,0.35923347307708264
Danville,,208442001,,R-15,0.0,2.9,0.36252116627292597
Danville,,208441007,,R-15,0.0,2.9,0.34805923128396415
Danville,,208441009,,R-15,0.0,2.9,0.41077452474215764
Danville,,208442002,,R-15,0.0,2.9,0.3413855461075541
Danville,,208442003,,R-15,0.0,2.9,0.3390951308135236
Danville,,208441031,,R-15,0.0,2.9,0.3433242276800952
Danville,,208441028,,R-15,0.0,2.9,0.3719681460599732
Danville,,208442014,,R-15,0.0,2.9,0.39436690948996955
Danville,,208442015,,R-15,0.0,2.9,0.35008098849579666
Danville,,208441033,,R-15,0.0,2.9,0.36532259177382626
Danville,,208471024,,R-15,0.0,2.9,0.743593617108605
Danville,,208471013,,R-15,0.0,2.9,0.3826305669241738
Danville,,208441029,,R-15,0.0,2.9,0.4264040542286946
Danville,,208441030,,R-15,0.0,2.9,0.3468167091664409
Danville,,208441032,,R-15,0.0,2.9,0.3431285819436636
Danville,,208471014,,R-15,0.0,2.9,0.44760623638459823
Danville,,208472001,,R-15,0.0,2.9,0.35009973239279946
Danville,,208434001,,R-15,0.0,2.9,0.3380274080193426
Danville,,208433001,,R-15,0.0,2.9,0.34180185249552525
Danville,,208432003,,R-15,0.0,2.9,0.344036713613894
Danville,,208432002,,R-15,0.0,2.9,0.3447972423397087
Danville,,208432001,,R-15,0.0,2.9,0.37687846279884735
Danville,,208431011,,R-15,0.0,2.9,0.3458007046489349
Danville,,208431012,,R-15,0.0,2.9,0.34944213004416896
Danville,,208431013,,R-15,0.0,2.9,0.3694089144950583
Danville,,208431009,,R-15,0.0,2.9,0.3462543954335924
Danville,,208431010,,R-15,0.0,2.9,0.33663097250845614
Danville,,208434002,,R-15,0.0,2.9,0.33555212607962914
Danville,,208434003,,R-15,0.0,2.9,0.3383343025648231
Danville,,208540006,,R-15,0.0,2.9,0.34533599440621876
Danville,,208431003,,R-15,0.0,2.9,0.33886285935846283
Danville,,208431005,,R-15,0.0,2.9,0.3474717536136525
Danville,,208431004,,R-15,0.0,2.9,0.35710864958355176
Danville,,208540010,,DBD6,0.0,25.0,2.945
Danville,,208462006,,R-15,0.0,2.9,0.3814608123911429
Danville,,208434004,,R-15,0.0,2.9,0.342649101072067
Danville,,208462005,,R-15,0.0,2.9,0.38526968924934385
Danville,,208462008,,R-15,0.0,2.9,0.4127497410847749
Danville,,208462007,,R-15,0.0,2.9,0.40411321286993673
Danville,,208462009,,R-15,0.0,2.9,0.41084179725168624
Danville,,208462010,,R-15,0.0,2.9,0.3691602797828326
Danville,,208540005,,P-1,0.0,35.0,0.36602646213700946
Danville,,208540005,,R-15,0.0,2.9,0.36602646213700946
Danville,,208540001,,P-1,0.0,35.0,0.34226720522090454
Danville,,208540001,,R-15,0.0,2.9,0.34226720522090454
Danville,,208462001,,R-15,0.0,2.9,0.42597959898455723
Danville,,208462002,,R-15,0.0,2.9,0.37512934816141535
Danville,,208462003,,R-15,0.0,2.9,0.3848265366230647
Danville,,208462004,,R-15,0.0,2.9,0.34523229978571573
Danville,,208472002,,R-15,0.0,2.9,0.34569324112974287
Danville,,208472003,,R-15,0.0,2.9,0.4133588315877709
Danville,,208472004,,R-15,0.0,2.9,0.399322891105815
Danville,,208472005,,R-15,0.0,2.9,0.38737012010646676
Danville,,208471012,,R-15,0.0,2.9,0.37296901643249974
Danville,,208471011,,R-15,0.0,2.9,0.351712262552646
Danville,,208471023,,R-15,0.0,2.9,0.7894677438784139
Danville,,208471004,,R-15,0.0,2.9,0.5261680183925324
Danville,,208471010,,R-15,0.0,2.9,0.37289824769985774
Danville,,208471002,,R-15,0.0,2.9,0.3417597389084811
Danville,,208471003,,R-15,0.0,2.9,0.33780681253651695
Danville,,208390004,,R-15,0.0,2.9,0.4282972030880353
Danville,,208390003,,R-15,0.0,2.9,0.3720269329067253
Danville,,208390002,,R-15,0.0,2.9,0.3721549552552649
Danville,,208461002,,R-15,0.0,2.9,0.3390260586285912
Danville,,208471001,,R-15,0.0,2.9,0.34036895636771386
Danville,,208461001,,R-15,0.0,2.9,0.33619806197514274
Danville,,208390001,,R-15,0.0,2.9,0.3682321827722197
Danville,,208462011,,R-15,0.0,2.9,0.3637632945404139
Danville,,208381017,,R-15,0.0,2.9,0.34132139503138115
Danville,,208381018,,R-15,0.0,2.9,0.34900125846591334
Danville,,208390010,,R-15,0.0,2.9,0.34998887323721745
Danville,,208390009,,R-15,0.0,2.9,0.35453445777197856
Danville,,208390008,,R-15,0.0,2.9,0.35656274988093717
Danville,,208390007,,R-15,0.0,2.9,0.433667984964599
Danville,,208390012,,R-15,0.0,2.9,0.5144048191983518
Danville,,208390011,,R-15,0.0,2.9,0.42405569048854147
Danville,,208390017,,R-15,0.0,2.9,0.5103044311575714
Danville,,208390015,,R-15,0.0,2.9,0.6137588383501925
Danville,,208170001,,A-2,0.0,0.05,1.08
Danville,,208184013,,R-15,0.0,2.9,0.331
Danville,,208390016,,R-15,0.0,2.9,0.7632697075491859
Danville,,208382001,,R-15,0.0,2.9,0.39577326814515223
Danville,,208382002,,R-15,0.0,2.9,0.3716940094734615
Danville,,208381013,,R-15,0.0,2.9,0.3404182468734095
Danville,,208381014,,R-15,0.0,2.9,0.3446387723390801
Danville,,208381007,,R-15,0.0,2.9,0.3644425720849062
Danville,,208381015,,R-15,0.0,2.9,0.3703304397204073
Danville,,208381016,,R-15,0.0,2.9,0.3683935042182436
Danville,,208381006,,R-15,0.0,2.9,0.4276086608327201
Danville,,208381005,,R-15,0.0,2.9,0.4619069900998653
Danville,,208540002,,P-1,0.0,35.0,0.45932708170923847
Danville,,208381004,,R-15,0.0,2.9,0.37651652142949144
Danville,,208381003,,R-15,0.0,2.9,0.3552102528098918
Danville,,208381002,,R-15,0.0,2.9,0.35433524936823557
Danville,,208381008,,R-15,0.0,2.9,0.34747183174853286
Danville,,208381009,,R-15,0.0,2.9,0.348648904496804
Danville,,208381012,,R-15,0.0,2.9,0.3401736137621253
Danville,,208381011,,R-15,0.0,2.9,0.33613399725309406
Danville,,208381010,,R-15,0.0,2.9,0.34835876150947365
Danville,,208381001,,R-15,0.0,2.9,0.35636114394624746
Danville,,207012009,,O-1,0.0,0.0,0.3764262165613053
Danville,,207012008,,O-1,0.0,0.0,0.343631648795086
Danville,,207011009,,O-1,0.0,0.0,0.66
Danville,,208462013,,O-1,0.0,0.0,0.45
Danville,,208540012,,DBD6,0.0,25.0,0.5620756625710034
Danville,,208540003,,P-1,0.0,35.0,0.4900640730316947
Danville,,208540004,,P-1,0.0,35.0,0.406445566885174
Danville,,208540011,,DBD6,0.0,25.0,2.3922251114431763
Danville,,208541011,,DBD8,0.0,25.0,0.68
Danville,,208541008,,DBD8,0.0,25.0,0.8140140927713563
Danville,,208541010,,DBD8,0.0,25.0,0.74
Danville,,208541007,,DBD8,0.0,25.0,0.7211324170584359
Danville,,216070014,,DBD7,0.0,25.0,0.193
Danville,,216070012,,DBD7,0.0,25.0,0.305
Danville,,216070013,,DBD7,0.0,25.0,0.21354889813577088
Danville,,216070004,,DBD7,0.0,25.0,0.6
Danville,,207012001,,O-1,0.0,0.0,0.571
Danville,,207012007,,O-1,0.0,0.0,0.4627394290418254
Danville,,216062024,,R-15,0.0,2.9,0.3834057610041197
Danville,,216062025,,R-15,0.0,2.9,0.45542283902889885
Danville,,216062006,,R-15,0.0,2.9,0.3883666018489212
Danville,,216062007,,R-15,0.0,2.9,0.3486091757071967
Danville,,216062008,,R-15,0.0,2.9,0.38419299788428396
Danville,,216062026,,A-2,0.0,0.05,1.37
Danville,,216062027,,A-2,0.0,0.05,2.118417876253482
Danville,,216061001,,A-2,0.0,0.05,2.06
Danville,,216043001,,A-2,0.0,0.05,0.16233838613083548
Danville,,216080047,,DBD9,0.0,25.0,0.02542436017309154
Danville,,216080048,,DBD9,0.0,25.0,0.022086349555998683
Danville,,216080049,,DBD9,0.0,25.0,0.017923623554258673
Danville,,216080051,,DBD9,0.0,25.0,0.020165378083766488
Danville,,216080050,,DBD9,0.0,25.0,0.019905494293085087
Danville,,216080072,,DBD7,0.0,25.0,1.301
Danville,,216070007,,DBD7,0.0,25.0,2.3984591651962384
Danville,,216070011,,DBD7,0.0,25.0,0.7615302857834383
Danville,,216070015,,DBD7,0.0,25.0,4.162914850067539
Danville,,208541005,,DBD8,0.0,25.0,0.3151848392610738
Danville,,208541004,,DBD8,0.0,25.0,1.204255693573964
Danville,,208541003,,DBD8,0.0,25.0,5.763122253850661
Danville,,208060055,,DBD7,0.0,25.0,0.648
Danville,,208060056,,DBD7,0.0,25.0,0.214
Danville,,208060059,,DBD7,0.0,25.0,3.401
Danville,,208060029,,DBD7,0.0,25.0,0.689
Danville,,216080024,,DBD9,0.0,25.0,0.02424499662862696
Danville,,216080023,,DBD9,0.0,25.0,0.018972076172448712
Danville,,216080022,,DBD9,0.0,25.0,0.01992660709156604
Danville,,216080020,,DBD9,0.0,25.0,0.020108704502404488
Danville,,216080021,,DBD9,0.0,25.0,0.020570746417841276
Danville,,216080019,,DBD9,0.0,25.0,0.02010560480635522
Danville,,216080018,,DBD9,0.0,25.0,0.020059321771633443
Danville,,216080017,,DBD9,0.0,25.0,0.018987717479518773
Danville,,216080015,,DBD9,0.0,25.0,0.019739445362232013
Danville,,216080016,,DBD9,0.0,25.0,0.01901912772361948
Danville,,216080014,,DBD9,0.0,25.0,0.020038785390104768
Danville,,216080013,,DBD9,0.0,25.0,0.02048550775151433
Danville,,216080012,,DBD9,0.0,25.0,0.021559204502959634
Danville,,216080011,,DBD9,0.0,25.0,0.021100929375672994
Danville,,216080010,,DBD9,0.0,25.0,0.02329238218457415
Danville,,216080071,,DBD6,0.0,25.0,0.391
Danville,,216080073,,DBD10,0.0,25.0,0.93
Danville,,216080004,,DBD7,0.0,25.0,0.32
Danville,,216080055,,DBD9,0.0,25.0,0.018497559480016093
Danville,,216080054,,DBD9,0.0,25.0,0.020603399796374235
Danville,,216080052,,DBD9,0.0,25.0,0.019912122893944874
Danville,,216080053,,DBD9,0.0,25.0,0.020034133502879147
Danville,,216080059,,DBD9,0.0,25.0,0.021192663890499824
Danville,,216080060,,DBD9,0.0,25.0,0.023644492591069464
Danville,,216080056,,DBD9,0.0,25.0,0.02468740765375411
Danville,,216080057,,DBD9,0.0,25.0,0.02471523037078532
Danville,,216080058,,DBD9,0.0,25.0,0.022902412874156418
Danville,,216080061,,DBD9,0.0,25.0,0.020066042959158828
Danville,,216080027,,DBD9,0.0,25.0,0.0198754823122662
Danville,,216080062,,DBD9,0.0,25.0,0.02164425149354651
Danville,,216080063,,DBD9,0.0,25.0,0.02310279803918155
Danville,,216080064,,DBD9,0.0,25.0,0.023557649507956302
Danville,,216080066,,DBD9,0.0,25.0,0.025052206833984476
Danville,,216080067,,DBD9,0.0,25.0,0.021240714407947066
Danville,,216080065,,DBD9,0.0,25.0,0.022011214723990286
Danville,,216080046,,DBD9,0.0,25.0,0.02440469859839903
Danville,,216080045,,DBD9,0.0,25.0,0.022286338509191775
Danville,,216080044,,DBD9,0.0,25.0,0.018994409907705505
Danville,,216080068,,DBD9,0.0,25.0,0.022900120355147182
Danville,,216080069,,DBD9,0.0,25.0,0.022169610474628218
Danville,,216080037,,DBD9,0.0,25.0,0.020419234246311715
Danville,,216080039,,DBD9,0.0,25.0,0.01973944034791495
Danville,,216080041,,DBD9,0.0,25.0,0.019074203009809547
Danville,,216080043,,DBD9,0.0,25.0,0.02451527957140924
Danville,,216080042,,DBD9,0.0,25.0,0.0208051838911097
Danville,,216090006,,DBD6,0.0,25.0,0.7710106530443339
Danville,,216080040,,DBD9,0.0,25.0,0.020646582354117763
Danville,,216080038,,DBD9,0.0,25.0,0.020537093437610822
Danville,,216080036,,DBD9,0.0,25.0,0.01850218301772206
Danville,,216090005,,DBD6,0.0,25.0,0.32153646061502217
Danville,,216080035,,DBD9,0.0,25.0,0.021741852230073494
Danville,,216080034,,DBD9,0.0,25.0,0.022097340657604256
Danville,,216080033,,DBD9,0.0,25.0,0.019954024536992132
Danville,,216080032,,DBD9,0.0,25.0,0.020903371436937216
Danville,,216080031,,DBD9,0.0,25.0,0.02185863756835837
Danville,,216080030,,DBD9,0.0,25.0,0.023428565509666925
Danville,,216080029,,DBD9,0.0,25.0,0.020168984952832217
Danville,,216080028,,DBD9,0.0,25.0,0.021147258609745798
Danville,,216080026,,DBD9,0.0,25.0,0.0203294003996701
Danville,,216090004,,DBD6,0.0,25.0,0.37040216178239715
Danville,,216090003,,DBD6,0.0,25.0,0.548
Danville,,216090017,,DBD6,0.0,25.0,0.75
Danville,,216080025,,DBD9,0.0,25.0,0.023020220270233246
Danville,,216080074,,DBD10,0.0,25.0,0.83
Danville,,216080070,,DBD9,0.0,25.0,5.040878605350399
Danville,,208044015,,DBD4,0.0,25.0,0.3304566937446336
Danville,,208051011,,DBD4,0.0,25.0,0.1
Danville,,208044018,,DBD4,0.0,25.0,0.3160925054952475
Danville,,208044017,,DBD4,0.0,25.0,0.4010782244289784
Danville,,208043012,,R-20,0.0,2.18,0.2531757201655031
Danville,,208043020,,DBD4,0.0,25.0,0.16380842419774055
Danville,,216090016,,DBD6,0.0,25.0,0.7763490723155875
Danville,,216090023,,DBD6,0.0,25.0,0.8395492986993136
Danville,,216090019,,DBD6,0.0,25.0,0.6294677594190508
Danville,,216090018,,DBD6,0.0,25.0,0.10538530701263285
Danville,,208043022,,DBD4,0.0,25.0,0.12050713972965281
Danville,,208043021,,DBD4,0.0,25.0,0.0890442262031154
Danville,,208041009,,DBD4,0.0,25.0,0.38096236580358317
Danville,,208340004,,DBD2A,0.0,25.0,4.4
Danville,,208041012,,M-30,20.0,30.0,0.055010565081141063
Danville,,216090015,,DBD6,0.0,25.0,0.21085220102856161
Danville,,216090013,,DBD6,0.0,25.0,0.18
Danville,,216090010,,DBD6,0.0,25.0,0.49104028441009295
Danville,,216101012,,DBD9,0.0,25.0,0.06735413053956817
Danville,,216101023,,DBD9,0.0,25.0,0.0517315992778362
Danville,,216101022,,DBD9,0.0,25.0,0.0724744344586251
Danville,,216101010,,DBD9,0.0,25.0,0.08376785162936136
Danville,,216101015,,DBD9,0.0,25.0,0.10161624009204176
Danville,,216101011,,DBD9,0.0,25.0,0.08220904354194128
Danville,,216101014,,DBD9,0.0,25.0,0.09601753861160066
Danville,,216101013,,DBD9,0.0,25.0,0.10568514794558821
Danville,,216101019,,DBD9,0.0,25.0,0.09
Danville,,216101018,,DBD9,0.0,25.0,0.068
Danville,,216101017,,DBD9,0.0,25.0,0.072
Danville,,216101020,,DBD9,0.0,25.0,0.089
Danville,,216101016,,DBD9,0.0,25.0,0.089
Danville,,216101008,,DBD9,0.0,25.0,0.3904513576437165
Danville,,216101025,,DBD9,0.0,25.0,0.09568666459501628
Danville,,216101021,,DBD9,0.0,25.0,0.11268168821996626
Danville,,216101024,,DBD9,0.0,25.0,0.07483484901707264
Danville,,216090009,,DBD6,0.0,25.0,0.302578386941743
Danville,,216090008,,DBD6,0.0,25.0,0.35868618051263446
Danville,,216090007,,DBD6,0.0,25.0,0.418
Danville,,216400003,,DBD9,0.0,25.0,0.018126403944174294
Danville,,216400006,,DBD9,0.0,25.0,0.018141161407204228
Danville,,216400002,,DBD9,0.0,25.0,0.018350123850007526
Danville,,216400005,,DBD9,0.0,25.0,0.01854535171804333
Danville,,216400001,,DBD9,0.0,25.0,0.018263295515324178
Danville,,216400004,,DBD9,0.0,25.0,0.01819662606628175
Danville,,216400007,,DBD9,0.0,25.0,0.36619594767993785
Danville,,216171008,,R-20,0.0,2.18,0.40466038809151517
Danville,,216171002,,R-20,0.0,2.18,0.3920384008153542
Danville,,216171001,,R-20,0.0,2.18,0.3654943096239443
Danville,,216172018,,R-20,0.0,2.18,0.92
Danville,,216172016,,R-20,0.0,2.18,0.44
Danville,,216172002,,R-20,0.0,2.18,0.469887282150615
Danville,,216171003,,R-20,0.0,2.18,0.29940018862718576
Danville,,216172017,,R-20,0.0,2.18,0.35
Danville,,21616Cxxx,,R-20,0.0,2.18,0.7628337351557608
Danville,,216160012,,R-20,0.0,2.18,0.34
Danville,,216172006,,R-20,0.0,2.18,0.7602019355841803
Danville,,216172005,,R-20,0.0,2.18,0.5200765273173018
Danville,,216171004,,R-20,0.0,2.18,0.2912859324089114
Danville,,216171005,,R-20,0.0,2.18,0.2933933450200922
Danville,,216172019,,R-20,0.0,2.18,0.6665480864382792
Danville,,216172023,,R-20,0.0,2.18,0.538
Danville,,216172024,,R-20,0.0,2.18,1.218
Danville,,216041007,,R-15,0.0,2.9,0.34531588853446427
Danville,,216041006,,R-15,0.0,2.9,0.34287815143658684
Danville,,216041005,,R-15,0.0,2.9,0.34303395843442974
Danville,,216041004,,R-15,0.0,2.9,0.3433968326502642
Danville,,216172010,,R-20,0.0,2.18,0.4091131307095879
Danville,,216041003,,R-15,0.0,2.9,0.34350171200576046
Danville,,216172011,,R-20,0.0,2.18,0.39973597715962694
Danville,,216172025,,R-20,0.0,2.18,0.797
Danville,,216171006,,R-20,0.0,2.18,0.30249480244846505
Danville,,216171007,,R-20,0.0,2.18,0.39455055281463
Danville,,216172021,,R-20,0.0,2.18,0.33913308102791073
Danville,,216041002,,R-15,0.0,2.9,0.3467798150744549
Danville,,216041024,,R-15,0.0,2.9,0.4757147749548368
Danville,,216172020,,R-20,0.0,2.18,0.3311711247359857
Danville,,216041023,,R-15,0.0,2.9,0.4210340464984595
Danville,,216042021,,R-15,0.0,2.9,0.345533912578652
Danville,,216042023,,R-15,0.0,2.9,0.37359346933132836
Danville,,216042024,,R-15,0.0,2.9,0.3393868551121482
Danville,,216042026,,R-15,0.0,2.9,0.3527515181695392
Danville,,216042025,,R-15,0.0,2.9,0.33800625632480946
Danville,,216042020,,R-15,0.0,2.9,0.3492961368898876
Danville,,216042017,,R-15,0.0,2.9,0.34004329724804655
Danville,,216042016,,R-15,0.0,2.9,0.34643223187752137
Danville,,216042015,,R-15,0.0,2.9,0.34758694362579834
Danville,,216042004,,R-15,0.0,2.9,0.3485286082286074
Danville,,216042003,,R-15,0.0,2.9,0.3448396517287199
Danville,,216042018,,R-15,0.0,2.9,0.3426445989729276
Danville,,216042019,,R-15,0.0,2.9,0.34907238881044056
Danville,,216042001,,R-15,0.0,2.9,0.34655578258318603
Danville,,216062010,,R-15,0.0,2.9,0.35322191012327836
Danville,,216062009,,R-15,0.0,2.9,0.3513267443431945
Danville,,216042002,,R-15,0.0,2.9,0.34681352752907035
Danville,,216063004,,R-15,0.0,2.9,0.35770974857378957
Danville,,216063005,,R-15,0.0,2.9,0.42148783267582607
Danville,,216063006,,R-15,0.0,2.9,0.3509131627988396
Danville,,216063007,,R-15,0.0,2.9,0.35291679740775955
Danville,,216063003,,R-15,0.0,2.9,0.34342873316199435
Danville,,216063002,,R-15,0.0,2.9,0.3595744548255669
Danville,,216042005,,R-15,0.0,2.9,0.347371490197111
Danville,,216063001,,R-15,0.0,2.9,0.38134575188484093
Danville,,216053009,,R-15,0.0,2.9,0.47
Danville,,216042008,,R-15,0.0,2.9,0.35762057635015043
Danville,,216042009,,R-15,0.0,2.9,0.34131094451775656
Danville,,216042007,,R-15,0.0,2.9,0.3438399951763831
Danville,,216042010,,R-15,0.0,2.9,0.4051129084993744
Danville,,216042006,,R-15,0.0,2.9,0.3407592351976043
Danville,,216042014,,R-15,0.0,2.9,0.348157221210979
Danville,,216042013,,R-15,0.0,2.9,0.34848527958289577
Danville,,216042011,,R-15,0.0,2.9,0.34762456244242973
Danville,,216042012,,R-15,0.0,2.9,0.3385070641132343
Danville,,216041032,,R-20,0.0,2.18,0.812
Danville,,216041033,,R-15,0.0,2.9,0.697
Danville,,216041010,,R-15,0.0,2.9,0.40639970844539475
Danville,,216041025,,R-15,0.0,2.9,0.2902581272238443
Danville,,216041026,,R-15,0.0,2.9,0.2893663183742637
Danville,,216041019,,R-15,0.0,2.9,0.28929322668482227
Danville,,216041014,,R-15,0.0,2.9,0.5914795757905422
Danville,,216041030,,R-20,0.0,2.18,1.015
Danville,,216041029,,R-20,0.0,2.18,0.929
Danville,,216372002,,R-15,0.0,2.9,0.3445342628610449
Danville,,216372001,,R-15,0.0,2.9,0.343721794805512
Danville,,216182016,,R-20,0.0,2.18,0.9698302242156593
Danville,,216182015,,R-20,0.0,2.18,1.19
Danville,,216041028,,R-20,0.0,2.18,1.094
Danville,,216182008,,R-20,0.0,2.18,0.9162661070560294
Danville,,216181003,,R-20,0.0,2.18,0.7529690174304039
Danville,,216182013,,R-20,0.0,2.18,0.8613918198001839
Danville,,216182014,,R-20,0.0,2.18,0.64
Danville,,216181004,,R-20,0.0,2.18,0.7561482473524289
Danville,,216181005,,R-20,0.0,2.18,0.635009660899435
Danville,,216182009,,R-20,0.0,2.18,1.017406090878138
Danville,,216182010,,R-20,0.0,2.18,1.09
Danville,,216160009,,R-20,0.0,2.18,1.0210605101464072
Danville,,216151001,,R-20,0.0,2.18,0.7122171000435017
Danville,,216181001,,R-20,0.0,2.18,0.6199815430723961
Danville,,216181002,,R-20,0.0,2.18,0.5867919056394275
Danville,,216182001,,R-20,0.0,2.18,1.05
Danville,,216311009,,P-1 (R-15),0.0,2.9,0.48209776792741865
Danville,,216321001,,P-1 (R-15),0.0,2.9,0.487725573152579
Danville,,216321002,,P-1 (R-15),0.0,2.9,0.4970906374312189
Danville,,216321003,,P-1 (R-15),0.0,2.9,0.49491221636012495
Danville,,216182003,,R-20,0.0,2.18,0.919407281598165
Danville,,216182002,,R-20,0.0,2.18,0.9021052376400861
Danville,,216182004,,R-20,0.0,2.18,1.56
Danville,,216321004,,P-1 (R-15),0.0,2.9,0.5130844440805408
Danville,,216321005,,P-1 (R-15),0.0,2.9,0.48422255149182414
Danville,,216321006,,P-1 (R-15),0.0,2.9,0.49214790013684123
Danville,,216327001,,P-1 (R-15),0.0,2.9,0.44447049965597085
Danville,,216324004,,P-1,0.0,35.0,0.3425550768880432
Danville,,216324013,,P-1,0.0,35.0,0.12937828429148013
Danville,,216324014,,P-1,0.0,35.0,0.10249164136673665
Danville,,216324015,,P-1,0.0,35.0,0.09425054350358301
Danville,,216324017,,P-1,0.0,35.0,0.09554124480538419
Danville,,216324016,,P-1,0.0,35.0,0.10187276257348989
Danville,,216324003,,P-1,0.0,35.0,0.28759854403022656
Danville,,216324018,,P-1,0.0,35.0,0.09645852433652764
Danville,,216323013,,P-1,0.0,35.0,0.10540401110007214
Danville,,216323024,,P-1,0.0,35.0,0.10803467517670214
Danville,,216322010,,P-1,0.0,35.0,0.091645351150197
Danville,,216323023,,P-1,0.0,35.0,0.10554752730685873
Danville,,216323022,,P-1,0.0,35.0,0.09790062609824941
Danville,,216323021,,P-1,0.0,35.0,0.09950067121926134
Danville,,216323014,,P-1,0.0,35.0,0.09810230609084905
Danville,,216323015,,P-1,0.0,35.0,0.09943810580725343
Danville,,216323016,,P-1,0.0,35.0,0.10025025373396726
Danville,,216323017,,P-1,0.0,35.0,0.09951985525596672
Danville,,216323018,,P-1,0.0,35.0,0.1507359333314379
Danville,,216323019,,P-1,0.0,35.0,0.14320381191993242
Danville,,216323020,,P-1,0.0,35.0,0.09991984876795573
Danville,,216322011,,P-1,0.0,35.0,0.12191271423838762
Danville,,216322012,,P-1,0.0,35.0,0.11506661432269034
Danville,,216314009,,P-1,0.0,35.0,0.09996175626026665
Danville,,216322013,,P-1,0.0,35.0,0.11316764819385866
Danville,,216322014,,P-1,0.0,35.0,0.15068112219945454
Danville,,216314008,,P-1,0.0,35.0,0.14515351578582159
Danville,,216314010,,P-1,0.0,35.0,0.11005659194865784
Danville,,216314011,,P-1,0.0,35.0,0.12513264567699298
Danville,,216313022,,P-1,0.0,35.0,0.14237754094937802
Danville,,216313021,,P-1,0.0,35.0,0.11585244433237563
Danville,,216313024,,P-1,0.0,35.0,0.13494938269671536
Danville,,216314014,,P-1,0.0,35.0,0.12094167235390953
Danville,,216314013,,P-1,0.0,35.0,0.10885556939073472
Danville,,216314012,,P-1,0.0,35.0,0.10690320250514505
Danville,,216322009,,P-1,0.0,35.0,0.09876283769180642
Danville,,216322008,,P-1,0.0,35.0,0.10727208457261922
Danville,,216325001,,P-1 (R-15),0.0,2.9,0.2783438936677605
Danville,,216012023,,P-1 (R-15),0.0,2.9,0.1003489489463562
Danville,,216012011,,P-1 (R-15),0.0,2.9,0.3210529389687516
Danville,,216012010,,P-1 (R-15),0.0,2.9,0.37385263277391517
Danville,,216326005,,P-1 (R-15),0.0,2.9,0.25342055462761637
Danville,,216325002,,P-1 (R-15),0.0,2.9,0.26681295763062446
Danville,,216326001,,P-1 (R-15),0.0,2.9,0.22777720762239784
Danville,,216326002,,P-1 (R-15),0.0,2.9,0.26274766259417287
Danville,,216326003,,P-1 (R-15),0.0,2.9,0.25821587144064656
Danville,,216326004,,P-1 (R-15),0.0,2.9,0.26012085526684814
Danville,,216012009,,P-1 (R-15),0.0,2.9,0.3341820303889079
Danville,,216012008,,P-1 (R-15),0.0,2.9,0.3327844011292482
Danville,,216012002,,P-1 (R-15),0.0,2.9,0.3718436812225795
Danville,,216012001,,P-1 (R-15),0.0,2.9,0.375126499524171
Danville,,216011023,,P-1 (R-15),0.0,2.9,0.27217670720010906
Danville,,216011022,,P-1 (R-15),0.0,2.9,0.25230960685915754
Danville,,216327009,,P-1 (R-15),0.0,2.9,0.29116013232511123
Danville,,216327008,,P-1 (R-15),0.0,2.9,0.32630491731694417
Danville,,216327007,,P-1 (R-15),0.0,2.9,0.3271548128257174
Danville,,216371005,,R-15,0.0,2.9,0.4689413250351175
Danville,,216327006,,P-1 (R-15),0.0,2.9,0.20966410063085095
Danville,,216371030,,R-15,0.0,2.9,0.4639242821792914
Danville,,216325003,,P-1 (R-15),0.0,2.9,0.2609186337818866
Danville,,216325004,,P-1 (R-15),0.0,2.9,0.2951851251716554
Danville,,216324020,,P-1,0.0,35.0,0.10497099826075079
Danville,,216324019,,P-1,0.0,35.0,0.0991013797816311
Danville,,216324002,,P-1,0.0,35.0,0.26669955759302055
Danville,,216324001,,P-1,0.0,35.0,0.2723975990099735
Danville,,216327005,,P-1 (R-15),0.0,2.9,0.28022775353704854
Danville,,216327004,,P-1 (R-15),0.0,2.9,0.2588152937370638
Danville,,216371031,,R-15,0.0,2.9,0.4281996422221527
Danville,,216327002,,P-1 (R-15),0.0,2.9,0.30107064485326174
Danville,,216327003,,P-1 (R-15),0.0,2.9,0.25307861181629476
Danville,,216371016,,R-15,0.0,2.9,0.34506308821030046
Danville,,216371017,,R-15,0.0,2.9,0.37943388496357827
Danville,,216371029,,R-15,0.0,2.9,0.34771121046035636
Danville,,216371018,,R-15,0.0,2.9,0.34494963375688303
Danville,,216371011,,R-15,0.0,2.9,0.36705165740430945
Danville,,216371010,,R-15,0.0,2.9,0.3430728623843577
Danville,,216371009,,R-15,0.0,2.9,0.34511324403312704
Danville,,216371007,,R-15,0.0,2.9,0.34050255723930656
Danville,,216371006,,R-15,0.0,2.9,0.34325411863833005
Danville,,216371012,,R-15,0.0,2.9,0.34733090716078235
Danville,,216371004,,R-15,0.0,2.9,0.36944074187907366
Danville,,216371003,,R-15,0.0,2.9,0.4519364457587784
Danville,,216192012,,P-1 (R-15),0.0,2.9,0.24976635248598786
Danville,,216192011,,P-1 (R-15),0.0,2.9,0.27138347369948823
Danville,,216371002,,R-15,0.0,2.9,0.3438430392816527
Danville,,216371001,,R-15,0.0,2.9,0.34687145913230205
Danville,,216192001,,P-1 (R-15),0.0,2.9,0.2273014661489493
Danville,,216193027,,P-1 (R-15),0.0,2.9,0.23216296057101288
Danville,,216380025,,R-15,0.0,2.9,0.3520165175771332
Danville,,216371008,,R-15,0.0,2.9,0.34809940899396097
Danville,,216380023,,R-15,0.0,2.9,0.34715282344189
Danville,,216380024,,R-15,0.0,2.9,0.3459987091166805
Danville,,216193026,,P-1 (R-15),0.0,2.9,0.2303534445113732
Danville,,216193025,,P-1 (R-15),0.0,2.9,0.2253711628228466
Danville,,216193024,,P-1 (R-15),0.0,2.9,0.23189681317630265
Danville,,216380022,,R-15,0.0,2.9,0.35633386365063086
Danville,,216380021,,R-15,0.0,2.9,0.3505156621392198
Danville,,216193023,,P-1 (R-15),0.0,2.9,0.2281658216833591
Danville,,216193022,,P-1 (R-15),0.0,2.9,0.22418590450946949
Danville,,216193021,,P-1 (R-15),0.0,2.9,0.22385768344879242
Danville,,216193020,,P-1 (R-15),0.0,2.9,0.24776726575957017
Danville,,216380011,,R-15,0.0,2.9,0.3480955859702146
Danville,,216380012,,R-15,0.0,2.9,0.3919520234990103
Danville,,216380020,,R-15,0.0,2.9,0.34285422579542185
Danville,,216380013,,R-15,0.0,2.9,0.3440747209613935
Danville,,216380014,,R-15,0.0,2.9,0.3504764925401676
Danville,,216380019,,R-15,0.0,2.9,0.34153546835253035
Danville,,216380018,,R-15,0.0,2.9,0.34663629387529166
Danville,,216380017,,R-15,0.0,2.9,0.3444123186297
Danville,,216380015,,R-15,0.0,2.9,0.37279465918629934
Danville,,216380016,,R-15,0.0,2.9,0.35558323698805927
Danville,,216380005,,R-15,0.0,2.9,0.3568593591667581
Danville,,216380004,,R-15,0.0,2.9,0.3586849658003454
Danville,,216380003,,R-15,0.0,2.9,0.3858493163607799
Danville,,216380027,,P-1,0.0,35.0,0.6940634508835073
Danville,,21603Cxxx,,R-15,0.0,2.9,1.169285083642456
Danville,,216380001,,R-15,0.0,2.9,0.33789000269132047
Danville,,216372006,,R-15,0.0,2.9,0.34009489667768644
Danville,,216372007,,R-15,0.0,2.9,0.07933646891986787
Danville,,216380002,,R-15,0.0,2.9,0.42765027570353126
Danville,,216371023,,R-15,0.0,2.9,0.3447646351532799
Danville,,216371022,,R-15,0.0,2.9,0.34612404224100196
Danville,,216371021,,R-15,0.0,2.9,0.3460839708378336
Danville,,216371020,,R-15,0.0,2.9,0.3462818886993514
Danville,,216371019,,R-15,0.0,2.9,0.34295283437751833
Danville,,216371024,,R-15,0.0,2.9,0.33684601058424035
Danville,,216371025,,R-15,0.0,2.9,0.3346372674012772
Danville,,216371026,,R-15,0.0,2.9,0.34618801713909747
Danville,,216371027,,R-15,0.0,2.9,0.3442954785642268
Danville,,216371028,,R-15,0.0,2.9,0.34210452921630785
Danville,,216372003,,R-15,0.0,2.9,0.34493720308037956
Danville,,216372004,,R-15,0.0,2.9,0.3755412647365222
Danville,,216372005,,R-15,0.0,2.9,0.3488766602767112
Danville,,216041016,,R-15,0.0,2.9,0.6853833037650942
Danville,,216051001,,R-15,0.0,2.9,0.34170889465722426
Danville,,216372008,,R-15,0.0,2.9,0.22820804836178088
Danville,,216372009,,R-15,0.0,2.9,0.010711560477675545
Danville,,216030002,,R-15,0.0,2.9,0.2
Danville,,216051002,,R-15,0.0,2.9,0.4073588383713214
Danville,,216051003,,R-15,0.0,2.9,0.48832333241701387
Danville,,216051004,,R-15,0.0,2.9,0.4480228103873897
Danville,,216053003,,R-15,0.0,2.9,0.3421962832462459
Danville,,216052004,,R-15,0.0,2.9,0.34363480911499983
Danville,,216053002,,R-15,0.0,2.9,0.3492093101812404
Danville,,216053004,,R-15,0.0,2.9,0.34479521818091025
Danville,,216053005,,R-15,0.0,2.9,0.3426915805053486
Danville,,216041015,,R-15,0.0,2.9,0.34485367249897536
Danville,,216053008,,R-15,0.0,2.9,0.55
Danville,,216063008,,R-15,0.0,2.9,0.37508494227008704
Danville,,216053001,,R-15,0.0,2.9,0.35950668437080247
Danville,,216062004,,R-15,0.0,2.9,0.34422663471511256
Danville,,216062005,,R-15,0.0,2.9,0.3464792702484753
Danville,,216062011,,R-15,0.0,2.9,0.3437412792414114
Danville,,216062012,,R-15,0.0,2.9,0.3701871173857745
Danville,,216062013,,R-15,0.0,2.9,0.37455281097554033
Danville,,216062014,,R-15,0.0,2.9,0.353921832152234
Danville,,216062003,,R-15,0.0,2.9,0.36704953841760535
Danville,,216062019,,R-15,0.0,2.9,0.3447839493044223
Danville,,216062018,,R-15,0.0,2.9,0.36798867491317844
Danville,,216062015,,R-15,0.0,2.9,0.37066731574407225
Danville,,216062017,,R-15,0.0,2.9,0.6431763897272156
Danville,,216052002,,R-15,0.0,2.9,0.3495329985323799
Danville,,216052003,,R-15,0.0,2.9,0.35909397454622394
Danville,,216062016,,R-15,0.0,2.9,0.3659636488002751
Danville,,216052005,,R-15,0.0,2.9,0.3426009317630963
Danville,,216051007,,R-15,0.0,2.9,0.35140722604061214
Danville,,216051005,,R-15,0.0,2.9,0.4780819864681326
Danville,,216051006,,R-15,0.0,2.9,0.34417042568386513
Danville,,216051014,,R-15,0.0,2.9,0.3444242033175924
Danville,,216051015,,R-15,0.0,2.9,0.3464485103875385
Danville,,216052001,,R-15,0.0,2.9,0.34433548173717116
Danville,,207181025,,R-15,0.0,2.9,0.37561311031497285
Danville,,207194004,,R-15,0.0,2.9,0.35561608763997454
Danville,,207194003,,R-15,0.0,2.9,0.3473512813992914
Danville,,207193003,,R-15,0.0,2.9,0.34481053947736956
Danville,,207193006,,R-15,0.0,2.9,0.3579326643224076
Danville,,207194002,,R-15,0.0,2.9,0.343949702335179
Danville,,207194001,,R-15,0.0,2.9,0.34343322582235997
Danville,,207211023,,R-15,0.0,2.9,0.3711633701944198
Danville,,21603Cxxx,,P-1,0.0,35.0,1.169285083642456
Danville,,216051011,,R-15,0.0,2.9,0.34627673674619247
Danville,,216051012,,R-15,0.0,2.9,0.33693638894012523
Danville,,216051013,,R-15,0.0,2.9,0.34009550758319823
Danville,,216051010,,R-15,0.0,2.9,0.3508696145136715
Danville,,216051008,,R-15,0.0,2.9,0.34237643853390554
Danville,,216051009,,R-15,0.0,2.9,0.49397284839484223
Danville,,216380007,,R-15,0.0,2.9,0.3739942421320646
Danville,,216380006,,R-15,0.0,2.9,0.34952288272146836
Danville,,216380008,,R-15,0.0,2.9,0.3631644703645724
Danville,,216380010,,R-15,0.0,2.9,0.36742772863500284
Danville,,216193043,,R-15,0.0,2.9,0.40956432753720007
Danville,,216380026,,R-15,0.0,2.9,0.8361236273819649
Danville,,216193042,,R-15,0.0,2.9,0.34218942566402144
Danville,,216380028,,P-1,0.0,35.0,0.0569523398077293
Danville,,216380009,,R-15,0.0,2.9,0.3463966961403885
Danville,,207410006,,R-15,0.0,2.9,0.43069852229057504
Danville,,207410005,,R-15,0.0,2.9,0.35570312783456187
Danville,,207410007,,R-15,0.0,2.9,0.5592924777008086
Danville,,207410008,,R-15,0.0,2.9,0.5813441929892977
Danville,,207211008,,R-15,0.0,2.9,0.34558019782371263
Danville,,207211009,,R-15,0.0,2.9,0.4069995195899043
Danville,,207211007,,R-15,0.0,2.9,0.371452013332979
Danville,,207211006,,R-15,0.0,2.9,0.36252108082232987
Danville,,207211019,,R-15,0.0,2.9,0.40440527689453787
Danville,,207211020,,R-15,0.0,2.9,0.5161060052474445
Danville,,207211021,,R-15,0.0,2.9,0.46969451889992053
Danville,,207211022,,R-15,0.0,2.9,0.37955551036661883
Danville,,207212013,,R-15,0.0,2.9,0.38074972236789767
Danville,,207212012,,R-15,0.0,2.9,0.3565736701069368
Danville,,207202023,,R-15,0.0,2.9,0.3847936601616904
Danville,,207202024,,R-15,0.0,2.9,0.34353650424503795
Danville,,207212014,,R-15,0.0,2.9,0.3639369627532708
Danville,,207193001,,R-15,0.0,2.9,0.3449862862009399
Danville,,207193008,,R-15,0.0,2.9,0.37513643988871104
Danville,,207193002,,R-15,0.0,2.9,0.3411193229381873
Danville,,207193007,,R-15,0.0,2.9,0.3657389539663887
Danville,,207202019,,R-15,0.0,2.9,0.3453141999099712
Danville,,207202020,,R-15,0.0,2.9,0.34360971083366654
Danville,,207202025,,R-15,0.0,2.9,0.365
Danville,,207202026,,R-15,0.0,2.9,0.397
Danville,,207202021,,R-15,0.0,2.9,0.352684406893503
Danville,,207202015,,R-15,0.0,2.9,0.36448247947746526
Danville,,207212009,,R-15,0.0,2.9,0.39131443868247134
Danville,,207212011,,R-15,0.0,2.9,0.36276146221867855
Danville,,207212010,,R-15,0.0,2.9,0.36488100046368976
Danville,,207212007,,R-15,0.0,2.9,0.36060492977048325
Danville,,207212006,,R-15,0.0,2.9,0.3559488118234314
Danville,,207212008,,R-15,0.0,2.9,0.36265955891283613
Danville,,207202012,,R-15,0.0,2.9,0.3500678627346777
Danville,,207202011,,R-15,0.0,2.9,0.34591810886679564
Danville,,207202010,,R-15,0.0,2.9,0.3522356819944095
Danville,,207202003,,R-15,0.0,2.9,0.36189059253530137
Danville,,207202013,,R-15,0.0,2.9,0.3867211977677463
Danville,,207202002,,R-15,0.0,2.9,0.3539720918555074
Danville,,207202014,,R-15,0.0,2.9,0.35632300577310344
Danville,,207202001,,R-15,0.0,2.9,0.3487231787527738
Danville,,207271002,,R-15,0.0,2.9,0.3569828326275245
Danville,,207271003,,R-15,0.0,2.9,0.3449944099621642
Danville,,207202004,,R-15,0.0,2.9,0.34864612158805963
Danville,,207271004,,R-15,0.0,2.9,0.34562138345914917
Danville,,207271013,,R-15,0.0,2.9,0.36198115925178714
Danville,,207271012,,R-15,0.0,2.9,0.3841689209783407
Danville,,207271014,,R-15,0.0,2.9,0.3510028347752366
Danville,,207271015,,R-15,0.0,2.9,0.35445315903607477
Danville,,207271016,,R-15,0.0,2.9,0.4257069402054916
Danville,,207271001,,R-15,0.0,2.9,0.39013839111574283
Danville,,207201002,,R-15,0.0,2.9,0.35892343400425714
Danville,,207202016,,R-15,0.0,2.9,0.3473203825257622
Danville,,207201001,,R-15,0.0,2.9,0.345316406715797
Danville,,207202017,,R-15,0.0,2.9,0.3494062334437408
Danville,,207202018,,R-15,0.0,2.9,0.3474785200703587
Danville,,207191001,,R-15,0.0,2.9,0.3473578128455821
Danville,,207191002,,R-15,0.0,2.9,0.35044005240603576
Danville,,207191003,,R-15,0.0,2.9,0.3978209564761577
Danville,,207192001,,R-15,0.0,2.9,0.3789473385084529
Danville,,207192006,,R-15,0.0,2.9,0.34513395959597504
Danville,,207192005,,R-15,0.0,2.9,0.34907886733689614
Danville,,207192004,,R-15,0.0,2.9,0.3640217521565524
Danville,,207192003,,R-15,0.0,2.9,0.3610089115280647
Danville,,207192002,,R-15,0.0,2.9,0.35227624517599493
Danville,,207181002,,R-15,0.0,2.9,0.37867064904775044
Danville,,207181003,,R-15,0.0,2.9,0.404507938399172
Danville,,207181004,,R-15,0.0,2.9,0.43325953926437966
Danville,,207231008,,A-2,0.0,0.05,11.163
Danville,,207181001,,R-15,0.0,2.9,0.35350523013489576
Danville,,207221085,,M-13,8.0,13.0,0.021550591880954775
Danville,,207221086,,M-13,8.0,13.0,0.022854104352371365
Danville,,207221087,,M-13,8.0,13.0,0.024033585247113614
Danville,,207221084,,M-13,8.0,13.0,0.022870680042398308
Danville,,207221083,,M-13,8.0,13.0,0.04864411225826518
Danville,,207221082,,M-13,8.0,13.0,0.048229067273540524
Danville,,207221081,,M-13,8.0,13.0,0.022561731373043934
Danville,,207021032,,P-1,0.0,35.0,2.51
Danville,,207221046,,M-13,8.0,13.0,0.048227088612096264
Danville,,207221045,,M-13,8.0,13.0,0.021741515070046583
Danville,,207221043,,M-13,8.0,13.0,0.051090867929764174
Danville,,207221042,,M-13,8.0,13.0,0.0497151886586984
Danville,,207221044,,M-13,8.0,13.0,0.02396748308933864
Danville,,207221049,,M-13,8.0,13.0,0.022756604990776502
Danville,,207221047,,M-13,8.0,13.0,0.02399022124112526
Danville,,207221048,,M-13,8.0,13.0,0.021150775032018117
Danville,,207221050,,M-13,8.0,13.0,0.04472542411695277
Danville,,207221051,,M-13,8.0,13.0,0.050312535529384604
Danville,,207221052,,M-13,8.0,13.0,0.023365436841719933
Danville,,207221053,,M-13,8.0,13.0,0.023694571785474346
Danville,,207221054,,M-13,8.0,13.0,0.02154777542604094
Danville,,207221055,,M-13,8.0,13.0,0.02235897407502245
Danville,,207221033,,M-13,8.0,13.0,0.02419256483925349
Danville,,207221034,,M-13,8.0,13.0,0.020843012067261277
Danville,,207221035,,M-13,8.0,13.0,0.023692813230603866
Danville,,207221036,,M-13,8.0,13.0,0.04999848105147074
Danville,,207221038,,M-13,8.0,13.0,0.023475690376072486
Danville,,207221039,,M-13,8.0,13.0,0.0216192784019591
Danville,,207221040,,M-13,8.0,13.0,0.019933267304712617
Danville,,207221041,,M-13,8.0,13.0,0.02414336897875908
Danville,,207221037,,M-13,8.0,13.0,0.0496375359272676
Danville,,207221105,,M-13,8.0,13.0,6.311480241433057
Danville,,207021031,,P-1,0.0,35.0,2.51
Danville,,207021030,,P-1,0.0,35.0,4.73
Danville,,207181015,,R-15,0.0,2.9,0.35950210197155497
Danville,,207181005,,R-15,0.0,2.9,0.40388022199514434
Danville,,207181007,,R-15,0.0,2.9,0.4322265477980018
Danville,,207181006,,R-15,0.0,2.9,0.34917742489792325
Danville,,207181008,,R-15,0.0,2.9,0.49400080894350384
Danville,,207181014,,R-15,0.0,2.9,0.35431832737370894
Danville,,207181013,,R-15,0.0,2.9,0.34826126736106
Danville,,207181009,,R-15,0.0,2.9,0.34522627827658875
Danville,,207193004,,R-15,0.0,2.9,0.35249091299060564
Danville,,207193005,,R-15,0.0,2.9,0.35420306269424684
Danville,,207181011,,R-15,0.0,2.9,0.3655528776540635
Danville,,207181010,,R-15,0.0,2.9,0.34633592156858173
Danville,,207181012,,R-15,0.0,2.9,0.34391402859021275
Danville,,207181023,,R-15,0.0,2.9,0.34512134767908076
Danville,,207181024,,R-15,0.0,2.9,0.3472284492581183
Danville,,207181021,,R-15,0.0,2.9,0.3513433857021636
Danville,,207181022,,R-15,0.0,2.9,0.35485629976947963
Danville,,207181017,,R-15,0.0,2.9,0.34895370615797383
Danville,,207181016,,R-15,0.0,2.9,0.387229219539901
Danville,,207181018,,R-15,0.0,2.9,0.36502580395528383
Danville,,207181019,,R-15,0.0,2.9,0.3467822948664513
Danville,,207181020,,R-15,0.0,2.9,0.3923189539698199
Danville,,216062020,,R-15,0.0,2.9,0.34556721668266344
Danville,,216062021,,R-15,0.0,2.9,0.3497105654818454
Danville,,216062022,,R-15,0.0,2.9,0.378027378823936
Danville,,216062023,,R-15,0.0,2.9,0.38182502642238597
Danville,,207023001,,G-1,0.0,0.0,0.288
Danville,,207023002,,G-1,0.0,0.0,0.95
Danville,,207023003,,G-1,0.0,0.0,0.9
Danville,,207012010,,O-1,0.0,0.0,0.4327712225904907
Danville,,207012006,,O-1,0.0,0.0,1.19
Danville,,207023004,,G-1,0.0,0.0,0.4
Danville,,207021026,,P-1,0.0,35.0,0.3286916318812606
Danville,,207500001,,P-1,0.0,35.0,0.019820415491958673
Danville,,207500002,,P-1,0.0,35.0,0.0198204288622365
Danville,,207221002,,M-13,8.0,13.0,0.02350042293883992
Danville,,207221003,,M-13,8.0,13.0,0.0214030190458932
Danville,,207221014,,M-13,8.0,13.0,0.9710885205036534
Danville,,207221104,,M-13,8.0,13.0,2.3405268364921445
Danville,,207500003,,P-1,0.0,35.0,0.021766892067986012
Danville,,207500004,,P-1,0.0,35.0,0.02176720970432701
Danville,,207500006,,P-1,0.0,35.0,0.022108152645901345
Danville,,207500005,,P-1,0.0,35.0,0.022108821395016468
Danville,,207500007,,P-1,0.0,35.0,0.02096961432870482
Danville,,207500008,,P-1,0.0,35.0,0.020971009599801704
Danville,,207500009,,P-1,0.0,35.0,0.43711200116163806
Danville,,207221031,,M-13,8.0,13.0,0.020191670515664034
Danville,,207221032,,M-13,8.0,13.0,0.024231168310553726
Danville,,207221030,,M-13,8.0,13.0,0.020610013613647393
Danville,,207221029,,M-13,8.0,13.0,0.021526012406522344
Danville,,207221008,,M-13,8.0,13.0,0.022418260801765403
Danville,,207221007,,M-13,8.0,13.0,0.022515901659442956
Danville,,207221006,,M-13,8.0,13.0,0.020663404163459544
Danville,,207221004,,M-13,8.0,13.0,0.023555575885629582
Danville,,207221005,,M-13,8.0,13.0,0.020635674492080605
Danville,,207221009,,M-13,8.0,13.0,0.04878977373019983
Danville,,207221028,,M-13,8.0,13.0,0.023163964847579117
Danville,,207221027,,M-13,8.0,13.0,0.024099109868263788
Danville,,207221026,,M-13,8.0,13.0,0.020331024066770845
Danville,,207221025,,M-13,8.0,13.0,0.04854116446032611
Danville,,207221024,,M-13,8.0,13.0,0.02074371242498999
Danville,,207221023,,M-13,8.0,13.0,0.020640584665124764
Danville,,207221022,,M-13,8.0,13.0,0.023105061425479644
Danville,,207221021,,M-13,8.0,13.0,0.5996842672073776
Danville,,207221013,,M-13,8.0,13.0,0.048119518155044644
Danville,,207221012,,M-13,8.0,13.0,0.021811296019217555
Danville,,207221011,,M-13,8.0,13.0,0.021982000326630082
Danville,,207221010,,M-13,8.0,13.0,0.021676011695403112
Danville,,208190021,,P-1,0.0,35.0,1.96
Danville,,207011010,,P-1,0.0,35.0,1.79
Danville,,207490013,,M-13,8.0,13.0,1.06
Danville,,207490011,,M-13,8.0,13.0,0.01263356585286148
Danville,,207490012,,M-13,8.0,13.0,0.01317353059123755
Danville,,207490005,,M-13,8.0,13.0,0.012316070958060575
Danville,,207490006,,M-13,8.0,13.0,0.012708472558949292
Danville,,207011002,,O-1,0.0,0.0,0.51
Danville,,207490010,,M-13,8.0,13.0,0.013355835529744994
Danville,,207490009,,M-13,8.0,13.0,0.012907309647370756
Danville,,207490008,,M-13,8.0,13.0,0.01285001771860344
Danville,,207490007,,M-13,8.0,13.0,0.01347018196767772
Danville,,207011006,,M-13,8.0,13.0,0.24
Danville,,207011004,,P-1,0.0,35.0,0.54
Danville,,207011005,,M-13,8.0,13.0,0.25
Danville,,207490004,,M-13,8.0,13.0,0.013104290281588722
Danville,,207490003,,M-13,8.0,13.0,0.012877500771873976
Danville,,207490001,,M-13,8.0,13.0,0.012587527332788107
Danville,,207490002,,M-13,8.0,13.0,0.012935878848580641
Danville,,208382005,,R-15,0.0,2.9,0.3456078025564119
Danville,,208184010,,R-15,0.0,2.9,0.393
Danville,,208670007,,M-13,8.0,13.0,0.4531813083371896
Danville,,208190020,,P-1,0.0,35.0,0.92
Danville,,208670006,,M-13,8.0,13.0,0.024895905833119826
Danville,,208670005,,M-13,8.0,13.0,0.012161353957854197
Danville,,208670001,,M-13,8.0,13.0,0.013405371316870841
Danville,,208670002,,M-13,8.0,13.0,0.01254932804677732
Danville,,208190028,,M-13,8.0,13.0,0.074
Danville,,208670003,,M-13,8.0,13.0,0.011936075847859537
Danville,,208670004,,M-13,8.0,13.0,0.011941793122945986
Danville,,208190030,,M-13,8.0,13.0,0.047
Danville,,208190031,,M-13,8.0,13.0,0.045
Danville,,208190026,,M-13,8.0,13.0,0.29
Danville,,208181002,,R-15,0.0,2.9,0.3353955466963684
Danville,,208190029,,M-13,8.0,13.0,0.228
Danville,,208181001,,R-15,0.0,2.9,0.38341806223456204
Danville,,208182017,,R-15,0.0,2.9,0.30068527613384893
Danville,,208182014,,R-15,0.0,2.9,0.30484052443961807
Danville,,208184009,,R-15,0.0,2.9,0.41251044203620285
Danville,,208184007,,R-15,0.0,2.9,0.18
Danville,,208184011,,R-15,0.0,2.9,0.404
Danville,,208382004,,R-15,0.0,2.9,0.3530761629148925
Danville,,208382003,,R-15,0.0,2.9,0.363554956002109
Danville,,208184012,,R-15,0.0,2.9,0.389
Danville,,208184003,,R-15,0.0,2.9,0.28668405147560777
Danville,,208184004,,R-15,0.0,2.9,0.2782086644772669
Danville,,208182015,,R-15,0.0,2.9,0.2922137312457182
Danville,,208184002,,R-15,0.0,2.9,0.32814230900139624
Danville,,208184001,,A-2,0.0,0.05,0.30632570067661063
Danville,,208183003,,R-15,0.0,2.9,0.3327519893534196
Danville,,208182020,,R-15,0.0,2.9,0.2792352129511359
Danville,,208182016,,R-15,0.0,2.9,0.3126489315485309
Danville,,208182021,,R-15,0.0,2.9,0.3044799361685064
Danville,,208182008,,R-15,0.0,2.9,0.2789869923790188
Danville,,208182009,,R-15,0.0,2.9,0.2733942852331096
Danville,,208182010,,R-15,0.0,2.9,0.2721972990595607
Danville,,208182019,,R-15,0.0,2.9,0.3091984778591011
Danville,,208182018,,R-15,0.0,2.9,0.3384692110401153
Danville,,208182013,,R-15,0.0,2.9,0.2871050444309798
Danville,,208182012,,R-15,0.0,2.9,0.28822118876939257
Danville,,208182011,,R-15,0.0,2.9,0.27140013431598276
Danville,,208181003,,R-15,0.0,2.9,0.33307043225848104
Danville,,208181004,,R-15,0.0,2.9,0.3349315549143075
Danville,,208181005,,R-15,0.0,2.9,0.3341124181356754
Danville,,208181006,,R-15,0.0,2.9,0.3462477679482599
Danville,,208302018,,R-15,0.0,2.9,0.4069944729510709
Danville,,208182001,,R-15,0.0,2.9,0.3209725807272302
Danville,,208182002,,R-15,0.0,2.9,0.32928722950418426
Danville,,208182003,,R-15,0.0,2.9,0.3233263462832005
Danville,,208182004,,R-15,0.0,2.9,0.32561676250165267
Danville,,208302023,,R-15,0.0,2.9,0.4027053739008412
Danville,,208302022,,R-15,0.0,2.9,0.43777328040271646
Danville,,208302019,,R-15,0.0,2.9,0.3469565758516437
Danville,,208302003,,R-15,0.0,2.9,0.3837689625180855
Danville,,208302004,,R-15,0.0,2.9,0.3378080726545264
Danville,,208302013,,R-15,0.0,2.9,0.3747509968904326
Danville,,208302014,,R-15,0.0,2.9,0.3689334108700022
Danville,,208301003,,R-15,0.0,2.9,0.3793895023867315
Danville,,208301004,,R-15,0.0,2.9,0.3587297469375626
Danville,,208301005,,R-15,0.0,2.9,0.35574708280392364
Danville,,208301006,,R-15,0.0,2.9,0.3539893165972066
Danville,,208400018,,M-13,8.0,13.0,0.051820394963624075
Danville,,208400020,,M-13,8.0,13.0,0.037492623877201564
Danville,,208400019,,M-13,8.0,13.0,0.05182890901097174
Danville,,208301002,,R-15,0.0,2.9,0.4086925547559382
Danville,,208400021,,M-13,8.0,13.0,0.037233256226216
Danville,,208400022,,M-13,8.0,13.0,0.05345180147478794
Danville,,208400023,,M-13,8.0,13.0,0.0529439116931415
Danville,,208400033,,M-13,8.0,13.0,0.051791008616056566
Danville,,208400035,,M-13,8.0,13.0,0.03688769740819237
Danville,,208400034,,M-13,8.0,13.0,0.036992823894928285
Danville,,208400026,,M-13,8.0,13.0,0.05160607635048837
Danville,,208400025,,M-13,8.0,13.0,0.03872580322840018
Danville,,208400024,,M-13,8.0,13.0,0.03685487354916095
Danville,,208400007,,M-13,8.0,13.0,0.0372685386958282
Danville,,208400008,,M-13,8.0,13.0,0.03842771415380876
Danville,,208400005,,M-13,8.0,13.0,0.05330560782773552
Danville,,208400006,,M-13,8.0,13.0,0.03840197183197812
Danville,,208400004,,M-13,8.0,13.0,0.051973317113018204
Danville,,208400017,,M-13,8.0,13.0,0.03856052872997387
Danville,,208400016,,M-13,8.0,13.0,0.03749589750475865
Danville,,208400015,,M-13,8.0,13.0,0.05149683565052431
Danville,,208301007,,R-15,0.0,2.9,0.3648994767422522
Danville,,208400001,,M-13,8.0,13.0,0.053497924544545335
Danville,,208400002,,M-13,8.0,13.0,0.037153059658719303
Danville,,208400003,,M-13,8.0,13.0,0.038095062493943156
Danville,,208190027,,P-1,0.0,35.0,2.023
Danville,,208190024,,P-1,0.0,35.0,2.336
Danville,,208400009,,M-13,8.0,13.0,0.03833569079969546
Danville,,208400010,,M-13,8.0,13.0,0.053805759841033016
Danville,,208400011,,M-13,8.0,13.0,0.05206825448872823
Danville,,208400012,,M-13,8.0,13.0,0.037468991362715864
Danville,,208400013,,M-13,8.0,13.0,0.03971237836150225
Danville,,208400014,,M-13,8.0,13.0,0.053756804736686814
Danville,,208400031,,M-13,8.0,13.0,0.03704002443289581
Danville,,208400029,,M-13,8.0,13.0,0.03722217293104423
Danville,,208400030,,M-13,8.0,13.0,0.03793775350670532
Danville,,208400028,,M-13,8.0,13.0,0.038724713642818216
Danville,,208400027,,M-13,8.0,13.0,0.05145657674351624
Danville,,207221015,,M-13,8.0,13.0,0.04990777748304932
Danville,,207221016,,M-13,8.0,13.0,0.023815358842636424
Danville,,207221017,,M-13,8.0,13.0,0.020301592311003397
Danville,,207221019,,M-13,8.0,13.0,0.01979787679568881
Danville,,207221018,,M-13,8.0,13.0,0.02360944824860908
Danville,,207221020,,M-13,8.0,13.0,0.04941984864967375
Danville,,208400032,,M-13,8.0,13.0,0.05319793217622781
Danville,,208400042,,M-13,8.0,13.0,0.053259523770992245
Danville,,208410018,,M-13,8.0,13.0,0.03887322691081803
Danville,,208410020,,M-13,8.0,13.0,0.036505641248314354
Danville,,208410019,,M-13,8.0,13.0,0.03807559454729811
Danville,,208410022,,M-13,8.0,13.0,0.02385451125509865
Danville,,208410023,,M-13,8.0,13.0,0.024336386399033884
Danville,,208410024,,M-13,8.0,13.0,0.02223981415689174
Danville,,208410021,,M-13,8.0,13.0,0.023159405245635246
Danville,,208410030,,M-13,8.0,13.0,0.022691326063075886
Danville,,208410029,,M-13,8.0,13.0,0.02361725528755895
Danville,,208410028,,M-13,8.0,13.0,0.024305275801652836
Danville,,208410006,,M-13,8.0,13.0,0.02312100886583668
Danville,,208410007,,M-13,8.0,13.0,0.022282335153090582
Danville,,208410027,,M-13,8.0,13.0,0.02401000888213239
Danville,,208410025,,M-13,8.0,13.0,0.02466757006314209
Danville,,208410026,,M-13,8.0,13.0,0.021941782710764617
Danville,,208410008,,M-13,8.0,13.0,0.024481425171919934
Danville,,208410009,,M-13,8.0,13.0,0.022600919858786442
Danville,,208410010,,M-13,8.0,13.0,0.02285546593513625
Danville,,208410017,,M-13,8.0,13.0,0.023548628811594943
Danville,,208410016,,M-13,8.0,13.0,0.021421369153633896
Danville,,208410015,,M-13,8.0,13.0,0.022990836683844173
Danville,,208410014,,M-13,8.0,13.0,0.025069910233397982
Danville,,208410013,,M-13,8.0,13.0,0.023044966438570163
Danville,,208410077,,M-13,8.0,13.0,5.801
Danville,,208410012,,M-13,8.0,13.0,0.022265412224393558
Danville,,208410011,,M-13,8.0,13.0,0.02315829142181207
Danville,,208400041,,M-13,8.0,13.0,0.03601092956582625
Danville,,208400040,,M-13,8.0,13.0,0.037220385531598815
Danville,,208400039,,M-13,8.0,13.0,0.03785324205415433
Danville,,208400038,,M-13,8.0,13.0,0.03767057869044835
Danville,,208400037,,M-13,8.0,13.0,0.0522653625630119
Danville,,208400036,,M-13,8.0,13.0,0.05189370310148843
Danville,,208410002,,M-13,8.0,13.0,0.023784117097266428
Danville,,208301001,,R-15,0.0,2.9,0.3743801155809576
Danville,,208410004,,M-13,8.0,13.0,0.03617700306664715
Danville,,208410003,,M-13,8.0,13.0,0.021408321180598853
Danville,,208410005,,M-13,8.0,13.0,0.0374461499427117
Danville,,208305002,,R-15,0.0,2.9,0.3748772429357256
Danville,,208305001,,R-15,0.0,2.9,0.3419416841724807
Danville,,208304003,,R-15,0.0,2.9,0.37240668413356515
Danville,,208321001,,R-15,0.0,2.9,0.44575081378446746
Danville,,208323010,,R-15,0.0,2.9,0.36544845043561064
Danville,,208323009,,R-15,0.0,2.9,0.3655749204672827
Danville,,208323008,,R-15,0.0,2.9,0.34658110945294485
Danville,,208321004,,R-15,0.0,2.9,0.3433367450965532
Danville,,208321005,,R-15,0.0,2.9,0.33669146060721544
Danville,,208321003,,R-15,0.0,2.9,0.34296373292594207
Danville,,208321002,,R-15,0.0,2.9,0.35721777912778846
Danville,,208410032,,M-13,8.0,13.0,0.03720177846922046
Danville,,208410031,,M-13,8.0,13.0,0.03886550314928337
Danville,,208410036,,M-13,8.0,13.0,0.02316905733914035
Danville,,208410033,,M-13,8.0,13.0,0.023590320035083445
Danville,,208410034,,M-13,8.0,13.0,0.02079697873282467
Danville,,208410035,,M-13,8.0,13.0,0.024030431811586768
Danville,,208410037,,M-13,8.0,13.0,0.023998955831087177
Danville,,208410038,,M-13,8.0,13.0,0.022570555277423496
Danville,,208410041,,M-13,8.0,13.0,0.024380338813844788
Danville,,208410042,,M-13,8.0,13.0,0.0230653251819725
Danville,,208410040,,M-13,8.0,13.0,0.023035749421978526
Danville,,208410039,,M-13,8.0,13.0,0.022165951611871487
Danville,,208410055,,M-13,8.0,13.0,0.023035967615913675
Danville,,208410056,,M-13,8.0,13.0,0.024380592510451632
Danville,,208410054,,M-13,8.0,13.0,0.022165514683209084
Danville,,208410053,,M-13,8.0,13.0,0.02315214406632496
Danville,,208410052,,M-13,8.0,13.0,0.02370254641201382
Danville,,208410057,,M-13,8.0,13.0,0.023174700718391377
Danville,,208410043,,M-13,8.0,13.0,0.02410719983132023
Danville,,208410044,,M-13,8.0,13.0,0.023166358607752263
Danville,,208410045,,M-13,8.0,13.0,0.023812872358395815
Danville,,208410078,,M-13,8.0,13.0,0.659
Danville,,208410046,,M-13,8.0,13.0,0.023473049631205254
Danville,,208410047,,M-13,8.0,13.0,0.03633201074898395
Danville,,208410048,,M-13,8.0,13.0,0.03688515571608392
Danville,,208410049,,M-13,8.0,13.0,0.023711613564851113
Danville,,208410050,,M-13,8.0,13.0,0.022250092720338656
Danville,,208410051,,M-13,8.0,13.0,0.02404729177110336
Danville,,208321006,,R-15,0.0,2.9,0.3335853667539284
Danville,,208321007,,R-15,0.0,2.9,0.3383978917321809
Danville,,208321008,,R-15,0.0,2.9,0.3457901742032513
Danville,,208410068,,M-13,8.0,13.0,0.03792620198882382
Danville,,208410067,,M-13,8.0,13.0,0.036332260073580355
Danville,,208410061,,M-13,8.0,13.0,0.023174480884910153
Danville,,208410060,,M-13,8.0,13.0,0.024381140103540026
Danville,,208410059,,M-13,8.0,13.0,0.0230365494949531
Danville,,208410058,,M-13,8.0,13.0,0.022165786899454695
Danville,,208410062,,M-13,8.0,13.0,0.03633108248186422
Danville,,208410063,,M-13,8.0,13.0,0.03688515013883048
Danville,,208410066,,M-13,8.0,13.0,0.023564132649456157
Danville,,208410065,,M-13,8.0,13.0,0.02359461290587777
Danville,,208410064,,M-13,8.0,13.0,0.02405635022494983
Danville,,208410075,,M-13,8.0,13.0,0.023175727449762283
Danville,,208410074,,M-13,8.0,13.0,0.024378891208127303
Danville,,208410071,,M-13,8.0,13.0,0.02405633921666159
Danville,,208410070,,M-13,8.0,13.0,0.023594062998782438
Danville,,208410069,,M-13,8.0,13.0,0.023563905123807474
Danville,,208480006,,M-13,8.0,13.0,0.03577006912935149
Danville,,208410072,,M-13,8.0,13.0,0.02216652022218879
Danville,,208410073,,M-13,8.0,13.0,0.023037111530677147
Danville,,208480002,,M-13,8.0,13.0,0.03109478921966884
Danville,,208480004,,M-13,8.0,13.0,0.028320762678859645
Danville,,208480003,,M-13,8.0,13.0,0.023649345912560626
Danville,,208480005,,M-13,8.0,13.0,0.0245703183169125
Danville,,208480007,,M-13,8.0,13.0,0.060085285753537054
Danville,,208480001,,M-13,8.0,13.0,0.03039483399432559
Danville,,207140063,,P-1,0.0,35.0,0.07155867699847826
Danville,,207140026,,P-1,0.0,35.0,0.08663347189360122
Danville,,207091001,,R-15,0.0,2.9,0.3509737670562074
Danville,,207092010,,R-15,0.0,2.9,0.3413243781115803
Danville,,207091002,,R-15,0.0,2.9,0.34142858662098313
Danville,,207093001,,R-15,0.0,2.9,0.34475039274984665
Danville,,207092009,,R-15,0.0,2.9,0.3450731716286766
Danville,,207092008,,R-15,0.0,2.9,0.33960919610866314
Danville,,207092007,,R-15,0.0,2.9,0.40895359798247255
Danville,,207092006,,R-15,0.0,2.9,0.4834523139618818
Danville,,207092005,,R-15,0.0,2.9,0.36372392382347146
Danville,,207093014,,R-15,0.0,2.9,0.36836853253343516
Danville,,207093013,,R-15,0.0,2.9,0.36318156450529
Danville,,207093003,,R-15,0.0,2.9,0.3428532131338483
Danville,,207093002,,R-15,0.0,2.9,0.3409648737824789
Danville,,207093004,,R-15,0.0,2.9,0.34122136868875225
Danville,,207091009,,R-15,0.0,2.9,0.3470192354099096
Danville,,207091008,,R-15,0.0,2.9,0.3422520497932544
Danville,,207091007,,R-15,0.0,2.9,0.34395851440735054
Danville,,207091006,,R-15,0.0,2.9,0.3451135129782867
Danville,,207091005,,R-15,0.0,2.9,0.34281251416214253
Danville,,207152007,,R-15,0.0,2.9,0.33900064278390996
Danville,,207152006,,R-15,0.0,2.9,0.3777232698006164
Danville,,207152011,,R-15,0.0,2.9,0.3345767284799895
Danville,,207152010,,R-15,0.0,2.9,0.3785087601734392
Danville,,207152009,,R-15,0.0,2.9,0.3399260268337656
Danville,,207152008,,R-15,0.0,2.9,0.3751065606386338
Danville,,207152019,,R-15,0.0,2.9,0.37340899896164725
Danville,,207152020,,R-15,0.0,2.9,0.410624485582231
Danville,,207091004,,R-15,0.0,2.9,0.3452102168653792
Danville,,207091003,,R-15,0.0,2.9,0.3397428185940803
Danville,,207152021,,R-15,0.0,2.9,0.38846052491568406
Danville,,207152022,,R-15,0.0,2.9,0.353147191815844
Danville,,207152023,,R-15,0.0,2.9,0.3427744187019353
Danville,,207152017,,R-15,0.0,2.9,0.34343988269637676
Danville,,207152016,,R-15,0.0,2.9,0.3364735201325268
Danville,,207152018,,R-15,0.0,2.9,0.3941319246512941
Danville,,207152015,,R-15,0.0,2.9,0.3425611658381573
Danville,,207151003,,R-15,0.0,2.9,0.27832647292340146
Danville,,207152024,,R-15,0.0,2.9,0.3509085743729157
Danville,,207151001,,R-15,0.0,2.9,0.3065935931293684
Danville,,207151002,,R-15,0.0,2.9,0.27999561362789854
Danville,,207221071,,M-13,8.0,13.0,0.047946495483900856
Danville,,207221072,,M-13,8.0,13.0,0.04914504723652988
Danville,,207221074,,M-13,8.0,13.0,0.02217329247378838
Danville,,207221075,,M-13,8.0,13.0,0.02302728628076483
Danville,,207221076,,M-13,8.0,13.0,0.02032368699815857
Danville,,207221073,,M-13,8.0,13.0,0.019645713184192278
Danville,,207221077,,M-13,8.0,13.0,0.022355683869605236
Danville,,207221078,,M-13,8.0,13.0,0.02062065496410411
Danville,,207221079,,M-13,8.0,13.0,0.022914839457531148
Danville,,207221067,,M-13,8.0,13.0,0.024088318149783045
Danville,,207221070,,M-13,8.0,13.0,0.023531270430369906
Danville,,207221069,,M-13,8.0,13.0,0.021739994424969496
Danville,,207221068,,M-13,8.0,13.0,0.020916160639324177
Danville,,207221066,,M-13,8.0,13.0,0.050323327282934364
Danville,,207221065,,M-13,8.0,13.0,0.05002312113496444
Danville,,207221056,,M-13,8.0,13.0,0.048020720899179976
Danville,,207221057,,M-13,8.0,13.0,0.04765169338365292
Danville,,207221059,,M-13,8.0,13.0,0.021785431615524504
Danville,,207221058,,M-13,8.0,13.0,0.050203378789439916
Danville,,207221061,,M-13,8.0,13.0,0.020846256742553314
Danville,,207221060,,M-13,8.0,13.0,0.022142915146309408
Danville,,207221062,,M-13,8.0,13.0,0.050042171275623624
Danville,,207221063,,M-13,8.0,13.0,0.020786812631392846
Danville,,207221064,,M-13,8.0,13.0,0.02145434005579635
Danville,,207151004,,R-15,0.0,2.9,0.2806334958887679
Danville,,207151005,,R-15,0.0,2.9,0.27911644179781203
Danville,,207151006,,R-15,0.0,2.9,0.2788402479400611
Danville,,207221099,,M-13,8.0,13.0,0.02093030396354191
Danville,,207221098,,M-13,8.0,13.0,0.02128897393554596
Danville,,207221097,,M-13,8.0,13.0,0.02105763643723858
Danville,,207221096,,M-13,8.0,13.0,0.024062131246596476
Danville,,207221095,,M-13,8.0,13.0,0.049964612206328585
Danville,,207221094,,M-13,8.0,13.0,0.022141087640632728
Danville,,207221093,,M-13,8.0,13.0,0.021181585380781687
Danville,,207221092,,M-13,8.0,13.0,0.02042507960253542
Danville,,207221091,,M-13,8.0,13.0,0.022008309555154277
Danville,,207221090,,M-13,8.0,13.0,0.023108472304778912
Danville,,207221088,,M-13,8.0,13.0,0.048258189450780524
Danville,,207221089,,M-13,8.0,13.0,0.047981857304203464
Danville,,207221100,,M-13,8.0,13.0,0.021220469613964444
Danville,,207221102,,M-13,8.0,13.0,0.023277430942577046
Danville,,207221101,,M-13,8.0,13.0,0.021587558138830277
Danville,,207151008,,R-15,0.0,2.9,0.28176829373152706
Danville,,207152001,,R-15,0.0,2.9,1.67
Danville,,207151007,,R-15,0.0,2.9,0.28186753720663454
Danville,,207152013,,R-15,0.0,2.9,0.341178224224394
Danville,,207152014,,R-15,0.0,2.9,0.3450702634045211
Danville,,207152012,,R-15,0.0,2.9,0.3361554427605657
Danville,,207152005,,R-15,0.0,2.9,0.3920449086157493
Danville,,207152002,,R-15,0.0,2.9,0.33997069036458655
Danville,,207152003,,R-15,0.0,2.9,0.33649763785326026
Danville,,207152004,,R-15,0.0,2.9,0.3914596011176919
Danville,,207162022,,R-15,0.0,2.9,0.3436456430631892
Danville,,207162020,,R-15,0.0,2.9,0.37870805506532357
Danville,,207162004,,R-15,0.0,2.9,0.3479179104150896
Danville,,207162021,,R-15,0.0,2.9,0.3445410257389993
Danville,,207161003,,R-15,0.0,2.9,0.2818886655425986
Danville,,207161002,,R-15,0.0,2.9,0.2834099708454199
Danville,,207161001,,R-15,0.0,2.9,0.2803506927214226
Danville,,207161004,,R-15,0.0,2.9,0.2810140497103351
Danville,,207161005,,R-15,0.0,2.9,0.2826574454253505
Danville,,207161006,,R-15,0.0,2.9,0.2825509914232379
Danville,,207171001,,R-15,0.0,2.9,0.3124358834826984
Danville,,207271017,,R-15,0.0,2.9,0.3386724199739186
Danville,,207271011,,R-15,0.0,2.9,0.43599411069840405
Danville,,207171002,,R-15,0.0,2.9,0.32999063610829216
Danville,,207171003,,R-15,0.0,2.9,0.31898249435573306
Danville,,207174005,,R-15,0.0,2.9,0.37803799430115537
Danville,,207174004,,R-15,0.0,2.9,0.34469317183413584
Danville,,207392006,,R-15,0.0,2.9,0.35173849029769033
Danville,,207162001,,R-15,0.0,2.9,0.33767003035451487
Danville,,207162002,,R-15,0.0,2.9,0.35084601803159754
Danville,,207162007,,R-15,0.0,2.9,0.38254079127841784
Danville,,207162008,,R-15,0.0,2.9,0.36831498359054726
Danville,,207391002,,R-15,0.0,2.9,0.3652816977993237
Danville,,207391001,,R-15,0.0,2.9,0.35587154394337794
Danville,,207391003,,R-15,0.0,2.9,0.34363742718401086
Danville,,207162011,,R-15,0.0,2.9,0.3541960656277813
Danville,,207162012,,R-15,0.0,2.9,0.3590259485739978
Danville,,207162013,,R-15,0.0,2.9,0.3586576955623182
Danville,,207162010,,R-15,0.0,2.9,0.35557843093516556
Danville,,207162014,,R-15,0.0,2.9,0.3500471174132544
Danville,,207162015,,R-15,0.0,2.9,0.36212104369243714
Danville,,207162016,,R-15,0.0,2.9,0.35904914461800014
Danville,,207162009,,R-15,0.0,2.9,0.3396619037841547
Danville,,207162006,,R-15,0.0,2.9,0.3448739735450868
Danville,,207162005,,R-15,0.0,2.9,0.34712440171141207
Danville,,207162003,,R-15,0.0,2.9,0.3462421151147006
Danville,,207162019,,R-15,0.0,2.9,0.3503492324627475
Danville,,207162018,,R-15,0.0,2.9,0.3490116056424173
Danville,,207162017,,R-15,0.0,2.9,0.35665040396835507
Danville,,207091011,,R-15,0.0,2.9,0.42261331388245005
Danville,,207091010,,R-15,0.0,2.9,0.33838772643194126
Danville,,207091012,,R-15,0.0,2.9,0.35936660860002795
Danville,,207091013,,R-15,0.0,2.9,0.36220815277343943
Danville,,207091014,,R-15,0.0,2.9,0.3639880595255225
Danville,,207091016,,R-15,0.0,2.9,0.3260918941014009
Danville,,207110020,,R-15,0.0,2.9,0.37846847193499006
Danville,,207110019,,R-15,0.0,2.9,0.356394888766127
Danville,,207110018,,R-15,0.0,2.9,0.39657309471291674
Danville,,207110017,,R-15,0.0,2.9,0.5874560844799677
Danville,,207110016,,R-15,0.0,2.9,0.3537739490641794
Danville,,207110014,,R-15,0.0,2.9,0.3657385411345933
Danville,,207110015,,R-15,0.0,2.9,0.4441671074048031
Danville,,207110013,,R-15,0.0,2.9,0.3733357630127815
Danville,,207110012,,R-15,0.0,2.9,0.42221903377971526
Danville,,207110021,,R-15,0.0,2.9,0.46871655105281645
Danville,,207091017,,R-15,0.0,2.9,0.43357344599344444
Danville,,207134020,,P-1 (R-10),0.0,4.36,0.2610596560919761
Danville,,207121012,,R-15,0.0,2.9,0.45948742596484116
Danville,,207121002,,R-15,0.0,2.9,0.33922879259942623
Danville,,207121013,,R-15,0.0,2.9,0.36902965226265727
Danville,,207121006,,R-15,0.0,2.9,0.3452757092447126
Danville,,207134013,,P-1 (R-10),0.0,4.36,0.18142217274518402
Danville,,207134014,,P-1 (R-10),0.0,4.36,0.19141266641961155
Danville,,207134016,,P-1 (R-10),0.0,4.36,0.1803439732734203
Danville,,207134015,,P-1 (R-10),0.0,4.36,0.17771177905945215
Danville,,207133008,,P-1 (R-10),0.0,4.36,0.16349548492607102
Danville,,207133009,,P-1 (R-10),0.0,4.36,0.16610322771156816
Danville,,207133016,,P-1 (R-10),0.0,4.36,0.27365540257533977
Danville,,207133007,,P-1 (R-10),0.0,4.36,0.17049847508784868
Danville,,207133006,,P-1 (R-10),0.0,4.36,0.16491133560673105
Danville,,207134017,,P-1 (R-10),0.0,4.36,0.17882434012267198
Danville,,207134018,,P-1 (R-10),0.0,4.36,0.18764445244534417
Danville,,207134019,,P-1 (R-10),0.0,4.36,0.22737524935422826
Danville,,207134021,,P-1 (R-10),0.0,4.36,0.19215924543317628
Danville,,207133005,,P-1 (R-10),0.0,4.36,0.19517932517458844
Danville,,207133004,,P-1 (R-10),0.0,4.36,0.19164164804576167
Danville,,207133003,,P-1 (R-10),0.0,4.36,0.15916192266155493
Danville,,207133026,,P-1 (R-10),0.0,4.36,0.19795917384516942
Danville,,207133025,,P-1 (R-10),0.0,4.36,0.25006524859083173
Danville,,207133024,,P-1 (R-10),0.0,4.36,0.21016041300056348
Danville,,207133023,,P-1 (R-10),0.0,4.36,0.21619717380998782
Danville,,207133028,,P-1 (R-10),0.0,4.36,0.17380074499542025
Danville,,207133027,,P-1 (R-10),0.0,4.36,0.17941667772427425
Danville,,207133002,,P-1 (R-10),0.0,4.36,0.1678582481723747
Danville,,207133029,,P-1 (R-10),0.0,4.36,0.17855137902540294
Danville,,207131006,,P-1 (R-10),0.0,4.36,0.1909189942932495
Danville,,207131005,,P-1 (R-10),0.0,4.36,0.18313640371758344
Danville,,207131004,,P-1 (R-10),0.0,4.36,0.18067025782111681
Danville,,207133001,,P-1 (R-10),0.0,4.36,0.1712656673871361
Danville,,207134026,,P-1 (R-10),0.0,4.36,0.17055685253581104
Danville,,207131003,,P-1 (R-10),0.0,4.36,0.17941188468772135
Danville,,207091021,,R-15,0.0,2.9,0.3422335124783175
Danville,,207134025,,P-1 (R-10),0.0,4.36,0.18250834170725666
Danville,,207091020,,R-15,0.0,2.9,0.35267444414342397
Danville,,207134024,,P-1 (R-10),0.0,4.36,0.22850785173293378
Danville,,207134023,,P-1 (R-10),0.0,4.36,0.20407101772430802
Danville,,207134022,,P-1 (R-10),0.0,4.36,0.17598446566186324
Danville,,207091018,,R-15,0.0,2.9,0.30685212824813834
Danville,,207091015,,R-15,0.0,2.9,0.30933137388105053
Danville,,207091019,,R-15,0.0,2.9,0.30855721145186404
Danville,,207093009,,R-15,0.0,2.9,0.36129619634846843
Danville,,207093008,,R-15,0.0,2.9,0.36730891156035206
Danville,,207093007,,R-15,0.0,2.9,0.35942695233454475
Danville,,207093006,,R-15,0.0,2.9,0.3438490283044362
Danville,,207093005,,R-15,0.0,2.9,0.3401008663679575
Danville,,207093010,,R-15,0.0,2.9,0.3639891178726369
Danville,,207092001,,R-15,0.0,2.9,0.36824743168429713
Danville,,207093011,,R-15,0.0,2.9,0.3631720839779999
Danville,,207093012,,R-15,0.0,2.9,0.36391309652416465
Danville,,207140033,,P-1,0.0,35.0,0.08665023934847385
Danville,,207092004,,R-15,0.0,2.9,0.3365214424547003
Danville,,207092003,,R-15,0.0,2.9,0.3353184676531606
Danville,,207140065,,P-1,0.0,35.0,0.8
Danville,,207140065,,P-1,0.0,35.0,0.8
Danville,,207140036,,P-1,0.0,35.0,0.08840358079512523
Danville,,207140034,,P-1,0.0,35.0,0.060028218071744376
Danville,,207140035,,P-1,0.0,35.0,0.05774049681101948
Danville,,207140064,,P-1,0.0,35.0,0.45619435932042257
Danville,,207140064,,P-1,0.0,35.0,0.45619435932042257
Danville,,207140039,,P-1,0.0,35.0,0.11047033118092471
Danville,,207092002,,R-15,0.0,2.9,0.339355714735668
Danville,,207140037,,P-1,0.0,35.0,0.10273485190324176
Danville,,207140038,,P-1,0.0,35.0,0.0646226404065169
Danville,,207131001,,P-1 (R-10),0.0,4.36,0.21259652192660486
Danville,,207131002,,P-1 (R-10),0.0,4.36,0.180981193395967
Danville,,207140043,,P-1,0.0,35.0,0.08803685552169725
Danville,,207140042,,P-1,0.0,35.0,0.08717133516730537
Danville,,207140041,,P-1,0.0,35.0,0.06255510299899905
Danville,,207140040,,P-1,0.0,35.0,0.07709430801147822
Danville,,207140045,,P-1,0.0,35.0,0.08191898352957494
Danville,,207140044,,P-1,0.0,35.0,0.07832827701277445
Danville,,207140047,,P-1,0.0,35.0,0.11829971377664342
Danville,,207140046,,P-1,0.0,35.0,0.06363493266266755
Danville,,207140009,,P-1 (R-15),0.0,2.9,0.3440513577842893
Danville,,207140011,,P-1 (R-15),0.0,2.9,0.3468013718940597
Danville,,207140048,,P-1,0.0,35.0,0.0826733114516883
Danville,,207140049,,P-1,0.0,35.0,0.058966489442831525
Danville,,207140050,,P-1,0.0,35.0,0.05588503095988065
Danville,,207140012,,P-1 (R-15),0.0,2.9,0.36866361651519775
Danville,,207140054,,P-1,0.0,35.0,0.08470541252208318
Danville,,207140057,,P-1,0.0,35.0,0.08678549736232422
Danville,,207140056,,P-1,0.0,35.0,0.05517737018988116
Danville,,207140018,,M-8,8.0,12.0,0.3542688182697376
Danville,,207140055,,P-1,0.0,35.0,0.060215237950519744
Danville,,207140053,,P-1,0.0,35.0,0.0890637396106723
Danville,,207140052,,P-1,0.0,35.0,0.08724617131891649
Danville,,207140051,,P-1,0.0,35.0,0.08212443693219482
Danville,,207140032,,P-1,0.0,35.0,0.08733661194818951
Danville,,207140029,,P-1,0.0,35.0,0.05814451590082756
Danville,,207140030,,P-1,0.0,35.0,0.08080454449519961
Danville,,207140031,,P-1,0.0,35.0,0.08248569075064724
Danville,,207140025,,P-1,0.0,35.0,0.06713319892067432
Danville,,207140024,,P-1,0.0,35.0,0.06853075147727178
Danville,,207140023,,P-1,0.0,35.0,0.04887335870288725
Danville,,207140027,,P-1,0.0,35.0,0.07991951044427144
Danville,,207140028,,P-1,0.0,35.0,0.05889216197320081
Danville,,207140022,,P-1,0.0,35.0,0.10497464975407683
Danville,,207140062,,P-1,0.0,35.0,0.04902536062501569
Danville,,207140061,,P-1,0.0,35.0,0.10273500209139563
Danville,,207140060,,P-1,0.0,35.0,0.05750908426375177
Danville,,207140059,,P-1,0.0,35.0,0.0535949525675584
Danville,,207140058,,P-1,0.0,35.0,0.10353505852653559
Danville,,208480009,,M-13,8.0,13.0,0.06382327515566523
Danville,,208480008,,M-13,8.0,13.0,0.06329398740122912
Danville,,208480010,,M-13,8.0,13.0,0.05969411238565712
Danville,,208480011,,M-13,8.0,13.0,0.06305963541490953
Danville,,208480012,,M-13,8.0,13.0,0.07261964062448226
Danville,,218870002,,M-8,8.0,12.0,0.03486559011683424
Danville,,218870001,,M-8,8.0,12.0,0.04864745214998671
Danville,,218870003,,M-8,8.0,12.0,0.03630170058228835
Danville,,207140021,,M-8,8.0,12.0,0.3361598481501865
Danville,,207140020,,M-8,8.0,12.0,0.34166784717678933
Danville,,207140019,,M-8,8.0,12.0,0.3478858797698745
Danville,,207140013,,P-1 (R-15),0.0,2.9,0.3443408782818259
Danville,,207140014,,P-1 (R-15),0.0,2.9,0.3380998629389947
Danville,,207140010,,P-1 (R-15),0.0,2.9,0.3465377996082391
Danville,,207140016,,P-1 (R-15),0.0,2.9,0.3379199153276775
Danville,,207140015,,P-1 (R-15),0.0,2.9,0.35109533292664735
Danville,,218371005,,P-1 (R-10),0.0,4.36,0.21816009763245295
Danville,,218371004,,P-1 (R-10),0.0,4.36,0.23489805988891455
Danville,,218371003,,P-1 (R-10),0.0,4.36,0.20286171078187712
Danville,,218371012,,P-1 (R-10),0.0,4.36,0.28775334391024976
Danville,,218870008,,M-8,8.0,12.0,0.03644091700554497
Danville,,218870010,,M-8,8.0,12.0,0.7653224020154129
Danville,,218870009,,M-8,8.0,12.0,0.08767771438582746
Danville,,218870006,,M-8,8.0,12.0,0.042086290077730605
Danville,,218870007,,M-8,8.0,12.0,0.03639529640503785
Danville,,218870005,,M-8,8.0,12.0,0.042198174496147045
Danville,,218371001,,P-1 (R-10),0.0,4.36,0.3503477353302348
Danville,,218870004,,M-8,8.0,12.0,0.03644634834314027
Danville,,218373001,,P-1 (R-10),0.0,4.36,0.30931961012323106
Danville,,218373003,,P-1 (R-10),0.0,4.36,0.27719897224299406
Danville,,218373002,,P-1 (R-10),0.0,4.36,0.26762425294194025
Danville,,218373004,,P-1 (R-10),0.0,4.36,0.24312240992312772
Danville,,218373005,,P-1 (R-10),0.0,4.36,0.22459173238319105
Danville,,218374010,,P-1 (R-10),0.0,4.36,0.19030069563483565
Danville,,218374011,,P-1 (R-10),0.0,4.36,0.16870437792561851
Danville,,218374014,,P-1 (R-10),0.0,4.36,0.18244912389870077
Danville,,218374013,,P-1 (R-10),0.0,4.36,0.17781808810216054
Danville,,218374012,,P-1 (R-10),0.0,4.36,0.2324582360788527
Danville,,218374015,,P-1 (R-10),0.0,4.36,0.18221210145770364
Danville,,218372002,,P-1 (R-10),0.0,4.36,0.17565602146854598
Danville,,218372001,,P-1 (R-10),0.0,4.36,0.20678332901392973
Danville,,207134001,,P-1 (R-10),0.0,4.36,0.18049009764731835
Danville,,207132005,,P-1 (R-10),0.0,4.36,0.1739659720557653
Danville,,207132006,,P-1 (R-10),0.0,4.36,0.1721563116164884
Danville,,218371009,,P-1 (R-10),0.0,4.36,0.18360393141649328
Danville,,218371008,,P-1 (R-10),0.0,4.36,0.2036009850962827
Danville,,218371007,,P-1 (R-10),0.0,4.36,0.22426265731460768
Danville,,218371006,,P-1 (R-10),0.0,4.36,0.27460744228008355
Danville,,207132004,,P-1 (R-10),0.0,4.36,0.16812795295839097
Danville,,207132003,,P-1 (R-10),0.0,4.36,0.18384316789017469
Danville,,207140017,,P-1 (R-15),0.0,2.9,0.4306256579475053
Danville,,207132001,,P-1 (R-10),0.0,4.36,0.18844732520752044
Danville,,207132002,,P-1 (R-10),0.0,4.36,0.18089320474824536
Danville,,207133020,,P-1 (R-10),0.0,4.36,0.2066628624338638
Danville,,207133021,,P-1 (R-10),0.0,4.36,0.20392152911946032
Danville,,207133022,,P-1 (R-10),0.0,4.36,0.19490576408934915
Danville,,207133018,,P-1 (R-10),0.0,4.36,0.19322877856068038
Danville,,207133017,,P-1 (R-10),0.0,4.36,0.17447995583360987
Danville,,207133019,,P-1 (R-10),0.0,4.36,0.18745756482184048
Danville,,207134002,,P-1 (R-10),0.0,4.36,0.16198349753906716
Danville,,207134003,,P-1 (R-10),0.0,4.36,0.16371859375083306
Danville,,218372003,,P-1 (R-10),0.0,4.36,0.1821332842592458
Danville,,218372004,,P-1 (R-10),0.0,4.36,0.1749115515694872
Danville,,207134004,,P-1 (R-10),0.0,4.36,0.16158938962585406
Danville,,207133014,,P-1 (R-10),0.0,4.36,0.19580512585291704
Danville,,207133013,,P-1 (R-10),0.0,4.36,0.1754285480032117
Danville,,207133015,,P-1 (R-10),0.0,4.36,0.18652995190284485
Danville,,207133010,,P-1 (R-10),0.0,4.36,0.16503723569908546
Danville,,207133011,,P-1 (R-10),0.0,4.36,0.1673263136078317
Danville,,207133012,,P-1 (R-10),0.0,4.36,0.21048186081317602
Danville,,207134012,,P-1 (R-10),0.0,4.36,0.18422700799376743
Danville,,207134011,,P-1 (R-10),0.0,4.36,0.18381675325042232
Danville,,207134009,,P-1 (R-10),0.0,4.36,0.35492868322350085
Danville,,207134010,,P-1 (R-10),0.0,4.36,0.26398430123698635
Danville,,207134008,,P-1 (R-10),0.0,4.36,0.21474769818643286
Danville,,218372009,,P-1 (R-10),0.0,4.36,0.20689528537432203
Danville,,218372008,,P-1 (R-10),0.0,4.36,0.17908406670305382
Danville,,218372007,,P-1 (R-10),0.0,4.36,0.17547153659433948
Danville,,207134007,,P-1 (R-10),0.0,4.36,0.18606982750886197
Danville,,207134006,,P-1 (R-10),0.0,4.36,0.17640978499638066
Danville,,218372006,,P-1 (R-10),0.0,4.36,0.1714356074538469
Danville,,207134005,,P-1 (R-10),0.0,4.36,0.1692692091859329
Danville,,218374018,,P-1,0.0,35.0,2.0408267258341324
Danville,,218372005,,P-1 (R-10),0.0,4.36,0.16683392547854103
Danville,,218412023,,P-1 (R-10),0.0,4.36,0.18544631074832604
Danville,,218375001,,P-1 (R-10),0.0,4.36,0.20724104116095263
Danville,,218375002,,P-1 (R-10),0.0,4.36,0.20476714733557688
Danville,,218375003,,P-1 (R-10),0.0,4.36,0.17781204603
Danville,,218412018,,P-1 (R-10),0.0,4.36,0.2037678993528977
Danville,,218412019,,P-1 (R-10),0.0,4.36,0.3049602773261591
Danville,,218412022,,P-1 (R-10),0.0,4.36,0.18868014791907917
Danville,,218412021,,P-1 (R-10),0.0,4.36,0.1870264026072422
Danville,,218412020,,P-1 (R-10),0.0,4.36,0.1658888336577421
Danville,,218413004,,P-1 (R-10),0.0,4.36,0.18881796035439646
Danville,,218413002,,P-1 (R-10),0.0,4.36,0.2574831512438718
Danville,,218413003,,P-1 (R-10),0.0,4.36,0.20331038830030096
Danville,,218413001,,P-1 (R-10),0.0,4.36,0.2765670397805279
Danville,,218413012,,P-1 (R-10),0.0,4.36,0.19451155054847552
Danville,,218413034,,P-1,0.0,35.0,1.395808703522481
Danville,,218374017,,P-1 (R-10),0.0,4.36,0.1772797122050065
Danville,,218374016,,P-1 (R-10),0.0,4.36,0.20616375738808454
Danville,,218374006,,P-1 (R-10),0.0,4.36,0.17080875536244405
Danville,,218374005,,P-1 (R-10),0.0,4.36,0.16491443718687238
Danville,,218374003,,P-1 (R-10),0.0,4.36,0.16543376088574188
Danville,,218374004,,P-1 (R-10),0.0,4.36,0.1628800157866512
Danville,,218374007,,P-1 (R-10),0.0,4.36,0.17876083165357948
Danville,,218374008,,P-1 (R-10),0.0,4.36,0.19780116693388725
Danville,,218374009,,P-1 (R-10),0.0,4.36,0.2159280068300237
Danville,,218374002,,P-1 (R-10),0.0,4.36,0.18554460578983875
Danville,,218374001,,P-1 (R-10),0.0,4.36,0.1727409526073326
Danville,,218413033,,P-1 (R-10),0.0,4.36,0.17397614819524704
Danville,,218413032,,P-1 (R-10),0.0,4.36,0.18483071541967833
Danville,,218413031,,P-1 (R-10),0.0,4.36,0.20159587753688987
Danville,,218413030,,P-1 (R-10),0.0,4.36,0.1725960920959157
Danville,,218413029,,P-1 (R-10),0.0,4.36,0.16993253646485756
Danville,,218413028,,P-1 (R-10),0.0,4.36,0.20248955761672616
Danville,,218413025,,P-1 (R-10),0.0,4.36,0.19714650695579647
Danville,,218413027,,P-1 (R-10),0.0,4.36,0.18633848078830567
Danville,,218413026,,P-1 (R-10),0.0,4.36,0.19528646128027727
Danville,,218413024,,P-1 (R-10),0.0,4.36,0.2231732806859736
Danville,,218411010,,P-1 (R-10),0.0,4.36,0.21472346961113117
Danville,,218411016,,P-1 (R-10),0.0,4.36,0.11388010942980958
Danville,,218413014,,P-1 (R-10),0.0,4.36,0.16677729974293104
Danville,,218413013,,P-1 (R-10),0.0,4.36,0.16141790537935702
Danville,,218413011,,P-1 (R-10),0.0,4.36,0.20980686392642753
Danville,,218413010,,P-1 (R-10),0.0,4.36,0.20046929425421917
Danville,,218413009,,P-1 (R-10),0.0,4.36,0.19103668094248213
Danville,,218413008,,P-1 (R-10),0.0,4.36,0.17913632755114609
Danville,,218413018,,P-1 (R-10),0.0,4.36,0.20605691129086814
Danville,,218413017,,P-1 (R-10),0.0,4.36,0.19153424888638146
Danville,,218413016,,P-1 (R-10),0.0,4.36,0.17040495114490378
Danville,,218413020,,P-1 (R-10),0.0,4.36,0.17444568863760473
Danville,,218413019,,P-1 (R-10),0.0,4.36,0.18281492364301544
Danville,,218411015,,P-1 (R-10),0.0,4.36,0.20821539049441803
Danville,,218413021,,P-1 (R-10),0.0,4.36,0.17143029137026003
Danville,,218413015,,P-1 (R-10),0.0,4.36,0.1660823409285792
Danville,,218413023,,P-1 (R-10),0.0,4.36,0.167030009397353
Danville,,218413022,,P-1 (R-10),0.0,4.36,0.17190933086936183
Danville,,218411011,,P-1 (R-10),0.0,4.36,0.23374956937428096
Danville,,218411012,,P-1 (R-10),0.0,4.36,0.21544015650593434
Danville,,218231006,,P-1 (R-10),0.0,4.36,0.2958292558818227
Danville,,218231007,,P-1 (R-10),0.0,4.36,0.27713570439318497
Danville,,218231008,,P-1 (R-10),0.0,4.36,0.28810686003181873
Danville,,218411013,,P-1 (R-10),0.0,4.36,0.21815350936494973
Danville,,218411014,,P-1 (R-10),0.0,4.36,0.2018440946207588
Danville,,218231017,,P-1 (R-10),0.0,4.36,0.2623441379859339
Danville,,218231016,,P-1 (R-10),0.0,4.36,0.2471838572427862
Danville,,218231009,,P-1 (R-10),0.0,4.36,0.2799448015823467
Danville,,218231015,,P-1 (R-10),0.0,4.36,0.2744093995677429
Danville,,218231014,,P-1 (R-10),0.0,4.36,0.24839329595563603
Danville,,218231013,,P-1 (R-10),0.0,4.36,0.2511800396111887
Danville,,218231010,,P-1 (R-10),0.0,4.36,0.2359832705781571
Danville,,218231011,,P-1 (R-10),0.0,4.36,0.27639869951594553
Danville,,218231012,,P-1 (R-10),0.0,4.36,0.24578603406758454
Danville,,218231001,,P-1 (R-10),0.0,4.36,0.3157022639039439
Danville,,218231002,,P-1 (R-10),0.0,4.36,0.32751156124561714
Danville,,218231005,,P-1 (R-10),0.0,4.36,0.36092574498030305
Danville,,218231003,,P-1 (R-10),0.0,4.36,0.26418574623210084
Danville,,218231004,,P-1,0.0,35.0,1.160013579108944
Danville,,208230011,,A-2,0.0,0.05,0.685
Danville,,218411009,,P-1 (R-10),0.0,4.36,0.1963441419871567
Danville,,218411008,,P-1 (R-10),0.0,4.36,0.22778685354973677
Danville,,218411007,,P-1 (R-10),0.0,4.36,0.23973616369707568
Danville,,218411005,,P-1 (R-10),0.0,4.36,0.25554849013294334
Danville,,218411006,,P-1 (R-10),0.0,4.36,0.2273611451805922
Danville,,218411004,,P-1 (R-10),0.0,4.36,0.2174914172592147
Danville,,218411003,,P-1 (R-10),0.0,4.36,0.21003759848734643
Danville,,218411002,,P-1 (R-10),0.0,4.36,0.21528785239550843
Danville,,218411001,,P-1 (R-10),0.0,4.36,0.21776147997492093
Danville,,218373006,,P-1 (R-10),0.0,4.36,0.21052711166622104
Danville,,208230047,,A-2,0.0,0.05,1.375
Danville,,208780005,,P-1,0.0,35.0,0.06835836876957516
Danville,,208780030,,P-1,0.0,35.0,0.057
Danville,,208780004,,P-1,0.0,35.0,0.07580001050864592
Danville,,208780007,,P-1,0.0,35.0,0.07844621047514617
Danville,,208780027,,P-1,0.0,35.0,0.0637955391083931
Danville,,208780026,,P-1,0.0,35.0,0.06662460525432065
Danville,,208780003,,P-1,0.0,35.0,0.0645832591566763
Danville,,208230041,,P-1,0.0,35.0,5.01
Danville,,208780001,,P-1,0.0,35.0,0.05919134053072239
Danville,,208780002,,P-1,0.0,35.0,0.06545683711144523
Danville,,208780028,,P-1,0.0,35.0,0.06936944293882968
Danville,,208780029,,P-1,0.0,35.0,0.06021531498245079
Danville,,208770031,,P-1,0.0,35.0,0.052
Danville,,208770007,,P-1,0.0,35.0,0.06800068214186601
Danville,,208770008,,P-1,0.0,35.0,0.06078537186363246
Danville,,208770009,,P-1,0.0,35.0,0.05185528915121446
Danville,,208770010,,P-1,0.0,35.0,0.05185436686287579
Danville,,208770011,,P-1,0.0,35.0,0.060812552867688066
Danville,,208770012,,P-1,0.0,35.0,0.06132096590744055
Danville,,208770032,,P-1,0.0,35.0,0.052
Danville,,208770013,,P-1,0.0,35.0,0.06763776152843466
Danville,,208770018,,P-1,0.0,35.0,0.060322377575547405
Danville,,208770027,,P-1,0.0,35.0,0.06468195104619187
Danville,,208770035,,P-1,0.0,35.0,0.6352231549131899
Danville,,208770026,,P-1,0.0,35.0,0.06093292535372659
Danville,,208770025,,P-1,0.0,35.0,0.11535935748950714
Danville,,208770024,,P-1,0.0,35.0,0.08608253528378695
Danville,,208770019,,P-1,0.0,35.0,0.06930147963663184
Danville,,208770033,,P-1,0.0,35.0,0.054
Danville,,208770021,,P-1,0.0,35.0,0.05185390574520922
Danville,,208770023,,P-1,0.0,35.0,0.06004830710540093
Danville,,208770022,,P-1,0.0,35.0,0.05185422210842488
Danville,,208770017,,P-1,0.0,35.0,0.060811219388724434
Danville,,208770020,,P-1,0.0,35.0,0.061688204311125046
Danville,,208770016,,P-1,0.0,35.0,0.05185531457805992
Danville,,208770014,,P-1,0.0,35.0,0.060785249311242955
Danville,,208770015,,P-1,0.0,35.0,0.051854755476025936
Danville,,208760026,,P-1,0.0,35.0,0.05185565074661157
Danville,,208760027,,P-1,0.0,35.0,0.059728347977384424
Danville,,208770034,,P-1,0.0,35.0,0.404
Danville,,208770002,,P-1,0.0,35.0,0.06005223937902297
Danville,,208770003,,P-1,0.0,35.0,0.05185506989180806
Danville,,208770005,,P-1,0.0,35.0,0.06081160103521581
Danville,,208770004,,P-1,0.0,35.0,0.05185460281904674
Danville,,208770030,,P-1,0.0,35.0,0.052
Danville,,208770006,,P-1,0.0,35.0,0.06132012739651121
Danville,,208770001,,P-1,0.0,35.0,0.06785160258313239
Danville,,208760028,,P-1,0.0,35.0,0.060775512552269984
Danville,,208780034,,P-1,0.0,35.0,0.106
Danville,,208780032,,P-1,0.0,35.0,0.096
Danville,,208780024,,P-1,0.0,35.0,0.06325388110360514
Danville,,208780025,,P-1,0.0,35.0,0.09141454875655329
Danville,,208780023,,P-1,0.0,35.0,0.06127020769669014
Danville,,208780022,,P-1,0.0,35.0,0.061339455391587985
Danville,,208780008,,P-1,0.0,35.0,0.06624495859064118
Danville,,208780009,,P-1,0.0,35.0,0.06368930485241157
Danville,,208780010,,P-1,0.0,35.0,0.06079219659900829
Danville,,208780011,,P-1,0.0,35.0,0.0888487749797711
Danville,,208780012,,P-1,0.0,35.0,0.07408178670061487
Danville,,208780013,,P-1,0.0,35.0,0.0758642692227322
Danville,,208780019,,P-1,0.0,35.0,0.05289517295559489
Danville,,208780020,,P-1,0.0,35.0,0.07903704989898651
Danville,,208780031,,P-1,0.0,35.0,0.1
Danville,,208780021,,P-1,0.0,35.0,0.06444921816467375
Danville,,208780016,,P-1,0.0,35.0,0.0601615232991411
Danville,,208780014,,P-1,0.0,35.0,0.05746499492397766
Danville,,208780017,,P-1,0.0,35.0,0.06259564826350554
Danville,,208780018,,P-1,0.0,35.0,0.052727543611443786
Danville,,208780035,,P-1,0.0,35.0,0.049
Danville,,208780015,,P-1,0.0,35.0,0.06315721059630428
Danville,,208760002,,P-1,0.0,35.0,0.059365880838887296
Danville,,208760029,,P-1,0.0,35.0,0.04
Danville,,208760001,,P-1,0.0,35.0,0.06917287921600837
Danville,,208760016,,P-1,0.0,35.0,0.0611512139451915
Danville,,208760018,,P-1,0.0,35.0,0.06005087013359562
Danville,,208760015,,P-1,0.0,35.0,0.060785411745404805
Danville,,208760032,,P-1,0.0,35.0,0.052
Danville,,208760017,,P-1,0.0,35.0,0.06831439609725345
Danville,,208760022,,P-1,0.0,35.0,0.06088281802507289
Danville,,208760023,,P-1,0.0,35.0,0.06823061344631134
Danville,,208760033,,P-1,0.0,35.0,0.052
Danville,,208760025,,P-1,0.0,35.0,0.05185794691360992
Danville,,208760024,,P-1,0.0,35.0,0.06005055861086842
Danville,,208760021,,P-1,0.0,35.0,0.060787148075592025
Danville,,208760020,,P-1,0.0,35.0,0.05185622245539772
Danville,,208760034,,P-1,0.0,35.0,0.343
Danville,,208760019,,P-1,0.0,35.0,0.05185728727625488
Danville,,208230018,,P-1,0.0,35.0,0.25
Danville,,208760012,,P-1,0.0,35.0,0.059361875651018775
Danville,,208760013,,P-1,0.0,35.0,0.05186062963633451
Danville,,208760014,,P-1,0.0,35.0,0.051859106000514854
Danville,,208760031,,P-1,0.0,35.0,0.052
Danville,,208760011,,P-1,0.0,35.0,0.06860039526154423
Danville,,208780033,,P-1,0.0,35.0,1.839
Danville,,208760004,,P-1,0.0,35.0,0.06405387837746364
Danville,,208760003,,P-1,0.0,35.0,0.05936660990826945
Danville,,208760005,,P-1,0.0,35.0,0.06827025131301209
Danville,,208760030,,P-1,0.0,35.0,0.05
Danville,,208760010,,P-1,0.0,35.0,0.0821479266330024
Danville,,208760009,,P-1,0.0,35.0,0.06069537065458834
Danville,,208760008,,P-1,0.0,35.0,0.060562978711948975
Danville,,208480021,,M-13,8.0,13.0,0.03179890459661903
Danville,,208480023,,M-13,8.0,13.0,0.027355445088792573
Danville,,208480025,,M-13,8.0,13.0,0.02948963821717226
Danville,,208480026,,M-13,8.0,13.0,0.026482732460875534
Danville,,208480027,,M-13,8.0,13.0,2.660015278696562
Danville,,208480024,,M-13,8.0,13.0,0.02408646957789728
Danville,,208480022,,M-13,8.0,13.0,0.025412217497135195
Danville,,208480020,,M-13,8.0,13.0,0.053973532178826784
Danville,,208480019,,M-13,8.0,13.0,0.06733923771975711
Danville,,208480016,,M-13,8.0,13.0,0.06404664621925239
Danville,,208480017,,M-13,8.0,13.0,0.07005636242342253
Danville,,208480018,,M-13,8.0,13.0,0.068821535195891
Danville,,208322002,,R-15,0.0,2.9,0.368286458015494
Danville,,208322001,,R-15,0.0,2.9,0.37595075000828393
Danville,,208760007,,P-1,0.0,35.0,0.07025543265327476
Danville,,208760006,,P-1,0.0,35.0,0.08300284236215909
Danville,,208322003,,R-15,0.0,2.9,0.36525260893350486
Danville,,208230044,,P-1,0.0,35.0,143.78722790488183
Danville,,208780006,,P-1,0.0,35.0,0.06969766606466203
Danville,,208361009,,A-2,0.0,0.05,1.62
Danville,,208361006,,R-15,0.0,2.9,0.3422412242129337
Danville,,208362008,,R-15,0.0,2.9,0.3870905007995565
Danville,,208361007,,R-15,0.0,2.9,0.34917526698997087
Danville,,208361008,,R-15,0.0,2.9,0.34264860718188467
Danville,,208363002,,R-15,0.0,2.9,0.36490446261040926
Danville,,208363001,,R-15,0.0,2.9,0.3623322184316922
Danville,,208323001,,R-15,0.0,2.9,0.362416104406387
Danville,,208321012,,R-15,0.0,2.9,0.37176415386142114
Danville,,208480015,,M-13,8.0,13.0,0.060096115228902326
Danville,,208480014,,M-13,8.0,13.0,0.06283428622795906
Danville,,208480013,,M-13,8.0,13.0,0.057879031965819096
Danville,,208321011,,R-15,0.0,2.9,0.36356236287486965
Danville,,208321010,,R-15,0.0,2.9,0.3535301162926096
Danville,,208321009,,R-15,0.0,2.9,0.34815930167297404
Danville,,208323002,,R-15,0.0,2.9,0.37889037272505866
Danville,,208323003,,R-15,0.0,2.9,0.3587401383275132
Danville,,208323004,,R-15,0.0,2.9,0.3616274750603135
Danville,,208323005,,R-15,0.0,2.9,0.35932436667138046
Danville,,208323006,,R-15,0.0,2.9,0.3575339254204093
Danville,,208362005,,R-15,0.0,2.9,0.35791204995657105
Danville,,208362006,,R-15,0.0,2.9,0.35055307123042145
Danville,,208362007,,R-15,0.0,2.9,0.3490497031610671
Danville,,208361004,,R-15,0.0,2.9,0.3423637233284215
Danville,,208361005,,R-15,0.0,2.9,0.3444301348527016
Danville,,208361013,,R-15,0.0,2.9,0.2970717435745887
Danville,,208361010,,A-2,0.0,0.05,1.65
Danville,,208361XXX,,R-15,0.0,2.9,0.04611730745334353
Danville,,208361012,,R-15,0.0,2.9,0.33315678717690234
Danville,,208361011,,R-15,0.0,2.9,0.34385821867020666
Danville,,208362004,,R-15,0.0,2.9,0.3498475406998538
Danville,,208362003,,R-15,0.0,2.9,0.3483453375200691
Danville,,208323007,,R-15,0.0,2.9,0.35197516411186797
Danville,,208362002,,R-15,0.0,2.9,0.347612726267292
Danville,,208362001,,R-15,0.0,2.9,0.34489001186325347
Danville,,208303004,,R-15,0.0,2.9,0.3269336250123887
Danville,,208304001,,R-15,0.0,2.9,0.34461857592714706
Danville,,208304002,,R-15,0.0,2.9,0.41959009262219893
Danville,,208302015,,R-15,0.0,2.9,0.3827510800911382
Danville,,208302020,,R-15,0.0,2.9,0.3470264682434627
Danville,,208303001,,R-15,0.0,2.9,0.39597151771514016
Danville,,208302021,,R-15,0.0,2.9,0.3516035791930121
Danville,,208810021,,P-1 (R-15),0.0,2.9,0.408
Danville,,208810001,,P-1 (R-15),0.0,2.9,0.3946758195849132
Danville,,208810002,,P-1 (R-15),0.0,2.9,0.32522812344495416
Danville,,208810012,,P-1 (R-15),0.0,2.9,0.35244132898297154
Danville,,208810011,,P-1 (R-15),0.0,2.9,0.37532285660361053
Danville,,208810008,,P-1 (R-15),0.0,2.9,0.24335382662093846
Danville,,208810009,,P-1 (R-15),0.0,2.9,0.30309201555826526
Danville,,208810010,,P-1 (R-15),0.0,2.9,0.3100309903790567
Danville,,208810003,,P-1 (R-15),0.0,2.9,0.49975721115167476
Danville,,208810004,,P-1 (R-15),0.0,2.9,0.3064185087773707
Danville,,208810005,,P-1 (R-15),0.0,2.9,0.41604543702126284
Danville,,208810022,,P-1 (R-15),0.0,2.9,4.03
Danville,,208810015,,P-1 (R-15),0.0,2.9,0.34385555672585394
Danville,,208810006,,P-1 (R-15),0.0,2.9,0.274246841382946
Danville,,208810007,,P-1 (R-15),0.0,2.9,0.26087268088025767
Danville,,208810013,,P-1 (R-15),0.0,2.9,0.3605888024775051
Danville,,208810014,,P-1 (R-15),0.0,2.9,0.39100973203647255
Danville,,208810019,,P-1 (R-15),0.0,2.9,0.3918784044539964
Danville,,208810020,,P-1 (R-15),0.0,2.9,0.41167237445632454
Danville,,208302012,,R-15,0.0,2.9,0.38249349536830063
Danville,,208302011,,R-15,0.0,2.9,0.43672221221458873
Danville,,208302010,,R-15,0.0,2.9,0.4716981041158477
Danville,,208810018,,P-1 (R-15),0.0,2.9,0.42006813465457216
Danville,,208302009,,R-15,0.0,2.9,0.3690298147135943
Danville,,208302008,,R-15,0.0,2.9,0.3923938042990113
Danville,,208302007,,R-15,0.0,2.9,0.5998820701860442
Danville,,208810016,,P-1 (R-15),0.0,2.9,0.49631368774831375
Danville,,208810017,,P-1 (R-15),0.0,2.9,0.506716315946518
Danville,,208650024,,R-100,0.0,0.44,2.381
Danville,,208182005,,R-15,0.0,2.9,0.36148637563236674
Danville,,208182006,,R-15,0.0,2.9,0.356745301108837
Danville,,208182007,,R-15,0.0,2.9,0.31474644142822117
Danville,,208182022,,R-15,0.0,2.9,0.29522387833541097
Danville,,208170016,,A-2,0.0,0.05,1.235
Danville,,208650023,,R-100,0.0,0.44,2.269
Danville,,208183001,,R-15,0.0,2.9,0.33339660575741364
Danville,,208183002,,R-15,0.0,2.9,0.33060378264617696
Danville,,208183004,,R-15,0.0,2.9,0.41932666071090263
Danville,,208650027,,R-100,0.0,0.44,1.12
Danville,,208650003,,R-100,0.0,0.44,2.4744948374541162
Danville,,208650006,,A-2,0.0,0.05,5.1256885402344174
Danville,,208650031,,R-100,0.0,0.44,2.89
Danville,,208650030,,R-100,0.0,0.44,2.696
Danville,,208230046,,P-1,0.0,35.0,112.59053318875819
Danville,,208580002,,P-1 (R-100,0.0,0.44,5.31
Danville,,208580003,,P-1 (R-100,0.0,0.44,5.42
Danville,,208230045,,P-1,0.0,35.0,34.017
Danville,,208592016,,P-1 (R-6),0.0,7.26,0.15905738534840078
Danville,,208592017,,P-1 (R-6),0.0,7.26,0.18468055079383278
Danville,,208592018,,P-1 (R-6),0.0,7.26,0.30647355015018146
Danville,,208580009,,P-1 (R-100,0.0,0.44,6.01
Danville,,208580010,,P-1 (R-100,0.0,0.44,5.67
Danville,,208591008,,P-1 (R-6),0.0,7.26,0.02799061747534126
Danville,,208591009,,P-1 (R-6),0.0,7.26,0.12061981994831013
Danville,,208591010,,P-1 (R-6),0.0,7.26,0.15641593911883422
Danville,,208591011,,P-1 (R-6),0.0,7.26,0.11101218967526794
Danville,,208591012,,P-1 (R-6),0.0,7.26,0.15581002872386934
Danville,,208591013,,P-1 (R-6),0.0,7.26,0.0897502656917565
Danville,,208570014,,P-1 (R-100,0.0,0.44,7.01
Danville,,208620074,,P-1 (R-6),0.0,7.26,2.064526091448893
Danville,,208593048,,P-1 (R-6),0.0,7.26,0.0750374734170009
Danville,,208593047,,P-1 (R-6),0.0,7.26,0.06343986489129153
Danville,,208593044,,P-1 (R-6),0.0,7.26,0.07844514378051301
Danville,,208593045,,P-1 (R-6),0.0,7.26,0.07958689457270351
Danville,,208593046,,P-1 (R-6),0.0,7.26,0.07561068926154989
Danville,,208593049,,P-1 (R-6),0.0,7.26,0.0954281856688458
Danville,,208593050,,P-1 (R-6),0.0,7.26,0.07856170168914062
Danville,,208593077,,P-1 (R-6),0.0,7.26,0.0744225929589521
Danville,,208593043,,P-1 (R-6),0.0,7.26,0.07554696522156969
Danville,,208593042,,P-1 (R-6),0.0,7.26,0.07683430782332036
Danville,,208593041,,P-1 (R-6),0.0,7.26,0.07588858584308714
Danville,,208593040,,P-1 (R-6),0.0,7.26,0.07589832585366289
Danville,,208593039,,P-1 (R-6),0.0,7.26,0.07528710972042778
Danville,,208593038,,P-1 (R-6),0.0,7.26,0.06290597179422078
Danville,,208593036,,P-1 (R-6),0.0,7.26,0.17728013829157716
Danville,,208593037,,P-1 (R-6),0.0,7.26,0.18278417323998397
Danville,,208593034,,P-1 (R-6),0.0,7.26,0.18544048418134818
Danville,,208593035,,P-1 (R-6),0.0,7.26,0.18121224016800533
Danville,,208593075,,P-1 (R-6),0.0,7.26,0.20972327083863385
Danville,,208593074,,P-1 (R-6),0.0,7.26,0.18645278952755354
Danville,,208593087,,P-1 (R-6),0.0,7.26,1.7702700097052249
Danville,,208593072,,P-1 (R-6),0.0,7.26,0.06158852521205188
Danville,,208593029,,P-1 (R-6),0.0,7.26,0.07212717088841857
Danville,,208593071,,P-1 (R-6),0.0,7.26,0.0651826403914149
Danville,,208593070,,P-1 (R-6),0.0,7.26,0.06592681848922784
Danville,,208593063,,P-1 (R-6),0.0,7.26,1.7897978493047357
Danville,,208593084,,P-1 (R-6),0.0,7.26,0.06815111981206255
Danville,,208593086,,P-1 (R-6),0.0,7.26,1.23
Danville,,208593026,,P-1 (R-6),0.0,7.26,0.06945090025508684
Danville,,208593069,,P-1 (R-6),0.0,7.26,0.13299588301749343
Danville,,208593024,,P-1 (R-6),0.0,7.26,0.07583620819538715
Danville,,208593021,,P-1 (R-6),0.0,7.26,0.06462876530481054
Danville,,208593068,,P-1 (R-6),0.0,7.26,0.07943535947564573
Danville,,208593022,,P-1 (R-6),0.0,7.26,0.06323446877715981
Danville,,208601012,,P-1 (R-6),0.0,7.26,0.06796220827984968
Danville,,208601029,,P-1 (R-6),0.0,7.26,0.11037928764557714
Danville,,208601015,,P-1 (R-6),0.0,7.26,0.060703338289888255
Danville,,208601014,,P-1 (R-6),0.0,7.26,0.0702203752430827
Danville,,208601030,,P-1 (R-6),0.0,7.26,0.07798994367133436
Danville,,208601023,,P-1 (R-6),0.0,7.26,0.08884756317494866
Danville,,208593067,,P-1 (R-6),0.0,7.26,0.06747285145921751
Danville,,208593020,,P-1 (R-6),0.0,7.26,0.06712494138714763
Danville,,208593018,,P-1 (R-6),0.0,7.26,0.06034178630894632
Danville,,208602020,,P-1 (R-6),0.0,7.26,0.06371290166663587
Danville,,208602019,,P-1 (R-6),0.0,7.26,0.06397976695025756
Danville,,208602017,,P-1 (R-6),0.0,7.26,0.06458449983605745
Danville,,208602018,,P-1 (R-6),0.0,7.26,0.0628839717297182
Danville,,208593089,,P-1 (R-6),0.0,7.26,0.9473742217308944
Danville,,208602016,,P-1 (R-6),0.0,7.26,0.06809917054209885
Danville,,208592010,,P-1 (R-6),0.0,7.26,0.31315366394783667
Danville,,208593073,,P-1 (R-6),0.0,7.26,0.09846272568578827
Danville,,208592011,,P-1 (R-6),0.0,7.26,0.3138638482059756
Danville,,208592012,,P-1 (R-6),0.0,7.26,0.30655628049987155
Danville,,208592013,,P-1 (R-6),0.0,7.26,0.22832824904218624
Danville,,208591015,,P-1 (R-6),0.0,7.26,1.6
Danville,,208592015,,P-1 (R-6),0.0,7.26,0.17453696453928597
Danville,,208592014,,P-1 (R-6),0.0,7.26,0.18469479686324808
Danville,,208602037,,P-1 (R-6),0.0,7.26,0.5628350373038565
Danville,,208602033,,P-1 (R-6),0.0,7.26,0.08427577150476813
Danville,,208602034,,P-1 (R-6),0.0,7.26,0.10377213407243709
Danville,,208602011,,P-1 (R-6),0.0,7.26,0.0660936413676193
Danville,,208602012,,P-1 (R-6),0.0,7.26,0.078910537060842
Danville,,208602013,,P-1 (R-6),0.0,7.26,0.06821407774732784
Danville,,208602035,,P-1 (R-6),0.0,7.26,0.08298374273426579
Danville,,208602036,,P-1 (R-6),0.0,7.26,0.11545036044027997
Danville,,208601032,,P-1 (R-6),0.0,7.26,1.35
Danville,,208601016,,P-1 (R-6),0.0,7.26,0.07586886312150078
Danville,,208601017,,P-1 (R-6),0.0,7.26,0.07560565474893498
Danville,,208601006,,P-1 (R-6),0.0,7.26,0.06376079963919556
Danville,,208601019,,P-1 (R-6),0.0,7.26,0.06664807517915022
Danville,,208601018,,P-1 (R-6),0.0,7.26,0.0662911028983772
Danville,,208601020,,P-1 (R-6),0.0,7.26,0.1073673823228663
Danville,,208601031,,P-1 (R-6),0.0,7.26,0.7051462747380972
Danville,,208602040,,P-1 (R-6),0.0,7.26,0.08903215183707117
Danville,,208602032,,P-1 (R-6),0.0,7.26,0.11867984733544507
Danville,,208602028,,P-1 (R-6),0.0,7.26,0.09691940258626816
Danville,,208602027,,P-1 (R-6),0.0,7.26,0.09225871058865058
Danville,,208602026,,P-1 (R-6),0.0,7.26,0.0821638932774144
Danville,,208602025,,P-1 (R-6),0.0,7.26,0.08023855558786368
Danville,,208602024,,P-1 (R-6),0.0,7.26,0.13802501990481175
Danville,,208230043,,P-1,0.0,35.0,0.51
Danville,,218221034,,P-1 (R-10),0.0,4.36,0.2559379077247528
Danville,,218221035,,P-1 (R-10),0.0,4.36,0.28015156760824306
Danville,,218221033,,P-1 (R-10),0.0,4.36,0.3582745728223503
Danville,,218221023,,P-1 (R-10),0.0,4.36,0.2785302706691883
Danville,,218221022,,P-1 (R-10),0.0,4.36,0.23658788458437624
Danville,,218221017,,P-1 (R-10),0.0,4.36,0.22418081712538515
Danville,,218221025,,P-1 (R-10),0.0,4.36,0.21222623600208657
Danville,,218221024,,P-1 (R-10),0.0,4.36,0.23098390850792255
Danville,,218221026,,P-1 (R-10),0.0,4.36,0.20693933490523375
Danville,,218221027,,P-1 (R-10),0.0,4.36,0.24783718419780523
Danville,,218221028,,P-1 (R-10),0.0,4.36,0.3611664936510557
Danville,,218221029,,P-1 (R-10),0.0,4.36,0.38187038893979447
Danville,,218221031,,P-1 (R-10),0.0,4.36,0.2958031474251851
Danville,,218221030,,P-1 (R-10),0.0,4.36,0.30224720820584783
Danville,,218221032,,P-1 (R-10),0.0,4.36,0.3248768502718263
Danville,,218212002,,P-1 (R-10),0.0,4.36,0.21616797453605352
Danville,,218212001,,P-1 (R-10),0.0,4.36,0.2657398236578233
Danville,,218211011,,P-1 (R-10),0.0,4.36,0.24114028030878526
Danville,,218760027,,P-1,0.0,35.0,0.041897003329827764
Danville,,218760028,,P-1,0.0,35.0,0.03867600237962155
Danville,,208602023,,P-1 (R-6),0.0,7.26,0.1439140930519795
Danville,,208602038,,P-1 (R-6),0.0,7.26,1.131068360825742
Danville,,208612006,,P-1 (R-6),0.0,7.26,1.951210501545378
Danville,,208601024,,P-1 (R-6),0.0,7.26,0.06662270628782767
Danville,,208601025,,P-1 (R-6),0.0,7.26,0.059980273030366675
Danville,,208601026,,P-1 (R-6),0.0,7.26,0.0844026801330233
Danville,,208601004,,P-1 (R-6),0.0,7.26,0.06521960962227895
Danville,,208601005,,P-1 (R-6),0.0,7.26,0.07007913749694666
Danville,,208611047,,P-1 (R-6),0.0,7.26,0.09037022475835846
Danville,,208611048,,P-1 (R-6),0.0,7.26,0.08415266291655668
Danville,,208611049,,P-1 (R-6),0.0,7.26,0.09457713102384067
Danville,,208611052,,P-1 (R-6),0.0,7.26,1.3410960525482336
Danville,,208611050,,P-1 (R-6),0.0,7.26,0.07849744608353483
Danville,,208611028,,P-1 (R-6),0.0,7.26,0.06684799223344312
Danville,,208612001,,P-1 (R-6),0.0,7.26,0.21039312882766092
Danville,,208612002,,P-1 (R-6),0.0,7.26,0.1427842788948975
Danville,,208612003,,P-1 (R-6),0.0,7.26,0.13893725532659965
Danville,,208612004,,P-1 (R-6),0.0,7.26,0.14170923890513998
Danville,,208620010,,P-1 (R-6),0.0,7.26,0.06650854401551677
Danville,,208620009,,P-1 (R-6),0.0,7.26,0.06225059851196015
Danville,,208620011,,P-1 (R-6),0.0,7.26,0.08464442526874116
Danville,,208620012,,P-1 (R-6),0.0,7.26,0.08106655763345104
Danville,,208620013,,P-1 (R-6),0.0,7.26,0.08952277715002266
Danville,,208620014,,P-1 (R-6),0.0,7.26,0.07668053851581648
Danville,,208620015,,P-1 (R-6),0.0,7.26,0.06873536002158244
Danville,,208620016,,P-1 (R-6),0.0,7.26,0.06674258615486899
Danville,,208620017,,P-1 (R-6),0.0,7.26,0.06691390784500027
Danville,,208620018,,P-1 (R-6),0.0,7.26,0.06724117362675766
Danville,,208620054,,P-1 (R-6),0.0,7.26,1.808628357260495
Danville,,208611003,,P-1 (R-6),0.0,7.26,0.10579570586178738
Danville,,208611002,,P-1 (R-6),0.0,7.26,0.0663417919053629
Danville,,208611005,,P-1 (R-6),0.0,7.26,0.07098160104318099
Danville,,208611004,,P-1 (R-6),0.0,7.26,0.07696356638193706
Danville,,208611037,,P-1 (R-6),0.0,7.26,0.06305309032192094
Danville,,208611038,,P-1 (R-6),0.0,7.26,0.06491434524620858
Danville,,208611039,,P-1 (R-6),0.0,7.26,0.06798747276707971
Danville,,208611040,,P-1 (R-6),0.0,7.26,0.07060748754263593
Danville,,208611036,,P-1 (R-6),0.0,7.26,0.06523449793057012
Danville,,208611035,,P-1 (R-6),0.0,7.26,0.06431580777421439
Danville,,208612005,,P-1 (R-6),0.0,7.26,0.15615081689435523
Danville,,208611044,,P-1 (R-6),0.0,7.26,0.6533854345335219
Danville,,208611034,,P-1 (R-6),0.0,7.26,0.06796303304170784
Danville,,208611033,,P-1 (R-6),0.0,7.26,0.06470767278263775
Danville,,208611032,,P-1 (R-6),0.0,7.26,0.06651711983755783
Danville,,208611031,,P-1 (R-6),0.0,7.26,0.06326242322507229
Danville,,208611030,,P-1 (R-6),0.0,7.26,0.06430066224270335
Danville,,208611029,,P-1 (R-6),0.0,7.26,0.0695538329556574
Danville,,208611007,,P-1 (R-6),0.0,7.26,0.09322533753955951
Danville,,208611008,,P-1 (R-6),0.0,7.26,0.060255536191949094
Danville,,208611006,,P-1 (R-6),0.0,7.26,0.07516787489530558
Danville,,208611010,,P-1 (R-6),0.0,7.26,0.08645350997711075
Danville,,208611009,,P-1 (R-6),0.0,7.26,0.08688318110599688
Danville,,208611016,,P-1 (R-6),0.0,7.26,0.061279365680720406
Danville,,208611017,,P-1 (R-6),0.0,7.26,0.0718005639323445
Danville,,208611018,,P-1 (R-6),0.0,7.26,0.07338987066572424
Danville,,208611019,,P-1 (R-6),0.0,7.26,0.07583975736684678
Danville,,208611020,,P-1 (R-6),0.0,7.26,0.09354762654222022
Danville,,208611054,,P-1 (R-6),0.0,7.26,0.08850272714042444
Danville,,208611055,,P-1 (R-6),0.0,7.26,1.224
Danville,,208601027,,P-1 (R-6),0.0,7.26,0.07172391799326529
Danville,,208601008,,P-1 (R-6),0.0,7.26,0.06833796031797784
Danville,,208601009,,P-1 (R-6),0.0,7.26,0.06546443201657695
Danville,,208601028,,P-1 (R-6),0.0,7.26,0.09769807507358848
Danville,,208611015,,P-1 (R-6),0.0,7.26,0.06197364957224882
Danville,,208611045,,P-1 (R-6),0.0,7.26,0.10974067928334003
Danville,,208593066,,P-1 (R-6),0.0,7.26,1.2715626241499303
Danville,,208611041,,P-1 (R-6),0.0,7.26,0.3533901617981154
Danville,,208611012,,P-1 (R-6),0.0,7.26,0.06410705802773266
Danville,,208611011,,P-1 (R-6),0.0,7.26,0.0887149991413292
Danville,,208593013,,P-1 (R-6),0.0,7.26,0.07726787275026921
Danville,,208593080,,P-1 (R-6),0.0,7.26,0.07531711730578435
Danville,,208593079,,P-1 (R-6),0.0,7.26,0.07145802777222868
Danville,,208593010,,P-1 (R-6),0.0,7.26,0.07058263766979973
Danville,,208593008,,P-1 (R-6),0.0,7.26,0.06805333693549874
Danville,,208593083,,P-1 (R-6),0.0,7.26,0.06661821421720376
Danville,,208593005,,P-1 (R-6),0.0,7.26,0.0664754963048772
Danville,,208593082,,P-1 (R-6),0.0,7.26,0.06609857927056825
Danville,,208593003,,P-1 (R-6),0.0,7.26,0.06305419337917499
Danville,,208593081,,P-1 (R-6),0.0,7.26,0.06717632691546967
Danville,,208593001,,P-1 (R-6),0.0,7.26,0.057232744132669086
Danville,,208593017,,P-1 (R-6),0.0,7.26,0.1230278410179176
Danville,,208593016,,P-1 (R-6),0.0,7.26,0.09552256942275279
Danville,,208593015,,P-1 (R-6),0.0,7.26,0.0702778248963207
Danville,,208593014,,P-1 (R-6),0.0,7.26,0.0793582164835514
Danville,,208611001,,P-1 (R-6),0.0,7.26,0.08442660022024216
Danville,,208620055,,P-1 (R-6),0.0,7.26,1.0564545681711843
Danville,,208620019,,P-1 (R-6),0.0,7.26,0.08012490959956425
Danville,,208620022,,P-1 (R-6),0.0,7.26,0.07962426642387646
Danville,,208620021,,P-1 (R-6),0.0,7.26,0.0784534378470945
Danville,,208620020,,P-1 (R-6),0.0,7.26,0.08909415696514056
Danville,,208620023,,P-1 (R-6),0.0,7.26,0.07164818464737437
Danville,,208620025,,P-1 (R-6),0.0,7.26,0.06721054173598875
Danville,,208620026,,P-1 (R-6),0.0,7.26,0.06406601566752178
Danville,,208620024,,P-1 (R-6),0.0,7.26,0.06869400417711809
Danville,,208620059,,P-1 (R-6),0.0,7.26,0.08193077849698385
Danville,,208620060,,P-1 (R-6),0.0,7.26,0.0782018175777448
Danville,,208620030,,P-1 (R-6),0.0,7.26,0.06685310076952941
Danville,,208620061,,P-1 (R-6),0.0,7.26,0.0755739123288385
Danville,,208620033,,P-1 (R-6),0.0,7.26,0.06744067608466364
Danville,,208620062,,P-1 (R-6),0.0,7.26,0.08591159038880113
Danville,,208620063,,P-1 (R-6),0.0,7.26,0.0766022645686855
Danville,,208620076,,P-1 (R-6),0.0,7.26,0.10982182563173937
Danville,,208620077,,P-1 (R-6),0.0,7.26,0.11336751673357331
Danville,,208620078,,P-1 (R-6),0.0,7.26,0.08923761928799347
Danville,,208620080,,P-1 (R-6),0.0,7.26,1.11
Danville,,208620034,,P-1 (R-6),0.0,7.26,0.09212231435611733
Danville,,208593061,,P-1 (R-6),0.0,7.26,0.09186614576184539
Danville,,208593060,,P-1 (R-6),0.0,7.26,0.09059793383050685
Danville,,208593085,,P-1 (R-6),0.0,7.26,0.07628788889041187
Danville,,208593058,,P-1 (R-6),0.0,7.26,0.07980315590059549
Danville,,208593078,,P-1 (R-6),0.0,7.26,0.13219771771312647
Danville,,208593088,,P-1 (R-6),0.0,7.26,1.4464658537484434
Danville,,208593053,,P-1 (R-6),0.0,7.26,0.1054869403027561
Danville,,208593054,,P-1 (R-6),0.0,7.26,0.06671333785488844
Danville,,208593051,,P-1 (R-6),0.0,7.26,0.08140854989426533
Danville,,208593052,,P-1 (R-6),0.0,7.26,0.08705183265029866
Danville,,208620036,,P-1 (R-6),0.0,7.26,0.06535684332740946
Danville,,208620065,,P-1 (R-6),0.0,7.26,0.06365062261340115
Danville,,208620069,,P-1 (R-6),0.0,7.26,2.292513449337286
Danville,,208620038,,P-1 (R-6),0.0,7.26,0.061571053928501956
Danville,,208620040,,P-1 (R-6),0.0,7.26,0.06276167582808427
Danville,,208620066,,P-1 (R-6),0.0,7.26,0.06533617206184159
Danville,,208620070,,P-1 (R-6),0.0,7.26,0.06539833417554551
Danville,,208620073,,P-1 (R-6),0.0,7.26,0.06212119112366497
Danville,,208620050,,P-1 (R-6),0.0,7.26,0.07074788617841764
Danville,,208620051,,P-1 (R-6),0.0,7.26,0.06371952391118997
Danville,,208620049,,P-1 (R-6),0.0,7.26,0.06233384619940716
Danville,,208620072,,P-1 (R-6),0.0,7.26,0.06635965351456782
Danville,,208620047,,P-1 (R-6),0.0,7.26,0.0661070638606712
Danville,,208620071,,P-1 (R-6),0.0,7.26,0.0679759266069514
Danville,,208620045,,P-1 (R-6),0.0,7.26,0.0618693284380969
Danville,,208620067,,P-1 (R-6),0.0,7.26,0.06605048038241129
Danville,,208620068,,P-1 (R-6),0.0,7.26,0.06400225044083657
Danville,,208620044,,P-1 (R-6),0.0,7.26,0.07383606219262655
Danville,,208620027,,P-1 (R-6),0.0,7.26,0.06959810698644743
Danville,,208620079,,P-1 (R-6),0.0,7.26,0.09365504688729229
Danville,,208562042,,P-1 (R-6),0.0,7.26,0.06505844139304902
Danville,,208562041,,P-1 (R-6),0.0,7.26,0.06464382152011165
Danville,,208562039,,P-1 (R-6),0.0,7.26,0.06312183622456323
Danville,,208562040,,P-1 (R-6),0.0,7.26,0.06575060803467708
Danville,,208562038,,P-1 (R-6),0.0,7.26,0.0642358725638326
Danville,,208562033,,P-1 (R-6),0.0,7.26,0.06300166285237627
Danville,,208562034,,P-1 (R-6),0.0,7.26,0.07888564818636216
Danville,,208562035,,P-1 (R-6),0.0,7.26,0.08517299161259988
Danville,,208562036,,P-1 (R-6),0.0,7.26,0.06521612859959158
Danville,,208562037,,P-1 (R-6),0.0,7.26,0.06072429285185257
Danville,,208562032,,P-1 (R-6),0.0,7.26,0.0818235401418777
Danville,,208562031,,P-1 (R-6),0.0,7.26,0.07752700346998254
Danville,,208562030,,P-1 (R-6),0.0,7.26,0.10013780693116116
Danville,,208562029,,P-1 (R-6),0.0,7.26,0.08833344928043725
Danville,,208562028,,P-1 (R-6),0.0,7.26,0.09267565603101201
Danville,,208562049,,P-1 (R-6),0.0,7.26,0.4461132356600153
Danville,,208562027,,P-1 (R-6),0.0,7.26,0.07766564334874647
Danville,,208562026,,P-1 (R-6),0.0,7.26,0.08523208650965475
Danville,,208562024,,P-1 (R-6),0.0,7.26,0.08549833388694576
Danville,,208562025,,P-1 (R-6),0.0,7.26,0.08538159926309392
Danville,,208562023,,P-1 (R-6),0.0,7.26,0.08575271641056952
Danville,,208562017,,P-1 (R-6),0.0,7.26,0.06389406743817852
Danville,,208562016,,P-1 (R-6),0.0,7.26,0.07565936007613318
Danville,,208562015,,P-1 (R-6),0.0,7.26,0.07804536889639921
Danville,,208562012,,P-1 (R-6),0.0,7.26,0.07703093459680915
Danville,,208562013,,P-1 (R-6),0.0,7.26,0.08003555474708239
Danville,,208562014,,P-1 (R-6),0.0,7.26,0.08696336977639268
Danville,,208562011,,P-1 (R-6),0.0,7.26,0.08134780336531301
Danville,,208562045,,P-1 (R-6),0.0,7.26,0.17455181094933458
Danville,,208562051,,P-1 (R-6),0.0,7.26,0.9473464440098136
Danville,,208562043,,P-1 (R-6),0.0,7.26,0.06354379679112789
Danville,,208562044,,P-1 (R-6),0.0,7.26,0.06398857688312663
Danville,,208562050,,P-1 (R-6),0.0,7.26,1.841621037809122
Danville,,208620001,,P-1 (R-6),0.0,7.26,0.06266877370042377
Danville,,208620002,,P-1 (R-6),0.0,7.26,0.062335677770990576
Danville,,208620053,,P-1 (R-6),0.0,7.26,6.321123773175107
Danville,,208620008,,P-1 (R-6),0.0,7.26,0.07608782464597529
Danville,,208620007,,P-1 (R-6),0.0,7.26,0.07207440665997643
Danville,,208620006,,P-1 (R-6),0.0,7.26,0.07166280020312366
Danville,,208620005,,P-1 (R-6),0.0,7.26,0.07099461349962527
Danville,,208620004,,P-1 (R-6),0.0,7.26,0.07218497787807916
Danville,,208620003,,P-1 (R-6),0.0,7.26,0.07701046791838673
Danville,,208562046,,P-1 (R-6),0.0,7.26,0.18602248336114854
Danville,,208612007,,P-1 (M-13),8.0,13.0,6.3155706359876325
Danville,,208551005,,P-1 (R-6),0.0,7.26,0.17281340537324297
Danville,,208551057,,P-1 (R-6),0.0,7.26,0.8308941794955824
Danville,,208551004,,P-1 (R-6),0.0,7.26,0.1742024176634868
Danville,,208552015,,P-1 (R-6),0.0,7.26,1.7555246981896644
Danville,,208551001,,P-1 (R-6),0.0,7.26,0.07596504752915362
Danville,,208551008,,P-1 (R-6),0.0,7.26,0.08470023110595365
Danville,,208551002,,P-1 (R-6),0.0,7.26,0.07664758600325193
Danville,,208551003,,P-1 (R-6),0.0,7.26,0.14869670305335908
Danville,,208551006,,P-1 (R-6),0.0,7.26,0.15982383818795523
Danville,,208551007,,P-1 (R-6),0.0,7.26,0.09236516531311523
Danville,,208551013,,P-1 (R-6),0.0,7.26,0.07672927871897865
Danville,,208551012,,P-1 (R-6),0.0,7.26,0.06291314263865094
Danville,,208551009,,P-1 (R-6),0.0,7.26,0.07841658063219618
Danville,,208551010,,P-1 (R-6),0.0,7.26,0.09786201568717606
Danville,,208551011,,P-1 (R-6),0.0,7.26,0.05728608453768585
Danville,,208551014,,P-1 (R-6),0.0,7.26,0.09073725117543693
Danville,,208551018,,P-1 (R-6),0.0,7.26,0.059392679926597886
Danville,,208551017,,P-1 (R-6),0.0,7.26,0.06631444924123303
Danville,,208551024,,P-1 (R-6),0.0,7.26,0.06760404609349092
Danville,,208551023,,P-1 (R-6),0.0,7.26,0.07128199984731265
Danville,,208551016,,P-1 (R-6),0.0,7.26,0.06958308940231077
Danville,,208551015,,P-1 (R-6),0.0,7.26,0.09333706525041456
Danville,,208551025,,P-1 (R-6),0.0,7.26,0.0659799676902422
Danville,,208552006,,P-1 (R-6),0.0,7.26,0.0829023893205875
Danville,,208552004,,P-1 (R-6),0.0,7.26,0.08024552842604914
Danville,,208552005,,P-1 (R-6),0.0,7.26,0.08687705407328646
Danville,,208552002,,P-1 (R-6),0.0,7.26,0.09079329080970513
Danville,,208552003,,P-1 (R-6),0.0,7.26,0.08104223455377066
Danville,,208553006,,P-1 (R-6),0.0,7.26,0.07260824041091296
Danville,,208553005,,P-1 (R-6),0.0,7.26,0.0745208064308001
Danville,,208553004,,P-1 (R-6),0.0,7.26,0.07459147510559877
Danville,,208553003,,P-1 (R-6),0.0,7.26,0.07292239254756219
Danville,,208553002,,P-1 (R-6),0.0,7.26,0.07593876052430176
Danville,,208553001,,P-1 (R-6),0.0,7.26,0.06305419225144113
Danville,,208552007,,P-1 (R-6),0.0,7.26,0.08254936544004586
Danville,,208552008,,P-1 (R-6),0.0,7.26,0.07922664287532351
Danville,,208552009,,P-1 (R-6),0.0,7.26,0.0774256260572323
Danville,,208552010,,P-1 (R-6),0.0,7.26,0.06850323564639324
Danville,,208552011,,P-1 (R-6),0.0,7.26,0.08186487312830297
Danville,,208552012,,P-1 (R-6),0.0,7.26,0.08338210939082379
Danville,,208552013,,P-1 (R-6),0.0,7.26,0.08083629323106263
Danville,,208552014,,P-1 (R-6),0.0,7.26,0.07697775304842915
Danville,,208562048,,P-1 (R-6),0.0,7.26,2.2891927078316634
Danville,,208553011,,P-1 (R-6),0.0,7.26,1.2882196016141967
Danville,,208562005,,P-1 (R-6),0.0,7.26,0.07955750635912127
Danville,,208562006,,P-1 (R-6),0.0,7.26,0.07763748043126693
Danville,,208562007,,P-1 (R-6),0.0,7.26,0.08481886572993814
Danville,,208562008,,P-1 (R-6),0.0,7.26,0.08179569714320381
Danville,,208562010,,P-1 (R-6),0.0,7.26,0.07448527962654021
Danville,,208562009,,P-1 (R-6),0.0,7.26,0.07604875957424775
Danville,,208562019,,P-1 (R-6),0.0,7.26,0.06358221144452157
Danville,,208562018,,P-1 (R-6),0.0,7.26,0.06471006658972671
Danville,,208562020,,P-1 (R-6),0.0,7.26,0.08152767255141039
Danville,,208562021,,P-1 (R-6),0.0,7.26,0.07138686854635681
Danville,,208562022,,P-1 (R-6),0.0,7.26,0.06281376704463279
Danville,,208562002,,P-1 (R-6),0.0,7.26,0.07864844659779688
Danville,,208562001,,P-1 (R-6),0.0,7.26,0.08101850112906249
Danville,,208562003,,P-1 (R-6),0.0,7.26,0.08331246476019975
Danville,,208562004,,P-1 (R-6),0.0,7.26,0.07917096129127998
Danville,,208562047,,P-1 (R-6),0.0,7.26,1.1213270202343195
Danville,,208561008,,P-1 (R-6),0.0,7.26,0.09352829347540705
Danville,,208561007,,P-1 (R-6),0.0,7.26,0.08639134106052353
Danville,,208551053,,P-1 (R-6),0.0,7.26,0.07657896415293311
Danville,,208551054,,P-1 (R-6),0.0,7.26,0.07969725684534691
Danville,,208551055,,P-1 (R-6),0.0,7.26,0.07746853360390027
Danville,,208551056,,P-1 (R-6),0.0,7.26,0.0612540519590011
Danville,,208553010,,P-1 (R-6),0.0,7.26,0.09967425086799048
Danville,,208553009,,P-1 (R-6),0.0,7.26,0.08128190537967327
Danville,,208553007,,P-1 (R-6),0.0,7.26,0.06374095063922051
Danville,,208553008,,P-1 (R-6),0.0,7.26,0.07907840507003436
Danville,,208552001,,P-1 (R-6),0.0,7.26,0.0760691402392918
Danville,,208551029,,P-1 (R-6),0.0,7.26,0.08639123412339038
Danville,,208551030,,P-1 (R-6),0.0,7.26,0.0788207750755313
Danville,,208551027,,P-1 (R-6),0.0,7.26,0.07170302047459173
Danville,,208551028,,P-1 (R-6),0.0,7.26,0.06593366352809565
Danville,,208551026,,P-1 (R-6),0.0,7.26,0.07741074947589079
Danville,,208551022,,P-1 (R-6),0.0,7.26,0.06848191321087742
Danville,,208551033,,P-1 (R-6),0.0,7.26,0.06218723915498032
Danville,,208551032,,P-1 (R-6),0.0,7.26,0.0676951277565423
Danville,,208551031,,P-1 (R-6),0.0,7.26,0.06683975258583595
Danville,,208551049,,P-1 (R-6),0.0,7.26,0.0783835390975736
Danville,,208551048,,P-1 (R-6),0.0,7.26,0.08167523780844403
Danville,,208551047,,P-1 (R-6),0.0,7.26,0.08169191325220833
Danville,,208551034,,P-1 (R-6),0.0,7.26,0.062120189157809626
Danville,,208551046,,P-1 (R-6),0.0,7.26,0.08333059467699812
Danville,,208551045,,P-1 (R-6),0.0,7.26,0.07189796912717182
Danville,,208551050,,P-1 (R-6),0.0,7.26,0.07387593547573475
Danville,,208551051,,P-1 (R-6),0.0,7.26,0.07700954650090674
Danville,,208551052,,P-1 (R-6),0.0,7.26,0.07977957358676306
Danville,,208551062,,P-1 (R-6),0.0,7.26,1.9119101070981317
Danville,,208561011,,P-1 (R-6),0.0,7.26,3.35
Danville,,208561009,,P-1 (R-6),0.0,7.26,0.0747895315397534
Danville,,208561010,,P-1 (R-6),0.0,7.26,0.07340314410321683
Danville,,208570005,,P-1 (R-100,0.0,0.44,7.04
Danville,,208561006,,P-1 (R-6),0.0,7.26,3.283059333361564
Danville,,208570009,,P-1 (R-100,0.0,0.44,5.86
Danville,,208570013,,P-1 (R-100,0.0,0.44,7.58
Danville,,208570012,,P-1 (R-100,0.0,0.44,5.0
Danville,,208570011,,P-1 (R-100,0.0,0.44,2.91
Danville,,208570007,,P-1 (R-100,0.0,0.44,6.19
Danville,,208580001,,P-1 (R-100,0.0,0.44,6.02
Danville,,208580016,,P-1 (R-100,0.0,0.44,1.46
Danville,,208580007,,P-1 (R-100,0.0,0.44,1.383166296293706
Danville,,208570006,,P-1 (R-100,0.0,0.44,5.34
