city,site_address,parcel_id,gp_designation,zoning_code,min_density,max_density,total_acreage
Lafayette,,249100012,,LR-10,0,4.0,5.1
Lafayette,,249100011,,LR-10,0,4.0,5.61
Lafayette,,249090003,,R-20,0,2.0,3.8
Lafayette,,249110011,,R-20,0,2.0,8.65
Lafayette,,249110005,,R-20,0,2.0,0.71
Lafayette,,249090005,,R-20,0,2.0,2.22
Lafayette,,249090006,,R-20,0,2.0,1.22
Lafayette,,249090002,,R-20,0,2.0,3.3
Lafayette,,249090001,,R-20,0,2.0,4.046
Lafayette,,249080008,,R-20,0,2.0,1.16
Lafayette,,249080010,,R-20,0,2.0,1.85
Lafayette,,249090XXX,,R-20,0,2.0,0.0
Lafayette,,249090007,,R-20,0,2.0,2.06
Lafayette,,249090004,,R-20,0,2.0,1.101
Lafayette,,249080007,,R-20,0,2.0,1.22
Lafayette,,249060009,,R-20,0,2.0,1.35
Lafayette,,249060007,,R-20,0,2.0,1.5
Lafayette,,249060006,,R-20,0,2.0,1.06
Lafayette,,249060008,,R-20,0,2.0,1.0
Lafayette,,249060010,,R-20,0,2.0,2.73
Lafayette,,249060013,,R-20,0,2.0,1.924
Lafayette,,249060004,,R-20,0,2.0,1.1
Lafayette,,249060014,,R-20,0,2.0,0.831
Lafayette,,249060005,,R-20,0,2.0,1.16
Lafayette,,247150005,,R-20,0,2.0,3.23
Lafayette,,247150017,,R-20,0,2.0,1.364
Lafayette,,247150011,,R-20,0,2.0,1.53
Lafayette,,247150013,,R-20,0,2.0,2.396
Lafayette,,247140007,,R-20,0,2.0,1.244
Lafayette,,249060012,,R-20,0,2.0,2.38
Lafayette,,249080004,,R-20,0,2.0,3.67
Lafayette,,249080002,,R-20,0,2.0,3.35
Lafayette,,249080003,,R-20,0,2.0,2.92
Lafayette,,249080012,,R-20,0,2.0,1.14
Lafayette,,249070007,,R-20,0,2.0,4.6
Lafayette,,249050002,,R-20,0,2.0,1.14
Lafayette,,249050004,,R-20,0,2.0,2.53
Lafayette,,249050015,,R-20,0,2.0,2.89
Lafayette,,247050012,,R-20,0,2.0,11.94
Lafayette,,247120005,,R-20,0,2.0,1.02
Lafayette,,247120012,,R-20,0,2.0,1.668
Lafayette,,247131019,,R-20,0,2.0,0.524
Lafayette,,247131011,,R-20,0,2.0,0.66
Lafayette,,247131014,,R-20,0,2.0,1.0
Lafayette,,247140001,,R-20,0,2.0,1.49
Lafayette,,247140002,,R-20,0,2.0,1.05
Lafayette,,247140003,,R-20,0,2.0,1.07
Lafayette,,247140004,,R-20,0,2.0,1.08
Lafayette,,247140006,,R-20,0,2.0,1.08
Lafayette,,247131015,,R-20,0,2.0,0.55
Lafayette,,247132016,,R-20,0,2.0,0.0
Lafayette,,247150016,,R-20,0,2.0,1.616
Lafayette,,247132019,,R-20,0,2.0,1.11
Lafayette,,247132013,,R-20,0,2.0,0.0
Lafayette,,247132018,,R-20,0,2.0,0.7
Lafayette,,247132017,,R-20,0,2.0,0.0
Lafayette,,247132015,,R-20,0,2.0,0.0
Lafayette,,247132009,,R-20,0,2.0,0.0
Lafayette,,247132001,,R-20,0,2.0,0.91
Lafayette,,247131020,,R-20,0,2.0,1.32
Lafayette,,247131005,,R-20,0,2.0,1.29
Lafayette,,247131013,,R-20,0,2.0,0.6
Lafayette,,247131022,,R-20,0,2.0,0.861
Lafayette,,247040024,,R-20,0,2.0,2.54
Lafayette,,247040028,,R-20,0,2.0,1.789
Lafayette,,247032008,,R-20,0,2.0,0.59
Lafayette,,247131021,,R-20,0,2.0,1.26
Lafayette,,247132020,,R-20,0,2.0,0.697
Lafayette,,247031024,,R-20,0,2.0,0.73
Lafayette,,247032014,,R-20,0,2.0,0.64
Lafayette,,247032002,,R-20,0,2.0,0.82
Lafayette,,247032015,,R-20,0,2.0,0.7
Lafayette,,247032003,,R-20,0,2.0,0.5
Lafayette,,247032012,,R-20,0,2.0,0.9
Lafayette,,247032016,,R-20,0,2.0,1.17
Lafayette,,247032010,,R-20,0,2.0,1.02
Lafayette,,247032006,,R-20,0,2.0,0.5
Lafayette,,247040014,,R-20,0,2.0,0.57
Lafayette,,247040002,,R-20,0,2.0,0.5
Lafayette,,247040016,,R-20,0,2.0,1.11
Lafayette,,247040015,,R-20,0,2.0,0.0
Lafayette,,247040006,,R-20,0,2.0,0.73
Lafayette,,247040020,,R-20,0,2.0,1.98
Lafayette,,247040019,,R-20,0,2.0,1.94
Lafayette,,247040005,,R-20,0,2.0,1.0
Lafayette,,247050001,,R-20,0,2.0,1.33
Lafayette,,247050013,,R-20,0,2.0,5.16
Lafayette,,247050002,,R-20,0,2.0,0.87
Lafayette,,247050011,,R-20,0,2.0,2.47
Lafayette,,247120003,,R-20,0,2.0,1.12
Lafayette,,247120004,,R-20,0,2.0,0.92
Lafayette,,247120008,,R-20,0,2.0,0.96
Lafayette,,247120010,,R-20,0,2.0,1.1
Lafayette,,247120009,,R-20,0,2.0,0.82
Lafayette,,249050014,,R-20,0,2.0,4.08
Lafayette,,249040006,,R-20,0,2.0,0.0
Lafayette,,249040005,,R-20,0,2.0,0.99
Lafayette,,249040004,,R-20,0,2.0,1.32
Lafayette,,247110006,,R-20,0,2.0,4.19
Lafayette,,247120001,,R-20,0,2.0,1.93
Lafayette,,249040003,,R-20,0,2.0,1.0
Lafayette,,249040002,,R-20,0,2.0,0.0
Lafayette,,247110007,,R-20,0,2.0,0.23
Lafayette,,247110012,,R-20,0,2.0,1.589
Lafayette,,247110013,,R-20,0,2.0,0.906
Lafayette,,247100014,,R-65,0,0.67,0.0
Lafayette,,247100015,,R-65,0,0.67,0.0
Lafayette,,247100013,,R-65,0,0.67,3.12
Lafayette,,247090010,,R-20,0,2.0,2.61
Lafayette,,247090009,,R-20,0,2.0,1.86
Lafayette,,247090011,,R-20,0,2.0,1.1
Lafayette,,247090012,,R-20,0,2.0,1.05
Lafayette,,247090013,,R-20,0,2.0,0.07
Lafayette,,247090005,,R-20,0,2.0,1.144
Lafayette,,247100012,,R-65,0,0.67,2.4
Lafayette,,247100006,,R-20,0,2.0,1.09
Lafayette,,247100002,,R-20,0,2.0,2.96
Lafayette,,247100001,,R-20,0,2.0,0.0
Lafayette,,247090008,,R-20,0,2.0,0.0
Lafayette,,247090006,,R-20,0,2.0,0.0
Lafayette,,247090007,,R-20,0,2.0,0.0
Lafayette,,249020004,,R-20,0,2.0,0.0
Lafayette,,249020003,,R-20,0,2.0,0.0
Lafayette,,249010013,,R-20,0,2.0,0.48
Lafayette,,249010038,,R-20,0,2.0,0.5
Lafayette,,249010016,,R-20,0,2.0,0.49
Lafayette,,249020002,,R-20,0,2.0,0.0
Lafayette,,249010018,,R-20,0,2.0,1.0
Lafayette,,249010017,,R-20,0,2.0,0.51
Lafayette,,249010009,,R-20,0,2.0,0.6
Lafayette,,249010010,,R-20,0,2.0,1.25
Lafayette,,249010039,,R-20,0,2.0,0.5
Lafayette,,249010028,,R-20,0,2.0,0.59
Lafayette,,249010027,,R-20,0,2.0,0.61
Lafayette,,249010042,,R-20,0,2.0,1.67
Lafayette,,249010043,,R-20,0,2.0,1.8
Lafayette,,249130003,,R-20,0,2.0,1.21
Lafayette,,249010029,,R-20,0,2.0,0.94
Lafayette,,249020005,,R-20,0,2.0,0.0
Lafayette,,249020006,,R-20,0,2.0,0.0
Lafayette,,249020007,,R-20,0,2.0,0.0
Lafayette,,249030001,,R-20,0,2.0,0.0
Lafayette,,247100007,,R-20,0,2.0,0.62
Lafayette,,247110002,,R-20,0,2.0,0.0
Lafayette,,249030002,,R-20,0,2.0,0.0
Lafayette,,249030004,,R-20,0,2.0,0.0
Lafayette,,249030006,,R-20,0,2.0,0.0
Lafayette,,249030005,,R-20,0,2.0,0.0
Lafayette,,249030003,,R-20,0,2.0,0.0
Lafayette,,249130006,,R-20,0,2.0,0.5
Lafayette,,249130005,,R-20,0,2.0,0.49
Lafayette,,249130004,,R-20,0,2.0,0.58
Lafayette,,249130011,,R-20,0,2.0,3.073
Lafayette,,249130008,,R-20,0,2.0,0.87
Lafayette,,249130007,,R-20,0,2.0,0.51
Lafayette,,249140001,,R-20,0,2.0,5.0
Lafayette,,249030015,,R-20,0,2.0,0.5
Lafayette,,249120005,,R-20,0,2.0,1.54
Lafayette,,249030016,,R-20,0,2.0,0.0
Lafayette,,249120003,,R-20,0,2.0,2.19
Lafayette,,249120009,,R-20,0,2.0,4.18
Lafayette,,249030017,,R-20,0,2.0,0.64
Lafayette,,249030012,,R-20,0,2.0,0.0
Lafayette,,249030018,,R-20,0,2.0,0.48
Lafayette,,249030013,,R-20,0,2.0,0.0
Lafayette,,249030014,,R-20,0,2.0,0.7
Lafayette,,249030007,,R-20,0,2.0,0.0
Lafayette,,249030008,,R-20,0,2.0,0.0
Lafayette,,247110010,,R-20,0,2.0,1.17
Lafayette,,249040001,,R-20,0,2.0,0.0
Lafayette,,247110009,,R-20,0,2.0,0.0
Lafayette,,249030009,,R-20,0,2.0,0.0
Lafayette,,249030010,,R-20,0,2.0,1.0
Lafayette,,249040007,,R-20,0,2.0,0.0
Lafayette,,249050009,,R-20,0,2.0,3.37
Lafayette,,249070008,,R-20,0,2.0,0.943
Lafayette,,249110007,,R-20,0,2.0,1.111
Lafayette,,249110010,,R-20,0,2.0,0.0
Lafayette,,249100010,,HPD,20,35.0,10.273
Lafayette,,249120010,,R-20,0,2.0,1.91
Lafayette,,249150019,,R-20,0,2.0,0.0
Lafayette,,249120007,,R-20,0,2.0,0.84
Lafayette,,249140014,,R-20,0,2.0,0.83
Lafayette,,249120008,,R-20,0,2.0,1.67
Lafayette,,249140015,,R-20,0,2.0,4.44
Lafayette,,249150020,,R-20,0,2.0,0.0
Lafayette,,249150003,,R-20,0,2.0,0.54
Lafayette,,249150015,,R-20,0,2.0,0.57
Lafayette,,249150024,,R-20,0,2.0,0.458
Lafayette,,249150023,,R-20,0,2.0,0.5
Lafayette,,249150005,,R-20,0,2.0,0.51
Lafayette,,249150026,,R-20,0,2.0,2.727
Lafayette,,249150004,,R-20,0,2.0,0.51
Lafayette,,249100007,,HPD,20,35.0,0.69
Lafayette,,249100008,,HPD,20,35.0,0.82
Lafayette,,249150008,,R-20,0,2.0,0.99
Lafayette,,249150027,,R-20,0,2.0,1.337
Lafayette,,249150028,,R-20,0,2.0,1.271
Lafayette,,251020008,,R-10,0,4.0,0.42
Lafayette,,251020029,,R-10,0,4.0,0.0
Lafayette,,251020028,,R-10,0,4.0,0.0
Lafayette,,251020009,,R-10,0,4.0,0.52
Lafayette,,251020037,,R-10,0,4.0,1.6
Lafayette,,251020039,,R-10,0,4.0,0.334
Lafayette,,251020038,,R-10,0,4.0,0.483
Lafayette,,251020034,,R-10,0,4.0,0.27
Lafayette,,251020035,,R-10,0,4.0,0.78
Lafayette,,251070021,,R-10,0,4.0,0.28
Lafayette,,251070048,,R-10,0,4.0,0.25
Lafayette,,251070020,,R-10,0,4.0,0.25
Lafayette,,251070036,,R-10,0,4.0,0.214
Lafayette,,251070016,,R-10,0,4.0,0.65
Lafayette,,251070017,,R-10,0,4.0,0.3
Lafayette,,251070019,,R-10,0,4.0,0.56
Lafayette,,251070018,,R-10,0,4.0,0.2
Lafayette,,251070033,,R-10,0,4.0,0.846
Lafayette,,251070029,,R-10,0,4.0,0.47
Lafayette,,251070022,,R-10,0,4.0,0.07
Lafayette,,251070040,,R-10,0,4.0,0.64
Lafayette,,251070047,,R-10,0,4.0,0.23
Lafayette,,251070046,,R-10,0,4.0,0.24
Lafayette,,251070049,,R-10,0,4.0,0.3
Lafayette,,251070050,,R-10,0,4.0,0.25
Lafayette,,251070028,,R-10,0,4.0,1.14
Lafayette,,251030031,,R-10,0,4.0,0.63
Lafayette,,251030029,,R-10,0,4.0,0.67
Lafayette,,251030042,,R-10,0,4.0,0.81
Lafayette,,251030041,,R-10,0,4.0,1.94
Lafayette,,251062009,,R-10,0,4.0,0.49907580646882277
Lafayette,,251062015,,R-10,0,4.0,0.35598219585959867
Lafayette,,251061006,,R-10,0,4.0,0.35274238017292725
Lafayette,,251061005,,R-10,0,4.0,0.3228424117163152
Lafayette,,251061003,,R-10,0,4.0,0.21886799950306046
Lafayette,,251061004,,R-10,0,4.0,0.25576654513674507
Lafayette,,251061002,,R-10,0,4.0,0.23155916811054786
Lafayette,,251061009,,R-10,0,4.0,0.30372900157456534
Lafayette,,251062006,,R-10,0,4.0,0.4813039325940064
Lafayette,,251061008,,R-10,0,4.0,0.30356910749574717
Lafayette,,251061007,,R-10,0,4.0,0.43533243103924363
Lafayette,,251062007,,R-10,0,4.0,0.3305587148022357
Lafayette,,251062008,,R-10,0,4.0,0.30437455176752043
Lafayette,,251062012,,R-10,0,4.0,0.4019466319910073
Lafayette,,251062017,,R-10,0,4.0,0.647
Lafayette,,251062005,,R-10,0,4.0,0.6690116368074398
Lafayette,,251050028,,R-20,0,2.0,4.218
Lafayette,,251081006,,R-10,0,4.0,0.4922587786535457
Lafayette,,251081013,,R-10,0,4.0,0.7758808743393301
Lafayette,,251081012,,R-10,0,4.0,0.5
Lafayette,,251083009,,R-10,0,4.0,0.35127806502639036
Lafayette,,251081002,,R-10,0,4.0,0.22633967941590424
Lafayette,,251062002,,R-10,0,4.0,0.32479990718305485
Lafayette,,251081003,,R-10,0,4.0,0.3812617755451838
Lafayette,,251062003,,R-10,0,4.0,0.3464366162696391
Lafayette,,251062004,,R-10,0,4.0,0.5144126754227737
Lafayette,,251061010,,R-10,0,4.0,0.30463644373378596
Lafayette,,251061001,,R-10,0,4.0,0.4232326853469706
Lafayette,,251070014,,R-10,0,4.0,0.34
Lafayette,,251070001,,R-10,0,4.0,0.282436603405258
Lafayette,,251062001,,R-10,0,4.0,0.2545388618433119
Lafayette,,251070013,,R-10,0,4.0,0.38
Lafayette,,251070002,,R-10,0,4.0,0.29364013310391734
Lafayette,,251070003,,R-10,0,4.0,0.32432382798636195
Lafayette,,251081001,,R-10,0,4.0,0.25918226828828556
Lafayette,,251083012,,R-10,0,4.0,0.42949401493363176
Lafayette,,251091007,,R-10,0,4.0,0.3643889682031573
Lafayette,,251070004,,R-10,0,4.0,0.5323445473142071
Lafayette,,251070005,,R-10,0,4.0,0.0
Lafayette,,251091006,,R-10,0,4.0,0.27251865529037267
Lafayette,,251091008,,R-10,0,4.0,0.32725070989212407
Lafayette,,251091003,,R-10,0,4.0,0.3794479808576455
Lafayette,,251091004,,R-10,0,4.0,0.37615213335587444
Lafayette,,251091023,,R-10,0,4.0,0.0
Lafayette,,251091005,,R-10,0,4.0,0.0
Lafayette,,251070006,,R-10,0,4.0,0.0
Lafayette,,251070007,,R-10,0,4.0,0.0
Lafayette,,251070052,,R-10,0,4.0,0.0
Lafayette,,251070054,,R-10,0,4.0,0.47
Lafayette,,251070035,,R-10,0,4.0,0.38
Lafayette,,251070010,,R-10,0,4.0,0.41
Lafayette,,251070015,,R-10,0,4.0,0.55
Lafayette,,251070012,,R-10,0,4.0,0.37
Lafayette,,251070038,,R-10,0,4.0,0.23
Lafayette,,251070037,,R-10,0,4.0,0.26
Lafayette,,251070039,,R-10,0,4.0,0.23
Lafayette,,249140017,,R-20,0,2.0,0.848
Lafayette,,249140012,,R-20,0,2.0,0.0
Lafayette,,251091022,,R-10,0,4.0,0.0
Lafayette,,251091001,,R-10,0,4.0,0.2775820402210402
Lafayette,,249010030,,row,0,0.0,0.95
Lafayette,,249010006,,R-20,0,2.0,0.16
Lafayette,,251091021,,R-10,0,4.0,0.405
Lafayette,,251100022,,LR-5,0,8.0,2.09
Lafayette,,251100023,,R-10,0,4.0,0.2863337440649251
Lafayette,,251100024,,R-10,0,4.0,0.3605057405310411
Lafayette,,252011010,,LR-5,0,8.0,0.437
Lafayette,,251100020,,R-10,0,4.0,0.3506576481016356
Lafayette,,251100014,,R-10,0,4.0,0.23190070822140274
Lafayette,,252012022,,R-10,0,4.0,0.317
Lafayette,,252012023,,R-10,0,4.0,0.059
Lafayette,,252012031,,R-10,0,4.0,0.286
Lafayette,,252012017,,R-10,0,4.0,0.327
Lafayette,,252012014,,R-10,0,4.0,0.30657266510067127
Lafayette,,252012015,,R-10,0,4.0,0.8244194289522402
Lafayette,,252021007,,R-10,0,4.0,0.28860127563848925
Lafayette,,252021006,,R-10,0,4.0,0.4237242272739085
Lafayette,,252021013,,R-10,0,4.0,0.39
Lafayette,,252012013,,R-10,0,4.0,0.3091040424519287
Lafayette,,251110028,,R-10,0,4.0,0.415
Lafayette,,251100018,,R-10,0,4.0,0.28317834008392095
Lafayette,,251100002,,R-10,0,4.0,0.2763520771890399
Lafayette,,251100003,,R-10,0,4.0,0.374651005731272
Lafayette,,251100004,,R-10,0,4.0,0.27905319308854537
Lafayette,,251110010,,R-10,0,4.0,0.22146048401245796
Lafayette,,251110011,,R-10,0,4.0,0.2119603641230211
Lafayette,,251110027,,R-10,0,4.0,0.378
Lafayette,,251110002,,R-10,0,4.0,0.22670885750735675
Lafayette,,251110003,,R-10,0,4.0,0.22136427294170097
Lafayette,,251110009,,R-10,0,4.0,0.21344379186510762
Lafayette,,251110004,,R-10,0,4.0,0.19934261741738885
Lafayette,,251110005,,R-10,0,4.0,0.2960952362047298
Lafayette,,251110006,,R-10,0,4.0,0.26891467021973237
Lafayette,,251110008,,R-10,0,4.0,0.19663539684027792
Lafayette,,251110007,,R-10,0,4.0,0.2993973483755374
Lafayette,,251091017,,R-10,0,4.0,0.3745674360708249
Lafayette,,251091016,,R-10,0,4.0,0.24558685101996858
Lafayette,,251091015,,R-10,0,4.0,0.24233901968248997
Lafayette,,251091014,,R-10,0,4.0,0.24995513936353372
Lafayette,,251100008,,R-10,0,4.0,0.40036855322329973
Lafayette,,251100007,,R-10,0,4.0,0.2712743420566968
Lafayette,,251100005,,R-10,0,4.0,0.2795788453396392
Lafayette,,251100006,,R-10,0,4.0,0.2796428843284219
Lafayette,,251100011,,R-10,0,4.0,0.38046087410289203
Lafayette,,251100010,,R-10,0,4.0,0.3725249614861985
Lafayette,,251100009,,R-10,0,4.0,0.4074978199862325
Lafayette,,251091013,,R-10,0,4.0,0.2148738853185137
Lafayette,,251091012,,R-10,0,4.0,0.2665961124706299
Lafayette,,251091011,,R-10,0,4.0,0.6327200847873663
Lafayette,,251091010,,R-10,0,4.0,0.5541520243001277
Lafayette,,251091002,,R-10,0,4.0,0.3508996694213626
Lafayette,,251091009,,R-10,0,4.0,0.29283102928827126
Lafayette,,251091019,,R-10,0,4.0,0.08
Lafayette,,251092004,,R-10,0,4.0,0.3288299617894098
Lafayette,,251092009,,R-10,0,4.0,0.282
Lafayette,,251092005,,R-10,0,4.0,0.3037246307351456
Lafayette,,251092007,,R-10,0,4.0,0.2528517275870396
Lafayette,,251092002,,R-10,0,4.0,0.23447870194125922
Lafayette,,251092008,,R-10,0,4.0,0.261
Lafayette,,251092001,,R-10,0,4.0,0.3348023984180583
Lafayette,,251091018,,R-10,0,4.0,0.46909300515162866
Lafayette,,251082004,,R-10,0,4.0,0.355596296983036
Lafayette,,251082005,,R-10,0,4.0,0.31009136240136526
Lafayette,,251083005,,R-10,0,4.0,0.4514195733252085
Lafayette,,251083004,,R-10,0,4.0,0.34774860835000193
Lafayette,,251083003,,R-10,0,4.0,0.3436777364458433
Lafayette,,251083011,,R-10,0,4.0,0.32328805793938875
Lafayette,,251083008,,R-10,0,4.0,0.37567981241327153
Lafayette,,251083007,,R-10,0,4.0,0.36426845306821837
Lafayette,,251083006,,R-10,0,4.0,0.4404364902312915
Lafayette,,251081009,,R-10,0,4.0,0.6112837987058556
Lafayette,,251081008,,R-10,0,4.0,0.47340406726795803
Lafayette,,251081007,,R-10,0,4.0,0.4454606622419419
Lafayette,,251050021,,R-20,0,2.0,9.94
Lafayette,,251081010,,R-10,0,4.0,0.5655913882696981
Lafayette,,251081011,,R-10,0,4.0,0.480078295307617
Lafayette,,251082002,,R-10,0,4.0,0.5017312950804335
Lafayette,,251082003,,R-10,0,4.0,0.4569766926627081
Lafayette,,251110025,,R-10,0,4.0,0.5
Lafayette,,251082001,,R-20,0,2.0,0.43
Lafayette,,251170018,,R-10,0,4.0,0.7954806745345566
Lafayette,,251170016,,R-10,0,4.0,0.42
Lafayette,,251170017,,R-10,0,4.0,0.24
Lafayette,,251170002,,R-10,0,4.0,0.7
Lafayette,,252031001,,R-10,0,4.0,0.5482301200151006
Lafayette,,252032051,,R-10,0,4.0,0.34676022704406484
Lafayette,,252032053,,R-10,0,4.0,0.4791668503574397
Lafayette,,251110037,,R-10,0,4.0,0.24733557964926597
Lafayette,,251110034,,R-10,0,4.0,0.391
Lafayette,,251110033,,R-10,0,4.0,0.306
Lafayette,,251110019,,R-10,0,4.0,0.32750422706437177
Lafayette,,251110032,,R-10,0,4.0,0.33
Lafayette,,251110038,,R-10,0,4.0,0.25948043746827193
Lafayette,,251110018,,R-10,0,4.0,0.24785071932295796
Lafayette,,251110017,,R-10,0,4.0,0.24797554284290124
Lafayette,,251110016,,R-10,0,4.0,0.37448257853582184
Lafayette,,251110015,,R-10,0,4.0,0.24994755556340018
Lafayette,,251110014,,R-10,0,4.0,0.24055795922930126
Lafayette,,251110029,,R-10,0,4.0,0.26
Lafayette,,251110036,,R-10,0,4.0,0.22868211344410821
Lafayette,,252022035,,R-10,0,4.0,0.562
Lafayette,,252022032,,R-10,0,4.0,0.4651449453592821
Lafayette,,252022026,,R-10,0,4.0,2.18
Lafayette,,252022021,,R-10,0,4.0,0.27
Lafayette,,252022020,,R-10,0,4.0,0.27
Lafayette,,252021012,,R-10,0,4.0,0.4760538094503549
Lafayette,,252021004,,R-10,0,4.0,0.31110646114581614
Lafayette,,252021014,,R-10,0,4.0,0.42
Lafayette,,252021005,,R-10,0,4.0,0.3069219720448993
Lafayette,,252022003,,R-10,0,4.0,0.3126033241102395
Lafayette,,252022004,,R-10,0,4.0,0.25095428667791625
Lafayette,,252022018,,R-10,0,4.0,0.7
Lafayette,,252022007,,R-10,0,4.0,0.7066685710542964
Lafayette,,252022019,,R-10,0,4.0,1.82
Lafayette,,252022022,,R-10,0,4.0,0.38
Lafayette,,252022023,,R-10,0,4.0,0.41
Lafayette,,252032068,,R-10,0,4.0,0.4119830218223861
Lafayette,,252032069,,R-10,0,4.0,0.7122732437702287
Lafayette,,252032062,,R-10,0,4.0,0.3574227512594425
Lafayette,,252032046,,R-10,0,4.0,0.9926343861659848
Lafayette,,252032063,,R-10,0,4.0,0.5440429787724782
Lafayette,,252032064,,R-10,0,4.0,0.5327101563408305
Lafayette,,252032059,,R-10,0,4.0,0.35779858856787045
Lafayette,,252032061,,R-10,0,4.0,0.39589734499511786
Lafayette,,252032049,,R-10,0,4.0,0.3049225083824344
Lafayette,,252032052,,R-10,0,4.0,0.5697065916182651
Lafayette,,252031002,,R-10,0,4.0,0.34287065705560466
Lafayette,,252032050,,R-10,0,4.0,0.278338485386809
Lafayette,,252032004,,R-10,0,4.0,0.28243634021012315
Lafayette,,252032028,,R-10,0,4.0,0.3320260117505843
Lafayette,,252032029,,R-10,0,4.0,0.3061568504897275
Lafayette,,252032031,,R-10,0,4.0,0.3588831814755324
Lafayette,,252032030,,R-10,0,4.0,0.38034136144326447
Lafayette,,252032032,,R-10,0,4.0,0.35914971573674265
Lafayette,,252032033,,R-10,0,4.0,0.518441104598588
Lafayette,,252032043,,R-10,0,4.0,0.328970989253896
Lafayette,,252032044,,R-10,0,4.0,0.40879345193861316
Lafayette,,252032042,,R-10,0,4.0,0.5093436258975388
Lafayette,,252032039,,R-10,0,4.0,1.0215753208618137
Lafayette,,252032037,,R-10,0,4.0,0.47040222699630857
Lafayette,,252032038,,R-10,0,4.0,0.6664995989443172
Lafayette,,252032036,,R-10,0,4.0,0.8145833640341752
Lafayette,,252032035,,R-10,0,4.0,0.3829380698127233
Lafayette,,252032034,,R-10,0,4.0,0.5639288518078113
Lafayette,,252040046,,R-10,0,4.0,0.926
Lafayette,,252040045,,R-10,0,4.0,3.4
Lafayette,,252040040,,R-10,0,4.0,0.926
Lafayette,,252040048,,R-10,0,4.0,2.28
Lafayette,,252040025,,R-10,0,4.0,0.24
Lafayette,,252040032,,R-10,0,4.0,0.217
Lafayette,,252032003,,R-10,0,4.0,0.3019341598202596
Lafayette,,252032065,,R-10,0,4.0,0.3351621409118554
Lafayette,,252032066,,R-10,0,4.0,0.28269751267180465
Lafayette,,252040031,,R-10,0,4.0,0.301
Lafayette,,252040037,,R-10,0,4.0,1.79
Lafayette,,252031011,,R-10,0,4.0,0.2949941381913398
Lafayette,,252031004,,R-10,0,4.0,0.4898057299341817
Lafayette,,252031003,,R-10,0,4.0,0.42160351815122626
Lafayette,,252031007,,R-10,0,4.0,0.5356897729606788
Lafayette,,252040017,,R-10,0,4.0,0.07
Lafayette,,252040022,,R-10,0,4.0,0.297
Lafayette,,252040001,,R-10,0,4.0,0.53
Lafayette,,252040002,,R-10,0,4.0,0.58
Lafayette,,252040009,,R-10,0,4.0,0.4
Lafayette,,252040026,,R-10,0,4.0,0.7938788183519007
Lafayette,,252040027,,R-10,0,4.0,0.42728980743913814
Lafayette,,252040023,,R-10,0,4.0,0.19
Lafayette,,252040043,,R-10,0,4.0,2.418
Lafayette,,252040035,,R-10,0,4.0,0.6001017113627028
Lafayette,,252040034,,R-10,0,4.0,0.7877272386441799
Lafayette,,252040012,,R-10,0,4.0,0.37
Lafayette,,252040028,,R-10,0,4.0,0.397
Lafayette,,252040033,,R-10,0,4.0,1.0844681989085392
Lafayette,,252040050,,R-10,0,4.0,1.513
Lafayette,,251140024,,R-10,0,4.0,0.58
Lafayette,,251140055,,R-10,0,4.0,0.38697417541208456
Lafayette,,251120041,,R-10,0,4.0,0.3249808868607257
Lafayette,,251120046,,R-10,0,4.0,0.2968583126697386
Lafayette,,251120004,,R-10,0,4.0,0.33550467110155374
Lafayette,,251120001,,R-10,0,4.0,0.82
Lafayette,,251120009,,R-10,0,4.0,0.41
Lafayette,,251120019,,R-10,0,4.0,0.3071902665392133
Lafayette,,251120008,,R-10,0,4.0,0.62
Lafayette,,251120040,,R-10,0,4.0,0.4
Lafayette,,251120020,,R-10,0,4.0,0.2542255622059411
Lafayette,,251120029,,R-10,0,4.0,0.32906702095423
Lafayette,,251120028,,R-10,0,4.0,0.3708525066674807
Lafayette,,251120030,,R-10,0,4.0,0.37215555572114045
Lafayette,,251120025,,R-10,0,4.0,0.2851433959514028
Lafayette,,251120026,,R-10,0,4.0,0.24165506223313377
Lafayette,,251120016,,R-10,0,4.0,0.2279755228007516
Lafayette,,251120012,,R-10,0,4.0,0.42
Lafayette,,251120017,,R-10,0,4.0,0.2280139546512416
Lafayette,,251120018,,R-10,0,4.0,0.23339614167308786
Lafayette,,251120010,,R-10,0,4.0,0.39
Lafayette,,251120011,,R-10,0,4.0,0.47
Lafayette,,251120038,,R-10,0,4.0,0.3
Lafayette,,251120037,,R-10,0,4.0,0.2
Lafayette,,251170013,,R-10,0,4.0,0.20504771141855532
Lafayette,,251170015,,R-10,0,4.0,0.19108803350435502
Lafayette,,251170014,,R-10,0,4.0,0.2057009716815489
Lafayette,,251170003,,R-10,0,4.0,0.16056967539105022
Lafayette,,251170004,,R-10,0,4.0,0.2927741744602059
Lafayette,,251170005,,R-10,0,4.0,0.31129765492810396
Lafayette,,251170006,,R-10,0,4.0,0.3690900979120106
Lafayette,,251170012,,R-10,0,4.0,0.20759231524700023
Lafayette,,251170010,,R-10,0,4.0,0.25861801287512304
Lafayette,,251170011,,R-10,0,4.0,0.20395636129037914
Lafayette,,251170007,,R-10,0,4.0,0.2993128312386942
Lafayette,,251170019,,R-10,0,4.0,0.49
Lafayette,,251170020,,R-10,0,4.0,0.5054015004001132
Lafayette,,251120027,,R-10,0,4.0,0.2207636431480423
Lafayette,,251120032,,R-10,0,4.0,0.418
Lafayette,,251120036,,R-10,0,4.0,0.49
Lafayette,,251120034,,R-10,0,4.0,0.3
Lafayette,,251120033,,R-10,0,4.0,0.32
Lafayette,,251050013,,R-20,0,2.0,0.5064725358446376
Lafayette,,251160031,,R-20,0,2.0,0.5231990119042825
Lafayette,,251050020,,R-20,0,2.0,0.01
Lafayette,,251160032,,R-20,0,2.0,0.5022373393407337
Lafayette,,251050014,,R-20,0,2.0,0.635
Lafayette,,251160018,,R-20,0,2.0,0.4629281279254591
Lafayette,,251050015,,R-20,0,2.0,0.5
Lafayette,,251050029,,R-20,0,2.0,0.76
Lafayette,,251050012,,R-20,0,2.0,0.5119213150314808
Lafayette,,251150027,,R-20,0,2.0,1.277962442047519
Lafayette,,251150059,,R-20,0,2.0,0.567
Lafayette,,251150060,,R-20,0,2.0,0.616
Lafayette,,251150005,,R-20,0,2.0,0.46282889189557797
Lafayette,,251150055,,R-20,0,2.0,0.45775442884493167
Lafayette,,251150040,,R-20,0,2.0,0.45475634643511265
Lafayette,,251150034,,R-20,0,2.0,0.49744095707730585
Lafayette,,251150063,,R-20,0,2.0,0.39
Lafayette,,251150052,,R-20,0,2.0,0.4373962638001758
Lafayette,,251150030,,R-20,0,2.0,0.4999034262952982
Lafayette,,251150057,,R-20,0,2.0,0.36129453650262494
Lafayette,,251150026,,R-20,0,2.0,0.4528750012278676
Lafayette,,251150025,,R-20,0,2.0,0.45600659239510366
Lafayette,,251120039,,R-10,0,4.0,0.7
Lafayette,,251120045,,R-10,0,4.0,0.2771332522952717
Lafayette,,251120005,,R-10,0,4.0,0.37
Lafayette,,251150053,,R-20,0,2.0,0.6455570865581862
Lafayette,,268490015,,R-20,0,2.0,0.496209369461334
Lafayette,,251120044,,R-10,0,4.0,0.4602326170990718
Lafayette,,251120042,,R-10,0,4.0,0.44034208311226
Lafayette,,251120043,,R-10,0,4.0,0.5514122165220021
Lafayette,,251140066,,R-10,0,4.0,0.2867625351206001
Lafayette,,251140054,,R-10,0,4.0,0.39
Lafayette,,251140065,,R-10,0,4.0,0.27695442561907263
Lafayette,,251140062,,R-10,0,4.0,0.33991785047045936
Lafayette,,251140069,,R-10,0,4.0,0.2518717304231517
Lafayette,,251140084,,R-10,0,4.0,0.886626228930902
Lafayette,,268490027,,R-20,0,2.0,0.2707473233061251
Lafayette,,251140051,,R-10,0,4.0,0.33523850447261877
Lafayette,,251140073,,R-10,0,4.0,0.4627606726582065
Lafayette,,268490030,,R-20,0,2.0,0.5057297333919069
Lafayette,,251150033,,R-20,0,2.0,0.6000126326084814
Lafayette,,268490019,,R-20,0,2.0,1.1351127986883627
Lafayette,,268490018,,R-20,0,2.0,0.533636071707472
Lafayette,,268490026,,R-20,0,2.0,0.24065620980850344
Lafayette,,268490032,,R-20,0,2.0,0.677
Lafayette,,251150039,,R-20,0,2.0,0.477416854633831
Lafayette,,251150041,,R-20,0,2.0,0.7989680753724925
Lafayette,,251150018,,R-20,0,2.0,0.657146130908576
Lafayette,,251150008,,R-20,0,2.0,0.5042550620347725
Lafayette,,251150043,,R-20,0,2.0,0.5923656835148985
Lafayette,,251150017,,R-20,0,2.0,0.512636128923747
Lafayette,,251150014,,R-20,0,2.0,0.516621420568442
Lafayette,,251150042,,R-20,0,2.0,0.5132718280197787
Lafayette,,251150011,,R-20,0,2.0,0.4573963733286077
Lafayette,,251150012,,R-20,0,2.0,0.48828834812863875
Lafayette,,251150013,,R-20,0,2.0,0.4454710593021257
Lafayette,,251050026,,R-20,0,2.0,1.18
Lafayette,,251160030,,R-20,0,2.0,0.4975093205968872
Lafayette,,251160026,,R-20,0,2.0,0.5281097848516229
Lafayette,,251160009,,R-20,0,2.0,0.4117803903320242
Lafayette,,251160012,,R-20,0,2.0,0.4626154844162523
Lafayette,,251050022,,R-20,0,2.0,7.182
Lafayette,,251160024,,R-20,0,2.0,0.5315235248479301
Lafayette,,251050027,,R-20,0,2.0,0.6
Lafayette,,251050030,,R-20,0,2.0,2.085
Lafayette,,251150062,,R-20,0,2.0,0.52
Lafayette,,251150010,,R-20,0,2.0,0.5864448759506394
Lafayette,,251150061,,R-20,0,2.0,0.8
Lafayette,,251160014,,R-20,0,2.0,0.5199754740673036
Lafayette,,251160013,,R-20,0,2.0,0.49577059907202614
Lafayette,,251160008,,R-20,0,2.0,0.4307013881999123
Lafayette,,251160033,,R-20,0,2.0,0.49634822975890275
Lafayette,,251160006,,R-20,0,2.0,0.4694164216007931
Lafayette,,251160005,,R-20,0,2.0,0.46865174255040815
Lafayette,,251160028,,R-20,0,2.0,0.46616704887032134
Lafayette,,251160017,,R-20,0,2.0,0.6031452801690506
Lafayette,,251160016,,R-20,0,2.0,0.5445968717746725
Lafayette,,251160015,,R-20,0,2.0,0.5362222053015983
Lafayette,,251160029,,R-20,0,2.0,0.47049696491339577
Lafayette,,251160002,,R-20,0,2.0,0.4606402128337734
Lafayette,,251160001,,R-20,0,2.0,0.5007648081003837
Lafayette,,251040008,,R-10,0,4.0,0.7583479095020175
Lafayette,,251040006,,R-10,0,4.0,0.53841758301169
Lafayette,,251040005,,R-10,0,4.0,0.39864561455410563
Lafayette,,251040009,,R-10,0,4.0,1.3785225757244204
Lafayette,,251040015,,R-10,0,4.0,1.3534737982247438
Lafayette,,251030007,,R-10,0,4.0,0.59
Lafayette,,251030006,,R-10,0,4.0,0.7736226749072969
Lafayette,,251062014,,R-10,0,4.0,0.30340870446594004
Lafayette,,251030005,,R-10,0,4.0,0.5144584427350621
Lafayette,,251030032,,R-10,0,4.0,0.82
Lafayette,,251030034,,R-10,0,4.0,0.02
Lafayette,,251030012,,R-10,0,4.0,0.36472055851586266
Lafayette,,251030030,,R-10,0,4.0,0.47263151710549317
Lafayette,,251030035,,R-10,0,4.0,0.628
Lafayette,,251030013,,R-10,0,4.0,0.29836381276359075
Lafayette,,251030015,,R-10,0,4.0,0.3569075972451035
Lafayette,,251030014,,R-10,0,4.0,0.35216042252811264
Lafayette,,251030011,,R-10,0,4.0,0.29797617007313837
Lafayette,,251030010,,R-10,0,4.0,0.3281270070151555
Lafayette,,251040002,,R-10,0,4.0,1.503645008490865
Lafayette,,251040014,,R-10,0,4.0,1.864708627960086
Lafayette,,251040013,,R-10,0,4.0,0.5377540503460619
Lafayette,,251030026,,R-10,0,4.0,0.7633620082540876
Lafayette,,251020015,,R-10,0,4.0,0.45
Lafayette,,251020030,,R-10,0,4.0,0.0
Lafayette,,251020032,,R-10,0,4.0,0.13
Lafayette,,251020007,,R-10,0,4.0,0.41
Lafayette,,251020033,,R-10,0,4.0,0.0
Lafayette,,251140045,,R-10,0,4.0,1.73
Lafayette,,251140046,,R-10,0,4.0,0.62
Lafayette,,251140076,,R-10,0,4.0,0.5025543826613379
Lafayette,,251140044,,R-10,0,4.0,0.79
Lafayette,,251140043,,R-10,0,4.0,0.57
Lafayette,,251140059,,R-10,0,4.0,0.78
Lafayette,,251140071,,R-10,0,4.0,0.38618547594923214
Lafayette,,251140086,,R-10,0,4.0,0.77
Lafayette,,251140080,,R-10,0,4.0,0.94
Lafayette,,251140034,,R-10,0,4.0,0.61
Lafayette,,251140035,,R-10,0,4.0,0.45
Lafayette,,251140042,,R-10,0,4.0,0.76
Lafayette,,251140041,,R-10,0,4.0,0.68
Lafayette,,251140081,,R-10,0,4.0,2.0
Lafayette,,251140083,,R-10,0,4.0,0.39
Lafayette,,251140085,,R-10,0,4.0,1.8
Lafayette,,251140079,,R-10,0,4.0,0.44
Lafayette,,251140023,,R-10,0,4.0,0.35
Lafayette,,251140009,,R-10,0,4.0,0.28
Lafayette,,251181003,,R-10,0,4.0,1.0119812710384806
Lafayette,,252040049,,R-10,0,4.0,2.538
Lafayette,,251182034,,R-10,0,4.0,0.8794025129591988
Lafayette,,251182038,,R-10,0,4.0,0.8977585304816923
Lafayette,,251182040,,R-10,0,4.0,0.35
Lafayette,,251182039,,R-10,0,4.0,0.44
Lafayette,,251182021,,R-10,0,4.0,0.5244953204832669
Lafayette,,251182024,,R-10,0,4.0,0.378076676057411
Lafayette,,251182025,,R-10,0,4.0,0.485057321148113
Lafayette,,251182005,,R-10,0,4.0,0.3064985788130566
Lafayette,,251182001,,R-10,0,4.0,0.4814724783674133
Lafayette,,251182035,,R-10,0,4.0,0.6310777188816808
Lafayette,,251182030,,R-10,0,4.0,0.7319771072594525
Lafayette,,240020022,,R-20,0,2.0,2.428207832724725
Lafayette,,241261004,,R-20,0,2.0,0.5586420659925705
Lafayette,,241261001,,R-20,0,2.0,0.0
Lafayette,,241290003,,R-10,0,4.0,0.9860252948383091
Lafayette,,241261002,,R-20,0,2.0,3.398440012615687
Lafayette,,241140012,,LR-5,0,8.0,4.715
Lafayette,,241140004,,R-20,0,2.0,0.69
Lafayette,,241150004,,R-10,0,4.0,0.4
Lafayette,,241140009,,LR-5,0,8.0,0.6
Lafayette,,241150006,,R-10,0,4.0,0.33
Lafayette,,241150013,,R-10,0,4.0,0.65
Lafayette,,241150003,,R-10,0,4.0,0.41
Lafayette,,241150005,,R-10,0,4.0,0.34
Lafayette,,241150007,,R-10,0,4.0,0.41
Lafayette,,241150009,,R-10,0,4.0,0.44
Lafayette,,241150010,,R-10,0,4.0,0.35
Lafayette,,241150017,,R-20,0,2.0,3.02
Lafayette,,241150015,,R-10,0,4.0,0.32764983757932836
Lafayette,,241120011,,R-10,0,4.0,0.42
Lafayette,,241150014,,R-10,0,4.0,0.35582672505619206
Lafayette,,241120010,,R-10,0,4.0,0.5
Lafayette,,241290001,,R-10,0,4.0,2.0754920590610197
Lafayette,,241261003,,R-20,0,2.0,3.399592314103948
Lafayette,,241120005,,R-10,0,4.0,0.52
Lafayette,,241120006,,R-10,0,4.0,0.43
Lafayette,,241110019,,R-10,0,4.0,1.214
Lafayette,,241110012,,R-10,0,4.0,0.8681054863608753
Lafayette,,241110006,,R-10,0,4.0,0.49
Lafayette,,241110004,,R-10,0,4.0,0.52
Lafayette,,241110007,,R-10,0,4.0,0.68
Lafayette,,241120014,,R-10,0,4.0,0.67
Lafayette,,241120013,,R-10,0,4.0,0.59
Lafayette,,241120008,,R-10,0,4.0,0.93
Lafayette,,241120004,,R-10,0,4.0,0.71
Lafayette,,241290002,,R-10,0,4.0,1.3489796405043302
Lafayette,,241290004,,R-10,0,4.0,2.5678289597697135
Lafayette,,241261005,,R-20,0,2.0,0.17
Lafayette,,241082020,,R-6,0,7.3,0.7339210845118967
Lafayette,,241082021,,R-6,0,7.3,0.8148222710968455
Lafayette,,241082019,,R-6,0,7.3,0.7273804871815321
Lafayette,,241082018,,R-6,0,7.3,0.5348356692926486
Lafayette,,241081012,,R-6,0,7.3,0.3599020674630846
Lafayette,,241082025,,R-6,0,7.3,0.2523784021495842
Lafayette,,241082026,,R-6,0,7.3,0.4024900098981375
Lafayette,,241082013,,R-6,0,7.3,0.17
Lafayette,,241082008,,R-6,0,7.3,0.6415953518526202
Lafayette,,241082010,,R-6,0,7.3,0.6869771841262275
Lafayette,,241082007,,R-6,0,7.3,2.24248288959309
Lafayette,,241120012,,R-10,0,4.0,0.96
Lafayette,,241093007,,R-10,0,4.0,0.45724343172023085
Lafayette,,241065001,,D-1,0,35.0,0.3261724327735316
Lafayette,,241093004,,R-10,0,4.0,0.48510540872235497
Lafayette,,241093006,,R-10,0,4.0,0.5660132441260163
Lafayette,,241093005,,R-10,0,4.0,0.566332752824203
Lafayette,,241092007,,R-10,0,4.0,0.45136491216686236
Lafayette,,241092005,,R-10,0,4.0,0.27105254899606274
Lafayette,,241092006,,R-10,0,4.0,0.5273658798411337
Lafayette,,241093002,,R-10,0,4.0,0.23714687377964042
Lafayette,,241093003,,R-10,0,4.0,0.3119995686520183
Lafayette,,241065002,,D-1,0,35.0,0.3138691691930884
Lafayette,,241065003,,D-1,0,35.0,0.3888617084819688
Lafayette,,241093001,,R-10,0,4.0,0.264298208877516
Lafayette,,241062021,,D-1,0,35.0,0.2373558253691091
Lafayette,,241062020,,D-1,0,35.0,0.22339008716615494
Lafayette,,241063002,,D-1,0,35.0,0.2028957304126879
Lafayette,,241063001,,D-1,0,35.0,0.20674056614651792
Lafayette,,241064010,,D-1,0,35.0,0.2504611181665998
Lafayette,,241064014,,D-1,0,35.0,0.2603553464787792
Lafayette,,241081001,,R-6,0,7.3,0.6048957606646621
Lafayette,,241064012,,D-1,0,35.0,0.030050296420404098
Lafayette,,241064013,,D-1,0,35.0,0.02763935367012107
Lafayette,,241081015,,R-6,0,7.3,0.6921025411844078
Lafayette,,241081013,,R-6,0,7.3,0.3131665447228839
Lafayette,,241064006,,D-1,0,35.0,0.2481987540257507
Lafayette,,241064007,,D-1,0,35.0,0.24658522002263006
Lafayette,,241063020,,D-1,0,35.0,0.2310166259111279
Lafayette,,241063021,,D-1,0,35.0,0.23037573166839068
Lafayette,,241063022,,D-1,0,35.0,0.2538570392748319
Lafayette,,241064008,,D-1,0,35.0,0.22046690337162617
Lafayette,,241064009,,D-1,0,35.0,0.19000892008128525
Lafayette,,241063023,,D-1,0,35.0,0.2648996019817344
Lafayette,,241063024,,D-1,0,35.0,0.30964150909750443
Lafayette,,241063005,,D-1,0,35.0,0.22713722798603111
Lafayette,,241063006,,D-1,0,35.0,0.22707081079167948
Lafayette,,241063007,,D-1,0,35.0,0.22846586512379907
Lafayette,,241063008,,D-1,0,35.0,0.22800987255572117
Lafayette,,241063009,,D-1,0,35.0,0.2257904965133364
Lafayette,,241050016,,C,0,0.0,0.56
Lafayette,,241062009,,D-1,0,35.0,0.3646129845643949
Lafayette,,241062008,,D-1,0,35.0,0.3476612109742706
Lafayette,,241050001,,C,0,0.0,0.28
Lafayette,,241062007,,D-1,0,35.0,0.33261440234697875
Lafayette,,241050015,,C,0,0.0,0.3
Lafayette,,241063012,,D-1,0,35.0,0.25885441310200247
Lafayette,,241063011,,D-1,0,35.0,0.22908847776303928
Lafayette,,241063010,,D-1,0,35.0,0.24538092139469986
Lafayette,,241063019,,D-1,0,35.0,0.2412764445076271
Lafayette,,241063017,,D-1,0,35.0,0.26122865162786185
Lafayette,,241063018,,D-1,0,35.0,0.25040497524234717
Lafayette,,241063025,,D-1,0,35.0,0.2522241198027415
Lafayette,,241062023,,D-1,0,35.0,0.31115335850548836
Lafayette,,241063026,,D-1,0,35.0,0.23486762585590332
Lafayette,,241063014,,D-1,0,35.0,0.23734482737808316
Lafayette,,241063027,,D-1,0,35.0,0.017506620982514015
Lafayette,,241063029,,D-1,0,35.0,0.2607877770839499
Lafayette,,241063028,,D-1,0,35.0,0.0235238037036717
Lafayette,,241063016,,D-1,0,35.0,0.28295743739603896
Lafayette,,241064003,,D-1,0,35.0,0.2349120842357882
Lafayette,,241064004,,D-1,0,35.0,0.24573627402395903
Lafayette,,241064005,,D-1,0,35.0,0.24842716598023354
Lafayette,,241081014,,R-6,0,7.3,0.30959516800643044
Lafayette,,241081011,,R-6,0,7.3,0.46
Lafayette,,241081010,,R-6,0,7.3,0.52
Lafayette,,241081005,,R-6,0,7.3,0.6879502065108293
Lafayette,,241064002,,D-1,0,35.0,0.20272807359418513
Lafayette,,241064001,,D-1,0,35.0,0.20013792144053888
Lafayette,,241081006,,R-6,0,7.3,0.6304700250133942
Lafayette,,241074002,,D-1,0,35.0,0.18224255485879762
Lafayette,,241074003,,D-1,0,35.0,0.13768784428959016
Lafayette,,241074001,,D-1,0,35.0,0.231964655600753
Lafayette,,241071001,,MRP,6,21.0,0.34094198725809843
Lafayette,,241072001,,D-1,0,35.0,0.2257497046107569
Lafayette,,241074005,,D-1,0,35.0,0.2433596395952969
Lafayette,,241074004,,D-1,0,35.0,0.13638931833983267
Lafayette,,241074006,,D-1,0,35.0,0.23213434163698904
Lafayette,,241072002,,D-1,0,35.0,0.22137860522034342
Lafayette,,241074007,,D-1,0,35.0,0.23802967540043038
Lafayette,,241074008,,D-1,0,35.0,0.22237643892056325
Lafayette,,241074009,,D-1,0,35.0,0.22370098709400568
Lafayette,,241073024,,R-6,0,7.3,0.6546853996109824
Lafayette,,241082023,,R-6,0,7.3,0.2342172850314936
Lafayette,,241082024,,R-6,0,7.3,0.519033201332467
Lafayette,,241074010,,R-6,0,7.3,0.5106704169463337
Lafayette,,241082003,,R-6,0,7.3,1.56
Lafayette,,241082002,,R-6,0,7.3,0.85
Lafayette,,241081007,,R-6,0,7.3,0.6456483921614559
Lafayette,,241082004,,R-6,0,7.3,1.8700425954562316
Lafayette,,241082017,,R-6,0,7.3,0.3266365773190175
Lafayette,,241082022,,R-6,0,7.3,1.0452696172372526
Lafayette,,241073023,,D-1,0,35.0,0.6452766209689432
Lafayette,,241073029,,D-1,0,35.0,0.3964237134166779
Lafayette,,241073028,,D-1,0,35.0,0.2277203714079598
Lafayette,,241073021,,D-1,0,35.0,0.3210046795369091
Lafayette,,241073020,,D-1,0,35.0,0.260481390113224
Lafayette,,241073017,,D-1,0,35.0,0.15337617501342776
Lafayette,,241073018,,D-1,0,35.0,0.23282494624513264
Lafayette,,241073016,,D-1,0,35.0,0.3054052294649449
Lafayette,,241073014,,D-1,0,35.0,0.32080916263130593
Lafayette,,241073015,,D-1,0,35.0,0.2456656369226567
Lafayette,,241073013,,D-1,0,35.0,0.3547467617419045
Lafayette,,241073012,,D-1,0,35.0,0.2726919103092257
Lafayette,,252060005,,R-20,0,2.0,13.39
Lafayette,,241250002,,P-1,0,0.0,8.895
Lafayette,,241073011,,D-1,0,35.0,0.22675659552579452
Lafayette,,241073010,,D-1,0,35.0,0.2185657240643416
Lafayette,,241073009,,D-1,0,35.0,0.22134875577528842
Lafayette,,241073019,,D-1,0,35.0,0.1791160628385226
Lafayette,,241073008,,D-1,0,35.0,0.2198061484797705
Lafayette,,241073007,,D-1,0,35.0,0.22869270031212902
Lafayette,,241073006,,D-1,0,35.0,0.2279776906502912
Lafayette,,241072007,,D-1,0,35.0,0.23941936509076198
Lafayette,,241072015,,D-1,0,35.0,0.13562526654100468
Lafayette,,241072014,,D-1,0,35.0,0.12540282101728584
Lafayette,,241072006,,D-1,0,35.0,0.24441871261944426
Lafayette,,241072005,,D-1,0,35.0,0.21571287982039303
Lafayette,,241072004,,D-1,0,35.0,0.2303731421796004
Lafayette,,241072003,,D-1,0,35.0,0.23344126976787402
Lafayette,,241072010,,D-1,0,35.0,0.2589025192028799
Lafayette,,241072009,,D-1,0,35.0,0.2676296017949893
Lafayette,,241073005,,D-1,0,35.0,0.22052790487857576
Lafayette,,241072013,,D-1,0,35.0,0.27868960615438554
Lafayette,,241072011,,D-1,0,35.0,0.27371526793402934
Lafayette,,241071002,,MRP,6,21.0,0.11409626791978734
Lafayette,,241071004,,MRP,6,21.0,0.10940928043313324
Lafayette,,241073025,,MRP,6,21.0,0.23398983470626641
Lafayette,,241073003,,D-1,0,35.0,0.21834376871414593
Lafayette,,241073004,,D-1,0,35.0,0.22505207967181567
Lafayette,,241010052,,C,0,0.0,0.381
Lafayette,,241062001,,MRP,6,21.0,0.2281357172141978
Lafayette,,241061001,,MRP,6,21.0,0.5608899767254956
Lafayette,,241062002,,D-1,0,35.0,0.2475881949376546
Lafayette,,241062024,,D-1,0,35.0,0.25287861275808077
Lafayette,,241062006,,D-1,0,35.0,0.32097312468883094
Lafayette,,241062005,,D-1,0,35.0,0.3571869436435815
Lafayette,,241010049,,C,0,0.0,1.13
Lafayette,,241330022,,P-1,0,0.0,0.17897914471663603
Lafayette,,241330032,,P-1,0,0.0,0.03178117106884186
Lafayette,,241330052,,P-1,0,0.0,0.05377108409409002
Lafayette,,241330072,,P-1,0,0.0,0.05377149432139668
Lafayette,,241330013,,P-1,0,0.0,0.046732573745734876
Lafayette,,241330035,,P-1,0,0.0,0.0317811920058617
Lafayette,,241330055,,P-1,0,0.0,0.053774096330009125
Lafayette,,241330075,,P-1,0,0.0,0.05377409864978829
Lafayette,,241330014,,P-1,0,0.0,0.10023997937420762
Lafayette,,241330023,,P-1,0,0.0,0.1745373290592747
Lafayette,,241330054,,P-1,0,0.0,0.05377144492701811
Lafayette,,241330034,,P-1,0,0.0,0.031781642131330334
Lafayette,,241330037,,P-1,0,0.0,0.031780898316113464
Lafayette,,241330057,,P-1,0,0.0,0.05399503307970478
Lafayette,,241330077,,P-1,0,0.0,0.053994959486910375
Lafayette,,241330017,,P-1,0,0.0,0.15604366189687371
Lafayette,,241330074,,P-1,0,0.0,0.05377038292132242
Lafayette,,241330016,,P-1,0,0.0,0.1324777157306555
Lafayette,,241330015,,P-1,0,0.0,0.017298908055894877
Lafayette,,241330082,,C,0,0.0,0.3735820905857519
Lafayette,,241330039,,P-1,0,0.0,0.02388243062308582
Lafayette,,241330065,,P-1,0,0.0,0.023887879407058336
Lafayette,,241330045,,P-1,0,0.0,0.023887846793945428
Lafayette,,241330038,,P-1,0,0.0,0.023950882584234487
Lafayette,,241330058,,P-1,0,0.0,0.023904159977134236
Lafayette,,241330059,,P-1,0,0.0,0.023835585309233354
Lafayette,,241330078,,P-1,0,0.0,0.023835585309233354
Lafayette,,241330064,,P-1,0,0.0,0.02382921639711308
Lafayette,,241330081,,P-1,0,0.0,0.02382921639711308
Lafayette,,241330044,,P-1,0,0.0,0.023829095819145104
Lafayette,,241330040,,P-1,0,0.0,0.03693068108568427
Lafayette,,241330060,,P-1,0,0.0,0.03699448761470491
Lafayette,,241330079,,P-1,0,0.0,0.03699448761470491
Lafayette,,241330063,,P-1,0,0.0,0.03699495796286126
Lafayette,,241330080,,P-1,0,0.0,0.03699495796286126
Lafayette,,241330043,,P-1,0,0.0,0.036995475369738656
Lafayette,,241330041,,P-1,0,0.0,0.023898560709818176
Lafayette,,241330061,,P-1,0,0.0,0.0238993934221245
Lafayette,,241330062,,P-1,0,0.0,0.023897561604618357
Lafayette,,241330042,,P-1,0,0.0,0.023897857841896963
Lafayette,,241330025,,P-1,0,0.0,0.34714454792325933
Lafayette,,241330012,,P-1,0,0.0,0.19879246920659024
Lafayette,,241330033,,P-1,0,0.0,0.031780767430389364
Lafayette,,241330053,,P-1,0,0.0,0.05377308421037974
Lafayette,,241330073,,P-1,0,0.0,0.053773617601014144
Lafayette,,241330030,,P-1,0,0.0,0.03178123678405575
Lafayette,,241330050,,P-1,0,0.0,0.053769644351386064
Lafayette,,241330070,,P-1,0,0.0,0.053769644351386064
Lafayette,,241330021,,P-1,0,0.0,0.1907403938124843
Lafayette,,241330031,,P-1,0,0.0,0.03178115981149049
Lafayette,,241330051,,P-1,0,0.0,0.053774038563670135
Lafayette,,241330071,,P-1,0,0.0,0.053774038563670135
Lafayette,,241330009,,P-1,0,0.0,0.10433152455030266
Lafayette,,241010032,,MRA,6,21.0,1.26
Lafayette,,241330027,,P-1,0,0.0,0.031780954644374505
Lafayette,,241330019,,P-1,0,0.0,0.20679963468725043
Lafayette,,241330010,,P-1,0,0.0,0.09284696824578173
Lafayette,,241330048,,P-1,0,0.0,0.05327837042571632
Lafayette,,241330068,,P-1,0,0.0,0.05327856769944745
Lafayette,,241330049,,P-1,0,0.0,0.05399465985079584
Lafayette,,241330069,,P-1,0,0.0,0.05399465985079584
Lafayette,,241330028,,P-1,0,0.0,0.03142741052107514
Lafayette,,241330008,,P-1,0,0.0,0.06107309426367724
Lafayette,,241330029,,P-1,0,0.0,0.03178108414131693
Lafayette,,241010029,,C,0,0.0,0.29
Lafayette,,241330046,,P-1,0,0.0,0.05377035148741021
Lafayette,,241330066,,P-1,0,0.0,0.05377035148741021
Lafayette,,241330026,,P-1,0,0.0,0.03178124425898014
Lafayette,,241330047,,P-1,0,0.0,0.05377361226661744
Lafayette,,241330067,,P-1,0,0.0,0.05377361226661744
Lafayette,,241330020,,P-1,0,0.0,0.18378173695608205
Lafayette,,241330011,,P-1,0,0.0,0.06337559155557877
Lafayette,,241010023,,C,0,0.0,0.26
Lafayette,,241010022,,C,0,0.0,0.26
Lafayette,,241330085,,C,0,0.0,0.03544981453671734
Lafayette,,241330086,,C,0,0.0,0.026495997991223482
Lafayette,,241330087,,C,0,0.0,0.03757177683599671
Lafayette,,241330088,,C,0,0.0,0.03416507127762161
Lafayette,,241330084,,C,0,0.0,0.03288820019601837
Lafayette,,241330083,,C,0,0.0,0.04113952422286415
Lafayette,,241010048,,C,0,0.0,0.374
Lafayette,,241010046,,R-40,0,1.1,10.73
Lafayette,,248120005,,LR-5,0,8.0,2.22
Lafayette,,248120004,,R-20,0,2.0,0.52
Lafayette,,252060003,,R-20,0,2.0,1.81
Lafayette,,252060002,,R-20,0,2.0,0.49
Lafayette,,252050015,,LR-10,0,4.0,63.374313933850175
Lafayette,,252050014,,LR-10,0,4.0,5.75
Lafayette,,252070001,,LR-10,0,4.0,919.5046568096496
Lafayette,,252032056,,R-10,0,4.0,1.0372492476476023
Lafayette,,252022025,,R-10,0,4.0,2.28
Lafayette,,252022002,,R-10,0,4.0,0.2971552960597784
Lafayette,,252022001,,R-10,0,4.0,0.29965417871163463
Lafayette,,252021009,,R-10,0,4.0,0.300962072565212
Lafayette,,252012025,,R-10,0,4.0,0.55
Lafayette,,252012016,,R-10,0,4.0,0.5952264830406586
Lafayette,,252021008,,R-10,0,4.0,0.2908846781243588
Lafayette,,252012029,,R-10,0,4.0,0.26
Lafayette,,252012xxx,,R-10,0,4.0,0.2363844879876771
Lafayette,,252012030,,R-10,0,4.0,0.348
Lafayette,,252012032,,R-10,0,4.0,0.285
Lafayette,,252011007,,LR-5,0,8.0,0.93
Lafayette,,252011003,,MRA,6,21.0,0.7406398238437402
Lafayette,,252050018,,R-10,0,4.0,1.973
Lafayette,,252011001,,MRA,6,21.0,0.09353577562005985
Lafayette,,252011002,,MRA,6,21.0,0.20063543911690263
Lafayette,,252011009,,R-10,0,4.0,3.357
Lafayette,,249160004,,R-20,0,2.0,2.95
Lafayette,,249010032,,R-20,0,2.0,0.08
Lafayette,,249010007,,R-20,0,2.0,0.48
Lafayette,,249010008,,R-20,0,2.0,0.47
Lafayette,,249010005,,R-20,0,2.0,0.46
Lafayette,,249010003,,R-20,0,2.0,0.5
Lafayette,,249010004,,R-20,0,2.0,0.5
Lafayette,,249010002,,R-20,0,2.0,0.36
Lafayette,,249010001,,R-20,0,2.0,0.31
Lafayette,,248010001,,R-20,0,2.0,0.73
Lafayette,,248040028,,R-20,0,2.0,0.5
Lafayette,,248010002,,R-20,0,2.0,0.69
Lafayette,,248010017,,R-20,0,2.0,0.821
Lafayette,,248010018,,R-20,0,2.0,0.528
Lafayette,,248010015,,R-20,0,2.0,0.84
Lafayette,,248040010,,R-20,0,2.0,0.54
Lafayette,,248010016,,R-20,0,2.0,0.55
Lafayette,,248010014,,R-20,0,2.0,7.21
Lafayette,,248010010,,R-20,0,2.0,0.53
Lafayette,,248010012,,R-20,0,2.0,1.85
Lafayette,,248010011,,R-20,0,2.0,0.81
Lafayette,,248010006,,R-20,0,2.0,0.5
Lafayette,,248010007,,R-20,0,2.0,0.5
Lafayette,,248010008,,R-20,0,2.0,0.5
Lafayette,,248030024,,R-20,0,2.0,0.26
Lafayette,,248010009,,R-20,0,2.0,0.59
Lafayette,,248022002,,R-20,0,2.0,0.0
Lafayette,,248021009,,R-20,0,2.0,0.0
Lafayette,,248030013,,R-20,0,2.0,0.28
Lafayette,,248030014,,R-20,0,2.0,0.53
Lafayette,,248022001,,R-20,0,2.0,0.0
Lafayette,,248030034,,R-20,0,2.0,0.0
Lafayette,,248030012,,R-20,0,2.0,0.25
Lafayette,,248030011,,R-20,0,2.0,0.26
Lafayette,,248030033,,R-20,0,2.0,0.0
Lafayette,,248030010,,R-20,0,2.0,0.462
Lafayette,,248021007,,R-20,0,2.0,0.0
Lafayette,,248021006,,R-20,0,2.0,0.0
Lafayette,,248022005,,R-20,0,2.0,0.0
Lafayette,,248021008,,R-20,0,2.0,0.0
Lafayette,,248022004,,R-20,0,2.0,0.0
Lafayette,,248022003,,R-20,0,2.0,0.987
Lafayette,,248022012,,R-20,0,2.0,0.0
Lafayette,,248021017,,R-20,0,2.0,0.261
Lafayette,,248022010,,R-20,0,2.0,2.48
Lafayette,,248022011,,R-20,0,2.0,1.53
Lafayette,,252050017,,R-10,0,4.0,3.856
Lafayette,,248021010,,row,0,0.0,1.38
Lafayette,,248090034,,R-20,0,2.0,0.0
Lafayette,,248090035,,R-20,0,2.0,0.0
Lafayette,,248090030,,R-20,0,2.0,0.13
Lafayette,,248090031,,R-20,0,2.0,0.28
Lafayette,,248090023,,R-20,0,2.0,0.0
Lafayette,,248021016,,R-20,0,2.0,0.0
Lafayette,,248021003,,R-20,0,2.0,0.0
Lafayette,,248021018,,R-20,0,2.0,0.327
Lafayette,,248090028,,R-20,0,2.0,0.0
Lafayette,,248090021,,R-20,0,2.0,0.0
Lafayette,,248090039,,R-20,0,2.0,0.0
Lafayette,,248021005,,R-20,0,2.0,0.0
Lafayette,,248021004,,R-20,0,2.0,0.0
Lafayette,,248030008,,R-20,0,2.0,0.5
Lafayette,,248030009,,R-20,0,2.0,0.52
Lafayette,,248090040,,R-20,0,2.0,1.1
Lafayette,,248090014,,R-20,0,2.0,0.0
Lafayette,,248090038,,R-20,0,2.0,0.0
Lafayette,,248090043,,R-20,0,2.0,0.631
Lafayette,,248090044,,R-20,0,2.0,0.654
Lafayette,,248090045,,R-20,0,2.0,0.679
Lafayette,,248090046,,R-20,0,2.0,0.498
Lafayette,,248090037,,R-20,0,2.0,1.02
Lafayette,,248090013,,R-20,0,2.0,0.0
Lafayette,,248102005,,R-20,0,2.0,1.18
Lafayette,,248101002,,R-20,0,2.0,1.0
Lafayette,,248120011,,LR-5,0,8.0,5.02
Lafayette,,248101015,,R-20,0,2.0,1.79
Lafayette,,248120013,,R-20,0,2.0,0.903
Lafayette,,248101010,,R-20,0,2.0,0.49
Lafayette,,248101011,,R-20,0,2.0,0.47
Lafayette,,248102004,,R-20,0,2.0,0.65
Lafayette,,248102003,,R-20,0,2.0,0.54
Lafayette,,248102002,,R-20,0,2.0,0.85
Lafayette,,248101005,,R-20,0,2.0,0.75
Lafayette,,248101006,,R-20,0,2.0,0.55
Lafayette,,248101004,,R-20,0,2.0,1.0
Lafayette,,248120014,,R-20,0,2.0,1.847
Lafayette,,248120009,,R-20,0,2.0,2.17
Lafayette,,248101017,,R-20,0,2.0,0.458
Lafayette,,248101012,,R-20,0,2.0,0.61
Lafayette,,248101018,,R-20,0,2.0,0.316
Lafayette,,248101007,,R-20,0,2.0,0.58
Lafayette,,248110023,,R-20,0,2.0,0.63
Lafayette,,248101016,,R-20,0,2.0,5.17
Lafayette,,248140001,,R-20,0,2.0,0.0
Lafayette,,248140002,,R-20,0,2.0,0.0
Lafayette,,248090002,,R-20,0,2.0,0.95
Lafayette,,248110014,,R-20,0,2.0,1.05
Lafayette,,248110015,,R-20,0,2.0,1.02
Lafayette,,248102001,,R-20,0,2.0,1.17
Lafayette,,248090025,,R-20,0,2.0,0.0
Lafayette,,248090024,,R-20,0,2.0,0.0
Lafayette,,248090017,,R-20,0,2.0,0.75
Lafayette,,248090041,,R-20,0,2.0,1.34
Lafayette,,248090042,,R-20,0,2.0,0.63
Lafayette,,248030007,,R-20,0,2.0,0.5
Lafayette,,248030006,,R-20,0,2.0,0.58
Lafayette,,248030005,,R-20,0,2.0,0.61
Lafayette,,248090018,,R-20,0,2.0,0.85
Lafayette,,248090019,,R-20,0,2.0,0.0
Lafayette,,248090020,,R-20,0,2.0,0.0
Lafayette,,248060001,,R-20,0,2.0,0.79
Lafayette,,248060002,,R-20,0,2.0,1.0
Lafayette,,248110004,,R-20,0,2.0,2.93
Lafayette,,248140004,,R-20,0,2.0,0.0
Lafayette,,248140003,,R-20,0,2.0,0.0
Lafayette,,248140005,,R-20,0,2.0,0.0
Lafayette,,248130001,,R-20,0,2.0,0.0
Lafayette,,248071012,,R-20,0,2.0,0.0
Lafayette,,248071011,,R-20,0,2.0,0.0
Lafayette,,248071015,,R-20,0,2.0,0.0
Lafayette,,248071014,,R-20,0,2.0,0.0
Lafayette,,248071013,,R-20,0,2.0,0.0
Lafayette,,248071016,,R-20,0,2.0,0.0
Lafayette,,248071026,,R-20,0,2.0,0.0
Lafayette,,248072008,,R-10,0,4.0,0.0
Lafayette,,248072009,,R-10,0,4.0,0.0
Lafayette,,248072007,,R-10,0,4.0,0.0
Lafayette,,248072005,,R-10,0,4.0,0.0
Lafayette,,248072006,,R-10,0,4.0,0.0
Lafayette,,248072010,,R-10,0,4.0,0.0
Lafayette,,248072011,,R-10,0,4.0,0.0
Lafayette,,248073007,,R-10,0,4.0,0.0
Lafayette,,248073006,,R-10,0,4.0,0.0
Lafayette,,248071010,,R-10,0,4.0,0.0
Lafayette,,248071009,,R-10,0,4.0,0.0
Lafayette,,248071008,,R-10,0,4.0,0.0
Lafayette,,248073005,,R-10,0,4.0,0.0
Lafayette,,248073003,,R-10,0,4.0,0.0
Lafayette,,248073004,,R-10,0,4.0,0.0
Lafayette,,248073008,,R-10,0,4.0,0.0
Lafayette,,248073009,,R-10,0,4.0,0.0
Lafayette,,248073001,,R-10,0,4.0,0.0
Lafayette,,248073002,,R-10,0,4.0,0.0
Lafayette,,248071004,,R-10,0,4.0,0.0
Lafayette,,248071003,,R-10,0,4.0,0.0
Lafayette,,248051010,,R-10,0,4.0,0.0
Lafayette,,248051009,,R-10,0,4.0,0.0
Lafayette,,248060018,,R-20,0,2.0,0.0
Lafayette,,248060019,,R-20,0,2.0,0.0
Lafayette,,248060021,,R-20,0,2.0,1.34
Lafayette,,248060013,,R-20,0,2.0,0.58
Lafayette,,248071005,,R-10,0,4.0,0.0
Lafayette,,248071006,,R-10,0,4.0,0.0
Lafayette,,248071007,,R-10,0,4.0,0.0
Lafayette,,248060006,,R-20,0,2.0,0.9
Lafayette,,248060022,,R-20,0,2.0,2.0
Lafayette,,248060023,,R-20,0,2.0,2.02
Lafayette,,248060004,,R-20,0,2.0,0.75
Lafayette,,248060005,,R-20,0,2.0,0.87
Lafayette,,248060009,,R-20,0,2.0,0.84
Lafayette,,248030026,,R-20,0,2.0,1.07
Lafayette,,248030031,,R-20,0,2.0,0.0
Lafayette,,248030032,,R-20,0,2.0,0.0
Lafayette,,248030030,,R-20,0,2.0,0.0
Lafayette,,248030015,,R-20,0,2.0,0.29
Lafayette,,248030035,,R-20,0,2.0,0.43
Lafayette,,248030019,,R-20,0,2.0,0.49
Lafayette,,248030020,,R-20,0,2.0,0.51
Lafayette,,248040011,,R-20,0,2.0,0.85
Lafayette,,248040013,,R-20,0,2.0,0.5
Lafayette,,248040014,,R-20,0,2.0,0.65
Lafayette,,248051002,,R-10,0,4.0,0.67
Lafayette,,248051001,,R-10,0,4.0,0.62
Lafayette,,248040020,,R-20,0,2.0,1.04
Lafayette,,248030029,,R-20,0,2.0,0.0
Lafayette,,248060020,,R-20,0,2.0,0.0
Lafayette,,248051015,,R-10,0,4.0,0.772
Lafayette,,248051008,,R-10,0,4.0,0.0
Lafayette,,248051006,,R-10,0,4.0,0.0
Lafayette,,248051014,,R-10,0,4.0,0.352
Lafayette,,248051003,,R-10,0,4.0,0.0
Lafayette,,248051004,,R-10,0,4.0,0.0
Lafayette,,248040005,,R-20,0,2.0,0.32
Lafayette,,248040021,,R-20,0,2.0,0.5
Lafayette,,248040006,,R-20,0,2.0,0.52
Lafayette,,248040007,,R-20,0,2.0,0.52
Lafayette,,248040008,,R-20,0,2.0,1.09
Lafayette,,248040009,,R-20,0,2.0,0.82
Lafayette,,248040012,,R-20,0,2.0,0.62
Lafayette,,248040030,,R-20,0,2.0,0.734
Lafayette,,248040031,,R-20,0,2.0,0.852
Lafayette,,248040024,,R-20,0,2.0,0.503
Lafayette,,249010044,,R-20,0,2.0,0.61
Lafayette,,249010026,,R-20,0,2.0,0.55
Lafayette,,249010021,,R-20,0,2.0,1.0
Lafayette,,249010019,,R-20,0,2.0,0.5
Lafayette,,249010020,,R-20,0,2.0,0.5
Lafayette,,249010040,,R-20,0,2.0,0.0
Lafayette,,249020001,,R-20,0,2.0,0.0
Lafayette,,249010045,,R-20,0,2.0,0.66
Lafayette,,247082006,,R-20,0,2.0,0.0
Lafayette,,247082005,,R-20,0,2.0,0.0
Lafayette,,247082007,,R-20,0,2.0,0.0
Lafayette,,247082008,,R-20,0,2.0,0.0
Lafayette,,247082001,,R-20,0,2.0,0.0
Lafayette,,247070013,,R-20,0,2.0,0.0
Lafayette,,247082002,,R-20,0,2.0,0.0
Lafayette,,247082009,,R-20,0,2.0,0.56
Lafayette,,247081012,,R-20,0,2.0,0.0
Lafayette,,247081007,,R-20,0,2.0,0.0
Lafayette,,247082010,,R-20,0,2.0,0.394
Lafayette,,247081011,,R-20,0,2.0,0.0
Lafayette,,247081009,,R-20,0,2.0,0.0
Lafayette,,247081010,,R-20,0,2.0,0.0
Lafayette,,247081008,,R-20,0,2.0,0.0
Lafayette,,248051005,,R-10,0,4.0,0.0
Lafayette,,247081020,,R-20,0,2.0,0.0
Lafayette,,248052006,,R-10,0,4.0,0.0
Lafayette,,248052005,,R-10,0,4.0,0.0
Lafayette,,248052004,,R-10,0,4.0,0.0
Lafayette,,248052003,,R-10,0,4.0,0.0
Lafayette,,248052007,,R-10,0,4.0,0.0
Lafayette,,248052008,,R-10,0,4.0,0.0
Lafayette,,248052009,,R-10,0,4.0,0.0
Lafayette,,247081019,,R-20,0,2.0,0.0
Lafayette,,247081004,,R-20,0,2.0,0.0
Lafayette,,247081003,,R-20,0,2.0,0.0
Lafayette,,247081002,,R-20,0,2.0,0.0
Lafayette,,247081001,,R-20,0,2.0,0.0
Lafayette,,247081018,,R-20,0,2.0,0.0
Lafayette,,247081015,,R-20,0,2.0,0.0
Lafayette,,247081014,,R-20,0,2.0,0.0
Lafayette,,247081013,,R-20,0,2.0,0.0
Lafayette,,247070012,,R-20,0,2.0,0.0
Lafayette,,247070011,,R-20,0,2.0,0.0
Lafayette,,247090001,,R-20,0,2.0,0.92
Lafayette,,247070009,,R-20,0,2.0,0.0
Lafayette,,247070010,,R-20,0,2.0,0.0
Lafayette,,247081016,,R-20,0,2.0,0.0
Lafayette,,247070008,,R-20,0,2.0,0.0
Lafayette,,247070006,,R-20,0,2.0,0.0
Lafayette,,247070005,,R-20,0,2.0,0.0
Lafayette,,247070004,,R-20,0,2.0,0.0
Lafayette,,247060018,,R-20,0,2.0,0.49
Lafayette,,247060029,,R-20,0,2.0,0.77
Lafayette,,247060030,,R-20,0,2.0,1.06
Lafayette,,247070007,,R-20,0,2.0,0.0
Lafayette,,247081017,,R-20,0,2.0,0.0
Lafayette,,247070003,,R-20,0,2.0,0.0
Lafayette,,247070002,,R-20,0,2.0,0.0
Lafayette,,247070001,,R-20,0,2.0,0.0
Lafayette,,247060019,,R-20,0,2.0,0.51
Lafayette,,248080005,,R-10,0,4.0,0.0
Lafayette,,248080006,,R-10,0,4.0,0.0
Lafayette,,248080004,,R-10,0,4.0,0.0
Lafayette,,248080003,,R-10,0,4.0,0.0
Lafayette,,248080007,,R-10,0,4.0,0.0
Lafayette,,248080012,,R-10,0,4.0,0.0
Lafayette,,248080019,,R-10,0,4.0,0.0
Lafayette,,248080018,,R-10,0,4.0,0.0
Lafayette,,248080011,,R-10,0,4.0,0.0
Lafayette,,248080010,,R-10,0,4.0,0.0
Lafayette,,248052001,,R-10,0,4.0,0.0
Lafayette,,248052002,,R-10,0,4.0,0.0
Lafayette,,248051011,,R-10,0,4.0,0.0
Lafayette,,248051012,,R-10,0,4.0,0.0
Lafayette,,248051013,,R-10,0,4.0,0.0
Lafayette,,248071002,,R-10,0,4.0,0.0
Lafayette,,248071001,,R-10,0,4.0,0.0
Lafayette,,248072016,,R-10,0,4.0,0.0
Lafayette,,248072013,,R-10,0,4.0,0.0
Lafayette,,248072014,,R-10,0,4.0,0.0
Lafayette,,248072015,,R-10,0,4.0,0.0
Lafayette,,248072001,,R-10,0,4.0,0.0
Lafayette,,248080013,,R-10,0,4.0,0.0
Lafayette,,248080020,,R-10,0,4.0,0.94
Lafayette,,248080015,,R-10,0,4.0,0.0
Lafayette,,248080014,,R-10,0,4.0,0.0
Lafayette,,248071025,,R-10,0,4.0,0.0
Lafayette,,246152018,,R-10,0,4.0,0.0
Lafayette,,246151001,,R-20,0,2.0,0.0
Lafayette,,248071022,,R-10,0,4.0,0.0
Lafayette,,248071023,,R-10,0,4.0,0.0
Lafayette,,248072002,,R-10,0,4.0,0.0
Lafayette,,248072017,,R-10,0,4.0,0.0
Lafayette,,248072012,,R-10,0,4.0,0.0
Lafayette,,248072018,,R-10,0,4.0,0.0
Lafayette,,248071021,,R-10,0,4.0,0.0
Lafayette,,246151002,,R-20,0,2.0,0.0
Lafayette,,248071020,,R-10,0,4.0,0.0
Lafayette,,248071019,,R-10,0,4.0,0.0
Lafayette,,246151004,,R-20,0,2.0,0.5
Lafayette,,246151006,,R-20,0,2.0,0.9
Lafayette,,246152021,,R-20,0,2.0,0.0
Lafayette,,246152024,,R-20,0,2.0,0.0
Lafayette,,246152020,,R-20,0,2.0,0.0
Lafayette,,246152017,,R-10,0,4.0,0.0
Lafayette,,246152039,,R-20,0,2.0,0.0
Lafayette,,246152025,,R-20,0,2.0,0.0
Lafayette,,246152044,,R-20,0,2.0,0.464
Lafayette,,246152045,,R-20,0,2.0,0.558
Lafayette,,246152046,,R-20,0,2.0,1.0
Lafayette,,246152028,,R-20,0,2.0,0.52
Lafayette,,246152029,,R-20,0,2.0,0.48
Lafayette,,246152036,,R-20,0,2.0,0.5
Lafayette,,246152006,,R-20,0,2.0,1.0
Lafayette,,247060036,,R-20,0,2.0,1.371
Lafayette,,246152038,,R-20,0,2.0,0.0
Lafayette,,246152009,,R-20,0,2.0,0.51
Lafayette,,246152010,,R-20,0,2.0,0.5
Lafayette,,246152008,,R-20,0,2.0,0.68
Lafayette,,246152013,,R-20,0,2.0,0.7
Lafayette,,246152014,,R-20,0,2.0,0.45
Lafayette,,246152015,,R-10,0,4.0,0.0
Lafayette,,246152016,,R-10,0,4.0,0.0
Lafayette,,247060038,,R-20,0,2.0,0.656
Lafayette,,247060012,,R-20,0,2.0,0.58
Lafayette,,247060034,,R-20,0,2.0,0.889
Lafayette,,247060014,,R-20,0,2.0,1.0
Lafayette,,247060039,,R-20,0,2.0,0.345
Lafayette,,247050007,,R-20,0,2.0,1.12
Lafayette,,247060031,,R-20,0,2.0,1.68
Lafayette,,247050008,,R-20,0,2.0,2.987
Lafayette,,247060023,,R-20,0,2.0,0.5
Lafayette,,247060009,,R-20,0,2.0,0.48
Lafayette,,247050006,,R-20,0,2.0,0.51
Lafayette,,247060033,,R-20,0,2.0,0.55
Lafayette,,247060025,,R-20,0,2.0,0.45
Lafayette,,247040008,,R-20,0,2.0,1.23
Lafayette,,247060021,,R-20,0,2.0,0.71
Lafayette,,247060037,,R-20,0,2.0,0.69
Lafayette,,247060002,,R-20,0,2.0,0.92
Lafayette,,247060006,,R-20,0,2.0,0.507
Lafayette,,247060005,,R-20,0,2.0,0.473
Lafayette,,247060004,,R-20,0,2.0,0.25
Lafayette,,247060003,,R-20,0,2.0,0.52
Lafayette,,246152007,,R-20,0,2.0,0.49
Lafayette,,246152001,,R-20,0,2.0,0.5
Lafayette,,246152002,,R-20,0,2.0,0.5
Lafayette,,246160019,,R-20,0,2.0,0.54
Lafayette,,246160026,,R-20,0,2.0,0.45
Lafayette,,246170018,,R-20,0,2.0,0.61
Lafayette,,246170024,,R-20,0,2.0,1.06
Lafayette,,246170025,,R-20,0,2.0,1.24
Lafayette,,246170017,,R-20,0,2.0,0.655
Lafayette,,246170016,,R-20,0,2.0,0.44
Lafayette,,246170014,,R-20,0,2.0,0.4
Lafayette,,246170015,,R-20,0,2.0,0.4
Lafayette,,247040027,,R-20,0,2.0,3.351
Lafayette,,247040003,,R-20,0,2.0,0.5
Lafayette,,247040001,,R-20,0,2.0,0.5
Lafayette,,246170013,,R-20,0,2.0,0.7
Lafayette,,246170023,,R-20,0,2.0,0.87
Lafayette,,246170022,,R-20,0,2.0,0.04
Lafayette,,247032007,,R-20,0,2.0,0.85
Lafayette,,246170031,,R-20,0,2.0,0.64
Lafayette,,246170032,,R-20,0,2.0,0.67
Lafayette,,246170033,,R-20,0,2.0,0.794
Lafayette,,246170021,,R-40,0,1.1,0.72
Lafayette,,246170030,,R-20,0,2.0,1.01
Lafayette,,246170009,,R-20,0,2.0,1.8
Lafayette,,246170007,,R-40,0,1.1,0.48
Lafayette,,246160028,,R-20,0,2.0,1.11
Lafayette,,246160008,,R-20,0,2.0,1.0
Lafayette,,246160025,,R-20,0,2.0,3.0
Lafayette,,246160012,,R-20,0,2.0,0.6
Lafayette,,246160023,,R-20,0,2.0,2.76
Lafayette,,246120005,,R-20,0,2.0,3.54
Lafayette,,246120008,,R-20,0,2.0,0.88
Lafayette,,246130018,,R-20,0,2.0,0.87
Lafayette,,246130017,,R-20,0,2.0,0.76
Lafayette,,246130010,,R-20,0,2.0,0.76
Lafayette,,246130021,,R-20,0,2.0,0.0
Lafayette,,246160013,,R-20,0,2.0,0.7
Lafayette,,246160014,,R-20,0,2.0,0.69
Lafayette,,246152037,,R-20,0,2.0,0.51
Lafayette,,246130014,,R-20,0,2.0,0.0
Lafayette,,246140009,,R-20,0,2.0,0.61
Lafayette,,246130015,,R-20,0,2.0,0.0
Lafayette,,246130020,,R-20,0,2.0,0.0
Lafayette,,246140012,,R-20,0,2.0,1.0
Lafayette,,246152041,,R-20,0,2.0,0.0
Lafayette,,246140003,,R-20,0,2.0,0.88
Lafayette,,246130011,,R-20,0,2.0,0.69
Lafayette,,246140011,,R-20,0,2.0,1.03
Lafayette,,246140010,,R-20,0,2.0,0.52
Lafayette,,246140002,,LR-10,0,4.0,13.19
Lafayette,,246140013,,R-20,0,2.0,0.7
Lafayette,,246152043,,R-20,0,2.0,0.0
Lafayette,,246152042,,R-20,0,2.0,0.0
Lafayette,,246151007,,R-20,0,2.0,0.65
Lafayette,,246210001,,R-20,0,2.0,10.85
Lafayette,,246200006,,R-20,0,2.0,1.56
Lafayette,,246200005,,R-20,0,2.0,1.73
Lafayette,,246200004,,R-40,0,1.1,2.4
Lafayette,,246200003,,R-40,0,1.1,0.0
Lafayette,,246130013,,R-20,0,2.0,1.06
Lafayette,,246130012,,R-20,0,2.0,1.72
Lafayette,,246120015,,R-20,0,2.0,0.55
Lafayette,,246130009,,R-20,0,2.0,1.25
Lafayette,,246130001,,R-20,0,2.0,1.53
Lafayette,,246120018,,R-20,0,2.0,1.34
Lafayette,,246120014,,R-20,0,2.0,0.75
Lafayette,,246110020,,R-40,0,1.1,0.0
Lafayette,,246110021,,R-40,0,1.1,0.0
Lafayette,,246110016,,R-40,0,1.1,0.0
Lafayette,,246110017,,R-40,0,1.1,0.0
Lafayette,,246110018,,R-40,0,1.1,0.0
Lafayette,,246110019,,R-40,0,1.1,0.0
Lafayette,,246200002,,R-40,0,1.1,0.0
Lafayette,,246200001,,R-20,0,2.0,0.0
Lafayette,,246110015,,R-40,0,1.1,9.747
Lafayette,,246183006,,R-20,0,2.0,0.0
Lafayette,,244010007,,R-40,0,1.1,0.927
Lafayette,,246090008,,R-40,0,1.1,1.64
Lafayette,,244010002,,R-40,0,1.1,0.91
Lafayette,,244010003,,R-40,0,1.1,1.12
Lafayette,,244023002,,R-40,0,1.1,0.0
Lafayette,,244023004,,R-40,0,1.1,0.0
Lafayette,,246183004,,R-20,0,2.0,0.0
Lafayette,,244010006,,R-40,0,1.1,1.431
Lafayette,,246183002,,R-20,0,2.0,0.0
Lafayette,,246182004,,R-20,0,2.0,0.0
Lafayette,,246182005,,R-20,0,2.0,0.0
Lafayette,,246182001,,R-20,0,2.0,0.0
Lafayette,,246183003,,R-20,0,2.0,0.0
Lafayette,,246183001,,R-20,0,2.0,0.0
Lafayette,,246181002,,R-20,0,2.0,0.0
Lafayette,,244022005,,R-40,0,1.1,0.12
Lafayette,,246181001,,R-20,0,2.0,0.0
Lafayette,,244023001,,R-40,0,1.1,0.0
Lafayette,,244023003,,R-40,0,1.1,0.0
Lafayette,,244023005,,R-40,0,1.1,0.0
Lafayette,,244022002,,R-40,0,1.1,0.0
Lafayette,,244022003,,R-40,0,1.1,0.0
Lafayette,,244022004,,R-40,0,1.1,0.0
Lafayette,,246210003,,R-20,0,2.0,4.15
Lafayette,,244300001,,LR-5,0,8.0,9.25
Lafayette,,246210002,,R-20,0,2.0,5.16
Lafayette,,246182002,,R-20,0,2.0,0.0
Lafayette,,246182003,,R-20,0,2.0,0.0
Lafayette,,248071027,,R-20,0,2.0,0.0
Lafayette,,248130003,,R-20,0,2.0,0.0
Lafayette,,248130004,,R-20,0,2.0,0.0
Lafayette,,248130005,,R-20,0,2.0,0.0
Lafayette,,248130011,,R-20,0,2.0,0.0
Lafayette,,248130002,,R-20,0,2.0,0.0
Lafayette,,248130013,,R-20,0,2.0,0.0
Lafayette,,248130012,,R-20,0,2.0,0.0
Lafayette,,248140011,,R-20,0,2.0,1.45
Lafayette,,248130010,,R-20,0,2.0,0.0
Lafayette,,248130014,,R-20,0,2.0,2.09
Lafayette,,248130006,,R-20,0,2.0,0.0
Lafayette,,248130007,,R-20,0,2.0,0.0
Lafayette,,248130008,,R-20,0,2.0,0.0
Lafayette,,244271010,,R-20,0,2.0,0.0
Lafayette,,244271011,,R-20,0,2.0,0.0
Lafayette,,244271006,,R-20,0,2.0,0.0
Lafayette,,244271013,,R-20,0,2.0,0.0
Lafayette,,244271008,,R-20,0,2.0,0.0
Lafayette,,244272008,,R-20,0,2.0,0.45
Lafayette,,244271009,,R-20,0,2.0,0.0
Lafayette,,244271012,,R-20,0,2.0,0.0
Lafayette,,244062010,,R-20,0,2.0,0.0
Lafayette,,244061012,,R-20,0,2.0,0.0
Lafayette,,244061009,,R-20,0,2.0,0.0
Lafayette,,248150001,,R-20,0,2.0,12.644
Lafayette,,244061013,,R-20,0,2.0,0.0
Lafayette,,248140010,,R-20,0,2.0,1.73
Lafayette,,248140012,,R-20,0,2.0,1.55
Lafayette,,248140009,,R-20,0,2.0,0.0
Lafayette,,248120012,,LR-10,0,4.0,10.79
Lafayette,,248120010,,R-20,0,2.0,4.69
Lafayette,,244070003,,R-20,0,2.0,0.0
Lafayette,,244070004,,R-20,0,2.0,0.0
Lafayette,,244070017,,R-20,0,2.0,0.65
Lafayette,,244070015,,R-20,0,2.0,0.84
Lafayette,,244070018,,R-20,0,2.0,0.69
Lafayette,,244070014,,R-20,0,2.0,0.0
Lafayette,,244052001,,R-20,0,2.0,0.0
Lafayette,,244061001,,R-20,0,2.0,0.0
Lafayette,,244061002,,R-20,0,2.0,0.0
Lafayette,,244061003,,R-20,0,2.0,0.0
Lafayette,,244062004,,R-20,0,2.0,0.0
Lafayette,,244061015,,R-20,0,2.0,0.63
Lafayette,,244061014,,R-20,0,2.0,0.55
Lafayette,,244070006,,R-20,0,2.0,0.0
Lafayette,,244070005,,R-20,0,2.0,0.0
Lafayette,,244061006,,R-20,0,2.0,0.0
Lafayette,,244061011,,R-20,0,2.0,0.0
Lafayette,,244272007,,R-20,0,2.0,0.0
Lafayette,,244062008,,R-20,0,2.0,0.0
Lafayette,,244062003,,R-20,0,2.0,0.0
Lafayette,,244272004,,R-20,0,2.0,0.0
Lafayette,,244272003,,R-20,0,2.0,0.0
Lafayette,,244271007,,R-20,0,2.0,0.0
Lafayette,,244271005,,R-20,0,2.0,0.0
Lafayette,,244271004,,R-20,0,2.0,0.0
Lafayette,,244271003,,R-20,0,2.0,0.0
Lafayette,,244271002,,R-20,0,2.0,0.0
Lafayette,,244272005,,R-20,0,2.0,0.0
Lafayette,,244282001,,R-20,0,2.0,0.0
Lafayette,,244272006,,R-20,0,2.0,0.0
Lafayette,,244271001,,R-20,0,2.0,0.0
Lafayette,,244281009,,R-20,0,2.0,0.0
Lafayette,,244281008,,R-20,0,2.0,0.0
Lafayette,,244281012,,R-20,0,2.0,0.51
Lafayette,,244282002,,R-20,0,2.0,0.0
Lafayette,,244062011,,R-20,0,2.0,0.57
Lafayette,,244062012,,R-20,0,2.0,0.58
Lafayette,,244062007,,R-20,0,2.0,0.0
Lafayette,,244051008,,R-20,0,2.0,0.0
Lafayette,,244282003,,R-20,0,2.0,0.0
Lafayette,,244051007,,R-20,0,2.0,0.0
Lafayette,,244282004,,R-20,0,2.0,0.0
Lafayette,,244051006,,R-20,0,2.0,0.0
Lafayette,,244051005,,R-20,0,2.0,0.0
Lafayette,,244282006,,R-20,0,2.0,0.0
Lafayette,,244282005,,R-20,0,2.0,0.0
Lafayette,,244281011,,R-20,0,2.0,0.51
Lafayette,,244281005,,R-20,0,2.0,0.0
Lafayette,,244281004,,R-20,0,2.0,0.0
Lafayette,,244281003,,R-20,0,2.0,0.0
Lafayette,,244282007,,R-20,0,2.0,0.0
Lafayette,,244281010,,R-20,0,2.0,0.0
Lafayette,,244281002,,R-20,0,2.0,0.0
Lafayette,,244242005,,R-20,0,2.0,0.0
Lafayette,,244242004,,R-20,0,2.0,0.0
Lafayette,,244242007,,R-20,0,2.0,0.0
Lafayette,,244242006,,R-20,0,2.0,0.0
Lafayette,,244242010,,R-40,0,1.1,0.0
Lafayette,,244290010,,R-40,0,1.1,0.0
Lafayette,,244290011,,R-40,0,1.1,0.0
Lafayette,,244290012,,R-40,0,1.1,0.0
Lafayette,,244290008,,R-40,0,1.1,0.0
Lafayette,,244290009,,R-40,0,1.1,0.0
Lafayette,,244290007,,R-40,0,1.1,0.0
Lafayette,,244040001,,R-40,0,1.1,1.95
Lafayette,,244040004,,R-40,0,1.1,0.16
Lafayette,,245031005,,R-40,0,1.1,0.0
Lafayette,,244024003,,R-40,0,1.1,0.32
Lafayette,,244290006,,R-40,0,1.1,0.0
Lafayette,,244290005,,R-40,0,1.1,0.0
Lafayette,,244290001,,R-40,0,1.1,0.0
Lafayette,,244290002,,R-40,0,1.1,0.0
Lafayette,,244290003,,R-40,0,1.1,0.0
Lafayette,,244290004,,R-40,0,1.1,0.0
Lafayette,,244290016,,R-40,0,1.1,2.06
Lafayette,,244290013,,R-40,0,1.1,0.0
Lafayette,,244290014,,R-40,0,1.1,0.0
Lafayette,,244022009,,R-40,0,1.1,0.0
Lafayette,,244022010,,R-40,0,1.1,0.0
Lafayette,,244022008,,R-40,0,1.1,0.0
Lafayette,,244023018,,R-40,0,1.1,0.0
Lafayette,,244023019,,R-40,0,1.1,0.0
Lafayette,,244023006,,R-40,0,1.1,0.0
Lafayette,,244023016,,R-40,0,1.1,0.0
Lafayette,,244023013,,R-40,0,1.1,0.0
Lafayette,,244023017,,R-40,0,1.1,0.0
Lafayette,,244024006,,R-40,0,1.1,1.079
Lafayette,,244024005,,R-40,0,1.1,0.281
Lafayette,,244023015,,R-40,0,1.1,0.05
Lafayette,,244024002,,R-40,0,1.1,0.33
Lafayette,,245010014,,R-40,0,1.1,0.949
Lafayette,,245020012,,R-40,0,1.1,0.661
Lafayette,,245020007,,R-40,0,1.1,1.06
Lafayette,,245020018,,R-40,0,1.1,0.96
Lafayette,,244010005,,R-40,0,1.1,1.75
Lafayette,,244023020,,R-40,0,1.1,0.0
Lafayette,,244023007,,R-40,0,1.1,0.0
Lafayette,,244010004,,R-40,0,1.1,1.23
Lafayette,,245020009,,R-40,0,1.1,1.09
Lafayette,,246090017,,R-40,0,1.1,2.03
Lafayette,,246090016,,R-40,0,1.1,1.32
Lafayette,,245020015,,R-40,0,1.1,1.125
Lafayette,,245020019,,R-40,0,1.1,2.39
Lafayette,,245020013,,R-40,0,1.1,0.92
Lafayette,,245020016,,R-40,0,1.1,1.08
Lafayette,,245020017,,R-40,0,1.1,1.04
Lafayette,,245020003,,R-40,0,1.1,0.92
Lafayette,,245020002,,R-40,0,1.1,0.98
Lafayette,,245031006,,R-20,0,2.0,0.0
Lafayette,,245010015,,R-40,0,1.1,0.923
Lafayette,,245032008,,R-20,0,2.0,0.0
Lafayette,,245010016,,R-40,0,1.1,0.922
Lafayette,,245153004,,R-20,0,2.0,0.0
Lafayette,,245153005,,R-20,0,2.0,0.0
Lafayette,,245151001,,R-20,0,2.0,0.0
Lafayette,,245020004,,R-40,0,1.1,1.08
Lafayette,,245010017,,R-40,0,1.1,0.921
Lafayette,,245151002,,R-20,0,2.0,0.0
Lafayette,,245151003,,R-20,0,2.0,0.0
Lafayette,,245152002,,R-20,0,2.0,0.48
Lafayette,,245152001,,R-20,0,2.0,0.0
Lafayette,,245142001,,R-20,0,2.0,0.0
Lafayette,,245141003,,R-20,0,2.0,0.0
Lafayette,,245141004,,R-20,0,2.0,0.0
Lafayette,,245032004,,R-20,0,2.0,0.0
Lafayette,,245032005,,R-20,0,2.0,0.0
Lafayette,,245153001,,R-20,0,2.0,0.0
Lafayette,,245153002,,R-20,0,2.0,0.5
Lafayette,,245153003,,R-20,0,2.0,0.0
Lafayette,,245032006,,R-20,0,2.0,0.0
Lafayette,,245031008,,R-20,0,2.0,0.0
Lafayette,,245032007,,R-20,0,2.0,0.0
Lafayette,,245031007,,R-20,0,2.0,0.0
Lafayette,,245031004,,R-40,0,1.1,0.0
Lafayette,,245031009,,R-20,0,2.0,0.0
Lafayette,,245031003,,R-40,0,1.1,0.0
Lafayette,,245031002,,R-40,0,1.1,0.0
Lafayette,,245031011,,R-20,0,2.0,0.0
Lafayette,,245031010,,R-20,0,2.0,0.0
Lafayette,,245032003,,R-20,0,2.0,0.0
Lafayette,,245032002,,R-20,0,2.0,0.0
Lafayette,,245032001,,R-20,0,2.0,0.0
Lafayette,,245031012,,R-20,0,2.0,0.0
Lafayette,,245031013,,R-20,0,2.0,0.0
Lafayette,,245031001,,R-40,0,1.1,0.0
Lafayette,,245040001,,R-20,0,2.0,0.0
Lafayette,,245040012,,R-40,0,1.1,1.96
Lafayette,,245040003,,R-20,0,2.0,0.0
Lafayette,,245040002,,R-20,0,2.0,0.0
Lafayette,,245040004,,R-20,0,2.0,0.0
Lafayette,,245040005,,R-20,0,2.0,0.0
Lafayette,,245040007,,R-20,0,2.0,0.0
Lafayette,,245040008,,R-20,0,2.0,0.0
Lafayette,,245040009,,R-20,0,2.0,0.0
Lafayette,,245040010,,R-20,0,2.0,0.0
Lafayette,,245141001,,R-20,0,2.0,0.0
Lafayette,,245161001,,R-20,0,2.0,0.0
Lafayette,,245161002,,R-20,0,2.0,0.0
Lafayette,,245040006,,R-20,0,2.0,0.0
Lafayette,,245161004,,R-20,0,2.0,1.03
Lafayette,,245161003,,R-20,0,2.0,0.0
Lafayette,,245162005,,R-20,0,2.0,1.098
Lafayette,,245170001,,R-20,0,2.0,0.0
Lafayette,,245162004,,R-20,0,2.0,0.0
Lafayette,,245143003,,R-20,0,2.0,0.0
Lafayette,,245143002,,R-20,0,2.0,0.0
Lafayette,,245141002,,R-20,0,2.0,0.0
Lafayette,,245143001,,R-20,0,2.0,0.0
Lafayette,,245170006,,R-20,0,2.0,0.0
Lafayette,,245170005,,R-20,0,2.0,0.0
Lafayette,,245170004,,R-20,0,2.0,0.0
Lafayette,,245170003,,R-20,0,2.0,0.0
Lafayette,,245170002,,R-20,0,2.0,0.0
Lafayette,,245170009,,R-20,0,2.0,0.0
Lafayette,,245170016,,R-20,0,2.0,1.18
Lafayette,,245170008,,R-40,0,1.1,0.0
Lafayette,,245070013,,LR-5,0,8.0,4.95
Lafayette,,245170007,,R-40,0,1.1,0.0
Lafayette,,245050024,,R-40,0,1.1,0.0
Lafayette,,245130012,,R-40,0,1.1,0.0
Lafayette,,245050016,,R-40,0,1.1,0.0
Lafayette,,245130011,,R-40,0,1.1,0.0
Lafayette,,245130009,,R-40,0,1.1,0.0
Lafayette,,245130010,,R-40,0,1.1,0.0
Lafayette,,245060008,,R-40,0,1.1,1.08
Lafayette,,245060003,,R-40,0,1.1,0.0
Lafayette,,245060006,,R-40,0,1.1,0.0
Lafayette,,245060002,,R-40,0,1.1,0.0
Lafayette,,245050009,,R-40,0,1.1,0.0
Lafayette,,245060004,,R-40,0,1.1,0.0
Lafayette,,245050008,,R-40,0,1.1,0.0
Lafayette,,245050010,,R-40,0,1.1,0.0
Lafayette,,245050011,,R-40,0,1.1,0.98
Lafayette,,245050012,,R-40,0,1.1,1.06
Lafayette,,245050021,,R-40,0,1.1,1.0
Lafayette,,245050027,,R-40,0,1.1,0.737
Lafayette,,245170017,,R-20,0,2.0,0.038
Lafayette,,245161007,,R-20,0,2.0,1.3
Lafayette,,245050017,,R-40,0,1.1,1.0
Lafayette,,245050006,,R-40,0,1.1,1.0
Lafayette,,245050007,,R-40,0,1.1,0.0
Lafayette,,245050005,,R-40,0,1.1,0.0
Lafayette,,244150005,,R-40,0,1.1,0.0
Lafayette,,244150006,,R-40,0,1.1,0.0
Lafayette,,245050004,,R-40,0,1.1,1.0
Lafayette,,245050003,,R-40,0,1.1,1.03
Lafayette,,245050026,,R-40,0,1.1,0.81
Lafayette,,245050001,,R-40,0,1.1,0.85
Lafayette,,244241007,,R-40,0,1.1,0.0
Lafayette,,244242009,,R-40,0,1.1,0.0
Lafayette,,244242008,,R-20,0,2.0,0.0
Lafayette,,244241008,,R-20,0,2.0,0.0
Lafayette,,244150007,,R-40,0,1.1,0.93
Lafayette,,244150008,,R-40,0,1.1,0.91
Lafayette,,244150010,,R-40,0,1.1,0.7
Lafayette,,244150009,,R-40,0,1.1,0.89
Lafayette,,244140001,,R-40,0,1.1,1.51
Lafayette,,244140002,,R-40,0,1.1,0.98
Lafayette,,244140003,,R-40,0,1.1,1.24
Lafayette,,244150012,,R-40,0,1.1,0.8
Lafayette,,244160012,,R-40,0,1.1,0.77
Lafayette,,244150015,,R-40,0,1.1,1.02
Lafayette,,244160013,,R-40,0,1.1,0.84
Lafayette,,244150014,,R-40,0,1.1,1.0
Lafayette,,244150011,,R-40,0,1.1,1.0
Lafayette,,244150004,,R-40,0,1.1,0.0
Lafayette,,244150003,,R-40,0,1.1,0.7
Lafayette,,245060007,,R-40,0,1.1,0.0
Lafayette,,245060005,,R-40,0,1.1,0.0
Lafayette,,244150017,,R-40,0,1.1,0.751
Lafayette,,244150016,,R-40,0,1.1,0.649
Lafayette,,245060009,,R-40,0,1.1,0.0
Lafayette,,245060010,,R-40,0,1.1,0.0
Lafayette,,245060013,,R-10,0,4.0,0.0
Lafayette,,244171007,,R-10,0,4.0,0.0
Lafayette,,244171005,,R-10,0,4.0,0.0
Lafayette,,244171006,,R-10,0,4.0,1.2
Lafayette,,244172007,,R-10,0,4.0,0.0
Lafayette,,244172006,,R-10,0,4.0,0.0
Lafayette,,244171004,,R-10,0,4.0,0.0
Lafayette,,244171003,,R-10,0,4.0,0.0
Lafayette,,244160010,,R-40,0,1.1,1.16
Lafayette,,244160006,,R-40,0,1.1,1.47
Lafayette,,244160019,,R-40,0,1.1,0.67
Lafayette,,244160004,,R-40,0,1.1,0.69
Lafayette,,244160014,,R-40,0,1.1,0.0
Lafayette,,244160018,,R-40,0,1.1,1.18
Lafayette,,244180056,,R-40,0,1.1,1.01
Lafayette,,244160015,,R-40,0,1.1,0.0
Lafayette,,244171001,,R-10,0,4.0,0.0
Lafayette,,244171002,,R-10,0,4.0,0.0
Lafayette,,244180057,,R-40,0,1.1,1.41
Lafayette,,244180001,,R-10,0,4.0,0.0
Lafayette,,244180002,,R-10,0,4.0,0.0
Lafayette,,244180004,,R-10,0,4.0,0.37
Lafayette,,244180006,,R-10,0,4.0,0.6
Lafayette,,244180005,,R-10,0,4.0,0.43
Lafayette,,244180007,,R-10,0,4.0,0.07
Lafayette,,244180049,,R-40,0,1.1,0.72
Lafayette,,244180032,,R-40,0,1.1,0.6
Lafayette,,244180042,,R-20,0,2.0,0.51
Lafayette,,244180025,,R-20,0,2.0,0.3
Lafayette,,244180026,,R-20,0,2.0,0.23
Lafayette,,244180027,,R-20,0,2.0,0.43
Lafayette,,244180040,,R-20,0,2.0,0.62
Lafayette,,244180044,,R-20,0,2.0,0.57
Lafayette,,244130021,,R-20,0,2.0,2.48
Lafayette,,244180050,,R-40,0,1.1,0.32
Lafayette,,244180031,,R-40,0,1.1,0.4
Lafayette,,244130007,,R-40,0,1.1,1.03
Lafayette,,244130010,,R-40,0,1.1,1.03
Lafayette,,244130014,,R-20,0,2.0,1.0
Lafayette,,244130002,,R-40,0,1.1,1.012
Lafayette,,244130001,,R-40,0,1.1,1.013
Lafayette,,244140008,,R-40,0,1.1,0.9
Lafayette,,244140007,,R-40,0,1.1,1.13
Lafayette,,244140009,,R-40,0,1.1,0.62
Lafayette,,244140012,,R-40,0,1.1,1.31
Lafayette,,244130017,,R-40,0,1.1,0.95
Lafayette,,244130012,,R-40,0,1.1,1.0
Lafayette,,244130005,,R-40,0,1.1,0.82
Lafayette,,244130006,,R-40,0,1.1,1.01
Lafayette,,244130019,,R-20,0,2.0,1.42
Lafayette,,244130018,,R-20,0,2.0,1.93
Lafayette,,244112001,,R-10,0,4.0,0.0
Lafayette,,244111015,,R-10,0,4.0,0.81
Lafayette,,244130016,,R-40,0,1.1,1.09
Lafayette,,244111031,,R-20,0,2.0,1.49
Lafayette,,244111001,,R-10,0,4.0,0.0
Lafayette,,244111002,,R-10,0,4.0,0.0
Lafayette,,244111003,,R-10,0,4.0,0.0
Lafayette,,244111030,,R-20,0,2.0,1.34
Lafayette,,244111024,,R-20,0,2.0,2.81
Lafayette,,244111032,,R-20,0,2.0,1.34
Lafayette,,244140011,,R-40,0,1.1,0.04
Lafayette,,244140014,,R-40,0,1.1,1.03
Lafayette,,244140013,,R-40,0,1.1,1.8
Lafayette,,244140004,,R-40,0,1.1,0.97
Lafayette,,244140005,,R-40,0,1.1,1.64
Lafayette,,244241009,,R-20,0,2.0,0.0
Lafayette,,244242002,,R-20,0,2.0,0.0
Lafayette,,244242003,,R-20,0,2.0,0.0
Lafayette,,244040005,,R-20,0,2.0,20.98
Lafayette,,244242001,,R-20,0,2.0,0.21
Lafayette,,244282009,,R-20,0,2.0,0.0
Lafayette,,244051003,,R-20,0,2.0,0.0
Lafayette,,244051004,,R-20,0,2.0,1.51
Lafayette,,244052002,,R-20,0,2.0,0.0
Lafayette,,244052003,,R-20,0,2.0,0.0
Lafayette,,244082001,,R-20,0,2.0,0.0
Lafayette,,244052004,,R-20,0,2.0,0.0
Lafayette,,244082002,,R-20,0,2.0,0.0
Lafayette,,244051001,,R-20,0,2.0,0.0
Lafayette,,244081007,,R-20,0,2.0,0.0
Lafayette,,244051002,,R-20,0,2.0,0.0
Lafayette,,244081006,,R-20,0,2.0,0.0
Lafayette,,244081005,,R-20,0,2.0,0.0
Lafayette,,244111025,,R-20,0,2.0,0.8
Lafayette,,244111026,,R-20,0,2.0,1.34
Lafayette,,244081002,,R-20,0,2.0,0.0
Lafayette,,244081004,,R-20,0,2.0,0.0
Lafayette,,244081003,,R-20,0,2.0,0.0
Lafayette,,244082008,,R-20,0,2.0,0.502
Lafayette,,244082009,,R-20,0,2.0,0.501
Lafayette,,244090002,,R-20,0,2.0,4.72
Lafayette,,244083001,,R-20,0,2.0,0.0
Lafayette,,244083002,,R-20,0,2.0,0.0
Lafayette,,244083003,,R-20,0,2.0,0.0
Lafayette,,244090006,,R-20,0,2.0,11.6
Lafayette,,244083004,,R-20,0,2.0,0.0
Lafayette,,244082006,,R-20,0,2.0,0.0
Lafayette,,244082003,,R-20,0,2.0,0.0
Lafayette,,244082007,,R-20,0,2.0,0.0
Lafayette,,244070012,,R-20,0,2.0,0.0
Lafayette,,244052007,,R-20,0,2.0,0.0
Lafayette,,244052006,,R-20,0,2.0,0.0
Lafayette,,244052005,,R-20,0,2.0,0.61
Lafayette,,244070013,,R-20,0,2.0,0.0
Lafayette,,244070011,,R-20,0,2.0,0.0
Lafayette,,244070010,,R-20,0,2.0,0.0
Lafayette,,244070002,,R-20,0,2.0,0.0
Lafayette,,244070001,,R-20,0,2.0,0.0
Lafayette,,244083006,,R-20,0,2.0,0.0
Lafayette,,244083005,,R-20,0,2.0,0.0
Lafayette,,244252006,,R-20,0,2.0,0.0
Lafayette,,244252007,,R-20,0,2.0,0.0
Lafayette,,244251002,,R-20,0,2.0,0.0
Lafayette,,244251001,,R-20,0,2.0,0.0
Lafayette,,248120002,,R-20,0,2.0,1.85
Lafayette,,244260023,,R-20,0,2.0,0.0
Lafayette,,244251005,,R-20,0,2.0,0.0
Lafayette,,244251003,,R-20,0,2.0,0.0
Lafayette,,244252005,,R-20,0,2.0,0.0
Lafayette,,244252004,,R-20,0,2.0,0.0
Lafayette,,244252003,,R-20,0,2.0,0.0
Lafayette,,244252002,,R-20,0,2.0,0.0
Lafayette,,244252001,,R-20,0,2.0,0.0
Lafayette,,244260002,,R-20,0,2.0,0.0
Lafayette,,244260022,,R-20,0,2.0,0.0
Lafayette,,244260016,,R-20,0,2.0,0.0
Lafayette,,244260017,,R-20,0,2.0,0.0
Lafayette,,244260014,,R-20,0,2.0,0.0
Lafayette,,244260024,,R-20,0,2.0,0.616
Lafayette,,244260013,,R-20,0,2.0,0.0
Lafayette,,244260025,,R-20,0,2.0,0.786
Lafayette,,244081013,,R-20,0,2.0,0.0
Lafayette,,244081012,,R-20,0,2.0,0.0
Lafayette,,241340108,,C,0,0.0,0.12271085386072687
Lafayette,,241340109,,C,0,0.0,0.016026609390377977
Lafayette,,241340110,,C,0,0.0,0.016026613360528314
Lafayette,,241340084,,C,0,0.0,0.014492797304358861
Lafayette,,241340085,,C,0,0.0,0.014492846258838852
Lafayette,,241340086,,C,0,0.0,0.014492846264267795
Lafayette,,241340087,,C,0,0.0,0.014492944690583895
Lafayette,,241340063,,C,0,0.0,0.021026822686767175
Lafayette,,241340064,,C,0,0.0,0.02001985806164183
Lafayette,,241340070,,C,0,0.0,0.017836557488828363
Lafayette,,241340074,,C,0,0.0,0.017836557475276505
Lafayette,,241340069,,C,0,0.0,0.017670459114996394
Lafayette,,241340073,,C,0,0.0,0.017670572514206156
Lafayette,,241340077,,C,0,0.0,0.01767041962655335
Lafayette,,241340078,,C,0,0.0,0.017836512950279913
Lafayette,,241340045,,C,0,0.0,0.029727233923314115
Lafayette,,241340047,,C,0,0.0,0.023517994831114303
Lafayette,,241340043,,C,0,0.0,0.028458188768186222
Lafayette,,241340049,,C,0,0.0,0.18318691647900254
Lafayette,,241340039,,C,0,0.0,0.30302082213838716
Lafayette,,241340041,,C,0,0.0,0.025585449732624648
Lafayette,,241340033,,C,0,0.0,0.023511750941691507
Lafayette,,241340035,,C,0,0.0,0.023581138586684283
Lafayette,,241340037,,C,0,0.0,0.02347899122942943
Lafayette,,241340044,,C,0,0.0,0.22022919893797066
Lafayette,,241340095,,C,0,0.0,0.5132282980031828
Lafayette,,241340038,,C,0,0.0,0.023346847466130752
Lafayette,,241340036,,C,0,0.0,0.023562020625398174
Lafayette,,241340034,,C,0,0.0,0.023654928234074963
Lafayette,,241340088,,C,0,0.0,0.17277795901573761
Lafayette,,241340082,,C,0,0.0,0.014492846259818117
Lafayette,,241340083,,C,0,0.0,0.014492846264289655
Lafayette,,241340117,,C,0,0.0,0.014638994769818139
Lafayette,,241340116,,C,0,0.0,0.014638680260678003
Lafayette,,241340115,,C,0,0.0,0.014638636657124922
Lafayette,,241340112,,C,0,0.0,0.01602639175144621
Lafayette,,241340114,,C,0,0.0,0.014638646343597789
Lafayette,,241340113,,C,0,0.0,0.14197432667919413
Lafayette,,241340100,,C,0,0.0,0.019623826003369857
Lafayette,,241340104,,C,0,0.0,0.019624105848268132
Lafayette,,241340105,,C,0,0.0,0.019624058381206542
Lafayette,,241340101,,C,0,0.0,0.019624134055238638
Lafayette,,241340097,,C,0,0.0,0.01962393832830222
Lafayette,,241340096,,C,0,0.0,0.019624141320213912
Lafayette,,241340098,,C,0,0.0,0.019623918517502545
Lafayette,,241340102,,C,0,0.0,0.01962414337538986
Lafayette,,241340111,,C,0,0.0,0.0160265324992903
Lafayette,,241340106,,C,0,0.0,0.01962390619723706
Lafayette,,241010047,,C,0,0.0,1.535
Lafayette,,241340107,,C,0,0.0,0.019623562173813162
Lafayette,,241340089,,C,0,0.0,0.015510417756292185
Lafayette,,241340090,,C,0,0.0,0.033546040954670446
Lafayette,,241340103,,C,0,0.0,0.019623996550910055
Lafayette,,241340099,,C,0,0.0,0.01962393844113963
Lafayette,,241340093,,C,0,0.0,0.015935753039590425
Lafayette,,241340092,,C,0,0.0,0.023762849168142735
Lafayette,,241340094,,C,0,0.0,0.2539753874331554
Lafayette,,241340091,,C,0,0.0,0.02883060756615993
Lafayette,,241330076,,P-1,0,0.0,0.05325385221286378
Lafayette,,241330036,,P-1,0,0.0,0.03142755737160629
Lafayette,,241330056,,P-1,0,0.0,0.05325395102004954
Lafayette,,241330024,,P-1,0,0.0,0.20485379333315756
Lafayette,,241340056,,C,0,0.0,0.01588258766063614
Lafayette,,241340058,,C,0,0.0,0.024203586617418196
Lafayette,,241340042,,C,0,0.0,0.02538284007673769
Lafayette,,241340060,,C,0,0.0,0.023187022524962755
Lafayette,,241340059,,C,0,0.0,0.02391658619005394
Lafayette,,241340055,,C,0,0.0,0.31576601255982645
Lafayette,,241340040,,C,0,0.0,0.026725057396886225
Lafayette,,241340054,,C,0,0.0,0.015713891882980526
Lafayette,,241340052,,C,0,0.0,0.028780171465585046
Lafayette,,241340051,,C,0,0.0,0.025906282227750214
Lafayette,,241340061,,C,0,0.0,0.2100980399520741
Lafayette,,241340057,,C,0,0.0,0.02650483984335105
Lafayette,,241020041,,C,0,0.0,1.453
Lafayette,,241020039,,C,0,0.0,0.615
Lafayette,,241340053,,C,0,0.0,0.025649479306202875
Lafayette,,241340050,,C,0,0.0,0.01699068760800972
Lafayette,,241020019,,C,0,0.0,0.354
Lafayette,,241340016,,C,0,0.0,0.021078991163811327
Lafayette,,241340012,,C,0,0.0,0.2690648830242885
Lafayette,,241340018,,C,0,0.0,0.23900380997096887
Lafayette,,241340013,,C,0,0.0,0.023968177173052815
Lafayette,,241340015,,C,0,0.0,0.017355515775639742
Lafayette,,241340008,,C,0,0.0,0.0286501858310363
Lafayette,,241340010,,C,0,0.0,0.021078934671068094
Lafayette,,241340011,,C,0,0.0,0.02865009604956364
Lafayette,,241340029,,C,0,0.0,0.019376553767324643
Lafayette,,241340031,,C,0,0.0,0.01936610834785449
Lafayette,,241340017,,C,0,0.0,0.028650096054378463
Lafayette,,241340014,,C,0,0.0,0.02865025026958937
Lafayette,,241020040,,C,0,0.0,0.353
Lafayette,,241020038,,C,0,0.0,0.16856097834783773
Lafayette,,241340022,,C,0,0.0,0.0213085420930102
Lafayette,,241340023,,C,0,0.0,0.019298830754897644
Lafayette,,241340027,,C,0,0.0,0.01896839069399171
Lafayette,,241340026,,C,0,0.0,0.02819679317151673
Lafayette,,241340048,,C,0,0.0,0.026404334676366426
Lafayette,,241340046,,C,0,0.0,0.02925919726297944
Lafayette,,241340080,,C,0,0.0,0.017836512943645907
Lafayette,,241340076,,C,0,0.0,0.017836686059184797
Lafayette,,241340072,,C,0,0.0,0.017855275123294583
Lafayette,,241340071,,C,0,0.0,0.017676080570357557
Lafayette,,241340075,,C,0,0.0,0.01767061727542926
Lafayette,,241340079,,C,0,0.0,0.017670572501709524
Lafayette,,241340068,,C,0,0.0,0.20278791581488798
Lafayette,,241340006,,C,0,0.0,0.1340773426015226
Lafayette,,241340032,,C,0,0.0,0.4183467086457857
Lafayette,,241340081,,C,0,0.0,0.49654398501233615
Lafayette,,241340028,,C,0,0.0,0.026916400760365142
Lafayette,,241340030,,C,0,0.0,0.026983336167115343
Lafayette,,241340025,,C,0,0.0,0.018779079704766784
Lafayette,,241340020,,C,0,0.0,0.021409851749236167
Lafayette,,241340024,,C,0,0.0,0.02830909122666263
Lafayette,,241340021,,C,0,0.0,0.019288462492026825
Lafayette,,241340004,,C,0,0.0,0.01237168248868225
Lafayette,,241340003,,C,0,0.0,0.012411234552514432
Lafayette,,241340005,,C,0,0.0,0.014003598645279204
Lafayette,,241340002,,C,0,0.0,0.011825503009004139
Lafayette,,241340001,,C,0,0.0,0.011859620602958403
Lafayette,,241340066,,C,0,0.0,0.02426521054068348
Lafayette,,241340067,,C,0,0.0,0.021771898673246165
Lafayette,,241340065,,C,0,0.0,0.02088990448013689
Lafayette,,241020004,,C,0,0.0,1.27
Lafayette,,241340009,,C,0,0.0,0.01735542631808883
Lafayette,,241340007,,C,0,0.0,0.023968235047117023
Lafayette,,241350061,,C,0,0.0,0.020797476456017632
Lafayette,,241350016,,C,0,0.0,0.03337266914915243
Lafayette,,241350015,,C,0,0.0,0.03200291016585394
Lafayette,,241020005,,C,0,0.0,0.16
Lafayette,,241350053,,C,0,0.0,0.0345995052431694
Lafayette,,244111XXX,,R-20,0,2.0,0.0
Lafayette,,244100013,,R-20,0,2.0,0.15
Lafayette,,244100015,,R-20,0,2.0,0.72
Lafayette,,244100012,,R-20,0,2.0,0.537
Lafayette,,244100014,,R-20,0,2.0,2.28
Lafayette,,244111017,,R-20,0,2.0,0.52
Lafayette,,244111027,,R-20,0,2.0,1.24
Lafayette,,244111004,,R-10,0,4.0,0.0
Lafayette,,244111008,,R-10,0,4.0,0.0
Lafayette,,244111007,,R-10,0,4.0,0.0
Lafayette,,244111006,,R-10,0,4.0,0.0
Lafayette,,244112004,,R-10,0,4.0,0.0
Lafayette,,244111005,,R-10,0,4.0,0.0
Lafayette,,244112002,,R-10,0,4.0,0.0
Lafayette,,244112003,,R-10,0,4.0,0.0
Lafayette,,244122002,,R-10,0,4.0,0.0
Lafayette,,244122001,,R-10,0,4.0,0.0
Lafayette,,244112006,,R-10,0,4.0,0.0
Lafayette,,244112005,,R-10,0,4.0,0.0
Lafayette,,244121001,,R-10,0,4.0,0.0
Lafayette,,244121002,,R-10,0,4.0,0.0
Lafayette,,244121007,,R-10,0,4.0,0.0
Lafayette,,244122003,,R-10,0,4.0,0.0
Lafayette,,244122026,,R-10,0,4.0,0.0
Lafayette,,244122007,,R-10,0,4.0,1.1
Lafayette,,244122028,,D-1,0,35.0,0.0
Lafayette,,244122029,,D-1,0,35.0,0.0
Lafayette,,244122030,,D-1,0,35.0,0.0
Lafayette,,244122018,,R-10,0,4.0,0.89
Lafayette,,244122014,,D-1,0,35.0,0.0
Lafayette,,244130020,,R-20,0,2.0,2.03
Lafayette,,244122015,,D-1,0,35.0,0.0
Lafayette,,244122011,,D-1,0,35.0,0.0
Lafayette,,244122012,,D-1,0,35.0,0.0
Lafayette,,244122022,,D-1,0,35.0,0.0
Lafayette,,244122023,,D-1,0,35.0,0.0
Lafayette,,244122013,,D-1,0,35.0,0.0
Lafayette,,244180045,,R-20,0,2.0,0.33
Lafayette,,244180023,,R-20,0,2.0,0.25
Lafayette,,244180024,,R-20,0,2.0,0.24
Lafayette,,244122027,,D-1,0,35.0,0.0
Lafayette,,243050001,,SRB,0,0.0,0.0
Lafayette,,243050010,,SRB,0,0.0,0.6827773180972695
Lafayette,,243050011,,SRB,0,0.0,0.0
Lafayette,,243050013,,SRB,0,0.0,0.0
Lafayette,,243050012,,SRB,0,0.0,0.0
Lafayette,,243060015,,RB,0,0.0,0.0
Lafayette,,243060014,,RB,0,0.0,0.0
Lafayette,,243060009,,RB,0,0.0,0.11
Lafayette,,243060016,,RB,0,0.0,0.15
Lafayette,,243060020,,RB,0,0.0,1.24
Lafayette,,243060017,,RB,0,0.0,0.477
Lafayette,,243060005,,RB,0,0.0,0.34
Lafayette,,243060002,,SRB,0,0.0,0.27
Lafayette,,243060019,,SRB,0,0.0,0.349
Lafayette,,243060018,,SRB,0,0.0,0.492
Lafayette,,243110017,,MRA,6,21.0,0.22
Lafayette,,243110002,,SRB,0,0.0,0.36
Lafayette,,243110001,,SRB,0,0.0,0.28
Lafayette,,243070010,,RB,0,0.0,0.5374657918594223
Lafayette,,243070009,,RB,0,0.0,0.5740842791822427
Lafayette,,243110019,,MRA,6,21.0,0.19
Lafayette,,243110016,,MRA,6,21.0,0.09
Lafayette,,243110018,,MRA,6,21.0,0.22
Lafayette,,243110014,,MRA,6,21.0,0.318
Lafayette,,243110015,,MRA,6,21.0,0.16
Lafayette,,243101042,,MRA,6,21.0,0.3393630563501729
Lafayette,,243101057,,P-1,0,0.0,0.10325175709524217
Lafayette,,243101061,,P-1,0,0.0,0.10451726027281162
Lafayette,,243082001,,R-6,0,7.3,0.15204200781703794
Lafayette,,243082002,,R-6,0,7.3,0.13636771748858786
Lafayette,,243101060,,P-1,0,0.0,0.09628446393246516
Lafayette,,243101059,,P-1,0,0.0,0.08879592853990231
Lafayette,,243101058,,P-1,0,0.0,0.08050000842019342
Lafayette,,243101026,,MRA,6,21.0,0.2237162565668198
Lafayette,,243101055,,MRA,6,21.0,0.5082078153752108
Lafayette,,243082005,,R-6,0,7.3,0.14727569362096193
Lafayette,,243082004,,R-6,0,7.3,0.1452197108518536
Lafayette,,243082003,,R-6,0,7.3,0.13341381862048973
Lafayette,,243083007,,R-6,0,7.3,0.13880984891880122
Lafayette,,243083008,,R-6,0,7.3,0.1495041365218391
Lafayette,,243083010,,R-6,0,7.3,0.16538658295434425
Lafayette,,243083005,,R-6,0,7.3,0.1597114001356895
Lafayette,,243081003,,R-6,0,7.3,0.16094631939138662
Lafayette,,243081004,,R-6,0,7.3,0.1573327252362913
Lafayette,,243083006,,R-6,0,7.3,0.15463004886596318
Lafayette,,243081005,,R-6,0,7.3,0.17309149874967514
Lafayette,,243070007,,MRA,6,21.0,0.9
Lafayette,,243070015,,RB,0,0.0,0.06016203217521319
Lafayette,,243070014,,RB,0,0.0,0.04464522908623932
Lafayette,,243070016,,RB,0,0.0,0.05882218945966403
Lafayette,,243070017,,RB,0,0.0,0.05858203112023269
Lafayette,,241030016,,MRT,6,21.0,0.20543082039046043
Lafayette,,243081001,,R-6,0,7.3,0.1547082616665134
Lafayette,,243081002,,R-6,0,7.3,0.14830305619550183
Lafayette,,243083004,,R-6,0,7.3,0.15837944443511728
Lafayette,,243083003,,R-6,0,7.3,0.1588961198106116
Lafayette,,241030021,,MRT,6,21.0,0.17
Lafayette,,241030019,,MRT,6,21.0,0.26
Lafayette,,241030020,,MRT,6,21.0,0.23
Lafayette,,241300001,,MRT,6,21.0,0.06230698633000144
Lafayette,,241300002,,MRT,6,21.0,0.03332597687956871
Lafayette,,241030023,,MRT,6,21.0,0.3
Lafayette,,241030022,,MRT,6,21.0,0.1
Lafayette,,241030035,,MRT,6,21.0,0.18
Lafayette,,241030036,,MRT,6,21.0,0.16
Lafayette,,241300010,,MRT,6,21.0,0.050665539011448574
Lafayette,,241030033,,C,0,0.0,1.95
Lafayette,,241300007,,MRT,6,21.0,0.03282868246484724
Lafayette,,241300008,,MRT,6,21.0,0.034379128407277505
Lafayette,,241300009,,MRT,6,21.0,0.0367276809482774
Lafayette,,241300003,,MRT,6,21.0,0.03399226429354404
Lafayette,,241300004,,MRT,6,21.0,0.05913625156759701
Lafayette,,241030030,,C,0,0.0,0.11
Lafayette,,241300005,,MRT,6,21.0,0.04292403589230697
Lafayette,,241300011,,MRT,6,21.0,0.6200850252337565
Lafayette,,241300006,,MRT,6,21.0,0.032921241501445486
Lafayette,,241030031,,C,0,0.0,0.22
Lafayette,,241030004,,C,0,0.0,0.16
Lafayette,,241030008,,C,0,0.0,0.35
Lafayette,,241030015,,MRT,6,21.0,0.18
Lafayette,,243070003,,RB,0,0.0,0.68
Lafayette,,243070012,,RB,0,0.0,0.048818711012444026
Lafayette,,241030014,,C,0,0.0,0.22
Lafayette,,241030013,,C,0,0.0,0.22
Lafayette,,241030012,,C,0,0.0,0.12
Lafayette,,243070013,,RB,0,0.0,0.04608989018440732
Lafayette,,243070002,,RB,0,0.0,0.3737122988219894
Lafayette,,241030011,,C,0,0.0,0.11
Lafayette,,241030010,,C,0,0.0,0.28
Lafayette,,241030029,,C,0,0.0,0.24
Lafayette,,241350045,,C,0,0.0,0.03449188337380921
Lafayette,,241350044,,C,0,0.0,0.03454823541703758
Lafayette,,241350002,,C,0,0.0,0.02841179690313425
Lafayette,,241350022,,C,0,0.0,0.02643668173438373
Lafayette,,241350068,,C,0,0.0,2.05
Lafayette,,241350026,,C,0,0.0,0.025910739148634013
Lafayette,,241350005,,C,0,0.0,0.04199276505413846
Lafayette,,241350004,,C,0,0.0,0.03533834917066869
Lafayette,,241350049,,C,0,0.0,0.039898079647756504
Lafayette,,241350003,,C,0,0.0,0.04977478208184583
Lafayette,,241350024,,C,0,0.0,0.03701409650493548
Lafayette,,241350048,,C,0,0.0,0.03001851321120376
Lafayette,,241350047,,C,0,0.0,0.04135836865393174
Lafayette,,241350023,,C,0,0.0,0.045810011567320695
Lafayette,,241350050,,C,0,0.0,0.025910739148634006
Lafayette,,241350025,,C,0,0.0,0.04243926212559922
Lafayette,,241350027,,C,0,0.0,0.04635653306253616
Lafayette,,241350006,,C,0,0.0,0.025910739148634006
Lafayette,,241350007,,C,0,0.0,0.04701101779762768
Lafayette,,241350051,,C,0,0.0,0.020501627441089274
Lafayette,,241350008,,C,0,0.0,0.04535609388776838
Lafayette,,241350028,,C,0,0.0,0.045103554508042584
Lafayette,,241350030,,C,0,0.0,0.04932010301468909
Lafayette,,241350054,,C,0,0.0,0.04356335629392982
Lafayette,,241350052,,C,0,0.0,0.03577022808851912
Lafayette,,241350029,,C,0,0.0,0.03730721532293417
Lafayette,,241350009,,C,0,0.0,0.03730721532293417
Lafayette,,241350010,,C,0,0.0,0.027316781708125362
Lafayette,,241350012,,C,0,0.0,0.027210834698914232
Lafayette,,241350011,,C,0,0.0,0.050146566778872734
Lafayette,,241350055,,C,0,0.0,0.040808499350282045
Lafayette,,241350032,,C,0,0.0,0.02667147969509826
Lafayette,,241350056,,C,0,0.0,0.025287784747226913
Lafayette,,241350069,,C,0,0.0,0.022944799983028504
Lafayette,,241350058,,C,0,0.0,0.033211023606780014
Lafayette,,241350014,,C,0,0.0,0.027210693087470653
Lafayette,,241350013,,C,0,0.0,0.04375144794556869
Lafayette,,241350057,,C,0,0.0,0.026641328070682806
Lafayette,,241350034,,C,0,0.0,0.02667127173260403
Lafayette,,241350033,,C,0,0.0,0.03614183851818633
Lafayette,,241350031,,C,0,0.0,0.04595882052993574
Lafayette,,241350021,,C,0,0.0,0.039479983035265745
Lafayette,,241350046,,C,0,0.0,0.023739638840322562
Lafayette,,241350070,,C,0,0.0,0.094791263933268
Lafayette,,241350043,,C,0,0.0,0.04168448174951741
Lafayette,,241350067,,C,0,0.0,0.03730983266530792
Lafayette,,241350020,,C,0,0.0,0.03998635582282604
Lafayette,,241350066,,C,0,0.0,0.040693903708024906
Lafayette,,241350042,,C,0,0.0,0.047791971162988105
Lafayette,,241350059,,C,0,0.0,0.026521758551043224
Lafayette,,241350035,,C,0,0.0,0.027037217555004985
Lafayette,,241350036,,C,0,0.0,0.03466439161628585
Lafayette,,241350060,,C,0,0.0,0.035610209031641485
Lafayette,,241350038,,C,0,0.0,0.021332263627892787
Lafayette,,241350037,,C,0,0.0,0.021206912637244366
Lafayette,,241350019,,C,0,0.0,0.04322153129874405
Lafayette,,241350065,,C,0,0.0,0.03966324595239818
Lafayette,,241350040,,C,0,0.0,0.045684672008749365
Lafayette,,241350041,,C,0,0.0,0.03921808657999523
Lafayette,,241350018,,C,0,0.0,0.037412130741095104
Lafayette,,241350039,,C,0,0.0,0.040016340510463856
Lafayette,,241350062,,C,0,0.0,0.0207979431483716
Lafayette,,241350063,,C,0,0.0,0.04086232907807426
Lafayette,,241350064,,C,0,0.0,0.03625944693738206
Lafayette,,241350017,,C,0,0.0,0.04156435146761118
Lafayette,,241020014,,C,0,0.0,0.303
Lafayette,,241020015,,C,0,0.0,0.182
Lafayette,,241030003,,C,0,0.0,0.12
Lafayette,,241030002,,C,0,0.0,1.0
Lafayette,,241030034,,C,0,0.0,0.48
Lafayette,,241050023,,C,0,0.0,0.4
Lafayette,,241050022,,C,0,0.0,0.9
Lafayette,,241050024,,C,0,0.0,1.3
Lafayette,,241050021,,C,0,0.0,1.24
Lafayette,,241050007,,C,0,0.0,0.14
Lafayette,,241050017,,C,0,0.0,0.2
Lafayette,,241050006,,C,0,0.0,0.16
Lafayette,,241050018,,C,0,0.0,0.45
Lafayette,,241050004,,C,0,0.0,1.14
Lafayette,,241062010,,D-1,0,35.0,0.299631393735643
Lafayette,,241062013,,D-1,0,35.0,0.2721299453333906
Lafayette,,241062014,,D-1,0,35.0,0.19560072797407524
Lafayette,,241062011,,D-1,0,35.0,0.2975355628502856
Lafayette,,241062012,,D-1,0,35.0,0.31592763268337937
Lafayette,,241063004,,D-1,0,35.0,0.22759280046210198
Lafayette,,241063003,,D-1,0,35.0,0.20853251759986557
Lafayette,,241062025,,D-1,0,35.0,0.334
Lafayette,,241280005,,MRT,6,21.0,0.02382462546462246
Lafayette,,241280008,,MRT,6,21.0,0.029098515727577004
Lafayette,,241280007,,MRT,6,21.0,0.019128168734979637
Lafayette,,241280006,,MRT,6,21.0,0.020049227920420805
Lafayette,,241280009,,MRT,6,21.0,0.4033701223538722
Lafayette,,241040002,,MRT,6,21.0,0.32
Lafayette,,241280004,,MRT,6,21.0,0.02670426854185232
Lafayette,,241280003,,MRT,6,21.0,0.02127764714596275
Lafayette,,241280002,,MRT,6,21.0,0.02221414684098461
Lafayette,,241280001,,MRT,6,21.0,0.127480927514412
Lafayette,,241062016,,D-1,0,35.0,0.4163645881480995
Lafayette,,241040001,,MRT,6,21.0,0.14
Lafayette,,241270009,,MRT,6,21.0,0.027583451846580596
Lafayette,,241270008,,MRT,6,21.0,0.029215847028101843
Lafayette,,241270011,,MRT,6,21.0,1.013
Lafayette,,241270010,,MRT,6,21.0,0.07655419091377559
Lafayette,,241270001,,MRT,6,21.0,0.026157272904086527
Lafayette,,241270002,,MRT,6,21.0,0.026538271252940993
Lafayette,,241270003,,MRT,6,21.0,0.04394510239099772
Lafayette,,241270004,,MRT,6,21.0,0.025276338032138624
Lafayette,,241040024,,R-10,0,4.0,0.9960663222681471
Lafayette,,241270007,,MRT,6,21.0,0.027198673892216856
Lafayette,,241270006,,MRT,6,21.0,0.025515970648989077
Lafayette,,241270005,,MRT,6,21.0,0.02691932844413653
Lafayette,,241062017,,D-1,0,35.0,0.23953056011119114
Lafayette,,241062018,,D-1,0,35.0,0.22155519206081342
Lafayette,,241062019,,D-1,0,35.0,0.3212752753866375
Lafayette,,241040017,,R-10,0,4.0,0.3262946315864246
Lafayette,,241040016,,R-10,0,4.0,0.3069279487088268
Lafayette,,241092004,,R-10,0,4.0,0.35990453595503696
Lafayette,,241092008,,R-10,0,4.0,0.5758408049377322
Lafayette,,241092003,,R-10,0,4.0,0.45614633391394444
Lafayette,,241040022,,R-10,0,4.0,0.377726720753049
Lafayette,,241040023,,R-10,0,4.0,0.25768291147507516
Lafayette,,241040012,,R-10,0,4.0,0.36010305098705164
Lafayette,,243082026,,R-10,0,4.0,0.55
Lafayette,,243082031,,R-10,0,4.0,0.00882131247380867
Lafayette,,241040019,,MRT,6,21.0,0.24
Lafayette,,241040025,,R-10,0,4.0,0.2916971385778611
Lafayette,,241040010,,MRT,6,21.0,0.02
Lafayette,,241040026,,R-10,0,4.0,0.30818696507398463
Lafayette,,241040021,,R-10,0,4.0,0.8476655655950167
Lafayette,,241310003,,MRT,6,21.0,0.018367954619491728
Lafayette,,241310005,,MRT,6,21.0,0.006353293597140439
Lafayette,,241310004,,MRT,6,21.0,0.018290545103402275
Lafayette,,241040004,,MRT,6,21.0,0.42
Lafayette,,241040005,,MRT,6,21.0,0.25
Lafayette,,241040006,,MRT,6,21.0,0.17
Lafayette,,241310006,,MRT,6,21.0,0.3589915954549197
Lafayette,,241310002,,MRT,6,21.0,0.017500127984558984
Lafayette,,241310001,,MRT,6,21.0,0.02370832035079533
Lafayette,,241040007,,MRT,6,21.0,0.17
Lafayette,,243083001,,R-6,0,7.3,0.15787494142367217
Lafayette,,243083002,,R-6,0,7.3,0.1598447900102947
Lafayette,,243082022,,R-6,0,7.3,0.13263810046444577
Lafayette,,243082021,,R-6,0,7.3,0.14486160508118442
Lafayette,,243082023,,R-6,0,7.3,0.13490904618610705
Lafayette,,243082037,,R-6,0,7.3,0.302
Lafayette,,241040020,,MRT,6,21.0,0.4
Lafayette,,243082032,,R-10,0,4.0,0.5706915576910907
Lafayette,,243082034,,R-10,0,4.0,0.37272203229932344
Lafayette,,243082030,,R-6,0,7.3,0.004582010863476478
Lafayette,,243082038,,R-6,0,7.3,0.519
Lafayette,,243082017,,R-6,0,7.3,0.1342916969641748
Lafayette,,243082016,,R-6,0,7.3,0.12732848617336476
Lafayette,,243082018,,R-6,0,7.3,0.13113898767287194
Lafayette,,243082020,,R-6,0,7.3,0.14408660519378846
Lafayette,,243082019,,R-6,0,7.3,0.1768447252318051
Lafayette,,243083009,,R-6,0,7.3,0.15340208852647538
Lafayette,,243082009,,R-6,0,7.3,0.16458499804981258
Lafayette,,243082008,,R-6,0,7.3,0.1870323331326174
Lafayette,,243082006,,R-6,0,7.3,0.14725721709509532
Lafayette,,243082007,,R-6,0,7.3,0.18051359704098513
Lafayette,,243101023,,MRA,6,21.0,0.0992295815307708
Lafayette,,243101003,,MRA,6,21.0,0.18272045558075575
Lafayette,,243101002,,MRA,6,21.0,0.17780003294084423
Lafayette,,243090011,,MRA,6,21.0,0.28731533484363025
Lafayette,,243090031,,MRA,6,21.0,0.2988128922098091
Lafayette,,243090028,,MRA,6,21.0,0.2412294362823725
Lafayette,,243082036,,R-10,0,4.0,0.32217249050928426
Lafayette,,243082012,,R-6,0,7.3,0.15164607918464862
Lafayette,,243082013,,R-6,0,7.3,0.1840562798848865
Lafayette,,243082011,,R-6,0,7.3,0.1321963220213262
Lafayette,,243082010,,R-6,0,7.3,0.16082277937928663
Lafayette,,243082014,,R-6,0,7.3,0.21688068570886587
Lafayette,,243082015,,R-6,0,7.3,0.1693144670357661
Lafayette,,243082035,,R-10,0,4.0,0.2912711706859382
Lafayette,,243090020,,R-10,0,4.0,0.2984322293767713
Lafayette,,243090019,,R-10,0,4.0,0.5392316811015266
Lafayette,,241170011,,R-10,0,4.0,0.32204305911280484
Lafayette,,241100022,,R-10,0,4.0,0.2949438558804175
Lafayette,,241170013,,R-10,0,4.0,0.5356410758429089
Lafayette,,241170012,,R-10,0,4.0,0.3501630318970996
Lafayette,,241170005,,R-10,0,4.0,0.18112535652891645
Lafayette,,241170001,,R-10,0,4.0,1.0926200985579182
Lafayette,,241100023,,R-10,0,4.0,0.27
Lafayette,,241100021,,R-10,0,4.0,0.28423220571338287
Lafayette,,241100026,,R-10,0,4.0,0.18
Lafayette,,241100014,,R-10,0,4.0,0.35
Lafayette,,241100016,,R-10,0,4.0,0.36
Lafayette,,243082033,,R-10,0,4.0,0.4556839063896757
Lafayette,,241100024,,R-10,0,4.0,0.37
Lafayette,,241100025,,R-10,0,4.0,0.3883016809940313
Lafayette,,241100018,,R-10,0,4.0,0.4034188146395481
Lafayette,,241100017,,R-10,0,4.0,0.3704139602575827
Lafayette,,241091002,,R-10,0,4.0,0.5160651991717071
Lafayette,,241091003,,R-10,0,4.0,0.5329452168877139
Lafayette,,241091001,,R-10,0,4.0,0.47192822719483524
Lafayette,,241092001,,R-10,0,4.0,0.3667672229843365
Lafayette,,241092002,,R-10,0,4.0,0.47327445774249394
Lafayette,,241110011,,R-10,0,4.0,1.058036114321782
Lafayette,,241100005,,R-10,0,4.0,0.36
Lafayette,,241100006,,R-10,0,4.0,0.23
Lafayette,,241100032,,R-10,0,4.0,0.34
Lafayette,,241100007,,R-10,0,4.0,0.5
Lafayette,,241110010,,R-10,0,4.0,0.6249758408616447
Lafayette,,241100008,,R-10,0,4.0,0.09
Lafayette,,241100037,,R-10,0,4.0,0.759
Lafayette,,241100034,,R-10,0,4.0,0.6490802823747923
Lafayette,,241100033,,R-10,0,4.0,0.43
Lafayette,,241100038,,R-10,0,4.0,0.974
Lafayette,,241100039,,R-10,0,4.0,0.23
Lafayette,,241161034,,R-10,0,4.0,0.233
Lafayette,,241161035,,R-10,0,4.0,0.383
Lafayette,,241110008,,R-10,0,4.0,0.5410008616578841
Lafayette,,241110018,,R-10,0,4.0,0.786
Lafayette,,241110016,,R-10,0,4.0,1.753941845385144
Lafayette,,241150016,,R-20,0,2.0,3.53
Lafayette,,241161014,,R-10,0,4.0,0.2555259607275698
Lafayette,,241161017,,R-10,0,4.0,0.26703973580542484
Lafayette,,241161021,,R-10,0,4.0,0.24320529145419537
Lafayette,,241162023,,R-10,0,4.0,0.39
Lafayette,,241161011,,R-10,0,4.0,0.24296496660647934
Lafayette,,241161015,,R-10,0,4.0,0.38567882556215505
Lafayette,,241161020,,R-10,0,4.0,0.8143699937098863
Lafayette,,241162002,,R-10,0,4.0,0.28401785178407607
Lafayette,,241162017,,R-10,0,4.0,0.30356053136654526
Lafayette,,241162018,,R-10,0,4.0,0.27713099451473056
Lafayette,,241162015,,R-10,0,4.0,0.3400241481004911
Lafayette,,241162014,,R-10,0,4.0,0.4059590702615008
Lafayette,,241180013,,R-10,0,4.0,0.38628850278193805
Lafayette,,241180012,,R-10,0,4.0,0.2646099550059091
Lafayette,,241180016,,R-10,0,4.0,0.20547453875955
Lafayette,,241180023,,R-10,0,4.0,0.41222991903343076
Lafayette,,241180024,,R-10,0,4.0,0.4226968826315226
Lafayette,,241162013,,R-10,0,4.0,0.23658641682998463
Lafayette,,241162021,,R-10,0,4.0,0.515490499091118
Lafayette,,241162022,,R-10,0,4.0,0.3860511884669792
Lafayette,,241162012,,R-10,0,4.0,0.34390623142433546
Lafayette,,241162010,,R-10,0,4.0,0.1909545679891572
Lafayette,,241162011,,R-10,0,4.0,0.39865197768692173
Lafayette,,241180010,,R-10,0,4.0,0.3358334877600367
Lafayette,,241162009,,R-10,0,4.0,0.19970716342008102
Lafayette,,241190013,,R-10,0,4.0,0.23328027726292472
Lafayette,,241190008,,R-10,0,4.0,0.258171676969225
Lafayette,,241190017,,R-10,0,4.0,0.25901035550837265
Lafayette,,241190014,,R-10,0,4.0,0.37863816334801154
Lafayette,,241190023,,R-10,0,4.0,0.24478841767810242
Lafayette,,241190015,,R-10,0,4.0,0.23111716067514904
Lafayette,,241180017,,R-10,0,4.0,0.23969047333064275
Lafayette,,241180007,,R-10,0,4.0,0.393641140264229
Lafayette,,241190018,,R-10,0,4.0,0.23249120311946941
Lafayette,,241190005,,R-10,0,4.0,0.30072850928660555
Lafayette,,241190020,,R-10,0,4.0,0.35368713356806836
Lafayette,,241180004,,R-10,0,4.0,0.2955636569426629
Lafayette,,241180005,,R-10,0,4.0,0.12830176024412165
Lafayette,,241180006,,R-10,0,4.0,0.678505749416636
Lafayette,,241180003,,R-10,0,4.0,0.13871733565955796
Lafayette,,241180002,,R-10,0,4.0,0.5183286255074263
Lafayette,,241180020,,R-10,0,4.0,0.29615047616695306
Lafayette,,241180001,,R-10,0,4.0,0.35763932884943006
Lafayette,,241180015,,R-10,0,4.0,0.3903887083665631
Lafayette,,241180022,,R-10,0,4.0,0.43352261106147566
Lafayette,,241170002,,R-10,0,4.0,0.4396835133998123
Lafayette,,241170014,,R-10,0,4.0,0.24386474426633978
Lafayette,,241170009,,R-10,0,4.0,0.08775917290964505
Lafayette,,243090017,,R-10,0,4.0,0.16108640969528623
Lafayette,,243090018,,R-10,0,4.0,0.4389353160319196
Lafayette,,243090022,,R-10,0,4.0,0.25
Lafayette,,243090038,,R-10,0,4.0,0.23
Lafayette,,243090014,,R-10,0,4.0,0.21265250455348342
Lafayette,,243090002,,MRA,6,21.0,0.2049867036663751
Lafayette,,243090032,,R-10,0,4.0,0.26730001161087075
Lafayette,,243090027,,MRA,6,21.0,0.31426118586501484
Lafayette,,243090037,,R-10,0,4.0,0.75
Lafayette,,243090007,,MRA,6,21.0,0.18420183339689006
Lafayette,,243090034,,MRA,6,21.0,0.19696960727595064
Lafayette,,243101006,,MRA,6,21.0,0.1047269092085558
Lafayette,,243090008,,MRA,6,21.0,0.15696844197327392
Lafayette,,243101005,,MRA,6,21.0,0.10305987856290372
Lafayette,,243101007,,MRA,6,21.0,0.10120800655055288
Lafayette,,243101022,,MRA,6,21.0,0.04407637496056768
Lafayette,,243101021,,MRA,6,21.0,0.10955450229247067
Lafayette,,243101008,,MRA,6,21.0,0.12050693819353582
Lafayette,,243101009,,MRA,6,21.0,0.11055852173031434
Lafayette,,243101048,,MRA,6,21.0,0.12002505796873836
Lafayette,,243101010,,MRA,6,21.0,0.09679513235192413
Lafayette,,243090036,,MRA,6,21.0,0.18
Lafayette,,243101011,,MRA,6,21.0,0.11186485485128159
Lafayette,,243101054,,MRA,6,21.0,0.10283914868855415
Lafayette,,243101049,,MRA,6,21.0,0.18372970071357966
Lafayette,,243101014,,MRA,6,21.0,0.1666424250647928
Lafayette,,243101015,,MRA,6,21.0,0.09873836331908833
Lafayette,,243090025,,MRA,6,21.0,0.19196906900247457
Lafayette,,243270003,,MRT,6,21.0,0.03961973402314458
Lafayette,,243270002,,MRT,6,21.0,0.057613806898255494
Lafayette,,243101013,,MRA,6,21.0,0.1246973080285695
Lafayette,,243101012,,MRA,6,21.0,0.14595817632376512
Lafayette,,243090003,,MRA,6,21.0,0.24690554272836457
Lafayette,,243270008,,MRT,6,21.0,0.038601617866143786
Lafayette,,243270007,,MRT,6,21.0,0.04055046488775511
Lafayette,,243270005,,MRT,6,21.0,0.04533642548926002
Lafayette,,243260007,,MRA,6,21.0,0.020910775376003176
Lafayette,,243260008,,MRA,6,21.0,0.02069270923120955
Lafayette,,243270006,,MRT,6,21.0,0.06994282367036171
Lafayette,,243260006,,MRA,6,21.0,0.019902374517005984
Lafayette,,243260005,,MRA,6,21.0,0.019790854161747855
Lafayette,,243260003,,MRA,6,21.0,0.020257658829413043
Lafayette,,243260004,,MRA,6,21.0,0.020372797695518526
Lafayette,,243260002,,MRA,6,21.0,0.020289962463060078
Lafayette,,243260001,,MRA,6,21.0,0.0201867923249461
Lafayette,,243300001,,MRA,6,21.0,0.015070649928291676
Lafayette,,243270001,,MRT,6,21.0,0.5440470188140862
Lafayette,,243270004,,MRT,6,21.0,0.04399667378951708
Lafayette,,243300009,,MRA,6,21.0,0.025370865748644895
Lafayette,,243300005,,MRA,6,21.0,0.014825109358274363
Lafayette,,243300006,,MRA,6,21.0,0.021534136723450798
Lafayette,,243300004,,MRA,6,21.0,0.015849794023967044
Lafayette,,243300007,,MRA,6,21.0,0.01600209368062057
Lafayette,,243300008,,MRA,6,21.0,0.01581837290072526
Lafayette,,243130001,,MRA,6,21.0,0.283196180018814
Lafayette,,243260009,,MRA,6,21.0,0.5158141136183477
Lafayette,,243310003,,MRA,6,21.0,0.036
Lafayette,,243290009,,MRA,6,21.0,0.011606859730897019
Lafayette,,243102012,,MRA,6,21.0,0.337
Lafayette,,243290010,,MRA,6,21.0,0.01173955105971282
Lafayette,,243290005,,MRA,6,21.0,0.011326392707243874
Lafayette,,243290008,,MRA,6,21.0,0.011330904126567686
Lafayette,,243290006,,MRA,6,21.0,0.011359199569624192
Lafayette,,243290007,,MRA,6,21.0,0.012140367939766672
Lafayette,,243130014,,MRA,6,21.0,0.3653790977226189
Lafayette,,243130010,,MRA,6,21.0,0.1706703017122798
Lafayette,,243290011,,MRA,6,21.0,0.423353163014244
Lafayette,,243130008,,MRA,6,21.0,0.16693409286602562
Lafayette,,243290001,,MRA,6,21.0,0.011445125259560048
Lafayette,,243290002,,MRA,6,21.0,0.01130777589133064
Lafayette,,243290003,,MRA,6,21.0,0.011609800102076597
Lafayette,,243290004,,MRA,6,21.0,0.011494221737875844
Lafayette,,243130021,,MRA,6,21.0,0.20247055856008975
Lafayette,,243200001,,MRA,6,21.0,0.26431935021206876
Lafayette,,241200007,,MRA,6,21.0,0.26
Lafayette,,241200006,,MRA,6,21.0,0.15
Lafayette,,243130005,,MRA,6,21.0,0.11358077141317555
Lafayette,,243130019,,MRA,6,21.0,0.43495830230344623
Lafayette,,243300003,,MRA,6,21.0,0.02077728058650523
Lafayette,,243300010,,MRA,6,21.0,0.54
Lafayette,,243300002,,MRA,6,21.0,0.024403223383524367
Lafayette,,241190001,,MRA,6,21.0,0.2645667780726772
Lafayette,,241190002,,MRA,6,21.0,0.23826654299210337
Lafayette,,241190004,,R-10,0,4.0,0.30443881984642296
Lafayette,,241190003,,MRA,6,21.0,0.24342355367747331
Lafayette,,241200005,,MRA,6,21.0,0.11
Lafayette,,241200004,,MRA,6,21.0,0.16
Lafayette,,241200001,,MRA,6,21.0,0.14
Lafayette,,241190022,,R-10,0,4.0,0.20674420318413245
Lafayette,,241190006,,R-10,0,4.0,0.3432860052694435
Lafayette,,241190007,,R-10,0,4.0,0.2763811880313908
Lafayette,,241200037,,R-10,0,4.0,0.4461339906029963
Lafayette,,241200036,,R-10,0,4.0,0.4439288089550398
Lafayette,,241200002,,MRA,6,21.0,0.21
Lafayette,,241200003,,MRA,6,21.0,0.22
Lafayette,,241200009,,MRA,6,21.0,0.11
Lafayette,,241200039,,MRA,6,21.0,0.1
Lafayette,,241200038,,MRA,6,21.0,0.34
Lafayette,,241200011,,MRA,6,21.0,0.43
Lafayette,,241200014,,MRA,6,21.0,0.16
Lafayette,,241200015,,MRA,6,21.0,0.15
Lafayette,,241200013,,MRA,6,21.0,0.34
Lafayette,,241200012,,MRA,6,21.0,0.34
Lafayette,,241200008,,MRA,6,21.0,0.22
Lafayette,,243200002,,MRA,6,21.0,0.16232178330099578
Lafayette,,243200015,,MRA,6,21.0,0.21426820721785358
Lafayette,,243200018,,MRA,6,21.0,0.74
Lafayette,,243200005,,MRA,6,21.0,0.25
Lafayette,,243200007,,MRA,6,21.0,0.13658352504858187
Lafayette,,243200006,,MRA,6,21.0,0.23120667549652432
Lafayette,,243200008,,MRA,6,21.0,0.13620189261722504
Lafayette,,243210025,,MRA,6,21.0,1.1
Lafayette,,243210018,,MRA,6,21.0,0.3122682031283693
Lafayette,,243210030,,MRA,6,21.0,0.25921907164104885
Lafayette,,243210002,,MRA,6,21.0,0.19498010269648022
Lafayette,,243210003,,MRA,6,21.0,0.17400992885513647
Lafayette,,241200017,,MRA,6,21.0,0.86
Lafayette,,241320001,,MRA,6,21.0,0.01655924383971088
Lafayette,,241320002,,MRA,6,21.0,0.016955251008724824
Lafayette,,241320004,,MRA,6,21.0,0.07055369347814076
Lafayette,,243210034,,MRA,6,21.0,0.025995581274882707
Lafayette,,243210033,,MRA,6,21.0,0.024227798465959096
Lafayette,,243210032,,MRA,6,21.0,0.024226215902797513
Lafayette,,243210031,,MRA,6,21.0,0.025997564741268464
Lafayette,,243210035,,MRA,6,21.0,0.2398677951112147
Lafayette,,243210023,,MRA,6,21.0,0.22
Lafayette,,243210006,,MRA,6,21.0,0.15
Lafayette,,243210007,,MRA,6,21.0,0.158
Lafayette,,243210028,,MRA,6,21.0,0.22
Lafayette,,243210029,,MRO,6,21.0,0.33
Lafayette,,243210013,,MRO,6,21.0,0.12
Lafayette,,243210015,,MRO,6,21.0,0.104
Lafayette,,243210016,,MRO,6,21.0,0.17
Lafayette,,243180011,,MRO,6,21.0,0.84
Lafayette,,243210004,,MRA,6,21.0,0.46
Lafayette,,243210014,,MRO,6,21.0,0.35
Lafayette,,243210005,,MRA,6,21.0,0.15
Lafayette,,243190011,,RB,0,0.0,0.28
Lafayette,,243180016,,MRA,6,21.0,1.06
Lafayette,,243190002,,MRA,6,21.0,0.2744222619304907
Lafayette,,243190014,,RB,0,0.0,0.47
Lafayette,,243190004,,RB,0,0.0,0.46209028667941576
Lafayette,,243190028,,RB,0,0.0,0.02493792191012632
Lafayette,,243190030,,RB,0,0.0,0.016828592293989798
Lafayette,,243190029,,RB,0,0.0,0.015319763646118974
Lafayette,,243190018,,RB,0,0.0,0.0186713081576801
Lafayette,,243190029,,RB,0,0.0,0.015319763646118974
Lafayette,,243190019,,RB,0,0.0,0.02202135083151914
Lafayette,,243200013,,MRA,6,21.0,0.14070632372067096
Lafayette,,243200017,,MRA,6,21.0,0.1497831789431743
Lafayette,,243200016,,MRA,6,21.0,0.12834114401687224
Lafayette,,243190013,,MRA,6,21.0,0.17545241479320065
Lafayette,,243190024,,RB,0,0.0,0.03463047738796396
Lafayette,,243190015,,RB,0,0.0,0.03446640709863691
Lafayette,,243190034,,RB,0,0.0,0.025554959297231315
Lafayette,,243190023,,RB,0,0.0,0.023987271032019995
Lafayette,,243190022,,RB,0,0.0,0.031156600365687705
Lafayette,,243190033,,RB,0,0.0,0.029295939857669383
Lafayette,,243190021,,RB,0,0.0,0.027609635200689743
Lafayette,,243190020,,RB,0,0.0,0.04211355325081542
Lafayette,,243190031,,RB,0,0.0,0.016828592293989798
Lafayette,,243190032,,RB,0,0.0,0.01830922622171363
Lafayette,,243190030,,RB,0,0.0,0.016828592293989798
Lafayette,,243190027,,RB,0,0.0,0.020155129232480914
Lafayette,,243190026,,RB,0,0.0,0.018570731893794646
Lafayette,,243190017,,RB,0,0.0,0.01860983618631939
Lafayette,,243190025,,RB,0,0.0,0.02278487547974928
Lafayette,,243190016,,RB,0,0.0,0.023397478018688255
Lafayette,,243190005,,RB,0,0.0,0.45568614526155327
Lafayette,,243190009,,RB,0,0.0,0.43
Lafayette,,243150020,,SRB,0,0.0,0.4
Lafayette,,243150013,,SRB,0,0.0,0.28
Lafayette,,243150008,,SRB,0,0.0,0.2152585093257257
Lafayette,,243150018,,SRB,0,0.0,0.37
Lafayette,,243330008,,SRB,0,0.0,0.04594425944927136
Lafayette,,243330013,,SRB,0,0.0,0.04594425944927136
Lafayette,,243160016,,SRB,0,0.0,1.0057801070645807
Lafayette,,243160014,,SRB,0,0.0,0.18618687868925796
Lafayette,,243160007,,SRB,0,0.0,0.47350579768399526
Lafayette,,243160013,,SRB,0,0.0,0.519668641886062
Lafayette,,243150019,,SRB,0,0.0,0.603
Lafayette,,243150017,,SRB,0,0.0,0.0
Lafayette,,243330001,,SRB,0,0.0,0.3841037439437134
Lafayette,,243330009,,SRB,0,0.0,0.05093582201657078
Lafayette,,243330014,,SRB,0,0.0,0.05093582201657078
Lafayette,,243160012,,SRB,0,0.0,0.0781049001760665
Lafayette,,243120003,,SRB,0,0.0,0.16382931136987564
Lafayette,,243102015,,MRA,6,21.0,0.6557184250895978
Lafayette,,243120014,,RB,0,0.0,0.4184156738731948
Lafayette,,243140009,,RB,0,0.0,0.6827206026859634
Lafayette,,243140010,,RB,0,0.0,0.1753846478021602
Lafayette,,243140005,,RB,0,0.0,0.125
Lafayette,,243150003,,SRB,0,0.0,0.27
Lafayette,,243330004,,SRB,0,0.0,0.02580383502281153
Lafayette,,243330011,,SRB,0,0.0,0.02580383502281153
Lafayette,,243330003,,SRB,0,0.0,0.020397420807658957
Lafayette,,243330007,,SRB,0,0.0,0.04810195683609589
Lafayette,,243330012,,SRB,0,0.0,0.04810195683609589
Lafayette,,243330002,,SRB,0,0.0,0.01940403649376137
Lafayette,,243330005,,SRB,0,0.0,0.038889249780577416
Lafayette,,243330006,,SRB,0,0.0,0.04378800822530998
Lafayette,,243330010,,SRB,0,0.0,0.038889249780577416
Lafayette,,243140004,,RB,0,0.0,0.260844700567671
Lafayette,,243140011,,RB,0,0.0,0.3257520838575153
Lafayette,,243140002,,MRA,6,21.0,0.6746026377607145
Lafayette,,243140001,,MRA,6,21.0,0.44940383687092306
Lafayette,,243200014,,MRA,6,21.0,0.2692924831596132
Lafayette,,243130011,,MRA,6,21.0,0.1945575103169264
Lafayette,,243310005,,MRA,6,21.0,0.671
Lafayette,,243310004,,MRA,6,21.0,0.049
Lafayette,,243102008,,MRA,6,21.0,0.3442326754049915
Lafayette,,243310002,,MRA,6,21.0,0.045
Lafayette,,243310001,,MRA,6,21.0,0.022
Lafayette,,243280001,,MRA,6,21.0,0.014701719598377917
Lafayette,,243250001,,MRA,6,21.0,0.013882515506770388
Lafayette,,243250002,,MRA,6,21.0,0.013628003909972207
Lafayette,,243280002,,MRA,6,21.0,0.015031836171191165
Lafayette,,243280003,,MRA,6,21.0,0.014559613200671012
Lafayette,,243280005,,MRA,6,21.0,0.22195855008443569
Lafayette,,243280004,,MRA,6,21.0,0.014579551897956402
Lafayette,,243102006,,MRA,6,21.0,0.224
Lafayette,,243250005,,MRA,6,21.0,0.23869487843481219
Lafayette,,243102004,,MRA,6,21.0,0.19863495102922654
Lafayette,,243250004,,MRA,6,21.0,0.013605204877744843
Lafayette,,243250003,,MRA,6,21.0,0.013594389569229016
Lafayette,,243101052,,MRA,6,21.0,0.13699906005835025
Lafayette,,243101037,,MRA,6,21.0,0.17327652959165799
Lafayette,,243101034,,MRA,6,21.0,0.19705441438215854
Lafayette,,243101035,,MRA,6,21.0,0.17894739723435435
Lafayette,,243101050,,MRA,6,21.0,0.13402679938760387
Lafayette,,243101051,,MRA,6,21.0,0.15461282599688456
Lafayette,,243101032,,MRA,6,21.0,0.1357286436959612
Lafayette,,243101031,,MRA,6,21.0,0.21859254357768654
Lafayette,,243101030,,MRA,6,21.0,0.1558533493765399
Lafayette,,243101047,,MRA,6,21.0,0.09764687801691803
Lafayette,,243101029,,MRA,6,21.0,0.23782133030164468
Lafayette,,243101028,,MRA,6,21.0,0.2740755335313462
Lafayette,,243101027,,MRA,6,21.0,0.22371279468368704
Lafayette,,243101053,,MRA,6,21.0,0.32779548860214314
Lafayette,,243101039,,MRA,6,21.0,0.2679206028224497
Lafayette,,243101040,,MRA,6,21.0,0.1702225271273881
Lafayette,,243110012,,MRA,6,21.0,0.36
Lafayette,,243110032,,MRA,6,21.0,0.167
Lafayette,,243101038,,MRA,6,21.0,0.1408141425857018
Lafayette,,243110029,,MRO,6,21.0,0.256
Lafayette,,243110031,,MRO,6,21.0,0.13
Lafayette,,243110007,,SRB,0,0.0,0.17
Lafayette,,243110026,,SRB,0,0.0,1.13
Lafayette,,243110033,,MRA,6,21.0,0.177
Lafayette,,243110027,,SRB,0,0.0,0.822
Lafayette,,243050003,,SRB,0,0.0,0.2016872532034771
Lafayette,,243050002,,SRB,0,0.0,0.2101972603080708
Lafayette,,243110006,,SRB,0,0.0,0.38
Lafayette,,243120015,,MRO,6,21.0,0.4952539998271895
Lafayette,,243120004,,SRB,0,0.0,0.13265575075014044
Lafayette,,243120016,,P-1,0,0.0,1.22
Lafayette,,243040034,,P-1,0,0.0,1.9
Lafayette,,243030037,,SRB,0,0.0,0.283
Lafayette,,243030017,,SRB,0,0.0,0.0
Lafayette,,243030015,,SRB,0,0.0,0.0
Lafayette,,243030016,,SRB,0,0.0,0.0
Lafayette,,243040037,,P-1,0,0.0,1.42
Lafayette,,243320045,,P-1,0,0.0,0.0
Lafayette,,243320009,,P-1,0,0.0,0.0
Lafayette,,243320063,,P-1,0,0.0,0.0
Lafayette,,243320007,,P-1,0,0.0,0.0
Lafayette,,243320044,,P-1,0,0.0,0.0
Lafayette,,243320043,,P-1,0,0.0,0.0
Lafayette,,243320008,,P-1,0,0.0,0.0
Lafayette,,243320062,,P-1,0,0.0,0.0
Lafayette,,243320010,,P-1,0,0.0,0.0
Lafayette,,243320027,,P-1,0,0.0,0.0
Lafayette,,243320026,,P-1,0,0.0,0.0
Lafayette,,243320028,,P-1,0,0.0,0.0
Lafayette,,243320059,,P-1,0,0.0,0.0
Lafayette,,243320046,,P-1,0,0.0,0.0
Lafayette,,243320064,,P-1,0,0.0,0.0
Lafayette,,243320033,,P-1,0,0.0,0.0
Lafayette,,243320035,,P-1,0,0.0,0.0
Lafayette,,243320051,,P-1,0,0.0,0.0
Lafayette,,243320017,,P-1,0,0.0,0.0
Lafayette,,243320036,,P-1,0,0.0,0.0
Lafayette,,243320018,,P-1,0,0.0,0.0
Lafayette,,243320069,,P-1,0,0.0,0.0
Lafayette,,243320053,,P-1,0,0.0,0.0
Lafayette,,243320054,,P-1,0,0.0,0.0
Lafayette,,243320052,,P-1,0,0.0,0.0
Lafayette,,243320015,,P-1,0,0.0,0.0
Lafayette,,243320016,,P-1,0,0.0,0.0
Lafayette,,243320034,,P-1,0,0.0,0.0
Lafayette,,243320050,,P-1,0,0.0,0.0
Lafayette,,243320030,,P-1,0,0.0,0.0
Lafayette,,243320048,,P-1,0,0.0,0.0
Lafayette,,243320001,,P-1,0,0.0,0.0
Lafayette,,243320047,,P-1,0,0.0,0.0
Lafayette,,243320037,,P-1,0,0.0,0.0
Lafayette,,243320002,,P-1,0,0.0,0.0
Lafayette,,243320038,,P-1,0,0.0,0.0
Lafayette,,243320021,,P-1,0,0.0,0.0
Lafayette,,243320057,,P-1,0,0.0,0.0
Lafayette,,243320012,,P-1,0,0.0,0.0
Lafayette,,243320065,,P-1,0,0.0,0.0
Lafayette,,243320049,,P-1,0,0.0,0.0
Lafayette,,243320032,,P-1,0,0.0,0.0
Lafayette,,243320014,,P-1,0,0.0,0.0
Lafayette,,243320067,,P-1,0,0.0,0.0
Lafayette,,243320013,,P-1,0,0.0,0.0
Lafayette,,243320031,,P-1,0,0.0,0.0
Lafayette,,243320068,,P-1,0,0.0,0.0
Lafayette,,243320066,,P-1,0,0.0,0.0
Lafayette,,243320003,,P-1,0,0.0,0.0
Lafayette,,243320039,,P-1,0,0.0,0.0
Lafayette,,243320056,,P-1,0,0.0,0.0
Lafayette,,243320005,,P-1,0,0.0,0.0
Lafayette,,243320004,,P-1,0,0.0,0.0
Lafayette,,243320058,,P-1,0,0.0,0.0
Lafayette,,243320023,,P-1,0,0.0,0.0
Lafayette,,243320041,,P-1,0,0.0,0.0
Lafayette,,243320024,,P-1,0,0.0,0.0
Lafayette,,243320022,,P-1,0,0.0,0.0
Lafayette,,243320040,,P-1,0,0.0,0.0
Lafayette,,243320042,,P-1,0,0.0,0.0
Lafayette,,243320060,,P-1,0,0.0,0.0
Lafayette,,243320006,,P-1,0,0.0,0.0
Lafayette,,243320020,,P-1,0,0.0,0.0
Lafayette,,243320070,,P-1,0,0.0,1.47
Lafayette,,243320019,,P-1,0,0.0,0.0
Lafayette,,243320055,,P-1,0,0.0,0.0
Lafayette,,243320011,,P-1,0,0.0,0.0
Lafayette,,243320029,,P-1,0,0.0,0.0
Lafayette,,243320025,,P-1,0,0.0,0.0
Lafayette,,243320061,,P-1,0,0.0,0.0
Lafayette,,243030023,,SRB,0,0.0,0.11
Lafayette,,243030030,,SRB,0,0.0,0.21
Lafayette,,243030021,,SRB,0,0.0,0.13
Lafayette,,243030031,,SRB,0,0.0,0.19
Lafayette,,243030024,,SRB,0,0.0,0.34
Lafayette,,243030039,,SRB,0,0.0,0.0
Lafayette,,243030028,,SRB,0,0.0,0.668
Lafayette,,243030014,,SRB,0,0.0,0.0
Lafayette,,243030007,,SRB,0,0.0,0.34
Lafayette,,243030040,,SRB,0,0.0,0.42
Lafayette,,243030020,,SRB,0,0.0,0.34
Lafayette,,243030041,,SRB,0,0.0,0.0
Lafayette,,243030038,,SRB,0,0.0,0.2
Lafayette,,243030033,,SRB,0,0.0,0.19
Lafayette,,243020030,,RB,0,0.0,0.0
Lafayette,,243020011,,RB,0,0.0,0.025
Lafayette,,243020028,,RB,0,0.0,0.0
Lafayette,,243020034,,RB,0,0.0,0.863
Lafayette,,243020010,,RB,0,0.0,0.48
Lafayette,,243020031,,RB,0,0.0,0.0
Lafayette,,243020007,,RB,0,0.0,0.17
Lafayette,,243020027,,RB,0,0.0,0.34
Lafayette,,243030036,,SRB,0,0.0,0.181
Lafayette,,243030042,,SRB,0,0.0,0.18
Lafayette,,243030011,,SRB,0,0.0,0.18
Lafayette,,243160006,,SRB,0,0.0,0.39786549732353704
Lafayette,,243160005,,SRB,0,0.0,0.0
Lafayette,,243160004,,SRB,0,0.0,0.19607958403449438
Lafayette,,243160002,,SRB,0,0.0,0.08942905327780627
Lafayette,,243160001,,SRB,0,0.0,0.4248041035896825
Lafayette,,243160003,,SRB,0,0.0,0.08233374678232448
Lafayette,,243150014,,SRB,0,0.0,0.44
Lafayette,,243170030,,RB,0,0.0,3.7291706815448586
Lafayette,,243170013,,RB,0,0.0,0.13
Lafayette,,243170014,,RB,0,0.0,0.44
Lafayette,,243223001,,RB,0,0.0,0.25
Lafayette,,243222019,,RB,0,0.0,0.27
Lafayette,,243222023,,RB,0,0.0,0.4655025294838777
Lafayette,,243222020,,RB,0,0.0,0.17
Lafayette,,243222024,,RB,0,0.0,0.3383377164100059
Lafayette,,243170012,,RB,0,0.0,0.15
Lafayette,,243170026,,RB,0,0.0,0.22
Lafayette,,243170022,,RB,0,0.0,0.17567257463727717
Lafayette,,243170019,,RB,0,0.0,0.106
Lafayette,,243170018,,RB,0,0.0,0.12200381078074787
Lafayette,,243170020,,RB,0,0.0,0.464553422279934
Lafayette,,243170021,,RB,0,0.0,0.23758708238997645
Lafayette,,243222001,,RB,0,0.0,0.4812096573910513
Lafayette,,234010001,,MRO,6,21.0,0.1567499220862489
Lafayette,,234010013,,R-6,0,7.3,0.7404150429264531
Lafayette,,234010003,,R-6,0,7.3,0.12356143717408158
Lafayette,,234010004,,R-6,0,7.3,0.12671809697344885
Lafayette,,234010007,,R-6,0,7.3,0.12450309546649356
Lafayette,,234010006,,R-6,0,7.3,0.1271811630486634
Lafayette,,234010005,,R-6,0,7.3,0.1255911299845689
Lafayette,,243222025,,R-6,0,7.3,0.11372286234847927
Lafayette,,243222026,,R-6,0,7.3,0.08751325732090885
Lafayette,,243222027,,R-6,0,7.3,0.08805913798957093
Lafayette,,243222011,,R-6,0,7.3,0.11528097662150252
Lafayette,,243222010,,R-6,0,7.3,0.14415710416336902
Lafayette,,243222012,,R-6,0,7.3,0.14580579406502703
Lafayette,,243222028,,MRA,6,21.0,1.88
Lafayette,,243222030,,RB,0,0.0,0.20636457240047001
Lafayette,,243222015,,RB,0,0.0,0.17079773234431747
Lafayette,,243222016,,RB,0,0.0,0.18820521637889423
Lafayette,,243222029,,RB,0,0.0,0.11229604267555401
Lafayette,,243222017,,RB,0,0.0,0.27
Lafayette,,243221027,,RB,0,0.0,0.37
Lafayette,,243221026,,RB,0,0.0,0.0
Lafayette,,243221017,,RB,0,0.0,0.0
Lafayette,,243221010,,RB,0,0.0,0.0
Lafayette,,243221003,,RB,0,0.0,0.0
Lafayette,,243221022,,RB,0,0.0,0.0
Lafayette,,243221012,,RB,0,0.0,0.0
Lafayette,,243221002,,RB,0,0.0,0.0
Lafayette,,243222014,,RB,0,0.0,0.1209882460906053
Lafayette,,243222013,,R-6,0,7.3,0.30961346060317335
Lafayette,,243232025,,R-6,0,7.3,0.29852643197869677
Lafayette,,243232004,,R-6,0,7.3,0.3002194247617693
Lafayette,,243232028,,C-1,0,35.0,0.4137223704244697
Lafayette,,243231022,,C-1,0,35.0,0.765
Lafayette,,243231025,,C-1,0,35.0,1.315
Lafayette,,243011050,,C-1,0,35.0,0.56
Lafayette,,243020038,,RB,0,0.0,0.315
Lafayette,,243221020,,RB,0,0.0,0.0
Lafayette,,243020032,,RB,0,0.0,0.14
Lafayette,,243020033,,RB,0,0.0,0.09
Lafayette,,243020025,,RB,0,0.0,0.17
Lafayette,,243020014,,RB,0,0.0,0.45
Lafayette,,243020039,,RB,0,0.0,4.09
Lafayette,,243020036,,RB,0,0.0,1.81
Lafayette,,243011057,,C-1,0,35.0,0.366
Lafayette,,243011054,,C-1,0,35.0,3.88
Lafayette,,243011035,,C-1,0,35.0,0.0
Lafayette,,243011055,,C-1,0,35.0,0.53
Lafayette,,243011051,,C-1,0,35.0,0.38
Lafayette,,243231004,,C-1,0,35.0,0.0
Lafayette,,243231005,,C-1,0,35.0,0.0
Lafayette,,243011030,,C-1,0,35.0,0.0
Lafayette,,243011016,,C-1,0,35.0,0.0
Lafayette,,243011006,,C-1,0,35.0,0.0
Lafayette,,243011056,,C-1,0,35.0,0.0
Lafayette,,243011042,,C-1,0,35.0,0.0
Lafayette,,233040040,,C-1,0,35.0,1.22
Lafayette,,243011037,,C-1,0,35.0,0.0
Lafayette,,243011033,,C-1,0,35.0,0.0
Lafayette,,243011039,,C-1,0,35.0,0.05
Lafayette,,243011005,,C-1,0,35.0,0.0
Lafayette,,243011038,,C-1,0,35.0,0.0
Lafayette,,243011049,,C-1,0,35.0,0.0
Lafayette,,243011041,,C-1,0,35.0,0.0
Lafayette,,233040034,,C-1,0,35.0,2.48
Lafayette,,233040XXX,,C-1,0,35.0,0.0
Lafayette,,233040035,,C-1,0,35.0,0.0
Lafayette,,233040024,,C-1,0,35.0,0.0
Lafayette,,233040007,,C-1,0,35.0,0.0
Lafayette,,233040006,,C-1,0,35.0,0.0
Lafayette,,233040037,,C-1,0,35.0,1.77
Lafayette,,233031017,,C-1,0,35.0,0.0
Lafayette,,233040XXX,,C-1,0,35.0,0.0
Lafayette,,232063037,,R-10,0,4.0,0.45
Lafayette,,232063032,,R-10,0,4.0,0.0
Lafayette,,232063016,,R-10,0,4.0,0.0
Lafayette,,232063035,,R-10,0,4.0,1.07
Lafayette,,232063038,,R-10,0,4.0,1.57
Lafayette,,232051020,,R-10,0,4.0,0.0
Lafayette,,232051019,,R-10,0,4.0,0.0
Lafayette,,232063017,,R-10,0,4.0,0.0
Lafayette,,232063018,,R-10,0,4.0,0.0
Lafayette,,232063011,,R-10,0,4.0,0.0
Lafayette,,232063012,,R-10,0,4.0,0.0
Lafayette,,232063013,,R-10,0,4.0,0.0
Lafayette,,232063004,,R-10,0,4.0,0.0
Lafayette,,232063033,,R-10,0,4.0,0.85
Lafayette,,232063014,,R-10,0,4.0,0.0
Lafayette,,232061005,,R-10,0,4.0,0.726
Lafayette,,232062010,,R-10,0,4.0,0.46
Lafayette,,232062009,,R-10,0,4.0,0.0
Lafayette,,232012010,,R-10,0,4.0,0.0
Lafayette,,232012013,,R-10,0,4.0,0.0
Lafayette,,232012003,,R-10,0,4.0,0.0
Lafayette,,232012004,,R-10,0,4.0,0.0
Lafayette,,232012005,,R-10,0,4.0,0.0
Lafayette,,232012007,,R-10,0,4.0,0.0
Lafayette,,232012006,,R-10,0,4.0,0.0
Lafayette,,232062004,,R-10,0,4.0,0.0
Lafayette,,232062005,,R-10,0,4.0,0.0
Lafayette,,232062006,,R-10,0,4.0,0.0
Lafayette,,232063023,,R-10,0,4.0,0.0
Lafayette,,232063008,,R-10,0,4.0,0.0
Lafayette,,232062003,,R-10,0,4.0,0.0
Lafayette,,232063007,,R-10,0,4.0,0.0
Lafayette,,232063006,,R-10,0,4.0,0.0
Lafayette,,232063005,,R-10,0,4.0,0.0
Lafayette,,232063010,,R-10,0,4.0,0.0
Lafayette,,232063009,,R-10,0,4.0,0.0
Lafayette,,232063020,,R-10,0,4.0,0.0
Lafayette,,232063019,,R-10,0,4.0,0.0
Lafayette,,232051018,,R-10,0,4.0,0.0
Lafayette,,232051017,,R-10,0,4.0,0.0
Lafayette,,232051016,,R-10,0,4.0,0.0
Lafayette,,232051015,,R-10,0,4.0,0.0
Lafayette,,232051013,,R-10,0,4.0,0.0
Lafayette,,232051012,,R-10,0,4.0,0.0
Lafayette,,232063021,,R-10,0,4.0,0.0
Lafayette,,232063022,,R-10,0,4.0,0.0
Lafayette,,232051011,,R-10,0,4.0,0.0
Lafayette,,232051010,,R-10,0,4.0,0.0
Lafayette,,232051014,,R-10,0,4.0,0.0
Lafayette,,232051008,,R-10,0,4.0,0.0
Lafayette,,232051009,,R-10,0,4.0,0.0
Lafayette,,232051007,,R-10,0,4.0,0.0
Lafayette,,232051005,,R-10,0,4.0,0.0
Lafayette,,232051004,,R-10,0,4.0,0.0
Lafayette,,232051003,,R-10,0,4.0,0.0
Lafayette,,232051002,,R-10,0,4.0,0.0
Lafayette,,232051001,,R-10,0,4.0,0.0
Lafayette,,232063024,,R-10,0,4.0,0.0
Lafayette,,232052017,,R-10,0,4.0,0.0
Lafayette,,232052016,,R-10,0,4.0,0.0
Lafayette,,232012008,,R-10,0,4.0,0.0
Lafayette,,232021001,,R-10,0,4.0,0.0
Lafayette,,232021002,,R-10,0,4.0,0.0
Lafayette,,232021003,,R-10,0,4.0,0.0
Lafayette,,232021004,,R-10,0,4.0,0.0
Lafayette,,232052015,,R-10,0,4.0,0.0
Lafayette,,232052014,,R-10,0,4.0,0.0
Lafayette,,232052013,,R-10,0,4.0,1.2
Lafayette,,232021005,,R-10,0,4.0,1.15
Lafayette,,232021006,,R-10,0,4.0,0.0
Lafayette,,232021007,,R-10,0,4.0,0.0
Lafayette,,232021008,,R-10,0,4.0,0.0
Lafayette,,232022002,,R-10,0,4.0,0.0
Lafayette,,232022003,,R-10,0,4.0,0.0
Lafayette,,232022007,,R-10,0,4.0,0.0
Lafayette,,232022006,,R-10,0,4.0,0.0
Lafayette,,232022004,,R-10,0,4.0,0.0
Lafayette,,232022005,,R-10,0,4.0,0.0
Lafayette,,232022022,,R-10,0,4.0,0.0
Lafayette,,232022034,,R-10,0,4.0,0.0
Lafayette,,232022037,,R-10,0,4.0,0.888
Lafayette,,232022038,,R-10,0,4.0,0.55
Lafayette,,232022035,,R-10,0,4.0,0.0
Lafayette,,232022023,,R-10,0,4.0,0.0
Lafayette,,232022024,,R-10,0,4.0,0.0
Lafayette,,232022031,,R-10,0,4.0,0.0
Lafayette,,232022032,,R-10,0,4.0,0.0
Lafayette,,232013001,,R-10,0,4.0,0.0
Lafayette,,232013003,,R-10,0,4.0,0.0
Lafayette,,232022030,,R-10,0,4.0,0.0
Lafayette,,232022027,,R-10,0,4.0,0.0
Lafayette,,232022029,,R-10,0,4.0,0.0
Lafayette,,244211007,,R-10,0,4.0,1.47
Lafayette,,244211020,,R-10,0,4.0,0.48
Lafayette,,244211021,,R-10,0,4.0,0.5
Lafayette,,244211036,,R-10,0,4.0,0.42
Lafayette,,244211037,,R-10,0,4.0,0.3
Lafayette,,244212006,,R-10,0,4.0,0.27
Lafayette,,244212007,,R-10,0,4.0,0.26
Lafayette,,244212009,,R-10,0,4.0,0.27
Lafayette,,244211003,,R-10,0,4.0,0.3
Lafayette,,244211002,,R-10,0,4.0,0.3
Lafayette,,244211034,,R-10,0,4.0,0.0
Lafayette,,244211035,,R-10,0,4.0,0.0
Lafayette,,244211027,,R-10,0,4.0,0.0
Lafayette,,244211028,,R-10,0,4.0,0.0
Lafayette,,244211025,,R-10,0,4.0,0.0
Lafayette,,232013007,,R-10,0,4.0,0.0
Lafayette,,232013005,,R-10,0,4.0,0.0
Lafayette,,232013006,,R-10,0,4.0,0.0
Lafayette,,232013004,,R-10,0,4.0,0.0
Lafayette,,232013002,,R-10,0,4.0,0.0
Lafayette,,232013013,,R-10,0,4.0,0.0
Lafayette,,232013014,,R-10,0,4.0,0.0
Lafayette,,232013012,,R-10,0,4.0,0.0
Lafayette,,232013035,,R-10,0,4.0,0.0
Lafayette,,232013034,,R-10,0,4.0,0.0
Lafayette,,232013040,,R-10,0,4.0,0.0
Lafayette,,232013039,,R-10,0,4.0,0.0
Lafayette,,232013010,,R-10,0,4.0,0.0
Lafayette,,232013011,,R-10,0,4.0,0.0
Lafayette,,232013008,,R-10,0,4.0,0.0
Lafayette,,232013042,,R-10,0,4.0,0.0
Lafayette,,232013041,,R-10,0,4.0,0.0
Lafayette,,244203001,,R-10,0,4.0,3.686
Lafayette,,244201003,,R-10,0,4.0,0.46
Lafayette,,244201005,,R-10,0,4.0,0.457
Lafayette,,244202029,,R-10,0,4.0,0.09
Lafayette,,244202022,,R-10,0,4.0,0.605
Lafayette,,244202028,,R-10,0,4.0,0.48
Lafayette,,244202017,,R-10,0,4.0,0.35
Lafayette,,244202019,,R-10,0,4.0,0.6
Lafayette,,244202002,,R-10,0,4.0,0.53
Lafayette,,244202023,,R-10,0,4.0,0.0
Lafayette,,244201006,,R-10,0,4.0,0.0
Lafayette,,244211026,,R-10,0,4.0,0.0
Lafayette,,244212011,,R-10,0,4.0,0.31
Lafayette,,244202001,,R-10,0,4.0,0.37
Lafayette,,244202020,,R-10,0,4.0,0.59
Lafayette,,244212012,,R-10,0,4.0,0.41
Lafayette,,244212010,,R-10,0,4.0,0.21
Lafayette,,244212024,,R-10,0,4.0,0.0
Lafayette,,244212023,,R-10,0,4.0,0.0
Lafayette,,244212025,,R-10,0,4.0,0.0
Lafayette,,244212027,,R-10,0,4.0,0.0
Lafayette,,244190025,,R-10,0,4.0,0.0
Lafayette,,244190028,,R-10,0,4.0,3.186
Lafayette,,244190024,,R-10,0,4.0,0.0
Lafayette,,244202018,,R-10,0,4.0,0.25
Lafayette,,244202030,,R-10,0,4.0,0.36
Lafayette,,244180XXX,,R-10,0,4.0,0.0
Lafayette,,244190014,,R-10,0,4.0,1.0
Lafayette,,244190030,,R-10,0,4.0,1.98
Lafayette,,244180053,,R-20,0,2.0,0.0
Lafayette,,244180054,,R-10,0,4.0,0.0
Lafayette,,244180052,,R-20,0,2.0,0.0
Lafayette,,244190033,,R-10,0,4.0,0.32
Lafayette,,244190034,,R-10,0,4.0,0.38
Lafayette,,244190035,,R-10,0,4.0,0.35
Lafayette,,244180051,,R-10,0,4.0,0.0
Lafayette,,244190016,,R-10,0,4.0,0.21
Lafayette,,244180036,,R-10,0,4.0,0.42
Lafayette,,244220015,,R-10,0,4.0,0.43
Lafayette,,244220014,,R-10,0,4.0,0.62
Lafayette,,244190002,,R-10,0,4.0,0.15
Lafayette,,244190017,,R-10,0,4.0,1.27
Lafayette,,244190022,,R-10,0,4.0,0.001
Lafayette,,244190023,,R-10,0,4.0,0.0
Lafayette,,244190020,,R-10,0,4.0,0.219
Lafayette,,244190032,,R-10,0,4.0,0.15
Lafayette,,244190031,,R-10,0,4.0,0.19
Lafayette,,244220050,,R-10,0,4.0,0.0
Lafayette,,244220036,,R-10,0,4.0,0.33
Lafayette,,244220058,,R-10,0,4.0,0.0
Lafayette,,244220011,,R-10,0,4.0,0.58
Lafayette,,244220037,,R-10,0,4.0,0.2
Lafayette,,244220057,,R-10,0,4.0,0.0
Lafayette,,244212022,,R-10,0,4.0,0.0
Lafayette,,244212018,,R-10,0,4.0,0.4
Lafayette,,244212021,,R-10,0,4.0,0.0
Lafayette,,244212016,,R-10,0,4.0,0.86
Lafayette,,244220009,,R-10,0,4.0,0.64
Lafayette,,244220071,,R-10,0,4.0,0.0
Lafayette,,244220010,,R-10,0,4.0,0.64
Lafayette,,244220028,,R-10,0,4.0,0.62
Lafayette,,244220005,,R-10,0,4.0,0.21
Lafayette,,244220062,,R-10,0,4.0,0.246
Lafayette,,244220053,,R-10,0,4.0,0.0
Lafayette,,244220061,,R-10,0,4.0,0.314
Lafayette,,244220016,,R-10,0,4.0,0.43
Lafayette,,244220063,,R-10,0,4.0,0.135
Lafayette,,244220059,,R-10,0,4.0,0.0
Lafayette,,244220042,,R-10,0,4.0,0.3
Lafayette,,244172005,,R-10,0,4.0,0.0
Lafayette,,244172004,,R-10,0,4.0,0.62
Lafayette,,244220020,,R-10,0,4.0,0.16
Lafayette,,244220021,,R-10,0,4.0,0.182
Lafayette,,244172008,,R-10,0,4.0,0.0
Lafayette,,244172003,,R-10,0,4.0,0.18
Lafayette,,244172014,,R-10,0,4.0,0.0
Lafayette,,244220067,,R-10,0,4.0,0.235
Lafayette,,244220024,,R-10,0,4.0,0.21
Lafayette,,244220023,,R-10,0,4.0,0.28
Lafayette,,244220068,,R-10,0,4.0,0.312
Lafayette,,244220056,,R-10,0,4.0,0.0
Lafayette,,244172016,,R-10,0,4.0,0.0
Lafayette,,244172015,,R-10,0,4.0,0.0
Lafayette,,245060012,,R-10,0,4.0,0.0
Lafayette,,245060011,,R-10,0,4.0,0.0
Lafayette,,245130004,,R-10,0,4.0,0.0
Lafayette,,245130005,,R-10,0,4.0,0.0
Lafayette,,244172013,,R-10,0,4.0,0.0
Lafayette,,244172012,,R-10,0,4.0,0.0
Lafayette,,244172001,,R-10,0,4.0,0.22
Lafayette,,244220055,,R-10,0,4.0,0.0
Lafayette,,244220069,,R-10,0,4.0,0.482
Lafayette,,244220027,,R-10,0,4.0,0.49
Lafayette,,244220072,,R-10,0,4.0,0.31
Lafayette,,244220035,,R-10,0,4.0,0.41
Lafayette,,244230001,,R-10,0,4.0,0.0
Lafayette,,244230002,,R-10,0,4.0,0.0
Lafayette,,244230015,,R-10,0,4.0,0.0
Lafayette,,244230003,,R-20,0,2.0,0.0
Lafayette,,244220034,,R-10,0,4.0,0.43
Lafayette,,244220033,,R-10,0,4.0,0.26
Lafayette,,244220001,,R-10,0,4.0,0.0
Lafayette,,244211009,,R-10,0,4.0,0.14
Lafayette,,244220029,,R-10,0,4.0,0.55
Lafayette,,244220073,,R-10,0,4.0,0.63
Lafayette,,244220065,,R-10,0,4.0,0.365
Lafayette,,244220066,,R-10,0,4.0,0.55
Lafayette,,244212020,,R-10,0,4.0,0.21
Lafayette,,244212005,,R-10,0,4.0,0.11
Lafayette,,244220070,,R-10,0,4.0,0.0
Lafayette,,244212017,,R-10,0,4.0,0.28
Lafayette,,244212004,,R-10,0,4.0,0.16
Lafayette,,244212003,,R-10,0,4.0,0.28
Lafayette,,244211008,,R-10,0,4.0,0.53
Lafayette,,244211016,,R-10,0,4.0,0.74
Lafayette,,244211017,,R-10,0,4.0,0.26
Lafayette,,244211011,,R-10,0,4.0,0.35
Lafayette,,244211010,,R-10,0,4.0,0.18
Lafayette,,244211032,,R-10,0,4.0,0.0
Lafayette,,244211014,,R-10,0,4.0,0.44
Lafayette,,244211033,,R-10,0,4.0,0.0
Lafayette,,244211013,,R-10,0,4.0,2.0
Lafayette,,232022018,,R-10,0,4.0,0.0
Lafayette,,232022019,,R-10,0,4.0,0.0
Lafayette,,232022017,,R-10,0,4.0,0.0
Lafayette,,232022016,,R-10,0,4.0,0.0
Lafayette,,232022008,,R-10,0,4.0,0.0
Lafayette,,232022009,,R-10,0,4.0,0.0
Lafayette,,232022010,,R-10,0,4.0,0.0
Lafayette,,232022001,,R-10,0,4.0,0.0
Lafayette,,232022011,,R-10,0,4.0,0.0
Lafayette,,232022015,,R-10,0,4.0,0.0
Lafayette,,232022014,,R-10,0,4.0,0.0
Lafayette,,232022012,,R-10,0,4.0,1.0
Lafayette,,244230016,,R-10,0,4.0,0.26
Lafayette,,244230023,,R-10,0,4.0,0.0
Lafayette,,244230009,,R-20,0,2.0,0.0
Lafayette,,244230012,,R-20,0,2.0,0.0
Lafayette,,244230013,,LR-5,0,8.0,5.5
Lafayette,,244230011,,R-20,0,2.0,0.0
Lafayette,,244230010,,R-20,0,2.0,0.0
Lafayette,,245080007,,R-20,0,2.0,0.0
Lafayette,,245080006,,R-20,0,2.0,0.0
Lafayette,,245080017,,R-20,0,2.0,0.0
Lafayette,,245080016,,R-20,0,2.0,0.59
Lafayette,,245080009,,R-20,0,2.0,0.0
Lafayette,,245120012,,R-20,0,2.0,0.0
Lafayette,,245120018,,R-20,0,2.0,0.0
Lafayette,,244230006,,R-20,0,2.0,0.0
Lafayette,,244230008,,R-20,0,2.0,0.0
Lafayette,,244230007,,R-20,0,2.0,0.0
Lafayette,,244230019,,R-10,0,4.0,0.0
Lafayette,,244230022,,R-10,0,4.0,0.0
Lafayette,,244230004,,R-20,0,2.0,0.0
Lafayette,,244230005,,R-20,0,2.0,0.0
Lafayette,,245120015,,R-20,0,2.0,0.0
Lafayette,,245120013,,R-20,0,2.0,0.0
Lafayette,,245130001,,R-20,0,2.0,0.0
Lafayette,,245130002,,R-10,0,4.0,0.0
Lafayette,,245130003,,R-10,0,4.0,0.0
Lafayette,,245130006,,R-40,0,1.1,0.0
Lafayette,,245130013,,R-40,0,1.1,1.1
Lafayette,,245120017,,R-20,0,2.0,0.0
Lafayette,,245130007,,R-40,0,1.1,1.45
Lafayette,,245130008,,R-40,0,1.1,1.37
Lafayette,,245120020,,R-20,0,2.0,0.81
Lafayette,,245120021,,R-20,0,2.0,0.94
Lafayette,,245080014,,R-20,0,2.0,0.94
Lafayette,,245080011,,R-20,0,2.0,0.0
Lafayette,,245120004,,R-20,0,2.0,0.0
Lafayette,,245120006,,R-20,0,2.0,0.0
Lafayette,,245120002,,R-20,0,2.0,0.0
Lafayette,,245120003,,R-20,0,2.0,0.0
Lafayette,,245070005,,LR-5,0,8.0,3.4
Lafayette,,245120005,,R-20,0,2.0,0.65
Lafayette,,245070003,,LR-5,0,8.0,0.87
Lafayette,,245070016,,R-20,0,2.0,0.13
Lafayette,,245070011,,LR-5,0,8.0,2.21
Lafayette,,245070014,,LR-10,0,4.0,15.52
Lafayette,,245100020,,R-20,0,2.0,0.474
Lafayette,,245070010,,R-20,0,2.0,0.57
Lafayette,,245100012,,R-20,0,2.0,0.0
Lafayette,,245100011,,R-20,0,2.0,0.207
Lafayette,,245100016,,R-20,0,2.0,0.7
Lafayette,,245120001,,R-20,0,2.0,0.0
Lafayette,,245100013,,R-20,0,2.0,0.0
Lafayette,,245100003,,R-20,0,2.0,0.0
Lafayette,,245080013,,R-20,0,2.0,0.0
Lafayette,,245100001,,R-20,0,2.0,0.0
Lafayette,,245080012,,R-20,0,2.0,0.0
Lafayette,,245080001,,R-20,0,2.0,0.0
Lafayette,,245100014,,R-20,0,2.0,0.0
Lafayette,,245100006,,R-20,0,2.0,0.0
Lafayette,,245100005,,R-20,0,2.0,2.53
Lafayette,,245090006,,R-20,0,2.0,3.57
Lafayette,,245100017,,R-20,0,2.0,2.8
Lafayette,,245090014,,R-20,0,2.0,2.069
Lafayette,,245090013,,R-20,0,2.0,1.011
Lafayette,,245090003,,R-20,0,2.0,0.0
Lafayette,,245080002,,R-20,0,2.0,0.0
Lafayette,,245080003,,R-20,0,2.0,0.0
Lafayette,,245080010,,R-20,0,2.0,0.88
Lafayette,,245080005,,R-20,0,2.0,0.0
Lafayette,,245080004,,R-20,0,2.0,0.0
Lafayette,,245090002,,R-20,0,2.0,0.0
Lafayette,,245090001,,R-20,0,2.0,0.0
Lafayette,,232040023,,HPD,20,35.0,3.16
Lafayette,,232040012,,R-20,0,2.0,6.34
Lafayette,,232030003,,LR-10,0,4.0,14.78
Lafayette,,245090004,,R-10,0,4.0,2.74
Lafayette,,232030004,,R-20,0,2.0,12.18
Lafayette,,232040018,,R-20,0,2.0,2.58
Lafayette,,232040014,,R-20,0,2.0,2.73
Lafayette,,232190011,,P-1,0,0.0,0.0
Lafayette,,232190018,,P-1,0,0.0,0.0
Lafayette,,232190019,,P-1,0,0.0,0.0
Lafayette,,232190017,,P-1,0,0.0,0.0
Lafayette,,232190029,,P-1,0,0.0,2.79
Lafayette,,232190027,,P-1,0,0.0,1.2
Lafayette,,232190028,,P-1,0,0.0,0.0
Lafayette,,232190007,,P-1,0,0.0,0.0
Lafayette,,232190016,,P-1,0,0.0,0.0
Lafayette,,232090010,,R-20,0,2.0,1.15
Lafayette,,232090009,,R-20,0,2.0,0.6
Lafayette,,232090005,,R-20,0,2.0,0.77
Lafayette,,232080019,,R-20,0,2.0,3.31
Lafayette,,232090011,,R-20,0,2.0,0.52
Lafayette,,232190023,,P-1,0,0.0,0.46
Lafayette,,232190024,,P-1,0,0.0,0.0
Lafayette,,232190006,,P-1,0,0.0,0.0
Lafayette,,232190001,,P-1,0,0.0,0.0
Lafayette,,232190005,,P-1,0,0.0,0.0
Lafayette,,232090021,,R-20,0,2.0,0.521
Lafayette,,232090007,,R-20,0,2.0,0.5
Lafayette,,232090008,,R-20,0,2.0,0.5
Lafayette,,232090022,,R-20,0,2.0,1.349
Lafayette,,232080012,,R-20,0,2.0,1.44
Lafayette,,232080017,,R-20,0,2.0,7.28
Lafayette,,232080013,,R-20,0,2.0,10.36
Lafayette,,232080018,,R-20,0,2.0,10.43
Lafayette,,232040010,,LR-10,0,4.0,1.69
Lafayette,,232040009,,LR-10,0,4.0,4.5
Lafayette,,232040022,,LR-10,0,4.0,3.15
Lafayette,,232040020,,HPD,20,35.0,3.23
Lafayette,,232040021,,HPD,20,35.0,4.6
Lafayette,,232021010,,R-10,0,4.0,0.0
Lafayette,,232021009,,R-10,0,4.0,0.0
Lafayette,,232052018,,R-20,0,2.0,0.0
Lafayette,,232052019,,R-10,0,4.0,0.0
Lafayette,,232052010,,R-10,0,4.0,0.569
Lafayette,,232052008,,R-10,0,4.0,0.0
Lafayette,,232052009,,R-10,0,4.0,0.92
Lafayette,,232051006,,R-10,0,4.0,0.0
Lafayette,,232052007,,R-10,0,4.0,0.0
Lafayette,,232052006,,R-10,0,4.0,0.0
Lafayette,,232051021,,R-10,0,4.0,0.0
Lafayette,,232051022,,R-10,0,4.0,0.0
Lafayette,,232052005,,R-10,0,4.0,0.0
Lafayette,,232052004,,R-10,0,4.0,0.0
Lafayette,,232052003,,R-10,0,4.0,0.0
Lafayette,,232052001,,R-10,0,4.0,0.0
Lafayette,,232052002,,R-10,0,4.0,0.0
Lafayette,,232071005,,R-10,0,4.0,0.0
Lafayette,,232071011,,R-10,0,4.0,0.0
Lafayette,,232071019,,R-10,0,4.0,0.0
Lafayette,,232130062,,R-10,0,4.0,1.14
Lafayette,,232071007,,R-10,0,4.0,0.0
Lafayette,,232071006,,R-10,0,4.0,0.0
Lafayette,,232071004,,R-10,0,4.0,0.0
Lafayette,,232071003,,R-10,0,4.0,0.0
Lafayette,,232071002,,R-10,0,4.0,0.0
Lafayette,,232071001,,R-10,0,4.0,0.0
Lafayette,,232070017,,R-10,0,4.0,0.0
Lafayette,,232051028,,R-10,0,4.0,0.0
Lafayette,,232051023,,R-10,0,4.0,0.0
Lafayette,,232063026,,R-10,0,4.0,0.34
Lafayette,,232051024,,R-10,0,4.0,0.0
Lafayette,,232051027,,R-10,0,4.0,0.0
Lafayette,,232063036,,R-10,0,4.0,0.51
Lafayette,,232051026,,R-10,0,4.0,0.0
Lafayette,,232200010,,P-1,0,0.0,0.0
Lafayette,,232200009,,P-1,0,0.0,0.0
Lafayette,,232200008,,P-1,0,0.0,0.0
Lafayette,,232200007,,P-1,0,0.0,0.0
Lafayette,,232200004,,P-1,0,0.0,0.0
Lafayette,,232200005,,P-1,0,0.0,0.0
Lafayette,,232070003,,R-10,0,4.0,0.0
Lafayette,,232070004,,R-10,0,4.0,0.0
Lafayette,,232070005,,R-10,0,4.0,0.0
Lafayette,,232071008,,R-10,0,4.0,0.0
Lafayette,,232071018,,R-10,0,4.0,0.0
Lafayette,,232071012,,R-10,0,4.0,0.0
Lafayette,,232070001,,R-10,0,4.0,0.0
Lafayette,,232200011,,P-1,0,0.0,0.0
Lafayette,,232070020,,R-10,0,4.0,0.0
Lafayette,,232070021,,R-10,0,4.0,0.31
Lafayette,,232200003,,P-1,0,0.0,0.0
Lafayette,,232070002,,R-10,0,4.0,0.0
Lafayette,,232200002,,P-1,0,0.0,0.0
Lafayette,,232200001,,P-1,0,0.0,0.0
Lafayette,,232200006,,P-1,0,0.0,0.0
Lafayette,,233031018,,C-1,0,35.0,0.0
Lafayette,,233031026,,C-1,0,35.0,0.0
Lafayette,,232130022,,R-10,0,4.0,0.0
Lafayette,,232130063,,R-10,0,4.0,0.0
Lafayette,,232071014,,R-10,0,4.0,0.0
Lafayette,,232130001,,R-10,0,4.0,0.0
Lafayette,,232071013,,R-10,0,4.0,0.0
Lafayette,,232130003,,R-10,0,4.0,0.0
Lafayette,,232180003,,R-10,0,4.0,8.654
Lafayette,,232130048,,R-10,0,4.0,0.0
Lafayette,,232130060,,R-10,0,4.0,0.0
Lafayette,,232130016,,R-10,0,4.0,0.95
Lafayette,,232130015,,R-10,0,4.0,1.414
Lafayette,,232130014,,R-10,0,4.0,1.1
Lafayette,,232130013,,R-10,0,4.0,0.64
Lafayette,,232130037,,R-10,0,4.0,0.45
Lafayette,,232130039,,R-10,0,4.0,0.46
Lafayette,,232130038,,R-10,0,4.0,0.65
Lafayette,,232120004,,R-20,0,2.0,4.027
Lafayette,,232120003,,R-20,0,2.0,3.076
Lafayette,,232120005,,R-20,0,2.0,1.427
Lafayette,,232120002,,R-20,0,2.0,1.331
Lafayette,,232130041,,R-10,0,4.0,0.31
Lafayette,,232110002,,R-20,0,2.0,0.0
Lafayette,,232110004,,R-20,0,2.0,0.0
Lafayette,,232140010,,R-20,0,2.0,17.82
Lafayette,,232110003,,R-20,0,2.0,0.0
Lafayette,,232100006,,R-20,0,2.0,2.07
Lafayette,,232100007,,R-20,0,2.0,1.99
Lafayette,,232100005,,R-20,0,2.0,0.92
Lafayette,,232100004,,R-20,0,2.0,1.0
Lafayette,,232100008,,R-20,0,2.0,0.91
Lafayette,,232080021,,R-20,0,2.0,1.953
Lafayette,,232080020,,R-20,0,2.0,3.28
Lafayette,,232090023,,R-20,0,2.0,1.26
Lafayette,,232080005,,R-20,0,2.0,1.25
Lafayette,,232090014,,R-20,0,2.0,1.95
Lafayette,,232090006,,R-20,0,2.0,0.87
Lafayette,,232100010,,R-20,0,2.0,1.97
Lafayette,,232100009,,R-20,0,2.0,3.37
Lafayette,,232090024,,R-20,0,2.0,1.207
Lafayette,,232090004,,R-20,0,2.0,0.18
Lafayette,,232090017,,R-20,0,2.0,0.55
Lafayette,,232090025,,R-20,0,2.0,0.46
Lafayette,,232090001,,LR-10,0,4.0,2.713
Lafayette,,231121010,,R-20,0,2.0,1.02
Lafayette,,231130004,,R-20,0,2.0,0.0
Lafayette,,232160010,,LR-10,0,4.0,99.17
Lafayette,,177010020,,R-10,0,4.0,0.23
Lafayette,,232150028,,APO,20,35.0,1.913
Lafayette,,232150027,,APO,20,35.0,22.263
Lafayette,,232150029,,LR-10,0,4.0,20.749
Lafayette,,232140016,,LR-10,0,4.0,38.14
Lafayette,,233120107,,R-10,0,4.0,4.081
Lafayette,,233133023,,P-1,0,0.0,0.59
Lafayette,,233131035,,A-2,0,0.5,0.383
Lafayette,,233131035,,C-1,0,35.0,0.383
Lafayette,,233230033,,MRA,6,21.0,0.0
Lafayette,,233131031,,MRA,6,21.0,0.93
Lafayette,,233250010,,MRA,6,21.0,0.0
Lafayette,,233250016,,MRA,6,21.0,0.0
Lafayette,,233250018,,MRA,6,21.0,0.0
Lafayette,,233250017,,MRA,6,21.0,0.0
Lafayette,,233250008,,MRA,6,21.0,0.0
Lafayette,,233250019,,MRA,6,21.0,0.0
Lafayette,,233250015,,MRA,6,21.0,0.0
Lafayette,,233250014,,MRA,6,21.0,0.0
Lafayette,,233250006,,MRA,6,21.0,0.0
Lafayette,,233250013,,MRA,6,21.0,0.0
Lafayette,,233250007,,MRA,6,21.0,0.0
Lafayette,,233250005,,MRA,6,21.0,0.0
Lafayette,,233250012,,MRA,6,21.0,0.0
Lafayette,,233250011,,MRA,6,21.0,0.0
Lafayette,,233250004,,MRA,6,21.0,0.0
Lafayette,,233250009,,MRA,6,21.0,0.0
Lafayette,,233250003,,MRA,6,21.0,0.0
Lafayette,,233250002,,MRA,6,21.0,0.0
Lafayette,,233230030,,MRA,6,21.0,0.0
Lafayette,,233230031,,MRA,6,21.0,0.0
Lafayette,,233230028,,MRA,6,21.0,0.0
Lafayette,,233230027,,MRA,6,21.0,0.0
Lafayette,,233230026,,MRA,6,21.0,0.0
Lafayette,,233230020,,MRA,6,21.0,0.0
Lafayette,,233230023,,MRA,6,21.0,0.0
Lafayette,,233230024,,MRA,6,21.0,0.0
Lafayette,,233230021,,MRA,6,21.0,0.0
Lafayette,,233230019,,MRA,6,21.0,0.0
Lafayette,,233230017,,MRA,6,21.0,0.0
Lafayette,,233230014,,MRA,6,21.0,0.0
Lafayette,,233230016,,MRA,6,21.0,0.0
Lafayette,,233230013,,MRA,6,21.0,0.0
Lafayette,,233230012,,MRA,6,21.0,0.0
Lafayette,,233230004,,MRA,6,21.0,0.0
Lafayette,,233230001,,MRA,6,21.0,0.0
Lafayette,,233230007,,MRA,6,21.0,0.0
Lafayette,,233230010,,MRA,6,21.0,0.0
Lafayette,,233230008,,MRA,6,21.0,0.0
Lafayette,,233230009,,MRA,6,21.0,0.0
Lafayette,,233230011,,MRA,6,21.0,0.0
Lafayette,,233230003,,MRA,6,21.0,0.0
Lafayette,,233230002,,MRA,6,21.0,0.0
Lafayette,,233230006,,MRA,6,21.0,0.0
Lafayette,,233230005,,MRA,6,21.0,0.0
Lafayette,,233120046,,MRB,6,21.0,8.22
Lafayette,,233120103,,P-1,0,0.0,2.19
Lafayette,,233120031,,C-1,0,35.0,0.28
Lafayette,,233120008,,C-1,0,35.0,0.29
Lafayette,,233120012,,C-1,0,35.0,0.29
Lafayette,,233120010,,C-1,0,35.0,0.09
Lafayette,,233120011,,C-1,0,35.0,0.25
Lafayette,,233120009,,C-1,0,35.0,0.3
Lafayette,,233120028,,C-1,0,35.0,0.32
Lafayette,,233120006,,C-1,0,35.0,0.41
Lafayette,,233120029,,C-1,0,35.0,0.13
Lafayette,,233120105,,D-1,0,35.0,0.26
Lafayette,,233120104,,D-1,0,35.0,0.25
Lafayette,,233110006,,R-10,0,4.0,0.0
Lafayette,,233110004,,C-1,0,35.0,0.6
Lafayette,,233110003,,C-1,0,35.0,0.17
Lafayette,,233110025,,R-10,0,4.0,0.33
Lafayette,,233110027,,C-1,0,35.0,0.0
Lafayette,,233010007,,C-1,0,35.0,0.713
Lafayette,,233110005,,C-1,0,35.0,0.6
Lafayette,,233010001,,C-1,0,35.0,0.57
Lafayette,,232140004,,R-20,0,2.0,0.5
Lafayette,,232130061,,R-10,0,4.0,0.656
Lafayette,,232130043,,R-10,0,4.0,0.0
Lafayette,,232130049,,R-10,0,4.0,0.0
Lafayette,,232130045,,R-10,0,4.0,0.0
Lafayette,,233010006,,C-1,0,35.0,0.77
Lafayette,,233010004,,C-1,0,35.0,0.59
Lafayette,,233110026,,C-1,0,35.0,0.0
Lafayette,,233110023,,C-1,0,35.0,0.54
Lafayette,,233080056,,C-1,0,35.0,0.0
Lafayette,,233080055,,C-1,0,35.0,0.0
Lafayette,,233022013,,C-1,0,35.0,1.16
Lafayette,,233022014,,C-1,0,35.0,0.27
Lafayette,,233022008,,C-1,0,35.0,0.0
Lafayette,,233022003,,C-1,0,35.0,0.0
Lafayette,,233022005,,C-1,0,35.0,0.28
Lafayette,,233022004,,C-1,0,35.0,0.0
Lafayette,,233021016,,C-1,0,35.0,0.0
Lafayette,,233021019,,C-1,0,35.0,0.431
Lafayette,,233021002,,C-1,0,35.0,0.0
Lafayette,,233022006,,C-1,0,35.0,0.0
Lafayette,,233022010,,C-1,0,35.0,0.46
Lafayette,,232130058,,R-10,0,4.0,0.0
Lafayette,,232130065,,R-10,0,4.0,0.325
Lafayette,,232130064,,R-10,0,4.0,0.449
Lafayette,,232130055,,R-10,0,4.0,0.392
Lafayette,,232130054,,R-10,0,4.0,0.0
Lafayette,,232130053,,R-10,0,4.0,0.0
Lafayette,,233021017,,C-1,0,35.0,0.0
Lafayette,,233021009,,C-1,0,35.0,0.0
Lafayette,,233021011,,C-1,0,35.0,0.0
Lafayette,,233021012,,C-1,0,35.0,0.0
Lafayette,,233032003,,C-1,0,35.0,0.0
Lafayette,,233032002,,C-1,0,35.0,0.0
Lafayette,,233032022,,C-1,0,35.0,0.0
Lafayette,,233032013,,C-1,0,35.0,0.0
Lafayette,,233032016,,C-1,0,35.0,0.0
Lafayette,,233032028,,C-1,0,35.0,0.147
Lafayette,,233032029,,C-1,0,35.0,0.15
Lafayette,,233032017,,C-1,0,35.0,0.0
Lafayette,,233032018,,C-1,0,35.0,0.0
Lafayette,,233031016,,C-1,0,35.0,0.0
Lafayette,,233031013,,C-1,0,35.0,0.0
Lafayette,,233032026,,C-1,0,35.0,0.0
Lafayette,,233032027,,C-1,0,35.0,0.0
Lafayette,,233032031,,C-1,0,35.0,0.0
Lafayette,,233032032,,C-1,0,35.0,0.0
Lafayette,,233032033,,C-1,0,35.0,0.0
Lafayette,,233032023,,C-1,0,35.0,0.0
Lafayette,,233032014,,C-1,0,35.0,0.0
Lafayette,,233032006,,C-1,0,35.0,0.0
Lafayette,,233032024,,C-1,0,35.0,0.0
Lafayette,,233260013,,C-1,0,35.0,0.0
Lafayette,,233074057,,C-1,0,35.0,0.16
Lafayette,,233074056,,C-1,0,35.0,0.2
Lafayette,,233032025,,C-1,0,35.0,1.04
Lafayette,,233021007,,C-1,0,35.0,0.0
Lafayette,,233021006,,C-1,0,35.0,0.0
Lafayette,,233021005,,C-1,0,35.0,0.0
Lafayette,,233021014,,C-1,0,35.0,0.0
Lafayette,,233074030,,C-1,0,35.0,0.0
Lafayette,,233071005,,C-1,0,35.0,0.0
Lafayette,,233073001,,R-6,0,7.3,0.0
Lafayette,,233074031,,R-6,0,7.3,0.0
Lafayette,,233074029,,C-1,0,35.0,0.0
Lafayette,,233074027,,C-1,0,35.0,0.15
Lafayette,,233074028,,C-1,0,35.0,0.0
Lafayette,,233074026,,C-1,0,35.0,0.22
Lafayette,,233074025,,D-1,0,35.0,0.19
Lafayette,,233074023,,D-1,0,35.0,0.15
Lafayette,,233074024,,D-1,0,35.0,0.23
Lafayette,,233074008,,R-6,0,7.3,0.17
Lafayette,,233074009,,R-6,0,7.3,0.14
Lafayette,,233074010,,R-6,0,7.3,0.1
Lafayette,,233074033,,R-6,0,7.3,0.0
Lafayette,,233074032,,R-6,0,7.3,0.0
Lafayette,,233073012,,R-6,0,7.3,0.0
Lafayette,,233074034,,R-6,0,7.3,0.0
Lafayette,,233074045,,D-1,0,35.0,0.0
Lafayette,,233074046,,D-1,0,35.0,0.0
Lafayette,,233074035,,R-6,0,7.3,0.0
Lafayette,,233074036,,R-6,0,7.3,0.0
Lafayette,,233074037,,R-6,0,7.3,0.0
Lafayette,,233073009,,R-6,0,7.3,0.0
Lafayette,,233073008,,R-6,0,7.3,0.0
Lafayette,,233073006,,R-6,0,7.3,0.0
Lafayette,,233073005,,R-6,0,7.3,0.0
Lafayette,,233073010,,R-6,0,7.3,0.0
Lafayette,,233073011,,R-6,0,7.3,0.0
Lafayette,,233073003,,R-6,0,7.3,0.0
Lafayette,,233073004,,R-6,0,7.3,0.0
Lafayette,,233072008,,R-6,0,7.3,0.0
Lafayette,,233072003,,R-6,0,7.3,0.0
Lafayette,,233080011,,R-6,0,7.3,0.0
Lafayette,,233080012,,R-6,0,7.3,0.0
Lafayette,,233080006,,R-6,0,7.3,0.0
Lafayette,,233072005,,R-6,0,7.3,0.0
Lafayette,,233072004,,R-6,0,7.3,0.0
Lafayette,,233073002,,R-6,0,7.3,0.0
Lafayette,,233071004,,C-1,0,35.0,0.0
Lafayette,,233072006,,R-6,0,7.3,0.0
Lafayette,,233071002,,C-1,0,35.0,0.0
Lafayette,,233071003,,C-1,0,35.0,0.0
Lafayette,,233080057,,C-1,0,35.0,0.0
Lafayette,,233080058,,C-1,0,35.0,0.0
Lafayette,,233080008,,R-6,0,7.3,0.0
Lafayette,,233080007,,R-6,0,7.3,0.0
Lafayette,,233080009,,R-6,0,7.3,0.0
Lafayette,,233080010,,R-6,0,7.3,0.0
Lafayette,,233080047,,R-6,0,7.3,0.0
Lafayette,,233080048,,R-6,0,7.3,0.0
Lafayette,,233080049,,R-6,0,7.3,0.0
Lafayette,,233080021,,R-6,0,7.3,0.0
Lafayette,,233080020,,R-6,0,7.3,0.0
Lafayette,,233080045,,C-1,0,35.0,0.0
Lafayette,,233080051,,C-1,0,35.0,0.0
Lafayette,,233080052,,C-1,0,35.0,0.0
Lafayette,,233080053,,C-1,0,35.0,0.0
Lafayette,,233080022,,R-6,0,7.3,0.0
Lafayette,,233080023,,R-6,0,7.3,0.0
Lafayette,,233080025,,R-6,0,7.3,0.0
Lafayette,,233080024,,R-6,0,7.3,0.0
Lafayette,,233080040,,R-6,0,7.3,0.0
Lafayette,,233080039,,R-6,0,7.3,0.0
Lafayette,,233080037,,R-6,0,7.3,0.0
Lafayette,,233080038,,R-6,0,7.3,0.0
Lafayette,,233080026,,R-6,0,7.3,0.0
Lafayette,,233080027,,R-6,0,7.3,0.0
Lafayette,,233080036,,R-6,0,7.3,0.0
Lafayette,,233080035,,R-6,0,7.3,0.0
Lafayette,,233080034,,R-6,0,7.3,0.0
Lafayette,,233080033,,R-6,0,7.3,0.0
Lafayette,,233080030,,R-6,0,7.3,0.0
Lafayette,,233080031,,R-6,0,7.3,0.0
Lafayette,,233080029,,R-6,0,7.3,0.0
Lafayette,,233080028,,R-6,0,7.3,0.0
Lafayette,,233080046,,R-6,0,7.3,0.0
Lafayette,,233080017,,R-6,0,7.3,0.0
Lafayette,,233080015,,R-6,0,7.3,0.0
Lafayette,,233080016,,R-6,0,7.3,0.0
Lafayette,,233091019,,R-6,0,7.3,0.0
Lafayette,,233091020,,R-6,0,7.3,0.0
Lafayette,,233091023,,R-6,0,7.3,0.0
Lafayette,,233091022,,R-6,0,7.3,0.0
Lafayette,,233091021,,R-6,0,7.3,0.0
Lafayette,,233080014,,R-6,0,7.3,2.0
Lafayette,,233080013,,R-6,0,7.3,0.0
Lafayette,,233072009,,R-6,0,7.3,0.0
Lafayette,,233073007,,R-6,0,7.3,0.0
Lafayette,,233074041,,R-6,0,7.3,0.0
Lafayette,,233074040,,R-6,0,7.3,0.0
Lafayette,,233074042,,R-6,0,7.3,0.0
Lafayette,,233091030,,R-6,0,7.3,0.35901697944221445
Lafayette,,233074043,,R-6,0,7.3,0.0
Lafayette,,233091029,,R-6,0,7.3,0.3154900140891909
Lafayette,,233091028,,R-6,0,7.3,0.2646056816847975
Lafayette,,233091031,,R-6,0,7.3,0.313144571555777
Lafayette,,233092003,,R-6,0,7.3,0.18751525459780163
Lafayette,,233092004,,R-6,0,7.3,0.1328200852337306
Lafayette,,233092018,,R-6,0,7.3,0.13720294788595505
Lafayette,,233092017,,R-6,0,7.3,0.13173615342121606
Lafayette,,233092005,,R-6,0,7.3,0.26688942687012823
Lafayette,,233092016,,R-6,0,7.3,0.11580154177070189
Lafayette,,233091026,,R-6,0,7.3,0.2821694664618845
Lafayette,,233091027,,R-6,0,7.3,0.24379687951913517
Lafayette,,233092007,,R-6,0,7.3,0.28516512883131023
Lafayette,,233091025,,R-6,0,7.3,0.32295629738293385
Lafayette,,233091024,,R-6,0,7.3,0.0
Lafayette,,233092009,,R-6,0,7.3,0.20215285056648696
Lafayette,,233092008,,R-6,0,7.3,0.27649952320799337
Lafayette,,233092010,,R-6,0,7.3,0.17102226318131797
Lafayette,,233092011,,R-6,0,7.3,0.21551217994339528
Lafayette,,233092012,,R-6,0,7.3,0.21618421555535397
Lafayette,,233092013,,R-6,0,7.3,0.21108711962996196
Lafayette,,233092014,,R-6,0,7.3,0.21580178067054953
Lafayette,,233092006,,R-6,0,7.3,0.25874507846120554
Lafayette,,233092015,,R-6,0,7.3,0.19139498559480037
Lafayette,,234280008,,R-6,0,7.3,0.21019327468345086
Lafayette,,234280007,,R-6,0,7.3,0.2094409022296969
Lafayette,,234280009,,R-6,0,7.3,0.21724765627640422
Lafayette,,234280011,,R-6,0,7.3,0.2324628009589142
Lafayette,,234280010,,R-6,0,7.3,0.22640757674250137
Lafayette,,234280012,,R-6,0,7.3,0.3187989034327589
Lafayette,,234280013,,R-6,0,7.3,0.3450357612969227
Lafayette,,234280021,,R-6,0,7.3,0.2103806472727931
Lafayette,,234280020,,R-6,0,7.3,0.17956382455257994
Lafayette,,233091005,,R-6,0,7.3,0.3180441320691288
Lafayette,,234280015,,R-6,0,7.3,0.2647609850522079
Lafayette,,234280014,,R-6,0,7.3,0.2576403997255981
Lafayette,,233091006,,R-6,0,7.3,0.235461589895306
Lafayette,,233091003,,R-6,0,7.3,0.35201668731662517
Lafayette,,233091002,,R-6,0,7.3,0.3404056152683344
Lafayette,,233091001,,R-6,0,7.3,0.44863538574707323
Lafayette,,233091008,,R-6,0,7.3,0.3907667737292214
Lafayette,,233091007,,R-6,0,7.3,0.3812174636628935
Lafayette,,233091004,,R-6,0,7.3,0.35726459475175437
Lafayette,,233091009,,R-6,0,7.3,0.32198134098769227
Lafayette,,233091010,,R-6,0,7.3,0.3158810524195251
Lafayette,,233091011,,R-6,0,7.3,0.2969052142286204
Lafayette,,233091013,,R-6,0,7.3,0.0
Lafayette,,233091012,,R-6,0,7.3,0.34013155791197197
Lafayette,,233091014,,R-6,0,7.3,0.0
Lafayette,,233102008,,R-10,0,4.0,0.77
Lafayette,,233101021,,R-10,0,4.0,0.27416230793534063
Lafayette,,233101027,,R-10,0,4.0,0.29094729379912004
Lafayette,,233101022,,R-10,0,4.0,0.2226101238516015
Lafayette,,233101020,,R-10,0,4.0,0.4173468431012343
Lafayette,,233101019,,R-10,0,4.0,0.2665095768617708
Lafayette,,233101018,,R-10,0,4.0,0.2644900881373294
Lafayette,,233101017,,R-10,0,4.0,0.0
Lafayette,,233101016,,R-10,0,4.0,0.0
Lafayette,,233101029,,R-10,0,4.0,0.37
Lafayette,,233101030,,R-10,0,4.0,0.4
Lafayette,,233101010,,R-10,0,4.0,0.33333015964134516
Lafayette,,233101011,,R-10,0,4.0,0.0
Lafayette,,233160030,,R-10,0,4.0,0.0
Lafayette,,233160031,,R-10,0,4.0,0.0
Lafayette,,233101015,,R-10,0,4.0,0.0
Lafayette,,233101012,,R-10,0,4.0,0.0
Lafayette,,233150013,,R-10,0,4.0,0.0
Lafayette,,233150016,,R-10,0,4.0,0.0
Lafayette,,233150015,,R-10,0,4.0,0.0
Lafayette,,233150014,,R-10,0,4.0,0.0
Lafayette,,233101013,,R-10,0,4.0,0.0
Lafayette,,233101014,,R-10,0,4.0,0.0
Lafayette,,233091015,,R-6,0,7.3,0.0
Lafayette,,233091016,,R-6,0,7.3,0.0
Lafayette,,233091017,,R-6,0,7.3,0.0
Lafayette,,233080032,,R-6,0,7.3,0.0
Lafayette,,233091018,,R-6,0,7.3,0.0
Lafayette,,233102009,,R-10,0,4.0,4.98
Lafayette,,233110015,,R-10,0,4.0,0.0
Lafayette,,233110014,,R-10,0,4.0,0.3
Lafayette,,233110013,,R-10,0,4.0,0.3
Lafayette,,233110024,,R-10,0,4.0,0.3
Lafayette,,233110011,,R-10,0,4.0,0.3
Lafayette,,233110010,,R-10,0,4.0,0.0
Lafayette,,233110007,,R-10,0,4.0,0.0
Lafayette,,233110008,,R-10,0,4.0,0.0
Lafayette,,233120003,,R-10,0,4.0,0.25
Lafayette,,233120002,,R-10,0,4.0,0.23
Lafayette,,233110009,,R-10,0,4.0,0.0
Lafayette,,233110017,,R-10,0,4.0,0.0
Lafayette,,233110016,,R-10,0,4.0,0.0
Lafayette,,233150017,,R-10,0,4.0,0.0
Lafayette,,233150018,,R-10,0,4.0,0.0
Lafayette,,233150019,,R-10,0,4.0,0.0
Lafayette,,233150026,,R-10,0,4.0,0.8
Lafayette,,233120051,,MRB,6,21.0,0.0
Lafayette,,233120052,,MRB,6,21.0,0.0
Lafayette,,233120049,,MRB,6,21.0,0.0
Lafayette,,233120047,,MRB,6,21.0,0.0
Lafayette,,233120048,,MRB,6,21.0,0.0
Lafayette,,233120050,,MRB,6,21.0,0.0
Lafayette,,233120053,,MRB,6,21.0,0.0
Lafayette,,233120060,,MRB,6,21.0,0.0
Lafayette,,233120059,,MRB,6,21.0,0.0
Lafayette,,233120058,,MRB,6,21.0,0.0
Lafayette,,233120057,,MRB,6,21.0,0.0
Lafayette,,233120056,,MRB,6,21.0,0.0
Lafayette,,233120055,,MRB,6,21.0,0.0
Lafayette,,233120054,,MRB,6,21.0,0.0
Lafayette,,233120086,,MRB,6,21.0,0.0
Lafayette,,233120087,,MRB,6,21.0,0.0
Lafayette,,233120088,,MRB,6,21.0,0.0
Lafayette,,233120092,,MRB,6,21.0,0.0
Lafayette,,233120091,,MRB,6,21.0,0.0
Lafayette,,233120090,,MRB,6,21.0,0.0
Lafayette,,233120089,,MRB,6,21.0,0.0
Lafayette,,233120093,,MRB,6,21.0,0.0
Lafayette,,233120095,,MRB,6,21.0,0.0
Lafayette,,233120094,,MRB,6,21.0,0.0
Lafayette,,233120096,,MRB,6,21.0,0.0
Lafayette,,233120097,,MRB,6,21.0,0.0
Lafayette,,233120100,,MRB,6,21.0,0.0
Lafayette,,233120101,,MRB,6,21.0,0.0
Lafayette,,233120099,,MRB,6,21.0,0.0
Lafayette,,233120098,,MRB,6,21.0,0.0
Lafayette,,233150027,,R-10,0,4.0,0.5
Lafayette,,233150012,,R-10,0,4.0,0.0
Lafayette,,233150022,,R-10,0,4.0,0.3
Lafayette,,233150020,,R-10,0,4.0,0.34
Lafayette,,233150011,,R-10,0,4.0,0.0
Lafayette,,233150010,,R-10,0,4.0,0.0
Lafayette,,233150008,,R-10,0,4.0,0.37
Lafayette,,233160032,,R-10,0,4.0,0.0
Lafayette,,233160035,,R-10,0,4.0,0.47
Lafayette,,233160033,,R-10,0,4.0,0.0
Lafayette,,233160034,,R-10,0,4.0,0.0
Lafayette,,233150007,,R-10,0,4.0,0.24
Lafayette,,233150031,,R-10,0,4.0,0.77
Lafayette,,233150030,,R-10,0,4.0,0.22
Lafayette,,233150003,,R-10,0,4.0,0.44
Lafayette,,233150037,,R-10,0,4.0,1.01
Lafayette,,233120085,,MRB,6,21.0,0.0
Lafayette,,233120083,,MRB,6,21.0,0.0
Lafayette,,233120084,,MRB,6,21.0,0.0
Lafayette,,233120082,,MRB,6,21.0,0.0
Lafayette,,233120078,,MRB,6,21.0,0.0
Lafayette,,233120079,,MRB,6,21.0,0.0
Lafayette,,233120081,,MRB,6,21.0,0.0
Lafayette,,233120080,,MRB,6,21.0,0.0
Lafayette,,233120063,,MRB,6,21.0,0.0
Lafayette,,233120062,,MRB,6,21.0,0.0
Lafayette,,233120061,,MRB,6,21.0,0.0
Lafayette,,233120066,,MRB,6,21.0,0.0
Lafayette,,233120067,,MRB,6,21.0,0.0
Lafayette,,233120065,,MRB,6,21.0,0.0
Lafayette,,233120064,,MRB,6,21.0,0.0
Lafayette,,233120069,,MRB,6,21.0,0.0
Lafayette,,233120068,,MRB,6,21.0,0.0
Lafayette,,233120071,,MRB,6,21.0,0.0
Lafayette,,233120072,,MRB,6,21.0,0.0
Lafayette,,233120073,,MRB,6,21.0,0.0
Lafayette,,233120070,,MRB,6,21.0,0.0
Lafayette,,233120077,,MRB,6,21.0,0.0
Lafayette,,233120076,,MRB,6,21.0,0.0
Lafayette,,233230015,,MRA,6,21.0,0.0
Lafayette,,233120106,,MRB,6,21.0,0.0
Lafayette,,233140016,,R-15,0,2.9,3.101
Lafayette,,233120074,,MRB,6,21.0,0.0
Lafayette,,233120075,,MRB,6,21.0,0.0
Lafayette,,233150038,,R-10,0,4.0,1.13
Lafayette,,233140010,,R-15,0,2.9,1.98
Lafayette,,233230018,,MRA,6,21.0,0.0
Lafayette,,233230022,,MRA,6,21.0,0.0
Lafayette,,233230025,,MRA,6,21.0,0.0
Lafayette,,233230029,,MRA,6,21.0,0.0
Lafayette,,233230032,,MRA,6,21.0,0.0
Lafayette,,233140017,,R-15,0,2.9,2.049
Lafayette,,233140005,,R-15,0,2.9,0.0
Lafayette,,233140018,,R-15,0,2.9,1.79
Lafayette,,233211016,,R-15,0,2.9,0.0
Lafayette,,233211018,,R-15,0,2.9,0.0
Lafayette,,233211019,,R-15,0,2.9,0.0
Lafayette,,233211015,,R-15,0,2.9,0.0
Lafayette,,233211034,,R-15,0,2.9,0.0
Lafayette,,233211035,,R-15,0,2.9,0.0
Lafayette,,233211033,,R-15,0,2.9,0.0
Lafayette,,233211032,,R-15,0,2.9,0.0
Lafayette,,233211030,,R-15,0,2.9,0.0
Lafayette,,233211031,,R-15,0,2.9,0.0
Lafayette,,233211022,,R-15,0,2.9,0.0
Lafayette,,233211021,,R-15,0,2.9,0.0
Lafayette,,233211020,,R-15,0,2.9,0.0
Lafayette,,233150023,,R-10,0,4.0,0.25
Lafayette,,233150036,,R-10,0,4.0,0.31
Lafayette,,233160043,,R-10,0,4.0,0.33
Lafayette,,233160044,,R-10,0,4.0,0.36
Lafayette,,233150024,,R-10,0,4.0,0.3
Lafayette,,233160041,,R-10,0,4.0,0.05
Lafayette,,233160042,,R-10,0,4.0,0.64
Lafayette,,233160039,,R-10,0,4.0,0.47
Lafayette,,233160036,,R-10,0,4.0,0.3
Lafayette,,233160040,,R-10,0,4.0,0.003
Lafayette,,233211023,,R-15,0,2.9,0.46188908548095636
Lafayette,,233160045,,R-10,0,4.0,0.31
Lafayette,,233160046,,R-10,0,4.0,0.53
Lafayette,,233200034,,R-20,0,2.0,2.64
Lafayette,,233211024,,R-15,0,2.9,0.335923669926017
Lafayette,,233211043,,R-15,0,2.9,0.5110200538371011
Lafayette,,233211044,,R-15,0,2.9,0.3956391565618213
Lafayette,,233211028,,R-15,0,2.9,0.5903328451299104
Lafayette,,233211029,,R-15,0,2.9,0.35358299047026204
Lafayette,,233200028,,R-20,0,2.0,0.72
Lafayette,,233200037,,R-20,0,2.0,2.38
Lafayette,,233191003,,R-20,0,2.0,0.5
Lafayette,,233191024,,R-20,0,2.0,0.76
Lafayette,,233191025,,R-20,0,2.0,0.57
Lafayette,,233191023,,R-20,0,2.0,1.38
Lafayette,,233191021,,R-20,0,2.0,0.8188341422270639
Lafayette,,233191022,,R-20,0,2.0,0.5163114665019443
Lafayette,,233191009,,R-20,0,2.0,0.39
Lafayette,,233191012,,R-20,0,2.0,1.01
Lafayette,,233191005,,R-20,0,2.0,0.5
Lafayette,,233191018,,R-20,0,2.0,0.534584605018881
Lafayette,,233191017,,R-20,0,2.0,0.6190782776903008
Lafayette,,233160001,,R-10,0,4.0,0.7752215383531664
Lafayette,,233160003,,R-10,0,4.0,0.23556448861818674
Lafayette,,233160004,,R-10,0,4.0,0.26907133129138916
Lafayette,,233160002,,R-10,0,4.0,0.3623446109862433
Lafayette,,233160048,,R-10,0,4.0,0.6763303453470404
Lafayette,,233160005,,R-10,0,4.0,0.30067698378571855
Lafayette,,233160006,,R-10,0,4.0,0.29599514055168885
Lafayette,,233160007,,R-10,0,4.0,0.2301403697308901
Lafayette,,233160014,,R-10,0,4.0,0.27284623185162155
Lafayette,,233160015,,R-10,0,4.0,0.23471061905417037
Lafayette,,233160022,,R-10,0,4.0,0.24465657728984974
Lafayette,,233160021,,R-10,0,4.0,0.24870315153769756
Lafayette,,233160016,,R-10,0,4.0,0.2391974587068047
Lafayette,,233160020,,R-10,0,4.0,0.2630715150637061
Lafayette,,233160017,,R-10,0,4.0,0.2862928331514316
Lafayette,,233160018,,R-10,0,4.0,0.2730824783742937
Lafayette,,233160051,,R-10,0,4.0,0.6016574610493708
Lafayette,,233160023,,R-10,0,4.0,0.23926711801403247
Lafayette,,233160024,,R-10,0,4.0,0.24453350845016664
Lafayette,,233160025,,R-10,0,4.0,0.2480459512456786
Lafayette,,233160026,,R-10,0,4.0,0.2461386594030033
Lafayette,,233160038,,R-10,0,4.0,0.63
Lafayette,,233160037,,R-10,0,4.0,0.3
Lafayette,,233160050,,R-10,0,4.0,0.0
Lafayette,,233160049,,R-10,0,4.0,0.24066375734996148
Lafayette,,233160027,,R-10,0,4.0,0.2471581862366859
Lafayette,,233101007,,R-10,0,4.0,0.31083307765391255
Lafayette,,233101005,,R-10,0,4.0,0.2923579970484805
Lafayette,,233101006,,R-10,0,4.0,0.3071590434207479
Lafayette,,233101028,,R-10,0,4.0,0.24809402694607016
Lafayette,,233101025,,R-10,0,4.0,0.23521237889477237
Lafayette,,233101001,,R-10,0,4.0,0.25623326868609836
Lafayette,,233101002,,R-10,0,4.0,0.27321030924276957
Lafayette,,233101026,,R-10,0,4.0,0.28052312812397234
Lafayette,,233101004,,R-10,0,4.0,0.2564534489498933
Lafayette,,233160013,,R-10,0,4.0,0.23756509901044187
Lafayette,,233101003,,R-10,0,4.0,0.2783666425379626
Lafayette,,233160011,,R-10,0,4.0,0.33263839618452656
Lafayette,,233160012,,R-10,0,4.0,0.25729517844576005
Lafayette,,233160010,,R-10,0,4.0,0.3147908014801948
Lafayette,,233160047,,R-10,0,4.0,0.3058694974031191
Lafayette,,233170009,,R-10,0,4.0,0.3864819448014521
Lafayette,,233170010,,R-10,0,4.0,0.23594169204918577
Lafayette,,233170011,,R-10,0,4.0,0.21053849823107157
Lafayette,,233170012,,R-10,0,4.0,0.4224585603991913
Lafayette,,233102007,,R-10,0,4.0,0.279328432835843
Lafayette,,233102010,,R-10,0,4.0,0.30867551595468856
Lafayette,,233102006,,R-10,0,4.0,0.22402685622028398
Lafayette,,233102011,,R-10,0,4.0,0.2514199648605117
Lafayette,,233102003,,R-10,0,4.0,0.311048156955177
Lafayette,,233170013,,R-10,0,4.0,0.4306311249942297
Lafayette,,233170028,,R-6,0,7.3,0.31
Lafayette,,233170036,,R-6,0,7.3,0.345
Lafayette,,233170033,,R-6,0,7.3,0.17096746190399895
Lafayette,,233170030,,R-6,0,7.3,0.18286214055985447
Lafayette,,234280042,,R-6,0,7.3,0.21363424432686245
Lafayette,,234280043,,R-6,0,7.3,0.17832282000809344
Lafayette,,234280019,,R-6,0,7.3,0.17385677055219093
Lafayette,,234280018,,R-6,0,7.3,0.20600464654300032
Lafayette,,234170047,,R-6,0,7.3,0.19908892981771031
Lafayette,,234170046,,R-6,0,7.3,0.17179786675231262
Lafayette,,234170045,,R-6,0,7.3,0.17470404273613047
Lafayette,,233170029,,R-6,0,7.3,0.15
Lafayette,,233170023,,R-6,0,7.3,0.20151151951560822
Lafayette,,233170017,,R-6,0,7.3,0.3979436201290565
Lafayette,,234170043,,R-6,0,7.3,0.17443226864069178
Lafayette,,234170044,,R-6,0,7.3,0.17093811980082718
Lafayette,,234170042,,R-6,0,7.3,0.17509833707885492
Lafayette,,234170040,,R-6,0,7.3,0.15794940563091237
Lafayette,,234170041,,R-6,0,7.3,0.17179359144202577
Lafayette,,233170019,,R-6,0,7.3,0.4510380183209657
Lafayette,,233170018,,R-6,0,7.3,0.42101715040217924
Lafayette,,233170020,,R-6,0,7.3,0.4729928693022702
Lafayette,,233170008,,R-10,0,4.0,0.4760230104590001
Lafayette,,233170007,,R-10,0,4.0,0.3898365254149744
Lafayette,,233170003,,R-10,0,4.0,0.3780285850745983
Lafayette,,233170021,,R-6,0,7.3,0.4383884509505455
Lafayette,,233170022,,R-6,0,7.3,1.2964295775449373
Lafayette,,234170039,,R-6,0,7.3,0.22214289965029427
Lafayette,,234170023,,R-6,0,7.3,0.3202304799213335
Lafayette,,234170024,,R-6,0,7.3,0.3779750219184019
Lafayette,,234170025,,R-6,0,7.3,0.8275046205957618
Lafayette,,234170026,,R-6,0,7.3,0.7766710232349862
Lafayette,,234170061,,R-6,0,7.3,0.81
Lafayette,,234170053,,R-6,0,7.3,0.4950930016095132
Lafayette,,234170060,,R-6,0,7.3,0.486
Lafayette,,234170050,,R-6,0,7.3,0.7690037591247791
Lafayette,,234180024,,R-20,0,2.0,0.8579339118960253
Lafayette,,233220001,,R-20,0,2.0,0.75
Lafayette,,233180017,,R-20,0,2.0,0.4523995591815547
Lafayette,,233180007,,R-20,0,2.0,0.62
Lafayette,,233180016,,R-20,0,2.0,0.5299548123421017
Lafayette,,233170004,,R-10,0,4.0,0.5495166549213535
Lafayette,,233170005,,R-10,0,4.0,0.3632522580661762
Lafayette,,233180006,,R-20,0,2.0,0.5
Lafayette,,233180005,,R-20,0,2.0,0.64
Lafayette,,233170006,,R-10,0,4.0,0.3853353112236914
Lafayette,,233170002,,R-10,0,4.0,0.2579297421034465
Lafayette,,233170034,,R-10,0,4.0,0.45
Lafayette,,233170035,,R-10,0,4.0,0.27
Lafayette,,233170026,,R-10,0,4.0,0.2440121066973039
Lafayette,,233180008,,R-20,0,2.0,0.62
Lafayette,,233191016,,R-20,0,2.0,0.59686582073017
Lafayette,,233191015,,R-20,0,2.0,0.6
Lafayette,,233180001,,R-20,0,2.0,0.32
Lafayette,,233180002,,R-20,0,2.0,0.54
Lafayette,,233180003,,R-20,0,2.0,0.5
Lafayette,,233180011,,R-20,0,2.0,0.45
Lafayette,,233180010,,R-20,0,2.0,0.55
Lafayette,,233180004,,R-20,0,2.0,0.68
Lafayette,,233180009,,R-20,0,2.0,0.62
Lafayette,,185190006,,R-20,0,2.0,3.796
Lafayette,,233220005,,R-20,0,2.0,0.39
Lafayette,,233220006,,R-20,0,2.0,0.6319631083048456
Lafayette,,233220008,,R-20,0,2.0,0.5539854020162476
Lafayette,,233220009,,R-20,0,2.0,0.7488491032841302
Lafayette,,233180013,,R-20,0,2.0,0.44
Lafayette,,233180012,,R-20,0,2.0,0.6
Lafayette,,233180014,,R-20,0,2.0,0.47
Lafayette,,233220003,,R-20,0,2.0,0.81
Lafayette,,233220002,,R-20,0,2.0,0.89
Lafayette,,234180007,,R-20,0,2.0,0.87
Lafayette,,234180022,,R-20,0,2.0,0.8950735605743456
Lafayette,,234180008,,R-20,0,2.0,0.5
Lafayette,,234180009,,R-20,0,2.0,0.2
Lafayette,,234180020,,R-20,0,2.0,1.216954121057698
Lafayette,,238060011,,R-20,0,2.0,0.05383953637173
Lafayette,,234180010,,R-20,0,2.0,0.27
Lafayette,,238060021,,R-20,0,2.0,0.525
Lafayette,,238060017,,R-20,0,2.0,0.62
Lafayette,,234180019,,R-20,0,2.0,1.040664351475181
Lafayette,,238060012,,R-20,0,2.0,0.636
Lafayette,,238070012,,R-20,0,2.0,2.671
Lafayette,,238060013,,R-20,0,2.0,0.11
Lafayette,,234180017,,R-20,0,2.0,0.9962113181316063
Lafayette,,234180025,,R-20,0,2.0,1.36
Lafayette,,234240019,,R-20,0,2.0,0.45
Lafayette,,234180018,,R-20,0,2.0,0.6698227287317272
Lafayette,,234180015,,R-20,0,2.0,0.81
Lafayette,,234180001,,R-20,0,2.0,0.56
Lafayette,,234240005,,R-20,0,2.0,0.48
Lafayette,,234240013,,R-20,0,2.0,0.48
Lafayette,,234240012,,R-20,0,2.0,0.43
Lafayette,,234190014,,R-20,0,2.0,0.49
Lafayette,,234240023,,R-20,0,2.0,0.92
Lafayette,,234190013,,R-20,0,2.0,0.48
Lafayette,,234190029,,R-20,0,2.0,0.567
Lafayette,,234180002,,R-20,0,2.0,0.56
Lafayette,,234180021,,R-20,0,2.0,1.1771477530074854
Lafayette,,234180014,,R-20,0,2.0,0.54
Lafayette,,234180003,,R-20,0,2.0,0.55
Lafayette,,234180023,,R-20,0,2.0,0.7929018880630463
Lafayette,,234180004,,R-20,0,2.0,0.57
Lafayette,,234180005,,R-20,0,2.0,0.72
Lafayette,,234190027,,R-20,0,2.0,0.48
Lafayette,,234190010,,R-20,0,2.0,0.4
Lafayette,,234190009,,R-20,0,2.0,0.41
Lafayette,,234190008,,R-20,0,2.0,0.69
Lafayette,,234190028,,R-20,0,2.0,0.5
Lafayette,,234190030,,R-20,0,2.0,0.545
Lafayette,,234190026,,R-20,0,2.0,0.83
Lafayette,,234190023,,R-20,0,2.0,0.95
Lafayette,,234190003,,R-20,0,2.0,0.54
Lafayette,,234190007,,R-20,0,2.0,0.92
Lafayette,,234190004,,R-20,0,2.0,0.5
Lafayette,,234190031,,R-20,0,2.0,0.254
Lafayette,,234200001,,R-20,0,2.0,1.4
Lafayette,,234190032,,R-20,0,2.0,0.353
Lafayette,,234200002,,R-20,0,2.0,0.9
Lafayette,,234200021,,R-20,0,2.0,0.52
Lafayette,,234200022,,R-20,0,2.0,0.83
Lafayette,,234160010,,R-20,0,2.0,0.56
Lafayette,,234160006,,R-20,0,2.0,1.04
Lafayette,,234160005,,R-20,0,2.0,0.48
Lafayette,,234160009,,R-20,0,2.0,0.66
Lafayette,,234160008,,R-20,0,2.0,0.47
Lafayette,,234170034,,R-6,0,7.3,0.52
Lafayette,,234160004,,R-20,0,2.0,1.24
Lafayette,,234170032,,R-6,0,7.3,0.44
Lafayette,,234170059,,R-6,0,7.3,2.377
Lafayette,,234170033,,R-6,0,7.3,0.5
Lafayette,,234170057,,R-6,0,7.3,0.51
Lafayette,,234170063,,R-6,0,7.3,1.057
Lafayette,,234170004,,R-6,0,7.3,0.5317536953622783
Lafayette,,234170007,,R-6,0,7.3,0.30154019696745493
Lafayette,,234170056,,R-6,0,7.3,0.5919429384992654
Lafayette,,234170055,,R-6,0,7.3,1.5541066350906734
Lafayette,,234170022,,R-6,0,7.3,0.27408494866253996
Lafayette,,234170021,,R-6,0,7.3,0.2360596518670673
Lafayette,,234170020,,R-6,0,7.3,0.22761206521086674
Lafayette,,234170019,,R-6,0,7.3,0.21828206437786793
Lafayette,,234170018,,R-6,0,7.3,0.2218991883653941
Lafayette,,234170017,,R-6,0,7.3,0.2201982414074958
Lafayette,,234170008,,R-6,0,7.3,0.2773750225314607
Lafayette,,234170009,,R-6,0,7.3,0.2684058953954137
Lafayette,,234170014,,R-6,0,7.3,0.2620682603218834
Lafayette,,234170016,,R-6,0,7.3,0.22245063114939154
Lafayette,,234170015,,R-6,0,7.3,0.2367098241301447
Lafayette,,234280026,,R-6,0,7.3,0.2540702710407359
Lafayette,,234280027,,R-6,0,7.3,0.20827712153548184
Lafayette,,234170013,,R-6,0,7.3,0.226570242602412
Lafayette,,234170011,,R-6,0,7.3,0.18833397832777699
Lafayette,,234170010,,R-6,0,7.3,0.2232713333115592
Lafayette,,234170012,,R-6,0,7.3,0.24154025263507442
Lafayette,,234100037,,R-6,0,7.3,0.3777453367523967
Lafayette,,234100029,,R-6,0,7.3,0.23082780292697716
Lafayette,,234100030,,R-6,0,7.3,0.22621857768823353
Lafayette,,234100031,,R-6,0,7.3,0.253078651502404
Lafayette,,234170002,,R-6,0,7.3,0.32360444989129106
Lafayette,,234170003,,R-6,0,7.3,0.3041303241237824
Lafayette,,234170064,,R-6,0,7.3,0.46
Lafayette,,234170065,,R-6,0,7.3,0.407
Lafayette,,234170001,,R-6,0,7.3,0.3541096673356567
Lafayette,,234100041,,R-6,0,7.3,0.557
Lafayette,,234100032,,R-6,0,7.3,0.25
Lafayette,,234130007,,R-15,0,2.9,0.71
Lafayette,,234130006,,R-15,0,2.9,0.91
Lafayette,,234130010,,R-15,0,2.9,0.52
Lafayette,,234140006,,R-15,0,2.9,0.69
Lafayette,,234140025,,R-15,0,2.9,2.76
Lafayette,,234140027,,R-15,0,2.9,2.84
Lafayette,,234140024,,R-15,0,2.9,0.6
Lafayette,,234160035,,R-15,0,2.9,1.0353107691470276
Lafayette,,234140026,,R-15,0,2.9,1.2
Lafayette,,234160034,,R-15,0,2.9,0.779693346710201
Lafayette,,234160021,,R-15,0,2.9,0.3555895616647105
Lafayette,,234160013,,R-15,0,2.9,0.78
Lafayette,,234160033,,R-15,0,2.9,0.5289152783028749
Lafayette,,234160029,,R-15,0,2.9,0.88
Lafayette,,234160020,,R-15,0,2.9,0.3444262092630225
Lafayette,,234160015,,R-15,0,2.9,0.34138842913973505
Lafayette,,234160026,,R-15,0,2.9,0.3433435608024585
Lafayette,,234160032,,R-15,0,2.9,0.31012247757333045
Lafayette,,234160031,,R-15,0,2.9,0.2921216286468517
Lafayette,,234140003,,R-15,0,2.9,0.31845021127029427
Lafayette,,234160025,,R-15,0,2.9,0.38512535942316656
Lafayette,,234140004,,R-15,0,2.9,0.305545754395278
Lafayette,,234140007,,R-15,0,2.9,0.53
Lafayette,,234140008,,R-15,0,2.9,0.24999687093142284
Lafayette,,234140002,,R-15,0,2.9,0.3326325435036375
Lafayette,,234140015,,R-15,0,2.9,0.25674344351199246
Lafayette,,234140014,,R-15,0,2.9,0.2597810908070599
Lafayette,,234121027,,R-15,0,2.9,0.247865585378343
Lafayette,,234121029,,R-15,0,2.9,0.33676139667875465
Lafayette,,234140013,,R-15,0,2.9,0.31278571196530025
Lafayette,,234140012,,R-15,0,2.9,0.36035723609365966
Lafayette,,234121030,,R-15,0,2.9,0.3386641094639291
Lafayette,,234121031,,R-15,0,2.9,0.647627798814651
Lafayette,,234140023,,R-15,0,2.9,0.457784731714936
Lafayette,,234140009,,R-15,0,2.9,0.252636560011956
Lafayette,,234130008,,R-15,0,2.9,1.25
Lafayette,,234130009,,R-15,0,2.9,0.51
Lafayette,,234130005,,R-15,0,2.9,0.56
Lafayette,,234110021,,R-10,0,4.0,0.3265290356217469
Lafayette,,234110004,,R-10,0,4.0,0.23163068062396291
Lafayette,,234130004,,R-15,0,2.9,0.71
Lafayette,,234130003,,R-15,0,2.9,0.47
Lafayette,,234110026,,R-10,0,4.0,0.3576604084947967
Lafayette,,234110003,,R-10,0,4.0,0.25556686263891
Lafayette,,234110025,,R-10,0,4.0,0.19803602978553297
Lafayette,,234121019,,R-10,0,4.0,0.38087901789363005
Lafayette,,234121001,,R-15,0,2.9,0.40277046980772624
Lafayette,,234121002,,R-15,0,2.9,0.38046057566210256
Lafayette,,234121003,,R-15,0,2.9,0.4600180851549425
Lafayette,,234121026,,R-15,0,2.9,0.3937715128321497
Lafayette,,234121005,,R-15,0,2.9,0.4004731457664949
Lafayette,,234121004,,R-15,0,2.9,0.39153503287628966
Lafayette,,234121036,,R-10,0,4.0,0.35
Lafayette,,234121018,,R-10,0,4.0,0.27017437339878725
Lafayette,,234121020,,R-10,0,4.0,0.2747082639820041
Lafayette,,234121016,,R-10,0,4.0,0.23540656558989614
Lafayette,,234121014,,R-10,0,4.0,0.21594474536893607
Lafayette,,234121013,,R-10,0,4.0,0.2862898999624136
Lafayette,,234121034,,R-10,0,4.0,0.32558050341315
Lafayette,,234121012,,R-10,0,4.0,0.23278556729480493
Lafayette,,234121011,,R-10,0,4.0,0.26528259125772957
Lafayette,,234061025,,R-10,0,4.0,0.2404658727730118
Lafayette,,234061024,,R-10,0,4.0,0.22781962841164582
Lafayette,,234061026,,R-10,0,4.0,0.2197061699040533
Lafayette,,234061027,,R-10,0,4.0,0.23125142068653048
Lafayette,,234061029,,R-10,0,4.0,0.24847767750572147
Lafayette,,234061033,,R-10,0,4.0,0.23300915783841228
Lafayette,,234061032,,R-10,0,4.0,0.22426747130548003
Lafayette,,234061031,,R-10,0,4.0,0.24605783152816604
Lafayette,,234061030,,R-10,0,4.0,0.22677947787051714
Lafayette,,234121015,,R-10,0,4.0,0.25664464114588803
Lafayette,,234110016,,R-10,0,4.0,0.4
Lafayette,,234121021,,R-10,0,4.0,0.2589663783892236
Lafayette,,234121022,,R-10,0,4.0,0.2913617752536915
Lafayette,,234061039,,R-10,0,4.0,0.31032045090097315
Lafayette,,234061038,,R-10,0,4.0,0.290468491603077
Lafayette,,234061034,,R-10,0,4.0,0.23077626082098512
Lafayette,,234061035,,R-10,0,4.0,0.23322396051054484
Lafayette,,234061036,,R-10,0,4.0,0.23300788360311295
Lafayette,,234061037,,R-10,0,4.0,0.2492504380342338
Lafayette,,234070009,,R-10,0,4.0,0.46
Lafayette,,234070022,,R-10,0,4.0,0.3137506251207415
Lafayette,,234070030,,R-10,0,4.0,0.2568837667411113
Lafayette,,234110020,,R-10,0,4.0,0.325
Lafayette,,234110014,,R-10,0,4.0,0.24602202932556702
Lafayette,,234110013,,R-10,0,4.0,0.23533178563905385
Lafayette,,234110012,,R-10,0,4.0,0.23624010813070842
Lafayette,,234110019,,R-10,0,4.0,0.28661841048694653
Lafayette,,234110010,,R-10,0,4.0,0.365
Lafayette,,234110009,,R-10,0,4.0,0.3866038683816269
Lafayette,,234110007,,R-10,0,4.0,1.26
Lafayette,,234110008,,R-10,0,4.0,0.62
Lafayette,,234110018,,R-10,0,4.0,0.05
Lafayette,,234070035,,R-10,0,4.0,0.46537286607995476
Lafayette,,234070034,,R-10,0,4.0,0.47591738381647447
Lafayette,,234070037,,R-10,0,4.0,0.4222163279298868
Lafayette,,234070005,,R-15,0,2.9,3.58
Lafayette,,234081044,,R-15,0,2.9,0.43
Lafayette,,234081045,,R-15,0,2.9,0.18
Lafayette,,234081025,,R-15,0,2.9,0.5101230182424626
Lafayette,,234110027,,R-15,0,2.9,13.01
Lafayette,,234100001,,R-6,0,7.3,0.32087762243064416
Lafayette,,234100002,,R-6,0,7.3,0.25727333183890655
Lafayette,,234100003,,R-6,0,7.3,0.26884413019796105
Lafayette,,234100004,,R-6,0,7.3,0.25996341643333826
Lafayette,,234100005,,R-6,0,7.3,0.24823786676637424
Lafayette,,234092022,,R-6,0,7.3,0.20937614154763354
Lafayette,,234092021,,R-6,0,7.3,0.21395977015240553
Lafayette,,234092020,,R-6,0,7.3,0.25021609086364194
Lafayette,,234092019,,R-6,0,7.3,0.24655479853726983
Lafayette,,234100006,,R-6,0,7.3,0.23285470462739755
Lafayette,,234100008,,R-6,0,7.3,0.21282350003391137
Lafayette,,234100007,,R-6,0,7.3,0.2222358273370015
Lafayette,,234100009,,R-6,0,7.3,0.2081358253472389
Lafayette,,234130012,,R-15,0,2.9,3.33
Lafayette,,234130013,,R-15,0,2.9,2.75
Lafayette,,234100042,,R-6,0,7.3,1.521
Lafayette,,234100040,,R-6,0,7.3,0.44
Lafayette,,234100014,,R-6,0,7.3,0.35575929814690455
Lafayette,,234100013,,R-6,0,7.3,0.3676238824184018
Lafayette,,234100011,,R-6,0,7.3,0.2496175200207486
Lafayette,,234100010,,R-6,0,7.3,0.22965144577600563
Lafayette,,234092018,,R-6,0,7.3,0.25105288712288826
Lafayette,,234092017,,R-6,0,7.3,0.20931018476016394
Lafayette,,234100012,,R-6,0,7.3,0.28367182364094706
Lafayette,,234092016,,R-6,0,7.3,0.30677997876276314
Lafayette,,234092015,,R-6,0,7.3,0.2667948352490249
Lafayette,,234092014,,R-6,0,7.3,0.25255122333512436
Lafayette,,234092013,,R-6,0,7.3,0.2526623765588397
Lafayette,,234092012,,R-6,0,7.3,0.28948884608156866
Lafayette,,234100024,,R-6,0,7.3,0.22470403004539957
Lafayette,,234100023,,R-6,0,7.3,0.17407236310704882
Lafayette,,234100022,,R-6,0,7.3,0.17034036160100252
Lafayette,,234100020,,R-6,0,7.3,0.21910423649367347
Lafayette,,234100021,,R-6,0,7.3,0.18498356672224975
Lafayette,,234100019,,R-6,0,7.3,0.3011999421552838
Lafayette,,234100036,,R-6,0,7.3,0.4246702795008496
Lafayette,,234100025,,R-6,0,7.3,0.23696069659565827
Lafayette,,234280044,,R-6,0,7.3,0.2746542407907376
Lafayette,,234280030,,R-6,0,7.3,0.1850038106983631
Lafayette,,234280029,,R-6,0,7.3,0.18467954046759907
Lafayette,,234280028,,R-6,0,7.3,0.20762288802815268
Lafayette,,234280024,,R-6,0,7.3,0.2222573354543139
Lafayette,,234280025,,R-6,0,7.3,0.2553968338388769
Lafayette,,234280023,,R-6,0,7.3,0.3443209371141978
Lafayette,,234280022,,R-6,0,7.3,0.28604703353032335
Lafayette,,234280033,,R-6,0,7.3,0.5923410725706381
Lafayette,,234280045,,R-6,0,7.3,0.2847993069894648
Lafayette,,234280036,,R-6,0,7.3,0.012380819848428759
Lafayette,,234280034,,R-6,0,7.3,0.1920957893178758
Lafayette,,234280041,,R-6,0,7.3,0.12
Lafayette,,234280035,,R-6,0,7.3,0.2799283901614635
Lafayette,,234280040,,R-6,0,7.3,0.21017484813197174
Lafayette,,234280037,,R-6,0,7.3,0.33418092425222723
Lafayette,,234280039,,R-6,0,7.3,0.1888882743142452
Lafayette,,234280038,,R-6,0,7.3,0.17449556156943266
Lafayette,,234092011,,R-6,0,7.3,0.3072964170170618
Lafayette,,234092010,,R-6,0,7.3,0.24132919055388408
Lafayette,,234091004,,R-6,0,7.3,0.18476807130218942
Lafayette,,234092029,,R-6,0,7.3,0.29
Lafayette,,234092031,,R-6,0,7.3,0.4686898423389529
Lafayette,,234092007,,R-6,0,7.3,0.5638719903922955
Lafayette,,234091005,,R-6,0,7.3,0.3193020857940172
Lafayette,,234091007,,R-6,0,7.3,0.33274736903903573
Lafayette,,234091009,,R-6,0,7.3,0.21646548401805119
Lafayette,,234091008,,R-6,0,7.3,0.22148900518100087
Lafayette,,234091019,,R-6,0,7.3,0.26782112841852224
Lafayette,,234091018,,R-6,0,7.3,0.21781077957718578
Lafayette,,234091002,,R-6,0,7.3,0.15716416260527818
Lafayette,,234091003,,R-6,0,7.3,0.15931607930725603
Lafayette,,234280006,,R-6,0,7.3,0.2064466072385038
Lafayette,,234280005,,R-6,0,7.3,0.2050362976457249
Lafayette,,234280004,,R-6,0,7.3,0.19944011224477834
Lafayette,,233092002,,R-6,0,7.3,0.12430921884790601
Lafayette,,233092001,,R-6,0,7.3,0.12938818540491276
Lafayette,,234280002,,R-6,0,7.3,0.18856642092946838
Lafayette,,234280003,,R-6,0,7.3,0.19632668659081792
Lafayette,,234280001,,R-6,0,7.3,0.25033242691857416
Lafayette,,233091034,,R-6,0,7.3,0.2811217039081665
Lafayette,,233091033,,R-6,0,7.3,0.28833817829319436
Lafayette,,233091032,,R-6,0,7.3,0.2664664526383625
Lafayette,,233060001,,R-6,0,7.3,0.22987877321704037
Lafayette,,233074055,,R-6,0,7.3,0.355
Lafayette,,233060003,,R-6,0,7.3,0.29827618128389033
Lafayette,,233060002,,R-6,0,7.3,0.2034986649375568
Lafayette,,234093003,,R-6,0,7.3,0.14926773168193389
Lafayette,,234093002,,R-6,0,7.3,0.1668758173975985
Lafayette,,234091020,,R-6,0,7.3,0.19071106280166028
Lafayette,,234093004,,R-6,0,7.3,0.1507220264285673
Lafayette,,234093006,,R-6,0,7.3,0.15323485954455754
Lafayette,,234093007,,R-6,0,7.3,0.15074873943700026
Lafayette,,234091014,,R-6,0,7.3,0.28818840344618546
Lafayette,,234091015,,R-6,0,7.3,0.3040676830119022
Lafayette,,234091021,,R-6,0,7.3,0.1676797618962443
Lafayette,,234091012,,R-6,0,7.3,0.4018731186898822
Lafayette,,234091022,,R-6,0,7.3,0.22868151580466373
Lafayette,,234091023,,R-6,0,7.3,0.28817100845970445
Lafayette,,234091017,,R-6,0,7.3,0.1642306327548236
Lafayette,,234092006,,R-6,0,7.3,0.2372119303005976
Lafayette,,234092005,,R-6,0,7.3,0.2819276432917856
Lafayette,,234092004,,R-6,0,7.3,0.26804328224620505
Lafayette,,234092023,,R-6,0,7.3,0.19629803653223724
Lafayette,,234092003,,R-6,0,7.3,0.21199337498051307
Lafayette,,234092024,,R-6,0,7.3,0.19535105032662922
Lafayette,,234092025,,R-6,0,7.3,0.19410116788431728
Lafayette,,234092026,,R-6,0,7.3,0.23723483598651401
Lafayette,,234081035,,R-6,0,7.3,0.32
Lafayette,,234092XXX,,R-6,0,7.3,0.06049887949942132
Lafayette,,234092002,,R-6,0,7.3,0.3135244459118594
Lafayette,,234092001,,R-6,0,7.3,0.3649429637092586
Lafayette,,234081020,,R-15,0,2.9,0.41
Lafayette,,234081021,,R-15,0,2.9,0.41
Lafayette,,234081022,,R-15,0,2.9,0.29
Lafayette,,234081034,,R-15,0,2.9,0.27
Lafayette,,234081024,,R-15,0,2.9,0.23
Lafayette,,234081041,,R-15,0,2.9,1.44
Lafayette,,234081012,,R-15,0,2.9,0.19826048432075113
Lafayette,,234081011,,R-15,0,2.9,0.28155311006216543
Lafayette,,234081039,,R-15,0,2.9,0.42
Lafayette,,234081015,,R-15,0,2.9,0.55
Lafayette,,234081028,,R-15,0,2.9,1.53
Lafayette,,234081017,,R-15,0,2.9,0.31
Lafayette,,234081019,,R-15,0,2.9,0.49
Lafayette,,234081018,,R-15,0,2.9,0.34
Lafayette,,234082003,,R-6,0,7.3,0.16493610968374306
Lafayette,,234082006,,R-6,0,7.3,0.16931593787354504
Lafayette,,234081038,,R-15,0,2.9,0.49
Lafayette,,234082007,,R-6,0,7.3,0.13492538241984847
Lafayette,,233060016,,R-6,0,7.3,0.14037704754498617
Lafayette,,233060017,,R-6,0,7.3,0.10869794247167099
Lafayette,,233060018,,R-6,0,7.3,0.12030126922406978
Lafayette,,233060058,,R-6,0,7.3,0.14188357462022158
Lafayette,,233060057,,R-6,0,7.3,0.0
Lafayette,,233060056,,R-6,0,7.3,0.0
Lafayette,,233060055,,R-6,0,7.3,0.0
Lafayette,,233060015,,R-6,0,7.3,0.1704282130006244
Lafayette,,233060014,,R-6,0,7.3,0.3652282098977116
Lafayette,,233060013,,R-6,0,7.3,0.24316521150817433
Lafayette,,233060012,,R-6,0,7.3,0.2707120098343959
Lafayette,,233060011,,R-6,0,7.3,0.3030582995089233
Lafayette,,234082004,,R-6,0,7.3,0.17285179579468293
Lafayette,,234082005,,R-6,0,7.3,0.16319123638039185
Lafayette,,234093011,,R-6,0,7.3,0.14947894523277247
Lafayette,,234093010,,R-6,0,7.3,0.15296822543007033
Lafayette,,234093009,,R-6,0,7.3,0.1510717988771383
Lafayette,,234093008,,R-6,0,7.3,0.15262682444321687
Lafayette,,233060009,,R-6,0,7.3,0.1977757726185116
Lafayette,,233060010,,R-6,0,7.3,0.21944781981293718
Lafayette,,233060008,,R-6,0,7.3,0.17281829887910402
Lafayette,,233060005,,R-6,0,7.3,0.1812836336983248
Lafayette,,233060006,,R-6,0,7.3,0.1765546336231838
Lafayette,,233060007,,R-6,0,7.3,0.16989208486148105
Lafayette,,233060004,,R-6,0,7.3,0.28601502869205025
Lafayette,,233074054,,D-1,0,35.0,0.241
Lafayette,,233074006,,R-6,0,7.3,0.14
Lafayette,,233074049,,D-1,0,35.0,0.26
Lafayette,,233074050,,D-1,0,35.0,0.37
Lafayette,,233074003,,D-1,0,35.0,0.17
Lafayette,,233060045,,D-1,0,35.0,0.6
Lafayette,,233074004,,R-6,0,7.3,0.14
Lafayette,,233074014,,R-6,0,7.3,0.15
Lafayette,,233074013,,R-6,0,7.3,0.14
Lafayette,,233074005,,R-6,0,7.3,0.14
Lafayette,,233074012,,R-6,0,7.3,0.14
Lafayette,,233074007,,R-6,0,7.3,0.16
Lafayette,,233074011,,R-6,0,7.3,0.16
Lafayette,,233074015,,D-1,0,35.0,0.25
Lafayette,,233074016,,D-1,0,35.0,0.17
Lafayette,,233074022,,D-1,0,35.0,0.19
Lafayette,,233060031,,D-1,0,35.0,0.12
Lafayette,,233060030,,D-1,0,35.0,0.12
Lafayette,,233060046,,D-1,0,35.0,0.25
Lafayette,,233060051,,D-1,0,35.0,0.17
Lafayette,,233060032,,D-1,0,35.0,0.12
Lafayette,,233060033,,D-1,0,35.0,0.12
Lafayette,,233060044,,D-1,0,35.0,0.45
Lafayette,,233060052,,D-1,0,35.0,0.2
Lafayette,,233060023,,R-6,0,7.3,0.0
Lafayette,,233060050,,D-1,0,35.0,0.2
Lafayette,,233060054,,R-6,0,7.3,0.0
Lafayette,,233060039,,R-6,0,7.3,0.0
Lafayette,,233060038,,R-6,0,7.3,0.0
Lafayette,,233051020,,C-1,0,35.0,0.0
Lafayette,,233051021,,R-6,0,7.3,0.0
Lafayette,,233051019,,C-1,0,35.0,0.34
Lafayette,,233060025,,C-1,0,35.0,0.25
Lafayette,,233060026,,C-1,0,35.0,0.144
Lafayette,,233060047,,D-1,0,35.0,0.38
Lafayette,,233060028,,C-1,0,35.0,0.18
Lafayette,,233060027,,C-1,0,35.0,0.14
Lafayette,,233074017,,C-1,0,35.0,0.28
Lafayette,,233074052,,C-1,0,35.0,0.3
Lafayette,,233074053,,D-1,0,35.0,0.81
Lafayette,,233060043,,C-1,0,35.0,0.05
Lafayette,,233260006,,C-1,0,35.0,0.0
Lafayette,,233260014,,C-1,0,35.0,0.0
Lafayette,,233260005,,C-1,0,35.0,0.0
Lafayette,,233260012,,C-1,0,35.0,0.0
Lafayette,,233260001,,C-1,0,35.0,0.0
Lafayette,,233260002,,C-1,0,35.0,0.0
Lafayette,,233260003,,C-1,0,35.0,0.0
Lafayette,,233260004,,C-1,0,35.0,0.0
Lafayette,,233031028,,C-1,0,35.0,0.0
Lafayette,,233031021,,C-1,0,35.0,0.55
Lafayette,,233031027,,C-1,0,35.0,0.0
Lafayette,,233260007,,C-1,0,35.0,0.0
Lafayette,,233260008,,C-1,0,35.0,0.0
Lafayette,,233260009,,C-1,0,35.0,0.0
Lafayette,,233260010,,C-1,0,35.0,0.0
Lafayette,,233260011,,C-1,0,35.0,0.0
Lafayette,,233031019,,C-1,0,35.0,0.0
Lafayette,,233040038,,C-1,0,35.0,0.8
Lafayette,,233040039,,C-1,0,35.0,0.16
Lafayette,,233040026,,C-1,0,35.0,0.0
Lafayette,,233040027,,C-1,0,35.0,0.0
Lafayette,,233051030,,C-1,0,35.0,0.445
Lafayette,,233051022,,R-6,0,7.3,0.0
Lafayette,,233051023,,R-6,0,7.3,0.0
Lafayette,,233051024,,R-6,0,7.3,0.0
Lafayette,,233051017,,C-1,0,35.0,0.0
Lafayette,,233051031,,R-6,0,7.3,0.7641218588019374
Lafayette,,233051016,,C-1,0,35.0,0.0
Lafayette,,233051035,,R-6,0,7.3,0.7812479311050424
Lafayette,,233051014,,C-1,0,35.0,0.0
Lafayette,,233051015,,C-1,0,35.0,0.0
Lafayette,,233051013,,C-1,0,35.0,0.0
Lafayette,,233052004,,C-1,0,35.0,0.0
Lafayette,,233052003,,C-1,0,35.0,0.0
Lafayette,,233052012,,C-1,0,35.0,0.0
Lafayette,,233052010,,C-1,0,35.0,0.0
Lafayette,,233052005,,C-1,0,35.0,0.0
Lafayette,,233052014,,C-1,0,35.0,0.0
Lafayette,,233052013,,C-1,0,35.0,0.0
Lafayette,,243231024,,C-1,0,35.0,0.71
Lafayette,,243231009,,C-1,0,35.0,0.0
Lafayette,,243231010,,C-1,0,35.0,0.0
Lafayette,,243232013,,C-1,0,35.0,0.2772159520327668
Lafayette,,233051009,,C-1,0,35.0,0.0
Lafayette,,233051008,,C-1,0,35.0,0.22660048264122493
Lafayette,,233051010,,C-1,0,35.0,0.0
Lafayette,,233051011,,C-1,0,35.0,0.0
Lafayette,,233051012,,C-1,0,35.0,0.0
Lafayette,,233051006,,R-6,0,7.3,0.15358589166364053
Lafayette,,233051007,,R-6,0,7.3,0.153442889132646
Lafayette,,233051004,,R-6,0,7.3,0.20659153575187356
Lafayette,,234022032,,R-6,0,7.3,0.18125347315936974
Lafayette,,233051003,,R-6,0,7.3,0.21033488317578944
Lafayette,,233051002,,R-6,0,7.3,0.17357276292240661
Lafayette,,233051001,,R-6,0,7.3,0.29175785624148337
Lafayette,,233051033,,R-6,0,7.3,0.22915607945412958
Lafayette,,233051034,,R-6,0,7.3,0.2289913596094726
Lafayette,,233051044,,R-6,0,7.3,0.16321034548840563
Lafayette,,233051043,,R-6,0,7.3,0.0
Lafayette,,233051045,,R-6,0,7.3,0.0
Lafayette,,233051040,,R-6,0,7.3,0.16750044564847846
Lafayette,,233060019,,R-6,0,7.3,0.1370795989442426
Lafayette,,233051039,,R-6,0,7.3,0.1212776647287728
Lafayette,,233051038,,R-6,0,7.3,0.13799361621463713
Lafayette,,233051037,,R-6,0,7.3,0.15463018081659968
Lafayette,,234022024,,R-6,0,7.3,0.2985421615543783
Lafayette,,233051036,,R-6,0,7.3,0.17961380858517248
Lafayette,,234022023,,R-6,0,7.3,0.1987739289235757
Lafayette,,234022034,,R-6,0,7.3,2.66
Lafayette,,234022026,,R-6,0,7.3,0.1949288909139116
Lafayette,,234022033,,R-6,0,7.3,0.17762164093839755
Lafayette,,234022027,,R-6,0,7.3,0.1907401850431472
Lafayette,,234081004,,R-15,0,2.9,0.20196206390567423
Lafayette,,234081003,,R-15,0,2.9,0.20449826624865797
Lafayette,,234081002,,R-15,0,2.9,0.20438914556408763
Lafayette,,234081001,,R-15,0,2.9,0.22798608791868596
Lafayette,,234081010,,R-15,0,2.9,0.18432291103482065
Lafayette,,234081009,,R-15,0,2.9,0.17678640535337606
Lafayette,,234081007,,R-15,0,2.9,0.2167754505162252
Lafayette,,234081008,,R-15,0,2.9,0.17830513411903698
Lafayette,,234081042,,R-15,0,2.9,1.71
Lafayette,,234081040,,R-15,0,2.9,0.78
Lafayette,,234081043,,R-15,0,2.9,1.12
Lafayette,,234081005,,R-15,0,2.9,0.22928893281669943
Lafayette,,234081006,,R-15,0,2.9,0.22840194929742078
Lafayette,,234290008,,R-15,0,2.9,1.29
Lafayette,,234022028,,R-6,0,7.3,0.15230352213915085
Lafayette,,234022013,,R-6,0,7.3,0.41494109107046834
Lafayette,,234022009,,R-6,0,7.3,0.5368498456319734
Lafayette,,234022010,,R-6,0,7.3,0.15239842955894525
Lafayette,,234022011,,R-6,0,7.3,0.3232870396556463
Lafayette,,234022012,,R-6,0,7.3,0.13726362361886968
Lafayette,,234021018,,R-6,0,7.3,0.14125562150911816
Lafayette,,234021017,,R-6,0,7.3,0.14235952874328187
Lafayette,,234021016,,R-6,0,7.3,0.14081794103358117
Lafayette,,234022015,,R-6,0,7.3,0.10134043237015593
Lafayette,,234022014,,R-6,0,7.3,0.28672527890060995
Lafayette,,234022016,,R-6,0,7.3,0.14470910605763787
Lafayette,,234022017,,R-6,0,7.3,0.1427517592910451
Lafayette,,234022018,,R-6,0,7.3,0.1499977825178613
Lafayette,,234022019,,R-6,0,7.3,0.15024277247452997
Lafayette,,234022020,,R-6,0,7.3,0.1488750783525338
Lafayette,,234022021,,R-6,0,7.3,0.1502015575765327
Lafayette,,233051005,,R-6,0,7.3,0.20194507279510357
Lafayette,,243232015,,R-6,0,7.3,0.18537447078858868
Lafayette,,234021014,,R-6,0,7.3,0.12442431330250323
Lafayette,,234021015,,R-6,0,7.3,0.14164839042284771
Lafayette,,243232016,,R-6,0,7.3,0.19608231824736944
Lafayette,,243232014,,R-6,0,7.3,0.22331718776824866
Lafayette,,243232012,,C-1,0,35.0,0.26179349713407507
Lafayette,,243232017,,R-6,0,7.3,0.2748019826940367
Lafayette,,243231021,,C-1,0,35.0,0.46
Lafayette,,243232011,,C-1,0,35.0,0.1917849427479656
Lafayette,,243232018,,R-6,0,7.3,0.2828632359301976
Lafayette,,243232010,,C-1,0,35.0,0.1171119501186144
Lafayette,,243232027,,C-1,0,35.0,1.0634189842051198
Lafayette,,243232029,,R-6,0,7.3,0.283
Lafayette,,243232030,,R-6,0,7.3,0.236
Lafayette,,243232019,,R-6,0,7.3,0.27902004930505553
Lafayette,,234021013,,R-6,0,7.3,0.11231568461789689
Lafayette,,243232022,,R-6,0,7.3,0.1522107384131355
Lafayette,,243232021,,R-6,0,7.3,0.1615848075732899
Lafayette,,243232023,,R-6,0,7.3,0.1487673117432481
Lafayette,,243232024,,R-6,0,7.3,0.30475539070908547
Lafayette,,243232003,,R-6,0,7.3,0.14245437770370167
Lafayette,,243232002,,R-6,0,7.3,0.14273027848753908
Lafayette,,234021006,,R-6,0,7.3,0.1326710198359581
Lafayette,,234021007,,R-6,0,7.3,0.13385432867582356
Lafayette,,234021008,,R-6,0,7.3,0.14103293290293292
Lafayette,,234021009,,R-6,0,7.3,0.14390900339315885
Lafayette,,234021010,,R-6,0,7.3,0.14405346722733373
Lafayette,,234021012,,R-6,0,7.3,0.10907326818610164
Lafayette,,234021011,,R-6,0,7.3,0.14261972119269917
Lafayette,,234021020,,R-6,0,7.3,0.14209324455296118
Lafayette,,234021019,,R-6,0,7.3,0.1433889711781078
Lafayette,,234021021,,R-6,0,7.3,0.1397162149923918
Lafayette,,234021022,,R-6,0,7.3,0.1423514066436575
Lafayette,,234021031,,R-6,0,7.3,0.11173963487933511
Lafayette,,234021032,,R-6,0,7.3,0.13620945947834104
Lafayette,,234022006,,R-6,0,7.3,0.24397101871950055
Lafayette,,234021026,,R-6,0,7.3,0.14145892683855896
Lafayette,,234022004,,R-6,0,7.3,0.52103773836006
Lafayette,,234021028,,R-6,0,7.3,0.1412321242410204
Lafayette,,234021029,,R-6,0,7.3,0.14020437408499917
Lafayette,,234021027,,R-6,0,7.3,0.14308618848504573
Lafayette,,234021025,,R-6,0,7.3,0.1986683462923119
Lafayette,,234021005,,R-6,0,7.3,0.12568674147234896
Lafayette,,234021004,,R-6,0,7.3,0.12743565990757158
Lafayette,,234021003,,R-6,0,7.3,0.1268931810940308
Lafayette,,234021002,,R-6,0,7.3,0.1264740031895184
Lafayette,,243232001,,R-6,0,7.3,0.14217029436813153
Lafayette,,234021001,,R-6,0,7.3,0.12708154769223237
Lafayette,,234010010,,R-6,0,7.3,0.12754719914806778
Lafayette,,234010011,,R-6,0,7.3,6.59
Lafayette,,234010009,,R-6,0,7.3,0.12596031443573877
Lafayette,,234010008,,R-6,0,7.3,0.12721351292823116
Lafayette,,234021030,,R-6,0,7.3,0.14360208760184962
Lafayette,,234022001,,R-6,0,7.3,0.14330583798613367
Lafayette,,234030003,,R-10,0,4.0,0.22497671532712044
Lafayette,,234030025,,R-10,0,4.0,0.2155386508972039
Lafayette,,234030005,,R-10,0,4.0,0.25785004008773205
Lafayette,,234030006,,R-10,0,4.0,0.3193018317191928
Lafayette,,234030024,,R-10,0,4.0,0.22858118136902253
Lafayette,,234022042,,R-6,0,7.3,0.35
Lafayette,,234022046,,R-6,0,7.3,0.14
Lafayette,,234022047,,R-6,0,7.3,0.144
Lafayette,,234022035,,R-6,0,7.3,0.20276622132900238
Lafayette,,234022039,,R-6,0,7.3,0.14395449119305834
Lafayette,,234022040,,R-6,0,7.3,0.1427811710299533
Lafayette,,234022043,,R-6,0,7.3,0.2532686446278713
Lafayette,,234030008,,R-10,0,4.0,0.2109517041267935
Lafayette,,234030007,,R-10,0,4.0,0.23936438348397368
Lafayette,,234030009,,R-10,0,4.0,0.8235264348654949
Lafayette,,234022005,,R-6,0,7.3,1.01
Lafayette,,234030010,,R-10,0,4.0,0.43198375967237107
Lafayette,,234030011,,R-10,0,4.0,0.21000996413987852
Lafayette,,234030015,,R-10,0,4.0,0.20293214048644367
Lafayette,,234030014,,R-10,0,4.0,0.1911530500354616
Lafayette,,234030013,,R-10,0,4.0,0.22445529544460893
Lafayette,,234030012,,R-10,0,4.0,0.1872003336282357
Lafayette,,234030004,,R-10,0,4.0,0.20097977291374197
Lafayette,,234042012,,R-10,0,4.0,0.2700704511225032
Lafayette,,234043009,,R-10,0,4.0,0.23931293175980342
Lafayette,,234043008,,R-10,0,4.0,0.23427559837702994
Lafayette,,234050002,,R-10,0,4.0,17.45
Lafayette,,234030021,,R-10,0,4.0,0.3171550700815404
Lafayette,,234030023,,R-10,0,4.0,0.23373474125059518
Lafayette,,234030022,,R-10,0,4.0,0.2201008634014639
Lafayette,,234030018,,R-10,0,4.0,0.21690816464262014
Lafayette,,234030017,,R-10,0,4.0,0.2232484154966764
Lafayette,,234030016,,R-10,0,4.0,0.21290804605156644
Lafayette,,234022044,,R-6,0,7.3,1.527
Lafayette,,234022045,,R-6,0,7.3,0.908
Lafayette,,234030019,,R-10,0,4.0,0.4087850847095688
Lafayette,,234070007,,R-15,0,2.9,1.232
Lafayette,,234030020,,R-10,0,4.0,0.4612403126554852
Lafayette,,234070018,,R-15,0,2.9,4.5
Lafayette,,234070038,,R-15,0,2.9,0.952686149507162
Lafayette,,234070039,,R-15,0,2.9,0.6271134658349299
Lafayette,,234070017,,R-15,0,2.9,0.69
Lafayette,,234070002,,R-15,0,2.9,0.49
Lafayette,,234070031,,R-10,0,4.0,0.37
Lafayette,,234070011,,R-10,0,4.0,0.23146429078405095
Lafayette,,234070013,,R-10,0,4.0,0.3891481640169344
Lafayette,,234070036,,R-10,0,4.0,0.2769731304900921
Lafayette,,234070015,,R-10,0,4.0,0.2725341047726142
Lafayette,,234070020,,R-10,0,4.0,0.2926430815693958
Lafayette,,234070008,,R-10,0,4.0,0.51
Lafayette,,234070014,,R-10,0,4.0,0.2851677323565025
Lafayette,,234061011,,R-10,0,4.0,0.4322992060188286
Lafayette,,234062002,,R-10,0,4.0,0.32
Lafayette,,234062001,,R-10,0,4.0,0.49
Lafayette,,234062006,,R-10,0,4.0,0.41
Lafayette,,234062007,,R-10,0,4.0,0.34
Lafayette,,234062004,,R-10,0,4.0,0.4
Lafayette,,234062005,,R-10,0,4.0,0.39
Lafayette,,234062003,,R-10,0,4.0,0.38
Lafayette,,234061009,,R-10,0,4.0,0.23720254928776824
Lafayette,,234061010,,R-10,0,4.0,0.29369074462464195
Lafayette,,234061012,,R-10,0,4.0,0.22500085837977812
Lafayette,,234061013,,R-10,0,4.0,0.22607177129268438
Lafayette,,234061014,,R-10,0,4.0,0.23624159414743764
Lafayette,,234061008,,R-10,0,4.0,0.2343614870326951
Lafayette,,234061015,,R-10,0,4.0,0.2351704494835363
Lafayette,,234061016,,R-10,0,4.0,0.23479848992427105
Lafayette,,234061017,,R-10,0,4.0,0.24190792588264468
Lafayette,,234061018,,R-10,0,4.0,0.2396160712976287
Lafayette,,234061005,,R-10,0,4.0,0.23852650251723442
Lafayette,,234061006,,R-10,0,4.0,0.23736754789459968
Lafayette,,234061007,,R-10,0,4.0,0.23890473464804515
Lafayette,,234062008,,R-10,0,4.0,0.35
Lafayette,,234062013,,R-10,0,4.0,0.31
Lafayette,,234061002,,R-10,0,4.0,0.24544391846600705
Lafayette,,234061003,,R-10,0,4.0,0.23034535506070725
Lafayette,,234061004,,R-10,0,4.0,0.23502887993411206
Lafayette,,234061019,,R-10,0,4.0,0.2391471755254042
Lafayette,,234061020,,R-10,0,4.0,0.2349706795319932
Lafayette,,234061028,,R-10,0,4.0,0.26632190325184907
Lafayette,,234061021,,R-10,0,4.0,0.25462218607096193
Lafayette,,234061022,,R-10,0,4.0,0.24661428645667427
Lafayette,,234061023,,R-10,0,4.0,0.22320230271786867
Lafayette,,239070013,,R-20,0,2.0,0.63
Lafayette,,239070029,,R-20,0,2.0,5.42
Lafayette,,234061001,,R-10,0,4.0,0.22057124592057362
Lafayette,,234062011,,R-10,0,4.0,0.22
Lafayette,,234062012,,R-10,0,4.0,0.28
Lafayette,,234062014,,R-10,0,4.0,0.34
Lafayette,,239032003,,R-10,0,4.0,0.7105863345337017
Lafayette,,239032012,,R-10,0,4.0,0.7054538503009846
Lafayette,,239032005,,R-10,0,4.0,0.4825777783968717
Lafayette,,239032004,,R-10,0,4.0,0.5346091429205289
Lafayette,,239032002,,R-10,0,4.0,0.4531330133051859
Lafayette,,239032001,,R-10,0,4.0,0.4405167486082214
Lafayette,,234043001,,R-10,0,4.0,0.23526837109968382
Lafayette,,239031014,,R-10,0,4.0,0.24201508255846976
Lafayette,,239031012,,R-10,0,4.0,0.3904640414009956
Lafayette,,239031011,,R-10,0,4.0,0.43286753451888177
Lafayette,,239031010,,R-10,0,4.0,0.42869947410739473
Lafayette,,239031008,,R-10,0,4.0,0.4509040501488644
Lafayette,,239031007,,R-10,0,4.0,0.4327675944730271
Lafayette,,239031006,,R-10,0,4.0,0.3355993588092369
Lafayette,,239031005,,R-10,0,4.0,0.37012097990170567
Lafayette,,239031004,,R-10,0,4.0,0.40804081013948024
Lafayette,,239031009,,R-10,0,4.0,1.4188613921183142
Lafayette,,239031003,,R-10,0,4.0,0.39144902803975223
Lafayette,,239031002,,R-10,0,4.0,0.44203235663248464
Lafayette,,239010016,,R-10,0,4.0,0.34347310784449003
Lafayette,,239010017,,R-10,0,4.0,0.44294397601629254
Lafayette,,239020002,,R-10,0,4.0,0.7963223344422401
Lafayette,,239020001,,R-10,0,4.0,0.517867449705897
Lafayette,,239020027,,R-10,0,4.0,0.5875445587377136
Lafayette,,239010001,,R-10,0,4.0,0.5438220293843159
Lafayette,,239010007,,R-10,0,4.0,0.6185874273987015
Lafayette,,239010006,,R-10,0,4.0,0.7502791035736549
Lafayette,,239010014,,R-10,0,4.0,0.3894905834688698
Lafayette,,239010015,,R-10,0,4.0,0.4561453096539699
Lafayette,,239010013,,R-10,0,4.0,0.6445110107593564
Lafayette,,239010018,,R-10,0,4.0,0.387
Lafayette,,239010019,,R-10,0,4.0,0.284
Lafayette,,239010010,,R-10,0,4.0,0.30739915400680823
Lafayette,,234041006,,R-10,0,4.0,0.2295620413535792
Lafayette,,234041007,,R-10,0,4.0,0.22231726624667006
Lafayette,,234041005,,R-10,0,4.0,0.2661714087687163
Lafayette,,234042003,,R-10,0,4.0,0.23453531362118046
Lafayette,,234042002,,R-10,0,4.0,0.23328029002496856
Lafayette,,234042001,,R-10,0,4.0,0.23473088526609326
Lafayette,,239031013,,R-10,0,4.0,0.2634648265670454
Lafayette,,234042020,,R-10,0,4.0,0.23016277542178548
Lafayette,,234043002,,R-10,0,4.0,0.2360847168535318
Lafayette,,234042019,,R-10,0,4.0,0.2323813141832374
Lafayette,,234042017,,R-10,0,4.0,0.2424032114938229
Lafayette,,234042018,,R-10,0,4.0,0.24416720025458669
Lafayette,,234043004,,R-10,0,4.0,0.23556745577890462
Lafayette,,234043003,,R-10,0,4.0,0.24230424006208293
Lafayette,,234043006,,R-10,0,4.0,0.23792547419145146
Lafayette,,234043005,,R-10,0,4.0,0.23590323900893875
Lafayette,,234042016,,R-10,0,4.0,0.2422416963947639
Lafayette,,234042015,,R-10,0,4.0,0.23709763409744264
Lafayette,,234043007,,R-10,0,4.0,0.23990013287298736
Lafayette,,234042014,,R-10,0,4.0,0.22904255645640342
Lafayette,,234042013,,R-10,0,4.0,0.23652319279308667
Lafayette,,234042007,,R-10,0,4.0,0.3346992251313233
Lafayette,,234042006,,R-10,0,4.0,0.2415782995728873
Lafayette,,234042005,,R-10,0,4.0,0.23013799240732713
Lafayette,,234042004,,R-10,0,4.0,0.23270115161867203
Lafayette,,234041003,,R-10,0,4.0,0.23851362404923454
Lafayette,,234041004,,R-10,0,4.0,0.2703547682384933
Lafayette,,234041002,,R-10,0,4.0,0.24554894735596045
Lafayette,,234041001,,MRO,6,21.0,2.38
Lafayette,,234042008,,R-10,0,4.0,0.2667439390162303
Lafayette,,234042011,,R-10,0,4.0,0.32801345900621814
Lafayette,,234042025,,MRO,6,21.0,0.37
Lafayette,,234042027,,MRO,6,21.0,0.148
Lafayette,,234042026,,MRO,6,21.0,0.15
Lafayette,,234042023,,MRO,6,21.0,1.34
Lafayette,,234042010,,MRO,6,21.0,0.1
Lafayette,,243210026,,MRO,6,21.0,0.6
Lafayette,,241200024,,MRO,6,21.0,0.25
Lafayette,,241200025,,MRO,6,21.0,0.43
Lafayette,,241320003,,MRA,6,21.0,0.016975445051560848
Lafayette,,241200021,,MRA,6,21.0,0.12
Lafayette,,241320005,,MRA,6,21.0,0.3817782852869612
Lafayette,,241200019,,MRA,6,21.0,0.17
Lafayette,,241200020,,MRA,6,21.0,0.11
Lafayette,,241200044,,R-10,0,4.0,0.27854045007428596
Lafayette,,241200043,,R-10,0,4.0,0.2832948514843726
Lafayette,,241200026,,MRO,6,21.0,0.37593403770174144
Lafayette,,241200040,,MRO,6,21.0,0.21
Lafayette,,241200027,,MRO,6,21.0,0.36
Lafayette,,241200041,,MRO,6,21.0,0.14
Lafayette,,241210024,,MRO,6,21.0,1.1962941301563272
Lafayette,,241210028,,P-1,0,0.0,0.4343659649045753
Lafayette,,241210032,,R-10,0,4.0,0.238
Lafayette,,241210033,,R-10,0,4.0,0.312
Lafayette,,241200045,,R-10,0,4.0,0.35
Lafayette,,241200046,,R-10,0,4.0,0.23
Lafayette,,241200016,,MRA,6,21.0,0.6
Lafayette,,241200032,,R-10,0,4.0,0.4609240271722042
Lafayette,,241200034,,R-10,0,4.0,0.45468205940599504
Lafayette,,241200033,,R-10,0,4.0,0.4488451249951614
Lafayette,,241210006,,R-10,0,4.0,0.43923498307918224
Lafayette,,241200035,,R-10,0,4.0,0.4522536794911672
Lafayette,,241210007,,R-10,0,4.0,0.2676970857501808
Lafayette,,241210016,,R-10,0,4.0,0.47121546420282895
Lafayette,,241210008,,R-10,0,4.0,0.24459570490405408
Lafayette,,241210009,,R-10,0,4.0,0.2619292996588668
Lafayette,,241210017,,R-10,0,4.0,0.35765784865185246
Lafayette,,241210018,,R-10,0,4.0,0.45183738877344726
Lafayette,,241210005,,R-10,0,4.0,0.44872094480444563
Lafayette,,241210015,,R-10,0,4.0,0.22173699179270315
Lafayette,,241210020,,R-10,0,4.0,0.2291205226232574
Lafayette,,241210019,,R-10,0,4.0,0.23262412857374232
Lafayette,,241220003,,R-10,0,4.0,0.2974837678093326
Lafayette,,241220004,,R-10,0,4.0,0.27188225191618226
Lafayette,,241220011,,R-10,0,4.0,0.4602080017098612
Lafayette,,241220012,,R-10,0,4.0,0.61
Lafayette,,241220005,,R-10,0,4.0,0.20372672702715847
Lafayette,,241210022,,R-10,0,4.0,0.22643470606060645
Lafayette,,241210021,,R-10,0,4.0,0.23037103168260292
Lafayette,,241210014,,R-10,0,4.0,0.24249707217429184
Lafayette,,241210013,,R-10,0,4.0,0.27449826755836604
Lafayette,,241210029,,R-10,0,4.0,0.3346665229780168
Lafayette,,241210031,,R-10,0,4.0,0.37388367609177653
Lafayette,,241210030,,R-10,0,4.0,0.2813778653230411
Lafayette,,241210023,,R-10,0,4.0,0.3366608527583056
Lafayette,,239010011,,R-10,0,4.0,0.30023996289403765
Lafayette,,239010009,,R-10,0,4.0,0.2764767851096691
Lafayette,,241220013,,R-10,0,4.0,0.4054992580581511
Lafayette,,241220006,,R-10,0,4.0,0.20290270156864143
Lafayette,,241220014,,R-10,0,4.0,0.6070400375334349
Lafayette,,239010004,,R-10,0,4.0,0.33863244428206346
Lafayette,,239010008,,R-10,0,4.0,0.2673808758395555
Lafayette,,239010005,,R-10,0,4.0,0.39564584746248455
Lafayette,,239010003,,R-10,0,4.0,0.3451212872535535
Lafayette,,239010002,,R-10,0,4.0,0.3482576893003277
Lafayette,,239020026,,R-10,0,4.0,0.42236405591799087
Lafayette,,239020025,,R-10,0,4.0,0.2769238605045329
Lafayette,,241220016,,R-10,0,4.0,0.41722317452531477
Lafayette,,241220017,,R-10,0,4.0,0.3828104109539443
Lafayette,,241220018,,R-10,0,4.0,0.3547776687703364
Lafayette,,241220019,,R-10,0,4.0,0.3888160821560833
Lafayette,,241220015,,R-10,0,4.0,0.3
Lafayette,,241220020,,R-10,0,4.0,0.3894659222839248
Lafayette,,241220024,,R-10,0,4.0,0.3760087801054222
Lafayette,,241220025,,R-10,0,4.0,0.3809992048669458
Lafayette,,241230024,,R-20,0,2.0,0.32
Lafayette,,241230008,,R-20,0,2.0,0.43
Lafayette,,241220028,,R-10,0,4.0,0.4382154093262097
Lafayette,,241161033,,R-10,0,4.0,1.04
Lafayette,,241220029,,R-10,0,4.0,0.4305594124107987
Lafayette,,241220022,,R-10,0,4.0,0.49261204934943914
Lafayette,,241220021,,R-10,0,4.0,0.13718067715995916
Lafayette,,241220010,,R-10,0,4.0,0.379979737755154
Lafayette,,241220009,,R-10,0,4.0,0.25669205794870664
Lafayette,,241220007,,R-10,0,4.0,0.23631160881532387
Lafayette,,241220008,,R-10,0,4.0,0.52
Lafayette,,241161031,,R-10,0,4.0,0.5210902805877398
Lafayette,,241161032,,R-10,0,4.0,0.40657966249788563
Lafayette,,241220002,,R-10,0,4.0,0.5076983556768779
Lafayette,,241220001,,R-10,0,4.0,0.36331913342486166
Lafayette,,241190009,,R-10,0,4.0,0.24593922115634526
Lafayette,,241190010,,R-10,0,4.0,0.19549947054089997
Lafayette,,241190012,,R-10,0,4.0,0.22298396608104815
Lafayette,,241190011,,R-10,0,4.0,0.27639110663553984
Lafayette,,241162008,,R-10,0,4.0,0.3095989699712114
Lafayette,,241162007,,R-10,0,4.0,0.4646488692956052
Lafayette,,241161030,,R-10,0,4.0,0.4079328405645732
Lafayette,,241161026,,R-10,0,4.0,0.59
Lafayette,,241162006,,R-10,0,4.0,0.8550973667217684
Lafayette,,241161009,,R-10,0,4.0,0.45398744211717174
Lafayette,,241161008,,R-10,0,4.0,0.27361208076575694
Lafayette,,241161006,,R-10,0,4.0,0.5728242557231894
Lafayette,,241161024,,R-10,0,4.0,0.6603076675409696
Lafayette,,241161007,,R-10,0,4.0,0.2463877373956038
Lafayette,,241230013,,R-20,0,2.0,0.53
Lafayette,,241230014,,R-20,0,2.0,0.46
Lafayette,,241230046,,R-20,0,2.0,0.5147311996917111
Lafayette,,241230044,,R-20,0,2.0,0.41634234472533665
Lafayette,,241230053,,R-20,0,2.0,0.17958978508994675
Lafayette,,241230055,,R-20,0,2.0,1.38
Lafayette,,241230043,,R-20,0,2.0,0.4403083303134147
Lafayette,,241161022,,R-10,0,4.0,0.2274177153508881
Lafayette,,241230042,,R-20,0,2.0,0.457687715600499
Lafayette,,241230041,,R-20,0,2.0,0.5360536090801659
Lafayette,,241230064,,R-20,0,2.0,0.49613452727667323
Lafayette,,241230063,,R-20,0,2.0,0.41715555492997314
Lafayette,,241230038,,R-20,0,2.0,0.4152784673951101
Lafayette,,241230037,,R-20,0,2.0,0.3976053757476418
Lafayette,,241150018,,R-20,0,2.0,2.81
Lafayette,,241230036,,R-20,0,2.0,0.4035119743387221
Lafayette,,241230057,,R-20,0,2.0,0.39
Lafayette,,241230045,,R-20,0,2.0,0.7580601889472627
Lafayette,,241230051,,R-20,0,2.0,0.48
Lafayette,,241230059,,R-20,0,2.0,0.4375585318661489
Lafayette,,241230060,,R-20,0,2.0,0.4677968665486832
Lafayette,,241240024,,R-20,0,2.0,1.2
Lafayette,,241240025,,R-20,0,2.0,0.44
Lafayette,,241240010,,R-20,0,2.0,0.5301806733316725
Lafayette,,241230056,,R-20,0,2.0,0.47
Lafayette,,241240020,,R-20,0,2.0,1.65
Lafayette,,241240021,,R-20,0,2.0,1.25
Lafayette,,241240003,,R-20,0,2.0,0.42
Lafayette,,240010011,,R-20,0,2.0,0.589
Lafayette,,241240015,,R-20,0,2.0,0.74
Lafayette,,241240014,,R-20,0,2.0,0.76
Lafayette,,241240008,,R-20,0,2.0,0.74
Lafayette,,241230001,,R-20,0,2.0,0.31
Lafayette,,241240011,,R-20,0,2.0,0.54
Lafayette,,241240007,,R-20,0,2.0,0.31
Lafayette,,241240027,,R-20,0,2.0,0.51
Lafayette,,241230047,,R-20,0,2.0,0.38220048053413036
Lafayette,,241230031,,R-20,0,2.0,0.3709770580084392
Lafayette,,241230021,,R-20,0,2.0,0.5251009074849858
Lafayette,,241230058,,R-20,0,2.0,0.3884560810520798
Lafayette,,241230069,,R-20,0,2.0,0.69
Lafayette,,241230022,,R-20,0,2.0,0.5339838657254927
Lafayette,,241230003,,R-20,0,2.0,0.35
Lafayette,,241230004,,R-20,0,2.0,0.44
Lafayette,,239040013,,R-10,0,4.0,0.34508869210532417
Lafayette,,241230050,,R-20,0,2.0,0.4494210853068387
Lafayette,,241230070,,R-20,0,2.0,0.46
Lafayette,,239020022,,R-10,0,4.0,0.25471530311806273
Lafayette,,239020023,,R-10,0,4.0,0.2845175648982442
Lafayette,,239020024,,R-10,0,4.0,0.2765736832486781
Lafayette,,239020021,,R-10,0,4.0,0.27274346667511534
Lafayette,,239040014,,R-10,0,4.0,0.4519874848265999
Lafayette,,239040012,,R-10,0,4.0,0.9499697033899692
Lafayette,,239040010,,R-20,0,2.0,0.8031063221741682
Lafayette,,239040009,,R-20,0,2.0,0.510680641289294
Lafayette,,239040007,,R-20,0,2.0,0.7815283964924565
Lafayette,,239040005,,R-20,0,2.0,0.5228861079798316
Lafayette,,239040006,,R-20,0,2.0,0.49711091972700067
Lafayette,,239040008,,R-20,0,2.0,0.5144918092369455
Lafayette,,240111002,,R-20,0,2.0,0.5697680535113724
Lafayette,,239040011,,R-20,0,2.0,0.4933750742699907
Lafayette,,240111001,,R-20,0,2.0,0.5650588342510776
Lafayette,,240111003,,R-20,0,2.0,0.6455341201902923
Lafayette,,240100007,,R-20,0,2.0,1.4
Lafayette,,240111005,,R-20,0,2.0,0.5225243949800747
Lafayette,,240111004,,R-20,0,2.0,0.5297156012725753
Lafayette,,240111006,,R-20,0,2.0,0.5787414781216692
Lafayette,,240112001,,R-20,0,2.0,0.5089950563970678
Lafayette,,240122006,,R-20,0,2.0,0.518788144659848
Lafayette,,240112002,,R-20,0,2.0,0.510556269056628
Lafayette,,240112003,,R-20,0,2.0,0.49455156607766804
Lafayette,,240122007,,R-20,0,2.0,0.5494045767889336
Lafayette,,239040004,,R-20,0,2.0,0.5062892604515082
Lafayette,,240122009,,R-20,0,2.0,0.5027018132651125
Lafayette,,240122008,,R-20,0,2.0,0.5033762563505162
Lafayette,,240122010,,R-20,0,2.0,0.523745659618283
Lafayette,,240122003,,R-20,0,2.0,0.497454454296642
Lafayette,,240122004,,R-20,0,2.0,0.5067708975345164
Lafayette,,240122005,,R-20,0,2.0,0.5078288968928858
Lafayette,,240111011,,R-20,0,2.0,0.5144512284155145
Lafayette,,240140018,,R-40,0,1.1,2.61
Lafayette,,240140019,,R-40,0,1.1,4.59
Lafayette,,240121001,,R-20,0,2.0,0.558406425536584
Lafayette,,240122002,,R-20,0,2.0,0.4993350387342309
Lafayette,,240121002,,R-20,0,2.0,0.5096879603069734
Lafayette,,240121003,,R-20,0,2.0,0.5594658865213419
Lafayette,,240121004,,R-20,0,2.0,0.620674669382785
Lafayette,,240122001,,R-20,0,2.0,0.4999388449980338
Lafayette,,240131008,,R-20,0,2.0,0.5200268335807336
Lafayette,,240131001,,R-20,0,2.0,0.5176163325872678
Lafayette,,240122012,,R-20,0,2.0,0.5062426847251308
Lafayette,,240122011,,R-20,0,2.0,0.4931008961646371
Lafayette,,239040003,,R-20,0,2.0,0.5073730575431963
Lafayette,,239040002,,R-20,0,2.0,0.5086398754627687
Lafayette,,239040034,,R-10,0,4.0,0.36023251407982393
Lafayette,,239040035,,R-10,0,4.0,0.37612709326088817
Lafayette,,239052007,,R-20,0,2.0,0.5143966196058776
Lafayette,,239040001,,R-20,0,2.0,0.502327161593294
Lafayette,,239052008,,R-20,0,2.0,0.5195835689694903
Lafayette,,239052009,,R-20,0,2.0,0.5303519958806845
Lafayette,,239052002,,R-10,0,4.0,0.4036859540162987
Lafayette,,239052001,,R-10,0,4.0,0.38132947869243283
Lafayette,,239051011,,R-10,0,4.0,0.5307572297319542
Lafayette,,239052003,,R-10,0,4.0,0.38291964845539134
Lafayette,,239051007,,R-10,0,4.0,0.41081810681641306
Lafayette,,239051006,,R-10,0,4.0,0.4260204488577758
Lafayette,,239051004,,R-10,0,4.0,1.25
Lafayette,,239051010,,R-10,0,4.0,0.41615062867485353
Lafayette,,239040027,,R-10,0,4.0,0.8612451621146934
Lafayette,,239040028,,R-10,0,4.0,0.9580882027304644
Lafayette,,239040042,,R-10,0,4.0,0.938
Lafayette,,239040043,,R-10,0,4.0,0.956
Lafayette,,239040033,,R-10,0,4.0,0.35108104002003704
Lafayette,,239040032,,R-10,0,4.0,0.4083230092062684
Lafayette,,239040031,,R-10,0,4.0,0.7537855873935914
Lafayette,,239040020,,R-10,0,4.0,0.5320095179047379
Lafayette,,239040019,,R-10,0,4.0,0.6278362729729488
Lafayette,,239040017,,R-10,0,4.0,0.2962546027614468
Lafayette,,239040040,,R-10,0,4.0,0.344
Lafayette,,239040038,,R-10,0,4.0,1.4624179046183154
Lafayette,,239040041,,R-10,0,4.0,0.976
Lafayette,,239020020,,R-10,0,4.0,0.5023570824631594
Lafayette,,239020019,,R-10,0,4.0,0.3856981126945283
Lafayette,,239020017,,R-10,0,4.0,0.36532436151623443
Lafayette,,239020018,,R-10,0,4.0,0.37570879004528573
Lafayette,,239020003,,R-10,0,4.0,0.5432765761000867
Lafayette,,239020004,,R-10,0,4.0,0.45544906777328636
Lafayette,,239020015,,R-10,0,4.0,0.3401895792054554
Lafayette,,239020016,,R-10,0,4.0,0.35172197193327104
Lafayette,,239040021,,R-10,0,4.0,0.44608515975477214
Lafayette,,239020014,,R-10,0,4.0,0.3337171290162529
Lafayette,,239020013,,R-10,0,4.0,0.3541129274963419
Lafayette,,239020005,,R-10,0,4.0,0.3385176098878591
Lafayette,,239020006,,R-10,0,4.0,0.3440082165410022
Lafayette,,239020007,,R-10,0,4.0,0.33529636301698784
Lafayette,,239020009,,R-10,0,4.0,0.5090590246143651
Lafayette,,239020008,,R-10,0,4.0,0.34000506928803936
Lafayette,,239020010,,R-10,0,4.0,0.39299193451036296
Lafayette,,239020011,,R-10,0,4.0,0.35001330193088775
Lafayette,,239020012,,R-10,0,4.0,0.35622938540705035
Lafayette,,239040022,,R-10,0,4.0,0.4089959703851902
Lafayette,,239040023,,R-10,0,4.0,0.3625819092742676
Lafayette,,239040026,,R-10,0,4.0,0.5895348186510396
Lafayette,,239040024,,R-10,0,4.0,0.35458504671249785
Lafayette,,239040025,,R-10,0,4.0,0.3682866768966308
Lafayette,,239051003,,R-10,0,4.0,0.7065679813333609
Lafayette,,239051001,,R-10,0,4.0,0.4366866463186899
Lafayette,,239051002,,R-10,0,4.0,0.40133302070997795
Lafayette,,239060014,,R-20,0,2.0,5.55
Lafayette,,239032009,,R-10,0,4.0,0.7450223847413174
Lafayette,,239032011,,R-10,0,4.0,0.4223917291353352
Lafayette,,239032010,,R-10,0,4.0,0.4271150461604305
Lafayette,,239032006,,R-10,0,4.0,0.4469637502287734
Lafayette,,239032007,,R-10,0,4.0,0.8491344465506977
Lafayette,,239032008,,R-10,0,4.0,1.156674337191036
Lafayette,,239070015,,R-20,0,2.0,0.46
Lafayette,,239070019,,R-20,0,2.0,0.19
Lafayette,,239070037,,R-20,0,2.0,0.71
Lafayette,,239070036,,R-20,0,2.0,0.57
Lafayette,,239070030,,R-20,0,2.0,1.13
Lafayette,,239070035,,R-20,0,2.0,0.56
Lafayette,,239060015,,R-20,0,2.0,2.25
Lafayette,,239111003,,R-20,0,2.0,0.2975160745529194
Lafayette,,239060012,,R-20,0,2.0,0.4850864707884834
Lafayette,,239060011,,R-20,0,2.0,0.496618445727772
Lafayette,,239060010,,R-20,0,2.0,0.4654609285658565
Lafayette,,239060013,,R-20,0,2.0,1.03
Lafayette,,239060009,,R-20,0,2.0,0.4397038639697258
Lafayette,,239060008,,R-20,0,2.0,0.4269822344844689
Lafayette,,239060004,,R-20,0,2.0,0.33172263113785727
Lafayette,,239060007,,R-20,0,2.0,0.705977890512274
Lafayette,,239112020,,R-20,0,2.0,0.4150145809154487
Lafayette,,239112019,,R-20,0,2.0,0.31848961611007676
Lafayette,,239060006,,R-20,0,2.0,1.0937248290226698
Lafayette,,239112011,,R-20,0,2.0,0.2945849101435578
Lafayette,,239112010,,R-20,0,2.0,0.4857818514261199
Lafayette,,239112009,,R-20,0,2.0,0.6099917524138124
Lafayette,,239060005,,R-20,0,2.0,0.49657843028806614
Lafayette,,239150004,,R-20,0,2.0,1.5241737382983318
Lafayette,,239150005,,R-20,0,2.0,2.457326703347759
Lafayette,,239150006,,R-20,0,2.0,2.5335670638195915
Lafayette,,239060003,,R-20,0,2.0,0.34416902015408257
Lafayette,,239150026,,R-20,0,2.0,1.0301120411019757
Lafayette,,239150034,,R-20,0,2.0,0.6759998060495482
Lafayette,,239150002,,R-20,0,2.0,0.9108852302025793
Lafayette,,239150003,,R-20,0,2.0,0.8664306812259882
Lafayette,,239060002,,R-20,0,2.0,0.40128434403447855
Lafayette,,239060001,,R-20,0,2.0,0.6592418991459874
Lafayette,,239150001,,R-20,0,2.0,1.2029411339621718
Lafayette,,239051009,,R-10,0,4.0,0.4224756452540077
Lafayette,,239051008,,R-10,0,4.0,0.43621911506909977
Lafayette,,239052004,,R-10,0,4.0,0.4028192354916514
Lafayette,,239052005,,R-10,0,4.0,0.4184301710830142
Lafayette,,239052006,,R-10,0,4.0,0.4869677946280667
Lafayette,,239052012,,R-20,0,2.0,0.5256086913862635
Lafayette,,239052010,,R-20,0,2.0,0.5168886040209573
Lafayette,,239052011,,R-20,0,2.0,0.5298518672230813
Lafayette,,239052013,,R-20,0,2.0,0.5022541186564142
Lafayette,,239150035,,R-20,0,2.0,0.6138639487579818
Lafayette,,240133004,,R-20,0,2.0,0.48059994966870423
Lafayette,,240131005,,R-20,0,2.0,0.5026763753857572
Lafayette,,240133005,,R-20,0,2.0,0.48822698122631153
Lafayette,,240131004,,R-20,0,2.0,0.5494968603015584
Lafayette,,240131003,,R-20,0,2.0,0.5148434771210759
Lafayette,,240131002,,R-20,0,2.0,0.5081336042971909
Lafayette,,240131007,,R-20,0,2.0,0.4970859194124389
Lafayette,,240131006,,R-20,0,2.0,0.5087257301725627
Lafayette,,240132003,,R-20,0,2.0,0.5242874876864058
Lafayette,,240132002,,R-20,0,2.0,0.5260306771217376
Lafayette,,240132001,,R-20,0,2.0,0.5887542663848657
Lafayette,,240132004,,R-20,0,2.0,0.5099327134141846
Lafayette,,240133001,,R-20,0,2.0,0.47107418968059256
Lafayette,,240132006,,R-20,0,2.0,0.632
Lafayette,,240133002,,R-20,0,2.0,0.45081836831695066
Lafayette,,240133003,,R-20,0,2.0,0.4887799967716279
Lafayette,,239150033,,R-20,0,2.0,0.646654435216725
Lafayette,,239150032,,R-20,0,2.0,0.5505671397140873
Lafayette,,239150031,,R-20,0,2.0,1.5772969323103831
Lafayette,,239150029,,R-20,0,2.0,5.389260623119955
Lafayette,,239150030,,R-20,0,2.0,3.39
Lafayette,,239150028,,R-20,0,2.0,2.5731071545752284
Lafayette,,239150027,,R-20,0,2.0,1.9670557101487518
Lafayette,,239150025,,R-20,0,2.0,1.958322228734434
Lafayette,,239150024,,R-20,0,2.0,2.292242101985405
Lafayette,,239150023,,R-20,0,2.0,1.986882867683863
Lafayette,,239150022,,R-20,0,2.0,1.7266380675847768
Lafayette,,239150019,,R-20,0,2.0,15.497
Lafayette,,239150020,,R-20,0,2.0,3.1266705857893355
Lafayette,,239150021,,R-20,0,2.0,2.1288805438768095
Lafayette,,239150018,,R-20,0,2.0,1.3181082715453587
Lafayette,,236190010,,R-20,0,2.0,0.8565885788015136
Lafayette,,239150016,,R-20,0,2.0,4.352723773463125
Lafayette,,239150013,,R-20,0,2.0,2.6056681320915374
Lafayette,,239150017,,R-20,0,2.0,2.8080298044286156
Lafayette,,239150010,,R-20,0,2.0,1.9219125359845215
Lafayette,,239150011,,R-20,0,2.0,2.913716823439388
Lafayette,,239132011,,R-20,0,2.0,0.31734290018713845
Lafayette,,239132012,,R-20,0,2.0,0.2877264744850128
Lafayette,,239132013,,R-20,0,2.0,0.3395876449087206
Lafayette,,239132006,,R-20,0,2.0,0.26911757599121006
Lafayette,,239132010,,R-20,0,2.0,0.475968562047234
Lafayette,,239132008,,R-20,0,2.0,0.7122329205094972
Lafayette,,239132007,,R-20,0,2.0,0.34225179043702636
Lafayette,,239132009,,R-20,0,2.0,0.530654246743813
Lafayette,,239150012,,R-20,0,2.0,2.722491257574502
Lafayette,,239150015,,R-20,0,2.0,2.3248276438627222
Lafayette,,239150014,,R-20,0,2.0,2.168720462891744
Lafayette,,236151002,,R-20,0,2.0,0.5813937231371832
Lafayette,,236151001,,R-20,0,2.0,0.5283505740392603
Lafayette,,239132001,,R-20,0,2.0,0.45211630149699145
Lafayette,,239132002,,R-20,0,2.0,0.49869057942757883
Lafayette,,239131005,,R-20,0,2.0,0.23786163690508408
Lafayette,,239132003,,R-20,0,2.0,0.5517319492251597
Lafayette,,239132004,,R-20,0,2.0,0.5423519758279498
Lafayette,,239132005,,R-20,0,2.0,0.5591729375754515
Lafayette,,239131006,,R-20,0,2.0,0.24037548087693425
Lafayette,,239131007,,R-20,0,2.0,0.27135949136543613
Lafayette,,239131008,,R-20,0,2.0,0.2465806332341345
Lafayette,,239131009,,R-20,0,2.0,0.2973254790766507
Lafayette,,239131010,,R-20,0,2.0,0.2957604799425778
Lafayette,,239131024,,R-20,0,2.0,1.15
Lafayette,,236152013,,R-20,0,2.0,0.23910118318901505
Lafayette,,236152012,,R-20,0,2.0,0.22747420977403995
Lafayette,,239131022,,R-20,0,2.0,1.2
Lafayette,,239131021,,R-20,0,2.0,0.9
Lafayette,,239131027,,R-20,0,2.0,2.22
Lafayette,,239120010,,R-20,0,2.0,0.9330460576121223
Lafayette,,239120011,,R-20,0,2.0,0.6524570763499518
Lafayette,,239120012,,R-20,0,2.0,0.5086119209196802
Lafayette,,239120013,,R-20,0,2.0,0.42593848468624373
Lafayette,,239120014,,R-20,0,2.0,0.2910343578857009
Lafayette,,239131026,,R-20,0,2.0,1.71
Lafayette,,239120016,,R-20,0,2.0,0.28402305471986916
Lafayette,,239120015,,R-20,0,2.0,0.2893959531687456
Lafayette,,239120002,,R-20,0,2.0,0.28465170825290026
Lafayette,,239120003,,R-20,0,2.0,0.25033847955189187
Lafayette,,239120004,,R-20,0,2.0,0.2617309654308638
Lafayette,,239120006,,R-20,0,2.0,0.2627015437979012
Lafayette,,239120005,,R-20,0,2.0,0.2712665999588211
Lafayette,,239111009,,R-20,0,2.0,0.538829030731445
Lafayette,,239111018,,R-20,0,2.0,0.41438312145673545
Lafayette,,239120001,,R-20,0,2.0,0.2808346705289643
Lafayette,,239131015,,R-20,0,2.0,0.2958833279087863
Lafayette,,239131019,,R-20,0,2.0,0.06
Lafayette,,239131013,,R-20,0,2.0,0.3263368082088867
Lafayette,,239131012,,R-20,0,2.0,0.28534330184646983
Lafayette,,239131011,,R-20,0,2.0,0.26480766285658897
Lafayette,,239131014,,R-20,0,2.0,0.2929058766001399
Lafayette,,239132014,,R-20,0,2.0,0.34191594797941843
Lafayette,,239112023,,R-20,0,2.0,0.4592612607446013
Lafayette,,239112001,,R-20,0,2.0,0.45230634063709096
Lafayette,,239132018,,R-20,0,2.0,1.08
Lafayette,,239111015,,R-20,0,2.0,0.8427843656713854
Lafayette,,239112022,,R-20,0,2.0,0.55
Lafayette,,239112024,,R-20,0,2.0,0.6350287531226403
Lafayette,,239150009,,R-20,0,2.0,2.4913372795652773
Lafayette,,239150008,,R-20,0,2.0,2.3189867166635496
Lafayette,,239150007,,R-20,0,2.0,2.5970058505550027
Lafayette,,239112008,,R-20,0,2.0,0.4621358728641237
Lafayette,,239112007,,R-20,0,2.0,0.4283943784309469
Lafayette,,239112006,,R-20,0,2.0,0.4214516981146161
Lafayette,,239112005,,R-20,0,2.0,0.4831625883954547
Lafayette,,239111014,,R-20,0,2.0,0.3454110514297268
Lafayette,,239111020,,R-20,0,2.0,0.5700794526409129
Lafayette,,239111021,,R-20,0,2.0,0.30775120268027456
Lafayette,,239112014,,R-20,0,2.0,0.24627901093911803
Lafayette,,239112013,,R-20,0,2.0,0.36525060275139937
Lafayette,,239112012,,R-20,0,2.0,0.3299476151667932
Lafayette,,239112017,,R-20,0,2.0,0.3491187197480853
Lafayette,,239112018,,R-20,0,2.0,0.39512554983403286
Lafayette,,239112016,,R-20,0,2.0,0.2877506731166641
Lafayette,,239112015,,R-20,0,2.0,0.28009188396772416
Lafayette,,239111006,,R-20,0,2.0,0.5516180861613306
Lafayette,,239111019,,R-20,0,2.0,0.5500687405030777
Lafayette,,239111007,,R-20,0,2.0,0.5471235657761071
Lafayette,,239111008,,R-20,0,2.0,0.744998250921596
Lafayette,,239080016,,R-20,0,2.0,0.7415776768270624
Lafayette,,239111005,,R-20,0,2.0,0.4770614361026515
Lafayette,,239111004,,R-20,0,2.0,0.36446095733049205
Lafayette,,239111016,,R-20,0,2.0,0.36460818778975795
Lafayette,,239111017,,R-20,0,2.0,0.30712868776677155
Lafayette,,239100001,,R-20,0,2.0,19.82
Lafayette,,239070034,,R-20,0,2.0,0.649
Lafayette,,239080018,,R-20,0,2.0,0.4853884266437605
Lafayette,,239080017,,R-20,0,2.0,0.5855342185874373
Lafayette,,239080006,,R-20,0,2.0,0.69
Lafayette,,239070017,,R-20,0,2.0,0.6418877774348263
Lafayette,,239070033,,R-20,0,2.0,0.586
Lafayette,,239070010,,R-20,0,2.0,0.6772397350937912
Lafayette,,239070016,,R-20,0,2.0,0.638494334914831
Lafayette,,239080007,,R-20,0,2.0,0.64
Lafayette,,234121037,,R-10,0,4.0,0.23
Lafayette,,239080015,,R-20,0,2.0,0.79
Lafayette,,239080008,,R-20,0,2.0,0.3
Lafayette,,239080010,,R-20,0,2.0,0.26
Lafayette,,239080019,,R-20,0,2.0,0.42
Lafayette,,234121008,,R-10,0,4.0,0.31
Lafayette,,234121006,,R-15,0,2.9,0.39868023912557254
Lafayette,,234121007,,R-15,0,2.9,0.40326863573386
Lafayette,,234121025,,R-15,0,2.9,0.3986896806844664
Lafayette,,234121024,,R-15,0,2.9,0.39715372079861594
Lafayette,,234121023,,R-15,0,2.9,0.36170489041650483
Lafayette,,239080002,,R-20,0,2.0,0.58
Lafayette,,239080003,,R-20,0,2.0,0.61
Lafayette,,239080012,,R-20,0,2.0,0.23
Lafayette,,239080004,,R-20,0,2.0,0.91
Lafayette,,239090022,,R-20,0,2.0,0.95
Lafayette,,239090012,,R-20,0,2.0,0.62
Lafayette,,239080013,,R-20,0,2.0,1.0
Lafayette,,239090008,,R-20,0,2.0,0.61
Lafayette,,239090001,,R-20,0,2.0,0.5
Lafayette,,234152009,,R-15,0,2.9,0.2608097359393394
Lafayette,,234152008,,R-15,0,2.9,0.2713293727437949
Lafayette,,234151004,,R-15,0,2.9,0.4418134929949618
Lafayette,,234151003,,R-15,0,2.9,0.39734029631267853
Lafayette,,234151001,,R-15,0,2.9,0.5335929170993682
Lafayette,,234151002,,R-15,0,2.9,0.46382909868824596
Lafayette,,234152011,,R-15,0,2.9,0.23601244126639384
Lafayette,,234140016,,R-15,0,2.9,0.575
Lafayette,,234140001,,R-15,0,2.9,0.309242080138356
Lafayette,,234160030,,R-15,0,2.9,0.3608183027270768
Lafayette,,234160011,,R-15,0,2.9,0.49
Lafayette,,234152007,,R-15,0,2.9,0.74
Lafayette,,234152010,,R-15,0,2.9,0.2786694558253976
Lafayette,,234152006,,R-15,0,2.9,0.46
Lafayette,,234152004,,R-15,0,2.9,0.32
Lafayette,,234152003,,R-15,0,2.9,0.6
Lafayette,,234160039,,R-15,0,2.9,0.3964366487626479
Lafayette,,234160038,,R-15,0,2.9,0.7030840114751671
Lafayette,,234210010,,R-20,0,2.0,0.38
Lafayette,,234210012,,R-20,0,2.0,0.462
Lafayette,,234210009,,R-20,0,2.0,0.38
Lafayette,,234290003,,R-20,0,2.0,1.79
Lafayette,,234153005,,R-10,0,4.0,0.28
Lafayette,,234153007,,R-10,0,4.0,0.48
Lafayette,,234153006,,R-10,0,4.0,0.35
Lafayette,,234153002,,R-10,0,4.0,0.37
Lafayette,,234153001,,R-20,0,2.0,0.64
Lafayette,,234220016,,R-20,0,2.0,0.434522412495237
Lafayette,,239090020,,R-20,0,2.0,1.038
Lafayette,,239090017,,R-20,0,2.0,0.5574457330428355
Lafayette,,239090016,,R-20,0,2.0,2.8869822820271853
Lafayette,,239090005,,R-20,0,2.0,0.34
Lafayette,,239090003,,R-20,0,2.0,0.47
Lafayette,,234152005,,R-15,0,2.9,0.32
Lafayette,,239090002,,R-20,0,2.0,0.48
Lafayette,,239090013,,R-20,0,2.0,1.98
Lafayette,,239090014,,R-20,0,2.0,0.64
Lafayette,,239090023,,R-20,0,2.0,0.52
Lafayette,,239120007,,R-20,0,2.0,0.28368607328321077
Lafayette,,239120008,,R-20,0,2.0,0.3304416839079858
Lafayette,,239120019,,R-20,0,2.0,1.43707720206835
Lafayette,,239120018,,R-20,0,2.0,0.7901638936074734
Lafayette,,236090019,,R-20,0,2.0,2.553
Lafayette,,236090013,,R-20,0,2.0,2.25
Lafayette,,236090017,,R-20,0,2.0,2.224
Lafayette,,239090021,,R-20,0,2.0,0.482
Lafayette,,236080014,,R-20,0,2.0,0.25
Lafayette,,236080002,,R-20,0,2.0,0.47
Lafayette,,234220004,,R-10,0,4.0,0.54
Lafayette,,234220005,,R-10,0,4.0,0.48
Lafayette,,234290007,,R-20,0,2.0,0.31
Lafayette,,234220003,,R-10,0,4.0,0.4
Lafayette,,234230001,,R-20,0,2.0,0.92
Lafayette,,234230024,,R-20,0,2.0,1.1454311316286407
Lafayette,,234230025,,R-20,0,2.0,0.44768291458472337
Lafayette,,234210014,,R-20,0,2.0,0.72
Lafayette,,234210013,,R-20,0,2.0,0.46
Lafayette,,234210002,,R-20,0,2.0,0.92
Lafayette,,234210003,,R-20,0,2.0,0.92
Lafayette,,234220006,,R-20,0,2.0,0.54
Lafayette,,234220007,,R-20,0,2.0,0.56
Lafayette,,234220008,,R-20,0,2.0,0.44
Lafayette,,234220017,,R-20,0,2.0,0.458
Lafayette,,234220018,,R-20,0,2.0,0.402
Lafayette,,234220015,,R-20,0,2.0,0.47630496704841113
Lafayette,,234210004,,R-20,0,2.0,0.93
Lafayette,,234210005,,R-20,0,2.0,0.92
Lafayette,,234200027,,R-20,0,2.0,0.845
Lafayette,,234210006,,R-20,0,2.0,0.92
Lafayette,,234210007,,R-20,0,2.0,0.82
Lafayette,,234200020,,R-20,0,2.0,0.6181174781986591
Lafayette,,234210011,,R-20,0,2.0,0.461
Lafayette,,234200019,,R-20,0,2.0,0.4616509124992403
Lafayette,,234200031,,R-20,0,2.0,1.125
Lafayette,,234200017,,R-20,0,2.0,1.13
Lafayette,,234200026,,R-20,0,2.0,1.4763242979258522
Lafayette,,234200025,,R-20,0,2.0,1.3131268824981397
Lafayette,,234190021,,R-20,0,2.0,0.56
Lafayette,,234190020,,R-20,0,2.0,0.53
Lafayette,,234190018,,R-20,0,2.0,0.54
Lafayette,,234200018,,R-20,0,2.0,0.47
Lafayette,,234200006,,R-20,0,2.0,0.85
Lafayette,,234230008,,R-20,0,2.0,0.5
Lafayette,,234230010,,R-20,0,2.0,0.48
Lafayette,,234230013,,R-20,0,2.0,0.46361894706295875
Lafayette,,234230019,,R-20,0,2.0,0.55
Lafayette,,234230014,,R-20,0,2.0,0.548646628936686
Lafayette,,234230021,,R-20,0,2.0,1.09
Lafayette,,234230012,,R-20,0,2.0,0.48
Lafayette,,234230011,,R-20,0,2.0,1.45
Lafayette,,234250011,,R-20,0,2.0,2.23
Lafayette,,234200004,,R-20,0,2.0,1.07
Lafayette,,234240022,,R-20,0,2.0,0.87
Lafayette,,234240010,,R-20,0,2.0,1.18
Lafayette,,234240020,,R-20,0,2.0,0.72
Lafayette,,234250008,,R-20,0,2.0,1.010140712971501
Lafayette,,234240007,,R-20,0,2.0,0.54
Lafayette,,234240003,,R-20,0,2.0,0.46
Lafayette,,234240017,,R-20,0,2.0,0.4445387074119379
Lafayette,,234240001,,R-20,0,2.0,0.44
Lafayette,,234240018,,R-20,0,2.0,0.3788684783420923
Lafayette,,234240008,,R-20,0,2.0,0.66
Lafayette,,234250004,,R-20,0,2.0,0.56
Lafayette,,234250003,,R-20,0,2.0,0.55
Lafayette,,234250006,,R-20,0,2.0,1.13
Lafayette,,234250005,,R-20,0,2.0,0.47
Lafayette,,234250007,,R-20,0,2.0,1.1432323965860984
Lafayette,,234230032,,R-10,0,4.0,1.24
Lafayette,,234230031,,R-10,0,4.0,0.73
Lafayette,,234272001,,R-10,0,4.0,0.3720725291975928
Lafayette,,234272002,,R-10,0,4.0,0.7904078312258748
Lafayette,,234271005,,R-10,0,4.0,0.3215802943286421
Lafayette,,234271004,,R-10,0,4.0,0.2479065392495654
Lafayette,,234271003,,R-10,0,4.0,0.2874163322439053
Lafayette,,234271006,,R-10,0,4.0,0.46979885191331394
Lafayette,,234271008,,R-20,0,2.0,0.524
Lafayette,,234271007,,R-10,0,4.0,0.46226407698724215
Lafayette,,234230028,,R-10,0,4.0,0.5501840037760629
Lafayette,,234230026,,R-20,0,2.0,0.551
Lafayette,,234260013,,R-20,0,2.0,0.95
Lafayette,,234260014,,R-20,0,2.0,0.74
Lafayette,,234260012,,R-20,0,2.0,0.72
Lafayette,,234260011,,R-20,0,2.0,0.7
Lafayette,,234260010,,R-20,0,2.0,0.79
Lafayette,,234271002,,R-20,0,2.0,0.51
Lafayette,,236012008,,R-10,0,4.0,0.53
Lafayette,,236012009,,R-10,0,4.0,0.52
Lafayette,,234260009,,R-20,0,2.0,0.49
Lafayette,,236012011,,R-10,0,4.0,0.31711046522217284
Lafayette,,236012013,,R-10,0,4.0,0.2375370134917957
Lafayette,,236012015,,R-10,0,4.0,0.26630614994137397
Lafayette,,236012026,,R-10,0,4.0,0.53
Lafayette,,236012024,,R-10,0,4.0,0.45236343182776556
Lafayette,,236012005,,R-10,0,4.0,0.3473788413527903
Lafayette,,236012004,,R-10,0,4.0,0.3399340839423791
Lafayette,,236011006,,R-10,0,4.0,0.3406901265210903
Lafayette,,236012025,,R-10,0,4.0,0.5225012425154213
Lafayette,,236011003,,R-10,0,4.0,0.4904171528832373
Lafayette,,236011004,,R-10,0,4.0,0.43533751842233326
Lafayette,,236011005,,R-10,0,4.0,0.3904132548030353
Lafayette,,236080022,,R-20,0,2.0,0.82
Lafayette,,236080008,,R-20,0,2.0,2.19
Lafayette,,236080021,,R-20,0,2.0,0.94
Lafayette,,236170004,,R-20,0,2.0,1.63
Lafayette,,236011013,,R-10,0,4.0,0.44
Lafayette,,236011014,,R-10,0,4.0,0.37
Lafayette,,234272003,,R-10,0,4.0,0.3509681050592214
Lafayette,,234272008,,R-10,0,4.0,0.405270402945665
Lafayette,,236170003,,R-20,0,2.0,1.62
Lafayette,,234272010,,R-10,0,4.0,0.6133236943315268
Lafayette,,234290006,,R-20,0,2.0,0.31
Lafayette,,234220002,,R-10,0,4.0,0.35
Lafayette,,236080007,,R-20,0,2.0,0.57
Lafayette,,234220001,,R-10,0,4.0,0.09
Lafayette,,236080023,,R-20,0,2.0,0.8858178333612913
Lafayette,,236080005,,R-20,0,2.0,0.63
Lafayette,,236080003,,R-20,0,2.0,0.51
Lafayette,,236080024,,R-20,0,2.0,0.5243543925186747
Lafayette,,236080025,,R-20,0,2.0,0.42555246542453146
Lafayette,,236090018,,R-20,0,2.0,1.196
Lafayette,,236090014,,R-20,0,2.0,1.76
Lafayette,,236100004,,R-20,0,2.0,1.55
Lafayette,,236090016,,R-20,0,2.0,1.55
Lafayette,,236090009,,R-20,0,2.0,0.735
Lafayette,,236070024,,R-20,0,2.0,1.699
Lafayette,,236110001,,R-20,0,2.0,11.5
Lafayette,,236070022,,R-20,0,2.0,0.92
Lafayette,,236070018,,R-20,0,2.0,1.091
Lafayette,,236070021,,R-20,0,2.0,1.781
Lafayette,,236080026,,R-20,0,2.0,1.026
Lafayette,,236070012,,R-20,0,2.0,0.13
Lafayette,,236070010,,R-20,0,2.0,0.83
Lafayette,,236070011,,R-20,0,2.0,0.6
Lafayette,,236070020,,R-20,0,2.0,0.5606751881383916
Lafayette,,236070019,,R-20,0,2.0,0.5739751460544007
Lafayette,,236011012,,R-10,0,4.0,0.3142397888717693
Lafayette,,236011009,,R-10,0,4.0,0.09125180784812849
Lafayette,,236011008,,R-10,0,4.0,0.27591003525983904
Lafayette,,236011007,,R-10,0,4.0,0.31697141621134856
Lafayette,,236012002,,R-10,0,4.0,0.4285997920986279
Lafayette,,236012003,,R-10,0,4.0,0.33439646799817135
Lafayette,,236012016,,R-10,0,4.0,0.257361138194462
Lafayette,,236012027,,R-10,0,4.0,0.37
Lafayette,,236012001,,R-10,0,4.0,0.27637111347293153
Lafayette,,236022018,,R-10,0,4.0,0.4683295051171076
Lafayette,,236021004,,R-10,0,4.0,0.4334076213521202
Lafayette,,236021002,,R-10,0,4.0,0.2631710018435784
Lafayette,,236021012,,R-10,0,4.0,0.36
Lafayette,,236070014,,R-20,0,2.0,0.7
Lafayette,,236060008,,R-20,0,2.0,0.9
Lafayette,,236060013,,R-20,0,2.0,0.99
Lafayette,,236021005,,R-10,0,4.0,0.38567629299527123
Lafayette,,236060015,,R-20,0,2.0,0.95
Lafayette,,236060012,,R-20,0,2.0,1.18
Lafayette,,236070006,,R-20,0,2.0,0.74
Lafayette,,236070007,,R-20,0,2.0,0.5
Lafayette,,236060003,,R-20,0,2.0,0.85
Lafayette,,236060005,,R-20,0,2.0,0.45
Lafayette,,236051XXX,,R-20,0,2.0,0.051085843742292004
Lafayette,,236051014,,R-10,0,4.0,0.37232277297740546
Lafayette,,236052001,,R-10,0,4.0,1.31
Lafayette,,236060006,,R-20,0,2.0,0.77
Lafayette,,236060004,,R-20,0,2.0,0.52
Lafayette,,236060014,,R-20,0,2.0,1.12
Lafayette,,236052002,,R-10,0,4.0,2.0
Lafayette,,236170006,,R-10,0,4.0,0.53
Lafayette,,236042002,,R-10,0,4.0,0.92
Lafayette,,236042003,,R-10,0,4.0,1.228
Lafayette,,236041021,,R-10,0,4.0,0.339
Lafayette,,236051021,,R-10,0,4.0,0.4353388644606279
Lafayette,,236051022,,R-10,0,4.0,1.275064318803034
Lafayette,,236041008,,R-10,0,4.0,0.6435248173973678
Lafayette,,236041007,,R-10,0,4.0,0.4272029710663374
Lafayette,,236041006,,R-10,0,4.0,0.4012786679346748
Lafayette,,236051028,,R-10,0,4.0,0.34461810103246965
Lafayette,,236051004,,R-10,0,4.0,0.22662779320632648
Lafayette,,236051009,,R-10,0,4.0,0.27204616113530683
Lafayette,,236051008,,R-10,0,4.0,0.22354719294344358
Lafayette,,236051027,,R-10,0,4.0,0.2949434986126571
Lafayette,,236051011,,R-10,0,4.0,0.42
Lafayette,,236051025,,R-10,0,4.0,0.40707178069400474
Lafayette,,236051013,,R-10,0,4.0,0.30334742116124
Lafayette,,236051024,,R-20,0,2.0,0.3159406996422285
Lafayette,,236051003,,R-10,0,4.0,0.22613809157374326
Lafayette,,236051002,,R-10,0,4.0,0.2255055419499265
Lafayette,,236051007,,R-10,0,4.0,0.1762121747231052
Lafayette,,236051016,,R-20,0,2.0,0.2170102396506004
Lafayette,,236051017,,R-20,0,2.0,0.19579133240666838
Lafayette,,236051018,,R-20,0,2.0,0.20642591572199162
Lafayette,,236122011,,R-20,0,2.0,0.2158608833160858
Lafayette,,236121010,,R-10,0,4.0,0.2835114172851348
Lafayette,,236121011,,R-10,0,4.0,0.2542853070444222
Lafayette,,236051001,,R-10,0,4.0,0.2178682569458121
Lafayette,,236121012,,R-10,0,4.0,0.252539860328899
Lafayette,,236132004,,R-10,0,4.0,0.4242654076209732
Lafayette,,236132003,,R-10,0,4.0,0.4205642863777534
Lafayette,,236132006,,R-10,0,4.0,0.32967535812844057
Lafayette,,236132007,,R-10,0,4.0,0.24681994645993574
Lafayette,,236132008,,R-10,0,4.0,0.2505508312063348
Lafayette,,236132005,,R-10,0,4.0,0.35436512082968485
Lafayette,,236051005,,R-10,0,4.0,0.23484246856832042
Lafayette,,236051006,,R-10,0,4.0,0.9104867767637126
Lafayette,,236041001,,R-10,0,4.0,0.31999025351001453
Lafayette,,236041002,,R-10,0,4.0,0.26263620982245567
Lafayette,,236041003,,R-10,0,4.0,0.217658297594574
Lafayette,,236131012,,R-10,0,4.0,0.3092675108094008
Lafayette,,236131011,,R-10,0,4.0,0.26206390156967224
Lafayette,,236131009,,R-10,0,4.0,0.18880635018263184
Lafayette,,236131008,,R-10,0,4.0,0.3378285926520567
Lafayette,,236131010,,R-10,0,4.0,0.19090078027514232
Lafayette,,236131003,,R-10,0,4.0,0.17356899535078937
Lafayette,,236131002,,R-10,0,4.0,0.21365553885211447
Lafayette,,236131001,,R-10,0,4.0,0.21741189584313173
Lafayette,,236131004,,R-10,0,4.0,0.3857561670542947
Lafayette,,236131025,,R-10,0,4.0,0.39
Lafayette,,236131024,,R-10,0,4.0,1.0
Lafayette,,236201016,,R-10,0,4.0,0.352367422282442
Lafayette,,236201013,,R-10,0,4.0,0.3534964637721393
Lafayette,,236201012,,R-10,0,4.0,0.5310189518085655
Lafayette,,236141007,,R-10,0,4.0,0.26073952154666336
Lafayette,,236141006,,R-10,0,4.0,0.260001045009731
Lafayette,,236141008,,R-10,0,4.0,0.2851672652898187
Lafayette,,236141009,,R-10,0,4.0,0.3807058241396218
Lafayette,,236141010,,R-10,0,4.0,0.44029296034196297
Lafayette,,236142009,,R-10,0,4.0,0.44697287007263525
Lafayette,,236142008,,R-20,0,2.0,0.4755991597833836
Lafayette,,236142006,,R-20,0,2.0,0.5576299096054328
Lafayette,,236142007,,R-20,0,2.0,0.49124246876333216
Lafayette,,236142005,,R-20,0,2.0,0.5774464759406144
Lafayette,,236121003,,R-20,0,2.0,0.5258438968465
Lafayette,,236121004,,R-20,0,2.0,0.527231045979834
Lafayette,,236121005,,R-20,0,2.0,0.4980588247593024
Lafayette,,236132001,,R-10,0,4.0,0.4315939341207353
Lafayette,,236132002,,R-10,0,4.0,0.414239138200213
Lafayette,,236121009,,R-20,0,2.0,0.6404235078334671
Lafayette,,236121008,,R-20,0,2.0,0.6123762122864558
Lafayette,,236121007,,R-20,0,2.0,0.5198303031825371
Lafayette,,236121006,,R-20,0,2.0,0.5379406397870853
Lafayette,,236122008,,R-20,0,2.0,0.24564645731686063
Lafayette,,236122009,,R-20,0,2.0,0.22950269799421877
Lafayette,,236122010,,R-20,0,2.0,0.22107820679486742
Lafayette,,236122007,,R-20,0,2.0,0.228079230677025
Lafayette,,236122006,,R-20,0,2.0,0.22751766966081885
Lafayette,,236122005,,R-20,0,2.0,0.2304702795459574
Lafayette,,236122002,,R-20,0,2.0,0.26569316755421885
Lafayette,,236122003,,R-20,0,2.0,0.26425420557923657
Lafayette,,236122004,,R-20,0,2.0,0.2541581181577188
Lafayette,,236122001,,R-20,0,2.0,0.266907076186771
Lafayette,,236121002,,R-20,0,2.0,0.5396411155764608
Lafayette,,236121013,,R-20,0,2.0,0.582
Lafayette,,236151012,,R-20,0,2.0,0.518
Lafayette,,236151010,,R-20,0,2.0,0.5867198933551644
Lafayette,,236152010,,R-20,0,2.0,0.2942046523364812
Lafayette,,236152011,,R-20,0,2.0,0.2807033676747011
Lafayette,,236152009,,R-20,0,2.0,0.3044158836924003
Lafayette,,236100005,,R-65,0,0.67,7.244
Lafayette,,236152004,,R-20,0,2.0,0.24010678906265154
Lafayette,,236152003,,R-20,0,2.0,0.2308387037392776
Lafayette,,236152005,,R-20,0,2.0,0.2419144395276706
Lafayette,,236152006,,R-20,0,2.0,0.24267035915057475
Lafayette,,236152007,,R-20,0,2.0,0.25786196100410996
Lafayette,,236152008,,R-20,0,2.0,0.2791878806903285
Lafayette,,236151007,,R-20,0,2.0,0.5714317917234979
Lafayette,,236151008,,R-20,0,2.0,0.5685939858282334
Lafayette,,236151009,,R-20,0,2.0,0.6823968137012785
Lafayette,,236180023,,R-20,0,2.0,0.5001611005434224
Lafayette,,236151006,,R-20,0,2.0,0.5304268690524319
Lafayette,,236151005,,R-20,0,2.0,0.5609522599450854
Lafayette,,236151004,,R-20,0,2.0,0.5397057331217426
Lafayette,,236151003,,R-20,0,2.0,0.585938721609424
Lafayette,,236180025,,R-20,0,2.0,0.5922588057905227
Lafayette,,236180024,,R-20,0,2.0,0.5206335888450131
Lafayette,,236180026,,R-20,0,2.0,0.6833977501967045
Lafayette,,236180018,,R-20,0,2.0,0.4944202027996771
Lafayette,,236180017,,R-20,0,2.0,0.4214985069164634
Lafayette,,236180027,,R-20,0,2.0,0.4631362059999604
Lafayette,,236180008,,R-20,0,2.0,0.4412907563396884
Lafayette,,236180009,,R-20,0,2.0,0.4324899715677335
Lafayette,,236180010,,R-20,0,2.0,0.4591079428038558
Lafayette,,236180021,,R-20,0,2.0,0.47352490429948585
Lafayette,,236180022,,R-20,0,2.0,0.3915544992328538
Lafayette,,236180020,,R-20,0,2.0,0.47826481394166664
Lafayette,,236142001,,R-20,0,2.0,0.8379716445677995
Lafayette,,236142002,,R-20,0,2.0,0.5989839938695966
Lafayette,,236142004,,R-20,0,2.0,0.5964972666350948
Lafayette,,236142003,,R-20,0,2.0,0.637640566990141
Lafayette,,236141002,,R-10,0,4.0,0.3317869466531278
Lafayette,,236180011,,R-20,0,2.0,0.4728320137709597
Lafayette,,236141001,,R-20,0,2.0,0.526492083072801
Lafayette,,236201002,,R-10,0,4.0,0.3005783829283016
Lafayette,,236141003,,R-10,0,4.0,0.32188468503649564
Lafayette,,236141005,,R-10,0,4.0,0.2645411488510536
Lafayette,,236141004,,R-10,0,4.0,0.27922015547050916
Lafayette,,236201017,,R-10,0,4.0,0.41862572135106985
Lafayette,,236201020,,R-10,0,4.0,0.4883899169566343
Lafayette,,236201019,,R-10,0,4.0,0.38664546212640233
Lafayette,,236201021,,R-10,0,4.0,0.020260648662253678
Lafayette,,236202001,,R-20,0,2.0,0.5698340885575798
Lafayette,,236201007,,R-10,0,4.0,0.36392803193409057
Lafayette,,236202002,,R-20,0,2.0,0.5372080266308987
Lafayette,,236202003,,R-20,0,2.0,0.441393883473023
Lafayette,,236201009,,R-20,0,2.0,0.4689304811808325
Lafayette,,236201008,,R-10,0,4.0,0.4157370953134771
Lafayette,,236201001,,R-20,0,2.0,0.4779808204863491
Lafayette,,236180012,,R-20,0,2.0,0.5531442797487607
Lafayette,,236180013,,R-20,0,2.0,0.45371050161084986
Lafayette,,236190017,,R-20,0,2.0,0.4042086472487184
Lafayette,,236190001,,R-20,0,2.0,0.5125409075360317
Lafayette,,236190021,,R-20,0,2.0,0.8060481108055345
Lafayette,,236190025,,R-20,0,2.0,0.677
Lafayette,,236190026,,R-20,0,2.0,0.473
Lafayette,,236190024,,R-20,0,2.0,0.7812612410293653
Lafayette,,236190023,,R-20,0,2.0,0.493553548382731
Lafayette,,236180014,,R-20,0,2.0,0.5562770069681943
Lafayette,,236180015,,R-20,0,2.0,0.5360448743154074
Lafayette,,236180016,,R-20,0,2.0,0.4709046726618878
Lafayette,,236190006,,R-20,0,2.0,0.5386622784824617
Lafayette,,236190008,,R-20,0,2.0,0.5250489783581559
Lafayette,,236190007,,R-20,0,2.0,0.5525377376836154
Lafayette,,236190005,,R-20,0,2.0,0.5733663007336527
Lafayette,,236190011,,R-20,0,2.0,0.5754113640316704
Lafayette,,236190009,,R-20,0,2.0,0.6049496307669487
Lafayette,,239150036,,R-20,0,2.0,6.614605500819115
Lafayette,,236190012,,R-20,0,2.0,0.7605972606111507
Lafayette,,237090003,,LR-10,0,4.0,39.66
Lafayette,,236190016,,R-20,0,2.0,0.6713091234187922
Lafayette,,237090004,,R-20,0,2.0,1.26
Lafayette,,236202004,,R-20,0,2.0,0.6652742628136633
Lafayette,,237090002,,R-20,0,2.0,44.03
Lafayette,,236201015,,R-10,0,4.0,0.3530950683356621
Lafayette,,236131023,,R-10,0,4.0,0.52
Lafayette,,236131022,,R-10,0,4.0,0.48
Lafayette,,236131021,,R-10,0,4.0,0.46
Lafayette,,236131020,,R-10,0,4.0,0.5
Lafayette,,236131013,,R-10,0,4.0,0.2451045671253294
Lafayette,,236131014,,R-10,0,4.0,0.2643935696844854
Lafayette,,236131015,,R-10,0,4.0,0.2603717713388971
Lafayette,,236131016,,R-10,0,4.0,0.25322051898538195
Lafayette,,236131019,,R-10,0,4.0,0.37
Lafayette,,237013001,,R-10,0,4.0,0.26698580283961937
Lafayette,,237013005,,R-10,0,4.0,0.25821835509211377
Lafayette,,237013002,,R-10,0,4.0,0.29744098248660994
Lafayette,,237013003,,R-10,0,4.0,0.27305228830926187
Lafayette,,237013004,,R-10,0,4.0,0.3180745491945446
Lafayette,,237013007,,R-10,0,4.0,0.2616720494957073
Lafayette,,237013008,,R-10,0,4.0,0.2504578012587964
Lafayette,,237013006,,R-10,0,4.0,0.2927759112401139
Lafayette,,237012009,,R-10,0,4.0,0.3104213867564148
Lafayette,,237012008,,R-10,0,4.0,0.22179194526275722
Lafayette,,237012006,,R-10,0,4.0,0.29316084940782217
Lafayette,,237012007,,R-10,0,4.0,0.25197392748272707
Lafayette,,237012010,,R-10,0,4.0,0.2390926165301756
Lafayette,,237012003,,R-10,0,4.0,0.23825531565553051
Lafayette,,237012002,,R-10,0,4.0,0.23575085406415597
Lafayette,,237012001,,R-10,0,4.0,0.22942442667667284
Lafayette,,237012011,,R-10,0,4.0,0.29255053541194725
Lafayette,,236041013,,R-10,0,4.0,0.2627710540789848
Lafayette,,236131018,,R-10,0,4.0,0.31258274282841414
Lafayette,,236131017,,R-10,0,4.0,0.2550988440339153
Lafayette,,236041012,,R-10,0,4.0,0.23167443537335808
Lafayette,,236041011,,R-10,0,4.0,0.22042657406544616
Lafayette,,236041004,,R-10,0,4.0,0.21383278602287634
Lafayette,,236041005,,R-10,0,4.0,0.21505135588474442
Lafayette,,236041010,,R-10,0,4.0,0.2670031671954712
Lafayette,,236041009,,R-10,0,4.0,0.4856232266461969
Lafayette,,236041018,,R-10,0,4.0,0.26486803569399586
Lafayette,,236041017,,R-10,0,4.0,0.2672939121239493
Lafayette,,236041016,,R-10,0,4.0,0.2686694284689513
Lafayette,,236041015,,R-10,0,4.0,0.30413385199609094
Lafayette,,236041014,,R-10,0,4.0,0.3263510250608085
Lafayette,,236170005,,R-10,0,4.0,0.52
Lafayette,,237260014,,R-10,0,4.0,3.9
Lafayette,,237021001,,R-10,0,4.0,0.41
Lafayette,,237011005,,R-10,0,4.0,0.25
Lafayette,,237011006,,R-10,0,4.0,0.25
Lafayette,,237021007,,R-10,0,4.0,0.4111533332870107
Lafayette,,237021008,,R-10,0,4.0,0.7629678768322669
Lafayette,,237021009,,R-10,0,4.0,0.26925115889678997
Lafayette,,237260027,,R-10,0,4.0,11.713
Lafayette,,237011003,,R-10,0,4.0,0.23
Lafayette,,237011004,,R-10,0,4.0,0.24
Lafayette,,237012004,,R-10,0,4.0,0.23707800321613562
Lafayette,,237012005,,R-10,0,4.0,0.23285514702143204
Lafayette,,237011007,,R-10,0,4.0,0.24
Lafayette,,237011008,,R-10,0,4.0,0.26
Lafayette,,237270003,,R-10,0,4.0,2.18
Lafayette,,237013009,,R-10,0,4.0,0.33462487570972277
Lafayette,,237011001,,R-10,0,4.0,0.39
Lafayette,,237021010,,R-10,0,4.0,0.2778363318564563
Lafayette,,237260038,,LR-10,0,4.0,14.203
Lafayette,,237270002,,R-10,0,4.0,2.19
Lafayette,,237131003,,R-10,0,4.0,0.22716718843684347
Lafayette,,237131004,,R-10,0,4.0,0.2753634872220887
Lafayette,,237131011,,R-10,0,4.0,0.493
Lafayette,,237131009,,R-10,0,4.0,0.2959434600538744
Lafayette,,237131008,,R-10,0,4.0,0.21802348626842724
Lafayette,,237132004,,R-10,0,4.0,0.22836131069955637
Lafayette,,237132003,,R-10,0,4.0,0.2080417770645665
Lafayette,,237131010,,R-10,0,4.0,0.3400260417679282
Lafayette,,237132001,,R-10,0,4.0,0.3234281992350695
Lafayette,,237132009,,R-10,0,4.0,0.24903173599726958
Lafayette,,237132010,,R-10,0,4.0,0.3420887543635988
Lafayette,,237133002,,R-10,0,4.0,0.1753149256570975
Lafayette,,237133004,,R-10,0,4.0,0.2276382251671318
Lafayette,,237132007,,R-10,0,4.0,0.20843093968939994
Lafayette,,237132008,,R-10,0,4.0,0.26853259181575584
Lafayette,,237132002,,R-10,0,4.0,0.34756411792093506
Lafayette,,237132005,,R-10,0,4.0,0.23132526626961802
Lafayette,,237132006,,R-10,0,4.0,0.2053024937568137
Lafayette,,237134003,,R-10,0,4.0,0.23353973697118932
Lafayette,,237134002,,R-10,0,4.0,0.2308150737682105
Lafayette,,237134001,,R-10,0,4.0,0.2321570994900344
Lafayette,,237133005,,R-10,0,4.0,0.23491174311456706
Lafayette,,237133006,,R-10,0,4.0,0.23510991202927983
Lafayette,,237133007,,R-10,0,4.0,0.23303204381417447
Lafayette,,237133008,,R-10,0,4.0,0.23142046651638046
Lafayette,,237144001,,R-10,0,4.0,0.23304144457422435
Lafayette,,237260023,,R-10,0,4.0,1.5
Lafayette,,237260037,,R-10,0,4.0,1.89
Lafayette,,237133003,,R-10,0,4.0,0.21879305368323274
Lafayette,,237133001,,R-10,0,4.0,0.15
Lafayette,,23714Rxxx,,R-10,0,4.0,2.7437418199242383
Lafayette,,237260035,,R-10,0,4.0,7.69
Lafayette,,237260039,,LR-10,0,4.0,25.35
Lafayette,,237291025,,R-10,0,4.0,0.4052834331728235
Lafayette,,237280021,,R-10,0,4.0,0.3356429306760172
Lafayette,,237260036,,R-10,0,4.0,0.89
Lafayette,,237280018,,R-10,0,4.0,0.6367399309809832
Lafayette,,237280019,,R-10,0,4.0,0.4960506354355259
Lafayette,,237280020,,R-10,0,4.0,0.25551338415387814
Lafayette,,237280013,,R-10,0,4.0,0.2564221571017038
Lafayette,,237280014,,R-10,0,4.0,0.3157565177531776
Lafayette,,237280015,,R-10,0,4.0,0.3754216229570793
Lafayette,,237260042,,R-10,0,4.0,3.02
Lafayette,,237280016,,R-10,0,4.0,0.47915753982946263
Lafayette,,237160095,,LR-10,0,4.0,16.383
Lafayette,,237155003,,R-10,0,4.0,0.23567651663065706
Lafayette,,237155004,,R-10,0,4.0,0.23255463235803342
Lafayette,,237155005,,R-10,0,4.0,0.23373485238308633
Lafayette,,237155006,,R-10,0,4.0,0.22822782591021304
Lafayette,,23708Rxxx,,R-20,0,2.0,2.7660859934974966
Lafayette,,237160092,,R-10,0,4.0,2.828
Lafayette,,237080018,,R-20,0,2.0,0.92
Lafayette,,237154009,,R-10,0,4.0,0.5018508166872471
Lafayette,,237154008,,R-10,0,4.0,0.4482599532028458
Lafayette,,237154010,,R-10,0,4.0,0.4177225118284607
Lafayette,,237154011,,R-10,0,4.0,0.39317597204190835
Lafayette,,237153013,,R-10,0,4.0,0.22985851922047112
Lafayette,,237153012,,R-10,0,4.0,0.2245500862849428
Lafayette,,237153011,,R-10,0,4.0,0.23377503109825365
Lafayette,,237153010,,R-10,0,4.0,0.22870164664513495
Lafayette,,237153009,,R-10,0,4.0,0.22772959840403995
Lafayette,,237153008,,R-10,0,4.0,0.23258497966615882
Lafayette,,237153014,,R-10,0,4.0,0.23434616681385614
Lafayette,,237153006,,R-10,0,4.0,0.2310139886585751
Lafayette,,237153007,,R-10,0,4.0,0.2348177906275592
Lafayette,,237151011,,R-10,0,4.0,0.22723332073533312
Lafayette,,237151010,,R-10,0,4.0,0.23121188700469011
Lafayette,,237151009,,R-10,0,4.0,0.23123869604877753
Lafayette,,237143009,,R-10,0,4.0,0.23559773536617462
Lafayette,,237143010,,R-10,0,4.0,0.23199928668268457
Lafayette,,237143011,,R-10,0,4.0,0.2314383623376719
Lafayette,,237151012,,R-10,0,4.0,0.23170607081799718
Lafayette,,237143012,,R-10,0,4.0,0.2327463359332384
Lafayette,,237143014,,R-10,0,4.0,0.22874462219800493
Lafayette,,237143013,,R-10,0,4.0,0.23105988508540024
Lafayette,,237151013,,R-10,0,4.0,0.22455438590293797
Lafayette,,237151014,,R-10,0,4.0,0.22467516822143088
Lafayette,,237155002,,R-10,0,4.0,0.2350331395870631
Lafayette,,237155001,,R-10,0,4.0,0.2341667887805604
Lafayette,,237144008,,R-10,0,4.0,0.24560891411694133
Lafayette,,237144007,,R-10,0,4.0,0.23121115625393085
Lafayette,,237144006,,R-10,0,4.0,0.23273863335253298
Lafayette,,237142014,,R-10,0,4.0,0.22468408262493256
Lafayette,,237144004,,R-10,0,4.0,0.2338017326218746
Lafayette,,237144005,,R-10,0,4.0,0.23427301351508042
Lafayette,,237144003,,R-10,0,4.0,0.2340214439087685
Lafayette,,237144002,,R-10,0,4.0,0.23330128384776172
Lafayette,,237142013,,R-10,0,4.0,0.22947274764701908
Lafayette,,237142012,,R-10,0,4.0,0.22704694803509295
Lafayette,,237141014,,R-10,0,4.0,0.22367057490620493
Lafayette,,237141013,,R-10,0,4.0,0.22315820387663643
Lafayette,,237141012,,R-10,0,4.0,0.2260843454104647
Lafayette,,237134004,,R-10,0,4.0,0.2354693737797867
Lafayette,,237141010,,R-10,0,4.0,0.22627452135750636
Lafayette,,237141011,,R-10,0,4.0,0.22726655020783576
Lafayette,,237142009,,R-10,0,4.0,0.23175818379712565
Lafayette,,237142010,,R-10,0,4.0,0.23522735664717284
Lafayette,,237142011,,R-10,0,4.0,0.2295298568676402
Lafayette,,237142015,,R-10,0,4.0,0.22418370414213573
Lafayette,,237142016,,R-10,0,4.0,0.2285051769930477
Lafayette,,237142017,,R-10,0,4.0,0.23092419713944173
Lafayette,,237142018,,R-10,0,4.0,0.22677621001183348
Lafayette,,237142019,,R-10,0,4.0,0.23104043313884678
Lafayette,,237143008,,R-10,0,4.0,0.23005646490056025
Lafayette,,237142021,,R-10,0,4.0,0.22367796106484086
Lafayette,,237142020,,R-10,0,4.0,0.22947808960795507
Lafayette,,237142007,,R-10,0,4.0,0.2391455068645457
Lafayette,,237142006,,R-10,0,4.0,0.23559491022143567
Lafayette,,237142005,,R-10,0,4.0,0.25603566013421153
Lafayette,,237141007,,R-10,0,4.0,0.2694306221455974
Lafayette,,237142008,,R-10,0,4.0,0.23779447358100617
Lafayette,,237141009,,R-10,0,4.0,0.2286769652097194
Lafayette,,237141008,,R-10,0,4.0,0.24140759324184138
Lafayette,,237134005,,R-10,0,4.0,0.23409655452586103
Lafayette,,237134006,,R-10,0,4.0,0.2344410438953573
Lafayette,,237134007,,R-10,0,4.0,0.24776026126418438
Lafayette,,237131012,,R-10,0,4.0,0.267
Lafayette,,237134008,,R-10,0,4.0,0.2550088258644196
Lafayette,,237134009,,R-10,0,4.0,0.26755936422762744
Lafayette,,237141006,,R-10,0,4.0,0.28784223928547353
Lafayette,,237141005,,R-10,0,4.0,0.2919286949894449
Lafayette,,237141004,,R-10,0,4.0,0.2991788569753937
Lafayette,,237134011,,R-10,0,4.0,0.27159331069990245
Lafayette,,237134010,,R-10,0,4.0,0.28135326968776314
Lafayette,,237131005,,R-10,0,4.0,0.34395177198709126
Lafayette,,237134012,,R-10,0,4.0,0.2715525277184693
Lafayette,,237134013,,R-10,0,4.0,0.25096852290561356
Lafayette,,237141001,,R-10,0,4.0,0.2637816475479345
Lafayette,,237141002,,R-10,0,4.0,0.2906878292725603
Lafayette,,237141003,,R-10,0,4.0,0.2985536361268475
Lafayette,,237142002,,R-10,0,4.0,0.2826496580266484
Lafayette,,237142001,,R-10,0,4.0,0.29521299131745266
Lafayette,,237112013,,R-10,0,4.0,0.28549609623490096
Lafayette,,237142027,,R-10,0,4.0,0.27745053708083806
Lafayette,,237142026,,R-10,0,4.0,0.2548952449085695
Lafayette,,237142025,,R-10,0,4.0,0.24124331424466344
Lafayette,,237142024,,R-10,0,4.0,0.2307162369164248
Lafayette,,237142003,,R-10,0,4.0,0.25432946287899594
Lafayette,,237142004,,R-10,0,4.0,0.2534499843889369
Lafayette,,237142022,,R-10,0,4.0,0.22764504593923948
Lafayette,,237142023,,R-10,0,4.0,0.22869354657122137
Lafayette,,237143007,,R-10,0,4.0,0.23126719695608755
Lafayette,,237143006,,R-10,0,4.0,0.22924194338091106
Lafayette,,237143005,,R-10,0,4.0,0.2311180744759013
Lafayette,,237143004,,R-10,0,4.0,0.23492194676154354
Lafayette,,237143003,,R-10,0,4.0,0.23066432777247953
Lafayette,,237151004,,R-10,0,4.0,0.23186827685455985
Lafayette,,237151003,,R-10,0,4.0,0.22883747206981922
Lafayette,,237151002,,R-10,0,4.0,0.2280290369672333
Lafayette,,237151001,,R-10,0,4.0,0.23512988915490526
Lafayette,,237143002,,R-10,0,4.0,0.22982781943309835
Lafayette,,237143001,,R-10,0,4.0,0.235071614665774
Lafayette,,237113013,,R-10,0,4.0,0.22018117823835995
Lafayette,,237113012,,R-10,0,4.0,0.2348584489478973
Lafayette,,237102013,,R-10,0,4.0,0.22907375078281128
Lafayette,,237102012,,R-10,0,4.0,0.2281722583976431
Lafayette,,237103011,,R-10,0,4.0,0.23244111297755538
Lafayette,,237103010,,R-10,0,4.0,0.24824815373234266
Lafayette,,237103009,,R-10,0,4.0,0.23279720595512315
Lafayette,,237103016,,R-10,0,4.0,0.23220629438121854
Lafayette,,237103015,,R-10,0,4.0,0.2359268219650236
Lafayette,,237103014,,R-10,0,4.0,0.24369165319726224
Lafayette,,237152006,,R-10,0,4.0,0.239262939391909
Lafayette,,237103013,,R-10,0,4.0,0.24292300661948463
Lafayette,,237103012,,R-10,0,4.0,0.22921679341387807
Lafayette,,237152001,,R-10,0,4.0,0.23293596494490426
Lafayette,,237152005,,R-10,0,4.0,0.239807794338672
Lafayette,,237154001,,R-10,0,4.0,0.45959432101069553
Lafayette,,237154002,,R-10,0,4.0,0.45641237029082155
Lafayette,,237154003,,R-10,0,4.0,0.4451408492825724
Lafayette,,237153020,,R-10,0,4.0,0.2360918089603747
Lafayette,,237152004,,R-10,0,4.0,0.2275821380556596
Lafayette,,237152003,,R-10,0,4.0,0.2283091078458095
Lafayette,,237152002,,R-10,0,4.0,0.22600158244097726
Lafayette,,237153001,,R-10,0,4.0,0.23753426123117385
Lafayette,,237153002,,R-10,0,4.0,0.22807454424654702
Lafayette,,237151005,,R-10,0,4.0,0.22809983708120712
Lafayette,,237151006,,R-10,0,4.0,0.23048575725675766
Lafayette,,237151007,,R-10,0,4.0,0.22418902020121817
Lafayette,,237151008,,R-10,0,4.0,0.22928209414940723
Lafayette,,237153003,,R-10,0,4.0,0.2292582813651285
Lafayette,,237153004,,R-10,0,4.0,0.23121001243933648
Lafayette,,237153005,,R-10,0,4.0,0.23646609443177063
Lafayette,,237153016,,R-10,0,4.0,0.2330643162124249
Lafayette,,237153015,,R-10,0,4.0,0.228976335782074
Lafayette,,237153017,,R-10,0,4.0,0.2323313583122886
Lafayette,,237153018,,R-10,0,4.0,0.2272040796171166
Lafayette,,237153019,,R-10,0,4.0,0.22919653834336434
Lafayette,,237154005,,R-10,0,4.0,0.4227787470066588
Lafayette,,237154004,,R-10,0,4.0,0.4335074025010678
Lafayette,,237154006,,R-10,0,4.0,0.4032149334487281
Lafayette,,237154014,,R-10,0,4.0,0.39482965553400584
Lafayette,,237154013,,R-10,0,4.0,0.3914604424373035
Lafayette,,237154012,,R-10,0,4.0,0.39567201091088317
Lafayette,,237080019,,LR-10,0,4.0,18.48
Lafayette,,237104013,,R-10,0,4.0,0.43644706430574237
Lafayette,,237104012,,R-10,0,4.0,0.4700618248862161
Lafayette,,237104011,,R-10,0,4.0,0.4999323860119493
Lafayette,,237104010,,R-10,0,4.0,0.47509142505219204
Lafayette,,237104008,,R-10,0,4.0,0.4599377347833732
Lafayette,,237104009,,R-10,0,4.0,0.4637990638804892
Lafayette,,237104004,,R-10,0,4.0,0.36243221645943635
Lafayette,,237104005,,R-10,0,4.0,0.3433425723618484
Lafayette,,237104007,,R-10,0,4.0,0.44588035903415024
Lafayette,,237104006,,R-10,0,4.0,0.3993851387206898
Lafayette,,237103017,,R-10,0,4.0,0.22700604588642406
Lafayette,,237103018,,R-10,0,4.0,0.22511607790893964
Lafayette,,237103019,,R-10,0,4.0,0.22623231647825495
Lafayette,,237103021,,R-10,0,4.0,0.2850547495217579
Lafayette,,237103020,,R-10,0,4.0,0.22079260561362346
Lafayette,,237104003,,R-10,0,4.0,0.339235290335596
Lafayette,,237103022,,R-10,0,4.0,0.23901786990927495
Lafayette,,237103002,,R-10,0,4.0,0.21992905407843347
Lafayette,,237103001,,R-10,0,4.0,0.2695603288514203
Lafayette,,237104015,,R-10,0,4.0,0.34
Lafayette,,237104002,,R-10,0,4.0,0.3964709390701493
Lafayette,,237104018,,R-10,0,4.0,0.46
Lafayette,,237104021,,R-10,0,4.0,0.42
Lafayette,,237104020,,R-10,0,4.0,0.05
Lafayette,,237104022,,R-10,0,4.0,0.32
Lafayette,,237104017,,R-10,0,4.0,0.38
Lafayette,,237101004,,R-10,0,4.0,0.25
Lafayette,,237101006,,R-10,0,4.0,0.25
Lafayette,,237101008,,R-10,0,4.0,0.48
Lafayette,,237101009,,R-10,0,4.0,0.3
Lafayette,,237101002,,R-10,0,4.0,0.3
Lafayette,,237111001,,R-10,0,4.0,0.7365192788165932
Lafayette,,237111002,,R-10,0,4.0,0.6678961048007708
Lafayette,,237102001,,R-10,0,4.0,0.2400857702074919
Lafayette,,237113002,,R-10,0,4.0,0.23537766889403153
Lafayette,,237111006,,R-10,0,4.0,0.29371874636464335
Lafayette,,237111005,,R-10,0,4.0,0.30707125959402054
Lafayette,,237111004,,R-10,0,4.0,0.34366938844940625
Lafayette,,237112001,,R-10,0,4.0,0.30356057573748424
Lafayette,,237112002,,R-10,0,4.0,0.3484016141534729
Lafayette,,237112003,,R-10,0,4.0,0.3159763063327333
Lafayette,,237112004,,R-10,0,4.0,0.3231566712117766
Lafayette,,237113006,,R-10,0,4.0,0.26562889695544173
Lafayette,,237113005,,R-10,0,4.0,0.270462093123112
Lafayette,,237113004,,R-10,0,4.0,0.27461510375224457
Lafayette,,237113003,,R-10,0,4.0,0.2676263087039921
Lafayette,,237102002,,R-10,0,4.0,0.23233846815345036
Lafayette,,237113001,,R-10,0,4.0,0.2368237980691913
Lafayette,,237102003,,R-10,0,4.0,0.24090653740161697
Lafayette,,237102004,,R-10,0,4.0,0.24755681723823147
Lafayette,,237103003,,R-10,0,4.0,0.22683968275631794
Lafayette,,237102005,,R-10,0,4.0,0.24790107689930826
Lafayette,,237102006,,R-10,0,4.0,0.2754731255253868
Lafayette,,237102007,,R-10,0,4.0,0.2311874869238885
Lafayette,,237103004,,R-10,0,4.0,0.2909118659121711
Lafayette,,237103005,,R-10,0,4.0,0.2632663487075878
Lafayette,,237103006,,R-10,0,4.0,0.26481931231665734
Lafayette,,237103008,,R-10,0,4.0,0.25987652592320043
Lafayette,,237103007,,R-10,0,4.0,0.262958720961414
Lafayette,,237102011,,R-10,0,4.0,0.25114115951998633
Lafayette,,237102010,,R-10,0,4.0,0.24207499249695694
Lafayette,,237102009,,R-10,0,4.0,0.24323656825329304
Lafayette,,237102008,,R-10,0,4.0,0.24816284110437392
Lafayette,,237113008,,R-10,0,4.0,0.2577798374696327
Lafayette,,237113009,,R-10,0,4.0,0.24998420161177332
Lafayette,,237113010,,R-10,0,4.0,0.24682243507991486
Lafayette,,237113011,,R-10,0,4.0,0.23713785474476395
Lafayette,,237112011,,R-10,0,4.0,0.28353846146579004
Lafayette,,237112010,,R-10,0,4.0,0.294749004026585
Lafayette,,237112009,,R-10,0,4.0,0.3070471439851002
Lafayette,,237113007,,R-10,0,4.0,0.26097949041272195
Lafayette,,237112008,,R-10,0,4.0,0.31936602665040825
Lafayette,,237112007,,R-10,0,4.0,0.3326397243586431
Lafayette,,237112006,,R-10,0,4.0,0.37629495484410147
Lafayette,,237112005,,R-10,0,4.0,0.4262612253326343
Lafayette,,237121030,,R-10,0,4.0,0.39556117249595996
Lafayette,,237121032,,R-10,0,4.0,0.39294049638552064
Lafayette,,237121037,,R-10,0,4.0,0.405
Lafayette,,237121019,,R-10,0,4.0,0.2866295775498466
Lafayette,,237121018,,R-10,0,4.0,0.2419171587141474
Lafayette,,237121038,,R-10,0,4.0,0.312
Lafayette,,237121039,,R-10,0,4.0,0.44
Lafayette,,237121012,,R-10,0,4.0,0.28663134155598796
Lafayette,,237112012,,R-10,0,4.0,0.286805882770206
Lafayette,,237121014,,R-10,0,4.0,0.27168567444694347
Lafayette,,237121013,,R-10,0,4.0,0.2817050148459688
Lafayette,,237121015,,R-10,0,4.0,0.2587532461330001
Lafayette,,237121016,,R-10,0,4.0,0.2405213202172441
Lafayette,,237121017,,R-10,0,4.0,0.23744674073208827
Lafayette,,237121029,,R-10,0,4.0,0.41350403984760714
Lafayette,,237121027,,R-10,0,4.0,0.2548668345559651
Lafayette,,237121028,,R-10,0,4.0,0.2325042670750048
Lafayette,,237134014,,R-10,0,4.0,0.22981210338339872
Lafayette,,237131002,,R-10,0,4.0,0.22299177856143804
Lafayette,,237131001,,R-10,0,4.0,0.232212591308189
Lafayette,,237121026,,R-10,0,4.0,0.24472007652933644
Lafayette,,237121025,,R-10,0,4.0,0.2530598071757717
Lafayette,,237121024,,R-10,0,4.0,0.4453246237677652
Lafayette,,237121035,,R-10,0,4.0,0.49
Lafayette,,237121022,,R-10,0,4.0,0.6379072719766996
Lafayette,,237121034,,R-10,0,4.0,0.5105357370866856
Lafayette,,237121020,,R-10,0,4.0,0.36300159521006875
Lafayette,,237121005,,R-10,0,4.0,0.402194707095223
Lafayette,,237121006,,R-10,0,4.0,0.4225752090477309
Lafayette,,237121004,,R-10,0,4.0,0.7127066379336735
Lafayette,,237122001,,R-10,0,4.0,0.34182366209457604
Lafayette,,237121001,,R-10,0,4.0,0.5358795030583472
Lafayette,,237121002,,R-10,0,4.0,0.3027610025481675
Lafayette,,237121003,,R-10,0,4.0,0.3051383184957071
Lafayette,,237122002,,R-10,0,4.0,0.28054071153212956
Lafayette,,237122003,,R-10,0,4.0,0.28198022512892545
Lafayette,,237111007,,R-10,0,4.0,0.29021365665307025
Lafayette,,237111003,,R-10,0,4.0,0.5371086193806547
Lafayette,,240161013,,P-1,0,0.0,0.5205520172028587
Lafayette,,240161012,,P-1,0,0.0,0.42855032245847696
Lafayette,,240161015,,P-1,0,0.0,0.5282416894478772
Lafayette,,240140020,,R-40,0,1.1,12.66
Lafayette,,240161014,,P-1,0,0.0,0.6615164265992368
Lafayette,,240161009,,P-1,0,0.0,0.44793665500487057
Lafayette,,240161007,,P-1,0,0.0,0.618934763269196
Lafayette,,240161006,,P-1,0,0.0,0.7346915438046615
Lafayette,,240161002,,P-1,0,0.0,0.3509089331467308
Lafayette,,240161003,,P-1,0,0.0,0.3017283168564057
Lafayette,,240161005,,P-1,0,0.0,0.3399593378851723
Lafayette,,240163009,,P-1,0,0.0,0.43732155453575716
Lafayette,,240161004,,P-1,0,0.0,0.39641182244998313
Lafayette,,240162005,,P-1,0,0.0,0.3844273206194572
Lafayette,,240162004,,P-1,0,0.0,0.40350566617197875
Lafayette,,240163002,,P-1,0,0.0,0.3956854694940621
Lafayette,,240162003,,P-1,0,0.0,0.43640025854930176
Lafayette,,240163003,,P-1,0,0.0,0.29593523202535926
Lafayette,,240163005,,P-1,0,0.0,0.3073509686576136
Lafayette,,240163006,,P-1,0,0.0,0.28194254911661804
Lafayette,,240163012,,P-1,0,0.0,0.2517504275356149
Lafayette,,240163004,,P-1,0,0.0,0.357301281476159
Lafayette,,240163011,,P-1,0,0.0,0.7902756891500906
Lafayette,,240163010,,P-1,0,0.0,0.35822201893296945
Lafayette,,240161008,,P-1,0,0.0,0.47634395877470354
Lafayette,,240164004,,P-1,0,0.0,0.331699259900448
Lafayette,,240164006,,P-1,0,0.0,0.308
Lafayette,,240164002,,P-1,0,0.0,0.3431928888303415
Lafayette,,240164005,,P-1,0,0.0,0.7573411933851029
Lafayette,,240164001,,P-1,0,0.0,0.4127211888950721
Lafayette,,240162001,,P-1,0,0.0,0.40647341655695535
Lafayette,,240162002,,P-1,0,0.0,0.4390346729118955
Lafayette,,240150028,,R-20,0,2.0,1.16
Lafayette,,240150026,,R-20,0,2.0,0.73
Lafayette,,240150037,,R-20,0,2.0,1.2682429580830115
Lafayette,,240150035,,R-20,0,2.0,1.0065829120870353
Lafayette,,240060005,,R-20,0,2.0,0.85
Lafayette,,240060003,,R-20,0,2.0,0.77
Lafayette,,240060004,,R-20,0,2.0,0.48
Lafayette,,240060006,,R-20,0,2.0,1.68
Lafayette,,240060002,,R-20,0,2.0,0.94
Lafayette,,240060015,,R-20,0,2.0,2.228
Lafayette,,240150010,,R-20,0,2.0,0.514633852780037
Lafayette,,240150016,,R-20,0,2.0,0.46077174154833844
Lafayette,,240150004,,R-20,0,2.0,0.5494329049459238
Lafayette,,240150034,,R-20,0,2.0,0.58
Lafayette,,240150015,,R-20,0,2.0,0.53
Lafayette,,240150021,,R-20,0,2.0,0.471
Lafayette,,240150038,,R-20,0,2.0,1.389532452484164
Lafayette,,240060016,,R-20,0,2.0,3.726
Lafayette,,240060014,,R-20,0,2.0,1.15
Lafayette,,240070004,,R-20,0,2.0,1.1
Lafayette,,240070022,,R-20,0,2.0,1.994
Lafayette,,240070005,,R-20,0,2.0,1.52
Lafayette,,240070018,,R-20,0,2.0,1.05
Lafayette,,240070023,,R-20,0,2.0,2.4
Lafayette,,240140021,,P-1,0,0.0,30.825
Lafayette,,240150001,,R-20,0,2.0,0.5279444437555948
Lafayette,,240150033,,R-20,0,2.0,0.53
Lafayette,,240161001,,P-1,0,0.0,0.5478151214761284
Lafayette,,240111010,,R-20,0,2.0,0.5441737152678983
Lafayette,,240140005,,R-20,0,2.0,0.5
Lafayette,,240140002,,R-20,0,2.0,0.5
Lafayette,,240140001,,R-20,0,2.0,0.5
Lafayette,,240140017,,R-20,0,2.0,3.367
Lafayette,,240111009,,R-20,0,2.0,0.537883470166987
Lafayette,,240111008,,R-20,0,2.0,0.7191992308629407
Lafayette,,240111007,,R-20,0,2.0,0.718270604624276
Lafayette,,240090005,,R-20,0,2.0,0.4520008073327277
Lafayette,,240090004,,R-20,0,2.0,0.4785791203717512
Lafayette,,240090006,,R-20,0,2.0,0.5089321764484526
Lafayette,,240090009,,R-20,0,2.0,0.543
Lafayette,,240090010,,R-20,0,2.0,0.459
Lafayette,,240090007,,R-20,0,2.0,0.4791371623675613
Lafayette,,240090011,,R-20,0,2.0,0.521
Lafayette,,240090012,,R-20,0,2.0,0.52
Lafayette,,240090001,,R-20,0,2.0,0.5951147508061755
Lafayette,,240140015,,R-20,0,2.0,0.51
Lafayette,,240080016,,R-20,0,2.0,0.7750117509593625
Lafayette,,240080015,,R-20,0,2.0,0.4768857541558917
Lafayette,,240080014,,R-20,0,2.0,0.9261665932570662
Lafayette,,240080002,,R-20,0,2.0,0.9064298199381366
Lafayette,,240080013,,R-20,0,2.0,0.6537232674627677
Lafayette,,240030008,,R-20,0,2.0,0.65
Lafayette,,240030009,,R-20,0,2.0,0.5
Lafayette,,240030004,,R-20,0,2.0,1.55
Lafayette,,240080018,,R-20,0,2.0,0.43
Lafayette,,240080017,,R-20,0,2.0,0.28385853990675813
Lafayette,,240080003,,R-20,0,2.0,0.6721851178433487
Lafayette,,240080012,,R-20,0,2.0,0.5551207688829647
Lafayette,,240080011,,R-20,0,2.0,0.6037985376712746
Lafayette,,240080019,,R-20,0,2.0,0.57
Lafayette,,240080010,,R-20,0,2.0,0.6924304298458087
Lafayette,,240100008,,R-20,0,2.0,0.9084838543318381
Lafayette,,240100004,,R-20,0,2.0,0.9189061052450974
Lafayette,,240100005,,R-20,0,2.0,0.7287988711711526
Lafayette,,240100006,,R-20,0,2.0,1.2
Lafayette,,240090003,,R-20,0,2.0,0.3698658976240313
Lafayette,,240010012,,R-20,0,2.0,0.898
Lafayette,,240010003,,R-20,0,2.0,0.69
Lafayette,,240010005,,R-20,0,2.0,0.53
Lafayette,,240010010,,R-20,0,2.0,0.8427625093886697
Lafayette,,240010007,,R-20,0,2.0,0.59
Lafayette,,240010006,,R-20,0,2.0,0.5
Lafayette,,241240026,,R-20,0,2.0,4.0
Lafayette,,241140011,,R-20,0,2.0,0.96
Lafayette,,240020005,,R-20,0,2.0,0.432
Lafayette,,241140013,,LR-5,0,8.0,3.855
Lafayette,,240020006,,R-20,0,2.0,2.028
Lafayette,,240020015,,R-20,0,2.0,1.22
Lafayette,,240020020,,R-20,0,2.0,1.06
Lafayette,,240020019,,R-20,0,2.0,0.84
Lafayette,,240020013,,R-20,0,2.0,0.54
Lafayette,,240020012,,R-20,0,2.0,0.58
Lafayette,,240020014,,R-20,0,2.0,0.49
Lafayette,,240020011,,R-20,0,2.0,0.57
Lafayette,,240080008,,R-20,0,2.0,0.9795791419466273
Lafayette,,240100001,,R-20,0,2.0,0.7283256884281327
Lafayette,,240080009,,R-20,0,2.0,0.802369758974819
Lafayette,,240080007,,R-20,0,2.0,0.9140766933258304
Lafayette,,240030013,,R-20,0,2.0,1.17
Lafayette,,240030001,,R-20,0,2.0,1.16
Lafayette,,240030005,,R-20,0,2.0,0.58
Lafayette,,240030003,,R-20,0,2.0,0.73
Lafayette,,240030012,,R-20,0,2.0,0.78
Lafayette,,240030011,,R-20,0,2.0,0.79
Lafayette,,240030010,,R-20,0,2.0,1.13
Lafayette,,240020021,,R-20,0,2.0,3.0589461282172605
Lafayette,,240020023,,R-20,0,2.0,0.8161637551532649
Lafayette,,240040009,,R-20,0,2.0,3.63
Lafayette,,240170004,,R-20,0,2.0,2.69
Lafayette,,240040008,,R-20,0,2.0,3.44
Lafayette,,240040007,,R-20,0,2.0,3.07
Lafayette,,240040006,,R-20,0,2.0,2.98
Lafayette,,240040005,,R-20,0,2.0,2.61
Lafayette,,240070002,,R-20,0,2.0,0.71
Lafayette,,240070010,,R-20,0,2.0,0.83
Lafayette,,240070009,,R-20,0,2.0,0.75
Lafayette,,240060012,,R-20,0,2.0,0.75
Lafayette,,240060013,,R-20,0,2.0,1.48
Lafayette,,240060010,,R-20,0,2.0,0.84
Lafayette,,240060011,,R-20,0,2.0,0.81
Lafayette,,240070020,,R-20,0,2.0,1.03
Lafayette,,240060017,,R-20,0,2.0,1.25
Lafayette,,240060009,,R-20,0,2.0,0.23
Lafayette,,240170003,,R-20,0,2.0,2.26
Lafayette,,240170002,,R-20,0,2.0,4.5
Lafayette,,240170005,,R-20,0,2.0,5.86
Lafayette,,240170001,,R-20,0,2.0,1.08
Lafayette,,240060007,,R-20,0,2.0,0.96
Lafayette,,237080013,,LR-10,0,4.0,12.63
Lafayette,,237480003,,R-20,0,2.0,4.76
Lafayette,,237160056,,R-20,0,2.0,0.49
Lafayette,,237351001,,R-10,0,4.0,0.24047828681980926
Lafayette,,237160055,,R-10,0,4.0,0.3
Lafayette,,237160054,,R-10,0,4.0,0.29
Lafayette,,237182001,,R-10,0,4.0,0.2290638309531995
Lafayette,,237352006,,R-10,0,4.0,0.3456941243086481
Lafayette,,237351018,,R-10,0,4.0,0.30137976517529275
Lafayette,,237352005,,R-10,0,4.0,0.3203877032359877
Lafayette,,237182003,,R-10,0,4.0,0.23267228316646232
Lafayette,,237182002,,R-10,0,4.0,0.23218825711740232
Lafayette,,237170001,,R-10,0,4.0,0.21492230417036948
Lafayette,,237181015,,R-10,0,4.0,0.22391344018780884
Lafayette,,237181014,,R-10,0,4.0,0.21615534579530146
Lafayette,,237170002,,R-10,0,4.0,0.2223185781724103
Lafayette,,237181013,,R-10,0,4.0,0.22818374158560997
Lafayette,,237170003,,R-10,0,4.0,0.22826591851567127
Lafayette,,237181012,,R-10,0,4.0,0.20893557077279443
Lafayette,,237182004,,R-10,0,4.0,0.23303437283658784
Lafayette,,237170004,,R-10,0,4.0,0.21193867460011784
Lafayette,,237170005,,R-10,0,4.0,0.2116244085573888
Lafayette,,237181011,,R-10,0,4.0,0.2217051625376289
Lafayette,,237171017,,R-10,0,4.0,0.24163925791281166
Lafayette,,237171011,,R-10,0,4.0,0.22859149181573848
Lafayette,,237171012,,R-10,0,4.0,0.22585635319488753
Lafayette,,237171008,,R-10,0,4.0,0.23766088746057842
Lafayette,,237171007,,R-10,0,4.0,0.24570844987747462
Lafayette,,237171005,,R-10,0,4.0,0.28547927501510767
Lafayette,,237171006,,R-10,0,4.0,0.3175260729746552
Lafayette,,237160088,,R-10,0,4.0,2.24
Lafayette,,237080016,,LR-10,0,4.0,3.477
Lafayette,,237080015,,R-20,0,2.0,0.033
Lafayette,,237080007,,R-20,0,2.0,2.3
Lafayette,,237171037,,R-10,0,4.0,0.34505155266921383
Lafayette,,237171019,,R-10,0,4.0,0.34
Lafayette,,237171020,,R-10,0,4.0,0.4589808865428637
Lafayette,,237171002,,R-10,0,4.0,0.30976203795075136
Lafayette,,237171001,,R-10,0,4.0,0.3047220092557196
Lafayette,,237171016,,R-10,0,4.0,0.23
Lafayette,,237171018,,R-10,0,4.0,0.25
Lafayette,,237171035,,R-10,0,4.0,0.2297394738320698
Lafayette,,237171032,,R-10,0,4.0,0.3291355755647282
Lafayette,,237171033,,R-10,0,4.0,0.30546962605106226
Lafayette,,237171028,,R-10,0,4.0,0.2528051007894455
Lafayette,,237171036,,R-10,0,4.0,0.3062413288890935
Lafayette,,237171029,,R-10,0,4.0,0.29596236004238297
Lafayette,,237460005,,R-10,0,4.0,0.6364663700654801
Lafayette,,237171027,,R-10,0,4.0,0.23410019514761032
Lafayette,,237171026,,R-10,0,4.0,0.5208446980023141
Lafayette,,237460004,,R-10,0,4.0,0.5081992286419819
Lafayette,,237460003,,R-10,0,4.0,0.5816008489433236
Lafayette,,237191006,,R-10,0,4.0,0.2758322555600423
Lafayette,,237191007,,R-10,0,4.0,0.3156843427068667
Lafayette,,237191005,,R-10,0,4.0,0.2287011554542348
Lafayette,,237191004,,R-10,0,4.0,0.22436311809632942
Lafayette,,237192005,,R-10,0,4.0,0.2335717156713264
Lafayette,,237192003,,R-10,0,4.0,0.2342439784560415
Lafayette,,237192004,,R-10,0,4.0,0.2352148197553051
Lafayette,,237192012,,R-10,0,4.0,0.23279346650957505
Lafayette,,237192013,,R-10,0,4.0,0.2324366912609095
Lafayette,,237193002,,R-10,0,4.0,0.23608651017449767
Lafayette,,237192014,,R-10,0,4.0,0.23118817993263419
Lafayette,,237192002,,R-10,0,4.0,0.22409842867565324
Lafayette,,237192001,,R-10,0,4.0,0.21111686252322193
Lafayette,,237192015,,R-10,0,4.0,0.18446932237319516
Lafayette,,237193001,,R-10,0,4.0,0.280312102102809
Lafayette,,237170013,,R-10,0,4.0,0.46294245465804373
Lafayette,,237170014,,R-10,0,4.0,0.2382725983819152
Lafayette,,237170015,,R-10,0,4.0,0.22487135629011645
Lafayette,,237191008,,R-10,0,4.0,0.30324945818917926
Lafayette,,237191009,,R-10,0,4.0,0.2189147877656735
Lafayette,,237172001,,R-10,0,4.0,0.22844668810639582
Lafayette,,237172002,,R-10,0,4.0,0.23757481058887528
Lafayette,,237170012,,R-10,0,4.0,0.3288502339265098
Lafayette,,237172003,,R-10,0,4.0,0.22391529260880896
Lafayette,,237170008,,R-10,0,4.0,0.22119725815003563
Lafayette,,237181008,,R-10,0,4.0,0.21721153577484578
Lafayette,,237181007,,R-10,0,4.0,0.22321066683098306
Lafayette,,237170009,,R-10,0,4.0,0.23185612244392845
Lafayette,,237181006,,R-10,0,4.0,0.2181632966157124
Lafayette,,237170010,,R-10,0,4.0,0.2932484493772699
Lafayette,,237181005,,R-10,0,4.0,0.22186694069769897
Lafayette,,237170011,,R-10,0,4.0,0.32269112180319587
Lafayette,,237181004,,R-10,0,4.0,0.21767198770411683
Lafayette,,237182011,,R-10,0,4.0,0.22985444941346136
Lafayette,,237182012,,R-10,0,4.0,0.22393741782704402
Lafayette,,237182013,,R-10,0,4.0,0.22696598456865116
Lafayette,,237182016,,R-10,0,4.0,0.2594528947160042
Lafayette,,237182014,,R-10,0,4.0,0.22644691112763646
Lafayette,,237182015,,R-10,0,4.0,0.21540918254712135
Lafayette,,237182020,,R-10,0,4.0,0.23558424865035316
Lafayette,,237181003,,R-10,0,4.0,0.21875691020656762
Lafayette,,237181002,,R-10,0,4.0,0.22018349959091008
Lafayette,,237181001,,R-10,0,4.0,0.2643360185076231
Lafayette,,237193016,,R-10,0,4.0,0.26663084952606575
Lafayette,,237193003,,R-10,0,4.0,0.25116454963744844
Lafayette,,237193004,,R-10,0,4.0,0.2314407800657053
Lafayette,,237193014,,R-10,0,4.0,0.23607611340407075
Lafayette,,237193015,,R-10,0,4.0,0.23541448177294858
Lafayette,,237194002,,R-10,0,4.0,0.22176219258918375
Lafayette,,237194004,,R-10,0,4.0,0.3508757357635184
Lafayette,,237194003,,R-10,0,4.0,0.4198879875469237
Lafayette,,237194001,,R-10,0,4.0,0.26682342826613037
Lafayette,,237182019,,R-10,0,4.0,0.2651423958669934
Lafayette,,237182017,,R-10,0,4.0,0.24442793624468406
Lafayette,,237182018,,R-10,0,4.0,0.5346168809496931
Lafayette,,237470005,,R-20,0,2.0,6.965
Lafayette,,237352001,,R-10,0,4.0,0.4990181243063305
Lafayette,,237352002,,R-10,0,4.0,0.47972648828118186
Lafayette,,237182010,,R-10,0,4.0,0.23028285960985645
Lafayette,,237182009,,R-10,0,4.0,0.23192876268554055
Lafayette,,237182008,,R-10,0,4.0,0.2316642166029771
Lafayette,,237170007,,R-10,0,4.0,0.21192848545136217
Lafayette,,237181009,,R-10,0,4.0,0.2110369999717975
Lafayette,,237170006,,R-10,0,4.0,0.20785084627890113
Lafayette,,237181010,,R-10,0,4.0,0.22946449374185415
Lafayette,,237182007,,R-10,0,4.0,0.23370645102826665
Lafayette,,237182006,,R-10,0,4.0,0.22984252091125013
Lafayette,,237182005,,R-10,0,4.0,0.23100565842587265
Lafayette,,237160060,,LR-10,0,4.0,24.4
Lafayette,,237352003,,R-10,0,4.0,0.5232117981522689
Lafayette,,237352004,,R-10,0,4.0,0.3744900869498293
Lafayette,,237351017,,R-10,0,4.0,0.26140242684226644
Lafayette,,237351020,,R-10,0,4.0,0.32793688916217917
Lafayette,,237351019,,R-10,0,4.0,0.6057034429730821
Lafayette,,237351023,,R-10,0,4.0,0.3700635314489084
Lafayette,,237351022,,R-10,0,4.0,0.5409059581714013
Lafayette,,237351021,,R-10,0,4.0,0.40899664106911315
Lafayette,,237351030,,R-10,0,4.0,0.5982247003012188
Lafayette,,237351029,,R-10,0,4.0,0.23820571749310313
Lafayette,,237351026,,R-10,0,4.0,0.2457173579176838
Lafayette,,237351015,,R-10,0,4.0,0.2814719422684017
Lafayette,,237351014,,R-10,0,4.0,0.33799456387578075
Lafayette,,237351016,,R-10,0,4.0,0.28604650004546595
Lafayette,,237351002,,R-10,0,4.0,0.24573077041222557
Lafayette,,237351003,,R-10,0,4.0,0.254155790970779
Lafayette,,237351004,,R-10,0,4.0,0.37107495650533623
Lafayette,,237351031,,R-10,0,4.0,0.4665869241736776
Lafayette,,237351025,,R-10,0,4.0,0.39805271618234533
Lafayette,,237450012,,R-40,0,1.1,1.56
Lafayette,,237450011,,R-40,0,1.1,1.8246930157628365
Lafayette,,237450013,,R-40,0,1.1,8.84
Lafayette,,237351007,,R-10,0,4.0,0.37070811155494277
Lafayette,,237351008,,R-10,0,4.0,0.25282823862757386
Lafayette,,237351009,,R-10,0,4.0,0.4140945324355319
Lafayette,,237351010,,R-10,0,4.0,0.4868458985423225
Lafayette,,237160061,,LR-10,0,4.0,65.57146544453575
Lafayette,,237160034,,LR-10,0,4.0,18.1
Lafayette,,237160035,,LR-10,0,4.0,14.84
Lafayette,,237450009,,R-40,0,1.1,7.916
Lafayette,,237450006,,R-40,0,1.1,5.41
Lafayette,,237450003,,R-40,0,1.1,2.445
Lafayette,,237450008,,R-40,0,1.1,2.087
Lafayette,,237450002,,R-40,0,1.1,1.977
Lafayette,,237480004,,R-20,0,2.0,0.56
Lafayette,,237480006,,R-20,0,2.0,0.79
Lafayette,,237160089,,R-20,0,2.0,2.47
Lafayette,,237480001,,R-20,0,2.0,1.26
Lafayette,,237480005,,R-20,0,2.0,0.12
Lafayette,,237160096,,R-20,0,2.0,1.398
Lafayette,,237230019,,LR-5,0,8.0,1.0
Lafayette,,237230008,,LR-5,0,8.0,1.644
Lafayette,,237230003,,LR-5,0,8.0,0.61
Lafayette,,237230002,,LR-5,0,8.0,4.0
Lafayette,,237230025,,LR-5,0,8.0,1.84
Lafayette,,237230031,,LR-5,0,8.0,8.0
Lafayette,,237362016,,R-10,0,4.0,0.7234030297609051
Lafayette,,237230030,,LR-5,0,8.0,7.0
Lafayette,,237362019,,R-10,0,4.0,0.6362299738117657
Lafayette,,237362018,,R-10,0,4.0,0.6918641678256076
Lafayette,,237362017,,R-10,0,4.0,0.6521454474169399
Lafayette,,237362007,,R-10,0,4.0,0.6802716063308626
Lafayette,,237362006,,R-10,0,4.0,0.645692192103305
Lafayette,,237362008,,R-10,0,4.0,0.6585072367616253
Lafayette,,237362009,,R-10,0,4.0,1.2325414110141593
Lafayette,,237300029,,R-10,0,4.0,0.41737863816695314
Lafayette,,237300030,,R-10,0,4.0,0.7440669781695558
Lafayette,,237361001,,R-10,0,4.0,0.7941543733096803
Lafayette,,237361002,,R-10,0,4.0,0.583425024874254
Lafayette,,237361004,,R-10,0,4.0,0.46026365138163017
Lafayette,,237361003,,R-10,0,4.0,0.4611326923936131
Lafayette,,237361005,,R-10,0,4.0,0.4859141629342888
Lafayette,,237362015,,R-10,0,4.0,0.6960561380480521
Lafayette,,237361006,,R-10,0,4.0,0.6525399770594225
Lafayette,,237361007,,R-10,0,4.0,0.7470175194884021
Lafayette,,237361008,,R-10,0,4.0,1.176275452429053
Lafayette,,237160033,,LR-10,0,4.0,3.8
Lafayette,,258012012,,LR-5,0,8.0,3.16
Lafayette,,237300011,,R-10,0,4.0,0.5259661356319237
Lafayette,,237300010,,R-10,0,4.0,0.3747326687075788
Lafayette,,237300012,,R-10,0,4.0,0.6046276204613654
Lafayette,,237300032,,R-10,0,4.0,0.266031853188921
Lafayette,,237300033,,R-10,0,4.0,0.5196746801823091
Lafayette,,237300009,,R-10,0,4.0,0.3719725804890853
Lafayette,,237300008,,R-10,0,4.0,0.4259491329650508
Lafayette,,237300007,,R-10,0,4.0,0.42982428605272216
Lafayette,,237510002,,LR-10,0,4.0,10.01
Lafayette,,237510003,,LR-10,0,4.0,1.07
Lafayette,,237490007,,R-10,0,4.0,1.07
Lafayette,,237490013,,R-10,0,4.0,1.79
Lafayette,,237202003,,R-10,0,4.0,0.29466531309861843
Lafayette,,237202002,,R-10,0,4.0,0.2799509468942383
Lafayette,,237202001,,R-10,0,4.0,0.26037518227362605
Lafayette,,237470004,,R-20,0,2.0,7.141
Lafayette,,237470003,,R-20,0,2.0,8.085
Lafayette,,237201004,,R-10,0,4.0,0.2296401444548923
Lafayette,,237201003,,R-10,0,4.0,0.2429114555414237
Lafayette,,237201002,,R-10,0,4.0,0.23788402067464967
Lafayette,,237194005,,R-10,0,4.0,0.20158341611844566
Lafayette,,237470006,,R-20,0,2.0,3.96
Lafayette,,237201001,,R-10,0,4.0,0.2492599742063222
Lafayette,,237194006,,R-10,0,4.0,0.3318554342543218
Lafayette,,237194007,,R-10,0,4.0,0.3661972727400035
Lafayette,,237194008,,R-10,0,4.0,0.3710655216389123
Lafayette,,237194009,,R-10,0,4.0,0.25312957422719723
Lafayette,,237194010,,R-10,0,4.0,0.25371775669675406
Lafayette,,237193005,,R-10,0,4.0,0.22886522821896285
Lafayette,,237193013,,R-10,0,4.0,0.23614303133464798
Lafayette,,237193006,,R-10,0,4.0,0.2312470158176187
Lafayette,,237193011,,R-10,0,4.0,0.24225539711386304
Lafayette,,237193012,,R-10,0,4.0,0.24501332554824953
Lafayette,,237194012,,R-10,0,4.0,0.22671064845129166
Lafayette,,237193010,,R-10,0,4.0,0.2207272138897418
Lafayette,,237194011,,R-10,0,4.0,0.23028444267703907
Lafayette,,237194013,,R-10,0,4.0,0.25759640311561616
Lafayette,,237194014,,R-10,0,4.0,0.24564680855979212
Lafayette,,237194015,,R-10,0,4.0,0.28545622287173494
Lafayette,,237202004,,R-10,0,4.0,0.24233315457284052
Lafayette,,237202005,,R-10,0,4.0,0.234171219184911
Lafayette,,237202007,,R-10,0,4.0,0.2335162458944435
Lafayette,,237202006,,R-10,0,4.0,0.23280690368294674
Lafayette,,237202008,,R-10,0,4.0,0.23108039940254538
Lafayette,,237202022,,R-10,0,4.0,0.31695669274419686
Lafayette,,237202024,,R-10,0,4.0,0.4176012191368449
Lafayette,,237490005,,R-10,0,4.0,0.14692622801990807
Lafayette,,237203001,,R-10,0,4.0,0.2895323305986111
Lafayette,,237203003,,R-10,0,4.0,0.22752575890228682
Lafayette,,237203002,,R-10,0,4.0,0.26136434130724934
Lafayette,,237203004,,R-10,0,4.0,0.22668366552895777
Lafayette,,237202021,,R-10,0,4.0,0.26151058620791484
Lafayette,,237202020,,R-10,0,4.0,0.23549154470600794
Lafayette,,237202019,,R-10,0,4.0,0.23059802827102524
Lafayette,,237202018,,R-10,0,4.0,0.22974317642447675
Lafayette,,237203005,,R-10,0,4.0,0.22702131972110254
Lafayette,,237202017,,R-10,0,4.0,0.23314266491710808
Lafayette,,237202016,,R-10,0,4.0,0.23413966500358335
Lafayette,,237202012,,R-10,0,4.0,0.22940510965122707
Lafayette,,237202013,,R-10,0,4.0,0.23197317232713008
Lafayette,,237202011,,R-10,0,4.0,0.23209471065772544
Lafayette,,237202010,,R-10,0,4.0,0.23151459856778694
Lafayette,,237202009,,R-10,0,4.0,0.23302777941697142
Lafayette,,237193009,,R-10,0,4.0,0.2389419050345701
Lafayette,,237193008,,R-10,0,4.0,0.23402012110350096
Lafayette,,237192009,,R-10,0,4.0,0.22792521533855467
Lafayette,,237193007,,R-10,0,4.0,0.2357095483269215
Lafayette,,237192011,,R-10,0,4.0,0.23394359116025173
Lafayette,,237192010,,R-10,0,4.0,0.24876730842934916
Lafayette,,237192008,,R-10,0,4.0,0.22673238474771948
Lafayette,,237192006,,R-10,0,4.0,0.23904677447221104
Lafayette,,237191003,,R-10,0,4.0,0.22721021403197594
Lafayette,,237191002,,R-10,0,4.0,0.2266277016444645
Lafayette,,237192007,,R-10,0,4.0,0.22868092811864996
Lafayette,,237202014,,R-10,0,4.0,0.22869078463201928
Lafayette,,237202015,,R-10,0,4.0,0.2364160001510091
Lafayette,,237460001,,R-10,0,4.0,0.34
Lafayette,,237191001,,R-10,0,4.0,0.30634889531748116
Lafayette,,237460002,,R-10,0,4.0,1.1988276814335448
Lafayette,,237430008,,R-10,0,4.0,0.2574129322414944
Lafayette,,237430001,,R-10,0,4.0,0.250114451238677
Lafayette,,237203008,,R-10,0,4.0,0.23536261347155707
Lafayette,,237203007,,R-10,0,4.0,0.22928193331714936
Lafayette,,237430002,,R-10,0,4.0,0.2755751065613715
Lafayette,,237203006,,R-10,0,4.0,0.22908494322134268
Lafayette,,237430003,,R-10,0,4.0,0.39965244755744544
Lafayette,,237430004,,R-10,0,4.0,0.6014889434836269
Lafayette,,237430005,,R-10,0,4.0,1.08613838261361
Lafayette,,237430006,,R-10,0,4.0,0.4437862944650511
Lafayette,,237430007,,R-10,0,4.0,0.391910264981026
Lafayette,,237412018,,R-10,0,4.0,0.37052069705686863
Lafayette,,237412012,,R-10,0,4.0,0.7759342775016337
Lafayette,,237412016,,R-10,0,4.0,0.38712641199516656
Lafayette,,237412017,,R-10,0,4.0,0.45835649485947416
Lafayette,,237241005,,R-10,0,4.0,0.2722456663182647
Lafayette,,237251013,,R-10,0,4.0,0.2524941938008938
Lafayette,,237251002,,R-10,0,4.0,0.2809515061577938
Lafayette,,237251003,,R-10,0,4.0,0.28644383082238944
Lafayette,,237251005,,R-10,0,4.0,0.2214129128874777
Lafayette,,237251004,,R-10,0,4.0,0.24109221960044572
Lafayette,,237251012,,R-10,0,4.0,0.23508060434797884
Lafayette,,237251011,,R-10,0,4.0,0.29421052158630934
Lafayette,,237251014,,R-10,0,4.0,0.22532973417442706
Lafayette,,237251016,,R-10,0,4.0,0.30389748631144947
Lafayette,,237251015,,R-10,0,4.0,0.2833157500012518
Lafayette,,237252014,,R-10,0,4.0,0.23442127453390382
Lafayette,,237252001,,R-10,0,4.0,0.2620864082457211
Lafayette,,237251010,,R-10,0,4.0,0.3583691548794853
Lafayette,,237251009,,R-10,0,4.0,0.26997277281886123
Lafayette,,237251008,,R-10,0,4.0,0.27994167428167593
Lafayette,,237251007,,R-10,0,4.0,0.3661375678035081
Lafayette,,237251006,,R-10,0,4.0,0.23949404247417044
Lafayette,,237412013,,R-10,0,4.0,0.24152331751843492
Lafayette,,237412014,,R-10,0,4.0,0.25002014821415824
Lafayette,,237412009,,R-10,0,4.0,0.4514056571745366
Lafayette,,237412015,,R-10,0,4.0,0.2571934164830208
Lafayette,,237411001,,R-10,0,4.0,0.25629480096321516
Lafayette,,237411010,,R-10,0,4.0,0.2750271645103018
Lafayette,,237412008,,R-10,0,4.0,0.2928413785268656
Lafayette,,237412007,,R-10,0,4.0,0.27685209407904887
Lafayette,,237412004,,R-10,0,4.0,2.6367120026541184
Lafayette,,237412006,,R-10,0,4.0,0.2661577425581378
Lafayette,,237412005,,R-10,0,4.0,2.385047915057607
Lafayette,,237412010,,R-10,0,4.0,0.5426528449560895
Lafayette,,237412011,,R-10,0,4.0,1.2162170583179477
Lafayette,,237412025,,R-10,0,4.0,0.3
Lafayette,,237412024,,R-10,0,4.0,1.19
Lafayette,,237430017,,R-10,0,4.0,1.056
Lafayette,,237430016,,R-10,0,4.0,1.019
Lafayette,,237430010,,R-10,0,4.0,0.5270701216460191
Lafayette,,237490003,,R-10,0,4.0,1.08
Lafayette,,237490004,,R-10,0,4.0,1.56
Lafayette,,237510001,,LR-10,0,4.0,15.63
Lafayette,,237412003,,R-10,0,4.0,0.26370272291767893
Lafayette,,237412002,,R-10,0,4.0,0.2641222136886399
Lafayette,,237412001,,R-10,0,4.0,0.26092196069159684
Lafayette,,237300003,,R-10,0,4.0,0.6910494511303727
Lafayette,,237300006,,R-10,0,4.0,1.5485667128144909
Lafayette,,237300005,,R-10,0,4.0,0.30580907108094035
Lafayette,,237300004,,R-10,0,4.0,0.40487706790063427
Lafayette,,237300019,,R-10,0,4.0,0.25196597482976585
Lafayette,,237300018,,R-10,0,4.0,0.6615368125098439
Lafayette,,237300017,,R-10,0,4.0,0.30278546812204704
Lafayette,,237300016,,R-10,0,4.0,0.27160324331423785
Lafayette,,237300031,,R-10,0,4.0,0.6040940041270898
Lafayette,,237300027,,R-10,0,4.0,0.29571381865618945
Lafayette,,237300022,,R-10,0,4.0,0.2963771571256875
Lafayette,,237300026,,R-10,0,4.0,0.313049415175841
Lafayette,,237300021,,R-10,0,4.0,0.25629860583549663
Lafayette,,237300020,,R-10,0,4.0,0.25013518629410625
Lafayette,,237331005,,R-10,0,4.0,0.26457872174026503
Lafayette,,237340013,,R-10,0,4.0,0.23759192348923394
Lafayette,,237340012,,R-10,0,4.0,0.23961920778753223
Lafayette,,237340011,,R-10,0,4.0,0.23176594562921418
Lafayette,,237340010,,R-10,0,4.0,0.23377442343558327
Lafayette,,237340015,,R-10,0,4.0,0.24569744842258093
Lafayette,,237340014,,R-10,0,4.0,0.24043628080344182
Lafayette,,237300002,,R-10,0,4.0,0.25082961012379135
Lafayette,,237300001,,R-10,0,4.0,0.22525655630654132
Lafayette,,237340016,,R-10,0,4.0,0.2585646430513581
Lafayette,,237340017,,R-10,0,4.0,0.2603917879835416
Lafayette,,237340018,,R-10,0,4.0,0.2549109572680807
Lafayette,,237340009,,R-10,0,4.0,0.3969553578827125
Lafayette,,237340007,,R-10,0,4.0,0.5194236908185696
Lafayette,,237340006,,R-10,0,4.0,0.2917566137004642
Lafayette,,237340003,,R-10,0,4.0,0.267486709773996
Lafayette,,237340004,,R-10,0,4.0,0.5226907484442022
Lafayette,,237340005,,R-10,0,4.0,0.48520615189388605
Lafayette,,237381004,,R-10,0,4.0,0.5058796555977658
Lafayette,,237381003,,R-10,0,4.0,0.49881004343104896
Lafayette,,237381013,,R-10,0,4.0,0.37602159219276415
Lafayette,,237381012,,R-10,0,4.0,0.3526335228721208
Lafayette,,237411012,,R-10,0,4.0,1.135
Lafayette,,237411004,,R-10,0,4.0,0.45483969260049784
Lafayette,,237381005,,R-10,0,4.0,1.0422013789503548
Lafayette,,237411006,,R-10,0,4.0,0.5416459715178876
Lafayette,,237411007,,R-10,0,4.0,0.3524368582271255
Lafayette,,237340008,,R-10,0,4.0,0.39444279827002676
Lafayette,,237340019,,R-10,0,4.0,0.27902085585316083
Lafayette,,237411011,,R-10,0,4.0,0.3395932849280884
Lafayette,,237411008,,R-10,0,4.0,0.258947023240093
Lafayette,,237411009,,R-10,0,4.0,0.25549798047160244
Lafayette,,237411002,,R-10,0,4.0,0.2613851752396369
Lafayette,,237411003,,R-10,0,4.0,0.26750950071117324
Lafayette,,237252006,,R-10,0,4.0,0.6617634462856855
Lafayette,,237252005,,R-10,0,4.0,0.34284427697702596
Lafayette,,237252003,,R-10,0,4.0,0.26820811746429146
Lafayette,,237252004,,R-10,0,4.0,0.36018108960880235
Lafayette,,237252002,,R-10,0,4.0,0.24681883281023698
Lafayette,,237252013,,R-10,0,4.0,0.22487399585249918
Lafayette,,237252010,,R-10,0,4.0,0.29644486853027535
Lafayette,,237252009,,R-10,0,4.0,0.3341477083953662
Lafayette,,237252008,,R-10,0,4.0,0.475401444015894
Lafayette,,237252007,,R-10,0,4.0,0.5396556450329874
Lafayette,,237260029,,R-65,0,0.67,2.25
Lafayette,,237260041,,HPD,20,35.0,2.47
Lafayette,,237381018,,R-10,0,4.0,0.879
Lafayette,,237381007,,R-10,0,4.0,0.8599258700294589
Lafayette,,237381011,,R-10,0,4.0,0.4168329580061847
Lafayette,,237381009,,R-10,0,4.0,0.6807905744136781
Lafayette,,237381008,,R-10,0,4.0,0.5872157973835482
Lafayette,,237260040,,HPD,20,35.0,2.57
Lafayette,,238090026,,R-65,0,0.67,4.09
Lafayette,,238090025,,R-65,0,0.67,2.22
Lafayette,,238090024,,R-65,0,0.67,2.97
Lafayette,,238090023,,R-65,0,0.67,3.05
Lafayette,,238090012,,LR-10,0,4.0,10.04
Lafayette,,237381010,,R-10,0,4.0,0.8779193959326108
Lafayette,,237381016,,R-10,0,4.0,0.3849062571888828
Lafayette,,237381017,,R-10,0,4.0,0.3200584644110647
Lafayette,,238090020,,LR-5,0,8.0,2.67
Lafayette,,237382001,,R-10,0,4.0,0.37451150719780246
Lafayette,,238090021,,LR-5,0,8.0,2.36
Lafayette,,238090022,,LR-5,0,8.0,4.5
Lafayette,,237420002,,LR-5,0,8.0,2.27
Lafayette,,237420001,,LR-5,0,8.0,0.58
Lafayette,,237382009,,R-10,0,4.0,0.8412265776081936
Lafayette,,237382008,,R-10,0,4.0,1.7227929110850622
Lafayette,,237382010,,R-10,0,4.0,1.1093505202461207
Lafayette,,237382011,,R-10,0,4.0,0.8874465763696677
Lafayette,,237420011,,R-10,0,4.0,3.2
Lafayette,,237382015,,R-10,0,4.0,0.58
Lafayette,,237382002,,R-10,0,4.0,0.45318931683273544
Lafayette,,237382013,,R-10,0,4.0,1.039968420976802
Lafayette,,237382004,,R-10,0,4.0,0.3231301931376762
Lafayette,,237382003,,R-10,0,4.0,0.3525930440932874
Lafayette,,237381014,,R-10,0,4.0,0.3339797577115074
Lafayette,,237381015,,R-10,0,4.0,0.35307056432700595
Lafayette,,237381002,,R-10,0,4.0,0.6089371672054239
Lafayette,,237382005,,R-10,0,4.0,0.3308208757341059
Lafayette,,237382014,,R-10,0,4.0,0.4678836697152666
Lafayette,,237381001,,R-10,0,4.0,0.42308056412342465
Lafayette,,237340001,,R-10,0,4.0,0.36501832504258513
Lafayette,,237332012,,R-10,0,4.0,0.3277908320954948
Lafayette,,237332007,,R-10,0,4.0,0.5294678277740399
Lafayette,,237383001,,R-10,0,4.0,0.4666682871539197
Lafayette,,237383002,,R-10,0,4.0,0.4853162409137354
Lafayette,,237332006,,R-10,0,4.0,0.36189745513090343
Lafayette,,237332004,,R-10,0,4.0,0.42097738932741785
Lafayette,,237332005,,R-10,0,4.0,0.2632334503136578
Lafayette,,237331008,,R-10,0,4.0,0.2740117997940843
Lafayette,,237332009,,R-10,0,4.0,0.2493501477287361
Lafayette,,237332008,,R-10,0,4.0,0.2801328707027221
Lafayette,,237332010,,R-10,0,4.0,0.2637831145308673
Lafayette,,237332011,,R-10,0,4.0,0.25384732639381247
Lafayette,,237340002,,R-10,0,4.0,0.27620856311118475
Lafayette,,237331004,,R-10,0,4.0,0.26277794738866467
Lafayette,,237331003,,R-10,0,4.0,0.44300898290310925
Lafayette,,237331006,,R-10,0,4.0,0.28402307684930717
Lafayette,,237331007,,R-10,0,4.0,0.37362500619548733
Lafayette,,237331016,,R-10,0,4.0,0.10917925248356161
Lafayette,,237331002,,R-10,0,4.0,0.5088296442775442
Lafayette,,237300028,,R-10,0,4.0,0.3656730406624193
Lafayette,,237331013,,R-10,0,4.0,0.49241490197249493
Lafayette,,237331012,,R-10,0,4.0,0.7563985515653947
Lafayette,,237331014,,R-10,0,4.0,0.46849488376127196
Lafayette,,237331019,,R-10,0,4.0,1.523018420790279
Lafayette,,237331009,,R-10,0,4.0,0.3201244671130551
Lafayette,,237331018,,R-10,0,4.0,0.28102151952227383
Lafayette,,237332003,,R-10,0,4.0,0.5925839212735581
Lafayette,,237370001,,R-10,0,4.0,1.9668485198626349
Lafayette,,237370002,,R-10,0,4.0,0.8526476617587131
Lafayette,,237370003,,R-10,0,4.0,0.9056164463091267
Lafayette,,237420006,,LR-10,0,4.0,7.14
Lafayette,,237420007,,LR-10,0,4.0,20.94
Lafayette,,237370005,,R-10,0,4.0,2.702672456847636
Lafayette,,237370004,,R-10,0,4.0,1.175713727819991
Lafayette,,237332001,,R-10,0,4.0,0.7031216033625434
Lafayette,,237332002,,R-10,0,4.0,0.5409285387568467
Lafayette,,237420010,,R-10,0,4.0,1.31
Lafayette,,237420009,,LR-5,0,8.0,7.5
Lafayette,,237420003,,R-10,0,4.0,1.35
Lafayette,,237230027,,LR-5,0,8.0,1.13
Lafayette,,237230026,,LR-5,0,8.0,4.93
Lafayette,,237230012,,LR-5,0,8.0,7.608
Lafayette,,237230007,,LR-5,0,8.0,6.0
Lafayette,,237230004,,LR-5,0,8.0,0.877
Lafayette,,237220006,,LR-5,0,8.0,0.009
Lafayette,,237230028,,LR-5,0,8.0,4.42
Lafayette,,237220003,,LR-5,0,8.0,1.36
Lafayette,,237220002,,LR-5,0,8.0,0.12
Lafayette,,237220004,,LR-5,0,8.0,1.08
Lafayette,,237210004,,LR-5,0,8.0,8.34
Lafayette,,237220001,,LR-5,0,8.0,1.386
Lafayette,,237210003,,LR-5,0,8.0,4.39
Lafayette,,238090032,,LR-10,0,4.0,17.1
Lafayette,,238090006,,LR-5,0,8.0,9.15
Lafayette,,238090030,,LR-10,0,4.0,8.07
Lafayette,,190030004,,LR-10,0,4.0,14.03
Lafayette,,238090031,,LR-5,0,8.0,6.85
Lafayette,,237230029,,LR-5,0,8.0,5.58
Lafayette,,237230021,,LR-5,0,8.0,1.55
Lafayette,,237230020,,LR-5,0,8.0,1.07
Lafayette,,237230022,,LR-5,0,8.0,1.97
Lafayette,,238090029,,LR-10,0,4.0,7.09
Lafayette,,238080022,,R-10,0,4.0,3.142
Lafayette,,238210005,,LR-10,0,4.0,6.32
Lafayette,,238210007,,LR-10,0,4.0,5.73
Lafayette,,238210009,,LR-10,0,4.0,1.24
Lafayette,,238210008,,LR-10,0,4.0,5.13
Lafayette,,238153001,,R-10,0,4.0,0.5734008192646775
Lafayette,,238153002,,R-10,0,4.0,0.5146133822422684
Lafayette,,238153003,,R-10,0,4.0,0.45509943825836285
Lafayette,,238153004,,R-10,0,4.0,0.4564219252279392
Lafayette,,238154007,,R-10,0,4.0,0.29950015870957214
Lafayette,,238154002,,R-10,0,4.0,0.42097275229727316
Lafayette,,238154001,,R-10,0,4.0,0.35475002328365707
Lafayette,,238153005,,R-10,0,4.0,0.42098409928087743
Lafayette,,238153006,,R-10,0,4.0,0.37577111450403
Lafayette,,238152005,,R-10,0,4.0,0.50399164042742
Lafayette,,238190003,,R-20,0,2.0,4.82
Lafayette,,238152004,,R-10,0,4.0,0.3712241622409376
Lafayette,,238152002,,R-10,0,4.0,0.32706844691304465
Lafayette,,238152003,,R-10,0,4.0,0.34755970760261895
Lafayette,,238162009,,R-10,0,4.0,0.3302176078664907
Lafayette,,238152001,,R-10,0,4.0,0.2859002274245575
Lafayette,,238151004,,R-10,0,4.0,0.3088541510825005
Lafayette,,238151003,,R-10,0,4.0,0.37768339508585314
Lafayette,,238151002,,R-10,0,4.0,0.40472480253240517
Lafayette,,238161002,,R-10,0,4.0,0.45437930580338415
Lafayette,,238161001,,R-10,0,4.0,0.29229537266809635
Lafayette,,238162008,,R-10,0,4.0,0.42001285666536253
Lafayette,,238162018,,R-10,0,4.0,0.646162111919576
Lafayette,,238190002,,R-20,0,2.0,5.87
Lafayette,,238162016,,R-10,0,4.0,0.7535165990064808
Lafayette,,238210003,,LR-10,0,4.0,3.21
Lafayette,,238210002,,LR-10,0,4.0,2.95
Lafayette,,238152006,,R-10,0,4.0,0.38558533423381014
Lafayette,,238152007,,R-10,0,4.0,0.4329271873259443
Lafayette,,238210001,,LR-10,0,4.0,1.97
Lafayette,,238210004,,LR-10,0,4.0,5.4
Lafayette,,238210006,,LR-10,0,4.0,4.41
Lafayette,,238090019,,LR-10,0,4.0,2.62
Lafayette,,238090027,,LR-10,0,4.0,5.5
Lafayette,,238090035,,R-65,0,0.67,4.08
Lafayette,,238090037,,LR-10,0,4.0,1.177
Lafayette,,238090014,,LR-10,0,4.0,2.29
Lafayette,,238090038,,LR-10,0,4.0,0.849
Lafayette,,237500002,,R-65,0,0.67,2.010921334047917
Lafayette,,237500003,,R-65,0,0.67,3.056
Lafayette,,237260032,,R-65,0,0.67,3.09
Lafayette,,237252012,,R-10,0,4.0,0.40256222627807864
Lafayette,,237252011,,R-10,0,4.0,0.34294026881460565
Lafayette,,237252017,,R-10,0,4.0,0.23479870205587053
Lafayette,,237252018,,R-10,0,4.0,0.32316123534411817
Lafayette,,237243002,,R-10,0,4.0,0.25986916787146574
Lafayette,,237243001,,R-10,0,4.0,0.333754777367953
Lafayette,,237440008,,R-10,0,4.0,0.5399777833247827
Lafayette,,237243014,,R-10,0,4.0,0.48274986720619273
Lafayette,,237044005,,R-10,0,4.0,0.4458043575861666
Lafayette,,237440002,,R-10,0,4.0,0.26113248251128435
Lafayette,,237440009,,R-10,0,4.0,0.7074022681213835
Lafayette,,237440007,,R-10,0,4.0,0.6627244689640892
Lafayette,,237260007,,R-10,0,4.0,4.87
Lafayette,,237440011,,R-10,0,4.0,1.03
Lafayette,,238090033,,LR-10,0,4.0,4.764
Lafayette,,238190004,,R-20,0,2.0,4.23
Lafayette,,237050009,,R-10,0,4.0,0.7498643921399929
Lafayette,,237440010,,R-10,0,4.0,0.30019007807062686
Lafayette,,237050018,,R-10,0,4.0,0.7145148045737644
Lafayette,,237440004,,R-10,0,4.0,0.23881350290981532
Lafayette,,237440003,,R-10,0,4.0,0.29607520219335426
Lafayette,,237050006,,R-10,0,4.0,0.45005169089795105
Lafayette,,237050017,,R-10,0,4.0,0.3834566884205854
Lafayette,,237050010,,R-10,0,4.0,0.35554369409428166
Lafayette,,237050013,,R-10,0,4.0,0.584202139770507
Lafayette,,237050011,,R-10,0,4.0,0.8495348209468051
Lafayette,,237050012,,R-10,0,4.0,1.2692642192481858
Lafayette,,237050016,,R-10,0,4.0,0.9476658906019092
Lafayette,,237050015,,R-10,0,4.0,0.7168459064890955
Lafayette,,237050014,,R-10,0,4.0,0.562629583961079
Lafayette,,237061001,,R-10,0,4.0,0.39138535269537267
Lafayette,,237063011,,R-10,0,4.0,0.28919168097586134
Lafayette,,237063012,,R-10,0,4.0,0.3821921703456049
Lafayette,,237050001,,R-10,0,4.0,0.3002779744592351
Lafayette,,237050002,,R-10,0,4.0,0.3031059405298081
Lafayette,,237050003,,R-10,0,4.0,0.3508377939060597
Lafayette,,237050004,,R-10,0,4.0,0.23600289120096385
Lafayette,,237050005,,R-10,0,4.0,0.33934641693622153
Lafayette,,237045004,,R-10,0,4.0,0.4436352578747811
Lafayette,,237045005,,R-10,0,4.0,0.45863375978924054
Lafayette,,237045007,,R-10,0,4.0,0.4502251549097579
Lafayette,,237045006,,R-10,0,4.0,0.3104634475620607
Lafayette,,237045013,,R-10,0,4.0,0.2661363553078153
Lafayette,,237045008,,R-10,0,4.0,0.40750998336477584
Lafayette,,237045009,,R-10,0,4.0,0.4435774659641555
Lafayette,,237045010,,R-10,0,4.0,0.41739814865719355
Lafayette,,237045011,,R-10,0,4.0,0.38081971980521917
Lafayette,,237045022,,R-10,0,4.0,0.25806301881136157
Lafayette,,237045012,,R-10,0,4.0,0.3109661612310485
Lafayette,,237045021,,R-10,0,4.0,0.2448824872363211
Lafayette,,237046001,,R-10,0,4.0,0.22768588963646635
Lafayette,,237046012,,R-10,0,4.0,0.23235739473809822
Lafayette,,237046011,,R-10,0,4.0,0.2308190040990603
Lafayette,,237046002,,R-10,0,4.0,0.2292909722603937
Lafayette,,237046010,,R-10,0,4.0,0.2304318079757776
Lafayette,,237046003,,R-10,0,4.0,0.2280957455008308
Lafayette,,237045020,,R-10,0,4.0,0.2663028000431162
Lafayette,,237045019,,R-10,0,4.0,0.2633799298396929
Lafayette,,237046004,,R-10,0,4.0,0.22824546056093817
Lafayette,,237046005,,R-10,0,4.0,0.22945269806016197
Lafayette,,237046006,,R-10,0,4.0,0.2529142141476016
Lafayette,,237045017,,R-10,0,4.0,0.2593613353071685
Lafayette,,237045016,,R-10,0,4.0,0.2579200925942302
Lafayette,,237045015,,R-10,0,4.0,0.26624861899631713
Lafayette,,237045018,,R-10,0,4.0,0.26653548017290685
Lafayette,,237045014,,R-10,0,4.0,0.26265666855237474
Lafayette,,237045003,,R-10,0,4.0,0.27100031941261704
Lafayette,,237045001,,R-10,0,4.0,0.30136556419825045
Lafayette,,237440001,,R-10,0,4.0,0.3139383444575779
Lafayette,,237045002,,R-10,0,4.0,0.24159075249347275
Lafayette,,237044004,,R-10,0,4.0,0.2724071852044108
Lafayette,,237243015,,R-10,0,4.0,0.3292236108542362
Lafayette,,237243013,,R-10,0,4.0,0.37436646465035267
Lafayette,,237243016,,R-10,0,4.0,0.2490563520915027
Lafayette,,237044001,,R-10,0,4.0,0.26259687660828107
Lafayette,,237043002,,R-10,0,4.0,0.24051957253774184
Lafayette,,237043001,,R-10,0,4.0,0.26719723886877667
Lafayette,,237243008,,R-10,0,4.0,0.25591993369331273
Lafayette,,237243007,,R-10,0,4.0,0.24384232040693576
Lafayette,,237243006,,R-10,0,4.0,0.3202794940890274
Lafayette,,237243010,,R-10,0,4.0,0.30387832659625
Lafayette,,237243009,,R-10,0,4.0,0.24594233419739212
Lafayette,,237243011,,R-10,0,4.0,0.35458719303191877
Lafayette,,237243012,,R-10,0,4.0,0.2959651018126094
Lafayette,,237243004,,R-10,0,4.0,0.24572127432705293
Lafayette,,237243003,,R-10,0,4.0,0.24781687136681174
Lafayette,,237252016,,R-10,0,4.0,0.2511250990710182
Lafayette,,237252015,,R-10,0,4.0,0.2505233484055703
Lafayette,,237243005,,R-10,0,4.0,0.25910245039221785
Lafayette,,237242004,,R-10,0,4.0,0.26517967125225883
Lafayette,,237242005,,R-10,0,4.0,0.25805539763190843
Lafayette,,237242006,,R-10,0,4.0,0.2751499725996113
Lafayette,,237242002,,R-10,0,4.0,0.2561112960057653
Lafayette,,237242003,,R-10,0,4.0,0.2437237420546934
Lafayette,,237242001,,R-10,0,4.0,0.2548876873425639
Lafayette,,237242008,,R-10,0,4.0,0.2533749733703789
Lafayette,,237241001,,R-10,0,4.0,0.2430299695283537
Lafayette,,237242007,,R-10,0,4.0,0.2596454949533836
Lafayette,,237241003,,R-10,0,4.0,0.23884180018230786
Lafayette,,237241004,,R-10,0,4.0,0.25672038445652573
Lafayette,,237241002,,R-10,0,4.0,0.23649412649742296
Lafayette,,237041003,,R-10,0,4.0,0.23945109677239357
Lafayette,,237041004,,R-10,0,4.0,0.23827873281150597
Lafayette,,237042001,,R-10,0,4.0,0.2649637758516465
Lafayette,,237042002,,R-10,0,4.0,0.2662799034420675
Lafayette,,237046007,,R-10,0,4.0,0.24962921988223372
Lafayette,,237046008,,R-10,0,4.0,0.22673663698391386
Lafayette,,237041002,,R-10,0,4.0,0.24063328495082112
Lafayette,,237041001,,R-10,0,4.0,0.2659672789393951
Lafayette,,237046009,,R-10,0,4.0,0.2279611639059439
Lafayette,,237280001,,R-10,0,4.0,0.23953701267538674
Lafayette,,237291023,,R-10,0,4.0,0.26478549257031486
Lafayette,,237280002,,R-10,0,4.0,0.35364926961500437
Lafayette,,237280003,,R-10,0,4.0,0.28608740838029045
Lafayette,,237280004,,R-10,0,4.0,0.2966902507266967
Lafayette,,237280005,,R-10,0,4.0,0.24625243969689092
Lafayette,,237260003,,R-10,0,4.0,26.54
Lafayette,,237280009,,R-10,0,4.0,0.27620697915701714
Lafayette,,237280010,,R-10,0,4.0,0.3255015176095257
Lafayette,,237280011,,R-10,0,4.0,0.32247021254026326
Lafayette,,237280012,,R-10,0,4.0,0.22604046380735093
Lafayette,,237291005,,R-10,0,4.0,0.20322699207854727
Lafayette,,237291006,,R-10,0,4.0,0.23785275485758156
Lafayette,,237291008,,R-10,0,4.0,0.25452995631466535
Lafayette,,237291007,,R-10,0,4.0,0.2497375004145064
Lafayette,,237292003,,R-10,0,4.0,0.24840246470067792
Lafayette,,237280008,,R-10,0,4.0,0.28151771210273957
Lafayette,,237280007,,R-10,0,4.0,0.2635156309186891
Lafayette,,237280006,,R-10,0,4.0,0.26565441011326174
Lafayette,,237292001,,R-10,0,4.0,0.27444566337854936
Lafayette,,237292015,,R-10,0,4.0,0.2524617392342738
Lafayette,,237292002,,R-10,0,4.0,0.24306849988210674
Lafayette,,237292004,,R-10,0,4.0,0.28169268254417945
Lafayette,,237292014,,R-10,0,4.0,0.23175991786463535
Lafayette,,237291021,,R-10,0,4.0,0.30879168661455636
Lafayette,,237291022,,R-10,0,4.0,0.318970741550284
Lafayette,,237291024,,R-10,0,4.0,0.31173585836631174
Lafayette,,237031010,,R-10,0,4.0,0.23842160147641026
Lafayette,,237291020,,R-10,0,4.0,0.34664792684245105
Lafayette,,237292013,,R-10,0,4.0,0.23297836995449311
Lafayette,,237292012,,R-10,0,4.0,0.24196515057494447
Lafayette,,237292011,,R-10,0,4.0,0.2221594166359913
Lafayette,,237291019,,R-10,0,4.0,0.2977387058621109
Lafayette,,237291018,,R-10,0,4.0,0.3391334298708086
Lafayette,,237291017,,R-10,0,4.0,0.31859814730138586
Lafayette,,237292008,,R-10,0,4.0,0.2471313914102318
Lafayette,,237292007,,R-10,0,4.0,0.23692240979173418
Lafayette,,237292010,,R-10,0,4.0,0.23130204055494336
Lafayette,,237292006,,R-10,0,4.0,0.2532629348042753
Lafayette,,237292005,,R-10,0,4.0,0.2585710529214533
Lafayette,,237291009,,R-10,0,4.0,0.2683749076956094
Lafayette,,237291010,,R-10,0,4.0,0.38260066503352513
Lafayette,,237291004,,R-10,0,4.0,0.2506805201363093
Lafayette,,237291003,,R-10,0,4.0,0.24263311875031834
Lafayette,,237291002,,R-10,0,4.0,0.38919701629777864
Lafayette,,237291027,,R-10,0,4.0,0.4662674119568481
Lafayette,,237291026,,R-10,0,4.0,0.7456942387290688
Lafayette,,237291012,,R-10,0,4.0,0.6509215327868114
Lafayette,,237292009,,R-10,0,4.0,0.2401491714937018
Lafayette,,237291014,,R-10,0,4.0,0.8808710857133527
Lafayette,,237291013,,R-10,0,4.0,0.6508657380608154
Lafayette,,237031011,,R-10,0,4.0,0.35
Lafayette,,237031012,,R-10,0,4.0,0.59
Lafayette,,237031001,,R-10,0,4.0,0.46148561130682225
Lafayette,,237291015,,R-10,0,4.0,0.4436594580832538
Lafayette,,237031003,,R-10,0,4.0,0.32170318221727795
Lafayette,,237031002,,R-10,0,4.0,0.38716093640412785
Lafayette,,237033010,,R-10,0,4.0,0.29915905269904886
Lafayette,,237033009,,R-10,0,4.0,0.3712854584453177
Lafayette,,237033008,,R-10,0,4.0,0.3920813462876058
Lafayette,,237063002,,R-10,0,4.0,0.2910512232374035
Lafayette,,237063003,,R-10,0,4.0,0.33281397544897545
Lafayette,,237063004,,R-10,0,4.0,0.3090293643180232
Lafayette,,237033007,,R-10,0,4.0,0.49844914700553883
Lafayette,,237033006,,R-10,0,4.0,0.4470062015148822
Lafayette,,237033005,,R-10,0,4.0,0.39718743749895097
Lafayette,,237031004,,R-10,0,4.0,0.24738429074402246
Lafayette,,237291016,,R-10,0,4.0,0.35238294163744227
Lafayette,,237031005,,R-10,0,4.0,0.2420023371231109
Lafayette,,237031006,,R-10,0,4.0,0.24040927010914614
Lafayette,,237031007,,R-10,0,4.0,0.239807123522145
Lafayette,,237033004,,R-10,0,4.0,0.3446738263546783
Lafayette,,237031008,,R-10,0,4.0,0.2852678152743491
Lafayette,,237031009,,R-10,0,4.0,0.2415517399649442
Lafayette,,237032001,,R-10,0,4.0,0.22919788255742019
Lafayette,,237032003,,R-10,0,4.0,0.2653673550809981
Lafayette,,237032002,,R-10,0,4.0,0.2868718818614289
Lafayette,,237033001,,R-10,0,4.0,0.3864029416106225
Lafayette,,237063009,,R-10,0,4.0,0.47826509663157796
Lafayette,,237063008,,R-10,0,4.0,0.3442059643766355
Lafayette,,237063007,,R-10,0,4.0,0.3623971369136059
Lafayette,,237033002,,R-10,0,4.0,0.5085577439351988
Lafayette,,237033003,,R-10,0,4.0,0.4678181078370647
Lafayette,,237063005,,R-10,0,4.0,0.43319650821365047
Lafayette,,237063006,,R-10,0,4.0,0.5900822100551721
Lafayette,,237062011,,R-10,0,4.0,0.3057294251476833
Lafayette,,237062012,,R-10,0,4.0,0.23563814670320002
Lafayette,,237062010,,R-10,0,4.0,0.3427460792205028
Lafayette,,237062009,,R-10,0,4.0,0.46171570355003166
Lafayette,,237062002,,R-10,0,4.0,0.25445559067041984
Lafayette,,237062003,,R-10,0,4.0,0.25821085333616944
Lafayette,,237062008,,R-10,0,4.0,0.34499526566879274
Lafayette,,237062007,,R-10,0,4.0,0.24642102495343232
Lafayette,,237062006,,R-10,0,4.0,0.24998651272033884
Lafayette,,237063010,,R-10,0,4.0,0.34628618440991293
Lafayette,,237062004,,R-10,0,4.0,0.2808202660391534
Lafayette,,237062005,,R-10,0,4.0,0.3081932497952552
Lafayette,,237061002,,R-10,0,4.0,0.25911053277845447
Lafayette,,237061003,,R-10,0,4.0,0.2522847525177553
Lafayette,,237061007,,R-10,0,4.0,0.3290543479280927
Lafayette,,238190001,,R-10,0,4.0,4.94
Lafayette,,237061005,,R-10,0,4.0,0.2496592430199732
Lafayette,,237061006,,R-10,0,4.0,0.2532770563560889
Lafayette,,237073001,,R-10,0,4.0,0.2730272793118404
Lafayette,,237073002,,R-10,0,4.0,0.27343433131105066
Lafayette,,237072016,,R-10,0,4.0,0.2528197830846661
Lafayette,,237072017,,R-10,0,4.0,0.2547904764992819
Lafayette,,237062001,,R-10,0,4.0,0.2546154555460435
Lafayette,,237072018,,R-10,0,4.0,0.2563474056591865
Lafayette,,237072001,,R-10,0,4.0,0.4242676791564424
Lafayette,,237062013,,R-10,0,4.0,0.25972340959939666
Lafayette,,237071013,,R-10,0,4.0,0.22667508546828757
Lafayette,,237071012,,R-10,0,4.0,0.28528689053658834
Lafayette,,237072002,,R-10,0,4.0,0.3132136698320242
Lafayette,,237071008,,R-10,0,4.0,0.243082340122214
Lafayette,,237071007,,R-10,0,4.0,0.2446941303627833
Lafayette,,237072004,,R-10,0,4.0,0.2271233269648717
Lafayette,,237072014,,R-10,0,4.0,0.25311351992098263
Lafayette,,237072003,,R-10,0,4.0,0.2272998277059687
Lafayette,,237072015,,R-10,0,4.0,0.2571925419035965
Lafayette,,237073003,,R-10,0,4.0,0.3011683813207083
Lafayette,,237073004,,R-10,0,4.0,0.24852148729401924
Lafayette,,237073005,,R-10,0,4.0,0.27430623619456934
Lafayette,,237072012,,R-10,0,4.0,0.25649082740148965
Lafayette,,237072013,,R-10,0,4.0,0.25678962093145696
Lafayette,,237072005,,R-10,0,4.0,0.22689196185253532
Lafayette,,237072006,,R-10,0,4.0,0.23737216330895272
Lafayette,,237072007,,R-10,0,4.0,0.3444409886486728
Lafayette,,237072011,,R-10,0,4.0,0.25628725028232047
Lafayette,,237072009,,R-10,0,4.0,0.3160563672080638
Lafayette,,237072008,,R-10,0,4.0,0.24874795038934278
Lafayette,,237071006,,R-10,0,4.0,0.329299282222646
Lafayette,,237071004,,R-10,0,4.0,0.2504210269022101
Lafayette,,237071005,,R-10,0,4.0,0.2626540113441933
Lafayette,,237074010,,R-10,0,4.0,0.23066106623809132
Lafayette,,237074011,,R-10,0,4.0,0.23115158461522897
Lafayette,,237074012,,R-10,0,4.0,0.22966890003334334
Lafayette,,237074013,,R-10,0,4.0,0.23084280651854241
Lafayette,,237071002,,R-10,0,4.0,0.2525177651152055
Lafayette,,237071003,,R-10,0,4.0,0.25487739220135563
Lafayette,,237071009,,R-10,0,4.0,0.4773738444469675
Lafayette,,237071010,,R-10,0,4.0,0.4330239752975213
Lafayette,,237071011,,R-10,0,4.0,0.2876327804956727
Lafayette,,237071014,,R-10,0,4.0,0.22533459372376063
Lafayette,,237071015,,R-10,0,4.0,0.23040325037563805
Lafayette,,237071016,,R-10,0,4.0,0.24895071251154444
Lafayette,,237071001,,R-10,0,4.0,0.28515827404404015
Lafayette,,237063001,,R-10,0,4.0,0.29493754938721184
Lafayette,,237033011,,R-10,0,4.0,0.21274645251658106
Lafayette,,237391001,,R-10,0,4.0,0.24
Lafayette,,237074014,,R-10,0,4.0,0.22992576394859696
Lafayette,,237393008,,R-10,0,4.0,0.41
Lafayette,,237393010,,R-10,0,4.0,0.3669222692181238
Lafayette,,237393009,,R-10,0,4.0,0.3931681487534284
Lafayette,,237393011,,R-10,0,4.0,0.6268448717837238
Lafayette,,237401001,,R-10,0,4.0,0.29942128207021457
Lafayette,,237401002,,R-10,0,4.0,0.24980439776078556
Lafayette,,237401003,,R-10,0,4.0,0.24864702481642323
Lafayette,,237393003,,R-10,0,4.0,0.46133324427754674
Lafayette,,237393002,,R-10,0,4.0,0.5831518069018807
Lafayette,,237393001,,R-10,0,4.0,0.4072655700143861
Lafayette,,237021011,,R-10,0,4.0,0.42242562193587646
Lafayette,,237021012,,R-10,0,4.0,0.2380793447942211
Lafayette,,237022001,,R-10,0,4.0,0.2354333140615942
Lafayette,,237392005,,R-10,0,4.0,0.3886160393575628
Lafayette,,237401008,,R-10,0,4.0,0.3429428782003482
Lafayette,,237392010,,R-10,0,4.0,0.2623815142374819
Lafayette,,237401004,,R-10,0,4.0,0.36312114639098286
Lafayette,,237401005,,R-10,0,4.0,0.3040491243143426
Lafayette,,237401006,,R-10,0,4.0,0.2674009194911946
Lafayette,,237401007,,R-10,0,4.0,0.24118746063836086
Lafayette,,237401009,,R-10,0,4.0,0.26075321973695015
Lafayette,,237401010,,R-10,0,4.0,0.2370420800259055
Lafayette,,237401011,,R-10,0,4.0,0.3630442739353747
Lafayette,,237074009,,R-10,0,4.0,0.23200693921321297
Lafayette,,237074008,,R-10,0,4.0,0.27704352440266317
Lafayette,,237074007,,R-10,0,4.0,0.5428277883638679
Lafayette,,237401013,,R-10,0,4.0,0.3210741855261286
Lafayette,,237401012,,R-10,0,4.0,0.3461327840927954
Lafayette,,237022003,,R-10,0,4.0,0.27179466407147423
Lafayette,,237022011,,R-10,0,4.0,0.22784710906667485
Lafayette,,237022005,,R-10,0,4.0,0.31525864202152076
Lafayette,,237022004,,R-10,0,4.0,0.4270225100673964
Lafayette,,237022012,,R-10,0,4.0,0.35924744613315024
Lafayette,,237022014,,R-10,0,4.0,0.29876241792496305
Lafayette,,237022022,,R-10,0,4.0,0.23162599880071902
Lafayette,,237022015,,R-10,0,4.0,0.2309101117608493
Lafayette,,237022016,,R-10,0,4.0,0.2316026022097667
Lafayette,,237022009,,R-10,0,4.0,0.2296674243992049
Lafayette,,237022010,,R-10,0,4.0,0.22862010733208457
Lafayette,,237022002,,R-10,0,4.0,0.3021813334491347
Lafayette,,237022007,,R-10,0,4.0,0.22912509687434643
Lafayette,,237022006,,R-10,0,4.0,0.22524737622488974
Lafayette,,237022008,,R-10,0,4.0,0.23206209061148042
Lafayette,,237021006,,R-10,0,4.0,0.25932091517868305
Lafayette,,237021005,,R-10,0,4.0,0.23106281504831677
Lafayette,,237021004,,R-10,0,4.0,0.2903465676583001
Lafayette,,237021003,,R-10,0,4.0,0.3287268773548774
Lafayette,,237021002,,R-10,0,4.0,0.4
Lafayette,,237022019,,R-10,0,4.0,0.2311053447692133
Lafayette,,237022018,,R-10,0,4.0,0.23451756731964057
Lafayette,,237022017,,R-10,0,4.0,0.23233370201045336
Lafayette,,237022020,,R-10,0,4.0,0.2332042154639684
Lafayette,,237022021,,R-10,0,4.0,0.22909175354899264
Lafayette,,237023001,,R-10,0,4.0,0.25609611081836336
Lafayette,,237023002,,R-10,0,4.0,0.25427677465051046
Lafayette,,237023003,,R-10,0,4.0,0.2674627543682721
Lafayette,,238101001,,R-10,0,4.0,0.4931803770835994
Lafayette,,238101002,,R-10,0,4.0,0.4411755398565334
Lafayette,,238101003,,R-10,0,4.0,0.40357237085677117
Lafayette,,238101010,,R-10,0,4.0,0.4527679566281947
Lafayette,,238101011,,R-10,0,4.0,0.49640318145236945
Lafayette,,238101012,,R-10,0,4.0,0.4967262116796295
Lafayette,,238102002,,R-10,0,4.0,0.43059249718108783
Lafayette,,238102001,,R-10,0,4.0,0.41550634609867915
Lafayette,,237022030,,R-10,0,4.0,0.28210895674832365
Lafayette,,237022029,,R-10,0,4.0,0.29322450322301724
Lafayette,,237022028,,R-10,0,4.0,0.2918833990372491
Lafayette,,238102015,,R-10,0,4.0,0.3394842091272026
Lafayette,,238102014,,R-10,0,4.0,0.32960807713463486
Lafayette,,238102016,,R-10,0,4.0,0.26441373104616916
Lafayette,,238102021,,R-10,0,4.0,0.31947527495494554
Lafayette,,238102017,,R-10,0,4.0,0.36271856043944467
Lafayette,,238122008,,R-10,0,4.0,0.25
Lafayette,,238102019,,R-10,0,4.0,0.39218310685834407
Lafayette,,237022026,,R-10,0,4.0,0.5966583005034611
Lafayette,,238102018,,R-10,0,4.0,0.3568729872917364
Lafayette,,237401019,,R-10,0,4.0,0.23674743184605185
Lafayette,,237401018,,R-10,0,4.0,0.24993357394610852
Lafayette,,237022025,,R-10,0,4.0,0.2856908137127341
Lafayette,,237022027,,R-10,0,4.0,0.4282105370889327
Lafayette,,237022024,,R-10,0,4.0,0.23258475823826924
Lafayette,,237022023,,R-10,0,4.0,0.23236009552515513
Lafayette,,237022013,,R-10,0,4.0,0.5486054775422406
Lafayette,,237401015,,R-10,0,4.0,0.2883696114637336
Lafayette,,237401016,,R-10,0,4.0,0.2789813764546075
Lafayette,,237401017,,R-10,0,4.0,0.2576640663193338
Lafayette,,237401014,,R-10,0,4.0,0.3035152066761439
Lafayette,,237074005,,R-10,0,4.0,0.47423627514430916
Lafayette,,237074004,,R-10,0,4.0,0.5121856090935981
Lafayette,,237074002,,R-10,0,4.0,0.23482553500223766
Lafayette,,238122005,,R-10,0,4.0,0.22
Lafayette,,238131001,,R-10,0,4.0,0.26094311207973026
Lafayette,,238131002,,R-10,0,4.0,0.25740515602796177
Lafayette,,238133018,,R-10,0,4.0,0.3123438272114985
Lafayette,,238122006,,R-10,0,4.0,0.22
Lafayette,,237074003,,R-10,0,4.0,0.673884817548794
Lafayette,,238122007,,R-10,0,4.0,0.19
Lafayette,,237401022,,R-10,0,4.0,2.179
Lafayette,,237401020,,R-10,0,4.0,0.2459494782453112
Lafayette,,237401021,,R-10,0,4.0,0.2533268920312602
Lafayette,,238121012,,R-10,0,4.0,0.936
Lafayette,,238121010,,R-10,0,4.0,0.529
Lafayette,,238121007,,R-10,0,4.0,0.261
Lafayette,,238121008,,R-10,0,4.0,0.27
Lafayette,,238121009,,R-10,0,4.0,0.27
Lafayette,,238133008,,R-10,0,4.0,0.6988708174289343
Lafayette,,238133007,,R-10,0,4.0,0.5098785264228907
Lafayette,,238133006,,R-10,0,4.0,0.28361000739037984
Lafayette,,238133005,,R-10,0,4.0,0.37058832550556153
Lafayette,,238133004,,R-10,0,4.0,0.5590155969296279
Lafayette,,238133002,,R-10,0,4.0,0.29663145165686583
Lafayette,,238132008,,R-10,0,4.0,0.25591014302933723
Lafayette,,238132007,,R-10,0,4.0,0.3079922512103677
Lafayette,,238132006,,R-10,0,4.0,0.3230758151207752
Lafayette,,238133003,,R-10,0,4.0,0.24480282815936433
Lafayette,,238133012,,R-10,0,4.0,0.22772278045872307
Lafayette,,238133011,,R-10,0,4.0,0.23259018820797234
Lafayette,,238133010,,R-10,0,4.0,0.28633652394624626
Lafayette,,238133013,,R-10,0,4.0,0.25416663823806396
Lafayette,,238133015,,R-10,0,4.0,0.32697399612062683
Lafayette,,238133009,,R-10,0,4.0,0.2782772806904019
Lafayette,,238133017,,R-10,0,4.0,0.30960552441220957
Lafayette,,238133016,,R-10,0,4.0,0.31969833863200087
Lafayette,,238131003,,R-10,0,4.0,0.26284422127320645
Lafayette,,238133014,,R-10,0,4.0,0.2267088650915639
Lafayette,,238131005,,R-10,0,4.0,0.29720724334154186
Lafayette,,238131004,,R-10,0,4.0,0.25639121461111136
Lafayette,,237074001,,R-10,0,4.0,0.24296235678266961
Lafayette,,237074006,,R-10,0,4.0,0.30115157906612366
Lafayette,,237072010,,R-10,0,4.0,0.25782309260712866
Lafayette,,237073007,,R-10,0,4.0,0.2544696453536268
Lafayette,,237073008,,R-10,0,4.0,0.2541130212046246
Lafayette,,238132002,,R-10,0,4.0,0.34691200893164853
Lafayette,,238132001,,R-10,0,4.0,0.3709899504608997
Lafayette,,237073006,,R-10,0,4.0,0.27624464433841533
Lafayette,,238141008,,R-10,0,4.0,1.0995647945325369
Lafayette,,238141007,,R-10,0,4.0,0.8337262174101143
Lafayette,,238132004,,R-10,0,4.0,0.3982576922294062
Lafayette,,238132003,,R-10,0,4.0,0.3971150490170396
Lafayette,,238132005,,R-10,0,4.0,0.4232449828028163
Lafayette,,238141003,,R-10,0,4.0,0.2802947624238507
Lafayette,,238141004,,R-10,0,4.0,0.3871216940224945
Lafayette,,238141005,,R-10,0,4.0,0.4646763965217488
Lafayette,,238142003,,R-10,0,4.0,0.47311074890827687
Lafayette,,238142002,,R-10,0,4.0,0.31351490440130836
Lafayette,,238141006,,R-10,0,4.0,0.49833316602340727
Lafayette,,238141009,,R-10,0,4.0,0.640392940160638
Lafayette,,238141010,,R-10,0,4.0,0.5440227671299968
Lafayette,,238141011,,R-10,0,4.0,0.5613008924860939
Lafayette,,238162001,,R-10,0,4.0,0.8650472470405839
Lafayette,,238142001,,R-10,0,4.0,0.40393770361198966
Lafayette,,238161006,,R-10,0,4.0,0.49538666662804237
Lafayette,,238161007,,R-10,0,4.0,0.37460245457842817
Lafayette,,238162015,,R-10,0,4.0,0.6222091886235388
Lafayette,,238162014,,R-10,0,4.0,0.36241751691723517
Lafayette,,238162004,,R-10,0,4.0,0.27938434411311275
Lafayette,,238162012,,R-10,0,4.0,0.08
Lafayette,,238162011,,R-10,0,4.0,0.5245132691129966
Lafayette,,238161008,,R-10,0,4.0,0.5283013356280287
Lafayette,,238161003,,R-10,0,4.0,0.6129655296451155
Lafayette,,238151001,,R-10,0,4.0,0.4750040514425526
Lafayette,,238142009,,R-10,0,4.0,0.2989566227343425
Lafayette,,238142008,,R-10,0,4.0,0.23401508402953464
Lafayette,,238142011,,R-10,0,4.0,0.7639373125410035
Lafayette,,238161004,,R-10,0,4.0,0.6044180544034475
Lafayette,,238142004,,R-10,0,4.0,0.3380419694770844
Lafayette,,238142005,,R-10,0,4.0,0.325116388334584
Lafayette,,238142006,,R-10,0,4.0,0.290320023127727
Lafayette,,238141001,,R-10,0,4.0,0.2767452579172135
Lafayette,,238141002,,R-10,0,4.0,0.22215969250143838
Lafayette,,238142007,,R-10,0,4.0,0.2390225014478747
Lafayette,,238143004,,R-10,0,4.0,0.3226314246901657
Lafayette,,238143003,,R-10,0,4.0,0.3033622839868152
Lafayette,,238143002,,R-10,0,4.0,0.251348717568331
Lafayette,,238143001,,R-10,0,4.0,0.2923562981003485
Lafayette,,238154006,,R-10,0,4.0,0.26602385000438633
Lafayette,,238154005,,R-10,0,4.0,0.26180230189694004
Lafayette,,238143005,,R-10,0,4.0,0.2956464507030717
Lafayette,,238133001,,R-10,0,4.0,0.4524993168092662
Lafayette,,238143006,,R-10,0,4.0,0.3790953383123254
Lafayette,,238220001,,LR-10,0,4.0,51.114932879750235
Lafayette,,238080035,,LR-5,0,8.0,5.33
Lafayette,,238080032,,LR-10,0,4.0,16.12
Lafayette,,238121013,,R-10,0,4.0,0.958
Lafayette,,238110001,,R-10,0,4.0,0.86
Lafayette,,238121015,,R-10,0,4.0,0.373
Lafayette,,238121003,,R-10,0,4.0,2.62
Lafayette,,238121014,,R-10,0,4.0,0.395
Lafayette,,238102029,,R-10,0,4.0,0.28491268922447804
Lafayette,,238102028,,R-10,0,4.0,0.2250561824960027
Lafayette,,238102026,,R-10,0,4.0,0.3352042969401284
Lafayette,,238102024,,R-10,0,4.0,0.28591951938773846
Lafayette,,238102020,,R-10,0,4.0,0.5188088423414484
Lafayette,,238102023,,R-10,0,4.0,0.3504451890594133
Lafayette,,238102013,,R-10,0,4.0,0.22866480518971846
Lafayette,,238102012,,R-10,0,4.0,0.225287512753791
Lafayette,,238102022,,R-10,0,4.0,0.2469719452942484
Lafayette,,238102025,,R-10,0,4.0,0.2482978449542011
Lafayette,,238102027,,R-10,0,4.0,0.22663785961874516
Lafayette,,238102010,,R-10,0,4.0,0.22456873794661378
Lafayette,,238102005,,R-10,0,4.0,0.40302048444175154
Lafayette,,238102011,,R-10,0,4.0,0.2287010634051658
Lafayette,,238102004,,R-10,0,4.0,0.4442757202613275
Lafayette,,238102003,,R-10,0,4.0,0.46758875774294045
Lafayette,,238101009,,R-10,0,4.0,0.4994680612219306
Lafayette,,238101004,,R-10,0,4.0,0.390431405129768
Lafayette,,238101008,,R-10,0,4.0,0.40547484184323446
Lafayette,,238101005,,R-10,0,4.0,0.4216067663046806
Lafayette,,238101006,,R-10,0,4.0,0.37136962512547356
Lafayette,,238101007,,R-10,0,4.0,0.4848171804024823
Lafayette,,238102006,,R-10,0,4.0,0.42283189111347014
Lafayette,,238102009,,R-10,0,4.0,0.2278648040686074
Lafayette,,238102007,,R-10,0,4.0,0.4711427467696204
Lafayette,,236032004,,R-10,0,4.0,0.3468735150827459
Lafayette,,236031006,,R-10,0,4.0,0.3684189613455615
Lafayette,,236031005,,R-10,0,4.0,0.4696585336913613
Lafayette,,236031004,,R-10,0,4.0,0.48129328459604453
Lafayette,,236031003,,R-10,0,4.0,0.38119458407837414
Lafayette,,236031002,,R-10,0,4.0,0.523107363360767
Lafayette,,236031001,,R-10,0,4.0,0.4191290406508135
Lafayette,,236032002,,R-10,0,4.0,0.45067954365743074
Lafayette,,236032008,,R-10,0,4.0,0.44007793274945217
Lafayette,,236032007,,R-10,0,4.0,0.442885469944491
Lafayette,,236032003,,R-10,0,4.0,0.4495951813201671
Lafayette,,236032005,,R-10,0,4.0,0.29770072481209886
Lafayette,,238102008,,R-10,0,4.0,0.23
Lafayette,,238102030,,R-10,0,4.0,0.3492980992198376
Lafayette,,236032006,,R-10,0,4.0,0.2765544312702205
Lafayette,,238110010,,R-10,0,4.0,0.2762721698818855
Lafayette,,238110009,,R-10,0,4.0,0.5615476494988507
Lafayette,,238110003,,R-10,0,4.0,0.7
Lafayette,,238110004,,R-10,0,4.0,1.54
Lafayette,,238110005,,R-10,0,4.0,0.3
Lafayette,,236022011,,R-10,0,4.0,0.3733151946402196
Lafayette,,236022012,,R-10,0,4.0,0.4872019167357189
Lafayette,,236022013,,R-10,0,4.0,0.41137220069696045
Lafayette,,236032009,,R-10,0,4.0,0.4252984177183401
Lafayette,,236032001,,R-10,0,4.0,0.3229763420345658
Lafayette,,236022008,,R-10,0,4.0,0.43094313898649367
Lafayette,,236021009,,R-10,0,4.0,0.39838183919445425
Lafayette,,236021008,,R-10,0,4.0,0.7596069218465608
Lafayette,,236021007,,R-10,0,4.0,0.140353575596602
Lafayette,,236021006,,R-10,0,4.0,0.4597539739542145
Lafayette,,236022020,,R-10,0,4.0,0.295
Lafayette,,236022019,,R-10,0,4.0,0.325
Lafayette,,236022004,,R-10,0,4.0,0.35893984499785164
Lafayette,,236022005,,R-10,0,4.0,0.48639667871892556
Lafayette,,236022003,,R-10,0,4.0,0.5275485911578283
Lafayette,,236022006,,R-10,0,4.0,0.40348698057763616
Lafayette,,236022014,,R-10,0,4.0,0.5257576892143688
Lafayette,,236012020,,R-10,0,4.0,0.2496551230642598
Lafayette,,236012018,,R-10,0,4.0,0.45226259859999995
Lafayette,,236012019,,R-10,0,4.0,0.3319205869069791
Lafayette,,236013003,,R-10,0,4.0,0.2630979559719087
Lafayette,,236012021,,R-10,0,4.0,0.2505873446589753
Lafayette,,236013004,,R-10,0,4.0,0.2295176761462181
Lafayette,,236012023,,R-10,0,4.0,0.2751741591058072
Lafayette,,236022009,,R-10,0,4.0,0.5557119250658261
Lafayette,,236012022,,R-10,0,4.0,0.24908379611587214
Lafayette,,236022010,,R-10,0,4.0,0.9
Lafayette,,238110007,,R-10,0,4.0,0.31
Lafayette,,238110008,,R-10,0,4.0,0.26
Lafayette,,238110006,,R-10,0,4.0,0.33
Lafayette,,236013005,,R-10,0,4.0,0.2829831574477916
Lafayette,,234260015,,R-20,0,2.0,0.38
Lafayette,,236013006,,R-10,0,4.0,0.25783062759966596
Lafayette,,236013002,,R-10,0,4.0,0.26608550389725705
Lafayette,,236013001,,R-10,0,4.0,0.3366916351769115
Lafayette,,234260008,,R-20,0,2.0,0.69
Lafayette,,234260005,,R-20,0,2.0,0.65
Lafayette,,234260006,,R-20,0,2.0,0.61
Lafayette,,234260003,,R-20,0,2.0,0.57
Lafayette,,234260004,,R-20,0,2.0,0.57
Lafayette,,234260002,,R-20,0,2.0,0.67
Lafayette,,238180010,,R-20,0,2.0,0.7789140319254871
Lafayette,,238180009,,R-20,0,2.0,0.670143060168153
Lafayette,,238180008,,R-20,0,2.0,0.6337417718567548
Lafayette,,238180012,,R-20,0,2.0,0.5926901112253994
Lafayette,,238180013,,R-20,0,2.0,0.6865626307743845
Lafayette,,238180011,,R-20,0,2.0,0.7340165210792801
Lafayette,,238180014,,R-20,0,2.0,1.3096070463729867
Lafayette,,238180007,,R-20,0,2.0,0.5223159357019714
Lafayette,,238180015,,R-20,0,2.0,0.7661895931339854
Lafayette,,238180016,,R-20,0,2.0,0.07
Lafayette,,238180004,,R-20,0,2.0,0.6951776004163166
Lafayette,,238180003,,R-20,0,2.0,0.6296418688801602
Lafayette,,238200003,,P-1,0,0.0,0.84
Lafayette,,238200004,,P-1,0,0.0,1.83
Lafayette,,238180002,,R-20,0,2.0,0.6245172695801224
Lafayette,,238180001,,R-20,0,2.0,0.961140294242591
Lafayette,,238170003,,R-20,0,2.0,0.484350673041103
Lafayette,,238170002,,R-20,0,2.0,0.5038307214425631
Lafayette,,238170001,,R-20,0,2.0,0.5138453904737232
Lafayette,,238170005,,R-20,0,2.0,0.5011757781399019
Lafayette,,238170004,,R-20,0,2.0,0.5142092980891001
Lafayette,,238170010,,R-20,0,2.0,0.5046071232447428
Lafayette,,238170009,,R-20,0,2.0,0.5202666049593426
Lafayette,,238170008,,R-20,0,2.0,0.5536590279590913
Lafayette,,238170007,,R-20,0,2.0,0.6664947354899816
Lafayette,,238170006,,R-20,0,2.0,0.7090977725429666
Lafayette,,238070007,,R-20,0,2.0,0.03
Lafayette,,238070013,,R-20,0,2.0,2.378
Lafayette,,238200007,,P-1,0,0.0,0.69
Lafayette,,238200008,,P-1,0,0.0,1.11
Lafayette,,238200006,,P-1,0,0.0,1.42
Lafayette,,238200005,,P-1,0,0.0,0.87
Lafayette,,238200009,,P-1,0,0.0,0.73
Lafayette,,238200002,,P-1,0,0.0,0.77
Lafayette,,238200001,,P-1,0,0.0,0.97
Lafayette,,238180005,,R-20,0,2.0,1.27
Lafayette,,186041001,,LR-10,0,4.0,4.1
Lafayette,,238080036,,LR-10,0,4.0,63.82937163325259
Lafayette,,238080033,,LR-10,0,4.0,11.65
Lafayette,,185352055,,R-10,0,4.0,0.0
Lafayette,,185352020,,R-10,0,4.0,0.0
Lafayette,,185352051,,R-10,0,4.0,0.0
Lafayette,,185352054,,R-10,0,4.0,0.0
Lafayette,,185352023,,R-10,0,4.0,0.0
Lafayette,,185352031,,R-10,0,4.0,0.0
Lafayette,,185352052,,R-10,0,4.0,0.0
Lafayette,,185352032,,R-10,0,4.0,0.0
Lafayette,,185390029,,R-10,0,4.0,0.0
Lafayette,,185390026,,R-10,0,4.0,0.0
Lafayette,,185390025,,R-10,0,4.0,0.0
Lafayette,,185342036,,R-10,0,4.0,0.0
Lafayette,,185342035,,R-10,0,4.0,0.0
Lafayette,,185390027,,R-10,0,4.0,0.0
Lafayette,,185390028,,R-10,0,4.0,0.0
Lafayette,,185352029,,R-10,0,4.0,0.0
Lafayette,,185342034,,R-10,0,4.0,0.0
Lafayette,,185342033,,R-10,0,4.0,0.0
Lafayette,,185342032,,R-10,0,4.0,0.0
Lafayette,,185342031,,R-10,0,4.0,0.0
Lafayette,,185342029,,R-10,0,4.0,0.0
Lafayette,,185342030,,R-10,0,4.0,0.0
Lafayette,,185330013,,R-10,0,4.0,0.0
Lafayette,,185352026,,R-10,0,4.0,0.0
Lafayette,,185352027,,R-10,0,4.0,0.0
Lafayette,,185352028,,R-10,0,4.0,0.0
Lafayette,,185352030,,R-10,0,4.0,0.0
Lafayette,,185352024,,R-10,0,4.0,0.0
Lafayette,,185352025,,R-10,0,4.0,0.0
Lafayette,,185352019,,R-10,0,4.0,0.0
Lafayette,,185352018,,R-10,0,4.0,0.0
Lafayette,,185352017,,R-10,0,4.0,0.0
Lafayette,,185352016,,R-10,0,4.0,0.0
Lafayette,,185330010,,R-10,0,4.0,0.0
Lafayette,,185330009,,R-10,0,4.0,0.0
Lafayette,,185330017,,R-10,0,4.0,0.0
Lafayette,,185330016,,R-10,0,4.0,0.0
Lafayette,,185330011,,R-10,0,4.0,0.0
Lafayette,,185330012,,R-10,0,4.0,0.0
Lafayette,,185330015,,R-10,0,4.0,0.0
Lafayette,,185330014,,R-10,0,4.0,0.0
Lafayette,,185341007,,R-10,0,4.0,0.0
Lafayette,,185341006,,R-10,0,4.0,0.0
Lafayette,,185341005,,R-10,0,4.0,0.0
Lafayette,,185330018,,R-10,0,4.0,0.0
Lafayette,,185341003,,R-10,0,4.0,0.0
Lafayette,,185341004,,R-10,0,4.0,0.0
Lafayette,,185341022,,R-10,0,4.0,0.0
Lafayette,,185341023,,R-10,0,4.0,0.0
Lafayette,,185341024,,R-10,0,4.0,0.0
Lafayette,,185341025,,R-10,0,4.0,0.0
Lafayette,,185341026,,R-10,0,4.0,0.22748994653321875
Lafayette,,185341001,,R-10,0,4.0,0.23293171823056172
Lafayette,,185341002,,R-10,0,4.0,0.0
Lafayette,,185330019,,R-10,0,4.0,0.0
Lafayette,,185330020,,R-10,0,4.0,0.44574555389026366
Lafayette,,185330022,,R-10,0,4.0,0.245099257741861
Lafayette,,185330021,,R-10,0,4.0,0.3554402579571669
Lafayette,,185330007,,R-10,0,4.0,0.27757109625252724
Lafayette,,185330008,,R-10,0,4.0,0.3798796742084981
Lafayette,,185352013,,R-10,0,4.0,0.21141714596304975
Lafayette,,185352014,,R-10,0,4.0,0.24119879444076078
Lafayette,,185352015,,R-10,0,4.0,0.0
Lafayette,,185320016,,R-10,0,4.0,0.33837096029210784
Lafayette,,185330023,,R-10,0,4.0,0.23774772022346516
Lafayette,,185330024,,R-10,0,4.0,0.24161514245270543
Lafayette,,185320015,,R-10,0,4.0,0.2956603188292531
Lafayette,,185341027,,R-10,0,4.0,0.2533312179105239
Lafayette,,185342005,,R-10,0,4.0,0.1905284506820473
Lafayette,,185342006,,R-10,0,4.0,0.0
Lafayette,,185342004,,R-10,0,4.0,0.19039499909192698
Lafayette,,185111006,,R-10,0,4.0,0.42433966599537254
Lafayette,,718511001,,R-10,0,4.0,0.42433966599537254
Lafayette,,185111005,,R-10,0,4.0,0.29
Lafayette,,185342001,,R-10,0,4.0,0.24272687131562026
Lafayette,,185342002,,R-10,0,4.0,0.19302964186125665
Lafayette,,185320017,,R-10,0,4.0,0.5232095910039816
Lafayette,,185112001,,R-10,0,4.0,0.16177094201233863
Lafayette,,185112016,,R-10,0,4.0,0.14231342422689666
Lafayette,,185112017,,R-10,0,4.0,0.15421101619594615
Lafayette,,185112005,,R-10,0,4.0,0.3431261488877419
Lafayette,,185112004,,R-10,0,4.0,0.21444227483060663
Lafayette,,185112003,,R-10,0,4.0,0.1942314803488908
Lafayette,,185112002,,R-10,0,4.0,0.16958067047346753
Lafayette,,185112023,,R-10,0,4.0,0.359
Lafayette,,185112007,,R-10,0,4.0,0.3778875674183847
Lafayette,,185112009,,R-10,0,4.0,0.3000434417604447
Lafayette,,185112018,,R-10,0,4.0,0.23
Lafayette,,185112020,,R-10,0,4.0,0.558
Lafayette,,185112021,,R-10,0,4.0,0.238
Lafayette,,185112024,,R-10,0,4.0,0.232
Lafayette,,185112012,,R-10,0,4.0,0.23796866542678768
Lafayette,,185112013,,R-10,0,4.0,0.17501615258153963
Lafayette,,185112014,,R-10,0,4.0,0.15835867577006144
Lafayette,,185112015,,R-10,0,4.0,0.15700181743705882
Lafayette,,185420020,,R-20,0,2.0,0.539
Lafayette,,185112022,,R-10,0,4.0,0.396
Lafayette,,185430024,,R-20,0,2.0,0.901
Lafayette,,185420016,,R-20,0,2.0,0.47698206411696115
Lafayette,,185420012,,R-20,0,2.0,0.4965183791997892
Lafayette,,185430014,,R-20,0,2.0,0.8085397727792206
Lafayette,,185430019,,R-20,0,2.0,0.5261836065805772
Lafayette,,185430018,,R-20,0,2.0,0.570014301957712
Lafayette,,185430022,,R-20,0,2.0,0.5225227647725771
Lafayette,,185430021,,R-20,0,2.0,0.5089199704781266
Lafayette,,185430020,,R-20,0,2.0,0.5059091049983384
Lafayette,,185112008,,R-10,0,4.0,0.40513765269253965
Lafayette,,185430023,,R-20,0,2.0,0.533549772398147
Lafayette,,185440013,,R-10,0,4.0,0.3399267335331581
Lafayette,,185440017,,R-10,0,4.0,0.9704410283305366
Lafayette,,185440002,,R-10,0,4.0,1.0766371574193327
Lafayette,,185440006,,R-20,0,2.0,0.5023932238214524
Lafayette,,185440007,,R-20,0,2.0,0.5999319037867257
Lafayette,,185440005,,R-10,0,4.0,0.6632267748594752
Lafayette,,185440004,,R-10,0,4.0,0.5176708948230766
Lafayette,,185440016,,R-10,0,4.0,0.616997760198942
Lafayette,,185440008,,R-20,0,2.0,1.4292921062488586
Lafayette,,185430004,,R-20,0,2.0,0.6484210243408273
Lafayette,,185440009,,R-20,0,2.0,0.8234215640386617
Lafayette,,185430011,,R-20,0,2.0,0.6996503662499599
Lafayette,,185430007,,R-20,0,2.0,0.6623592832296362
Lafayette,,185430006,,R-20,0,2.0,0.5207516544901413
Lafayette,,185430005,,R-20,0,2.0,0.5479722103695112
Lafayette,,185430003,,R-20,0,2.0,0.711023124770718
Lafayette,,185430017,,R-20,0,2.0,0.6782191292008433
Lafayette,,185430016,,R-20,0,2.0,0.5333164632942776
Lafayette,,185430012,,R-20,0,2.0,0.651219375698731
Lafayette,,185420011,,R-20,0,2.0,0.5703264887186726
Lafayette,,185430013,,R-20,0,2.0,0.5621793260549696
Lafayette,,185430010,,R-20,0,2.0,0.6297529305908499
Lafayette,,185430009,,R-20,0,2.0,1.0171589267752716
Lafayette,,185450004,,R-20,0,2.0,0.6239838289752196
Lafayette,,185450005,,R-20,0,2.0,1.2732158493116175
Lafayette,,185430008,,R-20,0,2.0,1.093709651201086
Lafayette,,185440020,,R-20,0,2.0,2.75
Lafayette,,185450006,,R-20,0,2.0,0.6963760776454697
Lafayette,,185450008,,R-20,0,2.0,0.6683526189459403
Lafayette,,186041053,,LR-10,0,4.0,34.452
Lafayette,,238060033,,P-1,0,0.0,0.4154233519838993
Lafayette,,238060032,,P-1,0,0.0,0.2799528709847794
Lafayette,,238060043,,P-1,0,0.0,0.32
Lafayette,,238060044,,P-1,0,0.0,0.121
Lafayette,,238070015,,R-20,0,2.0,0.478
Lafayette,,238070014,,R-20,0,2.0,2.0
Lafayette,,185140010,,R-20,0,2.0,0.25
Lafayette,,238060031,,P-1,0,0.0,0.2663204390277317
Lafayette,,238060030,,P-1,0,0.0,0.2502796517231002
Lafayette,,238060034,,P-1,0,0.0,0.3435635252097631
Lafayette,,238060029,,P-1,0,0.0,0.22202534617445852
Lafayette,,238060028,,P-1,0,0.0,0.24722612045724585
Lafayette,,238060035,,P-1,0,0.0,0.49384193453031383
Lafayette,,238060027,,P-1,0,0.0,0.2812429080317857
Lafayette,,238060026,,P-1,0,0.0,0.3073269836706762
Lafayette,,238070004,,R-20,0,2.0,0.6
Lafayette,,238070003,,R-20,0,2.0,0.46
Lafayette,,238070005,,R-20,0,2.0,1.93
Lafayette,,238070016,,R-20,0,2.0,1.05
Lafayette,,238060008,,R-20,0,2.0,0.56
Lafayette,,238060007,,R-20,0,2.0,0.55
Lafayette,,238060005,,R-20,0,2.0,0.52
Lafayette,,238060006,,R-20,0,2.0,0.51
Lafayette,,238060002,,R-20,0,2.0,0.56
Lafayette,,238060003,,R-20,0,2.0,0.53
Lafayette,,238060004,,R-20,0,2.0,0.57
Lafayette,,238060036,,P-1,0,0.0,0.3799799375101338
Lafayette,,238060037,,P-1,0,0.0,0.33411491569066426
Lafayette,,238060024,,P-1,0,0.0,0.3547004464214209
Lafayette,,238060038,,P-1,0,0.0,0.48904020463306785
Lafayette,,238060023,,P-1,0,0.0,0.2797156640956088
Lafayette,,238060041,,P-1,0,0.0,0.17
Lafayette,,238060039,,P-1,0,0.0,0.523414383643148
Lafayette,,238060022,,R-20,0,2.0,1.093
Lafayette,,238060040,,P-1,0,0.0,0.36837819431247987
Lafayette,,238060025,,P-1,0,0.0,0.24450709908750118
Lafayette,,185180010,,R-20,0,2.0,0.133
Lafayette,,185180011,,R-20,0,2.0,0.597
Lafayette,,185180007,,R-20,0,2.0,0.75
Lafayette,,185180009,,R-20,0,2.0,0.76
Lafayette,,185180003,,R-20,0,2.0,0.5
Lafayette,,185180001,,R-20,0,2.0,0.5
Lafayette,,185180005,,R-20,0,2.0,0.6
Lafayette,,185180006,,R-20,0,2.0,0.5
Lafayette,,185170004,,R-20,0,2.0,0.28
Lafayette,,185170003,,R-20,0,2.0,0.44
Lafayette,,185170002,,R-20,0,2.0,0.72
Lafayette,,185170007,,R-20,0,2.0,0.46
Lafayette,,185170001,,R-20,0,2.0,0.5
Lafayette,,185170005,,R-20,0,2.0,0.98
Lafayette,,185170008,,R-20,0,2.0,0.47
Lafayette,,185162003,,R-20,0,2.0,0.57
Lafayette,,185161003,,R-20,0,2.0,0.56
Lafayette,,185161002,,R-20,0,2.0,0.41
Lafayette,,185161005,,R-20,0,2.0,0.5
Lafayette,,185161001,,R-20,0,2.0,0.79
Lafayette,,185161004,,R-20,0,2.0,0.49
Lafayette,,233191010,,R-20,0,2.0,0.47
Lafayette,,233191011,,R-20,0,2.0,0.4
Lafayette,,233192006,,R-20,0,2.0,0.41
Lafayette,,185162001,,R-20,0,2.0,0.83
Lafayette,,185162002,,R-20,0,2.0,0.71
Lafayette,,185150002,,R-20,0,2.0,0.5
Lafayette,,185130010,,R-20,0,2.0,0.466
Lafayette,,185140014,,R-20,0,2.0,1.09
Lafayette,,185140015,,R-20,0,2.0,0.49
Lafayette,,185150003,,R-20,0,2.0,0.73
Lafayette,,185150001,,R-20,0,2.0,0.5
Lafayette,,185150004,,R-20,0,2.0,0.53
Lafayette,,185162004,,R-20,0,2.0,0.53
Lafayette,,185150005,,R-20,0,2.0,0.62
Lafayette,,185140009,,R-20,0,2.0,0.709
Lafayette,,185140017,,R-20,0,2.0,0.543
Lafayette,,185140016,,R-20,0,2.0,0.625
Lafayette,,185450007,,R-20,0,2.0,0.6042647002134184
Lafayette,,185450009,,R-20,0,2.0,0.8750699063149356
Lafayette,,185450001,,R-20,0,2.0,0.49210259847991134
Lafayette,,185450016,,R-20,0,2.0,0.68
Lafayette,,185130019,,R-20,0,2.0,2.5
Lafayette,,185450002,,R-20,0,2.0,0.5027339285052203
Lafayette,,185450003,,R-20,0,2.0,0.618772085171926
Lafayette,,185420007,,R-20,0,2.0,0.6602673317165264
Lafayette,,185420008,,R-20,0,2.0,1.1170746815048695
Lafayette,,185420009,,R-20,0,2.0,0.5514341173168663
Lafayette,,185420010,,R-20,0,2.0,0.5693356785357634
Lafayette,,185420006,,R-20,0,2.0,0.5594579189776121
Lafayette,,185420005,,R-20,0,2.0,0.5036957560149212
Lafayette,,185420004,,R-20,0,2.0,0.6651659265216905
Lafayette,,185420002,,R-20,0,2.0,0.6536571797866755
Lafayette,,185103001,,R-20,0,2.0,0.5393516347805049
Lafayette,,185130005,,R-20,0,2.0,1.03
Lafayette,,185420003,,R-20,0,2.0,0.7924938126353624
Lafayette,,185130016,,R-20,0,2.0,0.578
Lafayette,,185450015,,R-20,0,2.0,7.14
Lafayette,,185130017,,R-20,0,2.0,0.848
Lafayette,,185130015,,R-20,0,2.0,1.07
Lafayette,,185130003,,R-20,0,2.0,0.53
Lafayette,,185103002,,R-20,0,2.0,0.3668568085385521
Lafayette,,185102009,,R-10,0,4.0,0.28455598164746715
Lafayette,,185102008,,R-10,0,4.0,0.2835844503895356
Lafayette,,185102007,,R-10,0,4.0,0.23876702580682774
Lafayette,,185102006,,R-10,0,4.0,0.23767808354211659
Lafayette,,185103003,,R-10,0,4.0,0.3972556960974842
Lafayette,,185103007,,R-10,0,4.0,0.24280862068378253
Lafayette,,185103016,,R-10,0,4.0,0.2844410280942947
Lafayette,,185103018,,R-10,0,4.0,0.478
Lafayette,,185103006,,R-10,0,4.0,0.33849474705573296
Lafayette,,185103009,,R-10,0,4.0,0.23068477267288295
Lafayette,,185103008,,R-10,0,4.0,0.23472480715738445
Lafayette,,185103017,,R-10,0,4.0,0.33260259169792666
Lafayette,,185103014,,R-10,0,4.0,0.08
Lafayette,,233200027,,R-20,0,2.0,1.3
Lafayette,,233211042,,R-15,0,2.9,0.373
Lafayette,,233200018,,R-20,0,2.0,0.48899815548987335
Lafayette,,233200019,,R-20,0,2.0,0.5640615304451464
Lafayette,,233192015,,R-20,0,2.0,0.89
Lafayette,,233192010,,R-20,0,2.0,0.45
Lafayette,,233192009,,R-20,0,2.0,0.44
Lafayette,,233192017,,R-20,0,2.0,0.53
Lafayette,,233192003,,R-20,0,2.0,0.46
Lafayette,,233192016,,R-20,0,2.0,0.51
Lafayette,,233200020,,R-20,0,2.0,0.6223089285838257
Lafayette,,233200021,,R-20,0,2.0,0.48424024456041015
Lafayette,,233200015,,R-20,0,2.0,0.86
Lafayette,,233200003,,R-20,0,2.0,0.54
Lafayette,,233192013,,R-20,0,2.0,0.62
Lafayette,,233192004,,R-20,0,2.0,0.84
Lafayette,,233192005,,R-20,0,2.0,0.6
Lafayette,,233192007,,R-20,0,2.0,0.5
Lafayette,,233192011,,R-20,0,2.0,0.47
Lafayette,,233192014,,R-20,0,2.0,0.51
Lafayette,,233191019,,R-20,0,2.0,0.128
Lafayette,,233191020,,R-20,0,2.0,0.177
Lafayette,,233200038,,R-20,0,2.0,0.54
Lafayette,,233200017,,R-20,0,2.0,0.05
Lafayette,,233200005,,R-20,0,2.0,0.63
Lafayette,,233200006,,R-20,0,2.0,0.75
Lafayette,,233200024,,R-20,0,2.0,0.5
Lafayette,,233200023,,R-20,0,2.0,0.5
Lafayette,,233211027,,R-15,0,2.9,0.35516173476528184
Lafayette,,233211050,,R-15,0,2.9,0.5177752535446473
Lafayette,,233211039,,R-15,0,2.9,0.5887447351627569
Lafayette,,233200025,,R-20,0,2.0,0.57
Lafayette,,233200026,,R-20,0,2.0,0.61
Lafayette,,233211038,,R-15,0,2.9,0.4985353223482937
Lafayette,,233200007,,R-20,0,2.0,0.55
Lafayette,,233211041,,R-15,0,2.9,0.38
Lafayette,,185101002,,R-10,0,4.0,0.3405472899487703
Lafayette,,185080029,,R-10,0,4.0,0.318
Lafayette,,233211047,,R-15,0,2.9,0.0
Lafayette,,233211005,,R-15,0,2.9,0.0
Lafayette,,233211046,,R-15,0,2.9,0.348
Lafayette,,233211003,,R-15,0,2.9,0.0
Lafayette,,233211052,,R-15,0,2.9,0.505
Lafayette,,233211008,,R-15,0,2.9,0.0
Lafayette,,233211009,,R-15,0,2.9,0.0
Lafayette,,233211006,,R-15,0,2.9,0.0
Lafayette,,233211007,,R-15,0,2.9,0.0
Lafayette,,233211036,,R-15,0,2.9,0.46714334580649614
Lafayette,,233211014,,R-15,0,2.9,0.0
Lafayette,,233211013,,R-15,0,2.9,0.0
Lafayette,,233211048,,R-15,0,2.9,0.0
Lafayette,,233211011,,R-15,0,2.9,0.0
Lafayette,,233211049,,R-15,0,2.9,0.0
Lafayette,,233211010,,R-15,0,2.9,0.0
Lafayette,,233140004,,R-15,0,2.9,0.44
Lafayette,,233250001,,MRA,6,21.0,2.162
Lafayette,,233140012,,R-15,0,2.9,0.5
Lafayette,,233131008,,R-15,0,2.9,0.59
Lafayette,,233140013,,R-15,0,2.9,0.5
Lafayette,,233140006,,R-15,0,2.9,0.47
Lafayette,,233211051,,R-15,0,2.9,0.505
Lafayette,,233140015,,R-15,0,2.9,0.28
Lafayette,,185071006,,R-10,0,4.0,0.0
Lafayette,,185071005,,R-10,0,4.0,0.0
Lafayette,,185071003,,R-10,0,4.0,0.0
Lafayette,,185071004,,R-10,0,4.0,0.0
Lafayette,,185072013,,R-10,0,4.0,0.0
Lafayette,,185072011,,R-10,0,4.0,0.0
Lafayette,,185072012,,R-10,0,4.0,0.0
Lafayette,,185072002,,R-10,0,4.0,0.0
Lafayette,,185080030,,R-10,0,4.0,0.0
Lafayette,,185080001,,R-10,0,4.0,0.0
Lafayette,,185072001,,R-10,0,4.0,0.0
Lafayette,,185080004,,R-10,0,4.0,0.0
Lafayette,,185080005,,R-10,0,4.0,0.0
Lafayette,,185071007,,R-10,0,4.0,0.0
Lafayette,,185080006,,R-10,0,4.0,0.0
Lafayette,,185080003,,R-10,0,4.0,0.0
Lafayette,,185080013,,R-10,0,4.0,0.42
Lafayette,,185080012,,R-10,0,4.0,0.33
Lafayette,,185080011,,R-10,0,4.0,0.52
Lafayette,,185080007,,R-10,0,4.0,0.0
Lafayette,,185080009,,R-10,0,4.0,0.61
Lafayette,,185080028,,R-10,0,4.0,0.316
Lafayette,,185080015,,R-10,0,4.0,0.69
Lafayette,,185080014,,R-10,0,4.0,0.4
Lafayette,,185080002,,R-10,0,4.0,0.0
Lafayette,,185080035,,R-10,0,4.0,0.0
Lafayette,,185080016,,R-10,0,4.0,0.43
Lafayette,,185080034,,R-10,0,4.0,0.0
Lafayette,,185072005,,R-10,0,4.0,0.0
Lafayette,,185080032,,R-10,0,4.0,0.0
Lafayette,,185080031,,R-10,0,4.0,0.0
Lafayette,,185072003,,R-10,0,4.0,0.0
Lafayette,,185072004,,R-10,0,4.0,0.0
Lafayette,,185072010,,R-10,0,4.0,0.0
Lafayette,,185072029,,R-10,0,4.0,0.33
Lafayette,,185072009,,R-10,0,4.0,0.0
Lafayette,,185072024,,R-10,0,4.0,0.35
Lafayette,,185072008,,R-10,0,4.0,0.0
Lafayette,,185072007,,R-10,0,4.0,0.0
Lafayette,,185072025,,R-10,0,4.0,0.32
Lafayette,,185072026,,R-10,0,4.0,0.45
Lafayette,,185072006,,R-10,0,4.0,0.0
Lafayette,,185061005,,R-10,0,4.0,0.0
Lafayette,,185061006,,R-10,0,4.0,0.0
Lafayette,,185061004,,R-10,0,4.0,0.0
Lafayette,,185061003,,R-10,0,4.0,0.0
Lafayette,,185061002,,R-10,0,4.0,0.0
Lafayette,,185062011,,R-10,0,4.0,0.0
Lafayette,,185062010,,R-10,0,4.0,0.0
Lafayette,,185062009,,R-10,0,4.0,0.0
Lafayette,,185062012,,R-10,0,4.0,0.0
Lafayette,,185062013,,R-10,0,4.0,0.0
Lafayette,,185062014,,R-10,0,4.0,0.0
Lafayette,,185062008,,R-10,0,4.0,0.0
Lafayette,,185062002,,R-10,0,4.0,0.0
Lafayette,,185062003,,R-10,0,4.0,0.0
Lafayette,,185092020,,R-10,0,4.0,0.0
Lafayette,,185092021,,R-10,0,4.0,0.0
Lafayette,,185092001,,R-10,0,4.0,0.0
Lafayette,,185062001,,R-10,0,4.0,0.0
Lafayette,,185091018,,R-10,0,4.0,0.0
Lafayette,,185091017,,R-10,0,4.0,0.0
Lafayette,,185091016,,R-10,0,4.0,0.0
Lafayette,,185091015,,R-10,0,4.0,0.0
Lafayette,,185092002,,R-10,0,4.0,0.0
Lafayette,,185092003,,R-10,0,4.0,0.0
Lafayette,,185092004,,R-10,0,4.0,0.0
Lafayette,,185091014,,R-10,0,4.0,0.0
Lafayette,,185091013,,R-10,0,4.0,0.0
Lafayette,,185091011,,R-10,0,4.0,0.0
Lafayette,,185091012,,R-10,0,4.0,0.0
Lafayette,,185091010,,R-10,0,4.0,0.0
Lafayette,,185091031,,R-10,0,4.0,0.0
Lafayette,,185080021,,R-10,0,4.0,0.42
Lafayette,,185080017,,R-10,0,4.0,0.5
Lafayette,,185080033,,R-10,0,4.0,0.0
Lafayette,,185080019,,R-10,0,4.0,0.66
Lafayette,,185080020,,R-10,0,4.0,0.38
Lafayette,,185102001,,R-10,0,4.0,0.0
Lafayette,,185102002,,R-10,0,4.0,0.0
Lafayette,,185102003,,R-10,0,4.0,0.0
Lafayette,,185102015,,R-10,0,4.0,0.87
Lafayette,,185102011,,R-10,0,4.0,0.0
Lafayette,,185102012,,R-10,0,4.0,0.2855371527550887
Lafayette,,185102014,,R-10,0,4.0,0.582806532008408
Lafayette,,185102005,,R-10,0,4.0,0.23920985545258464
Lafayette,,185091002,,R-10,0,4.0,0.4993755985286511
Lafayette,,185102013,,R-10,0,4.0,0.2929958350881922
Lafayette,,185091027,,R-10,0,4.0,0.0
Lafayette,,185091026,,R-10,0,4.0,0.30320836275033264
Lafayette,,185091025,,R-10,0,4.0,0.2856127457706766
Lafayette,,185091024,,R-10,0,4.0,0.23614757038205236
Lafayette,,185091032,,R-10,0,4.0,0.27120116325414845
Lafayette,,185091023,,R-10,0,4.0,0.23503498315393828
Lafayette,,185091019,,R-10,0,4.0,0.323939579252533
Lafayette,,185091007,,R-10,0,4.0,0.22618044787208902
Lafayette,,185091006,,R-10,0,4.0,0.2892667428429755
Lafayette,,185091020,,R-10,0,4.0,0.2340083288696293
Lafayette,,185091001,,R-10,0,4.0,0.4694351981562
Lafayette,,185102010,,R-10,0,4.0,0.3913492559494283
Lafayette,,185420001,,R-20,0,2.0,0.6555065493152527
Lafayette,,185420019,,R-20,0,2.0,0.4990067308305252
Lafayette,,185420018,,R-20,0,2.0,0.4756870325703057
Lafayette,,185420017,,R-20,0,2.0,0.46046576880541584
Lafayette,,185420015,,R-20,0,2.0,1.2471072990222523
Lafayette,,185420021,,R-20,0,2.0,0.81
Lafayette,,185420022,,R-20,0,2.0,0.79
Lafayette,,185092018,,R-10,0,4.0,0.23218081369363242
Lafayette,,185092017,,R-10,0,4.0,0.2321425920782788
Lafayette,,185092016,,R-10,0,4.0,0.23400716158716134
Lafayette,,185092015,,R-10,0,4.0,0.23344580656984554
Lafayette,,185092013,,R-10,0,4.0,0.0
Lafayette,,185092014,,R-10,0,4.0,0.0
Lafayette,,185111002,,R-10,0,4.0,0.44
Lafayette,,185111004,,R-10,0,4.0,0.32
Lafayette,,185111010,,R-10,0,4.0,0.0
Lafayette,,185111011,,R-10,0,4.0,0.0
Lafayette,,185111012,,R-10,0,4.0,0.0
Lafayette,,185114001,,R-20,0,2.0,8.41
Lafayette,,185092011,,R-10,0,4.0,0.0
Lafayette,,185092012,,R-10,0,4.0,0.0
Lafayette,,185092010,,R-10,0,4.0,0.0
Lafayette,,185092009,,R-10,0,4.0,0.0
Lafayette,,185052002,,R-10,0,4.0,2.58
Lafayette,,185062005,,R-10,0,4.0,0.0
Lafayette,,185092007,,R-10,0,4.0,0.0
Lafayette,,185062004,,R-10,0,4.0,0.0
Lafayette,,185092019,,R-10,0,4.0,0.0
Lafayette,,185062006,,R-10,0,4.0,0.0
Lafayette,,185062007,,R-10,0,4.0,0.0
Lafayette,,185051011,,R-10,0,4.0,0.0
Lafayette,,185051013,,R-10,0,4.0,0.0
Lafayette,,185051012,,R-10,0,4.0,0.0
Lafayette,,185051017,,R-10,0,4.0,0.0
Lafayette,,185051016,,R-10,0,4.0,0.0
Lafayette,,185051015,,R-10,0,4.0,0.0
Lafayette,,185051014,,R-10,0,4.0,0.0
Lafayette,,185111008,,R-10,0,4.0,0.0
Lafayette,,185111007,,R-10,0,4.0,0.0
Lafayette,,185111009,,R-10,0,4.0,0.0
Lafayette,,185342007,,R-10,0,4.0,0.0
Lafayette,,185342008,,R-10,0,4.0,0.0
Lafayette,,185342009,,R-10,0,4.0,0.0
Lafayette,,185342010,,R-10,0,4.0,0.0
Lafayette,,185341021,,R-10,0,4.0,0.0
Lafayette,,185342011,,R-10,0,4.0,0.0
Lafayette,,185342012,,R-10,0,4.0,0.0
Lafayette,,185342013,,R-10,0,4.0,0.0
Lafayette,,185342014,,R-10,0,4.0,0.0
Lafayette,,185341020,,R-10,0,4.0,0.0
Lafayette,,185341019,,R-10,0,4.0,0.0
Lafayette,,185341018,,R-10,0,4.0,0.0
Lafayette,,185341008,,R-10,0,4.0,0.0
Lafayette,,185341009,,R-10,0,4.0,0.0
Lafayette,,185341010,,R-10,0,4.0,0.0
Lafayette,,185341017,,R-10,0,4.0,0.0
Lafayette,,185341016,,R-10,0,4.0,0.0
Lafayette,,185341015,,R-10,0,4.0,0.0
Lafayette,,185341014,,R-10,0,4.0,0.0
Lafayette,,185342016,,R-10,0,4.0,0.0
Lafayette,,185342015,,R-10,0,4.0,0.0
Lafayette,,185051010,,R-10,0,4.0,0.0
Lafayette,,185342017,,R-10,0,4.0,0.0
Lafayette,,185342018,,R-10,0,4.0,0.0
Lafayette,,185342019,,R-10,0,4.0,0.0
Lafayette,,185051009,,R-10,0,4.0,0.0
Lafayette,,185051008,,R-10,0,4.0,0.0
Lafayette,,185051007,,R-10,0,4.0,0.0
Lafayette,,185342020,,R-10,0,4.0,0.0
Lafayette,,185342023,,R-10,0,4.0,0.0
Lafayette,,185342024,,R-10,0,4.0,0.0
Lafayette,,185341013,,R-10,0,4.0,0.0
Lafayette,,185341012,,R-10,0,4.0,0.0
Lafayette,,185341011,,R-10,0,4.0,0.0
Lafayette,,185342028,,R-10,0,4.0,0.0
Lafayette,,185342027,,R-10,0,4.0,0.0
Lafayette,,185342026,,R-10,0,4.0,0.0
Lafayette,,185342025,,R-10,0,4.0,0.0
Lafayette,,185342037,,R-10,0,4.0,0.0
Lafayette,,185400001,,R-10,0,4.0,0.0
Lafayette,,185400002,,R-10,0,4.0,0.0
Lafayette,,185400005,,R-10,0,4.0,0.0
Lafayette,,185400003,,R-10,0,4.0,0.0
Lafayette,,185400004,,R-10,0,4.0,0.0
Lafayette,,185400006,,R-10,0,4.0,0.0
Lafayette,,185400013,,R-10,0,4.0,0.0
Lafayette,,185400014,,R-10,0,4.0,0.0
Lafayette,,185400012,,R-10,0,4.0,0.0
Lafayette,,185400018,,R-10,0,4.0,0.0
Lafayette,,185400019,,R-10,0,4.0,0.0
Lafayette,,185400017,,R-10,0,4.0,0.0
Lafayette,,185400028,,R-10,0,4.0,0.0
Lafayette,,185400015,,R-10,0,4.0,0.0
Lafayette,,185342022,,R-10,0,4.0,0.0
Lafayette,,185342021,,R-10,0,4.0,0.0
Lafayette,,185051006,,R-10,0,4.0,0.0
Lafayette,,185051005,,R-10,0,4.0,0.0
Lafayette,,185051004,,R-10,0,4.0,0.0
Lafayette,,185400029,,R-10,0,4.0,0.0
Lafayette,,185051018,,R-10,0,4.0,0.0
Lafayette,,185051003,,R-10,0,4.0,0.0
Lafayette,,185042016,,R-10,0,4.0,0.317
Lafayette,,185042006,,R-10,0,4.0,0.0
Lafayette,,185042014,,R-10,0,4.0,0.0
Lafayette,,185042013,,R-10,0,4.0,0.335
Lafayette,,185041017,,R-10,0,4.0,0.0
Lafayette,,185041023,,R-10,0,4.0,0.0
Lafayette,,185041024,,R-10,0,4.0,0.0
Lafayette,,185041022,,R-10,0,4.0,0.0
Lafayette,,185052001,,R-10,0,4.0,15.4
Lafayette,,185062016,,R-10,0,4.0,0.0
Lafayette,,185062015,,R-10,0,4.0,0.0
Lafayette,,185062017,,R-10,0,4.0,0.0
Lafayette,,185062018,,R-10,0,4.0,0.0
Lafayette,,185062028,,R-10,0,4.0,0.0
Lafayette,,185062033,,R-10,0,4.0,0.0
Lafayette,,185062036,,R-10,0,4.0,0.91
Lafayette,,185041021,,R-10,0,4.0,4.96
Lafayette,,177120033,,R-20,0,2.0,0.461
Lafayette,,177110018,,R-20,0,2.0,0.55
Lafayette,,177110017,,R-20,0,2.0,0.0
Lafayette,,177320005,,R-20,0,2.0,0.0
Lafayette,,177320004,,R-20,0,2.0,0.0
Lafayette,,177320003,,R-20,0,2.0,0.0
Lafayette,,177320002,,R-20,0,2.0,0.0
Lafayette,,177110015,,R-20,0,2.0,0.58
Lafayette,,177110005,,R-20,0,2.0,0.214
Lafayette,,177320001,,R-20,0,2.0,0.0
Lafayette,,177320007,,R-20,0,2.0,0.0
Lafayette,,177320006,,R-20,0,2.0,0.0
Lafayette,,177090025,,R-20,0,2.0,2.103
Lafayette,,177091011,,R-40,0,1.1,3.43
Lafayette,,177110020,,R-20,0,2.0,0.62
Lafayette,,177110021,,R-20,0,2.0,0.73
Lafayette,,177110019,,R-20,0,2.0,2.08
Lafayette,,177110009,,row,0,0.0,0.6
Lafayette,,185020004,,R-10,0,4.0,0.61
Lafayette,,185030019,,R-10,0,4.0,0.42
Lafayette,,185030020,,R-10,0,4.0,0.9
Lafayette,,185030027,,R-10,0,4.0,0.737
Lafayette,,185030028,,R-10,0,4.0,0.625
Lafayette,,185030002,,R-10,0,4.0,0.42
Lafayette,,185030004,,R-10,0,4.0,0.32
Lafayette,,185030003,,R-10,0,4.0,0.3
Lafayette,,185062035,,R-10,0,4.0,0.0
Lafayette,,185062019,,R-10,0,4.0,0.0
Lafayette,,185062021,,R-10,0,4.0,0.0
Lafayette,,185062032,,R-10,0,4.0,0.0
Lafayette,,185062024,,R-10,0,4.0,0.0
Lafayette,,185062023,,R-10,0,4.0,0.0
Lafayette,,185062022,,R-10,0,4.0,0.0
Lafayette,,185030005,,R-10,0,4.0,0.88
Lafayette,,185030024,,R-10,0,4.0,0.0
Lafayette,,185030026,,R-10,0,4.0,0.25
Lafayette,,185030007,,R-10,0,4.0,0.25
Lafayette,,185061001,,R-10,0,4.0,0.0
Lafayette,,185072027,,R-10,0,4.0,0.29
Lafayette,,185072028,,R-10,0,4.0,0.21
Lafayette,,185072022,,R-10,0,4.0,0.229
Lafayette,,185072023,,R-10,0,4.0,0.35
Lafayette,,185072031,,R-10,0,4.0,0.41
Lafayette,,185072021,,R-10,0,4.0,0.333
Lafayette,,185020054,,MRP,6,21.0,0.369
Lafayette,,185020002,,R-10,0,4.0,0.33
Lafayette,,185020007,,R-10,0,4.0,0.36
Lafayette,,185020001,,R-10,0,4.0,0.37
Lafayette,,185030025,,R-10,0,4.0,0.234
Lafayette,,185030008,,R-10,0,4.0,0.5
Lafayette,,185020003,,R-10,0,4.0,0.34
Lafayette,,185030009,,R-10,0,4.0,0.4
Lafayette,,185020022,,R-10,0,4.0,0.559
Lafayette,,185020006,,R-10,0,4.0,0.44
Lafayette,,185020039,,R-10,0,4.0,0.26
Lafayette,,185020038,,R-10,0,4.0,0.64
Lafayette,,185020037,,R-10,0,4.0,0.0
Lafayette,,185020059,,MRP,6,21.0,0.89
Lafayette,,185020058,,MRP,6,21.0,0.039
Lafayette,,185020046,,P-1,0,0.0,0.0
Lafayette,,185020045,,P-1,0,0.0,0.0
Lafayette,,185020044,,P-1,0,0.0,0.0
Lafayette,,185020048,,P-1,0,0.0,0.0
Lafayette,,185020041,,P-1,0,0.0,0.0
Lafayette,,185020040,,P-1,0,0.0,0.0
Lafayette,,185020043,,P-1,0,0.0,0.0
Lafayette,,185020042,,P-1,0,0.0,0.0
Lafayette,,185020056,,MRP,6,21.0,0.023
Lafayette,,185020057,,MRP,6,21.0,0.054
Lafayette,,185020049,,MRP,6,21.0,0.0
Lafayette,,185020050,,MRP,6,21.0,0.0
Lafayette,,185020052,,MRP,6,21.0,0.0
Lafayette,,185020053,,MRP,6,21.0,0.0
Lafayette,,185020051,,MRP,6,21.0,0.0
Lafayette,,185020055,,MRP,6,21.0,0.051
Lafayette,,185072019,,R-10,0,4.0,0.0
Lafayette,,185072032,,R-10,0,4.0,0.26
Lafayette,,185072014,,R-10,0,4.0,0.0
Lafayette,,185072016,,R-10,0,4.0,0.0
Lafayette,,185072015,,R-10,0,4.0,0.0
Lafayette,,185071002,,R-10,0,4.0,0.0
Lafayette,,185071008,,R-10,0,4.0,0.0
Lafayette,,185072017,,R-10,0,4.0,0.0
Lafayette,,185020047,,P-1,0,0.0,0.0
Lafayette,,185020030,,MRP,6,21.0,0.523
Lafayette,,233131029,,R-15,0,2.9,0.732
Lafayette,,233240002,,C-1,0,35.0,0.0
Lafayette,,233240003,,C-1,0,35.0,0.0
Lafayette,,233240004,,C-1,0,35.0,0.0
Lafayette,,233240005,,C-1,0,35.0,0.0
Lafayette,,233240006,,C-1,0,35.0,0.0
Lafayette,,233240007,,C-1,0,35.0,0.0
Lafayette,,233240008,,C-1,0,35.0,0.0
Lafayette,,233240009,,C-1,0,35.0,0.0
Lafayette,,233240010,,C-1,0,35.0,0.0
Lafayette,,233240011,,C-1,0,35.0,0.0
Lafayette,,233240015,,C-1,0,35.0,0.0
Lafayette,,233240012,,C-1,0,35.0,0.0
Lafayette,,233240013,,C-1,0,35.0,0.0
Lafayette,,233240014,,C-1,0,35.0,0.0
Lafayette,,233240016,,C-1,0,35.0,0.0
Lafayette,,233240017,,C-1,0,35.0,0.0
Lafayette,,233240018,,C-1,0,35.0,0.0
Lafayette,,233240019,,C-1,0,35.0,0.0
Lafayette,,233240024,,C-1,0,35.0,0.0
Lafayette,,233240020,,C-1,0,35.0,0.0
Lafayette,,233240021,,C-1,0,35.0,0.0
Lafayette,,233240022,,C-1,0,35.0,0.0
Lafayette,,233240023,,C-1,0,35.0,0.0
Lafayette,,233240001,,C-1,0,35.0,0.0
Lafayette,,177081016,,R-10,0,4.0,0.0
Lafayette,,177081018,,R-10,0,4.0,0.0
Lafayette,,177081017,,R-10,0,4.0,0.0
Lafayette,,177083011,,R-10,0,4.0,0.0
Lafayette,,177082001,,R-10,0,4.0,0.0
Lafayette,,177082007,,R-10,0,4.0,0.0
Lafayette,,177082008,,R-10,0,4.0,0.0
Lafayette,,177081019,,R-10,0,4.0,0.0
Lafayette,,177081020,,R-10,0,4.0,0.267
Lafayette,,177082006,,R-10,0,4.0,0.0
Lafayette,,177082002,,R-10,0,4.0,0.0
Lafayette,,177083010,,R-10,0,4.0,0.0
Lafayette,,177083009,,R-10,0,4.0,0.0
Lafayette,,177083008,,R-10,0,4.0,0.0
Lafayette,,177082003,,R-10,0,4.0,0.0
Lafayette,,177082005,,R-10,0,4.0,0.0
Lafayette,,177082004,,R-10,0,4.0,0.0
Lafayette,,177083007,,R-10,0,4.0,0.0
Lafayette,,177084017,,R-10,0,4.0,0.0
Lafayette,,177085005,,R-10,0,4.0,0.0
Lafayette,,177082009,,R-10,0,4.0,0.0
Lafayette,,177085003,,R-10,0,4.0,0.0
Lafayette,,177085004,,R-10,0,4.0,0.0
Lafayette,,177100047,,D-1,0,35.0,0.0
Lafayette,,177085002,,R-10,0,4.0,0.0
Lafayette,,177100014,,D-1,0,35.0,0.115
Lafayette,,177100013,,D-1,0,35.0,0.115
Lafayette,,177085001,,R-10,0,4.0,0.0
Lafayette,,177100041,,D-1,0,35.0,0.213
Lafayette,,177100049,,D-1,0,35.0,0.173
Lafayette,,177100048,,D-1,0,35.0,0.0
Lafayette,,177100042,,D-1,0,35.0,0.0
Lafayette,,177100043,,D-1,0,35.0,0.0
Lafayette,,177100044,,D-1,0,35.0,0.0
Lafayette,,177100045,,D-1,0,35.0,0.0
Lafayette,,177100046,,D-1,0,35.0,0.0
Lafayette,,177100028,,R-20,0,2.0,2.03
Lafayette,,177090013,,R-10,0,4.0,0.38
Lafayette,,177090012,,R-10,0,4.0,0.24
Lafayette,,177090011,,R-10,0,4.0,0.24
Lafayette,,177090022,,R-10,0,4.0,0.445
Lafayette,,177084003,,R-10,0,4.0,0.5
Lafayette,,177090001,,R-10,0,4.0,0.23
Lafayette,,177090027,,R-10,0,4.0,0.43
Lafayette,,177090023,,R-10,0,4.0,0.525
Lafayette,,177090009,,R-20,0,2.0,1.37
Lafayette,,177090026,,R-20,0,2.0,0.59
Lafayette,,177091009,,R-20,0,2.0,0.0
Lafayette,,177091007,,R-20,0,2.0,0.0
Lafayette,,177091008,,R-20,0,2.0,0.0
Lafayette,,177091002,,R-20,0,2.0,0.0
Lafayette,,177091001,,R-20,0,2.0,0.0
Lafayette,,177090021,,R-20,0,2.0,2.588
Lafayette,,177084020,,R-10,0,4.0,0.0
Lafayette,,177084008,,R-10,0,4.0,0.53
Lafayette,,177084023,,R-10,0,4.0,0.38
Lafayette,,177084022,,R-10,0,4.0,2.38
Lafayette,,177084014,,R-10,0,4.0,0.76
Lafayette,,177084013,,R-10,0,4.0,0.27
Lafayette,,177084010,,R-10,0,4.0,0.23
Lafayette,,177084012,,R-10,0,4.0,0.29
Lafayette,,177084021,,R-10,0,4.0,0.41
Lafayette,,177084015,,R-10,0,4.0,0.38
Lafayette,,177064013,,R-10,0,4.0,0.0
Lafayette,,177064014,,R-10,0,4.0,0.0
Lafayette,,177084011,,R-10,0,4.0,0.31
Lafayette,,177084009,,R-10,0,4.0,0.29
Lafayette,,177064010,,R-10,0,4.0,0.0
Lafayette,,177064004,,R-10,0,4.0,0.0
Lafayette,,177064011,,R-10,0,4.0,0.0
Lafayette,,177064005,,R-10,0,4.0,0.0
Lafayette,,177064006,,R-10,0,4.0,0.0
Lafayette,,177064007,,R-10,0,4.0,0.0
Lafayette,,177064009,,R-10,0,4.0,0.0
Lafayette,,177083006,,R-10,0,4.0,0.0
Lafayette,,177084018,,R-10,0,4.0,0.74
Lafayette,,177084019,,R-10,0,4.0,0.0
Lafayette,,177083005,,R-10,0,4.0,0.0
Lafayette,,177083004,,R-10,0,4.0,0.0
Lafayette,,177083003,,R-10,0,4.0,0.0
Lafayette,,177064008,,R-10,0,4.0,0.0
Lafayette,,177063001,,R-10,0,4.0,0.0
Lafayette,,177063003,,R-10,0,4.0,0.0
Lafayette,,177063002,,R-10,0,4.0,0.0
Lafayette,,177083002,,R-10,0,4.0,0.0
Lafayette,,177083001,,R-10,0,4.0,0.0
Lafayette,,177081012,,R-10,0,4.0,0.0
Lafayette,,177061002,,R-10,0,4.0,0.0
Lafayette,,177061001,,R-10,0,4.0,0.0
Lafayette,,177300001,,R-10,0,4.0,2.5
Lafayette,,177062XXX,,R-10,0,4.0,0.0
Lafayette,,177061018,,R-10,0,4.0,0.0
Lafayette,,177061020,,R-10,0,4.0,0.0
Lafayette,,177061025,,R-10,0,4.0,0.0
Lafayette,,177062002,,R-10,0,4.0,0.0
Lafayette,,177062004,,R-10,0,4.0,0.0
Lafayette,,177063005,,R-10,0,4.0,0.0
Lafayette,,177061008,,R-10,0,4.0,0.0
Lafayette,,177061009,,R-10,0,4.0,0.0
Lafayette,,177061013,,R-10,0,4.0,0.18
Lafayette,,177061007,,R-10,0,4.0,0.0
Lafayette,,177061006,,R-10,0,4.0,0.0
Lafayette,,177061027,,APO,20,35.0,0.0
Lafayette,,177061011,,R-10,0,4.0,0.17
Lafayette,,177061012,,R-10,0,4.0,0.29
Lafayette,,177061016,,R-10,0,4.0,0.47
Lafayette,,177061015,,R-10,0,4.0,0.18
Lafayette,,177061014,,R-10,0,4.0,0.18
Lafayette,,177063004,,R-10,0,4.0,0.0
Lafayette,,177064001,,R-10,0,4.0,0.0
Lafayette,,177064003,,R-10,0,4.0,0.0
Lafayette,,177064002,,R-10,0,4.0,0.0
Lafayette,,177064012,,R-10,0,4.0,0.0
Lafayette,,177064018,,R-10,0,4.0,0.23
Lafayette,,177064017,,R-10,0,4.0,0.27
Lafayette,,177064022,,R-10,0,4.0,2.29
Lafayette,,177300002,,R-10,0,4.0,1.18
Lafayette,,177030032,,R-20,0,2.0,0.64
Lafayette,,177040003,,R-20,0,2.0,3.53
Lafayette,,177030005,,R-20,0,2.0,1.16
Lafayette,,177030006,,R-20,0,2.0,0.35
Lafayette,,177040004,,R-20,0,2.0,0.47
Lafayette,,177030031,,R-20,0,2.0,0.57
Lafayette,,177300003,,R-10,0,4.0,1.14
Lafayette,,177051003,,R-10,0,4.0,0.0
Lafayette,,177051002,,R-10,0,4.0,0.0
Lafayette,,177051001,,R-10,0,4.0,0.0
Lafayette,,177065001,,R-10,0,4.0,0.25
Lafayette,,177065005,,R-10,0,4.0,0.0
Lafayette,,177052001,,R-10,0,4.0,0.0
Lafayette,,177052002,,R-10,0,4.0,0.0
Lafayette,,177052004,,R-10,0,4.0,0.0
Lafayette,,177052003,,R-10,0,4.0,0.0
Lafayette,,177051004,,R-10,0,4.0,0.0
Lafayette,,177052005,,R-10,0,4.0,0.0
Lafayette,,177052006,,R-10,0,4.0,0.0
Lafayette,,177052007,,R-10,0,4.0,0.0
Lafayette,,177051012,,R-10,0,4.0,0.0
Lafayette,,177051010,,R-10,0,4.0,0.0
Lafayette,,177051011,,R-10,0,4.0,0.0
Lafayette,,177051005,,R-10,0,4.0,0.0
Lafayette,,177051006,,R-10,0,4.0,0.0
Lafayette,,177051008,,R-10,0,4.0,0.0
Lafayette,,177051007,,R-10,0,4.0,0.0
Lafayette,,175190030,,R-10,0,4.0,0.36
Lafayette,,175190031,,R-10,0,4.0,0.39
Lafayette,,175190029,,R-10,0,4.0,0.3
Lafayette,,175051001,,R-10,0,4.0,0.0
Lafayette,,177051013,,R-10,0,4.0,0.0
Lafayette,,175051002,,R-10,0,4.0,0.0
Lafayette,,177051009,,R-10,0,4.0,0.0
Lafayette,,175052009,,R-10,0,4.0,0.0
Lafayette,,175052008,,R-10,0,4.0,0.0
Lafayette,,175052006,,R-10,0,4.0,0.0
Lafayette,,175052007,,R-10,0,4.0,0.0
Lafayette,,175052010,,R-10,0,4.0,0.0
Lafayette,,175052011,,R-10,0,4.0,0.0
Lafayette,,175052012,,R-10,0,4.0,0.0
Lafayette,,175052031,,R-10,0,4.0,0.0
Lafayette,,175052025,,R-10,0,4.0,0.0
Lafayette,,175052013,,R-10,0,4.0,0.0
Lafayette,,175052005,,R-10,0,4.0,0.0
Lafayette,,175052014,,R-10,0,4.0,0.0
Lafayette,,175052015,,R-10,0,4.0,0.0
Lafayette,,175052016,,R-10,0,4.0,0.0
Lafayette,,175052017,,R-10,0,4.0,0.0
Lafayette,,175052003,,R-10,0,4.0,0.0
Lafayette,,175052004,,R-10,0,4.0,0.0
Lafayette,,177052016,,R-10,0,4.0,0.0
Lafayette,,177052015,,R-10,0,4.0,0.0
Lafayette,,177052014,,R-10,0,4.0,0.0
Lafayette,,177052011,,R-10,0,4.0,0.0
Lafayette,,177052012,,R-10,0,4.0,0.0
Lafayette,,177052020,,R-10,0,4.0,0.0
Lafayette,,177052039,,R-10,0,4.0,0.0
Lafayette,,177052019,,R-10,0,4.0,0.0
Lafayette,,177052013,,R-10,0,4.0,0.0
Lafayette,,177052018,,R-10,0,4.0,0.0
Lafayette,,177052017,,R-10,0,4.0,0.0
Lafayette,,177052027,,R-10,0,4.0,0.0
Lafayette,,177052028,,R-10,0,4.0,0.0
Lafayette,,177052029,,R-10,0,4.0,0.0
Lafayette,,177052030,,R-10,0,4.0,0.0
Lafayette,,177052040,,R-10,0,4.0,0.0
Lafayette,,177052031,,R-10,0,4.0,0.0
Lafayette,,177052032,,R-10,0,4.0,0.0
Lafayette,,177052024,,R-10,0,4.0,0.0
Lafayette,,177052021,,R-10,0,4.0,0.0
Lafayette,,177052022,,R-10,0,4.0,0.03
Lafayette,,177052023,,R-10,0,4.0,3.8
Lafayette,,177052010,,R-10,0,4.0,0.0
Lafayette,,177052009,,R-10,0,4.0,0.0
Lafayette,,177052008,,R-10,0,4.0,0.0
Lafayette,,177065004,,R-10,0,4.0,0.0
Lafayette,,177065003,,R-10,0,4.0,0.0
Lafayette,,177052037,,R-10,0,4.0,0.0
Lafayette,,177052036,,R-10,0,4.0,0.0
Lafayette,,177070002,,R-20,0,2.0,1.482
Lafayette,,177053002,,R-10,0,4.0,0.0
Lafayette,,177053001,,R-10,0,4.0,0.0
Lafayette,,177052041,,R-10,0,4.0,0.0
Lafayette,,177053003,,R-10,0,4.0,0.0
Lafayette,,177053004,,R-10,0,4.0,0.0
Lafayette,,177053005,,R-10,0,4.0,0.0
Lafayette,,177091003,,R-20,0,2.0,0.0
Lafayette,,177053006,,R-10,0,4.0,0.0
Lafayette,,177120031,,LR-5,0,8.0,6.2
Lafayette,,177130009,,R-10,0,4.0,0.0
Lafayette,,177130010,,R-10,0,4.0,0.0
Lafayette,,177130011,,R-10,0,4.0,0.0
Lafayette,,175070024,,R-10,0,4.0,0.3
Lafayette,,175070022,,R-10,0,4.0,0.0
Lafayette,,175070023,,R-10,0,4.0,0.0
Lafayette,,177130006,,R-10,0,4.0,0.0
Lafayette,,177130014,,R-10,0,4.0,0.0
Lafayette,,177130008,,R-10,0,4.0,0.0
Lafayette,,177130005,,R-10,0,4.0,0.0
Lafayette,,177053007,,R-10,0,4.0,0.0
Lafayette,,177053008,,R-10,0,4.0,0.0
Lafayette,,177053009,,R-10,0,4.0,0.0
Lafayette,,177130004,,R-10,0,4.0,0.0
Lafayette,,177053011,,R-10,0,4.0,0.0
Lafayette,,177053010,,R-10,0,4.0,0.0
Lafayette,,177053012,,R-10,0,4.0,0.0
Lafayette,,177130001,,R-10,0,4.0,0.0
Lafayette,,177130002,,R-10,0,4.0,0.0
Lafayette,,177130003,,R-10,0,4.0,0.0
Lafayette,,175070012,,R-10,0,4.0,0.0
Lafayette,,175070013,,R-10,0,4.0,0.0
Lafayette,,175070014,,R-10,0,4.0,0.0
Lafayette,,175070011,,R-10,0,4.0,0.0
Lafayette,,175070001,,R-10,0,4.0,0.0
Lafayette,,177053013,,R-10,0,4.0,0.0
Lafayette,,177053014,,R-10,0,4.0,0.0
Lafayette,,175070002,,R-10,0,4.0,0.0
Lafayette,,175052018,,R-10,0,4.0,0.0
Lafayette,,175052001,,R-10,0,4.0,0.0
Lafayette,,175052002,,R-10,0,4.0,0.0
Lafayette,,175052019,,R-10,0,4.0,0.0
Lafayette,,175070003,,R-10,0,4.0,0.0
Lafayette,,175070005,,R-10,0,4.0,0.0
Lafayette,,175070004,,R-10,0,4.0,0.0
Lafayette,,175070008,,R-10,0,4.0,0.0
Lafayette,,175070010,,R-10,0,4.0,0.0
Lafayette,,175070009,,R-10,0,4.0,0.0
Lafayette,,175070015,,R-10,0,4.0,0.0
Lafayette,,175070016,,R-10,0,4.0,0.0
Lafayette,,175070017,,R-10,0,4.0,0.0
Lafayette,,175070007,,R-10,0,4.0,0.0
Lafayette,,175070006,,R-10,0,4.0,0.0
Lafayette,,175070018,,R-10,0,4.0,0.0
Lafayette,,175070021,,R-10,0,4.0,0.0
Lafayette,,175070019,,R-10,0,4.0,0.0
Lafayette,,175070020,,R-10,0,4.0,0.0
Lafayette,,175070025,,R-10,0,4.0,0.23
Lafayette,,175070027,,R-10,0,4.0,0.24
Lafayette,,175070026,,R-10,0,4.0,0.26
Lafayette,,175092013,,R-10,0,4.0,0.0
Lafayette,,175092012,,R-10,0,4.0,0.0
Lafayette,,177130012,,R-10,0,4.0,0.0
Lafayette,,177290001,,R-10,0,4.0,0.0
Lafayette,,177290002,,R-10,0,4.0,0.0
Lafayette,,177290003,,R-10,0,4.0,0.0
Lafayette,,177290005,,R-10,0,4.0,0.0
Lafayette,,177290004,,R-10,0,4.0,0.0
Lafayette,,175092010,,R-10,0,4.0,0.0
Lafayette,,175092009,,R-10,0,4.0,0.0
Lafayette,,175092011,,R-10,0,4.0,0.0
Lafayette,,175092008,,R-10,0,4.0,0.0
Lafayette,,175092007,,R-10,0,4.0,0.0
Lafayette,,175092006,,R-10,0,4.0,0.0
Lafayette,,175092005,,R-10,0,4.0,0.0
Lafayette,,175080002,,LR-10,0,4.0,13.376
Lafayette,,175102009,,R-10,0,4.0,0.0
Lafayette,,175102008,,R-10,0,4.0,0.0
Lafayette,,175102007,,R-10,0,4.0,0.0
Lafayette,,175101020,,R-10,0,4.0,0.0
Lafayette,,175101019,,R-10,0,4.0,0.0
Lafayette,,175101031,,R-10,0,4.0,2.33
Lafayette,,175101018,,R-10,0,4.0,0.0
Lafayette,,175101017,,R-10,0,4.0,0.0
Lafayette,,175102012,,R-10,0,4.0,0.0
Lafayette,,175102011,,R-10,0,4.0,0.0
Lafayette,,175102010,,R-10,0,4.0,0.0
Lafayette,,175092002,,R-10,0,4.0,0.0
Lafayette,,175092001,,R-10,0,4.0,0.0
Lafayette,,175091018,,R-10,0,4.0,0.0
Lafayette,,175103002,,R-10,0,4.0,0.0
Lafayette,,175103001,,R-10,0,4.0,0.0
Lafayette,,175091019,,R-10,0,4.0,0.0
Lafayette,,175091007,,R-10,0,4.0,0.0
Lafayette,,175091006,,R-10,0,4.0,0.0
Lafayette,,175091015,,R-10,0,4.0,0.0
Lafayette,,175091016,,R-10,0,4.0,0.0
Lafayette,,175091017,,R-10,0,4.0,0.0
Lafayette,,175091005,,R-10,0,4.0,0.0
Lafayette,,175092004,,R-10,0,4.0,0.0
Lafayette,,175092003,,R-10,0,4.0,0.0
Lafayette,,175091014,,R-10,0,4.0,0.0
Lafayette,,175091013,,R-10,0,4.0,0.0
Lafayette,,175091012,,R-10,0,4.0,0.0
Lafayette,,175091009,,R-10,0,4.0,0.0
Lafayette,,175091008,,R-10,0,4.0,0.0
Lafayette,,177290009,,R-10,0,4.0,0.0
Lafayette,,177290008,,R-10,0,4.0,0.0
Lafayette,,175091010,,R-10,0,4.0,0.0
Lafayette,,175091011,,R-10,0,4.0,0.0
Lafayette,,177290007,,R-10,0,4.0,0.0
Lafayette,,177290006,,R-10,0,4.0,0.0
Lafayette,,177290010,,R-10,0,4.0,0.0
Lafayette,,177120026,,LR-5,0,8.0,2.52
Lafayette,,177120027,,LR-5,0,8.0,3.95
Lafayette,,177290013,,R-10,0,4.0,0.0
Lafayette,,175091020,,R-10,0,4.0,0.0
Lafayette,,175091022,,R-10,0,4.0,0.0
Lafayette,,177120001,,LR-5,0,8.0,3.4
Lafayette,,177120009,,R-40,0,1.1,2.033
Lafayette,,177120011,,R-40,0,1.1,3.405
Lafayette,,177120020,,LR-5,0,8.0,1.96
Lafayette,,177070006,,LR-5,0,8.0,12.31
Lafayette,,177091004,,R-40,0,1.1,0.0
Lafayette,,177091010,,R-40,0,1.1,2.2
Lafayette,,177120032,,LR-5,0,8.0,5.145
Lafayette,,177120034,,R-40,0,1.1,3.289
Lafayette,,177120022,,R-40,0,1.1,0.53
Lafayette,,177120024,,R-20,0,2.0,0.449
Lafayette,,177120037,,R-40,0,1.1,0.875
Lafayette,,177120036,,R-40,0,1.1,0.823
Lafayette,,177120035,,R-40,0,1.1,0.885
Lafayette,,177120038,,R-40,0,1.1,0.839
Lafayette,,177120019,,R-40,0,1.1,3.65
Lafayette,,185042015,,R-10,0,4.0,0.674
Lafayette,,185400024,,R-10,0,4.0,0.0
Lafayette,,185400022,,R-10,0,4.0,0.0
Lafayette,,185400023,,R-10,0,4.0,0.0
Lafayette,,185390015,,R-10,0,4.0,0.0
Lafayette,,185390041,,R-10,0,4.0,0.0
Lafayette,,185390040,,R-10,0,4.0,0.0
Lafayette,,185390042,,R-10,0,4.0,0.0
Lafayette,,185400021,,R-10,0,4.0,0.0
Lafayette,,185400020,,R-10,0,4.0,0.0
Lafayette,,185400011,,R-10,0,4.0,0.0
Lafayette,,185400010,,R-10,0,4.0,0.0
Lafayette,,185400009,,R-10,0,4.0,0.0
Lafayette,,185390016,,R-10,0,4.0,0.0
Lafayette,,185390018,,R-10,0,4.0,0.0
Lafayette,,185390017,,R-10,0,4.0,0.0
Lafayette,,185400008,,R-10,0,4.0,0.0
Lafayette,,185400007,,R-10,0,4.0,0.0
Lafayette,,185390022,,R-10,0,4.0,0.0
Lafayette,,185390020,,R-10,0,4.0,0.0
Lafayette,,185390021,,R-10,0,4.0,0.0
Lafayette,,185390019,,R-10,0,4.0,0.0
Lafayette,,175103005,,R-10,0,4.0,0.0
Lafayette,,175101003,,R-10,0,4.0,0.0
Lafayette,,175101004,,R-10,0,4.0,0.0
Lafayette,,175103004,,R-10,0,4.0,0.0
Lafayette,,175103003,,R-10,0,4.0,0.0
Lafayette,,175101006,,R-10,0,4.0,0.0
Lafayette,,175101007,,R-10,0,4.0,0.0
Lafayette,,175101005,,R-10,0,4.0,0.0
Lafayette,,175101033,,R-10,0,4.0,0.07
Lafayette,,175101026,,R-10,0,4.0,0.8
Lafayette,,175101024,,R-10,0,4.0,0.81
Lafayette,,175101002,,R-10,0,4.0,1.92
Lafayette,,175101029,,R-10,0,4.0,0.0
Lafayette,,175101032,,R-10,0,4.0,2.2
Lafayette,,185390023,,R-10,0,4.0,0.0
Lafayette,,185390024,,R-10,0,4.0,0.0
Lafayette,,175291009,,R-10,0,4.0,0.0
Lafayette,,175291008,,R-10,0,4.0,0.0
Lafayette,,175291007,,R-10,0,4.0,0.0
Lafayette,,175060006,,LR-10,0,4.0,22.445
Lafayette,,175282008,,R-10,0,4.0,4.28
Lafayette,,175282002,,R-10,0,4.0,0.0
Lafayette,,175282001,,R-10,0,4.0,0.0
Lafayette,,175282003,,R-10,0,4.0,0.0
Lafayette,,175282004,,R-10,0,4.0,0.0
Lafayette,,175282005,,R-10,0,4.0,0.0
Lafayette,,175282006,,R-10,0,4.0,0.0
Lafayette,,175282007,,R-10,0,4.0,0.0
Lafayette,,175291001,,R-10,0,4.0,0.0
Lafayette,,175291010,,R-10,0,4.0,2.4
Lafayette,,175291002,,R-10,0,4.0,0.0
Lafayette,,175291003,,R-10,0,4.0,0.0
Lafayette,,175291004,,R-10,0,4.0,0.0
Lafayette,,175291005,,R-10,0,4.0,0.0
Lafayette,,175291006,,R-10,0,4.0,0.0
Lafayette,,175292002,,R-10,0,4.0,0.0
Lafayette,,175292001,,R-10,0,4.0,0.0
Lafayette,,175291011,,R-10,0,4.0,0.0
Lafayette,,175102006,,R-10,0,4.0,0.0
Lafayette,,175271001,,R-10,0,4.0,0.0
Lafayette,,175292004,,R-10,0,4.0,0.0
Lafayette,,175292008,,R-10,0,4.0,0.0
Lafayette,,175272003,,R-10,0,4.0,0.0
Lafayette,,175271002,,R-10,0,4.0,0.0
Lafayette,,175080003,,LR-10,0,4.0,1.741
Lafayette,,175272002,,R-10,0,4.0,0.0
Lafayette,,175272001,,R-10,0,4.0,0.0
Lafayette,,175272008,,R-10,0,4.0,0.0
Lafayette,,175272005,,R-10,0,4.0,0.0
Lafayette,,175272006,,R-10,0,4.0,0.0
Lafayette,,175272007,,R-10,0,4.0,0.0
Lafayette,,175292005,,R-10,0,4.0,0.0
Lafayette,,175292006,,R-10,0,4.0,0.0
Lafayette,,175292007,,R-10,0,4.0,0.0
Lafayette,,175272004,,R-10,0,4.0,0.0
Lafayette,,175281001,,R-10,0,4.0,0.0
Lafayette,,175281002,,R-10,0,4.0,0.0
Lafayette,,175272011,,R-10,0,4.0,0.0
Lafayette,,175272010,,R-10,0,4.0,0.0
Lafayette,,175272009,,R-10,0,4.0,0.0
Lafayette,,175052020,,R-10,0,4.0,0.0
Lafayette,,175052021,,R-10,0,4.0,0.0
Lafayette,,175190009,,R-20,0,2.0,1.06
Lafayette,,175190006,,R-20,0,2.0,1.05
Lafayette,,175030006,,R-20,0,2.0,1.08
Lafayette,,175190005,,R-20,0,2.0,1.0
Lafayette,,175060002,,LR-10,0,4.0,1.524
Lafayette,,175030012,,R-20,0,2.0,0.19
Lafayette,,175030011,,R-20,0,2.0,0.18
Lafayette,,175030029,,R-20,0,2.0,0.0
Lafayette,,175030015,,R-20,0,2.0,0.0
Lafayette,,175030028,,R-20,0,2.0,0.0
Lafayette,,175030014,,R-20,0,2.0,0.0
Lafayette,,175030013,,R-20,0,2.0,1.58
Lafayette,,175030025,,R-20,0,2.0,0.68
Lafayette,,175030007,,R-20,0,2.0,0.0
Lafayette,,175030024,,R-20,0,2.0,0.73
Lafayette,,175040009,,R-20,0,2.0,2.85
Lafayette,,175030021,,R-20,0,2.0,0.0
Lafayette,,175040020,,R-20,0,2.0,1.01
Lafayette,,175030020,,R-20,0,2.0,0.0
Lafayette,,175030018,,R-20,0,2.0,0.53
Lafayette,,175030019,,R-20,0,2.0,1.5
Lafayette,,175030010,,R-20,0,2.0,0.0
Lafayette,,175190011,,R-20,0,2.0,0.0
Lafayette,,175190012,,R-20,0,2.0,0.0
Lafayette,,175190008,,R-20,0,2.0,0.51
Lafayette,,175190010,,R-20,0,2.0,1.15
Lafayette,,175190027,,R-20,0,2.0,1.05
Lafayette,,175190028,,R-20,0,2.0,1.82
Lafayette,,175052022,,R-10,0,4.0,0.0
Lafayette,,175052023,,R-10,0,4.0,0.0
Lafayette,,175052024,,R-10,0,4.0,0.0
Lafayette,,175052027,,R-10,0,4.0,0.0
Lafayette,,175052026,,R-10,0,4.0,0.0
Lafayette,,175052030,,R-10,0,4.0,0.0
Lafayette,,175052029,,R-10,0,4.0,0.0
Lafayette,,175052028,,R-10,0,4.0,0.0
Lafayette,,175190024,,R-20,0,2.0,0.82
Lafayette,,175190025,,R-20,0,2.0,0.83
Lafayette,,175190026,,R-20,0,2.0,0.67
Lafayette,,175190022,,R-10,0,4.0,0.34
Lafayette,,175190023,,R-10,0,4.0,0.31
Lafayette,,175052032,,R-10,0,4.0,0.0
Lafayette,,175190015,,R-10,0,4.0,0.0
Lafayette,,175190019,,R-10,0,4.0,0.0
Lafayette,,175190033,,R-10,0,4.0,0.0
Lafayette,,175190034,,R-10,0,4.0,0.0
Lafayette,,177300007,,R-20,0,2.0,1.66
Lafayette,,175040018,,R-20,0,2.0,0.0
Lafayette,,175040017,,R-20,0,2.0,0.0
Lafayette,,175040016,,R-20,0,2.0,0.0
Lafayette,,175040021,,R-20,0,2.0,0.0
Lafayette,,175040003,,R-20,0,2.0,1.63
Lafayette,,175040005,,R-20,0,2.0,1.95
Lafayette,,175040013,,R-20,0,2.0,0.4
Lafayette,,175040011,,R-20,0,2.0,0.48
Lafayette,,175040014,,R-20,0,2.0,0.63
Lafayette,,175040012,,R-20,0,2.0,0.4
Lafayette,,177030011,,R-20,0,2.0,0.96
Lafayette,,177030029,,R-20,0,2.0,0.72
Lafayette,,177030030,,R-20,0,2.0,0.0
Lafayette,,177030025,,R-20,0,2.0,0.0
Lafayette,,177030010,,R-20,0,2.0,0.5
Lafayette,,177030009,,R-20,0,2.0,0.47
Lafayette,,177030022,,R-20,0,2.0,0.48
Lafayette,,177030013,,R-20,0,2.0,0.75
Lafayette,,177030014,,R-20,0,2.0,0.75
Lafayette,,177030026,,R-20,0,2.0,0.0
Lafayette,,177030027,,R-20,0,2.0,0.0
Lafayette,,177030028,,R-20,0,2.0,0.0
Lafayette,,177030033,,R-20,0,2.0,0.61
Lafayette,,177022003,,R-20,0,2.0,0.0
Lafayette,,177030002,,R-20,0,2.0,1.37
Lafayette,,177030001,,R-20,0,2.0,1.11
Lafayette,,177022002,,R-20,0,2.0,0.0
Lafayette,,177022010,,R-20,0,2.0,0.0
Lafayette,,177022001,,R-20,0,2.0,0.0
Lafayette,,175020007,,R-20,0,2.0,0.0
Lafayette,,175020008,,R-20,0,2.0,0.0
Lafayette,,175020009,,R-20,0,2.0,0.0
Lafayette,,175020010,,R-20,0,2.0,0.0
Lafayette,,177030015,,R-20,0,2.0,0.72
Lafayette,,175040010,,R-20,0,2.0,0.53
Lafayette,,175040004,,R-20,0,2.0,0.71
Lafayette,,175020011,,R-20,0,2.0,0.0
Lafayette,,175020012,,R-20,0,2.0,0.0
Lafayette,,175020013,,R-20,0,2.0,0.0
Lafayette,,175020023,,R-20,0,2.0,0.0
Lafayette,,175020006,,R-20,0,2.0,0.0
Lafayette,,175020016,,R-20,0,2.0,0.0
Lafayette,,175020017,,R-20,0,2.0,0.0
Lafayette,,175020018,,R-20,0,2.0,0.0
Lafayette,,175020019,,R-20,0,2.0,0.0
Lafayette,,175020020,,R-20,0,2.0,0.0
Lafayette,,175020021,,R-20,0,2.0,0.0
Lafayette,,175020022,,R-20,0,2.0,0.0
Lafayette,,175040019,,R-20,0,2.0,0.64
Lafayette,,175030026,,R-20,0,2.0,1.6
Lafayette,,175030027,,R-20,0,2.0,1.09
Lafayette,,175030023,,R-20,0,2.0,0.83
Lafayette,,169160013,,R-40,0,1.1,1.093
Lafayette,,169100020,,R-40,0,1.1,0.0
Lafayette,,169100018,,R-40,0,1.1,0.0
Lafayette,,169100019,,R-40,0,1.1,0.0
Lafayette,,169100017,,R-40,0,1.1,0.0
Lafayette,,169010004,,LR-10,0,4.0,12.4
Lafayette,,167312002,,R-20,0,2.0,0.0
Lafayette,,167312001,,R-20,0,2.0,0.0
Lafayette,,167312003,,R-20,0,2.0,0.0
Lafayette,,167312004,,R-10,0,4.0,0.0
Lafayette,,167313012,,R-10,0,4.0,0.0
Lafayette,,167313011,,R-10,0,4.0,0.0
Lafayette,,167312012,,R-10,0,4.0,0.0
Lafayette,,167312011,,R-10,0,4.0,0.0
Lafayette,,167312010,,R-10,0,4.0,0.0
Lafayette,,167312006,,R-10,0,4.0,0.0
Lafayette,,167312005,,R-10,0,4.0,0.0
Lafayette,,167312007,,R-10,0,4.0,0.0
Lafayette,,167312015,,R-10,0,4.0,0.0
Lafayette,,167312008,,R-10,0,4.0,0.0
Lafayette,,167312009,,R-10,0,4.0,0.0
Lafayette,,167312014,,R-10,0,4.0,0.0
Lafayette,,167312013,,R-10,0,4.0,0.0
Lafayette,,167311003,,R-10,0,4.0,0.0
Lafayette,,167311002,,R-10,0,4.0,0.0
Lafayette,,167311004,,R-10,0,4.0,0.0
Lafayette,,167311005,,R-10,0,4.0,0.0
Lafayette,,167311011,,R-10,0,4.0,0.0
Lafayette,,167311012,,R-10,0,4.0,0.0
Lafayette,,167311001,,R-10,0,4.0,0.0
Lafayette,,167311010,,R-10,0,4.0,0.0
Lafayette,,167311009,,R-10,0,4.0,0.0
Lafayette,,167020028,,R-40,0,1.1,0.77
Lafayette,,167040018,,R-40,0,1.1,0.0
Lafayette,,167040030,,R-20,0,2.0,0.77
Lafayette,,167040052,,R-20,0,2.0,1.3
Lafayette,,167040049,,R-40,0,1.1,2.27
Lafayette,,167040053,,R-20,0,2.0,0.805
Lafayette,,167040050,,R-40,0,1.1,1.08
Lafayette,,167050009,,R-40,0,1.1,0.0
Lafayette,,167050010,,R-40,0,1.1,0.0
Lafayette,,167040051,,R-40,0,1.1,1.46
Lafayette,,167050011,,LR-5,0,8.0,0.0
Lafayette,,167050012,,LR-5,0,8.0,0.0
Lafayette,,167060009,,LR-5,0,8.0,1.92
Lafayette,,167060001,,R-40,0,1.1,1.108
Lafayette,,167050014,,R-40,0,1.1,0.0
Lafayette,,167050013,,R-40,0,1.1,0.0
Lafayette,,167050008,,R-40,0,1.1,0.0
Lafayette,,167050015,,R-20,0,2.0,0.0
Lafayette,,167050016,,R-20,0,2.0,0.0
Lafayette,,167050002,,R-20,0,2.0,0.0
Lafayette,,167060002,,R-40,0,1.1,0.0
Lafayette,,167270004,,R-20,0,2.0,0.0
Lafayette,,167270007,,R-20,0,2.0,0.0
Lafayette,,167270011,,R-20,0,2.0,0.53
Lafayette,,167270005,,R-20,0,2.0,0.0
Lafayette,,167270019,,R-20,0,2.0,0.0
Lafayette,,167270022,,R-20,0,2.0,0.0
Lafayette,,167270023,,R-20,0,2.0,0.0
Lafayette,,167270029,,R-20,0,2.0,0.0
Lafayette,,167270002,,R-20,0,2.0,0.0
Lafayette,,167050006,,R-20,0,2.0,0.0
Lafayette,,167050007,,R-20,0,2.0,0.0
Lafayette,,167040041,,R-10,0,4.0,0.0
Lafayette,,167040040,,R-10,0,4.0,0.0
Lafayette,,167292014,,R-10,0,4.0,0.0
Lafayette,,167040017,,R-20,0,2.0,0.0
Lafayette,,167270017,,R-20,0,2.0,0.64
Lafayette,,167270028,,R-20,0,2.0,0.0
Lafayette,,167292013,,R-10,0,4.0,0.0
Lafayette,,167292012,,R-10,0,4.0,0.0
Lafayette,,167292008,,R-10,0,4.0,0.0
Lafayette,,167292009,,R-10,0,4.0,0.0
Lafayette,,167292010,,R-10,0,4.0,0.0
Lafayette,,167292018,,R-10,0,4.0,0.22
Lafayette,,167292019,,R-10,0,4.0,0.22
Lafayette,,167292020,,R-10,0,4.0,0.19
Lafayette,,167040039,,R-10,0,4.0,0.23
Lafayette,,167292005,,R-10,0,4.0,0.23
Lafayette,,167040032,,R-10,0,4.0,0.35
Lafayette,,167040038,,R-10,0,4.0,0.336
Lafayette,,167040045,,R-20,0,2.0,0.0
Lafayette,,167040046,,R-10,0,4.0,0.0
Lafayette,,167040013,,R-10,0,4.0,0.0
Lafayette,,167040042,,R-20,0,2.0,0.0
Lafayette,,167040043,,R-20,0,2.0,0.0
Lafayette,,167040016,,R-20,0,2.0,0.0
Lafayette,,167040054,,R-20,0,2.0,0.822
Lafayette,,167040031,,R-20,0,2.0,0.96
Lafayette,,167040011,,R-20,0,2.0,0.0
Lafayette,,167040012,,R-20,0,2.0,0.0
Lafayette,,167040005,,R-20,0,2.0,0.0
Lafayette,,167040004,,R-20,0,2.0,0.0
Lafayette,,167040006,,R-20,0,2.0,0.55
Lafayette,,167040007,,R-20,0,2.0,0.0
Lafayette,,167030015,,R-20,0,2.0,2.47
Lafayette,,167030014,,R-20,0,2.0,0.489
Lafayette,,167030017,,R-20,0,2.0,1.26
Lafayette,,167030016,,R-20,0,2.0,1.26
Lafayette,,167040008,,R-20,0,2.0,0.46
Lafayette,,167040048,,R-10,0,4.0,0.0
Lafayette,,167040026,,R-10,0,4.0,0.495
Lafayette,,167291053,,R-10,0,4.0,0.831
Lafayette,,167291002,,R-10,0,4.0,0.6
Lafayette,,167030011,,R-20,0,2.0,0.0
Lafayette,,167291013,,R-10,0,4.0,0.0
Lafayette,,167291024,,R-10,0,4.0,0.32
Lafayette,,167291033,,R-10,0,4.0,0.45
Lafayette,,167291028,,R-10,0,4.0,0.53
Lafayette,,167291030,,R-10,0,4.0,0.54
Lafayette,,167291027,,R-10,0,4.0,0.46
Lafayette,,167291038,,R-10,0,4.0,0.51
Lafayette,,167291029,,R-10,0,4.0,0.23
Lafayette,,167291017,,R-10,0,4.0,0.0
Lafayette,,167291032,,R-10,0,4.0,0.24
Lafayette,,167291031,,R-10,0,4.0,0.32
Lafayette,,167291067,,R-20,0,2.0,0.0
Lafayette,,167291066,,R-20,0,2.0,0.0
Lafayette,,167291018,,R-10,0,4.0,0.0
Lafayette,,167291019,,R-10,0,4.0,0.0
Lafayette,,167291016,,R-10,0,4.0,0.0
Lafayette,,167291015,,R-10,0,4.0,0.0
Lafayette,,167291014,,R-10,0,4.0,0.0
Lafayette,,167291023,,R-10,0,4.0,0.0
Lafayette,,167313001,,R-10,0,4.0,0.0
Lafayette,,167291022,,R-10,0,4.0,0.0
Lafayette,,167313002,,R-10,0,4.0,0.0
Lafayette,,167311008,,R-10,0,4.0,0.0
Lafayette,,167311007,,R-10,0,4.0,0.0
Lafayette,,167313003,,R-10,0,4.0,0.0
Lafayette,,167291021,,R-10,0,4.0,0.0
Lafayette,,167291046,,R-20,0,2.0,0.49
Lafayette,,167291020,,R-10,0,4.0,0.0
Lafayette,,167291047,,R-20,0,2.0,0.51
Lafayette,,167313004,,R-10,0,4.0,0.0
Lafayette,,167313005,,R-10,0,4.0,0.0
Lafayette,,167313006,,R-10,0,4.0,0.0
Lafayette,,167311006,,R-10,0,4.0,0.0
Lafayette,,167313018,,R-10,0,4.0,0.0
Lafayette,,167313007,,R-10,0,4.0,0.0
Lafayette,,167313008,,R-10,0,4.0,0.0
Lafayette,,167313009,,R-10,0,4.0,0.0
Lafayette,,167313016,,R-10,0,4.0,0.0
Lafayette,,167313017,,R-10,0,4.0,0.0
Lafayette,,167291049,,R-20,0,2.0,0.4
Lafayette,,167291059,,R-20,0,2.0,0.44
Lafayette,,167291071,,R-20,0,2.0,0.0
Lafayette,,167300012,,R-20,0,2.0,0.0
Lafayette,,167300007,,R-20,0,2.0,0.0
Lafayette,,167300013,,R-20,0,2.0,0.0
Lafayette,,167300022,,R-20,0,2.0,0.523
Lafayette,,167300021,,R-20,0,2.0,0.605
Lafayette,,167300011,,R-20,0,2.0,0.0
Lafayette,,167291056,,R-20,0,2.0,0.45
Lafayette,,167291069,,R-20,0,2.0,0.0
Lafayette,,167291070,,R-20,0,2.0,0.0
Lafayette,,167291062,,R-20,0,2.0,0.0
Lafayette,,167291068,,R-20,0,2.0,0.459
Lafayette,,167291007,,R-20,0,2.0,1.03
Lafayette,,167291008,,R-20,0,2.0,0.62
Lafayette,,167291043,,R-10,0,4.0,0.36
Lafayette,,167291054,,R-10,0,4.0,0.249
Lafayette,,167291044,,R-10,0,4.0,0.37
Lafayette,,167292003,,R-10,0,4.0,0.33
Lafayette,,167292007,,R-10,0,4.0,0.42
Lafayette,,167292022,,R-10,0,4.0,0.0
Lafayette,,167292011,,R-10,0,4.0,0.0
Lafayette,,167292023,,R-10,0,4.0,0.631
Lafayette,,167280028,,R-20,0,2.0,0.0
Lafayette,,167280033,,R-20,0,2.0,0.995
Lafayette,,167280018,,R-20,0,2.0,0.0
Lafayette,,167280013,,R-20,0,2.0,1.87
Lafayette,,167280020,,R-20,0,2.0,0.0
Lafayette,,167280024,,R-20,0,2.0,0.296
Lafayette,,167280027,,R-20,0,2.0,0.0
Lafayette,,167270024,,R-20,0,2.0,0.0
Lafayette,,167280025,,R-20,0,2.0,0.56
Lafayette,,167280031,,R-20,0,2.0,0.656
Lafayette,,167270021,,R-20,0,2.0,0.62
Lafayette,,167260026,,R-20,0,2.0,0.87
Lafayette,,167280016,,R-20,0,2.0,0.0
Lafayette,,167280032,,R-20,0,2.0,0.752
Lafayette,,167280001,,LR-5,0,8.0,8.63
Lafayette,,167280021,,R-20,0,2.0,0.0
Lafayette,,167280022,,R-20,0,2.0,0.0
Lafayette,,167280023,,R-20,0,2.0,0.0
Lafayette,,167300017,,R-40,0,1.1,2.12
Lafayette,,167300016,,R-40,0,1.1,1.93
Lafayette,,167300020,,R-20,0,2.0,0.841
Lafayette,,167300009,,R-20,0,2.0,0.0
Lafayette,,167300018,,R-40,0,1.1,1.59
Lafayette,,167300008,,R-20,0,2.0,0.0
Lafayette,,167314001,,R-20,0,2.0,0.0
Lafayette,,167314002,,R-20,0,2.0,0.0
Lafayette,,167313015,,R-10,0,4.0,0.0
Lafayette,,167313010,,R-10,0,4.0,0.0
Lafayette,,167313014,,R-10,0,4.0,0.0
Lafayette,,167313013,,R-10,0,4.0,0.0
Lafayette,,167314003,,R-20,0,2.0,0.0
Lafayette,,167314004,,R-20,0,2.0,0.0
Lafayette,,167300019,,R-40,0,1.1,1.92
Lafayette,,167300023,,R-40,0,1.1,1.009
Lafayette,,167300024,,R-40,0,1.1,0.784
Lafayette,,167240013,,LR-5,0,8.0,4.59
Lafayette,,167240024,,LR-5,0,8.0,2.58
Lafayette,,167250015,,LR-5,0,8.0,0.99
Lafayette,,169010011,,LR-5,0,8.0,3.0
Lafayette,,167260010,,LR-5,0,8.0,0.0
Lafayette,,167260029,,LR-5,0,8.0,0.0
Lafayette,,167260028,,LR-5,0,8.0,0.0
Lafayette,,167260023,,R-20,0,2.0,0.0
Lafayette,,167260014,,R-40,0,1.1,1.076
Lafayette,,167260015,,R-40,0,1.1,0.983
Lafayette,,167260024,,R-40,0,1.1,0.0
Lafayette,,167250013,,LR-5,0,8.0,1.39
Lafayette,,167250016,,LR-5,0,8.0,2.74
Lafayette,,167250004,,R-40,0,1.1,0.0
Lafayette,,167250006,,R-40,0,1.1,1.15
Lafayette,,167250012,,LR-5,0,8.0,2.21
Lafayette,,167260020,,R-40,0,1.1,0.678
Lafayette,,167110015,,R-40,0,1.1,1.311
Lafayette,,167240022,,R-40,0,1.1,1.15
Lafayette,,167250014,,R-40,0,1.1,0.7
Lafayette,,167240023,,LR-5,0,8.0,1.16
Lafayette,,167240017,,LR-5,0,8.0,0.98
Lafayette,,167240016,,LR-5,0,8.0,1.03
Lafayette,,167240018,,LR-5,0,8.0,1.3
Lafayette,,167240009,,R-40,0,1.1,2.43
Lafayette,,167230002,,R-40,0,1.1,0.0
Lafayette,,167230001,,R-40,0,1.1,1.38
Lafayette,,167120004,,R-40,0,1.1,0.94
Lafayette,,167110018,,R-40,0,1.1,0.5
Lafayette,,167240004,,R-40,0,1.1,0.0
Lafayette,,167240002,,R-40,0,1.1,0.65
Lafayette,,167110016,,R-40,0,1.1,1.623
Lafayette,,167110017,,R-40,0,1.1,0.958
Lafayette,,167100004,,R-40,0,1.1,1.16
Lafayette,,167100003,,R-40,0,1.1,0.0
Lafayette,,167120011,,R-40,0,1.1,1.1
Lafayette,,167150002,,R-40,0,1.1,1.13
Lafayette,,167150019,,R-40,0,1.1,1.2
Lafayette,,167150018,,R-40,0,1.1,1.42
Lafayette,,167120012,,R-40,0,1.1,1.49
Lafayette,,167120010,,R-40,0,1.1,1.56
Lafayette,,167150005,,R-40,0,1.1,0.0
Lafayette,,167150006,,R-40,0,1.1,0.0
Lafayette,,167150024,,R-40,0,1.1,1.0
Lafayette,,167150023,,R-40,0,1.1,1.0
Lafayette,,167130021,,R-40,0,1.1,1.82
Lafayette,,167120006,,R-40,0,1.1,1.12
Lafayette,,167120007,,R-40,0,1.1,0.0
Lafayette,,167130018,,R-40,0,1.1,1.12
Lafayette,,167130028,,R-40,0,1.1,1.1
Lafayette,,167090012,,R-40,0,1.1,1.6
Lafayette,,167100009,,R-40,0,1.1,1.71
Lafayette,,167100001,,R-40,0,1.1,2.02
Lafayette,,167100005,,R-40,0,1.1,3.33
Lafayette,,167090007,,R-40,0,1.1,1.5
Lafayette,,167090005,,R-40,0,1.1,1.0
Lafayette,,167070006,,R-40,0,1.1,1.06
Lafayette,,167080003,,R-40,0,1.1,2.1
Lafayette,,167090008,,R-40,0,1.1,1.57
Lafayette,,167070004,,R-40,0,1.1,0.0
Lafayette,,167090009,,R-40,0,1.1,1.78
Lafayette,,167090006,,R-40,0,1.1,1.46
Lafayette,,167100006,,R-40,0,1.1,0.88
Lafayette,,167110010,,R-40,0,1.1,0.0
Lafayette,,167100007,,R-40,0,1.1,0.83
Lafayette,,167110011,,R-40,0,1.1,0.94
Lafayette,,167250001,,R-40,0,1.1,0.0
Lafayette,,167110012,,R-40,0,1.1,0.0
Lafayette,,167070003,,R-40,0,1.1,0.0
Lafayette,,167070008,,LR-5,0,8.0,0.92
Lafayette,,167070009,,LR-5,0,8.0,1.0
Lafayette,,167070005,,R-40,0,1.1,2.45
Lafayette,,167260030,,R-40,0,1.1,0.0
Lafayette,,167260022,,R-20,0,2.0,0.0
Lafayette,,167260021,,R-20,0,2.0,0.0
Lafayette,,167260031,,R-20,0,2.0,0.56
Lafayette,,167260032,,R-20,0,2.0,0.48
Lafayette,,167260027,,R-20,0,2.0,1.0
Lafayette,,167260002,,R-20,0,2.0,0.0
Lafayette,,167270013,,R-20,0,2.0,0.5
Lafayette,,167270018,,R-20,0,2.0,0.0
Lafayette,,167260001,,R-20,0,2.0,0.0
Lafayette,,167270008,,R-20,0,2.0,0.0
Lafayette,,167060003,,R-40,0,1.1,0.0
Lafayette,,167060008,,LR-5,0,8.0,1.9
Lafayette,,167060006,,LR-5,0,8.0,3.98
Lafayette,,167070007,,LR-5,0,8.0,7.21
Lafayette,,167080005,,LR-5,0,8.0,5.16
Lafayette,,167080004,,LR-5,0,8.0,5.69
Lafayette,,167370003,,LR-5,0,8.0,5.27
Lafayette,,167130032,,LR-5,0,8.0,0.0
Lafayette,,167370004,,LR-5,0,8.0,4.42
Lafayette,,167140003,,LR-10,0,4.0,0.0
Lafayette,,167130033,,R-40,0,1.1,1.08
Lafayette,,167090013,,R-40,0,1.1,1.42
Lafayette,,167370002,,LR-5,0,8.0,3.69
Lafayette,,167130027,,R-40,0,1.1,1.05
Lafayette,,167130020,,R-40,0,1.1,1.18
Lafayette,,167130031,,R-40,0,1.1,1.664
Lafayette,,167160008,,R-40,0,1.1,1.0
Lafayette,,167130014,,R-40,0,1.1,0.94
Lafayette,,167130035,,R-40,0,1.1,1.1
Lafayette,,167160021,,R-40,0,1.1,1.6
Lafayette,,167160022,,R-40,0,1.1,1.25
Lafayette,,167160001,,R-40,0,1.1,0.0
Lafayette,,167130016,,R-40,0,1.1,0.97
Lafayette,,167140004,,LR-5,0,8.0,7.004
Lafayette,,167170007,,LR-5,0,8.0,5.034
Lafayette,,231090005,,LR-10,0,4.0,19.847
Lafayette,,230010019,,LR-5,0,8.0,5.94
Lafayette,,167180008,,LR-5,0,8.0,3.6
Lafayette,,167170009,,LR-5,0,8.0,5.034
Lafayette,,167170008,,LR-5,0,8.0,5.274
Lafayette,,167180009,,LR-5,0,8.0,3.95
Lafayette,,167180010,,LR-5,0,8.0,3.07
Lafayette,,167170005,,R-40,0,1.1,2.55
Lafayette,,167160018,,R-40,0,1.1,1.0
Lafayette,,167160020,,R-40,0,1.1,1.21
Lafayette,,167160014,,R-40,0,1.1,0.95
Lafayette,,167150022,,R-40,0,1.1,1.0
Lafayette,,167160007,,R-40,0,1.1,2.36
Lafayette,,167160024,,R-40,0,1.1,1.53
Lafayette,,167160023,,R-40,0,1.1,0.92
Lafayette,,167160017,,R-40,0,1.1,1.03
Lafayette,,167192008,,R-40,0,1.1,1.03
Lafayette,,167192007,,R-40,0,1.1,0.82
Lafayette,,167191005,,R-40,0,1.1,1.14
Lafayette,,230230013,,R-20,0,2.0,0.0
Lafayette,,167170001,,R-40,0,1.1,0.99
Lafayette,,167170002,,R-40,0,1.1,0.0
Lafayette,,230230011,,R-20,0,2.0,0.0
Lafayette,,167180006,,R-40,0,1.1,1.66
Lafayette,,230230007,,R-20,0,2.0,0.0
Lafayette,,230230034,,R-20,0,2.0,0.0
Lafayette,,230230010,,R-20,0,2.0,0.0
Lafayette,,230230025,,R-20,0,2.0,0.0
Lafayette,,230230024,,R-20,0,2.0,0.0
Lafayette,,230230028,,R-20,0,2.0,0.0
Lafayette,,230230031,,R-20,0,2.0,0.0
Lafayette,,230230030,,R-20,0,2.0,0.0
Lafayette,,230230008,,R-20,0,2.0,0.0
Lafayette,,230230006,,R-20,0,2.0,0.0
Lafayette,,230230005,,R-20,0,2.0,0.0
Lafayette,,230230004,,R-20,0,2.0,0.0
Lafayette,,230230003,,R-20,0,2.0,0.0
Lafayette,,230230001,,R-20,0,2.0,0.0
Lafayette,,230230002,,R-20,0,2.0,0.0
Lafayette,,230010003,,R-100,0,0.44,3.0
Lafayette,,230010007,,LR-5,0,8.0,3.03
Lafayette,,167180007,,R-40,0,1.1,1.69
Lafayette,,167180003,,R-40,0,1.1,1.17
Lafayette,,167180005,,R-40,0,1.1,1.09
Lafayette,,230010002,,R-100,0,0.44,5.0
Lafayette,,230010018,,LR-5,0,8.0,3.01
Lafayette,,230010017,,LR-5,0,8.0,3.41
Lafayette,,230010015,,LR-5,0,8.0,0.0
Lafayette,,230010014,,LR-5,0,8.0,0.0
Lafayette,,230010009,,LR-5,0,8.0,0.0
Lafayette,,230010012,,LR-5,0,8.0,3.0
Lafayette,,230010013,,LR-5,0,8.0,0.0
Lafayette,,230010006,,LR-5,0,8.0,3.04
Lafayette,,230010004,,R-100,0,0.44,3.0
Lafayette,,230010005,,LR-5,0,8.0,3.01
Lafayette,,230010011,,LR-5,0,8.0,2.935
Lafayette,,230010010,,LR-5,0,8.0,0.0
Lafayette,,230210001,,R-20,0,2.0,3.7
Lafayette,,230040003,,R-40,0,1.1,3.2
Lafayette,,230210002,,R-20,0,2.0,3.07
Lafayette,,230210004,,R-20,0,2.0,2.95
Lafayette,,230040017,,R-40,0,1.1,7.407
Lafayette,,230050010,,R-20,0,2.0,0.562
Lafayette,,230050009,,R-20,0,2.0,0.535
Lafayette,,230050008,,R-20,0,2.0,0.564
Lafayette,,230050007,,R-20,0,2.0,0.52
Lafayette,,230050003,,R-20,0,2.0,0.33
Lafayette,,230050016,,R-20,0,2.0,0.0
Lafayette,,230050017,,R-20,0,2.0,0.47
Lafayette,,230050004,,R-20,0,2.0,0.35
Lafayette,,230221003,,R-20,0,2.0,0.0
Lafayette,,230040011,,R-100,0,0.44,3.0
Lafayette,,230040014,,R-40,0,1.1,6.15
Lafayette,,230040015,,R-100,0,0.44,3.05
Lafayette,,230221004,,R-20,0,2.0,0.0
Lafayette,,230221005,,R-20,0,2.0,0.0
Lafayette,,230221008,,R-20,0,2.0,0.0
Lafayette,,230221014,,R-20,0,2.0,0.0
Lafayette,,230040016,,R-100,0,0.44,2.95
Lafayette,,230221011,,R-20,0,2.0,0.0
Lafayette,,230221012,,R-20,0,2.0,0.0
Lafayette,,230221010,,R-20,0,2.0,0.0
Lafayette,,230221009,,R-20,0,2.0,0.0
Lafayette,,230222006,,R-20,0,2.0,0.0
Lafayette,,230221015,,R-20,0,2.0,0.0
Lafayette,,230222008,,R-20,0,2.0,0.0
Lafayette,,230222007,,R-20,0,2.0,0.0
Lafayette,,230222009,,R-20,0,2.0,0.0
Lafayette,,230221001,,R-20,0,2.0,0.0
Lafayette,,230221002,,R-20,0,2.0,0.0
Lafayette,,230050001,,R-20,0,2.0,0.32
Lafayette,,230050002,,R-20,0,2.0,0.31
Lafayette,,230050013,,R-20,0,2.0,1.0
Lafayette,,230050006,,R-20,0,2.0,0.19
Lafayette,,230030068,,R-40,0,1.1,0.56
Lafayette,,230030005,,R-40,0,1.1,0.87
Lafayette,,230030051,,R-40,0,1.1,0.0
Lafayette,,230030004,,LR-5,0,8.0,6.18
Lafayette,,230030032,,LR-5,0,8.0,0.67
Lafayette,,230030026,,LR-5,0,8.0,1.23
Lafayette,,230030027,,LR-5,0,8.0,1.25
Lafayette,,167201005,,R-40,0,1.1,0.96
Lafayette,,167201002,,LR-5,0,8.0,0.0
Lafayette,,167201003,,R-40,0,1.1,0.0
Lafayette,,167201004,,R-40,0,1.1,0.0
Lafayette,,230030001,,R-40,0,1.1,0.16
Lafayette,,230030033,,R-40,0,1.1,0.97
Lafayette,,230030052,,R-40,0,1.1,0.0
Lafayette,,230030059,,LR-5,0,8.0,0.956
Lafayette,,230030031,,LR-5,0,8.0,0.92
Lafayette,,230030060,,LR-5,0,8.0,0.0
Lafayette,,230222002,,R-20,0,2.0,0.0
Lafayette,,230222003,,R-20,0,2.0,0.0
Lafayette,,230222005,,R-20,0,2.0,0.0
Lafayette,,230222004,,R-20,0,2.0,0.0
Lafayette,,230221013,,R-20,0,2.0,0.0
Lafayette,,230230019,,R-20,0,2.0,0.0
Lafayette,,230230032,,R-20,0,2.0,0.0
Lafayette,,230230033,,R-20,0,2.0,0.0
Lafayette,,230230021,,R-20,0,2.0,0.0
Lafayette,,230230023,,R-20,0,2.0,0.0
Lafayette,,167191007,,R-40,0,1.1,1.03
Lafayette,,167191006,,R-40,0,1.1,1.16
Lafayette,,167191002,,R-40,0,1.1,0.0
Lafayette,,230222001,,R-20,0,2.0,0.0
Lafayette,,167191001,,R-40,0,1.1,0.0
Lafayette,,167202005,,R-40,0,1.1,0.92
Lafayette,,167202009,,R-40,0,1.1,0.88
Lafayette,,167202013,,R-40,0,1.1,1.08
Lafayette,,167202014,,R-40,0,1.1,1.08
Lafayette,,167191008,,R-40,0,1.1,0.98
Lafayette,,167191004,,R-40,0,1.1,0.0
Lafayette,,167192006,,R-40,0,1.1,0.92
Lafayette,,167202001,,R-40,0,1.1,0.0
Lafayette,,167192009,,R-40,0,1.1,1.05
Lafayette,,167150017,,R-40,0,1.1,0.0
Lafayette,,167202015,,R-40,0,1.1,1.08
Lafayette,,167150011,,R-40,0,1.1,0.0
Lafayette,,167150021,,R-40,0,1.1,0.0
Lafayette,,167150010,,R-40,0,1.1,0.0
Lafayette,,167150012,,R-40,0,1.1,0.0
Lafayette,,167150013,,R-40,0,1.1,0.0
Lafayette,,167150001,,R-40,0,1.1,0.8
Lafayette,,167150014,,R-40,0,1.1,0.0
Lafayette,,167150015,,R-40,0,1.1,0.0
Lafayette,,167150016,,R-40,0,1.1,0.0
Lafayette,,167202012,,R-40,0,1.1,1.07
Lafayette,,167202010,,R-40,0,1.1,0.58
Lafayette,,167220018,,R-40,0,1.1,0.98
Lafayette,,167220023,,R-40,0,1.1,1.32
Lafayette,,167220022,,R-40,0,1.1,0.0
Lafayette,,167220003,,R-40,0,1.1,0.0
Lafayette,,167220021,,R-40,0,1.1,0.0
Lafayette,,167220017,,R-40,0,1.1,0.9
Lafayette,,167230006,,R-40,0,1.1,0.9
Lafayette,,167230005,,R-40,0,1.1,0.0
Lafayette,,167230007,,R-40,0,1.1,0.9
Lafayette,,167220015,,LR-5,0,8.0,1.68
Lafayette,,167230003,,R-40,0,1.1,0.0
Lafayette,,167230008,,R-40,0,1.1,0.0
Lafayette,,167230011,,LR-5,0,8.0,0.0
Lafayette,,167230015,,LR-5,0,8.0,0.95
Lafayette,,167220002,,R-40,0,1.1,0.39
Lafayette,,167211001,,LR-5,0,8.0,0.0
Lafayette,,167220024,,R-40,0,1.1,2.14
Lafayette,,167201010,,LR-5,0,8.0,1.2
Lafayette,,167220019,,R-40,0,1.1,0.1
Lafayette,,167201011,,R-40,0,1.1,1.03
Lafayette,,167201009,,R-40,0,1.1,1.54
Lafayette,,167211009,,LR-5,0,8.0,2.49
Lafayette,,167211008,,LR-5,0,8.0,1.03
Lafayette,,167211007,,LR-5,0,8.0,0.95
Lafayette,,167211004,,LR-5,0,8.0,1.44
Lafayette,,167211002,,LR-5,0,8.0,0.0
Lafayette,,230030044,,LR-5,0,8.0,0.6
Lafayette,,230030047,,LR-5,0,8.0,7.09
Lafayette,,230030046,,LR-5,0,8.0,3.8
Lafayette,,230030013,,LR-5,0,8.0,1.87
Lafayette,,169110014,,R-40,0,1.1,1.1
Lafayette,,169110015,,R-40,0,1.1,0.0
Lafayette,,169110016,,R-40,0,1.1,0.38
Lafayette,,230030045,,LR-5,0,8.0,0.59
Lafayette,,167211003,,LR-5,0,8.0,0.0
Lafayette,,167220014,,LR-5,0,8.0,3.08
Lafayette,,167230016,,LR-5,0,8.0,1.95
Lafayette,,167230014,,LR-5,0,8.0,0.0
Lafayette,,169100012,,R-40,0,1.1,1.0
Lafayette,,169100013,,R-40,0,1.1,1.0
Lafayette,,169100022,,R-40,0,1.1,1.95
Lafayette,,169100009,,R-40,0,1.1,1.013
Lafayette,,169100011,,R-40,0,1.1,1.01
Lafayette,,169100016,,R-40,0,1.1,1.49
Lafayette,,169100003,,R-40,0,1.1,0.989
Lafayette,,169100021,,R-40,0,1.1,4.59
Lafayette,,169100002,,R-40,0,1.1,1.05
Lafayette,,169100001,,R-40,0,1.1,1.0
Lafayette,,169110021,,R-40,0,1.1,0.598
Lafayette,,169110022,,R-40,0,1.1,0.438
Lafayette,,169110013,,R-40,0,1.1,1.37
Lafayette,,169110018,,R-40,0,1.1,1.212
Lafayette,,169110012,,R-40,0,1.1,1.14
Lafayette,,169110008,,R-40,0,1.1,0.739
Lafayette,,169110017,,R-40,0,1.1,0.969
Lafayette,,169120005,,R-40,0,1.1,1.846
Lafayette,,169120014,,R-40,0,1.1,0.999
Lafayette,,169110019,,R-40,0,1.1,0.603
Lafayette,,169110020,,R-40,0,1.1,0.601
Lafayette,,169120010,,R-40,0,1.1,1.163
Lafayette,,169120008,,R-40,0,1.1,1.31
Lafayette,,169120007,,R-40,0,1.1,1.0
Lafayette,,169120002,,R-40,0,1.1,1.06
Lafayette,,169130006,,R-40,0,1.1,1.066
Lafayette,,169130022,,R-40,0,1.1,1.11
Lafayette,,169130008,,R-40,0,1.1,0.0
Lafayette,,169130009,,R-40,0,1.1,0.0
Lafayette,,169120011,,R-40,0,1.1,0.97
Lafayette,,169120009,,R-40,0,1.1,1.063
Lafayette,,169100015,,R-40,0,1.1,1.4
Lafayette,,169160008,,R-40,0,1.1,1.67
Lafayette,,169160005,,R-40,0,1.1,0.0
Lafayette,,169160006,,R-40,0,1.1,0.0
Lafayette,,169160012,,R-40,0,1.1,0.96
Lafayette,,169160010,,R-40,0,1.1,0.988
Lafayette,,169160011,,R-40,0,1.1,0.96
Lafayette,,169160009,,R-40,0,1.1,2.623
Lafayette,,169160014,,R-40,0,1.1,0.76
Lafayette,,169160015,,R-40,0,1.1,0.953
Lafayette,,169130011,,R-40,0,1.1,0.0
Lafayette,,169130010,,R-40,0,1.1,0.0
Lafayette,,169130012,,R-40,0,1.1,0.0
Lafayette,,169130025,,R-40,0,1.1,0.0
Lafayette,,169141011,,R-40,0,1.1,0.0
Lafayette,,169141010,,R-40,0,1.1,0.0
Lafayette,,169141009,,R-40,0,1.1,0.94
Lafayette,,169141003,,R-40,0,1.1,0.0
Lafayette,,169141002,,R-40,0,1.1,0.68
Lafayette,,169141001,,R-40,0,1.1,0.0
Lafayette,,169130026,,R-40,0,1.1,0.0
Lafayette,,169130013,,R-40,0,1.1,1.109
Lafayette,,169142001,,R-40,0,1.1,0.0
Lafayette,,169142004,,R-40,0,1.1,0.0
Lafayette,,169141004,,R-40,0,1.1,0.0
Lafayette,,169340017,,R-40,0,1.1,2.8
Lafayette,,169142006,,R-40,0,1.1,1.07
Lafayette,,169142005,,R-40,0,1.1,1.54
Lafayette,,169142003,,R-40,0,1.1,0.0
Lafayette,,169130016,,R-40,0,1.1,0.0
Lafayette,,169142002,,R-40,0,1.1,0.0
Lafayette,,169130024,,R-40,0,1.1,0.0
Lafayette,,169130023,,R-40,0,1.1,0.0
Lafayette,,169130002,,R-40,0,1.1,0.0
Lafayette,,169130004,,R-40,0,1.1,1.106
Lafayette,,169130020,,R-40,0,1.1,0.0
Lafayette,,169130003,,R-40,0,1.1,1.05
Lafayette,,169130018,,R-40,0,1.1,1.5
Lafayette,,169130005,,R-40,0,1.1,0.0
Lafayette,,169120001,,R-40,0,1.1,1.0
Lafayette,,230030065,,LR-5,0,8.0,5.11
Lafayette,,169120013,,R-40,0,1.1,1.0
Lafayette,,230030011,,R-40,0,1.1,2.89
Lafayette,,230030042,,R-40,0,1.1,0.0
Lafayette,,230030066,,LR-10,0,4.0,11.85
Lafayette,,230030069,,R-40,0,1.1,0.767
Lafayette,,230050012,,R-20,0,2.0,0.44
Lafayette,,230050011,,R-20,0,2.0,0.37
Lafayette,,230030041,,R-40,0,1.1,0.67
Lafayette,,230030035,,R-40,0,1.1,0.99
Lafayette,,230030056,,R-40,0,1.1,0.0
Lafayette,,230030062,,R-40,0,1.1,1.26
Lafayette,,230030036,,R-40,0,1.1,0.9
Lafayette,,230030063,,R-40,0,1.1,2.56
Lafayette,,230030058,,R-40,0,1.1,0.0
Lafayette,,230030057,,R-40,0,1.1,0.0
Lafayette,,230030067,,R-40,0,1.1,3.098
Lafayette,,230100019,,R-40,0,1.1,1.582
Lafayette,,230090002,,R-40,0,1.1,1.72
Lafayette,,230060018,,R-20,0,2.0,0.47
Lafayette,,230060017,,R-20,0,2.0,0.5
Lafayette,,230060015,,R-20,0,2.0,0.0
Lafayette,,230060019,,R-20,0,2.0,0.57
Lafayette,,230090003,,R-40,0,1.1,1.1
Lafayette,,230060023,,R-20,0,2.0,0.0
Lafayette,,230060026,,R-20,0,2.0,0.0
Lafayette,,230060012,,R-20,0,2.0,0.0
Lafayette,,230060011,,R-20,0,2.0,0.0
Lafayette,,230060010,,R-20,0,2.0,0.0
Lafayette,,230060016,,R-20,0,2.0,0.0
Lafayette,,230060009,,R-20,0,2.0,0.0
Lafayette,,230060007,,R-20,0,2.0,0.0
Lafayette,,230060006,,R-20,0,2.0,0.0
Lafayette,,230060002,,R-20,0,2.0,0.0
Lafayette,,230060008,,R-20,0,2.0,0.0
Lafayette,,230060001,,R-20,0,2.0,0.0
Lafayette,,230060003,,R-20,0,2.0,0.0
Lafayette,,230060005,,R-20,0,2.0,0.0
Lafayette,,230040013,,R-40,0,1.1,3.0
Lafayette,,230060004,,R-20,0,2.0,0.0
Lafayette,,230060021,,R-40,0,1.1,1.35
Lafayette,,230080007,,R-40,0,1.1,1.82
Lafayette,,230080008,,R-40,0,1.1,1.0
Lafayette,,230080021,,R-40,0,1.1,1.18
Lafayette,,230080010,,R-40,0,1.1,0.98
Lafayette,,230080020,,R-40,0,1.1,0.97
Lafayette,,230072008,,R-20,0,2.0,0.0
Lafayette,,230072007,,R-20,0,2.0,0.0
Lafayette,,230072006,,R-20,0,2.0,0.0
Lafayette,,230072005,,R-20,0,2.0,0.0
Lafayette,,230080013,,R-40,0,1.1,1.19
Lafayette,,230080019,,R-40,0,1.1,1.44
Lafayette,,230080018,,R-40,0,1.1,1.48
Lafayette,,230080015,,R-40,0,1.1,1.13
Lafayette,,230080017,,R-40,0,1.1,1.41
Lafayette,,230080004,,R-40,0,1.1,0.95
Lafayette,,230090008,,R-40,0,1.1,1.15
Lafayette,,230080023,,R-40,0,1.1,1.031
Lafayette,,230080001,,R-40,0,1.1,1.112
Lafayette,,230080022,,R-40,0,1.1,1.689
Lafayette,,230090004,,R-40,0,1.1,1.47
Lafayette,,230090001,,R-40,0,1.1,1.53
Lafayette,,230090005,,R-40,0,1.1,1.12
Lafayette,,230100012,,R-40,0,1.1,1.7
Lafayette,,230090006,,R-40,0,1.1,1.38
Lafayette,,230130016,,R-40,0,1.1,1.12
Lafayette,,230130014,,R-40,0,1.1,1.12
Lafayette,,230130015,,R-40,0,1.1,1.37
Lafayette,,230130004,,R-40,0,1.1,1.147
Lafayette,,230090007,,R-40,0,1.1,1.38
Lafayette,,230080002,,R-40,0,1.1,1.45
Lafayette,,230130003,,R-40,0,1.1,1.1
Lafayette,,230080003,,R-40,0,1.1,1.32
Lafayette,,230130017,,R-40,0,1.1,1.64
Lafayette,,230130018,,R-40,0,1.1,1.0
Lafayette,,230130002,,R-40,0,1.1,1.15
Lafayette,,230130011,,R-20,0,2.0,2.53
Lafayette,,230130020,,R-40,0,1.1,0.995
Lafayette,,230130019,,R-40,0,1.1,1.115
Lafayette,,230130013,,R-40,0,1.1,1.15
Lafayette,,230130010,,R-40,0,1.1,1.28
Lafayette,,230160001,,R-20,0,2.0,1.35
Lafayette,,230160005,,R-20,0,2.0,4.12
Lafayette,,230190009,,R-20,0,2.0,4.08
Lafayette,,230160015,,R-20,0,2.0,0.7
Lafayette,,230160020,,R-20,0,2.0,0.74
Lafayette,,230160022,,R-20,0,2.0,0.854
Lafayette,,230160002,,R-20,0,2.0,1.22
Lafayette,,230130009,,R-40,0,1.1,1.15
Lafayette,,230170011,,R-20,0,2.0,0.38
Lafayette,,230160023,,R-20,0,2.0,0.579
Lafayette,,230170009,,R-20,0,2.0,1.16
Lafayette,,230250005,,R-20,0,2.0,0.0
Lafayette,,230250002,,R-20,0,2.0,0.0
Lafayette,,230250004,,R-20,0,2.0,0.0
Lafayette,,230250003,,R-20,0,2.0,0.0
Lafayette,,230140015,,R-20,0,2.0,0.0
Lafayette,,230140009,,R-20,0,2.0,0.0
Lafayette,,230140005,,R-20,0,2.0,0.55
Lafayette,,230130012,,R-40,0,1.1,1.11
Lafayette,,230100009,,R-20,0,2.0,0.59
Lafayette,,230140008,,R-20,0,2.0,0.0
Lafayette,,230140016,,R-20,0,2.0,0.0
Lafayette,,230100011,,R-20,0,2.0,0.58
Lafayette,,230100010,,R-20,0,2.0,0.61
Lafayette,,230100002,,R-20,0,2.0,0.77
Lafayette,,230100015,,R-40,0,1.1,2.57
Lafayette,,169340014,,R-40,0,1.1,0.0
Lafayette,,169340013,,R-40,0,1.1,0.0
Lafayette,,169340015,,R-40,0,1.1,0.0
Lafayette,,169340011,,R-40,0,1.1,0.0
Lafayette,,169340012,,R-40,0,1.1,0.0
Lafayette,,169340009,,R-40,0,1.1,1.05
Lafayette,,230240004,,R-20,0,2.0,0.0
Lafayette,,169340008,,R-40,0,1.1,1.03
Lafayette,,230250016,,R-20,0,2.0,0.0
Lafayette,,230250001,,R-20,0,2.0,0.0
Lafayette,,230240008,,R-20,0,2.0,0.0
Lafayette,,230240009,,R-20,0,2.0,1.783
Lafayette,,169340010,,R-40,0,1.1,0.91
Lafayette,,230240002,,R-20,0,2.0,0.0
Lafayette,,169340004,,R-40,0,1.1,0.0
Lafayette,,230240001,,R-20,0,2.0,0.0
Lafayette,,169141008,,R-40,0,1.1,0.0
Lafayette,,230240010,,R-20,0,2.0,0.587
Lafayette,,230250015,,R-20,0,2.0,0.0
Lafayette,,230250014,,R-20,0,2.0,0.0
Lafayette,,230250013,,R-20,0,2.0,0.0
Lafayette,,230180015,,R-20,0,2.0,1.5
Lafayette,,230180022,,R-20,0,2.0,1.3
Lafayette,,230180027,,R-20,0,2.0,1.08
Lafayette,,230180025,,R-20,0,2.0,0.738
Lafayette,,230180023,,R-20,0,2.0,0.542
Lafayette,,230180026,,R-20,0,2.0,0.496
Lafayette,,230180017,,R-20,0,2.0,0.0
Lafayette,,230180013,,R-20,0,2.0,0.5
Lafayette,,230180012,,R-20,0,2.0,0.79
Lafayette,,230180011,,R-20,0,2.0,0.57
Lafayette,,230250012,,R-20,0,2.0,0.0
Lafayette,,230180024,,R-20,0,2.0,1.064
Lafayette,,230250010,,R-20,0,2.0,0.0
Lafayette,,230250011,,R-20,0,2.0,0.0
Lafayette,,230250006,,R-20,0,2.0,0.0
Lafayette,,230250007,,R-20,0,2.0,0.0
Lafayette,,230250008,,R-20,0,2.0,0.0
Lafayette,,230250009,,R-20,0,2.0,0.0
Lafayette,,230170007,,R-20,0,2.0,0.59
Lafayette,,230170013,,R-20,0,2.0,0.94
Lafayette,,230170012,,R-20,0,2.0,0.57
Lafayette,,230170001,,R-20,0,2.0,0.51
Lafayette,,230170003,,R-20,0,2.0,0.52
Lafayette,,230180010,,R-20,0,2.0,0.52
Lafayette,,230180009,,R-20,0,2.0,0.5
Lafayette,,230180014,,R-20,0,2.0,0.5
Lafayette,,230190023,,R-20,0,2.0,0.819
Lafayette,,230190028,,R-20,0,2.0,0.038
Lafayette,,230160021,,R-20,0,2.0,0.46
Lafayette,,230190017,,R-20,0,2.0,0.59
Lafayette,,230190026,,R-20,0,2.0,0.623
Lafayette,,230190018,,R-20,0,2.0,0.5
Lafayette,,230190027,,R-20,0,2.0,0.64
Lafayette,,230190010,,R-20,0,2.0,3.49
Lafayette,,230190005,,R-20,0,2.0,0.0
Lafayette,,230190020,,R-20,0,2.0,0.0
Lafayette,,230190021,,R-20,0,2.0,0.0
Lafayette,,230190022,,R-20,0,2.0,0.0
Lafayette,,230190004,,R-20,0,2.0,0.0
Lafayette,,230190003,,R-20,0,2.0,0.0
Lafayette,,230190008,,R-20,0,2.0,0.0
Lafayette,,230190007,,R-20,0,2.0,0.0
Lafayette,,230190019,,R-20,0,2.0,0.0
Lafayette,,230200008,,R-20,0,2.0,0.44
Lafayette,,230200006,,R-20,0,2.0,0.52
Lafayette,,230200005,,R-20,0,2.0,0.27
Lafayette,,230200011,,R-20,0,2.0,0.29
Lafayette,,230200023,,R-20,0,2.0,0.04
Lafayette,,230200007,,R-20,0,2.0,0.45
Lafayette,,230200027,,R-20,0,2.0,0.0
Lafayette,,230200029,,R-20,0,2.0,0.0
Lafayette,,230200017,,R-20,0,2.0,0.57
Lafayette,,230200012,,R-20,0,2.0,0.27
Lafayette,,230200004,,R-20,0,2.0,0.24
Lafayette,,230200003,,R-20,0,2.0,0.21
Lafayette,,230200014,,R-20,0,2.0,0.25
Lafayette,,230200013,,R-20,0,2.0,0.41
Lafayette,,230200015,,R-20,0,2.0,0.49
Lafayette,,230200024,,R-20,0,2.0,0.09
Lafayette,,230200002,,R-20,0,2.0,0.2
Lafayette,,230200030,,R-20,0,2.0,0.0
Lafayette,,230200031,,R-20,0,2.0,0.0
Lafayette,,230180003,,R-20,0,2.0,0.46
Lafayette,,230180006,,R-20,0,2.0,0.44
Lafayette,,230180018,,R-20,0,2.0,0.48
Lafayette,,230180005,,R-20,0,2.0,0.5
Lafayette,,230180020,,R-20,0,2.0,0.0
Lafayette,,230180004,,R-20,0,2.0,0.49
Lafayette,,230180019,,R-20,0,2.0,0.0
Lafayette,,177021026,,R-20,0,2.0,0.602
Lafayette,,175020004,,R-20,0,2.0,0.0
Lafayette,,175020005,,R-20,0,2.0,0.0
Lafayette,,177021018,,R-20,0,2.0,0.0
Lafayette,,177021007,,R-20,0,2.0,0.0
Lafayette,,177021027,,R-20,0,2.0,0.754
Lafayette,,177021028,,R-20,0,2.0,0.578
Lafayette,,230200016,,R-20,0,2.0,0.74
Lafayette,,177021015,,R-20,0,2.0,0.0
Lafayette,,177021022,,R-20,0,2.0,0.31
Lafayette,,177021013,,R-20,0,2.0,0.0
Lafayette,,177021011,,R-20,0,2.0,0.0
Lafayette,,177021012,,R-20,0,2.0,0.0
Lafayette,,177021016,,R-20,0,2.0,0.0
Lafayette,,177022017,,R-20,0,2.0,0.0
Lafayette,,177010001,,R-10,0,4.0,0.29
Lafayette,,177010031,,R-10,0,4.0,0.24
Lafayette,,177010028,,R-10,0,4.0,0.27
Lafayette,,177010006,,R-10,0,4.0,0.96
Lafayette,,177022014,,R-20,0,2.0,0.0
Lafayette,,177022015,,R-20,0,2.0,0.0
Lafayette,,177022016,,R-20,0,2.0,0.0
Lafayette,,177021009,,R-20,0,2.0,0.0
Lafayette,,177021008,,R-20,0,2.0,0.0
Lafayette,,177021006,,R-20,0,2.0,0.0
Lafayette,,177021005,,R-20,0,2.0,0.0
Lafayette,,177021019,,R-20,0,2.0,0.0
Lafayette,,177021020,,R-20,0,2.0,0.0
Lafayette,,177022011,,R-20,0,2.0,0.0
Lafayette,,177022012,,R-20,0,2.0,0.0
Lafayette,,177022009,,R-20,0,2.0,0.0
Lafayette,,177022007,,R-20,0,2.0,0.0
Lafayette,,177022008,,R-20,0,2.0,0.0
Lafayette,,177022013,,R-20,0,2.0,0.0
Lafayette,,177010011,,R-10,0,4.0,0.3
Lafayette,,177010012,,R-10,0,4.0,0.33
Lafayette,,177022006,,R-20,0,2.0,0.0
Lafayette,,177022005,,R-20,0,2.0,0.0
Lafayette,,177022004,,R-20,0,2.0,0.0
Lafayette,,177010024,,R-10,0,4.0,1.04
Lafayette,,177040005,,R-10,0,4.0,29.11
Lafayette,,177010026,,R-10,0,4.0,0.38
Lafayette,,177010023,,R-10,0,4.0,0.36
Lafayette,,177010013,,R-10,0,4.0,0.21
Lafayette,,177010025,,R-10,0,4.0,0.23
Lafayette,,177010010,,R-10,0,4.0,0.28
Lafayette,,177010014,,R-10,0,4.0,0.254
Lafayette,,177010015,,R-10,0,4.0,0.15
Lafayette,,177010009,,R-10,0,4.0,0.26
Lafayette,,177010016,,R-10,0,4.0,0.1
Lafayette,,177010008,,R-10,0,4.0,0.23
Lafayette,,177010017,,R-10,0,4.0,0.25
Lafayette,,177010022,,R-10,0,4.0,0.36
Lafayette,,177010021,,R-10,0,4.0,0.36
Lafayette,,177010019,,R-10,0,4.0,0.1
Lafayette,,177010007,,R-10,0,4.0,0.23
Lafayette,,177010018,,R-10,0,4.0,0.21
Lafayette,,177010027,,R-10,0,4.0,0.25
Lafayette,,177010029,,R-10,0,4.0,0.4
Lafayette,,177010030,,R-10,0,4.0,0.36
Lafayette,,177010002,,R-10,0,4.0,0.4
Lafayette,,177010004,,R-10,0,4.0,0.22
Lafayette,,232170012,,R-20,0,2.0,0.125
Lafayette,,232170006,,R-20,0,2.0,0.75
Lafayette,,232170005,,R-20,0,2.0,0.67
Lafayette,,232170003,,R-20,0,2.0,0.53
Lafayette,,232170004,,R-20,0,2.0,1.0
Lafayette,,231012006,,R-20,0,2.0,0.46
Lafayette,,231012007,,R-20,0,2.0,0.46
Lafayette,,232170013,,R-20,0,2.0,0.559
Lafayette,,232170014,,R-20,0,2.0,0.553
Lafayette,,232170007,,R-20,0,2.0,0.56
Lafayette,,232170008,,R-20,0,2.0,0.51
Lafayette,,232170009,,R-20,0,2.0,0.55
Lafayette,,230200019,,R-20,0,2.0,0.46
Lafayette,,232170011,,R-20,0,2.0,8.1
Lafayette,,230200028,,R-20,0,2.0,0.0
Lafayette,,230200032,,R-20,0,2.0,0.472
Lafayette,,230200009,,R-20,0,2.0,0.464
Lafayette,,230200033,,R-20,0,2.0,0.46
Lafayette,,230200022,,R-20,0,2.0,0.86
Lafayette,,232170001,,R-20,0,2.0,0.6
Lafayette,,231012010,,R-20,0,2.0,0.35
Lafayette,,231012009,,R-20,0,2.0,0.25
Lafayette,,231012008,,R-20,0,2.0,0.46
Lafayette,,231011008,,R-20,0,2.0,0.43
Lafayette,,231011007,,R-20,0,2.0,0.34
Lafayette,,230190011,,R-20,0,2.0,0.62
Lafayette,,230190012,,R-20,0,2.0,0.42
Lafayette,,230190013,,R-20,0,2.0,0.41
Lafayette,,230190024,,R-20,0,2.0,0.61
Lafayette,,230190016,,R-20,0,2.0,0.272
Lafayette,,230190025,,R-20,0,2.0,0.63
Lafayette,,231020001,,R-20,0,2.0,0.78
Lafayette,,231020002,,R-20,0,2.0,0.27
Lafayette,,231020015,,R-20,0,2.0,0.52
Lafayette,,231011006,,R-20,0,2.0,0.4
Lafayette,,231011005,,R-20,0,2.0,0.5
Lafayette,,231011004,,R-20,0,2.0,0.52
Lafayette,,231011009,,R-20,0,2.0,0.47
Lafayette,,231011003,,R-20,0,2.0,0.47
Lafayette,,231011021,,R-20,0,2.0,0.48
Lafayette,,231011002,,R-20,0,2.0,0.74
Lafayette,,231020014,,R-20,0,2.0,0.55
Lafayette,,231030023,,R-20,0,2.0,0.0
Lafayette,,231011018,,R-20,0,2.0,0.0
Lafayette,,231011017,,R-20,0,2.0,0.0
Lafayette,,231030016,,R-20,0,2.0,0.4
Lafayette,,231030015,,R-20,0,2.0,0.58
Lafayette,,231030010,,R-20,0,2.0,0.48
Lafayette,,231030002,,R-20,0,2.0,0.52
Lafayette,,231030026,,R-20,0,2.0,0.0
Lafayette,,231030003,,R-20,0,2.0,0.56
Lafayette,,231030021,,R-20,0,2.0,1.12
Lafayette,,231012016,,R-20,0,2.0,0.0
Lafayette,,231012015,,R-20,0,2.0,0.0
Lafayette,,231011015,,R-20,0,2.0,0.47
Lafayette,,231012011,,R-20,0,2.0,0.44
Lafayette,,231012012,,R-20,0,2.0,0.49
Lafayette,,231012018,,R-20,0,2.0,0.228
Lafayette,,231012003,,R-20,0,2.0,0.43
Lafayette,,231012017,,R-20,0,2.0,0.235
Lafayette,,231012004,,R-20,0,2.0,0.5
Lafayette,,232160011,,LR-10,0,4.0,17.1
Lafayette,,231030012,,R-20,0,2.0,1.2
Lafayette,,231030020,,R-20,0,2.0,1.55
Lafayette,,231030019,,R-20,0,2.0,0.709
Lafayette,,231030014,,R-20,0,2.0,0.53
Lafayette,,231030013,,R-20,0,2.0,0.48
Lafayette,,231030018,,R-20,0,2.0,0.521
Lafayette,,231130005,,R-20,0,2.0,10.65
Lafayette,,231130003,,R-20,0,2.0,0.0
Lafayette,,231121005,,R-20,0,2.0,0.0
Lafayette,,231121006,,R-20,0,2.0,0.0
Lafayette,,231121003,,R-20,0,2.0,0.0
Lafayette,,231121002,,R-20,0,2.0,2.72
Lafayette,,231121001,,R-20,0,2.0,0.0
Lafayette,,231112011,,R-20,0,2.0,0.0
Lafayette,,231112010,,R-20,0,2.0,0.0
Lafayette,,231112012,,R-20,0,2.0,0.0
Lafayette,,231112007,,R-20,0,2.0,0.0
Lafayette,,231112005,,R-20,0,2.0,0.0
Lafayette,,231112004,,R-20,0,2.0,0.0
Lafayette,,231111005,,R-20,0,2.0,0.0
Lafayette,,231112002,,R-20,0,2.0,0.0
Lafayette,,231112009,,R-20,0,2.0,0.0
Lafayette,,231112001,,R-20,0,2.0,0.0
Lafayette,,231020009,,R-20,0,2.0,0.71
Lafayette,,231020018,,R-20,0,2.0,1.12
Lafayette,,231111011,,R-20,0,2.0,0.0
Lafayette,,231111004,,R-20,0,2.0,2.14
Lafayette,,231112006,,R-20,0,2.0,0.0
Lafayette,,231111006,,R-20,0,2.0,0.0
Lafayette,,231111010,,R-20,0,2.0,0.0
Lafayette,,231030024,,R-20,0,2.0,0.0
Lafayette,,231020017,,R-20,0,2.0,0.0
Lafayette,,231020007,,R-20,0,2.0,1.26
Lafayette,,231020010,,R-20,0,2.0,0.68
Lafayette,,231020019,,R-20,0,2.0,3.74
Lafayette,,231020003,,R-20,0,2.0,0.71
Lafayette,,231020013,,R-20,0,2.0,1.04
Lafayette,,231020004,,R-20,0,2.0,0.58
Lafayette,,230160006,,R-20,0,2.0,1.13
Lafayette,,230160007,,R-20,0,2.0,0.59
Lafayette,,230160008,,R-20,0,2.0,1.1
Lafayette,,230160011,,R-20,0,2.0,0.56
Lafayette,,230160010,,R-20,0,2.0,0.6
Lafayette,,230160012,,R-20,0,2.0,0.59
Lafayette,,231020006,,R-20,0,2.0,1.35
Lafayette,,231100009,,R-20,0,2.0,0.0
Lafayette,,230150010,,R-20,0,2.0,0.63
Lafayette,,230150003,,R-20,0,2.0,1.02
Lafayette,,230150005,,R-20,0,2.0,1.09
Lafayette,,230150004,,R-20,0,2.0,0.71
Lafayette,,230150007,,R-20,0,2.0,0.77
Lafayette,,230121003,,R-20,0,2.0,0.0
Lafayette,,230121002,,R-20,0,2.0,0.0
Lafayette,,230150009,,R-20,0,2.0,0.59
Lafayette,,230122010,,R-20,0,2.0,0.0
Lafayette,,231100012,,R-20,0,2.0,0.0
Lafayette,,231100011,,R-20,0,2.0,0.0
Lafayette,,231100010,,R-20,0,2.0,0.0
Lafayette,,231100015,,R-20,0,2.0,0.57
Lafayette,,231100016,,R-20,0,2.0,0.57
Lafayette,,231100004,,R-20,0,2.0,0.0
Lafayette,,231100006,,R-20,0,2.0,1.17
Lafayette,,231100005,,R-20,0,2.0,0.0
Lafayette,,231100003,,R-20,0,2.0,0.0
Lafayette,,231100002,,R-20,0,2.0,0.0
Lafayette,,231050024,,LR-5,0,8.0,7.7
Lafayette,,231050025,,P-1,0,0.0,4.27
Lafayette,,231050019,,P-1,0,0.0,0.0
Lafayette,,231050018,,P-1,0,0.0,0.0
Lafayette,,231100014,,R-20,0,2.0,0.0
Lafayette,,231050010,,R-20,0,2.0,0.57
Lafayette,,231100001,,R-20,0,2.0,0.0
Lafayette,,230122015,,R-20,0,2.0,0.67
Lafayette,,230122013,,R-20,0,2.0,0.89
Lafayette,,231100013,,R-20,0,2.0,0.0
Lafayette,,230122009,,R-20,0,2.0,0.0
Lafayette,,230122008,,R-20,0,2.0,0.0
Lafayette,,230122007,,R-20,0,2.0,0.52
Lafayette,,230121004,,R-20,0,2.0,0.0
Lafayette,,230121005,,R-20,0,2.0,0.0
Lafayette,,230121016,,R-20,0,2.0,0.0
Lafayette,,230121015,,R-20,0,2.0,0.0
Lafayette,,230121009,,R-20,0,2.0,0.0
Lafayette,,230121012,,R-20,0,2.0,0.0
Lafayette,,230121008,,R-20,0,2.0,0.0
Lafayette,,230122006,,R-20,0,2.0,0.5
Lafayette,,230122005,,R-20,0,2.0,0.0
Lafayette,,230122004,,R-20,0,2.0,0.0
Lafayette,,230122016,,R-20,0,2.0,0.0
Lafayette,,230122003,,R-20,0,2.0,0.0
Lafayette,,230121013,,R-20,0,2.0,0.0
Lafayette,,230121011,,R-20,0,2.0,0.0
Lafayette,,230121010,,R-20,0,2.0,0.0
Lafayette,,230072003,,R-20,0,2.0,0.0
Lafayette,,230072004,,R-20,0,2.0,0.0
Lafayette,,230072002,,R-20,0,2.0,0.0
Lafayette,,230072001,,R-20,0,2.0,0.0
Lafayette,,230071018,,R-20,0,2.0,0.0
Lafayette,,230071019,,R-20,0,2.0,0.0
Lafayette,,230071032,,R-20,0,2.0,0.0
Lafayette,,230110022,,R-20,0,2.0,0.89
Lafayette,,230110023,,R-20,0,2.0,1.28
Lafayette,,230071008,,R-20,0,2.0,0.0
Lafayette,,230122001,,R-20,0,2.0,0.0
Lafayette,,230110024,,R-20,0,2.0,1.28
Lafayette,,230122014,,R-20,0,2.0,1.04
Lafayette,,230110021,,R-20,0,2.0,0.54
Lafayette,,230110020,,R-20,0,2.0,0.56
Lafayette,,230110019,,R-20,0,2.0,0.54
Lafayette,,230110018,,R-20,0,2.0,0.57
Lafayette,,231060012,,R-20,0,2.0,0.0
Lafayette,,231050005,,LR-10,0,4.0,14.88
Lafayette,,231060004,,R-20,0,2.0,1.0
Lafayette,,231060008,,R-20,0,2.0,0.41
Lafayette,,231060002,,R-20,0,2.0,0.46
Lafayette,,231060006,,R-20,0,2.0,1.0
Lafayette,,231050013,,R-20,0,2.0,0.46
Lafayette,,231050017,,P-1,0,0.0,0.0
Lafayette,,231050012,,R-20,0,2.0,1.13
Lafayette,,231050016,,P-1,0,0.0,0.0
Lafayette,,231050011,,P-1,0,0.0,0.92
Lafayette,,231050022,,P-1,0,0.0,0.0
Lafayette,,231060014,,LR-5,0,8.0,2.964
Lafayette,,231060015,,R-20,0,2.0,0.692
Lafayette,,231060016,,R-20,0,2.0,0.6
Lafayette,,231060007,,R-20,0,2.0,0.5
Lafayette,,231060009,,R-20,0,2.0,1.02
Lafayette,,231060011,,R-20,0,2.0,0.0
Lafayette,,231060010,,R-20,0,2.0,0.98
Lafayette,,231050021,,P-1,0,0.0,0.0
Lafayette,,231123006,,R-20,0,2.0,1.98
Lafayette,,231050023,,P-1,0,0.0,13.87
Lafayette,,231123001,,R-20,0,2.0,0.0
Lafayette,,231123008,,R-20,0,2.0,0.0
Lafayette,,231121004,,R-20,0,2.0,0.0
Lafayette,,231123009,,R-20,0,2.0,0.64
Lafayette,,231123003,,R-20,0,2.0,0.0
Lafayette,,231122001,,R-20,0,2.0,0.0
Lafayette,,231122002,,R-20,0,2.0,0.0
Lafayette,,232040015,,P-1,0,0.0,32.9
Lafayette,,231050007,,R-20,0,2.0,0.55
Lafayette,,245100007,,R-20,0,2.0,0.0
Lafayette,,245100008,,R-20,0,2.0,2.16
Lafayette,,245100009,,R-20,0,2.0,0.0
Lafayette,,245100021,,R-20,0,2.0,1.601
Lafayette,,245070012,,LR-5,0,8.0,7.64
Lafayette,,231080003,,LR-10,0,4.0,20.59
Lafayette,,231080013,,LR-5,0,8.0,8.41
Lafayette,,231070010,,R-20,0,2.0,0.75
Lafayette,,231080011,,LR-10,0,4.0,27.12
Lafayette,,231080006,,LR-10,0,4.0,16.14
Lafayette,,231070032,,R-20,0,2.0,0.0
Lafayette,,231070031,,R-20,0,2.0,0.0
Lafayette,,231070008,,R-20,0,2.0,1.54
Lafayette,,231070033,,R-20,0,2.0,0.0
Lafayette,,231070XXX,,R-20,0,2.0,0.0
Lafayette,,231070007,,R-20,0,2.0,1.38
Lafayette,,231070009,,R-20,0,2.0,0.61
Lafayette,,231070030,,R-20,0,2.0,0.27
Lafayette,,231070034,,R-20,0,2.0,0.7
Lafayette,,231070028,,R-20,0,2.0,0.77
Lafayette,,231070029,,R-20,0,2.0,0.64
Lafayette,,231070002,,R-20,0,2.0,0.88
Lafayette,,231070003,,R-20,0,2.0,0.56
Lafayette,,231070004,,R-20,0,2.0,0.95
Lafayette,,231070017,,R-20,0,2.0,0.872
Lafayette,,231070020,,R-20,0,2.0,0.69
Lafayette,,231070025,,R-20,0,2.0,0.0
Lafayette,,231070024,,R-20,0,2.0,0.0
Lafayette,,231070026,,R-20,0,2.0,0.184
Lafayette,,231070022,,R-20,0,2.0,0.0
Lafayette,,230110014,,R-20,0,2.0,0.51
Lafayette,,231070023,,R-20,0,2.0,0.06
Lafayette,,230110011,,R-20,0,2.0,0.51
Lafayette,,230110XXX,,R-20,0,2.0,0.0
Lafayette,,231080007,,LR-10,0,4.0,11.44
Lafayette,,230110002,,R-20,0,2.0,0.5
Lafayette,,230110016,,R-20,0,2.0,0.0
Lafayette,,230110017,,R-20,0,2.0,0.0
Lafayette,,230110003,,R-20,0,2.0,0.57
Lafayette,,230110005,,R-20,0,2.0,0.5
Lafayette,,230110006,,R-20,0,2.0,0.62
Lafayette,,230110007,,R-20,0,2.0,0.5
Lafayette,,230110012,,R-20,0,2.0,0.59
Lafayette,,230071031,,R-20,0,2.0,1.05
Lafayette,,230110004,,R-20,0,2.0,0.5
Lafayette,,230071025,,R-20,0,2.0,2.5
Lafayette,,230071017,,R-20,0,2.0,0.0
Lafayette,,230071002,,R-20,0,2.0,0.0
Lafayette,,230071001,,R-20,0,2.0,0.0
Lafayette,,230071024,,R-20,0,2.0,0.0
Lafayette,,230071022,,R-20,0,2.0,0.0
Lafayette,,230071009,,R-20,0,2.0,1.01
Lafayette,,230071030,,R-20,0,2.0,3.23
Lafayette,,230210009,,R-20,0,2.0,0.0
Lafayette,,230210007,,R-20,0,2.0,0.0
Lafayette,,230210003,,R-20,0,2.0,2.96
Lafayette,,231090008,,LR-10,0,4.0,2.115
Lafayette,,231090007,,LR-10,0,4.0,4.217
Lafayette,,231090006,,LR-10,0,4.0,15.196
Lafayette,,231080012,,LR-10,0,4.0,1.57
Lafayette,,231090009,,LR-10,0,4.0,40.0
Lafayette,,245010019,,LR-10,0,4.0,45.58
Lafayette,,245110004,,LR-10,0,4.0,76.96
Lafayette,,245110005,,LR-10,0,4.0,13.59
Lafayette,,245070017,,R-20,0,2.0,10.89
Lafayette,,245110002,,LR-5,0,8.0,2.57
Lafayette,,246090001,,R-40,0,1.1,0.96
Lafayette,,246090005,,R-40,0,1.1,1.21
Lafayette,,246090009,,R-40,0,1.1,2.82
Lafayette,,246090013,,R-40,0,1.1,1.885
Lafayette,,246090015,,R-40,0,1.1,2.2
Lafayette,,246090011,,R-40,0,1.1,1.17
Lafayette,,246090014,,R-40,0,1.1,0.88
Lafayette,,246090002,,R-40,0,1.1,1.0
Lafayette,,246080003,,LR-10,0,4.0,14.27
Lafayette,,245010018,,LR-10,0,4.0,58.594
Lafayette,,365230005,,LR-10,0,4.0,50.0
Lafayette,,365230028,,LR-10,0,4.0,94.402
Lafayette,,365230029,,LR-5,0,8.0,7.105
Lafayette,,246060014,,LR-5,0,8.0,2.94
Lafayette,,246060024,,LR-5,0,8.0,3.33
Lafayette,,246060020,,R-40,0,1.1,1.66
Lafayette,,246070015,,R-40,0,1.1,3.31
Lafayette,,246070013,,R-40,0,1.1,2.24
Lafayette,,246080002,,LR-10,0,4.0,0.34
Lafayette,,246070014,,R-40,0,1.1,1.34
Lafayette,,246070012,,R-40,0,1.1,1.55
Lafayette,,246100024,,R-40,0,1.1,0.82
Lafayette,,246070009,,R-40,0,1.1,3.46
Lafayette,,246070007,,R-40,0,1.1,2.14
Lafayette,,246070016,,R-40,0,1.1,1.71
Lafayette,,246100028,,R-40,0,1.1,1.053
Lafayette,,246100027,,R-40,0,1.1,0.642
Lafayette,,246100004,,R-40,0,1.1,0.42
Lafayette,,246100026,,R-40,0,1.1,0.777
Lafayette,,246100006,,R-40,0,1.1,0.98
Lafayette,,246100010,,R-40,0,1.1,0.0
Lafayette,,246100011,,R-40,0,1.1,0.0
Lafayette,,246100009,,R-40,0,1.1,0.0
Lafayette,,246100007,,R-40,0,1.1,0.41
Lafayette,,246100008,,R-40,0,1.1,0.0
Lafayette,,246100018,,R-40,0,1.1,0.0
Lafayette,,246100017,,R-40,0,1.1,0.0
Lafayette,,246100016,,R-40,0,1.1,0.0
Lafayette,,246100014,,R-40,0,1.1,0.99
Lafayette,,246100020,,R-40,0,1.1,0.74
Lafayette,,246060002,,R-40,0,1.1,0.91
Lafayette,,246060025,,R-40,0,1.1,1.03
Lafayette,,246060021,,R-40,0,1.1,1.23
Lafayette,,246100015,,R-40,0,1.1,0.0
Lafayette,,246060026,,R-40,0,1.1,1.53
Lafayette,,246100019,,R-40,0,1.1,0.41
Lafayette,,246110011,,R-40,0,1.1,0.0
Lafayette,,246110010,,R-40,0,1.1,0.92
Lafayette,,246060010,,R-40,0,1.1,1.065
Lafayette,,246060011,,R-40,0,1.1,0.66
Lafayette,,246060009,,R-40,0,1.1,1.265
Lafayette,,246120017,,R-40,0,1.1,2.74
Lafayette,,246120002,,R-40,0,1.1,1.15
Lafayette,,246120006,,R-40,0,1.1,2.31
Lafayette,,246050004,,R-40,0,1.1,1.0
Lafayette,,246050032,,R-40,0,1.1,1.5
Lafayette,,246050033,,R-40,0,1.1,1.78
Lafayette,,246050018,,LR-5,0,8.0,0.58
Lafayette,,246060023,,R-40,0,1.1,1.29
Lafayette,,246060028,,R-40,0,1.1,1.03
Lafayette,,246060027,,R-40,0,1.1,1.06
Lafayette,,246060022,,LR-5,0,8.0,1.11
Lafayette,,246050019,,LR-5,0,8.0,3.2
Lafayette,,246050012,,LR-5,0,8.0,3.03
Lafayette,,246050017,,LR-5,0,8.0,0.79
Lafayette,,246040005,,LR-5,0,8.0,5.83
Lafayette,,246050024,,LR-5,0,8.0,8.53
Lafayette,,246050009,,R-40,0,1.1,0.0
Lafayette,,246050029,,R-40,0,1.1,3.692
Lafayette,,246050028,,R-40,0,1.1,3.382
Lafayette,,246050015,,R-40,0,1.1,1.06
Lafayette,,246120011,,R-40,0,1.1,0.92
Lafayette,,246120007,,R-40,0,1.1,1.1
Lafayette,,246120020,,R-20,0,2.0,2.3
Lafayette,,246120019,,R-40,0,1.1,0.98
Lafayette,,246120012,,R-40,0,1.1,1.51
Lafayette,,246160003,,R-40,0,1.1,1.5
Lafayette,,246160001,,R-40,0,1.1,1.13
Lafayette,,246160002,,R-40,0,1.1,1.1
Lafayette,,246120016,,R-20,0,2.0,3.6
Lafayette,,246160017,,R-40,0,1.1,1.3
Lafayette,,246160016,,R-40,0,1.1,1.02
Lafayette,,246160027,,R-40,0,1.1,1.7
Lafayette,,246160018,,R-40,0,1.1,0.92
Lafayette,,246170001,,R-40,0,1.1,2.21
Lafayette,,246170028,,R-40,0,1.1,0.56
Lafayette,,246170029,,R-40,0,1.1,1.28
Lafayette,,246170020,,R-40,0,1.1,0.72
Lafayette,,247031007,,R-40,0,1.1,1.0
Lafayette,,247031005,,R-40,0,1.1,0.974
Lafayette,,246170004,,R-40,0,1.1,0.75
Lafayette,,246170003,,R-40,0,1.1,0.75
Lafayette,,246020003,,R-40,0,1.1,0.5
Lafayette,,246020004,,R-40,0,1.1,0.56
Lafayette,,246030002,,R-40,0,1.1,1.12
Lafayette,,246030004,,R-40,0,1.1,7.93
Lafayette,,246030003,,R-40,0,1.1,4.71
Lafayette,,246020017,,R-40,0,1.1,2.16
Lafayette,,246040008,,LR-10,0,4.0,9.37
Lafayette,,246040006,,LR-10,0,4.0,3.62
Lafayette,,246040007,,LR-10,0,4.0,14.58
Lafayette,,246040009,,LR-10,0,4.0,4.63
Lafayette,,365260023,,LR-10,0,4.0,16.46
Lafayette,,365260030,,LR-5,0,8.0,5.44
Lafayette,,365260025,,LR-5,0,8.0,0.0
Lafayette,,365260010,,LR-5,0,8.0,5.4
Lafayette,,365260021,,LR-5,0,8.0,5.72
Lafayette,,365260015,,LR-5,0,8.0,2.3
Lafayette,,365260016,,LR-5,0,8.0,1.66
Lafayette,,365260018,,LR-5,0,8.0,6.89
Lafayette,,365260028,,LR-5,0,8.0,11.08
Lafayette,,365260029,,LR-5,0,8.0,4.27
Lafayette,,365260026,,LR-5,0,8.0,4.15
Lafayette,,365260027,,LR-5,0,8.0,2.8
Lafayette,,246010007,,R-40,0,1.1,0.0
Lafayette,,246010027,,R-40,0,1.1,2.64
Lafayette,,246010021,,R-40,0,1.1,1.43
Lafayette,,246010009,,R-40,0,1.1,0.0
Lafayette,,246010017,,R-40,0,1.1,2.189
Lafayette,,365260019,,LR-5,0,8.0,5.14
Lafayette,,246190004,,R-40,0,1.1,0.0
Lafayette,,246190005,,R-40,0,1.1,0.0
Lafayette,,365260020,,LR-5,0,8.0,4.57
Lafayette,,246190007,,R-40,0,1.1,0.0
Lafayette,,246020015,,R-40,0,1.1,1.07
Lafayette,,246020014,,R-40,0,1.1,1.3
Lafayette,,246190008,,R-40,0,1.1,0.0
Lafayette,,246190006,,R-40,0,1.1,2.6
Lafayette,,246190003,,R-40,0,1.1,0.0
Lafayette,,246010020,,R-40,0,1.1,2.278
Lafayette,,246010018,,R-40,0,1.1,1.028
Lafayette,,247031002,,R-40,0,1.1,1.51
Lafayette,,247031003,,R-40,0,1.1,1.577
Lafayette,,246020007,,R-40,0,1.1,1.54
Lafayette,,246020013,,R-40,0,1.1,1.16
Lafayette,,247031019,,R-40,0,1.1,0.0
Lafayette,,247031027,,R-40,0,1.1,0.0
Lafayette,,247031026,,R-40,0,1.1,0.0
Lafayette,,247031006,,R-40,0,1.1,1.0
Lafayette,,247031008,,R-20,0,2.0,1.31
Lafayette,,247031013,,R-20,0,2.0,1.02
Lafayette,,247031014,,R-20,0,2.0,1.05
Lafayette,,247031011,,R-20,0,2.0,0.694
Lafayette,,247031023,,R-20,0,2.0,0.69
Lafayette,,247031029,,R-40,0,1.1,0.938
Lafayette,,247020025,,R-40,0,1.1,1.26
Lafayette,,247020007,,R-40,0,1.1,2.35
Lafayette,,247020004,,R-40,0,1.1,1.47
Lafayette,,247020005,,R-40,0,1.1,1.31
Lafayette,,247020010,,R-40,0,1.1,1.502
Lafayette,,247020020,,R-40,0,1.1,1.25
Lafayette,,247020019,,R-40,0,1.1,1.2
Lafayette,,247020011,,R-40,0,1.1,1.405
Lafayette,,247020012,,R-40,0,1.1,2.032
Lafayette,,247132021,,R-20,0,2.0,1.42
Lafayette,,247132014,,R-20,0,2.0,0.0
Lafayette,,247150015,,R-20,0,2.0,1.34
Lafayette,,247150014,,R-20,0,2.0,2.91
Lafayette,,247020015,,R-40,0,1.1,1.02
Lafayette,,247020003,,R-40,0,1.1,1.63
Lafayette,,247020018,,R-40,0,1.1,1.2
Lafayette,,247010022,,R-40,0,1.1,1.336
Lafayette,,247020023,,R-40,0,1.1,1.03
Lafayette,,247010016,,R-40,0,1.1,1.38
Lafayette,,247010023,,R-40,0,1.1,1.17
Lafayette,,247010014,,R-40,0,1.1,1.38
Lafayette,,365260007,,LR-5,0,8.0,0.37
Lafayette,,247010017,,LR-5,0,8.0,0.18
Lafayette,,247010003,,R-40,0,1.1,0.364
Lafayette,,247010030,,R-40,0,1.1,2.4
Lafayette,,247010031,,R-40,0,1.1,0.58
Lafayette,,247010024,,R-40,0,1.1,1.24
Lafayette,,247010015,,R-40,0,1.1,10.54
Lafayette,,247010018,,R-40,0,1.1,2.52
Lafayette,,247150006,,R-20,0,2.0,3.98
Lafayette,,247160002,,R-20,0,2.0,4.5
Lafayette,,247160008,,R-20,0,2.0,2.87
Lafayette,,247160001,,R-20,0,2.0,4.6
Lafayette,,247160014,,R-20,0,2.0,4.62
Lafayette,,247010038,,R-40,0,1.1,4.322
Lafayette,,247010039,,R-40,0,1.1,4.422
Lafayette,,247010040,,R-40,0,1.1,3.56
Lafayette,,247160013,,R-20,0,2.0,3.96
Lafayette,,247010037,,R-40,0,1.1,1.592
Lafayette,,247010036,,R-40,0,1.1,1.124
Lafayette,,247010035,,R-40,0,1.1,1.163
Lafayette,,247010033,,R-40,0,1.1,0.403
Lafayette,,247010034,,R-40,0,1.1,0.655
