city,site_address,parcel_id,gp_designation,zoning_code,min_density,max_density,total_acreage
Moraga,,257361004,,3-DUA,0,3.0,0.2647584963683512
Moraga,,257361003,,3-DUA,0,3.0,0.26570637133935693
Moraga,,257361005,,3-DUA,0,3.0,0.31540689478197076
Moraga,,257361006,,3-DUA,0,3.0,0.2556602177867511
Moraga,,257362013,,3-DUA,0,3.0,0.36634865718361964
Moraga,,257250001,,3-DUA,0,3.0,0.347872425938213
Moraga,,257250002,,3-DUA,0,3.0,0.42558032519822614
Moraga,,257362014,,3-DUA,0,3.0,0.35673495285245865
Moraga,,257362003,,3-DUA,0,3.0,0.3951667605638294
Moraga,,257362004,,3-DUA,0,3.0,0.38629607476513167
Moraga,,257363010,,3-DUA,0,3.0,0.26716389963473636
Moraga,,257361002,,3-DUA,0,3.0,0.2630071642042388
Moraga,,257361001,,3-DUA,0,3.0,0.30213042415143937
Moraga,,257363011,,3-DUA,0,3.0,0.22346433406618035
Moraga,,257363012,,3-DUA,0,3.0,0.2504191187992975
Moraga,,257363009,,3-DUA,0,3.0,0.24936324587928105
Moraga,,257363008,,3-DUA,0,3.0,0.26669274285008976
Moraga,,257363007,,3-DUA,0,3.0,0.2598217346411627
Moraga,,257363013,,3-DUA,0,3.0,0.22628652146903505
Moraga,,257363014,,3-DUA,0,3.0,0.23142031494356344
Moraga,,257350012,,3-DUA,0,3.0,0.2424464671497524
Moraga,,257350013,,3-DUA,0,3.0,0.24972283978754517
Moraga,,257350015,,1-DUA,0,1.0,1.6820443467285795
Moraga,,257350014,,3-DUA,0,3.0,0.25182207217879665
Moraga,,257350017,,3-DUA,0,3.0,0.23528600264011668
Moraga,,257350027,,3-DUA,0,3.0,0.3911941253762356
Moraga,,257350024,,3-DUA,0,3.0,0.40145181652928996
Moraga,,257350025,,3-DUA,0,3.0,0.27098554594782504
Moraga,,257350026,,3-DUA,0,3.0,0.34275251077905194
Moraga,,257350028,,3-DUA,0,3.0,0.4288418537341061
Moraga,,257350030,,1-DUA,0,1.0,4.44
Moraga,,257350029,,3-DUA,0,3.0,0.4279253520046253
Moraga,,257350031,,1-DUA,0,1.0,0.55
Moraga,,257350019,,3-DUA,0,3.0,0.4262362025236405
Moraga,,257350036,,1-DUA,0,1.0,2.8
Moraga,,257350018,,3-DUA,0,3.0,0.3631992832253631
Moraga,,257350016,,3-DUA,0,3.0,0.45968089963162895
Moraga,,257350035,,1-DUA,0,1.0,1.23
Moraga,,257330017,,1-DUA,0,1.0,1.8573761290598898
Moraga,,257330016,,3-DUA,0,3.0,0.3647316545581495
Moraga,,257330018,,3-DUA,0,3.0,0.3798989197974832
Moraga,,257330019,,3-DUA,0,3.0,0.2750018315721416
Moraga,,257340006,,3-DUA,0,3.0,0.24128014066040515
Moraga,,257340014,,1-DUA,0,1.0,4.2
Moraga,,257340011,,3-DUA,0,3.0,0.301043826607301
Moraga,,257340010,,3-DUA,0,3.0,0.28240502223036185
Moraga,,257340009,,3-DUA,0,3.0,0.2883498710027746
Moraga,,257340001,,1-DUA,0,1.0,4.00312740275764
Moraga,,257340008,,3-DUA,0,3.0,0.3170607321416996
Moraga,,257340007,,3-DUA,0,3.0,0.3977534089504566
Moraga,,257322024,,3-DUA,0,3.0,0.2727016481551217
Moraga,,257322012,,3-DUA,0,3.0,0.2278191175967402
Moraga,,257322025,,3-DUA,0,3.0,0.34147412531563204
Moraga,,257322013,,3-DUA,0,3.0,0.22902902276559808
Moraga,,257322014,,3-DUA,0,3.0,0.2270290114876962
Moraga,,257322023,,3-DUA,0,3.0,0.24380443567457272
Moraga,,257322027,,3-DUA,0,3.0,0.22636902349036644
Moraga,,257322028,,3-DUA,0,3.0,0.2305480000193353
Moraga,,257322022,,3-DUA,0,3.0,0.23086211790218986
Moraga,,257322021,,3-DUA,0,3.0,0.23483995734531662
Moraga,,257322020,,3-DUA,0,3.0,0.26792509475943316
Moraga,,257322016,,3-DUA,0,3.0,0.22798405812801392
Moraga,,257322015,,3-DUA,0,3.0,0.22760166009148736
Moraga,,257340012,,3-DUA,0,3.0,0.2413157089358636
Moraga,,257322017,,3-DUA,0,3.0,0.23935136400045132
Moraga,,257322018,,3-DUA,0,3.0,0.22740586065274065
Moraga,,257340020,,3-DUA,0,3.0,0.24494369891812287
Moraga,,257340021,,3-DUA,0,3.0,0.29548889538056755
Moraga,,257340022,,3-DUA,0,3.0,0.44024085338805974
Moraga,,257340019,,3-DUA,0,3.0,0.2618041298522176
Moraga,,257340013,,3-DUA,0,3.0,0.3285485063185034
Moraga,,257340015,,1-DUA,0,1.0,0.5126979661314788
Moraga,,257340016,,1-DUA,0,1.0,0.7357968247152171
Moraga,,257340017,,1-DUA,0,1.0,1.1691550105521773
Moraga,,257340018,,1-DUA,0,1.0,0.7592240098168562
Moraga,,257350006,,1-DUA,0,1.0,2.6663931958963834
Moraga,,257350007,,1-DUA,0,1.0,3.29
Moraga,,257350011,,3-DUA,0,3.0,0.23305948799055812
Moraga,,257350010,,3-DUA,0,3.0,0.23322853643107017
Moraga,,257350008,,1-DUA,0,1.0,0.771454514063732
Moraga,,257350009,,3-DUA,0,3.0,0.23229346334228926
Moraga,,257350003,,3-DUA,0,3.0,0.23946354362405609
Moraga,,257350033,,3-DUA,0,3.0,0.23307458150429028
Moraga,,257350034,,1-DUA,0,1.0,0.4855689476524782
Moraga,,257350002,,1-DUA,0,1.0,0.5978411468739998
Moraga,,257350001,,3-DUA,0,3.0,0.2526265808303449
Moraga,,257322019,,3-DUA,0,3.0,0.2533316309823429
Moraga,,257322032,,3-DUA,0,3.0,0.3195812878265669
Moraga,,257322031,,3-DUA,0,3.0,0.2742441637204818
Moraga,,257322030,,3-DUA,0,3.0,0.26755713449689944
Moraga,,257322029,,3-DUA,0,3.0,0.25538290491200694
Moraga,,257322005,,3-DUA,0,3.0,0.2418680302349067
Moraga,,257322004,,3-DUA,0,3.0,0.24779805420896026
Moraga,,257322003,,3-DUA,0,3.0,0.23355835741326383
Moraga,,257321037,,3-DUA,0,3.0,0.4413018983594388
Moraga,,257322002,,3-DUA,0,3.0,0.2305430457557808
Moraga,,257322001,,3-DUA,0,3.0,0.22927056966554127
Moraga,,257321039,,3-DUA,0,3.0,0.45045376502239637
Moraga,,257362012,,3-DUA,0,3.0,0.4535541930885024
Moraga,,257362011,,3-DUA,0,3.0,0.3642647856736484
Moraga,,257362010,,3-DUA,0,3.0,0.23812012431357849
Moraga,,257363003,,3-DUA,0,3.0,0.22936944207747206
Moraga,,257363002,,3-DUA,0,3.0,0.2308209330796058
Moraga,,257363001,,3-DUA,0,3.0,0.2458200219038428
Moraga,,257363020,,3-DUA,0,3.0,0.25247524532734855
Moraga,,257363019,,3-DUA,0,3.0,0.22873328045574723
Moraga,,257363018,,3-DUA,0,3.0,0.22948780143982622
Moraga,,257363004,,3-DUA,0,3.0,0.22845164326572695
Moraga,,257363016,,3-DUA,0,3.0,0.2300880523656385
Moraga,,257363017,,3-DUA,0,3.0,0.23036088025734758
Moraga,,257363015,,3-DUA,0,3.0,0.2348987496743303
Moraga,,257363005,,3-DUA,0,3.0,0.22850361951044823
Moraga,,257363006,,3-DUA,0,3.0,0.25421053704960145
Moraga,,257362007,,3-DUA,0,3.0,0.3091919277977207
Moraga,,257362008,,3-DUA,0,3.0,0.24068472765159285
Moraga,,257362009,,3-DUA,0,3.0,0.8549750563962475
Moraga,,257250008,,3-DUA,0,3.0,1.4252842808676383
Moraga,,257250007,,3-DUA,0,3.0,0.4255564318779219
Moraga,,257250012,,3-DUA,0,3.0,0.23517052236708583
Moraga,,257250006,,3-DUA,0,3.0,0.6288187734211712
Moraga,,257362006,,3-DUA,0,3.0,0.3310992601187286
Moraga,,257362005,,3-DUA,0,3.0,0.383601909275382
Moraga,,257250004,,3-DUA,0,3.0,0.3021466265574892
Moraga,,257250005,,3-DUA,0,3.0,0.4078956852850701
Moraga,,257250003,,3-DUA,0,3.0,0.36933167218995666
Moraga,,257261024,,3-DUA,0,3.0,0.24578249932351104
Moraga,,257261023,,3-DUA,0,3.0,0.2491895301840607
Moraga,,257250013,,3-DUA,0,3.0,0.24446998006451462
Moraga,,257250014,,3-DUA,0,3.0,0.23396591386728174
Moraga,,257250010,,3-DUA,0,3.0,0.4968938200221731
Moraga,,257250016,,3-DUA,0,3.0,0.2417695962114198
Moraga,,257250015,,3-DUA,0,3.0,0.2396287709443178
Moraga,,257250011,,3-DUA,0,3.0,0.2637119627253563
Moraga,,257250009,,3-DUA,0,3.0,0.42009039745287
Moraga,,257250017,,3-DUA,0,3.0,0.241361263590674
Moraga,,257250018,,3-DUA,0,3.0,0.2380060218187703
Moraga,,257250019,,3-DUA,0,3.0,0.23866634241057655
Moraga,,257250021,,3-DUA,0,3.0,0.264343872400494
Moraga,,257310010,,3-DUA,0,3.0,0.7624792851673997
Moraga,,257310029,,3-DUA,0,3.0,0.7208185078696748
Moraga,,257310013,,3-DUA,0,3.0,0.8987028656601783
Moraga,,257310030,,3-DUA,0,3.0,0.2706141069956522
Moraga,,257310017,,3-DUA,0,3.0,0.7465502802990186
Moraga,,257310016,,3-DUA,0,3.0,1.0834340646957306
Moraga,,257310015,,3-DUA,0,3.0,0.6480111981736528
Moraga,,257310014,,3-DUA,0,3.0,0.6482821850171935
Moraga,,257321038,,3-DUA,0,3.0,0.39942369587955295
Moraga,,257321036,,3-DUA,0,3.0,0.4752059363754859
Moraga,,257321035,,3-DUA,0,3.0,0.3601867735963917
Moraga,,257321034,,3-DUA,0,3.0,0.3344554949930627
Moraga,,257310019,,3-DUA,0,3.0,0.6785895683884258
Moraga,,257310018,,3-DUA,0,3.0,0.8843093540889753
Moraga,,257310020,,3-DUA,0,3.0,0.4655828981059973
Moraga,,257310021,,3-DUA,0,3.0,0.36223836876281906
Moraga,,257310003,,3-DUA,0,3.0,0.2834287232044029
Moraga,,257310004,,3-DUA,0,3.0,0.25957906496772015
Moraga,,257310005,,3-DUA,0,3.0,0.27848234355742446
Moraga,,257310006,,3-DUA,0,3.0,0.3135060961946259
Moraga,,257310025,,3-DUA,0,3.0,0.37227759192974974
Moraga,,257310026,,3-DUA,0,3.0,0.4726202535885792
Moraga,,258282001,,3-DUA,0,3.0,0.3057663794928125
Moraga,,258331001,,3-DUA,0,3.0,0.2802482081722003
Moraga,,257310031,,3-DUA,0,3.0,0.6264626322716784
Moraga,,257310032,,3-DUA,0,3.0,0.4203382254182598
Moraga,,257310001,,3-DUA,0,3.0,0.31890636290242896
Moraga,,258331003,,3-DUA,0,3.0,0.25358283486117383
Moraga,,258331004,,3-DUA,0,3.0,0.24420273764710218
Moraga,,258331005,,3-DUA,0,3.0,0.2585975191942838
Moraga,,258331002,,3-DUA,0,3.0,0.2563575631911006
Moraga,,258331006,,3-DUA,0,3.0,0.2295150153895126
Moraga,,258331007,,3-DUA,0,3.0,0.3253727479935428
Moraga,,258331010,,3-DUA,0,3.0,0.2507527928657645
Moraga,,258331009,,3-DUA,0,3.0,0.22845682110422655
Moraga,,258331012,,3-DUA,0,3.0,0.23701235165436785
Moraga,,258331011,,3-DUA,0,3.0,0.24893480981123153
Moraga,,258332005,,3-DUA,0,3.0,0.42826076118296474
Moraga,,258332009,,3-DUA,0,3.0,0.2361764829448919
Moraga,,258332007,,3-DUA,0,3.0,0.3017148834633656
Moraga,,258332006,,3-DUA,0,3.0,0.501059963104152
Moraga,,258332008,,3-DUA,0,3.0,0.23198858635754627
Moraga,,257310023,,3-DUA,0,3.0,0.5162490509436175
Moraga,,257310024,,3-DUA,0,3.0,0.7709065059642924
Moraga,,258332010,,3-DUA,0,3.0,0.33264311191780394
Moraga,,258332017,,2-DUA,0,2.0,0.2
Moraga,,257321025,,3-DUA,0,3.0,0.4067346114199257
Moraga,,257321024,,3-DUA,0,3.0,0.37910718002788935
Moraga,,257321022,,3-DUA,0,3.0,0.24900451976878246
Moraga,,257321027,,3-DUA,0,3.0,0.3994181365193232
Moraga,,257321026,,3-DUA,0,3.0,0.3522645661330009
Moraga,,257310022,,3-DUA,0,3.0,0.38746349682798353
Moraga,,257321030,,3-DUA,0,3.0,0.53207641050045
Moraga,,257321032,,3-DUA,0,3.0,0.5882166309624248
Moraga,,257321028,,3-DUA,0,3.0,0.3769201596588589
Moraga,,257321029,,3-DUA,0,3.0,0.2326785688249346
Moraga,,257321031,,3-DUA,0,3.0,0.3132321918241332
Moraga,,257321033,,3-DUA,0,3.0,0.23662464859492474
Moraga,,257322026,,3-DUA,0,3.0,0.2704204094491471
Moraga,,257322006,,3-DUA,0,3.0,0.24068785725463
Moraga,,257322007,,3-DUA,0,3.0,0.23495008315916813
Moraga,,257322008,,3-DUA,0,3.0,0.24041672738960324
Moraga,,257321040,,3-DUA,0,3.0,0.2775101424399604
Moraga,,257322009,,3-DUA,0,3.0,0.2298172826418643
Moraga,,257322010,,3-DUA,0,3.0,0.24375695764308708
Moraga,,257322011,,3-DUA,0,3.0,0.23557465354562968
Moraga,,257321006,,3-DUA,0,3.0,0.23965954932507164
Moraga,,257321007,,3-DUA,0,3.0,0.2378592413311109
Moraga,,257321008,,3-DUA,0,3.0,0.22804523864544646
Moraga,,257321045,,3-DUA,0,3.0,0.2508736281021766
Moraga,,257321018,,3-DUA,0,3.0,0.2643499016520102
Moraga,,257321043,,3-DUA,0,3.0,0.2565746756477956
Moraga,,257321042,,3-DUA,0,3.0,0.2510107299119424
Moraga,,257321044,,3-DUA,0,3.0,0.25368203834299863
Moraga,,257321015,,3-DUA,0,3.0,0.2561772092929698
Moraga,,257321023,,3-DUA,0,3.0,0.25571868491009797
Moraga,,257321014,,3-DUA,0,3.0,0.26683899836290137
Moraga,,257321011,,3-DUA,0,3.0,0.24304193553464487
Moraga,,257321002,,3-DUA,0,3.0,0.22795878041520556
Moraga,,257321003,,3-DUA,0,3.0,0.22326522925279207
Moraga,,257321010,,3-DUA,0,3.0,0.23072860219056243
Moraga,,257321009,,3-DUA,0,3.0,0.23224954699144543
Moraga,,257321004,,3-DUA,0,3.0,0.22769295852314572
Moraga,,257321005,,3-DUA,0,3.0,0.22566349876829722
Moraga,,257340005,,3-DUA,0,3.0,0.23759051996240735
Moraga,,257340004,,3-DUA,0,3.0,0.5
Moraga,,257340003,,3-DUA,0,3.0,0.24055331451630801
Moraga,,257340002,,3-DUA,0,3.0,0.24502633912862534
Moraga,,257330011,,3-DUA,0,3.0,0.2339896857549385
Moraga,,257330010,,3-DUA,0,3.0,0.22551343810959454
Moraga,,257330028,,3-DUA,0,3.0,0.5495058290682426
Moraga,,257330026,,3-DUA,0,3.0,0.23349575939955491
Moraga,,257330013,,3-DUA,0,3.0,0.2438184610981661
Moraga,,257330015,,3-DUA,0,3.0,0.5432236895992248
Moraga,,257330024,,3-DUA,0,3.0,0.2367561620613487
Moraga,,257330025,,3-DUA,0,3.0,0.2641170272313783
Moraga,,257330009,,3-DUA,0,3.0,0.24088630554798943
Moraga,,257321001,,3-DUA,0,3.0,0.23140885340689163
Moraga,,257321012,,3-DUA,0,3.0,0.27798186904906297
Moraga,,257321013,,3-DUA,0,3.0,0.2965351913602013
Moraga,,258332011,,2-DUA,0,2.0,0.4627661864232332
Moraga,,258332012,,2-DUA,0,2.0,0.40918966354506897
Moraga,,258332014,,2-DUA,0,2.0,0.3953974563408077
Moraga,,258332013,,2-DUA,0,2.0,0.3965014447997297
Moraga,,258332004,,3-DUA,0,3.0,0.3365766772085685
Moraga,,258332003,,3-DUA,0,3.0,0.32519362941719265
Moraga,,258332002,,3-DUA,0,3.0,0.34920222180212757
Moraga,,258332015,,2-DUA,0,2.0,0.40848429384589324
Moraga,,257330006,,3-DUA,0,3.0,0.26372983664723126
Moraga,,257330005,,3-DUA,0,3.0,0.2717610818079523
Moraga,,257330001,,1-DUA,0,1.0,2.461394942321337
Moraga,,257330004,,3-DUA,0,3.0,0.3280136426611664
Moraga,,257330003,,3-DUA,0,3.0,0.32650131305736896
Moraga,,257330002,,3-DUA,0,3.0,0.3349018490854285
Moraga,,258510002,,OS,0,0.0,8.44
Moraga,,258660070,,2-DUA,0,2.0,0.386
Moraga,,258640014,,2-DUA,0,2.0,1.020418433837489
Moraga,,258640015,,2-DUA,0,2.0,1.0865978591460137
Moraga,,258640003,,2-DUA,0,2.0,1.7095418486190421
Moraga,,258660042,,2-DUA,0,2.0,1.56444960478799
Moraga,,258660048,,2-DUA,0,2.0,0.18614133179569092
Moraga,,258660049,,2-DUA,0,2.0,0.17101018910234153
Moraga,,258660050,,2-DUA,0,2.0,0.18082083744358762
Moraga,,258660051,,2-DUA,0,2.0,0.18252519728715288
Moraga,,258640006,,2-DUA,0,2.0,0.3492931996974793
Moraga,,258660052,,2-DUA,0,2.0,0.21124880193522624
Moraga,,258660001,,2-DUA,0,2.0,0.42629703692626597
Moraga,,258650020,,2-DUA,0,2.0,0.4832225407523584
Moraga,,258650021,,2-DUA,0,2.0,0.2912327618543305
Moraga,,258660003,,2-DUA,0,2.0,0.32545381302718535
Moraga,,258660002,,2-DUA,0,2.0,0.3465647958279006
Moraga,,258660047,,2-DUA,0,2.0,0.19463043763105464
Moraga,,258660046,,2-DUA,0,2.0,0.22629806475387984
Moraga,,258660007,,2-DUA,0,2.0,0.42236593759085983
Moraga,,258660005,,2-DUA,0,2.0,0.446864153960369
Moraga,,258660006,,2-DUA,0,2.0,0.4128582770585913
Moraga,,258660008,,2-DUA,0,2.0,0.4149374919575593
Moraga,,258660009,,2-DUA,0,2.0,0.37515618585164523
Moraga,,258660013,,2-DUA,0,2.0,0.37100343863639274
Moraga,,258660012,,2-DUA,0,2.0,0.4762120393097178
Moraga,,258660014,,2-DUA,0,2.0,0.5079123097824002
Moraga,,258660061,,2-DUA,0,2.0,0.15312319195086607
Moraga,,258660058,,2-DUA,0,2.0,0.03764822352202921
Moraga,,258660060,,2-DUA,0,2.0,0.15279904217443135
Moraga,,258660056,,2-DUA,0,2.0,0.34228100917260174
Moraga,,258660055,,2-DUA,0,2.0,0.24720845271291472
Moraga,,258660054,,2-DUA,0,2.0,0.24450359114914744
Moraga,,258660053,,2-DUA,0,2.0,0.2494442443952244
Moraga,,258660044,,2-DUA,0,2.0,0.02223732872621088
Moraga,,258660066,,2-DUA,0,2.0,0.4137207967526733
Moraga,,258660028,,2-DUA,0,2.0,0.1900554437875873
Moraga,,258660025,,2-DUA,0,2.0,0.24677296761821702
Moraga,,258660024,,2-DUA,0,2.0,0.24390325483064865
Moraga,,258660026,,2-DUA,0,2.0,0.278472109913115
Moraga,,258660027,,2-DUA,0,2.0,0.18793183177129824
Moraga,,258660045,,2-DUA,0,2.0,0.024073085379805664
Moraga,,258660071,,2-DUA,0,2.0,0.314
Moraga,,258660021,,2-DUA,0,2.0,0.3026779699613487
Moraga,,258660018,,2-DUA,0,2.0,0.666181891186131
Moraga,,258660068,,2-DUA,0,2.0,0.6096669948898065
Moraga,,258660067,,2-DUA,0,2.0,0.5722236412752952
Moraga,,258660011,,2-DUA,0,2.0,0.3539086580055375
Moraga,,258660010,,2-DUA,0,2.0,1.4256037241890624
Moraga,,258660019,,2-DUA,0,2.0,0.8876262986829125
Moraga,,258660059,,2-DUA,0,2.0,0.23960729896526098
Moraga,,258650032,,2-DUA,0,2.0,2.93
Moraga,,258660072,,2-DUA,0,2.0,0.72
Moraga,,258650022,,2-DUA,0,2.0,0.7152938352624365
Moraga,,258650018,,2-DUA,0,2.0,0.5827613175243269
Moraga,,258650017,,2-DUA,0,2.0,0.6854713737010271
Moraga,,258650019,,2-DUA,0,2.0,0.40081447488940153
Moraga,,258650008,,2-DUA,0,2.0,0.38585649018042917
Moraga,,258650007,,2-DUA,0,2.0,0.3878859952646016
Moraga,,258650025,,2-DUA,0,2.0,0.4526280058403635
Moraga,,258650002,,2-DUA,0,2.0,0.6273552771164732
Moraga,,258650003,,2-DUA,0,2.0,0.5628991112346126
Moraga,,258650009,,2-DUA,0,2.0,0.35372001840215206
Moraga,,258650033,,2-DUA,0,2.0,0.2922761250269067
Moraga,,258650001,,2-DUA,0,2.0,0.6121004107484319
Moraga,,258650034,,2-DUA,0,2.0,0.3429002458829556
Moraga,,258650012,,2-DUA,0,2.0,0.4925061134906034
Moraga,,258672016,,2-DUA,0,2.0,0.7058197082894393
Moraga,,258672015,,2-DUA,0,2.0,0.4389282742561123
Moraga,,258672014,,2-DUA,0,2.0,0.5984893910320396
Moraga,,258672003,,2-DUA,0,2.0,0.4372767926631831
Moraga,,258672004,,2-DUA,0,2.0,0.36269185176951735
Moraga,,258672013,,2-DUA,0,2.0,0.5456783218503347
Moraga,,258672012,,2-DUA,0,2.0,0.49760969904670294
Moraga,,258672011,,2-DUA,0,2.0,0.4747112715828187
Moraga,,258650013,,2-DUA,0,2.0,0.47420224254426
Moraga,,258650016,,2-DUA,0,2.0,0.5462329014012355
Moraga,,258650014,,2-DUA,0,2.0,0.5315971491237893
Moraga,,258650015,,2-DUA,0,2.0,0.5620321433549815
Moraga,,258672010,,2-DUA,0,2.0,0.5362029188992976
Moraga,,258672008,,2-DUA,0,2.0,0.4172634815314982
Moraga,,258710030,,2-DUA,0,2.0,1.14
Moraga,,258672017,,2-DUA,0,2.0,0.52
Moraga,,258672007,,2-DUA,0,2.0,0.36099078632794407
Moraga,,258672006,,2-DUA,0,2.0,0.4686149904278159
Moraga,,258672005,,2-DUA,0,2.0,0.4646581183323094
Moraga,,258691002,,2-DUA,0,2.0,0.5217345718807201
Moraga,,258691001,,2-DUA,0,2.0,0.5004722710063552
Moraga,,258681004,,2-DUA,0,2.0,0.48325185403492193
Moraga,,258681005,,2-DUA,0,2.0,0.5386164637685791
Moraga,,258681003,,2-DUA,0,2.0,0.8326347882993289
Moraga,,258681001,,2-DUA,0,2.0,0.4620123792666231
Moraga,,258681002,,2-DUA,0,2.0,0.668768006694443
Moraga,,258682009,,2-DUA,0,2.0,0.33390119981424876
Moraga,,258692010,,2-DUA,0,2.0,0.3395600393858709
Moraga,,258682008,,2-DUA,0,2.0,0.343011931581379
Moraga,,258682007,,2-DUA,0,2.0,0.3095777418791213
Moraga,,258692001,,2-DUA,0,2.0,0.326430012343309
Moraga,,258683002,,2-DUA,0,2.0,0.3481571887889669
Moraga,,258683013,,2-DUA,0,2.0,0.666
Moraga,,258683003,,2-DUA,0,2.0,0.39261074388099204
Moraga,,258682006,,2-DUA,0,2.0,0.3184928498993032
Moraga,,258682005,,2-DUA,0,2.0,0.30705052665853855
Moraga,,258682004,,2-DUA,0,2.0,0.32580678292464454
Moraga,,258682003,,2-DUA,0,2.0,0.38361609177458855
Moraga,,258682002,,2-DUA,0,2.0,0.381979608291687
Moraga,,258671011,,2-DUA,0,2.0,0.41565201388902906
Moraga,,258682013,,2-DUA,0,2.0,0.3370529559586315
Moraga,,258672001,,2-DUA,0,2.0,0.3476776668551123
Moraga,,258672002,,2-DUA,0,2.0,0.3644814355788384
Moraga,,258671010,,2-DUA,0,2.0,0.46382207190292923
Moraga,,258671009,,2-DUA,0,2.0,0.40198035689910483
Moraga,,258671001,,2-DUA,0,2.0,0.39314365882038904
Moraga,,258682001,,2-DUA,0,2.0,0.31082261304762343
Moraga,,258671003,,2-DUA,0,2.0,0.40069370068692667
Moraga,,258671006,,2-DUA,0,2.0,0.3922602270977727
Moraga,,258671002,,2-DUA,0,2.0,0.4831272270056061
Moraga,,258671008,,2-DUA,0,2.0,0.3788077395637591
Moraga,,258671007,,2-DUA,0,2.0,0.38003801800999026
Moraga,,258671004,,2-DUA,0,2.0,0.3599868204983495
Moraga,,258671005,,2-DUA,0,2.0,0.5024525251331392
Moraga,,258630019,,2-DUA,0,2.0,0.3347359341326054
Moraga,,258683010,,2-DUA,0,2.0,0.5289051283914467
Moraga,,258683009,,2-DUA,0,2.0,0.45804354746398435
Moraga,,258630015,,2-DUA,0,2.0,0.6418246746460677
Moraga,,258683007,,2-DUA,0,2.0,0.7378971368313634
Moraga,,258683008,,2-DUA,0,2.0,0.3443201605356727
Moraga,,258683006,,2-DUA,0,2.0,0.6086038747366839
Moraga,,258683005,,2-DUA,0,2.0,0.5523404150283706
Moraga,,258683012,,2-DUA,0,2.0,0.46788171809883516
Moraga,,258630024,,2-DUA,0,2.0,1.2844186163376738
Moraga,,258630003,,2-DUA,0,2.0,1.1773784028061731
Moraga,,258630002,,2-DUA,0,2.0,1.2078159665396584
Moraga,,258620006,,2-DUA,0,2.0,0.37911657113671243
Moraga,,258620005,,2-DUA,0,2.0,0.4700149560741076
Moraga,,258630008,,2-DUA,0,2.0,0.6084749148575216
Moraga,,258630010,,2-DUA,0,2.0,0.4580888901688799
Moraga,,258630009,,2-DUA,0,2.0,0.6869781710533608
Moraga,,258630011,,2-DUA,0,2.0,0.36573568249474075
Moraga,,258630021,,2-DUA,0,2.0,0.7610553141591747
Moraga,,258630026,,2-DUA,0,2.0,0.9520662152863314
Moraga,,258630025,,2-DUA,0,2.0,1.3336417041081094
Moraga,,258630007,,2-DUA,0,2.0,1.2529824003999606
Moraga,,258630020,,2-DUA,0,2.0,3.368
Moraga,,258630023,,2-DUA,0,2.0,0.3840273026178884
Moraga,,258630022,,2-DUA,0,2.0,0.28712211442121893
Moraga,,258630012,,2-DUA,0,2.0,0.2920410207804903
Moraga,,258640012,,2-DUA,0,2.0,0.08
Moraga,,258630016,,2-DUA,0,2.0,0.350989508022358
Moraga,,258630018,,2-DUA,0,2.0,0.4058773162099677
Moraga,,258630017,,2-DUA,0,2.0,0.4150817628374101
Moraga,,258640008,,2-DUA,0,2.0,0.31295443433222886
Moraga,,258650027,,2-DUA,0,2.0,0.3825948687815031
Moraga,,258650026,,2-DUA,0,2.0,0.4740619650138082
Moraga,,258640007,,2-DUA,0,2.0,0.3458551781736904
Moraga,,258640005,,2-DUA,0,2.0,0.9845195663046212
Moraga,,258640004,,2-DUA,0,2.0,2.5167830651396863
Moraga,,258640011,,2-DUA,0,2.0,1.42
Moraga,,258640010,,OSM DT,0,0.0,1.454953971966245
Moraga,,258640009,,2-DUA,0,2.0,1.7186387730567538
Moraga,,258341017,,3-DUA,0,3.0,0.69
Moraga,,258341001,,3-DUA,0,3.0,0.4139122383637674
Moraga,,258332001,,3-DUA,0,3.0,0.7321288384521908
Moraga,,258341002,,3-DUA,0,3.0,0.32908436467480784
Moraga,,258342005,,3-DUA,0,3.0,0.2512719550193874
Moraga,,258342004,,3-DUA,0,3.0,0.3632714467984434
Moraga,,258341016,,3-DUA,0,3.0,0.5953835340380654
Moraga,,258341005,,3-DUA,0,3.0,0.5662429667510975
Moraga,,258341006,,3-DUA,0,3.0,0.24389796680671993
Moraga,,258341013,,3-DUA,0,3.0,0.234654052099399
Moraga,,258341007,,3-DUA,0,3.0,0.35857863733909046
Moraga,,258341012,,3-DUA,0,3.0,0.5355358556199447
Moraga,,258341014,,3-DUA,0,3.0,0.2633857688590048
Moraga,,258341009,,3-DUA,0,3.0,0.7825030927841143
Moraga,,258341008,,3-DUA,0,3.0,0.5728245315167433
Moraga,,258620001,,2-DUA,0,2.0,0.36311968746601075
Moraga,,258620002,,2-DUA,0,2.0,0.36579884518164024
Moraga,,258620003,,2-DUA,0,2.0,0.4240873784487231
Moraga,,258620004,,2-DUA,0,2.0,0.42303931368334624
Moraga,,258341010,,3-DUA,0,3.0,1.9165714337456945
Moraga,,258620007,,2-DUA,0,2.0,1.2128153978629743
Moraga,,258332016,,OSM DT,0,0.0,5.66
Moraga,,258630001,,2-DUA,0,2.0,1.1855212042548577
Moraga,,258341011,,3-DUA,0,3.0,0.7764071935957951
Moraga,,258353009,,3-DUA,0,3.0,0.6601885316135102
Moraga,,258353008,,3-DUA,0,3.0,0.591574276598179
Moraga,,258600004,,OSM DT,0,0.0,0.98
Moraga,,258353002,,3-DUA,0,3.0,0.4236195119747294
Moraga,,258353003,,3-DUA,0,3.0,0.45350903554204863
Moraga,,258353005,,3-DUA,0,3.0,0.5382072775779135
Moraga,,258353004,,3-DUA,0,3.0,0.47847663705092014
Moraga,,258353006,,3-DUA,0,3.0,0.548139445600237
Moraga,,258353007,,3-DUA,0,3.0,0.5700685175532959
Moraga,,258351004,,3-DUA,0,3.0,0.3183321509118433
Moraga,,258351012,,3-DUA,0,3.0,0.28117473631746787
Moraga,,258351006,,3-DUA,0,3.0,0.25736887437547945
Moraga,,258351005,,3-DUA,0,3.0,0.2751363992117596
Moraga,,258351007,,3-DUA,0,3.0,0.26241518658324303
Moraga,,258351009,,3-DUA,0,3.0,0.30064524540229803
Moraga,,258351010,,3-DUA,0,3.0,0.277743948242521
Moraga,,258351011,,3-DUA,0,3.0,0.26195816048123094
Moraga,,258352003,,3-DUA,0,3.0,0.35391223196174615
Moraga,,258352004,,3-DUA,0,3.0,0.3587525731769133
Moraga,,258321014,,3-DUA,0,3.0,0.6080073032121869
Moraga,,258321015,,3-DUA,0,3.0,0.5855446113699774
Moraga,,258321016,,3-DUA,0,3.0,0.5246987242683667
Moraga,,258352002,,3-DUA,0,3.0,0.37047145407177656
Moraga,,258281001,,3-DUA,0,3.0,0.40398864859996797
Moraga,,258352001,,3-DUA,0,3.0,0.379539921700566
Moraga,,258321017,,3-DUA,0,3.0,0.46741620559007974
Moraga,,258281002,,3-DUA,0,3.0,0.4300598836189587
Moraga,,258351013,,3-DUA,0,3.0,0.32090495023896004
Moraga,,258282010,,3-DUA,0,3.0,0.3451271559760229
Moraga,,258282009,,3-DUA,0,3.0,0.3713202656541423
Moraga,,258351003,,3-DUA,0,3.0,0.3592714333809587
Moraga,,258351002,,3-DUA,0,3.0,0.3958623804995078
Moraga,,258351001,,3-DUA,0,3.0,0.38157229761239936
Moraga,,258342001,,3-DUA,0,3.0,0.3682819381142528
Moraga,,258282008,,3-DUA,0,3.0,0.5792916533025908
Moraga,,258342002,,3-DUA,0,3.0,0.3429133258535967
Moraga,,258342003,,3-DUA,0,3.0,0.4270922566781207
Moraga,,258282007,,3-DUA,0,3.0,0.5955935016288563
Moraga,,258281003,,3-DUA,0,3.0,0.3094331304115691
Moraga,,258281004,,3-DUA,0,3.0,0.3138691325740213
Moraga,,258281005,,3-DUA,0,3.0,0.29335500920369645
Moraga,,258282005,,3-DUA,0,3.0,0.31718805202965267
Moraga,,258282006,,3-DUA,0,3.0,0.3960065480401413
Moraga,,258342006,,3-DUA,0,3.0,0.33314399380805554
Moraga,,258342009,,3-DUA,0,3.0,0.29286488246937536
Moraga,,258342008,,3-DUA,0,3.0,0.2624359427720607
Moraga,,258342007,,3-DUA,0,3.0,0.4224644235954453
Moraga,,258331015,,3-DUA,0,3.0,0.27210050883067616
Moraga,,258331016,,3-DUA,0,3.0,0.2928483771051208
Moraga,,258331013,,3-DUA,0,3.0,0.35677666295444416
Moraga,,258331014,,3-DUA,0,3.0,0.3709439568367029
Moraga,,258331008,,3-DUA,0,3.0,0.30107926092383785
Moraga,,258282002,,3-DUA,0,3.0,0.38153140354097775
Moraga,,258282003,,3-DUA,0,3.0,0.3329116103238807
Moraga,,258282004,,3-DUA,0,3.0,0.3253495298715598
Moraga,,258281010,,3-DUA,0,3.0,0.2923788639041313
Moraga,,258321021,,3-DUA,0,3.0,0.37164726718269087
Moraga,,258281011,,3-DUA,0,3.0,0.41
Moraga,,258281008,,3-DUA,0,3.0,0.284384242937413
Moraga,,257250026,,3-DUA,0,3.0,0.38391259209335027
Moraga,,257250025,,3-DUA,0,3.0,0.2915904171409692
Moraga,,257250024,,3-DUA,0,3.0,0.2881672914689676
Moraga,,257262008,,3-DUA,0,3.0,0.3123528959184567
Moraga,,257262007,,3-DUA,0,3.0,0.2651631879734693
Moraga,,257262004,,3-DUA,0,3.0,0.2440658821580142
Moraga,,257262005,,3-DUA,0,3.0,0.28056915842484903
Moraga,,257262006,,3-DUA,0,3.0,0.42773496128232885
Moraga,,258321019,,3-DUA,0,3.0,0.48717373687578736
Moraga,,258321018,,3-DUA,0,3.0,0.46365307818470725
Moraga,,257262003,,3-DUA,0,3.0,0.24412495981012133
Moraga,,257262002,,3-DUA,0,3.0,0.24138993801910333
Moraga,,257273043,,3-DUA,0,3.0,0.2964864538496253
Moraga,,257273044,,3-DUA,0,3.0,0.32096371733525314
Moraga,,257262001,,3-DUA,0,3.0,0.25997959842767243
Moraga,,257261011,,3-DUA,0,3.0,0.25179881537465904
Moraga,,257261010,,3-DUA,0,3.0,0.24520388729290013
Moraga,,257261034,,3-DUA,0,3.0,0.3240082939351823
Moraga,,257261009,,3-DUA,0,3.0,0.22971771133803603
Moraga,,257261008,,3-DUA,0,3.0,0.20961050899670258
Moraga,,257261035,,3-DUA,0,3.0,0.2353113573490076
Moraga,,257261033,,3-DUA,0,3.0,0.3365057243408268
Moraga,,257261012,,3-DUA,0,3.0,0.231211233423796
Moraga,,257261013,,3-DUA,0,3.0,0.22582769614035908
Moraga,,257261014,,3-DUA,0,3.0,0.23121041202611348
Moraga,,257261016,,3-DUA,0,3.0,0.296176420634788
Moraga,,257261015,,3-DUA,0,3.0,0.24642067445418014
Moraga,,257250022,,3-DUA,0,3.0,0.2948615871011296
Moraga,,257250023,,3-DUA,0,3.0,0.2965754486330198
Moraga,,257250020,,3-DUA,0,3.0,0.2513024442445636
Moraga,,257261017,,3-DUA,0,3.0,0.2505600278104685
Moraga,,257261018,,3-DUA,0,3.0,0.21529150960339838
Moraga,,257261019,,3-DUA,0,3.0,0.23209279688188308
Moraga,,257261030,,3-DUA,0,3.0,0.2293783232482461
Moraga,,257261032,,3-DUA,0,3.0,0.199335315070558
Moraga,,257261031,,3-DUA,0,3.0,0.24639646112938848
Moraga,,257261036,,3-DUA,0,3.0,0.21280812111749045
Moraga,,257261XXX,,3-DUA,0,3.0,0.0321339756746397
Moraga,,257261007,,3-DUA,0,3.0,0.22968075845167452
Moraga,,257261037,,3-DUA,0,3.0,0.2264623150187246
Moraga,,257261038,,3-DUA,0,3.0,0.230437769307345
Moraga,,257261029,,3-DUA,0,3.0,0.22955376176044037
Moraga,,257261020,,3-DUA,0,3.0,0.23135863126172407
Moraga,,257261021,,3-DUA,0,3.0,0.22782186288840303
Moraga,,257261022,,3-DUA,0,3.0,0.2352540254094258
Moraga,,257261028,,3-DUA,0,3.0,0.2270185416592229
Moraga,,257261027,,3-DUA,0,3.0,0.22689112666156408
Moraga,,257261026,,3-DUA,0,3.0,0.23224299294854558
Moraga,,257261025,,3-DUA,0,3.0,0.23685516639591972
Moraga,,257261041,,3-DUA,0,3.0,0.24363246046084286
Moraga,,257261040,,3-DUA,0,3.0,0.22774676364515242
Moraga,,257261003,,3-DUA,0,3.0,0.2264476915277872
Moraga,,257261002,,3-DUA,0,3.0,0.24501063428335507
Moraga,,257273028,,3-DUA,0,3.0,0.2348964083836986
Moraga,,257273029,,3-DUA,0,3.0,0.24164347828000696
Moraga,,257261004,,3-DUA,0,3.0,0.22691568491833664
Moraga,,257261039,,3-DUA,0,3.0,0.233335098115738
Moraga,,257261005,,3-DUA,0,3.0,0.2286086249566178
Moraga,,257261006,,3-DUA,0,3.0,0.2266067849974151
Moraga,,257273031,,3-DUA,0,3.0,0.24311916046611678
Moraga,,257273021,,3-DUA,0,3.0,0.23075885558154477
Moraga,,257273030,,3-DUA,0,3.0,0.24380559181424583
Moraga,,257273022,,3-DUA,0,3.0,0.22805811012662508
Moraga,,257273023,,3-DUA,0,3.0,0.21708952961878442
Moraga,,257273014,,3-DUA,0,3.0,0.2539934471051977
Moraga,,257273016,,3-DUA,0,3.0,0.2356540534060116
Moraga,,257273015,,3-DUA,0,3.0,0.24704354669051837
Moraga,,257273009,,3-DUA,0,3.0,0.24139600764760824
Moraga,,257273008,,3-DUA,0,3.0,0.2306634168633501
Moraga,,257273006,,3-DUA,0,3.0,0.23618937899907252
Moraga,,257273007,,3-DUA,0,3.0,0.23094564072331977
Moraga,,257273017,,3-DUA,0,3.0,0.28323034853487683
Moraga,,257273005,,3-DUA,0,3.0,0.24462839090911292
Moraga,,257273018,,3-DUA,0,3.0,0.5187642255318654
Moraga,,257273019,,3-DUA,0,3.0,0.44494039331881774
Moraga,,257273020,,3-DUA,0,3.0,0.2311291324538423
Moraga,,257273033,,3-DUA,0,3.0,0.240600398453721
Moraga,,257273032,,3-DUA,0,3.0,0.23895156392039923
Moraga,,257273045,,3-DUA,0,3.0,0.279699131169665
Moraga,,257273034,,3-DUA,0,3.0,0.2970198095159957
Moraga,,257273037,,3-DUA,0,3.0,0.3231146366729522
Moraga,,257273038,,3-DUA,0,3.0,0.48831721581428444
Moraga,,257273046,,3-DUA,0,3.0,0.27308534686792796
Moraga,,257273042,,3-DUA,0,3.0,0.2406619963539067
Moraga,,257273041,,3-DUA,0,3.0,0.2500212471053492
Moraga,,257273040,,3-DUA,0,3.0,0.3415697232104624
Moraga,,257273XXX,,3-DUA,0,3.0,0.019505245357483735
Moraga,,257273002,,3-DUA,0,3.0,0.25066759686042295
Moraga,,257273039,,3-DUA,0,3.0,0.41136246323064624
Moraga,,257273001,,3-DUA,0,3.0,0.2723973001967716
Moraga,,257272010,,3-DUA,0,3.0,0.23754301962866958
Moraga,,257272009,,3-DUA,0,3.0,0.23601125232040895
Moraga,,257272008,,3-DUA,0,3.0,0.23530143142120152
Moraga,,257273003,,3-DUA,0,3.0,0.2504692815843795
Moraga,,257273004,,3-DUA,0,3.0,0.2464122761879918
Moraga,,257272007,,3-DUA,0,3.0,0.23556563202831912
Moraga,,257272006,,3-DUA,0,3.0,0.2367329376136711
Moraga,,257272005,,3-DUA,0,3.0,0.23396128491773235
Moraga,,257272004,,3-DUA,0,3.0,0.23177324129513258
Moraga,,257281021,,3-DUA,0,3.0,0.2645588462781361
Moraga,,257281020,,3-DUA,0,3.0,0.25900477392678795
Moraga,,257281019,,3-DUA,0,3.0,0.34790986013208114
Moraga,,257281007,,3-DUA,0,3.0,0.2857568119405013
Moraga,,257281006,,3-DUA,0,3.0,0.35551561492551115
Moraga,,257281005,,3-DUA,0,3.0,0.359474227920182
Moraga,,257281004,,3-DUA,0,3.0,0.24460209296913116
Moraga,,257281003,,3-DUA,0,3.0,0.26527802397671113
Moraga,,257281008,,3-DUA,0,3.0,0.27307777383289406
Moraga,,257281009,,3-DUA,0,3.0,0.23253089400406915
Moraga,,257281018,,3-DUA,0,3.0,0.3493365786000432
Moraga,,257281017,,3-DUA,0,3.0,0.3819687176485281
Moraga,,257281002,,3-DUA,0,3.0,0.2656944166817127
Moraga,,257281001,,3-DUA,0,3.0,0.25192800668734305
Moraga,,257292037,,3-DUA,0,3.0,0.24663255585818222
Moraga,,258321005,,3-DUA,0,3.0,0.4276668019416177
Moraga,,258321001,,3-DUA,0,3.0,0.24351553196934808
Moraga,,258321002,,3-DUA,0,3.0,0.2391364947402839
Moraga,,258321003,,3-DUA,0,3.0,0.3260705809815145
Moraga,,258321004,,3-DUA,0,3.0,0.2618915484847819
Moraga,,258321010,,3-DUA,0,3.0,0.24912194573177326
Moraga,,258321009,,3-DUA,0,3.0,0.3312720424833455
Moraga,,258321011,,3-DUA,0,3.0,0.23839837365598038
Moraga,,258321012,,3-DUA,0,3.0,0.6489142669915778
Moraga,,258321013,,3-DUA,0,3.0,0.6031336245764395
Moraga,,258352005,,3-DUA,0,3.0,0.39928207736303095
Moraga,,258321007,,3-DUA,0,3.0,0.32700905838782657
Moraga,,258321008,,3-DUA,0,3.0,0.42019085581128823
Moraga,,258352006,,3-DUA,0,3.0,0.4085964640097141
Moraga,,258351008,,3-DUA,0,3.0,0.2573870630555665
Moraga,,258273032,,3-DUA,0,3.0,0.3913579258030453
Moraga,,258273015,,3-DUA,0,3.0,0.5345395438778555
Moraga,,258352007,,3-DUA,0,3.0,0.5383068704888864
Moraga,,258321006,,3-DUA,0,3.0,0.5975671681597575
Moraga,,258273014,,3-DUA,0,3.0,0.7498729272406126
Moraga,,258273013,,3-DUA,0,3.0,0.6661891587182805
Moraga,,258273012,,3-DUA,0,3.0,0.687828862866364
Moraga,,258273018,,3-DUA,0,3.0,0.6266825080138626
Moraga,,258272001,,3-DUA,0,3.0,0.3668047616710141
Moraga,,258272002,,3-DUA,0,3.0,0.4194217094723897
Moraga,,258272003,,3-DUA,0,3.0,0.41782664533555697
Moraga,,258353001,,3-DUA,0,3.0,0.3380650222014917
Moraga,,258271010,,3-DUA,0,3.0,0.33677769206486524
Moraga,,258271009,,3-DUA,0,3.0,0.3352006060354062
Moraga,,258271007,,3-DUA,0,3.0,0.3318623857755503
Moraga,,258271008,,3-DUA,0,3.0,0.33192585653716133
Moraga,,258271006,,3-DUA,0,3.0,0.3340403752428525
Moraga,,258271003,,3-DUA,0,3.0,0.3602097944977002
Moraga,,258271002,,3-DUA,0,3.0,0.4257702554043286
Moraga,,258273002,,3-DUA,0,3.0,0.22556774715691189
Moraga,,258273004,,3-DUA,0,3.0,0.2503094115694753
Moraga,,258273026,,3-DUA,0,3.0,0.29008956728832963
Moraga,,258273007,,3-DUA,0,3.0,0.23801059664466392
Moraga,,258271004,,3-DUA,0,3.0,0.33291334218022556
Moraga,,258271005,,3-DUA,0,3.0,0.3280471246127041
Moraga,,258273022,,3-DUA,0,3.0,0.5144240607264924
Moraga,,258273024,,3-DUA,0,3.0,0.2328695194103425
Moraga,,258273023,,3-DUA,0,3.0,0.5089090706699635
Moraga,,258273020,,3-DUA,0,3.0,0.22988578677297247
Moraga,,258273019,,3-DUA,0,3.0,0.4996958858267113
Moraga,,258273027,,3-DUA,0,3.0,0.27637243099896797
Moraga,,258273028,,3-DUA,0,3.0,0.3455513549500958
Moraga,,258273029,,3-DUA,0,3.0,0.4057936543928921
Moraga,,258273017,,3-DUA,0,3.0,10.003
Moraga,,258265005,,3-DUA,0,3.0,0.23
Moraga,,258264024,,3-DUA,0,3.0,0.2286014000312474
Moraga,,258264023,,3-DUA,0,3.0,0.2304307471197489
Moraga,,258264013,,3-DUA,0,3.0,0.23042644268115606
Moraga,,258264014,,3-DUA,0,3.0,0.22811565038732076
Moraga,,258264022,,3-DUA,0,3.0,0.2244702084176324
Moraga,,258264021,,3-DUA,0,3.0,0.2275664712964934
Moraga,,258264020,,3-DUA,0,3.0,0.23736500095478094
Moraga,,258264019,,3-DUA,0,3.0,0.29203742252664283
Moraga,,258264018,,3-DUA,0,3.0,0.27133242676107844
Moraga,,258264017,,3-DUA,0,3.0,0.2949450509182619
Moraga,,258264016,,3-DUA,0,3.0,0.2390753462982374
Moraga,,258264015,,3-DUA,0,3.0,0.22855171420773193
Moraga,,258264009,,3-DUA,0,3.0,0.22748927109717895
Moraga,,258264008,,3-DUA,0,3.0,0.22791186103963587
Moraga,,258264007,,3-DUA,0,3.0,0.22837773316639146
Moraga,,258264006,,3-DUA,0,3.0,0.23206480226253445
Moraga,,258264005,,3-DUA,0,3.0,0.23178554875287996
Moraga,,258263003,,3-DUA,0,3.0,0.23095204711430228
Moraga,,258263002,,3-DUA,0,3.0,0.22813109702877876
Moraga,,258263001,,3-DUA,0,3.0,0.23380567228706556
Moraga,,258264004,,3-DUA,0,3.0,0.23173375552429584
Moraga,,258230017,,3-DUA,0,3.0,0.22980607968459751
Moraga,,258230026,,3-DUA,0,3.0,0.22480218938885138
Moraga,,258264003,,3-DUA,0,3.0,0.23108481526725252
Moraga,,258264002,,3-DUA,0,3.0,0.22775780572819337
Moraga,,258264001,,3-DUA,0,3.0,0.22744897431983413
Moraga,,258273030,,3-DUA,0,3.0,1.1688808524692234
Moraga,,258273001,,3-DUA,0,3.0,0.3470533665649092
Moraga,,258271001,,3-DUA,0,3.0,0.36081383900248765
Moraga,,258230028,,3-DUA,0,3.0,0.22780192983483472
Moraga,,258230027,,3-DUA,0,3.0,0.22814001434877193
Moraga,,258230025,,3-DUA,0,3.0,0.2333845197417475
Moraga,,258230024,,3-DUA,0,3.0,0.22624621691271432
Moraga,,258230023,,3-DUA,0,3.0,0.2412650918318859
Moraga,,258230021,,3-DUA,0,3.0,0.2998594768198488
Moraga,,258230022,,3-DUA,0,3.0,0.3127180095715011
Moraga,,258230020,,3-DUA,0,3.0,0.2590686608690943
Moraga,,258230013,,3-DUA,0,3.0,0.3300121128350409
Moraga,,258230014,,3-DUA,0,3.0,0.24777252537181424
Moraga,,258230019,,3-DUA,0,3.0,0.22859106651056446
Moraga,,258230018,,3-DUA,0,3.0,0.23043355783457298
Moraga,,258230015,,3-DUA,0,3.0,0.2238715439694964
Moraga,,258230016,,3-DUA,0,3.0,0.22464101156418267
Moraga,,258230010,,3-DUA,0,3.0,0.22892734757174246
Moraga,,258230009,,3-DUA,0,3.0,0.23973925340263438
Moraga,,258740004,,3-DUA,0,3.0,0.311
Moraga,,258740005,,3-DUA,0,3.0,0.576
Moraga,,258230011,,3-DUA,0,3.0,0.2828665188237372
Moraga,,258230012,,3-DUA,0,3.0,0.1892306809594879
Moraga,,258740006,,3-DUA,0,3.0,0.576
Moraga,,258740007,,3-DUA,0,3.0,0.584
Moraga,,258740008,,3-DUA,0,3.0,0.730342285528124
Moraga,,258740009,,3-DUA,0,3.0,0.831
Moraga,,258600002,,OSM DT,0,0.0,23.58
Moraga,,258600001,,OSM DT,0,0.0,24.63
Moraga,,258693019,,2-DUA,0,2.0,1.1002612623689807
Moraga,,258693018,,2-DUA,0,2.0,1.0549266782550561
Moraga,,258693010,,2-DUA,0,2.0,0.6552071053802696
Moraga,,258693009,,2-DUA,0,2.0,0.5165837479116232
Moraga,,258693008,,2-DUA,0,2.0,0.5263283041033733
Moraga,,258693007,,2-DUA,0,2.0,0.43972199284526536
Moraga,,258693002,,2-DUA,0,2.0,0.19605428206010836
Moraga,,258693001,,2-DUA,0,2.0,0.35908344471577025
Moraga,,258702031,,2-DUA,0,2.0,0.180276301323459
Moraga,,258693005,,2-DUA,0,2.0,0.1987699851218292
Moraga,,258693022,,2-DUA,0,2.0,0.24635708325715147
Moraga,,258702032,,2-DUA,0,2.0,0.19243252990593757
Moraga,,258702003,,2-DUA,0,2.0,0.1908378939080289
Moraga,,258702033,,2-DUA,0,2.0,0.28052178766995345
Moraga,,258702005,,2-DUA,0,2.0,0.20876112393031532
Moraga,,258702034,,2-DUA,0,2.0,0.19757140272154186
Moraga,,258702021,,2-DUA,0,2.0,0.21563681788485187
Moraga,,258702035,,2-DUA,0,2.0,0.29478026587446476
Moraga,,258702012,,2-DUA,0,2.0,0.16881992197763884
Moraga,,258702013,,2-DUA,0,2.0,0.17294488001182298
Moraga,,258702010,,2-DUA,0,2.0,0.16644596289324026
Moraga,,258702011,,2-DUA,0,2.0,0.2713512133002748
Moraga,,258702009,,2-DUA,0,2.0,0.1964033543467292
Moraga,,258702008,,2-DUA,0,2.0,0.1710702186344125
Moraga,,258702027,,2-DUA,0,2.0,0.3305949789621173
Moraga,,258693014,,2-DUA,0,2.0,0.3994280776730609
Moraga,,258702028,,2-DUA,0,2.0,0.5134463316651328
Moraga,,258702029,,2-DUA,0,2.0,0.4986920431171751
Moraga,,258693003,,2-DUA,0,2.0,0.18388106428868314
Moraga,,258693006,,2-DUA,0,2.0,0.4758929662772544
Moraga,,258693013,,2-DUA,0,2.0,0.34348288685171147
Moraga,,258693012,,2-DUA,0,2.0,0.3285642285151599
Moraga,,258693011,,2-DUA,0,2.0,0.3361844127987316
Moraga,,258693017,,2-DUA,0,2.0,0.5871360777272293
Moraga,,258693016,,2-DUA,0,2.0,0.4424387822184178
Moraga,,258693020,,2-DUA,0,2.0,0.5436406266316939
Moraga,,258693021,,2-DUA,0,2.0,0.3912865518936925
Moraga,,258692002,,2-DUA,0,2.0,0.31048139981417844
Moraga,,258693015,,2-DUA,0,2.0,0.5060892925368132
Moraga,,258692004,,2-DUA,0,2.0,0.30104748548347215
Moraga,,258692003,,2-DUA,0,2.0,0.28288023622932157
Moraga,,258692008,,2-DUA,0,2.0,0.32023166338834586
Moraga,,258692009,,2-DUA,0,2.0,0.3445647633284508
Moraga,,258692007,,2-DUA,0,2.0,0.34552824867794535
Moraga,,258692005,,2-DUA,0,2.0,0.31567574384547775
Moraga,,258682012,,2-DUA,0,2.0,3.08
Moraga,,258692011,,2-DUA,0,2.0,0.41581136178053146
Moraga,,258702037,,2-DUA,0,2.0,0.4449552927536957
Moraga,,258702024,,2-DUA,0,2.0,0.31789705289172326
Moraga,,258702025,,2-DUA,0,2.0,0.3664731501562782
Moraga,,258701001,,2-DUA,0,2.0,0.4903396109604985
Moraga,,258691006,,2-DUA,0,2.0,0.5065690949115293
Moraga,,258691005,,2-DUA,0,2.0,0.485083432616707
Moraga,,258691003,,2-DUA,0,2.0,0.49307277943535094
Moraga,,258691004,,2-DUA,0,2.0,0.4845286588773639
Moraga,,258701004,,2-DUA,0,2.0,0.6779587309745162
Moraga,,258701003,,2-DUA,0,2.0,0.5709351615067766
Moraga,,258701002,,2-DUA,0,2.0,0.4873314391762139
Moraga,,258702023,,2-DUA,0,2.0,0.32834895055826363
Moraga,,258702022,,2-DUA,0,2.0,0.37458885281664195
Moraga,,258702030,,2-DUA,0,2.0,0.902
Moraga,,258701006,,2-DUA,0,2.0,0.7699119084503812
Moraga,,258701013,,2-DUA,0,2.0,0.664
Moraga,,258701012,,2-DUA,0,2.0,0.655
Moraga,,258701015,,2-DUA,0,2.0,0.6653542620646299
Moraga,,258701014,,2-DUA,0,2.0,0.667
Moraga,,258702017,,2-DUA,0,2.0,0.48533319295925686
Moraga,,258702016,,2-DUA,0,2.0,0.194018882786363
Moraga,,258702015,,2-DUA,0,2.0,0.17478875725347306
Moraga,,258702014,,2-DUA,0,2.0,0.21560794576795392
Moraga,,258702020,,2-DUA,0,2.0,0.26721979948798075
Moraga,,258702019,,2-DUA,0,2.0,0.2521946898197529
Moraga,,258702018,,2-DUA,0,2.0,0.23612912479369288
Moraga,,258160028,,OSM DT,0,0.0,7.0
Moraga,,258201003,,3-DUA,0,3.0,0.2563788324465043
Moraga,,258201004,,3-DUA,0,3.0,0.257976299348694
Moraga,,258201005,,3-DUA,0,3.0,0.246707339297175
Moraga,,258201006,,3-DUA,0,3.0,0.25978304254229606
Moraga,,258201007,,3-DUA,0,3.0,0.2846295789379188
Moraga,,258202008,,3-DUA,0,3.0,0.27862485670281134
Moraga,,258202007,,3-DUA,0,3.0,0.3253887727354106
Moraga,,258202006,,3-DUA,0,3.0,0.35603012369921094
Moraga,,258202005,,3-DUA,0,3.0,0.34548718831997655
Moraga,,258202004,,3-DUA,0,3.0,0.3390906930649636
Moraga,,258202003,,3-DUA,0,3.0,0.36179697391835314
Moraga,,258202002,,3-DUA,0,3.0,0.40042306594599025
Moraga,,258201001,,3-DUA,0,3.0,0.27516593039113185
Moraga,,258201002,,3-DUA,0,3.0,0.2454133549932483
Moraga,,258191026,,3-DUA,0,3.0,0.24026168826371733
Moraga,,258191025,,3-DUA,0,3.0,0.2298871351234456
Moraga,,258193003,,3-DUA,0,3.0,0.32896590466128806
Moraga,,258193002,,3-DUA,0,3.0,0.29947403173733994
Moraga,,258202001,,3-DUA,0,3.0,0.4131353098515036
Moraga,,258600014,,OSM DT,0,0.0,55.17574110900333
Moraga,,258600009,,OSM DT,0,0.0,0.435
Moraga,,258600010,,OSM DT,0,0.0,0.445
Moraga,,258600008,,OSM DT,0,0.0,0.489
Moraga,,258600007,,OSM DT,0,0.0,0.414
Moraga,,258600011,,OSM DT,0,0.0,0.404
Moraga,,258600012,,OSM DT,0,0.0,0.396
Moraga,,258600013,,OSM DT,0,0.0,0.43
Moraga,,258740011,,3-DUA,0,3.0,2.486
Moraga,,258184012,,3-DUA,0,3.0,0.31336345327624193
Moraga,,258184011,,3-DUA,0,3.0,0.2505166311874082
Moraga,,258184009,,3-DUA,0,3.0,0.2859942181138825
Moraga,,258380004,,1-DUA,0,1.0,2.6744565808630316
Moraga,,258184010,,3-DUA,0,3.0,0.296252471629042
Moraga,,258183013,,3-DUA,0,3.0,0.18134711267502815
Moraga,,258183009,,3-DUA,0,3.0,0.1814785861958385
Moraga,,258183012,,3-DUA,0,3.0,0.1919229460725497
Moraga,,258183014,,3-DUA,0,3.0,0.19271370953240077
Moraga,,258183015,,3-DUA,0,3.0,0.21634007123031315
Moraga,,258192002,,3-DUA,0,3.0,0.2929406179775008
Moraga,,258192001,,3-DUA,0,3.0,0.3799200332148308
Moraga,,258192004,,3-DUA,0,3.0,0.33047856538395276
Moraga,,258192003,,3-DUA,0,3.0,0.26140143470351074
Moraga,,258191007,,3-DUA,0,3.0,0.2021094555540811
Moraga,,258191008,,3-DUA,0,3.0,0.1890087446220967
Moraga,,258193001,,3-DUA,0,3.0,0.2983534032874257
Moraga,,258191024,,3-DUA,0,3.0,0.2340052373061652
Moraga,,258191023,,3-DUA,0,3.0,0.23276926626803396
Moraga,,258191022,,3-DUA,0,3.0,0.23271929321570578
Moraga,,258191011,,3-DUA,0,3.0,0.24584079133517814
Moraga,,258191010,,3-DUA,0,3.0,0.21255143746364333
Moraga,,258191009,,3-DUA,0,3.0,0.1957301378338381
Moraga,,258191006,,3-DUA,0,3.0,0.24018085771120806
Moraga,,258191005,,3-DUA,0,3.0,0.4328005094389828
Moraga,,258481012,,3-DUA,0,3.0,0.6677910670438527
Moraga,,258191004,,3-DUA,0,3.0,0.283936629247131
Moraga,,258191002,,3-DUA,0,3.0,0.20198258155433596
Moraga,,258191001,,3-DUA,0,3.0,0.21983645425098902
Moraga,,258183007,,3-DUA,0,3.0,0.38445368712120315
Moraga,,258191003,,3-DUA,0,3.0,0.4300370264655789
Moraga,,258183006,,3-DUA,0,3.0,0.4159829045868374
Moraga,,258183008,,3-DUA,0,3.0,0.19343755798216317
Moraga,,258183004,,3-DUA,0,3.0,0.2099965839071796
Moraga,,258183005,,3-DUA,0,3.0,0.3035111165852129
Moraga,,258481001,,3-DUA,0,3.0,0.5176859378718294
Moraga,,258183001,,3-DUA,0,3.0,0.22516846193473372
Moraga,,258481002,,3-DUA,0,3.0,0.5559313729967947
Moraga,,258481011,,3-DUA,0,3.0,0.8300469220435625
Moraga,,258481010,,3-DUA,0,3.0,0.36555066659366975
Moraga,,258481009,,3-DUA,0,3.0,0.31290493068529857
Moraga,,258481003,,3-DUA,0,3.0,0.42569801442131516
Moraga,,258481004,,3-DUA,0,3.0,0.34236695157548
Moraga,,258482006,,3-DUA,0,3.0,0.486296533705301
Moraga,,258541017,,3-DUA,0,3.0,0.5842676816510298
Moraga,,258482005,,3-DUA,0,3.0,0.374197465961499
Moraga,,258541016,,3-DUA,0,3.0,0.37064189077952336
Moraga,,258541015,,3-DUA,0,3.0,0.3938992742545009
Moraga,,258541014,,3-DUA,0,3.0,0.33742381746711425
Moraga,,258482004,,3-DUA,0,3.0,0.38268424272765184
Moraga,,258482003,,3-DUA,0,3.0,0.32643521900133987
Moraga,,258482002,,3-DUA,0,3.0,0.31333696201370925
Moraga,,258482001,,3-DUA,0,3.0,0.3692670335457476
Moraga,,258481006,,3-DUA,0,3.0,0.25197852436675566
Moraga,,258481005,,3-DUA,0,3.0,0.34800948861093006
Moraga,,258481007,,3-DUA,0,3.0,0.23564595022287835
Moraga,,258481008,,3-DUA,0,3.0,0.26423518559660814
Moraga,,258481016,,3-DUA,0,3.0,0.3637268769375752
Moraga,,258481017,,3-DUA,0,3.0,0.3430281035323804
Moraga,,258481018,,3-DUA,0,3.0,0.3423137905514612
Moraga,,258542001,,3-DUA,0,3.0,0.2716045629261851
Moraga,,258542002,,3-DUA,0,3.0,0.3876158308308658
Moraga,,258191028,,3-DUA,0,3.0,0.4824794532717756
Moraga,,258481015,,3-DUA,0,3.0,0.32544178898246034
Moraga,,258481014,,3-DUA,0,3.0,0.8254688972194879
Moraga,,258481013,,3-DUA,0,3.0,0.7120488972678883
Moraga,,258191014,,3-DUA,0,3.0,0.24533249574092303
Moraga,,258191013,,3-DUA,0,3.0,0.3093427382497267
Moraga,,258191012,,3-DUA,0,3.0,0.3035344033064696
Moraga,,258191020,,3-DUA,0,3.0,0.22478075290992036
Moraga,,258191021,,3-DUA,0,3.0,0.23747451999309668
Moraga,,258191019,,3-DUA,0,3.0,0.23826257356791328
Moraga,,258191018,,3-DUA,0,3.0,0.23710773023871853
Moraga,,258191017,,3-DUA,0,3.0,0.3006476023455839
Moraga,,258191016,,3-DUA,0,3.0,0.29293308328346623
Moraga,,258530032,,3-DUA,0,3.0,1.8690075100717345
Moraga,,258530027,,3-DUA,0,3.0,0.3406860921942086
Moraga,,258530028,,3-DUA,0,3.0,0.3665996436164279
Moraga,,258530026,,3-DUA,0,3.0,0.3940232396739336
Moraga,,258541007,,3-DUA,0,3.0,0.36525834067484947
Moraga,,258541004,,3-DUA,0,3.0,0.9135158538756987
Moraga,,258541008,,3-DUA,0,3.0,0.434174787497747
Moraga,,258541003,,3-DUA,0,3.0,0.520560431074677
Moraga,,258541005,,3-DUA,0,3.0,0.5129194976161469
Moraga,,258541006,,3-DUA,0,3.0,0.36915863025925544
Moraga,,258541009,,3-DUA,0,3.0,0.40622029483483274
Moraga,,258541010,,3-DUA,0,3.0,0.47477364654403703
Moraga,,258541025,,3-DUA,0,3.0,0.23354478988112692
Moraga,,258541011,,3-DUA,0,3.0,0.4065414591271884
Moraga,,258541012,,3-DUA,0,3.0,0.3739029121378271
Moraga,,258541013,,3-DUA,0,3.0,0.3709752986026317
Moraga,,258541024,,3-DUA,0,3.0,0.2753035985651009
Moraga,,258541023,,3-DUA,0,3.0,0.2968425368454518
Moraga,,258541022,,3-DUA,0,3.0,0.2934956601206705
Moraga,,258491007,,3-DUA,0,3.0,0.35636615670827987
Moraga,,258541029,,3-DUA,0,3.0,0.3362691446084765
Moraga,,258530001,,3-DUA,0,3.0,0.26855924110545487
Moraga,,258530002,,3-DUA,0,3.0,0.2810727237829219
Moraga,,258541028,,3-DUA,0,3.0,0.3053715367426016
Moraga,,258541027,,3-DUA,0,3.0,0.2343533153756541
Moraga,,258541026,,3-DUA,0,3.0,0.23698855370364175
Moraga,,258530004,,3-DUA,0,3.0,0.27066210962294884
Moraga,,258530005,,3-DUA,0,3.0,0.3089884893624259
Moraga,,258530006,,3-DUA,0,3.0,0.26653173904191874
Moraga,,258530003,,3-DUA,0,3.0,0.2640278501437749
Moraga,,258530007,,3-DUA,0,3.0,0.2498400471152737
Moraga,,258530008,,3-DUA,0,3.0,0.23501418428033313
Moraga,,258530009,,3-DUA,0,3.0,0.27732247706639374
Moraga,,258530019,,3-DUA,0,3.0,0.3495661517363683
Moraga,,258530020,,3-DUA,0,3.0,0.5158531944477762
Moraga,,258530021,,3-DUA,0,3.0,0.5624592686140656
Moraga,,258530022,,3-DUA,0,3.0,0.5158029705830705
Moraga,,258530023,,3-DUA,0,3.0,0.3753522874949456
Moraga,,258530025,,3-DUA,0,3.0,0.4100165432462823
Moraga,,258530024,,3-DUA,0,3.0,0.3058510353303279
Moraga,,258530029,,3-DUA,0,3.0,0.4274038520543975
Moraga,,258530030,,3-DUA,0,3.0,0.9530572449309287
Moraga,,258530031,,3-DUA,0,3.0,0.9181471199142137
Moraga,,258561084,,6-DUA,3,6.0,0.03179669044096796
Moraga,,258561083,,6-DUA,3,6.0,0.030133914898902405
Moraga,,258561082,,6-DUA,3,6.0,0.032143127357500606
Moraga,,258561081,,6-DUA,3,6.0,0.031367920788980035
Moraga,,258561086,,6-DUA,3,6.0,0.031939198507512895
Moraga,,258561075,,6-DUA,3,6.0,0.029988961877520776
Moraga,,258561076,,6-DUA,3,6.0,0.03178473122520393
Moraga,,258561077,,6-DUA,3,6.0,0.03146928006679977
Moraga,,258561078,,6-DUA,3,6.0,0.03148979479330737
Moraga,,258561080,,6-DUA,3,6.0,0.03131849787223297
Moraga,,258561079,,6-DUA,3,6.0,0.032208302815256225
Moraga,,258561061,,6-DUA,3,6.0,0.030987398624987363
Moraga,,258561060,,6-DUA,3,6.0,0.03127779509598347
Moraga,,258561059,,6-DUA,3,6.0,0.031304041089373034
Moraga,,258561055,,6-DUA,3,6.0,0.031688502321622916
Moraga,,258561057,,6-DUA,3,6.0,0.031896244733237204
Moraga,,258561058,,6-DUA,3,6.0,0.030557022023364407
Moraga,,258561056,,6-DUA,3,6.0,0.03064886722176214
Moraga,,258561054,,6-DUA,3,6.0,0.031200426053992446
Moraga,,258561053,,6-DUA,3,6.0,0.03237534514623139
Moraga,,258561052,,6-DUA,3,6.0,0.03141966335788758
Moraga,,258561051,,6-DUA,3,6.0,0.028576115901600467
Moraga,,258561050,,6-DUA,3,6.0,0.028796101775702288
Moraga,,258561049,,6-DUA,3,6.0,0.02806942217009216
Moraga,,258561048,,6-DUA,3,6.0,0.03116610260045266
Moraga,,258561044,,6-DUA,3,6.0,0.02740461400707886
Moraga,,258561045,,6-DUA,3,6.0,0.029173053589197164
Moraga,,258561046,,6-DUA,3,6.0,0.027762156201913288
Moraga,,258561047,,6-DUA,3,6.0,0.03143412539357471
Moraga,,258561092,,6-DUA,3,6.0,4.834730593253605
Moraga,,258561039,,6-DUA,3,6.0,0.03227032877155175
Moraga,,258561040,,6-DUA,3,6.0,0.031495143596156246
Moraga,,258561041,,6-DUA,3,6.0,0.029502173172985983
Moraga,,258561062,,6-DUA,3,6.0,0.028881653049628843
Moraga,,258561043,,6-DUA,3,6.0,0.02922999933461706
Moraga,,258561042,,6-DUA,3,6.0,0.02807636762579493
Moraga,,258561091,,6-DUA,3,6.0,4.2520625773575205
Moraga,,258561063,,6-DUA,3,6.0,0.02932406272785212
Moraga,,258561072,,6-DUA,3,6.0,0.03132169390390681
Moraga,,258561071,,6-DUA,3,6.0,0.030321013369161195
Moraga,,258561073,,6-DUA,3,6.0,0.03201458430486259
Moraga,,258561070,,6-DUA,3,6.0,0.030822763484729135
Moraga,,258561069,,6-DUA,3,6.0,0.028796134328348693
Moraga,,258561074,,6-DUA,3,6.0,0.03210593410015566
Moraga,,258561064,,6-DUA,3,6.0,0.03157618429637165
Moraga,,258561068,,6-DUA,3,6.0,0.03143474182524045
Moraga,,258440098,,6-DUA,3,6.0,0.12090166927040058
Moraga,,258440099,,6-DUA,3,6.0,0.13934725782581137
Moraga,,258561036,,6-DUA,3,6.0,0.0308364779736449
Moraga,,258561065,,6-DUA,3,6.0,0.03095845512898553
Moraga,,258561037,,6-DUA,3,6.0,0.028193191052739493
Moraga,,258561038,,6-DUA,3,6.0,0.02788010167801316
Moraga,,258593011,,6-DUA,3,6.0,0.03027856434529942
Moraga,,258593004,,6-DUA,3,6.0,0.2197769686866847
Moraga,,258593001,,6-DUA,3,6.0,0.16385726517454957
Moraga,,258440107,,6-DUA,3,6.0,0.10473869135725397
Moraga,,258440106,,6-DUA,3,6.0,0.05807601794102745
Moraga,,258440105,,6-DUA,3,6.0,0.05909372914554341
Moraga,,258440104,,6-DUA,3,6.0,0.057447806393753534
Moraga,,258440103,,6-DUA,3,6.0,0.061525620531740814
Moraga,,258440102,,6-DUA,3,6.0,0.13231248827277436
Moraga,,258592005,,6-DUA,3,6.0,0.16339964335578322
Moraga,,258441024,,6-DUA,3,6.0,0.07096632642746387
Moraga,,258441023,,6-DUA,3,6.0,0.05401717350336044
Moraga,,258441022,,6-DUA,3,6.0,0.11121259779705124
Moraga,,258592004,,6-DUA,3,6.0,0.15697244626135454
Moraga,,258592006,,6-DUA,3,6.0,0.02935749484953618
Moraga,,258592007,,6-DUA,3,6.0,0.02935749484953618
Moraga,,258592003,,6-DUA,3,6.0,0.1110109643449686
Moraga,,258593013,,6-DUA,3,6.0,0.01952188127485828
Moraga,,258593015,,6-DUA,3,6.0,0.01952188127485828
Moraga,,258592014,,6-DUA,3,6.0,0.1670509311909121
Moraga,,258593017,,6-DUA,3,6.0,0.029832739635146977
Moraga,,258593018,,6-DUA,3,6.0,0.029832739635146977
Moraga,,258593019,,6-DUA,3,6.0,0.14843759788719946
Moraga,,258593010,,6-DUA,3,6.0,0.01679742075421707
Moraga,,258593009,,6-DUA,3,6.0,0.022353499737417234
Moraga,,258593003,,6-DUA,3,6.0,0.14603117641821012
Moraga,,258561032,,6-DUA,3,6.0,0.028283191688548974
Moraga,,258561031,,6-DUA,3,6.0,0.030931264591875066
Moraga,,258561030,,6-DUA,3,6.0,0.028569266555952978
Moraga,,258561029,,6-DUA,3,6.0,0.029416607758333223
Moraga,,258591016,,6-DUA,3,6.0,0.030018627636114858
Moraga,,258591001,,6-DUA,3,6.0,0.2238533432762118
Moraga,,258591015,,6-DUA,3,6.0,0.016779315215291454
Moraga,,258591014,,6-DUA,3,6.0,0.022112153531356694
Moraga,,258591003,,6-DUA,3,6.0,0.17098537858883084
Moraga,,258591017,,6-DUA,3,6.0,0.029114320738460642
Moraga,,258591018,,6-DUA,3,6.0,0.029114320738460642
Moraga,,258591020,,6-DUA,3,6.0,0.023141950783638475
Moraga,,258591002,,6-DUA,3,6.0,0.09644357148404846
Moraga,,258561003,,6-DUA,3,6.0,0.029006153467710273
Moraga,,258561002,,6-DUA,3,6.0,0.030752148648669212
Moraga,,258561001,,6-DUA,3,6.0,0.03104014795149566
Moraga,,258561010,,6-DUA,3,6.0,0.02970457201918693
Moraga,,258561023,,6-DUA,3,6.0,0.03060260863021335
Moraga,,258561024,,6-DUA,3,6.0,0.029731745452984668
Moraga,,258561025,,6-DUA,3,6.0,0.030481059572937834
Moraga,,258561027,,6-DUA,3,6.0,0.031076674827839976
Moraga,,258561026,,6-DUA,3,6.0,0.031088320398145214
Moraga,,258561028,,6-DUA,3,6.0,0.029546324619017798
Moraga,,258561033,,6-DUA,3,6.0,0.029808240695889172
Moraga,,258561034,,6-DUA,3,6.0,0.03082818223908919
Moraga,,258561035,,6-DUA,3,6.0,0.030802019852481002
Moraga,,258561022,,6-DUA,3,6.0,0.030799365036054537
Moraga,,258561021,,6-DUA,3,6.0,0.031535617502478505
Moraga,,258561020,,6-DUA,3,6.0,0.03110071402414279
Moraga,,258520001,,R-12,6,12.0,5.35
Moraga,,258561019,,6-DUA,3,6.0,0.030976663751652592
Moraga,,258561018,,6-DUA,3,6.0,0.03128039630755216
Moraga,,258561017,,6-DUA,3,6.0,0.031154797385779132
Moraga,,258561016,,6-DUA,3,6.0,0.0318533847865947
Moraga,,258561015,,6-DUA,3,6.0,0.030443829247588126
Moraga,,258561014,,6-DUA,3,6.0,0.032080793302036524
Moraga,,258561013,,6-DUA,3,6.0,0.03192074299082566
Moraga,,258561012,,6-DUA,3,6.0,0.03244065696590429
Moraga,,258561011,,6-DUA,3,6.0,0.030368984001723547
Moraga,,258561009,,6-DUA,3,6.0,0.032184940645900245
Moraga,,258561006,,6-DUA,3,6.0,0.031619471384522306
Moraga,,258561007,,6-DUA,3,6.0,0.030654907621185543
Moraga,,258561008,,6-DUA,3,6.0,0.03144756025081729
Moraga,,258561005,,6-DUA,3,6.0,0.03161160295585916
Moraga,,258561004,,6-DUA,3,6.0,0.030691215456390076
Moraga,,258530018,,3-DUA,0,3.0,0.3343459140323541
Moraga,,258530017,,3-DUA,0,3.0,0.3424354673307612
Moraga,,258530016,,3-DUA,0,3.0,0.5755125655501753
Moraga,,258530015,,3-DUA,0,3.0,0.4717642606995438
Moraga,,258530012,,3-DUA,0,3.0,0.24889489422944994
Moraga,,258530011,,3-DUA,0,3.0,0.24927438404613989
Moraga,,258530010,,3-DUA,0,3.0,0.2411846679699813
Moraga,,258492001,,3-DUA,0,3.0,0.27016191623613733
Moraga,,258492002,,3-DUA,0,3.0,0.272538453906111
Moraga,,258491006,,3-DUA,0,3.0,0.3860028889284699
Moraga,,258541021,,3-DUA,0,3.0,0.31561509825898776
Moraga,,258491005,,3-DUA,0,3.0,0.3558101443930003
Moraga,,258492003,,3-DUA,0,3.0,0.298716490619061
Moraga,,258492004,,3-DUA,0,3.0,0.33730707855333086
Moraga,,258492005,,3-DUA,0,3.0,0.49845090018734317
Moraga,,258530013,,3-DUA,0,3.0,0.4087655776110328
Moraga,,258530014,,3-DUA,0,3.0,0.5151163016212266
Moraga,,258550025,,R-12,6,12.0,2.09
Moraga,,258410026,,MCSP R-6,3,6.0,6.0
Moraga,,258550009,,R-12,6,12.0,0.02115012424193954
Moraga,,258550010,,R-12,6,12.0,0.0173935530321034
Moraga,,258550011,,R-12,6,12.0,0.017955661762383893
Moraga,,258550012,,R-12,6,12.0,0.018209493205461894
Moraga,,258550013,,R-12,6,12.0,0.02138689391664993
Moraga,,258550014,,R-12,6,12.0,0.02004412371122091
Moraga,,258550005,,R-12,6,12.0,0.02004204198350822
Moraga,,258550004,,R-12,6,12.0,0.017710117966959194
Moraga,,258550003,,R-12,6,12.0,0.019185071182945247
Moraga,,258550001,,R-12,6,12.0,0.020255150422986912
Moraga,,258550002,,R-12,6,12.0,0.017838476074043055
Moraga,,258550008,,R-12,6,12.0,0.02042579756652206
Moraga,,258550007,,R-12,6,12.0,0.016771773686658862
Moraga,,258550006,,R-12,6,12.0,0.01990780740936924
Moraga,,258550015,,R-12,6,12.0,0.018321472162913074
Moraga,,258550016,,R-12,6,12.0,0.017320315345157156
Moraga,,258550017,,R-12,6,12.0,0.020006390535016995
Moraga,,258550018,,R-12,6,12.0,0.020407134923580584
Moraga,,258550019,,R-12,6,12.0,0.01819007141445164
Moraga,,258550020,,R-12,6,12.0,0.019860383367763988
Moraga,,258550021,,R-12,6,12.0,0.02140893097633404
Moraga,,258550022,,R-12,6,12.0,0.020557895709013552
Moraga,,258550023,,R-12,6,12.0,0.020372886015152643
Moraga,,258550024,,R-12,6,12.0,0.02001186535733965
Moraga,,255321008,,MCSP-C,0,0.0,2.889
Moraga,,255620002,,MCSP-C,0,0.0,0.4
Moraga,,255620003,,MCSP-C,0,0.0,0.069
Moraga,,255620004,,MCSP-C,0,0.0,0.51
Moraga,,255321009,,MCSP-C,0,0.0,0.37
Moraga,,255620005,,MCSP-C,0,0.0,0.53
Moraga,,255620010,,MCSP-C,0,0.0,0.43
Moraga,,255620009,,MCSP-C,0,0.0,0.47
Moraga,,257500005,,MCSP-OR,0,12.0,2.036
Moraga,,257500006,,R-20-B,12,20.0,6.135
Moraga,,258400017,,MCSP-OR,0,12.0,2.2
Moraga,,258410002,,MCSP-OR,0,12.0,0.786
Moraga,,257500003,,MCSP-OR,0,12.0,1.87
Moraga,,258410011,,MCSP-OR,0,12.0,0.628
Moraga,,258410012,,MCSP-OR,0,12.0,0.372
Moraga,,258410028,,3-DUA,0,3.0,0.3174408641897271
Moraga,,258410041,,MCSP-OR,0,12.0,0.74
Moraga,,258410040,,MCSP-OR,0,12.0,0.72
Moraga,,258410024,,MCSP-OR,0,12.0,0.3876958114214321
Moraga,,258410023,,MCSP-OR,0,12.0,0.3887143200954064
Moraga,,258410039,,MCSP-OR,0,12.0,0.61
Moraga,,258410029,,3-DUA,0,3.0,0.36179910122004855
Moraga,,258410030,,3-DUA,0,3.0,0.408506044166722
Moraga,,258400011,,3-DUA,0,3.0,0.2373499797833177
Moraga,,258400010,,3-DUA,0,3.0,0.2591601070475876
Moraga,,258400009,,3-DUA,0,3.0,0.2671700401698819
Moraga,,258400008,,3-DUA,0,3.0,0.20532390562462569
Moraga,,258400005,,3-DUA,0,3.0,0.22265920522283486
Moraga,,258400007,,3-DUA,0,3.0,0.23908512659343611
Moraga,,258410031,,3-DUA,0,3.0,0.7244429517837481
Moraga,,258410032,,3-DUA,0,3.0,0.2557310065273777
Moraga,,258410038,,3-DUA,0,3.0,0.2790834713784725
Moraga,,258400006,,3-DUA,0,3.0,0.2635186503276192
Moraga,,258410034,,3-DUA,0,3.0,0.3112150493248487
Moraga,,258182028,,3-DUA,0,3.0,0.26476556005686697
Moraga,,258182011,,3-DUA,0,3.0,0.2909018222987393
Moraga,,258410036,,3-DUA,0,3.0,0.2510641925652347
Moraga,,258410037,,3-DUA,0,3.0,0.2644667299378684
Moraga,,258410033,,3-DUA,0,3.0,0.31246848544343364
Moraga,,258410016,,MCSP-OR,0,12.0,0.296
Moraga,,258410035,,3-DUA,0,3.0,0.2535878634697226
Moraga,,258491001,,3-DUA,0,3.0,1.0201109477461892
Moraga,,258491002,,3-DUA,0,3.0,0.4920081208223307
Moraga,,258491003,,3-DUA,0,3.0,0.4624373975127416
Moraga,,258491004,,3-DUA,0,3.0,0.3805689300170246
Moraga,,258541020,,3-DUA,0,3.0,0.2898328579016258
Moraga,,258541019,,3-DUA,0,3.0,0.4041157436582477
Moraga,,258541018,,3-DUA,0,3.0,0.9230561330524482
Moraga,,258482008,,3-DUA,0,3.0,0.7245020413146861
Moraga,,258182012,,3-DUA,0,3.0,0.2411627495176485
Moraga,,258182014,,3-DUA,0,3.0,0.21370887601920813
Moraga,,258182013,,3-DUA,0,3.0,0.3094902817223096
Moraga,,258482007,,3-DUA,0,3.0,0.43097607257034953
Moraga,,258182025,,3-DUA,0,3.0,0.22658854459176933
Moraga,,258182024,,3-DUA,0,3.0,0.23443608113517111
Moraga,,258182023,,3-DUA,0,3.0,0.20040058997482454
Moraga,,258183002,,3-DUA,0,3.0,0.19713435384567943
Moraga,,258183003,,3-DUA,0,3.0,0.1765761098280541
Moraga,,258183010,,3-DUA,0,3.0,0.1874586526487114
Moraga,,258182021,,3-DUA,0,3.0,0.18538364479273708
Moraga,,258182022,,3-DUA,0,3.0,0.18401003137015176
Moraga,,258182016,,3-DUA,0,3.0,0.18588316987969097
Moraga,,258182017,,3-DUA,0,3.0,0.18781024525328693
Moraga,,258182018,,3-DUA,0,3.0,0.1877484728775851
Moraga,,258182006,,3-DUA,0,3.0,0.19746272584212535
Moraga,,258182007,,3-DUA,0,3.0,0.19204452546179615
Moraga,,258182008,,3-DUA,0,3.0,0.18387829513313306
Moraga,,258182015,,3-DUA,0,3.0,0.19512824180832133
Moraga,,258182009,,3-DUA,0,3.0,0.19176477822176355
Moraga,,258182010,,3-DUA,0,3.0,0.17844715282983947
Moraga,,258182027,,3-DUA,0,3.0,0.24860948052742532
Moraga,,258182026,,3-DUA,0,3.0,0.24634008329471022
Moraga,,258181010,,3-DUA,0,3.0,0.24478935189077258
Moraga,,258182001,,3-DUA,0,3.0,0.1868617436110256
Moraga,,258182002,,3-DUA,0,3.0,0.18409952052147194
Moraga,,258182003,,3-DUA,0,3.0,0.18990191330331285
Moraga,,258181006,,3-DUA,0,3.0,0.1920403683998565
Moraga,,258181007,,3-DUA,0,3.0,0.1811097335005981
Moraga,,258181008,,3-DUA,0,3.0,0.18563002256441935
Moraga,,258181009,,3-DUA,0,3.0,0.23764978779338336
Moraga,,258400004,,3-DUA,0,3.0,0.19577712000194356
Moraga,,258400003,,3-DUA,0,3.0,0.18541498973641352
Moraga,,258400002,,3-DUA,0,3.0,0.2020885733695741
Moraga,,258400001,,3-DUA,0,3.0,0.2115835969258625
Moraga,,258210015,,3-DUA,0,3.0,0.25050263996522837
Moraga,,258181005,,3-DUA,0,3.0,0.2028612483811401
Moraga,,258182004,,3-DUA,0,3.0,0.19505565153536844
Moraga,,258223001,,3-DUA,0,3.0,0.24353195585429807
Moraga,,258184001,,3-DUA,0,3.0,0.25542153418425917
Moraga,,258184002,,3-DUA,0,3.0,0.25123895953884073
Moraga,,258223002,,3-DUA,0,3.0,0.21980699893060218
Moraga,,258223003,,3-DUA,0,3.0,0.23550533494972398
Moraga,,258184003,,3-DUA,0,3.0,0.26142663017478923
Moraga,,258380001,,3-DUA,0,3.0,0.2668582107322727
Moraga,,258184004,,3-DUA,0,3.0,0.26759120712804485
Moraga,,258182005,,3-DUA,0,3.0,0.19754978952650784
Moraga,,258182019,,3-DUA,0,3.0,0.1806839620027704
Moraga,,258182020,,3-DUA,0,3.0,0.18496493884122048
Moraga,,258183011,,3-DUA,0,3.0,0.17097826591111093
Moraga,,258184008,,3-DUA,0,3.0,0.29101614859352026
Moraga,,258184007,,3-DUA,0,3.0,0.2470978132584875
Moraga,,258184006,,3-DUA,0,3.0,0.2702452966233445
Moraga,,258380002,,3-DUA,0,3.0,0.43804072959085194
Moraga,,258184005,,3-DUA,0,3.0,0.2640234979403435
Moraga,,258222001,,3-DUA,0,3.0,0.17624174735727904
Moraga,,258380006,,3-DUA,0,3.0,0.2613470236702954
Moraga,,258380013,,3-DUA,0,3.0,0.47096882876190116
Moraga,,258380005,,3-DUA,0,3.0,0.3581419099182872
Moraga,,258380003,,3-DUA,0,3.0,0.4983142738875811
Moraga,,258380014,,3-DUA,0,3.0,0.6358330761642116
Moraga,,258380015,,3-DUA,0,3.0,0.3966861669008577
Moraga,,258380010,,3-DUA,0,3.0,0.3081715660439492
Moraga,,258380011,,3-DUA,0,3.0,0.3370753205288714
Moraga,,258380012,,3-DUA,0,3.0,0.6290966970141678
Moraga,,258222005,,3-DUA,0,3.0,0.1953805448535525
Moraga,,258222006,,3-DUA,0,3.0,0.19980280312212043
Moraga,,258222007,,3-DUA,0,3.0,0.2016878439299659
Moraga,,258222008,,3-DUA,0,3.0,0.1923370291072395
Moraga,,258221008,,3-DUA,0,3.0,0.25224591278443936
Moraga,,258221007,,3-DUA,0,3.0,0.2895984321895881
Moraga,,258221006,,3-DUA,0,3.0,0.3296816985510781
Moraga,,258221005,,3-DUA,0,3.0,0.21124245951032639
Moraga,,258221011,,3-DUA,0,3.0,0.21545019227497125
Moraga,,258221012,,3-DUA,0,3.0,0.258546168002716
Moraga,,258221013,,3-DUA,0,3.0,0.2427729385557977
Moraga,,258221018,,3-DUA,0,3.0,0.24855138704372623
Moraga,,258221019,,3-DUA,0,3.0,0.1899084271634463
Moraga,,258221017,,3-DUA,0,3.0,0.20159985341824646
Moraga,,258221001,,3-DUA,0,3.0,0.19048588615552853
Moraga,,258221003,,3-DUA,0,3.0,0.20334373525980026
Moraga,,258221002,,3-DUA,0,3.0,0.1971115879362474
Moraga,,258221004,,3-DUA,0,3.0,0.20312949339844008
Moraga,,258222004,,3-DUA,0,3.0,0.22719793507810532
Moraga,,258222002,,3-DUA,0,3.0,0.18077119415650936
Moraga,,258222003,,3-DUA,0,3.0,0.17785380280811125
Moraga,,258210016,,3-DUA,0,3.0,0.2865115746905847
Moraga,,258210018,,3-DUA,0,3.0,0.3088559731116981
Moraga,,258210017,,3-DUA,0,3.0,0.2803334343216955
Moraga,,258210014,,3-DUA,0,3.0,0.29057964166518546
Moraga,,258210013,,3-DUA,0,3.0,0.2925350353825382
Moraga,,258210012,,3-DUA,0,3.0,0.22329534333819143
Moraga,,258210011,,3-DUA,0,3.0,0.19033607007956233
Moraga,,258210051,,3-DUA,0,3.0,0.26895957854439634
Moraga,,258210050,,3-DUA,0,3.0,0.34317915989477354
Moraga,,258210059,,3-DUA,0,3.0,0.24094740540767232
Moraga,,258210058,,3-DUA,0,3.0,0.2650344554856502
Moraga,,258210053,,3-DUA,0,3.0,0.23417554216962252
Moraga,,258210047,,3-DUA,0,3.0,0.2427460226176101
Moraga,,258210023,,3-DUA,0,3.0,0.39108335636471087
Moraga,,258210046,,3-DUA,0,3.0,0.2311720194608434
Moraga,,258210022,,3-DUA,0,3.0,0.22568399808689102
Moraga,,258210021,,3-DUA,0,3.0,0.2517072506002531
Moraga,,258210020,,3-DUA,0,3.0,0.3311250728521279
Moraga,,258210019,,3-DUA,0,3.0,0.26025136812575694
Moraga,,258221016,,3-DUA,0,3.0,0.24285311838185375
Moraga,,258221015,,3-DUA,0,3.0,0.2404821135970329
Moraga,,258221014,,3-DUA,0,3.0,0.23078173948123
Moraga,,258250008,,3-DUA,0,3.0,0.21
Moraga,,258250007,,3-DUA,0,3.0,0.25
Moraga,,258250054,,3-DUA,0,3.0,0.23883933964376922
Moraga,,258250003,,3-DUA,0,3.0,0.28
Moraga,,258250002,,3-DUA,0,3.0,0.42
Moraga,,258250055,,3-DUA,0,3.0,0.28157096720780045
Moraga,,258240014,,3-DUA,0,3.0,0.23424748000760315
Moraga,,258240013,,3-DUA,0,3.0,0.30631188079717003
Moraga,,258240008,,3-DUA,0,3.0,0.3127217531374684
Moraga,,258240012,,3-DUA,0,3.0,0.38661776130297615
Moraga,,258250004,,3-DUA,0,3.0,0.36
Moraga,,258240011,,3-DUA,0,3.0,0.5378465046950469
Moraga,,258250005,,3-DUA,0,3.0,0.41
Moraga,,258240020,,3-DUA,0,3.0,0.34756326910694835
Moraga,,258240010,,3-DUA,0,3.0,0.3032663415701171
Moraga,,258240009,,3-DUA,0,3.0,0.32068106501947913
Moraga,,258240007,,3-DUA,0,3.0,0.2973818117762365
Moraga,,258240006,,3-DUA,0,3.0,0.2401645760331192
Moraga,,258240005,,3-DUA,0,3.0,0.27803021867268635
Moraga,,258240004,,3-DUA,0,3.0,0.33
Moraga,,258240015,,3-DUA,0,3.0,5.02
Moraga,,258210054,,3-DUA,0,3.0,0.21440298612102585
Moraga,,258210057,,3-DUA,0,3.0,0.20166654024344255
Moraga,,258210038,,3-DUA,0,3.0,0.18403300876941647
Moraga,,258210044,,3-DUA,0,3.0,0.19659563009160802
Moraga,,258210043,,3-DUA,0,3.0,0.19284503934484135
Moraga,,258210039,,3-DUA,0,3.0,0.19174886576749378
Moraga,,258210032,,3-DUA,0,3.0,0.20954271844941644
Moraga,,258210041,,3-DUA,0,3.0,0.19790139351777544
Moraga,,258210040,,3-DUA,0,3.0,0.18109765896570404
Moraga,,258210042,,3-DUA,0,3.0,0.20732073701584083
Moraga,,258210026,,3-DUA,0,3.0,0.18662786353280453
Moraga,,258210027,,3-DUA,0,3.0,0.17965991735646705
Moraga,,258210028,,3-DUA,0,3.0,0.1896361827951111
Moraga,,258210029,,3-DUA,0,3.0,0.23100878800263336
Moraga,,258210031,,3-DUA,0,3.0,0.23470806194253674
Moraga,,258210030,,3-DUA,0,3.0,0.24539287752508188
Moraga,,258210052,,3-DUA,0,3.0,0.26338073951406615
Moraga,,258210009,,3-DUA,0,3.0,0.1998183284540905
Moraga,,258210010,,3-DUA,0,3.0,0.18883065053082762
Moraga,,258400012,,3-DUA,0,3.0,0.2662582403603715
Moraga,,258400013,,3-DUA,0,3.0,0.2720953612268452
Moraga,,258210008,,3-DUA,0,3.0,0.22717555169066514
Moraga,,258210007,,3-DUA,0,3.0,0.2080258440930446
Moraga,,258210006,,3-DUA,0,3.0,0.19769614112473444
Moraga,,258210005,,3-DUA,0,3.0,0.21239419476534016
Moraga,,258400014,,3-DUA,0,3.0,0.27369842431684344
Moraga,,258400019,,3-DUA,0,3.0,0.3
Moraga,,258400018,,3-DUA,0,3.0,0.26
Moraga,,258210003,,3-DUA,0,3.0,0.18626346895723875
Moraga,,258210004,,3-DUA,0,3.0,0.19613235309260893
Moraga,,258210033,,3-DUA,0,3.0,0.19526255941082699
Moraga,,258210034,,3-DUA,0,3.0,0.1880197198696302
Moraga,,258210002,,3-DUA,0,3.0,0.1963233805687099
Moraga,,258210056,,3-DUA,0,3.0,0.2548673149271861
Moraga,,258210035,,3-DUA,0,3.0,0.19025803028222688
Moraga,,257411040,,3-DUA,0,3.0,0.23822546504029973
Moraga,,257411039,,3-DUA,0,3.0,0.28559064014029234
Moraga,,257411010,,3-DUA,0,3.0,0.2859722203854871
Moraga,,257411011,,3-DUA,0,3.0,0.28046546600881406
Moraga,,258210055,,3-DUA,0,3.0,0.19437304198892466
Moraga,,257411008,,3-DUA,0,3.0,0.242916525933394
Moraga,,257411009,,3-DUA,0,3.0,0.2930105836868939
Moraga,,257411007,,3-DUA,0,3.0,0.24462593333576144
Moraga,,257411006,,3-DUA,0,3.0,0.2564686930487938
Moraga,,257411005,,3-DUA,0,3.0,0.2546605800769861
Moraga,,257411004,,3-DUA,0,3.0,0.3018815990527838
Moraga,,257411016,,3-DUA,0,3.0,0.2377108394177669
Moraga,,257411015,,3-DUA,0,3.0,0.23628257076258088
Moraga,,257411021,,3-DUA,0,3.0,0.3779355902258032
Moraga,,257411014,,3-DUA,0,3.0,0.23664988832180464
Moraga,,257411012,,3-DUA,0,3.0,0.23694441574787853
Moraga,,257411013,,3-DUA,0,3.0,0.23867100702588814
Moraga,,257411037,,3-DUA,0,3.0,0.2886945661693096
Moraga,,257411038,,3-DUA,0,3.0,0.3131764397603893
Moraga,,257411036,,3-DUA,0,3.0,0.24530015771193753
Moraga,,257411022,,3-DUA,0,3.0,0.3017973066941273
Moraga,,257411027,,3-DUA,0,3.0,0.2742723634773271
Moraga,,257411026,,3-DUA,0,3.0,0.250579745705319
Moraga,,257411024,,3-DUA,0,3.0,0.2321345851042325
Moraga,,257411023,,3-DUA,0,3.0,0.2515348283610036
Moraga,,257411019,,3-DUA,0,3.0,0.24622919387046524
Moraga,,257411020,,3-DUA,0,3.0,0.31824533206921773
Moraga,,257411017,,3-DUA,0,3.0,0.2815916504292769
Moraga,,257411018,,3-DUA,0,3.0,0.2766522232672439
Moraga,,257412009,,3-DUA,0,3.0,0.3911460487248011
Moraga,,257412002,,3-DUA,0,3.0,0.2846832834359895
Moraga,,257412004,,3-DUA,0,3.0,0.23983947696872746
Moraga,,257412003,,3-DUA,0,3.0,0.23349826487096664
Moraga,,257412005,,3-DUA,0,3.0,0.28158827970694905
Moraga,,257411029,,3-DUA,0,3.0,0.2393420252553776
Moraga,,257412006,,3-DUA,0,3.0,0.3513425798855165
Moraga,,257412007,,3-DUA,0,3.0,0.39242826761953586
Moraga,,257420025,,3-DUA,0,3.0,0.471666228199106
Moraga,,257420004,,3-DUA,0,3.0,0.23472048541838939
Moraga,,257411031,,3-DUA,0,3.0,0.23985707945003804
Moraga,,257411030,,3-DUA,0,3.0,0.25061512901031435
Moraga,,257411025,,3-DUA,0,3.0,0.2449222848349211
Moraga,,257411028,,3-DUA,0,3.0,0.254907586799763
Moraga,,257411033,,3-DUA,0,3.0,0.23780328613366852
Moraga,,257411034,,3-DUA,0,3.0,0.2368441821928124
Moraga,,257411035,,3-DUA,0,3.0,0.23896673350042238
Moraga,,257411041,,3-DUA,0,3.0,0.23997818234978363
Moraga,,257411042,,3-DUA,0,3.0,0.23635311340370174
Moraga,,257411044,,3-DUA,0,3.0,0.2351643543376535
Moraga,,257411043,,3-DUA,0,3.0,0.2397344712889525
Moraga,,257420001,,3-DUA,0,3.0,0.23278545554570415
Moraga,,257420002,,3-DUA,0,3.0,0.23508519758290772
Moraga,,257411032,,3-DUA,0,3.0,0.2381759782500905
Moraga,,257420003,,3-DUA,0,3.0,0.22503355064448427
Moraga,,257420005,,3-DUA,0,3.0,0.2267633495788886
Moraga,,257420007,,3-DUA,0,3.0,0.314774937979044
Moraga,,257420008,,3-DUA,0,3.0,0.38367856348184215
Moraga,,257420009,,3-DUA,0,3.0,0.31790402250270716
Moraga,,257420013,,3-DUA,0,3.0,0.2783723843340473
Moraga,,257420014,,3-DUA,0,3.0,0.26363301244639015
Moraga,,257420015,,3-DUA,0,3.0,0.2963908825868997
Moraga,,257420016,,3-DUA,0,3.0,0.2886094420915827
Moraga,,257420012,,3-DUA,0,3.0,0.26619613943766945
Moraga,,257420006,,3-DUA,0,3.0,0.23768212221068633
Moraga,,257420019,,3-DUA,0,3.0,0.4354982153107327
Moraga,,257420018,,3-DUA,0,3.0,0.4499343165198185
Moraga,,257420017,,3-DUA,0,3.0,0.46426047309021135
Moraga,,257420036,,3-DUA,0,3.0,0.35083965563762737
Moraga,,257523011,,3-DUA,0,3.0,0.14793558034512608
Moraga,,257523010,,3-DUA,0,3.0,0.1494761789216098
Moraga,,257523006,,3-DUA,0,3.0,0.08985645287844071
Moraga,,257523008,,3-DUA,0,3.0,0.07335476849918666
Moraga,,257523009,,3-DUA,0,3.0,0.0793184965398277
Moraga,,257523004,,3-DUA,0,3.0,0.1909590335163054
Moraga,,257420021,,3-DUA,0,3.0,0.2740348864252893
Moraga,,257420020,,3-DUA,0,3.0,0.24921034271319634
Moraga,,257420024,,3-DUA,0,3.0,0.23984445346466132
Moraga,,257420023,,3-DUA,0,3.0,0.29668840111078104
Moraga,,257420022,,3-DUA,0,3.0,0.268602873660533
Moraga,,257514006,,3-DUA,0,3.0,0.08989418799340512
Moraga,,257514005,,3-DUA,0,3.0,0.12351976926053677
Moraga,,257514004,,3-DUA,0,3.0,0.06729542132451447
Moraga,,257514003,,3-DUA,0,3.0,0.07590563510490804
Moraga,,257514001,,3-DUA,0,3.0,0.08455593400455652
Moraga,,257513022,,3-DUA,0,3.0,0.08201742672755527
Moraga,,257513023,,3-DUA,0,3.0,0.1347902519900898
Moraga,,257513024,,3-DUA,0,3.0,0.10862574018513234
Moraga,,257513010,,3-DUA,0,3.0,0.10869997546467237
Moraga,,257513026,,3-DUA,0,3.0,0.0731771605961263
Moraga,,257513027,,3-DUA,0,3.0,0.12921685909975483
Moraga,,257513025,,3-DUA,0,3.0,0.08680008919563167
Moraga,,257514002,,3-DUA,0,3.0,0.10288625654430197
Moraga,,257514007,,3-DUA,0,3.0,0.07755776345250458
Moraga,,257514008,,3-DUA,0,3.0,0.14174299756962602
Moraga,,257513031,,3-DUA,0,3.0,0.18511950357743992
Moraga,,257513030,,3-DUA,0,3.0,0.08306093267786539
Moraga,,257513029,,3-DUA,0,3.0,0.08395310883657137
Moraga,,257513028,,3-DUA,0,3.0,0.0995818573794023
Moraga,,257513009,,3-DUA,0,3.0,0.21269028458811323
Moraga,,257521003,,3-DUA,0,3.0,0.09440970772800118
Moraga,,257521004,,3-DUA,0,3.0,0.1463068598093189
Moraga,,257521005,,3-DUA,0,3.0,0.09035482790113669
Moraga,,257521006,,3-DUA,0,3.0,0.07719646272004523
Moraga,,257521007,,3-DUA,0,3.0,0.1370055814416858
Moraga,,257521008,,3-DUA,0,3.0,0.18322766950345679
Moraga,,257521002,,3-DUA,0,3.0,0.09296950843007527
Moraga,,257521009,,3-DUA,0,3.0,0.08980700113918741
Moraga,,257521010,,3-DUA,0,3.0,0.11732658858347489
Moraga,,257521011,,3-DUA,0,3.0,0.12190867381453949
Moraga,,257521012,,3-DUA,0,3.0,0.18436381162719778
Moraga,,257523001,,3-DUA,0,3.0,0.11897679438369702
Moraga,,257521001,,3-DUA,0,3.0,0.2093178668187154
Moraga,,257514011,,3-DUA,0,3.0,0.10376237661447611
Moraga,,257514009,,3-DUA,0,3.0,0.10954367201256757
Moraga,,257514010,,3-DUA,0,3.0,0.09513832836901247
Moraga,,257514012,,3-DUA,0,3.0,0.1982437598733319
Moraga,,257523002,,3-DUA,0,3.0,0.08535282723154036
Moraga,,257523003,,3-DUA,0,3.0,0.12039188524123229
Moraga,,257522009,,3-DUA,0,3.0,0.16498402947256974
Moraga,,257560020,,3-DUA,0,3.0,1.314048041062558
Moraga,,257523005,,3-DUA,0,3.0,0.07986623826483336
Moraga,,257523007,,3-DUA,0,3.0,0.12902019755208816
Moraga,,257522008,,3-DUA,0,3.0,0.13309818303172505
Moraga,,257522007,,3-DUA,0,3.0,0.09945947750118367
Moraga,,257522006,,3-DUA,0,3.0,0.09095826216059083
Moraga,,257522004,,3-DUA,0,3.0,0.16658876468976547
Moraga,,257522005,,3-DUA,0,3.0,0.08790644865178848
Moraga,,257521022,,3-DUA,0,3.0,0.16684521837098307
Moraga,,257521013,,3-DUA,0,3.0,0.18959128561173352
Moraga,,257521020,,3-DUA,0,3.0,0.1353248131450821
Moraga,,257521021,,3-DUA,0,3.0,0.12171641678873905
Moraga,,257550003,,3-DUA,0,3.0,0.12326509804599987
Moraga,,257550004,,3-DUA,0,3.0,0.14487805954337543
Moraga,,257550005,,3-DUA,0,3.0,0.1276034998588807
Moraga,,257521016,,3-DUA,0,3.0,0.1423472976086451
Moraga,,257521015,,3-DUA,0,3.0,0.13533377088285742
Moraga,,257521014,,3-DUA,0,3.0,0.10078407305924293
Moraga,,257521017,,3-DUA,0,3.0,0.38054869480961995
Moraga,,257550006,,3-DUA,0,3.0,0.13714875359054007
Moraga,,257550022,,3-DUA,0,3.0,3.809105140784216
Moraga,,257550007,,3-DUA,0,3.0,0.1446511438410497
Moraga,,257550023,,3-DUA,0,3.0,1.0272485364495492
Moraga,,257550008,,3-DUA,0,3.0,0.17737907878430442
Moraga,,257550009,,3-DUA,0,3.0,0.13596133168511104
Moraga,,257550010,,3-DUA,0,3.0,0.12720467880590833
Moraga,,257550011,,3-DUA,0,3.0,0.12614631519138184
Moraga,,257550014,,3-DUA,0,3.0,0.1338158642268192
Moraga,,257550013,,3-DUA,0,3.0,0.17000770363130707
Moraga,,257550015,,3-DUA,0,3.0,0.22283078160950204
Moraga,,257550016,,3-DUA,0,3.0,0.17813862974029182
Moraga,,257550012,,3-DUA,0,3.0,0.1378615243469037
Moraga,,257550017,,3-DUA,0,3.0,0.11142289283580384
Moraga,,257550019,,3-DUA,0,3.0,0.1699491578644366
Moraga,,257550018,,3-DUA,0,3.0,0.14646471822968243
Moraga,,257550002,,3-DUA,0,3.0,0.12737331741339156
Moraga,,257550001,,3-DUA,0,3.0,0.20380345144846362
Moraga,,257521018,,3-DUA,0,3.0,0.27791103319946536
Moraga,,257521019,,3-DUA,0,3.0,0.11596917856059066
Moraga,,257550020,,3-DUA,0,3.0,0.12744760928332793
Moraga,,257550021,,3-DUA,0,3.0,0.1740140946133672
Moraga,,257522003,,3-DUA,0,3.0,0.10898738890434576
Moraga,,257522002,,3-DUA,0,3.0,0.08908849030726756
Moraga,,257522001,,3-DUA,0,3.0,0.1964145622950003
Moraga,,257560023,,3-DUA,0,3.0,0.13795917990664638
Moraga,,257560022,,3-DUA,0,3.0,0.804155654210307
Moraga,,257560028,,3-DUA,0,3.0,0.1547131067074685
Moraga,,257560021,,3-DUA,0,3.0,3.489141678234378
Moraga,,257560024,,3-DUA,0,3.0,0.10610780156040052
Moraga,,257560025,,3-DUA,0,3.0,0.10849904996973617
Moraga,,257560014,,3-DUA,0,3.0,0.1197412332135145
Moraga,,257560013,,3-DUA,0,3.0,0.10256002226990894
Moraga,,257560012,,3-DUA,0,3.0,0.09375143474091298
Moraga,,257560026,,3-DUA,0,3.0,0.11053312376618035
Moraga,,257560027,,3-DUA,0,3.0,0.08781006135024796
Moraga,,257560011,,3-DUA,0,3.0,0.10445265293774714
Moraga,,257560015,,3-DUA,0,3.0,0.11434456547255706
Moraga,,257560016,,3-DUA,0,3.0,0.14674241338912108
Moraga,,257560017,,3-DUA,0,3.0,0.10625524213825027
Moraga,,257560019,,3-DUA,0,3.0,0.10920137170478215
Moraga,,257560018,,3-DUA,0,3.0,0.12175522968059126
Moraga,,257523018,,3-DUA,0,3.0,0.1302515761128412
Moraga,,257523019,,3-DUA,0,3.0,0.2370906561517229
Moraga,,257523012,,3-DUA,0,3.0,0.07902594514775843
Moraga,,257523014,,3-DUA,0,3.0,0.12882176765182413
Moraga,,257523013,,3-DUA,0,3.0,0.0838228689000379
Moraga,,257523015,,3-DUA,0,3.0,0.07395996217013413
Moraga,,257523017,,3-DUA,0,3.0,0.09258616020435881
Moraga,,257523016,,3-DUA,0,3.0,0.07503798870257895
Moraga,,257180066,,3-DUA,0,3.0,1.33
Moraga,,257420037,,3-DUA,0,3.0,0.2952189350482276
Moraga,,257420029,,3-DUA,0,3.0,0.25526440782664755
Moraga,,257420028,,3-DUA,0,3.0,0.24096455205386982
Moraga,,257420027,,3-DUA,0,3.0,0.27113298389652124
Moraga,,257420026,,3-DUA,0,3.0,0.2886816404848932
Moraga,,257420035,,3-DUA,0,3.0,0.28402541960216565
Moraga,,257420034,,3-DUA,0,3.0,0.3045463567675036
Moraga,,257420032,,3-DUA,0,3.0,0.26890765187731175
Moraga,,257420033,,3-DUA,0,3.0,0.3683602433889233
Moraga,,257210013,,3-DUA,0,3.0,18.36
Moraga,,257560009,,3-DUA,0,3.0,0.12791824740530153
Moraga,,257560010,,3-DUA,0,3.0,0.13514843865510426
Moraga,,257560029,,3-DUA,0,3.0,0.09845734689525891
Moraga,,257560007,,3-DUA,0,3.0,0.12034119201032481
Moraga,,257392004,,3-DUA,0,3.0,0.2541833390117602
Moraga,,257392003,,3-DUA,0,3.0,0.25211787646939915
Moraga,,257392002,,3-DUA,0,3.0,0.2584853436283648
Moraga,,257382004,,3-DUA,0,3.0,0.27454000321418875
Moraga,,257382003,,3-DUA,0,3.0,0.24738838534447377
Moraga,,257382001,,3-DUA,0,3.0,0.2533647710503322
Moraga,,257382002,,3-DUA,0,3.0,0.25173491518645996
Moraga,,257392001,,3-DUA,0,3.0,0.06
Moraga,,257391001,,3-DUA,0,3.0,0.23483509612515874
Moraga,,257381005,,3-DUA,0,3.0,0.3106322016258965
Moraga,,257381004,,3-DUA,0,3.0,0.23658560696175363
Moraga,,257381003,,3-DUA,0,3.0,0.24459345843748082
Moraga,,257381016,,3-DUA,0,3.0,0.3098822278452013
Moraga,,257381002,,3-DUA,0,3.0,0.2837876600302354
Moraga,,257381015,,3-DUA,0,3.0,0.2960150849787576
Moraga,,257381017,,3-DUA,0,3.0,0.4417624959116587
Moraga,,257381001,,3-DUA,0,3.0,0.290831564679571
Moraga,,257382006,,3-DUA,0,3.0,0.2872051804737305
Moraga,,258250073,,3-DUA,0,3.0,0.29502150262988913
Moraga,,257382005,,3-DUA,0,3.0,0.3086748173453331
Moraga,,258250048,,3-DUA,0,3.0,0.2273573605760063
Moraga,,258240017,,3-DUA,0,3.0,0.4730350164911932
Moraga,,258240018,,3-DUA,0,3.0,0.41809855617477104
Moraga,,258240019,,3-DUA,0,3.0,0.41666284225045314
Moraga,,258240024,,3-DUA,0,3.0,0.29812583673508053
Moraga,,258240023,,3-DUA,0,3.0,0.2962382757407147
Moraga,,258240021,,3-DUA,0,3.0,0.3007338845244323
Moraga,,258240022,,3-DUA,0,3.0,0.3300827074998068
Moraga,,258250046,,3-DUA,0,3.0,0.24873757111274036
Moraga,,258250031,,3-DUA,0,3.0,0.64
Moraga,,258250047,,3-DUA,0,3.0,0.21225166023285325
Moraga,,258250028,,3-DUA,0,3.0,0.5
Moraga,,258250029,,3-DUA,0,3.0,0.5
Moraga,,258250010,,3-DUA,0,3.0,1.31
Moraga,,258250034,,3-DUA,0,3.0,0.3
Moraga,,258250052,,3-DUA,0,3.0,0.05
Moraga,,258250045,,3-DUA,0,3.0,0.24745817870742814
Moraga,,258250036,,3-DUA,0,3.0,0.26
Moraga,,258250053,,3-DUA,0,3.0,0.39
Moraga,,258250090,,3-DUA,0,3.0,0.352
Moraga,,258250091,,3-DUA,0,3.0,0.402
Moraga,,258250065,,3-DUA,0,3.0,0.29886635363934555
Moraga,,258250088,,3-DUA,0,3.0,0.76
Moraga,,258250076,,3-DUA,0,3.0,0.3578120079248623
Moraga,,258250077,,3-DUA,0,3.0,0.37691552596189015
Moraga,,258250078,,3-DUA,0,3.0,0.4237216236217998
Moraga,,258250075,,3-DUA,0,3.0,0.2793228635866523
Moraga,,258250074,,3-DUA,0,3.0,0.28508045978002783
Moraga,,258250080,,3-DUA,0,3.0,0.3499698048981462
Moraga,,258250079,,3-DUA,0,3.0,0.41787249646729985
Moraga,,258250081,,3-DUA,0,3.0,0.2780270396056571
Moraga,,258250089,,3-DUA,0,3.0,0.285
Moraga,,258250085,,3-DUA,0,3.0,0.307
Moraga,,258250086,,3-DUA,0,3.0,0.307
Moraga,,258250082,,3-DUA,0,3.0,0.451
Moraga,,258250020,,3-DUA,0,3.0,0.68
Moraga,,258250040,,3-DUA,0,3.0,0.29
Moraga,,258250039,,3-DUA,0,3.0,0.3
Moraga,,258250038,,3-DUA,0,3.0,0.3
Moraga,,258250041,,3-DUA,0,3.0,0.36
Moraga,,258250056,,3-DUA,0,3.0,0.2925803020548226
Moraga,,258250057,,3-DUA,0,3.0,0.32593547049493
Moraga,,258250058,,3-DUA,0,3.0,0.26823435839709203
Moraga,,258250066,,3-DUA,0,3.0,0.3311263522224787
Moraga,,258250070,,3-DUA,0,3.0,0.492
Moraga,,258250064,,3-DUA,0,3.0,0.33055914037999934
Moraga,,258250063,,3-DUA,0,3.0,0.32781898970244977
Moraga,,258250068,,3-DUA,0,3.0,0.30682359445558793
Moraga,,258250069,,3-DUA,0,3.0,0.31350456347407574
Moraga,,258250062,,3-DUA,0,3.0,0.3300915318290854
Moraga,,258250061,,3-DUA,0,3.0,0.26446140110485244
Moraga,,258250044,,3-DUA,0,3.0,0.3222995901590229
Moraga,,258250043,,3-DUA,0,3.0,0.44719992464842984
Moraga,,258221010,,3-DUA,0,3.0,0.1959561421246416
Moraga,,258221009,,3-DUA,0,3.0,0.21397426954996326
Moraga,,258222009,,3-DUA,0,3.0,0.2061751769269439
Moraga,,258222010,,3-DUA,0,3.0,0.27499133057366615
Moraga,,258222012,,3-DUA,0,3.0,0.20261051298192273
Moraga,,258222011,,3-DUA,0,3.0,0.19841733915139576
Moraga,,258250071,,3-DUA,0,3.0,0.294
Moraga,,258250059,,3-DUA,0,3.0,0.29811574200740737
Moraga,,258261001,,3-DUA,0,3.0,0.27994675575797634
Moraga,,258222013,,3-DUA,0,3.0,0.1960205562013271
Moraga,,258380020,,3-DUA,0,3.0,0.571
Moraga,,258380007,,3-DUA,0,3.0,0.27669130082686644
Moraga,,258380008,,3-DUA,0,3.0,0.28370268637442675
Moraga,,258380009,,3-DUA,0,3.0,0.259694094633707
Moraga,,258380019,,3-DUA,0,3.0,0.46
Moraga,,258740003,,3-DUA,0,3.0,0.329
Moraga,,258740002,,3-DUA,0,3.0,0.271
Moraga,,258382002,,3-DUA,0,3.0,0.296
Moraga,,258230002,,3-DUA,0,3.0,0.23649211450544197
Moraga,,258740012,,3-DUA,0,3.0,0.303
Moraga,,258261002,,3-DUA,0,3.0,0.29190082532125533
Moraga,,258230003,,3-DUA,0,3.0,0.2310634430557104
Moraga,,258230004,,3-DUA,0,3.0,0.23506403593243794
Moraga,,258261003,,3-DUA,0,3.0,0.2866433315727357
Moraga,,258262014,,3-DUA,0,3.0,0.2303133255831517
Moraga,,258230005,,3-DUA,0,3.0,0.23351393691033187
Moraga,,258230006,,3-DUA,0,3.0,0.2347730822663069
Moraga,,258230007,,3-DUA,0,3.0,0.23721413955036116
Moraga,,258230008,,3-DUA,0,3.0,0.22947341154098547
Moraga,,258262015,,3-DUA,0,3.0,0.22730448297781475
Moraga,,258263016,,3-DUA,0,3.0,0.2333737471344617
Moraga,,258262017,,3-DUA,0,3.0,0.22991624116179687
Moraga,,258262016,,3-DUA,0,3.0,0.22829521755120163
Moraga,,258262013,,3-DUA,0,3.0,0.23072516387191214
Moraga,,258262012,,3-DUA,0,3.0,0.23349343727518385
Moraga,,258262011,,3-DUA,0,3.0,0.22800553933062287
Moraga,,258262010,,3-DUA,0,3.0,0.23067662681743586
Moraga,,258261005,,3-DUA,0,3.0,0.27563864796309767
Moraga,,258261004,,3-DUA,0,3.0,0.27337751701700214
Moraga,,258261007,,3-DUA,0,3.0,0.8306603824864148
Moraga,,258261006,,3-DUA,0,3.0,0.2705029661399939
Moraga,,258262001,,3-DUA,0,3.0,0.23770449124953622
Moraga,,258250018,,3-DUA,0,3.0,1.0
Moraga,,258250083,,3-DUA,0,3.0,0.434
Moraga,,258262004,,3-DUA,0,3.0,0.32893473579217175
Moraga,,258262005,,3-DUA,0,3.0,0.282
Moraga,,258262003,,3-DUA,0,3.0,0.2523261949587434
Moraga,,258262002,,3-DUA,0,3.0,0.23837556170593768
Moraga,,258262008,,3-DUA,0,3.0,0.23046372793015663
Moraga,,258262007,,3-DUA,0,3.0,0.23012093453131002
Moraga,,258262006,,3-DUA,0,3.0,0.25891565285865914
Moraga,,258262023,,3-DUA,0,3.0,0.28813238266004604
Moraga,,258262024,,3-DUA,0,3.0,0.3080446193720353
Moraga,,258262025,,3-DUA,0,3.0,0.20774027624816527
Moraga,,258262021,,3-DUA,0,3.0,0.22813173555594093
Moraga,,258262022,,3-DUA,0,3.0,0.23130767620365064
Moraga,,258262009,,3-DUA,0,3.0,0.22932646249442468
Moraga,,258262018,,3-DUA,0,3.0,0.22714825747464554
Moraga,,258262019,,3-DUA,0,3.0,0.22811802429274478
Moraga,,258262020,,3-DUA,0,3.0,0.22918505949840343
Moraga,,258263015,,3-DUA,0,3.0,0.22711249384143184
Moraga,,258263014,,3-DUA,0,3.0,0.22935382693200293
Moraga,,258263004,,3-DUA,0,3.0,0.2291115844549532
Moraga,,258263013,,3-DUA,0,3.0,0.22840812530380583
Moraga,,258263012,,3-DUA,0,3.0,0.22837649470374907
Moraga,,258263011,,3-DUA,0,3.0,0.2298115114267654
Moraga,,258263006,,3-DUA,0,3.0,0.2269009403908879
Moraga,,258263005,,3-DUA,0,3.0,0.22795739828889164
Moraga,,258263008,,3-DUA,0,3.0,0.22583524665916485
Moraga,,258263007,,3-DUA,0,3.0,0.23152981183305554
Moraga,,258263010,,3-DUA,0,3.0,0.22720362459210253
Moraga,,258263009,,3-DUA,0,3.0,0.21963246219343124
Moraga,,258262026,,3-DUA,0,3.0,0.2129461129485913
Moraga,,258262027,,3-DUA,0,3.0,0.266224634315844
Moraga,,258265001,,3-DUA,0,3.0,0.2368754160628129
Moraga,,258264011,,3-DUA,0,3.0,0.22781055104370018
Moraga,,258264010,,3-DUA,0,3.0,0.23174277847746977
Moraga,,258264012,,3-DUA,0,3.0,0.22631477608715572
Moraga,,258265002,,3-DUA,0,3.0,0.2302905578577191
Moraga,,258265003,,3-DUA,0,3.0,0.23
Moraga,,258265004,,3-DUA,0,3.0,0.23
Moraga,,257292035,,3-DUA,0,3.0,0.2524708008870781
Moraga,,257292034,,3-DUA,0,3.0,0.24887619884090478
Moraga,,257292033,,3-DUA,0,3.0,0.2522256216316809
Moraga,,257292029,,3-DUA,0,3.0,0.2764043440760504
Moraga,,257292030,,3-DUA,0,3.0,0.3298181538987467
Moraga,,257292032,,3-DUA,0,3.0,0.2806802993055342
Moraga,,257381028,,3-DUA,0,3.0,0.2990337855358221
Moraga,,257292031,,3-DUA,0,3.0,0.4303724329387003
Moraga,,257381025,,3-DUA,0,3.0,0.25879684868344416
Moraga,,257381029,,3-DUA,0,3.0,0.2756982384733412
Moraga,,257381030,,3-DUA,0,3.0,0.22814888714122125
Moraga,,257393004,,3-DUA,0,3.0,0.2283736797193749
Moraga,,257381031,,3-DUA,0,3.0,0.22560658657447494
Moraga,,257391008,,3-DUA,0,3.0,0.25181325542674027
Moraga,,257391009,,3-DUA,0,3.0,0.25726460063083345
Moraga,,257391023,,3-DUA,0,3.0,0.33674777666194694
Moraga,,257391007,,3-DUA,0,3.0,0.25314378801018417
Moraga,,257381010,,3-DUA,0,3.0,0.2334785906162489
Moraga,,257381024,,3-DUA,0,3.0,0.29292095755928144
Moraga,,257381026,,3-DUA,0,3.0,0.27385506600310955
Moraga,,257381027,,3-DUA,0,3.0,0.37231938735295106
Moraga,,257381032,,3-DUA,0,3.0,0.03223702020207987
Moraga,,257381023,,3-DUA,0,3.0,0.36368605699408846
Moraga,,257381033,,3-DUA,0,3.0,0.3237661184111631
Moraga,,257381021,,3-DUA,0,3.0,0.2600969502873897
Moraga,,257381011,,3-DUA,0,3.0,0.2348727018400714
Moraga,,257381012,,3-DUA,0,3.0,0.2653865098212952
Moraga,,257381020,,3-DUA,0,3.0,0.2984992932441323
Moraga,,257381018,,3-DUA,0,3.0,0.27930056657908825
Moraga,,257381019,,3-DUA,0,3.0,0.34797918764791896
Moraga,,257381014,,3-DUA,0,3.0,0.29336260601244146
Moraga,,257381013,,3-DUA,0,3.0,0.26078226195330056
Moraga,,257381008,,3-DUA,0,3.0,0.27011110012845435
Moraga,,257381007,,3-DUA,0,3.0,0.2442442506342364
Moraga,,257381006,,3-DUA,0,3.0,0.26539716807284885
Moraga,,257391027,,3-DUA,0,3.0,0.26022114809102775
Moraga,,257391002,,3-DUA,0,3.0,0.2256204495537305
Moraga,,257391003,,3-DUA,0,3.0,0.23814360099414364
Moraga,,257391026,,3-DUA,0,3.0,0.23638544009229945
Moraga,,257391004,,3-DUA,0,3.0,0.23270836573720058
Moraga,,257381009,,3-DUA,0,3.0,0.2668770779658679
Moraga,,257391006,,3-DUA,0,3.0,0.2284649666394764
Moraga,,257391005,,3-DUA,0,3.0,0.2293986964978638
Moraga,,257391025,,3-DUA,0,3.0,0.27038120757161827
Moraga,,257391024,,3-DUA,0,3.0,0.2842659764011703
Moraga,,257391022,,3-DUA,0,3.0,0.2823962557136086
Moraga,,257391021,,3-DUA,0,3.0,0.23593269538632536
Moraga,,257391020,,3-DUA,0,3.0,0.24112773605924312
Moraga,,257391013,,3-DUA,0,3.0,0.2534961077032908
Moraga,,257391014,,3-DUA,0,3.0,0.2794218156264687
Moraga,,257391015,,3-DUA,0,3.0,0.263582329882238
Moraga,,257391019,,3-DUA,0,3.0,0.24276698961988594
Moraga,,257391018,,3-DUA,0,3.0,0.24511755601571833
Moraga,,257391028,,3-DUA,0,3.0,0.24712150706820957
Moraga,,257391017,,3-DUA,0,3.0,0.2314299952049916
Moraga,,257392005,,3-DUA,0,3.0,0.2906395804664853
Moraga,,257391016,,3-DUA,0,3.0,0.2641072261609713
Moraga,,257392008,,3-DUA,0,3.0,0.2402480446645006
Moraga,,257392007,,3-DUA,0,3.0,0.37898633807252635
Moraga,,257392006,,3-DUA,0,3.0,0.467603538979008
Moraga,,257210014,,3-DUA,0,3.0,5.69
Moraga,,257392009,,3-DUA,0,3.0,0.3047852869255766
Moraga,,257392010,,3-DUA,0,3.0,0.38446729516840894
Moraga,,257392011,,3-DUA,0,3.0,0.3573488524691384
Moraga,,257392012,,3-DUA,0,3.0,0.3595524372267941
Moraga,,257391012,,3-DUA,0,3.0,0.2600854717348574
Moraga,,257391011,,3-DUA,0,3.0,0.25601690309553365
Moraga,,257392013,,3-DUA,0,3.0,0.40506448201112366
Moraga,,257392014,,3-DUA,0,3.0,0.35535791932862126
Moraga,,257291005,,3-DUA,0,3.0,0.36053518523003
Moraga,,257291002,,3-DUA,0,3.0,0.27359049011996467
Moraga,,257291001,,3-DUA,0,3.0,0.3315783799451268
Moraga,,257292005,,3-DUA,0,3.0,0.2474790154474226
Moraga,,257292004,,3-DUA,0,3.0,0.2810368786850666
Moraga,,257292003,,3-DUA,0,3.0,0.23546526317367628
Moraga,,257292002,,3-DUA,0,3.0,0.2569052956715355
Moraga,,257291003,,3-DUA,0,3.0,0.3774638953124151
Moraga,,257291004,,3-DUA,0,3.0,0.4585547270725432
Moraga,,257292001,,3-DUA,0,3.0,0.2642436887653419
Moraga,,257393001,,3-DUA,0,3.0,0.24646798718259114
Moraga,,257391010,,3-DUA,0,3.0,0.2677762262926587
Moraga,,257393003,,3-DUA,0,3.0,0.22900246988806894
Moraga,,257393002,,3-DUA,0,3.0,0.22992607599177722
Moraga,,257292011,,3-DUA,0,3.0,0.3516078492862284
Moraga,,257292012,,3-DUA,0,3.0,0.3018639120859411
Moraga,,257292013,,3-DUA,0,3.0,0.3084123949216067
Moraga,,257292014,,3-DUA,0,3.0,0.3564764299635541
Moraga,,257292016,,3-DUA,0,3.0,0.2558649261525007
Moraga,,257292010,,3-DUA,0,3.0,0.2776008475736738
Moraga,,257292009,,3-DUA,0,3.0,0.21857631902733443
Moraga,,257292008,,3-DUA,0,3.0,0.23080646355491707
Moraga,,257292007,,3-DUA,0,3.0,0.24206887517519815
Moraga,,257292019,,3-DUA,0,3.0,0.28265814559767233
Moraga,,257292017,,3-DUA,0,3.0,0.25285427546377315
Moraga,,257292018,,3-DUA,0,3.0,0.3033328310794916
Moraga,,257292015,,3-DUA,0,3.0,0.3546478663352609
Moraga,,257292028,,3-DUA,0,3.0,0.2627190044559061
Moraga,,257292027,,3-DUA,0,3.0,0.2582835894858844
Moraga,,257292036,,3-DUA,0,3.0,0.25318287823532476
Moraga,,257292025,,3-DUA,0,3.0,0.2580977277384999
Moraga,,257292026,,3-DUA,0,3.0,0.2613883984137891
Moraga,,257292020,,3-DUA,0,3.0,0.3481181886245116
Moraga,,257292024,,3-DUA,0,3.0,0.25228736287840015
Moraga,,257281010,,3-DUA,0,3.0,0.2414900239112601
Moraga,,257281011,,3-DUA,0,3.0,0.31861217088049665
Moraga,,257292023,,3-DUA,0,3.0,0.27600125082285665
Moraga,,257292021,,3-DUA,0,3.0,0.25945856717182497
Moraga,,257292022,,3-DUA,0,3.0,0.27150140145889606
Moraga,,257281031,,3-DUA,0,3.0,0.2691277862210827
Moraga,,257281034,,3-DUA,0,3.0,0.2811715655252823
Moraga,,257281012,,3-DUA,0,3.0,0.2970077621717822
Moraga,,257281016,,3-DUA,0,3.0,0.28245666969041366
Moraga,,257281015,,3-DUA,0,3.0,0.24780446378410317
Moraga,,257281022,,3-DUA,0,3.0,0.29534019175352616
Moraga,,257281023,,3-DUA,0,3.0,0.28839447649302824
Moraga,,257281024,,3-DUA,0,3.0,0.24467601313848905
Moraga,,257281030,,3-DUA,0,3.0,0.27146615188779943
Moraga,,257282002,,3-DUA,0,3.0,0.3718534211481632
Moraga,,257281028,,3-DUA,0,3.0,0.24503552458122696
Moraga,,257281029,,3-DUA,0,3.0,0.2516680192462052
Moraga,,257281025,,3-DUA,0,3.0,0.24571252401663982
Moraga,,257281027,,3-DUA,0,3.0,0.24915860451580862
Moraga,,257281026,,3-DUA,0,3.0,0.2584015811674469
Moraga,,257292006,,3-DUA,0,3.0,0.2394356759794447
Moraga,,257282005,,3-DUA,0,3.0,0.3941319920262269
Moraga,,257282004,,3-DUA,0,3.0,0.3945090864259311
Moraga,,257282003,,3-DUA,0,3.0,0.3375203675230508
Moraga,,257271002,,3-DUA,0,3.0,0.3760241821696261
Moraga,,257271001,,3-DUA,0,3.0,0.37349461739120804
Moraga,,257282001,,3-DUA,0,3.0,0.33930886126480275
Moraga,,257272001,,3-DUA,0,3.0,0.26547051498370067
Moraga,,257272002,,3-DUA,0,3.0,0.23872479272354752
Moraga,,257272003,,3-DUA,0,3.0,0.24287726718559194
Moraga,,257273010,,3-DUA,0,3.0,0.2411480677932022
Moraga,,257273011,,3-DUA,0,3.0,0.23680359406759913
Moraga,,257273013,,3-DUA,0,3.0,0.2516713672002201
Moraga,,257273024,,3-DUA,0,3.0,0.25487438238929083
Moraga,,257273012,,3-DUA,0,3.0,0.23602710807333874
Moraga,,257271003,,3-DUA,0,3.0,0.341836238961692
Moraga,,257271004,,3-DUA,0,3.0,0.3423302428880852
Moraga,,257271005,,3-DUA,0,3.0,0.414163052373341
Moraga,,257271006,,3-DUA,0,3.0,0.3194259427406058
Moraga,,257271007,,3-DUA,0,3.0,0.315331723435067
Moraga,,257273025,,3-DUA,0,3.0,0.2635377859877866
Moraga,,257273026,,3-DUA,0,3.0,0.2503872639965945
Moraga,,257273027,,3-DUA,0,3.0,0.2262760358541779
Moraga,,257261001,,3-DUA,0,3.0,0.2502892252476754
Moraga,,257261042,,3-DUA,0,3.0,0.2560959884689584
Moraga,,257271010,,3-DUA,0,3.0,0.4084636399471409
Moraga,,257271009,,3-DUA,0,3.0,0.47627078912621607
Moraga,,257271008,,3-DUA,0,3.0,0.33360377307783756
Moraga,,257361007,,3-DUA,0,3.0,1.1723340864252836
Moraga,,257180040,,OSM DT,0,0.0,3.08
Moraga,,257180037,,OSM DT,0,0.0,35.55
Moraga,,271360009,,3-DUA,0,3.0,0.23033348258096378
Moraga,,271360008,,3-DUA,0,3.0,0.2847863771095748
Moraga,,271360007,,3-DUA,0,3.0,0.22861196721061572
Moraga,,271120024,,OSM DT,0,0.0,21.353
Moraga,,271360006,,3-DUA,0,3.0,0.2976383920602935
Moraga,,271360011,,3-DUA,0,3.0,0.2746175167181362
Moraga,,271360010,,3-DUA,0,3.0,0.43980547713619367
Moraga,,271120015,,OSM DT,0,0.0,41.8
Moraga,,257580038,,OSM DT,0,0.0,3.694
Moraga,,271360015,,OSM DT,0,0.0,2.1
Moraga,,271360012,,3-DUA,0,3.0,0.27904009484276326
Moraga,,271360013,,3-DUA,0,3.0,0.32073685009861597
Moraga,,271360004,,3-DUA,0,3.0,0.23212333120110995
Moraga,,271360005,,3-DUA,0,3.0,0.24462206879799628
Moraga,,271360003,,3-DUA,0,3.0,0.24018704338711389
Moraga,,257580005,,3-DUA,0,3.0,0.10070862868337234
Moraga,,271360001,,3-DUA,0,3.0,0.3002760930104125
Moraga,,271360002,,3-DUA,0,3.0,0.23433737010476016
Moraga,,257580006,,3-DUA,0,3.0,0.17620603667679813
Moraga,,257580030,,OSM DT,0,0.0,2.254224071912945
Moraga,,257580007,,3-DUA,0,3.0,0.16569761093154747
Moraga,,257580031,,3-DUA,0,3.0,0.14084152558155816
Moraga,,257580002,,3-DUA,0,3.0,0.17373512209582936
Moraga,,257580003,,3-DUA,0,3.0,0.17996101031143913
Moraga,,257580004,,3-DUA,0,3.0,0.1184530453963879
Moraga,,257580001,,3-DUA,0,3.0,0.15204128697242866
Moraga,,257580032,,3-DUA,0,3.0,0.12451685390157945
Moraga,,257470003,,OSM DT,0,0.0,6.88
Moraga,,257580027,,3-DUA,0,3.0,0.16686804546125808
Moraga,,257580026,,3-DUA,0,3.0,0.1608919381860968
Moraga,,257580025,,3-DUA,0,3.0,0.1596469689523205
Moraga,,257580028,,3-DUA,0,3.0,0.2544763874179554
Moraga,,257580024,,3-DUA,0,3.0,0.14025224061771938
Moraga,,257580014,,3-DUA,0,3.0,0.097704411055235
Moraga,,257580034,,3-DUA,0,3.0,0.08943340985059302
Moraga,,257580033,,3-DUA,0,3.0,0.10625488060805995
Moraga,,257580011,,3-DUA,0,3.0,0.1430787394687093
Moraga,,257580010,,3-DUA,0,3.0,0.14874447859383252
Moraga,,257180041,,OSM DT,0,0.0,151.97889972930287
Moraga,,271120020,,OSM DT,0,0.0,1.788
Moraga,,257580015,,3-DUA,0,3.0,0.1054081091453261
Moraga,,257580037,,3-DUA,0,3.0,0.1298487040482274
Moraga,,257180073,,OSM DT,0,0.0,46.36
Moraga,,257580036,,3-DUA,0,3.0,0.10075290933115538
Moraga,,257580035,,3-DUA,0,3.0,0.10459174799810625
Moraga,,257580019,,3-DUA,0,3.0,0.2618483151601797
Moraga,,257592021,,OSM DT,0,0.0,8.35
Moraga,,257460008,,OSM DT,0,0.0,6.02
Moraga,,257591019,,3-DUA,0,3.0,0.2218963355136778
Moraga,,257591018,,3-DUA,0,3.0,0.14211231699083893
Moraga,,257591009,,3-DUA,0,3.0,0.1262125273433836
Moraga,,257591020,,3-DUA,0,3.0,0.11863479267751802
Moraga,,257591007,,3-DUA,0,3.0,0.16267073646753916
Moraga,,257591006,,3-DUA,0,3.0,0.13202899525738757
Moraga,,257591001,,3-DUA,0,3.0,0.1903857437125211
Moraga,,257591002,,3-DUA,0,3.0,0.16497047761182795
Moraga,,257591003,,3-DUA,0,3.0,0.16109421953992362
Moraga,,257591008,,3-DUA,0,3.0,0.21074376846515808
Moraga,,257591015,,3-DUA,0,3.0,1.1826366393639662
Moraga,,257580020,,3-DUA,0,3.0,0.23428145387159469
Moraga,,257580021,,3-DUA,0,3.0,0.17768332058910333
Moraga,,257580022,,3-DUA,0,3.0,0.1820793669751838
Moraga,,257580023,,3-DUA,0,3.0,0.16785858613746613
Moraga,,257400013,,6-DUA,3,6.0,0.03368269470644052
Moraga,,257400012,,6-DUA,3,6.0,0.033924939270500824
Moraga,,257400011,,6-DUA,3,6.0,0.03355912107577259
Moraga,,257400010,,6-DUA,3,6.0,0.034012780902972294
Moraga,,257570010,,3-DUA,0,3.0,0.2582494518270212
Moraga,,257570011,,3-DUA,0,3.0,0.3149877185551039
Moraga,,257570013,,3-DUA,0,3.0,0.2957171340314308
Moraga,,257570012,,3-DUA,0,3.0,0.2671592310851854
Moraga,,257591005,,3-DUA,0,3.0,0.14094457333130894
Moraga,,257591004,,3-DUA,0,3.0,0.14090281995523277
Moraga,,257570009,,3-DUA,0,3.0,0.20316640579304518
Moraga,,257570008,,3-DUA,0,3.0,0.28604932329031746
Moraga,,257570007,,3-DUA,0,3.0,0.30506390601067634
Moraga,,257570006,,3-DUA,0,3.0,0.1743597347493665
Moraga,,257591013,,3-DUA,0,3.0,0.1640542143726058
Moraga,,257591017,,3-DUA,0,3.0,0.3213040945243605
Moraga,,257591014,,3-DUA,0,3.0,0.2032504008642448
Moraga,,257482032,,3-DUA,0,3.0,0.4419233067304724
Moraga,,257570003,,3-DUA,0,3.0,0.2091944346803094
Moraga,,257570004,,3-DUA,0,3.0,0.2748797930172869
Moraga,,257570005,,3-DUA,0,3.0,0.2508063201800697
Moraga,,257470004,,OSM DT,0,0.0,20.98
Moraga,,257481032,,3-DUA,0,3.0,0.18357980870229995
Moraga,,257481031,,3-DUA,0,3.0,0.10058645608573287
Moraga,,257481027,,3-DUA,0,3.0,0.15412094080477687
Moraga,,257481025,,3-DUA,0,3.0,0.07983716361242689
Moraga,,257481026,,3-DUA,0,3.0,0.08718759822436252
Moraga,,257481024,,3-DUA,0,3.0,0.14518730030737922
Moraga,,257481004,,3-DUA,0,3.0,0.16908119475526748
Moraga,,257481003,,3-DUA,0,3.0,0.08249331542745175
Moraga,,257570015,,3-DUA,0,3.0,0.1518339828488194
Moraga,,257570016,,3-DUA,0,3.0,0.19706946240056045
Moraga,,257482031,,3-DUA,0,3.0,0.33476048623962895
Moraga,,257482003,,3-DUA,0,3.0,0.21178768980835283
Moraga,,257482004,,3-DUA,0,3.0,0.2613166955685097
Moraga,,257482005,,3-DUA,0,3.0,0.2515679888651034
Moraga,,257482006,,3-DUA,0,3.0,0.29206375063850337
Moraga,,257481010,,3-DUA,0,3.0,0.14236019791283988
Moraga,,257481001,,3-DUA,0,3.0,0.15018253252892097
Moraga,,257481002,,3-DUA,0,3.0,0.08063987099927768
Moraga,,257481009,,3-DUA,0,3.0,0.08024797357734342
Moraga,,257481008,,3-DUA,0,3.0,0.08243614017888498
Moraga,,257481006,,3-DUA,0,3.0,0.07749637272685292
Moraga,,257481007,,3-DUA,0,3.0,0.12182844232162572
Moraga,,257481005,,3-DUA,0,3.0,0.18040506950930033
Moraga,,257481012,,3-DUA,0,3.0,0.08371197090994469
Moraga,,257481011,,3-DUA,0,3.0,0.15542864522494926
Moraga,,257481014,,3-DUA,0,3.0,0.0803346603912882
Moraga,,257482007,,3-DUA,0,3.0,0.2234510461119072
Moraga,,257482008,,3-DUA,0,3.0,0.1423895810897605
Moraga,,257482010,,3-DUA,0,3.0,0.16477674009617896
Moraga,,257482009,,3-DUA,0,3.0,0.18953421472556634
Moraga,,257482011,,3-DUA,0,3.0,0.11470125075622806
Moraga,,257481016,,3-DUA,0,3.0,0.17218816712539922
Moraga,,257481017,,3-DUA,0,3.0,0.10426162217552787
Moraga,,257481018,,3-DUA,0,3.0,0.1481319006711102
Moraga,,257481013,,3-DUA,0,3.0,0.12541406127710064
Moraga,,257481015,,3-DUA,0,3.0,0.18063841537957573
Moraga,,257481022,,3-DUA,0,3.0,0.17053706370375932
Moraga,,257481023,,3-DUA,0,3.0,0.22374013756435426
Moraga,,257481021,,3-DUA,0,3.0,0.2536414004719867
Moraga,,257481028,,3-DUA,0,3.0,0.08228656885729849
Moraga,,257481029,,3-DUA,0,3.0,0.13990224605933327
Moraga,,257481030,,3-DUA,0,3.0,0.0947180085789703
Moraga,,257481020,,3-DUA,0,3.0,0.10686561710348537
Moraga,,257481019,,3-DUA,0,3.0,0.15837153058210032
Moraga,,257482017,,3-DUA,0,3.0,0.19648663815805054
Moraga,,257482023,,3-DUA,0,3.0,0.09571217998719703
Moraga,,257482016,,3-DUA,0,3.0,0.21303224782361385
Moraga,,257482015,,3-DUA,0,3.0,0.1514232804660938
Moraga,,257482013,,3-DUA,0,3.0,0.09164998023782607
Moraga,,257482012,,3-DUA,0,3.0,0.12428633869717387
Moraga,,257482024,,3-DUA,0,3.0,0.24935611532547317
Moraga,,257482014,,3-DUA,0,3.0,0.09147708019030512
Moraga,,257482029,,3-DUA,0,3.0,0.1380350740152755
Moraga,,257482030,,3-DUA,0,3.0,0.15475332859533106
Moraga,,257482028,,3-DUA,0,3.0,0.10402697456894476
Moraga,,257482027,,3-DUA,0,3.0,0.08669890330428186
Moraga,,257482026,,3-DUA,0,3.0,0.13307559261573954
Moraga,,257482025,,3-DUA,0,3.0,0.08753618765374392
Moraga,,257482021,,3-DUA,0,3.0,0.09054352819286983
Moraga,,257482022,,3-DUA,0,3.0,0.10517142735766993
Moraga,,257482020,,3-DUA,0,3.0,0.16110194839756267
Moraga,,257460007,,OSM DT,0,0.0,9.75
Moraga,,257492004,,3-DUA,0,3.0,0.3704682863264587
Moraga,,257492003,,3-DUA,0,3.0,0.2408025804567102
Moraga,,257492001,,3-DUA,0,3.0,0.19617453314789368
Moraga,,257492002,,3-DUA,0,3.0,0.24723307461460767
Moraga,,257531001,,3-DUA,0,3.0,2.4389557116160883
Moraga,,257531005,,3-DUA,0,3.0,0.1116304909256666
Moraga,,257531006,,3-DUA,0,3.0,0.16296117948802785
Moraga,,257531007,,3-DUA,0,3.0,0.1726188660710356
Moraga,,257531008,,3-DUA,0,3.0,0.14990476472741404
Moraga,,257592016,,3-DUA,0,3.0,0.09471820491610379
Moraga,,257592008,,3-DUA,0,3.0,0.10720773046166311
Moraga,,257592007,,3-DUA,0,3.0,0.13343338429895832
Moraga,,257592006,,3-DUA,0,3.0,0.14939981423347243
Moraga,,257592005,,3-DUA,0,3.0,0.13440768793497088
Moraga,,257592004,,3-DUA,0,3.0,0.12990196270033857
Moraga,,257592001,,3-DUA,0,3.0,0.11517556592052991
Moraga,,257592015,,3-DUA,0,3.0,0.7410403443682553
Moraga,,257592002,,3-DUA,0,3.0,0.1126538706835246
Moraga,,257592003,,3-DUA,0,3.0,0.1274911343355434
Moraga,,257592017,,3-DUA,0,3.0,0.08185242584044639
Moraga,,257592018,,3-DUA,0,3.0,0.10342601100417342
Moraga,,257592019,,3-DUA,0,3.0,0.08589205893144933
Moraga,,257592020,,3-DUA,0,3.0,0.1464871255710212
Moraga,,257531009,,3-DUA,0,3.0,0.1343591117859084
Moraga,,257531011,,3-DUA,0,3.0,0.16936175482043864
Moraga,,257531010,,3-DUA,0,3.0,0.18256362791429645
Moraga,,257531004,,3-DUA,0,3.0,0.13296043676221828
Moraga,,257531002,,3-DUA,0,3.0,0.16475522096276635
Moraga,,257531003,,3-DUA,0,3.0,0.16851541072687728
Moraga,,257531013,,3-DUA,0,3.0,0.12917759482439206
Moraga,,257531012,,3-DUA,0,3.0,0.17569702105110946
Moraga,,257531014,,3-DUA,0,3.0,0.07972315169311135
Moraga,,257541022,,3-DUA,0,3.0,0.1905924520512986
Moraga,,257541003,,3-DUA,0,3.0,0.19089614956524747
Moraga,,257531015,,3-DUA,0,3.0,0.08459300065836323
Moraga,,257534008,,3-DUA,0,3.0,0.15959130683660136
Moraga,,257534009,,3-DUA,0,3.0,0.1751182364208761
Moraga,,257534010,,3-DUA,0,3.0,0.1643847574920428
Moraga,,257534011,,3-DUA,0,3.0,0.1542171694194831
Moraga,,257534001,,3-DUA,0,3.0,0.13114041967240264
Moraga,,257533009,,3-DUA,0,3.0,0.1891365038068751
Moraga,,257533008,,3-DUA,0,3.0,0.2030038345776659
Moraga,,257534002,,3-DUA,0,3.0,0.13017857120454351
Moraga,,257534006,,3-DUA,0,3.0,0.19797005468582915
Moraga,,257534005,,3-DUA,0,3.0,0.18003351762990663
Moraga,,257534004,,3-DUA,0,3.0,0.17790487828920604
Moraga,,257534007,,3-DUA,0,3.0,0.13871096470200386
Moraga,,257532001,,3-DUA,0,3.0,0.17037816642383474
Moraga,,257541004,,3-DUA,0,3.0,0.12278435481808662
Moraga,,257541005,,3-DUA,0,3.0,0.13163712839713548
Moraga,,257541006,,3-DUA,0,3.0,0.14504014431913909
Moraga,,257541007,,3-DUA,0,3.0,0.16680277307893557
Moraga,,257532002,,3-DUA,0,3.0,0.1554675754364988
Moraga,,257532003,,3-DUA,0,3.0,0.13261008690988368
Moraga,,257532004,,3-DUA,0,3.0,0.13648937124286295
Moraga,,257534003,,3-DUA,0,3.0,0.17595499178964738
Moraga,,257541037,,3-DUA,0,3.0,0.8531489390429357
Moraga,,257541002,,3-DUA,0,3.0,0.1524982801825455
Moraga,,257541001,,3-DUA,0,3.0,0.13406102127292396
Moraga,,257541008,,3-DUA,0,3.0,0.150189340988219
Moraga,,257541010,,3-DUA,0,3.0,0.14362857832581183
Moraga,,257541009,,3-DUA,0,3.0,0.14225712799250062
Moraga,,257541012,,3-DUA,0,3.0,0.13002640051267922
Moraga,,257541011,,3-DUA,0,3.0,0.1698688808168988
Moraga,,257541015,,3-DUA,0,3.0,0.12019900828890417
Moraga,,257541016,,3-DUA,0,3.0,0.12225433714307612
Moraga,,257541017,,3-DUA,0,3.0,0.11131865191886123
Moraga,,257541018,,3-DUA,0,3.0,0.1099386774057926
Moraga,,257541019,,3-DUA,0,3.0,0.14458273604603725
Moraga,,257541020,,3-DUA,0,3.0,0.10315424666572626
Moraga,,257541021,,3-DUA,0,3.0,0.12763321609550457
Moraga,,257541033,,3-DUA,0,3.0,6.763711729580995
Moraga,,257541014,,3-DUA,0,3.0,0.1402273655116979
Moraga,,257541013,,3-DUA,0,3.0,0.16734976008420652
Moraga,,257541026,,3-DUA,0,3.0,0.09668277597682848
Moraga,,257541025,,3-DUA,0,3.0,0.08795018797496329
Moraga,,257540016,,3-DUA,0,3.0,0.13256741368385608
Moraga,,257540015,,3-DUA,0,3.0,0.13371816710744966
Moraga,,257541023,,3-DUA,0,3.0,0.14433568251433446
Moraga,,257540014,,3-DUA,0,3.0,0.15308154644421657
Moraga,,257540013,,3-DUA,0,3.0,0.19561567182951026
Moraga,,257540011,,3-DUA,0,3.0,0.11249787556296983
Moraga,,257540012,,3-DUA,0,3.0,0.14945985329041864
Moraga,,257541031,,3-DUA,0,3.0,0.11761309895754432
Moraga,,257541032,,3-DUA,0,3.0,0.12390509401229154
Moraga,,257541024,,3-DUA,0,3.0,0.0962614699154243
Moraga,,257541029,,3-DUA,0,3.0,0.14111690379026054
Moraga,,257541030,,3-DUA,0,3.0,0.15807241692028065
Moraga,,257541028,,3-DUA,0,3.0,0.1554450880033513
Moraga,,257541027,,3-DUA,0,3.0,0.25297075004304953
Moraga,,257513005,,3-DUA,0,3.0,0.14179247072154422
Moraga,,257513004,,3-DUA,0,3.0,0.10229027230652836
Moraga,,257513006,,3-DUA,0,3.0,0.12506998450739457
Moraga,,257513007,,3-DUA,0,3.0,0.16334287987348334
Moraga,,257513003,,3-DUA,0,3.0,0.18695649141813658
Moraga,,257513002,,3-DUA,0,3.0,0.12564035010872676
Moraga,,257513001,,3-DUA,0,3.0,0.22546316958455218
Moraga,,257513008,,3-DUA,0,3.0,0.25
Moraga,,257513017,,3-DUA,0,3.0,0.1623882886493246
Moraga,,257513016,,3-DUA,0,3.0,0.16186465916117915
Moraga,,257513015,,3-DUA,0,3.0,0.08761754071714081
Moraga,,257513014,,3-DUA,0,3.0,0.08038349662605421
Moraga,,257513013,,3-DUA,0,3.0,0.11524840389625646
Moraga,,257513012,,3-DUA,0,3.0,0.1236154179171365
Moraga,,257513011,,3-DUA,0,3.0,0.11464728428719409
Moraga,,257513019,,3-DUA,0,3.0,0.10764613553560873
Moraga,,257513018,,3-DUA,0,3.0,0.08229669306181765
Moraga,,257513020,,3-DUA,0,3.0,0.13832219287200856
Moraga,,257513021,,3-DUA,0,3.0,0.07754544213292913
Moraga,,257512007,,3-DUA,0,3.0,0.17925588429562211
Moraga,,257512006,,3-DUA,0,3.0,0.2309701664038782
Moraga,,257512008,,3-DUA,0,3.0,0.1316653750004688
Moraga,,257512009,,3-DUA,0,3.0,0.1672566902763117
Moraga,,257512010,,3-DUA,0,3.0,0.19443292290312753
Moraga,,257512011,,3-DUA,0,3.0,0.1702277678901929
Moraga,,257512012,,3-DUA,0,3.0,0.21785662846812442
Moraga,,257540007,,3-DUA,0,3.0,0.1383954056574523
Moraga,,257512015,,3-DUA,0,3.0,0.12878783355236934
Moraga,,257512014,,3-DUA,0,3.0,0.15367266274819974
Moraga,,257512013,,3-DUA,0,3.0,0.16481499677995776
Moraga,,257540010,,3-DUA,0,3.0,0.10365577621331334
Moraga,,257540009,,3-DUA,0,3.0,0.11640940427522464
Moraga,,257540006,,3-DUA,0,3.0,0.12755567964261189
Moraga,,257540005,,3-DUA,0,3.0,0.15637553741432939
Moraga,,257540008,,3-DUA,0,3.0,0.19685004707785864
Moraga,,257540017,,3-DUA,0,3.0,0.12503796484547622
Moraga,,257540018,,3-DUA,0,3.0,0.21623068700663384
Moraga,,257540019,,3-DUA,0,3.0,0.16384769852162295
Moraga,,257540020,,3-DUA,0,3.0,0.137890972920874
Moraga,,257540021,,3-DUA,0,3.0,0.15037794552260755
Moraga,,257540004,,3-DUA,0,3.0,0.15018856628220528
Moraga,,257540003,,3-DUA,0,3.0,0.13989634611203924
Moraga,,257540002,,3-DUA,0,3.0,0.13638697356630922
Moraga,,257540022,,3-DUA,0,3.0,0.12896317580558564
Moraga,,257540024,,3-DUA,0,3.0,0.44405796552918636
Moraga,,257540023,,3-DUA,0,3.0,0.149211498918028
Moraga,,257533001,,3-DUA,0,3.0,0.20681423508327085
Moraga,,257540001,,3-DUA,0,3.0,0.15597625500656778
Moraga,,257533002,,3-DUA,0,3.0,0.1663524874939891
Moraga,,257533003,,3-DUA,0,3.0,0.15001389506080134
Moraga,,257533004,,3-DUA,0,3.0,0.18660430728405095
Moraga,,257533005,,3-DUA,0,3.0,0.20523109198181488
Moraga,,257533006,,3-DUA,0,3.0,0.22343943501097976
Moraga,,257533007,,3-DUA,0,3.0,0.18540458027379889
Moraga,,257492025,,3-DUA,0,3.0,0.1564549518646401
Moraga,,257492026,,3-DUA,0,3.0,0.10287637105078357
Moraga,,257492027,,3-DUA,0,3.0,0.17340475995845858
Moraga,,257492030,,3-DUA,0,3.0,0.17203360150303904
Moraga,,257492028,,3-DUA,0,3.0,0.08901621666756056
Moraga,,257492029,,3-DUA,0,3.0,0.10263663659315944
Moraga,,257491012,,3-DUA,0,3.0,0.1843568120116527
Moraga,,257492031,,3-DUA,0,3.0,0.16922186201082104
Moraga,,257492032,,3-DUA,0,3.0,0.07182310420241154
Moraga,,257492033,,3-DUA,0,3.0,0.07885626117516212
Moraga,,257492034,,3-DUA,0,3.0,0.11531707219056057
Moraga,,257492036,,3-DUA,0,3.0,0.07985397626904231
Moraga,,257492035,,3-DUA,0,3.0,0.11998655725556556
Moraga,,257492037,,3-DUA,0,3.0,0.08541011256033387
Moraga,,257492038,,3-DUA,0,3.0,0.15691452005036155
Moraga,,257492039,,3-DUA,0,3.0,0.2342429959616316
Moraga,,257492040,,3-DUA,0,3.0,0.1721498224531111
Moraga,,257491016,,3-DUA,0,3.0,0.23176001275700914
Moraga,,257491015,,3-DUA,0,3.0,0.155702975332944
Moraga,,257491014,,3-DUA,0,3.0,0.222911434665613
Moraga,,257491013,,3-DUA,0,3.0,0.20049935292354945
Moraga,,257430083,,3-DUA,0,3.0,0.17919235961981625
Moraga,,257430084,,3-DUA,0,3.0,0.35398003355995233
Moraga,,257491020,,3-DUA,0,3.0,0.17730360309181425
Moraga,,257491019,,3-DUA,0,3.0,0.13940976086892182
Moraga,,257491017,,3-DUA,0,3.0,0.20406098084021532
Moraga,,257491018,,3-DUA,0,3.0,0.21777279072217576
Moraga,,257492041,,3-DUA,0,3.0,0.1894396823449715
Moraga,,257492042,,3-DUA,0,3.0,0.21740908644568344
Moraga,,257492043,,3-DUA,0,3.0,0.15617796325106026
Moraga,,257492045,,3-DUA,0,3.0,0.16026011106218885
Moraga,,257492044,,3-DUA,0,3.0,0.22635315812518444
Moraga,,257491021,,3-DUA,0,3.0,0.16358908162115826
Moraga,,257511001,,3-DUA,0,3.0,0.21194077273314635
Moraga,,257512001,,3-DUA,0,3.0,0.16377749352810164
Moraga,,257512002,,3-DUA,0,3.0,0.20698642779514423
Moraga,,257512005,,3-DUA,0,3.0,0.17967147250069862
Moraga,,257512003,,3-DUA,0,3.0,0.17761859934258578
Moraga,,257512004,,3-DUA,0,3.0,0.2322018462016652
Moraga,,257511003,,3-DUA,0,3.0,0.25289375847039763
Moraga,,257180064,,3-DUA,0,3.0,6.74
Moraga,,257200022,,3-DUA,0,3.0,1.08
Moraga,,257411002,,3-DUA,0,3.0,0.23287491960573298
Moraga,,257511002,,3-DUA,0,3.0,0.4082726311651694
Moraga,,257430035,,3-DUA,0,3.0,0.36033793547132337
Moraga,,257200021,,3-DUA,0,3.0,1.282
Moraga,,257411001,,3-DUA,0,3.0,0.26811803649903226
Moraga,,257411003,,3-DUA,0,3.0,0.42014043543092666
Moraga,,257200003,,MCSP-OR,0,12.0,1.15
Moraga,,257190039,,MCSP-OR,0,12.0,0.55
Moraga,,257190046,,MCSP-OR,0,12.0,0.61
Moraga,,257190051,,MCSP-OR,0,12.0,0.6085213362132118
Moraga,,257190049,,MCSP-OR,0,12.0,0.9412508559587389
Moraga,,257430029,,3-DUA,0,3.0,0.36494344718496835
Moraga,,257190052,,MCSP-OR,0,12.0,0.7607882789047151
Moraga,,257200020,,MCSP-OR,0,12.0,1.269
Moraga,,257200018,,OS,0,0.0,0.17
Moraga,,257430030,,3-DUA,0,3.0,0.3455124475710613
Moraga,,257430031,,3-DUA,0,3.0,0.2386023698265989
Moraga,,257200016,,3-DUA,0,3.0,0.779
Moraga,,257430032,,3-DUA,0,3.0,0.24417694300507733
Moraga,,257430033,,3-DUA,0,3.0,0.27038593685097134
Moraga,,257430034,,3-DUA,0,3.0,0.21815127313474722
Moraga,,257430038,,3-DUA,0,3.0,0.17927117239159512
Moraga,,257430037,,3-DUA,0,3.0,0.13487429932683856
Moraga,,257430036,,3-DUA,0,3.0,0.16726674428415197
Moraga,,257430041,,3-DUA,0,3.0,0.20550054618881472
Moraga,,257430040,,3-DUA,0,3.0,0.1805058461827478
Moraga,,257430043,,3-DUA,0,3.0,0.08353582295941757
Moraga,,257430042,,3-DUA,0,3.0,0.1260571573454796
Moraga,,257430026,,3-DUA,0,3.0,0.1535588106899807
Moraga,,257430039,,3-DUA,0,3.0,0.17941311696542542
Moraga,,257430028,,3-DUA,0,3.0,0.22868811083205398
Moraga,,257430027,,3-DUA,0,3.0,0.12584679015274064
Moraga,,257430023,,3-DUA,0,3.0,0.11581307733682722
Moraga,,257430024,,3-DUA,0,3.0,0.11226617362161391
Moraga,,257430025,,3-DUA,0,3.0,0.15407919399666162
Moraga,,257430021,,3-DUA,0,3.0,0.15549636461918306
Moraga,,257430022,,3-DUA,0,3.0,0.25732973705038376
Moraga,,257430020,,3-DUA,0,3.0,0.10959658110469439
Moraga,,257430019,,3-DUA,0,3.0,0.13521224654034877
Moraga,,257430044,,3-DUA,0,3.0,0.09250821693104022
Moraga,,257430045,,3-DUA,0,3.0,0.21556822342878815
Moraga,,257430048,,3-DUA,0,3.0,0.09898072342698279
Moraga,,257430018,,3-DUA,0,3.0,0.09308538905815213
Moraga,,257430017,,3-DUA,0,3.0,0.09368995435259574
Moraga,,257430016,,3-DUA,0,3.0,0.17780886270655757
Moraga,,257430015,,3-DUA,0,3.0,0.12489422393020391
Moraga,,257430014,,3-DUA,0,3.0,0.11151970242990031
Moraga,,257430013,,3-DUA,0,3.0,0.15049624462722352
Moraga,,257430012,,3-DUA,0,3.0,0.12680994338706475
Moraga,,257430011,,3-DUA,0,3.0,0.12247731438205567
Moraga,,257430010,,3-DUA,0,3.0,0.15320236982197635
Moraga,,257430009,,3-DUA,0,3.0,0.10660319312616749
Moraga,,257430008,,3-DUA,0,3.0,0.1024229509217247
Moraga,,257430060,,3-DUA,0,3.0,0.10630361284158281
Moraga,,257430055,,3-DUA,0,3.0,0.09301600174140524
Moraga,,257430054,,3-DUA,0,3.0,0.17983812501008375
Moraga,,257430056,,3-DUA,0,3.0,0.1376804206010433
Moraga,,257430059,,3-DUA,0,3.0,0.0783412188205981
Moraga,,257430057,,3-DUA,0,3.0,0.07823632364017952
Moraga,,257430058,,3-DUA,0,3.0,0.11931638566145819
Moraga,,257430052,,3-DUA,0,3.0,0.08372063242736084
Moraga,,257430049,,3-DUA,0,3.0,0.07796557013298028
Moraga,,257430050,,3-DUA,0,3.0,0.13043287255278896
Moraga,,257430051,,3-DUA,0,3.0,0.08404555300537199
Moraga,,257430046,,3-DUA,0,3.0,0.22975137926248895
Moraga,,257430047,,3-DUA,0,3.0,0.2174577774667387
Moraga,,257430053,,3-DUA,0,3.0,0.17891443255757428
Moraga,,257430071,,3-DUA,0,3.0,0.15801115518081205
Moraga,,257430072,,3-DUA,0,3.0,0.1654188782787521
Moraga,,257430075,,3-DUA,0,3.0,0.197521263570752
Moraga,,257430073,,3-DUA,0,3.0,0.21511333550118272
Moraga,,257430074,,3-DUA,0,3.0,0.26681575460081786
Moraga,,257430078,,3-DUA,0,3.0,0.14736739854986228
Moraga,,257430077,,3-DUA,0,3.0,0.20191232033575363
Moraga,,257430076,,3-DUA,0,3.0,0.20343884522861838
Moraga,,257430079,,3-DUA,0,3.0,0.202696753466112
Moraga,,257430080,,3-DUA,0,3.0,0.1504229364119375
Moraga,,257430082,,3-DUA,0,3.0,0.2606489527307535
Moraga,,257430081,,3-DUA,0,3.0,0.2886570279127149
Moraga,,257460004,,OSM DT,0,0.0,4.16
Moraga,,257491010,,3-DUA,0,3.0,0.16081914762576083
Moraga,,257491009,,3-DUA,0,3.0,0.3238940263327706
Moraga,,257491022,,3-DUA,0,3.0,0.4125543449206016
Moraga,,257491005,,3-DUA,0,3.0,0.22983414423931423
Moraga,,257491006,,3-DUA,0,3.0,0.29693248932990757
Moraga,,257491023,,3-DUA,0,3.0,0.2584341753084623
Moraga,,257491011,,3-DUA,0,3.0,0.2369805021854071
Moraga,,257492021,,3-DUA,0,3.0,0.08148083730540394
Moraga,,257492020,,3-DUA,0,3.0,0.2848327564809539
Moraga,,257492018,,3-DUA,0,3.0,0.0873482163767399
Moraga,,257492022,,3-DUA,0,3.0,0.08263245675916442
Moraga,,257492023,,3-DUA,0,3.0,0.14275028895348235
Moraga,,257492019,,3-DUA,0,3.0,0.17694902438740892
Moraga,,257492005,,3-DUA,0,3.0,0.20579472388602307
Moraga,,257492017,,3-DUA,0,3.0,0.08294258767053263
Moraga,,257492016,,3-DUA,0,3.0,0.13209967096296582
Moraga,,257492015,,3-DUA,0,3.0,0.08854303918803919
Moraga,,257492014,,3-DUA,0,3.0,0.08986558787132265
Moraga,,257492013,,3-DUA,0,3.0,0.15138327214430106
Moraga,,257492011,,3-DUA,0,3.0,0.08348010679498179
Moraga,,257492010,,3-DUA,0,3.0,0.07711462269782879
Moraga,,257492009,,3-DUA,0,3.0,0.1707625445098987
Moraga,,257492006,,3-DUA,0,3.0,0.08111485020388225
Moraga,,257492007,,3-DUA,0,3.0,0.08873037021441621
Moraga,,257492008,,3-DUA,0,3.0,0.14488065503858735
Moraga,,257482018,,3-DUA,0,3.0,0.10375908937228258
Moraga,,257482019,,3-DUA,0,3.0,0.16700936833135302
Moraga,,257492012,,3-DUA,0,3.0,0.11722282628047595
Moraga,,257492024,,3-DUA,0,3.0,4.22390437147249
Moraga,,257491004,,3-DUA,0,3.0,0.23315523844231226
Moraga,,257491002,,3-DUA,0,3.0,0.25063543063910043
Moraga,,257491003,,3-DUA,0,3.0,0.25463295486219667
Moraga,,257481033,,3-DUA,0,3.0,0.5559584302443231
Moraga,,257491001,,3-DUA,0,3.0,0.5060699600801905
Moraga,,257430086,,3-DUA,0,3.0,0.167
Moraga,,257430069,,3-DUA,0,3.0,0.19235444909749722
Moraga,,257430068,,3-DUA,0,3.0,0.17114235022196203
Moraga,,257430087,,OSM DT,0,0.0,4.65705146534761
Moraga,,257430067,,3-DUA,0,3.0,0.15732156255941193
Moraga,,257430066,,3-DUA,0,3.0,0.15078802042132708
Moraga,,257430061,,3-DUA,0,3.0,0.12315011056743946
Moraga,,257430063,,3-DUA,0,3.0,0.07931624467673799
Moraga,,257430062,,3-DUA,0,3.0,0.07992104458666349
Moraga,,257430064,,3-DUA,0,3.0,0.12946595406407707
Moraga,,257430007,,3-DUA,0,3.0,0.15303346457726247
Moraga,,257430006,,3-DUA,0,3.0,0.11397928626598676
Moraga,,257430005,,3-DUA,0,3.0,0.09683569456923624
Moraga,,257430004,,3-DUA,0,3.0,0.15174271389338054
Moraga,,257430003,,3-DUA,0,3.0,0.09566837078813861
Moraga,,257430002,,3-DUA,0,3.0,0.08715859990622694
Moraga,,257430001,,3-DUA,0,3.0,0.13948823679014438
Moraga,,257430065,,3-DUA,0,3.0,0.16717417485398534
Moraga,,257440001,,OSM DT,0,0.0,6.21403786753497
Moraga,,257180083,,OSM DT,0,0.0,28.2
Moraga,,255840025,,3-DUA,0,3.0,0.2526516793500887
Moraga,,255840024,,3-DUA,0,3.0,0.35843221017383536
Moraga,,255840026,,3-DUA,0,3.0,0.23967716886970636
Moraga,,255840028,,3-DUA,0,3.0,0.3044100661720313
Moraga,,255840027,,3-DUA,0,3.0,0.23771857167429716
Moraga,,255840021,,3-DUA,0,3.0,0.2544446733933309
Moraga,,255840020,,3-DUA,0,3.0,0.25838177201762424
Moraga,,255840019,,3-DUA,0,3.0,0.3333606307886027
Moraga,,255840032,,3-DUA,0,3.0,0.24881984431838866
Moraga,,255840033,,3-DUA,0,3.0,0.508
Moraga,,255840030,,3-DUA,0,3.0,0.254930263451245
Moraga,,255840031,,3-DUA,0,3.0,0.23138887981987355
Moraga,,255840035,,3-DUA,0,3.0,0.12
Moraga,,255840029,,3-DUA,0,3.0,0.3451960102245668
Moraga,,255840036,,3-DUA,0,3.0,0.77
Moraga,,257180077,,MCSP-OR,0,12.0,0.73
Moraga,,257180079,,OSM DT,0,0.0,5.06
Moraga,,257600022,,PD,0,20.0,0.02900764769601585
Moraga,,257600021,,PD,0,20.0,0.026789788815069555
Moraga,,257600035,,PD,0,20.0,0.026361345815532396
Moraga,,257180080,,MCSP-OR,0,12.0,0.56
Moraga,,255310024,,MCSP-C,0,0.0,0.399
Moraga,,255310023,,MCSP-C,0,0.0,0.556
Moraga,,255310019,,MCSP-OR,0,12.0,1.0
Moraga,,257600006,,PD,0,20.0,0.02793273397661206
Moraga,,257600009,,PD,0,20.0,0.025996689189100114
Moraga,,257600010,,PD,0,20.0,0.02583105918007445
Moraga,,257600008,,PD,0,20.0,0.025829351416300262
Moraga,,257600007,,PD,0,20.0,0.027106326064159792
Moraga,,257600033,,PD,0,20.0,0.027563955779401298
Moraga,,257600034,,PD,0,20.0,0.026322122262925955
Moraga,,257600030,,PD,0,20.0,0.026492920710149997
Moraga,,257600032,,PD,0,20.0,0.02789987204512212
Moraga,,257600031,,PD,0,20.0,0.026332358433801283
Moraga,,257600029,,PD,0,20.0,0.02633237192261186
Moraga,,257600028,,PD,0,20.0,0.02783619653635894
Moraga,,257600036,,PD,0,20.0,0.02940088896979544
Moraga,,257600024,,PD,0,20.0,0.02826493191222335
Moraga,,257600023,,PD,0,20.0,0.026907522336267847
Moraga,,257600025,,PD,0,20.0,0.026681424810063768
Moraga,,257600027,,PD,0,20.0,0.029805225968843028
Moraga,,257600026,,PD,0,20.0,0.028840560886888827
Moraga,,257600012,,PD,0,20.0,0.029099298460491307
Moraga,,257600011,,PD,0,20.0,0.02599833458990218
Moraga,,257600013,,PD,0,20.0,0.027259410343727947
Moraga,,257600014,,PD,0,20.0,0.028082276310221744
Moraga,,257600016,,PD,0,20.0,0.028486401842403683
Moraga,,257600015,,PD,0,20.0,0.026767995720596346
Moraga,,257600001,,PD,0,20.0,0.02955692506667286
Moraga,,257600004,,PD,0,20.0,0.02637339620388742
Moraga,,257600005,,PD,0,20.0,0.026338043091506027
Moraga,,257600003,,PD,0,20.0,0.026514273790381945
Moraga,,257600002,,PD,0,20.0,0.026354571741880117
Moraga,,257600017,,PD,0,20.0,0.026807914189618684
Moraga,,257600018,,PD,0,20.0,0.029602783240720746
Moraga,,257600019,,PD,0,20.0,0.026859422088536446
Moraga,,257600020,,PD,0,20.0,0.028845309288050413
Moraga,,257600037,,PD,0,20.0,3.05
Moraga,,257190002,,MCSP-OR,0,12.0,0.3536017944036082
Moraga,,257190056,,MCSP-OR,0,12.0,1.6
Moraga,,257190029,,MCSP-OR,0,12.0,1.149796399110058
Moraga,,257190050,,MCSP-OR,0,12.0,0.5818938562113575
Moraga,,257190009,,MCSP-OR,0,12.0,0.09
Moraga,,257190030,,MCSP-OR,0,12.0,0.4
Moraga,,257190034,,MCSP-OR,0,12.0,0.59
Moraga,,257190048,,MCSP-C,0,0.0,0.19
Moraga,,257190053,,MCSP-C,0,0.0,0.23235063593018818
Moraga,,255620011,,MCSP-C,0,0.0,2.55
Moraga,,255620013,,MCSP-C,0,0.0,0.4
Moraga,,257190054,,MCSP-C,0,0.0,0.43760357395406374
Moraga,,257190025,,MCSP-OR,0,12.0,0.4
Moraga,,257190016,,MR-OD,0,0.0,1.7
Moraga,,257190055,,MCSP-C,0,0.0,0.33207606883758906
Moraga,,255321024,,MCSP-C,0,0.0,0.7
Moraga,,255321013,,MCSP-C,0,0.0,0.55
Moraga,,255321017,,MCSP-C,0,0.0,0.85
Moraga,,255321022,,MCSP-C,0,0.0,3.859
Moraga,,255321002,,MCSP-RR,6,12.0,1.25
Moraga,,256110004,,OSM DT,0,0.0,4.15
Moraga,,255321015,,MCSP-RR,6,12.0,6.52
Moraga,,255321021,,MCSP-C,0,0.0,7.423
Moraga,,255321010,,MCSP-C,0,0.0,0.3
Moraga,,255321019,,MCSP-RR,6,12.0,0.51
Moraga,,255321023,,MCSP-RR,6,12.0,8.01
Moraga,,255321004,,MCSP-RR,6,12.0,0.9
Moraga,,255321005,,MCSP-RR,6,12.0,0.55
Moraga,,256110055,,1-DUA,0,1.0,21.448
Moraga,,258591005,,6-DUA,3,6.0,0.7875360112451459
Moraga,,258591009,,6-DUA,3,6.0,0.08207493198177543
Moraga,,258591031,,6-DUA,3,6.0,0.02239795849132197
Moraga,,258591032,,6-DUA,3,6.0,0.01762578479603043
Moraga,,258591033,,6-DUA,3,6.0,0.028916964427683645
Moraga,,258591008,,6-DUA,3,6.0,0.19221768171924591
Moraga,,258591025,,6-DUA,3,6.0,0.0276296766926444
Moraga,,258591026,,6-DUA,3,6.0,0.0276296766926444
Moraga,,258591027,,6-DUA,3,6.0,0.0311744457510826
Moraga,,258591028,,6-DUA,3,6.0,0.0311744457510826
Moraga,,258591029,,6-DUA,3,6.0,0.02179162551600265
Moraga,,258591030,,6-DUA,3,6.0,0.02179162551600265
Moraga,,258591007,,6-DUA,3,6.0,0.15273378226252168
Moraga,,258591006,,6-DUA,3,6.0,0.12160521512833895
Moraga,,258591019,,6-DUA,3,6.0,0.029243110286309524
Moraga,,258591023,,6-DUA,3,6.0,0.027402285306488926
Moraga,,258591024,,6-DUA,3,6.0,0.027402285306488926
Moraga,,258591021,,6-DUA,3,6.0,0.020158422047229625
Moraga,,258591022,,6-DUA,3,6.0,0.020158422047229625
Moraga,,258591038,,6-DUA,3,6.0,0.020298866379015748
Moraga,,258591039,,6-DUA,3,6.0,0.020298866379015748
Moraga,,258591037,,6-DUA,3,6.0,0.02771082506298298
Moraga,,258591040,,6-DUA,3,6.0,0.02771082506298298
Moraga,,258591011,,6-DUA,3,6.0,0.20620675469798921
Moraga,,258591041,,6-DUA,3,6.0,0.028497914291017043
Moraga,,258591042,,6-DUA,3,6.0,0.028497914291017043
Moraga,,258591034,,6-DUA,3,6.0,0.030779971697231873
Moraga,,258591035,,6-DUA,3,6.0,0.01663589857130831
Moraga,,258591036,,6-DUA,3,6.0,0.020864729844082032
Moraga,,258591010,,6-DUA,3,6.0,0.19361804406179853
Moraga,,258591012,,6-DUA,3,6.0,0.1494566890034189
Moraga,,258440034,,6-DUA,3,6.0,0.1550468842169459
Moraga,,258592001,,6-DUA,3,6.0,0.20754481963643903
Moraga,,258591013,,6-DUA,3,6.0,0.1713996806003858
Moraga,,258591004,,6-DUA,3,6.0,0.2270962839681427
Moraga,,258592013,,6-DUA,3,6.0,0.022838541534556746
Moraga,,258592012,,6-DUA,3,6.0,0.02846445237971631
Moraga,,258441015,,6-DUA,3,6.0,0.12813063690344606
Moraga,,258592008,,6-DUA,3,6.0,0.020371620862096217
Moraga,,258592009,,6-DUA,3,6.0,0.020371620862096217
Moraga,,258441016,,6-DUA,3,6.0,0.09019158011652602
Moraga,,258592010,,6-DUA,3,6.0,0.027095343188999914
Moraga,,258592011,,6-DUA,3,6.0,0.027095343188999914
Moraga,,258441009,,6-DUA,3,6.0,0.10083001279332511
Moraga,,258441017,,6-DUA,3,6.0,0.10444494030855378
Moraga,,258441011,,6-DUA,3,6.0,0.04453796249895427
Moraga,,258441010,,6-DUA,3,6.0,0.07781154899720155
Moraga,,258441014,,6-DUA,3,6.0,0.06098958561908815
Moraga,,258441012,,6-DUA,3,6.0,0.1082056911896164
Moraga,,258440042,,6-DUA,3,6.0,0.09249342027970016
Moraga,,258440041,,6-DUA,3,6.0,0.05943809452064549
Moraga,,258440040,,6-DUA,3,6.0,0.06672851472142609
Moraga,,258440036,,6-DUA,3,6.0,0.05162916984642679
Moraga,,258440037,,6-DUA,3,6.0,0.05338868193067756
Moraga,,258440035,,6-DUA,3,6.0,0.09742695849744078
Moraga,,258440039,,6-DUA,3,6.0,0.09818650783054775
Moraga,,258441013,,6-DUA,3,6.0,0.13187546649723905
Moraga,,258440031,,6-DUA,3,6.0,0.11292514313516906
Moraga,,258440032,,6-DUA,3,6.0,0.0537931744576746
Moraga,,258440033,,6-DUA,3,6.0,0.050920294393353126
Moraga,,258440038,,6-DUA,3,6.0,0.1327033896667153
Moraga,,258440043,,6-DUA,3,6.0,0.08925247131029095
Moraga,,256110037,,OSM DT,0,0.0,0.44
Moraga,,255321016,,MCSP-RR,6,12.0,0.53
Moraga,,255310026,,R-20-A,12,20.0,30.7
Moraga,,255310034,,OS,0,0.0,2.58
Moraga,,255850024,,3-DUA,0,3.0,0.2459796590659858
Moraga,,255310025,,R-12,6,12.0,18.0
Moraga,,255310032,,OS,0,0.0,1.669
Moraga,,255850025,,3-DUA,0,3.0,0.40193726454921436
Moraga,,255850026,,3-DUA,0,3.0,0.2845790572466825
Moraga,,255412021,,3-DUA,0,3.0,0.6999997353174328
Moraga,,255310036,,OS,0,0.0,1.25
Moraga,,255423022,,3-DUA,0,3.0,0.56
Moraga,,255423013,,3-DUA,0,3.0,0.3616394389269758
Moraga,,255423012,,3-DUA,0,3.0,0.5510197300616656
Moraga,,255423008,,3-DUA,0,3.0,0.2742849945418068
Moraga,,255423009,,3-DUA,0,3.0,0.3770323610372336
Moraga,,255423006,,3-DUA,0,3.0,0.290227304599271
Moraga,,255422003,,3-DUA,0,3.0,0.31432009544232514
Moraga,,255422002,,3-DUA,0,3.0,0.3297712583575229
Moraga,,255423017,,3-DUA,0,3.0,0.5838998439480801
Moraga,,255423007,,3-DUA,0,3.0,0.28276759028488024
Moraga,,255423023,,3-DUA,0,3.0,1.25
Moraga,,255423016,,3-DUA,0,3.0,0.5193430427213335
Moraga,,255412001,,3-DUA,0,3.0,1.5708712241493894
Moraga,,255412020,,3-DUA,0,3.0,0.4930852276294321
Moraga,,255412002,,3-DUA,0,3.0,0.4477486786170071
Moraga,,255411013,,3-DUA,0,3.0,0.44138581148534417
Moraga,,255421002,,3-DUA,0,3.0,0.42544770712990587
Moraga,,255421001,,3-DUA,0,3.0,0.41382967723469727
Moraga,,255422001,,3-DUA,0,3.0,0.4735046218471983
Moraga,,255481001,,3-DUA,0,3.0,0.4706033100832656
Moraga,,255490001,,3-DUA,0,3.0,0.2833871645405206
Moraga,,255490003,,3-DUA,0,3.0,0.49732123806563616
Moraga,,255490002,,3-DUA,0,3.0,0.40937350803534084
Moraga,,255490004,,3-DUA,0,3.0,0.5712112941325349
Moraga,,255490005,,3-DUA,0,3.0,0.3656244088584848
Moraga,,255411011,,3-DUA,0,3.0,0.6162133510558123
Moraga,,255411010,,3-DUA,0,3.0,0.4124087188273266
Moraga,,255411007,,3-DUA,0,3.0,0.37240210456670847
Moraga,,255411005,,3-DUA,0,3.0,0.3763811166233343
Moraga,,255411004,,3-DUA,0,3.0,0.2675287539466659
Moraga,,255412006,,3-DUA,0,3.0,0.5137866070944567
Moraga,,255412005,,3-DUA,0,3.0,0.5149371379211339
Moraga,,255411008,,3-DUA,0,3.0,0.2529303743518824
Moraga,,255411009,,3-DUA,0,3.0,0.22904072947910623
Moraga,,255411012,,3-DUA,0,3.0,0.27936930941758986
Moraga,,255412004,,3-DUA,0,3.0,0.5292097891543663
Moraga,,255412003,,3-DUA,0,3.0,0.4567808245696199
Moraga,,255412019,,3-DUA,0,3.0,0.3945693438579629
Moraga,,255412018,,3-DUA,0,3.0,0.3596628831520629
Moraga,,255412031,,3-DUA,0,3.0,0.4235406632853488
Moraga,,255412017,,3-DUA,0,3.0,0.39527301484328126
Moraga,,255412014,,3-DUA,0,3.0,0.42107443909313086
Moraga,,255412033,,3-DUA,0,3.0,0.4310795713761338
Moraga,,255412007,,3-DUA,0,3.0,0.48070180426388454
Moraga,,255412013,,3-DUA,0,3.0,0.41542474847766403
Moraga,,255412012,,3-DUA,0,3.0,0.43708410192830144
Moraga,,255412027,,3-DUA,0,3.0,0.5461799290195367
Moraga,,255412028,,3-DUA,0,3.0,0.42737580287497123
Moraga,,255412029,,3-DUA,0,3.0,0.4470887931978548
Moraga,,255441012,,3-DUA,0,3.0,0.935089402192038
Moraga,,255441010,,3-DUA,0,3.0,0.2558692441972655
Moraga,,255412026,,3-DUA,0,3.0,0.500223304467175
Moraga,,255441013,,3-DUA,0,3.0,1.1765305860009228
Moraga,,255850009,,3-DUA,0,3.0,0.3203776752642603
Moraga,,255850008,,3-DUA,0,3.0,0.3283182354495515
Moraga,,255412025,,3-DUA,0,3.0,0.5099612742418375
Moraga,,255412034,,3-DUA,0,3.0,0.4578989935329013
Moraga,,255412022,,3-DUA,0,3.0,0.5838327292865648
Moraga,,255412023,,3-DUA,0,3.0,0.48408374322966374
Moraga,,255850029,,3-DUA,0,3.0,1.049
Moraga,,255850010,,3-DUA,0,3.0,0.3938323340084966
Moraga,,255850005,,3-DUA,0,3.0,0.3812272337922409
Moraga,,255850006,,3-DUA,0,3.0,0.43679733963107964
Moraga,,255850007,,3-DUA,0,3.0,0.49582322058687794
Moraga,,255850020,,3-DUA,0,3.0,0.22688720185162015
Moraga,,255850021,,3-DUA,0,3.0,0.18944233867104673
Moraga,,255850023,,3-DUA,0,3.0,0.20712832410328494
Moraga,,255850022,,3-DUA,0,3.0,0.19382259961240722
Moraga,,255850019,,3-DUA,0,3.0,0.21250828900152752
Moraga,,255850018,,3-DUA,0,3.0,0.2095681369487073
Moraga,,255850017,,3-DUA,0,3.0,0.22779686265204094
Moraga,,255850004,,3-DUA,0,3.0,0.33411475544195735
Moraga,,255850016,,3-DUA,0,3.0,0.21437948630138023
Moraga,,255850028,,3-DUA,0,3.0,0.19
Moraga,,255850011,,3-DUA,0,3.0,0.16396124071529067
Moraga,,255850027,,3-DUA,0,3.0,0.189
Moraga,,255850012,,3-DUA,0,3.0,0.19785662233663695
Moraga,,255850013,,3-DUA,0,3.0,0.18567579026250178
Moraga,,255850014,,3-DUA,0,3.0,0.20345705487079696
Moraga,,255850001,,3-DUA,0,3.0,0.21605542504321354
Moraga,,255850002,,3-DUA,0,3.0,0.2677617532926095
Moraga,,255850015,,3-DUA,0,3.0,0.21937199532595386
Moraga,,255850003,,3-DUA,0,3.0,0.3429500698679373
Moraga,,255441014,,3-DUA,0,3.0,0.2743740986806513
Moraga,,255441015,,3-DUA,0,3.0,0.31621734658774775
Moraga,,255442001,,3-DUA,0,3.0,0.3667485702946013
Moraga,,255442002,,3-DUA,0,3.0,0.6080183696252052
Moraga,,255442004,,3-DUA,0,3.0,0.28889471302568936
Moraga,,255441011,,3-DUA,0,3.0,0.2495289882488219
Moraga,,255442005,,3-DUA,0,3.0,0.23888978171786698
Moraga,,255291035,,3-DUA,0,3.0,0.27259520978589685
Moraga,,255442003,,3-DUA,0,3.0,0.415641934723933
Moraga,,255291011,,3-DUA,0,3.0,0.7122667075542667
Moraga,,255840011,,3-DUA,0,3.0,0.6108535372059577
Moraga,,255840013,,3-DUA,0,3.0,0.4291108724870832
Moraga,,255840012,,3-DUA,0,3.0,0.4017356446409366
Moraga,,255840014,,3-DUA,0,3.0,0.3992353163372956
Moraga,,255840015,,3-DUA,0,3.0,0.915802867162374
Moraga,,255840017,,3-DUA,0,3.0,0.4112930926714258
Moraga,,255840018,,3-DUA,0,3.0,0.5684942179670648
Moraga,,255840022,,3-DUA,0,3.0,0.24756967410653283
Moraga,,255840008,,3-DUA,0,3.0,0.3298773822310787
Moraga,,255840010,,3-DUA,0,3.0,0.28829887762885126
Moraga,,255840009,,3-DUA,0,3.0,0.3712520224109865
Moraga,,255840001,,3-DUA,0,3.0,0.44069594709645765
Moraga,,255840002,,3-DUA,0,3.0,0.335212687661911
Moraga,,255840003,,3-DUA,0,3.0,0.27625245520392727
Moraga,,255840007,,3-DUA,0,3.0,0.2953312028113605
Moraga,,255840023,,3-DUA,0,3.0,0.3686763472239397
Moraga,,255840006,,3-DUA,0,3.0,0.31849846989689207
Moraga,,255840004,,3-DUA,0,3.0,0.3037446158403338
Moraga,,255840005,,3-DUA,0,3.0,0.28382439499479994
Moraga,,255830008,,3-DUA,0,3.0,0.318
Moraga,,255830009,,3-DUA,0,3.0,0.2842044496097464
Moraga,,255830007,,3-DUA,0,3.0,0.403
Moraga,,255830010,,3-DUA,0,3.0,0.2883838500008812
Moraga,,255830011,,3-DUA,0,3.0,0.2302369135768778
Moraga,,255291004,,3-DUA,0,3.0,0.3312958792285691
Moraga,,255291005,,3-DUA,0,3.0,0.3271076669688194
Moraga,,255291006,,3-DUA,0,3.0,0.35451066281556964
Moraga,,255291007,,3-DUA,0,3.0,0.3822716371170061
Moraga,,255291015,,3-DUA,0,3.0,0.38275062178713026
Moraga,,255291014,,3-DUA,0,3.0,0.30107695342419694
Moraga,,255291008,,3-DUA,0,3.0,0.40143847127824345
Moraga,,255291009,,3-DUA,0,3.0,0.4299271336438547
Moraga,,255291037,,3-DUA,0,3.0,0.5715471694929349
Moraga,,255291012,,3-DUA,0,3.0,0.2982159687768349
Moraga,,255291013,,3-DUA,0,3.0,0.2758377518558048
Moraga,,255291031,,3-DUA,0,3.0,0.39267492954730226
Moraga,,255291032,,3-DUA,0,3.0,0.3381710851845264
Moraga,,255291033,,3-DUA,0,3.0,0.32405872211562314
Moraga,,255291034,,3-DUA,0,3.0,0.39029945572476255
Moraga,,255443002,,3-DUA,0,3.0,0.31425698294588456
Moraga,,255443001,,3-DUA,0,3.0,0.2991196776784909
Moraga,,255292005,,3-DUA,0,3.0,0.3480791136499481
Moraga,,255292006,,3-DUA,0,3.0,0.30590968106121696
Moraga,,255292004,,3-DUA,0,3.0,0.3813157807816014
Moraga,,255292003,,3-DUA,0,3.0,0.3715690628890117
Moraga,,255291030,,3-DUA,0,3.0,0.37991437186205324
Moraga,,255291029,,3-DUA,0,3.0,0.3758438198994838
Moraga,,255292002,,3-DUA,0,3.0,0.37179029436303457
Moraga,,255281013,,3-DUA,0,3.0,0.30360486723521013
Moraga,,255291027,,3-DUA,0,3.0,0.45058145016769385
Moraga,,255291028,,3-DUA,0,3.0,0.38289253798501094
Moraga,,255291016,,3-DUA,0,3.0,0.43862979646622735
Moraga,,255291017,,3-DUA,0,3.0,0.403262594759893
Moraga,,255291018,,3-DUA,0,3.0,0.3339006254909257
Moraga,,255291003,,3-DUA,0,3.0,0.3399880986816945
Moraga,,255291019,,3-DUA,0,3.0,0.3177942849972161
Moraga,,255291020,,3-DUA,0,3.0,0.3001971573986785
Moraga,,255291021,,3-DUA,0,3.0,0.271696039403892
Moraga,,255291024,,3-DUA,0,3.0,0.3948558947047539
Moraga,,255291025,,3-DUA,0,3.0,0.3661984939943738
Moraga,,255291026,,3-DUA,0,3.0,0.41565093635534966
Moraga,,255281011,,3-DUA,0,3.0,0.40129581442419565
Moraga,,255281012,,3-DUA,0,3.0,0.32984488828779335
Moraga,,255281010,,3-DUA,0,3.0,0.5305422364856717
Moraga,,255281008,,3-DUA,0,3.0,0.265874112401476
Moraga,,255281009,,3-DUA,0,3.0,0.5999786569340552
Moraga,,255281005,,3-DUA,0,3.0,0.4913354379771658
Moraga,,255281004,,3-DUA,0,3.0,0.461008148748481
Moraga,,255281006,,3-DUA,0,3.0,0.2471702176703765
Moraga,,255281003,,3-DUA,0,3.0,0.5887440427700384
Moraga,,255281020,,3-DUA,0,3.0,0.7232412036241056
Moraga,,255281019,,3-DUA,0,3.0,0.32471681508276073
Moraga,,255281018,,3-DUA,0,3.0,0.24285516581222058
Moraga,,255281014,,3-DUA,0,3.0,0.32318302176448693
Moraga,,255281015,,3-DUA,0,3.0,0.42228821272909894
Moraga,,255281016,,3-DUA,0,3.0,0.5308731203606603
Moraga,,255281017,,3-DUA,0,3.0,0.6688303812949442
Moraga,,255282004,,3-DUA,0,3.0,0.24380337059141127
Moraga,,255282005,,3-DUA,0,3.0,0.24503016506764472
Moraga,,255282003,,3-DUA,0,3.0,0.2412127845544173
Moraga,,255282002,,3-DUA,0,3.0,0.24127846408164172
Moraga,,255404001,,3-DUA,0,3.0,0.4004227671558699
Moraga,,255404002,,3-DUA,0,3.0,0.47460766477766775
Moraga,,255403006,,3-DUA,0,3.0,0.25148838799807743
Moraga,,255443009,,3-DUA,0,3.0,0.29535688034544605
Moraga,,255441003,,3-DUA,0,3.0,0.30153539731466933
Moraga,,255441004,,3-DUA,0,3.0,0.26329805910407755
Moraga,,255441005,,3-DUA,0,3.0,0.3008539221750414
Moraga,,255443010,,3-DUA,0,3.0,0.2897281921208155
Moraga,,255282006,,3-DUA,0,3.0,0.28317526260638093
Moraga,,255282009,,3-DUA,0,3.0,0.31242041933138026
Moraga,,255282008,,3-DUA,0,3.0,0.30635072570869204
Moraga,,255292001,,3-DUA,0,3.0,0.3259507985172484
Moraga,,255443005,,3-DUA,0,3.0,0.28974394420836475
Moraga,,255443003,,3-DUA,0,3.0,0.3119888529778077
Moraga,,255443004,,3-DUA,0,3.0,0.3415311796432747
Moraga,,255441009,,3-DUA,0,3.0,0.43055999213874435
Moraga,,255441008,,3-DUA,0,3.0,0.3516931499334403
Moraga,,255412030,,3-DUA,0,3.0,0.34478945701972796
Moraga,,255441007,,3-DUA,0,3.0,0.3430685082917652
Moraga,,255441006,,3-DUA,0,3.0,0.3659052904086285
Moraga,,255412011,,3-DUA,0,3.0,0.3893429772401175
Moraga,,255412008,,3-DUA,0,3.0,0.3861268217634665
Moraga,,255412010,,3-DUA,0,3.0,0.3542760803394549
Moraga,,255441001,,3-DUA,0,3.0,0.3333966539136022
Moraga,,255441002,,3-DUA,0,3.0,0.2968653413017555
Moraga,,255403008,,3-DUA,0,3.0,0.3405771408808924
Moraga,,255403007,,3-DUA,0,3.0,0.42068487821735817
Moraga,,255403005,,3-DUA,0,3.0,0.2634845739317414
Moraga,,255403002,,3-DUA,0,3.0,0.33654865447506743
Moraga,,255402002,,3-DUA,0,3.0,0.2523345766709508
Moraga,,255402003,,3-DUA,0,3.0,0.2698234890818442
Moraga,,255403001,,3-DUA,0,3.0,0.30886182865534845
Moraga,,255412009,,3-DUA,0,3.0,0.32506413763312486
Moraga,,255411003,,3-DUA,0,3.0,0.28814899913375613
Moraga,,255411002,,3-DUA,0,3.0,0.2760976286571049
Moraga,,255411001,,3-DUA,0,3.0,0.5947540706873495
Moraga,,255411006,,3-DUA,0,3.0,0.6941819798907789
Moraga,,255490006,,3-DUA,0,3.0,0.4018805903605338
Moraga,,255402004,,3-DUA,0,3.0,0.4668535516949837
Moraga,,255490019,,OS,0,0.0,4.1
Moraga,,255402001,,3-DUA,0,3.0,0.4391461030895212
Moraga,,255401008,,3-DUA,0,3.0,0.276377852888989
Moraga,,255401007,,3-DUA,0,3.0,0.29878004306421907
Moraga,,255403003,,3-DUA,0,3.0,0.3250588050339561
Moraga,,255401006,,3-DUA,0,3.0,0.2723225109266289
Moraga,,255401005,,3-DUA,0,3.0,0.2548461598507031
Moraga,,255401002,,3-DUA,0,3.0,0.25426585020694625
Moraga,,255401001,,3-DUA,0,3.0,0.2470091138961403
Moraga,,255401004,,3-DUA,0,3.0,0.5137383396334814
Moraga,,255401009,,3-DUA,0,3.0,0.6831873541769843
Moraga,,255401003,,3-DUA,0,3.0,0.6877015391571729
Moraga,,255490017,,3-DUA,0,3.0,0.4368602656893705
Moraga,,255490018,,3-DUA,0,3.0,0.46953661141942643
Moraga,,255390007,,3-DUA,0,3.0,0.2536958930607918
Moraga,,255341001,,3-DUA,0,3.0,0.29906369125603194
Moraga,,255343008,,3-DUA,0,3.0,0.317380938011213
Moraga,,255343009,,3-DUA,0,3.0,0.30805478430073985
Moraga,,255343007,,3-DUA,0,3.0,0.5022284660156155
Moraga,,255390006,,3-DUA,0,3.0,0.25312659197010223
Moraga,,255390005,,3-DUA,0,3.0,0.26627292017744386
Moraga,,255390004,,3-DUA,0,3.0,0.2565730307584885
Moraga,,255390002,,3-DUA,0,3.0,0.3438261091210272
Moraga,,255390003,,3-DUA,0,3.0,0.25209085826643873
Moraga,,255403004,,3-DUA,0,3.0,0.2519623350779053
Moraga,,255404003,,3-DUA,0,3.0,0.26361656032115227
Moraga,,255404004,,3-DUA,0,3.0,0.23981591506292235
Moraga,,255282001,,3-DUA,0,3.0,0.24387206741615888
Moraga,,255281023,,3-DUA,0,3.0,0.2515008037665265
Moraga,,255281024,,3-DUA,0,3.0,0.2591182682703941
Moraga,,255283003,,3-DUA,0,3.0,0.27747254718922837
Moraga,,255283002,,3-DUA,0,3.0,0.2824073571028473
Moraga,,255283001,,3-DUA,0,3.0,0.267105057125784
Moraga,,255273007,,3-DUA,0,3.0,0.2830539735694639
Moraga,,255273006,,3-DUA,0,3.0,0.2859406868218506
Moraga,,255272007,,3-DUA,0,3.0,0.4570897566079956
Moraga,,255281026,,3-DUA,0,3.0,0.43042112536352856
Moraga,,255281025,,3-DUA,0,3.0,0.2866011501914773
Moraga,,255281022,,3-DUA,0,3.0,0.32247007707259184
Moraga,,255281002,,3-DUA,0,3.0,0.5223935493103109
Moraga,,255281001,,3-DUA,0,3.0,0.5396336345225593
Moraga,,255281021,,3-DUA,0,3.0,0.8198176956285772
Moraga,,255272006,,3-DUA,0,3.0,0.5848827124075978
Moraga,,255272005,,3-DUA,0,3.0,0.5762147988277134
Moraga,,255272009,,3-DUA,0,3.0,0.4150854937888987
Moraga,,255272008,,3-DUA,0,3.0,0.4198985168158859
Moraga,,255273005,,3-DUA,0,3.0,0.28507147935854404
Moraga,,255273004,,3-DUA,0,3.0,0.2669825266126252
Moraga,,255273003,,3-DUA,0,3.0,0.2642959185925162
Moraga,,255272011,,3-DUA,0,3.0,0.41020189239884974
Moraga,,255272010,,3-DUA,0,3.0,0.394877362880294
Moraga,,255272012,,3-DUA,0,3.0,0.3950724254524986
Moraga,,255272013,,3-DUA,0,3.0,0.3860846567567969
Moraga,,255263017,,3-DUA,0,3.0,0.3757920251628393
Moraga,,255265003,,3-DUA,0,3.0,0.2404157004378983
Moraga,,255265004,,3-DUA,0,3.0,0.25042029107843516
Moraga,,255273001,,3-DUA,0,3.0,0.25661912864778985
Moraga,,255273002,,3-DUA,0,3.0,0.26076038053810807
Moraga,,255381006,,1-DUA,0,1.0,0.902668300037925
Moraga,,255265002,,3-DUA,0,3.0,0.2390625033921479
Moraga,,255265001,,3-DUA,0,3.0,0.27573600959368416
Moraga,,255381004,,1-DUA,0,1.0,0.4439758184846124
Moraga,,255390001,,1-DUA,0,1.0,14.4
Moraga,,255381017,,1-DUA,0,1.0,0.4367566105472983
Moraga,,255381007,,1-DUA,0,1.0,2.700529061309923
Moraga,,255381016,,1-DUA,0,1.0,0.5770041563663068
Moraga,,255382009,,1-DUA,0,1.0,0.0
Moraga,,255382008,,1-DUA,0,1.0,0.0
Moraga,,255250017,,3-DUA,0,3.0,0.43188785279361924
Moraga,,255263019,,3-DUA,0,3.0,0.33660510305643254
Moraga,,255263011,,3-DUA,0,3.0,0.31296103708048584
Moraga,,255264001,,3-DUA,0,3.0,0.28752142181921714
Moraga,,255264002,,3-DUA,0,3.0,0.2778986900622711
Moraga,,255263012,,3-DUA,0,3.0,0.3264276962550616
Moraga,,255264003,,3-DUA,0,3.0,0.26817351367415754
Moraga,,255263015,,3-DUA,0,3.0,0.37623646462116095
Moraga,,255263014,,3-DUA,0,3.0,0.353300644283973
Moraga,,255263013,,3-DUA,0,3.0,0.30551663576798144
Moraga,,255263005,,3-DUA,0,3.0,0.32042842298511254
Moraga,,255263006,,3-DUA,0,3.0,0.30474150741181527
Moraga,,255263007,,3-DUA,0,3.0,0.2794907008616514
Moraga,,255263018,,3-DUA,0,3.0,0.2609937666346929
Moraga,,255263009,,3-DUA,0,3.0,0.33679024768238786
Moraga,,255250012,,3-DUA,0,3.0,0.38792082011043605
Moraga,,255250010,,3-DUA,0,3.0,0.45258887669991943
Moraga,,255250011,,3-DUA,0,3.0,0.28213281113788113
Moraga,,255262009,,3-DUA,0,3.0,0.24430202653921948
Moraga,,255262008,,3-DUA,0,3.0,0.4783026993574619
Moraga,,255250009,,3-DUA,0,3.0,0.4390621831024272
Moraga,,255250008,,3-DUA,0,3.0,0.45682554047720436
Moraga,,255262006,,3-DUA,0,3.0,0.4191732931619755
Moraga,,255262005,,3-DUA,0,3.0,0.5977363932083178
Moraga,,255262007,,3-DUA,0,3.0,0.41172890667743
Moraga,,255262004,,3-DUA,0,3.0,0.6780794619187476
Moraga,,255262014,,3-DUA,0,3.0,0.6047930718728773
Moraga,,255262013,,3-DUA,0,3.0,0.6013217325571355
Moraga,,255262012,,3-DUA,0,3.0,0.5453025052895132
Moraga,,255262011,,3-DUA,0,3.0,0.508785318602688
Moraga,,255262010,,3-DUA,0,3.0,0.24202609429361843
Moraga,,255263004,,3-DUA,0,3.0,0.3421584281354095
Moraga,,255263003,,3-DUA,0,3.0,0.3548322375118268
Moraga,,255263002,,3-DUA,0,3.0,0.4073146595012909
Moraga,,255263016,,3-DUA,0,3.0,0.3771091963102099
Moraga,,255263001,,3-DUA,0,3.0,0.40544351868398976
Moraga,,255272001,,3-DUA,0,3.0,0.4493859252532116
Moraga,,255272002,,3-DUA,0,3.0,0.47213378898482444
Moraga,,255272003,,3-DUA,0,3.0,0.4302599669680301
Moraga,,255272004,,3-DUA,0,3.0,0.510150385448484
Moraga,,255271012,,3-DUA,0,3.0,0.4300044036637577
Moraga,,255271011,,3-DUA,0,3.0,0.4925818778940298
Moraga,,255271014,,3-DUA,0,3.0,0.3502917261948066
Moraga,,255271013,,3-DUA,0,3.0,0.40520711218897
Moraga,,255271015,,3-DUA,0,3.0,0.3181251111552724
Moraga,,255271017,,3-DUA,0,3.0,0.3493780183912263
Moraga,,255271018,,3-DUA,0,3.0,0.39217253883886743
Moraga,,255271016,,3-DUA,0,3.0,0.3400597101017737
Moraga,,255271006,,3-DUA,0,3.0,0.9045528359041419
Moraga,,255271007,,3-DUA,0,3.0,0.5471201088999359
Moraga,,255271008,,3-DUA,0,3.0,0.5225379561648283
Moraga,,255271009,,3-DUA,0,3.0,0.49540729619912055
Moraga,,255271002,,3-DUA,0,3.0,0.2585179594360252
Moraga,,255271003,,3-DUA,0,3.0,0.3609122422011864
Moraga,,255271005,,3-DUA,0,3.0,0.5703339994629181
Moraga,,255271004,,3-DUA,0,3.0,0.5355807722608265
Moraga,,255261002,,3-DUA,0,3.0,0.2585493310406237
Moraga,,255261003,,3-DUA,0,3.0,0.24435762259507507
Moraga,,255261004,,3-DUA,0,3.0,0.24492923568253602
Moraga,,255271001,,3-DUA,0,3.0,0.24098979256918115
Moraga,,255271010,,3-DUA,0,3.0,0.4865874602922489
Moraga,,255262001,,3-DUA,0,3.0,0.4864128369637461
Moraga,,255262002,,3-DUA,0,3.0,0.5077555462311424
Moraga,,255262003,,3-DUA,0,3.0,0.554039839027585
Moraga,,255250003,,3-DUA,0,3.0,0.9504210754258675
Moraga,,255250002,,3-DUA,0,3.0,0.5048616845142915
Moraga,,255250001,,3-DUA,0,3.0,0.39123030339545417
Moraga,,255261001,,3-DUA,0,3.0,0.2879515350706851
Moraga,,271191009,,3-DUA,0,3.0,0.4196275499765209
Moraga,,271191011,,3-DUA,0,3.0,0.23310537565056327
Moraga,,271191012,,3-DUA,0,3.0,0.3563306865138827
Moraga,,271191010,,3-DUA,0,3.0,0.237
Moraga,,271191008,,3-DUA,0,3.0,0.2935386171126695
Moraga,,271191007,,3-DUA,0,3.0,0.280786503318721
Moraga,,271191006,,3-DUA,0,3.0,0.39794343932524995
Moraga,,255301022,,3-DUA,0,3.0,0.5171204429529652
Moraga,,255301004,,3-DUA,0,3.0,0.2597492076281819
Moraga,,255301007,,3-DUA,0,3.0,0.2972094968600478
Moraga,,255301021,,3-DUA,0,3.0,0.40615990723418993
Moraga,,255301018,,3-DUA,0,3.0,0.8182896432715895
Moraga,,255301009,,3-DUA,0,3.0,0.39105415996989945
Moraga,,255301008,,3-DUA,0,3.0,0.3295635698836055
Moraga,,255303010,,3-DUA,0,3.0,0.40558589750466406
Moraga,,255301010,,3-DUA,0,3.0,0.4262765936394564
Moraga,,255301011,,3-DUA,0,3.0,0.7060652966782843
Moraga,,255301019,,3-DUA,0,3.0,0.6651898957595852
Moraga,,255301012,,3-DUA,0,3.0,0.9232020969424979
Moraga,,255301013,,3-DUA,0,3.0,0.5638962225632357
Moraga,,255301014,,3-DUA,0,3.0,0.4971175282400193
Moraga,,255303012,,3-DUA,0,3.0,0.4694082349970489
Moraga,,255301015,,3-DUA,0,3.0,0.47576253278691655
Moraga,,255271019,,3-DUA,0,3.0,0.402458898498026
Moraga,,255301017,,3-DUA,0,3.0,0.22814162258619997
Moraga,,255301016,,3-DUA,0,3.0,0.2584140606776772
Moraga,,255281007,,3-DUA,0,3.0,0.22660799882139301
Moraga,,255291023,,3-DUA,0,3.0,0.30310015162648785
Moraga,,255303013,,3-DUA,0,3.0,0.33602105040880204
Moraga,,255303011,,3-DUA,0,3.0,0.4832272003270916
Moraga,,255303015,,3-DUA,0,3.0,0.5347508791680482
Moraga,,255303014,,3-DUA,0,3.0,0.5943358249615072
Moraga,,255291022,,3-DUA,0,3.0,0.23559923227878737
Moraga,,255303016,,3-DUA,0,3.0,1.1431690920073012
Moraga,,255291001,,3-DUA,0,3.0,0.40365137525655637
Moraga,,255291002,,3-DUA,0,3.0,0.327973358687625
Moraga,,255330011,,3-DUA,0,3.0,7.929
Moraga,,255303007,,3-DUA,0,3.0,1.138331586570455
Moraga,,255303009,,3-DUA,0,3.0,0.6882746144343723
Moraga,,255303008,,3-DUA,0,3.0,0.907535682450408
Moraga,,255303006,,3-DUA,0,3.0,0.5376812218092191
Moraga,,255303005,,3-DUA,0,3.0,0.3045397566606055
Moraga,,255303003,,3-DUA,0,3.0,0.27007650996276944
Moraga,,255303004,,3-DUA,0,3.0,0.25430071532550275
Moraga,,255303002,,3-DUA,0,3.0,0.387534435921923
Moraga,,255303001,,3-DUA,0,3.0,0.4456351662990172
Moraga,,255330003,,3-DUA,0,3.0,0.62
Moraga,,255302005,,3-DUA,0,3.0,0.28825956241963413
Moraga,,255302006,,3-DUA,0,3.0,0.37
Moraga,,255830001,,3-DUA,0,3.0,0.347669909012487
Moraga,,255330009,,3-DUA,0,3.0,0.5198974522134465
Moraga,,255330004,,3-DUA,0,3.0,0.66
Moraga,,255330010,,3-DUA,0,3.0,0.499894991073898
Moraga,,255830003,,3-DUA,0,3.0,0.29609365250685366
Moraga,,255830002,,3-DUA,0,3.0,0.24442769790504393
Moraga,,255830004,,3-DUA,0,3.0,0.3078390514161927
Moraga,,255830005,,3-DUA,0,3.0,0.356
Moraga,,255830006,,3-DUA,0,3.0,0.417
Moraga,,255830014,,3-DUA,0,3.0,0.79
Moraga,,255830013,,3-DUA,0,3.0,0.11
Moraga,,257450009,,6-DUA,3,6.0,0.009778707453243841
Moraga,,257450012,,6-DUA,3,6.0,0.017732390242566107
Moraga,,255302004,,3-DUA,0,3.0,0.2885921399615776
Moraga,,255302003,,3-DUA,0,3.0,0.27066984831384816
Moraga,,255302002,,3-DUA,0,3.0,0.2699783615645206
Moraga,,257450030,,6-DUA,3,6.0,2.474446906101084
Moraga,,257450029,,6-DUA,3,6.0,0.012622660639441794
Moraga,,257450004,,6-DUA,3,6.0,0.016401005867116323
Moraga,,257450003,,6-DUA,3,6.0,0.01689322957626884
Moraga,,257450002,,6-DUA,3,6.0,0.008591563965440079
Moraga,,257450001,,6-DUA,3,6.0,0.008567316276912268
Moraga,,257450005,,6-DUA,3,6.0,0.018697393509130335
Moraga,,257450007,,6-DUA,3,6.0,0.008696397818577534
Moraga,,257450006,,6-DUA,3,6.0,0.009587469211059439
Moraga,,257450008,,6-DUA,3,6.0,0.016720641121491926
Moraga,,257450011,,6-DUA,3,6.0,0.018202871781751232
Moraga,,257450010,,6-DUA,3,6.0,0.009351561483598371
Moraga,,257450024,,6-DUA,3,6.0,0.016145413371459614
Moraga,,257450025,,6-DUA,3,6.0,0.008603669404425055
Moraga,,257450028,,6-DUA,3,6.0,0.01833627581369633
Moraga,,257450027,,6-DUA,3,6.0,0.018846955372155378
Moraga,,257450026,,6-DUA,3,6.0,0.009087238205332804
Moraga,,257370014,,6-DUA,3,6.0,0.03581528141795575
Moraga,,257370013,,6-DUA,3,6.0,0.035353621153237036
Moraga,,257370010,,6-DUA,3,6.0,0.034064108373512904
Moraga,,257370011,,6-DUA,3,6.0,0.03557611417368375
Moraga,,257370012,,6-DUA,3,6.0,0.03529417131533832
Moraga,,257370015,,6-DUA,3,6.0,0.03851967067170609
Moraga,,257370029,,6-DUA,3,6.0,0.03561284553432149
Moraga,,257370016,,6-DUA,3,6.0,0.03532389501386738
Moraga,,257370017,,6-DUA,3,6.0,0.0356285786320184
Moraga,,257370018,,6-DUA,3,6.0,0.03560803219174625
Moraga,,257370022,,6-DUA,3,6.0,0.03786592097260891
Moraga,,257370023,,6-DUA,3,6.0,0.03404954100446111
Moraga,,257370025,,6-DUA,3,6.0,0.02861000588683959
Moraga,,257370024,,6-DUA,3,6.0,0.02811040511643533
Moraga,,257370026,,6-DUA,3,6.0,0.033803043053505046
Moraga,,257370027,,6-DUA,3,6.0,0.03844742610561615
Moraga,,257370028,,6-DUA,3,6.0,0.03540816369777385
Moraga,,257370034,,6-DUA,3,6.0,0.03663069044022288
Moraga,,257370032,,6-DUA,3,6.0,0.03677640520987319
Moraga,,257370033,,6-DUA,3,6.0,0.035756727987605964
Moraga,,257370031,,6-DUA,3,6.0,0.04400660618328087
Moraga,,257370030,,6-DUA,3,6.0,0.0379220449204382
Moraga,,257450023,,6-DUA,3,6.0,0.00947809942072959
Moraga,,257450021,,6-DUA,3,6.0,0.018164055679659938
Moraga,,257450022,,6-DUA,3,6.0,0.009416070085105649
Moraga,,257450015,,6-DUA,3,6.0,0.008875656829377444
Moraga,,257450013,,6-DUA,3,6.0,0.01844304810088843
Moraga,,257450014,,6-DUA,3,6.0,0.009678461289602432
Moraga,,257450016,,6-DUA,3,6.0,0.016687258671406534
Moraga,,257450018,,6-DUA,3,6.0,0.0084183100243652
Moraga,,257450020,,6-DUA,3,6.0,0.01778141207728053
Moraga,,257450017,,6-DUA,3,6.0,0.008809205732325763
Moraga,,257450019,,6-DUA,3,6.0,0.018355441643296198
Moraga,,257370036,,6-DUA,3,6.0,0.04359755127092347
Moraga,,257370037,,6-DUA,3,6.0,0.03610722976270793
Moraga,,257370039,,6-DUA,3,6.0,0.035976186200490805
Moraga,,257370038,,6-DUA,3,6.0,0.036256998884750695
Moraga,,257370040,,6-DUA,3,6.0,0.04204592844681905
Moraga,,257370043,,6-DUA,3,6.0,0.03766379548006501
Moraga,,257370041,,6-DUA,3,6.0,0.03794245737464216
Moraga,,257370042,,6-DUA,3,6.0,0.03591964607799053
Moraga,,257370045,,6-DUA,3,6.0,0.043030504808930774
Moraga,,257370046,,6-DUA,3,6.0,0.036451853528312005
Moraga,,257370047,,6-DUA,3,6.0,0.03606872588633135
Moraga,,257370044,,6-DUA,3,6.0,0.038611469750825224
Moraga,,257370049,,6-DUA,3,6.0,0.04298591477944955
Moraga,,257370048,,6-DUA,3,6.0,0.036586427517581836
Moraga,,257370059,,6-DUA,3,6.0,0.03510742560448909
Moraga,,257370061,,6-DUA,3,6.0,0.03478487339687694
Moraga,,257370060,,6-DUA,3,6.0,0.034457396451628916
Moraga,,257370050,,6-DUA,3,6.0,0.03819976825153614
Moraga,,257370051,,6-DUA,3,6.0,0.03748990570197878
Moraga,,257370057,,6-DUA,3,6.0,0.03658829709579513
Moraga,,257370056,,6-DUA,3,6.0,0.03601787904262267
Moraga,,257370055,,6-DUA,3,6.0,0.03639642630839891
Moraga,,257370054,,6-DUA,3,6.0,0.04415550610056903
Moraga,,257370052,,6-DUA,3,6.0,0.03669592081945073
Moraga,,257370053,,6-DUA,3,6.0,0.037604400249604465
Moraga,,257370035,,6-DUA,3,6.0,0.04348985217146394
Moraga,,257300073,,6-DUA,3,6.0,0.026545895988373737
Moraga,,257300074,,6-DUA,3,6.0,0.023436804236299246
Moraga,,257300075,,6-DUA,3,6.0,0.02315816399406037
Moraga,,257300072,,6-DUA,3,6.0,0.033251001068484914
Moraga,,257300071,,6-DUA,3,6.0,0.036516319564550655
Moraga,,257300070,,6-DUA,3,6.0,0.035948685588414825
Moraga,,257300067,,6-DUA,3,6.0,0.0329638081180315
Moraga,,257300066,,6-DUA,3,6.0,0.027038029077382765
Moraga,,257300065,,6-DUA,3,6.0,0.02716428756042273
Moraga,,257300064,,6-DUA,3,6.0,0.03314109703633314
Moraga,,257300068,,6-DUA,3,6.0,0.03461230358305035
Moraga,,257300069,,6-DUA,3,6.0,0.03604332625290034
Moraga,,257370058,,6-DUA,3,6.0,0.04332722264901916
Moraga,,257370062,,6-DUA,3,6.0,0.034955671626735484
Moraga,,257370063,,6-DUA,3,6.0,0.03474948852552015
Moraga,,257400001,,6-DUA,3,6.0,0.041696582451049666
Moraga,,257400002,,6-DUA,3,6.0,0.037235240246827936
Moraga,,257400003,,6-DUA,3,6.0,0.036465441563318934
Moraga,,257400005,,6-DUA,3,6.0,0.04165988109998764
Moraga,,257400004,,6-DUA,3,6.0,0.03667280023198656
Moraga,,257400009,,6-DUA,3,6.0,0.0332810826386081
Moraga,,257400008,,6-DUA,3,6.0,0.03313965604184165
Moraga,,257400007,,6-DUA,3,6.0,0.03304286956426258
Moraga,,257400006,,6-DUA,3,6.0,0.03341880398582298
Moraga,,257400014,,6-DUA,3,6.0,0.03573076371985905
Moraga,,257400015,,6-DUA,3,6.0,0.03629593466870751
Moraga,,257400017,,6-DUA,3,6.0,0.035849685958946005
Moraga,,257400016,,6-DUA,3,6.0,0.035391838763778286
Moraga,,257400040,,6-DUA,3,6.0,0.036129296293538296
Moraga,,257400027,,6-DUA,3,6.0,0.03592882003388531
Moraga,,257400028,,6-DUA,3,6.0,0.03588125879372958
Moraga,,257400029,,6-DUA,3,6.0,0.03587355226925252
Moraga,,257400038,,6-DUA,3,6.0,0.03602225194934612
Moraga,,257400039,,6-DUA,3,6.0,0.03620148371328098
Moraga,,257400037,,6-DUA,3,6.0,0.03623628693987048
Moraga,,257400036,,6-DUA,3,6.0,0.03607573309763269
Moraga,,257400031,,6-DUA,3,6.0,0.03613554088760168
Moraga,,257400030,,6-DUA,3,6.0,0.03586855629531603
Moraga,,257400033,,6-DUA,3,6.0,0.033915184416951606
Moraga,,257400032,,6-DUA,3,6.0,0.034711604540585514
Moraga,,257400034,,6-DUA,3,6.0,0.03434427404717751
Moraga,,257400035,,6-DUA,3,6.0,0.033723833093357816
Moraga,,257400050,,6-DUA,3,6.0,0.04279574635002706
Moraga,,257400051,,6-DUA,3,6.0,0.038524925334757404
Moraga,,257400055,,6-DUA,3,6.0,0.0359664744194063
Moraga,,257400056,,6-DUA,3,6.0,0.03624643576719438
Moraga,,257400058,,6-DUA,3,6.0,0.03609194677139852
Moraga,,257400057,,6-DUA,3,6.0,0.03615527033528836
Moraga,,257400063,,6-DUA,3,6.0,0.041828019168967494
Moraga,,257400062,,6-DUA,3,6.0,0.03691875336366741
Moraga,,257400061,,6-DUA,3,6.0,0.037341261738105654
Moraga,,257400060,,6-DUA,3,6.0,0.042054336246544644
Moraga,,257300051,,6-DUA,3,6.0,0.038211505991394855
Moraga,,257300056,,6-DUA,3,6.0,0.036154270568824885
Moraga,,257300055,,6-DUA,3,6.0,0.03189284672159141
Moraga,,257300052,,6-DUA,3,6.0,0.032308078304309304
Moraga,,257300053,,6-DUA,3,6.0,0.027331017901226135
Moraga,,257300054,,6-DUA,3,6.0,0.026810445436303447
Moraga,,257300063,,6-DUA,3,6.0,0.03292148602053106
Moraga,,257300062,,6-DUA,3,6.0,0.02692237730095513
Moraga,,257300061,,6-DUA,3,6.0,0.02666178557233948
Moraga,,257300060,,6-DUA,3,6.0,0.03263656550812034
Moraga,,257300059,,6-DUA,3,6.0,0.03758767685346712
Moraga,,257300057,,6-DUA,3,6.0,0.034404150390047336
Moraga,,257300058,,6-DUA,3,6.0,0.033863748774732236
Moraga,,257300077,,6-DUA,3,6.0,0.03312044898292063
Moraga,,257300076,,6-DUA,3,6.0,0.026438633903158572
Moraga,,257300001,,6-DUA,3,6.0,0.3672289678356518
Moraga,,257300034,,6-DUA,3,6.0,0.03417028500536591
Moraga,,257300032,,6-DUA,3,6.0,0.02705964527186841
Moraga,,257300033,,6-DUA,3,6.0,0.034143740397924956
Moraga,,257300036,,6-DUA,3,6.0,0.023751429477125045
Moraga,,257300035,,6-DUA,3,6.0,0.027550419778563855
Moraga,,257300046,,6-DUA,3,6.0,0.02709644988160397
Moraga,,257300047,,6-DUA,3,6.0,0.03369963913160961
Moraga,,257300048,,6-DUA,3,6.0,0.03719881688597942
Moraga,,257300049,,6-DUA,3,6.0,0.034765544252594156
Moraga,,257300050,,6-DUA,3,6.0,0.03448751440364605
Moraga,,257300045,,6-DUA,3,6.0,0.027756909773114995
Moraga,,257300044,,6-DUA,3,6.0,0.03326429607687404
Moraga,,257400064,,6-DUA,3,6.0,5.086801473545606
Moraga,,257300043,,6-DUA,3,6.0,0.03646240672599056
Moraga,,257300042,,6-DUA,3,6.0,0.036726999556670616
Moraga,,257300041,,6-DUA,3,6.0,0.03726462814452052
Moraga,,257300040,,6-DUA,3,6.0,0.038437415632768646
Moraga,,257300039,,6-DUA,3,6.0,0.033514390266839736
Moraga,,257300038,,6-DUA,3,6.0,0.02814774798512115
Moraga,,257300037,,6-DUA,3,6.0,0.024525864253832907
Moraga,,257300018,,6-DUA,3,6.0,0.038407859459116477
Moraga,,257300014,,6-DUA,3,6.0,0.024671852449613042
Moraga,,257300015,,6-DUA,3,6.0,0.023803370770864824
Moraga,,257300016,,6-DUA,3,6.0,0.027577764503634528
Moraga,,257300017,,6-DUA,3,6.0,0.03438457546153703
Moraga,,257300012,,6-DUA,3,6.0,0.034049422781124376
Moraga,,257300013,,6-DUA,3,6.0,0.027066420014792807
Moraga,,257300011,,6-DUA,3,6.0,0.0339512263764575
Moraga,,257300010,,6-DUA,3,6.0,0.02743520129797008
Moraga,,257300003,,6-DUA,3,6.0,0.027886489671267924
Moraga,,257300005,,6-DUA,3,6.0,0.024517601432166806
Moraga,,257300004,,6-DUA,3,6.0,0.023877885825735086
Moraga,,257300007,,6-DUA,3,6.0,0.034885947352039946
Moraga,,257300006,,6-DUA,3,6.0,0.027145475406891828
Moraga,,257300008,,6-DUA,3,6.0,0.03358551604932514
Moraga,,257300009,,6-DUA,3,6.0,0.027819854640534304
Moraga,,257300025,,6-DUA,3,6.0,0.024618942118893837
Moraga,,257300024,,6-DUA,3,6.0,0.024160671766595306
Moraga,,257300021,,6-DUA,3,6.0,0.03863805081883877
Moraga,,257300020,,6-DUA,3,6.0,0.03687972298581434
Moraga,,257300019,,6-DUA,3,6.0,0.037155531018545435
Moraga,,257300022,,6-DUA,3,6.0,0.033357776169640814
Moraga,,257300023,,6-DUA,3,6.0,0.02807460945016844
Moraga,,257300031,,6-DUA,3,6.0,0.024705792275516322
Moraga,,257300030,,6-DUA,3,6.0,0.023885089599765152
Moraga,,257300029,,6-DUA,3,6.0,0.026868656567472986
Moraga,,257300028,,6-DUA,3,6.0,0.03323650935762117
Moraga,,257300026,,6-DUA,3,6.0,0.02725940362000375
Moraga,,257300027,,6-DUA,3,6.0,0.03395970444647166
Moraga,,257370021,,6-DUA,3,6.0,0.03502707233361453
Moraga,,257370020,,6-DUA,3,6.0,0.03546065222694834
Moraga,,257370019,,6-DUA,3,6.0,0.03796004465587157
Moraga,,257370005,,6-DUA,3,6.0,0.044704895022440544
Moraga,,257370004,,6-DUA,3,6.0,0.03703564467561185
Moraga,,257370006,,6-DUA,3,6.0,0.03828675455641324
Moraga,,257370007,,6-DUA,3,6.0,0.03748333789788911
Moraga,,257370009,,6-DUA,3,6.0,0.039276360733761
Moraga,,257370008,,6-DUA,3,6.0,0.03742120302225787
Moraga,,257370002,,6-DUA,3,6.0,0.03692964782985518
Moraga,,257370001,,6-DUA,3,6.0,0.04182138868824504
Moraga,,257370003,,6-DUA,3,6.0,0.037328139290902757
Moraga,,257300078,,6-DUA,3,6.0,1.92
Moraga,,257370066,,6-DUA,3,6.0,4.14
Moraga,,255301001,,3-DUA,0,3.0,0.27814857839897017
Moraga,,255302001,,3-DUA,0,3.0,0.2806155782059381
Moraga,,255301002,,3-DUA,0,3.0,0.2860220011091715
Moraga,,271191005,,3-DUA,0,3.0,0.5600552483273495
Moraga,,271191003,,3-DUA,0,3.0,0.27685758198171984
Moraga,,271191004,,3-DUA,0,3.0,0.3600878776042311
Moraga,,271191002,,3-DUA,0,3.0,0.23711406396228774
Moraga,,257300002,,6-DUA,3,6.0,0.03433580473474653
Moraga,,257300079,,6-DUA,3,6.0,3.72
Moraga,,257400059,,6-DUA,3,6.0,0.03636292499786805
Moraga,,257400054,,6-DUA,3,6.0,0.04278541325449175
Moraga,,257400053,,6-DUA,3,6.0,0.03755770468998667
Moraga,,257400052,,6-DUA,3,6.0,0.03816666770214446
Moraga,,257400049,,6-DUA,3,6.0,0.033724754026108854
Moraga,,257400045,,6-DUA,3,6.0,0.035590405333676335
Moraga,,257400043,,6-DUA,3,6.0,0.03570337842963166
Moraga,,257400044,,6-DUA,3,6.0,0.03645994070869234
Moraga,,257400042,,6-DUA,3,6.0,0.03584076194923849
Moraga,,257400046,,6-DUA,3,6.0,0.03315282355586683
Moraga,,257400047,,6-DUA,3,6.0,0.03410495575568876
Moraga,,257400048,,6-DUA,3,6.0,0.03378455928204544
Moraga,,257400041,,6-DUA,3,6.0,0.03580510799132299
Moraga,,257400018,,6-DUA,3,6.0,0.036224412758299754
Moraga,,257400019,,6-DUA,3,6.0,0.034397175070467405
Moraga,,257400021,,6-DUA,3,6.0,0.03440067925907055
Moraga,,257400020,,6-DUA,3,6.0,0.034403785552181175
Moraga,,257400022,,6-DUA,3,6.0,0.034047230300185374
Moraga,,257400023,,6-DUA,3,6.0,0.04145581718738512
Moraga,,257400024,,6-DUA,3,6.0,0.0361102526102138
Moraga,,257400025,,6-DUA,3,6.0,0.03556375055866324
Moraga,,257400026,,6-DUA,3,6.0,0.04029894741925787
Moraga,,271370001,,3-DUA,0,3.0,0.27075838653101303
Moraga,,271370002,,3-DUA,0,3.0,0.2534822011282778
Moraga,,271370003,,3-DUA,0,3.0,0.28267117273366443
Moraga,,271370004,,3-DUA,0,3.0,0.326014205419456
Moraga,,271370005,,3-DUA,0,3.0,0.25885319381975447
Moraga,,271370006,,3-DUA,0,3.0,0.23474707326957156
Moraga,,271370008,,3-DUA,0,3.0,0.23442676162794493
Moraga,,271370007,,3-DUA,0,3.0,0.24004257478279592
Moraga,,255250004,,3-DUA,0,3.0,1.2025617306128111
Moraga,,255250013,,3-DUA,0,3.0,0.5470473252115815
Moraga,,255250014,,3-DUA,0,3.0,0.8858633250670869
Moraga,,255250015,,3-DUA,0,3.0,0.5194787025997294
Moraga,,255250016,,3-DUA,0,3.0,0.0
Moraga,,255382010,,1-DUA,0,1.0,0.0
Moraga,,255382002,,1-DUA,0,1.0,0.0
Moraga,,255382001,,1-DUA,0,1.0,0.0
Moraga,,255372013,,1-DUA,0,1.0,0.0
Moraga,,255372011,,1-DUA,0,1.0,0.0
Moraga,,271120023,,OSM DT,0,0.0,3.797
Moraga,,271120018,,OSM DT,0,0.0,1.46
Moraga,,271130004,,OSM DT,0,0.0,7.316
Moraga,,271390001,,3-DUA,0,3.0,0.2302137706036455
Moraga,,271380009,,3-DUA,0,3.0,0.22965433625420836
Moraga,,271380008,,3-DUA,0,3.0,0.23137104919029594
Moraga,,271380007,,3-DUA,0,3.0,0.23311258339259244
Moraga,,271380006,,3-DUA,0,3.0,0.22971845278203287
Moraga,,271380005,,3-DUA,0,3.0,0.2782244357707559
Moraga,,271380030,,3-DUA,0,3.0,0.12
Moraga,,271380004,,3-DUA,0,3.0,0.2300087652134533
Moraga,,271380003,,3-DUA,0,3.0,0.23042238025400125
Moraga,,271380002,,3-DUA,0,3.0,0.22884013145893106
Moraga,,271380001,,3-DUA,0,3.0,0.3530284896927248
Moraga,,271120017,,OSM DT,0,0.0,3.425
Moraga,,271370009,,3-DUA,0,3.0,0.230628590443971
Moraga,,271370010,,3-DUA,0,3.0,0.2315444603359416
Moraga,,271370011,,OSM DT,0,0.0,3.07
Moraga,,271380028,,3-DUA,0,3.0,0.2542639728737998
Moraga,,271380027,,3-DUA,0,3.0,0.27145726297939055
Moraga,,271380026,,3-DUA,0,3.0,0.23497329572182213
Moraga,,271380022,,3-DUA,0,3.0,0.40477065594324696
Moraga,,271380025,,3-DUA,0,3.0,0.23324128902477467
Moraga,,271380024,,3-DUA,0,3.0,0.23429367933946096
Moraga,,271380021,,3-DUA,0,3.0,0.4533974618845294
Moraga,,271380017,,3-DUA,0,3.0,0.2807003957831609
Moraga,,271380018,,3-DUA,0,3.0,0.4311456107142818
Moraga,,271380015,,3-DUA,0,3.0,0.29857395369316
Moraga,,271380014,,3-DUA,0,3.0,0.38182309526886704
Moraga,,271380016,,3-DUA,0,3.0,0.30729478850515185
Moraga,,271380019,,3-DUA,0,3.0,0.3213286566211295
Moraga,,271380020,,3-DUA,0,3.0,0.3771968375765387
Moraga,,271380023,,3-DUA,0,3.0,0.25000267159670725
Moraga,,271380031,,3-DUA,0,3.0,0.2595398463731251
Moraga,,271380011,,3-DUA,0,3.0,0.26252140537678426
Moraga,,271380013,,3-DUA,0,3.0,0.33467894726249453
Moraga,,271380012,,3-DUA,0,3.0,0.39468245523238216
Moraga,,271390017,,3-DUA,0,3.0,0.23017727994872222
Moraga,,271380010,,3-DUA,0,3.0,0.23825015707503688
Moraga,,271390016,,3-DUA,0,3.0,0.23400450625205566
Moraga,,271390002,,3-DUA,0,3.0,0.23130729475975542
Moraga,,271390003,,3-DUA,0,3.0,0.2554622558143756
Moraga,,271390015,,3-DUA,0,3.0,0.23340095725055912
Moraga,,271390013,,3-DUA,0,3.0,0.30761598888085745
Moraga,,271390014,,3-DUA,0,3.0,0.3276161290640754
Moraga,,271390004,,3-DUA,0,3.0,0.29465427675376094
Moraga,,271390005,,3-DUA,0,3.0,0.23968760080727794
Moraga,,271390006,,3-DUA,0,3.0,0.24510592189251035
Moraga,,271380029,,3-DUA,0,3.0,3.16
Moraga,,271390008,,3-DUA,0,3.0,0.23030634774345207
Moraga,,271390007,,3-DUA,0,3.0,0.2300372043634159
Moraga,,271390009,,3-DUA,0,3.0,0.23077191430261015
Moraga,,271390010,,3-DUA,0,3.0,0.4428850547617043
Moraga,,271390011,,3-DUA,0,3.0,0.3411084794535413
Moraga,,271390012,,3-DUA,0,3.0,0.33596301478837076
Moraga,,271120026,,OSM DT,0,0.0,15.63
Moraga,,257180034,,2-DUA,0,2.0,0.27
Moraga,,257180038,,2-DUA,0,2.0,184.36442174744593
Moraga,,271120016,,OSM DT,0,0.0,0.11
Moraga,,270142012,,OSM DT,0,0.0,0.99
Moraga,,270142013,,OSM DT,0,0.0,0.99
Moraga,,255010015,,OSM DT,0,0.0,80.6
Moraga,,255572003,,3-DUA,0,3.0,0.0
Moraga,,255572002,,3-DUA,0,3.0,0.0
Moraga,,255571002,,3-DUA,0,3.0,0.0
Moraga,,255571001,,3-DUA,0,3.0,0.0
Moraga,,255581030,,2-DUA,0,2.0,0.0
Moraga,,255572001,,3-DUA,0,3.0,0.0
Moraga,,255581029,,2-DUA,0,2.0,0.0
Moraga,,255582002,,3-DUA,0,3.0,0.0
Moraga,,255582001,,3-DUA,0,3.0,0.0
Moraga,,255582003,,3-DUA,0,3.0,0.0
Moraga,,255581024,,3-DUA,0,3.0,0.0
Moraga,,255581025,,2-DUA,0,2.0,0.0
Moraga,,255581022,,3-DUA,0,3.0,0.0
Moraga,,255581021,,2-DUA,0,2.0,0.0
Moraga,,255581026,,2-DUA,0,2.0,0.0
Moraga,,255581027,,2-DUA,0,2.0,0.0
Moraga,,255581028,,2-DUA,0,2.0,0.0
Moraga,,255651011,,2-DUA,0,2.0,0.0
Moraga,,255651010,,2-DUA,0,2.0,0.0
Moraga,,255651009,,2-DUA,0,2.0,0.0
Moraga,,255651008,,2-DUA,0,2.0,0.0
Moraga,,256510001,,OSM DT,0,0.0,0.95
Moraga,,256510008,,OSM DT,0,0.0,0.92
Moraga,,256510005,,OSM DT,0,0.0,1.19
Moraga,,256510006,,OSM DT,0,0.0,1.012
Moraga,,256510007,,OSM DT,0,0.0,0.947
Moraga,,256510002,,OSM DT,0,0.0,0.968
Moraga,,256510003,,OSM DT,0,0.0,0.954
Moraga,,256510004,,OSM DT,0,0.0,0.931
Moraga,,256510010,,OSM DT,0,0.0,0.552
Moraga,,256510009,,OSM DT,0,0.0,0.533
Moraga,,256510011,,OSM DT,0,0.0,0.42
Moraga,,256510012,,OSM DT,0,0.0,0.349
Moraga,,256510013,,OSM DT,0,0.0,0.336
Moraga,,256500019,,1-DUA,0,1.0,0.398
Moraga,,256500028,,1-DUA,0,1.0,0.331
Moraga,,256500020,,1-DUA,0,1.0,0.341
Moraga,,256500018,,1-DUA,0,1.0,0.47
Moraga,,256500017,,1-DUA,0,1.0,0.449
Moraga,,256510014,,OSM DT,0,0.0,0.326
Moraga,,256510015,,OSM DT,0,0.0,0.377
Moraga,,256500015,,1-DUA,0,1.0,0.387
Moraga,,256500016,,1-DUA,0,1.0,0.404
Moraga,,256500012,,OSM DT,0,0.0,0.478
Moraga,,256500014,,1-DUA,0,1.0,0.402
Moraga,,256500013,,1-DUA,0,1.0,0.447
Moraga,,256500011,,OSM DT,0,0.0,0.497
Moraga,,256500010,,OSM DT,0,0.0,0.505
Moraga,,256520006,,1-DUA,0,1.0,0.369
Moraga,,256520007,,1-DUA,0,1.0,0.437
Moraga,,256520019,,1-DUA,0,1.0,0.1
Moraga,,256520008,,1-DUA,0,1.0,0.345
Moraga,,256520009,,1-DUA,0,1.0,0.424
Moraga,,256202007,,3-DUA,0,3.0,0.0
Moraga,,256202006,,3-DUA,0,3.0,0.0
Moraga,,256202005,,3-DUA,0,3.0,0.0
Moraga,,256201006,,3-DUA,0,3.0,0.0
Moraga,,256201004,,3-DUA,0,3.0,0.0
Moraga,,256201005,,3-DUA,0,3.0,0.0
Moraga,,256202001,,3-DUA,0,3.0,0.0
Moraga,,256202002,,3-DUA,0,3.0,0.0
Moraga,,256202003,,3-DUA,0,3.0,0.0
Moraga,,256202004,,3-DUA,0,3.0,0.0
Moraga,,256203007,,3-DUA,0,3.0,0.0
Moraga,,256204007,,3-DUA,0,3.0,0.0
Moraga,,256203008,,3-DUA,0,3.0,0.0
Moraga,,256203009,,3-DUA,0,3.0,0.0
Moraga,,256203006,,3-DUA,0,3.0,0.0
Moraga,,256203005,,3-DUA,0,3.0,0.0
Moraga,,256203003,,3-DUA,0,3.0,0.0
Moraga,,256203004,,3-DUA,0,3.0,0.0
Moraga,,256203002,,3-DUA,0,3.0,0.0
Moraga,,256202008,,3-DUA,0,3.0,0.0
Moraga,,256203001,,3-DUA,0,3.0,0.0
Moraga,,256040008,,OSM DT,0,0.0,3.07
Moraga,,256024003,,3-DUA,0,3.0,0.0
Moraga,,256024004,,3-DUA,0,3.0,0.0
Moraga,,256024005,,3-DUA,0,3.0,0.0
Moraga,,256030002,,OSM DT,0,0.0,31.178
Moraga,,256040015,,OS,0,0.0,53.0
Moraga,,256203012,,3-DUA,0,3.0,0.0
Moraga,,256203013,,3-DUA,0,3.0,0.0
Moraga,,256203014,,3-DUA,0,3.0,0.0
Moraga,,256024007,,3-DUA,0,3.0,0.0
Moraga,,256024006,,3-DUA,0,3.0,0.0
Moraga,,256023020,,3-DUA,0,3.0,0.0
Moraga,,256023019,,3-DUA,0,3.0,0.0
Moraga,,256023016,,3-DUA,0,3.0,0.0
Moraga,,256023007,,3-DUA,0,3.0,0.0
Moraga,,256023015,,3-DUA,0,3.0,0.0
Moraga,,256023014,,3-DUA,0,3.0,0.0
Moraga,,256023023,,3-DUA,0,3.0,0.0
Moraga,,256023022,,3-DUA,0,3.0,0.0
Moraga,,256023021,,3-DUA,0,3.0,0.0
Moraga,,256023024,,3-DUA,0,3.0,0.0
Moraga,,256024002,,3-DUA,0,3.0,0.0
Moraga,,256024001,,3-DUA,0,3.0,0.0
Moraga,,256023025,,3-DUA,0,3.0,0.0
Moraga,,256023011,,3-DUA,0,3.0,0.0
Moraga,,256023010,,3-DUA,0,3.0,0.0
Moraga,,256023012,,3-DUA,0,3.0,0.0
Moraga,,256023013,,3-DUA,0,3.0,0.0
Moraga,,256023009,,3-DUA,0,3.0,0.0
Moraga,,256023008,,3-DUA,0,3.0,0.0
Moraga,,256023002,,3-DUA,0,3.0,0.0
Moraga,,256023003,,3-DUA,0,3.0,0.0
Moraga,,256023001,,3-DUA,0,3.0,0.0
Moraga,,256021002,,3-DUA,0,3.0,0.0
Moraga,,256021001,,3-DUA,0,3.0,0.0
Moraga,,256021005,,3-DUA,0,3.0,0.0
Moraga,,256021004,,3-DUA,0,3.0,0.0
Moraga,,256021003,,3-DUA,0,3.0,0.0
Moraga,,256023004,,3-DUA,0,3.0,0.0
Moraga,,256023006,,3-DUA,0,3.0,0.0
Moraga,,256023005,,3-DUA,0,3.0,0.0
Moraga,,256021006,,3-DUA,0,3.0,0.0
Moraga,,256194027,,3-DUA,0,3.0,0.0
Moraga,,256022001,,3-DUA,0,3.0,0.0
Moraga,,256194034,,3-DUA,0,3.0,0.0
Moraga,,256194033,,3-DUA,0,3.0,0.0
Moraga,,256194008,,3-DUA,0,3.0,0.0
Moraga,,256205004,,3-DUA,0,3.0,0.0
Moraga,,256205003,,3-DUA,0,3.0,0.0
Moraga,,256205002,,3-DUA,0,3.0,0.0
Moraga,,256022004,,3-DUA,0,3.0,0.0
Moraga,,256205001,,3-DUA,0,3.0,0.0
Moraga,,256022002,,3-DUA,0,3.0,0.0
Moraga,,256022003,,3-DUA,0,3.0,0.0
Moraga,,256023017,,3-DUA,0,3.0,0.0
Moraga,,256023018,,3-DUA,0,3.0,0.0
Moraga,,256204001,,3-DUA,0,3.0,0.0
Moraga,,256204002,,3-DUA,0,3.0,0.0
Moraga,,256204014,,3-DUA,0,3.0,0.0
Moraga,,256204013,,3-DUA,0,3.0,0.0
Moraga,,256204012,,3-DUA,0,3.0,0.0
Moraga,,256204004,,3-DUA,0,3.0,0.0
Moraga,,256204003,,3-DUA,0,3.0,0.0
Moraga,,256203011,,3-DUA,0,3.0,0.0
Moraga,,256203010,,3-DUA,0,3.0,0.0
Moraga,,256204006,,3-DUA,0,3.0,0.0
Moraga,,256204005,,3-DUA,0,3.0,0.0
Moraga,,256204010,,3-DUA,0,3.0,0.0
Moraga,,256204011,,3-DUA,0,3.0,0.0
Moraga,,256204009,,3-DUA,0,3.0,0.0
Moraga,,256204008,,3-DUA,0,3.0,0.0
Moraga,,256205009,,3-DUA,0,3.0,0.0
Moraga,,256205010,,3-DUA,0,3.0,0.0
Moraga,,256201003,,3-DUA,0,3.0,0.0
Moraga,,256205011,,3-DUA,0,3.0,0.0
Moraga,,256205008,,3-DUA,0,3.0,0.0
Moraga,,256205007,,3-DUA,0,3.0,0.0
Moraga,,256205006,,3-DUA,0,3.0,0.0
Moraga,,256205012,,3-DUA,0,3.0,0.0
Moraga,,256205005,,3-DUA,0,3.0,0.0
Moraga,,256194007,,3-DUA,0,3.0,0.0
Moraga,,256194001,,3-DUA,0,3.0,0.0
Moraga,,256194002,,3-DUA,0,3.0,0.0
Moraga,,256194003,,3-DUA,0,3.0,0.0
Moraga,,256193002,,3-DUA,0,3.0,0.0
Moraga,,256193001,,3-DUA,0,3.0,0.0
Moraga,,256201001,,3-DUA,0,3.0,0.0
Moraga,,256201002,,3-DUA,0,3.0,0.0
Moraga,,256192008,,3-DUA,0,3.0,0.0
Moraga,,256192009,,3-DUA,0,3.0,0.0
Moraga,,256192010,,3-DUA,0,3.0,0.0
Moraga,,256194004,,3-DUA,0,3.0,0.0
Moraga,,256194006,,3-DUA,0,3.0,0.0
Moraga,,256194005,,3-DUA,0,3.0,0.0
Moraga,,256192004,,3-DUA,0,3.0,0.0
Moraga,,256192005,,3-DUA,0,3.0,0.0
Moraga,,256192006,,3-DUA,0,3.0,0.0
Moraga,,256192007,,3-DUA,0,3.0,0.0
Moraga,,256192003,,3-DUA,0,3.0,0.0
Moraga,,256192001,,3-DUA,0,3.0,0.0
Moraga,,256191004,,3-DUA,0,3.0,0.0
Moraga,,256194023,,3-DUA,0,3.0,0.0
Moraga,,256194015,,3-DUA,0,3.0,0.0
Moraga,,256194014,,3-DUA,0,3.0,0.0
Moraga,,256192002,,3-DUA,0,3.0,0.0
Moraga,,256194013,,3-DUA,0,3.0,0.0
Moraga,,256194012,,3-DUA,0,3.0,0.0
Moraga,,256194011,,3-DUA,0,3.0,0.0
Moraga,,256194009,,3-DUA,0,3.0,0.0
Moraga,,256194032,,3-DUA,0,3.0,0.0
Moraga,,256194010,,3-DUA,0,3.0,0.0
Moraga,,256194031,,3-DUA,0,3.0,0.0
Moraga,,256194030,,3-DUA,0,3.0,0.0
Moraga,,256194028,,3-DUA,0,3.0,0.0
Moraga,,256194029,,3-DUA,0,3.0,0.0
Moraga,,256194017,,3-DUA,0,3.0,0.0
Moraga,,256194016,,3-DUA,0,3.0,0.0
Moraga,,256194020,,3-DUA,0,3.0,0.0
Moraga,,256194019,,3-DUA,0,3.0,0.0
Moraga,,256194018,,3-DUA,0,3.0,0.0
Moraga,,256194022,,3-DUA,0,3.0,0.0
Moraga,,256194021,,3-DUA,0,3.0,0.0
Moraga,,256194024,,3-DUA,0,3.0,0.0
Moraga,,256194025,,3-DUA,0,3.0,0.0
Moraga,,256182009,,3-DUA,0,3.0,0.0
Moraga,,256181003,,3-DUA,0,3.0,0.0
Moraga,,256194026,,3-DUA,0,3.0,0.0
Moraga,,256182008,,3-DUA,0,3.0,0.0
Moraga,,256183004,,3-DUA,0,3.0,0.0
Moraga,,256183005,,3-DUA,0,3.0,0.0
Moraga,,256183006,,3-DUA,0,3.0,0.0
Moraga,,256182004,,3-DUA,0,3.0,0.0
Moraga,,256182003,,3-DUA,0,3.0,0.0
Moraga,,256182005,,3-DUA,0,3.0,0.0
Moraga,,256182006,,3-DUA,0,3.0,0.0
Moraga,,256191001,,3-DUA,0,3.0,0.0
Moraga,,256191002,,3-DUA,0,3.0,0.0
Moraga,,256191003,,3-DUA,0,3.0,0.0
Moraga,,256183010,,3-DUA,0,3.0,0.0
Moraga,,256182007,,3-DUA,0,3.0,0.0
Moraga,,256183009,,3-DUA,0,3.0,0.0
Moraga,,256183008,,3-DUA,0,3.0,0.0
Moraga,,256183007,,3-DUA,0,3.0,0.0
Moraga,,256183011,,1-DUA,0,1.0,0.0
Moraga,,256490037,,1-DUA,0,1.0,1.29
Moraga,,255520010,,1-DUA,0,1.0,1.29
Moraga,,255511002,,1-DUA,0,1.0,0.0
Moraga,,255511003,,1-DUA,0,1.0,0.0
Moraga,,256370002,,1-DUA,0,1.0,2.23
Moraga,,256490001,,1-DUA,0,1.0,0.569
Moraga,,256490002,,1-DUA,0,1.0,0.442
Moraga,,256490033,,OS,0,0.0,0.511
Moraga,,256490032,,OS,0,0.0,0.465
Moraga,,256490029,,1-DUA,0,1.0,0.519
Moraga,,256490030,,1-DUA,0,1.0,0.482
Moraga,,256490031,,OS,0,0.0,0.557
Moraga,,256490003,,1-DUA,0,1.0,0.5
Moraga,,256490026,,1-DUA,0,1.0,0.57
Moraga,,256490027,,1-DUA,0,1.0,0.548
Moraga,,256490028,,1-DUA,0,1.0,0.523
Moraga,,256490025,,1-DUA,0,1.0,0.58
Moraga,,256490024,,1-DUA,0,1.0,0.58
Moraga,,256490023,,1-DUA,0,1.0,0.543
Moraga,,256490022,,1-DUA,0,1.0,0.496
Moraga,,256490021,,1-DUA,0,1.0,0.486
Moraga,,256490020,,1-DUA,0,1.0,0.485
Moraga,,256370010,,OS,0,0.0,63.994
Moraga,,256520015,,1-DUA,0,1.0,0.405
Moraga,,256520013,,1-DUA,0,1.0,0.411
Moraga,,256520012,,1-DUA,0,1.0,0.362
Moraga,,256520011,,1-DUA,0,1.0,0.361
Moraga,,256520010,,1-DUA,0,1.0,0.377
Moraga,,256520005,,1-DUA,0,1.0,0.427
Moraga,,256520003,,1-DUA,0,1.0,0.367
Moraga,,256520004,,1-DUA,0,1.0,0.357
Moraga,,256520002,,1-DUA,0,1.0,0.392
Moraga,,256520001,,1-DUA,0,1.0,0.936
Moraga,,256520014,,1-DUA,0,1.0,0.401
Moraga,,256520017,,1-DUA,0,1.0,0.386
Moraga,,256520016,,1-DUA,0,1.0,0.636
Moraga,,256520018,,1-DUA,0,1.0,0.47
Moraga,,256370013,,1-DUA,0,1.0,15.476
Moraga,,256500055,,1-DUA,0,1.0,0.366
Moraga,,256500053,,1-DUA,0,1.0,0.345
Moraga,,256500054,,1-DUA,0,1.0,0.36
Moraga,,256500052,,1-DUA,0,1.0,0.338
Moraga,,256500051,,1-DUA,0,1.0,0.348
Moraga,,256500050,,1-DUA,0,1.0,0.345
Moraga,,256500049,,1-DUA,0,1.0,0.399
Moraga,,256500048,,1-DUA,0,1.0,0.455
Moraga,,256500047,,1-DUA,0,1.0,0.471
Moraga,,256500046,,1-DUA,0,1.0,0.542
Moraga,,256500045,,1-DUA,0,1.0,0.416
Moraga,,256500044,,1-DUA,0,1.0,0.567
Moraga,,256500041,,1-DUA,0,1.0,0.544
Moraga,,256500042,,1-DUA,0,1.0,0.513
Moraga,,256500043,,1-DUA,0,1.0,0.59
Moraga,,256500040,,1-DUA,0,1.0,0.477
Moraga,,256500038,,1-DUA,0,1.0,0.405
Moraga,,256500039,,1-DUA,0,1.0,0.442
Moraga,,256500024,,1-DUA,0,1.0,0.345
Moraga,,256500025,,1-DUA,0,1.0,0.342
Moraga,,256500023,,1-DUA,0,1.0,0.354
Moraga,,256500022,,1-DUA,0,1.0,0.349
Moraga,,256500021,,1-DUA,0,1.0,0.349
Moraga,,256500027,,1-DUA,0,1.0,0.335
Moraga,,256500026,,1-DUA,0,1.0,0.354
Moraga,,256500031,,1-DUA,0,1.0,0.347
Moraga,,256500030,,1-DUA,0,1.0,0.325
Moraga,,256500029,,1-DUA,0,1.0,0.302
Moraga,,256510016,,OSM DT,0,0.0,1.0
Moraga,,256500009,,OSM DT,0,0.0,0.541
Moraga,,256500032,,1-DUA,0,1.0,0.349
Moraga,,256500008,,OSM DT,0,0.0,0.462
Moraga,,256500007,,OSM DT,0,0.0,0.655
Moraga,,256500033,,1-DUA,0,1.0,0.349
Moraga,,256500034,,1-DUA,0,1.0,0.399
Moraga,,256500035,,1-DUA,0,1.0,0.513
Moraga,,256500037,,1-DUA,0,1.0,0.318
Moraga,,256500004,,OSM DT,0,0.0,0.597
Moraga,,256500003,,OSM DT,0,0.0,0.51
Moraga,,256500005,,OSM DT,0,0.0,0.647
Moraga,,256500006,,OSM DT,0,0.0,0.554
Moraga,,256370012,,OSM DT,0,0.0,11.1
Moraga,,256500001,,1-DUA,0,1.0,0.469
Moraga,,256500002,,1-DUA,0,1.0,0.475
Moraga,,256500058,,1-DUA,0,1.0,0.77
Moraga,,256500036,,1-DUA,0,1.0,0.38
Moraga,,256500056,,1-DUA,0,1.0,0.361
Moraga,,256500057,,1-DUA,0,1.0,0.461
Moraga,,256370011,,OSM DT,0,0.0,283.74
Moraga,,256490017,,1-DUA,0,1.0,0.531
Moraga,,256490016,,1-DUA,0,1.0,0.484
Moraga,,256490018,,1-DUA,0,1.0,0.563
Moraga,,256490015,,1-DUA,0,1.0,0.65
Moraga,,256490035,,1-DUA,0,1.0,2.23
Moraga,,256490014,,1-DUA,0,1.0,0.445
Moraga,,256490013,,1-DUA,0,1.0,0.479
Moraga,,256490019,,1-DUA,0,1.0,0.551
Moraga,,256490012,,1-DUA,0,1.0,0.506
Moraga,,256490034,,1-DUA,0,1.0,5.06
Moraga,,256490010,,1-DUA,0,1.0,0.375
Moraga,,256490011,,1-DUA,0,1.0,0.477
Moraga,,256490009,,1-DUA,0,1.0,0.487
Moraga,,256490008,,1-DUA,0,1.0,0.335
Moraga,,256490004,,1-DUA,0,1.0,0.546
Moraga,,256490005,,1-DUA,0,1.0,0.325
Moraga,,256490006,,1-DUA,0,1.0,0.617
Moraga,,256490007,,1-DUA,0,1.0,0.621
Moraga,,256370001,,1-DUA,0,1.0,1.4
Moraga,,255511004,,1-DUA,0,1.0,0.0
Moraga,,255514002,,1-DUA,0,1.0,0.0
Moraga,,255514003,,1-DUA,0,1.0,0.0
Moraga,,255513005,,1-DUA,0,1.0,0.0
Moraga,,255513004,,1-DUA,0,1.0,0.0
Moraga,,255513003,,1-DUA,0,1.0,0.0
Moraga,,255633001,,1-DUA,0,1.0,0.0
Moraga,,255632001,,1-DUA,0,1.0,0.0
Moraga,,255633002,,1-DUA,0,1.0,0.0
Moraga,,255633003,,1-DUA,0,1.0,0.0
Moraga,,255633004,,1-DUA,0,1.0,0.0
Moraga,,255642005,,1-DUA,0,1.0,0.0
Moraga,,255642006,,1-DUA,0,1.0,0.0
Moraga,,255642007,,1-DUA,0,1.0,0.0
Moraga,,255642004,,1-DUA,0,1.0,0.0
Moraga,,255642008,,1-DUA,0,1.0,0.0
Moraga,,255641013,,1-DUA,0,1.0,0.0
Moraga,,255641014,,1-DUA,0,1.0,0.0
Moraga,,255642003,,1-DUA,0,1.0,0.0
Moraga,,255642001,,1-DUA,0,1.0,0.0
Moraga,,255642002,,1-DUA,0,1.0,0.0
Moraga,,255632008,,1-DUA,0,1.0,0.0
Moraga,,255634001,,1-DUA,0,1.0,0.0
Moraga,,255634002,,1-DUA,0,1.0,0.0
Moraga,,255634003,,1-DUA,0,1.0,0.0
Moraga,,255641002,,1-DUA,0,1.0,0.0
Moraga,,255641015,,1-DUA,0,1.0,0.0
Moraga,,255641003,,1-DUA,0,1.0,0.0
Moraga,,255641001,,2-DUA,0,2.0,0.0
Moraga,,255634007,,2-DUA,0,2.0,0.0
Moraga,,255635001,,2-DUA,0,2.0,0.0
Moraga,,255643009,,2-DUA,0,2.0,0.0
Moraga,,255643007,,2-DUA,0,2.0,0.0
Moraga,,255643006,,2-DUA,0,2.0,0.0
Moraga,,255643005,,2-DUA,0,2.0,0.0
Moraga,,255641006,,2-DUA,0,2.0,0.0
Moraga,,255641007,,2-DUA,0,2.0,0.0
Moraga,,255641004,,1-DUA,0,1.0,0.0
Moraga,,255641005,,1-DUA,0,1.0,0.0
Moraga,,255641008,,2-DUA,0,2.0,0.0
Moraga,,255641009,,2-DUA,0,2.0,0.0
Moraga,,255643004,,2-DUA,0,2.0,0.0
Moraga,,255642015,,2-DUA,0,2.0,0.0
Moraga,,255642014,,2-DUA,0,2.0,0.0
Moraga,,255642013,,2-DUA,0,2.0,0.0
Moraga,,255642012,,1-DUA,0,1.0,0.0
Moraga,,255642011,,1-DUA,0,1.0,0.0
Moraga,,255641010,,1-DUA,0,1.0,0.0
Moraga,,255641011,,1-DUA,0,1.0,0.0
Moraga,,255641012,,1-DUA,0,1.0,0.0
Moraga,,255642010,,1-DUA,0,1.0,0.0
Moraga,,255642009,,1-DUA,0,1.0,0.0
Moraga,,255651007,,2-DUA,0,2.0,0.0
Moraga,,255651006,,2-DUA,0,2.0,0.0
Moraga,,255652007,,2-DUA,0,2.0,0.0
Moraga,,255652006,,2-DUA,0,2.0,0.0
Moraga,,255652005,,2-DUA,0,2.0,0.0
Moraga,,255651005,,2-DUA,0,2.0,0.0
Moraga,,255651004,,2-DUA,0,2.0,0.0
Moraga,,255652008,,2-DUA,0,2.0,0.0
Moraga,,255652010,,2-DUA,0,2.0,0.0
Moraga,,255652009,,2-DUA,0,2.0,0.0
Moraga,,255652018,,2-DUA,0,2.0,0.0
Moraga,,255651003,,2-DUA,0,2.0,0.0
Moraga,,255651002,,2-DUA,0,2.0,0.0
Moraga,,255651001,,2-DUA,0,2.0,0.0
Moraga,,255642017,,2-DUA,0,2.0,0.0
Moraga,,255642016,,2-DUA,0,2.0,0.0
Moraga,,255643001,,2-DUA,0,2.0,0.0
Moraga,,255643002,,2-DUA,0,2.0,0.0
Moraga,,255643003,,2-DUA,0,2.0,0.0
Moraga,,255652017,,2-DUA,0,2.0,0.0
Moraga,,255652016,,2-DUA,0,2.0,0.0
Moraga,,255643008,,2-DUA,0,2.0,0.0
Moraga,,255662002,,2-DUA,0,2.0,0.0
Moraga,,255601010,,2-DUA,0,2.0,0.0
Moraga,,255601011,,2-DUA,0,2.0,0.0
Moraga,,255662001,,2-DUA,0,2.0,0.0
Moraga,,255662003,,2-DUA,0,2.0,0.0
Moraga,,255652015,,2-DUA,0,2.0,0.0
Moraga,,255652014,,2-DUA,0,2.0,0.0
Moraga,,255662015,,2-DUA,0,2.0,0.0
Moraga,,255662016,,2-DUA,0,2.0,0.0
Moraga,,255662014,,2-DUA,0,2.0,0.0
Moraga,,255662008,,2-DUA,0,2.0,0.0
Moraga,,255662007,,2-DUA,0,2.0,0.0
Moraga,,255662009,,2-DUA,0,2.0,0.0
Moraga,,255662010,,2-DUA,0,2.0,0.0
Moraga,,255662011,,2-DUA,0,2.0,0.0
Moraga,,255652019,,2-DUA,0,2.0,0.0
Moraga,,255652012,,2-DUA,0,2.0,0.0
Moraga,,255652011,,2-DUA,0,2.0,0.0
Moraga,,255652001,,2-DUA,0,2.0,0.0
Moraga,,255652002,,2-DUA,0,2.0,0.0
Moraga,,255652003,,2-DUA,0,2.0,0.0
Moraga,,255652004,,2-DUA,0,2.0,0.0
Moraga,,255651012,,2-DUA,0,2.0,0.0
Moraga,,255651013,,2-DUA,0,2.0,0.0
Moraga,,255661001,,2-DUA,0,2.0,0.0
Moraga,,255651014,,2-DUA,0,2.0,0.0
Moraga,,255661002,,2-DUA,0,2.0,0.0
Moraga,,255661003,,2-DUA,0,2.0,0.0
Moraga,,255661004,,2-DUA,0,2.0,0.0
Moraga,,255661006,,2-DUA,0,2.0,0.0
Moraga,,255661005,,2-DUA,0,2.0,0.0
Moraga,,255661007,,2-DUA,0,2.0,0.0
Moraga,,255581020,,2-DUA,0,2.0,0.0
Moraga,,255581019,,2-DUA,0,2.0,0.0
Moraga,,255581018,,2-DUA,0,2.0,0.0
Moraga,,255581017,,2-DUA,0,2.0,0.0
Moraga,,255581004,,3-DUA,0,3.0,0.0
Moraga,,255581005,,2-DUA,0,2.0,0.0
Moraga,,255593024,,2-DUA,0,2.0,0.0
Moraga,,255593023,,2-DUA,0,2.0,0.0
Moraga,,255661008,,2-DUA,0,2.0,0.0
Moraga,,255593021,,2-DUA,0,2.0,0.0
Moraga,,255593028,,3-DUA,0,3.0,0.271
Moraga,,255593029,,3-DUA,0,3.0,0.314
Moraga,,255593020,,3-DUA,0,3.0,0.0
Moraga,,255593019,,3-DUA,0,3.0,0.0
Moraga,,255593022,,2-DUA,0,2.0,0.0
Moraga,,255593018,,3-DUA,0,3.0,0.0
Moraga,,255592003,,3-DUA,0,3.0,0.0
Moraga,,255592004,,3-DUA,0,3.0,0.0
Moraga,,255593010,,3-DUA,0,3.0,0.0
Moraga,,255593017,,3-DUA,0,3.0,0.0
Moraga,,255593016,,2-DUA,0,2.0,0.0
Moraga,,255593009,,3-DUA,0,3.0,0.0
Moraga,,255593011,,2-DUA,0,2.0,0.0
Moraga,,255593012,,2-DUA,0,2.0,0.0
Moraga,,255593014,,2-DUA,0,2.0,0.0
Moraga,,255593015,,2-DUA,0,2.0,0.0
Moraga,,255661009,,2-DUA,0,2.0,0.0
Moraga,,255661010,,2-DUA,0,2.0,0.0
Moraga,,255661011,,2-DUA,0,2.0,0.0
Moraga,,255661012,,2-DUA,0,2.0,0.0
Moraga,,255602001,,2-DUA,0,2.0,0.0
Moraga,,255661013,,2-DUA,0,2.0,0.0
Moraga,,255593013,,2-DUA,0,2.0,0.0
Moraga,,255593005,,2-DUA,0,2.0,0.0
Moraga,,255593004,,2-DUA,0,2.0,0.0
Moraga,,255602002,,2-DUA,0,2.0,0.0
Moraga,,255601009,,2-DUA,0,2.0,0.0
Moraga,,255601008,,2-DUA,0,2.0,0.0
Moraga,,255602003,,2-DUA,0,2.0,0.0
Moraga,,255602004,,2-DUA,0,2.0,0.0
Moraga,,255593003,,2-DUA,0,2.0,0.0
Moraga,,255602005,,2-DUA,0,2.0,0.0
Moraga,,255602006,,2-DUA,0,2.0,0.0
Moraga,,255554002,,3-DUA,0,3.0,0.0
Moraga,,255602007,,2-DUA,0,2.0,0.0
Moraga,,255602008,,2-DUA,0,2.0,0.0
Moraga,,255593001,,3-DUA,0,3.0,0.0
Moraga,,255554001,,3-DUA,0,3.0,0.0
Moraga,,255593002,,2-DUA,0,2.0,0.0
Moraga,,255593006,,2-DUA,0,2.0,0.0
Moraga,,255593008,,3-DUA,0,3.0,0.0
Moraga,,255593007,,3-DUA,0,3.0,0.0
Moraga,,255592007,,3-DUA,0,3.0,0.0
Moraga,,255592006,,3-DUA,0,3.0,0.0
Moraga,,255592005,,3-DUA,0,3.0,0.0
Moraga,,255562004,,3-DUA,0,3.0,0.0
Moraga,,255562005,,3-DUA,0,3.0,0.0
Moraga,,255562006,,3-DUA,0,3.0,0.0
Moraga,,255562007,,3-DUA,0,3.0,0.0
Moraga,,255562008,,3-DUA,0,3.0,0.0
Moraga,,255592008,,3-DUA,0,3.0,0.0
Moraga,,255551018,,3-DUA,0,3.0,0.0
Moraga,,255551015,,3-DUA,0,3.0,0.0
Moraga,,255551016,,3-DUA,0,3.0,0.0
Moraga,,255552002,,3-DUA,0,3.0,0.0
Moraga,,255552001,,3-DUA,0,3.0,0.0
Moraga,,255552004,,3-DUA,0,3.0,0.0
Moraga,,255552003,,3-DUA,0,3.0,0.0
Moraga,,255553010,,3-DUA,0,3.0,0.0
Moraga,,255555001,,3-DUA,0,3.0,0.0
Moraga,,255555002,,3-DUA,0,3.0,0.0
Moraga,,255553009,,3-DUA,0,3.0,0.0
Moraga,,255553003,,3-DUA,0,3.0,0.0
Moraga,,255551010,,3-DUA,0,3.0,0.0
Moraga,,255553002,,3-DUA,0,3.0,0.0
Moraga,,255553001,,3-DUA,0,3.0,0.0
Moraga,,255551013,,3-DUA,0,3.0,0.0
Moraga,,255551014,,3-DUA,0,3.0,0.0
Moraga,,255551012,,3-DUA,0,3.0,0.0
Moraga,,255551011,,3-DUA,0,3.0,0.0
Moraga,,255551008,,3-DUA,0,3.0,0.0
Moraga,,255551009,,3-DUA,0,3.0,0.0
Moraga,,255551007,,3-DUA,0,3.0,0.0
Moraga,,255551006,,3-DUA,0,3.0,0.0
Moraga,,255551005,,3-DUA,0,3.0,0.0
Moraga,,255551004,,3-DUA,0,3.0,0.0
Moraga,,255553005,,3-DUA,0,3.0,0.0
Moraga,,255553004,,3-DUA,0,3.0,0.0
Moraga,,255553008,,3-DUA,0,3.0,0.0
Moraga,,255553007,,3-DUA,0,3.0,0.0
Moraga,,255553006,,3-DUA,0,3.0,0.0
Moraga,,255555003,,3-DUA,0,3.0,0.0
Moraga,,255555004,,3-DUA,0,3.0,0.0
Moraga,,255555005,,3-DUA,0,3.0,0.0
Moraga,,255542008,,2-DUA,0,2.0,0.0
Moraga,,255542009,,3-DUA,0,3.0,0.0
Moraga,,255551003,,3-DUA,0,3.0,0.0
Moraga,,255551019,,3-DUA,0,3.0,0.0
Moraga,,255532001,,3-DUA,0,3.0,0.0
Moraga,,255532002,,3-DUA,0,3.0,0.0
Moraga,,255532003,,1-DUA,0,1.0,0.0
Moraga,,255532015,,1-DUA,0,1.0,0.0
Moraga,,255532016,,1-DUA,0,1.0,0.0
Moraga,,255532014,,1-DUA,0,1.0,0.0
Moraga,,255532013,,1-DUA,0,1.0,0.0
Moraga,,255532025,,1-DUA,0,1.0,0.0
Moraga,,255532005,,1-DUA,0,1.0,0.0
Moraga,,255532006,,1-DUA,0,1.0,0.0
Moraga,,255542003,,2-DUA,0,2.0,0.0
Moraga,,255542004,,2-DUA,0,2.0,0.0
Moraga,,255542005,,2-DUA,0,2.0,0.0
Moraga,,255542011,,2-DUA,0,2.0,0.0
Moraga,,255542012,,2-DUA,0,2.0,0.249
Moraga,,255541001,,2-DUA,0,2.0,0.0
Moraga,,255541002,,2-DUA,0,2.0,0.0
Moraga,,255541003,,2-DUA,0,2.0,0.0
Moraga,,255601001,,2-DUA,0,2.0,0.0
Moraga,,255601002,,2-DUA,0,2.0,0.0
Moraga,,255601003,,2-DUA,0,2.0,0.0
Moraga,,255601004,,2-DUA,0,2.0,0.0
Moraga,,255541004,,2-DUA,0,2.0,0.0
Moraga,,255541005,,2-DUA,0,2.0,0.0
Moraga,,255541006,,2-DUA,0,2.0,0.0
Moraga,,255542002,,2-DUA,0,2.0,0.0
Moraga,,255541007,,2-DUA,0,2.0,0.0
Moraga,,255635004,,2-DUA,0,2.0,0.0
Moraga,,255601006,,2-DUA,0,2.0,0.0
Moraga,,255601005,,2-DUA,0,2.0,0.0
Moraga,,255635005,,2-DUA,0,2.0,0.0
Moraga,,255601007,,2-DUA,0,2.0,0.0
Moraga,,255635002,,2-DUA,0,2.0,0.0
Moraga,,255635003,,2-DUA,0,2.0,0.0
Moraga,,255634006,,2-DUA,0,2.0,0.0
Moraga,,255634005,,2-DUA,0,2.0,0.0
Moraga,,255631001,,2-DUA,0,2.0,0.0
Moraga,,255631002,,2-DUA,0,2.0,0.0
Moraga,,255542001,,2-DUA,0,2.0,0.0
Moraga,,255631004,,1-DUA,0,1.0,0.0
Moraga,,255631003,,1-DUA,0,1.0,0.0
Moraga,,255634004,,1-DUA,0,1.0,0.0
Moraga,,255632006,,1-DUA,0,1.0,0.0
Moraga,,255632007,,1-DUA,0,1.0,0.0
Moraga,,255632004,,1-DUA,0,1.0,0.0
Moraga,,255632005,,1-DUA,0,1.0,0.0
Moraga,,255631009,,1-DUA,0,1.0,0.0
Moraga,,255631005,,1-DUA,0,1.0,0.0
Moraga,,255631007,,1-DUA,0,1.0,0.0
Moraga,,255631006,,1-DUA,0,1.0,0.0
Moraga,,255631008,,1-DUA,0,1.0,0.0
Moraga,,255532008,,1-DUA,0,1.0,0.0
Moraga,,255532012,,1-DUA,0,1.0,0.0
Moraga,,255532007,,1-DUA,0,1.0,0.0
Moraga,,255532017,,1-DUA,0,1.0,0.0
Moraga,,255532018,,1-DUA,0,1.0,0.0
Moraga,,255532019,,1-DUA,0,1.0,0.0
Moraga,,255532011,,1-DUA,0,1.0,0.0
Moraga,,255532010,,1-DUA,0,1.0,0.0
Moraga,,255532020,,1-DUA,0,1.0,0.0
Moraga,,255532021,,1-DUA,0,1.0,0.0
Moraga,,255531007,,1-DUA,0,1.0,0.0
Moraga,,255531001,,1-DUA,0,1.0,0.0
Moraga,,255512001,,1-DUA,0,1.0,0.0
Moraga,,255532022,,1-DUA,0,1.0,0.0
Moraga,,255532009,,1-DUA,0,1.0,0.0
Moraga,,255631010,,1-DUA,0,1.0,0.0
Moraga,,255512002,,1-DUA,0,1.0,0.0
Moraga,,255632003,,1-DUA,0,1.0,0.0
Moraga,,255632002,,1-DUA,0,1.0,0.0
Moraga,,255513001,,1-DUA,0,1.0,0.0
Moraga,,255513002,,1-DUA,0,1.0,0.0
Moraga,,255511013,,1-DUA,0,1.0,0.0
Moraga,,255511014,,1-DUA,0,1.0,0.0
Moraga,,255511015,,1-DUA,0,1.0,0.0
Moraga,,255511011,,1-DUA,0,1.0,0.0
Moraga,,255511012,,1-DUA,0,1.0,0.0
Moraga,,255511008,,1-DUA,0,1.0,0.0
Moraga,,255511007,,1-DUA,0,1.0,0.0
Moraga,,255511006,,1-DUA,0,1.0,0.0
Moraga,,255511005,,1-DUA,0,1.0,0.0
Moraga,,255511016,,1-DUA,0,1.0,0.751
Moraga,,255511009,,1-DUA,0,1.0,0.0
Moraga,,255520008,,1-DUA,0,1.0,0.0
Moraga,,255511010,,1-DUA,0,1.0,0.0
Moraga,,255531004,,1-DUA,0,1.0,0.0
Moraga,,255520007,,1-DUA,0,1.0,0.0
Moraga,,255520006,,1-DUA,0,1.0,0.0
Moraga,,255520005,,1-DUA,0,1.0,0.0
Moraga,,255520004,,1-DUA,0,1.0,0.0
Moraga,,255520003,,1-DUA,0,1.0,0.0
Moraga,,255531005,,1-DUA,0,1.0,0.0
Moraga,,255531002,,1-DUA,0,1.0,0.0
Moraga,,255531006,,1-DUA,0,1.0,0.0
Moraga,,255531003,,1-DUA,0,1.0,0.0
Moraga,,255531008,,1-DUA,0,1.0,0.0
Moraga,,255531009,,1-DUA,0,1.0,0.0
Moraga,,255531010,,1-DUA,0,1.0,0.0
Moraga,,255010006,,1-DUA,0,1.0,8.22
Moraga,,255520001,,1-DUA,0,1.0,0.0
Moraga,,255520002,,1-DUA,0,1.0,0.0
Moraga,,256183003,,3-DUA,0,3.0,0.0
Moraga,,256181002,,3-DUA,0,3.0,0.0
Moraga,,256181001,,3-DUA,0,3.0,0.0
Moraga,,256210001,,1-DUA,0,1.0,4.9
Moraga,,255531012,,1-DUA,0,1.0,0.0
Moraga,,255531011,,1-DUA,0,1.0,0.0
Moraga,,255531013,,1-DUA,0,1.0,0.0
Moraga,,255531014,,1-DUA,0,1.0,0.0
Moraga,,255010007,,3-DUA,0,3.0,38.253
Moraga,,255531015,,3-DUA,0,3.0,0.0
Moraga,,255020019,,OSM DT,0,0.0,21.8
Moraga,,255800091,,6-DUA,3,6.0,0.0
Moraga,,255800072,,6-DUA,3,6.0,0.0
Moraga,,255800071,,6-DUA,3,6.0,0.0
Moraga,,255800070,,6-DUA,3,6.0,0.0
Moraga,,255800069,,6-DUA,3,6.0,0.0
Moraga,,255800068,,6-DUA,3,6.0,0.0
Moraga,,255800067,,6-DUA,3,6.0,0.0
Moraga,,255800066,,6-DUA,3,6.0,0.0
Moraga,,255800065,,6-DUA,3,6.0,0.0
Moraga,,255800062,,6-DUA,3,6.0,0.0
Moraga,,255800061,,6-DUA,3,6.0,0.0
Moraga,,255800063,,6-DUA,3,6.0,0.0
Moraga,,255800064,,6-DUA,3,6.0,0.0
Moraga,,255800059,,6-DUA,3,6.0,0.0
Moraga,,255800060,,6-DUA,3,6.0,0.0
Moraga,,255800058,,6-DUA,3,6.0,0.0
Moraga,,255800057,,6-DUA,3,6.0,0.0
Moraga,,255800055,,6-DUA,3,6.0,0.0
Moraga,,255800056,,6-DUA,3,6.0,0.0
Moraga,,255800092,,6-DUA,3,6.0,0.0
Moraga,,255800053,,6-DUA,3,6.0,0.0
Moraga,,255800054,,6-DUA,3,6.0,0.0
Moraga,,255800052,,6-DUA,3,6.0,0.0
Moraga,,255800051,,6-DUA,3,6.0,0.0
Moraga,,255800050,,6-DUA,3,6.0,0.0
Moraga,,255030027,,OSM DT,0,0.0,8.671
Moraga,,255800093,,6-DUA,3,6.0,0.0
Moraga,,255800049,,6-DUA,3,6.0,0.0
Moraga,,255800048,,6-DUA,3,6.0,0.0
Moraga,,255800035,,6-DUA,3,6.0,0.0
Moraga,,255800034,,6-DUA,3,6.0,0.0
Moraga,,255800033,,6-DUA,3,6.0,0.0
Moraga,,255800032,,6-DUA,3,6.0,0.0
Moraga,,255800094,,6-DUA,3,6.0,0.0
Moraga,,255800017,,6-DUA,3,6.0,0.0
Moraga,,255800031,,6-DUA,3,6.0,0.0
Moraga,,255800030,,6-DUA,3,6.0,0.0
Moraga,,255800020,,6-DUA,3,6.0,0.0
Moraga,,255800019,,6-DUA,3,6.0,0.0
Moraga,,255800018,,6-DUA,3,6.0,0.0
Moraga,,255800023,,6-DUA,3,6.0,0.0
Moraga,,255800022,,6-DUA,3,6.0,0.0
Moraga,,255800021,,6-DUA,3,6.0,0.0
Moraga,,255800029,,6-DUA,3,6.0,0.0
Moraga,,255800028,,6-DUA,3,6.0,0.0
Moraga,,255800027,,6-DUA,3,6.0,0.0
Moraga,,255800026,,6-DUA,3,6.0,0.0
Moraga,,255800025,,6-DUA,3,6.0,0.0
Moraga,,255800040,,6-DUA,3,6.0,0.0
Moraga,,255800039,,6-DUA,3,6.0,0.0
Moraga,,255800036,,6-DUA,3,6.0,0.0
Moraga,,255800037,,6-DUA,3,6.0,0.0
Moraga,,255800038,,6-DUA,3,6.0,0.0
Moraga,,255800047,,6-DUA,3,6.0,0.0
Moraga,,255800046,,6-DUA,3,6.0,0.0
Moraga,,255800045,,6-DUA,3,6.0,0.0
Moraga,,255800044,,6-DUA,3,6.0,0.0
Moraga,,255800042,,6-DUA,3,6.0,0.0
Moraga,,255800041,,6-DUA,3,6.0,0.0
Moraga,,255800043,,6-DUA,3,6.0,0.0
Moraga,,255800075,,6-DUA,3,6.0,0.0
Moraga,,255800074,,6-DUA,3,6.0,0.0
Moraga,,255800073,,6-DUA,3,6.0,0.0
Moraga,,255800090,,6-DUA,3,6.0,0.0
Moraga,,255800089,,6-DUA,3,6.0,0.0
Moraga,,255800076,,6-DUA,3,6.0,0.0
Moraga,,255800077,,6-DUA,3,6.0,0.0
Moraga,,255800078,,6-DUA,3,6.0,0.0
Moraga,,255800082,,6-DUA,3,6.0,0.0
Moraga,,255800081,,6-DUA,3,6.0,0.0
Moraga,,255800080,,6-DUA,3,6.0,0.0
Moraga,,255800079,,6-DUA,3,6.0,0.0
Moraga,,255800083,,6-DUA,3,6.0,0.0
Moraga,,255800084,,6-DUA,3,6.0,0.0
Moraga,,255800085,,6-DUA,3,6.0,0.0
Moraga,,255800024,,6-DUA,3,6.0,0.0
Moraga,,255800013,,6-DUA,3,6.0,0.0
Moraga,,255800012,,6-DUA,3,6.0,0.0
Moraga,,255800011,,6-DUA,3,6.0,0.0
Moraga,,255800086,,6-DUA,3,6.0,0.0
Moraga,,255800087,,6-DUA,3,6.0,0.0
Moraga,,255800088,,6-DUA,3,6.0,0.0
Moraga,,255030013,,CC,0,0.0,2.51
Moraga,,255030019,,CC,0,0.0,0.54
Moraga,,255800010,,6-DUA,3,6.0,0.0
Moraga,,255800009,,6-DUA,3,6.0,0.0
Moraga,,255800008,,6-DUA,3,6.0,0.0
Moraga,,255800007,,6-DUA,3,6.0,0.0
Moraga,,255800001,,6-DUA,3,6.0,0.0
Moraga,,255800002,,6-DUA,3,6.0,0.0
Moraga,,255800004,,6-DUA,3,6.0,0.0
Moraga,,255800003,,6-DUA,3,6.0,0.0
Moraga,,255030026,,CC,0,0.0,0.154
Moraga,,255030018,,CC,0,0.0,0.36
Moraga,,255030016,,CC,0,0.0,1.93
Moraga,,255800005,,6-DUA,3,6.0,0.0
Moraga,,255800006,,6-DUA,3,6.0,0.0
Moraga,,255800014,,6-DUA,3,6.0,0.0
Moraga,,255800015,,6-DUA,3,6.0,0.0
Moraga,,255800016,,6-DUA,3,6.0,0.0
Moraga,,255042016,,2-DUA,0,2.0,0.0
Moraga,,255042015,,2-DUA,0,2.0,0.0
Moraga,,255020017,,SO,0,0.0,1.04
Moraga,,255042013,,2-DUA,0,2.0,0.0
Moraga,,255042014,,2-DUA,0,2.0,0.0
Moraga,,255020018,,SO,0,0.0,0.89
Moraga,,255020003,,CC,0,0.0,0.52
Moraga,,255140048,,SO,0,0.0,1.69
Moraga,,255140017,,SO,0,0.0,1.9
Moraga,,255810003,,6-DUA,3,6.0,0.0
Moraga,,255810004,,6-DUA,3,6.0,0.0
Moraga,,255810002,,6-DUA,3,6.0,0.0
Moraga,,255810001,,6-DUA,3,6.0,0.0
Moraga,,255110012,,6-DUA,3,6.0,0.42
Moraga,,255110013,,6-DUA,3,6.0,0.88
Moraga,,255110011,,6-DUA,3,6.0,0.38
Moraga,,255110010,,6-DUA,3,6.0,0.5
Moraga,,255110007,,2-DUA,0,2.0,0.0
Moraga,,255110008,,2-DUA,0,2.0,0.0
Moraga,,255110009,,6-DUA,3,6.0,0.3
Moraga,,255042001,,6-DUA,3,6.0,0.41
Moraga,,255042018,,6-DUA,3,6.0,0.0
Moraga,,255042017,,6-DUA,3,6.0,0.0
Moraga,,255042003,,2-DUA,0,2.0,0.0
Moraga,,255042009,,2-DUA,0,2.0,0.0
Moraga,,255042004,,2-DUA,0,2.0,0.0
Moraga,,255042005,,2-DUA,0,2.0,0.0
Moraga,,255042008,,2-DUA,0,2.0,0.0
Moraga,,255042007,,2-DUA,0,2.0,0.0
Moraga,,255041005,,2-DUA,0,2.0,0.0
Moraga,,255042010,,2-DUA,0,2.0,0.0
Moraga,,255042011,,2-DUA,0,2.0,0.0
Moraga,,255042012,,2-DUA,0,2.0,0.0
Moraga,,255041003,,2-DUA,0,2.0,0.0
Moraga,,255041004,,2-DUA,0,2.0,0.0
Moraga,,255041002,,2-DUA,0,2.0,0.0
Moraga,,255041001,,2-DUA,0,2.0,0.0
Moraga,,255041006,,2-DUA,0,2.0,0.0
Moraga,,255041007,,2-DUA,0,2.0,0.0
Moraga,,255041008,,2-DUA,0,2.0,0.0
Moraga,,255051009,,1-DUA,0,1.0,0.0
Moraga,,255051007,,1-DUA,0,1.0,0.0
Moraga,,255052004,,1-DUA,0,1.0,0.0
Moraga,,255052005,,1-DUA,0,1.0,0.0
Moraga,,255052006,,1-DUA,0,1.0,0.0
Moraga,,255051011,,1-DUA,0,1.0,0.0
Moraga,,255052007,,1-DUA,0,1.0,0.0
Moraga,,255052008,,1-DUA,0,1.0,0.0
Moraga,,255052009,,1-DUA,0,1.0,0.0
Moraga,,255110002,,2-DUA,0,2.0,0.0
Moraga,,255041013,,2-DUA,0,2.0,0.0
Moraga,,255051015,,1-DUA,0,1.0,0.0
Moraga,,255051013,,1-DUA,0,1.0,0.0
Moraga,,255041019,,2-DUA,0,2.0,0.0
Moraga,,255041018,,2-DUA,0,2.0,0.0
Moraga,,255041014,,2-DUA,0,2.0,0.0
Moraga,,255041011,,2-DUA,0,2.0,0.0
Moraga,,255042006,,2-DUA,0,2.0,0.0
Moraga,,255041012,,2-DUA,0,2.0,0.0
Moraga,,255110003,,2-DUA,0,2.0,0.0
Moraga,,255110004,,2-DUA,0,2.0,0.0
Moraga,,255110005,,2-DUA,0,2.0,0.0
Moraga,,255110006,,2-DUA,0,2.0,0.0
Moraga,,255611037,,6-DUA,3,6.0,2.88
Moraga,,255103006,,1-DUA,0,1.0,0.0
Moraga,,255103008,,1-DUA,0,1.0,0.463
Moraga,,255110001,,2-DUA,0,2.0,0.0
Moraga,,255101007,,1-DUA,0,1.0,0.0
Moraga,,255101006,,1-DUA,0,1.0,0.0
Moraga,,255101005,,1-DUA,0,1.0,0.0
Moraga,,255101004,,1-DUA,0,1.0,0.0
Moraga,,255103005,,1-DUA,0,1.0,0.0
Moraga,,255103004,,1-DUA,0,1.0,0.0
Moraga,,255120021,,OSM DT,0,0.0,7.455
Moraga,,255103002,,1-DUA,0,1.0,0.0
Moraga,,255103001,,1-DUA,0,1.0,0.0
Moraga,,255120014,,OSM DT,0,0.0,3.0
Moraga,,255120013,,OSM DT,0,0.0,4.0
Moraga,,255120012,,OSM DT,0,0.0,4.0
Moraga,,255120010,,OSM DT,0,0.0,1.7
Moraga,,255120011,,OSM DT,0,0.0,1.5
Moraga,,255092005,,1-DUA,0,1.0,0.0
Moraga,,255092004,,1-DUA,0,1.0,0.0
Moraga,,255102001,,1-DUA,0,1.0,0.0
Moraga,,255102005,,1-DUA,0,1.0,0.0
Moraga,,255102004,,1-DUA,0,1.0,0.0
Moraga,,255102003,,1-DUA,0,1.0,0.0
Moraga,,255103003,,1-DUA,0,1.0,0.0
Moraga,,255102002,,1-DUA,0,1.0,0.0
Moraga,,255101001,,1-DUA,0,1.0,0.0
Moraga,,255101002,,1-DUA,0,1.0,0.0
Moraga,,255101003,,1-DUA,0,1.0,0.0
Moraga,,255052003,,1-DUA,0,1.0,0.0
Moraga,,255052002,,1-DUA,0,1.0,0.0
Moraga,,255052001,,1-DUA,0,1.0,0.0
Moraga,,255062004,,1-DUA,0,1.0,0.0
Moraga,,255091011,,1-DUA,0,1.0,0.0
Moraga,,255091010,,1-DUA,0,1.0,0.0
Moraga,,255062007,,1-DUA,0,1.0,0.435
Moraga,,255062008,,1-DUA,0,1.0,0.663
Moraga,,255062003,,1-DUA,0,1.0,0.0
Moraga,,255061009,,1-DUA,0,1.0,0.0
Moraga,,255061007,,1-DUA,0,1.0,0.0
Moraga,,255061003,,1-DUA,0,1.0,0.0
Moraga,,255061005,,1-DUA,0,1.0,0.0
Moraga,,255061011,,1-DUA,0,1.0,0.0
Moraga,,255061013,,1-DUA,0,1.0,0.0
Moraga,,255061015,,1-DUA,0,1.0,0.0
Moraga,,255051001,,1-DUA,0,1.0,0.0
Moraga,,255051003,,1-DUA,0,1.0,0.0
Moraga,,255051005,,1-DUA,0,1.0,0.0
Moraga,,255020015,,OSM DT,0,0.0,15.31
Moraga,,255551017,,3-DUA,0,3.0,0.0
Moraga,,255563016,,3-DUA,0,3.0,0.0
Moraga,,255563014,,3-DUA,0,3.0,0.0
Moraga,,255563015,,3-DUA,0,3.0,0.0
Moraga,,255563017,,3-DUA,0,3.0,0.0
Moraga,,255563013,,3-DUA,0,3.0,0.0
Moraga,,255563012,,3-DUA,0,3.0,0.0
Moraga,,255563009,,3-DUA,0,3.0,0.0
Moraga,,255563010,,3-DUA,0,3.0,0.0
Moraga,,255563011,,3-DUA,0,3.0,0.0
Moraga,,255563001,,3-DUA,0,3.0,0.0
Moraga,,255563002,,3-DUA,0,3.0,0.0
Moraga,,255563003,,3-DUA,0,3.0,0.0
Moraga,,255563006,,3-DUA,0,3.0,0.0
Moraga,,255563005,,3-DUA,0,3.0,0.0
Moraga,,255563004,,3-DUA,0,3.0,0.0
Moraga,,255563007,,3-DUA,0,3.0,0.0
Moraga,,255563008,,3-DUA,0,3.0,0.0
Moraga,,255562003,,3-DUA,0,3.0,0.0
Moraga,,255562002,,3-DUA,0,3.0,0.0
Moraga,,255592002,,3-DUA,0,3.0,0.0
Moraga,,255562001,,3-DUA,0,3.0,0.0
Moraga,,255561004,,3-DUA,0,3.0,0.0
Moraga,,255592001,,3-DUA,0,3.0,0.0
Moraga,,255593027,,3-DUA,0,3.0,0.0
Moraga,,255581001,,3-DUA,0,3.0,0.0
Moraga,,255582012,,3-DUA,0,3.0,0.0
Moraga,,255582013,,3-DUA,0,3.0,0.0
Moraga,,255591001,,3-DUA,0,3.0,0.0
Moraga,,255561003,,3-DUA,0,3.0,0.0
Moraga,,255561002,,3-DUA,0,3.0,0.0
Moraga,,255561001,,3-DUA,0,3.0,0.0
Moraga,,255572012,,3-DUA,0,3.0,0.0
Moraga,,255572011,,3-DUA,0,3.0,0.0
Moraga,,255571009,,3-DUA,0,3.0,0.0
Moraga,,255571010,,3-DUA,0,3.0,0.0
Moraga,,255582011,,3-DUA,0,3.0,0.0
Moraga,,255582010,,3-DUA,0,3.0,0.0
Moraga,,255582009,,3-DUA,0,3.0,0.0
Moraga,,255582008,,3-DUA,0,3.0,0.0
Moraga,,255581010,,3-DUA,0,3.0,0.0
Moraga,,255581009,,3-DUA,0,3.0,0.0
Moraga,,255581002,,3-DUA,0,3.0,0.0
Moraga,,255581003,,3-DUA,0,3.0,0.0
Moraga,,255581006,,2-DUA,0,2.0,0.0
Moraga,,255581007,,3-DUA,0,3.0,0.0
Moraga,,255581031,,3-DUA,0,3.0,0.0
Moraga,,255581012,,3-DUA,0,3.0,0.0
Moraga,,255581032,,3-DUA,0,3.0,0.0
Moraga,,255581016,,3-DUA,0,3.0,0.0
Moraga,,255581015,,3-DUA,0,3.0,0.0
Moraga,,255581013,,3-DUA,0,3.0,0.0
Moraga,,255581014,,3-DUA,0,3.0,0.0
Moraga,,255581023,,3-DUA,0,3.0,0.0
Moraga,,255582004,,3-DUA,0,3.0,0.0
Moraga,,255571003,,3-DUA,0,3.0,0.0
Moraga,,255571004,,3-DUA,0,3.0,0.0
Moraga,,255571005,,3-DUA,0,3.0,0.0
Moraga,,255571006,,3-DUA,0,3.0,0.0
Moraga,,255582005,,3-DUA,0,3.0,0.0
Moraga,,255582006,,3-DUA,0,3.0,0.0
Moraga,,255582007,,3-DUA,0,3.0,0.0
Moraga,,255571008,,3-DUA,0,3.0,0.0
Moraga,,255571007,,3-DUA,0,3.0,0.0
Moraga,,255572010,,3-DUA,0,3.0,0.0
Moraga,,255572009,,3-DUA,0,3.0,0.0
Moraga,,255572008,,3-DUA,0,3.0,0.0
Moraga,,255572007,,3-DUA,0,3.0,0.0
Moraga,,255572006,,3-DUA,0,3.0,0.0
Moraga,,255572005,,3-DUA,0,3.0,0.0
Moraga,,255572004,,3-DUA,0,3.0,0.0
Moraga,,255071003,,1-DUA,0,1.0,0.45
Moraga,,255071001,,1-DUA,0,1.0,0.55
Moraga,,255071002,,1-DUA,0,1.0,0.45
Moraga,,270142014,,OSM DT,0,0.0,0.64
Moraga,,270470002,,OSM DT,0,0.0,4.323
Moraga,,270470001,,OSM DT,0,0.0,5.247
Moraga,,255073001,,1-DUA,0,1.0,0.27
Moraga,,255073003,,1-DUA,0,1.0,0.31
Moraga,,255073002,,1-DUA,0,1.0,0.27
Moraga,,255081004,,1-DUA,0,1.0,0.0
Moraga,,255081003,,1-DUA,0,1.0,0.0
Moraga,,255081002,,1-DUA,0,1.0,0.0
Moraga,,255073004,,1-DUA,0,1.0,0.31
Moraga,,255081001,,1-DUA,0,1.0,0.0
Moraga,,255071004,,1-DUA,0,1.0,0.45
Moraga,,255072001,,1-DUA,0,1.0,0.45
Moraga,,255072002,,1-DUA,0,1.0,0.56
Moraga,,255091002,,1-DUA,0,1.0,0.0
Moraga,,255072005,,1-DUA,0,1.0,0.0
Moraga,,255072004,,1-DUA,0,1.0,0.0
Moraga,,255072003,,1-DUA,0,1.0,0.0
Moraga,,255072006,,1-DUA,0,1.0,0.0
Moraga,,255061002,,1-DUA,0,1.0,0.0
Moraga,,255091012,,1-DUA,0,1.0,0.45
Moraga,,255091014,,1-DUA,0,1.0,0.36
Moraga,,255091015,,1-DUA,0,1.0,0.36
Moraga,,255091013,,1-DUA,0,1.0,0.51
Moraga,,255062006,,1-DUA,0,1.0,0.0
Moraga,,255091009,,1-DUA,0,1.0,0.0
Moraga,,255091008,,1-DUA,0,1.0,0.0
Moraga,,255091007,,1-DUA,0,1.0,0.0
Moraga,,255091005,,1-DUA,0,1.0,0.0
Moraga,,255091006,,1-DUA,0,1.0,0.0
Moraga,,255091004,,1-DUA,0,1.0,0.0
Moraga,,255091003,,1-DUA,0,1.0,0.0
Moraga,,255081005,,1-DUA,0,1.0,0.0
Moraga,,255081017,,1-DUA,0,1.0,1.76
Moraga,,255081006,,1-DUA,0,1.0,0.0
Moraga,,255081007,,1-DUA,0,1.0,0.0
Moraga,,255081016,,1-DUA,0,1.0,0.0
Moraga,,255081011,,1-DUA,0,1.0,0.0
Moraga,,255081009,,1-DUA,0,1.0,0.0
Moraga,,255082007,,1-DUA,0,1.0,0.0
Moraga,,255081010,,1-DUA,0,1.0,0.0
Moraga,,255082006,,1-DUA,0,1.0,0.0
Moraga,,255082008,,1-DUA,0,1.0,0.0
Moraga,,255081008,,1-DUA,0,1.0,0.0
Moraga,,255092001,,1-DUA,0,1.0,0.0
Moraga,,255092002,,1-DUA,0,1.0,0.0
Moraga,,255120023,,OSM DT,0,0.0,123.81
Moraga,,270383002,,1-DUA,0,1.0,0.0
Moraga,,255082005,,1-DUA,0,1.0,0.0
Moraga,,255082004,,1-DUA,0,1.0,0.0
Moraga,,255082003,,1-DUA,0,1.0,0.0
Moraga,,255082002,,1-DUA,0,1.0,0.0
Moraga,,270383001,,1-DUA,0,1.0,0.0
Moraga,,255081014,,1-DUA,0,1.0,0.0
Moraga,,255082001,,1-DUA,0,1.0,0.0
Moraga,,255081013,,1-DUA,0,1.0,0.0
Moraga,,270470006,,OSM DT,0,0.0,4.08
Moraga,,270470005,,OSM DT,0,0.0,4.319
Moraga,,255240024,,OSM DT,0,0.0,122.03599303644538
Moraga,,255360013,,1-DUA,0,1.0,0.0
Moraga,,255360014,,1-DUA,0,1.0,0.0
Moraga,,255371011,,1-DUA,0,1.0,0.0
Moraga,,255371010,,1-DUA,0,1.0,0.0
Moraga,,255372001,,1-DUA,0,1.0,0.0
Moraga,,255372002,,1-DUA,0,1.0,0.0
Moraga,,255372003,,1-DUA,0,1.0,0.0
Moraga,,255372006,,1-DUA,0,1.0,0.0
Moraga,,255372005,,1-DUA,0,1.0,0.0
Moraga,,255372004,,1-DUA,0,1.0,0.0
Moraga,,255371009,,1-DUA,0,1.0,0.0
Moraga,,255371008,,1-DUA,0,1.0,0.0
Moraga,,255360015,,1-DUA,0,1.0,0.0
Moraga,,255360016,,1-DUA,0,1.0,0.0
Moraga,,255371006,,1-DUA,0,1.0,0.0
Moraga,,255371007,,1-DUA,0,1.0,0.0
Moraga,,255360017,,1-DUA,0,1.0,0.0
Moraga,,255371004,,1-DUA,0,1.0,0.0
Moraga,,255371005,,1-DUA,0,1.0,0.0
Moraga,,255372008,,1-DUA,0,1.0,0.0
Moraga,,255372007,,1-DUA,0,1.0,0.0
Moraga,,255372009,,1-DUA,0,1.0,0.0
Moraga,,255372010,,1-DUA,0,1.0,0.0
Moraga,,255371003,,1-DUA,0,1.0,0.0
Moraga,,255371002,,1-DUA,0,1.0,0.0
Moraga,,255372012,,1-DUA,0,1.0,0.0
Moraga,,255382003,,1-DUA,0,1.0,0.0
Moraga,,255382004,,1-DUA,0,1.0,0.0
Moraga,,255382005,,1-DUA,0,1.0,0.0
Moraga,,255381015,,1-DUA,0,1.0,0.0
Moraga,,255371001,,1-DUA,0,1.0,0.0
Moraga,,255360020,,1-DUA,0,1.0,0.0
Moraga,,255360021,,1-DUA,0,1.0,0.0
Moraga,,255360022,,1-DUA,0,1.0,0.0
Moraga,,255360007,,1-DUA,0,1.0,0.0
Moraga,,255360019,,1-DUA,0,1.0,0.0
Moraga,,255360018,,1-DUA,0,1.0,0.0
Moraga,,255360027,,1-DUA,0,1.0,0.0
Moraga,,255360030,,1-DUA,0,1.0,0.0
Moraga,,255360010,,1-DUA,0,1.0,0.0
Moraga,,255360009,,1-DUA,0,1.0,0.0
Moraga,,255360008,,1-DUA,0,1.0,0.0
Moraga,,255240002,,OSM DT,0,0.0,0.855
Moraga,,255130009,,OSM DT,0,0.0,3.916
Moraga,,255120022,,OSM DT,0,0.0,10.677
Moraga,,255611032,,6-DUA,3,6.0,0.0
Moraga,,255611033,,6-DUA,3,6.0,0.0
Moraga,,255611034,,6-DUA,3,6.0,0.0
Moraga,,255611035,,6-DUA,3,6.0,0.0
Moraga,,255611036,,6-DUA,3,6.0,0.0
Moraga,,255612017,,6-DUA,3,6.0,0.0
Moraga,,255612018,,6-DUA,3,6.0,0.0
Moraga,,255612015,,6-DUA,3,6.0,0.0
Moraga,,255612016,,6-DUA,3,6.0,0.0
Moraga,,255612025,,6-DUA,3,6.0,0.0
Moraga,,255612026,,6-DUA,3,6.0,0.0
Moraga,,255612027,,6-DUA,3,6.0,0.0
Moraga,,255612028,,6-DUA,3,6.0,0.0
Moraga,,255612024,,6-DUA,3,6.0,0.0
Moraga,,255612023,,6-DUA,3,6.0,0.0
Moraga,,255612043,,6-DUA,3,6.0,0.25
Moraga,,255612022,,6-DUA,3,6.0,0.0
Moraga,,255612021,,6-DUA,3,6.0,0.0
Moraga,,255612045,,6-DUA,3,6.0,0.0
Moraga,,255612019,,6-DUA,3,6.0,0.0
Moraga,,255611039,,6-DUA,3,6.0,0.96
Moraga,,255611028,,6-DUA,3,6.0,0.0
Moraga,,255611029,,6-DUA,3,6.0,0.0
Moraga,,255611030,,6-DUA,3,6.0,0.0
Moraga,,255611031,,6-DUA,3,6.0,0.0
Moraga,,255611027,,6-DUA,3,6.0,0.0
Moraga,,255611025,,6-DUA,3,6.0,0.0
Moraga,,255611024,,6-DUA,3,6.0,0.0
Moraga,,255611026,,6-DUA,3,6.0,0.0
Moraga,,255611022,,6-DUA,3,6.0,0.0
Moraga,,255611023,,6-DUA,3,6.0,0.0
Moraga,,255612031,,6-DUA,3,6.0,0.0
Moraga,,255612033,,6-DUA,3,6.0,0.0
Moraga,,255612032,,6-DUA,3,6.0,0.0
Moraga,,255612030,,6-DUA,3,6.0,0.0
Moraga,,255612029,,6-DUA,3,6.0,0.0
Moraga,,255612034,,6-DUA,3,6.0,0.0
Moraga,,255612046,,6-DUA,3,6.0,6.547
Moraga,,255612037,,6-DUA,3,6.0,0.0
Moraga,,255612036,,6-DUA,3,6.0,0.0
Moraga,,255612044,,6-DUA,3,6.0,0.9
Moraga,,255612035,,6-DUA,3,6.0,0.0
Moraga,,255611038,,6-DUA,3,6.0,2.83
Moraga,,255611021,,6-DUA,3,6.0,0.0
Moraga,,255611020,,6-DUA,3,6.0,0.0
Moraga,,255611019,,6-DUA,3,6.0,0.0
Moraga,,255611018,,6-DUA,3,6.0,0.0
Moraga,,255611017,,6-DUA,3,6.0,0.0
Moraga,,255611015,,6-DUA,3,6.0,0.0
Moraga,,255611016,,6-DUA,3,6.0,0.0
Moraga,,255611014,,6-DUA,3,6.0,0.0
Moraga,,255611013,,6-DUA,3,6.0,0.0
Moraga,,255770004,,6-DUA,3,6.0,0.0
Moraga,,255770011,,6-DUA,3,6.0,0.0
Moraga,,255770005,,6-DUA,3,6.0,0.0
Moraga,,255770012,,6-DUA,3,6.0,0.0
Moraga,,255612040,,6-DUA,3,6.0,0.0
Moraga,,255612041,,6-DUA,3,6.0,0.0
Moraga,,255472030,,6-DUA,3,6.0,0.0
Moraga,,255472028,,6-DUA,3,6.0,0.0
Moraga,,255472029,,6-DUA,3,6.0,0.0
Moraga,,255472027,,6-DUA,3,6.0,0.0
Moraga,,255472025,,6-DUA,3,6.0,0.0
Moraga,,255472026,,6-DUA,3,6.0,0.0
Moraga,,255612039,,6-DUA,3,6.0,0.0
Moraga,,255612038,,6-DUA,3,6.0,0.0
Moraga,,255130002,,3-DUA,0,3.0,10.0
Moraga,,255721005,,6-DUA,3,6.0,0.0
Moraga,,255721007,,6-DUA,3,6.0,0.0
Moraga,,255721010,,6-DUA,3,6.0,0.0
Moraga,,255721012,,6-DUA,3,6.0,0.0
Moraga,,255721011,,6-DUA,3,6.0,0.0
Moraga,,255721009,,6-DUA,3,6.0,0.0
Moraga,,255721017,,6-DUA,3,6.0,1.27
Moraga,,255721006,,6-DUA,3,6.0,0.0
Moraga,,255721008,,6-DUA,3,6.0,0.0
Moraga,,255721001,,6-DUA,3,6.0,0.0
Moraga,,255721003,,6-DUA,3,6.0,0.0
Moraga,,255721002,,6-DUA,3,6.0,0.0
Moraga,,255721004,,6-DUA,3,6.0,0.0
Moraga,,255721013,,6-DUA,3,6.0,0.0
Moraga,,255721015,,6-DUA,3,6.0,0.0
Moraga,,255721016,,6-DUA,3,6.0,0.0
Moraga,,255721014,,6-DUA,3,6.0,0.0
Moraga,,255461012,,6-DUA,3,6.0,0.0
Moraga,,255130010,,OSM DT,0,0.0,3.191
Moraga,,255130007,,OSM DT,0,0.0,1.015
Moraga,,255130008,,OSM DT,0,0.0,2.485
Moraga,,255182001,,3-DUA,0,3.0,0.0
Moraga,,255182003,,3-DUA,0,3.0,0.0
Moraga,,255182002,,3-DUA,0,3.0,0.0
Moraga,,255181002,,3-DUA,0,3.0,0.0
Moraga,,255181004,,3-DUA,0,3.0,0.0
Moraga,,255181003,,3-DUA,0,3.0,0.0
Moraga,,255181001,,3-DUA,0,3.0,0.0
Moraga,,255780005,,6-DUA,3,6.0,0.0
Moraga,,255780007,,6-DUA,3,6.0,0.0
Moraga,,255780006,,6-DUA,3,6.0,0.0
Moraga,,255780004,,6-DUA,3,6.0,0.0
Moraga,,255780003,,6-DUA,3,6.0,0.0
Moraga,,255700002,,6-DUA,3,6.0,0.0
Moraga,,255700003,,6-DUA,3,6.0,0.0
Moraga,,255780001,,6-DUA,3,6.0,0.0
Moraga,,255780002,,6-DUA,3,6.0,0.0
Moraga,,255700004,,6-DUA,3,6.0,0.0
Moraga,,255700005,,6-DUA,3,6.0,0.0
Moraga,,255700021,,6-DUA,3,6.0,2.52
Moraga,,255700006,,6-DUA,3,6.0,0.0
Moraga,,255700007,,6-DUA,3,6.0,0.0
Moraga,,255700012,,6-DUA,3,6.0,0.0
Moraga,,255700013,,6-DUA,3,6.0,0.0
Moraga,,255700010,,6-DUA,3,6.0,0.0
Moraga,,255700011,,6-DUA,3,6.0,0.0
Moraga,,255700008,,6-DUA,3,6.0,0.0
Moraga,,255700009,,6-DUA,3,6.0,0.0
Moraga,,255700001,,6-DUA,3,6.0,0.0
Moraga,,255700015,,6-DUA,3,6.0,0.0
Moraga,,255700014,,6-DUA,3,6.0,0.0
Moraga,,255700020,,6-DUA,3,6.0,0.0
Moraga,,255700019,,6-DUA,3,6.0,0.0
Moraga,,255700016,,6-DUA,3,6.0,0.0
Moraga,,255700017,,6-DUA,3,6.0,0.0
Moraga,,255700018,,6-DUA,3,6.0,0.0
Moraga,,255461006,,6-DUA,3,6.0,0.0
Moraga,,255472043,,6-DUA,3,6.0,0.0
Moraga,,255472044,,6-DUA,3,6.0,0.0
Moraga,,255472045,,6-DUA,3,6.0,0.0
Moraga,,255472013,,6-DUA,3,6.0,0.0
Moraga,,255472012,,6-DUA,3,6.0,0.0
Moraga,,255472046,,6-DUA,3,6.0,0.0
Moraga,,255472047,,6-DUA,3,6.0,0.0
Moraga,,255472011,,6-DUA,3,6.0,0.0
Moraga,,255471001,,6-DUA,3,6.0,0.0
Moraga,,255471002,,6-DUA,3,6.0,0.0
Moraga,,255750001,,6-DUA,3,6.0,0.0
Moraga,,255750002,,6-DUA,3,6.0,0.0
Moraga,,255690008,,6-DUA,3,6.0,0.0
Moraga,,255690006,,6-DUA,3,6.0,0.0
Moraga,,255472019,,6-DUA,3,6.0,0.0
Moraga,,255472014,,6-DUA,3,6.0,0.0
Moraga,,255472015,,6-DUA,3,6.0,0.0
Moraga,,255690005,,6-DUA,3,6.0,0.0
Moraga,,255690007,,6-DUA,3,6.0,0.0
Moraga,,255472017,,6-DUA,3,6.0,0.0
Moraga,,255472016,,6-DUA,3,6.0,0.0
Moraga,,255690003,,6-DUA,3,6.0,0.0
Moraga,,255690001,,6-DUA,3,6.0,0.0
Moraga,,255820015,,6-DUA,3,6.0,0.0
Moraga,,255820016,,6-DUA,3,6.0,0.0
Moraga,,255690002,,6-DUA,3,6.0,0.0
Moraga,,255690004,,6-DUA,3,6.0,0.0
Moraga,,255690009,,6-DUA,3,6.0,0.0
Moraga,,255820011,,6-DUA,3,6.0,0.0
Moraga,,255820010,,6-DUA,3,6.0,0.0
Moraga,,255820009,,6-DUA,3,6.0,0.0
Moraga,,255820008,,6-DUA,3,6.0,0.0
Moraga,,255820007,,6-DUA,3,6.0,0.0
Moraga,,255820012,,6-DUA,3,6.0,0.0
Moraga,,255820013,,6-DUA,3,6.0,0.0
Moraga,,255820014,,6-DUA,3,6.0,0.0
Moraga,,255820019,,6-DUA,3,6.0,0.0
Moraga,,255820020,,6-DUA,3,6.0,0.0
Moraga,,255820018,,6-DUA,3,6.0,0.0
Moraga,,255820017,,6-DUA,3,6.0,0.0
Moraga,,255820021,,6-DUA,3,6.0,0.0
Moraga,,255820022,,6-DUA,3,6.0,0.0
Moraga,,255820024,,6-DUA,3,6.0,0.0
Moraga,,255820023,,6-DUA,3,6.0,0.0
Moraga,,255820025,,6-DUA,3,6.0,0.0
Moraga,,255820026,,6-DUA,3,6.0,0.0
Moraga,,255820027,,6-DUA,3,6.0,0.0
Moraga,,255820028,,6-DUA,3,6.0,0.0
Moraga,,255780008,,6-DUA,3,6.0,0.883
Moraga,,255820032,,6-DUA,3,6.0,0.0
Moraga,,255820031,,6-DUA,3,6.0,0.0
Moraga,,255820029,,6-DUA,3,6.0,0.0
Moraga,,255820030,,6-DUA,3,6.0,0.0
Moraga,,255820034,,6-DUA,3,6.0,0.0
Moraga,,255820033,,6-DUA,3,6.0,0.0
Moraga,,255820035,,6-DUA,3,6.0,0.0
Moraga,,255820036,,6-DUA,3,6.0,0.0
Moraga,,255820038,,6-DUA,3,6.0,0.0
Moraga,,255820037,,6-DUA,3,6.0,0.0
Moraga,,255461010,,6-DUA,3,6.0,0.0
Moraga,,255461013,,6-DUA,3,6.0,0.0
Moraga,,255820046,,6-DUA,3,6.0,0.0
Moraga,,255820045,,6-DUA,3,6.0,0.0
Moraga,,255820044,,6-DUA,3,6.0,0.0
Moraga,,255820043,,6-DUA,3,6.0,0.0
Moraga,,255820040,,6-DUA,3,6.0,0.0
Moraga,,255820039,,6-DUA,3,6.0,0.0
Moraga,,255820041,,6-DUA,3,6.0,0.0
Moraga,,255820042,,6-DUA,3,6.0,0.0
Moraga,,255472040,,6-DUA,3,6.0,0.0
Moraga,,255472039,,6-DUA,3,6.0,0.0
Moraga,,255472038,,6-DUA,3,6.0,0.0
Moraga,,255472034,,6-DUA,3,6.0,0.0
Moraga,,255472035,,6-DUA,3,6.0,0.0
Moraga,,255472036,,6-DUA,3,6.0,0.0
Moraga,,255472037,,6-DUA,3,6.0,0.0
Moraga,,255472032,,6-DUA,3,6.0,0.0
Moraga,,255472033,,6-DUA,3,6.0,0.0
Moraga,,255820001,,6-DUA,3,6.0,0.0
Moraga,,255820003,,6-DUA,3,6.0,0.0
Moraga,,255820004,,6-DUA,3,6.0,0.0
Moraga,,255820002,,6-DUA,3,6.0,0.0
Moraga,,255820005,,6-DUA,3,6.0,0.0
Moraga,,255820006,,6-DUA,3,6.0,0.0
Moraga,,255820047,,6-DUA,3,6.0,0.0
Moraga,,255471019,,6-DUA,3,6.0,0.0
Moraga,,255471018,,6-DUA,3,6.0,0.0
Moraga,,255471017,,6-DUA,3,6.0,0.0
Moraga,,255471016,,6-DUA,3,6.0,0.0
Moraga,,255471015,,6-DUA,3,6.0,0.0
Moraga,,255471014,,6-DUA,3,6.0,0.0
Moraga,,255471013,,6-DUA,3,6.0,0.0
Moraga,,255670006,,6-DUA,3,6.0,0.0
Moraga,,255670008,,6-DUA,3,6.0,0.0
Moraga,,255670014,,6-DUA,3,6.0,0.0
Moraga,,255670011,,6-DUA,3,6.0,0.0
Moraga,,255670013,,6-DUA,3,6.0,0.0
Moraga,,255670015,,6-DUA,3,6.0,0.0
Moraga,,255670018,,6-DUA,3,6.0,0.0
Moraga,,255670002,,6-DUA,3,6.0,0.0
Moraga,,255670004,,6-DUA,3,6.0,0.0
Moraga,,255670001,,6-DUA,3,6.0,0.0
Moraga,,255670003,,6-DUA,3,6.0,0.0
Moraga,,255670005,,6-DUA,3,6.0,0.0
Moraga,,255670007,,6-DUA,3,6.0,0.0
Moraga,,255472042,,6-DUA,3,6.0,0.0
Moraga,,255472031,,6-DUA,3,6.0,0.0
Moraga,,255472041,,6-DUA,3,6.0,0.0
Moraga,,255472021,,6-DUA,3,6.0,0.0
Moraga,,255472024,,6-DUA,3,6.0,0.0
Moraga,,255472023,,6-DUA,3,6.0,0.0
Moraga,,255472022,,6-DUA,3,6.0,0.0
Moraga,,255770006,,6-DUA,3,6.0,0.0
Moraga,,255770001,,6-DUA,3,6.0,0.0
Moraga,,255770007,,6-DUA,3,6.0,0.0
Moraga,,255770008,,6-DUA,3,6.0,0.0
Moraga,,255770015,,6-DUA,3,6.0,0.0
Moraga,,255770002,,6-DUA,3,6.0,0.0
Moraga,,255770009,,6-DUA,3,6.0,0.0
Moraga,,255770003,,6-DUA,3,6.0,0.0
Moraga,,255770010,,6-DUA,3,6.0,0.0
Moraga,,255770016,,6-DUA,3,6.0,1.075
Moraga,,255140049,,6-DUA,3,6.0,19.67
Moraga,,255670019,,6-DUA,3,6.0,0.0
Moraga,,255670016,,6-DUA,3,6.0,0.0
Moraga,,255670017,,6-DUA,3,6.0,0.0
Moraga,,255670020,,6-DUA,3,6.0,0.0
Moraga,,255670021,,6-DUA,3,6.0,0.0
Moraga,,255670009,,6-DUA,3,6.0,0.0
Moraga,,255670012,,6-DUA,3,6.0,0.0
Moraga,,255670010,,6-DUA,3,6.0,0.0
Moraga,,255471020,,6-DUA,3,6.0,0.0
Moraga,,255471007,,6-DUA,3,6.0,0.0
Moraga,,255471006,,6-DUA,3,6.0,0.0
Moraga,,255750008,,6-DUA,3,6.0,0.0
Moraga,,255750007,,6-DUA,3,6.0,0.0
Moraga,,255750003,,6-DUA,3,6.0,0.0
Moraga,,255750006,,6-DUA,3,6.0,0.0
Moraga,,255750005,,6-DUA,3,6.0,0.0
Moraga,,255750004,,6-DUA,3,6.0,0.0
Moraga,,255750009,,6-DUA,3,6.0,0.75
Moraga,,255471003,,6-DUA,3,6.0,0.0
Moraga,,255140046,,SO,0,0.0,1.75
Moraga,,255140052,,SO,0,0.0,1.26
Moraga,,255140053,,CC,0,0.0,2.07
Moraga,,255150014,,CC,0,0.0,0.23
Moraga,,255150019,,CC,0,0.0,3.89
Moraga,,255030022,,CC,0,0.0,0.544
Moraga,,255150018,,CC,0,0.0,0.425
Moraga,,255150015,,CC,0,0.0,0.41
Moraga,,255150016,,CC,0,0.0,0.2
Moraga,,255150012,,CC,0,0.0,0.45
Moraga,,255150020,,CC,0,0.0,0.16
Moraga,,255160009,,CC,0,0.0,0.19
Moraga,,255160011,,CC,0,0.0,0.07
Moraga,,255160010,,CC,0,0.0,0.625
Moraga,,255160041,,CC,0,0.0,5.877
Moraga,,255471004,,6-DUA,3,6.0,0.0
Moraga,,255160012,,CC,0,0.0,0.21
Moraga,,255160036,,CC,0,0.0,0.788
Moraga,,255160042,,CC,0,0.0,0.825
Moraga,,256450009,,LC,0,0.0,0.0
Moraga,,255160031,,CC,0,0.0,0.54
Moraga,,255160006,,CC,0,0.0,0.38
Moraga,,255160035,,CC,0,0.0,1.742
Moraga,,255160040,,CC,0,0.0,2.302
Moraga,,256070010,,LC,0,0.0,0.39
Moraga,,255160039,,CC,0,0.0,3.921
Moraga,,255760020,,6-DUA,3,6.0,0.0
Moraga,,255760013,,6-DUA,3,6.0,0.0
Moraga,,255760014,,6-DUA,3,6.0,0.0
Moraga,,255760015,,6-DUA,3,6.0,0.0
Moraga,,255760016,,6-DUA,3,6.0,0.0
Moraga,,255760017,,6-DUA,3,6.0,0.0
Moraga,,255760018,,6-DUA,3,6.0,0.0
Moraga,,255680034,,6-DUA,3,6.0,0.0
Moraga,,255680033,,6-DUA,3,6.0,0.0
Moraga,,255680032,,6-DUA,3,6.0,0.0
Moraga,,255680031,,6-DUA,3,6.0,0.0
Moraga,,255680029,,6-DUA,3,6.0,0.0
Moraga,,255680030,,6-DUA,3,6.0,0.0
Moraga,,255680027,,6-DUA,3,6.0,0.0
Moraga,,255680028,,6-DUA,3,6.0,0.0
Moraga,,255462001,,6-DUA,3,6.0,0.0
Moraga,,255462002,,6-DUA,3,6.0,0.0
Moraga,,255461005,,6-DUA,3,6.0,0.72
Moraga,,255461004,,6-DUA,3,6.0,0.0
Moraga,,255680002,,6-DUA,3,6.0,0.0
Moraga,,255680001,,6-DUA,3,6.0,0.0
Moraga,,255680090,,6-DUA,3,6.0,0.0
Moraga,,255680089,,6-DUA,3,6.0,0.0
Moraga,,255680003,,6-DUA,3,6.0,0.0
Moraga,,255680004,,6-DUA,3,6.0,0.0
Moraga,,255680005,,6-DUA,3,6.0,0.0
Moraga,,255680006,,6-DUA,3,6.0,0.0
Moraga,,255680007,,6-DUA,3,6.0,0.0
Moraga,,255680008,,6-DUA,3,6.0,0.0
Moraga,,255710005,,6-DUA,3,6.0,0.0
Moraga,,255710004,,6-DUA,3,6.0,0.0
Moraga,,255710001,,6-DUA,3,6.0,0.0
Moraga,,255710002,,6-DUA,3,6.0,0.0
Moraga,,255710003,,6-DUA,3,6.0,0.0
Moraga,,255462003,,6-DUA,3,6.0,0.0
Moraga,,255680091,,6-DUA,3,6.0,3.72
Moraga,,255710006,,6-DUA,3,6.0,0.34
Moraga,,255680012,,6-DUA,3,6.0,0.0
Moraga,,255680011,,6-DUA,3,6.0,0.0
Moraga,,255680013,,6-DUA,3,6.0,0.0
Moraga,,255680014,,6-DUA,3,6.0,0.0
Moraga,,255680009,,6-DUA,3,6.0,0.0
Moraga,,255680010,,6-DUA,3,6.0,0.0
Moraga,,255680022,,6-DUA,3,6.0,0.0
Moraga,,255680021,,6-DUA,3,6.0,0.0
Moraga,,255680019,,6-DUA,3,6.0,0.0
Moraga,,255680020,,6-DUA,3,6.0,0.0
Moraga,,255680017,,6-DUA,3,6.0,0.0
Moraga,,255680018,,6-DUA,3,6.0,0.0
Moraga,,255680016,,6-DUA,3,6.0,0.0
Moraga,,255680015,,6-DUA,3,6.0,0.0
Moraga,,255680023,,6-DUA,3,6.0,0.0
Moraga,,255680024,,6-DUA,3,6.0,0.0
Moraga,,255680025,,6-DUA,3,6.0,0.0
Moraga,,255680026,,6-DUA,3,6.0,0.0
Moraga,,255680071,,6-DUA,3,6.0,0.0
Moraga,,255680070,,6-DUA,3,6.0,0.0
Moraga,,255680074,,6-DUA,3,6.0,0.0
Moraga,,255680072,,6-DUA,3,6.0,0.0
Moraga,,255680073,,6-DUA,3,6.0,0.0
Moraga,,255680075,,6-DUA,3,6.0,0.0
Moraga,,255680076,,6-DUA,3,6.0,0.0
Moraga,,255680077,,6-DUA,3,6.0,0.0
Moraga,,255680078,,6-DUA,3,6.0,0.0
Moraga,,255680080,,6-DUA,3,6.0,0.0
Moraga,,255680079,,6-DUA,3,6.0,0.0
Moraga,,255680081,,6-DUA,3,6.0,0.0
Moraga,,255680082,,6-DUA,3,6.0,0.0
Moraga,,255680083,,6-DUA,3,6.0,0.0
Moraga,,255680084,,6-DUA,3,6.0,0.0
Moraga,,255680086,,6-DUA,3,6.0,0.0
Moraga,,255680085,,6-DUA,3,6.0,0.0
Moraga,,255461001,,6-DUA,3,6.0,0.0
Moraga,,255181008,,6-DUA,3,6.0,0.0
Moraga,,255461002,,6-DUA,3,6.0,0.0
Moraga,,255680088,,6-DUA,3,6.0,0.0
Moraga,,255680087,,6-DUA,3,6.0,0.0
Moraga,,255461003,,6-DUA,3,6.0,0.0
Moraga,,255181005,,3-DUA,0,3.0,0.0
Moraga,,255181006,,3-DUA,0,3.0,0.0
Moraga,,255181007,,3-DUA,0,3.0,0.0
Moraga,,255182004,,3-DUA,0,3.0,0.0
Moraga,,255182005,,3-DUA,0,3.0,0.0
Moraga,,255183001,,3-DUA,0,3.0,0.0
Moraga,,255183003,,6-DUA,3,6.0,0.0
Moraga,,255183002,,3-DUA,0,3.0,0.0
Moraga,,255183004,,6-DUA,3,6.0,0.0
Moraga,,255183005,,6-DUA,3,6.0,0.0
Moraga,,255170003,,6-DUA,3,6.0,0.0
Moraga,,255170002,,6-DUA,3,6.0,0.0
Moraga,,255181009,,6-DUA,3,6.0,0.0
Moraga,,255170001,,6-DUA,3,6.0,0.0
Moraga,,255140003,,6-DUA,3,6.0,1.11
Moraga,,255680069,,6-DUA,3,6.0,0.0
Moraga,,255680068,,6-DUA,3,6.0,0.0
Moraga,,255680067,,6-DUA,3,6.0,0.0
Moraga,,255680064,,6-DUA,3,6.0,0.0
Moraga,,255680066,,6-DUA,3,6.0,0.0
Moraga,,255680065,,6-DUA,3,6.0,0.0
Moraga,,255680063,,6-DUA,3,6.0,0.0
Moraga,,255680059,,6-DUA,3,6.0,0.0
Moraga,,255680060,,6-DUA,3,6.0,0.0
Moraga,,255680061,,6-DUA,3,6.0,0.0
Moraga,,255680062,,6-DUA,3,6.0,0.0
Moraga,,255680054,,6-DUA,3,6.0,0.0
Moraga,,255680053,,6-DUA,3,6.0,0.0
Moraga,,255680056,,6-DUA,3,6.0,0.0
Moraga,,255680055,,6-DUA,3,6.0,0.0
Moraga,,255680058,,6-DUA,3,6.0,0.0
Moraga,,255680057,,6-DUA,3,6.0,0.0
Moraga,,255170020,,6-DUA,3,6.0,0.0
Moraga,,255170018,,6-DUA,3,6.0,0.0
Moraga,,255170013,,6-DUA,3,6.0,0.0
Moraga,,255183006,,6-DUA,3,6.0,0.0
Moraga,,255183007,,6-DUA,3,6.0,0.0
Moraga,,255183008,,6-DUA,3,6.0,0.0
Moraga,,255183010,,6-DUA,3,6.0,0.0
Moraga,,255190010,,OS,0,0.0,8.856
Moraga,,255190001,,1-DUA,0,1.0,0.65
Moraga,,255790030,,6-DUA,3,6.0,0.0
Moraga,,255790031,,6-DUA,3,6.0,0.0
Moraga,,255790011,,6-DUA,3,6.0,0.0
Moraga,,255790012,,6-DUA,3,6.0,0.0
Moraga,,255790010,,6-DUA,3,6.0,0.0
Moraga,,255790009,,6-DUA,3,6.0,0.0
Moraga,,255790008,,6-DUA,3,6.0,0.0
Moraga,,255790007,,6-DUA,3,6.0,0.0
Moraga,,255790006,,6-DUA,3,6.0,0.0
Moraga,,255790005,,6-DUA,3,6.0,0.0
Moraga,,255790004,,6-DUA,3,6.0,0.0
Moraga,,255790001,,6-DUA,3,6.0,0.0
Moraga,,255790002,,6-DUA,3,6.0,0.0
Moraga,,255790003,,6-DUA,3,6.0,0.0
Moraga,,255790015,,6-DUA,3,6.0,0.0
Moraga,,255790013,,6-DUA,3,6.0,0.0
Moraga,,255790016,,6-DUA,3,6.0,0.0
Moraga,,255790017,,6-DUA,3,6.0,0.0
Moraga,,255790037,,6-DUA,3,6.0,0.0
Moraga,,255790035,,6-DUA,3,6.0,0.0
Moraga,,255790032,,6-DUA,3,6.0,0.0
Moraga,,255790034,,6-DUA,3,6.0,0.0
Moraga,,255790018,,6-DUA,3,6.0,0.0
Moraga,,255790014,,6-DUA,3,6.0,0.0
Moraga,,255790033,,6-DUA,3,6.0,0.0
Moraga,,255790028,,6-DUA,3,6.0,0.0
Moraga,,255790029,,6-DUA,3,6.0,0.0
Moraga,,255790027,,6-DUA,3,6.0,0.0
Moraga,,255790026,,6-DUA,3,6.0,0.0
Moraga,,255790025,,6-DUA,3,6.0,0.0
Moraga,,255790024,,6-DUA,3,6.0,0.0
Moraga,,255790023,,6-DUA,3,6.0,0.0
Moraga,,255790022,,6-DUA,3,6.0,0.0
Moraga,,255790020,,6-DUA,3,6.0,0.0
Moraga,,255790021,,6-DUA,3,6.0,0.0
Moraga,,255730008,,6-DUA,3,6.0,0.0
Moraga,,255790019,,6-DUA,3,6.0,0.0
Moraga,,255790036,,6-DUA,3,6.0,0.0
Moraga,,255730009,,6-DUA,3,6.0,0.0
Moraga,,255140008,,6-DUA,3,6.0,1.76
Moraga,,255140005,,6-DUA,3,6.0,1.01
Moraga,,255760002,,6-DUA,3,6.0,0.0
Moraga,,255760003,,6-DUA,3,6.0,0.0
Moraga,,255760004,,6-DUA,3,6.0,0.0
Moraga,,255760005,,6-DUA,3,6.0,0.0
Moraga,,255680046,,6-DUA,3,6.0,0.0
Moraga,,255680045,,6-DUA,3,6.0,0.0
Moraga,,255680044,,6-DUA,3,6.0,0.0
Moraga,,255680043,,6-DUA,3,6.0,0.0
Moraga,,255680041,,6-DUA,3,6.0,0.0
Moraga,,255680042,,6-DUA,3,6.0,0.0
Moraga,,255680052,,6-DUA,3,6.0,0.0
Moraga,,255680051,,6-DUA,3,6.0,0.0
Moraga,,255680049,,6-DUA,3,6.0,0.0
Moraga,,255680050,,6-DUA,3,6.0,0.0
Moraga,,255680047,,6-DUA,3,6.0,0.0
Moraga,,255680048,,6-DUA,3,6.0,0.0
Moraga,,255680038,,6-DUA,3,6.0,0.0
Moraga,,255680037,,6-DUA,3,6.0,0.0
Moraga,,255680039,,6-DUA,3,6.0,0.0
Moraga,,255680040,,6-DUA,3,6.0,0.0
Moraga,,255680036,,6-DUA,3,6.0,0.0
Moraga,,255680035,,6-DUA,3,6.0,0.0
Moraga,,255760001,,6-DUA,3,6.0,0.0
Moraga,,255760007,,6-DUA,3,6.0,0.0
Moraga,,255760006,,6-DUA,3,6.0,0.0
Moraga,,255760019,,6-DUA,3,6.0,0.0
Moraga,,255760008,,6-DUA,3,6.0,0.0
Moraga,,255760009,,6-DUA,3,6.0,0.0
Moraga,,255740022,,6-DUA,3,6.0,0.0
Moraga,,255760010,,6-DUA,3,6.0,0.0
Moraga,,255760011,,6-DUA,3,6.0,0.0
Moraga,,255760012,,6-DUA,3,6.0,0.0
Moraga,,255740021,,6-DUA,3,6.0,0.0
Moraga,,255740020,,6-DUA,3,6.0,0.0
Moraga,,255740019,,6-DUA,3,6.0,0.0
Moraga,,255740018,,6-DUA,3,6.0,0.0
Moraga,,255740017,,6-DUA,3,6.0,0.0
Moraga,,255740016,,6-DUA,3,6.0,0.0
Moraga,,255740015,,6-DUA,3,6.0,0.0
Moraga,,255740014,,6-DUA,3,6.0,0.0
Moraga,,255740013,,6-DUA,3,6.0,0.0
Moraga,,255740012,,6-DUA,3,6.0,0.0
Moraga,,255740010,,6-DUA,3,6.0,0.0
Moraga,,255740011,,6-DUA,3,6.0,0.0
Moraga,,255740009,,6-DUA,3,6.0,0.0
Moraga,,255740008,,6-DUA,3,6.0,0.0
Moraga,,255740006,,6-DUA,3,6.0,0.0
Moraga,,255740007,,6-DUA,3,6.0,0.0
Moraga,,255740023,,6-DUA,3,6.0,0.0
Moraga,,255740024,,6-DUA,3,6.0,0.0
Moraga,,255740025,,6-DUA,3,6.0,0.0
Moraga,,255740026,,6-DUA,3,6.0,0.0
Moraga,,255740028,,6-DUA,3,6.0,0.0
Moraga,,255740027,,6-DUA,3,6.0,0.0
Moraga,,255740030,,6-DUA,3,6.0,0.0
Moraga,,255740029,,6-DUA,3,6.0,0.0
Moraga,,255740001,,6-DUA,3,6.0,0.0
Moraga,,255740002,,6-DUA,3,6.0,0.0
Moraga,,255740003,,6-DUA,3,6.0,0.0
Moraga,,255740005,,6-DUA,3,6.0,0.0
Moraga,,255740004,,6-DUA,3,6.0,0.0
Moraga,,255740031,,6-DUA,3,6.0,1.77
Moraga,,255140027,,SO,0,0.0,1.035
Moraga,,255140037,,SO,0,0.0,0.0
Moraga,,256070013,,LC,0,0.0,0.91
Moraga,,256070012,,LC,0,0.0,0.47
Moraga,,256120037,,2-DUA,0,2.0,2.51
Moraga,,256120007,,2-DUA,0,2.0,0.0
Moraga,,256120003,,2-DUA,0,2.0,0.0
Moraga,,255140013,,6-DUA,3,6.0,1.02
Moraga,,255170011,,6-DUA,3,6.0,0.0
Moraga,,256120031,,2-DUA,0,2.0,0.0
Moraga,,256120005,,2-DUA,0,2.0,0.0
Moraga,,256120002,,2-DUA,0,2.0,0.0
Moraga,,256120006,,2-DUA,0,2.0,0.0
Moraga,,256120001,,2-DUA,0,2.0,0.0
Moraga,,256120004,,2-DUA,0,2.0,0.0
Moraga,,256120008,,2-DUA,0,2.0,0.0
Moraga,,256120009,,2-DUA,0,2.0,0.0
Moraga,,256120010,,2-DUA,0,2.0,0.0
Moraga,,256120030,,2-DUA,0,2.0,0.0
Moraga,,256120029,,2-DUA,0,2.0,0.0
Moraga,,256120028,,2-DUA,0,2.0,0.0
Moraga,,256120027,,2-DUA,0,2.0,0.0
Moraga,,256120026,,2-DUA,0,2.0,0.0
Moraga,,256120025,,2-DUA,0,2.0,0.0
Moraga,,256081002,,2-DUA,0,2.0,0.0
Moraga,,256120032,,2-DUA,0,2.0,0.0
Moraga,,256120033,,2-DUA,0,2.0,0.0
Moraga,,256120035,,2-DUA,0,2.0,0.0
Moraga,,256120034,,2-DUA,0,2.0,0.0
Moraga,,256120036,,2-DUA,0,2.0,0.0
Moraga,,256081001,,2-DUA,0,2.0,0.0
Moraga,,256082001,,2-DUA,0,2.0,0.0
Moraga,,256082014,,2-DUA,0,2.0,0.0
Moraga,,256082015,,2-DUA,0,2.0,0.0
Moraga,,255190009,,6-DUA,3,6.0,0.0
Moraga,,255190005,,6-DUA,3,6.0,0.0
Moraga,,255170012,,6-DUA,3,6.0,0.0
Moraga,,255730015,,6-DUA,3,6.0,0.0
Moraga,,255730011,,6-DUA,3,6.0,0.0
Moraga,,255730010,,6-DUA,3,6.0,0.0
Moraga,,255730003,,6-DUA,3,6.0,0.0
Moraga,,255730014,,6-DUA,3,6.0,0.0
Moraga,,255730007,,6-DUA,3,6.0,0.0
Moraga,,255730006,,6-DUA,3,6.0,0.0
Moraga,,255730004,,6-DUA,3,6.0,0.0
Moraga,,255730005,,6-DUA,3,6.0,0.0
Moraga,,255730002,,6-DUA,3,6.0,0.0
Moraga,,255730013,,6-DUA,3,6.0,0.0
Moraga,,255730001,,6-DUA,3,6.0,0.0
Moraga,,255730012,,6-DUA,3,6.0,0.0
Moraga,,255190003,,1-DUA,0,1.0,0.54
Moraga,,255190004,,1-DUA,0,1.0,0.73
Moraga,,255190002,,1-DUA,0,1.0,0.51
Moraga,,256082002,,2-DUA,0,2.0,0.0
Moraga,,256082003,,2-DUA,0,2.0,0.0
Moraga,,256082004,,2-DUA,0,2.0,0.0
Moraga,,256082012,,2-DUA,0,2.0,0.0
Moraga,,256082013,,2-DUA,0,2.0,0.0
Moraga,,256082005,,2-DUA,0,2.0,0.0
Moraga,,256082006,,2-DUA,0,2.0,0.0
Moraga,,256082010,,2-DUA,0,2.0,0.0
Moraga,,256082011,,2-DUA,0,2.0,0.0
Moraga,,256082009,,2-DUA,0,2.0,0.0
Moraga,,256082007,,2-DUA,0,2.0,0.0
Moraga,,256082008,,2-DUA,0,2.0,0.0
Moraga,,256091003,,2-DUA,0,2.0,0.0
Moraga,,256091022,,2-DUA,0,2.0,0.0
Moraga,,256091016,,2-DUA,0,2.0,0.0
Moraga,,256091001,,2-DUA,0,2.0,0.0
Moraga,,256091015,,2-DUA,0,2.0,0.23
Moraga,,255202015,,1-DUA,0,1.0,0.0
Moraga,,256091002,,2-DUA,0,2.0,0.0
Moraga,,255202016,,1-DUA,0,1.0,0.0
Moraga,,255202013,,1-DUA,0,1.0,0.0
Moraga,,255202012,,1-DUA,0,1.0,0.0
Moraga,,255202008,,1-DUA,0,1.0,0.0
Moraga,,255202009,,1-DUA,0,1.0,0.0
Moraga,,255202010,,1-DUA,0,1.0,0.0
Moraga,,255202011,,1-DUA,0,1.0,0.0
Moraga,,255201002,,1-DUA,0,1.0,0.0
Moraga,,255201001,,1-DUA,0,1.0,0.0
Moraga,,255201003,,1-DUA,0,1.0,0.0
Moraga,,255202001,,1-DUA,0,1.0,0.0
Moraga,,255202003,,1-DUA,0,1.0,0.0
Moraga,,255202002,,1-DUA,0,1.0,0.0
Moraga,,255202007,,1-DUA,0,1.0,0.0
Moraga,,255202006,,1-DUA,0,1.0,0.0
Moraga,,255202023,,1-DUA,0,1.0,1.16
Moraga,,255202022,,1-DUA,0,1.0,0.96
Moraga,,255202025,,1-DUA,0,1.0,3.28
Moraga,,255202026,,1-DUA,0,1.0,1.64
Moraga,,255202021,,1-DUA,0,1.0,2.5
Moraga,,255202004,,1-DUA,0,1.0,0.0
Moraga,,255183011,,6-DUA,3,6.0,0.0
Moraga,,255240025,,OSM DT,0,0.0,3.2
Moraga,,255240028,,OSM DT,0,0.0,7.479
Moraga,,255240027,,OSM DT,0,0.0,1.212
Moraga,,255351004,,1-DUA,0,1.0,0.0
Moraga,,255351003,,1-DUA,0,1.0,0.0
Moraga,,255351005,,1-DUA,0,1.0,0.0
Moraga,,255351007,,1-DUA,0,1.0,0.0
Moraga,,255351008,,1-DUA,0,1.0,0.0
Moraga,,255351006,,1-DUA,0,1.0,0.0
Moraga,,255352001,,1-DUA,0,1.0,0.0
Moraga,,255360001,,1-DUA,0,1.0,0.0
Moraga,,255352002,,1-DUA,0,1.0,0.0
Moraga,,255352003,,1-DUA,0,1.0,0.0
Moraga,,255352004,,1-DUA,0,1.0,0.0
Moraga,,255352005,,1-DUA,0,1.0,0.0
Moraga,,255381002,,1-DUA,0,1.0,0.0
Moraga,,255381001,,1-DUA,0,1.0,0.0
Moraga,,255360025,,1-DUA,0,1.0,0.0
Moraga,,255360002,,1-DUA,0,1.0,0.0
Moraga,,255360003,,1-DUA,0,1.0,0.0
Moraga,,255360004,,1-DUA,0,1.0,0.0
Moraga,,255360005,,1-DUA,0,1.0,0.0
Moraga,,255360006,,1-DUA,0,1.0,0.0
Moraga,,255360023,,1-DUA,0,1.0,0.0
Moraga,,255360024,,1-DUA,0,1.0,0.0
Moraga,,255381012,,1-DUA,0,1.0,0.0
Moraga,,255381013,,1-DUA,0,1.0,0.0
Moraga,,255381014,,1-DUA,0,1.0,0.0
Moraga,,255382006,,1-DUA,0,1.0,0.0
Moraga,,255382007,,1-DUA,0,1.0,0.0
Moraga,,255381011,,1-DUA,0,1.0,0.0
Moraga,,255381010,,1-DUA,0,1.0,0.0
Moraga,,255381009,,1-DUA,0,1.0,0.5133917291820396
Moraga,,255381008,,1-DUA,0,1.0,1.6559649499001663
Moraga,,255381003,,1-DUA,0,1.0,0.0
Moraga,,255353001,,1-DUA,0,1.0,0.0
Moraga,,255353002,,1-DUA,0,1.0,0.0
Moraga,,255343001,,1-DUA,0,1.0,0.0
Moraga,,255343002,,1-DUA,0,1.0,0.45909417052728324
Moraga,,255343003,,1-DUA,0,1.0,0.47150058788603044
Moraga,,255343004,,1-DUA,0,1.0,0.44942596778518445
Moraga,,255343005,,1-DUA,0,1.0,0.39740418366467045
Moraga,,255343006,,1-DUA,0,1.0,0.6865556033458113
Moraga,,255342006,,1-DUA,0,1.0,0.4959105928659692
Moraga,,255342005,,1-DUA,0,1.0,0.5069660209842525
Moraga,,255342004,,1-DUA,0,1.0,0.5321990670983917
Moraga,,255502004,,1-DUA,0,1.0,0.7182192513971161
Moraga,,255342008,,1-DUA,0,1.0,0.5713755367010896
Moraga,,255342007,,1-DUA,0,1.0,0.5450161603033108
Moraga,,255342009,,1-DUA,0,1.0,0.0
Moraga,,255351001,,1-DUA,0,1.0,0.0
Moraga,,255351002,,1-DUA,0,1.0,0.0
Moraga,,255502001,,1-DUA,0,1.0,0.0
Moraga,,255502002,,1-DUA,0,1.0,0.0
Moraga,,255502003,,1-DUA,0,1.0,0.7339473594796125
Moraga,,255501010,,1-DUA,0,1.0,0.0
Moraga,,255501011,,1-DUA,0,1.0,0.0
Moraga,,255240026,,OSM DT,0,0.0,1.297
Moraga,,255501012,,1-DUA,0,1.0,1.281133559341708
Moraga,,255501009,,1-DUA,0,1.0,0.6193030250435397
Moraga,,255501007,,1-DUA,0,1.0,0.7233464766011987
Moraga,,255501008,,1-DUA,0,1.0,0.673033754830064
Moraga,,255230009,,1-DUA,0,1.0,1.0398575082859018
Moraga,,255501006,,1-DUA,0,1.0,0.5726518261199991
Moraga,,255501002,,1-DUA,0,1.0,0.3361818153084836
Moraga,,255501003,,1-DUA,0,1.0,0.31247650221198464
Moraga,,255501005,,1-DUA,0,1.0,0.461708276849223
Moraga,,255501004,,1-DUA,0,1.0,0.30471334583774995
Moraga,,255502008,,1-DUA,0,1.0,0.6651361389569997
Moraga,,255502007,,1-DUA,0,1.0,0.5760274479293165
Moraga,,255502005,,1-DUA,0,1.0,0.646396872744718
Moraga,,255502006,,1-DUA,0,1.0,0.5902326211317845
Moraga,,255342003,,1-DUA,0,1.0,0.8860807214745493
Moraga,,255342001,,1-DUA,0,1.0,0.31130270298448715
Moraga,,255342002,,1-DUA,0,1.0,1.1609504724213777
Moraga,,255502014,,1-DUA,0,1.0,0.7879841073040416
Moraga,,255490016,,3-DUA,0,3.0,0.4145248188280546
Moraga,,255490015,,3-DUA,0,3.0,0.3391626926396008
Moraga,,255502015,,1-DUA,0,1.0,0.7966520997124644
Moraga,,255502016,,1-DUA,0,1.0,0.789568157148749
Moraga,,255502009,,1-DUA,0,1.0,0.3284288981986679
Moraga,,255502011,,1-DUA,0,1.0,0.37498071630470137
Moraga,,255502010,,1-DUA,0,1.0,0.3573395215614978
Moraga,,255502012,,1-DUA,0,1.0,0.3066248780299843
Moraga,,255490012,,3-DUA,0,3.0,0.4307868344641621
Moraga,,255481009,,3-DUA,0,3.0,0.30393733821250163
Moraga,,255490011,,3-DUA,0,3.0,0.4062863130376524
Moraga,,255490020,,3-DUA,0,3.0,0.6162517882929724
Moraga,,255490023,,3-DUA,0,3.0,0.9455396266346024
Moraga,,255481008,,3-DUA,0,3.0,0.6118670396524895
Moraga,,255490010,,3-DUA,0,3.0,0.28344226572166364
Moraga,,255490008,,3-DUA,0,3.0,0.42673361645372054
Moraga,,255490007,,3-DUA,0,3.0,0.41388899680012525
Moraga,,255481007,,3-DUA,0,3.0,0.5729970055187232
Moraga,,255481011,,3-DUA,0,3.0,0.3889959515840722
Moraga,,255481015,,1-DUA,0,1.0,0.9384292615519059
Moraga,,255482002,,1-DUA,0,1.0,0.315340920998206
Moraga,,255482003,,1-DUA,0,1.0,0.32048113251129456
Moraga,,255482004,,1-DUA,0,1.0,0.3422029473399104
Moraga,,255481010,,3-DUA,0,3.0,0.3270462303010973
Moraga,,255482006,,1-DUA,0,1.0,0.5797901532316477
Moraga,,255482007,,1-DUA,0,1.0,0.5339853220103692
Moraga,,255501001,,1-DUA,0,1.0,0.42014757859147267
Moraga,,255230013,,1-DUA,0,1.0,0.6931162938976637
Moraga,,255230014,,1-DUA,0,1.0,0.7016735277968084
Moraga,,255482005,,1-DUA,0,1.0,0.5963247497896753
Moraga,,255481019,,1-DUA,0,1.0,0.745004358753845
Moraga,,255482001,,1-DUA,0,1.0,0.7365892597232914
Moraga,,255222001,,1-DUA,0,1.0,0.5933671765048353
Moraga,,255221005,,1-DUA,0,1.0,0.3820918953609535
Moraga,,255221004,,1-DUA,0,1.0,0.43631725480423716
Moraga,,255221003,,1-DUA,0,1.0,0.4083726856023622
Moraga,,255230001,,1-DUA,0,1.0,0.4516785016652724
Moraga,,255230002,,1-DUA,0,1.0,0.4271638799526302
Moraga,,255230003,,1-DUA,0,1.0,0.39805381436095344
Moraga,,255230004,,1-DUA,0,1.0,0.4303481120977753
Moraga,,255230012,,1-DUA,0,1.0,0.711601023145148
Moraga,,255230011,,1-DUA,0,1.0,0.9506691629183762
Moraga,,255230010,,1-DUA,0,1.0,1.089244644532717
Moraga,,255230008,,1-DUA,0,1.0,0.8734253373376272
Moraga,,255230006,,1-DUA,0,1.0,0.5204947979134719
Moraga,,255230005,,1-DUA,0,1.0,0.4345223370473694
Moraga,,255230015,,1-DUA,0,1.0,4.35
Moraga,,255221002,,1-DUA,0,1.0,0.39601709538207713
Moraga,,255240018,,OSM DT,0,0.0,5.3
Moraga,,255210004,,1-DUA,0,1.0,0.5723200403257198
Moraga,,255210003,,1-DUA,0,1.0,0.5917137977093062
Moraga,,255210002,,1-DUA,0,1.0,0.0
Moraga,,256094002,,2-DUA,0,2.0,0.32847103567304836
Moraga,,256091010,,2-DUA,0,2.0,0.0
Moraga,,255210001,,1-DUA,0,1.0,0.0
Moraga,,255202014,,1-DUA,0,1.0,0.0
Moraga,,256091009,,2-DUA,0,2.0,0.0
Moraga,,256094005,,2-DUA,0,2.0,0.4125093452775321
Moraga,,256094001,,2-DUA,0,2.0,0.44131681828593217
Moraga,,256094003,,2-DUA,0,2.0,0.4879490509988312
Moraga,,256094004,,2-DUA,0,2.0,0.4809386551587746
Moraga,,256410007,,1-DUA,0,1.0,1.526
Moraga,,256410002,,1-DUA,0,1.0,0.7925730937041872
Moraga,,256410009,,1-DUA,0,1.0,0.7
Moraga,,256410010,,1-DUA,0,1.0,0.65
Moraga,,256410001,,1-DUA,0,1.0,0.6413596666906403
Moraga,,255210005,,1-DUA,0,1.0,0.5918696931764397
Moraga,,255210006,,1-DUA,0,1.0,0.48384561380069147
Moraga,,255210007,,1-DUA,0,1.0,0.6242139854916129
Moraga,,255221006,,1-DUA,0,1.0,0.41667638137146923
Moraga,,256110xxx,,OSM DT,0,0.0,3.8687419661518834
Moraga,,256110043,,1-DUA,0,1.0,2.84
Moraga,,255223xxx,,1-DUA,0,1.0,0.7935888883124865
Moraga,,256440017,,2-DUA,0,2.0,0.78
Moraga,,256440005,,2-DUA,0,2.0,0.4577765312299124
Moraga,,256440007,,2-DUA,0,2.0,0.6060031605271907
Moraga,,256440006,,2-DUA,0,2.0,0.5275580229057495
Moraga,,256440011,,2-DUA,0,2.0,0.6423483512574458
Moraga,,256440012,,2-DUA,0,2.0,0.8121156094962423
Moraga,,256440008,,2-DUA,0,2.0,0.6249593296357747
Moraga,,256221006,,2-DUA,0,2.0,0.43420449116262394
Moraga,,256440010,,2-DUA,0,2.0,1.1108528023511453
Moraga,,256440009,,2-DUA,0,2.0,0.47333270852751713
Moraga,,255432005,,1-DUA,0,1.0,0.66905493120693
Moraga,,255432004,,1-DUA,0,1.0,0.6688530518399605
Moraga,,255432003,,1-DUA,0,1.0,0.6172235783598481
Moraga,,255432002,,1-DUA,0,1.0,0.5699819047329916
Moraga,,255223001,,1-DUA,0,1.0,0.9934812594668849
Moraga,,255223002,,1-DUA,0,1.0,0.6357545641172438
Moraga,,255222003,,1-DUA,0,1.0,0.3480712274791835
Moraga,,255222004,,1-DUA,0,1.0,0.5485571552156173
Moraga,,255432001,,1-DUA,0,1.0,0.5652974843574068
Moraga,,255431006,,1-DUA,0,1.0,0.5072623678395772
Moraga,,255431008,,1-DUA,0,1.0,0.514858233907995
Moraga,,255481018,,1-DUA,0,1.0,0.9158459083600008
Moraga,,255431010,,1-DUA,0,1.0,0.4622537588482501
Moraga,,255431005,,1-DUA,0,1.0,0.49298287068430835
Moraga,,255431004,,1-DUA,0,1.0,0.3044904561793708
Moraga,,255431003,,1-DUA,0,1.0,0.3016025993464908
Moraga,,255431002,,1-DUA,0,1.0,0.3468551214579443
Moraga,,255431009,,1-DUA,0,1.0,0.7571240479163678
Moraga,,255481013,,1-DUA,0,1.0,0.9842008087569707
Moraga,,255481014,,1-DUA,0,1.0,0.7687102000370202
Moraga,,255481017,,1-DUA,0,1.0,1.19749459374004
Moraga,,255481016,,1-DUA,0,1.0,0.7012274692409047
Moraga,,255481005,,3-DUA,0,3.0,0.48725137875001356
Moraga,,255481006,,3-DUA,0,3.0,0.5033297621513073
Moraga,,255481004,,3-DUA,0,3.0,0.5141706334496186
Moraga,,255481003,,3-DUA,0,3.0,0.5295804194524726
Moraga,,255481002,,3-DUA,0,3.0,0.5135634426049253
Moraga,,255481012,,1-DUA,0,1.0,1.1853998892342497
Moraga,,255422005,,3-DUA,0,3.0,0.4324072703034791
Moraga,,255422008,,1-DUA,0,1.0,1.1568225767301257
Moraga,,255422007,,3-DUA,0,3.0,0.2883022193833165
Moraga,,255423002,,1-DUA,0,1.0,0.3974871560637989
Moraga,,255423003,,1-DUA,0,1.0,0.385983189803778
Moraga,,255422006,,3-DUA,0,3.0,0.3255195978759069
Moraga,,255422004,,3-DUA,0,3.0,0.44962524505979906
Moraga,,255423004,,3-DUA,0,3.0,0.36636584058964716
Moraga,,255423005,,3-DUA,0,3.0,0.3726573563977633
Moraga,,255423010,,3-DUA,0,3.0,0.4906923077778709
Moraga,,255423011,,3-DUA,0,3.0,0.7708948140647812
Moraga,,255423020,,1-DUA,0,1.0,0.970466823188969
Moraga,,255423019,,1-DUA,0,1.0,0.48877634083531857
Moraga,,255310028,,OS,0,0.0,4.49
Moraga,,256221019,,2-DUA,0,2.0,0.6724354285749505
Moraga,,255423001,,1-DUA,0,1.0,0.6329390639819199
Moraga,,255423021,,1-DUA,0,1.0,0.6459020437800327
Moraga,,256110057,,OS,0,0.0,19.372
Moraga,,255432006,,1-DUA,0,1.0,0.8547828322076092
Moraga,,256221011,,2-DUA,0,2.0,0.41677086025120125
Moraga,,256221012,,2-DUA,0,2.0,0.5727190594309156
Moraga,,256221013,,2-DUA,0,2.0,0.39926485085456226
Moraga,,256221014,,2-DUA,0,2.0,0.3710644840606791
Moraga,,256222007,,2-DUA,0,2.0,0.4097639427622194
Moraga,,256221010,,2-DUA,0,2.0,0.4089642271719284
Moraga,,256221008,,2-DUA,0,2.0,0.38877152153649386
Moraga,,256221009,,2-DUA,0,2.0,0.38766699630403323
Moraga,,256222005,,2-DUA,0,2.0,0.3556006358166416
Moraga,,256221007,,2-DUA,0,2.0,0.4709561640009262
Moraga,,256222004,,2-DUA,0,2.0,0.42000251814903433
Moraga,,256222011,,2-DUA,0,2.0,0.3844447166174009
Moraga,,256222010,,2-DUA,0,2.0,0.3835339937435012
Moraga,,256222009,,2-DUA,0,2.0,0.3924745882496052
Moraga,,256222008,,2-DUA,0,2.0,0.3910715245851486
Moraga,,256222006,,2-DUA,0,2.0,0.35148603777520554
Moraga,,256221015,,2-DUA,0,2.0,0.34146237453615624
Moraga,,256221016,,2-DUA,0,2.0,0.3477092320388646
Moraga,,256221020,,2-DUA,0,2.0,0.42812057915570967
Moraga,,256221018,,2-DUA,0,2.0,0.3766850413209398
Moraga,,256221017,,2-DUA,0,2.0,0.3424986773667965
Moraga,,256221021,,2-DUA,0,2.0,0.9564959933765911
Moraga,,256221022,,2-DUA,0,2.0,0.4651642852357205
Moraga,,258440044,,6-DUA,3,6.0,0.05408630339967459
Moraga,,258440051,,6-DUA,3,6.0,0.07927245848583214
Moraga,,258440052,,6-DUA,3,6.0,0.09159886840756205
Moraga,,258440053,,6-DUA,3,6.0,0.05805619328196825
Moraga,,258440050,,6-DUA,3,6.0,0.062362601234033026
Moraga,,258440049,,6-DUA,3,6.0,0.09323081378092833
Moraga,,258440048,,6-DUA,3,6.0,0.09114752616113528
Moraga,,258440045,,6-DUA,3,6.0,0.05336030977799844
Moraga,,258440046,,6-DUA,3,6.0,0.052886717866851
Moraga,,258440047,,6-DUA,3,6.0,0.05686203215525504
Moraga,,258441004,,6-DUA,3,6.0,0.08392699479099784
Moraga,,258441008,,6-DUA,3,6.0,0.05068975745952893
Moraga,,258441007,,6-DUA,3,6.0,0.05687075115135272
Moraga,,258441006,,6-DUA,3,6.0,0.06193163604646769
Moraga,,258441005,,6-DUA,3,6.0,0.0627697345649782
Moraga,,258441020,,6-DUA,3,6.0,0.050482621458699764
Moraga,,258441019,,6-DUA,3,6.0,0.054292840238299854
Moraga,,258441018,,6-DUA,3,6.0,0.11238795192030719
Moraga,,258441003,,6-DUA,3,6.0,0.1600567920491648
Moraga,,258441002,,6-DUA,3,6.0,0.04958415167349943
Moraga,,258440062,,6-DUA,3,6.0,0.17269982745409923
Moraga,,258441001,,6-DUA,3,6.0,0.05093535230127403
Moraga,,258441030,,6-DUA,3,6.0,0.12128645101612354
Moraga,,258441029,,6-DUA,3,6.0,0.06033528681356728
Moraga,,258440063,,6-DUA,3,6.0,0.09888633256902496
Moraga,,258440074,,6-DUA,3,6.0,0.0563877229578939
Moraga,,258440073,,6-DUA,3,6.0,0.08063100790050552
Moraga,,258440077,,6-DUA,3,6.0,0.11170742274392213
Moraga,,258440056,,6-DUA,3,6.0,0.05936757335135366
Moraga,,258440057,,6-DUA,3,6.0,0.12907456753748592
Moraga,,258440055,,6-DUA,3,6.0,0.049101590627744746
Moraga,,258440054,,6-DUA,3,6.0,0.05634305568183803
Moraga,,258440059,,6-DUA,3,6.0,0.07444106553583739
Moraga,,258440060,,6-DUA,3,6.0,0.06813188093558203
Moraga,,258440061,,6-DUA,3,6.0,0.07076273983838119
Moraga,,258440064,,6-DUA,3,6.0,0.15455346909169848
Moraga,,258440069,,6-DUA,3,6.0,0.0729919039643619
Moraga,,258440068,,6-DUA,3,6.0,0.07044074391096823
Moraga,,258440070,,6-DUA,3,6.0,0.045875659271494895
Moraga,,258440071,,6-DUA,3,6.0,0.04488093347803548
Moraga,,258440072,,6-DUA,3,6.0,0.07154446869774954
Moraga,,258440075,,6-DUA,3,6.0,0.054102907596736007
Moraga,,258440076,,6-DUA,3,6.0,0.05117041879713755
Moraga,,258440067,,6-DUA,3,6.0,0.05994086141461567
Moraga,,258440066,,6-DUA,3,6.0,0.06153626584513019
Moraga,,258440065,,6-DUA,3,6.0,0.06820113520198237
Moraga,,258440058,,6-DUA,3,6.0,0.0844727952934439
Moraga,,258360021,,1-DUA,0,1.0,0.5763414689102306
Moraga,,258360017,,1-DUA,0,1.0,0.554948809667509
Moraga,,256162001,,1-DUA,0,1.0,0.6393297438893649
Moraga,,256221025,,2-DUA,0,2.0,0.4211337554228323
Moraga,,256221023,,2-DUA,0,2.0,0.47138485220423804
Moraga,,256221024,,2-DUA,0,2.0,0.4053161324979915
Moraga,,256222012,,2-DUA,0,2.0,0.3340817932664788
Moraga,,256222013,,2-DUA,0,2.0,0.38715543567217714
Moraga,,256221026,,2-DUA,0,2.0,0.398961807528684
Moraga,,256222001,,2-DUA,0,2.0,0.3477146459338227
Moraga,,256222003,,2-DUA,0,2.0,0.38667429642325274
Moraga,,256222002,,2-DUA,0,2.0,0.380514233533068
Moraga,,256221005,,2-DUA,0,2.0,0.34753781360164265
Moraga,,256221004,,2-DUA,0,2.0,0.3429803142803159
Moraga,,256221003,,2-DUA,0,2.0,0.34384775824691866
Moraga,,256221002,,2-DUA,0,2.0,0.41920294142353026
Moraga,,256172010,,2-DUA,0,2.0,0.45740834521741613
Moraga,,256172006,,2-DUA,0,2.0,0.46594707626228155
Moraga,,256221001,,2-DUA,0,2.0,0.5003419859634255
Moraga,,256172009,,2-DUA,0,2.0,0.5714603897790409
Moraga,,256172008,,2-DUA,0,2.0,0.4383541982883999
Moraga,,256172007,,2-DUA,0,2.0,0.43805787260637563
Moraga,,256171009,,2-DUA,0,2.0,0.3301207710329356
Moraga,,256171008,,2-DUA,0,2.0,0.351223058253419
Moraga,,256171007,,2-DUA,0,2.0,0.3741759650232855
Moraga,,256171006,,1-DUA,0,1.0,0.7748973912245469
Moraga,,256171003,,1-DUA,0,1.0,0.5236890186246813
Moraga,,256171002,,1-DUA,0,1.0,0.5057130463015844
Moraga,,256171001,,1-DUA,0,1.0,0.4049900869654869
Moraga,,256161019,,1-DUA,0,1.0,0.40925580569132414
Moraga,,256162005,,1-DUA,0,1.0,1.22
Moraga,,256162004,,1-DUA,0,1.0,0.4122511394838208
Moraga,,256162002,,1-DUA,0,1.0,0.8395496495438188
Moraga,,256162003,,1-DUA,0,1.0,0.5640048001381487
Moraga,,256162006,,1-DUA,0,1.0,1.16
Moraga,,256162007,,1-DUA,0,1.0,0.906157733679999
Moraga,,256161018,,1-DUA,0,1.0,0.4177234611460731
Moraga,,256161016,,1-DUA,0,1.0,0.40229922688009434
Moraga,,256161017,,1-DUA,0,1.0,0.6080373095685799
Moraga,,256161010,,1-DUA,0,1.0,0.37386854349162063
Moraga,,256161007,,1-DUA,0,1.0,0.4335633110939711
Moraga,,256161008,,1-DUA,0,1.0,0.3209716651364825
Moraga,,256161009,,1-DUA,0,1.0,0.35833084089181827
Moraga,,256162009,,1-DUA,0,1.0,0.5431098234820205
Moraga,,256162010,,1-DUA,0,1.0,0.7054311509657344
Moraga,,256161002,,1-DUA,0,1.0,0.3605142666019936
Moraga,,256161006,,1-DUA,0,1.0,0.6300828042519596
Moraga,,256161003,,1-DUA,0,1.0,0.3758150345812467
Moraga,,256161001,,1-DUA,0,1.0,0.7017650177882545
Moraga,,256300004,,1-DUA,0,1.0,0.7966683451457928
Moraga,,256161004,,1-DUA,0,1.0,0.6878094143047397
Moraga,,256161005,,1-DUA,0,1.0,0.717640534107946
Moraga,,256290016,,1-DUA,0,1.0,1.066734475225557
Moraga,,256161013,,1-DUA,0,1.0,0.6963136154502233
Moraga,,256161011,,1-DUA,0,1.0,0.3742691665033975
Moraga,,256161012,,1-DUA,0,1.0,0.42459627813362816
Moraga,,256161015,,1-DUA,0,1.0,0.43756580353464153
Moraga,,256171004,,1-DUA,0,1.0,0.8007837282500565
Moraga,,256161014,,1-DUA,0,1.0,0.650957111443657
Moraga,,256290022,,1-DUA,0,1.0,3.1332523596159456
Moraga,,256290021,,1-DUA,0,1.0,0.5942198419848843
Moraga,,256290019,,1-DUA,0,1.0,0.3677477164312716
Moraga,,256290004,,1-DUA,0,1.0,2.669557900819365
Moraga,,256171013,,2-DUA,0,2.0,0.5158447927224847
Moraga,,256171005,,1-DUA,0,1.0,0.7342672185741168
Moraga,,256171011,,1-DUA,0,1.0,0.9170090342407009
Moraga,,256171010,,1-DUA,0,1.0,0.8036324636994822
Moraga,,256171012,,2-DUA,0,2.0,0.5179436967741129
Moraga,,256172003,,2-DUA,0,2.0,0.3815281149236913
Moraga,,256172004,,2-DUA,0,2.0,0.35116832808902465
Moraga,,256172014,,2-DUA,0,2.0,0.390793643004201
Moraga,,256172013,,2-DUA,0,2.0,0.48
Moraga,,256172011,,2-DUA,0,2.0,0.37815156760259244
Moraga,,256172012,,2-DUA,0,2.0,0.55
Moraga,,256440013,,2-DUA,0,2.0,0.4624124676191343
Moraga,,256440014,,2-DUA,0,2.0,0.5080114541587476
Moraga,,256172002,,2-DUA,0,2.0,0.41508440447444755
Moraga,,256172001,,2-DUA,0,2.0,0.4236069848180714
Moraga,,256440015,,2-DUA,0,2.0,0.640352983562207
Moraga,,256440003,,2-DUA,0,2.0,0.5995575103356005
Moraga,,256440002,,2-DUA,0,2.0,0.7066104091544617
Moraga,,256440001,,2-DUA,0,2.0,0.4629224888139209
Moraga,,256271001,,2-DUA,0,2.0,0.5324754900277213
Moraga,,256171014,,2-DUA,0,2.0,0.494649614580669
Moraga,,256171015,,2-DUA,0,2.0,0.5438787603634545
Moraga,,256290003,,1-DUA,0,1.0,1.0122297788992702
Moraga,,256273006,,2-DUA,0,2.0,0.5542991730328254
Moraga,,256273004,,2-DUA,0,2.0,0.612168711647857
Moraga,,256290023,,1-DUA,0,1.0,0.776
Moraga,,256290024,,1-DUA,0,1.0,0.395
Moraga,,256273002,,1-DUA,0,1.0,0.6051011034305387
Moraga,,256273003,,2-DUA,0,2.0,0.5075920031513282
Moraga,,256271007,,2-DUA,0,2.0,0.4158592305700567
Moraga,,256271006,,2-DUA,0,2.0,0.5928188022537783
Moraga,,256271020,,2-DUA,0,2.0,0.5466607394537002
Moraga,,256273005,,2-DUA,0,2.0,0.6717465183789498
Moraga,,256271017,,2-DUA,0,2.0,0.4276229417277839
Moraga,,256271019,,2-DUA,0,2.0,1.2748350450480859
Moraga,,256271015,,2-DUA,0,2.0,0.760297504184014
Moraga,,256410008,,1-DUA,0,1.0,1.54
Moraga,,256094007,,2-DUA,0,2.0,0.0
Moraga,,256094008,,2-DUA,0,2.0,0.0
Moraga,,256094006,,2-DUA,0,2.0,0.42252649031943257
Moraga,,256091018,,2-DUA,0,2.0,0.0
Moraga,,256091008,,2-DUA,0,2.0,0.0
Moraga,,256092004,,2-DUA,0,2.0,0.0
Moraga,,256092005,,2-DUA,0,2.0,0.0
Moraga,,256092006,,2-DUA,0,2.0,0.0
Moraga,,256094010,,2-DUA,0,2.0,0.0
Moraga,,256094009,,2-DUA,0,2.0,0.0
Moraga,,256094012,,2-DUA,0,2.0,0.0
Moraga,,256094011,,2-DUA,0,2.0,0.0
Moraga,,256093001,,2-DUA,0,2.0,0.0
Moraga,,256093002,,2-DUA,0,2.0,0.0
Moraga,,256331008,,2-DUA,0,2.0,0.634
Moraga,,256331009,,2-DUA,0,2.0,0.731
Moraga,,256332005,,2-DUA,0,2.0,0.7546548556301985
Moraga,,256332006,,2-DUA,0,2.0,0.7851966291136817
Moraga,,256360001,,OS,0,0.0,5.1596012049698965
Moraga,,256271008,,2-DUA,0,2.0,0.46575805986029906
Moraga,,256271009,,2-DUA,0,2.0,0.3932257951435801
Moraga,,256271010,,2-DUA,0,2.0,0.3610414719351239
Moraga,,256273001,,1-DUA,0,1.0,0.40772158374436224
Moraga,,256272001,,1-DUA,0,1.0,0.48098208848931623
Moraga,,256271013,,2-DUA,0,2.0,0.46800396559760654
Moraga,,256271012,,2-DUA,0,2.0,0.3887388259896056
Moraga,,256271011,,2-DUA,0,2.0,0.3551972290678284
Moraga,,256332004,,2-DUA,0,2.0,0.639796201109198
Moraga,,256332003,,2-DUA,0,2.0,0.4780765332754065
Moraga,,256332002,,2-DUA,0,2.0,0.35963819688314136
Moraga,,256331004,,2-DUA,0,2.0,0.5888364909031835
Moraga,,256331003,,2-DUA,0,2.0,0.7020703273308879
Moraga,,256331002,,2-DUA,0,2.0,0.0
Moraga,,256340003,,2-DUA,0,2.0,0.0
Moraga,,256340002,,2-DUA,0,2.0,0.0
Moraga,,256331005,,2-DUA,0,2.0,0.5985524525261882
Moraga,,256340001,,2-DUA,0,2.0,0.0
Moraga,,256340015,,2-DUA,0,2.0,0.0
Moraga,,256340016,,2-DUA,0,2.0,0.0
Moraga,,256241002,,2-DUA,0,2.0,0.0
Moraga,,256241003,,2-DUA,0,2.0,0.0
Moraga,,256340017,,2-DUA,0,2.0,0.0
Moraga,,256241001,,2-DUA,0,2.0,0.0
Moraga,,256281001,,2-DUA,0,2.0,5.3
Moraga,,256331007,,2-DUA,0,2.0,0.5542026847351876
Moraga,,256281003,,2-DUA,0,2.0,0.3888606940064573
Moraga,,256281002,,2-DUA,0,2.0,0.4033034861914493
Moraga,,256331006,,2-DUA,0,2.0,0.379171592223715
Moraga,,256332001,,2-DUA,0,2.0,0.32326632703326325
Moraga,,256271014,,2-DUA,0,2.0,0.34796904538591505
Moraga,,256285001,,2-DUA,0,2.0,0.37431696590662156
Moraga,,256284005,,1-DUA,0,1.0,0.3237532265212436
Moraga,,256290008,,1-DUA,0,1.0,0.6359412773095396
Moraga,,256290007,,1-DUA,0,1.0,0.6284004374767157
Moraga,,256290009,,1-DUA,0,1.0,0.6468378858854767
Moraga,,256290013,,1-DUA,0,1.0,0.7675701997065513
Moraga,,256290011,,1-DUA,0,1.0,1.2863716548214374
Moraga,,256290012,,1-DUA,0,1.0,0.8121358064476412
Moraga,,256290014,,1-DUA,0,1.0,0.6433435901494162
Moraga,,256284002,,1-DUA,0,1.0,0.3810169946814387
Moraga,,256284004,,1-DUA,0,1.0,0.3256135814061918
Moraga,,256284003,,1-DUA,0,1.0,0.40261803404379526
Moraga,,256281005,,2-DUA,0,2.0,0.3244058561921606
Moraga,,256281004,,2-DUA,0,2.0,0.3468129457705578
Moraga,,256281007,,2-DUA,0,2.0,0.40731360482671347
Moraga,,256300001,,1-DUA,0,1.0,0.3699462594249473
Moraga,,256283001,,1-DUA,0,1.0,0.5145614262098317
Moraga,,256284001,,1-DUA,0,1.0,0.3785705345256048
Moraga,,256290015,,1-DUA,0,1.0,0.8564431141675142
Moraga,,256290017,,1-DUA,0,1.0,1.0585187734754908
Moraga,,256300003,,1-DUA,0,1.0,0.8025956361436831
Moraga,,256300008,,1-DUA,0,1.0,0.45044095570350856
Moraga,,256300002,,1-DUA,0,1.0,0.7225535847355081
Moraga,,256300010,,1-DUA,0,1.0,0.6117843989957858
Moraga,,256300013,,1-DUA,0,1.0,0.47710386936301924
Moraga,,256300012,,1-DUA,0,1.0,0.4396802110135706
Moraga,,256300019,,1-DUA,0,1.0,0.3650071747384677
Moraga,,256300011,,1-DUA,0,1.0,0.36006880984944967
Moraga,,256282006,,1-DUA,0,1.0,0.4016636043963807
Moraga,,256282003,,2-DUA,0,2.0,0.38473479381283937
Moraga,,256300021,,1-DUA,0,1.0,0.3478606077826318
Moraga,,256281006,,2-DUA,0,2.0,0.43045047787752483
Moraga,,256282005,,2-DUA,0,2.0,0.44940115498516103
Moraga,,256233009,,2-DUA,0,2.0,0.38112758612119757
Moraga,,256282001,,2-DUA,0,2.0,0.4050465005258878
Moraga,,256300018,,1-DUA,0,1.0,0.5083527361685921
Moraga,,256300017,,1-DUA,0,1.0,0.5734995131750988
Moraga,,256234002,,2-DUA,0,2.0,0.3785918408405872
Moraga,,256234001,,2-DUA,0,2.0,0.38760302916515366
Moraga,,256232013,,2-DUA,0,2.0,0.35754633181799544
Moraga,,256143001,,2-DUA,0,2.0,0.37806523425387534
Moraga,,256232010,,2-DUA,0,2.0,0.3833102028978419
Moraga,,256232009,,2-DUA,0,2.0,0.4975879573971329
Moraga,,256232008,,2-DUA,0,2.0,0.34419093389005956
Moraga,,256232014,,2-DUA,0,2.0,0.3750106693495735
Moraga,,256232016,,2-DUA,0,2.0,0.3486017098121826
Moraga,,256232015,,2-DUA,0,2.0,0.3883255228522224
Moraga,,256232007,,2-DUA,0,2.0,0.3484372444721693
Moraga,,256232006,,2-DUA,0,2.0,0.35064917830084935
Moraga,,256232005,,2-DUA,0,2.0,0.35075523550180715
Moraga,,256232017,,2-DUA,0,2.0,0.3647129917744101
Moraga,,256233006,,2-DUA,0,2.0,0.3704674062517705
Moraga,,256233007,,2-DUA,0,2.0,0.3688063539079914
Moraga,,256233008,,2-DUA,0,2.0,0.37733980746526946
Moraga,,256281013,,2-DUA,0,2.0,0.6339278356093103
Moraga,,256281012,,2-DUA,0,2.0,0.5702121800384369
Moraga,,256281008,,2-DUA,0,2.0,1.7815172231453202
Moraga,,256233003,,2-DUA,0,2.0,0.3980176641475851
Moraga,,256233004,,2-DUA,0,2.0,0.36582183821736725
Moraga,,256233005,,2-DUA,0,2.0,0.3846251920889336
Moraga,,256232018,,2-DUA,0,2.0,0.37224633041943206
Moraga,,256232019,,2-DUA,0,2.0,0.3620188609623599
Moraga,,256232020,,2-DUA,0,2.0,0.3509417449902603
Moraga,,256233002,,2-DUA,0,2.0,0.3843641885301138
Moraga,,256233001,,2-DUA,0,2.0,0.4653879839250734
Moraga,,256232021,,2-DUA,0,2.0,0.0
Moraga,,256232022,,2-DUA,0,2.0,0.0
Moraga,,256242008,,2-DUA,0,2.0,0.0
Moraga,,256242009,,2-DUA,0,2.0,0.0
Moraga,,256261001,,2-DUA,0,2.0,0.0
Moraga,,256232001,,2-DUA,0,2.0,0.0
Moraga,,256232002,,2-DUA,0,2.0,0.0
Moraga,,256232003,,2-DUA,0,2.0,0.3463582431313382
Moraga,,256232004,,2-DUA,0,2.0,0.34895414446059736
Moraga,,256231010,,2-DUA,0,2.0,0.0
Moraga,,256231009,,2-DUA,0,2.0,0.0
Moraga,,256231011,,2-DUA,0,2.0,0.0
Moraga,,256231012,,2-DUA,0,2.0,0.0
Moraga,,256262006,,2-DUA,0,2.0,0.0
Moraga,,256040020,,2-DUA,0,2.0,0.35
Moraga,,256262007,,2-DUA,0,2.0,0.0
Moraga,,256130003,,2-DUA,0,2.0,1.2156154152842933
Moraga,,256130001,,2-DUA,0,2.0,0.0
Moraga,,256231007,,2-DUA,0,2.0,0.359614865593777
Moraga,,256231008,,2-DUA,0,2.0,0.3598142940444085
Moraga,,256231006,,2-DUA,0,2.0,0.4430822106471755
Moraga,,256231004,,2-DUA,0,2.0,0.5588994279581448
Moraga,,256231005,,2-DUA,0,2.0,0.507051748105103
Moraga,,256231003,,2-DUA,0,2.0,0.6163861628738733
Moraga,,256130004,,2-DUA,0,2.0,0.6420508243771261
Moraga,,256061015,,2-DUA,0,2.0,0.78
Moraga,,256130005,,2-DUA,0,2.0,0.6093020637464523
Moraga,,256130006,,2-DUA,0,2.0,0.5855125969396509
Moraga,,256130002,,2-DUA,0,2.0,0.0
Moraga,,256061002,,2-DUA,0,2.0,0.0
Moraga,,256061017,,2-DUA,0,2.0,0.298
Moraga,,256061018,,2-DUA,0,2.0,0.206
Moraga,,256460004,,OS,0,0.0,0.0
Moraga,,256460005,,OS,0,0.0,0.0
Moraga,,256040029,,OS,0,0.0,0.369
Moraga,,256040028,,OS,0,0.0,0.0
Moraga,,256262005,,2-DUA,0,2.0,0.0
Moraga,,256262003,,2-DUA,0,2.0,0.0
Moraga,,256262002,,2-DUA,0,2.0,0.0
Moraga,,256262004,,2-DUA,0,2.0,0.0
Moraga,,256261002,,2-DUA,0,2.0,0.0
Moraga,,256242007,,2-DUA,0,2.0,0.0
Moraga,,256261003,,2-DUA,0,2.0,0.0
Moraga,,256261005,,2-DUA,0,2.0,0.0
Moraga,,256251011,,2-DUA,0,2.0,0.64
Moraga,,256251002,,2-DUA,0,2.0,0.0
Moraga,,256262001,,2-DUA,0,2.0,0.0
Moraga,,256252006,,2-DUA,0,2.0,0.0
Moraga,,256252005,,2-DUA,0,2.0,0.0
Moraga,,256252004,,2-DUA,0,2.0,0.0
Moraga,,256252003,,2-DUA,0,2.0,0.0
Moraga,,256470007,,OS,0,0.0,0.0
Moraga,,256470006,,OS,0,0.0,0.0
Moraga,,256470005,,OS,0,0.0,0.0
Moraga,,256100016,,OSM DT,0,0.0,10.68
Moraga,,256470004,,OS,0,0.0,0.0
Moraga,,256400022,,2-DUA,0,2.0,0.784
Moraga,,256400025,,2-DUA,0,2.0,1.221
Moraga,,256252001,,2-DUA,0,2.0,0.0
Moraga,,256400024,,2-DUA,0,2.0,0.164
Moraga,,256251010,,2-DUA,0,2.0,0.0
Moraga,,256251008,,2-DUA,0,2.0,0.0
Moraga,,256400002,,2-DUA,0,2.0,0.0
Moraga,,256430005,,2-DUA,0,2.0,0.0
Moraga,,256242001,,2-DUA,0,2.0,0.0
Moraga,,256251007,,2-DUA,0,2.0,0.0
Moraga,,256251006,,2-DUA,0,2.0,0.0
Moraga,,256251005,,2-DUA,0,2.0,0.0
Moraga,,256252002,,2-DUA,0,2.0,0.0
Moraga,,256251004,,2-DUA,0,2.0,0.0
Moraga,,256251003,,2-DUA,0,2.0,0.0
Moraga,,256242002,,2-DUA,0,2.0,0.0
Moraga,,256242003,,2-DUA,0,2.0,0.0
Moraga,,256242004,,2-DUA,0,2.0,0.0
Moraga,,256242005,,2-DUA,0,2.0,0.0
Moraga,,256242006,,2-DUA,0,2.0,0.0
Moraga,,256241004,,2-DUA,0,2.0,0.0
Moraga,,256241005,,2-DUA,0,2.0,0.0
Moraga,,256340014,,2-DUA,0,2.0,0.0
Moraga,,256340013,,2-DUA,0,2.0,0.0
Moraga,,256241006,,2-DUA,0,2.0,0.0
Moraga,,256241007,,2-DUA,0,2.0,0.0
Moraga,,256241008,,2-DUA,0,2.0,0.0
Moraga,,256340011,,2-DUA,0,2.0,0.0
Moraga,,256340012,,2-DUA,0,2.0,0.0
Moraga,,256340004,,2-DUA,0,2.0,0.0
Moraga,,256340005,,2-DUA,0,2.0,0.0
Moraga,,256340006,,2-DUA,0,2.0,0.0
Moraga,,256340007,,2-DUA,0,2.0,0.0
Moraga,,256340009,,2-DUA,0,2.0,0.0
Moraga,,256340010,,2-DUA,0,2.0,0.0
Moraga,,256241009,,2-DUA,0,2.0,0.0
Moraga,,256430004,,2-DUA,0,2.0,0.0
Moraga,,256340008,,2-DUA,0,2.0,0.0
Moraga,,256430003,,2-DUA,0,2.0,0.0
Moraga,,256350001,,OS,0,0.0,0.0
Moraga,,256092003,,2-DUA,0,2.0,0.0
Moraga,,256092002,,2-DUA,0,2.0,0.0
Moraga,,256091007,,2-DUA,0,2.0,0.0
Moraga,,256091023,,2-DUA,0,2.0,0.495
Moraga,,256091021,,2-DUA,0,2.0,0.0
Moraga,,256091005,,2-DUA,0,2.0,0.0
Moraga,,256092001,,2-DUA,0,2.0,0.0
Moraga,,256083001,,2-DUA,0,2.0,0.0
Moraga,,256083002,,2-DUA,0,2.0,0.0
Moraga,,256083003,,2-DUA,0,2.0,0.0
Moraga,,256083004,,2-DUA,0,2.0,0.0
Moraga,,256083005,,2-DUA,0,2.0,0.0
Moraga,,256083007,,2-DUA,0,2.0,0.0
Moraga,,256083006,,2-DUA,0,2.0,0.0
Moraga,,256083008,,2-DUA,0,2.0,0.0
Moraga,,256083009,,2-DUA,0,2.0,0.0
Moraga,,256083010,,2-DUA,0,2.0,0.0
Moraga,,256083011,,2-DUA,0,2.0,0.0
Moraga,,256083012,,2-DUA,0,2.0,0.0
Moraga,,256350002,,OS,0,0.0,0.0
Moraga,,256430002,,2-DUA,0,2.0,0.0
Moraga,,256430001,,2-DUA,0,2.0,0.0
Moraga,,256083013,,2-DUA,0,2.0,0.0
Moraga,,256081009,,2-DUA,0,2.0,0.0
Moraga,,256081008,,2-DUA,0,2.0,0.0
Moraga,,256081006,,2-DUA,0,2.0,0.0
Moraga,,256081007,,2-DUA,0,2.0,0.0
Moraga,,256081005,,2-DUA,0,2.0,0.0
Moraga,,256081004,,2-DUA,0,2.0,0.0
Moraga,,256081003,,2-DUA,0,2.0,0.0
Moraga,,256120024,,2-DUA,0,2.0,0.0
Moraga,,256120023,,2-DUA,0,2.0,0.0
Moraga,,256120022,,2-DUA,0,2.0,0.0
Moraga,,256120021,,2-DUA,0,2.0,0.0
Moraga,,256120020,,2-DUA,0,2.0,0.0
Moraga,,256120018,,2-DUA,0,2.0,0.0
Moraga,,256120019,,2-DUA,0,2.0,0.0
Moraga,,256120017,,2-DUA,0,2.0,0.0
Moraga,,256120011,,2-DUA,0,2.0,0.0
Moraga,,256120012,,2-DUA,0,2.0,0.0
Moraga,,256120016,,2-DUA,0,2.0,0.0
Moraga,,256120014,,2-DUA,0,2.0,0.0
Moraga,,256120015,,2-DUA,0,2.0,0.0
Moraga,,256120013,,2-DUA,0,2.0,0.0
Moraga,,256070028,,LC,0,0.0,0.27
Moraga,,256391003,,2-DUA,0,2.0,0.0
Moraga,,256391002,,2-DUA,0,2.0,0.0
Moraga,,256391001,,2-DUA,0,2.0,0.0
Moraga,,256392013,,2-DUA,0,2.0,0.0
Moraga,,256400017,,2-DUA,0,2.0,0.0
Moraga,,256400011,,2-DUA,0,2.0,0.0
Moraga,,256400016,,2-DUA,0,2.0,0.0
Moraga,,256400015,,2-DUA,0,2.0,0.0
Moraga,,256400012,,2-DUA,0,2.0,0.0
Moraga,,256400013,,2-DUA,0,2.0,0.0
Moraga,,256400014,,2-DUA,0,2.0,0.0
Moraga,,256430006,,2-DUA,0,2.0,0.0
Moraga,,256400007,,2-DUA,0,2.0,0.0
Moraga,,256400003,,2-DUA,0,2.0,0.0
Moraga,,256400004,,2-DUA,0,2.0,0.0
Moraga,,256400005,,2-DUA,0,2.0,0.0
Moraga,,256400006,,2-DUA,0,2.0,0.0
Moraga,,256400008,,2-DUA,0,2.0,0.0
Moraga,,256400009,,2-DUA,0,2.0,0.0
Moraga,,256400010,,2-DUA,0,2.0,0.0
Moraga,,256393014,,2-DUA,0,2.0,0.0
Moraga,,256393010,,2-DUA,0,2.0,0.0
Moraga,,256393015,,2-DUA,0,2.0,0.0
Moraga,,256393011,,2-DUA,0,2.0,0.0
Moraga,,256400001,,2-DUA,0,2.0,0.0
Moraga,,256420012,,2-DUA,0,2.0,0.0
Moraga,,256420011,,2-DUA,0,2.0,0.0
Moraga,,256420010,,2-DUA,0,2.0,0.0
Moraga,,256420009,,2-DUA,0,2.0,0.0
Moraga,,256420013,,2-DUA,0,2.0,0.0
Moraga,,256420014,,2-DUA,0,2.0,0.0
Moraga,,256420016,,2-DUA,0,2.0,0.0
Moraga,,256420015,,2-DUA,0,2.0,0.0
Moraga,,256420021,,6-DUA,3,6.0,0.0
Moraga,,256420024,,6-DUA,3,6.0,0.0
Moraga,,256420020,,6-DUA,3,6.0,0.0
Moraga,,256420025,,6-DUA,3,6.0,0.0
Moraga,,256420026,,6-DUA,3,6.0,0.0
Moraga,,256310046,,6-DUA,3,6.0,0.0
Moraga,,256420023,,6-DUA,3,6.0,0.0
Moraga,,256420022,,6-DUA,3,6.0,0.0
Moraga,,256100026,,2-DUA,0,2.0,0.61
Moraga,,256393013,,2-DUA,0,2.0,0.0
Moraga,,256393012,,2-DUA,0,2.0,0.0
Moraga,,256310021,,6-DUA,3,6.0,0.0
Moraga,,256310022,,6-DUA,3,6.0,0.0
Moraga,,256310024,,6-DUA,3,6.0,0.0
Moraga,,256310023,,6-DUA,3,6.0,0.0
Moraga,,256310026,,6-DUA,3,6.0,0.0
Moraga,,256310025,,6-DUA,3,6.0,0.0
Moraga,,256310027,,6-DUA,3,6.0,0.0
Moraga,,256310028,,6-DUA,3,6.0,0.0
Moraga,,256310040,,6-DUA,3,6.0,0.0
Moraga,,256310041,,6-DUA,3,6.0,0.0
Moraga,,256310042,,6-DUA,3,6.0,0.0
Moraga,,256310043,,6-DUA,3,6.0,0.0
Moraga,,256310044,,6-DUA,3,6.0,0.0
Moraga,,256310045,,6-DUA,3,6.0,0.0
Moraga,,256310048,,6-DUA,3,6.0,0.0
Moraga,,256310047,,6-DUA,3,6.0,0.0
Moraga,,256310049,,6-DUA,3,6.0,0.0
Moraga,,256310036,,6-DUA,3,6.0,0.0
Moraga,,256310037,,6-DUA,3,6.0,0.0
Moraga,,256310038,,6-DUA,3,6.0,0.0
Moraga,,256310034,,6-DUA,3,6.0,0.0
Moraga,,256310035,,6-DUA,3,6.0,0.0
Moraga,,256310033,,6-DUA,3,6.0,0.0
Moraga,,256310031,,6-DUA,3,6.0,0.0
Moraga,,256310030,,6-DUA,3,6.0,0.0
Moraga,,256310029,,6-DUA,3,6.0,0.0
Moraga,,256310039,,6-DUA,3,6.0,0.0
Moraga,,256310012,,6-DUA,3,6.0,0.0
Moraga,,256310015,,6-DUA,3,6.0,0.0
Moraga,,256310014,,6-DUA,3,6.0,0.0
Moraga,,256310013,,6-DUA,3,6.0,0.0
Moraga,,256310016,,6-DUA,3,6.0,0.0
Moraga,,256310011,,6-DUA,3,6.0,0.0
Moraga,,256310010,,6-DUA,3,6.0,0.0
Moraga,,256310009,,6-DUA,3,6.0,0.0
Moraga,,256310008,,6-DUA,3,6.0,0.0
Moraga,,256310032,,6-DUA,3,6.0,0.0
Moraga,,256310050,,6-DUA,3,6.0,0.0
Moraga,,256310052,,6-DUA,3,6.0,0.0
Moraga,,256310051,,6-DUA,3,6.0,0.0
Moraga,,256310002,,6-DUA,3,6.0,0.0
Moraga,,256310001,,6-DUA,3,6.0,0.0
Moraga,,256310003,,6-DUA,3,6.0,0.0
Moraga,,256310004,,6-DUA,3,6.0,0.0
Moraga,,256310005,,6-DUA,3,6.0,0.0
Moraga,,256320007,,6-DUA,3,6.0,0.0
Moraga,,256320006,,6-DUA,3,6.0,0.0
Moraga,,256320005,,6-DUA,3,6.0,0.0
Moraga,,256320003,,6-DUA,3,6.0,0.0
Moraga,,256320004,,6-DUA,3,6.0,0.0
Moraga,,256320008,,6-DUA,3,6.0,0.0
Moraga,,256310006,,6-DUA,3,6.0,0.0
Moraga,,256310007,,6-DUA,3,6.0,0.0
Moraga,,256320009,,6-DUA,3,6.0,0.0
Moraga,,256320010,,6-DUA,3,6.0,0.0
Moraga,,256320011,,6-DUA,3,6.0,0.0
Moraga,,256320012,,6-DUA,3,6.0,0.0
Moraga,,256310017,,6-DUA,3,6.0,0.0
Moraga,,256310018,,6-DUA,3,6.0,0.0
Moraga,,256310019,,6-DUA,3,6.0,0.0
Moraga,,256310020,,6-DUA,3,6.0,0.0
Moraga,,256320016,,6-DUA,3,6.0,0.0
Moraga,,256320015,,6-DUA,3,6.0,0.0
Moraga,,256320014,,6-DUA,3,6.0,0.0
Moraga,,256320013,,6-DUA,3,6.0,0.0
Moraga,,256393001,,2-DUA,0,2.0,0.0
Moraga,,256320017,,6-DUA,3,6.0,0.0
Moraga,,256320018,,6-DUA,3,6.0,0.0
Moraga,,256320019,,6-DUA,3,6.0,0.0
Moraga,,256320020,,6-DUA,3,6.0,0.0
Moraga,,256320021,,6-DUA,3,6.0,0.0
Moraga,,256320027,,6-DUA,3,6.0,0.0
Moraga,,256320028,,6-DUA,3,6.0,0.0
Moraga,,256320029,,6-DUA,3,6.0,0.0
Moraga,,256320030,,6-DUA,3,6.0,0.0
Moraga,,256320022,,6-DUA,3,6.0,0.0
Moraga,,256320023,,6-DUA,3,6.0,0.0
Moraga,,256320024,,6-DUA,3,6.0,0.0
Moraga,,256320026,,6-DUA,3,6.0,0.0
Moraga,,256320025,,6-DUA,3,6.0,0.0
Moraga,,256391014,,2-DUA,0,2.0,0.0
Moraga,,256393003,,2-DUA,0,2.0,0.0
Moraga,,256393002,,2-DUA,0,2.0,0.0
Moraga,,256380003,,2-DUA,0,2.0,24.98
Moraga,,256393004,,2-DUA,0,2.0,0.0
Moraga,,256393005,,2-DUA,0,2.0,0.0
Moraga,,256392001,,2-DUA,0,2.0,0.0
Moraga,,256392003,,2-DUA,0,2.0,0.0
Moraga,,256392002,,2-DUA,0,2.0,0.0
Moraga,,256392012,,2-DUA,0,2.0,0.0
Moraga,,256392011,,2-DUA,0,2.0,0.0
Moraga,,256392010,,2-DUA,0,2.0,0.0
Moraga,,256392004,,2-DUA,0,2.0,0.0
Moraga,,256392006,,2-DUA,0,2.0,0.0
Moraga,,256392005,,2-DUA,0,2.0,0.0
Moraga,,256392007,,2-DUA,0,2.0,0.0
Moraga,,256392008,,2-DUA,0,2.0,0.0
Moraga,,256392009,,2-DUA,0,2.0,0.0
Moraga,,256391004,,2-DUA,0,2.0,0.0
Moraga,,256391005,,2-DUA,0,2.0,0.0
Moraga,,256391006,,2-DUA,0,2.0,0.0
Moraga,,256070036,,LC,0,0.0,1.08
Moraga,,256450007,,LC,0,0.0,0.0
Moraga,,256450008,,LC,0,0.0,0.0
Moraga,,256450001,,LC,0,0.0,0.0
Moraga,,256450004,,LC,0,0.0,0.0
Moraga,,256450002,,LC,0,0.0,0.0
Moraga,,256450003,,LC,0,0.0,0.0
Moraga,,256450005,,LC,0,0.0,0.0
Moraga,,256450006,,LC,0,0.0,0.0
Moraga,,256391007,,2-DUA,0,2.0,0.0
Moraga,,256391008,,2-DUA,0,2.0,0.0
Moraga,,256391012,,2-DUA,0,2.0,0.0
Moraga,,256391013,,2-DUA,0,2.0,0.0
Moraga,,256480017,,PD,0,20.0,0.0
Moraga,,256480021,,PD,0,20.0,0.0
Moraga,,256480015,,PD,0,20.0,0.0
Moraga,,256480016,,PD,0,20.0,0.0
Moraga,,256380001,,2-DUA,0,2.0,0.0
Moraga,,256450010,,LC,0,0.0,0.28
Moraga,,256480012,,PD,0,20.0,0.0
Moraga,,256480013,,PD,0,20.0,0.0
Moraga,,256480014,,PD,0,20.0,0.0
Moraga,,256480009,,PD,0,20.0,0.0
Moraga,,256480010,,PD,0,20.0,0.0
Moraga,,256480011,,PD,0,20.0,0.0
Moraga,,256480007,,PD,0,20.0,0.0
Moraga,,256480019,,PD,0,20.0,0.14
Moraga,,256480018,,PD,0,20.0,0.484
Moraga,,256480020,,PD,0,20.0,0.0
Moraga,,256480001,,PD,0,20.0,0.0
Moraga,,256480004,,PD,0,20.0,0.0
Moraga,,256480003,,PD,0,20.0,0.0
Moraga,,256480002,,PD,0,20.0,0.0
Moraga,,256480008,,PD,0,20.0,0.0
Moraga,,256480006,,PD,0,20.0,0.0
Moraga,,256480005,,PD,0,20.0,0.0
Moraga,,256070030,,LC,0,0.0,1.47
Moraga,,256070032,,2-DUA,0,2.0,1.11
Moraga,,256320037,,6-DUA,3,6.0,0.0
Moraga,,256320031,,6-DUA,3,6.0,0.0
Moraga,,256320032,,6-DUA,3,6.0,0.0
Moraga,,256320033,,6-DUA,3,6.0,0.0
Moraga,,256320034,,6-DUA,3,6.0,0.0
Moraga,,256320035,,6-DUA,3,6.0,0.0
Moraga,,256320002,,6-DUA,3,6.0,0.0
Moraga,,256320001,,6-DUA,3,6.0,0.0
Moraga,,256320036,,6-DUA,3,6.0,0.0
Moraga,,256070031,,LC,0,0.0,2.67
Moraga,,255150009,,CC,0,0.0,0.02
Moraga,,256070001,,LC,0,0.0,0.72
Moraga,,256420029,,6-DUA,3,6.0,0.0
Moraga,,256040018,,OS,0,0.0,0.007
Moraga,,256420001,,6-DUA,3,6.0,0.0
Moraga,,256420002,,6-DUA,3,6.0,0.0
Moraga,,256420003,,6-DUA,3,6.0,0.0
Moraga,,256420004,,6-DUA,3,6.0,0.0
Moraga,,256420019,,6-DUA,3,6.0,0.0
Moraga,,256420018,,6-DUA,3,6.0,0.0
Moraga,,256420017,,6-DUA,3,6.0,0.0
Moraga,,256420006,,6-DUA,3,6.0,0.0
Moraga,,256420005,,6-DUA,3,6.0,0.0
Moraga,,256420028,,6-DUA,3,6.0,0.0
Moraga,,256420027,,2-DUA,0,2.0,0.0
Moraga,,256420007,,2-DUA,0,2.0,0.0
Moraga,,256420008,,2-DUA,0,2.0,0.0
Moraga,,256470012,,OS,0,0.0,2.6
Moraga,,256470011,,OS,0,0.0,0.952
Moraga,,256040027,,OS,0,0.0,2.78
Moraga,,256470013,,OS,0,0.0,0.087
Moraga,,256470010,,OS,0,0.0,0.0
Moraga,,256470009,,OS,0,0.0,0.0
Moraga,,256470001,,OS,0,0.0,0.0
Moraga,,256470002,,OS,0,0.0,0.0
Moraga,,256470003,,OS,0,0.0,0.0
Moraga,,256470008,,OS,0,0.0,0.0
Moraga,,256460001,,OS,0,0.0,0.0
Moraga,,256040025,,OSM DT,0,0.0,120.97
Moraga,,256460002,,OS,0,0.0,0.0
Moraga,,256460003,,OS,0,0.0,0.0
Moraga,,256460006,,OS,0,0.0,0.0
Moraga,,256460015,,OS,0,0.0,0.0
Moraga,,256460016,,OS,0,0.0,0.0
Moraga,,256460017,,OS,0,0.0,0.0
Moraga,,256460014,,OS,0,0.0,0.0
Moraga,,256460012,,OS,0,0.0,0.0
Moraga,,256460013,,OS,0,0.0,0.0
Moraga,,256460011,,OS,0,0.0,0.0
Moraga,,256460008,,OS,0,0.0,0.0
Moraga,,256460007,,OS,0,0.0,0.0
Moraga,,256460010,,OS,0,0.0,0.0
Moraga,,256460009,,OS,0,0.0,0.0
Moraga,,256040026,,OS,0,0.0,39.06
Moraga,,256040022,,OSM DT,0,0.0,28.033
Moraga,,256040006,,OSM DT,0,0.0,5.06
Moraga,,237160037,,1-DUA,0,1.0,15.66
Moraga,,237160073,,1-DUA,0,1.0,25.93
Moraga,,256040009,,OSM DT,0,0.0,3.38
Moraga,,258011002,,OSM DT,0,0.0,5.023
Moraga,,258011004,,OSM DT,0,0.0,0.546604837463534
Moraga,,258470045,,1-DUA,0,1.0,1.8734059983962628
Moraga,,258470044,,1-DUA,0,1.0,1.1534167229146344
Moraga,,258470043,,1-DUA,0,1.0,0.9760942244313701
Moraga,,258470042,,1-DUA,0,1.0,1.43
Moraga,,258470026,,1-DUA,0,1.0,0.6758341989835662
Moraga,,258470010,,1-DUA,0,1.0,0.47
Moraga,,258470011,,1-DUA,0,1.0,1.5
Moraga,,258470028,,1-DUA,0,1.0,1.8335426001100537
Moraga,,258470029,,1-DUA,0,1.0,1.6175230165353345
Moraga,,258431004,,1-DUA,0,1.0,1.9052881127910772
Moraga,,258431003,,1-DUA,0,1.0,0.47493885006437664
Moraga,,258470021,,1-DUA,0,1.0,0.8
Moraga,,258470020,,1-DUA,0,1.0,0.34696115779734876
Moraga,,258470017,,1-DUA,0,1.0,0.3499260019180784
Moraga,,258470016,,1-DUA,0,1.0,0.35389447761189363
Moraga,,258470013,,1-DUA,0,1.0,0.3636016635631422
Moraga,,258470012,,1-DUA,0,1.0,0.68
Moraga,,258470014,,1-DUA,0,1.0,0.3598113090697799
Moraga,,258470009,,1-DUA,0,1.0,0.3448691854572849
Moraga,,258470015,,1-DUA,0,1.0,0.36350654978550234
Moraga,,258470001,,1-DUA,0,1.0,0.37088794635843875
Moraga,,258470002,,1-DUA,0,1.0,0.4037317262551656
Moraga,,258461022,,1-DUA,0,1.0,0.35184477964524774
Moraga,,258470024,,1-DUA,0,1.0,0.39349194634020856
Moraga,,258470023,,1-DUA,0,1.0,0.38537022884801087
Moraga,,258470022,,1-DUA,0,1.0,0.4946697201837281
Moraga,,258431002,,1-DUA,0,1.0,0.4059112657417884
Moraga,,258431001,,1-DUA,0,1.0,0.3719241841989062
Moraga,,258433002,,1-DUA,0,1.0,0.33931951277604894
Moraga,,258461001,,1-DUA,0,1.0,0.35343171318620625
Moraga,,258433003,,1-DUA,0,1.0,0.3438670752931668
Moraga,,258462002,,1-DUA,0,1.0,0.3580863504450798
Moraga,,258462001,,1-DUA,0,1.0,0.3580255544938945
Moraga,,258461002,,1-DUA,0,1.0,0.373600557125921
Moraga,,258421014,,1-DUA,0,1.0,0.3870443655465265
Moraga,,258421015,,1-DUA,0,1.0,0.3408031588961924
Moraga,,258433001,,1-DUA,0,1.0,0.37028583227049744
Moraga,,258422002,,1-DUA,0,1.0,0.38904834566966146
Moraga,,258422001,,1-DUA,0,1.0,0.8920487575677977
Moraga,,258432008,,1-DUA,0,1.0,0.7335725409700724
Moraga,,258432007,,1-DUA,0,1.0,0.6119821489528164
Moraga,,258432005,,1-DUA,0,1.0,0.8685343516107357
Moraga,,258432006,,1-DUA,0,1.0,0.6336122230749244
Moraga,,258432004,,1-DUA,0,1.0,0.3720679397180829
Moraga,,258432003,,1-DUA,0,1.0,0.6773936778973407
Moraga,,258432002,,1-DUA,0,1.0,0.49064530811441504
Moraga,,258612003,,Study,0,0.0,1.61
Moraga,,258612004,,Study,0,0.0,3.58
Moraga,,258611009,,Study,0,0.0,1.2192866545720604
Moraga,,258611008,,Study,0,0.0,0.9558978873977633
Moraga,,258612002,,Study,0,0.0,0.98
Moraga,,258432001,,1-DUA,0,1.0,0.3549082413042093
Moraga,,258431005,,1-DUA,0,1.0,1.5498081981601126
Moraga,,258431007,,1-DUA,0,1.0,0.9585917316170793
Moraga,,258611006,,Study,0,0.0,2.24
Moraga,,258611007,,Study,0,0.0,2.17
Moraga,,258611003,,Study,0,0.0,2.78
Moraga,,258611004,,Study,0,0.0,11.67
Moraga,,258611010,,Study,0,0.0,3.533019656313199
Moraga,,258012043,,Study,0,0.0,3.78
Moraga,,258012045,,Study,0,0.0,8.63
Moraga,,258422004,,1-DUA,0,1.0,1.916653999021319
Moraga,,258422018,,Study,0,0.0,1.77
Moraga,,258012036,,Study,0,0.0,6.52
Moraga,,258012037,,Study,0,0.0,17.8
Moraga,,258012038,,Study,0,0.0,11.74
Moraga,,258130002,,Study,0,0.0,10.0
Moraga,,258140001,,Institutional,0,0.0,41.76
Moraga,,258422014,,1-DUA,0,1.0,0.5983045038106912
Moraga,,258422015,,1-DUA,0,1.0,0.35862739869792215
Moraga,,258150005,,Institutional,0,0.0,46.77938485817488
Moraga,,258421001,,1-DUA,0,1.0,0.5644135667853746
Moraga,,258421003,,1-DUA,0,1.0,1.1100854836192457
Moraga,,258421017,,1-DUA,0,1.0,0.4029554542755225
Moraga,,258421002,,1-DUA,0,1.0,0.3502368488507543
Moraga,,258422010,,1-DUA,0,1.0,0.44451175681945343
Moraga,,258422009,,1-DUA,0,1.0,0.3788730322242321
Moraga,,258422008,,1-DUA,0,1.0,0.34226497252550253
Moraga,,258422013,,1-DUA,0,1.0,0.5603757841311566
Moraga,,258422007,,1-DUA,0,1.0,0.3437402731517671
Moraga,,258422006,,1-DUA,0,1.0,0.34435429533525747
Moraga,,258422005,,1-DUA,0,1.0,0.3382395541804242
Moraga,,258422003,,1-DUA,0,1.0,0.3472232934093461
Moraga,,258421010,,1-DUA,0,1.0,0.4203281333883159
Moraga,,258421009,,1-DUA,0,1.0,0.4927115562596168
Moraga,,258421011,,1-DUA,0,1.0,0.3583099710158394
Moraga,,258421013,,1-DUA,0,1.0,0.3532252151209782
Moraga,,258421012,,1-DUA,0,1.0,0.41421251706045625
Moraga,,258461003,,1-DUA,0,1.0,0.37738938283242196
Moraga,,258461004,,1-DUA,0,1.0,0.40727360024495884
Moraga,,258461005,,1-DUA,0,1.0,0.45624145038862746
Moraga,,258461006,,1-DUA,0,1.0,0.394475524062578
Moraga,,258461007,,1-DUA,0,1.0,0.430475254564124
Moraga,,258421008,,1-DUA,0,1.0,0.8711447964160544
Moraga,,258421006,,1-DUA,0,1.0,0.3484464735990032
Moraga,,258421007,,1-DUA,0,1.0,0.3525745617370624
Moraga,,258461009,,1-DUA,0,1.0,0.61
Moraga,,258421016,,1-DUA,0,1.0,0.7016268958546468
Moraga,,258461008,,1-DUA,0,1.0,0.44134163922075287
Moraga,,258461013,,1-DUA,0,1.0,0.34719006942721026
Moraga,,258461021,,1-DUA,0,1.0,0.34497929646029846
Moraga,,258461020,,1-DUA,0,1.0,0.34083338301238586
Moraga,,258461019,,1-DUA,0,1.0,0.42311341853564605
Moraga,,258461018,,1-DUA,0,1.0,0.56
Moraga,,258470003,,1-DUA,0,1.0,0.3605950758915292
Moraga,,258470004,,1-DUA,0,1.0,0.2878226878071315
Moraga,,258470030,,1-DUA,0,1.0,0.5476484584065202
Moraga,,258461016,,1-DUA,0,1.0,1.62
Moraga,,258461017,,1-DUA,0,1.0,0.54
Moraga,,258461025,,1-DUA,0,1.0,1.3138287324785034
Moraga,,258461011,,1-DUA,0,1.0,0.54
Moraga,,258461024,,1-DUA,0,1.0,0.645562663483704
Moraga,,258461012,,1-DUA,0,1.0,0.3690687365212571
Moraga,,258461010,,1-DUA,0,1.0,1.07
Moraga,,258150006,,Institutional,0,0.0,49.71
Moraga,,258150001,,Institutional,0,0.0,9.75
Moraga,,258150007,,Institutional,0,0.0,0.87
Moraga,,258150008,,Institutional,0,0.0,5.51
Moraga,,256061014,,2-DUA,0,2.0,0.3677772864705743
Moraga,,256061013,,2-DUA,0,2.0,0.29750986163751425
Moraga,,258470040,,1-DUA,0,1.0,1.7
Moraga,,258470046,,1-DUA,0,1.0,1.066680171061022
Moraga,,258011006,,OSM DT,0,0.0,1.1
Moraga,,258011005,,OSM DT,0,0.0,1.43
Moraga,,256040021,,OSM DT,0,0.0,16.69
Moraga,,256061008,,2-DUA,0,2.0,0.6140319675887121
Moraga,,256061016,,2-DUA,0,2.0,1.12
Moraga,,256061005,,2-DUA,0,2.0,0.3786707050486132
Moraga,,256061006,,2-DUA,0,2.0,0.5974995421656899
Moraga,,256130007,,2-DUA,0,2.0,0.35410853178440416
Moraga,,256130008,,2-DUA,0,2.0,0.33588659696809536
Moraga,,256061007,,2-DUA,0,2.0,0.7693400803499263
Moraga,,256141004,,2-DUA,0,2.0,0.43638413898600464
Moraga,,256130009,,2-DUA,0,2.0,0.6525875415131794
Moraga,,256231002,,2-DUA,0,2.0,0.5576750993325104
Moraga,,256130010,,2-DUA,0,2.0,0.44842269538727836
Moraga,,256141005,,2-DUA,0,2.0,0.4180307072108573
Moraga,,256141007,,2-DUA,0,2.0,0.7005823915595255
Moraga,,256141006,,2-DUA,0,2.0,0.4485289231463904
Moraga,,256141009,,2-DUA,0,2.0,1.2825739098151627
Moraga,,256141003,,2-DUA,0,2.0,0.616162399784211
Moraga,,256141002,,2-DUA,0,2.0,0.5824327332793984
Moraga,,256061009,,2-DUA,0,2.0,0.6177613795046266
Moraga,,256061010,,2-DUA,0,2.0,0.5550775883987722
Moraga,,256061011,,2-DUA,0,2.0,0.4602531883079948
Moraga,,256141018,,2-DUA,0,2.0,0.5402293058885611
Moraga,,256061012,,2-DUA,0,2.0,0.6481189026461538
Moraga,,256141020,,2-DUA,0,2.0,0.81
Moraga,,256141012,,2-DUA,0,2.0,0.7679654988870668
Moraga,,256141013,,2-DUA,0,2.0,0.5415577992396919
Moraga,,256141014,,2-DUA,0,2.0,0.4487391144216568
Moraga,,256143007,,2-DUA,0,2.0,0.42415236069832296
Moraga,,256143006,,2-DUA,0,2.0,0.36268523177403533
Moraga,,256143009,,2-DUA,0,2.0,0.4353843321539241
Moraga,,256143008,,2-DUA,0,2.0,0.38029983632146824
Moraga,,256143010,,2-DUA,0,2.0,0.4624455946866803
Moraga,,256141019,,2-DUA,0,2.0,0.38
Moraga,,256141008,,2-DUA,0,2.0,0.3992200474786874
Moraga,,256143005,,2-DUA,0,2.0,0.5013236561530958
Moraga,,256143004,,2-DUA,0,2.0,0.5403216107272171
Moraga,,256143011,,2-DUA,0,2.0,0.3978337080234067
Moraga,,256143012,,2-DUA,0,2.0,0.3739848092808285
Moraga,,256130011,,2-DUA,0,2.0,0.3819395476690881
Moraga,,256231001,,2-DUA,0,2.0,0.4319488929587339
Moraga,,256232012,,2-DUA,0,2.0,0.3985434682855917
Moraga,,256232011,,2-DUA,0,2.0,0.3973024979348651
Moraga,,256143002,,2-DUA,0,2.0,0.3722181879615673
Moraga,,256143003,,2-DUA,0,2.0,0.4127142743636582
Moraga,,256142007,,2-DUA,0,2.0,0.46176765494337557
Moraga,,256142006,,2-DUA,0,2.0,0.4661071471582622
Moraga,,256300016,,1-DUA,0,1.0,0.670028276997282
Moraga,,256300015,,1-DUA,0,1.0,0.7216763626940673
Moraga,,256142005,,2-DUA,0,2.0,0.4855674820555808
Moraga,,256142004,,2-DUA,0,2.0,0.4426794247314564
Moraga,,256142002,,2-DUA,0,2.0,0.5327504186403742
Moraga,,256142003,,2-DUA,0,2.0,0.52265499516792
Moraga,,256142001,,2-DUA,0,2.0,0.4172670091192904
Moraga,,256153003,,1-DUA,0,1.0,0.4485336927632005
Moraga,,256152010,,1-DUA,0,1.0,0.40888220691577065
Moraga,,256300014,,1-DUA,0,1.0,1.9955746602555915
Moraga,,256152008,,1-DUA,0,1.0,1.0972281721011599
Moraga,,256300009,,1-DUA,0,1.0,0.5113244299120132
Moraga,,256300007,,1-DUA,0,1.0,0.48029675132777816
Moraga,,256300006,,1-DUA,0,1.0,0.49090495861963185
Moraga,,256152006,,1-DUA,0,1.0,0.5207990706279741
Moraga,,256152009,,1-DUA,0,1.0,0.4502308670712953
Moraga,,256152007,,1-DUA,0,1.0,0.3747645149986159
Moraga,,256151005,,1-DUA,0,1.0,0.39560287531656985
Moraga,,256151004,,1-DUA,0,1.0,0.39201489463065836
Moraga,,256151003,,1-DUA,0,1.0,0.40798787235772865
Moraga,,256153002,,1-DUA,0,1.0,0.46011246330181543
Moraga,,256151001,,1-DUA,0,1.0,0.44269026659241045
Moraga,,256151002,,1-DUA,0,1.0,0.4425533815043557
Moraga,,258150002,,Institutional,0,0.0,3.65
Moraga,,256141017,,2-DUA,0,2.0,0.5215732046746294
Moraga,,256141015,,2-DUA,0,2.0,0.4361549278991028
Moraga,,256141016,,2-DUA,0,2.0,0.4536764880007846
Moraga,,258150004,,Institutional,0,0.0,6.64
Moraga,,258371014,,3-DUA,0,3.0,0.2297358923061334
Moraga,,258371015,,3-DUA,0,3.0,0.6696421133652096
Moraga,,258391009,,3-DUA,0,3.0,0.5
Moraga,,258391008,,3-DUA,0,3.0,1.19
Moraga,,258392001,,3-DUA,0,3.0,0.2582152218353299
Moraga,,258160062,,OSM DT,0,0.0,126.52642920144233
Moraga,,258392002,,3-DUA,0,3.0,0.25270932748187164
Moraga,,258392003,,3-DUA,0,3.0,0.29013608347932507
Moraga,,258392004,,3-DUA,0,3.0,0.2569429400776847
Moraga,,258391002,,3-DUA,0,3.0,0.25044811810501444
Moraga,,258391003,,3-DUA,0,3.0,0.23060227925837484
Moraga,,258371016,,3-DUA,0,3.0,0.4254549760368651
Moraga,,258371018,,3-DUA,0,3.0,0.2301902370727171
Moraga,,258371017,,3-DUA,0,3.0,0.24521006322339123
Moraga,,258371025,,3-DUA,0,3.0,0.2267300174917974
Moraga,,258391001,,3-DUA,0,3.0,0.23968984398812176
Moraga,,258372001,,3-DUA,0,3.0,0.2311065407148116
Moraga,,258372002,,3-DUA,0,3.0,0.23164314065084318
Moraga,,258372003,,3-DUA,0,3.0,0.22854730053830447
Moraga,,258372004,,3-DUA,0,3.0,0.2525482664603124
Moraga,,258371022,,3-DUA,0,3.0,0.24709934566086525
Moraga,,258371020,,3-DUA,0,3.0,0.23124405824818473
Moraga,,258371023,,3-DUA,0,3.0,0.22813637944160894
Moraga,,258371024,,3-DUA,0,3.0,0.2289322250978951
Moraga,,258371021,,3-DUA,0,3.0,0.2256861475346162
Moraga,,258371010,,3-DUA,0,3.0,0.22873544535372917
Moraga,,258371019,,3-DUA,0,3.0,0.23085128432142432
Moraga,,258371011,,3-DUA,0,3.0,0.22943389599829242
Moraga,,258371012,,3-DUA,0,3.0,0.22702208352281958
Moraga,,258371013,,3-DUA,0,3.0,0.22780431076271634
Moraga,,258371008,,3-DUA,0,3.0,0.4563351167923913
Moraga,,258371009,,3-DUA,0,3.0,0.3272537464225784
Moraga,,258371007,,3-DUA,0,3.0,0.2786465038723699
Moraga,,258371006,,3-DUA,0,3.0,0.2644194621799126
Moraga,,258371005,,3-DUA,0,3.0,0.26476887244416425
Moraga,,258371004,,3-DUA,0,3.0,0.26709569043978026
Moraga,,256151006,,1-DUA,0,1.0,0.356510199304406
Moraga,,256151009,,1-DUA,0,1.0,0.46328418650098835
Moraga,,256152005,,1-DUA,0,1.0,0.5631879061791507
Moraga,,256152003,,1-DUA,0,1.0,0.5095207483622037
Moraga,,256152004,,1-DUA,0,1.0,0.5228186554201406
Moraga,,256300005,,1-DUA,0,1.0,1.0825606333973217
Moraga,,256152001,,1-DUA,0,1.0,0.7756011762433891
Moraga,,256152002,,1-DUA,0,1.0,0.4591771244814083
Moraga,,256162011,,1-DUA,0,1.0,0.550808241402753
Moraga,,256151008,,1-DUA,0,1.0,0.6645117216688208
Moraga,,258371003,,3-DUA,0,3.0,0.26385203354923314
Moraga,,258371002,,3-DUA,0,3.0,0.2589190918774695
Moraga,,258371001,,3-DUA,0,3.0,0.25716310452066765
Moraga,,258360016,,1-DUA,0,1.0,2.5
Moraga,,258360015,,3-DUA,0,3.0,0.2843333361388102
Moraga,,256162008,,1-DUA,0,1.0,0.8753729283280909
Moraga,,258360014,,3-DUA,0,3.0,0.2865212752640318
Moraga,,258360010,,1-DUA,0,1.0,0.26142698300267936
Moraga,,258360011,,1-DUA,0,1.0,0.2774075764339387
Moraga,,258360012,,1-DUA,0,1.0,0.28767136260948684
Moraga,,258360013,,1-DUA,0,1.0,0.28427500322376953
Moraga,,258360003,,1-DUA,0,1.0,0.4230528470033225
Moraga,,258360005,,1-DUA,0,1.0,0.4147314261446905
Moraga,,258360004,,1-DUA,0,1.0,0.4371961126357641
Moraga,,258570027,,2-DUA,0,2.0,12.64
Moraga,,258520007,,1-DUA,0,1.0,0.8398413155666199
Moraga,,258520006,,1-DUA,0,1.0,0.5134968005582466
Moraga,,258373005,,3-DUA,0,3.0,0.23046479549251145
Moraga,,258360001,,3-DUA,0,3.0,0.23141760135627837
Moraga,,258360002,,3-DUA,0,3.0,0.2548619845191021
Moraga,,258373004,,3-DUA,0,3.0,0.2594742942680371
Moraga,,258373003,,3-DUA,0,3.0,0.2546599547338199
Moraga,,258372005,,3-DUA,0,3.0,0.2597187275367635
Moraga,,258372006,,3-DUA,0,3.0,0.22953755742361398
Moraga,,258373002,,3-DUA,0,3.0,0.2287732124558295
Moraga,,258372007,,3-DUA,0,3.0,0.2290340999801896
Moraga,,258392005,,3-DUA,0,3.0,0.2631991451839117
Moraga,,258373001,,3-DUA,0,3.0,0.22723323716146882
Moraga,,258393010,,3-DUA,0,3.0,0.29565991996681223
Moraga,,258520008,,1-DUA,0,1.0,0.5073904306386894
Moraga,,258393007,,3-DUA,0,3.0,0.34319470202085267
Moraga,,258393008,,3-DUA,0,3.0,0.3235063878710342
Moraga,,258393009,,3-DUA,0,3.0,0.3074140564242911
Moraga,,258392006,,3-DUA,0,3.0,0.2368630109415138
Moraga,,258392007,,3-DUA,0,3.0,0.23737243557776436
Moraga,,258392008,,3-DUA,0,3.0,0.2360775252666337
Moraga,,258393002,,3-DUA,0,3.0,0.34041491204991703
Moraga,,258392009,,3-DUA,0,3.0,0.24402694032435546
Moraga,,258393001,,3-DUA,0,3.0,0.44538932136149995
Moraga,,258393003,,3-DUA,0,3.0,0.3002851494492725
Moraga,,258581013,,2-DUA,0,2.0,5.35
Moraga,,258393004,,3-DUA,0,3.0,0.40128684842876117
Moraga,,258393006,,3-DUA,0,3.0,0.31880033507899874
Moraga,,258393005,,3-DUA,0,3.0,0.4475320377562379
Moraga,,258570024,,2-DUA,0,2.0,0.1108067976764369
Moraga,,258570025,,2-DUA,0,2.0,0.0796347121761565
Moraga,,258570026,,2-DUA,0,2.0,0.08959870500534514
Moraga,,258570002,,2-DUA,0,2.0,0.10427532228497186
Moraga,,258570001,,2-DUA,0,2.0,0.09623748464737047
Moraga,,258570013,,2-DUA,0,2.0,0.07928994379452994
Moraga,,258570018,,2-DUA,0,2.0,0.07870131727714691
Moraga,,258570017,,2-DUA,0,2.0,0.08348991607733727
Moraga,,258570022,,2-DUA,0,2.0,0.08336730798177128
Moraga,,258570023,,2-DUA,0,2.0,0.09152767445505805
Moraga,,258570019,,2-DUA,0,2.0,0.11809929571399402
Moraga,,258570020,,2-DUA,0,2.0,0.06816826455003205
Moraga,,258570021,,2-DUA,0,2.0,0.09748933727584555
Moraga,,258570016,,2-DUA,0,2.0,0.11760693451607417
Moraga,,258570015,,2-DUA,0,2.0,0.07667174423502612
Moraga,,258360007,,1-DUA,0,1.0,0.3879856661529023
Moraga,,258360006,,1-DUA,0,1.0,0.39189428125778736
Moraga,,258360009,,1-DUA,0,1.0,0.2920682741377964
Moraga,,258360008,,1-DUA,0,1.0,0.3812107700676835
Moraga,,258360018,,1-DUA,0,1.0,0.5733859472610664
Moraga,,258360019,,1-DUA,0,1.0,0.5338890580504358
Moraga,,258360020,,1-DUA,0,1.0,0.5335679744035995
Moraga,,258360025,,1-DUA,0,1.0,2.5732163921896634
Moraga,,258570008,,2-DUA,0,2.0,0.09544833229871628
Moraga,,258570014,,2-DUA,0,2.0,0.09136526501927834
Moraga,,258570012,,2-DUA,0,2.0,0.09556005300816695
Moraga,,258570011,,2-DUA,0,2.0,0.08969921202803317
Moraga,,258570009,,2-DUA,0,2.0,0.0811910864402352
Moraga,,258570010,,2-DUA,0,2.0,0.09635664483877923
Moraga,,258570007,,2-DUA,0,2.0,0.09654500495332434
Moraga,,258570006,,2-DUA,0,2.0,0.1000788317291831
Moraga,,258570005,,2-DUA,0,2.0,0.07724581078020559
Moraga,,258570003,,2-DUA,0,2.0,0.0946820998693307
Moraga,,258570004,,2-DUA,0,2.0,0.10182124303871375
Moraga,,258440084,,6-DUA,3,6.0,0.06454030832428503
Moraga,,258440083,,6-DUA,3,6.0,0.05628199112040977
Moraga,,258440081,,6-DUA,3,6.0,0.06277353066397895
Moraga,,258440079,,6-DUA,3,6.0,0.08496441435539864
Moraga,,258440080,,6-DUA,3,6.0,0.0967769398835616
Moraga,,258440082,,6-DUA,3,6.0,0.061333658901745955
Moraga,,258440078,,6-DUA,3,6.0,0.06433782360162643
Moraga,,258440085,,6-DUA,3,6.0,0.1374757985445282
Moraga,,258440030,,6-DUA,3,6.0,0.1509452166379583
Moraga,,258440090,,6-DUA,3,6.0,0.09889557557798248
Moraga,,258441028,,6-DUA,3,6.0,0.12893736051675245
Moraga,,258441027,,6-DUA,3,6.0,0.12475591566348858
Moraga,,258441021,,6-DUA,3,6.0,0.10002964999002495
Moraga,,258441025,,6-DUA,3,6.0,0.06696049875219155
Moraga,,258441026,,6-DUA,3,6.0,0.06253586872417097
Moraga,,258440101,,6-DUA,3,6.0,0.10702685761544013
Moraga,,258440100,,6-DUA,3,6.0,0.08717552785853233
Moraga,,258440093,,6-DUA,3,6.0,0.0793162017037944
Moraga,,258440092,,6-DUA,3,6.0,0.10248632171794742
Moraga,,258440091,,6-DUA,3,6.0,0.1161954017633894
Moraga,,258440088,,6-DUA,3,6.0,0.07274037865804585
Moraga,,258440087,,6-DUA,3,6.0,0.05792073268530124
Moraga,,258440086,,6-DUA,3,6.0,0.10349080693561859
Moraga,,258440089,,6-DUA,3,6.0,0.13688371950479147
Moraga,,258440094,,6-DUA,3,6.0,0.29923399219756747
Moraga,,258440095,,6-DUA,3,6.0,0.09424425599245301
Moraga,,258440097,,6-DUA,3,6.0,0.16958333736654752
Moraga,,258440096,,6-DUA,3,6.0,0.09251078339100423
Moraga,,258561066,,6-DUA,3,6.0,0.030410129155426593
Moraga,,258561067,,6-DUA,3,6.0,0.030982232591719658
Moraga,,258561090,,6-DUA,3,6.0,7.593134426098242
Moraga,,258561088,,6-DUA,3,6.0,0.029931156904034136
Moraga,,258561087,,6-DUA,3,6.0,0.03105772183736314
Moraga,,258520005,,6-DUA,3,6.0,0.2681671585285084
Moraga,,258561085,,6-DUA,3,6.0,0.031652776668451676
Moraga,,258520003,,2-DUA,0,2.0,4.26
Moraga,,258581008,,2-DUA,0,2.0,0.08866953198287511
Moraga,,258581009,,2-DUA,0,2.0,0.11207063041181785
Moraga,,258582006,,2-DUA,0,2.0,0.08955277719261102
Moraga,,258582007,,2-DUA,0,2.0,0.08109181708413316
Moraga,,258582005,,2-DUA,0,2.0,0.11443211227162443
Moraga,,258582004,,2-DUA,0,2.0,0.10337516702676622
Moraga,,258582008,,2-DUA,0,2.0,7.21
Moraga,,258582003,,2-DUA,0,2.0,0.07347034378556022
Moraga,,258582002,,2-DUA,0,2.0,0.10276990167935701
Moraga,,258581001,,2-DUA,0,2.0,0.0774050228861233
Moraga,,258581002,,2-DUA,0,2.0,0.09970730081580625
Moraga,,258581003,,2-DUA,0,2.0,0.08323463023189889
Moraga,,258581007,,2-DUA,0,2.0,0.08032698436317949
Moraga,,258581006,,2-DUA,0,2.0,0.11170719242721194
Moraga,,258582001,,2-DUA,0,2.0,0.08537565447552456
Moraga,,258581010,,2-DUA,0,2.0,0.08924022109468757
Moraga,,258581005,,2-DUA,0,2.0,0.08952873527909154
Moraga,,258581004,,2-DUA,0,2.0,0.09633396430764839
Moraga,,258581011,,2-DUA,0,2.0,0.10480575238348551
Moraga,,258581012,,2-DUA,0,2.0,0.0817213792720011
Moraga,,258160056,,OSM DT,0,0.0,0.744
Moraga,,258140002,,Institutional,0,0.0,237.4118331352675
Moraga,,258300019,,2-DUA,0,2.0,100.81674613205757
Moraga,,258701005,,2-DUA,0,2.0,1.310666763217936
Moraga,,258300016,,OSM DT,0,0.0,58.73246758133079
Moraga,,258130003,,Study,0,0.0,83.43926339814409
Moraga,,258730035,,OSM DT,0,0.0,1.218
Moraga,,258730033,,OSM DT,0,0.0,1.607
Moraga,,258730023,,OSM DT,0,0.0,1.322
Moraga,,258730020,,OSM DT,0,0.0,1.161
Moraga,,258730029,,OSM DT,0,0.0,0.65
Moraga,,258730021,,OSM DT,0,0.0,1.209
Moraga,,258730027,,OSM DT,0,0.0,1.523602553542307
Moraga,,258730013,,OSM DT,0,0.0,0.6170358902722626
Moraga,,258710014,,OSM DT,0,0.0,0.913897443093459
Moraga,,258730014,,OSM DT,0,0.0,2.7839315646530904
Moraga,,258730009,,OSM DT,0,0.0,1.018066752937734
Moraga,,258710002,,OSM DT,0,0.0,1.0099080913800669
Moraga,,258710003,,OSM DT,0,0.0,1.021020731022482
Moraga,,258710004,,OSM DT,0,0.0,1.6362290459912663
Moraga,,258710008,,OSM DT,0,0.0,1.0352562286753335
Moraga,,258710007,,OSM DT,0,0.0,1.0267173455403547
Moraga,,258710028,,OSM DT,0,0.0,1.064
Moraga,,258710029,,OSM DT,0,0.0,1.393
Moraga,,258710009,,OSM DT,0,0.0,0.942797298993873
Moraga,,258710023,,OSM DT,0,0.0,0.9355256487829193
Moraga,,258710022,,OSM DT,0,0.0,0.9193705140494273
Moraga,,258710024,,OSM DT,0,0.0,1.041
Moraga,,258710026,,OSM DT,0,0.0,0.931
Moraga,,258710025,,OSM DT,0,0.0,0.958
Moraga,,258710010,,OSM DT,0,0.0,0.9294964723571666
Moraga,,258710011,,OSM DT,0,0.0,0.9390141403355202
Moraga,,258710013,,OSM DT,0,0.0,0.9125911133718401
Moraga,,258710012,,OSM DT,0,0.0,0.9325398543043336
Moraga,,258710027,,OSM DT,0,0.0,0.853
Moraga,,258730025,,OSM DT,0,0.0,0.934
Moraga,,258730010,,OSM DT,0,0.0,0.9509000617347906
Moraga,,258730026,,OSM DT,0,0.0,0.934
Moraga,,258720008,,OSM DT,0,0.0,1.022125916768202
Moraga,,258720013,,OSM DT,0,0.0,1.566
Moraga,,258720012,,OSM DT,0,0.0,1.009
Moraga,,258720014,,OSM DT,0,0.0,4.563
Moraga,,258720011,,OSM DT,0,0.0,1.241
Moraga,,258720010,,OSM DT,0,0.0,1.014
Moraga,,258300020,,2-DUA,0,2.0,28.727
Moraga,,258720015,,OSM DT,0,0.0,2.773
Moraga,,258720016,,OSM DT,0,0.0,2.4888534082821416
Moraga,,258730001,,OSM DT,0,0.0,1.0486697012217294
Moraga,,258730019,,OSM DT,0,0.0,1.296
Moraga,,258300017,,OSM DT,0,0.0,34.985
Moraga,,258730034,,OSM DT,0,0.0,1.5
Moraga,,258012023,,Study,0,0.0,125.40713012492813
Moraga,,258012013,,Study,0,0.0,58.5399655210526
Moraga,,258012044,,Study,0,0.0,55.409286063442295
