city,site_address,parcel_id,gp_designation,zoning_code,min_density,max_density,total_acreage
Oakley,,032082016,SP-4,SP-1,0.0,17.0,256.65
Oakley,,032270802,SP-4,SP-1,0.0,17.0,538.18
Oakley,,032081019,Commercial Recreation,SP-1,0.0,17.0,7.12
Oakley,,032082011,SP-4,SP-1,0.0,17.0,8.22
Oakley,,032082010,SP-4,SP-1,0.0,17.0,8.22
Oakley,,032082009,SP-4,SP-1,0.0,17.0,8.22
Oakley,,032082008,SP-4,SP-1,0.0,17.0,8.219
Oakley,,032370058,SP-4,SP-1,0.0,17.0,13.811
Oakley,,032370080,SP-4,SP-1,0.0,17.0,0.0
Oakley,,032370081,SP-4,SP-1,0.0,17.0,0.0
Oakley,,032370060,SP-4,SP-1,0.0,17.0,16.97
Oakley,,032370078,SP-4,SP-1,0.0,17.0,3.34
Oakley,,032370061,SP-4,SP-1,0.0,17.0,14.64
Oakley,,032370079,SP-4,SP-1,0.0,17.0,2.17
Oakley,,032370062,SP-4,SP-1,0.0,17.0,10.29
Oakley,,032370059,SP-4,SP-1,0.0,17.0,22.29
Oakley,,032370064,SP-4,SP-1,0.0,17.0,13.5
Oakley,,032082004,SP-4,SP-1,0.0,17.0,44.2
Oakley,,032082002,SP-4,SP-1,0.0,17.0,0.25
Oakley,,032082015,SP-4,SP-1,0.0,17.0,25.99
Oakley,,032082012,SP-4,SP-1,0.0,17.0,7.75
Oakley,,032082014,SP-4,SP-1,0.0,17.0,0.986
Oakley,,032600014,SP-4,SP-1,0.0,17.0,0.0
Oakley,,032600013,SP-4,SP-1,0.0,17.0,0.0
Oakley,,032600041,SP-4,SP-1,0.0,17.0,0.0
Oakley,,032370056,SP-4,SP-1,0.0,17.0,20.131
Oakley,,032370057,SP-4,SP-1,0.0,17.0,13.128
Oakley,,032610010,SP-4,SP-1,0.0,17.0,0.0
Oakley,,032610011,SP-4,SP-1,0.0,17.0,0.0
Oakley,,032610012,SP-4,SP-1,0.0,17.0,0.0
Oakley,,032610013,SP-4,SP-1,0.0,17.0,0.0
Oakley,,032610014,SP-4,SP-1,0.0,17.0,0.0
Oakley,,032610015,SP-4,SP-1,0.0,17.0,0.0
Oakley,,032610033,SP-4,SP-1,0.0,17.0,0.0
Oakley,,032610034,SP-4,SP-1,0.0,17.0,0.0
Oakley,,032610032,SP-4,SP-1,0.0,17.0,0.0
Oakley,,032610030,SP-4,SP-1,0.0,17.0,0.0
Oakley,,032610031,SP-4,SP-1,0.0,17.0,0.0
Oakley,,032610004,SP-4,SP-1,0.0,17.0,0.0
Oakley,,032610005,SP-4,SP-1,0.0,17.0,0.0
Oakley,,032610006,SP-4,SP-1,0.0,17.0,0.0
Oakley,,032610007,SP-4,SP-1,0.0,17.0,0.0
Oakley,,032610008,SP-4,SP-1,0.0,17.0,0.0
Oakley,,032610009,SP-4,SP-1,0.0,17.0,0.0
Oakley,,032600080,SP-4,SP-1,0.0,17.0,0.0
Oakley,,032600079,SP-4,SP-1,0.0,17.0,0.0
Oakley,,032370071,SP-4,SP-1,0.0,17.0,7.66
Oakley,,032600081,SP-4,SP-1,0.0,17.0,0.0
Oakley,,032600063,SP-4,SP-1,0.0,17.0,0.0
Oakley,,032600062,SP-4,SP-1,0.0,17.0,0.0
Oakley,,032600061,SP-4,SP-1,0.0,17.0,0.0
Oakley,,032600083,SP-4,SP-1,0.0,17.0,0.0
Oakley,,032600084,SP-4,SP-1,0.0,17.0,0.0
Oakley,,032600082,SP-4,SP-1,0.0,17.0,0.0
Oakley,,032600085,SP-4,SP-1,0.0,17.0,0.0
Oakley,,032600086,SP-4,SP-1,0.0,17.0,0.0
Oakley,,032600087,SP-4,SP-1,0.0,17.0,0.0
Oakley,,032600015,SP-4,SP-1,0.0,17.0,0.0
Oakley,,032600016,SP-4,SP-1,0.0,17.0,0.0
Oakley,,032600017,SP-4,SP-1,0.0,17.0,0.0
Oakley,,032600034,SP-4,SP-1,0.0,17.0,0.0
Oakley,,032600018,SP-4,SP-1,0.0,17.0,0.0
Oakley,,032600031,SP-4,SP-1,0.0,17.0,0.0
Oakley,,032600032,SP-4,SP-1,0.0,17.0,0.0
Oakley,,032600033,SP-4,SP-1,0.0,17.0,0.0
Oakley,,032600035,SP-4,SP-1,0.0,17.0,0.0
Oakley,,032600058,SP-4,SP-1,0.0,17.0,0.0
Oakley,,032600059,SP-4,SP-1,0.0,17.0,0.0
Oakley,,032600069,SP-4,SP-1,0.0,17.0,0.0
Oakley,,032600065,SP-4,SP-1,0.0,17.0,0.0
Oakley,,032600060,SP-4,SP-1,0.0,17.0,0.0
Oakley,,032600068,SP-4,SP-1,0.0,17.0,0.0
Oakley,,032600064,SP-4,SP-1,0.0,17.0,0.0
Oakley,,032600066,SP-4,SP-1,0.0,17.0,0.0
Oakley,,032600074,SP-4,SP-1,0.0,17.0,0.0
Oakley,,032600067,SP-4,SP-1,0.0,17.0,0.0
Oakley,,032600073,SP-4,SP-1,0.0,17.0,0.0
Oakley,,032600072,SP-4,SP-1,0.0,17.0,0.0
Oakley,,032600076,SP-4,SP-1,0.0,17.0,0.0
Oakley,,032600078,SP-4,SP-1,0.0,17.0,0.0
Oakley,,032600075,SP-4,SP-1,0.0,17.0,0.0
Oakley,,032600077,SP-4,SP-1,0.0,17.0,0.0
Oakley,,032600042,SP-4,SP-1,0.0,17.0,0.0
Oakley,,032600049,SP-4,SP-1,0.0,17.0,0.0
Oakley,,032600050,SP-4,SP-1,0.0,17.0,0.0
Oakley,,032600051,SP-4,SP-1,0.0,17.0,0.0
Oakley,,032600052,SP-4,SP-1,0.0,17.0,0.0
Oakley,,032600053,SP-4,SP-1,0.0,17.0,0.0
Oakley,,032600045,SP-4,SP-1,0.0,17.0,0.0
Oakley,,032600044,SP-4,SP-1,0.0,17.0,0.0
Oakley,,032600043,SP-4,SP-1,0.0,17.0,0.0
Oakley,,032600040,SP-4,SP-1,0.0,17.0,0.0
Oakley,,032600038,SP-4,SP-1,0.0,17.0,0.0
Oakley,,032600037,SP-4,SP-1,0.0,17.0,0.0
Oakley,,032600039,SP-4,SP-1,0.0,17.0,0.0
Oakley,,032600012,SP-4,SP-1,0.0,17.0,0.0
Oakley,,032600011,SP-4,SP-1,0.0,17.0,0.0
Oakley,,032600010,SP-4,SP-1,0.0,17.0,0.0
Oakley,,032600009,SP-4,SP-1,0.0,17.0,0.0
Oakley,,032600036,SP-4,SP-1,0.0,17.0,0.0
Oakley,,032600047,SP-4,SP-1,0.0,17.0,0.0
Oakley,,032600026,SP-4,SP-1,0.0,17.0,0.0
Oakley,,032600046,SP-4,SP-1,0.0,17.0,0.0
Oakley,,032600048,SP-4,SP-1,0.0,17.0,0.0
Oakley,,032600056,SP-4,SP-1,0.0,17.0,0.0
Oakley,,032600071,SP-4,SP-1,0.0,17.0,0.0
Oakley,,032600054,SP-4,SP-1,0.0,17.0,0.0
Oakley,,032600057,SP-4,SP-1,0.0,17.0,0.0
Oakley,,032600070,SP-4,SP-1,0.0,17.0,0.0
Oakley,,032600055,SP-4,SP-1,0.0,17.0,0.0
Oakley,,032600030,SP-4,SP-1,0.0,17.0,0.0
Oakley,,032600029,SP-4,SP-1,0.0,17.0,0.0
Oakley,,032600027,SP-4,SP-1,0.0,17.0,0.0
Oakley,,032600028,SP-4,SP-1,0.0,17.0,0.0
Oakley,,032600022,SP-4,SP-1,0.0,17.0,0.0
Oakley,,032600021,SP-4,SP-1,0.0,17.0,0.0
Oakley,,032600019,SP-4,SP-1,0.0,17.0,0.0
Oakley,,032600020,SP-4,SP-1,0.0,17.0,0.0
Oakley,,032600023,SP-4,SP-1,0.0,17.0,0.0
Oakley,,032600024,SP-4,SP-1,0.0,17.0,0.0
Oakley,,032600089,SP-4,SP-1,0.0,17.0,1.17
Oakley,,032600002,SP-4,SP-1,0.0,17.0,0.0
Oakley,,032600001,SP-4,SP-1,0.0,17.0,0.0
Oakley,,032600003,SP-4,SP-1,0.0,17.0,0.0
Oakley,,032600005,SP-4,SP-1,0.0,17.0,0.0
Oakley,,032600004,SP-4,SP-1,0.0,17.0,0.0
Oakley,,032600025,SP-4,SP-1,0.0,17.0,0.0
Oakley,,032600007,SP-4,SP-1,0.0,17.0,0.0
Oakley,,032600006,SP-4,SP-1,0.0,17.0,0.0
Oakley,,032600008,SP-4,SP-1,0.0,17.0,0.0
Oakley,,032370052,SP-4,SP-1,0.0,17.0,15.7
Oakley,,032660028,SP-4,SP-1,0.0,17.0,0.0
Oakley,,032660029,SP-4,SP-1,0.0,17.0,0.0
Oakley,,032660030,SP-4,SP-1,0.0,17.0,0.0
Oakley,,032660031,SP-4,SP-1,0.0,17.0,0.0
Oakley,,032660032,SP-4,SP-1,0.0,17.0,0.0
Oakley,,032610001,SP-4,SP-1,0.0,17.0,0.0
Oakley,,032600088,SP-4,SP-1,0.0,17.0,0.0
Oakley,,032610002,SP-4,SP-1,0.0,17.0,0.0
Oakley,,032660033,SP-4,SP-1,0.0,17.0,0.0
Oakley,,032660035,SP-4,SP-1,0.0,17.0,0.0
Oakley,,032660037,SP-4,SP-1,0.0,17.0,0.0
Oakley,,032660036,SP-4,SP-1,0.0,17.0,0.0
Oakley,,032610053,SP-4,SP-1,0.0,17.0,1.96
Oakley,,032610027,SP-4,SP-1,0.0,17.0,0.0
Oakley,,032610003,SP-4,SP-1,0.0,17.0,0.0
Oakley,,032610029,SP-4,SP-1,0.0,17.0,0.0
Oakley,,032610028,SP-4,SP-1,0.0,17.0,0.0
Oakley,,032610037,SP-4,SP-1,0.0,17.0,0.0
Oakley,,032610036,SP-4,SP-1,0.0,17.0,0.0
Oakley,,032610035,SP-4,SP-1,0.0,17.0,0.0
Oakley,,032610046,SP-4,SP-1,0.0,17.0,0.0
Oakley,,032610047,SP-4,SP-1,0.0,17.0,0.0
Oakley,,032610044,SP-4,SP-1,0.0,17.0,0.0
Oakley,,032610045,SP-4,SP-1,0.0,17.0,0.0
Oakley,,032610038,SP-4,SP-1,0.0,17.0,0.0
Oakley,,032660053,SP-4,SP-1,0.0,17.0,0.0
Oakley,,032660054,SP-4,SP-1,0.0,17.0,0.0
Oakley,,032660055,SP-4,SP-1,0.0,17.0,0.0
Oakley,,032660038,SP-4,SP-1,0.0,17.0,0.0
Oakley,,032660039,SP-4,SP-1,0.0,17.0,0.0
Oakley,,032660040,SP-4,SP-1,0.0,17.0,0.0
Oakley,,032660034,SP-4,SP-1,0.0,17.0,0.0
Oakley,,032660024,SP-4,SP-1,0.0,17.0,0.0
Oakley,,032660041,SP-4,SP-1,0.0,17.0,0.0
Oakley,,032660022,SP-4,SP-1,0.0,17.0,0.0
Oakley,,032660021,SP-4,SP-1,0.0,17.0,0.0
Oakley,,032660020,SP-4,SP-1,0.0,17.0,0.0
Oakley,,032660042,SP-4,SP-1,0.0,17.0,0.0
Oakley,,032660043,SP-4,SP-1,0.0,17.0,0.0
Oakley,,032660044,SP-4,SP-1,0.0,17.0,0.0
Oakley,,032660045,SP-4,SP-1,0.0,17.0,0.0
Oakley,,032660017,SP-4,SP-1,0.0,17.0,0.0
Oakley,,032660018,SP-4,SP-1,0.0,17.0,0.0
Oakley,,032660019,SP-4,SP-1,0.0,17.0,0.0
Oakley,,032660023,SP-4,SP-1,0.0,17.0,0.0
Oakley,,032660025,SP-4,SP-1,0.0,17.0,0.0
Oakley,,032660026,SP-4,SP-1,0.0,17.0,0.0
Oakley,,032660027,SP-4,SP-1,0.0,17.0,0.0
Oakley,,032370073,SP-4,SP-1,0.0,17.0,4.34
Oakley,,032370074,SP-4,SP-1,0.0,17.0,0.0
Oakley,,032370012,SP-4,SP-1,0.0,17.0,1.0
Oakley,,032370037,SP-4,SP-1,0.0,17.0,1.33
Oakley,,032370011,SP-4,SP-1,0.0,17.0,2.54
Oakley,,032370032,SP-4,SP-1,0.0,17.0,25.845055449216453
Oakley,,032380013,SP-4,SP-1,0.0,17.0,0.34661228054698245
Oakley,,032380012,SP-4,SP-1,0.0,17.0,0.3469180191696275
Oakley,,032380016,SP-4,SP-1,0.0,17.0,0.24956279695603756
Oakley,,032380015,SP-4,SP-1,0.0,17.0,0.2612518356803327
Oakley,,032380014,SP-4,SP-1,0.0,17.0,0.2817745755329701
Oakley,,032380017,SP-4,SP-1,0.0,17.0,0.26
Oakley,,032380018,SP-4,SP-1,0.0,17.0,0.26100959751885267
Oakley,,032380019,SP-4,SP-1,0.0,17.0,0.26442026678403113
Oakley,,032380020,SP-4,SP-1,0.0,17.0,0.2619283344499914
Oakley,,032380021,SP-4,SP-1,0.0,17.0,0.2592052430261112
Oakley,,032450005,SP-4,SP-1,0.0,17.0,0.3654123241430062
Oakley,,032450006,SP-4,SP-1,0.0,17.0,0.27332470687787813
Oakley,,032450007,SP-4,SP-1,0.0,17.0,0.26998512089605503
Oakley,,032450008,SP-4,SP-1,0.0,17.0,0.26456759963981796
Oakley,,032450022,SP-4,SP-1,0.0,17.0,0.23943126859331065
Oakley,,032450023,SP-4,SP-1,0.0,17.0,0.20942271549742789
Oakley,,032450027,SP-4,SP-1,0.0,17.0,0.1365250619173477
Oakley,,032450026,SP-4,SP-1,0.0,17.0,0.1316325874882572
Oakley,,032450025,SP-4,SP-1,0.0,17.0,0.21399987019360692
Oakley,,032450024,SP-4,SP-1,0.0,17.0,0.2913610401084668
Oakley,,032450004,SP-4,SP-1,0.0,17.0,0.26687438103512545
Oakley,,032450003,SP-4,SP-1,0.0,17.0,0.3100347591801895
Oakley,,032450002,SP-4,SP-1,0.0,17.0,0.2496545067559212
Oakley,,032450051,SP-4,SP-1,0.0,17.0,0.2715455603977827
Oakley,,032450001,SP-4,SP-1,0.0,17.0,0.3038093002601408
Oakley,,032660011,SP-4,SP-1,0.0,17.0,0.0
Oakley,,032660010,SP-4,SP-1,0.0,17.0,0.12406222633658062
Oakley,,032630088,SP-4,SP-1,0.0,17.0,0.0854436682236109
Oakley,,032630010,SP-4,SP-1,0.0,17.0,0.14977922180444664
Oakley,,032630009,SP-4,SP-1,0.0,17.0,0.14608887793112985
Oakley,,032630011,SP-4,SP-1,0.0,17.0,0.15359091444472633
Oakley,,032630058,SP-4,SP-1,0.0,17.0,0.0
Oakley,,032630059,SP-4,SP-1,0.0,17.0,0.0
Oakley,,032630013,SP-4,SP-1,0.0,17.0,0.16136465073857129
Oakley,,032630012,SP-4,SP-1,0.0,17.0,0.15746711457402435
Oakley,,032450050,SP-4,SP-1,0.0,17.0,0.19845443162828674
Oakley,,032450049,SP-4,SP-1,0.0,17.0,0.16599977210830705
Oakley,,032450048,SP-4,SP-1,0.0,17.0,0.1491965183438185
Oakley,,032450047,SP-4,SP-1,0.0,17.0,0.1362911724782435
Oakley,,032450044,SP-4,SP-1,0.0,17.0,0.1325771774287097
Oakley,,032450045,SP-4,SP-1,0.0,17.0,0.13257558803478559
Oakley,,032450046,SP-4,SP-1,0.0,17.0,0.1325763399668421
Oakley,,032630014,SP-4,SP-1,0.0,17.0,0.16526689051840762
Oakley,,032630016,SP-4,SP-1,0.0,17.0,0.17308179637445972
Oakley,,032630015,SP-4,SP-1,0.0,17.0,0.1691734537797234
Oakley,,032630060,SP-4,SP-1,0.0,17.0,0.0
Oakley,,032630061,SP-4,SP-1,0.0,17.0,0.0
Oakley,,032630076,SP-4,SP-1,0.0,17.0,0.0
Oakley,,032630077,SP-4,SP-1,0.0,17.0,0.0
Oakley,,032630068,SP-4,SP-1,0.0,17.0,0.16570042270362761
Oakley,,032630069,SP-4,SP-1,0.0,17.0,0.14525951450115313
Oakley,,032630017,SP-4,SP-1,0.0,17.0,0.17699185223034897
Oakley,,032630018,SP-4,SP-1,0.0,17.0,0.18090005363082068
Oakley,,032630070,SP-4,SP-1,0.0,17.0,0.14523344427983284
Oakley,,032630075,SP-4,SP-1,0.0,17.0,0.0
Oakley,,032630074,SP-4,SP-1,0.0,17.0,0.0
Oakley,,032630081,SP-4,SP-1,0.0,17.0,0.0
Oakley,,032630079,SP-4,SP-1,0.0,17.0,0.0
Oakley,,032630078,SP-4,SP-1,0.0,17.0,0.0
Oakley,,032630062,SP-4,SP-1,0.0,17.0,0.0
Oakley,,032630057,SP-4,SP-1,0.0,17.0,0.0
Oakley,,032630063,SP-4,SP-1,0.0,17.0,0.0
Oakley,,032630055,SP-4,SP-1,0.0,17.0,0.0
Oakley,,032630064,SP-4,SP-1,0.0,17.0,0.0
Oakley,,032630065,SP-4,SP-1,0.0,17.0,0.0
Oakley,,032630052,SP-4,SP-1,0.0,17.0,0.0
Oakley,,032630066,SP-4,SP-1,0.0,17.0,0.0
Oakley,,032630001,SP-4,SP-1,0.0,17.0,0.0
Oakley,,032630002,SP-4,SP-1,0.0,17.0,0.0
Oakley,,032630053,SP-4,SP-1,0.0,17.0,0.0
Oakley,,032630054,SP-4,SP-1,0.0,17.0,0.0
Oakley,,032630004,SP-4,SP-1,0.0,17.0,0.0
Oakley,,032630005,SP-4,SP-1,0.0,17.0,0.0
Oakley,,032630056,SP-4,SP-1,0.0,17.0,0.0
Oakley,,032630007,SP-4,SP-1,0.0,17.0,0.0
Oakley,,032630006,SP-4,SP-1,0.0,17.0,0.0
Oakley,,032630008,SP-4,SP-1,0.0,17.0,0.0
Oakley,,032660006,SP-4,SP-1,0.0,17.0,0.0
Oakley,,032660007,SP-4,SP-1,0.0,17.0,0.0
Oakley,,032660008,SP-4,SP-1,0.0,17.0,0.0
Oakley,,032630087,SP-4,SP-1,0.0,17.0,0.406
Oakley,,032660009,SP-4,SP-1,0.0,17.0,0.0
Oakley,,032660012,SP-4,SP-1,0.0,17.0,0.0
Oakley,,032660013,SP-4,SP-1,0.0,17.0,0.0
Oakley,,032660015,SP-4,SP-1,0.0,17.0,0.0
Oakley,,032660014,SP-4,SP-1,0.0,17.0,0.0
Oakley,,032660016,SP-4,SP-1,0.0,17.0,0.0
Oakley,,032660047,SP-4,SP-1,0.0,17.0,0.0
Oakley,,032660046,SP-4,SP-1,0.0,17.0,0.0
Oakley,,032660048,SP-4,SP-1,0.0,17.0,0.0
Oakley,,032660049,SP-4,SP-1,0.0,17.0,0.0
Oakley,,032660005,SP-4,SP-1,0.0,17.0,0.0
Oakley,,032660004,SP-4,SP-1,0.0,17.0,0.0
Oakley,,032630003,SP-4,SP-1,0.0,17.0,0.0
Oakley,,032660003,SP-4,SP-1,0.0,17.0,0.0
Oakley,,032660001,SP-4,SP-1,0.0,17.0,0.0
Oakley,,032660002,SP-4,SP-1,0.0,17.0,0.0
Oakley,,032370050,SP-4,SP-1,0.0,17.0,15.32
Oakley,,032610026,SP-4,SP-1,0.0,17.0,0.0
Oakley,,032660050,SP-4,SP-1,0.0,17.0,0.0
Oakley,,032660051,SP-4,SP-1,0.0,17.0,0.0
Oakley,,032660052,SP-4,SP-1,0.0,17.0,0.0
Oakley,,032610043,SP-4,SP-1,0.0,17.0,0.0
Oakley,,032610042,SP-4,SP-1,0.0,17.0,0.0
Oakley,,032610041,SP-4,SP-1,0.0,17.0,0.0
Oakley,,032610040,SP-4,SP-1,0.0,17.0,0.0
Oakley,,032610050,SP-4,SP-1,0.0,17.0,0.0
Oakley,,032610048,SP-4,SP-1,0.0,17.0,0.0
Oakley,,032610049,SP-4,SP-1,0.0,17.0,0.0
Oakley,,032610018,SP-4,SP-1,0.0,17.0,0.0
Oakley,,032610051,SP-4,SP-1,0.0,17.0,0.0
Oakley,,032610039,SP-4,SP-1,0.0,17.0,0.0
Oakley,,032610052,SP-4,SP-1,0.0,17.0,0.0
Oakley,,032610023,SP-4,SP-1,0.0,17.0,0.0
Oakley,,032610022,SP-4,SP-1,0.0,17.0,0.0
Oakley,,032610019,SP-4,SP-1,0.0,17.0,0.0
Oakley,,032610020,SP-4,SP-1,0.0,17.0,0.0
Oakley,,032610021,SP-4,SP-1,0.0,17.0,0.0
Oakley,,032610024,SP-4,SP-1,0.0,17.0,0.0
Oakley,,032610025,SP-4,SP-1,0.0,17.0,0.0
Oakley,,032630067,SP-4,SP-1,0.0,17.0,0.0
Oakley,,032630084,SP-4,SP-1,0.0,17.0,0.0
Oakley,,032630083,SP-4,SP-1,0.0,17.0,0.0
Oakley,,032630080,SP-4,SP-1,0.0,17.0,0.0
Oakley,,032630082,SP-4,SP-1,0.0,17.0,0.0
Oakley,,032630086,SP-4,SP-1,0.0,17.0,0.0
Oakley,,032630050,SP-4,SP-1,0.0,17.0,0.0
Oakley,,032630085,SP-4,SP-1,0.0,17.0,0.0
Oakley,,032620013,SP-4,SP-1,0.0,17.0,0.0
Oakley,,032620063,SP-4,SP-1,0.0,17.0,0.0
Oakley,,032620012,SP-4,SP-1,0.0,17.0,0.0
Oakley,,032620011,SP-4,SP-1,0.0,17.0,0.0
Oakley,,032620009,SP-4,SP-1,0.0,17.0,0.0
Oakley,,032620041,SP-4,SP-1,0.0,17.0,0.0
Oakley,,032620010,SP-4,SP-1,0.0,17.0,0.0
Oakley,,032620034,SP-4,SP-1,0.0,17.0,0.0
Oakley,,032620062,SP-4,SP-1,0.0,17.0,0.0
Oakley,,032620032,SP-4,SP-1,0.0,17.0,0.0
Oakley,,032620039,SP-4,SP-1,0.0,17.0,0.0
Oakley,,032620033,SP-4,SP-1,0.0,17.0,0.0
Oakley,,032620040,SP-4,SP-1,0.0,17.0,0.0
Oakley,,032620030,SP-4,SP-1,0.0,17.0,0.0
Oakley,,032620056,SP-4,SP-1,0.0,17.0,0.0
Oakley,,032620057,SP-4,SP-1,0.0,17.0,0.0
Oakley,,032620031,SP-4,SP-1,0.0,17.0,0.0
Oakley,,032620058,SP-4,SP-1,0.0,17.0,0.0
Oakley,,032620059,SP-4,SP-1,0.0,17.0,0.0
Oakley,,032620060,SP-4,SP-1,0.0,17.0,0.0
Oakley,,032620061,SP-4,SP-1,0.0,17.0,0.0
Oakley,,032370070,SP-4,SP-1,0.0,17.0,2.5
Oakley,,032370068,SP-4,SP-1,0.0,17.0,0.0
Oakley,,032370069,SP-4,SP-1,0.0,17.0,0.0
Oakley,,032610017,SP-4,SP-1,0.0,17.0,0.0
Oakley,,032610016,SP-4,SP-1,0.0,17.0,0.0
Oakley,,032370067,SP-4,SP-1,0.0,17.0,12.34
Oakley,,032370066,SP-4,SP-1,0.0,17.0,19.36
Oakley,,032370065,SP-4,SP-1,0.0,17.0,22.76
Oakley,,032620054,SP-4,SP-1,0.0,17.0,0.0
Oakley,,032620053,SP-4,SP-1,0.0,17.0,0.0
Oakley,,032620055,SP-4,SP-1,0.0,17.0,0.0
Oakley,,032370040,SP-4,SP-1,0.0,17.0,5.74
Oakley,,032370041,SP-4,SP-1,0.0,17.0,1.27
Oakley,,032370042,SP-4,SP-1,0.0,17.0,6.98
Oakley,,032620050,SP-4,SP-1,0.0,17.0,0.0
Oakley,,032620051,SP-4,SP-1,0.0,17.0,0.0
Oakley,,032620052,SP-4,SP-1,0.0,17.0,0.0
Oakley,,032620049,SP-4,SP-1,0.0,17.0,0.0
Oakley,,032620028,SP-4,SP-1,0.0,17.0,0.0
Oakley,,032620027,SP-4,SP-1,0.0,17.0,0.0
Oakley,,032620048,SP-4,SP-1,0.0,17.0,0.0
Oakley,,032620026,SP-4,SP-1,0.0,17.0,0.0
Oakley,,032620046,SP-4,SP-1,0.0,17.0,0.0
Oakley,,032620047,SP-4,SP-1,0.0,17.0,0.0
Oakley,,032370043,SP-4,SP-1,0.0,17.0,4.13
Oakley,,032370046,SP-4,SP-1,0.0,17.0,6.23
Oakley,,032340012,SP-4,SP-1,0.0,17.0,1.935
Oakley,,032370055,SP-4,SP-1,0.0,17.0,9.97
Oakley,,032370019,SP-4,SP-1,0.0,17.0,6.77
Oakley,,032370006,SP-4,SP-1,0.0,17.0,0.789
Oakley,,032620042,SP-4,SP-1,0.0,17.0,0.0
Oakley,,032620043,SP-4,SP-1,0.0,17.0,0.0
Oakley,,032620044,SP-4,SP-1,0.0,17.0,0.0
Oakley,,032620023,SP-4,SP-1,0.0,17.0,0.0
Oakley,,032620021,SP-4,SP-1,0.0,17.0,0.0
Oakley,,032620022,SP-4,SP-1,0.0,17.0,0.0
Oakley,,032620019,SP-4,SP-1,0.0,17.0,0.0
Oakley,,032620036,SP-4,SP-1,0.0,17.0,0.0
Oakley,,032620020,SP-4,SP-1,0.0,17.0,0.0
Oakley,,032620045,SP-4,SP-1,0.0,17.0,0.0
Oakley,,032620025,SP-4,SP-1,0.0,17.0,0.0
Oakley,,032620037,SP-4,SP-1,0.0,17.0,0.0
Oakley,,032620024,SP-4,SP-1,0.0,17.0,0.0
Oakley,,032620029,SP-4,SP-1,0.0,17.0,0.0
Oakley,,032620038,SP-4,SP-1,0.0,17.0,0.0
Oakley,,032620035,SP-4,SP-1,0.0,17.0,0.0
Oakley,,032620018,SP-4,SP-1,0.0,17.0,0.0
Oakley,,032620016,SP-4,SP-1,0.0,17.0,0.0
Oakley,,032620006,SP-4,SP-1,0.0,17.0,0.0
Oakley,,032620015,SP-4,SP-1,0.0,17.0,0.0
Oakley,,032620014,SP-4,SP-1,0.0,17.0,0.0
Oakley,,032620008,SP-4,SP-1,0.0,17.0,0.0
Oakley,,032620007,SP-4,SP-1,0.0,17.0,0.0
Oakley,,032620004,SP-4,SP-1,0.0,17.0,0.0
Oakley,,032620003,SP-4,SP-1,0.0,17.0,0.0
Oakley,,032370072,SP-4,SP-1,0.0,17.0,3.93
Oakley,,032620005,SP-4,SP-1,0.0,17.0,0.0
Oakley,,032620017,SP-4,SP-1,0.0,17.0,0.0
Oakley,,032620001,SP-4,SP-1,0.0,17.0,0.0
Oakley,,032620002,SP-4,SP-1,0.0,17.0,0.0
Oakley,,032630036,SP-4,SP-1,0.0,17.0,0.0
Oakley,,032630035,SP-4,SP-1,0.0,17.0,0.0
Oakley,,032630034,SP-4,SP-1,0.0,17.0,0.0
Oakley,,032630038,SP-4,SP-1,0.0,17.0,0.0
Oakley,,032630037,SP-4,SP-1,0.0,17.0,0.0
Oakley,,032630051,SP-4,SP-1,0.0,17.0,0.0
Oakley,,032630049,SP-4,SP-1,0.0,17.0,0.0
Oakley,,032630047,SP-4,SP-1,0.0,17.0,0.0
Oakley,,032630048,SP-4,SP-1,0.0,17.0,0.0
Oakley,,032630040,SP-4,SP-1,0.0,17.0,0.0
Oakley,,032630041,SP-4,SP-1,0.0,17.0,0.15426941328539343
Oakley,,032630029,SP-4,SP-1,0.0,17.0,0.16504547158647137
Oakley,,032630030,SP-4,SP-1,0.0,17.0,0.1650557707910149
Oakley,,032630031,SP-4,SP-1,0.0,17.0,0.165032877205561
Oakley,,032630032,SP-4,SP-1,0.0,17.0,0.0
Oakley,,032630039,SP-4,SP-1,0.0,17.0,0.0
Oakley,,032630033,SP-4,SP-1,0.0,17.0,0.0
Oakley,,032630028,SP-4,SP-1,0.0,17.0,0.16392846816272608
Oakley,,032340015,SP-4,SP-1,0.0,17.0,3.235
Oakley,,032470042,SP-4,SP-1,0.0,17.0,0.1952269358172712
Oakley,,032470044,SP-4,SP-1,0.0,17.0,0.18817526333515305
Oakley,,032470043,SP-4,SP-1,0.0,17.0,0.18007380049693394
Oakley,,032470032,SP-4,SP-1,0.0,17.0,0.21372816631032487
Oakley,,032470031,SP-4,SP-1,0.0,17.0,0.213729911803892
Oakley,,032470046,SP-4,SP-1,0.0,17.0,0.206214982517294
Oakley,,032470045,SP-4,SP-1,0.0,17.0,0.17793514809017588
Oakley,,032340017,SP-4,SP-1,0.0,17.0,1.141
Oakley,,032470028,SP-4,SP-1,0.0,17.0,0.3395048240948349
Oakley,,032470027,SP-4,SP-1,0.0,17.0,0.3255248648760777
Oakley,,032470029,SP-4,SP-1,0.0,17.0,0.22623155184325314
Oakley,,032470030,SP-4,SP-1,0.0,17.0,0.1993106328431659
Oakley,,032470010,SP-4,SP-1,0.0,17.0,0.15071074908955462
Oakley,,032470011,SP-4,SP-1,0.0,17.0,0.15149894668740835
Oakley,,032470012,SP-4,SP-1,0.0,17.0,0.15455993137269175
Oakley,,032470013,SP-4,SP-1,0.0,17.0,0.1787502092807245
Oakley,,032470015,SP-4,SP-1,0.0,17.0,0.29619298538719196
Oakley,,032470014,SP-4,SP-1,0.0,17.0,0.23756783641195758
Oakley,,032460031,SP-4,SP-1,0.0,17.0,0.12933260229068647
Oakley,,032460030,SP-4,SP-1,0.0,17.0,0.13944566379577505
Oakley,,032460029,SP-4,SP-1,0.0,17.0,0.140588096038391
Oakley,,032460024,SP-4,SP-1,0.0,17.0,0.18395537367328893
Oakley,,032460028,SP-4,SP-1,0.0,17.0,0.14172670398775863
Oakley,,032460027,SP-4,SP-1,0.0,17.0,0.14434886482004372
Oakley,,032470018,SP-4,SP-1,0.0,17.0,0.2413809445381573
Oakley,,032470017,SP-4,SP-1,0.0,17.0,0.27191339915620505
Oakley,,032470016,SP-4,SP-1,0.0,17.0,0.32600819267445397
Oakley,,032370075,SP-4,SP-1,0.0,17.0,0.15556810384067557
Oakley,,032370077,SP-4,SP-1,0.0,17.0,10.62
Oakley,,032370076,SP-4,SP-1,0.0,17.0,0.17577519474529532
Oakley,,032630027,SP-4,SP-1,0.0,17.0,0.19455069404132933
Oakley,,032630026,SP-4,SP-1,0.0,17.0,0.2743349030293697
Oakley,,032630025,SP-4,SP-1,0.0,17.0,0.2270058300102705
Oakley,,032630024,SP-4,SP-1,0.0,17.0,0.18156759215502621
Oakley,,032630042,SP-4,SP-1,0.0,17.0,0.15433013973181486
Oakley,,032630045,SP-4,SP-1,0.0,17.0,0.15451010258857317
Oakley,,032630046,SP-4,SP-1,0.0,17.0,0.15448862286938606
Oakley,,032630043,SP-4,SP-1,0.0,17.0,0.17602494605781954
Oakley,,032630072,SP-4,SP-1,0.0,17.0,0.16556818060606623
Oakley,,032630073,SP-4,SP-1,0.0,17.0,0.1655596768319469
Oakley,,032630044,SP-4,SP-1,0.0,17.0,0.1735038694213022
Oakley,,032630071,SP-4,SP-1,0.0,17.0,0.14520286427052978
Oakley,,032630019,SP-4,SP-1,0.0,17.0,0.18480760814051622
Oakley,,032630020,SP-4,SP-1,0.0,17.0,0.18871515774550535
Oakley,,032630021,SP-4,SP-1,0.0,17.0,0.19260242841957484
Oakley,,032630022,SP-4,SP-1,0.0,17.0,0.1909473870954752
Oakley,,032630023,SP-4,SP-1,0.0,17.0,0.1867158824250708
Oakley,,032450040,SP-4,SP-1,0.0,17.0,0.16270962119596066
Oakley,,032450039,SP-4,SP-1,0.0,17.0,0.18541654025207935
Oakley,,032450041,SP-4,SP-1,0.0,17.0,0.1521581868941944
Oakley,,032450043,SP-4,SP-1,0.0,17.0,0.13966266454861914
Oakley,,032450042,SP-4,SP-1,0.0,17.0,0.1442828000399005
Oakley,,032450028,SP-4,SP-1,0.0,17.0,0.13607079634683508
Oakley,,032450029,SP-4,SP-1,0.0,17.0,0.1397411683872638
Oakley,,032450030,SP-4,SP-1,0.0,17.0,0.14191417944418316
Oakley,,032450032,SP-4,SP-1,0.0,17.0,0.14292456070697748
Oakley,,032450031,SP-4,SP-1,0.0,17.0,0.1425203420470149
Oakley,,032450033,SP-4,SP-1,0.0,17.0,0.1433456026917752
Oakley,,032450038,SP-4,SP-1,0.0,17.0,0.19451927475122244
Oakley,,032450037,SP-4,SP-1,0.0,17.0,0.2123724203294609
Oakley,,032450035,SP-4,SP-1,0.0,17.0,0.157910934691581
Oakley,,032450034,SP-4,SP-1,0.0,17.0,0.1518598949098665
Oakley,,032450016,SP-4,SP-1,0.0,17.0,0.18667864049703628
Oakley,,032450015,SP-4,SP-1,0.0,17.0,0.19001602854016575
Oakley,,032450036,SP-4,SP-1,0.0,17.0,0.1522836154547646
Oakley,,032450053,SP-4,SP-1,0.0,17.0,0.20151390242506664
Oakley,,032460026,SP-4,SP-1,0.0,17.0,0.18584463588604566
Oakley,,032460025,SP-4,SP-1,0.0,17.0,0.18393383777927422
Oakley,,032450014,SP-4,SP-1,0.0,17.0,0.25389163656859665
Oakley,,032450012,SP-4,SP-1,0.0,17.0,0.23976952454519587
Oakley,,032450013,SP-4,SP-1,0.0,17.0,0.23487087359509015
Oakley,,032450017,SP-4,SP-1,0.0,17.0,0.18643116737602275
Oakley,,032450018,SP-4,SP-1,0.0,17.0,0.18592348366581804
Oakley,,032450019,SP-4,SP-1,0.0,17.0,0.1855326817155364
Oakley,,032450020,SP-4,SP-1,0.0,17.0,0.19268447379475576
Oakley,,032450021,SP-4,SP-1,0.0,17.0,0.18309482075878242
Oakley,,032450010,SP-4,SP-1,0.0,17.0,0.23963149463524203
Oakley,,032450009,SP-4,SP-1,0.0,17.0,0.2576026855861153
Oakley,,032450011,SP-4,SP-1,0.0,17.0,0.23867115369079717
Oakley,,032380022,SP-4,SP-1,0.0,17.0,0.25647371540172686
Oakley,,032390058,SP-4,SP-1,0.0,17.0,0.24008774242917227
Oakley,,032390057,SP-4,SP-1,0.0,17.0,0.2644444631996445
Oakley,,032450052,SP-4,SP-1,0.0,17.0,0.591397028369973
Oakley,,032460001,SP-4,SP-1,0.0,17.0,0.2747961009198626
Oakley,,032460002,SP-4,SP-1,0.0,17.0,0.24521485661399434
Oakley,,032460003,SP-4,SP-1,0.0,17.0,0.25049406187462925
Oakley,,032390059,SP-4,SP-1,0.0,17.0,0.23486646347225307
Oakley,,032460008,SP-4,SP-1,0.0,17.0,0.23247158801580006
Oakley,,032460009,SP-4,SP-1,0.0,17.0,0.24315614314574419
Oakley,,032460010,SP-4,SP-1,0.0,17.0,0.2634940608918983
Oakley,,032460011,SP-4,SP-1,0.0,17.0,0.307811112776794
Oakley,,032460016,SP-4,SP-1,0.0,17.0,0.23210517288210702
Oakley,,032460017,SP-4,SP-1,0.0,17.0,0.20095875572071725
Oakley,,032460018,SP-4,SP-1,0.0,17.0,0.1895852615544349
Oakley,,032460019,SP-4,SP-1,0.0,17.0,0.18850613770975824
Oakley,,032460007,SP-4,SP-1,0.0,17.0,0.2339989115214411
Oakley,,032460006,SP-4,SP-1,0.0,17.0,0.24284132489652505
Oakley,,032460005,SP-4,SP-1,0.0,17.0,0.24912801840944895
Oakley,,032460004,SP-4,SP-1,0.0,17.0,0.24947444250814987
Oakley,,032460020,SP-4,SP-1,0.0,17.0,0.18222342151604942
Oakley,,032460021,SP-4,SP-1,0.0,17.0,0.18880542309939108
Oakley,,032460022,SP-4,SP-1,0.0,17.0,0.18361136723841806
Oakley,,032460023,SP-4,SP-1,0.0,17.0,0.18402924729128067
Oakley,,032460033,SP-4,SP-1,0.0,17.0,0.14246489934700685
Oakley,,032460032,SP-4,SP-1,0.0,17.0,0.13757902993742552
Oakley,,032460034,SP-4,SP-1,0.0,17.0,0.146712421271702
Oakley,,032460035,SP-4,SP-1,0.0,17.0,0.14840966852501067
Oakley,,032470009,SP-4,SP-1,0.0,17.0,0.152085900839849
Oakley,,032470008,SP-4,SP-1,0.0,17.0,0.1532130475498027
Oakley,,032470006,SP-4,SP-1,0.0,17.0,0.14830624245381846
Oakley,,032470007,SP-4,SP-1,0.0,17.0,0.15149221656662307
Oakley,,032460036,SP-4,SP-1,0.0,17.0,0.14704055808645158
Oakley,,032460037,SP-4,SP-1,0.0,17.0,0.14236646568040867
Oakley,,032460038,SP-4,SP-1,0.0,17.0,0.13249519071296406
Oakley,,032460039,SP-4,SP-1,0.0,17.0,0.16732883238170798
Oakley,,032470003,SP-4,SP-1,0.0,17.0,0.1412567977228984
Oakley,,032470002,SP-4,SP-1,0.0,17.0,0.14754277238846578
Oakley,,032470004,SP-4,SP-1,0.0,17.0,0.14441186314363155
Oakley,,032470005,SP-4,SP-1,0.0,17.0,0.14543535628434093
Oakley,,032470033,SP-4,SP-1,0.0,17.0,0.21366725586692528
Oakley,,032470034,SP-4,SP-1,0.0,17.0,0.21326008080055459
Oakley,,032470035,SP-4,SP-1,0.0,17.0,0.21082659147755564
Oakley,,032470036,SP-4,SP-1,0.0,17.0,0.20186051171570332
Oakley,,032470037,SP-4,SP-1,0.0,17.0,0.21545242111961405
Oakley,,032470041,SP-4,SP-1,0.0,17.0,0.19903093730499916
Oakley,,032470040,SP-4,SP-1,0.0,17.0,0.20870463553348903
Oakley,,032470039,SP-4,SP-1,0.0,17.0,0.20869048538363968
Oakley,,032470038,SP-4,SP-1,0.0,17.0,0.28020492033226874
Oakley,,032480014,SP-4,SP-1,0.0,17.0,0.2231163988763645
Oakley,,032480015,SP-4,SP-1,0.0,17.0,0.19142762647844894
Oakley,,032480016,SP-4,SP-1,0.0,17.0,0.1887397268298627
Oakley,,032470001,SP-4,SP-1,0.0,17.0,0.1879652404101992
Oakley,,032480013,SP-4,SP-1,0.0,17.0,0.22764608247884768
Oakley,,032460015,SP-4,SP-1,0.0,17.0,0.29929140747242944
Oakley,,032460014,SP-4,SP-1,0.0,17.0,0.21616131274255093
Oakley,,032480001,SP-4,SP-1,0.0,17.0,0.2181172412964608
Oakley,,032480002,SP-4,SP-1,0.0,17.0,0.23922236579449166
Oakley,,032480012,SP-4,SP-1,0.0,17.0,0.18131080635477592
Oakley,,032480011,SP-4,SP-1,0.0,17.0,0.18115174551567337
Oakley,,032480009,SP-4,SP-1,0.0,17.0,0.18113226439420033
Oakley,,032480010,SP-4,SP-1,0.0,17.0,0.18096943142773636
Oakley,,032480008,SP-4,SP-1,0.0,17.0,0.18171736025301263
Oakley,,032480007,SP-4,SP-1,0.0,17.0,0.18263643777153307
Oakley,,032480006,SP-4,SP-1,0.0,17.0,0.25869965826686797
Oakley,,032490023,SP-4,SP-1,0.0,17.0,1.64
Oakley,,032480005,SP-4,SP-1,0.0,17.0,0.24941641304142365
Oakley,,032480004,SP-4,SP-1,0.0,17.0,0.27049685902909487
Oakley,,032480003,SP-4,SP-1,0.0,17.0,0.25894007706167205
Oakley,,032460013,SP-4,SP-1,0.0,17.0,0.28136533205887043
Oakley,,032460012,SP-4,SP-1,0.0,17.0,0.31136394604865
Oakley,,032500003,SP-4,SP-1,0.0,17.0,0.21704966439368942
Oakley,,032500004,SP-4,SP-1,0.0,17.0,0.2330974459288653
Oakley,,032500005,SP-4,SP-1,0.0,17.0,0.2503326053483096
Oakley,,032500007,SP-4,SP-1,0.0,17.0,0.2678334431940518
Oakley,,032500057,SP-4,SP-1,0.0,17.0,0.11785777850966092
Oakley,,032500006,SP-4,SP-1,0.0,17.0,0.21704963540739167
Oakley,,032500012,SP-4,SP-1,0.0,17.0,0.1795947893451815
Oakley,,032500011,SP-4,SP-1,0.0,17.0,0.18271578700849248
Oakley,,032500010,SP-4,SP-1,0.0,17.0,0.19978584254593926
Oakley,,032500009,SP-4,SP-1,0.0,17.0,0.27395704409216176
Oakley,,032500034,SP-4,SP-1,0.0,17.0,0.20774653928102044
Oakley,,032500008,SP-4,SP-1,0.0,17.0,0.3395993989584087
Oakley,,032490003,SP-4,SP-1,0.0,17.0,0.16991884255269413
Oakley,,032490002,SP-4,SP-1,0.0,17.0,0.11951870129941009
Oakley,,032490001,SP-4,SP-1,0.0,17.0,0.18713556924673855
Oakley,,032500035,SP-4,SP-1,0.0,17.0,0.14548695649766305
Oakley,,032500036,SP-4,SP-1,0.0,17.0,0.1297299456330896
Oakley,,032500033,SP-4,SP-1,0.0,17.0,0.14834008253703432
Oakley,,032500032,SP-4,SP-1,0.0,17.0,0.1852186159041395
Oakley,,032500031,SP-4,SP-1,0.0,17.0,0.13088123266358637
Oakley,,032500029,SP-4,SP-1,0.0,17.0,0.12958775567668793
Oakley,,032500030,SP-4,SP-1,0.0,17.0,0.1301569075014963
Oakley,,032500040,SP-4,SP-1,0.0,17.0,0.1293327038498203
Oakley,,032510001,SP-4,SP-1,0.0,17.0,0.14125371067113318
Oakley,,032500039,SP-4,SP-1,0.0,17.0,0.1297064818171137
Oakley,,032500038,SP-4,SP-1,0.0,17.0,0.1296319291898966
Oakley,,032500037,SP-4,SP-1,0.0,17.0,0.12966362435303463
Oakley,,032510043,SP-4,SP-1,0.0,17.0,0.1501291740543108
Oakley,,032490024,SP-4,SP-1,0.0,17.0,10.08
Oakley,,032490006,SP-4,SP-1,0.0,17.0,0.13257362973246056
Oakley,,032490005,SP-4,SP-1,0.0,17.0,0.13257383004857326
Oakley,,032490004,SP-4,SP-1,0.0,17.0,0.17690754329072894
Oakley,,032490022,SP-4,SP-1,0.0,17.0,0.16278906832615422
Oakley,,032490020,SP-4,SP-1,0.0,17.0,0.1360085526467315
Oakley,,032490021,SP-4,SP-1,0.0,17.0,0.13479826968548717
Oakley,,032490019,SP-4,SP-1,0.0,17.0,0.14802035733494923
Oakley,,032490018,SP-4,SP-1,0.0,17.0,0.14807252567800844
Oakley,,032490016,SP-4,SP-1,0.0,17.0,0.14802372554837245
Oakley,,032490017,SP-4,SP-1,0.0,17.0,0.1603608525667432
Oakley,,032490007,SP-4,SP-1,0.0,17.0,0.13257466802306772
Oakley,,032490008,SP-4,SP-1,0.0,17.0,0.13257378210910029
Oakley,,032490009,SP-4,SP-1,0.0,17.0,0.13257583422051733
Oakley,,032490010,SP-4,SP-1,0.0,17.0,0.13574061786926694
Oakley,,032490012,SP-4,SP-1,0.0,17.0,0.16322881474795511
Oakley,,032490011,SP-4,SP-1,0.0,17.0,0.1635081034952294
Oakley,,032490013,SP-4,SP-1,0.0,17.0,0.19724043263826124
Oakley,,032490025,SP-4,SP-1,0.0,17.0,0.0038626109009622343
Oakley,,032490015,SP-4,SP-1,0.0,17.0,0.14802260649766807
Oakley,,032490014,SP-4,SP-1,0.0,17.0,0.2083106255975459
Oakley,,032480030,SP-4,SP-1,0.0,17.0,0.14058723544699253
Oakley,,032480029,SP-4,SP-1,0.0,17.0,0.2067194904319153
Oakley,,032480031,SP-4,SP-1,0.0,17.0,0.19511830268040095
Oakley,,032480046,SP-4,SP-1,0.0,17.0,0.007132385686642855
Oakley,,032480045,SP-4,SP-1,0.0,17.0,0.023311876330284472
Oakley,,032480032,SP-4,SP-1,0.0,17.0,0.1522634285486242
Oakley,,032480033,SP-4,SP-1,0.0,17.0,0.16058707807124842
Oakley,,032480027,SP-4,SP-1,0.0,17.0,0.22216292178273364
Oakley,,032480023,SP-4,SP-1,0.0,17.0,0.25275981470795367
Oakley,,032480022,SP-4,SP-1,0.0,17.0,0.24580267170699366
Oakley,,032480028,SP-4,SP-1,0.0,17.0,0.21576742791656722
Oakley,,032480043,SP-4,SP-1,0.0,17.0,2.9427944054815818
Oakley,,032480021,SP-4,SP-1,0.0,17.0,0.20077931544604283
Oakley,,032480042,SP-4,SP-1,0.0,17.0,0.42613496451447913
Oakley,,032480019,SP-4,SP-1,0.0,17.0,0.18374473599771476
Oakley,,032480020,SP-4,SP-1,0.0,17.0,0.1719243571492162
Oakley,,032480018,SP-4,SP-1,0.0,17.0,0.15754346436255476
Oakley,,032480017,SP-4,SP-1,0.0,17.0,0.2101221615899523
Oakley,,032480038,SP-4,SP-1,0.0,17.0,0.20284357867349936
Oakley,,032480024,SP-4,SP-1,0.0,17.0,0.25087274118979785
Oakley,,032480026,SP-4,SP-1,0.0,17.0,0.1763191890574907
Oakley,,032480025,SP-4,SP-1,0.0,17.0,0.1975145120307806
Oakley,,032480034,SP-4,SP-1,0.0,17.0,0.18745658649579955
Oakley,,032480035,SP-4,SP-1,0.0,17.0,0.18530848932607982
Oakley,,032480036,SP-4,SP-1,0.0,17.0,0.17600852107181258
Oakley,,032480037,SP-4,SP-1,0.0,17.0,0.20576847140590065
Oakley,,032480039,SP-4,SP-1,0.0,17.0,0.1691893754092184
Oakley,,032480044,SP-4,SP-1,0.0,17.0,0.019678979803773915
Oakley,,032480040,SP-4,SP-1,0.0,17.0,0.19376857905609018
Oakley,,032370017,SP-4,SP-1,0.0,17.0,15.37
Oakley,,032480041,SP-4,SP-1,0.0,17.0,0.26763291659925276
Oakley,,020140049,SP-4,SP-1,0.0,17.0,2.82
Oakley,,032510049,SP-4,SP-1,0.0,17.0,0.0020116183546912306
Oakley,,020150003,SP-4,SP-1,0.0,17.0,229.20154434267545
Oakley,,032510035,SP-4,SP-1,0.0,17.0,0.11978102989715617
Oakley,,032510036,SP-4,SP-1,0.0,17.0,0.12369901515165427
Oakley,,032510037,SP-4,SP-1,0.0,17.0,0.13157939524995754
Oakley,,032510038,SP-4,SP-1,0.0,17.0,0.14364749053561046
Oakley,,032510039,SP-4,SP-1,0.0,17.0,0.1947746406669947
Oakley,,032510048,SP-4,SP-1,0.0,17.0,0.03685329569676976
Oakley,,032510040,SP-4,SP-1,0.0,17.0,0.1500931944084059
Oakley,,032510041,SP-4,SP-1,0.0,17.0,0.21537367106862348
Oakley,,032510046,SP-4,SP-1,0.0,17.0,0.19478374388707137
Oakley,,032510045,SP-4,SP-1,0.0,17.0,0.21132731615911288
Oakley,,032510044,SP-4,SP-1,0.0,17.0,0.12753132824582672
Oakley,,032510042,SP-4,SP-1,0.0,17.0,0.22980591729392555
Oakley,,032510002,SP-4,SP-1,0.0,17.0,0.12292560293554981
Oakley,,032510003,SP-4,SP-1,0.0,17.0,0.12183791625720865
Oakley,,032510006,SP-4,SP-1,0.0,17.0,0.1197671750266962
Oakley,,032510005,SP-4,SP-1,0.0,17.0,0.12026310718144989
Oakley,,032510004,SP-4,SP-1,0.0,17.0,0.12094377251825653
Oakley,,032500041,SP-4,SP-1,0.0,17.0,0.13001781233956733
Oakley,,032500042,SP-4,SP-1,0.0,17.0,0.13023835471177597
Oakley,,032500043,SP-4,SP-1,0.0,17.0,0.13051578329963986
Oakley,,032500028,SP-4,SP-1,0.0,17.0,0.12861313387674736
Oakley,,032500027,SP-4,SP-1,0.0,17.0,0.1297682579473905
Oakley,,032500044,SP-4,SP-1,0.0,17.0,0.1308409267308257
Oakley,,032500045,SP-4,SP-1,0.0,17.0,0.13010394303239553
Oakley,,032500046,SP-4,SP-1,0.0,17.0,0.12152890278540623
Oakley,,032510010,SP-4,SP-1,0.0,17.0,0.11477605095316963
Oakley,,032510009,SP-4,SP-1,0.0,17.0,0.11477449832988927
Oakley,,032510008,SP-4,SP-1,0.0,17.0,0.11784211788046475
Oakley,,032510007,SP-4,SP-1,0.0,17.0,0.11944293457670337
Oakley,,032510034,SP-4,SP-1,0.0,17.0,0.11478632211741949
Oakley,,032510033,SP-4,SP-1,0.0,17.0,0.11478720216854153
Oakley,,032510032,SP-4,SP-1,0.0,17.0,0.11478720218078613
Oakley,,032510011,SP-4,SP-1,0.0,17.0,0.12664954517979402
Oakley,,032510031,SP-4,SP-1,0.0,17.0,0.11478577722897594
Oakley,,032510030,SP-4,SP-1,0.0,17.0,0.11478693459274206
Oakley,,032510029,SP-4,SP-1,0.0,17.0,0.11478520338277945
Oakley,,032510028,SP-4,SP-1,0.0,17.0,0.11478750845531101
Oakley,,032510027,SP-4,SP-1,0.0,17.0,0.11478736013151818
Oakley,,032510047,SP-4,SP-1,0.0,17.0,0.022865290201188136
Oakley,,032510014,SP-4,SP-1,0.0,17.0,0.11477600754514987
Oakley,,032510013,SP-4,SP-1,0.0,17.0,0.11477700686270223
Oakley,,032510012,SP-4,SP-1,0.0,17.0,0.12550435320224795
Oakley,,032500050,SP-4,SP-1,0.0,17.0,0.1300275053120046
Oakley,,032500051,SP-4,SP-1,0.0,17.0,0.1291482203521407
Oakley,,032500049,SP-4,SP-1,0.0,17.0,0.1417819561356435
Oakley,,032500048,SP-4,SP-1,0.0,17.0,0.14167451012328788
Oakley,,032500047,SP-4,SP-1,0.0,17.0,0.12158962697008112
Oakley,,032500026,SP-4,SP-1,0.0,17.0,0.119085365514422
Oakley,,032500025,SP-4,SP-1,0.0,17.0,0.11937583824896547
Oakley,,032500024,SP-4,SP-1,0.0,17.0,0.14259188932745617
Oakley,,032500013,SP-4,SP-1,0.0,17.0,0.20622346717792647
Oakley,,032500014,SP-4,SP-1,0.0,17.0,0.20609120720770369
Oakley,,032500023,SP-4,SP-1,0.0,17.0,0.14258634183442395
Oakley,,032500022,SP-4,SP-1,0.0,17.0,0.11937686259748678
Oakley,,032500021,SP-4,SP-1,0.0,17.0,0.11937616303314323
Oakley,,032500020,SP-4,SP-1,0.0,17.0,0.1531193382301972
Oakley,,032500016,SP-4,SP-1,0.0,17.0,0.2568830700401282
Oakley,,032500015,SP-4,SP-1,0.0,17.0,0.22852422269069111
Oakley,,032500001,SP-4,SP-1,0.0,17.0,0.3396050777975469
Oakley,,032500002,SP-4,SP-1,0.0,17.0,0.21896303698288563
Oakley,,032500056,SP-4,SP-1,0.0,17.0,0.11709317769039075
Oakley,,032500017,SP-4,SP-1,0.0,17.0,0.23173203627081873
Oakley,,032500019,SP-4,SP-1,0.0,17.0,0.16395258632249177
Oakley,,032500018,SP-4,SP-1,0.0,17.0,0.2827797182994339
Oakley,,032500058,SP-4,SP-1,0.0,17.0,0.7015923516893575
Oakley,,032400027,SP-4,SP-1,0.0,17.0,0.4255055409368188
Oakley,,032400028,SP-4,SP-1,0.0,17.0,0.35279407644702165
Oakley,,032500059,SP-4,SP-1,0.0,17.0,0.2398096908940721
Oakley,,032500055,SP-4,SP-1,0.0,17.0,0.1723877129780825
Oakley,,032500052,SP-4,SP-1,0.0,17.0,0.13099700156970384
Oakley,,032500053,SP-4,SP-1,0.0,17.0,0.13693517780564127
Oakley,,032500054,SP-4,SP-1,0.0,17.0,0.13602595938363396
Oakley,,032510019,SP-4,SP-1,0.0,17.0,0.16362312444059754
Oakley,,032510018,SP-4,SP-1,0.0,17.0,0.13448894085611393
Oakley,,032510017,SP-4,SP-1,0.0,17.0,0.14871292994786042
Oakley,,032510016,SP-4,SP-1,0.0,17.0,0.11736363336998516
Oakley,,032510015,SP-4,SP-1,0.0,17.0,0.11505145084182533
Oakley,,032510026,SP-4,SP-1,0.0,17.0,0.11478746012420471
Oakley,,032510025,SP-4,SP-1,0.0,17.0,0.11478519372881058
Oakley,,032510024,SP-4,SP-1,0.0,17.0,0.11478634142412478
Oakley,,032510023,SP-4,SP-1,0.0,17.0,0.11478693460482965
Oakley,,032510022,SP-4,SP-1,0.0,17.0,0.11478693460941485
Oakley,,032510021,SP-4,SP-1,0.0,17.0,0.23341798503939717
Oakley,,032400013,SP-4,SP-1,0.0,17.0,0.25699878817502086
Oakley,,032510020,SP-4,SP-1,0.0,17.0,0.27278123436640767
Oakley,,032400014,SP-4,SP-1,0.0,17.0,0.3134678706655044
Oakley,,032400016,SP-4,SP-1,0.0,17.0,0.18527790718118747
Oakley,,032400015,SP-4,SP-1,0.0,17.0,0.16990717886059153
Oakley,,032400017,SP-4,SP-1,0.0,17.0,0.16976709063058135
Oakley,,032400010,SP-4,SP-1,0.0,17.0,0.13260290942674927
Oakley,,032400011,SP-4,SP-1,0.0,17.0,0.13279247145171993
Oakley,,032400012,SP-4,SP-1,0.0,17.0,0.26090746001613
Oakley,,032440025,SP-4,SP-1,0.0,17.0,0.4378823245865109
Oakley,,032440026,SP-4,SP-1,0.0,17.0,0.29871287792421775
Oakley,,032440027,SP-4,SP-1,0.0,17.0,0.15307232356686618
Oakley,,032400005,SP-4,SP-1,0.0,17.0,0.13260367266920725
Oakley,,032400006,SP-4,SP-1,0.0,17.0,0.13260044252940895
Oakley,,032400007,SP-4,SP-1,0.0,17.0,0.13260312642225192
Oakley,,032400009,SP-4,SP-1,0.0,17.0,0.13260290940539451
Oakley,,032400008,SP-4,SP-1,0.0,17.0,0.13260273688796415
Oakley,,032400018,SP-4,SP-1,0.0,17.0,0.15330204185332483
Oakley,,032400019,SP-4,SP-1,0.0,17.0,0.14176449410382524
Oakley,,032400020,SP-4,SP-1,0.0,17.0,0.13497973767721477
Oakley,,032400022,SP-4,SP-1,0.0,17.0,0.1326022361210469
Oakley,,032400021,SP-4,SP-1,0.0,17.0,0.13269286306694317
Oakley,,032400023,SP-4,SP-1,0.0,17.0,0.13260205180311216
Oakley,,032400004,SP-4,SP-1,0.0,17.0,0.13260419954917424
Oakley,,032400003,SP-4,SP-1,0.0,17.0,0.13260211790525345
Oakley,,032400002,SP-4,SP-1,0.0,17.0,0.15556349066346134
Oakley,,032400001,SP-4,SP-1,0.0,17.0,0.15559292371707784
Oakley,,032400024,SP-4,SP-1,0.0,17.0,0.15445084948298504
Oakley,,032390020,SP-4,SP-1,0.0,17.0,0.1544394819260535
Oakley,,032390019,SP-4,SP-1,0.0,17.0,0.1326029093876138
Oakley,,032390023,SP-4,SP-1,0.0,17.0,0.13257613344327163
Oakley,,032390022,SP-4,SP-1,0.0,17.0,0.13257512519325124
Oakley,,032390021,SP-4,SP-1,0.0,17.0,0.1325774903126577
Oakley,,032390031,SP-4,SP-1,0.0,17.0,0.15443574467517868
Oakley,,032390032,SP-4,SP-1,0.0,17.0,0.14462680879753848
Oakley,,032390076,SP-4,SP-1,0.0,17.0,0.13383905544963898
Oakley,,032390075,SP-4,SP-1,0.0,17.0,0.13383869971693685
Oakley,,032400033,SP-4,SP-1,0.0,17.0,0.1325895497969107
Oakley,,032400034,SP-4,SP-1,0.0,17.0,0.15444761147222444
Oakley,,032400032,SP-4,SP-1,0.0,17.0,0.13257418452357914
Oakley,,032400031,SP-4,SP-1,0.0,17.0,0.13738708018907694
Oakley,,032400030,SP-4,SP-1,0.0,17.0,0.13993880919753057
Oakley,,032400029,SP-4,SP-1,0.0,17.0,0.15247508607476806
Oakley,,032400026,SP-4,SP-1,0.0,17.0,0.22371683539241702
Oakley,,032400025,SP-4,SP-1,0.0,17.0,0.2572446242755731
Oakley,,032390079,SP-4,SP-1,0.0,17.0,0.2424837412224818
Oakley,,032390078,SP-4,SP-1,0.0,17.0,0.25519408523192844
Oakley,,032390077,SP-4,SP-1,0.0,17.0,0.13383767480372544
Oakley,,032390067,SP-4,SP-1,0.0,17.0,0.2842309723548923
Oakley,,032390066,SP-4,SP-1,0.0,17.0,0.24892504641964075
Oakley,,032390065,SP-4,SP-1,0.0,17.0,0.24745937494038708
Oakley,,032390068,SP-4,SP-1,0.0,17.0,0.3942297551706033
Oakley,,032390069,SP-4,SP-1,0.0,17.0,0.18027975930754758
Oakley,,032390070,SP-4,SP-1,0.0,17.0,0.17678957181519517
Oakley,,032390064,SP-4,SP-1,0.0,17.0,0.2343843064150382
Oakley,,032390063,SP-4,SP-1,0.0,17.0,0.21199698699943312
Oakley,,032390062,SP-4,SP-1,0.0,17.0,0.25366003358463934
Oakley,,032390061,SP-4,SP-1,0.0,17.0,0.20530525158678864
Oakley,,032390060,SP-4,SP-1,0.0,17.0,0.21712879510462982
Oakley,,032390051,SP-4,SP-1,0.0,17.0,0.19794959690538652
Oakley,,032390052,SP-4,SP-1,0.0,17.0,0.19522402409116318
Oakley,,032390050,SP-4,SP-1,0.0,17.0,0.2240815961827202
Oakley,,032390071,SP-4,SP-1,0.0,17.0,0.19425796511339166
Oakley,,032390074,SP-4,SP-1,0.0,17.0,0.13383744351247534
Oakley,,032390073,SP-4,SP-1,0.0,17.0,0.13383840386148027
Oakley,,032390072,SP-4,SP-1,0.0,17.0,0.15707836884414195
Oakley,,032390033,SP-4,SP-1,0.0,17.0,0.14462900359408873
Oakley,,032390036,SP-4,SP-1,0.0,17.0,0.16030163571668354
Oakley,,032390035,SP-4,SP-1,0.0,17.0,0.1571598094302811
Oakley,,032390034,SP-4,SP-1,0.0,17.0,0.14462788697753587
Oakley,,032390024,SP-4,SP-1,0.0,17.0,0.13268140707432174
Oakley,,032390025,SP-4,SP-1,0.0,17.0,0.13534289403499067
Oakley,,032390026,SP-4,SP-1,0.0,17.0,0.14346559477305953
Oakley,,032390037,SP-4,SP-1,0.0,17.0,0.16028005040686658
Oakley,,032390038,SP-4,SP-1,0.0,17.0,0.13770099363938487
Oakley,,032390039,SP-4,SP-1,0.0,17.0,0.1640397683568649
Oakley,,032390040,SP-4,SP-1,0.0,17.0,0.21646639222227582
Oakley,,032390047,SP-4,SP-1,0.0,17.0,0.17676036916839424
Oakley,,032390049,SP-4,SP-1,0.0,17.0,0.18742501491188748
Oakley,,032390048,SP-4,SP-1,0.0,17.0,0.17676060367037874
Oakley,,032390053,SP-4,SP-1,0.0,17.0,0.1788404099369533
Oakley,,032390056,SP-4,SP-1,0.0,17.0,0.2762110186062631
Oakley,,032390054,SP-4,SP-1,0.0,17.0,0.2162070965286318
Oakley,,032390055,SP-4,SP-1,0.0,17.0,0.31863412562829474
Oakley,,032390045,SP-4,SP-1,0.0,17.0,0.25160241909825193
Oakley,,032390046,SP-4,SP-1,0.0,17.0,0.1811087747210412
Oakley,,032390041,SP-4,SP-1,0.0,17.0,0.21115436792122602
Oakley,,032390042,SP-4,SP-1,0.0,17.0,0.19792615374144584
Oakley,,032390044,SP-4,SP-1,0.0,17.0,0.3091931236568462
Oakley,,032380026,SP-4,SP-1,0.0,17.0,0.24297272512620727
Oakley,,032380025,SP-4,SP-1,0.0,17.0,0.24829777269158448
Oakley,,032380024,SP-4,SP-1,0.0,17.0,0.2510239098958904
Oakley,,032380023,SP-4,SP-1,0.0,17.0,0.2537487925986948
Oakley,,032380002,SP-4,SP-1,0.0,17.0,0.1979301444411353
Oakley,,032380003,SP-4,SP-1,0.0,17.0,0.1979276377845255
Oakley,,032380001,SP-4,SP-1,0.0,17.0,0.1979279350912302
Oakley,,032390043,SP-4,SP-1,0.0,17.0,0.19792775637877413
Oakley,,032370024,SP-4,SP-1,0.0,17.0,1.15
Oakley,,032390001,SP-4,SP-1,0.0,17.0,0.19263539734731183
Oakley,,032390002,SP-4,SP-1,0.0,17.0,0.13462971303349652
Oakley,,032390003,SP-4,SP-1,0.0,17.0,0.13461104166413979
Oakley,,032390004,SP-4,SP-1,0.0,17.0,0.13460371355459952
Oakley,,032390030,SP-4,SP-1,0.0,17.0,0.20155557896944828
Oakley,,032390005,SP-4,SP-1,0.0,17.0,0.1345977136118
Oakley,,032390006,SP-4,SP-1,0.0,17.0,0.13459160409489418
Oakley,,032390007,SP-4,SP-1,0.0,17.0,0.17414498844926032
Oakley,,032390080,SP-4,SP-1,0.0,17.0,0.06
Oakley,,032390029,SP-4,SP-1,0.0,17.0,0.196841977800389
Oakley,,032390028,SP-4,SP-1,0.0,17.0,0.17746481521515003
Oakley,,032390027,SP-4,SP-1,0.0,17.0,0.15748232571134252
Oakley,,032390013,SP-4,SP-1,0.0,17.0,0.1326028307766314
Oakley,,032390014,SP-4,SP-1,0.0,17.0,0.13260373866029096
Oakley,,032390012,SP-4,SP-1,0.0,17.0,0.13260333339286806
Oakley,,032390011,SP-4,SP-1,0.0,17.0,0.13260148547459105
Oakley,,032390010,SP-4,SP-1,0.0,17.0,0.14451565750328735
Oakley,,032430033,SP-4,SP-1,0.0,17.0,0.15302243142894
Oakley,,032390009,SP-4,SP-1,0.0,17.0,0.1549030294673852
Oakley,,032390008,SP-4,SP-1,0.0,17.0,0.23241851041134645
Oakley,,032410001,SP-4,SP-1,0.0,17.0,0.1727407604467693
Oakley,,032430036,SP-4,SP-1,0.0,17.0,0.17742801326103946
Oakley,,032430035,SP-4,SP-1,0.0,17.0,0.1530219482286497
Oakley,,032430034,SP-4,SP-1,0.0,17.0,0.15302193923396434
Oakley,,032430014,SP-4,SP-1,0.0,17.0,0.15453670595735822
Oakley,,032430013,SP-4,SP-1,0.0,17.0,0.17914392515498612
Oakley,,032430012,SP-4,SP-1,0.0,17.0,0.1756601532961576
Oakley,,032430011,SP-4,SP-1,0.0,17.0,0.1515078349858797
Oakley,,032430008,SP-4,SP-1,0.0,17.0,0.15150623605652286
Oakley,,032430009,SP-4,SP-1,0.0,17.0,0.15150811033276806
Oakley,,032430010,SP-4,SP-1,0.0,17.0,0.15150721327666805
Oakley,,032430015,SP-4,SP-1,0.0,17.0,0.15453704627965936
Oakley,,032430016,SP-4,SP-1,0.0,17.0,0.1545378281913863
Oakley,,032430017,SP-4,SP-1,0.0,17.0,0.15453569140137582
Oakley,,032430018,SP-4,SP-1,0.0,17.0,0.15453900503348805
Oakley,,032430019,SP-4,SP-1,0.0,17.0,0.15453368101936465
Oakley,,032430007,SP-4,SP-1,0.0,17.0,0.1515061862046322
Oakley,,032430006,SP-4,SP-1,0.0,17.0,0.1515048859285841
Oakley,,032430005,SP-4,SP-1,0.0,17.0,0.15151122762994002
Oakley,,032430004,SP-4,SP-1,0.0,17.0,0.15150484833819322
Oakley,,032430003,SP-4,SP-1,0.0,17.0,0.15150581656914125
Oakley,,032430022,SP-4,SP-1,0.0,17.0,0.15453728567342734
Oakley,,032430021,SP-4,SP-1,0.0,17.0,0.1545366916605994
Oakley,,032430020,SP-4,SP-1,0.0,17.0,0.1545419892008307
Oakley,,032430028,SP-4,SP-1,0.0,17.0,0.1530225927542569
Oakley,,032430029,SP-4,SP-1,0.0,17.0,0.1530221392816409
Oakley,,032430030,SP-4,SP-1,0.0,17.0,0.15302244542676424
Oakley,,032430031,SP-4,SP-1,0.0,17.0,0.15302264047254008
Oakley,,032430032,SP-4,SP-1,0.0,17.0,0.15302210832166802
Oakley,,032390016,SP-4,SP-1,0.0,17.0,0.13260260116716502
Oakley,,032390015,SP-4,SP-1,0.0,17.0,0.1326053386380979
Oakley,,032390017,SP-4,SP-1,0.0,17.0,0.1326029931063002
Oakley,,032390018,SP-4,SP-1,0.0,17.0,0.13260173663961097
Oakley,,032430025,SP-4,SP-1,0.0,17.0,0.17737761757033216
Oakley,,032430027,SP-4,SP-1,0.0,17.0,0.15302194049398293
Oakley,,032430026,SP-4,SP-1,0.0,17.0,0.15302211754502276
Oakley,,032430023,SP-4,SP-1,0.0,17.0,0.15453865648209197
Oakley,,032430002,SP-4,SP-1,0.0,17.0,0.1515075979287748
Oakley,,032430024,SP-4,SP-1,0.0,17.0,0.17919769442522135
Oakley,,032440018,SP-4,SP-1,0.0,17.0,0.1750578644397254
Oakley,,032440019,SP-4,SP-1,0.0,17.0,0.1530234710885961
Oakley,,032440032,SP-4,SP-1,0.0,17.0,0.17511319178097104
Oakley,,032440031,SP-4,SP-1,0.0,17.0,0.153022445434525
Oakley,,032440030,SP-4,SP-1,0.0,17.0,0.1530229466369953
Oakley,,032440029,SP-4,SP-1,0.0,17.0,0.15302118990240393
Oakley,,032440020,SP-4,SP-1,0.0,17.0,0.15302136393701632
Oakley,,032440021,SP-4,SP-1,0.0,17.0,0.1530229376556849
Oakley,,032440022,SP-4,SP-1,0.0,17.0,0.1830544812538574
Oakley,,032440028,SP-4,SP-1,0.0,17.0,0.15302180218628514
Oakley,,032440024,SP-4,SP-1,0.0,17.0,0.30180466568571884
Oakley,,032440023,SP-4,SP-1,0.0,17.0,0.21570738064280928
Oakley,,032440014,SP-4,SP-1,0.0,17.0,0.20565153885197437
Oakley,,032440013,SP-4,SP-1,0.0,17.0,0.30595949765684355
Oakley,,032440011,SP-4,SP-1,0.0,17.0,0.23727803167355774
Oakley,,032440009,SP-4,SP-1,0.0,17.0,0.19959365917095137
Oakley,,032440010,SP-4,SP-1,0.0,17.0,0.19623525256688043
Oakley,,032440015,SP-4,SP-1,0.0,17.0,0.15302044090260397
Oakley,,032440016,SP-4,SP-1,0.0,17.0,0.15302322476278685
Oakley,,032440017,SP-4,SP-1,0.0,17.0,0.17511214117636312
Oakley,,032430001,SP-4,SP-1,0.0,17.0,0.1756105861716903
Oakley,,032420080,SP-4,SP-1,0.0,17.0,0.12625841754409714
Oakley,,032420081,SP-4,SP-1,0.0,17.0,0.15040817284689192
Oakley,,032440008,SP-4,SP-1,0.0,17.0,0.22007990748063755
Oakley,,032420050,SP-4,SP-1,0.0,17.0,0.1503577100150169
Oakley,,032440003,SP-4,SP-1,0.0,17.0,0.15236512842351477
Oakley,,032440005,SP-4,SP-1,0.0,17.0,0.14382018108803277
Oakley,,032440004,SP-4,SP-1,0.0,17.0,0.1496207147150286
Oakley,,032440001,SP-4,SP-1,0.0,17.0,0.36453418959906353
Oakley,,032440002,SP-4,SP-1,0.0,17.0,0.33313468857138046
Oakley,,032440006,SP-4,SP-1,0.0,17.0,0.22702879531834888
Oakley,,032420019,SP-4,SP-1,0.0,17.0,0.17942228372789398
Oakley,,032420021,SP-4,SP-1,0.0,17.0,0.14549371264892225
Oakley,,032420020,SP-4,SP-1,0.0,17.0,0.1465263293784385
Oakley,,032420049,SP-4,SP-1,0.0,17.0,0.16794268922332106
Oakley,,032420048,SP-4,SP-1,0.0,17.0,0.14088928880534868
Oakley,,032420047,SP-4,SP-1,0.0,17.0,0.14088980512600938
Oakley,,032420046,SP-4,SP-1,0.0,17.0,0.14089025608003808
Oakley,,032420022,SP-4,SP-1,0.0,17.0,0.14446135815486352
Oakley,,032420045,SP-4,SP-1,0.0,17.0,0.14088962273107916
Oakley,,032420044,SP-4,SP-1,0.0,17.0,0.14088883219138948
Oakley,,032420043,SP-4,SP-1,0.0,17.0,0.14090373255134228
Oakley,,032420054,SP-4,SP-1,0.0,17.0,0.12625484210292134
Oakley,,032420051,SP-4,SP-1,0.0,17.0,0.1262580042095375
Oakley,,032420052,SP-4,SP-1,0.0,17.0,0.12625593181937064
Oakley,,032420053,SP-4,SP-1,0.0,17.0,0.12625563671843576
Oakley,,032420078,SP-4,SP-1,0.0,17.0,0.1262563519641572
Oakley,,032420079,SP-4,SP-1,0.0,17.0,0.1262563289013798
Oakley,,032420077,SP-4,SP-1,0.0,17.0,0.12625542222039898
Oakley,,032420076,SP-4,SP-1,0.0,17.0,0.12625675593112545
Oakley,,032420075,SP-4,SP-1,0.0,17.0,0.1262527650084454
Oakley,,032420073,SP-4,SP-1,0.0,17.0,0.1262558186038562
Oakley,,032420074,SP-4,SP-1,0.0,17.0,0.1262598510357639
Oakley,,032420057,SP-4,SP-1,0.0,17.0,0.1262614684884589
Oakley,,032420055,SP-4,SP-1,0.0,17.0,0.12625849959522295
Oakley,,032420056,SP-4,SP-1,0.0,17.0,0.12625244734746804
Oakley,,032420042,SP-4,SP-1,0.0,17.0,0.14087433774262703
Oakley,,032420060,SP-4,SP-1,0.0,17.0,0.12625614635630636
Oakley,,032420059,SP-4,SP-1,0.0,17.0,0.1262570444825214
Oakley,,032420058,SP-4,SP-1,0.0,17.0,0.12625604033642093
Oakley,,032420072,SP-4,SP-1,0.0,17.0,0.12625712435285244
Oakley,,032420071,SP-4,SP-1,0.0,17.0,0.12625579062823386
Oakley,,032420070,SP-4,SP-1,0.0,17.0,0.12625579066986314
Oakley,,032420069,SP-4,SP-1,0.0,17.0,0.12625459492640315
Oakley,,032420061,SP-4,SP-1,0.0,17.0,0.12625597017922643
Oakley,,032420062,SP-4,SP-1,0.0,17.0,0.12625579064164763
Oakley,,032420068,SP-4,SP-1,0.0,17.0,0.12625647650268185
Oakley,,032420066,SP-4,SP-1,0.0,17.0,0.11936862598966502
Oakley,,032420065,SP-4,SP-1,0.0,17.0,0.11936908862081846
Oakley,,032420064,SP-4,SP-1,0.0,17.0,0.14214586710801694
Oakley,,032420063,SP-4,SP-1,0.0,17.0,0.12625598621096684
Oakley,,032420036,SP-4,SP-1,0.0,17.0,0.12869009629109307
Oakley,,032420034,SP-4,SP-1,0.0,17.0,0.11926376887905117
Oakley,,032420038,SP-4,SP-1,0.0,17.0,0.13843193628063777
Oakley,,032420037,SP-4,SP-1,0.0,17.0,0.1335614089354051
Oakley,,032420039,SP-4,SP-1,0.0,17.0,0.14089028405001006
Oakley,,032420040,SP-4,SP-1,0.0,17.0,0.14089062554690301
Oakley,,032420041,SP-4,SP-1,0.0,17.0,0.14088905260830095
Oakley,,032420029,SP-4,SP-1,0.0,17.0,0.13722617407564036
Oakley,,032420028,SP-4,SP-1,0.0,17.0,0.13825990224827747
Oakley,,032420030,SP-4,SP-1,0.0,17.0,0.1388138903510685
Oakley,,032420031,SP-4,SP-1,0.0,17.0,0.14038083757295644
Oakley,,032420032,SP-4,SP-1,0.0,17.0,0.13256321271636043
Oakley,,032420007,SP-4,SP-1,0.0,17.0,0.12467100252098175
Oakley,,032420006,SP-4,SP-1,0.0,17.0,0.14455284158554685
Oakley,,032420005,SP-4,SP-1,0.0,17.0,0.1561178126129341
Oakley,,032420008,SP-4,SP-1,0.0,17.0,0.12481282535770481
Oakley,,032420009,SP-4,SP-1,0.0,17.0,0.12495410329910073
Oakley,,032420010,SP-4,SP-1,0.0,17.0,0.1250913094294345
Oakley,,032420012,SP-4,SP-1,0.0,17.0,0.12539282264711285
Oakley,,032420011,SP-4,SP-1,0.0,17.0,0.12524450782565025
Oakley,,032420026,SP-4,SP-1,0.0,17.0,0.14032381943500133
Oakley,,032420027,SP-4,SP-1,0.0,17.0,0.1392928956868361
Oakley,,032420025,SP-4,SP-1,0.0,17.0,0.14136308427662195
Oakley,,032420024,SP-4,SP-1,0.0,17.0,0.14239378913379006
Oakley,,032420023,SP-4,SP-1,0.0,17.0,0.14342667274923035
Oakley,,032420013,SP-4,SP-1,0.0,17.0,0.12552556478927981
Oakley,,032420014,SP-4,SP-1,0.0,17.0,0.12565663078270917
Oakley,,032420015,SP-4,SP-1,0.0,17.0,0.12579946719051652
Oakley,,032420016,SP-4,SP-1,0.0,17.0,0.12596811977496042
Oakley,,032420017,SP-4,SP-1,0.0,17.0,0.12610739841111965
Oakley,,032420018,SP-4,SP-1,0.0,17.0,0.12273667708547728
Oakley,,032440033,SP-4,SP-1,0.0,17.0,0.24093641678302188
Oakley,,032440007,SP-4,SP-1,0.0,17.0,0.14979286590519794
Oakley,,032440012,SP-4,SP-1,0.0,17.0,0.2450744399185173
Oakley,,020140048,SP-4,SP-1,0.0,17.0,115.63944292560888
Oakley,,032420002,SP-4,SP-1,0.0,17.0,0.11691712676268727
Oakley,,032420003,SP-4,SP-1,0.0,17.0,0.1282219268816443
Oakley,,032420004,SP-4,SP-1,0.0,17.0,0.14646626107927674
Oakley,,032420001,SP-4,SP-1,0.0,17.0,0.11673963865622645
Oakley,,032410019,SP-4,SP-1,0.0,17.0,0.11652512457308009
Oakley,,032410018,SP-4,SP-1,0.0,17.0,0.1163463228257494
Oakley,,032410017,SP-4,SP-1,0.0,17.0,0.11616868226651926
Oakley,,032410046,SP-4,SP-1,0.0,17.0,0.1147787478459098
Oakley,,032410047,SP-4,SP-1,0.0,17.0,0.1818620586471469
Oakley,,032420033,SP-4,SP-1,0.0,17.0,0.2026555131142511
Oakley,,032420035,SP-4,SP-1,0.0,17.0,0.14198263349247192
Oakley,,032410048,SP-4,SP-1,0.0,17.0,0.5811350490206836
Oakley,,032410042,SP-4,SP-1,0.0,17.0,0.12303273176012819
Oakley,,032410043,SP-4,SP-1,0.0,17.0,0.11477917289329512
Oakley,,032410044,SP-4,SP-1,0.0,17.0,0.11477600951085408
Oakley,,032410045,SP-4,SP-1,0.0,17.0,0.1147784733669247
Oakley,,032410015,SP-4,SP-1,0.0,17.0,0.1158118248682552
Oakley,,032410016,SP-4,SP-1,0.0,17.0,0.11599104799648614
Oakley,,032410014,SP-4,SP-1,0.0,17.0,0.11564740067108635
Oakley,,032410012,SP-4,SP-1,0.0,17.0,0.1214306640823922
Oakley,,032410013,SP-4,SP-1,0.0,17.0,0.11563413295439584
Oakley,,032410041,SP-4,SP-1,0.0,17.0,0.15782750340205437
Oakley,,032410011,SP-4,SP-1,0.0,17.0,0.12444381047590698
Oakley,,032410010,SP-4,SP-1,0.0,17.0,0.12948695147172737
Oakley,,032410009,SP-4,SP-1,0.0,17.0,0.13530011789478386
Oakley,,032410025,SP-4,SP-1,0.0,17.0,0.1561862965768138
Oakley,,032410026,SP-4,SP-1,0.0,17.0,0.14921094028055804
Oakley,,032410027,SP-4,SP-1,0.0,17.0,0.14921329122895668
Oakley,,032410004,SP-4,SP-1,0.0,17.0,0.2405564173491991
Oakley,,032410028,SP-4,SP-1,0.0,17.0,0.17103916082663806
Oakley,,032410005,SP-4,SP-1,0.0,17.0,0.16014129845700614
Oakley,,032410006,SP-4,SP-1,0.0,17.0,0.14217975222638413
Oakley,,032410007,SP-4,SP-1,0.0,17.0,0.14370223444293143
Oakley,,032410008,SP-4,SP-1,0.0,17.0,0.14274450683106873
Oakley,,032410029,SP-4,SP-1,0.0,17.0,0.1825347343452102
Oakley,,032410030,SP-4,SP-1,0.0,17.0,0.16069205370457462
Oakley,,032410031,SP-4,SP-1,0.0,17.0,0.18221530322167825
Oakley,,032410032,SP-4,SP-1,0.0,17.0,0.2144475350405939
Oakley,,032410040,SP-4,SP-1,0.0,17.0,0.15339549417608087
Oakley,,032410039,SP-4,SP-1,0.0,17.0,0.15508663370331305
Oakley,,032410037,SP-4,SP-1,0.0,17.0,0.11477955647083386
Oakley,,032410038,SP-4,SP-1,0.0,17.0,0.11478026237397704
Oakley,,032410036,SP-4,SP-1,0.0,17.0,0.13663745531326107
Oakley,,032420067,SP-4,SP-1,0.0,17.0,0.1420960104646094
Oakley,,032410035,SP-4,SP-1,0.0,17.0,0.18433237100782188
Oakley,,032410020,SP-4,SP-1,0.0,17.0,0.17279277667050605
Oakley,,032410021,SP-4,SP-1,0.0,17.0,0.15070241481000488
Oakley,,032410022,SP-4,SP-1,0.0,17.0,0.15070476547813122
Oakley,,032410034,SP-4,SP-1,0.0,17.0,0.1622957977547653
Oakley,,032410033,SP-4,SP-1,0.0,17.0,0.1882669409534388
Oakley,,032410023,SP-4,SP-1,0.0,17.0,0.1823613136202894
Oakley,,032410024,SP-4,SP-1,0.0,17.0,0.19541280775905615
Oakley,,032410002,SP-4,SP-1,0.0,17.0,0.15070432838868347
Oakley,,032410003,SP-4,SP-1,0.0,17.0,0.1507038149216765
Oakley,,032370016,SP-4,SP-1,0.0,17.0,7.6
Oakley,,032370026,SP-4,SP-1,0.0,17.0,3.529
Oakley,,032370023,SP-4,SP-1,0.0,17.0,1.3
Oakley,,032380004,SP-4,SP-1,0.0,17.0,0.1979291752495044
Oakley,,032380005,SP-4,SP-1,0.0,17.0,0.19792836625661192
Oakley,,032380006,SP-4,SP-1,0.0,17.0,0.1980408853519617
Oakley,,032380007,SP-4,SP-1,0.0,17.0,0.22321661169093082
Oakley,,032380008,SP-4,SP-1,0.0,17.0,0.22321459249548595
Oakley,,032380009,SP-4,SP-1,0.0,17.0,0.21737546450996087
Oakley,,032380010,SP-4,SP-1,0.0,17.0,0.2253189789466168
Oakley,,032380011,SP-4,SP-1,0.0,17.0,0.3619354419586559
Oakley,,032370027,SP-4,SP-1,0.0,17.0,0.58
Oakley,,032370025,SP-4,SP-1,0.0,17.0,3.536
Oakley,,032370038,SP-4,SP-1,0.0,17.0,16.17
Oakley,,032050004,SP-4,SP-1,0.0,17.0,3.304
Oakley,,032370021,SP-4,SP-1,0.0,17.0,0.25
Oakley,,032370022,SP-4,SP-1,0.0,17.0,0.2
Oakley,,032370044,SP-4,SP-1,0.0,17.0,3.61
Oakley,,032070022,SP-4,SP-1,0.0,17.0,1.71
Oakley,,032070023,SP-4,SP-1,0.0,17.0,1.0
Oakley,,032070018,SP-4,SP-1,0.0,17.0,1.0
Oakley,,032070019,SP-4,SP-1,0.0,17.0,1.0
Oakley,,032070016,SP-4,SP-1,0.0,17.0,1.8
Oakley,,032070021,SP-4,SP-1,0.0,17.0,2.0
Oakley,,032070020,SP-4,SP-1,0.0,17.0,2.0
Oakley,,032070011,SP-4,SP-1,0.0,17.0,2.0
Oakley,,032070010,SP-4,SP-1,0.0,17.0,1.0
Oakley,,032070009,SP-4,SP-1,0.0,17.0,1.0
Oakley,,032070008,SP-4,SP-1,0.0,17.0,1.0
Oakley,,032070007,SP-4,SP-1,0.0,17.0,1.0
Oakley,,032070006,SP-4,SP-1,0.0,17.0,2.0
Oakley,,032082013,SP-4,SP-1,0.0,17.0,259.0375894133803
Oakley,,032270803,SP-4,SP-1,0.0,17.0,259.0375894133803
Oakley,,703208003,SP-4,SP-1,0.0,17.0,259.0375894133803
Oakley,,032060017,SP-4,SP-1,0.0,17.0,1.0
Oakley,,032070005,SP-4,SP-1,0.0,17.0,1.0
Oakley,,032070024,SP-4,SP-1,0.0,17.0,2.0
Oakley,,032070002,SP-4,SP-1,0.0,17.0,1.0
Oakley,,032070001,SP-4,SP-1,0.0,17.0,1.0
Oakley,,032060016,SP-4,SP-1,0.0,17.0,1.0
Oakley,,032060018,SP-4,SP-1,0.0,17.0,1.0
Oakley,,032060019,SP-4,SP-1,0.0,17.0,2.0
Oakley,,032060014,SP-4,SP-1,0.0,17.0,2.0
Oakley,,032060013,SP-4,SP-1,0.0,17.0,1.0
Oakley,,032060012,SP-4,SP-1,0.0,17.0,1.0
Oakley,,032060011,SP-4,SP-1,0.0,17.0,1.0
Oakley,,032060009,SP-4,SP-1,0.0,17.0,1.0
Oakley,,032060008,SP-4,SP-1,0.0,17.0,0.5
Oakley,,032060007,SP-4,SP-1,0.0,17.0,0.5
Oakley,,032060006,SP-4,SP-1,0.0,17.0,1.0
Oakley,,032060005,SP-4,SP-1,0.0,17.0,1.0
Oakley,,032060004,SP-4,SP-1,0.0,17.0,1.0
Oakley,,032060010,SP-4,SP-1,0.0,17.0,1.0
Oakley,,032060003,SP-4,SP-1,0.0,17.0,1.0
Oakley,,032060002,SP-4,SP-1,0.0,17.0,1.0
Oakley,,032060001,SP-4,SP-1,0.0,17.0,0.92
Oakley,,032050003,SP-4,SP-1,0.0,17.0,184.47362125559067
Oakley,,033140019,Residential Very Low,R-15,0.0,2.9,5.3
Oakley,,033140004,Residential Very Low,R-15,0.0,2.9,10.1
Oakley,,033130055,Rural Residential,R-40,0.0,1.1,5.405690528086628
Oakley,,033130056,Rural Residential,R-40,0.0,1.1,4.960490833957127
Oakley,,033130054,Rural Residential,R-40,0.0,1.1,5.713637634079499
Oakley,,033130048,Rural Residential,R-40,0.0,1.1,2.04
Oakley,,033130041,Rural Residential,R-40,0.0,1.1,3.8
Oakley,,033130047,Rural Residential,R-40,0.0,1.1,2.09
Oakley,,033130046,Rural Residential,R-40,0.0,1.1,2.1
Oakley,,033130053,Rural Residential,R-40,0.0,1.1,1.18
Oakley,,033130052,Rural Residential,R-40,0.0,1.1,1.6
Oakley,,033130065,Rural Residential,R-40,0.0,1.1,1.35
Oakley,,033130059,Rural Residential,R-40,0.0,1.1,1.2
Oakley,,033130058,Rural Residential,R-40,0.0,1.1,1.35
Oakley,,033130057,Rural Residential,R-40,0.0,1.1,11.04
Oakley,,033130051,Rural Residential,R-40,0.0,1.1,1.08
Oakley,,033130060,Rural Residential,R-40,0.0,1.1,1.2
Oakley,,033130067,Rural Residential,AL,0.0,0.0,1.2
Oakley,,033130066,Rural Residential,AL,0.0,0.0,1.2
Oakley,,033130031,Rural Residential,R-40,0.0,1.1,0.188
Oakley,,033130017,Public and Semi-Public,P,0.0,0.0,3.64
Oakley,,033130038,Rural Residential,R-40,0.0,1.1,1.16
Oakley,,033130039,Rural Residential,R-40,0.0,1.1,1.17
Oakley,,033130064,Rural Residential,AL,0.0,0.0,1.0
Oakley,,033130063,Rural Residential,AL,0.0,0.0,1.0
Oakley,,033130069,Rural Residential,AL,0.0,0.0,1.004
Oakley,,033130071,Rural Residential,R-40,0.0,1.1,1.06
Oakley,,033130032,Rural Residential,R-40,0.0,1.1,3.46
Oakley,,033233001,Rural Residential,R-40,0.0,1.1,0.9253954413780406
Oakley,,033130035,Rural Residential,R-40,0.0,1.1,2.2
Oakley,,033130022,Rural Residential,R-40,0.0,1.1,0.83
Oakley,,033130020,Rural Residential,R-40,0.0,1.1,1.1
Oakley,,033130024,Rural Residential,R-40,0.0,1.1,1.09
Oakley,,033130023,Rural Residential,R-40,0.0,1.1,1.26
Oakley,,033130021,Rural Residential,R-40,0.0,1.1,0.96
Oakley,,033200015,Rural Residential,R-40,0.0,1.1,1.0224845685925867
Oakley,,034600013,Residential Low,P-1,0.0,24.0,0.1491766449962123
Oakley,,034600014,Residential Low,P-1,0.0,24.0,0.24826268525320125
Oakley,,034620018,Residential Low,P-1,0.0,24.0,0.11826604745696816
Oakley,,034620017,Residential Low,P-1,0.0,24.0,0.1182521761621756
Oakley,,034620016,Residential Low,P-1,0.0,24.0,0.11987068171476
Oakley,,034620015,Residential Low,P-1,0.0,24.0,0.12358704067229216
Oakley,,034620013,Residential Low,P-1,0.0,24.0,0.12358702791390366
Oakley,,034620012,Residential Low,P-1,0.0,24.0,0.12358649445582921
Oakley,,034620014,Residential Low,P-1,0.0,24.0,0.12358593659489758
Oakley,,034620052,Residential Low,P-1,0.0,24.0,0.11879697254881032
Oakley,,034620051,Residential Low,P-1,0.0,24.0,0.13209071090781813
Oakley,,034620069,Residential Low,P-1,0.0,24.0,0.21044816993221924
Oakley,,034620053,Residential Low,P-1,0.0,24.0,0.11417791177903387
Oakley,,034620054,Residential Low,P-1,0.0,24.0,0.11417775175942317
Oakley,,034620067,Residential Low,P-1,0.0,24.0,0.1210999835473266
Oakley,,034620068,Residential Low,P-1,0.0,24.0,0.12310063185684393
Oakley,,034620056,Residential Low,P-1,0.0,24.0,0.12246589782399746
Oakley,,034620055,Residential Low,P-1,0.0,24.0,0.1331494378788548
Oakley,,034620009,Residential Low,P-1,0.0,24.0,0.1321026022730147
Oakley,,034620010,Residential Low,P-1,0.0,24.0,0.1565783460623404
Oakley,,034620011,Residential Low,P-1,0.0,24.0,0.12354774955576112
Oakley,,034600015,Residential Low,P-1,0.0,24.0,0.22818791993609755
Oakley,,034600016,Residential Low,P-1,0.0,24.0,0.1871229584544981
Oakley,,034620001,Residential Low,P-1,0.0,24.0,0.14729816392335746
Oakley,,034620003,Residential Low,P-1,0.0,24.0,0.12355609035947315
Oakley,,034620004,Residential Low,P-1,0.0,24.0,0.11846301235057159
Oakley,,034620005,Residential Low,P-1,0.0,24.0,0.1213062640676011
Oakley,,034620006,Residential Low,P-1,0.0,24.0,0.12358587295881342
Oakley,,034620007,Residential Low,P-1,0.0,24.0,0.12358672470321826
Oakley,,034620008,Residential Low,P-1,0.0,24.0,0.1235856174116998
Oakley,,034620059,Residential Low,P-1,0.0,24.0,0.11719718355478663
Oakley,,034620058,Residential Low,P-1,0.0,24.0,0.11660342281181572
Oakley,,034620057,Residential Low,P-1,0.0,24.0,0.11454189743653634
Oakley,,034620063,Residential Low,P-1,0.0,24.0,0.16799204835373488
Oakley,,034620060,Residential Low,P-1,0.0,24.0,0.11869208003851779
Oakley,,034620062,Residential Low,P-1,0.0,24.0,0.14955889694197863
Oakley,,034620061,Residential Low,P-1,0.0,24.0,0.15059101302434402
Oakley,,034620002,Residential Low,P-1,0.0,24.0,0.15367165396986393
Oakley,,034510013,Residential Low,P-1,0.0,24.0,0.1721751369452513
Oakley,,034510012,Residential Low,P-1,0.0,24.0,0.1721748312928234
Oakley,,034610036,Residential Low,P-1,0.0,24.0,0.11708171991796393
Oakley,,034610035,Residential Low,P-1,0.0,24.0,0.11708042923069462
Oakley,,034610029,Residential Low,P-1,0.0,24.0,0.11707910865874575
Oakley,,034610028,Residential Low,P-1,0.0,24.0,0.1170800993027067
Oakley,,034610030,Residential Low,P-1,0.0,24.0,0.11918396180224523
Oakley,,034610034,Residential Low,P-1,0.0,24.0,0.16556959807864535
Oakley,,034610031,Residential Low,P-1,0.0,24.0,0.20569941782844384
Oakley,,034610032,Residential Low,P-1,0.0,24.0,0.16321354872858473
Oakley,,034610033,Residential Low,P-1,0.0,24.0,0.14658008480512086
Oakley,,034600038,Residential Low,P-1,0.0,24.0,0.19747615773147176
Oakley,,034600039,Residential Low,P-1,0.0,24.0,0.18709710593063722
Oakley,,034600036,Residential Low,P-1,0.0,24.0,0.12166010895289193
Oakley,,034600035,Residential Low,P-1,0.0,24.0,0.12165835295657022
Oakley,,034600033,Residential High,P-1,0.0,24.0,0.12348626211073804
Oakley,,034600032,Residential High,P-1,0.0,24.0,0.12167336476563284
Oakley,,034600031,Residential Low,P-1,0.0,24.0,0.12167319911586552
Oakley,,034600030,Residential Low,P-1,0.0,24.0,0.12166511233412589
Oakley,,034600037,Residential Low,P-1,0.0,24.0,0.15390665694757683
Oakley,,034600023,Residential High,P-1,0.0,24.0,0.14663771117209676
Oakley,,034600029,Residential Low,P-1,0.0,24.0,0.1823795838791189
Oakley,,034600028,Residential Low,P-1,0.0,24.0,0.22641462633796652
Oakley,,034600027,Residential Low,P-1,0.0,24.0,0.1679453803019153
Oakley,,034600019,Residential Low,P-1,0.0,24.0,0.11707687447443071
Oakley,,034600025,Residential Low,P-1,0.0,24.0,0.16178190562523545
Oakley,,034600026,Residential Low,P-1,0.0,24.0,0.1729945139904264
Oakley,,034600017,Residential Low,P-1,0.0,24.0,0.15477413989969385
Oakley,,034600018,Residential Low,P-1,0.0,24.0,0.12380507102667683
Oakley,,034600010,Residential Low,P-1,0.0,24.0,0.1170891245980847
Oakley,,034600009,Residential Low,P-1,0.0,24.0,0.11708805007973684
Oakley,,034600008,Residential High,P-1,0.0,24.0,0.11708833886104245
Oakley,,034600020,Residential Low,P-1,0.0,24.0,0.11707475464493407
Oakley,,034600024,Residential Low,P-1,0.0,24.0,0.14060599338468277
Oakley,,034600047,Residential High,P-1,0.0,24.0,0.1545885348546081
Oakley,,034600046,Residential High,P-1,0.0,24.0,0.25329325993853075
Oakley,,034600005,Residential High,P-1,0.0,24.0,0.2579385793104432
Oakley,,034600003,Residential High,P-1,0.0,24.0,0.11770386842320793
Oakley,,034600004,Residential High,P-1,0.0,24.0,0.1425646361278399
Oakley,,034600021,Residential High,P-1,0.0,24.0,0.1170741930773443
Oakley,,034600022,Residential High,P-1,0.0,24.0,0.12367068648942292
Oakley,,034600001,Residential High,P-1,0.0,24.0,0.12431785541556392
Oakley,,034600002,Residential High,P-1,0.0,24.0,0.11770264857004863
Oakley,,034540053,Residential High,P-1,0.0,24.0,0.11478426413349503
Oakley,,034540051,Residential High,P-1,0.0,24.0,0.11225605873227727
Oakley,,034540052,Residential High,P-1,0.0,24.0,0.11478539769773319
Oakley,,034540040,Residential High,P-1,0.0,24.0,0.12167195022756151
Oakley,,034540041,Residential High,P-1,0.0,24.0,0.12166929631529336
Oakley,,034540042,Residential High,P-1,0.0,24.0,0.12167069156786937
Oakley,,034540050,Residential High,P-1,0.0,24.0,0.11478567509991464
Oakley,,034540049,Residential High,P-1,0.0,24.0,0.11478357562528196
Oakley,,034540048,Residential High,P-1,0.0,24.0,0.11478378176185322
Oakley,,034540047,Residential Medium,P-1,0.0,24.0,0.11503498749183377
Oakley,,034540046,Residential Medium,P-1,0.0,24.0,0.12193366895857398
Oakley,,034540045,Residential High,P-1,0.0,24.0,0.1668907043860271
Oakley,,034540044,Residential High,P-1,0.0,24.0,0.1320356162633985
Oakley,,034540043,Residential High,P-1,0.0,24.0,0.12521018330569025
Oakley,,034540027,Residential High,P-1,0.0,24.0,0.13057084700911825
Oakley,,034540026,Residential High,P-1,0.0,24.0,0.12789308725824966
Oakley,,034540025,Residential High,P-1,0.0,24.0,0.12258720242809974
Oakley,,034540024,Residential Medium,P-1,0.0,24.0,0.14324408982821796
Oakley,,034600011,Residential Low,P-1,0.0,24.0,0.12451961750108641
Oakley,,034600012,Residential Low,P-1,0.0,24.0,0.13320587248708118
Oakley,,034530005,Residential High,P-1,0.0,24.0,0.16104495805879437
Oakley,,034530004,Residential High,P-1,0.0,24.0,0.22916254731716387
Oakley,,034530001,Residential High,P-1,0.0,24.0,0.11659701571678298
Oakley,,034530034,Residential High,P-1,0.0,24.0,0.16947663686941802
Oakley,,034540005,Residential High,P-1,0.0,24.0,0.12166995231658861
Oakley,,034540006,Residential High,P-1,0.0,24.0,0.1216696813992452
Oakley,,034540004,Residential High,P-1,0.0,24.0,0.12167298741190818
Oakley,,034540002,Residential High,P-1,0.0,24.0,0.13522505673762367
Oakley,,034540003,Residential High,P-1,0.0,24.0,0.12167141103716919
Oakley,,034530002,Residential High,P-1,0.0,24.0,0.11541585393845935
Oakley,,034530003,Residential High,P-1,0.0,24.0,0.12667793476628403
Oakley,,034540001,Residential High,P-1,0.0,24.0,0.22621661604051832
Oakley,,034540015,Residential High,P-1,0.0,24.0,0.14163632384587138
Oakley,,034540014,Residential High,P-1,0.0,24.0,0.17205578529230442
Oakley,,034540013,Residential High,P-1,0.0,24.0,0.114784201870461
Oakley,,034540012,Residential High,P-1,0.0,24.0,0.11478394547023968
Oakley,,034540011,Residential High,P-1,0.0,24.0,0.11478579517349419
Oakley,,034540017,Residential High,P-1,0.0,24.0,0.17974219561380925
Oakley,,034540018,Residential High,P-1,0.0,24.0,0.1440328278727163
Oakley,,034540016,Residential High,P-1,0.0,24.0,0.1768072871394888
Oakley,,034540023,Residential High,P-1,0.0,24.0,0.23790744465667507
Oakley,,034540022,Residential High,P-1,0.0,24.0,0.16171796283973622
Oakley,,034540021,Residential High,P-1,0.0,24.0,0.1984522831223241
Oakley,,034540019,Residential High,P-1,0.0,24.0,0.11723221449465317
Oakley,,034540020,Residential High,P-1,0.0,24.0,0.121738080141004
Oakley,,034540010,Residential High,P-1,0.0,24.0,0.11478390151598705
Oakley,,034540009,Residential High,P-1,0.0,24.0,0.12642155317668402
Oakley,,034540032,Residential High,P-1,0.0,24.0,0.1148684537292691
Oakley,,034540031,Residential High,P-1,0.0,24.0,0.12396653198090805
Oakley,,034540030,Residential High,P-1,0.0,24.0,0.11937729925604744
Oakley,,034540029,Residential High,P-1,0.0,24.0,0.12396736576514777
Oakley,,034540028,Residential High,P-1,0.0,24.0,0.11717600672103355
Oakley,,034540039,Residential High,P-1,0.0,24.0,0.12167073896606147
Oakley,,034540037,Residential High,P-1,0.0,24.0,0.12166983703148469
Oakley,,034540038,Residential High,P-1,0.0,24.0,0.12167061897255863
Oakley,,034540054,Residential High,P-1,0.0,24.0,0.11225894617612095
Oakley,,034540036,Residential High,P-1,0.0,24.0,0.11478626388239242
Oakley,,034540035,Residential High,P-1,0.0,24.0,0.1306224889028993
Oakley,,034530007,Residential High,P-1,0.0,24.0,0.1170788054988091
Oakley,,034530006,Residential High,P-1,0.0,24.0,0.1283282802372206
Oakley,,034540034,Residential High,P-1,0.0,24.0,0.1260327848565687
Oakley,,034540033,Residential High,P-1,0.0,24.0,0.11945805153520779
Oakley,,034540007,Residential High,P-1,0.0,24.0,0.11478447911809059
Oakley,,034540008,Residential High,P-1,0.0,24.0,0.1329203216740265
Oakley,,034530033,Residential High,P-1,0.0,24.0,1.79
Oakley,,034530011,Residential High,P-1,0.0,24.0,0.13928742657009463
Oakley,,034530010,Residential High,P-1,0.0,24.0,0.14452122930811231
Oakley,,034530009,Residential High,P-1,0.0,24.0,0.13086840070421837
Oakley,,034530008,Residential High,P-1,0.0,24.0,0.1355888426847906
Oakley,,034530016,Residential Low,P-1,0.0,24.0,0.12957438992464412
Oakley,,034530017,Residential Low,P-1,0.0,24.0,0.14723130391863465
Oakley,,034530028,Residential Low,P-1,0.0,24.0,0.15207493830148838
Oakley,,034530025,Residential Low,P-1,0.0,24.0,0.11224791993250825
Oakley,,034530026,Residential Low,P-1,0.0,24.0,0.11478281354066117
Oakley,,034530018,Residential Low,P-1,0.0,24.0,0.14436844378875355
Oakley,,034530019,Residential High,P-1,0.0,24.0,0.11937043383157414
Oakley,,034530020,Residential High,P-1,0.0,24.0,0.12626155900720248
Oakley,,034530021,Residential High,P-1,0.0,24.0,0.11707941181621517
Oakley,,034530022,Residential High,P-1,0.0,24.0,0.12832823940611107
Oakley,,034530024,Residential Low,P-1,0.0,24.0,0.11225925439204443
Oakley,,034530023,Residential Low,P-1,0.0,24.0,0.11478268769140464
Oakley,,034540055,Residential High,P-1,0.0,24.0,0.11225748464595732
Oakley,,034540056,Residential High,P-1,0.0,24.0,0.11478428177503633
Oakley,,034600034,Residential Low,P-1,0.0,24.0,0.12227845141488336
Oakley,,034600041,Residential Low,P-1,0.0,24.0,0.12750246736627005
Oakley,,034600040,Residential Low,P-1,0.0,24.0,0.11991396187766176
Oakley,,034600042,Residential Low,P-1,0.0,24.0,0.16837855947138722
Oakley,,034600043,Residential Low,P-1,0.0,24.0,0.17496926133508142
Oakley,,034530035,Residential Low,P-1,0.0,24.0,0.15137469679407783
Oakley,,034610020,Residential Low,P-1,0.0,24.0,0.13540195640513922
Oakley,,034610019,Residential Low,P-1,0.0,24.0,0.15832788373127585
Oakley,,034610022,Residential Low,P-1,0.0,24.0,0.1534921398889669
Oakley,,034610021,Residential Low,P-1,0.0,24.0,0.16468441671421521
Oakley,,034610026,Residential Low,P-1,0.0,24.0,0.12396713001440715
Oakley,,034610025,Residential Low,P-1,0.0,24.0,0.1256828810828516
Oakley,,034610024,Residential Low,P-1,0.0,24.0,0.13603379636026997
Oakley,,034610016,Residential Low,P-1,0.0,24.0,0.11708025743895922
Oakley,,034610023,Residential Low,P-1,0.0,24.0,0.14848962049046327
Oakley,,034610017,Residential Low,P-1,0.0,24.0,0.11952559524537545
Oakley,,034610018,Residential Low,P-1,0.0,24.0,0.13618635031737658
Oakley,,034610001,Residential Low,P-1,0.0,24.0,0.1360687841290929
Oakley,,034520064,Residential Low,P-1,0.0,24.0,0.193
Oakley,,034610002,Residential Low,P-1,0.0,24.0,0.14442445317080035
Oakley,,034610004,Residential Low,P-1,0.0,24.0,0.128889319420455
Oakley,,034610003,Residential Low,P-1,0.0,24.0,0.13931398372885276
Oakley,,034520063,Residential Very Low,P-1,0.0,24.0,0.176
Oakley,,034520037,Commercial,P-1,0.0,24.0,0.11951954848156668
Oakley,,034520038,Commercial,P-1,0.0,24.0,0.10930741094571224
Oakley,,034520039,Commercial,P-1,0.0,24.0,0.11252481626605274
Oakley,,034530032,Residential Low,P-1,0.0,24.0,0.12867152175520444
Oakley,,034530031,Residential Low,P-1,0.0,24.0,0.11248739339204938
Oakley,,034530029,Residential Low,P-1,0.0,24.0,0.12635158067678046
Oakley,,034530030,Residential Low,P-1,0.0,24.0,0.11470587825486768
Oakley,,034530015,Residential Low,P-1,0.0,24.0,0.1170808399245147
Oakley,,034530014,Residential Low,P-1,0.0,24.0,0.1282486450850684
Oakley,,034530012,Residential High,P-1,0.0,24.0,0.12501105633963674
Oakley,,034530013,Residential High,P-1,0.0,24.0,0.13374271470279323
Oakley,,034040032,Commercial,P-1,0.0,24.0,1.204
Oakley,,034040031,Commercial,P-1,0.0,24.0,1.162
Oakley,,034520042,Commercial,P-1,0.0,24.0,0.1284391711788866
Oakley,,034520041,Commercial,P-1,0.0,24.0,0.12660817398582686
Oakley,,034520040,Commercial,P-1,0.0,24.0,0.15719968185392225
Oakley,,034520054,Commercial,P-1,0.0,24.0,0.13515328047711658
Oakley,,034520055,Commercial,P-1,0.0,24.0,0.15301906721045336
Oakley,,034520056,Commercial,P-1,0.0,24.0,0.1133742308715127
Oakley,,034520057,Commercial,P-1,0.0,24.0,0.1213245381304285
Oakley,,034520058,Commercial,P-1,0.0,24.0,0.16796444346748915
Oakley,,034040027,Commercial,P-1,0.0,24.0,0.638
Oakley,,034040015,Residential High,P-1,0.0,24.0,9.922
Oakley,,034040028,Commercial,P-1,0.0,24.0,3.98
Oakley,,034520059,Commercial,P-1,0.0,24.0,0.7702243013223202
Oakley,,034030005,Commercial,C,0.0,0.0,2.5
Oakley,,053071047,Agriculture,A-4,0.0,0.05,5.1
Oakley,,034360099,Residential Low,P-1,0.0,24.0,0.18462665361344321
Oakley,,034360098,Residential Low,P-1,0.0,24.0,0.2881304425908947
Oakley,,053071020,Agriculture,A-4,0.0,0.05,5.18
Oakley,,053071056,Residential High,P-1,0.0,24.0,4.522
Oakley,,053071009,Public and Semi-Public,P,0.0,0.0,10.0
Oakley,,04102C001,Residential Very Low,R-15,0.0,2.9,1.4799528111133329
Oakley,,053060025,Commercial,C,0.0,0.0,2.817
Oakley,,041021033,Residential Very Low,R-15,0.0,2.9,3.65
Oakley,,041330007,Residential Very Low,R-15,0.0,2.9,0.4305678834280914
Oakley,,041330006,Residential Very Low,R-15,0.0,2.9,0.36701346423402825
Oakley,,041330005,Residential Very Low,R-15,0.0,2.9,0.344989762314984
Oakley,,041330004,Residential Very Low,R-15,0.0,2.9,0.3443522458986408
Oakley,,041330003,Residential Very Low,R-15,0.0,2.9,0.34435164130930446
Oakley,,041330002,Residential Very Low,R-15,0.0,2.9,0.3443526482844794
Oakley,,041330001,Residential Very Low,R-15,0.0,2.9,0.35425325058704127
Oakley,,041152006,Residential Very Low,R-15,0.0,2.9,0.46
Oakley,,041152002,Residential Very Low,R-15,0.0,2.9,0.34
Oakley,,041152003,Residential Very Low,R-15,0.0,2.9,0.34
Oakley,,041152004,Residential Very Low,R-15,0.0,2.9,0.44763730103169075
Oakley,,041152005,Residential Very Low,R-15,0.0,2.9,0.45
Oakley,,041141001,Residential Very Low,R-15,0.0,2.9,0.39
Oakley,,041141002,Residential Very Low,R-15,0.0,2.9,0.34
Oakley,,041141003,Residential Very Low,R-15,0.0,2.9,0.34
Oakley,,041141004,Residential Very Low,R-15,0.0,2.9,0.34
Oakley,,041141005,Residential Very Low,R-15,0.0,2.9,0.35
Oakley,,041141006,Residential Very Low,R-15,0.0,2.9,0.4
Oakley,,041141007,Residential Very Low,R-15,0.0,2.9,0.4195058917278167
Oakley,,041050037,Residential Very Low,R-15,0.0,2.9,0.52
Oakley,,041050036,Residential Very Low,R-15,0.0,2.9,0.34
Oakley,,041050032,Residential Very Low,R-20,0.0,2.0,1.33
Oakley,,041050017,Residential Very Low,R-15,0.0,2.9,0.941
Oakley,,052400004,Rural Residential,R-40,0.0,1.1,0.986140182513058
Oakley,,052400002,Rural Residential,R-40,0.0,1.1,0.9745020072374959
Oakley,,052400003,Rural Residential,R-40,0.0,1.1,0.9231523832653448
Oakley,,052400001,Rural Residential,R-40,0.0,1.1,0.9566608194402595
Oakley,,052081009,Rural Residential,R-40,0.0,1.1,1.0014055883405562
Oakley,,052081008,Rural Residential,R-40,0.0,1.1,1.0864415088128885
Oakley,,052081007,Rural Residential,R-40,0.0,1.1,0.0
Oakley,,052082004,Rural Residential,R-40,0.0,1.1,0.0
Oakley,,052081005,Rural Residential,R-40,0.0,1.1,0.0
Oakley,,052081006,Rural Residential,R-40,0.0,1.1,0.0
Oakley,,052081003,Rural Residential,R-40,0.0,1.1,0.0
Oakley,,052081004,Rural Residential,R-40,0.0,1.1,0.0
Oakley,,052082006,Rural Residential,R-40,0.0,1.1,0.0
Oakley,,052082007,Rural Residential,R-40,0.0,1.1,0.0
Oakley,,052081001,Rural Residential,R-40,0.0,1.1,0.0
Oakley,,052081002,Rural Residential,R-40,0.0,1.1,0.0
Oakley,,052072004,Rural Residential,R-40,0.0,1.1,0.0
Oakley,,052072003,Rural Residential,R-40,0.0,1.1,0.0
Oakley,,051210023,Commercial,C,0.0,0.0,0.07
Oakley,,052192015,Rural Residential,R-40,0.0,1.1,0.81
Oakley,,052192014,Rural Residential,R-40,0.0,1.1,0.805
Oakley,,052192007,Rural Residential,R-40,0.0,1.1,0.92
Oakley,,052192013,Rural Residential,R-40,0.0,1.1,0.805
Oakley,,052072002,Rural Residential,R-40,0.0,1.1,0.0
Oakley,,052192012,Rural Residential,R-40,0.0,1.1,0.92
Oakley,,052192005,Rural Residential,R-40,0.0,1.1,0.0
Oakley,,052191008,Rural Residential,R-40,0.0,1.1,0.0
Oakley,,052192010,Rural Residential,R-40,0.0,1.1,1.0
Oakley,,052091005,Rural Residential,R-40,0.0,1.1,0.0
Oakley,,052092001,Rural Residential,R-40,0.0,1.1,0.0
Oakley,,052191010,Rural Residential,R-40,0.0,1.1,0.0
Oakley,,052191009,Rural Residential,R-40,0.0,1.1,0.0
Oakley,,052092003,Rural Residential,R-40,0.0,1.1,0.0
Oakley,,052092004,Rural Residential,R-40,0.0,1.1,0.0
Oakley,,052092002,Rural Residential,R-40,0.0,1.1,0.0
Oakley,,052091004,Rural Residential,R-40,0.0,1.1,0.0
Oakley,,052091003,Rural Residential,R-40,0.0,1.1,0.0
Oakley,,052091002,Rural Residential,R-40,0.0,1.1,0.0
Oakley,,052091001,Rural Residential,R-40,0.0,1.1,0.0
Oakley,,051210024,Commercial,C,0.0,0.0,0.19
Oakley,,052051023,Rural Residential,R-40,0.0,1.1,0.0
Oakley,,041080042,Residential Very Low,R-20,0.0,2.0,0.46
Oakley,,052051015,Rural Residential,R-40,0.0,1.1,9.063
Oakley,,041080040,Residential Very Low,R-20,0.0,2.0,0.474
Oakley,,037070005,Light Industrial,LI,0.0,0.0,0.22
Oakley,,037070006,Light Industrial,LI,0.0,0.0,0.93
Oakley,,037070013,Light Industrial,LI,0.0,0.0,0.5
Oakley,,037070019,Light Industrial,LI,0.0,0.0,0.228
Oakley,,037070004,Light Industrial,LI,0.0,0.0,0.48
Oakley,,037070018,Light Industrial,LI,0.0,0.0,0.271
Oakley,,037070020,Light Industrial,LI,0.0,0.0,0.5
Oakley,,037070025,Light Industrial,LI,0.0,0.0,1.305
Oakley,,037070002,Light Industrial,LI,0.0,0.0,3.45
Oakley,,041080049,Residential Very Low,R-20,0.0,2.0,0.507
Oakley,,041080005,Rural Residential,R-40,0.0,1.1,0.95
Oakley,,041080050,Residential Very Low,R-20,0.0,2.0,0.497
Oakley,,041080015,Rural Residential,R-40,0.0,1.1,0.0
Oakley,,041080014,Rural Residential,R-40,0.0,1.1,0.0
Oakley,,041080048,Residential Very Low,R-20,0.0,2.0,0.493
Oakley,,041080013,Rural Residential,R-40,0.0,1.1,0.0
Oakley,,041080045,Residential Very Low,R-20,0.0,2.0,0.459
Oakley,,041080046,Residential Very Low,R-20,0.0,2.0,0.459
Oakley,,041080044,Residential Very Low,R-20,0.0,2.0,0.46
Oakley,,041080041,Residential Very Low,R-20,0.0,2.0,0.469
Oakley,,041080043,Residential Very Low,R-20,0.0,2.0,0.47
Oakley,,041080047,Residential Very Low,R-20,0.0,2.0,0.481
Oakley,,041080012,Rural Residential,R-40,0.0,1.1,0.0
Oakley,,041080011,Rural Residential,R-40,0.0,1.1,0.0
Oakley,,041080016,Rural Residential,R-40,0.0,1.1,0.0
Oakley,,041080017,Rural Residential,R-40,0.0,1.1,0.0
Oakley,,041080030,Rural Residential,R-40,0.0,1.1,0.0
Oakley,,041080018,Rural Residential,R-40,0.0,1.1,0.0
Oakley,,041080019,Rural Residential,R-40,0.0,1.1,0.0
Oakley,,041080020,Rural Residential,R-40,0.0,1.1,0.0
Oakley,,041080029,Rural Residential,R-40,0.0,1.1,0.0
Oakley,,041080028,Rural Residential,R-40,0.0,1.1,0.0
Oakley,,041080026,Rural Residential,R-40,0.0,1.1,0.0
Oakley,,041061001,Rural Residential,R-40,0.0,1.1,0.0
Oakley,,041061006,Rural Residential,R-40,0.0,1.1,0.0
Oakley,,041061002,Rural Residential,R-40,0.0,1.1,0.0
Oakley,,052071001,Rural Residential,R-40,0.0,1.1,0.0
Oakley,,052191002,Rural Residential,R-40,0.0,1.1,0.0
Oakley,,052191001,Rural Residential,R-40,0.0,1.1,0.0
Oakley,,041080031,Rural Residential,R-40,0.0,1.1,0.0
Oakley,,041080032,Rural Residential,R-40,0.0,1.1,0.0
Oakley,,052191012,Rural Residential,R-40,0.0,1.1,0.0
Oakley,,052191011,Rural Residential,R-40,0.0,1.1,0.0
Oakley,,052191003,Rural Residential,R-40,0.0,1.1,0.0
Oakley,,052191004,Rural Residential,R-40,0.0,1.1,0.0
Oakley,,052071002,Rural Residential,R-40,0.0,1.1,0.0
Oakley,,052071004,Rural Residential,R-40,0.0,1.1,0.0
Oakley,,052191007,Rural Residential,R-40,0.0,1.1,0.0
Oakley,,052071003,Rural Residential,R-40,0.0,1.1,0.0
Oakley,,052191005,Rural Residential,R-40,0.0,1.1,0.0
Oakley,,052191006,Rural Residential,R-40,0.0,1.1,0.0
Oakley,,052071005,Rural Residential,R-40,0.0,1.1,0.0
Oakley,,052072001,Rural Residential,R-40,0.0,1.1,0.0
Oakley,,052073001,Rural Residential,R-40,0.0,1.1,0.0
Oakley,,052073002,Rural Residential,R-40,0.0,1.1,0.0
Oakley,,052082005,Rural Residential,R-40,0.0,1.1,0.0
Oakley,,052073004,Rural Residential,R-40,0.0,1.1,0.0
Oakley,,052073003,Rural Residential,R-40,0.0,1.1,0.0
Oakley,,052073005,Rural Residential,R-40,0.0,1.1,0.0
Oakley,,052073006,Rural Residential,R-40,0.0,1.1,0.0
Oakley,,052082003,Rural Residential,R-40,0.0,1.1,0.0
Oakley,,052082002,Rural Residential,R-40,0.0,1.1,0.0
Oakley,,052082001,Rural Residential,R-40,0.0,1.1,0.0
Oakley,,041062001,Rural Residential,R-40,0.0,1.1,0.0
Oakley,,041071006,Rural Residential,R-40,0.0,1.1,0.0
Oakley,,052073007,Rural Residential,R-40,0.0,1.1,0.0
Oakley,,041061003,Rural Residential,R-40,0.0,1.1,0.0
Oakley,,041061004,Rural Residential,R-40,0.0,1.1,0.0
Oakley,,041062005,Rural Residential,R-40,0.0,1.1,0.0
Oakley,,041061005,Rural Residential,R-40,0.0,1.1,0.0
Oakley,,041062006,Rural Residential,R-40,0.0,1.1,0.0
Oakley,,041062004,Rural Residential,R-40,0.0,1.1,0.0
Oakley,,041062003,Rural Residential,R-40,0.0,1.1,0.0
Oakley,,041071003,Rural Residential,R-40,0.0,1.1,0.0
Oakley,,041071002,Rural Residential,R-40,0.0,1.1,0.0
Oakley,,041072004,Rural Residential,R-40,0.0,1.1,0.0
Oakley,,041072003,Rural Residential,R-40,0.0,1.1,0.0
Oakley,,041071004,Rural Residential,R-40,0.0,1.1,0.0
Oakley,,041062002,Rural Residential,R-40,0.0,1.1,0.0
Oakley,,041071005,Rural Residential,R-40,0.0,1.1,0.0
Oakley,,041072001,Rural Residential,R-40,0.0,1.1,0.0
Oakley,,052081010,Rural Residential,R-40,0.0,1.1,0.9028586852047009
Oakley,,041050012,Rural Residential,P-1,0.0,24.0,0.9
Oakley,,041050013,Rural Residential,P-1,0.0,24.0,0.9213602482706017
Oakley,,041050016,Rural Residential,R-15,0.0,2.9,0.89
Oakley,,041050014,Rural Residential,P-1,0.0,24.0,0.92
Oakley,,041072002,Rural Residential,R-40,0.0,1.1,0.0
Oakley,,041050022,Residential Very Low,R-15,0.0,2.9,0.8755048164808004
Oakley,,041050024,Residential Very Low,R-15,0.0,2.9,0.5170675112598276
Oakley,,041050021,Residential Very Low,R-15,0.0,2.9,0.7312219652751102
Oakley,,041050020,Residential Very Low,R-15,0.0,2.9,0.447279039767358
Oakley,,041050015,Rural Residential,P-1,0.0,24.0,0.92
Oakley,,041050034,Residential Very Low,R-15,0.0,2.9,0.34
Oakley,,041050035,Residential Very Low,R-15,0.0,2.9,0.34
Oakley,,041050019,Residential Very Low,R-15,0.0,2.9,0.34615413224637637
Oakley,,041141010,Residential Very Low,R-15,0.0,2.9,0.36
Oakley,,041141009,Residential Very Low,R-15,0.0,2.9,0.34
Oakley,,041141008,Residential Very Low,R-15,0.0,2.9,0.37
Oakley,,041142003,Residential Very Low,R-15,0.0,2.9,0.39
Oakley,,041142002,Residential Very Low,R-15,0.0,2.9,0.34
Oakley,,041142001,Residential Very Low,R-15,0.0,2.9,0.34388496426265325
Oakley,,041050031,Residential Very Low,R-15,0.0,2.9,0.3362512231606853
Oakley,,041050030,Residential Very Low,R-15,0.0,2.9,0.4246493150745605
Oakley,,041142015,Residential Very Low,R-15,0.0,2.9,0.36
Oakley,,041142014,Residential Very Low,R-15,0.0,2.9,0.35
Oakley,,041050029,Residential Very Low,R-15,0.0,2.9,0.3956634817384993
Oakley,,041050023,Residential Very Low,R-15,0.0,2.9,0.39268681980341325
Oakley,,041050025,Residential Very Low,R-15,0.0,2.9,0.5186277658269621
Oakley,,041050027,Residential Very Low,R-15,0.0,2.9,0.5826831319208242
Oakley,,041050026,Residential Very Low,R-15,0.0,2.9,0.5386021389986839
Oakley,,041310010,Residential Very Low,P-1,0.0,24.0,0.41446682608784613
Oakley,,041310011,Residential Very Low,P-1,0.0,24.0,0.53728039254966
Oakley,,041310012,Residential Very Low,P-1,0.0,24.0,0.5144894924435492
Oakley,,041310013,Residential Very Low,P-1,0.0,24.0,0.3358464091337748
Oakley,,041064001,Rural Residential,R-40,0.0,1.1,0.0
Oakley,,041073001,Rural Residential,R-40,0.0,1.1,0.0
Oakley,,041073002,Rural Residential,R-40,0.0,1.1,0.0
Oakley,,041073003,Rural Residential,R-40,0.0,1.1,0.0
Oakley,,041072005,Rural Residential,R-40,0.0,1.1,0.0
Oakley,,041071001,Rural Residential,R-40,0.0,1.1,0.0
Oakley,,041062007,Rural Residential,R-40,0.0,1.1,0.0
Oakley,,041063003,Rural Residential,R-40,0.0,1.1,0.0
Oakley,,041063002,Rural Residential,R-40,0.0,1.1,0.0
Oakley,,041064002,Rural Residential,R-40,0.0,1.1,0.0
Oakley,,041090013,Rural Residential,R-40,0.0,1.1,5.61
Oakley,,041090042,Rural Residential,R-40,0.0,1.1,1.2
Oakley,,041090041,Rural Residential,R-40,0.0,1.1,3.0
Oakley,,041090033,Rural Residential,R-40,0.0,1.1,3.0
Oakley,,041090030,Rural Residential,R-40,0.0,1.1,2.46
Oakley,,041090029,Rural Residential,R-40,0.0,1.1,1.15
Oakley,,041090011,Rural Residential,R-40,0.0,1.1,0.8
Oakley,,041090010,Rural Residential,R-40,0.0,1.1,0.44
Oakley,,041100038,Residential Low/Medium,R-7,0.0,5.5,3.56
Oakley,,041220043,Residential Low/Medium,P-1,0.0,24.0,0.0
Oakley,,041220042,Residential Low/Medium,P-1,0.0,24.0,0.0
Oakley,,041220041,Residential Low/Medium,P-1,0.0,24.0,0.0
Oakley,,041220045,Residential Low/Medium,P-1,0.0,24.0,0.0
Oakley,,041220044,Residential Low/Medium,P-1,0.0,24.0,0.0
Oakley,,041220046,Residential Low/Medium,P-1,0.0,24.0,0.0
Oakley,,041090009,Rural Residential,R-40,0.0,1.1,1.04
Oakley,,041090045,Rural Residential,R-40,0.0,1.1,3.67
Oakley,,041090044,Rural Residential,R-40,0.0,1.1,3.28
Oakley,,041090021,Rural Residential,R-40,0.0,1.1,2.27
Oakley,,041090008,Rural Residential,R-40,0.0,1.1,5.92
Oakley,,041090005,Rural Residential,AL,0.0,0.0,0.0
Oakley,,041090006,Rural Residential,AL,0.0,0.0,2.06
Oakley,,041090025,Rural Residential,R-40,0.0,1.1,1.05
Oakley,,041090026,Rural Residential,R-40,0.0,1.1,1.02
Oakley,,041090043,Rural Residential,R-40,0.0,1.1,1.08
Oakley,,041090019,Rural Residential,R-40,0.0,1.1,2.27
Oakley,,041090027,Rural Residential,R-40,0.0,1.1,1.0
Oakley,,041063007,Rural Residential,R-40,0.0,1.1,0.0
Oakley,,041063004,Rural Residential,R-40,0.0,1.1,0.0
Oakley,,041063006,Rural Residential,R-40,0.0,1.1,0.0
Oakley,,041063005,Rural Residential,R-40,0.0,1.1,0.0
Oakley,,041080027,Rural Residential,R-40,0.0,1.1,0.0
Oakley,,041080025,Rural Residential,R-40,0.0,1.1,0.0
Oakley,,041080024,Rural Residential,R-40,0.0,1.1,0.0
Oakley,,041080023,Rural Residential,R-40,0.0,1.1,0.0
Oakley,,041080008,Rural Residential,R-40,0.0,1.1,0.57
Oakley,,041080038,Rural Residential,R-40,0.0,1.1,0.0
Oakley,,041080021,Rural Residential,R-40,0.0,1.1,0.0
Oakley,,041080022,Rural Residential,R-40,0.0,1.1,0.0
Oakley,,041080037,Rural Residential,R-40,0.0,1.1,0.0
Oakley,,041080035,Rural Residential,R-40,0.0,1.1,1.23
Oakley,,041080033,Rural Residential,R-40,0.0,1.1,0.0
Oakley,,041080051,Residential Very Low,R-20,0.0,2.0,0.551
Oakley,,041080052,Residential Very Low,R-20,0.0,2.0,0.532
Oakley,,041080006,Rural Residential,R-40,0.0,1.1,0.17
Oakley,,041080034,Rural Residential,R-40,0.0,1.1,0.0
Oakley,,041090002,Rural Residential,R-40,0.0,1.1,7.16
Oakley,,041090034,Rural Residential,R-40,0.0,1.1,3.45
Oakley,,037080013,Light Industrial,LI,0.0,0.0,2.0
Oakley,,037080021,Light Industrial,LI,0.0,0.0,0.0
Oakley,,037100009,Light Industrial,LI,0.0,0.0,1.42
Oakley,,037100042,Light Industrial,LI,0.0,0.0,1.002
Oakley,,041090035,Rural Residential,R-40,0.0,1.1,3.25
Oakley,,041100012,Residential Low/Medium,R-6,0.0,7.3,0.0
Oakley,,041100011,Residential Low/Medium,AL,0.0,0.0,0.0
Oakley,,041090037,Rural Residential,R-40,0.0,1.1,4.949
Oakley,,041090036,Rural Residential,R-40,0.0,1.1,4.75
Oakley,,041090023,Rural Residential,R-40,0.0,1.1,1.08
Oakley,,041100013,Residential Low/Medium,AL,0.0,0.0,0.0
Oakley,,041100014,Residential Low/Medium,AL,0.0,0.0,0.0
Oakley,,041100015,Residential Low/Medium,AL,0.0,0.0,1.165
Oakley,,041090024,Rural Residential,R-40,0.0,1.1,0.98
Oakley,,041100016,Residential Low/Medium,AL,0.0,0.0,0.0
Oakley,,041220004,Residential Low/Medium,P-1,0.0,24.0,0.0
Oakley,,041220003,Residential Low/Medium,P-1,0.0,24.0,0.0
Oakley,,041220002,Residential Low/Medium,P-1,0.0,24.0,0.0
Oakley,,041220001,Residential Low/Medium,P-1,0.0,24.0,0.0
Oakley,,041220036,Residential Low/Medium,P-1,0.0,24.0,0.0
Oakley,,041220035,Residential Low/Medium,P-1,0.0,24.0,0.0
Oakley,,041220034,Residential Low/Medium,P-1,0.0,24.0,0.0
Oakley,,041220007,Residential Low/Medium,P-1,0.0,24.0,0.0
Oakley,,041220008,Residential Low/Medium,P-1,0.0,24.0,0.0
Oakley,,041220006,Residential Low/Medium,P-1,0.0,24.0,0.0
Oakley,,041220005,Residential Low/Medium,P-1,0.0,24.0,0.0
Oakley,,041100017,Residential Low/Medium,R-6,0.0,7.3,2.0
Oakley,,041340020,Residential Low/Medium,R-6,0.0,7.3,0.0
Oakley,,041220013,Residential Low/Medium,P-1,0.0,24.0,0.0
Oakley,,041220010,Residential Low/Medium,P-1,0.0,24.0,0.0
Oakley,,041220011,Residential Low/Medium,P-1,0.0,24.0,0.0
Oakley,,041220012,Residential Low/Medium,P-1,0.0,24.0,0.0
Oakley,,041340084,Residential Low/Medium,R-6,0.0,7.3,2.028
Oakley,,041340082,Residential Low/Medium,R-6,0.0,7.3,0.0
Oakley,,041340081,Residential Low/Medium,R-6,0.0,7.3,0.0
Oakley,,041340021,Residential Low/Medium,R-6,0.0,7.3,0.0
Oakley,,041340051,Residential Low/Medium,R-6,0.0,7.3,0.0
Oakley,,041340050,Residential Low/Medium,R-6,0.0,7.3,0.0
Oakley,,041340025,Residential Low/Medium,R-6,0.0,7.3,0.0
Oakley,,041340024,Residential Low/Medium,R-6,0.0,7.3,0.0
Oakley,,041340023,Residential Low/Medium,R-6,0.0,7.3,0.0
Oakley,,041340022,Residential Low/Medium,R-6,0.0,7.3,0.0
Oakley,,041100010,Residential Low/Medium,AL,0.0,0.0,0.0
Oakley,,041340029,Residential Low/Medium,R-6,0.0,7.3,0.0
Oakley,,041340028,Residential Low/Medium,R-6,0.0,7.3,0.0
Oakley,,041340027,Residential Low/Medium,R-6,0.0,7.3,0.0
Oakley,,041340026,Residential Low/Medium,R-6,0.0,7.3,0.0
Oakley,,041340044,Residential Low/Medium,R-6,0.0,7.3,0.0
Oakley,,041340045,Residential Low/Medium,R-6,0.0,7.3,0.0
Oakley,,041340059,Residential Low/Medium,R-6,0.0,7.3,0.0
Oakley,,041340058,Residential Low/Medium,R-6,0.0,7.3,0.0
Oakley,,041340057,Residential Low/Medium,R-6,0.0,7.3,0.0
Oakley,,041340056,Residential Low/Medium,R-6,0.0,7.3,0.0
Oakley,,041340055,Residential Low/Medium,R-6,0.0,7.3,0.0
Oakley,,041340046,Residential Low/Medium,R-6,0.0,7.3,0.0
Oakley,,041340047,Residential Low/Medium,R-6,0.0,7.3,0.0
Oakley,,041340048,Residential Low/Medium,R-6,0.0,7.3,0.0
Oakley,,041340049,Residential Low/Medium,R-6,0.0,7.3,0.0
Oakley,,041340054,Residential Low/Medium,R-6,0.0,7.3,0.0
Oakley,,041340053,Residential Low/Medium,R-6,0.0,7.3,0.0
Oakley,,041340052,Residential Low/Medium,R-6,0.0,7.3,0.0
Oakley,,041340077,Residential Low/Medium,R-6,0.0,7.3,0.0
Oakley,,041340075,Residential Low/Medium,R-6,0.0,7.3,0.0
Oakley,,041340076,Residential Low/Medium,R-6,0.0,7.3,0.0
Oakley,,041340015,Residential Low/Medium,P-1,0.0,24.0,0.28
Oakley,,041340074,Residential Low/Medium,R-6,0.0,7.3,0.0
Oakley,,041340072,Residential Low/Medium,R-6,0.0,7.3,0.0
Oakley,,041340073,Residential Low/Medium,R-6,0.0,7.3,0.0
Oakley,,041340070,Residential Low/Medium,R-6,0.0,7.3,0.0
Oakley,,041340071,Residential Low/Medium,R-6,0.0,7.3,0.0
Oakley,,041340014,Residential Low/Medium,P-1,0.0,24.0,0.28
Oakley,,041340012,Residential Low/Medium,P-1,0.0,24.0,0.158
Oakley,,041340011,Residential Low/Medium,P-1,0.0,24.0,0.158
Oakley,,041340010,Residential Low/Medium,P-1,0.0,24.0,0.158
Oakley,,041340009,Residential Low/Medium,P-1,0.0,24.0,0.158
Oakley,,041340013,Residential Low/Medium,P-1,0.0,24.0,0.269
Oakley,,041340008,Residential Low/Medium,P-1,0.0,24.0,0.151
Oakley,,041340004,Residential Low/Medium,P-1,0.0,24.0,0.16
Oakley,,041340007,Residential Low/Medium,P-1,0.0,24.0,0.156
Oakley,,041340068,Residential Low/Medium,R-6,0.0,7.3,0.0
Oakley,,041340069,Residential Low/Medium,R-6,0.0,7.3,0.0
Oakley,,041340067,Residential Low/Medium,R-6,0.0,7.3,0.0
Oakley,,041340065,Residential Medium,P-1,0.0,24.0,0.0
Oakley,,041340066,Residential Low/Medium,R-6,0.0,7.3,0.0
Oakley,,041340006,Residential Low/Medium,P-1,0.0,24.0,0.298
Oakley,,041340083,Residential Medium,P-1,0.0,24.0,0.337
Oakley,,041340039,Residential Medium,P-1,0.0,24.0,0.0
Oakley,,041340038,Residential Medium,P-1,0.0,24.0,0.0
Oakley,,041340040,Residential Low/Medium,R-6,0.0,7.3,0.0
Oakley,,041340064,Residential Medium,P-1,0.0,24.0,0.0
Oakley,,041340063,Residential Low/Medium,R-6,0.0,7.3,0.0
Oakley,,041340041,Residential Low/Medium,R-6,0.0,7.3,0.0
Oakley,,041340062,Residential Low/Medium,R-6,0.0,7.3,0.0
Oakley,,041340061,Residential Low/Medium,R-6,0.0,7.3,0.0
Oakley,,041340060,Residential Low/Medium,R-6,0.0,7.3,0.0
Oakley,,041340043,Residential Low/Medium,R-6,0.0,7.3,0.0
Oakley,,041340042,Residential Low/Medium,R-6,0.0,7.3,0.0
Oakley,,041340034,Residential Low/Medium,R-6,0.0,7.3,0.0
Oakley,,041340035,Residential Medium,P-1,0.0,24.0,0.0
Oakley,,041340033,Residential Low/Medium,R-6,0.0,7.3,0.0
Oakley,,041340030,Residential Low/Medium,R-6,0.0,7.3,0.0
Oakley,,041340031,Residential Low/Medium,R-6,0.0,7.3,0.0
Oakley,,041340032,Residential Low/Medium,R-6,0.0,7.3,0.0
Oakley,,041100009,Residential Low/Medium,R-6,0.0,7.3,0.0
Oakley,,041340036,Residential Medium,P-1,0.0,24.0,0.0
Oakley,,041340037,Residential Medium,P-1,0.0,24.0,0.0
Oakley,,037100043,Residential Low/Medium,R-6,0.0,7.3,4.604
Oakley,,037390106,Residential Low/Medium,P-1,0.0,24.0,0.0
Oakley,,037390105,Residential Low/Medium,P-1,0.0,24.0,0.0
Oakley,,037390018,Residential Low/Medium,P-1,0.0,24.0,0.0
Oakley,,037390104,Residential Low/Medium,P-1,0.0,24.0,0.0
Oakley,,037390103,Residential Low/Medium,P-1,0.0,24.0,0.0
Oakley,,037390015,Residential Low/Medium,P-1,0.0,24.0,0.0
Oakley,,037390014,Residential High,P-1,0.0,24.0,0.0
Oakley,,037390013,Residential Low/Medium,P-1,0.0,24.0,0.0
Oakley,,037390010,Residential Low/Medium,P-1,0.0,24.0,0.0
Oakley,,037390004,Residential Low/Medium,P-1,0.0,24.0,0.0
Oakley,,037390009,Residential Low/Medium,P-1,0.0,24.0,0.0
Oakley,,037390008,Residential Low/Medium,P-1,0.0,24.0,0.0
Oakley,,037390007,Residential Low/Medium,P-1,0.0,24.0,0.0
Oakley,,037390006,Residential Low/Medium,P-1,0.0,24.0,0.0
Oakley,,037390005,Residential Low/Medium,P-1,0.0,24.0,0.0
Oakley,,037390086,Residential Low/Medium,P-1,0.0,24.0,0.0
Oakley,,037390087,Residential Low/Medium,P-1,0.0,24.0,0.0
Oakley,,037390088,Residential Low/Medium,P-1,0.0,24.0,0.0
Oakley,,037390100,Residential Low/Medium,P-1,0.0,24.0,0.0
Oakley,,037390099,Residential Low/Medium,P-1,0.0,24.0,0.0
Oakley,,037390101,Residential High,P-1,0.0,24.0,0.0
Oakley,,037390001,Residential Low/Medium,P-1,0.0,24.0,0.0
Oakley,,037390002,Residential Low/Medium,P-1,0.0,24.0,0.0
Oakley,,037390003,Residential Low/Medium,P-1,0.0,24.0,0.0
Oakley,,037390011,Residential Low/Medium,P-1,0.0,24.0,0.0
Oakley,,037390012,Residential Low/Medium,P-1,0.0,24.0,0.0
Oakley,,041340002,Residential Low/Medium,P-1,0.0,24.0,0.159
Oakley,,041340001,Residential Low/Medium,P-1,0.0,24.0,0.162
Oakley,,041100008,Residential High,AL,0.0,0.0,1.034
Oakley,,041340003,Residential Low/Medium,P-1,0.0,24.0,0.159
Oakley,,041340005,Residential Low/Medium,P-1,0.0,24.0,0.295
Oakley,,041100007,Residential High,AL,0.0,0.0,1.634
Oakley,,041200034,Residential Low/Medium,P-1,0.0,24.0,0.0
Oakley,,041200035,Residential Low/Medium,P-1,0.0,24.0,0.0
Oakley,,041100032,Residential High,AL,0.0,0.0,0.845
Oakley,,041200037,Residential Low/Medium,P-1,0.0,24.0,0.0
Oakley,,041200036,Residential Low/Medium,P-1,0.0,24.0,0.0
Oakley,,041200038,Residential Low/Medium,P-1,0.0,24.0,0.0
Oakley,,041200039,Residential Low/Medium,P-1,0.0,24.0,0.0
Oakley,,037470047,Residential Low/Medium,P-1,0.0,24.0,0.0
Oakley,,037470048,Residential Low/Medium,P-1,0.0,24.0,0.0
Oakley,,037470002,Residential Low/Medium,P-1,0.0,24.0,0.0
Oakley,,037390098,Residential Low/Medium,P-1,0.0,24.0,0.0
Oakley,,037390097,Residential Low/Medium,P-1,0.0,24.0,0.0
Oakley,,037390089,Residential Low/Medium,P-1,0.0,24.0,0.0
Oakley,,037390094,Residential Low/Medium,P-1,0.0,24.0,0.0
Oakley,,037390095,Residential Low/Medium,P-1,0.0,24.0,0.0
Oakley,,037390096,Residential Low/Medium,P-1,0.0,24.0,0.0
Oakley,,037470008,Residential Low/Medium,P-1,0.0,24.0,0.0
Oakley,,037470010,Residential Low/Medium,P-1,0.0,24.0,0.0
Oakley,,037470012,Residential Low/Medium,P-1,0.0,24.0,0.0
Oakley,,037470009,Residential Low/Medium,P-1,0.0,24.0,0.0
Oakley,,037470007,Residential Low/Medium,P-1,0.0,24.0,0.0
Oakley,,037470006,Residential Low/Medium,P-1,0.0,24.0,0.0
Oakley,,037470003,Residential Low/Medium,P-1,0.0,24.0,0.0
Oakley,,037470005,Residential Low/Medium,P-1,0.0,24.0,0.0
Oakley,,037470004,Residential Low/Medium,P-1,0.0,24.0,0.0
Oakley,,037470001,Residential Low/Medium,P-1,0.0,24.0,0.0
Oakley,,037470046,Residential Low/Medium,P-1,0.0,24.0,0.0
Oakley,,037470045,Residential Low/Medium,P-1,0.0,24.0,0.0
Oakley,,037470044,Residential Low/Medium,P-1,0.0,24.0,0.0
Oakley,,037470043,Residential Low/Medium,P-1,0.0,24.0,0.0
Oakley,,037470042,Residential Low/Medium,P-1,0.0,24.0,0.0
Oakley,,037470041,Residential Low/Medium,P-1,0.0,24.0,0.0
Oakley,,037470040,Residential Low/Medium,P-1,0.0,24.0,0.0
Oakley,,037470039,Residential Low/Medium,P-1,0.0,24.0,0.0
Oakley,,041230042,Residential Medium,P-1,0.0,24.0,0.0
Oakley,,041230044,Residential Medium,P-1,0.0,24.0,0.0
Oakley,,041230043,Residential Medium,P-1,0.0,24.0,0.0
Oakley,,041230047,Residential Medium,P-1,0.0,24.0,0.0
Oakley,,041230046,Residential Medium,P-1,0.0,24.0,0.0
Oakley,,041230045,Residential Medium,P-1,0.0,24.0,0.0
Oakley,,041230049,Residential Medium,P-1,0.0,24.0,0.0
Oakley,,041230048,Residential Medium,P-1,0.0,24.0,0.0
Oakley,,041230037,Residential Medium,P-1,0.0,24.0,0.0
Oakley,,041230036,Residential Medium,P-1,0.0,24.0,0.0
Oakley,,041230035,Residential Medium,P-1,0.0,24.0,0.0
Oakley,,041230034,Residential Medium,P-1,0.0,24.0,0.0
Oakley,,041230033,Residential Medium,P-1,0.0,24.0,0.0
Oakley,,041230032,Residential Medium,P-1,0.0,24.0,0.0
Oakley,,041230031,Residential Medium,P-1,0.0,24.0,0.0
Oakley,,041230030,Residential Medium,P-1,0.0,24.0,0.0
Oakley,,041230029,Residential Medium,P-1,0.0,24.0,0.0
Oakley,,041230028,Residential Medium,P-1,0.0,24.0,0.0
Oakley,,041230038,Residential Medium,P-1,0.0,24.0,0.0
Oakley,,041230027,Residential Medium,P-1,0.0,24.0,0.0
Oakley,,041230026,Residential Medium,P-1,0.0,24.0,0.0
Oakley,,041200006,Residential Low/Medium,P-1,0.0,24.0,0.0
Oakley,,041230024,Residential Medium,P-1,0.0,24.0,0.0
Oakley,,041200005,Residential Low/Medium,P-1,0.0,24.0,0.0
Oakley,,041200003,Residential Low/Medium,P-1,0.0,24.0,0.0
Oakley,,041200004,Residential Low/Medium,P-1,0.0,24.0,0.0
Oakley,,041230025,Residential Medium,P-1,0.0,24.0,0.0
Oakley,,041230040,Residential Medium,P-1,0.0,24.0,0.0
Oakley,,041230039,Residential Medium,P-1,0.0,24.0,0.0
Oakley,,041200002,Residential Low/Medium,P-1,0.0,24.0,0.0
Oakley,,041230041,Residential Medium,P-1,0.0,24.0,0.0
Oakley,,041200001,Residential Low/Medium,P-1,0.0,24.0,0.0
Oakley,,041200018,Residential Low/Medium,P-1,0.0,24.0,0.0
Oakley,,041200019,Residential Low/Medium,P-1,0.0,24.0,0.0
Oakley,,041200017,Residential Low/Medium,P-1,0.0,24.0,0.0
Oakley,,041200016,Residential Low/Medium,P-1,0.0,24.0,0.0
Oakley,,041200015,Residential Low/Medium,P-1,0.0,24.0,0.0
Oakley,,041200022,Residential Low/Medium,P-1,0.0,24.0,0.0
Oakley,,041200021,Residential Low/Medium,P-1,0.0,24.0,0.0
Oakley,,041200020,Residential Low/Medium,P-1,0.0,24.0,0.0
Oakley,,041200033,Residential Low/Medium,P-1,0.0,24.0,0.0
Oakley,,041200031,Residential Low/Medium,P-1,0.0,24.0,0.0
Oakley,,041200032,Residential Low/Medium,P-1,0.0,24.0,0.0
Oakley,,041200030,Residential Low/Medium,P-1,0.0,24.0,0.0
Oakley,,041200029,Residential Low/Medium,P-1,0.0,24.0,0.0
Oakley,,041200024,Residential Low/Medium,P-1,0.0,24.0,0.0
Oakley,,041200023,Residential Low/Medium,P-1,0.0,24.0,0.0
Oakley,,041200014,Residential Low/Medium,P-1,0.0,24.0,0.0
Oakley,,041200013,Residential Low/Medium,P-1,0.0,24.0,0.0
Oakley,,041200011,Residential Low/Medium,P-1,0.0,24.0,0.0
Oakley,,041200012,Residential Low/Medium,P-1,0.0,24.0,0.0
Oakley,,041200025,Residential Low/Medium,P-1,0.0,24.0,0.0
Oakley,,041200026,Residential Low/Medium,P-1,0.0,24.0,0.0
Oakley,,041190061,Residential Low/Medium,P-1,0.0,24.0,0.0
Oakley,,041190060,Residential Low/Medium,P-1,0.0,24.0,0.0
Oakley,,041190062,Residential Low/Medium,P-1,0.0,24.0,0.0
Oakley,,041200010,Residential Low/Medium,P-1,0.0,24.0,0.0
Oakley,,041230050,Residential Medium,P-1,0.0,24.0,0.0
Oakley,,041230007,Residential Medium,P-1,0.0,24.0,0.0
Oakley,,041230006,Residential Medium,P-1,0.0,24.0,0.0
Oakley,,041200009,Residential Low/Medium,P-1,0.0,24.0,0.0
Oakley,,041200008,Residential Low/Medium,P-1,0.0,24.0,0.0
Oakley,,041200007,Residential Low/Medium,P-1,0.0,24.0,0.0
Oakley,,041230008,Residential Medium,P-1,0.0,24.0,0.0
Oakley,,041230023,Residential Medium,P-1,0.0,24.0,0.0
Oakley,,041230022,Residential Medium,P-1,0.0,24.0,0.0
Oakley,,041230010,Residential Medium,P-1,0.0,24.0,0.0
Oakley,,041230009,Residential Medium,P-1,0.0,24.0,0.0
Oakley,,041230013,Residential Medium,P-1,0.0,24.0,0.0
Oakley,,041230012,Residential Medium,P-1,0.0,24.0,0.0
Oakley,,041230011,Residential Medium,P-1,0.0,24.0,0.0
Oakley,,041230021,Residential Medium,P-1,0.0,24.0,0.0
Oakley,,041230020,Residential Medium,P-1,0.0,24.0,0.0
Oakley,,041230019,Residential Medium,P-1,0.0,24.0,0.0
Oakley,,041230018,Residential Medium,P-1,0.0,24.0,0.0
Oakley,,041230017,Residential Medium,P-1,0.0,24.0,0.0
Oakley,,041230016,Residential Medium,P-1,0.0,24.0,0.0
Oakley,,041230015,Residential Medium,P-1,0.0,24.0,0.0
Oakley,,041230014,Residential Medium,P-1,0.0,24.0,0.0
Oakley,,041230005,Residential Medium,P-1,0.0,24.0,0.0
Oakley,,041230004,Residential Medium,P-1,0.0,24.0,0.0
Oakley,,041230003,Residential Medium,P-1,0.0,24.0,0.0
Oakley,,041190027,Residential Low/Medium,P-1,0.0,24.0,0.0
Oakley,,041230001,Residential Medium,P-1,0.0,24.0,0.0
Oakley,,041230002,Residential Medium,P-1,0.0,24.0,0.0
Oakley,,041190067,Residential Low/Medium,P-1,0.0,24.0,0.0
Oakley,,041190066,Residential Low/Medium,P-1,0.0,24.0,0.0
Oakley,,041190063,Residential Low/Medium,P-1,0.0,24.0,0.0
Oakley,,041190064,Residential Low/Medium,P-1,0.0,24.0,0.0
Oakley,,041190065,Residential Low/Medium,P-1,0.0,24.0,0.0
Oakley,,041190046,Residential Low/Medium,P-1,0.0,24.0,0.0
Oakley,,041190045,Residential Low/Medium,P-1,0.0,24.0,0.0
Oakley,,041190036,Residential Low/Medium,P-1,0.0,24.0,0.0
Oakley,,041190035,Residential Low/Medium,P-1,0.0,24.0,0.0
Oakley,,041190034,Residential Low/Medium,P-1,0.0,24.0,0.0
Oakley,,041190010,Residential Low/Medium,P-1,0.0,24.0,0.0
Oakley,,041190008,Residential Low/Medium,P-1,0.0,24.0,0.0
Oakley,,041190009,Residential Low/Medium,P-1,0.0,24.0,0.0
Oakley,,041190037,Residential Low/Medium,P-1,0.0,24.0,0.0
Oakley,,041190006,Residential Low/Medium,P-1,0.0,24.0,0.0
Oakley,,041190007,Residential Low/Medium,P-1,0.0,24.0,0.0
Oakley,,041190005,Residential Low/Medium,P-1,0.0,24.0,0.0
Oakley,,041190004,Residential Low/Medium,P-1,0.0,24.0,0.0
Oakley,,041240011,Residential Low/Medium,P-1,0.0,24.0,0.0
Oakley,,041240010,Residential Low/Medium,P-1,0.0,24.0,0.0
Oakley,,041190038,Residential Low/Medium,P-1,0.0,24.0,0.0
Oakley,,041190039,Residential Low/Medium,P-1,0.0,24.0,0.0
Oakley,,041240007,Residential Low/Medium,P-1,0.0,24.0,0.0
Oakley,,041190040,Residential Low/Medium,P-1,0.0,24.0,0.0
Oakley,,041190041,Residential Low/Medium,P-1,0.0,24.0,0.0
Oakley,,041190043,Residential Low/Medium,P-1,0.0,24.0,0.0
Oakley,,041190042,Residential Low/Medium,P-1,0.0,24.0,0.0
Oakley,,041190044,Residential Low/Medium,P-1,0.0,24.0,0.0
Oakley,,041190049,Residential Low/Medium,P-1,0.0,24.0,0.0
Oakley,,041190050,Residential Low/Medium,P-1,0.0,24.0,0.0
Oakley,,041240001,Residential Low/Medium,P-1,0.0,24.0,0.0
Oakley,,041240043,Residential Low/Medium,P-1,0.0,24.0,0.0
Oakley,,041240042,Residential Low/Medium,P-1,0.0,24.0,0.0
Oakley,,041240002,Residential Low/Medium,P-1,0.0,24.0,0.0
Oakley,,041240003,Residential Low/Medium,P-1,0.0,24.0,0.0
Oakley,,041240004,Residential Low/Medium,P-1,0.0,24.0,0.0
Oakley,,041240006,Residential Low/Medium,P-1,0.0,24.0,0.0
Oakley,,041240005,Residential Low/Medium,P-1,0.0,24.0,0.0
Oakley,,041240039,Residential Low/Medium,P-1,0.0,24.0,0.0
Oakley,,041240040,Residential Low/Medium,P-1,0.0,24.0,0.0
Oakley,,041240041,Residential Low/Medium,P-1,0.0,24.0,0.0
Oakley,,041240037,Residential Low/Medium,P-1,0.0,24.0,0.0
Oakley,,041240038,Residential Low/Medium,P-1,0.0,24.0,0.0
Oakley,,041240036,Residential Low/Medium,P-1,0.0,24.0,0.0
Oakley,,041240035,Residential Low/Medium,P-1,0.0,24.0,0.0
Oakley,,041190053,Residential Low/Medium,P-1,0.0,24.0,0.0
Oakley,,041190051,Residential Low/Medium,P-1,0.0,24.0,0.0
Oakley,,041190052,Residential Low/Medium,P-1,0.0,24.0,0.0
Oakley,,041190047,Residential Low/Medium,P-1,0.0,24.0,0.0
Oakley,,041190048,Residential Low/Medium,P-1,0.0,24.0,0.0
Oakley,,041190058,Residential Low/Medium,P-1,0.0,24.0,0.0
Oakley,,041190059,Residential Low/Medium,P-1,0.0,24.0,0.0
Oakley,,041190057,Residential Low/Medium,P-1,0.0,24.0,0.0
Oakley,,041190068,Residential Low/Medium,P-1,0.0,24.0,0.0
Oakley,,041190069,Residential Low/Medium,P-1,0.0,24.0,0.0
Oakley,,041190070,Residential Low/Medium,P-1,0.0,24.0,0.0
Oakley,,041200027,Residential Low/Medium,P-1,0.0,24.0,0.0
Oakley,,041200028,Residential Low/Medium,P-1,0.0,24.0,0.0
Oakley,,041100042,Residential High,AL,0.0,0.0,1.665
Oakley,,041340017,Residential Low/Medium,P-1,0.0,24.0,0.145
Oakley,,041340016,Residential Low/Medium,P-1,0.0,24.0,0.208
Oakley,,041340019,Residential Low/Medium,P-1,0.0,24.0,0.299
Oakley,,041340078,Residential Low/Medium,R-6,0.0,7.3,0.0
Oakley,,041220047,Public and Semi-Public,P-1,0.0,24.0,2.16
Oakley,,041340018,Residential Low/Medium,P-1,0.0,24.0,0.214
Oakley,,041340079,Residential Low/Medium,R-6,0.0,7.3,0.0
Oakley,,041240033,Residential Low/Medium,P-1,0.0,24.0,0.0
Oakley,,041240034,Residential Low/Medium,P-1,0.0,24.0,0.0
Oakley,,041240032,Residential High,P-1,0.0,24.0,0.0
Oakley,,041240030,Residential Low/Medium,P-1,0.0,24.0,0.0
Oakley,,041240031,Residential Low/Medium,P-1,0.0,24.0,0.0
Oakley,,041240044,Public and Semi-Public,P-1,0.0,24.0,4.57
Oakley,,041240029,Residential Low/Medium,P-1,0.0,24.0,0.0
Oakley,,041240028,Residential Low/Medium,P-1,0.0,24.0,0.0
Oakley,,041220020,Residential Low/Medium,P-1,0.0,24.0,0.0
Oakley,,041220021,Residential Low/Medium,P-1,0.0,24.0,0.0
Oakley,,041340080,Residential Low/Medium,R-6,0.0,7.3,0.0
Oakley,,041220014,Residential Low/Medium,P-1,0.0,24.0,0.0
Oakley,,041220017,Residential Low/Medium,P-1,0.0,24.0,0.0
Oakley,,041220019,Residential Low/Medium,P-1,0.0,24.0,0.0
Oakley,,041220016,Residential Low/Medium,P-1,0.0,24.0,0.0
Oakley,,041220015,Residential Low/Medium,P-1,0.0,24.0,0.0
Oakley,,041220009,Residential Low/Medium,P-1,0.0,24.0,0.0
Oakley,,041220031,Residential Low/Medium,P-1,0.0,24.0,0.0
Oakley,,041220032,Residential Low/Medium,P-1,0.0,24.0,0.0
Oakley,,041220033,Residential Low/Medium,P-1,0.0,24.0,0.0
Oakley,,041220037,Residential Low/Medium,P-1,0.0,24.0,0.0
Oakley,,041220038,Residential Low/Medium,P-1,0.0,24.0,0.0
Oakley,,041220030,Residential Low/Medium,P-1,0.0,24.0,0.0
Oakley,,041220027,Residential Low/Medium,P-1,0.0,24.0,0.0
Oakley,,041210010,Residential Low/Medium,P-1,0.0,24.0,0.0
Oakley,,041220028,Residential Low/Medium,P-1,0.0,24.0,0.0
Oakley,,041220029,Residential Low/Medium,P-1,0.0,24.0,0.0
Oakley,,041220018,Residential Low/Medium,P-1,0.0,24.0,0.0
Oakley,,041220023,Residential Low/Medium,P-1,0.0,24.0,0.0
Oakley,,041220024,Residential Low/Medium,P-1,0.0,24.0,0.0
Oakley,,041210035,Residential Low/Medium,P-1,0.0,24.0,0.0
Oakley,,041220025,Residential Low/Medium,P-1,0.0,24.0,0.0
Oakley,,041220026,Residential Low/Medium,P-1,0.0,24.0,0.0
Oakley,,041210012,Residential Low/Medium,P-1,0.0,24.0,0.0
Oakley,,041210011,Residential Low/Medium,P-1,0.0,24.0,0.0
Oakley,,041210034,Residential Low/Medium,P-1,0.0,24.0,0.0
Oakley,,041210033,Residential Low/Medium,P-1,0.0,24.0,0.0
Oakley,,041210032,Residential Low/Medium,P-1,0.0,24.0,0.0
Oakley,,041210031,Residential Low/Medium,P-1,0.0,24.0,0.0
Oakley,,041210054,Residential Low/Medium,P-1,0.0,24.0,0.0
Oakley,,041210053,Residential Low/Medium,P-1,0.0,24.0,0.0
Oakley,,041210051,Residential Low/Medium,P-1,0.0,24.0,0.0
Oakley,,041210052,Residential Low/Medium,P-1,0.0,24.0,0.0
Oakley,,041210036,Residential Low/Medium,P-1,0.0,24.0,0.0
Oakley,,041220022,Residential Low/Medium,P-1,0.0,24.0,0.0
Oakley,,041240027,Residential Low/Medium,P-1,0.0,24.0,0.0
Oakley,,041240026,Residential Low/Medium,P-1,0.0,24.0,0.0
Oakley,,041210037,Residential Low/Medium,P-1,0.0,24.0,0.0
Oakley,,041210038,Residential Low/Medium,P-1,0.0,24.0,0.0
Oakley,,041210039,Residential Low/Medium,P-1,0.0,24.0,0.0
Oakley,,041210040,Residential Low/Medium,P-1,0.0,24.0,0.0
Oakley,,041240025,Residential Low/Medium,P-1,0.0,24.0,0.0
Oakley,,041240024,Residential Low/Medium,P-1,0.0,24.0,0.0
Oakley,,041240023,Residential Low/Medium,P-1,0.0,24.0,0.0
Oakley,,041240022,Residential Low/Medium,P-1,0.0,24.0,0.0
Oakley,,041240021,Residential Low/Medium,P-1,0.0,24.0,0.0
Oakley,,041210042,Residential Low/Medium,P-1,0.0,24.0,0.0
Oakley,,041210043,Residential Low/Medium,P-1,0.0,24.0,0.0
Oakley,,041210041,Residential Low/Medium,P-1,0.0,24.0,0.0
Oakley,,041210047,Residential Low/Medium,P-1,0.0,24.0,0.0
Oakley,,041210046,Residential Low/Medium,P-1,0.0,24.0,0.0
Oakley,,041210044,Residential Low/Medium,P-1,0.0,24.0,0.0
Oakley,,041210045,Residential Low/Medium,P-1,0.0,24.0,0.0
Oakley,,041210063,Residential Low/Medium,P-1,0.0,24.0,0.0
Oakley,,041210064,Residential Low/Medium,P-1,0.0,24.0,0.0
Oakley,,041210062,Residential Low/Medium,P-1,0.0,24.0,0.0
Oakley,,041210061,Residential Low/Medium,P-1,0.0,24.0,0.0
Oakley,,041210059,Residential Low/Medium,P-1,0.0,24.0,0.0
Oakley,,041210060,Residential Low/Medium,P-1,0.0,24.0,0.0
Oakley,,041210048,Residential Low/Medium,P-1,0.0,24.0,0.0
Oakley,,041210050,Residential Low/Medium,P-1,0.0,24.0,0.0
Oakley,,041210049,Residential Low/Medium,P-1,0.0,24.0,0.0
Oakley,,041210058,Residential Low/Medium,P-1,0.0,24.0,0.0
Oakley,,041210057,Residential Low/Medium,P-1,0.0,24.0,0.0
Oakley,,041210056,Residential Low/Medium,P-1,0.0,24.0,0.0
Oakley,,041210055,Residential Low/Medium,P-1,0.0,24.0,0.0
Oakley,,041210025,Residential Low/Medium,P-1,0.0,24.0,0.0
Oakley,,041210024,Residential Low/Medium,P-1,0.0,24.0,0.0
Oakley,,041210023,Residential Low/Medium,P-1,0.0,24.0,0.0
Oakley,,041210022,Residential Low/Medium,P-1,0.0,24.0,0.0
Oakley,,041210021,Residential Low/Medium,P-1,0.0,24.0,0.0
Oakley,,041210020,Residential Low/Medium,P-1,0.0,24.0,0.0
Oakley,,041100028,Rural Residential,R-40,0.0,1.1,0.0
Oakley,,041100029,Rural Residential,R-40,0.0,1.1,0.0
Oakley,,041170003,Residential Low/Medium,P-1,0.0,24.0,0.0
Oakley,,041170004,Residential Low/Medium,P-1,0.0,24.0,0.0
Oakley,,041170002,Residential Low/Medium,P-1,0.0,24.0,0.0
Oakley,,041100031,Rural Residential,R-40,0.0,1.1,0.8369937224469696
Oakley,,041170001,Residential Low/Medium,P-1,0.0,24.0,0.0
Oakley,,041170008,Residential Low/Medium,P-1,0.0,24.0,0.0
Oakley,,041170039,Residential Low/Medium,P-1,0.0,24.0,0.0
Oakley,,041170038,Residential Low/Medium,P-1,0.0,24.0,0.0
Oakley,,041170037,Residential Low/Medium,P-1,0.0,24.0,0.0
Oakley,,041170058,Residential Low/Medium,P-1,0.0,24.0,0.0
Oakley,,041170043,Residential Low/Medium,P-1,0.0,24.0,0.0
Oakley,,041170044,Residential Low/Medium,P-1,0.0,24.0,0.0
Oakley,,041170036,Residential Low/Medium,P-1,0.0,24.0,0.0
Oakley,,041170035,Residential Low/Medium,P-1,0.0,24.0,0.0
Oakley,,041170034,Residential Low/Medium,P-1,0.0,24.0,0.0
Oakley,,041170045,Residential Low/Medium,P-1,0.0,24.0,0.0
Oakley,,041170046,Residential Low/Medium,P-1,0.0,24.0,0.0
Oakley,,041240020,Residential Low/Medium,P-1,0.0,24.0,0.0
Oakley,,041240019,Residential Low/Medium,P-1,0.0,24.0,0.0
Oakley,,041240018,Residential Low/Medium,P-1,0.0,24.0,0.0
Oakley,,041170047,Residential Low/Medium,P-1,0.0,24.0,0.0
Oakley,,041170048,Residential Low/Medium,P-1,0.0,24.0,0.0
Oakley,,041170050,Residential Low/Medium,P-1,0.0,24.0,0.0
Oakley,,041170049,Residential Low/Medium,P-1,0.0,24.0,0.0
Oakley,,041240017,Residential Low/Medium,P-1,0.0,24.0,0.0
Oakley,,041240016,Residential Low/Medium,P-1,0.0,24.0,0.0
Oakley,,041240015,Residential Low/Medium,P-1,0.0,24.0,0.0
Oakley,,041170052,Residential Low/Medium,P-1,0.0,24.0,0.0
Oakley,,041170051,Residential Low/Medium,P-1,0.0,24.0,0.0
Oakley,,041170057,Residential Low/Medium,P-1,0.0,24.0,0.0
Oakley,,041170040,Residential Low/Medium,P-1,0.0,24.0,0.0
Oakley,,041170054,Residential Low/Medium,P-1,0.0,24.0,0.0
Oakley,,041170053,Residential Low/Medium,P-1,0.0,24.0,0.0
Oakley,,041250032,Residential Low/Medium,P-1,0.0,24.0,0.0
Oakley,,041240012,Residential Low/Medium,P-1,0.0,24.0,0.0
Oakley,,041240013,Residential Low/Medium,P-1,0.0,24.0,0.0
Oakley,,041240014,Residential Low/Medium,P-1,0.0,24.0,0.0
Oakley,,041240008,Residential Low/Medium,P-1,0.0,24.0,0.0
Oakley,,041240009,Residential Low/Medium,P-1,0.0,24.0,0.0
Oakley,,041250022,Residential Low/Medium,P-1,0.0,24.0,0.0
Oakley,,041250021,Residential Low/Medium,P-1,0.0,24.0,0.0
Oakley,,041190003,Residential Low/Medium,P-1,0.0,24.0,0.0
Oakley,,041190002,Residential Low/Medium,P-1,0.0,24.0,0.0
Oakley,,041190001,Residential Low/Medium,P-1,0.0,24.0,0.0
Oakley,,041250023,Residential Low/Medium,P-1,0.0,24.0,0.0
Oakley,,041250024,Residential Low/Medium,P-1,0.0,24.0,0.0
Oakley,,041250020,Residential Low/Medium,P-1,0.0,24.0,0.0
Oakley,,041250019,Residential Low/Medium,P-1,0.0,24.0,0.0
Oakley,,041250018,Residential Low/Medium,P-1,0.0,24.0,0.0
Oakley,,041250017,Residential Low/Medium,P-1,0.0,24.0,0.0
Oakley,,041250016,Residential Low/Medium,P-1,0.0,24.0,0.0
Oakley,,041250027,Residential Low/Medium,P-1,0.0,24.0,0.0
Oakley,,041250026,Residential Low/Medium,P-1,0.0,24.0,0.0
Oakley,,041250025,Residential Low/Medium,P-1,0.0,24.0,0.0
Oakley,,041250031,Residential Low/Medium,P-1,0.0,24.0,0.0
Oakley,,041250030,Residential Low/Medium,P-1,0.0,24.0,0.0
Oakley,,041250029,Residential Low/Medium,P-1,0.0,24.0,0.0
Oakley,,041250028,Residential Low/Medium,P-1,0.0,24.0,0.0
Oakley,,041170055,Residential Low/Medium,P-1,0.0,24.0,0.0
Oakley,,041170056,Residential Low/Medium,P-1,0.0,24.0,0.0
Oakley,,041170017,Residential Low/Medium,P-1,0.0,24.0,0.0
Oakley,,041170018,Residential Low/Medium,P-1,0.0,24.0,0.0
Oakley,,041170024,Residential Low/Medium,P-1,0.0,24.0,0.0
Oakley,,041170025,Residential Low/Medium,P-1,0.0,24.0,0.0
Oakley,,041170026,Residential Low/Medium,P-1,0.0,24.0,0.0
Oakley,,041170023,Residential Low/Medium,P-1,0.0,24.0,0.0
Oakley,,041170022,Residential Low/Medium,P-1,0.0,24.0,0.0
Oakley,,041110015,Rural Residential,R-40,0.0,1.1,1.21
Oakley,,041170021,Residential Low/Medium,P-1,0.0,24.0,0.0
Oakley,,041110014,Rural Residential,R-40,0.0,1.1,1.09
Oakley,,041170020,Residential Low/Medium,P-1,0.0,24.0,0.0
Oakley,,041110009,Rural Residential,R-40,0.0,1.1,1.0
Oakley,,041110010,Rural Residential,R-40,0.0,1.1,1.0
Oakley,,041170013,Residential Low/Medium,P-1,0.0,24.0,0.0
Oakley,,041170014,Residential Low/Medium,P-1,0.0,24.0,0.0
Oakley,,041170019,Residential Low/Medium,P-1,0.0,24.0,0.0
Oakley,,041170015,Residential Low/Medium,P-1,0.0,24.0,0.0
Oakley,,041170016,Residential Low/Medium,P-1,0.0,24.0,0.0
Oakley,,041170009,Residential Low/Medium,P-1,0.0,24.0,0.0
Oakley,,041170010,Residential Low/Medium,P-1,0.0,24.0,0.0
Oakley,,041170007,Residential Low/Medium,P-1,0.0,24.0,0.0
Oakley,,041170006,Residential Low/Medium,P-1,0.0,24.0,0.0
Oakley,,041170011,Residential Low/Medium,P-1,0.0,24.0,0.0
Oakley,,041170012,Residential Low/Medium,P-1,0.0,24.0,0.0
Oakley,,041110045,Rural Residential,R-40,0.0,1.1,0.35
Oakley,,041110044,Rural Residential,R-40,0.0,1.1,0.972
Oakley,,041170005,Residential Low/Medium,P-1,0.0,24.0,0.0
Oakley,,041110042,Rural Residential,R-40,0.0,1.1,1.079
Oakley,,041110043,Rural Residential,R-40,0.0,1.1,0.919
Oakley,,041041013,Rural Residential,R-40,0.0,1.1,1.444
Oakley,,041041021,Rural Residential,R-40,0.0,1.1,1.15
Oakley,,041041014,Rural Residential,R-40,0.0,1.1,1.459
Oakley,,041041018,Rural Residential,AL,0.0,0.0,1.45
Oakley,,041041019,Rural Residential,R-40,0.0,1.1,1.45
Oakley,,041041016,Rural Residential,R-40,0.0,1.1,1.1105107810248216
Oakley,,041041017,Rural Residential,R-40,0.0,1.1,1.0703033856573008
Oakley,,041160001,Residential Low,R-10,0.0,4.4,0.579001882156388
Oakley,,041160002,Residential Low,R-10,0.0,4.4,0.2978971020810057
Oakley,,041120014,Residential Low/Medium,P-1,0.0,24.0,0.23104814249294256
Oakley,,041120013,Residential Low/Medium,P-1,0.0,24.0,0.22697422448249144
Oakley,,041120012,Residential Low/Medium,P-1,0.0,24.0,0.23165339710505847
Oakley,,041120010,Residential Low/Medium,P-1,0.0,24.0,0.2400347054819802
Oakley,,041120011,Residential Low/Medium,P-1,0.0,24.0,0.23798185327917884
Oakley,,041120008,Residential Low/Medium,P-1,0.0,24.0,0.23475742318224307
Oakley,,041120009,Residential Low/Medium,P-1,0.0,24.0,0.23262187342925714
Oakley,,041041023,Rural Residential,R-40,0.0,1.1,1.098390206184867
Oakley,,041041024,Rural Residential,R-40,0.0,1.1,1.0710808436577142
Oakley,,041120006,Residential Low/Medium,P-1,0.0,24.0,0.2322228226933167
Oakley,,041120007,Residential Low/Medium,P-1,0.0,24.0,0.23188915069430277
Oakley,,041120004,Residential Low/Medium,P-1,0.0,24.0,0.22486979466201584
Oakley,,041120005,Residential Low/Medium,P-1,0.0,24.0,0.2366247579685075
Oakley,,041120002,Residential Low/Medium,P-1,0.0,24.0,0.22995703557754255
Oakley,,041120003,Residential Low/Medium,P-1,0.0,24.0,0.2276531591724596
Oakley,,041120001,Residential Low/Medium,P-1,0.0,24.0,0.23415211790187088
Oakley,,041041031,Rural Residential,AL,0.0,0.0,2.443
Oakley,,041030037,Rural Residential,R-40,0.0,1.1,1.82
Oakley,,041041022,Rural Residential,AL,0.0,0.0,1.27
Oakley,,704104002,Rural Residential,AL,0.0,0.0,1.325449464942076
Oakley,,041100030,Rural Residential,R-40,0.0,1.1,0.9259327739711081
Oakley,,041030036,Rural Residential,AL,0.0,0.0,1.6
Oakley,,041290055,Residential Low/Medium,P-1,0.0,24.0,0.19661610816854355
Oakley,,041290056,Residential Low/Medium,P-1,0.0,24.0,0.1846343256522281
Oakley,,041290068,Residential Low/Medium,P-1,0.0,24.0,0.224
Oakley,,041290069,Residential Low/Medium,P-1,0.0,24.0,0.245
Oakley,,041290059,Residential Low/Medium,P-1,0.0,24.0,0.1643997053013141
Oakley,,041290067,Residential Low/Medium,P-1,0.0,24.0,0.16666674295276224
Oakley,,041290060,Residential Low/Medium,P-1,0.0,24.0,0.16483729571384179
Oakley,,041290061,Residential Low/Medium,P-1,0.0,24.0,0.14343511564087463
Oakley,,041290053,Residential Low/Medium,P-1,0.0,24.0,0.21789432342332543
Oakley,,041290022,Residential Low/Medium,P-1,0.0,24.0,0.14704600074272126
Oakley,,041290052,Residential Low/Medium,P-1,0.0,24.0,0.2082762983448122
Oakley,,041290054,Residential Low/Medium,P-1,0.0,24.0,0.27452904752484886
Oakley,,041290051,Residential Low/Medium,P-1,0.0,24.0,0.2830495877834678
Oakley,,041290050,Residential Low/Medium,P-1,0.0,24.0,0.18745327882186516
Oakley,,041290049,Residential Low/Medium,P-1,0.0,24.0,0.2169925127279037
Oakley,,041290048,Residential Low/Medium,P-1,0.0,24.0,0.21008695172468977
Oakley,,041290047,Residential Low/Medium,P-1,0.0,24.0,0.19608168745783866
Oakley,,041290023,Residential Low/Medium,P-1,0.0,24.0,0.15926062849214176
Oakley,,041290024,Residential Low/Medium,P-1,0.0,24.0,0.1634920923740943
Oakley,,041290026,Residential Low/Medium,P-1,0.0,24.0,0.1652391144745641
Oakley,,041290025,Residential Low/Medium,P-1,0.0,24.0,0.16523999531764458
Oakley,,041290045,Residential Low/Medium,P-1,0.0,24.0,0.18966938761301896
Oakley,,041290027,Residential Low/Medium,P-1,0.0,24.0,0.1645702595291335
Oakley,,041290034,Residential Low/Medium,P-1,0.0,24.0,0.16056597702905698
Oakley,,041290035,Residential Low/Medium,P-1,0.0,24.0,0.17084733696823562
Oakley,,041290044,Residential Low/Medium,P-1,0.0,24.0,0.18337042495101646
Oakley,,041290043,Residential Low/Medium,P-1,0.0,24.0,0.17708425083728624
Oakley,,041290046,Residential Low/Medium,P-1,0.0,24.0,0.19523769544168268
Oakley,,041030028,Residential Low,AL,0.0,0.0,2.51
Oakley,,041030016,Residential Low,AL,0.0,0.0,2.5
Oakley,,041260006,Residential Low,P-1,0.0,24.0,0.35376723131010374
Oakley,,041260004,Residential Low,P-1,0.0,24.0,0.3550771999939519
Oakley,,041260005,Residential Low,P-1,0.0,24.0,0.4601585456963591
Oakley,,041030029,Residential Low,AL,0.0,0.0,2.5
Oakley,,041030035,Rural Residential,R-40,0.0,1.1,1.58
Oakley,,041100027,Rural Residential,R-40,0.0,1.1,1.1659875495773402
Oakley,,041100024,Rural Residential,AL,0.0,0.0,5.31
Oakley,,041100026,Rural Residential,R-40,0.0,1.1,0.0
Oakley,,041210026,Residential Low/Medium,P-1,0.0,24.0,0.0
Oakley,,041210027,Residential Low/Medium,P-1,0.0,24.0,0.0
Oakley,,041260003,Residential Low,P-1,0.0,24.0,0.0
Oakley,,041260002,Residential Low,P-1,0.0,24.0,0.0
Oakley,,041260001,Residential Low,P-1,0.0,24.0,0.0
Oakley,,041210001,Residential Low/Medium,P-1,0.0,24.0,0.0
Oakley,,041210002,Residential Low/Medium,P-1,0.0,24.0,0.0
Oakley,,041210019,Residential Low/Medium,P-1,0.0,24.0,0.0
Oakley,,041210017,Residential Low/Medium,P-1,0.0,24.0,0.0
Oakley,,041210018,Residential Low/Medium,P-1,0.0,24.0,0.0
Oakley,,041210029,Residential Low/Medium,P-1,0.0,24.0,0.0
Oakley,,041210028,Residential Low/Medium,P-1,0.0,24.0,0.0
Oakley,,041210030,Residential Low/Medium,P-1,0.0,24.0,0.0
Oakley,,041210016,Residential Low/Medium,P-1,0.0,24.0,0.0
Oakley,,041210015,Residential Low/Medium,P-1,0.0,24.0,0.0
Oakley,,041210014,Residential Low/Medium,P-1,0.0,24.0,0.0
Oakley,,041210013,Residential Low/Medium,P-1,0.0,24.0,0.0
Oakley,,041210006,Residential High,P-1,0.0,24.0,0.0
Oakley,,041210003,Residential Low/Medium,P-1,0.0,24.0,0.0
Oakley,,041210004,Residential Low/Medium,P-1,0.0,24.0,0.0
Oakley,,041210005,Residential Low/Medium,P-1,0.0,24.0,0.0
Oakley,,041210007,Residential Low/Medium,P-1,0.0,24.0,0.0
Oakley,,041210008,Residential Low/Medium,P-1,0.0,24.0,0.0
Oakley,,041210009,Residential Low/Medium,P-1,0.0,24.0,0.0
Oakley,,041220039,Residential Low/Medium,P-1,0.0,24.0,0.0
Oakley,,041220040,Residential Low/Medium,P-1,0.0,24.0,0.0
Oakley,,041090031,Rural Residential,R-40,0.0,1.1,1.33
Oakley,,041260012,Residential Low,P-1,0.0,24.0,0.0
Oakley,,041260011,Residential Low,P-1,0.0,24.0,0.0
Oakley,,041260010,Residential Low,P-1,0.0,24.0,0.0
Oakley,,041260009,Residential Low,P-1,0.0,24.0,0.0
Oakley,,041090017,Rural Residential,R-40,0.0,1.1,0.7
Oakley,,041090016,Rural Residential,AL,0.0,0.0,5.51
Oakley,,041310017,Residential Very Low,P-1,0.0,24.0,0.28512211116383057
Oakley,,041310018,Residential Very Low,P-1,0.0,24.0,0.2851192035484522
Oakley,,041310020,Residential Very Low,P-1,0.0,24.0,0.28511776157805685
Oakley,,041310019,Residential Very Low,P-1,0.0,24.0,0.2851205175181113
Oakley,,041310025,Residential Very Low,P-1,0.0,24.0,0.32002807887878226
Oakley,,041310024,Residential Very Low,P-1,0.0,24.0,0.3196067525815693
Oakley,,041310023,Residential Very Low,P-1,0.0,24.0,0.3233173458628437
Oakley,,041310022,Residential Very Low,P-1,0.0,24.0,0.30863980492917853
Oakley,,041310021,Residential Very Low,P-1,0.0,24.0,0.28511950376731654
Oakley,,041090018,Rural Residential,R-40,0.0,1.1,0.7
Oakley,,041030018,Residential Very Low,R-15,0.0,2.9,1.0
Oakley,,041260008,Residential Low,P-1,0.0,24.0,0.3659967479969524
Oakley,,041260007,Residential Low,P-1,0.0,24.0,0.4821162268875095
Oakley,,041030015,Residential Very Low,R-15,0.0,2.9,0.5
Oakley,,041310033,Residential Very Low,P-1,0.0,24.0,0.3605543463268521
Oakley,,041021029,Residential Very Low,P-1,0.0,24.0,1.15
Oakley,,041310034,Residential Very Low,P-1,0.0,24.0,0.441423550976348
Oakley,,041030014,Residential Very Low,R-15,0.0,2.9,0.5
Oakley,,041030013,Residential Very Low,R-15,0.0,2.9,0.5
Oakley,,041290040,Residential Low/Medium,P-1,0.0,24.0,0.16817912290432205
Oakley,,041290041,Residential Low/Medium,P-1,0.0,24.0,0.16637528625508036
Oakley,,041290042,Residential Low/Medium,P-1,0.0,24.0,0.1735795056484364
Oakley,,041290036,Residential Low/Medium,P-1,0.0,24.0,0.17647053736043466
Oakley,,041290037,Residential Low/Medium,P-1,0.0,24.0,0.161903951308619
Oakley,,041290038,Residential Low/Medium,P-1,0.0,24.0,0.15119042831527843
Oakley,,041290039,Residential Low/Medium,P-1,0.0,24.0,0.18084626154781266
Oakley,,041320009,Residential Very Low,P-1,0.0,24.0,0.3363296120473853
Oakley,,041310035,Residential Very Low,P-1,0.0,24.0,0.3190014399018931
Oakley,,041310043,Residential Very Low,P-1,0.0,24.0,0.31840612008241626
Oakley,,041320006,Residential Very Low,P-1,0.0,24.0,0.334448569850111
Oakley,,041320007,Residential Very Low,P-1,0.0,24.0,0.3144346102616577
Oakley,,041320008,Residential Very Low,P-1,0.0,24.0,0.3690660674747256
Oakley,,041320001,Residential Very Low,P-1,0.0,24.0,0.31362227406280824
Oakley,,041310040,Residential Very Low,P-1,0.0,24.0,0.31358020635171135
Oakley,,041310039,Residential Very Low,P-1,0.0,24.0,0.31357629488508487
Oakley,,041310041,Residential Very Low,P-1,0.0,24.0,0.35498360257976674
Oakley,,041310042,Residential Very Low,P-1,0.0,24.0,0.29761425583739537
Oakley,,041310038,Residential Very Low,P-1,0.0,24.0,0.32512818301734037
Oakley,,041310037,Residential Very Low,P-1,0.0,24.0,0.30667202357085427
Oakley,,041310036,Residential Very Low,P-1,0.0,24.0,0.3060925677728061
Oakley,,041310032,Residential Very Low,P-1,0.0,24.0,0.3173944608263919
Oakley,,041310026,Residential Very Low,P-1,0.0,24.0,0.32044523505648453
Oakley,,041310027,Residential Very Low,P-1,0.0,24.0,0.3208653963685317
Oakley,,041310031,Residential Very Low,P-1,0.0,24.0,0.322503151314564
Oakley,,041310030,Residential Very Low,P-1,0.0,24.0,0.32250600607452995
Oakley,,041310029,Residential Very Low,P-1,0.0,24.0,0.3481471162236782
Oakley,,041310028,Residential Very Low,P-1,0.0,24.0,0.3486564769216104
Oakley,,041310016,Residential Very Low,P-1,0.0,24.0,0.3196523558531226
Oakley,,041310015,Residential Very Low,P-1,0.0,24.0,0.31300681216102716
Oakley,,041310014,Residential Very Low,P-1,0.0,24.0,0.3030220460586184
Oakley,,041310004,Residential Very Low,P-1,0.0,24.0,0.28815224046474863
Oakley,,041310003,Residential Very Low,P-1,0.0,24.0,0.3112678789187042
Oakley,,041310002,Residential Very Low,P-1,0.0,24.0,0.34287901318862013
Oakley,,041310005,Residential Very Low,P-1,0.0,24.0,0.31655444306418823
Oakley,,041310006,Residential Very Low,P-1,0.0,24.0,0.32423892224348033
Oakley,,041310009,Residential Very Low,P-1,0.0,24.0,0.4259413671983256
Oakley,,041310008,Residential Very Low,P-1,0.0,24.0,0.3546346544320229
Oakley,,041310007,Residential Very Low,P-1,0.0,24.0,0.3977081634182215
Oakley,,041310001,Residential Very Low,P-1,0.0,24.0,0.3311561081062622
Oakley,,041143010,Residential Very Low,R-15,0.0,2.9,0.35
Oakley,,041143011,Residential Very Low,R-15,0.0,2.9,0.35
Oakley,,041143005,Residential Very Low,R-15,0.0,2.9,0.5
Oakley,,041143012,Residential Very Low,R-15,0.0,2.9,0.35
Oakley,,041143013,Residential Very Low,R-15,0.0,2.9,0.35
Oakley,,041143009,Residential Very Low,R-15,0.0,2.9,0.44
Oakley,,041143006,Residential Very Low,R-15,0.0,2.9,0.38
Oakley,,041143007,Residential Very Low,R-15,0.0,2.9,0.39
Oakley,,041143002,Residential Very Low,R-15,0.0,2.9,0.55
Oakley,,041143004,Residential Very Low,R-15,0.0,2.9,0.39
Oakley,,041143003,Residential Very Low,R-15,0.0,2.9,0.55
Oakley,,041050028,Residential Very Low,R-15,0.0,2.9,0.5695624060500706
Oakley,,041143001,Residential Very Low,R-15,0.0,2.9,0.5
Oakley,,041142011,Residential Very Low,R-15,0.0,2.9,0.34
Oakley,,041142012,Residential Very Low,R-15,0.0,2.9,0.42
Oakley,,041142013,Residential Very Low,R-15,0.0,2.9,0.37
Oakley,,041142005,Residential Very Low,R-15,0.0,2.9,0.34
Oakley,,041142004,Residential Very Low,R-15,0.0,2.9,0.36
Oakley,,041142006,Residential Very Low,R-15,0.0,2.9,0.34
Oakley,,041142007,Residential Very Low,R-15,0.0,2.9,0.34
Oakley,,041142010,Residential Very Low,R-15,0.0,2.9,0.46
Oakley,,041142009,Residential Very Low,R-15,0.0,2.9,0.44
Oakley,,041142008,Residential Very Low,R-15,0.0,2.9,0.48
Oakley,,041151007,Residential Very Low,R-15,0.0,2.9,0.34
Oakley,,041151006,Residential Very Low,R-15,0.0,2.9,0.36
Oakley,,041151005,Residential Very Low,R-15,0.0,2.9,0.46
Oakley,,041143008,Residential Very Low,R-15,0.0,2.9,0.45
Oakley,,041143014,Residential Very Low,R-15,0.0,2.9,0.37
Oakley,,041151001,Residential Very Low,R-15,0.0,2.9,0.32
Oakley,,041151002,Residential Very Low,R-15,0.0,2.9,0.41
Oakley,,041151003,Residential Very Low,R-15,0.0,2.9,0.35
Oakley,,041330039,Residential Very Low,R-15,0.0,2.9,0.901
Oakley,,041151004,Residential Very Low,R-15,0.0,2.9,0.34
Oakley,,041151009,Residential Very Low,R-15,0.0,2.9,0.36
Oakley,,041151008,Residential Very Low,R-15,0.0,2.9,0.034
Oakley,,041330036,Residential Very Low,R-15,0.0,2.9,0.35209944904452845
Oakley,,041330035,Residential Very Low,R-15,0.0,2.9,0.344364679019582
Oakley,,041330034,Residential Very Low,R-15,0.0,2.9,0.34434931084279485
Oakley,,041330014,Residential Very Low,R-15,0.0,2.9,0.34435688792099983
Oakley,,041330015,Residential Very Low,R-15,0.0,2.9,0.34434104306655305
Oakley,,041330016,Residential Very Low,R-15,0.0,2.9,0.3706436987331178
Oakley,,041330038,Residential Very Low,R-15,0.0,2.9,0.6
Oakley,,041330017,Residential Very Low,R-15,0.0,2.9,0.37854631474741246
Oakley,,041330018,Residential Very Low,R-15,0.0,2.9,0.34434821376227526
Oakley,,041330030,Residential Very Low,R-15,0.0,2.9,0.3444901712211423
Oakley,,041330031,Residential Very Low,R-15,0.0,2.9,0.3444442188584926
Oakley,,041330032,Residential Very Low,R-15,0.0,2.9,0.352357054953463
Oakley,,041330033,Residential Very Low,R-15,0.0,2.9,0.3826765685893572
Oakley,,041320002,Residential Very Low,P-1,0.0,24.0,0.3264005331732549
Oakley,,041320003,Residential Very Low,P-1,0.0,24.0,0.29883859018318343
Oakley,,041320004,Residential Very Low,P-1,0.0,24.0,0.2950085472603651
Oakley,,041320005,Residential Very Low,P-1,0.0,24.0,0.3054665421459311
Oakley,,041021011,Residential Very Low,R-15,0.0,2.9,4.86
Oakley,,041320011,Residential Very Low,P-1,0.0,24.0,0.3713194940576621
Oakley,,041320010,Residential Very Low,P-1,0.0,24.0,0.3283713436723946
Oakley,,041030051,Residential Low/Medium,P-1,0.0,24.0,1.033
Oakley,,041030052,Residential Low/Medium,P-1,0.0,24.0,0.955
Oakley,,041030053,Residential Low/Medium,P-1,0.0,24.0,0.616
Oakley,,041330028,Residential Very Low,R-15,0.0,2.9,0.3443266460222572
Oakley,,041330029,Residential Very Low,R-15,0.0,2.9,0.3445671412778273
Oakley,,041280001,Residential Low/Medium,P-1,0.0,24.0,0.16657596876970668
Oakley,,041280060,Residential Low/Medium,P-1,0.0,24.0,0.1712029447718623
Oakley,,041280059,Residential Low/Medium,P-1,0.0,24.0,0.14325129215832352
Oakley,,041280058,Residential Low/Medium,P-1,0.0,24.0,0.1436713825253086
Oakley,,041280057,Residential Low/Medium,P-1,0.0,24.0,0.14408514337792172
Oakley,,041280004,Residential Low/Medium,P-1,0.0,24.0,0.16891356390158063
Oakley,,041280003,Residential Low/Medium,P-1,0.0,24.0,0.16890982357280654
Oakley,,041280002,Residential Low/Medium,P-1,0.0,24.0,0.16891088959597725
Oakley,,041030033,Residential Very Low,R-12,0.0,3.6,4.623
Oakley,,041330025,Residential Very Low,R-15,0.0,2.9,0.35327411520394175
Oakley,,041330026,Residential Very Low,R-15,0.0,2.9,0.34632545540778437
Oakley,,041330027,Residential Very Low,R-15,0.0,2.9,0.3497251627000165
Oakley,,041330019,Residential Very Low,R-15,0.0,2.9,0.3584579375204773
Oakley,,041330020,Residential Very Low,R-15,0.0,2.9,0.3443373310659382
Oakley,,041330021,Residential Very Low,R-15,0.0,2.9,0.34434225375956284
Oakley,,041330022,Residential Very Low,R-15,0.0,2.9,0.5526779491052637
Oakley,,041330011,Residential Very Low,R-15,0.0,2.9,0.4548167167447085
Oakley,,041330012,Residential Very Low,R-15,0.0,2.9,0.43054605902309184
Oakley,,041330013,Residential Very Low,R-15,0.0,2.9,0.34435255760023864
Oakley,,041330010,Residential Very Low,R-15,0.0,2.9,0.45128786945199245
Oakley,,041330009,Residential Very Low,R-15,0.0,2.9,0.3843106407429208
Oakley,,041330008,Residential Very Low,R-15,0.0,2.9,0.5315839043345297
Oakley,,041021014,Residential Very Low,R-15,0.0,2.9,1.07
Oakley,,041330023,Residential Very Low,R-15,0.0,2.9,0.4906636042031783
Oakley,,041330024,Residential Very Low,R-15,0.0,2.9,0.4129810068471974
Oakley,,041030007,Residential Very Low,R-15,0.0,2.9,1.0
Oakley,,041030006,Residential Very Low,R-15,0.0,2.9,0.59
Oakley,,041030003,Residential Very Low,R-15,0.0,2.9,0.33
Oakley,,053071042,Commercial,C,0.0,0.0,0.78
Oakley,,053071041,Commercial,C,0.0,0.0,0.75
Oakley,,041030020,Residential Very Low,R-15,0.0,2.9,0.52
Oakley,,041030021,Residential Very Low,R-15,0.0,2.9,0.78
Oakley,,041030005,Residential Very Low,R-15,0.0,2.9,0.99
Oakley,,041030004,Residential Very Low,R-15,0.0,2.9,0.51
Oakley,,041030038,Residential Very Low,AL,0.0,0.0,1.0
Oakley,,041030039,Residential Low,AL,0.0,0.0,1.0
Oakley,,041030040,Residential Very Low,R-15,0.0,2.9,1.0
Oakley,,041030045,Residential Very Low,R-12,0.0,3.6,0.529
Oakley,,041030042,Residential Very Low,R-12,0.0,3.6,1.04
Oakley,,041280015,Residential Low/Medium,P-1,0.0,24.0,0.1826570282137167
Oakley,,041280014,Residential Low/Medium,P-1,0.0,24.0,0.16990243871500826
Oakley,,041280013,Residential Low/Medium,P-1,0.0,24.0,0.16237114385795426
Oakley,,041280028,Residential Low/Medium,P-1,0.0,24.0,0.15085883852002316
Oakley,,041280012,Residential Low/Medium,P-1,0.0,24.0,0.1580679632933692
Oakley,,041280011,Residential Low/Medium,P-1,0.0,24.0,0.1569552906426667
Oakley,,041280010,Residential Low/Medium,P-1,0.0,24.0,0.1546074122611555
Oakley,,041280009,Residential Low/Medium,P-1,0.0,24.0,0.168912417009317
Oakley,,041030032,Residential Very Low,R-12,0.0,3.6,5.16
Oakley,,041280006,Residential Low/Medium,P-1,0.0,24.0,0.168914156318297
Oakley,,041280005,Residential Low/Medium,P-1,0.0,24.0,0.16891296411443324
Oakley,,041280056,Residential Low/Medium,P-1,0.0,24.0,0.1607620914642957
Oakley,,041280034,Residential Low/Medium,P-1,0.0,24.0,0.14018665388108523
Oakley,,041280033,Residential Low/Medium,P-1,0.0,24.0,0.1637277296104141
Oakley,,041280032,Residential Low/Medium,P-1,0.0,24.0,0.12864380309904608
Oakley,,041280007,Residential Low/Medium,P-1,0.0,24.0,0.16891392410027495
Oakley,,041280008,Residential Low/Medium,P-1,0.0,24.0,0.16891376043816095
Oakley,,041280031,Residential Low/Medium,P-1,0.0,24.0,0.16372397370233896
Oakley,,041280030,Residential Low/Medium,P-1,0.0,24.0,0.12343393209418989
Oakley,,041280029,Residential Low/Medium,P-1,0.0,24.0,0.15067434415358924
Oakley,,041280038,Residential Low/Medium,P-1,0.0,24.0,0.17373691837658917
Oakley,,041280037,Residential Low/Medium,P-1,0.0,24.0,0.1737396569859908
Oakley,,041280040,Residential Low/Medium,P-1,0.0,24.0,0.17355386622739308
Oakley,,041280036,Residential Low/Medium,P-1,0.0,24.0,0.17373795467043332
Oakley,,041280035,Residential Low/Medium,P-1,0.0,24.0,0.1740746358301928
Oakley,,041280055,Residential Low/Medium,P-1,0.0,24.0,0.16078150985999157
Oakley,,041280054,Residential Low/Medium,P-1,0.0,24.0,0.1608597557176427
Oakley,,041280053,Residential Low/Medium,P-1,0.0,24.0,0.16085885037281109
Oakley,,041280052,Residential Low/Medium,P-1,0.0,24.0,0.12638754722139656
Oakley,,041280041,Residential Low/Medium,P-1,0.0,24.0,0.17355243539460496
Oakley,,041280042,Residential Low/Medium,P-1,0.0,24.0,0.17350565651200714
Oakley,,041280051,Residential Low/Medium,P-1,0.0,24.0,0.1608567817646826
Oakley,,041280050,Residential Low/Medium,P-1,0.0,24.0,0.1419546261340493
Oakley,,041290033,Residential Low/Medium,P-1,0.0,24.0,0.1449070807277662
Oakley,,041290028,Residential Low/Medium,P-1,0.0,24.0,0.17496877875773081
Oakley,,041290029,Residential Low/Medium,P-1,0.0,24.0,0.1639129124214391
Oakley,,041280043,Residential Low/Medium,P-1,0.0,24.0,0.17591188524935034
Oakley,,041280044,Residential Low/Medium,P-1,0.0,24.0,0.16592241625240378
Oakley,,041280045,Residential Low/Medium,P-1,0.0,24.0,0.166378251508004
Oakley,,041290030,Residential Low/Medium,P-1,0.0,24.0,0.16391143707080172
Oakley,,041290031,Residential Low/Medium,P-1,0.0,24.0,0.1639103524868582
Oakley,,041290032,Residential Low/Medium,P-1,0.0,24.0,0.20331843786747242
Oakley,,041280046,Residential Low/Medium,P-1,0.0,24.0,0.16683736186038814
Oakley,,041280039,Residential High,P-1,0.0,24.0,0.13636321639137783
Oakley,,041290010,Residential Low/Medium,P-1,0.0,24.0,0.1735522324578083
Oakley,,041280047,Residential Low/Medium,P-1,0.0,24.0,0.19481438278266222
Oakley,,041290011,Residential Low/Medium,P-1,0.0,24.0,0.13636318677901643
Oakley,,041290009,Residential Low/Medium,P-1,0.0,24.0,0.17371416449064378
Oakley,,041290008,Residential Low/Medium,P-1,0.0,24.0,0.17364709109540993
Oakley,,041290012,Residential Low/Medium,P-1,0.0,24.0,0.18101397227941401
Oakley,,041280048,Residential Low/Medium,P-1,0.0,24.0,0.2335465404092604
Oakley,,041290015,Residential Low/Medium,P-1,0.0,24.0,0.24067822810053868
Oakley,,041280049,Residential Low/Medium,P-1,0.0,24.0,0.3206841486100164
Oakley,,041290021,Residential Low/Medium,P-1,0.0,24.0,0.17717974268464973
Oakley,,041290020,Residential Low/Medium,P-1,0.0,24.0,0.13683131187543734
Oakley,,041290019,Residential Low/Medium,P-1,0.0,24.0,0.16066629705623114
Oakley,,041290018,Residential Low/Medium,P-1,0.0,24.0,0.12623813056061858
Oakley,,041290062,Residential Low/Medium,P-1,0.0,24.0,0.12624744727343848
Oakley,,041290063,Residential Low/Medium,P-1,0.0,24.0,0.16067577962152677
Oakley,,041290066,Residential Low/Medium,P-1,0.0,24.0,0.1695547392760765
Oakley,,041290064,Residential Low/Medium,P-1,0.0,24.0,0.12624929847697638
Oakley,,041290065,Residential Low/Medium,P-1,0.0,24.0,0.16237061429256597
Oakley,,041290017,Residential Low/Medium,P-1,0.0,24.0,0.16066689142921972
Oakley,,041290016,Residential Low/Medium,P-1,0.0,24.0,0.1488815362225579
Oakley,,041290001,Residential Low/Medium,P-1,0.0,24.0,0.14598346796727812
Oakley,,041290002,Residential Low/Medium,P-1,0.0,24.0,0.14003886655606596
Oakley,,041280022,Residential Low/Medium,P-1,0.0,24.0,0.2358172579510565
Oakley,,041290003,Residential Low/Medium,P-1,0.0,24.0,0.28648429035759665
Oakley,,041290014,Residential Low/Medium,P-1,0.0,24.0,0.18194038139192428
Oakley,,041290013,Residential Low/Medium,P-1,0.0,24.0,0.16296164508858785
Oakley,,041290007,Residential Low/Medium,P-1,0.0,24.0,0.17466305478853947
Oakley,,041280027,Residential Low/Medium,P-1,0.0,24.0,0.15866419115868763
Oakley,,041280026,Residential Low/Medium,P-1,0.0,24.0,0.16023878230094435
Oakley,,041290006,Residential Low/Medium,P-1,0.0,24.0,0.19220548447144184
Oakley,,041280025,Residential Low/Medium,P-1,0.0,24.0,0.16270257715365732
Oakley,,041280024,Residential Low/Medium,P-1,0.0,24.0,0.14434164378801895
Oakley,,041290005,Residential Low/Medium,P-1,0.0,24.0,0.203579158124029
Oakley,,041290004,Residential Low/Medium,P-1,0.0,24.0,0.21250378192233477
Oakley,,041280021,Residential Low/Medium,P-1,0.0,24.0,0.23449966754211815
Oakley,,041280023,Residential Low/Medium,P-1,0.0,24.0,0.19760825362737106
Oakley,,041280018,Residential Low/Medium,P-1,0.0,24.0,0.22348408900361608
Oakley,,041280016,Residential Low/Medium,P-1,0.0,24.0,0.19499348277933928
Oakley,,041280017,Residential Low/Medium,P-1,0.0,24.0,0.2073316197925103
Oakley,,041130001,Residential Low/Medium,P-1,0.0,24.0,0.22383868320718148
Oakley,,041300001,Residential Low/Medium,P-1,0.0,24.0,0.13185002202180907
Oakley,,041300003,Residential Low/Medium,P-1,0.0,24.0,0.19899056966034268
Oakley,,041300004,Residential Low/Medium,P-1,0.0,24.0,0.1874081251109771
Oakley,,041300002,Residential Low/Medium,P-1,0.0,24.0,0.1833413497335484
Oakley,,041300012,Residential Low/Medium,P-1,0.0,24.0,0.18781351805200353
Oakley,,041300011,Residential Low/Medium,P-1,0.0,24.0,0.17579956484858594
Oakley,,041300010,Residential Low/Medium,P-1,0.0,24.0,0.18123295880691112
Oakley,,041300009,Residential Low/Medium,P-1,0.0,24.0,0.19843783947287058
Oakley,,041300015,Residential Low/Medium,P-1,0.0,24.0,0.2108174709985098
Oakley,,041300016,Residential Low/Medium,P-1,0.0,24.0,0.22373843360373835
Oakley,,041184008,Residential Low/Medium,P-1,0.0,24.0,0.15356692249933326
Oakley,,041184017,Residential Low/Medium,P-1,0.0,24.0,0.14498822655164778
Oakley,,041300014,Residential Low/Medium,P-1,0.0,24.0,0.2101596885799158
Oakley,,041300013,Residential Low/Medium,P-1,0.0,24.0,0.20239720275401252
Oakley,,041280020,Residential Low/Medium,P-1,0.0,24.0,0.16351691022900927
Oakley,,041280019,Residential Low/Medium,P-1,0.0,24.0,0.1557906427359924
Oakley,,041300018,Residential Low/Medium,P-1,0.0,24.0,0.21685680207679048
Oakley,,041300022,Residential Low/Medium,P-1,0.0,24.0,0.264499916887765
Oakley,,041120041,Residential Low/Medium,P-1,0.0,24.0,0.20827401467012704
Oakley,,041300023,Residential Low/Medium,P-1,0.0,24.0,0.17380831724127804
Oakley,,041300024,Residential Low/Medium,P-1,0.0,24.0,0.21563073968724214
Oakley,,041120039,Residential Low/Medium,P-1,0.0,24.0,0.14177426257632494
Oakley,,041120038,Residential Low/Medium,P-1,0.0,24.0,0.13989480608376934
Oakley,,041120036,Residential Low/Medium,P-1,0.0,24.0,0.15499518602643989
Oakley,,041120037,Residential Low/Medium,P-1,0.0,24.0,0.16526100132534727
Oakley,,041300017,Residential Low/Medium,P-1,0.0,24.0,0.2053489028416462
Oakley,,041120035,Residential Low/Medium,P-1,0.0,24.0,0.1577914215897656
Oakley,,041120032,Residential Low/Medium,P-1,0.0,24.0,0.16767803292192698
Oakley,,041120031,Residential Low/Medium,P-1,0.0,24.0,0.15997648709661727
Oakley,,041181004,Residential Low/Medium,P-1,0.0,24.0,0.127568318050755
Oakley,,041120033,Residential Low/Medium,P-1,0.0,24.0,0.1663894347490125
Oakley,,041181003,Residential Low/Medium,P-1,0.0,24.0,0.13440229098585085
Oakley,,041120034,Residential Low/Medium,P-1,0.0,24.0,0.15561298848153762
Oakley,,041181002,Residential Low/Medium,P-1,0.0,24.0,0.14894114752790297
Oakley,,041181001,Residential Low/Medium,P-1,0.0,24.0,0.18737041023324094
Oakley,,041184005,Residential Low/Medium,P-1,0.0,24.0,0.1476510965830412
Oakley,,041184004,Residential Low/Medium,P-1,0.0,24.0,0.13256779186755638
Oakley,,041181008,Residential Low/Medium,P-1,0.0,24.0,0.1281345998211692
Oakley,,041181007,Residential Low/Medium,P-1,0.0,24.0,0.12626061127133814
Oakley,,041181006,Residential Low/Medium,P-1,0.0,24.0,0.12625857139537827
Oakley,,041181005,Residential Low/Medium,P-1,0.0,24.0,0.12626048192866257
Oakley,,041120029,Residential Low/Medium,P-1,0.0,24.0,0.1416717663099007
Oakley,,041120030,Residential Low/Medium,P-1,0.0,24.0,0.14919863729467053
Oakley,,041120028,Residential Low/Medium,P-1,0.0,24.0,0.14206627280387613
Oakley,,041120027,Residential Low/Medium,P-1,0.0,24.0,0.1436321906751853
Oakley,,041120022,Residential Low/Medium,P-1,0.0,24.0,0.15727220951892737
Oakley,,041120023,Residential Low/Medium,P-1,0.0,24.0,0.18161578729780556
Oakley,,041181013,Residential Low/Medium,P-1,0.0,24.0,0.12625803806179875
Oakley,,041181012,Residential Low/Medium,P-1,0.0,24.0,0.1262581886530997
Oakley,,041120024,Residential Low/Medium,P-1,0.0,24.0,0.16981331242560097
Oakley,,041181011,Residential Low/Medium,P-1,0.0,24.0,0.12625916977093138
Oakley,,041120025,Residential Low/Medium,P-1,0.0,24.0,0.16048874824162598
Oakley,,041181010,Residential Low/Medium,P-1,0.0,24.0,0.12625932958967082
Oakley,,041120026,Residential Low/Medium,P-1,0.0,24.0,0.15279913408913307
Oakley,,041181009,Residential Low/Medium,P-1,0.0,24.0,0.12438381946542464
Oakley,,041183007,Residential Low/Medium,P-1,0.0,24.0,0.1323791476536307
Oakley,,041183006,Residential Low/Medium,P-1,0.0,24.0,0.12625981622031585
Oakley,,041183008,Parks and Recreation,P-1,0.0,24.0,3.74
Oakley,,041184016,Residential Low/Medium,P-1,0.0,24.0,0.14002415085544653
Oakley,,041184001,Residential Low/Medium,P-1,0.0,24.0,0.14001955918339432
Oakley,,041184003,Residential Low/Medium,P-1,0.0,24.0,0.13256872249392818
Oakley,,041184002,Residential Low/Medium,P-1,0.0,24.0,0.13257080071190225
Oakley,,041184015,Residential Low/Medium,P-1,0.0,24.0,0.12534341470558172
Oakley,,041184014,Residential Low/Medium,P-1,0.0,24.0,0.12903189889888553
Oakley,,041184013,Residential Low/Medium,P-1,0.0,24.0,0.13078642965633175
Oakley,,041184006,Residential Low/Medium,P-1,0.0,24.0,0.14059377538123732
Oakley,,041185002,Residential Low/Medium,P-1,0.0,24.0,0.13773772728064415
Oakley,,041185001,Residential Low/Medium,P-1,0.0,24.0,0.13313917020517868
Oakley,,041185003,Residential Low/Medium,P-1,0.0,24.0,0.13773835732124715
Oakley,,041130035,Residential Low/Medium,P-1,0.0,24.0,0.16666647417089442
Oakley,,041130032,Residential Low/Medium,P-1,0.0,24.0,0.13408047261188644
Oakley,,041130033,Residential Low/Medium,P-1,0.0,24.0,0.13408134332405985
Oakley,,041130034,Residential Low/Medium,P-1,0.0,24.0,0.13407629214304592
Oakley,,041185004,Residential Low/Medium,P-1,0.0,24.0,0.1377447749058028
Oakley,,041130024,Residential Low/Medium,P-1,0.0,24.0,0.18235271654477225
Oakley,,041130050,Residential Low/Medium,P-1,0.0,24.0,0.19627989987245406
Oakley,,041130023,Residential Low/Medium,P-1,0.0,24.0,0.2613830083674975
Oakley,,041185008,Residential Low/Medium,P-1,0.0,24.0,0.17856113842139523
Oakley,,041185009,Residential Low/Medium,P-1,0.0,24.0,0.22197271888027925
Oakley,,041185007,Residential Low/Medium,P-1,0.0,24.0,0.25583764283704613
Oakley,,041185006,Residential Low/Medium,P-1,0.0,24.0,0.14205884843504757
Oakley,,041185005,Residential Low/Medium,P-1,0.0,24.0,0.19484112606142737
Oakley,,041184012,Residential Low/Medium,P-1,0.0,24.0,0.1289713206466167
Oakley,,041184011,Residential Low/Medium,P-1,0.0,24.0,0.1378845460361029
Oakley,,041184009,Residential Low/Medium,P-1,0.0,24.0,0.18185629501031916
Oakley,,041184010,Residential Low/Medium,P-1,0.0,24.0,0.1523384997242071
Oakley,,041185010,Residential Low/Medium,P-1,0.0,24.0,0.14911422136767236
Oakley,,041300007,Residential Low/Medium,P-1,0.0,24.0,0.17153861091452927
Oakley,,041300008,Residential Low/Medium,P-1,0.0,24.0,0.17856523249830197
Oakley,,041300006,Residential Low/Medium,P-1,0.0,24.0,0.24435958755518955
Oakley,,041130051,Residential Low/Medium,P-1,0.0,24.0,0.3042616334190543
Oakley,,041130011,Residential Low/Medium,P-1,0.0,24.0,0.280258402524629
Oakley,,041300005,Residential Low/Medium,P-1,0.0,24.0,0.23031787160751804
Oakley,,041130010,Residential Low/Medium,P-1,0.0,24.0,0.28430824375919955
Oakley,,041130009,Residential Low/Medium,P-1,0.0,24.0,0.20964599800848674
Oakley,,041130002,Residential Low/Medium,P-1,0.0,24.0,0.22343167269848302
Oakley,,041130003,Residential Low/Medium,P-1,0.0,24.0,0.22343217999783904
Oakley,,041130008,Residential Low/Medium,P-1,0.0,24.0,0.1864394185870214
Oakley,,041130007,Residential Low/Medium,P-1,0.0,24.0,0.18477108956667562
Oakley,,041130006,Residential Low/Medium,P-1,0.0,24.0,0.1585595778940207
Oakley,,041130014,Residential Low/Medium,P-1,0.0,24.0,0.17144337061313228
Oakley,,041130012,Residential Low/Medium,P-1,0.0,24.0,0.16793402411707095
Oakley,,041130013,Residential Low/Medium,P-1,0.0,24.0,0.1543822214657021
Oakley,,041130017,Residential Low/Medium,P-1,0.0,24.0,0.1377391107279924
Oakley,,041130016,Residential Low/Medium,P-1,0.0,24.0,0.1377397970913709
Oakley,,041130015,Residential Low/Medium,P-1,0.0,24.0,0.15758562679903618
Oakley,,041270016,Residential Low/Medium,P-1,0.0,24.0,0.13659733667731433
Oakley,,041270015,Residential Low/Medium,P-1,0.0,24.0,0.20548188754736751
Oakley,,041270014,Residential Low/Medium,P-1,0.0,24.0,0.1442903477414633
Oakley,,041270013,Residential Low/Medium,P-1,0.0,24.0,0.12119902634603347
Oakley,,041270012,Residential Low/Medium,P-1,0.0,24.0,0.16633586261158284
Oakley,,041130027,Residential Low/Medium,P-1,0.0,24.0,0.14947874765361746
Oakley,,041130018,Residential Low/Medium,P-1,0.0,24.0,0.15156115626878072
Oakley,,041130019,Residential Low/Medium,P-1,0.0,24.0,0.20560882018533663
Oakley,,041130020,Residential Low/Medium,P-1,0.0,24.0,0.18092431574575657
Oakley,,041130025,Residential Low/Medium,P-1,0.0,24.0,0.1530602786605029
Oakley,,041130026,Residential Low/Medium,P-1,0.0,24.0,0.15023448475052836
Oakley,,041130028,Residential Low/Medium,P-1,0.0,24.0,0.14691508513144766
Oakley,,041130029,Residential Low/Medium,P-1,0.0,24.0,0.1494551321281728
Oakley,,041130030,Residential Low/Medium,P-1,0.0,24.0,0.1340805578983818
Oakley,,041130031,Residential Low/Medium,P-1,0.0,24.0,0.1340812416468611
Oakley,,041130036,Residential Low/Medium,P-1,0.0,24.0,0.1666657896596443
Oakley,,041130037,Residential Low/Medium,P-1,0.0,24.0,0.15151558902016535
Oakley,,041130039,Residential Low/Medium,P-1,0.0,24.0,0.1400296268230821
Oakley,,041130038,Residential Low/Medium,P-1,0.0,24.0,0.1377274481021571
Oakley,,041270009,Residential Low/Medium,P-1,0.0,24.0,0.17210990613264884
Oakley,,041270008,Residential Low/Medium,P-1,0.0,24.0,0.18726238101427742
Oakley,,041270010,Residential Low/Medium,P-1,0.0,24.0,0.15902622097321154
Oakley,,041270011,Residential Low/Medium,P-1,0.0,24.0,0.13526344008784175
Oakley,,041042004,Commercial,C,0.0,0.0,0.2
Oakley,,053071032,Public and Semi-Public,P,0.0,0.0,5.932
Oakley,,053071035,Commercial,C,0.0,0.0,0.18
Oakley,,053071036,Commercial,C,0.0,0.0,0.745
Oakley,,04103C003,Residential Low/Medium,P-1,0.0,24.0,6.69060504869129
Oakley,,041270023,Residential Low/Medium,P-1,0.0,24.0,0.12739928827120445
Oakley,,041270022,Residential Low/Medium,P-1,0.0,24.0,0.13891364177566798
Oakley,,041270020,Residential Low/Medium,P-1,0.0,24.0,0.17286578283938778
Oakley,,041270021,Residential Low/Medium,P-1,0.0,24.0,0.1615534503688826
Oakley,,041042005,Commercial,C,0.0,0.0,2.61
Oakley,,041270019,Residential Low/Medium,P-1,0.0,24.0,0.12035678606445498
Oakley,,041270018,Residential Low/Medium,P-1,0.0,24.0,0.1946487461320415
Oakley,,041270017,Residential Low/Medium,P-1,0.0,24.0,0.18900123193913135
Oakley,,041270026,Residential Low/Medium,P-1,0.0,24.0,0.16602983575090322
Oakley,,041270025,Residential Low/Medium,P-1,0.0,24.0,0.1868851728793137
Oakley,,041270024,Residential Low/Medium,P-1,0.0,24.0,0.17562713870212474
Oakley,,041270028,Residential Low/Medium,P-1,0.0,24.0,0.13723131565179825
Oakley,,041270027,Residential Low/Medium,P-1,0.0,24.0,0.16065470173406818
Oakley,,041130005,Residential Low/Medium,P-1,0.0,24.0,0.15611295691973723
Oakley,,041130004,Residential Low/Medium,P-1,0.0,24.0,0.15181849313177828
Oakley,,041030046,Residential Very Low,R-12,0.0,3.6,4.633
Oakley,,041030041,Residential Very Low,R-12,0.0,3.6,2.04
Oakley,,053071043,Commercial,C,0.0,0.0,1.14
Oakley,,053071040,Commercial,C,0.0,0.0,4.41
Oakley,,053071051,Commercial,C,0.0,0.0,0.948
Oakley,,053071028,Public and Semi-Public,P,0.0,0.0,32.233
Oakley,,053071052,Public and Semi-Public,P,0.0,0.0,20.756
Oakley,,053071027,Public and Semi-Public,P,0.0,0.0,10.161
Oakley,,053071045,Public and Semi-Public,P,0.0,0.0,9.78
Oakley,,034360078,Residential Low,P-1,0.0,24.0,0.23007547945342555
Oakley,,034360079,Residential Low,P-1,0.0,24.0,0.20433073281348027
Oakley,,034390029,Residential Low,P-1,0.0,24.0,0.16145792279741558
Oakley,,034390028,Residential Low,P-1,0.0,24.0,0.1669444785751612
Oakley,,034390034,Residential Low,P-1,0.0,24.0,0.853
Oakley,,034360080,Residential Low,P-1,0.0,24.0,0.17012276754946282
Oakley,,034360081,Residential Low,P-1,0.0,24.0,0.21033791841615113
Oakley,,034360082,Residential Low,P-1,0.0,24.0,0.21056290263126948
Oakley,,034390030,Residential Low,P-1,0.0,24.0,0.16576974956165785
Oakley,,034390027,Residential Low,P-1,0.0,24.0,0.1996058980860581
Oakley,,034390026,Residential Low,P-1,0.0,24.0,0.20548423210082936
Oakley,,034390031,Residential Low,P-1,0.0,24.0,0.2313843606085503
Oakley,,034390032,Residential Low,P-1,0.0,24.0,0.17342084956615905
Oakley,,034390033,Residential Low,P-1,0.0,24.0,0.21005542205743713
Oakley,,034350038,Residential Low,P-1,0.0,24.0,0.31800939232182895
Oakley,,034350043,Residential Low,P-1,0.0,24.0,0.14921791088968586
Oakley,,034350044,Residential Low,P-1,0.0,24.0,0.14003765913889965
Oakley,,034350045,Residential Low,P-1,0.0,24.0,0.14826373865325695
Oakley,,053071054,Public and Semi-Public,P,0.0,0.0,0.774
Oakley,,053071055,Public and Semi-Public,P,0.0,0.0,2.85
Oakley,,034010034,Residential Low,R-10,0.0,4.4,1.64
Oakley,,034350017,Residential Low,P-1,0.0,24.0,0.2485831972749047
Oakley,,034350019,Residential Low,P-1,0.0,24.0,0.275951923567363
Oakley,,034350018,Residential Low,P-1,0.0,24.0,0.1958277608208584
Oakley,,034350020,Residential Low,P-1,0.0,24.0,0.19670148007047614
Oakley,,034350021,Residential Low,P-1,0.0,24.0,0.18434306882444967
Oakley,,034350015,Residential Low,P-1,0.0,24.0,0.19673734393466957
Oakley,,034350016,Residential Low,P-1,0.0,24.0,0.17795942648030363
Oakley,,034350014,Residential Low,P-1,0.0,24.0,0.1637338009528342
Oakley,,034350013,Residential Low,P-1,0.0,24.0,0.15379201552986194
Oakley,,034350012,Residential Low,P-1,0.0,24.0,0.1548294016800615
Oakley,,034350011,Residential Low,P-1,0.0,24.0,0.15103348177652123
Oakley,,034350008,Residential Low,P-1,0.0,24.0,0.21117760437417626
Oakley,,034350007,Residential Low,P-1,0.0,24.0,0.16981136149703985
Oakley,,034350005,Residential Low,P-1,0.0,24.0,0.24308193139038278
Oakley,,034350004,Residential Low,P-1,0.0,24.0,0.28331960113945837
Oakley,,034350009,Residential Low,P-1,0.0,24.0,0.19713299777682974
Oakley,,034350010,Residential Low,P-1,0.0,24.0,0.21913789062123437
Oakley,,034010035,Residential Low,R-10,0.0,4.4,6.646
Oakley,,034010036,Residential Low,R-10,0.0,4.4,2.717
Oakley,,034350003,Residential Low,P-1,0.0,24.0,0.21021421663657355
Oakley,,034350006,Residential Low,P-1,0.0,24.0,0.21971828967213505
Oakley,,034350002,Residential Low,P-1,0.0,24.0,0.27000980557049653
Oakley,,034350001,Residential Low,P-1,0.0,24.0,0.2715638247997146
Oakley,,034350037,Residential Low,P-1,0.0,24.0,0.2318910498837093
Oakley,,034350034,Residential Low,P-1,0.0,24.0,0.2014865186391899
Oakley,,034350033,Residential Low,P-1,0.0,24.0,0.27624304550076056
Oakley,,034350032,Residential Low,P-1,0.0,24.0,0.21061124192466732
Oakley,,034350031,Residential Low,P-1,0.0,24.0,0.1579427081157565
Oakley,,034350030,Residential Low,P-1,0.0,24.0,0.15609817239850785
Oakley,,034340004,Residential Low,P-1,0.0,24.0,0.15434996869255793
Oakley,,034340003,Residential Low,P-1,0.0,24.0,0.16442832372154476
Oakley,,034340005,Residential Low,P-1,0.0,24.0,0.17206433718831052
Oakley,,034340006,Residential Low,P-1,0.0,24.0,0.15435087552642648
Oakley,,034340025,Residential Low,P-1,0.0,24.0,0.14283651167542313
Oakley,,034340024,Residential Low,P-1,0.0,24.0,0.15220294599731166
Oakley,,034340023,Residential Low,P-1,0.0,24.0,0.15923010673979593
Oakley,,034340007,Residential Low,P-1,0.0,24.0,0.1644727469347461
Oakley,,034340009,Residential Low,P-1,0.0,24.0,0.18654884526833193
Oakley,,034350028,Residential Low,P-1,0.0,24.0,0.16642550889976904
Oakley,,034340008,Residential Low,P-1,0.0,24.0,0.16799560279339426
Oakley,,034350029,Residential Low,P-1,0.0,24.0,0.16183756594334575
Oakley,,034350027,Residential Low,P-1,0.0,24.0,0.16510008083744424
Oakley,,034350026,Residential Low,P-1,0.0,24.0,0.1481919035564791
Oakley,,034350022,Residential Low,P-1,0.0,24.0,0.23086828956230337
Oakley,,034350024,Residential Low,P-1,0.0,24.0,0.1776080488773594
Oakley,,034350023,Residential Low,P-1,0.0,24.0,0.27923617336993617
Oakley,,034340012,Residential Low,P-1,0.0,24.0,0.1576401954179571
Oakley,,034350025,Residential Low,P-1,0.0,24.0,0.1563545121725019
Oakley,,034340010,Residential Low,P-1,0.0,24.0,0.16712500436892525
Oakley,,034340011,Residential Low,P-1,0.0,24.0,0.15705001028297777
Oakley,,034340013,Residential Low,P-1,0.0,24.0,0.32202455258506657
Oakley,,034340020,Residential Low,P-1,0.0,24.0,0.16712686988648923
Oakley,,034340018,Residential Low,P-1,0.0,24.0,0.22236261714204106
Oakley,,034340019,Residential Low,P-1,0.0,24.0,0.16854898304585786
Oakley,,034340022,Residential Low,P-1,0.0,24.0,0.15410054782523547
Oakley,,034320049,Residential Low,P-1,0.0,24.0,0.17171080668458458
Oakley,,034320050,Residential Low,P-1,0.0,24.0,0.18844619386602846
Oakley,,034310015,Residential Low,P-1,0.0,24.0,0.16978575407917457
Oakley,,034310014,Residential Low,P-1,0.0,24.0,0.15573984805945468
Oakley,,034340021,Residential Low,P-1,0.0,24.0,0.17111519492955748
Oakley,,034340017,Residential Low,P-1,0.0,24.0,0.2890869759361314
Oakley,,034310018,Residential Low,P-1,0.0,24.0,0.24061848114000414
Oakley,,034310017,Residential Low,P-1,0.0,24.0,0.2116145542353925
Oakley,,034310016,Residential Low,P-1,0.0,24.0,0.2281849742991513
Oakley,,034310021,Residential Low,P-1,0.0,24.0,0.22198294424158393
Oakley,,034310022,Residential Low,P-1,0.0,24.0,0.17596274485373825
Oakley,,034310020,Residential Low,P-1,0.0,24.0,0.3251335363969411
Oakley,,034310019,Residential Low,P-1,0.0,24.0,0.3074288330291236
Oakley,,035691004,Residential Low/Medium,R-6,0.0,7.3,0.2149072551966324
Oakley,,034340016,Residential Low,P-1,0.0,24.0,0.32058572143876635
Oakley,,034340015,Residential Low,P-1,0.0,24.0,0.2915903655865161
Oakley,,034340014,Residential Low,P-1,0.0,24.0,0.24694517820149006
Oakley,,035650003,Residential Low/Medium,R-6,0.0,7.3,0.2300476346966418
Oakley,,035650002,Residential Low/Medium,R-6,0.0,7.3,0.18608599614105414
Oakley,,035691006,Residential Low/Medium,R-6,0.0,7.3,0.1950852905255644
Oakley,,035691007,Residential Low/Medium,R-6,0.0,7.3,0.19529726988530965
Oakley,,035691008,Residential Low/Medium,R-6,0.0,7.3,0.19551687882670338
Oakley,,035692003,Residential Low/Medium,R-6,0.0,7.3,0.14232988410737052
Oakley,,035692002,Residential Low/Medium,R-6,0.0,7.3,0.14232966595068025
Oakley,,035691009,Residential Low/Medium,R-6,0.0,7.3,0.1974271055142266
Oakley,,035691010,Residential Low/Medium,R-6,0.0,7.3,0.2536948221078021
Oakley,,035650001,Residential Low/Medium,R-6,0.0,7.3,0.1601437107950358
Oakley,,035650055,Residential Low/Medium,R-6,0.0,7.3,0.14921572935008623
Oakley,,035650056,Residential Low/Medium,R-6,0.0,7.3,0.1423286905719341
Oakley,,035650057,Residential Low/Medium,R-6,0.0,7.3,0.14481522488928406
Oakley,,035692001,Residential Low/Medium,R-6,0.0,7.3,0.14224110092329975
Oakley,,035650037,Residential Low/Medium,R-6,0.0,7.3,0.24437933542318915
Oakley,,035650034,Residential Low/Medium,R-6,0.0,7.3,0.14263856165941474
Oakley,,035650038,Residential Low/Medium,R-6,0.0,7.3,0.14317988157207973
Oakley,,035650039,Residential Low/Medium,R-6,0.0,7.3,0.14732980047288594
Oakley,,035650040,Residential Low/Medium,R-6,0.0,7.3,0.14737905416664243
Oakley,,035650041,Residential Low/Medium,R-6,0.0,7.3,0.1473822358721224
Oakley,,035650052,Residential Low/Medium,R-6,0.0,7.3,0.13773892352628386
Oakley,,035650053,Residential Low/Medium,R-6,0.0,7.3,0.13773862828285763
Oakley,,035650054,Residential Low/Medium,R-6,0.0,7.3,0.13773814964179196
Oakley,,035650006,Residential Low/Medium,R-6,0.0,7.3,0.17893500660393238
Oakley,,035650007,Residential Low/Medium,R-6,0.0,7.3,0.1777740521459591
Oakley,,035650051,Residential Low/Medium,R-6,0.0,7.3,0.13773645963542552
Oakley,,035650050,Residential Low/Medium,R-6,0.0,7.3,0.13773788303128212
Oakley,,035650012,Residential Low/Medium,R-6,0.0,7.3,0.1758868465919075
Oakley,,035650013,Residential Low/Medium,R-6,0.0,7.3,0.16035245976399537
Oakley,,035650014,Residential Low/Medium,R-6,0.0,7.3,0.16371128059829076
Oakley,,035650011,Residential Low/Medium,R-6,0.0,7.3,0.16731406857310072
Oakley,,035650010,Residential Low/Medium,R-6,0.0,7.3,0.2846473906285059
Oakley,,035650009,Residential Low/Medium,R-6,0.0,7.3,0.28775149929576405
Oakley,,035650008,Residential Low/Medium,R-6,0.0,7.3,0.16916631902162862
Oakley,,035650005,Residential Low/Medium,R-6,0.0,7.3,0.16802533067430658
Oakley,,035650004,Residential Low/Medium,R-6,0.0,7.3,0.2843298150911267
Oakley,,034010033,Residential Low,R-10,0.0,4.4,0.39
Oakley,,035650015,Residential Low/Medium,R-6,0.0,7.3,0.2721115956280736
Oakley,,035650016,Residential Low/Medium,R-6,0.0,7.3,0.25742125950717437
Oakley,,041042006,Commercial,C,0.0,0.0,1.56
Oakley,,041270004,Residential Low/Medium,P-1,0.0,24.0,0.31716529521835773
Oakley,,035650017,Residential Low/Medium,R-6,0.0,7.3,0.24819736677587137
Oakley,,035650018,Residential Low/Medium,R-6,0.0,7.3,0.14966071250890706
Oakley,,041270001,Residential Low/Medium,P-1,0.0,24.0,0.1578239631701596
Oakley,,041270002,Residential Low/Medium,P-1,0.0,24.0,0.15788592914907548
Oakley,,041270003,Residential Low/Medium,P-1,0.0,24.0,0.20305110230625614
Oakley,,041270005,Residential Low/Medium,P-1,0.0,24.0,0.17838228065375192
Oakley,,041270006,Residential Low/Medium,P-1,0.0,24.0,0.15560125779095574
Oakley,,041270007,Residential Low/Medium,P-1,0.0,24.0,0.16069925116975847
Oakley,,041130047,Residential Low/Medium,P-1,0.0,24.0,0.1851154960714831
Oakley,,041130048,Residential Low/Medium,P-1,0.0,24.0,0.1632668058185092
Oakley,,041130040,Residential Low/Medium,P-1,0.0,24.0,0.1400291582026165
Oakley,,041130041,Residential Low/Medium,P-1,0.0,24.0,0.13770926405484224
Oakley,,041130042,Residential Low/Medium,P-1,0.0,24.0,0.1804880224980959
Oakley,,041130046,Residential Low/Medium,P-1,0.0,24.0,0.13477828700802436
Oakley,,035650025,Residential Low/Medium,R-6,0.0,7.3,0.15456174745716858
Oakley,,035650024,Residential Low/Medium,R-6,0.0,7.3,0.15440429291301846
Oakley,,035650023,Residential Low/Medium,R-6,0.0,7.3,0.15435002153392846
Oakley,,035650022,Residential Low/Medium,R-6,0.0,7.3,0.15429259369807438
Oakley,,035650021,Residential Low/Medium,R-6,0.0,7.3,0.15423641452694384
Oakley,,035650020,Residential Low/Medium,R-6,0.0,7.3,0.15418226321439338
Oakley,,035650019,Residential Low/Medium,R-6,0.0,7.3,0.15412619599819394
Oakley,,035650047,Residential Low/Medium,R-6,0.0,7.3,0.14854036142421956
Oakley,,035650048,Residential Low/Medium,R-6,0.0,7.3,0.13773942868999392
Oakley,,035650049,Residential Low/Medium,R-6,0.0,7.3,0.1377398712513777
Oakley,,035650044,Residential Low/Medium,R-6,0.0,7.3,0.14738019601709396
Oakley,,035650045,Residential Low/Medium,R-6,0.0,7.3,0.14737893027534302
Oakley,,035650046,Residential Low/Medium,R-6,0.0,7.3,0.15916384661746727
Oakley,,035650026,Residential Low/Medium,R-6,0.0,7.3,0.16223388114722734
Oakley,,035650027,Residential Low/Medium,R-6,0.0,7.3,0.14805759995436654
Oakley,,035650028,Residential Low/Medium,R-6,0.0,7.3,0.1485351512990534
Oakley,,035650029,Residential Low/Medium,R-6,0.0,7.3,0.14940970132687123
Oakley,,035650043,Residential Low/Medium,R-6,0.0,7.3,0.14738167846780306
Oakley,,035650042,Residential Low/Medium,R-6,0.0,7.3,0.1473775077653791
Oakley,,035650030,Residential Low/Medium,R-6,0.0,7.3,0.13983978036221822
Oakley,,035650031,Residential Low/Medium,R-6,0.0,7.3,0.139680887053208
Oakley,,035650032,Residential Low/Medium,R-6,0.0,7.3,0.14017360237112095
Oakley,,035650033,Residential Low/Medium,R-6,0.0,7.3,0.1418538358328902
Oakley,,035633007,Residential Low/Medium,R-6,0.0,7.3,0.1477592761611642
Oakley,,035633006,Residential Low/Medium,R-6,0.0,7.3,0.14641079074383928
Oakley,,035633005,Residential Low/Medium,R-6,0.0,7.3,0.15010607878834428
Oakley,,035633004,Residential Low/Medium,R-6,0.0,7.3,0.13624044845391645
Oakley,,035633003,Residential Low/Medium,R-6,0.0,7.3,0.13585881010404383
Oakley,,035633002,Residential Low/Medium,R-6,0.0,7.3,0.13613614557001016
Oakley,,035633001,Residential Low/Medium,R-6,0.0,7.3,0.15175318644236074
Oakley,,035631005,Residential Low/Medium,R-6,0.0,7.3,0.155906570141398
Oakley,,035631006,Residential Low/Medium,R-6,0.0,7.3,0.1477850812472027
Oakley,,035631004,Residential Low/Medium,R-6,0.0,7.3,0.1841374413608387
Oakley,,035631003,Residential Low/Medium,R-6,0.0,7.3,0.18118474253783512
Oakley,,035631002,Residential Low/Medium,R-6,0.0,7.3,0.1840934552940068
Oakley,,035631001,Residential Low/Medium,R-6,0.0,7.3,0.20577339153647375
Oakley,,035632001,Residential Low/Medium,R-6,0.0,7.3,0.16201548032460233
Oakley,,035632002,Residential Low/Medium,R-6,0.0,7.3,0.15505454734164922
Oakley,,041130049,Parks and Recreation,P-1,0.0,24.0,0.92
Oakley,,041130045,Residential Low/Medium,P-1,0.0,24.0,0.30081051948907006
Oakley,,041130044,Residential Low/Medium,P-1,0.0,24.0,0.20561234713961254
Oakley,,041130043,Residential Low/Medium,P-1,0.0,24.0,0.2671722457820694
Oakley,,035631034,Residential Low/Medium,R-6,0.0,7.3,1.561
Oakley,,041183002,Residential Low/Medium,P-1,0.0,24.0,0.12625979295690273
Oakley,,041183001,Residential Low/Medium,P-1,0.0,24.0,0.13342538462716985
Oakley,,041183003,Residential Low/Medium,P-1,0.0,24.0,0.14232966965801386
Oakley,,041183005,Residential Low/Medium,P-1,0.0,24.0,0.12625849208282983
Oakley,,041183004,Residential Low/Medium,P-1,0.0,24.0,0.1262602392930343
Oakley,,041182001,Residential Low/Medium,P-1,0.0,24.0,0.14223735406221433
Oakley,,041181014,Residential Low/Medium,P-1,0.0,24.0,0.13315475814394634
Oakley,,041120021,Residential Low/Medium,P-1,0.0,24.0,0.17696568568217586
Oakley,,041120017,Residential Low/Medium,P-1,0.0,24.0,0.16870236480561046
Oakley,,041120018,Residential Low/Medium,P-1,0.0,24.0,0.18446717918960007
Oakley,,041120019,Residential Low/Medium,P-1,0.0,24.0,0.14646456397404342
Oakley,,041120020,Residential Low/Medium,P-1,0.0,24.0,0.17419680291338704
Oakley,,041182002,Residential Low/Medium,P-1,0.0,24.0,0.14205732477706048
Oakley,,035030035,Residential Low/Medium,R-6,0.0,7.3,0.9193341585695914
Oakley,,035030048,Residential Low/Medium,R-6,0.0,7.3,0.259
Oakley,,035030051,Residential Low/Medium,R-6,0.0,7.3,0.229
Oakley,,035030049,Residential Low/Medium,R-6,0.0,7.3,0.349
Oakley,,035030050,Residential Low/Medium,R-6,0.0,7.3,0.349
Oakley,,035030028,Residential Low/Medium,R-6,0.0,7.3,1.07
Oakley,,035030030,Residential Low/Medium,R-6,0.0,7.3,1.03
Oakley,,035030029,Residential Low/Medium,R-6,0.0,7.3,1.07
Oakley,,035030032,Residential Low/Medium,R-6,0.0,7.3,1.01
Oakley,,035631009,Residential Low/Medium,R-6,0.0,7.3,0.23582575468400788
Oakley,,035631010,Residential Low/Medium,R-6,0.0,7.3,0.14671904757287144
Oakley,,035631008,Residential Low/Medium,R-6,0.0,7.3,0.14044466002396244
Oakley,,035631007,Residential Low/Medium,R-6,0.0,7.3,0.14674318113364915
Oakley,,035631011,Residential Low/Medium,R-6,0.0,7.3,0.14212952876245952
Oakley,,035631012,Residential Low/Medium,R-6,0.0,7.3,0.14106207239420143
Oakley,,035631013,Residential Low/Medium,R-6,0.0,7.3,0.14610569108703478
Oakley,,035631014,Residential Low/Medium,R-6,0.0,7.3,0.1469646946885198
Oakley,,035631022,Residential Low/Medium,R-6,0.0,7.3,0.15615994932415653
Oakley,,035631023,Residential Low/Medium,R-6,0.0,7.3,0.16947205680480815
Oakley,,035631024,Residential Low/Medium,R-6,0.0,7.3,0.16013957224724099
Oakley,,035631025,Residential Low/Medium,R-6,0.0,7.3,0.1544338683037059
Oakley,,035631026,Residential Low/Medium,R-6,0.0,7.3,0.15970075006468454
Oakley,,035631027,Residential Low/Medium,R-6,0.0,7.3,0.16161039413318046
Oakley,,035631028,Residential Low/Medium,R-6,0.0,7.3,0.14917195543945866
Oakley,,035633008,Residential Low/Medium,R-6,0.0,7.3,0.13960688505017804
Oakley,,035633009,Residential Low/Medium,R-6,0.0,7.3,0.13891000079774962
Oakley,,035631029,Residential Low/Medium,R-6,0.0,7.3,0.1526146018159641
Oakley,,035631030,Residential Low/Medium,R-6,0.0,7.3,0.1512618287037648
Oakley,,035631031,Residential Low/Medium,R-6,0.0,7.3,0.15005730176787127
Oakley,,035631032,Residential Low/Medium,R-6,0.0,7.3,0.14303022580267402
Oakley,,035631021,Residential Low/Medium,R-6,0.0,7.3,0.1605564323525843
Oakley,,035631020,Residential Low/Medium,R-6,0.0,7.3,0.14847543600994648
Oakley,,035631015,Residential Low/Medium,R-6,0.0,7.3,0.14696831722272216
Oakley,,035631016,Residential Low/Medium,R-6,0.0,7.3,0.13800139835358108
Oakley,,035631017,Residential Low/Medium,R-6,0.0,7.3,0.2511515929471337
Oakley,,035631018,Residential Low/Medium,R-6,0.0,7.3,0.1941082890825747
Oakley,,035631019,Residential Low/Medium,R-6,0.0,7.3,0.25261510074027455
Oakley,,035594004,Residential Low/Medium,R-6,0.0,7.3,0.14229366392600445
Oakley,,035594005,Residential Low/Medium,R-6,0.0,7.3,0.2514536596304155
Oakley,,035594006,Residential Low/Medium,R-6,0.0,7.3,0.1471312532826353
Oakley,,035555012,Residential Low/Medium,R-6,0.0,7.3,0.14381607531193039
Oakley,,035594007,Residential Low/Medium,R-6,0.0,7.3,0.1465137217683125
Oakley,,035555013,Residential Low/Medium,R-6,0.0,7.3,0.280889880534244
Oakley,,035030031,Residential Low/Medium,R-6,0.0,7.3,1.16
Oakley,,035030034,Residential Low/Medium,R-6,0.0,7.3,1.16
Oakley,,035030033,Residential Low/Medium,R-6,0.0,7.3,1.01
Oakley,,035612004,Residential Low/Medium,R-6,0.0,7.3,0.1500184473105199
Oakley,,035612003,Residential Low/Medium,R-6,0.0,7.3,0.16009701461761308
Oakley,,035612002,Residential Low/Medium,R-6,0.0,7.3,0.19389929904513153
Oakley,,035555018,Residential Low/Medium,R-6,0.0,7.3,0.1458226334827858
Oakley,,035555019,Residential Low/Medium,R-6,0.0,7.3,0.1444975941962717
Oakley,,035555016,Residential Low/Medium,R-6,0.0,7.3,0.14801030592789655
Oakley,,035555017,Residential Low/Medium,R-6,0.0,7.3,0.14663380120123098
Oakley,,035555014,Residential Low/Medium,R-6,0.0,7.3,0.14706091863193813
Oakley,,035555015,Residential Low/Medium,R-6,0.0,7.3,0.13920931265116868
Oakley,,035552070,Residential Low/Medium,R-6,0.0,7.3,0.14318791114335352
Oakley,,035555011,Residential Low/Medium,R-6,0.0,7.3,0.1488271036915458
Oakley,,035555010,Residential Low/Medium,R-6,0.0,7.3,0.1409841823374762
Oakley,,035552071,Residential Low/Medium,R-6,0.0,7.3,0.13439028198260103
Oakley,,035552072,Residential Low/Medium,R-6,0.0,7.3,0.13598471397108752
Oakley,,035552073,Residential Low/Medium,R-6,0.0,7.3,0.14630636098475025
Oakley,,035552074,Residential Low/Medium,R-6,0.0,7.3,0.13375995852791023
Oakley,,035552088,Residential Low/Medium,R-6,0.0,7.3,0.257958904102751
Oakley,,035552069,Residential Low/Medium,R-6,0.0,7.3,0.15691861024892648
Oakley,,035552068,Residential Low/Medium,R-6,0.0,7.3,0.1481654611855709
Oakley,,035552067,Residential Low/Medium,R-6,0.0,7.3,0.15086585544899914
Oakley,,035552090,Residential Low/Medium,R-6,0.0,7.3,0.2772980771602732
Oakley,,035552091,Residential Low/Medium,R-6,0.0,7.3,0.15191117851530356
Oakley,,035552089,Residential Low/Medium,R-6,0.0,7.3,0.23885820246347322
Oakley,,035552087,Residential Low/Medium,R-6,0.0,7.3,0.13578339834888767
Oakley,,035552086,Residential Low/Medium,R-6,0.0,7.3,0.1343137624538984
Oakley,,035552092,Residential Low/Medium,R-6,0.0,7.3,0.1349739402637852
Oakley,,035552093,Residential Low/Medium,R-6,0.0,7.3,0.13443857852039873
Oakley,,035552094,Residential Low/Medium,R-6,0.0,7.3,0.13402565113935694
Oakley,,035552095,Residential Low/Medium,R-6,0.0,7.3,0.13327155760786302
Oakley,,035552083,Residential Low/Medium,R-6,0.0,7.3,0.1399422981730731
Oakley,,035552084,Residential Low/Medium,R-6,0.0,7.3,0.13737054564408846
Oakley,,035552085,Residential Low/Medium,R-6,0.0,7.3,0.13609894438428394
Oakley,,035552075,Residential Low/Medium,R-6,0.0,7.3,0.13300583123689222
Oakley,,035552076,Residential Low/Medium,R-6,0.0,7.3,0.13521140315927488
Oakley,,035552077,Residential Low/Medium,R-6,0.0,7.3,0.13670663343956685
Oakley,,035552078,Residential Low/Medium,R-6,0.0,7.3,0.13833650952424725
Oakley,,035555003,Residential Low/Medium,R-6,0.0,7.3,0.1378664492913805
Oakley,,035555004,Residential Low/Medium,R-6,0.0,7.3,0.1384385494267295
Oakley,,035555005,Residential Low/Medium,R-6,0.0,7.3,0.1392670085264495
Oakley,,035555006,Residential Low/Medium,R-6,0.0,7.3,0.133345329467047
Oakley,,035555008,Residential Low/Medium,R-6,0.0,7.3,0.14654871233294708
Oakley,,035555007,Residential Low/Medium,R-6,0.0,7.3,0.13789846284705565
Oakley,,035555009,Residential Low/Medium,R-6,0.0,7.3,0.1413831248140591
Oakley,,035594009,Residential Low/Medium,R-6,0.0,7.3,0.14405005868437226
Oakley,,035594010,Residential Low/Medium,R-6,0.0,7.3,0.1529444790342265
Oakley,,035594011,Residential Low/Medium,R-6,0.0,7.3,0.14399998999773747
Oakley,,035594012,Residential Low/Medium,R-6,0.0,7.3,0.142037660623333
Oakley,,035594021,Residential Low/Medium,R-6,0.0,7.3,0.1508630061411348
Oakley,,035594020,Residential Low/Medium,R-6,0.0,7.3,0.14729637927012415
Oakley,,035594019,Residential Low/Medium,R-6,0.0,7.3,0.1496661704217269
Oakley,,035594018,Residential Low/Medium,R-6,0.0,7.3,0.1417552830888772
Oakley,,035594013,Residential Low/Medium,R-6,0.0,7.3,0.1460850168634163
Oakley,,035594014,Residential Low/Medium,R-6,0.0,7.3,0.13698075106957958
Oakley,,035594015,Residential Low/Medium,R-6,0.0,7.3,0.2626620853711351
Oakley,,035594016,Residential Low/Medium,R-6,0.0,7.3,0.21027841309547513
Oakley,,035594017,Residential Low/Medium,R-6,0.0,7.3,0.2640663100740202
Oakley,,035594032,Residential Low/Medium,R-6,0.0,7.3,0.13443755141422373
Oakley,,035594033,Residential Low/Medium,R-6,0.0,7.3,0.1360271147544343
Oakley,,035594034,Residential Low/Medium,R-6,0.0,7.3,0.137173632817016
Oakley,,035594035,Residential Low/Medium,R-6,0.0,7.3,0.1375272606908744
Oakley,,035593005,Residential Low/Medium,R-6,0.0,7.3,0.1502240577154484
Oakley,,035593006,Residential Low/Medium,R-6,0.0,7.3,0.15458169431407262
Oakley,,035593007,Residential Low/Medium,R-6,0.0,7.3,0.16322925098832006
Oakley,,035593008,Residential Low/Medium,R-6,0.0,7.3,0.15281885786388966
Oakley,,035594031,Residential Low/Medium,R-6,0.0,7.3,0.1304101238409095
Oakley,,035593009,Residential Low/Medium,R-6,0.0,7.3,0.15569524374249222
Oakley,,035593010,Residential Low/Medium,R-6,0.0,7.3,0.15549634086673192
Oakley,,035593011,Residential Low/Medium,R-6,0.0,7.3,0.14370064732807533
Oakley,,035593012,Residential Low/Medium,R-6,0.0,7.3,0.1456976700409633
Oakley,,035594027,Residential Low/Medium,R-6,0.0,7.3,0.1324069248043192
Oakley,,035594028,Residential Low/Medium,R-6,0.0,7.3,0.13370314091151322
Oakley,,035594029,Residential Low/Medium,R-6,0.0,7.3,0.13467147869730983
Oakley,,035594030,Residential Low/Medium,R-6,0.0,7.3,0.13645808063828715
Oakley,,035594022,Residential Low/Medium,R-6,0.0,7.3,0.1532524626869813
Oakley,,035594024,Residential Low/Medium,R-6,0.0,7.3,0.15000696810613787
Oakley,,035594023,Residential Low/Medium,R-6,0.0,7.3,0.14923832053828742
Oakley,,035594008,Residential Low/Medium,R-6,0.0,7.3,0.14793502545242934
Oakley,,035594025,Residential Low/Medium,R-6,0.0,7.3,0.16462030471915085
Oakley,,035594003,Residential Low/Medium,R-6,0.0,7.3,0.14569412993942532
Oakley,,035594002,Residential Low/Medium,R-6,0.0,7.3,0.14808859052992154
Oakley,,035594001,Residential Low/Medium,R-6,0.0,7.3,0.16269018720530604
Oakley,,035594026,Residential Low/Medium,R-6,0.0,7.3,0.14550697880656036
Oakley,,035593013,Residential Low/Medium,R-6,0.0,7.3,0.13580072110924113
Oakley,,035593014,Residential Low/Medium,R-6,0.0,7.3,0.1521690087563117
Oakley,,035633013,Residential Low/Medium,R-6,0.0,7.3,0.13801254839632737
Oakley,,035633014,Residential Low/Medium,R-6,0.0,7.3,0.13361401746937293
Oakley,,035633012,Residential Low/Medium,R-6,0.0,7.3,0.13679637740016629
Oakley,,035633011,Residential Low/Medium,R-6,0.0,7.3,0.13693645701145776
Oakley,,035633010,Residential Low/Medium,R-6,0.0,7.3,0.14404261179411898
Oakley,,035650035,Residential Low/Medium,R-6,0.0,7.3,0.24516090231828538
Oakley,,035692019,Residential Low/Medium,R-6,0.0,7.3,0.2590044642361873
Oakley,,035650036,Residential Low/Medium,R-6,0.0,7.3,0.18519693808470003
Oakley,,035692018,Residential Low/Medium,R-6,0.0,7.3,0.20329172500253298
Oakley,,035692017,Residential Low/Medium,R-6,0.0,7.3,0.23671764630109776
Oakley,,035692020,Residential Low/Medium,R-6,0.0,7.3,0.14643516681576788
Oakley,,035692021,Residential Low/Medium,R-6,0.0,7.3,0.14779361939680397
Oakley,,035692022,Residential Low/Medium,R-6,0.0,7.3,0.1482159296905081
Oakley,,035692023,Residential Low/Medium,R-6,0.0,7.3,0.14840523949420378
Oakley,,035692014,Residential Low/Medium,R-6,0.0,7.3,0.14737986925653482
Oakley,,035692015,Residential Low/Medium,R-6,0.0,7.3,0.1596563809541221
Oakley,,035692016,Residential Low/Medium,R-6,0.0,7.3,0.1484763168200163
Oakley,,035692004,Residential Low/Medium,R-6,0.0,7.3,0.14232861443908712
Oakley,,035692005,Residential Low/Medium,R-6,0.0,7.3,0.142330435724446
Oakley,,035692006,Residential Low/Medium,R-6,0.0,7.3,0.14179394019879413
Oakley,,035691005,Residential Low/Medium,R-6,0.0,7.3,0.19486452227101436
Oakley,,035692007,Residential Low/Medium,R-6,0.0,7.3,0.141884664648624
Oakley,,035692008,Residential Low/Medium,R-6,0.0,7.3,0.21012850759719442
Oakley,,035692011,Residential Low/Medium,R-6,0.0,7.3,0.13773648767540062
Oakley,,035692012,Residential Low/Medium,R-6,0.0,7.3,0.14737596934371505
Oakley,,035692013,Residential Low/Medium,R-6,0.0,7.3,0.14737533942727052
Oakley,,035692024,Residential Low/Medium,R-6,0.0,7.3,0.14859253845219197
Oakley,,035692025,Residential Low/Medium,R-6,0.0,7.3,0.14533591157904033
Oakley,,035692026,Residential Low/Medium,R-6,0.0,7.3,0.1383840710119263
Oakley,,035692027,Residential Low/Medium,R-6,0.0,7.3,0.14265083956168537
Oakley,,035692010,Residential Low/Medium,R-6,0.0,7.3,0.14921377127540134
Oakley,,035692009,Residential Low/Medium,R-6,0.0,7.3,0.23554714278346453
Oakley,,035692028,Residential Low/Medium,R-6,0.0,7.3,0.17681342531471775
Oakley,,035692029,Residential Low/Medium,R-6,0.0,7.3,0.20228415875622682
Oakley,,035593001,Residential Low/Medium,R-6,0.0,7.3,0.19809200425923937
Oakley,,035593002,Residential Low/Medium,R-6,0.0,7.3,0.18789456171663926
Oakley,,035692030,Residential Low/Medium,R-6,0.0,7.3,0.17310818993097432
Oakley,,035592013,Residential Low/Medium,R-6,0.0,7.3,0.1462903158319139
Oakley,,035592014,Residential Low/Medium,R-6,0.0,7.3,0.1448768526832149
Oakley,,035592015,Residential Low/Medium,R-6,0.0,7.3,0.14713079769655607
Oakley,,035592016,Residential Low/Medium,R-6,0.0,7.3,0.1634486525227332
Oakley,,035691001,Residential Low/Medium,R-6,0.0,7.3,0.18249450162943825
Oakley,,035691003,Residential Low/Medium,R-6,0.0,7.3,0.2405283756135653
Oakley,,035691002,Residential Low/Medium,R-6,0.0,7.3,0.21461988729145842
Oakley,,035040011,Residential Low/Medium,R-6,0.0,7.3,1.17
Oakley,,035040019,Residential Low/Medium,R-7,0.0,5.5,0.24214801597345345
Oakley,,035040018,Residential Low/Medium,R-7,0.0,5.5,0.25778629603006276
Oakley,,035040010,Residential Low/Medium,R-6,0.0,7.3,1.33
Oakley,,035040020,Residential Low/Medium,R-7,0.0,5.5,0.23897792005024918
Oakley,,035040021,Residential Low/Medium,R-7,0.0,5.5,0.24098597265245764
Oakley,,035701010,Residential Low/Medium,R-7,0.0,5.5,0.18639465315823817
Oakley,,035701009,Residential Low/Medium,R-7,0.0,5.5,0.21677117877199378
Oakley,,035701023,Residential Low/Medium,R-7,0.0,5.5,0.17667439121486572
Oakley,,035701024,Residential Low/Medium,R-7,0.0,5.5,0.294277825474242
Oakley,,035701025,Residential Low/Medium,R-7,0.0,5.5,0.2428103285626967
Oakley,,035040023,Residential Low/Medium,R-7,0.0,5.5,0.259055044381135
Oakley,,035040022,Residential Low/Medium,R-7,0.0,5.5,0.24843090939384818
Oakley,,035592012,Residential Low/Medium,R-6,0.0,7.3,0.14378695549162704
Oakley,,035592011,Residential Low/Medium,R-6,0.0,7.3,0.1458364923257098
Oakley,,035592010,Residential Low/Medium,R-6,0.0,7.3,0.15658439864379958
Oakley,,035592009,Residential Low/Medium,R-6,0.0,7.3,0.18624129934948302
Oakley,,035592008,Residential Low/Medium,R-6,0.0,7.3,0.17714800311725395
Oakley,,035592007,Residential Low/Medium,R-6,0.0,7.3,0.1935476811855001
Oakley,,035701039,Residential Low/Medium,R-7,0.0,5.5,0.20642199996990093
Oakley,,035701038,Residential Low/Medium,R-7,0.0,5.5,0.23198914589753827
Oakley,,035701026,Residential Low/Medium,R-7,0.0,5.5,0.22054886000623322
Oakley,,035701027,Residential Low/Medium,R-7,0.0,5.5,0.1741808829567995
Oakley,,035701022,Residential Low/Medium,R-7,0.0,5.5,0.17448118286263936
Oakley,,035701028,Residential Low/Medium,R-7,0.0,5.5,0.18179763934893414
Oakley,,035701037,Residential Low/Medium,R-7,0.0,5.5,0.18692601389079833
Oakley,,035701029,Residential Low/Medium,R-7,0.0,5.5,0.18808366186070508
Oakley,,035701036,Residential Low/Medium,R-7,0.0,5.5,0.20510286495646496
Oakley,,035701040,Residential Low/Medium,R-7,0.0,5.5,0.16986047598584844
Oakley,,035701041,Residential Low/Medium,R-7,0.0,5.5,0.17177280297884026
Oakley,,035702005,Residential Low/Medium,R-7,0.0,5.5,0.2738873903773239
Oakley,,035701035,Residential Low/Medium,R-7,0.0,5.5,0.17029060588509629
Oakley,,035701034,Residential Low/Medium,R-7,0.0,5.5,0.17241084551209404
Oakley,,035702006,Residential Low/Medium,R-7,0.0,5.5,0.18633487855512038
Oakley,,035702007,Residential Low/Medium,R-7,0.0,5.5,0.19671572285319583
Oakley,,035050015,Residential Low/Medium,R-10,0.0,4.4,0.786
Oakley,,035702001,Residential Low/Medium,R-7,0.0,5.5,0.18740326196391302
Oakley,,035702003,Residential Low/Medium,R-7,0.0,5.5,0.18583885852225301
Oakley,,035702004,Residential Low/Medium,R-7,0.0,5.5,0.2100912331069201
Oakley,,035702002,Residential Low/Medium,R-7,0.0,5.5,0.21072120182966955
Oakley,,035701046,Residential Low/Medium,R-7,0.0,5.5,0.21925902312591652
Oakley,,035701045,Residential Low/Medium,R-7,0.0,5.5,0.21732073849489164
Oakley,,035701044,Residential Low/Medium,R-7,0.0,5.5,0.17761460371210988
Oakley,,035701043,Residential Low/Medium,R-7,0.0,5.5,0.1699099194918332
Oakley,,035701042,Residential Low/Medium,R-7,0.0,5.5,0.16991048774988296
Oakley,,035600065,Residential Low/Medium,R-6,0.0,7.3,0.14831061116857816
Oakley,,035620005,Residential Low/Medium,R-6,0.0,7.3,0.23383628644833804
Oakley,,035620006,Residential Low/Medium,R-6,0.0,7.3,0.2083911792393886
Oakley,,035620010,Residential Low/Medium,R-6,0.0,7.3,0.1477205372847641
Oakley,,035620009,Residential Low/Medium,R-6,0.0,7.3,0.1534082607444016
Oakley,,035620008,Residential Low/Medium,R-6,0.0,7.3,0.1645260105011488
Oakley,,035620007,Residential Low/Medium,R-6,0.0,7.3,0.49792165888941614
Oakley,,035592003,Residential Low/Medium,R-6,0.0,7.3,0.13947199205845637
Oakley,,035592004,Residential Low/Medium,R-6,0.0,7.3,0.1400284561642564
Oakley,,035592005,Residential Low/Medium,R-6,0.0,7.3,0.14177642160143872
Oakley,,035592006,Residential Low/Medium,R-6,0.0,7.3,0.17068704561587927
Oakley,,035593003,Residential Low/Medium,R-6,0.0,7.3,0.1695490319614533
Oakley,,035593004,Residential Low/Medium,R-6,0.0,7.3,0.1510182945069143
Oakley,,035594037,Residential Low/Medium,R-6,0.0,7.3,0.14825715557196883
Oakley,,035594036,Residential Low/Medium,R-6,0.0,7.3,0.16004596468526042
Oakley,,035594038,Residential Low/Medium,R-6,0.0,7.3,0.13714381749018464
Oakley,,035594039,Residential Low/Medium,R-6,0.0,7.3,0.12892437211850072
Oakley,,035594041,Residential Low/Medium,R-6,0.0,7.3,0.13798854250525855
Oakley,,035594040,Residential Low/Medium,R-6,0.0,7.3,0.14239913146351912
Oakley,,035591002,Residential Low/Medium,R-6,0.0,7.3,0.16112889684392898
Oakley,,035592001,Residential Low/Medium,R-6,0.0,7.3,0.1482833883807832
Oakley,,035592002,Residential Low/Medium,R-6,0.0,7.3,0.1477348133060474
Oakley,,035620001,Residential Low/Medium,R-6,0.0,7.3,0.13775846607211073
Oakley,,035600068,Residential Low/Medium,R-6,0.0,7.3,0.15724346811146836
Oakley,,035620002,Residential Low/Medium,R-6,0.0,7.3,0.13717963188370963
Oakley,,035620003,Residential Low/Medium,R-6,0.0,7.3,0.14866069360800793
Oakley,,035620004,Residential Low/Medium,R-6,0.0,7.3,0.13685766847954514
Oakley,,035600067,Residential Low/Medium,R-6,0.0,7.3,0.15440018596173874
Oakley,,035553016,Residential Low/Medium,R-6,0.0,7.3,0.14986436865998096
Oakley,,035553015,Residential Low/Medium,R-6,0.0,7.3,0.14499206775433812
Oakley,,035554001,Residential Low/Medium,R-6,0.0,7.3,0.1545279044321493
Oakley,,035591001,Residential Low/Medium,R-6,0.0,7.3,0.1553400002228302
Oakley,,035555001,Residential Low/Medium,R-6,0.0,7.3,0.14964958243623727
Oakley,,035555002,Residential Low/Medium,R-6,0.0,7.3,0.13926370113407485
Oakley,,035552079,Residential Low/Medium,R-6,0.0,7.3,0.13870441028264263
Oakley,,035552080,Residential Low/Medium,R-6,0.0,7.3,0.14984003879603996
Oakley,,035552081,Residential Low/Medium,R-6,0.0,7.3,0.1548851361413928
Oakley,,035552082,Residential Low/Medium,R-6,0.0,7.3,0.1413794791686262
Oakley,,035552096,Residential Low/Medium,R-6,0.0,7.3,0.13553824665606698
Oakley,,035552097,Residential Low/Medium,R-6,0.0,7.3,0.1498449829485635
Oakley,,035553014,Residential Low/Medium,R-6,0.0,7.3,0.14864806201136022
Oakley,,035553013,Residential Low/Medium,R-6,0.0,7.3,0.1451513251704036
Oakley,,035600083,Residential Low/Medium,R-6,0.0,7.3,0.17803947853800192
Oakley,,035553012,Residential Low/Medium,R-6,0.0,7.3,0.1449491173727681
Oakley,,035553011,Residential Low/Medium,R-6,0.0,7.3,0.15926509210281803
Oakley,,035600084,Residential Low/Medium,R-6,0.0,7.3,0.21777212498561957
Oakley,,035600085,Residential Low/Medium,R-6,0.0,7.3,0.13932646955118233
Oakley,,035600086,Residential Low/Medium,R-6,0.0,7.3,0.13366636978946253
Oakley,,035600081,Residential Low/Medium,R-6,0.0,7.3,0.14825466431604784
Oakley,,035600082,Residential Low/Medium,R-6,0.0,7.3,0.2194480234636518
Oakley,,035600069,Residential Low/Medium,R-6,0.0,7.3,0.1837232101313611
Oakley,,035600070,Residential Low/Medium,R-6,0.0,7.3,0.1695614953416425
Oakley,,035600071,Residential Low/Medium,R-6,0.0,7.3,0.1490218822349422
Oakley,,035600066,Residential Low/Medium,R-6,0.0,7.3,0.1526241952553943
Oakley,,035600072,Residential Low/Medium,R-6,0.0,7.3,0.162912637251843
Oakley,,035600073,Residential Low/Medium,R-6,0.0,7.3,0.16184886713261776
Oakley,,035600074,Residential Low/Medium,R-6,0.0,7.3,0.15040531883935537
Oakley,,035600075,Residential Low/Medium,R-6,0.0,7.3,0.15805579138755768
Oakley,,035600078,Residential Low/Medium,R-6,0.0,7.3,0.1429265048359827
Oakley,,035600080,Residential Low/Medium,R-6,0.0,7.3,0.14143882109230901
Oakley,,035600079,Residential Low/Medium,R-6,0.0,7.3,0.14266890175124872
Oakley,,035600087,Residential Low/Medium,R-6,0.0,7.3,0.13565220349582235
Oakley,,035600088,Residential Low/Medium,R-6,0.0,7.3,0.1375030271424448
Oakley,,035600089,Residential Low/Medium,R-6,0.0,7.3,0.13355888563278456
Oakley,,035600090,Residential Low/Medium,R-6,0.0,7.3,0.1444124269400386
Oakley,,035600077,Residential Low/Medium,R-6,0.0,7.3,0.14420216322423082
Oakley,,035600076,Residential Low/Medium,R-6,0.0,7.3,0.15354901105140922
Oakley,,035600054,Residential Low/Medium,R-6,0.0,7.3,0.15532785877870753
Oakley,,035383005,Residential Low/Medium,R-6,0.0,7.3,0.18355592280421276
Oakley,,035600055,Residential Low/Medium,R-6,0.0,7.3,0.1614894163890328
Oakley,,035383004,Residential Low/Medium,R-6,0.0,7.3,0.15018310628193038
Oakley,,035600057,Residential Low/Medium,R-6,0.0,7.3,0.15913973888932215
Oakley,,035600056,Residential Low/Medium,R-6,0.0,7.3,0.15869611453207452
Oakley,,035600058,Residential Low/Medium,R-6,0.0,7.3,0.15702834144360128
Oakley,,035383003,Residential Low/Medium,R-6,0.0,7.3,0.14344129996238733
Oakley,,035382005,Residential Low/Medium,R-6,0.0,7.3,0.15121162248967052
Oakley,,035600059,Residential Low/Medium,R-6,0.0,7.3,0.15516970793467644
Oakley,,035600060,Residential Low/Medium,R-6,0.0,7.3,0.15280041260281996
Oakley,,035600061,Residential Low/Medium,R-6,0.0,7.3,0.1608153435602729
Oakley,,035600062,Residential Low/Medium,R-6,0.0,7.3,0.15882098944603934
Oakley,,035600064,Residential Low/Medium,R-6,0.0,7.3,0.16054742050486895
Oakley,,035600063,Residential Low/Medium,R-6,0.0,7.3,0.15985946745817334
Oakley,,035040005,Residential Low/Medium,R-7,0.0,5.5,11.26
Oakley,,035701048,Residential Low/Medium,R-7,0.0,5.5,0.10784144347629428
Oakley,,035701047,Residential Low/Medium,R-7,0.0,5.5,0.19453862042418146
Oakley,,035661009,Residential Low/Medium,P-1,0.0,24.0,0.17006048536014381
Oakley,,035050012,Residential Low/Medium,R-10,0.0,4.4,2.25
Oakley,,035431003,Residential Low/Medium,R-6,0.0,7.3,0.14750534357735043
Oakley,,035431002,Residential Low/Medium,R-6,0.0,7.3,0.15590700277385974
Oakley,,035431001,Residential Low/Medium,R-6,0.0,7.3,0.16009770730233513
Oakley,,035381017,Residential Low/Medium,R-6,0.0,7.3,0.13835567983599997
Oakley,,035382001,Residential Low/Medium,R-6,0.0,7.3,0.15768934278042065
Oakley,,035382002,Residential Low/Medium,R-6,0.0,7.3,0.1506521866035289
Oakley,,035382003,Residential Low/Medium,R-6,0.0,7.3,0.15287174637272657
Oakley,,035382004,Residential Low/Medium,R-6,0.0,7.3,0.15422664561917124
Oakley,,035383002,Residential Low/Medium,R-6,0.0,7.3,0.18333327157904453
Oakley,,035383001,Residential Low/Medium,R-6,0.0,7.3,0.17042865773436397
Oakley,,035381016,Residential Low/Medium,R-6,0.0,7.3,0.13530521832520787
Oakley,,035383006,Residential Low/Medium,R-6,0.0,7.3,0.17336455009213067
Oakley,,035381012,Residential Low/Medium,R-6,0.0,7.3,0.15007370865087774
Oakley,,035381013,Residential Low/Medium,R-6,0.0,7.3,0.14447120875824027
Oakley,,035381014,Residential Low/Medium,R-6,0.0,7.3,0.139246270967904
Oakley,,035381015,Residential Low/Medium,R-6,0.0,7.3,0.13239461562815488
Oakley,,035430041,Residential Low/Medium,R-6,0.0,7.3,0.1893265338562187
Oakley,,035430042,Residential Low/Medium,R-6,0.0,7.3,0.2789182874090898
Oakley,,035430019,Residential Low/Medium,R-6,0.0,7.3,0.21697100897506744
Oakley,,035430020,Residential Low/Medium,R-6,0.0,7.3,0.16509727419102924
Oakley,,035430021,Residential Low/Medium,R-6,0.0,7.3,0.13273579920360765
Oakley,,035430040,Residential Low/Medium,R-6,0.0,7.3,0.20065969460117047
Oakley,,035430039,Residential Low/Medium,R-6,0.0,7.3,0.19959077519733676
Oakley,,035430027,Residential Low/Medium,R-6,0.0,7.3,0.1327691205905704
Oakley,,035430026,Residential Low/Medium,R-6,0.0,7.3,0.16361241522296505
Oakley,,035430025,Residential Low/Medium,R-6,0.0,7.3,0.15423387630953955
Oakley,,035430024,Residential Low/Medium,R-6,0.0,7.3,0.14462309775562346
Oakley,,035431004,Residential Low/Medium,R-6,0.0,7.3,0.142098327373644
Oakley,,035431005,Residential Low/Medium,R-6,0.0,7.3,0.18042127204141725
Oakley,,035430023,Residential Low/Medium,R-6,0.0,7.3,0.15184886776007855
Oakley,,035344014,Residential Low/Medium,R-6,0.0,7.3,0.15614982514230166
Oakley,,035344013,Residential Low/Medium,R-6,0.0,7.3,0.13603853877234484
Oakley,,035344015,Residential Low/Medium,R-6,0.0,7.3,0.13690296183515627
Oakley,,035430038,Residential Low/Medium,R-6,0.0,7.3,0.1951147308494948
Oakley,,035430022,Residential Low/Medium,R-6,0.0,7.3,0.14389890324230453
Oakley,,035344018,Residential Low/Medium,R-6,0.0,7.3,0.1406319080893912
Oakley,,035344017,Residential Low/Medium,R-6,0.0,7.3,0.1386856963860271
Oakley,,035344016,Residential Low/Medium,R-6,0.0,7.3,0.13675610744101285
Oakley,,035344010,Residential Low/Medium,R-6,0.0,7.3,0.13739477676785997
Oakley,,035344009,Residential Low/Medium,R-6,0.0,7.3,0.13590089350669032
Oakley,,035344008,Residential Low/Medium,R-6,0.0,7.3,0.14174066172977046
Oakley,,035343017,Residential Low/Medium,R-6,0.0,7.3,0.14036983100648354
Oakley,,035343016,Residential Low/Medium,R-6,0.0,7.3,0.14040080600401775
Oakley,,035344007,Residential Low/Medium,R-6,0.0,7.3,0.13884788927093977
Oakley,,035344006,Residential Low/Medium,R-6,0.0,7.3,0.13664207370744325
Oakley,,035344005,Residential Low/Medium,R-6,0.0,7.3,0.13429661030128973
Oakley,,035344004,Residential Low/Medium,R-6,0.0,7.3,0.1386074774355758
Oakley,,035344022,Residential Low/Medium,R-6,0.0,7.3,0.14203748237979774
Oakley,,035344021,Residential Low/Medium,R-6,0.0,7.3,0.1370383043694874
Oakley,,035344020,Residential Low/Medium,R-6,0.0,7.3,0.1390204711855175
Oakley,,035344019,Residential Low/Medium,R-6,0.0,7.3,0.14001408243323785
Oakley,,035430013,Residential Low/Medium,R-6,0.0,7.3,0.14246073893001
Oakley,,035344023,Residential Low/Medium,R-6,0.0,7.3,0.1365192597623947
Oakley,,035430005,Residential Low/Medium,R-6,0.0,7.3,0.14458398176630827
Oakley,,035430002,Residential Low/Medium,R-6,0.0,7.3,0.16757971876150538
Oakley,,035430007,Residential Low/Medium,R-6,0.0,7.3,0.16029013454788177
Oakley,,035430006,Residential Low/Medium,R-6,0.0,7.3,0.13509307359930717
Oakley,,035430009,Residential Low/Medium,R-6,0.0,7.3,0.19685708230143134
Oakley,,035430010,Residential Low/Medium,R-6,0.0,7.3,0.22181200962433997
Oakley,,035430011,Residential Low/Medium,R-6,0.0,7.3,0.1555842861049558
Oakley,,035430012,Residential Low/Medium,R-6,0.0,7.3,0.14263738934622486
Oakley,,035430016,Residential Low/Medium,R-6,0.0,7.3,0.1560520411075743
Oakley,,035430015,Residential Low/Medium,R-6,0.0,7.3,0.14446286859188381
Oakley,,035430014,Residential Low/Medium,R-6,0.0,7.3,0.14661011878245542
Oakley,,035430018,Residential Low/Medium,R-6,0.0,7.3,0.1956970191204288
Oakley,,035430017,Residential Low/Medium,R-6,0.0,7.3,0.19956959046751344
Oakley,,035381008,Residential Low/Medium,R-6,0.0,7.3,0.14756928321295526
Oakley,,035381009,Residential Low/Medium,R-6,0.0,7.3,0.14731608918671737
Oakley,,035381010,Residential Low/Medium,R-6,0.0,7.3,0.1530662223004907
Oakley,,035381011,Residential Low/Medium,R-6,0.0,7.3,0.14964533936636637
Oakley,,035383007,Residential Low/Medium,R-6,0.0,7.3,0.16494525160446938
Oakley,,035383008,Residential Low/Medium,R-6,0.0,7.3,0.2023675208587253
Oakley,,035383011,Residential Low/Medium,R-6,0.0,7.3,0.16519967486673967
Oakley,,035383012,Residential Low/Medium,R-6,0.0,7.3,0.1611681512287659
Oakley,,035383013,Residential Low/Medium,R-6,0.0,7.3,0.20160317285709126
Oakley,,035383015,Residential Low/Medium,R-6,0.0,7.3,0.20895660304938324
Oakley,,035383016,Residential Low/Medium,R-6,0.0,7.3,0.16191960465120986
Oakley,,035381004,Residential Low/Medium,R-6,0.0,7.3,0.16262996422380138
Oakley,,035381005,Residential Low/Medium,R-6,0.0,7.3,0.16975881121350309
Oakley,,035381006,Residential Low/Medium,R-6,0.0,7.3,0.1479227327198928
Oakley,,035381007,Residential Low/Medium,R-6,0.0,7.3,0.15335371505098305
Oakley,,035430008,Residential Low/Medium,R-6,0.0,7.3,0.21366628526721898
Oakley,,035430001,Residential Low/Medium,R-6,0.0,7.3,0.2523525721631968
Oakley,,035430003,Residential Low/Medium,R-6,0.0,7.3,0.1527818406444811
Oakley,,035430035,Residential Low/Medium,R-6,0.0,7.3,0.15519451555261532
Oakley,,035430037,Residential Low/Medium,R-6,0.0,7.3,0.15063860786765185
Oakley,,035381001,Residential Low/Medium,R-6,0.0,7.3,0.19603035824607656
Oakley,,035381002,Residential Low/Medium,R-6,0.0,7.3,0.17033958883605085
Oakley,,035381003,Residential Low/Medium,R-6,0.0,7.3,0.16194589900132905
Oakley,,035383017,Residential Low/Medium,R-6,0.0,7.3,0.15124305843366698
Oakley,,035383018,Residential Low/Medium,R-6,0.0,7.3,0.16870292541229323
Oakley,,035383019,Residential Low/Medium,R-6,0.0,7.3,0.1494987766925884
Oakley,,035383020,Residential Low/Medium,R-6,0.0,7.3,0.15574678191233463
Oakley,,035383021,Residential Low/Medium,R-6,0.0,7.3,0.1747717081335156
Oakley,,035383022,Residential Low/Medium,R-6,0.0,7.3,0.18486735311877964
Oakley,,035561009,Residential Low/Medium,R-6,0.0,7.3,0.26572609648614187
Oakley,,035600053,Residential Low/Medium,R-6,0.0,7.3,0.6696246950992574
Oakley,,035600052,Residential Low/Medium,R-6,0.0,7.3,0.3811470400060427
Oakley,,035600051,Residential Low/Medium,R-6,0.0,7.3,0.2356652988033222
Oakley,,035600015,Residential Low/Medium,R-6,0.0,7.3,0.24155855856281103
Oakley,,035600014,Residential Low/Medium,R-6,0.0,7.3,0.1692560476041125
Oakley,,035600013,Residential Low/Medium,R-6,0.0,7.3,0.2694622017346569
Oakley,,035600006,Residential Low/Medium,R-6,0.0,7.3,0.19660935062610485
Oakley,,035600010,Residential Low/Medium,R-6,0.0,7.3,0.1499627441711119
Oakley,,035600007,Residential Low/Medium,R-6,0.0,7.3,0.21483744777790395
Oakley,,035600011,Residential Low/Medium,R-6,0.0,7.3,0.1527055385057354
Oakley,,035600012,Residential Low/Medium,R-6,0.0,7.3,0.19011217651518397
Oakley,,035600040,Residential Low/Medium,R-6,0.0,7.3,0.14116027057644404
Oakley,,035600039,Residential Low/Medium,R-6,0.0,7.3,0.15166020064970379
Oakley,,035600016,Residential Low/Medium,R-6,0.0,7.3,0.16010676576904698
Oakley,,035600017,Residential Low/Medium,R-6,0.0,7.3,0.17077796012991808
Oakley,,035383014,Residential Low/Medium,R-6,0.0,7.3,0.17134095086409326
Oakley,,035600019,Residential Low/Medium,R-6,0.0,7.3,0.16226512577248756
Oakley,,035600018,Residential Low/Medium,R-6,0.0,7.3,0.1653881843949468
Oakley,,035600020,Residential Low/Medium,R-6,0.0,7.3,0.16276279534366703
Oakley,,035383010,Residential Low/Medium,R-6,0.0,7.3,0.19646104700068823
Oakley,,035600021,Residential Low/Medium,R-6,0.0,7.3,0.1657747494017026
Oakley,,035383009,Residential Low/Medium,R-6,0.0,7.3,0.1682126439822086
Oakley,,035600023,Residential Low/Medium,R-6,0.0,7.3,0.15983176316992484
Oakley,,035600022,Residential Low/Medium,R-6,0.0,7.3,0.16103286564913966
Oakley,,035600038,Residential Low/Medium,R-6,0.0,7.3,0.1464581234890624
Oakley,,035600025,Residential Low/Medium,R-6,0.0,7.3,0.1447422247227288
Oakley,,035600024,Residential Low/Medium,R-6,0.0,7.3,0.1537777245572966
Oakley,,035600026,Residential Low/Medium,R-6,0.0,7.3,0.14587773174408253
Oakley,,035600028,Residential Low/Medium,R-6,0.0,7.3,0.14503878647434865
Oakley,,035600027,Residential Low/Medium,R-6,0.0,7.3,0.14747814389322414
Oakley,,035600034,Residential Low/Medium,R-6,0.0,7.3,0.13645929659220102
Oakley,,035600035,Residential Low/Medium,R-6,0.0,7.3,0.14088824823790497
Oakley,,035600036,Residential Low/Medium,R-6,0.0,7.3,0.13744295373266766
Oakley,,035600037,Residential Low/Medium,R-6,0.0,7.3,0.13763713878205902
Oakley,,035600041,Residential Low/Medium,R-6,0.0,7.3,0.14025594687794168
Oakley,,035600043,Residential Low/Medium,R-6,0.0,7.3,0.1416874401845965
Oakley,,035600042,Residential Low/Medium,R-6,0.0,7.3,0.14731961765846954
Oakley,,035600009,Residential Low/Medium,R-6,0.0,7.3,0.15093673985115613
Oakley,,035600044,Residential Low/Medium,R-6,0.0,7.3,0.17334354369461058
Oakley,,035600045,Residential Low/Medium,R-6,0.0,7.3,0.25971721920533625
Oakley,,035600032,Residential Low/Medium,R-6,0.0,7.3,0.23661444605177642
Oakley,,035600033,Residential Low/Medium,R-6,0.0,7.3,0.14399549830562205
Oakley,,035600029,Residential Low/Medium,R-6,0.0,7.3,0.15666439790445563
Oakley,,035600030,Residential Low/Medium,R-6,0.0,7.3,0.22568842649221085
Oakley,,035553010,Residential Low/Medium,R-6,0.0,7.3,0.15102841471580347
Oakley,,035553009,Residential Low/Medium,R-6,0.0,7.3,0.1424964714456887
Oakley,,035600031,Residential Low/Medium,R-6,0.0,7.3,0.19360294681214632
Oakley,,035553008,Residential Low/Medium,R-6,0.0,7.3,0.1468939525166313
Oakley,,035553007,Residential Low/Medium,R-6,0.0,7.3,0.14927847503591435
Oakley,,035552011,Residential Low/Medium,R-6,0.0,7.3,0.15695824274398448
Oakley,,035552113,Residential Low/Medium,R-6,0.0,7.3,0.27018803804476316
Oakley,,035552012,Residential Low/Medium,R-6,0.0,7.3,0.15252208121040997
Oakley,,035552112,Residential Low/Medium,R-6,0.0,7.3,0.25700440707699607
Oakley,,035552013,Residential Low/Medium,R-6,0.0,7.3,0.15343008357557764
Oakley,,035552014,Residential Low/Medium,R-6,0.0,7.3,0.1588778081249301
Oakley,,035552016,Residential Low/Medium,R-6,0.0,7.3,0.1414545899579986
Oakley,,035552015,Residential Low/Medium,R-6,0.0,7.3,0.14328269443881456
Oakley,,035552030,Residential Low/Medium,R-6,0.0,7.3,0.13829305861147784
Oakley,,035552031,Residential Low/Medium,R-6,0.0,7.3,0.1397577668839452
Oakley,,035553006,Residential Low/Medium,R-6,0.0,7.3,0.1483271874287598
Oakley,,035553005,Residential Low/Medium,R-6,0.0,7.3,0.15479682026961808
Oakley,,035553004,Residential Low/Medium,R-6,0.0,7.3,0.14422640739908704
Oakley,,035553003,Residential Low/Medium,R-6,0.0,7.3,0.15173283002462756
Oakley,,035600047,Residential Low/Medium,R-6,0.0,7.3,0.14916399784540738
Oakley,,035600046,Residential Low/Medium,R-6,0.0,7.3,0.16451330197505484
Oakley,,035600049,Residential Low/Medium,R-6,0.0,7.3,0.1663502627444817
Oakley,,035600048,Residential Low/Medium,R-6,0.0,7.3,0.15126197725701593
Oakley,,035553002,Residential Low/Medium,R-6,0.0,7.3,0.15639077706778162
Oakley,,035553001,Residential Low/Medium,R-6,0.0,7.3,0.16212367084324728
Oakley,,035552033,Residential Low/Medium,R-6,0.0,7.3,0.14554442144098328
Oakley,,035552032,Residential Low/Medium,R-6,0.0,7.3,0.14863773679379874
Oakley,,035551006,Residential Low/Medium,R-6,0.0,7.3,0.15462256167841795
Oakley,,035542008,Residential Low/Medium,R-6,0.0,7.3,0.24208091187347303
Oakley,,035551005,Residential Low/Medium,R-6,0.0,7.3,0.15370463523566769
Oakley,,035551004,Residential Low/Medium,R-6,0.0,7.3,0.1559891448096607
Oakley,,035551003,Residential Low/Medium,R-6,0.0,7.3,0.15452735895584183
Oakley,,035542009,Residential Low/Medium,R-6,0.0,7.3,0.20397180631027495
Oakley,,035563013,Residential Low/Medium,R-6,0.0,7.3,0.1624819009063973
Oakley,,035563014,Residential Low/Medium,R-6,0.0,7.3,0.16075863454757358
Oakley,,035561001,Residential Low/Medium,R-6,0.0,7.3,0.17483173160817578
Oakley,,035561003,Residential Low/Medium,R-6,0.0,7.3,0.15296942499667707
Oakley,,035561002,Residential Low/Medium,R-6,0.0,7.3,0.15903161248208258
Oakley,,035600003,Residential Low/Medium,R-6,0.0,7.3,0.16517114821061712
Oakley,,035600002,Residential Low/Medium,R-6,0.0,7.3,0.16609289280955852
Oakley,,035600001,Residential Low/Medium,R-6,0.0,7.3,0.1678955914323937
Oakley,,035551007,Residential Low/Medium,R-6,0.0,7.3,0.17202433309083662
Oakley,,035600008,Residential Low/Medium,R-6,0.0,7.3,0.16718467720634056
Oakley,,035600005,Residential Low/Medium,R-6,0.0,7.3,0.21644478882506668
Oakley,,035600004,Residential Low/Medium,R-6,0.0,7.3,0.1912462747222056
Oakley,,035561004,Residential Low/Medium,R-6,0.0,7.3,0.1558228319516721
Oakley,,035561005,Residential Low/Medium,R-6,0.0,7.3,0.15018282591333915
Oakley,,035561007,Residential Low/Medium,R-6,0.0,7.3,0.15243136942300822
Oakley,,035561006,Residential Low/Medium,R-6,0.0,7.3,0.15403385791560675
Oakley,,035561008,Residential Low/Medium,R-6,0.0,7.3,0.1528984696206708
Oakley,,035561010,Residential Low/Medium,R-6,0.0,7.3,0.17496828187488347
Oakley,,035720033,Residential Low/Medium,R-6,0.0,7.3,0.748
Oakley,,035561011,Residential Low/Medium,R-6,0.0,7.3,0.0
Oakley,,035562012,Residential Low/Medium,R-6,0.0,7.3,0.0
Oakley,,035562011,Residential Low/Medium,R-6,0.0,7.3,0.0
Oakley,,035562010,Residential Low/Medium,R-6,0.0,7.3,0.0
Oakley,,035562009,Residential Low/Medium,R-6,0.0,7.3,0.0
Oakley,,035562015,Residential Low/Medium,R-6,0.0,7.3,0.0
Oakley,,035562039,Residential Low/Medium,R-6,0.0,7.3,0.0
Oakley,,035562013,Residential Low/Medium,R-6,0.0,7.3,0.0
Oakley,,035562014,Residential Low/Medium,R-6,0.0,7.3,0.0
Oakley,,035562017,Residential Low/Medium,R-6,0.0,7.3,0.0
Oakley,,035562016,Residential Low/Medium,R-6,0.0,7.3,0.0
Oakley,,035562038,Residential Low/Medium,R-6,0.0,7.3,0.0
Oakley,,035562040,Residential Low/Medium,R-6,0.0,7.3,0.0
Oakley,,035562041,Residential Low/Medium,R-6,0.0,7.3,0.0
Oakley,,035562036,Residential Low/Medium,R-6,0.0,7.3,0.0
Oakley,,035562035,Residential Low/Medium,R-6,0.0,7.3,0.0
Oakley,,035562034,Residential Low/Medium,R-6,0.0,7.3,0.0
Oakley,,035562025,Residential Low/Medium,R-6,0.0,7.3,0.0
Oakley,,035562024,Residential Low/Medium,R-6,0.0,7.3,0.0
Oakley,,035562037,Residential Low/Medium,R-6,0.0,7.3,0.0
Oakley,,035562023,Residential Low/Medium,R-6,0.0,7.3,0.0
Oakley,,035562021,Residential Low/Medium,R-6,0.0,7.3,0.0
Oakley,,035562022,Residential Low/Medium,R-6,0.0,7.3,0.0
Oakley,,035562020,Residential Low/Medium,R-6,0.0,7.3,0.0
Oakley,,035562018,Residential Low/Medium,R-6,0.0,7.3,0.0
Oakley,,035562019,Residential Low/Medium,R-6,0.0,7.3,0.0
Oakley,,035563009,Residential Low/Medium,R-6,0.0,7.3,0.0
Oakley,,035563010,Residential Low/Medium,R-6,0.0,7.3,0.0
Oakley,,035563011,Residential Low/Medium,R-6,0.0,7.3,0.0
Oakley,,035563012,Residential Low/Medium,R-6,0.0,7.3,0.0
Oakley,,035542010,Residential Low/Medium,R-6,0.0,7.3,0.0
Oakley,,035542011,Residential Low/Medium,R-6,0.0,7.3,0.0
Oakley,,035542012,Residential Low/Medium,R-6,0.0,7.3,0.0
Oakley,,035542013,Residential Low/Medium,R-6,0.0,7.3,0.0
Oakley,,035542014,Residential Low/Medium,R-6,0.0,7.3,0.0
Oakley,,035542015,Residential Low/Medium,R-6,0.0,7.3,0.0
Oakley,,035541024,Residential Low/Medium,R-6,0.0,7.3,0.0
Oakley,,035541023,Residential Low/Medium,R-6,0.0,7.3,0.0
Oakley,,035541022,Residential Low/Medium,R-6,0.0,7.3,0.0
Oakley,,035541021,Residential Low/Medium,R-6,0.0,7.3,0.0
Oakley,,035542017,Residential Low/Medium,R-6,0.0,7.3,0.0
Oakley,,035542016,Residential Low/Medium,R-6,0.0,7.3,0.0
Oakley,,035563008,Residential Low/Medium,R-6,0.0,7.3,0.0
Oakley,,035563007,Residential Low/Medium,R-6,0.0,7.3,0.0
Oakley,,035563006,Residential Low/Medium,R-6,0.0,7.3,0.0
Oakley,,035563005,Residential Low/Medium,R-6,0.0,7.3,0.0
Oakley,,035562026,Residential Low/Medium,R-6,0.0,7.3,0.0
Oakley,,035562027,Residential Low/Medium,R-6,0.0,7.3,0.0
Oakley,,035562028,Residential Low/Medium,R-6,0.0,7.3,0.0
Oakley,,035563004,Residential Low/Medium,R-6,0.0,7.3,0.0
Oakley,,035563003,Residential Low/Medium,R-6,0.0,7.3,0.0
Oakley,,035563002,Residential Low/Medium,R-6,0.0,7.3,0.0
Oakley,,035563001,Residential Low/Medium,R-6,0.0,7.3,0.0
Oakley,,035542020,Residential Low/Medium,R-6,0.0,7.3,0.0
Oakley,,035542019,Residential Low/Medium,R-6,0.0,7.3,0.0
Oakley,,035542018,Residential Low/Medium,R-6,0.0,7.3,0.0
Oakley,,035541020,Residential Low/Medium,R-6,0.0,7.3,0.0
Oakley,,035541019,Residential Low/Medium,R-6,0.0,7.3,0.0
Oakley,,035541018,Residential Low/Medium,R-6,0.0,7.3,0.0
Oakley,,035533015,Residential Low/Medium,R-6,0.0,7.3,0.0
Oakley,,035542021,Residential Low/Medium,R-6,0.0,7.3,0.0
Oakley,,035533013,Residential Low/Medium,R-6,0.0,7.3,0.0
Oakley,,035533006,Residential Low/Medium,R-6,0.0,7.3,0.0
Oakley,,035533014,Residential Low/Medium,R-6,0.0,7.3,0.0
Oakley,,035533005,Residential Low/Medium,R-6,0.0,7.3,0.0
Oakley,,035533002,Residential Low/Medium,R-6,0.0,7.3,0.0
Oakley,,035533003,Residential Low/Medium,R-6,0.0,7.3,0.0
Oakley,,035533004,Residential Low/Medium,R-6,0.0,7.3,0.0
Oakley,,035533001,Residential Low/Medium,R-6,0.0,7.3,0.0
Oakley,,035533016,Residential Low/Medium,R-6,0.0,7.3,0.0
Oakley,,035541017,Residential Low/Medium,R-6,0.0,7.3,0.0
Oakley,,035541015,Residential Low/Medium,R-6,0.0,7.3,0.0
Oakley,,035541016,Residential Low/Medium,R-6,0.0,7.3,0.0
Oakley,,035532004,Residential Low/Medium,R-6,0.0,7.3,0.0
Oakley,,035541001,Residential Low/Medium,R-6,0.0,7.3,0.0
Oakley,,035541002,Residential Low/Medium,R-6,0.0,7.3,0.0
Oakley,,035541003,Residential Low/Medium,R-6,0.0,7.3,0.0
Oakley,,035463016,Residential Low/Medium,R-6,0.0,7.3,0.0
Oakley,,035372005,Residential Low/Medium,R-6,0.0,7.3,0.0
Oakley,,035463015,Residential Low/Medium,R-6,0.0,7.3,0.0
Oakley,,035541004,Residential Low/Medium,R-6,0.0,7.3,0.0
Oakley,,035541005,Residential Low/Medium,R-6,0.0,7.3,0.0
Oakley,,035541006,Residential Low/Medium,R-6,0.0,7.3,0.0
Oakley,,035541007,Residential Low/Medium,R-6,0.0,7.3,0.0
Oakley,,035541013,Residential Low/Medium,R-6,0.0,7.3,0.0
Oakley,,035541014,Residential Low/Medium,R-6,0.0,7.3,0.0
Oakley,,035541012,Residential Low/Medium,R-6,0.0,7.3,0.0
Oakley,,035541011,Residential Low/Medium,R-6,0.0,7.3,0.0
Oakley,,035541009,Residential Low/Medium,R-6,0.0,7.3,0.0
Oakley,,035541010,Residential Low/Medium,R-6,0.0,7.3,0.0
Oakley,,035541025,Residential Low/Medium,R-6,0.0,7.3,0.0
Oakley,,035541026,Residential Low/Medium,R-6,0.0,7.3,0.0
Oakley,,035541027,Residential Low/Medium,R-6,0.0,7.3,0.0
Oakley,,035541028,Residential Low/Medium,R-6,0.0,7.3,0.0
Oakley,,035541029,Residential Low/Medium,R-6,0.0,7.3,0.0
Oakley,,035541030,Residential Low/Medium,R-6,0.0,7.3,0.0
Oakley,,035541008,Residential Low/Medium,R-6,0.0,7.3,0.0
Oakley,,035541031,Residential Low/Medium,R-6,0.0,7.3,0.0
Oakley,,035541032,Residential Low/Medium,R-6,0.0,7.3,0.0
Oakley,,035542001,Residential Low/Medium,R-6,0.0,7.3,0.0
Oakley,,035371017,Residential Low/Medium,R-6,0.0,7.3,0.0
Oakley,,035371016,Residential Low/Medium,R-6,0.0,7.3,0.0
Oakley,,035371015,Residential Low/Medium,R-6,0.0,7.3,0.0
Oakley,,035372002,Residential Low/Medium,R-6,0.0,7.3,0.0
Oakley,,035372001,Residential Low/Medium,R-6,0.0,7.3,0.0
Oakley,,035372004,Residential Low/Medium,R-6,0.0,7.3,0.0
Oakley,,035372003,Residential Low/Medium,R-6,0.0,7.3,0.0
Oakley,,035372006,Residential Low/Medium,R-6,0.0,7.3,0.0
Oakley,,035372007,Residential Low/Medium,R-6,0.0,7.3,0.0
Oakley,,035372008,Residential Low/Medium,R-6,0.0,7.3,0.0
Oakley,,035372009,Residential Low/Medium,R-6,0.0,7.3,0.0
Oakley,,035372016,Residential Low/Medium,R-6,0.0,7.3,0.0
Oakley,,035372015,Residential Low/Medium,R-6,0.0,7.3,0.0
Oakley,,035372012,Residential Low/Medium,R-6,0.0,7.3,0.0
Oakley,,035372014,Residential Low/Medium,R-6,0.0,7.3,0.0
Oakley,,035372010,Residential Low/Medium,R-6,0.0,7.3,0.0
Oakley,,035372011,Residential Low/Medium,R-6,0.0,7.3,0.0
Oakley,,035371014,Residential Low/Medium,R-6,0.0,7.3,0.0
Oakley,,035371013,Residential Low/Medium,R-6,0.0,7.3,0.0
Oakley,,035371012,Residential Low/Medium,R-6,0.0,7.3,0.0
Oakley,,035371011,Residential Low/Medium,R-6,0.0,7.3,0.0
Oakley,,035372013,Residential Low/Medium,R-6,0.0,7.3,0.0
Oakley,,035371010,Residential Low/Medium,R-6,0.0,7.3,0.0
Oakley,,035374034,Residential Low/Medium,R-6,0.0,7.3,0.0
Oakley,,035374035,Residential Low/Medium,R-6,0.0,7.3,0.0
Oakley,,035371009,Residential Low/Medium,R-6,0.0,7.3,0.0
Oakley,,035371008,Residential Low/Medium,R-6,0.0,7.3,0.16052619461522677
Oakley,,035371006,Residential Low/Medium,R-6,0.0,7.3,0.1374462457382736
Oakley,,035371007,Residential Low/Medium,R-6,0.0,7.3,0.13791977269521605
Oakley,,035371005,Residential Low/Medium,R-6,0.0,7.3,0.1387262671019074
Oakley,,035371004,Residential Low/Medium,R-6,0.0,7.3,0.13983220691911208
Oakley,,035556010,Residential Low/Medium,R-6,0.0,7.3,0.16538384880350349
Oakley,,035556009,Residential Low/Medium,R-6,0.0,7.3,0.2610642349151419
Oakley,,035640035,Residential Low/Medium,R-6,0.0,7.3,0.915
Oakley,,035556008,Residential Low/Medium,R-6,0.0,7.3,0.15166815740824272
Oakley,,035552099,Residential Low/Medium,R-6,0.0,7.3,0.15072386487116254
Oakley,,035552098,Residential Low/Medium,R-6,0.0,7.3,0.1380160946466241
Oakley,,035556014,Residential Low/Medium,R-6,0.0,7.3,0.15288429222211922
Oakley,,035556013,Residential Low/Medium,R-6,0.0,7.3,0.1511168232266618
Oakley,,035556012,Residential Low/Medium,R-6,0.0,7.3,0.14615532126078887
Oakley,,035556011,Residential Low/Medium,R-6,0.0,7.3,0.1680267513592201
Oakley,,035371002,Residential Low/Medium,R-6,0.0,7.3,0.13786513637608744
Oakley,,035371003,Residential Low/Medium,R-6,0.0,7.3,0.1408983644479476
Oakley,,035371001,Residential Low/Medium,R-6,0.0,7.3,0.13857291417616246
Oakley,,035542002,Residential Low/Medium,R-6,0.0,7.3,0.0
Oakley,,035556015,Residential Low/Medium,R-6,0.0,7.3,0.16384819144970333
Oakley,,035542003,Residential Low/Medium,R-6,0.0,7.3,0.32866844879659113
Oakley,,035542004,Residential Low/Medium,R-6,0.0,7.3,0.18921438000997776
Oakley,,035542005,Residential Low/Medium,R-6,0.0,7.3,0.16921498532753176
Oakley,,035542006,Residential Low/Medium,R-6,0.0,7.3,0.15636132675677777
Oakley,,035542007,Residential Low/Medium,R-6,0.0,7.3,0.15173539572902028
Oakley,,035551002,Residential Low/Medium,R-6,0.0,7.3,0.15594708805251625
Oakley,,035551001,Residential Low/Medium,R-6,0.0,7.3,0.16789668348863906
Oakley,,035552035,Residential Low/Medium,R-6,0.0,7.3,0.14194050202198663
Oakley,,035552034,Residential Low/Medium,R-6,0.0,7.3,0.1443922187781592
Oakley,,035552036,Residential Low/Medium,R-6,0.0,7.3,0.14190339677205424
Oakley,,035552027,Residential Low/Medium,R-6,0.0,7.3,0.13292256293562799
Oakley,,035552026,Residential Low/Medium,R-6,0.0,7.3,0.13220357985967157
Oakley,,035552037,Residential Low/Medium,R-6,0.0,7.3,0.14066618403083572
Oakley,,035552039,Residential Low/Medium,R-6,0.0,7.3,0.14673429614821276
Oakley,,035552038,Residential Low/Medium,R-6,0.0,7.3,0.13909052238627487
Oakley,,035552025,Residential Low/Medium,R-6,0.0,7.3,0.13678979015598247
Oakley,,035552040,Residential Low/Medium,R-6,0.0,7.3,0.14028578568179237
Oakley,,035552024,Residential Low/Medium,R-6,0.0,7.3,0.25689301475636867
Oakley,,035552100,Residential Low/Medium,R-6,0.0,7.3,0.12811953761832404
Oakley,,035552023,Residential Low/Medium,R-6,0.0,7.3,0.230364981869381
Oakley,,035552022,Residential Low/Medium,R-6,0.0,7.3,0.2694472227043358
Oakley,,035552021,Residential Low/Medium,R-6,0.0,7.3,0.15488610586230037
Oakley,,035552020,Residential Low/Medium,R-6,0.0,7.3,0.13199315041103948
Oakley,,035552028,Residential Low/Medium,R-6,0.0,7.3,0.1329679547891208
Oakley,,035552029,Residential Low/Medium,R-6,0.0,7.3,0.1360084236925847
Oakley,,035552018,Residential Low/Medium,R-6,0.0,7.3,0.13359240012036702
Oakley,,035552017,Residential Low/Medium,R-6,0.0,7.3,0.13519329649856027
Oakley,,035552111,Residential Low/Medium,R-6,0.0,7.3,0.28059371439981734
Oakley,,035552019,Residential Low/Medium,R-6,0.0,7.3,0.1358006113659473
Oakley,,035552110,Residential Low/Medium,R-6,0.0,7.3,0.14947145013019036
Oakley,,035552109,Residential Low/Medium,R-6,0.0,7.3,0.1680998038009969
Oakley,,035552115,Residential Low/Medium,R-6,0.0,7.3,0.15423924905372643
Oakley,,035552114,Residential Low/Medium,R-6,0.0,7.3,0.14061768972672384
Oakley,,035552117,Residential Low/Medium,R-6,0.0,7.3,0.13449265024911256
Oakley,,035552116,Residential Low/Medium,R-6,0.0,7.3,0.13829343291867768
Oakley,,035552118,Residential Low/Medium,R-6,0.0,7.3,0.1346054395950951
Oakley,,035552066,Residential Low/Medium,R-6,0.0,7.3,0.1524312886375518
Oakley,,035552119,Residential Low/Medium,R-6,0.0,7.3,0.13346448471947334
Oakley,,035552106,Residential Low/Medium,R-6,0.0,7.3,0.14198691371750857
Oakley,,035552107,Residential Low/Medium,R-6,0.0,7.3,0.14513087892775142
Oakley,,035552108,Residential Low/Medium,R-6,0.0,7.3,0.14472020901077556
Oakley,,035552105,Residential Low/Medium,R-6,0.0,7.3,0.1419492203414057
Oakley,,035552104,Residential Low/Medium,R-6,0.0,7.3,0.15578688372350502
Oakley,,035552103,Residential Low/Medium,R-6,0.0,7.3,0.13579506554063533
Oakley,,035552102,Residential Low/Medium,R-6,0.0,7.3,0.1557474666538552
Oakley,,035552101,Residential Low/Medium,R-6,0.0,7.3,0.17122103103101596
Oakley,,035556002,Residential Low/Medium,R-6,0.0,7.3,0.14847043590014644
Oakley,,035556003,Residential Low/Medium,R-6,0.0,7.3,0.14778637666634822
Oakley,,035556001,Residential Low/Medium,R-6,0.0,7.3,0.15053120381337326
Oakley,,035552120,Residential Low/Medium,R-6,0.0,7.3,0.1506161259326265
Oakley,,035555020,Residential Low/Medium,R-6,0.0,7.3,0.146960207903932
Oakley,,035555021,Residential Low/Medium,R-6,0.0,7.3,0.16281324138603387
Oakley,,035612001,Residential Low/Medium,R-6,0.0,7.3,0.21240446572838512
Oakley,,035612005,Residential Low/Medium,R-6,0.0,7.3,0.14623663014237226
Oakley,,035611024,Residential Low/Medium,R-6,0.0,7.3,0.17326993443802371
Oakley,,035611025,Residential Low/Medium,R-6,0.0,7.3,0.16027638091142568
Oakley,,035611026,Residential Low/Medium,R-6,0.0,7.3,0.1567402722155756
Oakley,,035611023,Residential Low/Medium,R-6,0.0,7.3,0.21610946060911088
Oakley,,035611027,Residential Low/Medium,R-6,0.0,7.3,0.3621417058855096
Oakley,,035611030,Residential Low/Medium,R-6,0.0,7.3,0.0747969095966834
Oakley,,035611028,Residential Low/Medium,R-6,0.0,7.3,0.2891055037820826
Oakley,,035611029,Residential Low/Medium,R-6,0.0,7.3,0.26051329202575224
Oakley,,035556004,Residential Low/Medium,R-6,0.0,7.3,0.14814035470754736
Oakley,,035556005,Residential Low/Medium,R-6,0.0,7.3,0.15018127806229928
Oakley,,035556006,Residential Low/Medium,R-6,0.0,7.3,0.15141149812820115
Oakley,,035556007,Residential Low/Medium,R-6,0.0,7.3,0.15032225792172793
Oakley,,035640034,Residential Low/Medium,R-6,0.0,7.3,0.915
Oakley,,035640031,Residential Low/Medium,R-6,0.0,7.3,1.98
Oakley,,035374036,Residential Low/Medium,R-6,0.0,7.3,0.16320735709700926
Oakley,,035374037,Residential Low/Medium,R-6,0.0,7.3,0.1415823238115272
Oakley,,035640030,Residential Low/Medium,R-6,0.0,7.3,0.985
Oakley,,035640024,Residential Low/Medium,R-6,0.0,7.3,0.16032217564180717
Oakley,,035640023,Residential Low/Medium,R-6,0.0,7.3,0.13442483757013593
Oakley,,035640020,Residential Low/Medium,R-6,0.0,7.3,0.14724603492636656
Oakley,,035640021,Residential Low/Medium,R-6,0.0,7.3,0.13654792481731656
Oakley,,035640022,Residential Low/Medium,R-6,0.0,7.3,0.1430527901981727
Oakley,,035640017,Residential Low/Medium,R-6,0.0,7.3,0.14164745499500475
Oakley,,035640018,Residential Low/Medium,R-6,0.0,7.3,0.1464054963549165
Oakley,,035611013,Residential Low/Medium,R-6,0.0,7.3,0.194462600381413
Oakley,,035611014,Residential Low/Medium,R-6,0.0,7.3,0.1596430867217379
Oakley,,035611015,Residential Low/Medium,R-6,0.0,7.3,0.19438682573137714
Oakley,,035640019,Residential Low/Medium,R-6,0.0,7.3,0.19947658365520612
Oakley,,035611022,Residential Low/Medium,R-6,0.0,7.3,0.24420184560503216
Oakley,,035611021,Residential Low/Medium,R-6,0.0,7.3,0.1381469598618218
Oakley,,035611016,Residential Low/Medium,R-6,0.0,7.3,0.1382124967644688
Oakley,,035611017,Residential Low/Medium,R-6,0.0,7.3,0.13788129615033362
Oakley,,035611018,Residential Low/Medium,R-6,0.0,7.3,0.14067158554667944
Oakley,,035611020,Residential Low/Medium,R-6,0.0,7.3,0.1378703457616468
Oakley,,035611019,Residential Low/Medium,R-6,0.0,7.3,0.14066277312951433
Oakley,,035612006,Residential Low/Medium,R-6,0.0,7.3,0.14600484607408426
Oakley,,035612007,Residential Low/Medium,R-6,0.0,7.3,0.1460080551237374
Oakley,,035612008,Residential Low/Medium,R-6,0.0,7.3,0.14600803404467372
Oakley,,035612009,Residential Low/Medium,R-6,0.0,7.3,0.14660681153842972
Oakley,,035612010,Residential Low/Medium,R-6,0.0,7.3,0.1454150066627109
Oakley,,035611010,Residential Low/Medium,R-6,0.0,7.3,0.14067491326601245
Oakley,,035612011,Residential Low/Medium,R-6,0.0,7.3,0.14600896274004957
Oakley,,035612012,Residential Low/Medium,R-6,0.0,7.3,0.14601458595856218
Oakley,,035612013,Residential Low/Medium,R-6,0.0,7.3,0.14601463097627707
Oakley,,035612014,Residential Low/Medium,R-6,0.0,7.3,0.1460147213589262
Oakley,,035611007,Residential Low/Medium,R-6,0.0,7.3,0.13820504927822566
Oakley,,035611008,Residential Low/Medium,R-6,0.0,7.3,0.13786923264664
Oakley,,035611009,Residential Low/Medium,R-6,0.0,7.3,0.14066398729131274
Oakley,,035611011,Residential Low/Medium,R-6,0.0,7.3,0.1378817296254366
Oakley,,035611012,Residential Low/Medium,R-6,0.0,7.3,0.13815880606685738
Oakley,,035611006,Residential Low/Medium,R-6,0.0,7.3,0.20281783375210516
Oakley,,035640016,Residential Low/Medium,R-6,0.0,7.3,0.1395482977012129
Oakley,,035640015,Residential Low/Medium,R-6,0.0,7.3,0.14628769476793588
Oakley,,035611004,Residential Low/Medium,R-6,0.0,7.3,0.20309372979236948
Oakley,,035611005,Residential Low/Medium,R-6,0.0,7.3,0.14416419179610415
Oakley,,035611003,Residential Low/Medium,R-6,0.0,7.3,0.13812356052783983
Oakley,,035611002,Residential Low/Medium,R-6,0.0,7.3,0.13786720978781122
Oakley,,035611001,Residential Low/Medium,R-6,0.0,7.3,0.13852042734952455
Oakley,,035612015,Residential Low/Medium,R-6,0.0,7.3,0.14601378679494667
Oakley,,035612016,Residential Low/Medium,R-6,0.0,7.3,0.1486088935561943
Oakley,,041120016,Residential Low/Medium,P-1,0.0,24.0,0.4451646624397783
Oakley,,041120015,Residential Low/Medium,P-1,0.0,24.0,0.238489434657309
Oakley,,041160005,Residential Low,R-10,0.0,4.4,0.30042925586541464
Oakley,,041160008,Residential Low,R-10,0.0,4.4,0.2921558898334645
Oakley,,041160007,Residential Low,R-10,0.0,4.4,0.2751646904274021
Oakley,,041160004,Residential Low,R-10,0.0,4.4,0.27694625901990993
Oakley,,041160003,Residential Low,R-10,0.0,4.4,0.26819669383203504
Oakley,,041160006,Residential Low,R-10,0.0,4.4,0.27427584634853514
Oakley,,035640025,Residential Low/Medium,R-6,0.0,7.3,0.33685124806367617
Oakley,,041041029,Rural Residential,R-40,0.0,1.1,1.427
Oakley,,041110040,Rural Residential,R-40,0.0,1.1,1.239
Oakley,,041110012,Rural Residential,R-40,0.0,1.1,0.23
Oakley,,035374048,Residential Low/Medium,R-6,0.0,7.3,0.16833327348320756
Oakley,,035374045,Residential Low/Medium,R-6,0.0,7.3,0.13914221347650624
Oakley,,035640028,Residential Low/Medium,R-6,0.0,7.3,0.14240270326443316
Oakley,,035640029,Residential Low/Medium,R-6,0.0,7.3,0.1942121763762124
Oakley,,035640012,Residential Low/Medium,R-6,0.0,7.3,0.1394134653918475
Oakley,,035640013,Residential Low/Medium,R-6,0.0,7.3,0.14542050055257075
Oakley,,035640014,Residential Low/Medium,R-6,0.0,7.3,0.14966480800129534
Oakley,,035640005,Residential Low/Medium,R-6,0.0,7.3,0.18232242797526893
Oakley,,035640006,Residential Low/Medium,R-6,0.0,7.3,0.18245122920946474
Oakley,,035640007,Residential Low/Medium,R-6,0.0,7.3,0.13281773646018438
Oakley,,035640026,Residential Low/Medium,R-6,0.0,7.3,0.15886633062745725
Oakley,,035640027,Residential Low/Medium,R-6,0.0,7.3,0.15430864298196315
Oakley,,035374017,Residential Low/Medium,R-6,0.0,7.3,0.0
Oakley,,035374044,Residential Low/Medium,R-6,0.0,7.3,0.14591602958997538
Oakley,,035374043,Residential Low/Medium,R-6,0.0,7.3,0.14238890908177013
Oakley,,035374042,Residential Low/Medium,R-6,0.0,7.3,0.14010388224410703
Oakley,,035374041,Residential Low/Medium,R-6,0.0,7.3,0.14150541697436644
Oakley,,035374040,Residential Low/Medium,R-6,0.0,7.3,0.1446334069293437
Oakley,,035374039,Residential Low/Medium,R-6,0.0,7.3,0.13946394461464018
Oakley,,035374023,Residential Low/Medium,R-6,0.0,7.3,0.0
Oakley,,035374038,Residential Low/Medium,R-6,0.0,7.3,0.14410414458802034
Oakley,,035374024,Residential Low/Medium,R-6,0.0,7.3,0.0
Oakley,,035374021,Residential Low/Medium,R-6,0.0,7.3,0.0
Oakley,,035374022,Residential Low/Medium,R-6,0.0,7.3,0.0
Oakley,,035374009,Residential Low/Medium,R-6,0.0,7.3,0.0
Oakley,,035374020,Residential Low/Medium,R-6,0.0,7.3,0.0
Oakley,,035374019,Residential Low/Medium,R-6,0.0,7.3,0.0
Oakley,,035374018,Residential Low/Medium,R-6,0.0,7.3,0.0
Oakley,,035374012,Residential Low/Medium,R-6,0.0,7.3,0.0
Oakley,,035374011,Residential Low/Medium,R-6,0.0,7.3,0.0
Oakley,,035374010,Residential Low/Medium,R-6,0.0,7.3,0.0
Oakley,,035374005,Residential Low/Medium,R-6,0.0,7.3,0.0
Oakley,,035374004,Residential Low/Medium,R-6,0.0,7.3,0.0
Oakley,,035374003,Residential Low/Medium,R-6,0.0,7.3,0.0
Oakley,,035373013,Residential Low/Medium,R-6,0.0,7.3,0.0
Oakley,,035373012,Residential Low/Medium,R-6,0.0,7.3,0.0
Oakley,,035374002,Residential Low/Medium,R-6,0.0,7.3,0.0
Oakley,,035374047,Residential Low/Medium,R-6,0.0,7.3,0.0
Oakley,,035374014,Residential Low/Medium,R-6,0.0,7.3,0.0
Oakley,,035374013,Residential Low/Medium,R-6,0.0,7.3,0.0
Oakley,,035374015,Residential Low/Medium,R-6,0.0,7.3,0.0
Oakley,,035374016,Residential Low/Medium,R-6,0.0,7.3,0.0
Oakley,,041110038,Rural Residential,R-40,0.0,1.1,0.912
Oakley,,041170030,Residential Low/Medium,P-1,0.0,24.0,0.0
Oakley,,041170031,Residential Low/Medium,P-1,0.0,24.0,0.0
Oakley,,041170028,Residential Low/Medium,P-1,0.0,24.0,0.0
Oakley,,041170027,Residential Low/Medium,P-1,0.0,24.0,0.0
Oakley,,041170029,Residential Low/Medium,P-1,0.0,24.0,0.0
Oakley,,041170033,Residential Low/Medium,P-1,0.0,24.0,0.0
Oakley,,041170032,Residential Low/Medium,P-1,0.0,24.0,0.0
Oakley,,041250014,Residential Low/Medium,P-1,0.0,24.0,0.0
Oakley,,035373015,Residential Low/Medium,R-6,0.0,7.3,0.0
Oakley,,041250012,Residential Low/Medium,P-1,0.0,24.0,0.0
Oakley,,041250013,Residential Low/Medium,P-1,0.0,24.0,0.0
Oakley,,041250011,Residential Low/Medium,P-1,0.0,24.0,0.0
Oakley,,041250015,Residential Low/Medium,P-1,0.0,24.0,0.0
Oakley,,041250009,Residential Low/Medium,P-1,0.0,24.0,0.0
Oakley,,041250008,Residential Low/Medium,P-1,0.0,24.0,0.0
Oakley,,041250010,Residential Low/Medium,P-1,0.0,24.0,0.0
Oakley,,041250007,Residential Low/Medium,P-1,0.0,24.0,0.0
Oakley,,041250003,Residential Low/Medium,P-1,0.0,24.0,0.0
Oakley,,041250006,Residential Low/Medium,P-1,0.0,24.0,0.0
Oakley,,041250005,Residential Low/Medium,P-1,0.0,24.0,0.0
Oakley,,035332002,Residential Low/Medium,R-6,0.0,7.3,0.0
Oakley,,035332003,Residential Low/Medium,R-6,0.0,7.3,0.0
Oakley,,035332004,Residential Low/Medium,R-6,0.0,7.3,0.0
Oakley,,035332005,Residential Low/Medium,R-6,0.0,7.3,0.0
Oakley,,035332006,Residential Low/Medium,R-6,0.0,7.3,0.0
Oakley,,035332007,Residential Low/Medium,R-6,0.0,7.3,0.0
Oakley,,035332008,Residential Low/Medium,R-6,0.0,7.3,0.0
Oakley,,035332009,Residential Low/Medium,R-6,0.0,7.3,0.0
Oakley,,035332012,Residential Low/Medium,R-6,0.0,7.3,0.0
Oakley,,035332013,Residential Low/Medium,R-6,0.0,7.3,0.0
Oakley,,035332024,Residential Low/Medium,R-6,0.0,7.3,0.0
Oakley,,035332014,Residential Low/Medium,R-6,0.0,7.3,0.0
Oakley,,035332015,Residential Low/Medium,R-6,0.0,7.3,0.0
Oakley,,035332016,Residential Low/Medium,R-6,0.0,7.3,0.0
Oakley,,035332017,Residential Low/Medium,R-6,0.0,7.3,0.0
Oakley,,035332018,Residential Low/Medium,R-6,0.0,7.3,0.0
Oakley,,035332020,Residential Low/Medium,R-6,0.0,7.3,0.0
Oakley,,035332021,Residential Low/Medium,R-6,0.0,7.3,0.0
Oakley,,035332022,Residential Low/Medium,R-6,0.0,7.3,0.0
Oakley,,035332023,Residential Low/Medium,R-6,0.0,7.3,0.0
Oakley,,035332035,Residential Low/Medium,R-6,0.0,7.3,0.0
Oakley,,035332036,Residential Low/Medium,R-6,0.0,7.3,0.0
Oakley,,035332039,Residential Low/Medium,R-6,0.0,7.3,0.0
Oakley,,035332040,Residential Low/Medium,R-6,0.0,7.3,0.0
Oakley,,035332041,Residential Low/Medium,R-6,0.0,7.3,0.0
Oakley,,035332042,Residential Low/Medium,R-6,0.0,7.3,0.0
Oakley,,035332034,Residential Low/Medium,R-6,0.0,7.3,0.0
Oakley,,035332033,Residential Low/Medium,R-6,0.0,7.3,0.0
Oakley,,035332032,Residential Low/Medium,R-6,0.0,7.3,0.0
Oakley,,035332031,Residential Low/Medium,R-6,0.0,7.3,0.0
Oakley,,035332043,Residential Low/Medium,R-6,0.0,7.3,0.0
Oakley,,035332044,Residential Low/Medium,R-6,0.0,7.3,0.0
Oakley,,035332045,Residential Low/Medium,R-6,0.0,7.3,0.0
Oakley,,035332029,Residential Low/Medium,R-6,0.0,7.3,0.0
Oakley,,035332028,Residential Low/Medium,R-6,0.0,7.3,0.0
Oakley,,035332030,Residential Low/Medium,R-6,0.0,7.3,0.0
Oakley,,035332025,Residential Low/Medium,R-6,0.0,7.3,0.0
Oakley,,035332026,Residential Low/Medium,R-6,0.0,7.3,0.0
Oakley,,035332027,Residential Low/Medium,R-6,0.0,7.3,0.0
Oakley,,035332011,Residential Low/Medium,R-6,0.0,7.3,0.0
Oakley,,035373011,Residential Low/Medium,R-6,0.0,7.3,0.0
Oakley,,035332010,Residential Low/Medium,R-6,0.0,7.3,0.0
Oakley,,035373010,Residential Low/Medium,R-6,0.0,7.3,0.0
Oakley,,035373009,Residential Low/Medium,R-6,0.0,7.3,0.0
Oakley,,035374006,Residential Low/Medium,R-6,0.0,7.3,0.0
Oakley,,035373008,Residential Low/Medium,R-6,0.0,7.3,0.0
Oakley,,035373006,Residential Low/Medium,R-6,0.0,7.3,0.0
Oakley,,035373007,Residential Low/Medium,R-6,0.0,7.3,0.0
Oakley,,035373005,Residential Low/Medium,R-6,0.0,7.3,0.0
Oakley,,035374028,Residential Low/Medium,R-6,0.0,7.3,0.0
Oakley,,035374007,Residential Low/Medium,R-6,0.0,7.3,0.0
Oakley,,035374008,Residential Low/Medium,R-6,0.0,7.3,0.0
Oakley,,035374027,Residential Low/Medium,R-6,0.0,7.3,0.0
Oakley,,035374026,Residential Low/Medium,R-6,0.0,7.3,0.0
Oakley,,035374025,Residential Low/Medium,R-6,0.0,7.3,0.0
Oakley,,035374033,Residential Low/Medium,R-6,0.0,7.3,0.0
Oakley,,035374032,Residential Low/Medium,R-6,0.0,7.3,0.0
Oakley,,035374031,Residential Low/Medium,R-6,0.0,7.3,0.0
Oakley,,035374030,Residential Low/Medium,R-6,0.0,7.3,0.0
Oakley,,035374029,Residential Low/Medium,R-6,0.0,7.3,0.0
Oakley,,035373003,Residential Low/Medium,R-6,0.0,7.3,0.0
Oakley,,035373004,Residential Low/Medium,R-6,0.0,7.3,0.0
Oakley,,035373002,Residential Low/Medium,R-6,0.0,7.3,0.0
Oakley,,035373001,Residential Low/Medium,R-6,0.0,7.3,0.0
Oakley,,035372017,Residential Low/Medium,R-6,0.0,7.3,0.0
Oakley,,035372018,Residential Low/Medium,R-6,0.0,7.3,0.0
Oakley,,035463001,Residential Low/Medium,R-6,0.0,7.3,0.0
Oakley,,035463002,Residential Low/Medium,R-6,0.0,7.3,0.0
Oakley,,035462004,Residential Low/Medium,R-6,0.0,7.3,0.0
Oakley,,035462005,Residential Low/Medium,R-6,0.0,7.3,0.0
Oakley,,035462006,Residential Low/Medium,R-6,0.0,7.3,0.0
Oakley,,035462007,Residential Low/Medium,R-6,0.0,7.3,0.0
Oakley,,035332048,Residential Low/Medium,R-6,0.0,7.3,0.0
Oakley,,035332047,Residential Low/Medium,R-6,0.0,7.3,0.0
Oakley,,035332046,Residential Low/Medium,R-6,0.0,7.3,0.0
Oakley,,035332050,Residential Low/Medium,R-6,0.0,7.3,0.0
Oakley,,035332049,Residential Low/Medium,R-6,0.0,7.3,0.0
Oakley,,035462003,Residential Low/Medium,R-6,0.0,7.3,0.0
Oakley,,035332052,Residential Low/Medium,R-6,0.0,7.3,0.0
Oakley,,035332051,Residential Low/Medium,R-6,0.0,7.3,0.0
Oakley,,035332053,Residential Low/Medium,R-6,0.0,7.3,0.0
Oakley,,035462001,Residential Low/Medium,R-6,0.0,7.3,0.0
Oakley,,035462002,Residential Low/Medium,R-6,0.0,7.3,0.0
Oakley,,035463007,Residential Low/Medium,R-6,0.0,7.3,0.0
Oakley,,035463008,Residential Low/Medium,R-6,0.0,7.3,0.0
Oakley,,035463009,Residential Low/Medium,R-6,0.0,7.3,0.0
Oakley,,035463010,Residential Low/Medium,R-6,0.0,7.3,0.0
Oakley,,035463005,Residential Low/Medium,R-6,0.0,7.3,0.0
Oakley,,035463006,Residential Low/Medium,R-6,0.0,7.3,0.0
Oakley,,035463003,Residential Low/Medium,R-6,0.0,7.3,0.0
Oakley,,035463004,Residential Low/Medium,R-6,0.0,7.3,0.0
Oakley,,035463011,Residential Low/Medium,R-6,0.0,7.3,0.0
Oakley,,035463012,Residential Low/Medium,R-6,0.0,7.3,0.0
Oakley,,035463013,Residential Low/Medium,R-6,0.0,7.3,0.0
Oakley,,035463014,Residential Low/Medium,R-6,0.0,7.3,0.0
Oakley,,035463017,Residential Low/Medium,R-6,0.0,7.3,0.0
Oakley,,035463018,Residential Low/Medium,R-6,0.0,7.3,0.0
Oakley,,035463019,Residential Low/Medium,R-6,0.0,7.3,0.0
Oakley,,035463020,Residential Low/Medium,R-6,0.0,7.3,0.0
Oakley,,035463021,Residential Low/Medium,R-6,0.0,7.3,0.0
Oakley,,035532001,Residential Low/Medium,R-6,0.0,7.3,0.0
Oakley,,035532002,Residential Low/Medium,R-6,0.0,7.3,0.0
Oakley,,035532003,Residential Low/Medium,R-6,0.0,7.3,0.0
Oakley,,035536020,Residential Low/Medium,R-6,0.0,7.3,0.0
Oakley,,035536021,Residential Low/Medium,R-6,0.0,7.3,0.0
Oakley,,035322016,Residential Low/Medium,R-6,0.0,7.3,0.0
Oakley,,035322017,Residential Low/Medium,R-6,0.0,7.3,0.0
Oakley,,035465003,Residential Low/Medium,R-6,0.0,7.3,0.0
Oakley,,035531001,Residential Low/Medium,R-6,0.0,7.3,0.0
Oakley,,035531002,Residential Low/Medium,R-6,0.0,7.3,0.0
Oakley,,035465001,Residential Low/Medium,R-6,0.0,7.3,0.0
Oakley,,035465002,Residential Low/Medium,R-6,0.0,7.3,0.0
Oakley,,035465004,Residential Low/Medium,R-6,0.0,7.3,0.0
Oakley,,035465005,Residential Low/Medium,R-6,0.0,7.3,0.0
Oakley,,035465006,Residential Low/Medium,R-6,0.0,7.3,0.0
Oakley,,035465007,Residential Low/Medium,R-6,0.0,7.3,0.0
Oakley,,035464008,Residential Low/Medium,R-6,0.0,7.3,0.0
Oakley,,035464009,Residential Low/Medium,R-6,0.0,7.3,0.0
Oakley,,035464010,Residential Low/Medium,R-6,0.0,7.3,0.0
Oakley,,035464005,Residential Low/Medium,R-6,0.0,7.3,0.0
Oakley,,035464006,Residential Low/Medium,R-6,0.0,7.3,0.0
Oakley,,035464003,Residential Low/Medium,R-6,0.0,7.3,0.0
Oakley,,035464004,Residential Low/Medium,R-6,0.0,7.3,0.0
Oakley,,035464011,Residential Low/Medium,R-6,0.0,7.3,0.0
Oakley,,035464012,Residential Low/Medium,R-6,0.0,7.3,0.0
Oakley,,035464013,Residential Low/Medium,R-6,0.0,7.3,0.0
Oakley,,035464014,Residential Low/Medium,R-6,0.0,7.3,0.0
Oakley,,035464001,Residential Low/Medium,R-6,0.0,7.3,0.0
Oakley,,035464002,Residential Low/Medium,R-6,0.0,7.3,0.0
Oakley,,035461004,Residential Low/Medium,R-6,0.0,7.3,0.0
Oakley,,035461005,Residential Low/Medium,R-6,0.0,7.3,0.0
Oakley,,035461006,Residential Low/Medium,R-6,0.0,7.3,0.0
Oakley,,035461007,Residential Low/Medium,R-6,0.0,7.3,0.0
Oakley,,035333001,Residential Low/Medium,R-6,0.0,7.3,0.0
Oakley,,035333002,Residential Low/Medium,R-6,0.0,7.3,0.0
Oakley,,035333003,Residential Low/Medium,R-6,0.0,7.3,0.0
Oakley,,035333019,Residential Low/Medium,R-6,0.0,7.3,0.0
Oakley,,035461003,Residential Low/Medium,R-6,0.0,7.3,0.0
Oakley,,035333020,Residential Low/Medium,R-6,0.0,7.3,0.0
Oakley,,035333021,Residential Low/Medium,R-6,0.0,7.3,0.0
Oakley,,035333018,Residential Low/Medium,R-6,0.0,7.3,0.0
Oakley,,035334008,Residential Low/Medium,R-6,0.0,7.3,0.0
Oakley,,035461001,Residential Low/Medium,R-6,0.0,7.3,0.0
Oakley,,035461002,Residential Low/Medium,R-6,0.0,7.3,0.0
Oakley,,035464007,Residential Low/Medium,R-6,0.0,7.3,0.0
Oakley,,035465012,Residential Low/Medium,R-6,0.0,7.3,0.0
Oakley,,035465013,Residential Low/Medium,R-6,0.0,7.3,0.0
Oakley,,035465014,Residential Low/Medium,R-6,0.0,7.3,0.0
Oakley,,035465015,Residential Low/Medium,R-6,0.0,7.3,0.0
Oakley,,035334010,Residential Low/Medium,R-6,0.0,7.3,0.0
Oakley,,035334009,Residential Low/Medium,R-6,0.0,7.3,0.0
Oakley,,035334002,Residential Low/Medium,R-6,0.0,7.3,0.0
Oakley,,035334003,Residential Low/Medium,R-6,0.0,7.3,0.0
Oakley,,035334004,Residential Low/Medium,R-6,0.0,7.3,0.0
Oakley,,035334005,Residential Low/Medium,R-6,0.0,7.3,0.0
Oakley,,035334007,Residential Low/Medium,R-6,0.0,7.3,0.0
Oakley,,035334006,Residential Low/Medium,R-6,0.0,7.3,0.0
Oakley,,035333017,Residential Low/Medium,R-6,0.0,7.3,0.0
Oakley,,035333015,Residential Low/Medium,R-6,0.0,7.3,0.0
Oakley,,035333016,Residential Low/Medium,R-6,0.0,7.3,0.0
Oakley,,035333005,Residential Low/Medium,R-6,0.0,7.3,0.0
Oakley,,035333004,Residential Low/Medium,R-6,0.0,7.3,0.0
Oakley,,035332038,Residential Low/Medium,R-6,0.0,7.3,0.0
Oakley,,035332037,Residential Low/Medium,R-6,0.0,7.3,0.0
Oakley,,035333007,Residential Low/Medium,R-6,0.0,7.3,0.0
Oakley,,035333006,Residential Low/Medium,R-6,0.0,7.3,0.0
Oakley,,035333014,Residential Low/Medium,R-6,0.0,7.3,0.0
Oakley,,035333013,Residential Low/Medium,R-6,0.0,7.3,0.0
Oakley,,035333009,Residential Low/Medium,R-6,0.0,7.3,0.0
Oakley,,035333008,Residential Low/Medium,R-6,0.0,7.3,0.0
Oakley,,035332019,Residential Low/Medium,R-6,0.0,7.3,0.0
Oakley,,035333010,Residential Low/Medium,R-6,0.0,7.3,0.0
Oakley,,035333011,Residential Low/Medium,R-6,0.0,7.3,0.0
Oakley,,035333012,Residential Low/Medium,R-6,0.0,7.3,0.0
Oakley,,035334001,Residential Low/Medium,R-6,0.0,7.3,0.0
Oakley,,035331001,Residential Low/Medium,R-6,0.0,7.3,0.0
Oakley,,035331002,Residential Low/Medium,R-6,0.0,7.3,0.0
Oakley,,041190030,Residential Low/Medium,P-1,0.0,24.0,0.0
Oakley,,035331003,Residential Low/Medium,R-6,0.0,7.3,0.0
Oakley,,035331004,Residential Low/Medium,R-6,0.0,7.3,0.0
Oakley,,035331006,Residential Low/Medium,R-6,0.0,7.3,0.0
Oakley,,035332054,Residential Low/Medium,R-6,0.0,7.3,0.0
Oakley,,041250004,Residential Low/Medium,P-1,0.0,24.0,0.0
Oakley,,041190028,Residential Low/Medium,P-1,0.0,24.0,0.0
Oakley,,041190029,Residential Low/Medium,P-1,0.0,24.0,0.0
Oakley,,041190017,Residential Low/Medium,P-1,0.0,24.0,0.0
Oakley,,041250002,Residential Low/Medium,P-1,0.0,24.0,0.0
Oakley,,041250001,Residential Low/Medium,P-1,0.0,24.0,0.0
Oakley,,041190011,Residential Low/Medium,P-1,0.0,24.0,0.0
Oakley,,041190012,Residential Low/Medium,P-1,0.0,24.0,0.0
Oakley,,041190016,Residential Low/Medium,P-1,0.0,24.0,0.0
Oakley,,041190013,Residential Low/Medium,P-1,0.0,24.0,0.0
Oakley,,041190015,Residential Low/Medium,P-1,0.0,24.0,0.0
Oakley,,041190014,Residential Low/Medium,P-1,0.0,24.0,0.0
Oakley,,041190031,Residential Low/Medium,P-1,0.0,24.0,0.0
Oakley,,041190032,Residential Low/Medium,P-1,0.0,24.0,0.0
Oakley,,041190033,Residential Low/Medium,P-1,0.0,24.0,0.0
Oakley,,041190024,Residential Low/Medium,P-1,0.0,24.0,0.0
Oakley,,041190025,Residential Low/Medium,P-1,0.0,24.0,0.0
Oakley,,041190026,Residential Low/Medium,P-1,0.0,24.0,0.0
Oakley,,035011025,Commercial,C,0.0,0.0,0.0
Oakley,,035011029,Commercial,C,0.0,0.0,0.0
Oakley,,035011024,Commercial,C,0.0,0.0,3.51
Oakley,,035011026,Commercial,C,0.0,0.0,0.0
Oakley,,041110027,Commercial,C,0.0,0.0,6.52
Oakley,,037126004,Commercial,C,0.0,0.0,0.432
Oakley,,037121038,Residential Low/Medium,P-1,0.0,24.0,0.0
Oakley,,037126008,Commercial,C,0.0,0.0,0.964
Oakley,,037121036,Residential Low/Medium,P-1,0.0,24.0,0.0
Oakley,,037121043,Residential Low/Medium,P-1,0.0,24.0,0.213
Oakley,,037121026,Residential Low/Medium,P-1,0.0,24.0,0.0
Oakley,,037121034,Residential Low/Medium,P-1,0.0,24.0,0.0
Oakley,,037121035,Residential Low/Medium,P-1,0.0,24.0,0.0
Oakley,,037121037,Residential Low/Medium,P-1,0.0,24.0,0.0
Oakley,,037121032,Residential Low/Medium,P-1,0.0,24.0,0.0
Oakley,,037121033,Residential Low/Medium,P-1,0.0,24.0,0.0
Oakley,,037121031,Residential Low/Medium,P-1,0.0,24.0,0.0
Oakley,,037124001,Residential Low/Medium,P-1,0.0,24.0,0.0
Oakley,,037123046,Residential Low/Medium,P-1,0.0,24.0,0.0
Oakley,,037123048,Residential Low/Medium,P-1,0.0,24.0,0.0
Oakley,,037123031,Residential Low/Medium,P-1,0.0,24.0,0.0
Oakley,,035011028,Commercial,C,0.0,0.0,0.0
Oakley,,035011023,Commercial,C,0.0,0.0,2.65
Oakley,,035011027,Commercial,C,0.0,0.0,0.0
Oakley,,035011022,Commercial,C,0.0,0.0,0.0
Oakley,,037123062,Residential Low/Medium,R-6,0.0,7.3,0.194
Oakley,,037123025,Residential Low/Medium,P-1,0.0,24.0,0.0
Oakley,,037123026,Residential Low/Medium,P-1,0.0,24.0,0.0
Oakley,,037123027,Residential Low/Medium,P-1,0.0,24.0,0.0
Oakley,,037123038,Residential Low/Medium,P-1,0.0,24.0,0.0
Oakley,,037123040,Residential Low/Medium,P-1,0.0,24.0,0.0
Oakley,,037123028,Residential Low/Medium,P-1,0.0,24.0,0.0
Oakley,,037123029,Residential Low/Medium,P-1,0.0,24.0,0.0
Oakley,,037123030,Residential Low/Medium,P-1,0.0,24.0,0.0
Oakley,,037123032,Residential Low/Medium,P-1,0.0,24.0,0.0
Oakley,,037123033,Residential Low/Medium,P-1,0.0,24.0,0.0
Oakley,,037123034,Residential Low/Medium,P-1,0.0,24.0,0.0
Oakley,,037123035,Residential Low/Medium,P-1,0.0,24.0,0.0
Oakley,,037123036,Residential Low/Medium,P-1,0.0,24.0,0.0
Oakley,,037123037,Residential Low/Medium,P-1,0.0,24.0,0.0
Oakley,,037123041,Residential Low/Medium,P-1,0.0,24.0,0.0
Oakley,,037123042,Residential Low/Medium,P-1,0.0,24.0,0.0
Oakley,,037123043,Residential Low/Medium,P-1,0.0,24.0,0.0
Oakley,,037123044,Residential Low/Medium,P-1,0.0,24.0,0.0
Oakley,,037123045,Residential Low/Medium,P-1,0.0,24.0,0.0
Oakley,,037124002,Residential Low/Medium,P-1,0.0,24.0,0.0
Oakley,,037124003,Residential Low/Medium,P-1,0.0,24.0,0.0
Oakley,,037124004,Residential Low/Medium,P-1,0.0,24.0,0.0
Oakley,,037124005,Residential Low/Medium,P-1,0.0,24.0,0.0
Oakley,,037124006,Residential Low/Medium,P-1,0.0,24.0,0.0
Oakley,,037124007,Residential Low/Medium,P-1,0.0,24.0,0.0
Oakley,,037123039,Residential Low/Medium,P-1,0.0,24.0,0.0
Oakley,,037124008,Residential Low/Medium,P-1,0.0,24.0,0.0
Oakley,,037123017,Residential Low/Medium,P-1,0.0,24.0,0.0
Oakley,,037123016,Residential Low/Medium,P-1,0.0,24.0,0.0
Oakley,,037123055,Residential Low/Medium,R-6,0.0,7.3,0.0
Oakley,,037123018,Residential Low/Medium,P-1,0.0,24.0,0.0
Oakley,,037123019,Residential Low/Medium,P-1,0.0,24.0,0.0
Oakley,,037123021,Residential Low/Medium,P-1,0.0,24.0,0.0
Oakley,,037123020,Residential Low/Medium,P-1,0.0,24.0,0.0
Oakley,,037123022,Residential Low/Medium,P-1,0.0,24.0,0.0
Oakley,,037123023,Residential Low/Medium,P-1,0.0,24.0,0.0
Oakley,,037123024,Residential Low/Medium,P-1,0.0,24.0,0.0
Oakley,,037123061,Residential Low/Medium,R-6,0.0,7.3,0.189
Oakley,,037123058,Residential Low/Medium,R-6,0.0,7.3,0.0
Oakley,,037123057,Residential Low/Medium,R-6,0.0,7.3,0.0
Oakley,,037123051,Residential Low/Medium,R-6,0.0,7.3,0.0
Oakley,,037123056,Residential Low/Medium,R-6,0.0,7.3,0.0
Oakley,,037123053,Residential Low/Medium,R-6,0.0,7.3,0.0
Oakley,,037123052,Residential Low/Medium,R-6,0.0,7.3,0.0
Oakley,,037211011,Residential Low/Medium,P-1,0.0,24.0,0.0
Oakley,,037211010,Residential Low/Medium,P-1,0.0,24.0,0.0
Oakley,,037211009,Residential Low/Medium,P-1,0.0,24.0,0.0
Oakley,,037211008,Residential Low/Medium,P-1,0.0,24.0,0.0
Oakley,,037211022,Residential Low/Medium,P-1,0.0,24.0,0.0
Oakley,,037211021,Residential Low/Medium,P-1,0.0,24.0,0.0
Oakley,,037211020,Residential Low/Medium,P-1,0.0,24.0,0.0
Oakley,,037211018,Residential Low/Medium,P-1,0.0,24.0,0.0
Oakley,,037211019,Residential Low/Medium,P-1,0.0,24.0,0.0
Oakley,,037211017,Residential Low/Medium,P-1,0.0,24.0,0.0
Oakley,,037211015,Residential Low/Medium,P-1,0.0,24.0,0.0
Oakley,,037211013,Residential Low/Medium,P-1,0.0,24.0,0.0
Oakley,,037211012,Residential Low/Medium,P-1,0.0,24.0,0.0
Oakley,,037123050,Residential Low/Medium,R-6,0.0,7.3,0.0
Oakley,,037211014,Residential Low/Medium,P-1,0.0,24.0,0.0
Oakley,,037123063,Residential Low/Medium,R-6,0.0,7.3,0.181
Oakley,,035011030,Commercial,C,0.0,0.0,5.85
Oakley,,035012014,Residential Medium,R-6,0.0,7.3,0.92
Oakley,,037211016,Residential Low/Medium,P-1,0.0,24.0,0.0
Oakley,,035321005,Residential Low/Medium,R-6,0.0,7.3,0.0
Oakley,,035321004,Residential Low/Medium,R-6,0.0,7.3,0.0
Oakley,,035321003,Residential Low/Medium,R-6,0.0,7.3,0.0
Oakley,,035322002,Residential Low/Medium,R-6,0.0,7.3,0.0
Oakley,,035321006,Residential Low/Medium,R-6,0.0,7.3,0.0
Oakley,,035321007,Residential Low/Medium,R-6,0.0,7.3,0.0
Oakley,,035322001,Residential Low/Medium,R-6,0.0,7.3,0.0
Oakley,,035011021,Residential Medium,P-1,0.0,24.0,8.22
Oakley,,035465011,Residential Low/Medium,R-6,0.0,7.3,0.0
Oakley,,035322020,Residential Low/Medium,R-6,0.0,7.3,0.177
Oakley,,035011018,Parks and Recreation,PR,0.0,0.0,2.2
Oakley,,035322022,Residential Low/Medium,R-6,0.0,7.3,0.244
Oakley,,035322004,Residential Low/Medium,R-6,0.0,7.3,0.0
Oakley,,035322003,Residential Low/Medium,R-6,0.0,7.3,0.0
Oakley,,035323010,Residential Low/Medium,R-6,0.0,7.3,0.0
Oakley,,035323009,Residential Low/Medium,R-6,0.0,7.3,0.0
Oakley,,035322021,Residential Low/Medium,R-6,0.0,7.3,0.201
Oakley,,035323008,Residential Low/Medium,R-6,0.0,7.3,0.0
Oakley,,035323013,Residential Low/Medium,R-6,0.0,7.3,0.0
Oakley,,035323007,Residential Low/Medium,R-6,0.0,7.3,0.0
Oakley,,035323006,Residential Low/Medium,R-6,0.0,7.3,0.0
Oakley,,035323005,Residential Low/Medium,R-6,0.0,7.3,0.0
Oakley,,035322009,Residential Low/Medium,R-6,0.0,7.3,0.0
Oakley,,035322019,Residential Low/Medium,R-6,0.0,7.3,0.138
Oakley,,035322010,Residential Low/Medium,R-6,0.0,7.3,0.0
Oakley,,035322011,Residential Low/Medium,R-6,0.0,7.3,0.0
Oakley,,035465009,Residential Low/Medium,R-6,0.0,7.3,0.0
Oakley,,035465010,Residential Low/Medium,R-6,0.0,7.3,0.0
Oakley,,035465008,Residential Low/Medium,R-6,0.0,7.3,0.0
Oakley,,035322012,Residential Low/Medium,R-6,0.0,7.3,0.0
Oakley,,035322013,Residential Low/Medium,R-6,0.0,7.3,0.0
Oakley,,035322014,Residential Low/Medium,R-6,0.0,7.3,0.0
Oakley,,035322015,Residential Low/Medium,R-6,0.0,7.3,0.0
Oakley,,035323003,Residential Low/Medium,R-6,0.0,7.3,0.0
Oakley,,035323004,Residential Low/Medium,R-6,0.0,7.3,0.0
Oakley,,035323002,Residential Low/Medium,R-6,0.0,7.3,0.0
Oakley,,035323036,Residential Low/Medium,R-6,0.0,7.3,0.0
Oakley,,035323001,Residential Low/Medium,R-6,0.0,7.3,0.0
Oakley,,035324001,Residential Low/Medium,R-6,0.0,7.3,0.0
Oakley,,035324002,Residential Low/Medium,R-6,0.0,7.3,0.0
Oakley,,035324003,Residential Low/Medium,R-6,0.0,7.3,0.0
Oakley,,035536019,Residential Low/Medium,R-6,0.0,7.3,0.0
Oakley,,035536018,Residential Low/Medium,R-6,0.0,7.3,0.0
Oakley,,035536017,Residential Low/Medium,R-6,0.0,7.3,0.0
Oakley,,035536016,Residential Low/Medium,R-6,0.0,7.3,0.0
Oakley,,035324004,Residential Low/Medium,R-6,0.0,7.3,0.0
Oakley,,035324005,Residential Low/Medium,R-6,0.0,7.3,0.0
Oakley,,035324006,Residential Low/Medium,R-6,0.0,7.3,0.0
Oakley,,035323033,Residential Low/Medium,R-6,0.0,7.3,0.0
Oakley,,035323035,Residential Low/Medium,R-6,0.0,7.3,0.0
Oakley,,035323034,Residential Low/Medium,R-6,0.0,7.3,0.0
Oakley,,035323017,Residential Low/Medium,R-6,0.0,7.3,0.0
Oakley,,035323018,Residential Low/Medium,R-6,0.0,7.3,0.0
Oakley,,035323020,Residential Low/Medium,R-6,0.0,7.3,0.0
Oakley,,035323019,Residential Low/Medium,R-6,0.0,7.3,0.0
Oakley,,035323032,Residential Low/Medium,R-6,0.0,7.3,0.0
Oakley,,035323031,Residential Low/Medium,R-6,0.0,7.3,0.0
Oakley,,035323030,Residential Low/Medium,R-6,0.0,7.3,0.0
Oakley,,035323029,Residential Low/Medium,R-6,0.0,7.3,0.0
Oakley,,035323028,Residential Low/Medium,R-6,0.0,7.3,0.0
Oakley,,035325004,Residential Low/Medium,R-6,0.0,7.3,0.0
Oakley,,035323027,Residential Low/Medium,R-6,0.0,7.3,0.0
Oakley,,035323026,Residential Low/Medium,R-6,0.0,7.3,0.0
Oakley,,035323025,Residential Low/Medium,R-6,0.0,7.3,0.0
Oakley,,035323022,Residential Low/Medium,R-6,0.0,7.3,0.0
Oakley,,035323021,Residential Low/Medium,R-6,0.0,7.3,0.0
Oakley,,035323016,Residential Low/Medium,R-6,0.0,7.3,0.0
Oakley,,035323015,Residential Low/Medium,R-6,0.0,7.3,0.0
Oakley,,035323014,Residential Low/Medium,R-6,0.0,7.3,0.0
Oakley,,035323023,Residential Low/Medium,R-6,0.0,7.3,0.0
Oakley,,035323024,Residential Low/Medium,R-6,0.0,7.3,0.0
Oakley,,035323012,Residential Low/Medium,R-6,0.0,7.3,0.0
Oakley,,035323011,Residential Low/Medium,R-6,0.0,7.3,0.0
Oakley,,035325028,Residential Low/Medium,R-6,0.0,7.3,0.0
Oakley,,035325027,Residential Low/Medium,R-6,0.0,7.3,0.0
Oakley,,035325022,Residential Low/Medium,R-6,0.0,7.3,0.0
Oakley,,035325023,Residential Low/Medium,R-6,0.0,7.3,0.0
Oakley,,035325021,Residential Low/Medium,R-6,0.0,7.3,0.0
Oakley,,035325020,Residential Low/Medium,R-6,0.0,7.3,0.0
Oakley,,035325019,Residential Low/Medium,R-6,0.0,7.3,0.0
Oakley,,035325012,Residential Low/Medium,R-6,0.0,7.3,0.0
Oakley,,035325011,Residential Low/Medium,R-6,0.0,7.3,0.0
Oakley,,035325010,Residential Low/Medium,R-6,0.0,7.3,0.0
Oakley,,035325009,Residential Low/Medium,R-6,0.0,7.3,0.0
Oakley,,035325008,Residential Low/Medium,R-6,0.0,7.3,0.0
Oakley,,035325007,Residential Low/Medium,R-6,0.0,7.3,0.0
Oakley,,035325006,Residential Low/Medium,R-6,0.0,7.3,0.0
Oakley,,035325005,Residential Low/Medium,R-6,0.0,7.3,0.0
Oakley,,035453005,Residential Low/Medium,R-6,0.0,7.3,0.0
Oakley,,035453006,Residential Low/Medium,R-6,0.0,7.3,0.0
Oakley,,035453007,Residential Low/Medium,R-6,0.0,7.3,0.0
Oakley,,035451015,Residential Low/Medium,R-6,0.0,7.3,0.0
Oakley,,035453008,Residential Low/Medium,R-6,0.0,7.3,0.0
Oakley,,035453009,Residential Low/Medium,R-6,0.0,7.3,0.0
Oakley,,035453010,Residential Low/Medium,R-6,0.0,7.3,0.0
Oakley,,035453011,Residential Low/Medium,R-6,0.0,7.3,0.0
Oakley,,035453026,Residential Low/Medium,R-6,0.0,7.3,0.0
Oakley,,035451012,Residential Low/Medium,R-6,0.0,7.3,0.0
Oakley,,035451013,Residential Low/Medium,R-6,0.0,7.3,0.0
Oakley,,035451014,Residential Low/Medium,R-6,0.0,7.3,0.0
Oakley,,035451010,Residential Low/Medium,R-6,0.0,7.3,0.0
Oakley,,035451011,Residential Low/Medium,R-6,0.0,7.3,0.0
Oakley,,035453027,Residential Low/Medium,R-6,0.0,7.3,0.0
Oakley,,035453028,Residential Low/Medium,R-6,0.0,7.3,0.0
Oakley,,035453023,Residential Low/Medium,R-6,0.0,7.3,0.0
Oakley,,035453025,Residential Low/Medium,R-6,0.0,7.3,0.0
Oakley,,035453012,Residential Low/Medium,R-6,0.0,7.3,0.0
Oakley,,035453013,Residential Low/Medium,R-6,0.0,7.3,0.0
Oakley,,035453014,Residential Low/Medium,R-6,0.0,7.3,0.0
Oakley,,035453015,Residential Low/Medium,R-6,0.0,7.3,0.0
Oakley,,035453024,Residential Low/Medium,R-6,0.0,7.3,0.0
Oakley,,035453017,Residential Low/Medium,R-6,0.0,7.3,0.0
Oakley,,035453016,Residential Low/Medium,R-6,0.0,7.3,0.0
Oakley,,035012012,Commercial,C,0.0,0.0,0.784
Oakley,,035325015,Residential Low/Medium,R-6,0.0,7.3,0.0
Oakley,,035325014,Residential Low/Medium,R-6,0.0,7.3,0.0
Oakley,,035325013,Residential Low/Medium,R-6,0.0,7.3,0.0
Oakley,,035325018,Residential Low/Medium,R-6,0.0,7.3,0.0
Oakley,,035325017,Residential Low/Medium,R-6,0.0,7.3,0.0
Oakley,,035325016,Residential Low/Medium,R-6,0.0,7.3,0.0
Oakley,,035325024,Residential Low/Medium,R-6,0.0,7.3,0.0
Oakley,,035325025,Residential Low/Medium,R-6,0.0,7.3,0.0
Oakley,,035325026,Residential Low/Medium,R-6,0.0,7.3,0.0
Oakley,,035321002,Residential Low/Medium,R-6,0.0,7.3,0.0
Oakley,,035321001,Residential Low/Medium,R-6,0.0,7.3,0.0
Oakley,,035440012,Residential Medium,R-6,0.0,7.3,0.0
Oakley,,035440010,Residential Medium,R-6,0.0,7.3,0.0
Oakley,,035440011,Residential Medium,R-6,0.0,7.3,0.0
Oakley,,035440007,Residential Medium,R-6,0.0,7.3,0.0
Oakley,,035440008,Residential Medium,R-6,0.0,7.3,0.0
Oakley,,035440009,Residential Medium,R-6,0.0,7.3,0.0
Oakley,,035012013,Commercial,C,0.0,0.0,0.0
Oakley,,037211029,Residential Low/Medium,P-1,0.0,24.0,0.0
Oakley,,035440004,Residential Medium,R-6,0.0,7.3,0.0
Oakley,,035440006,Residential Medium,R-6,0.0,7.3,0.0
Oakley,,035440005,Residential Medium,R-6,0.0,7.3,0.0
Oakley,,035440001,Residential Medium,R-6,0.0,7.3,0.0
Oakley,,035440003,Residential Medium,R-6,0.0,7.3,0.0
Oakley,,035440002,Residential Medium,R-6,0.0,7.3,0.0
Oakley,,035440013,Residential Medium,R-6,0.0,7.3,0.0
Oakley,,037450047,Residential Low/Medium,P-1,0.0,24.0,0.0
Oakley,,037212008,Residential Low/Medium,P-1,0.0,24.0,0.0
Oakley,,037212009,Residential Low/Medium,P-1,0.0,24.0,0.0
Oakley,,037212010,Residential Low/Medium,P-1,0.0,24.0,0.0
Oakley,,037212006,Residential Low/Medium,P-1,0.0,24.0,0.0
Oakley,,037212007,Residential Low/Medium,P-1,0.0,24.0,0.0
Oakley,,037211028,Residential Low/Medium,P-1,0.0,24.0,0.0
Oakley,,037211027,Residential Low/Medium,P-1,0.0,24.0,0.0
Oakley,,037211026,Residential Low/Medium,P-1,0.0,24.0,0.0
Oakley,,037212004,Residential Low/Medium,P-1,0.0,24.0,0.0
Oakley,,037212005,Residential Low/Medium,P-1,0.0,24.0,0.0
Oakley,,037212002,Residential Low/Medium,P-1,0.0,24.0,0.0
Oakley,,037212003,Residential Low/Medium,P-1,0.0,24.0,0.0
Oakley,,037211025,Residential Low/Medium,P-1,0.0,24.0,0.0
Oakley,,037211024,Residential Low/Medium,P-1,0.0,24.0,0.0
Oakley,,037211023,Residential Low/Medium,P-1,0.0,24.0,0.0
Oakley,,037212001,Residential Low/Medium,P-1,0.0,24.0,0.0
Oakley,,037212013,Residential Low/Medium,P-1,0.0,24.0,0.0
Oakley,,037212014,Residential Low/Medium,P-1,0.0,24.0,0.0
Oakley,,037450041,Residential Low/Medium,P-1,0.0,24.0,0.0
Oakley,,037450042,Residential Low/Medium,P-1,0.0,24.0,0.0
Oakley,,037450043,Residential Low/Medium,P-1,0.0,24.0,0.0
Oakley,,037212012,Residential Low/Medium,P-1,0.0,24.0,0.0
Oakley,,037212011,Residential Low/Medium,P-1,0.0,24.0,0.0
Oakley,,037450044,Residential Low/Medium,P-1,0.0,24.0,0.0
Oakley,,037450045,Residential Low/Medium,P-1,0.0,24.0,0.0
Oakley,,037450046,Residential Low/Medium,P-1,0.0,24.0,0.0
Oakley,,037450035,Residential Low/Medium,P-1,0.0,24.0,0.0
Oakley,,037450036,Residential Low/Medium,P-1,0.0,24.0,0.0
Oakley,,037450037,Residential Low/Medium,P-1,0.0,24.0,0.0
Oakley,,037450029,Residential Low/Medium,P-1,0.0,24.0,0.0
Oakley,,037450028,Residential Low/Medium,P-1,0.0,24.0,0.0
Oakley,,037450038,Residential Low/Medium,P-1,0.0,24.0,0.0
Oakley,,037450039,Residential Low/Medium,P-1,0.0,24.0,0.0
Oakley,,037450040,Residential Low/Medium,P-1,0.0,24.0,0.0
Oakley,,037450026,Residential Low/Medium,P-1,0.0,24.0,0.0
Oakley,,037450027,Residential Low/Medium,P-1,0.0,24.0,0.0
Oakley,,037450024,Residential Low/Medium,P-1,0.0,24.0,0.0
Oakley,,037450025,Residential Low/Medium,P-1,0.0,24.0,0.0
Oakley,,037450013,Residential Low/Medium,P-1,0.0,24.0,0.0
Oakley,,037450012,Residential Low/Medium,P-1,0.0,24.0,0.0
Oakley,,037450014,Residential Low/Medium,P-1,0.0,24.0,0.0
Oakley,,037450015,Residential Low/Medium,P-1,0.0,24.0,0.0
Oakley,,037450023,Residential Low/Medium,P-1,0.0,24.0,0.0
Oakley,,037450022,Residential Low/Medium,P-1,0.0,24.0,0.0
Oakley,,037450016,Residential Low/Medium,P-1,0.0,24.0,0.0
Oakley,,037450017,Residential Low/Medium,P-1,0.0,24.0,0.0
Oakley,,037450019,Residential Low/Medium,P-1,0.0,24.0,0.0
Oakley,,037450018,Residential Low/Medium,P-1,0.0,24.0,0.0
Oakley,,037450048,Residential Low/Medium,P-1,0.0,24.0,0.0
Oakley,,037450020,Residential Low/Medium,P-1,0.0,24.0,0.0
Oakley,,037450021,Residential Low/Medium,P-1,0.0,24.0,0.0
Oakley,,037450030,Residential Low/Medium,P-1,0.0,24.0,0.0
Oakley,,037450031,Residential Low/Medium,P-1,0.0,24.0,0.0
Oakley,,037450032,Residential Low/Medium,P-1,0.0,24.0,0.0
Oakley,,037450034,Residential Low/Medium,P-1,0.0,24.0,0.0
Oakley,,037450033,Residential Low/Medium,P-1,0.0,24.0,0.0
Oakley,,035453018,Residential Low/Medium,R-6,0.0,7.3,0.0
Oakley,,035453019,Residential Low/Medium,R-6,0.0,7.3,0.0
Oakley,,037450049,Residential Low/Medium,P-1,0.0,24.0,0.351
Oakley,,035012007,Residential Medium,P-1,0.0,24.0,0.5
Oakley,,035453020,Residential Low/Medium,R-6,0.0,7.3,0.0
Oakley,,035453021,Residential Low/Medium,R-6,0.0,7.3,0.0
Oakley,,035453022,Residential Low/Medium,R-6,0.0,7.3,0.0
Oakley,,035453029,Residential Low/Medium,R-6,0.0,7.3,0.0
Oakley,,035453030,Residential Low/Medium,R-6,0.0,7.3,0.0
Oakley,,035423001,Residential Low/Medium,R-6,0.0,7.3,0.0
Oakley,,035423002,Residential Low/Medium,R-6,0.0,7.3,0.0
Oakley,,035423013,Residential Medium,P-1,0.0,24.0,1.328
Oakley,,037440057,Residential Low/Medium,P-1,0.0,24.0,0.0
Oakley,,035423012,Residential Medium,P-1,0.0,24.0,0.406
Oakley,,037440018,Residential Low/Medium,P-1,0.0,24.0,0.0
Oakley,,037440019,Residential Low/Medium,P-1,0.0,24.0,0.0
Oakley,,037440053,Residential Low/Medium,P-1,0.0,24.0,0.0
Oakley,,037440054,Residential Low/Medium,P-1,0.0,24.0,0.0
Oakley,,037440055,Residential Low/Medium,P-1,0.0,24.0,0.0
Oakley,,037440056,Residential Low/Medium,P-1,0.0,24.0,0.0
Oakley,,037440058,Residential Low/Medium,P-1,0.0,24.0,0.0
Oakley,,037440059,Residential Low/Medium,P-1,0.0,24.0,0.0
Oakley,,037440060,Residential Low/Medium,P-1,0.0,24.0,0.0
Oakley,,037440061,Residential Low/Medium,P-1,0.0,24.0,0.0
Oakley,,037440062,Residential Low/Medium,P-1,0.0,24.0,0.0
Oakley,,037440063,Residential Low/Medium,P-1,0.0,24.0,0.0
Oakley,,037440064,Residential Low/Medium,P-1,0.0,24.0,0.0
Oakley,,037440065,Residential Low/Medium,P-1,0.0,24.0,0.0
Oakley,,037440049,Residential Low/Medium,P-1,0.0,24.0,0.0
Oakley,,037440050,Residential Low/Medium,P-1,0.0,24.0,0.0
Oakley,,037440051,Residential Low/Medium,P-1,0.0,24.0,0.0
Oakley,,037440052,Residential Low/Medium,P-1,0.0,24.0,0.0
Oakley,,037440023,Residential Low/Medium,P-1,0.0,24.0,0.0
Oakley,,037440025,Residential Low/Medium,P-1,0.0,24.0,0.0
Oakley,,037440024,Residential Low/Medium,P-1,0.0,24.0,0.0
Oakley,,037440022,Residential Low/Medium,P-1,0.0,24.0,0.0
Oakley,,037440021,Residential Low/Medium,P-1,0.0,24.0,0.0
Oakley,,037440020,Residential Low/Medium,P-1,0.0,24.0,0.0
Oakley,,037440017,Residential Low/Medium,P-1,0.0,24.0,0.0
Oakley,,037440016,Residential Low/Medium,P-1,0.0,24.0,0.0
Oakley,,037440015,Residential Low/Medium,P-1,0.0,24.0,0.0
Oakley,,037440014,Residential Low/Medium,P-1,0.0,24.0,0.0
Oakley,,037440013,Residential Low/Medium,P-1,0.0,24.0,0.0
Oakley,,037440012,Residential Low/Medium,P-1,0.0,24.0,0.0
Oakley,,037440011,Residential Low/Medium,P-1,0.0,24.0,0.0
Oakley,,037150026,Commercial Downtown,SP-4,0.0,24.0,0.91
Oakley,,037150030,Commercial Downtown,SP-4,0.0,24.0,0.321
Oakley,,035424012,Commercial Downtown,R-6,0.0,7.3,0.0
Oakley,,035424015,Residential Medium,SP-4,0.0,24.0,0.41
Oakley,,035090056,Residential Medium,SP-4,0.0,24.0,0.59
Oakley,,035424014,Residential High,SP-4,0.0,24.0,0.0
Oakley,,035424011,Residential Low/Medium,R-6,0.0,7.3,0.0
Oakley,,035424010,Residential Low/Medium,R-6,0.0,7.3,0.0
Oakley,,035424008,Residential Low/Medium,R-6,0.0,7.3,0.0
Oakley,,035424006,Residential Low/Medium,R-6,0.0,7.3,0.0
Oakley,,035424005,Residential Low/Medium,R-6,0.0,7.3,0.0
Oakley,,035424004,Residential Low/Medium,R-6,0.0,7.3,0.0
Oakley,,035424003,Residential Low/Medium,R-6,0.0,7.3,0.0
Oakley,,035424016,Commercial Downtown,SP-4,0.0,24.0,0.363
Oakley,,035424001,Residential Medium,SP-4,0.0,24.0,0.0
Oakley,,035424002,Residential Medium,R-6,0.0,7.3,0.0
Oakley,,035423005,Residential Low/Medium,R-6,0.0,7.3,0.0
Oakley,,035423006,Residential Low/Medium,R-6,0.0,7.3,0.0
Oakley,,035423003,Residential Low/Medium,R-6,0.0,7.3,0.0
Oakley,,035423004,Residential Low/Medium,R-6,0.0,7.3,0.0
Oakley,,035422035,Residential Low/Medium,R-6,0.0,7.3,0.0
Oakley,,035422034,Residential Low/Medium,R-6,0.0,7.3,0.0
Oakley,,035422033,Residential Low/Medium,R-6,0.0,7.3,0.0
Oakley,,035422028,Residential Low/Medium,R-6,0.0,7.3,0.0
Oakley,,035422029,Residential Low/Medium,R-6,0.0,7.3,0.0
Oakley,,035422030,Residential Low/Medium,R-6,0.0,7.3,0.0
Oakley,,035422032,Residential Low/Medium,R-6,0.0,7.3,0.0
Oakley,,035422031,Residential Low/Medium,R-6,0.0,7.3,0.0
Oakley,,035425008,Residential Low/Medium,R-6,0.0,7.3,0.0
Oakley,,035425009,Residential Low/Medium,R-6,0.0,7.3,0.0
Oakley,,035425020,Residential Low/Medium,R-6,0.0,7.3,0.0
Oakley,,035425021,Residential Low/Medium,R-6,0.0,7.3,0.0
Oakley,,035425022,Residential Low/Medium,R-6,0.0,7.3,0.0
Oakley,,035425019,Residential Low/Medium,R-6,0.0,7.3,0.0
Oakley,,035425018,Residential Low/Medium,R-6,0.0,7.3,0.0
Oakley,,035425017,Residential Low/Medium,R-6,0.0,7.3,0.0
Oakley,,035425012,Residential Low/Medium,R-6,0.0,7.3,0.0
Oakley,,035425011,Residential Low/Medium,R-6,0.0,7.3,0.0
Oakley,,035425010,Residential Low/Medium,R-6,0.0,7.3,0.0
Oakley,,035425007,Residential Low/Medium,R-6,0.0,7.3,0.0
Oakley,,035425006,Residential Low/Medium,R-6,0.0,7.3,0.0
Oakley,,035425005,Residential Low/Medium,R-6,0.0,7.3,0.0
Oakley,,035425004,Residential Low/Medium,R-6,0.0,7.3,0.0
Oakley,,035425013,Residential Low/Medium,R-6,0.0,7.3,0.0
Oakley,,035425039,Residential Low/Medium,R-6,0.0,7.3,0.0
Oakley,,035425003,Residential Low/Medium,R-6,0.0,7.3,0.0
Oakley,,035425002,Residential Low/Medium,R-6,0.0,7.3,0.0
Oakley,,035425001,Residential Low/Medium,R-6,0.0,7.3,0.0
Oakley,,035425040,Residential Low/Medium,R-6,0.0,7.3,0.0
Oakley,,035425014,Residential Low/Medium,R-6,0.0,7.3,0.0
Oakley,,035425015,Residential Low/Medium,R-6,0.0,7.3,0.0
Oakley,,035425042,Residential Low/Medium,R-6,0.0,7.3,0.0
Oakley,,035425041,Residential Low/Medium,R-6,0.0,7.3,0.0
Oakley,,035090020,Residential Low/Medium,R-6,0.0,7.3,1.24
Oakley,,035425044,Residential Low/Medium,R-6,0.0,7.3,0.0
Oakley,,035425043,Residential Low/Medium,R-6,0.0,7.3,0.0
Oakley,,035425026,Residential Low/Medium,R-6,0.0,7.3,0.0
Oakley,,035425016,Residential Low/Medium,R-6,0.0,7.3,0.0
Oakley,,035425025,Residential Low/Medium,R-6,0.0,7.3,0.0
Oakley,,035425024,Residential Low/Medium,R-6,0.0,7.3,0.0
Oakley,,035425023,Residential Low/Medium,R-6,0.0,7.3,0.0
Oakley,,035425030,Residential Low/Medium,R-6,0.0,7.3,0.0
Oakley,,035425029,Residential Low/Medium,R-6,0.0,7.3,0.0
Oakley,,035425037,Residential Low/Medium,R-6,0.0,7.3,0.0
Oakley,,035425028,Residential Low/Medium,R-6,0.0,7.3,0.0
Oakley,,035425038,Residential Low/Medium,R-6,0.0,7.3,0.0
Oakley,,035425027,Residential Low/Medium,R-6,0.0,7.3,0.0
Oakley,,035425046,Residential Low/Medium,R-6,0.0,7.3,0.0
Oakley,,035425045,Residential Low/Medium,R-6,0.0,7.3,0.0
Oakley,,035090019,Residential Low/Medium,R-6,0.0,7.3,1.23
Oakley,,035090011,Residential Low/Medium,R-6,0.0,7.3,1.23
Oakley,,035425048,Residential Low/Medium,R-6,0.0,7.3,0.0
Oakley,,035425047,Residential Low/Medium,R-6,0.0,7.3,0.0
Oakley,,035426001,Residential Low/Medium,R-6,0.0,7.3,0.0
Oakley,,035090067,Residential Low/Medium,P-1,0.0,24.0,0.55
Oakley,,035426003,Residential Low/Medium,R-6,0.0,7.3,0.0
Oakley,,035426002,Residential Low/Medium,R-6,0.0,7.3,0.0
Oakley,,035426006,Residential Low/Medium,R-6,0.0,7.3,0.0
Oakley,,035426005,Residential Low/Medium,R-6,0.0,7.3,0.0
Oakley,,035426004,Residential Low/Medium,R-6,0.0,7.3,0.0
Oakley,,035421001,Residential Low/Medium,R-6,0.0,7.3,0.0
Oakley,,035421002,Residential Low/Medium,R-6,0.0,7.3,0.0
Oakley,,035421005,Residential Low/Medium,R-6,0.0,7.3,0.0
Oakley,,035421003,Residential Low/Medium,R-6,0.0,7.3,0.0
Oakley,,035425036,Residential Low/Medium,R-6,0.0,7.3,0.0
Oakley,,035425035,Residential Low/Medium,R-6,0.0,7.3,0.0
Oakley,,035425034,Residential Low/Medium,R-6,0.0,7.3,0.0
Oakley,,035425031,Residential Low/Medium,R-6,0.0,7.3,0.0
Oakley,,035425032,Residential Low/Medium,R-6,0.0,7.3,0.0
Oakley,,035425033,Residential Low/Medium,R-6,0.0,7.3,0.0
Oakley,,035421007,Residential Low/Medium,R-6,0.0,7.3,0.0
Oakley,,035421004,Residential Low/Medium,R-6,0.0,7.3,0.0
Oakley,,035421006,Residential Low/Medium,R-6,0.0,7.3,0.0
Oakley,,035710008,Residential Low/Medium,R-6,0.0,7.3,0.0
Oakley,,035710007,Residential Low/Medium,R-6,0.0,7.3,0.0
Oakley,,035421008,Residential Low/Medium,R-6,0.0,7.3,0.0
Oakley,,035421009,Residential Low/Medium,R-6,0.0,7.3,0.0
Oakley,,035421010,Residential Low/Medium,R-6,0.0,7.3,0.0
Oakley,,035710005,Residential Low/Medium,R-6,0.0,7.3,0.0
Oakley,,035710006,Residential Low/Medium,R-6,0.0,7.3,0.0
Oakley,,035710004,Residential Low/Medium,R-6,0.0,7.3,0.0
Oakley,,035710003,Residential Low/Medium,R-6,0.0,7.3,0.0
Oakley,,035421013,Residential Low/Medium,R-6,0.0,7.3,0.0
Oakley,,035421012,Residential Low/Medium,R-6,0.0,7.3,0.0
Oakley,,035421011,Residential Low/Medium,R-6,0.0,7.3,0.0
Oakley,,035422003,Residential Low/Medium,R-6,0.0,7.3,0.0
Oakley,,035422001,Residential Low/Medium,R-6,0.0,7.3,0.0
Oakley,,035422002,Residential Low/Medium,R-6,0.0,7.3,0.0
Oakley,,035422011,Residential Low/Medium,R-6,0.0,7.3,0.0
Oakley,,035422013,Residential Low/Medium,R-6,0.0,7.3,0.0
Oakley,,035422012,Residential Low/Medium,R-6,0.0,7.3,0.0
Oakley,,035422010,Residential Low/Medium,R-6,0.0,7.3,0.0
Oakley,,035422009,Residential Low/Medium,R-6,0.0,7.3,0.0
Oakley,,035422004,Residential Low/Medium,R-6,0.0,7.3,0.0
Oakley,,035422005,Residential Low/Medium,R-6,0.0,7.3,0.0
Oakley,,035422006,Residential Low/Medium,R-6,0.0,7.3,0.0
Oakley,,035422007,Residential Low/Medium,R-6,0.0,7.3,0.0
Oakley,,035422008,Residential Low/Medium,R-6,0.0,7.3,0.0
Oakley,,035422017,Residential Low/Medium,R-6,0.0,7.3,0.0
Oakley,,035422018,Residential Low/Medium,R-6,0.0,7.3,0.0
Oakley,,035422019,Residential Low/Medium,R-6,0.0,7.3,0.0
Oakley,,035422020,Residential Low/Medium,R-6,0.0,7.3,0.0
Oakley,,035422021,Residential Low/Medium,R-6,0.0,7.3,0.0
Oakley,,035422016,Residential Low/Medium,R-6,0.0,7.3,0.0
Oakley,,035422014,Residential Low/Medium,R-6,0.0,7.3,0.0
Oakley,,035422015,Residential Low/Medium,R-6,0.0,7.3,0.0
Oakley,,035422024,Residential Low/Medium,R-6,0.0,7.3,0.0
Oakley,,035422023,Residential Low/Medium,R-6,0.0,7.3,0.0
Oakley,,035422022,Residential Low/Medium,R-6,0.0,7.3,0.0
Oakley,,035422025,Residential Low/Medium,R-6,0.0,7.3,0.0
Oakley,,035422026,Residential Low/Medium,R-6,0.0,7.3,0.0
Oakley,,035422027,Residential Low/Medium,R-6,0.0,7.3,0.0
Oakley,,035422036,Residential Low/Medium,R-6,0.0,7.3,0.0
Oakley,,035450001,Residential Low/Medium,R-6,0.0,7.3,0.0
Oakley,,035450002,Residential Low/Medium,R-6,0.0,7.3,0.0
Oakley,,035450003,Residential Low/Medium,R-6,0.0,7.3,0.0
Oakley,,035450004,Residential Low/Medium,R-6,0.0,7.3,0.0
Oakley,,035451009,Residential Low/Medium,R-6,0.0,7.3,0.0
Oakley,,035451008,Residential Low/Medium,R-6,0.0,7.3,0.0
Oakley,,035450005,Residential Low/Medium,R-6,0.0,7.3,0.0
Oakley,,035450006,Residential Low/Medium,R-6,0.0,7.3,0.0
Oakley,,035450007,Residential Low/Medium,R-6,0.0,7.3,0.0
Oakley,,035450008,Residential Low/Medium,R-6,0.0,7.3,0.0
Oakley,,035451005,Residential Low/Medium,R-6,0.0,7.3,0.0
Oakley,,035451006,Residential Low/Medium,R-6,0.0,7.3,0.0
Oakley,,035451007,Residential Low/Medium,R-6,0.0,7.3,0.0
Oakley,,035451016,Residential Low/Medium,R-6,0.0,7.3,0.0
Oakley,,035451017,Residential Low/Medium,R-6,0.0,7.3,0.0
Oakley,,035451018,Residential Low/Medium,R-6,0.0,7.3,0.0
Oakley,,035453004,Residential Low/Medium,R-6,0.0,7.3,0.0
Oakley,,035451019,Residential Low/Medium,R-6,0.0,7.3,0.0
Oakley,,035451020,Residential Low/Medium,R-6,0.0,7.3,0.0
Oakley,,035451021,Residential Low/Medium,R-6,0.0,7.3,0.0
Oakley,,035451022,Residential Low/Medium,R-6,0.0,7.3,0.0
Oakley,,035451001,Residential Low/Medium,R-6,0.0,7.3,0.0
Oakley,,035451002,Residential Low/Medium,R-6,0.0,7.3,0.0
Oakley,,035451003,Residential Low/Medium,R-6,0.0,7.3,0.0
Oakley,,035451004,Residential Low/Medium,R-6,0.0,7.3,0.0
Oakley,,035450009,Residential Low/Medium,R-6,0.0,7.3,0.0
Oakley,,035450010,Residential Low/Medium,R-6,0.0,7.3,0.0
Oakley,,035450011,Residential Low/Medium,R-6,0.0,7.3,0.0
Oakley,,035450012,Residential Low/Medium,R-6,0.0,7.3,0.0
Oakley,,035452003,Residential Low/Medium,R-6,0.0,7.3,0.0
Oakley,,035452002,Residential Low/Medium,R-6,0.0,7.3,0.0
Oakley,,035452001,Residential Low/Medium,R-6,0.0,7.3,0.0
Oakley,,035710002,Residential Low/Medium,R-6,0.0,7.3,0.0
Oakley,,035536004,Residential Low/Medium,R-6,0.0,7.3,0.0
Oakley,,035536006,Residential Low/Medium,R-6,0.0,7.3,0.0
Oakley,,035536005,Residential Low/Medium,R-6,0.0,7.3,0.0
Oakley,,035452004,Residential Low/Medium,R-6,0.0,7.3,0.0
Oakley,,035452005,Residential Low/Medium,R-6,0.0,7.3,0.0
Oakley,,035536007,Residential Low/Medium,R-6,0.0,7.3,0.0
Oakley,,035536008,Residential Low/Medium,R-6,0.0,7.3,0.0
Oakley,,035536009,Residential Low/Medium,R-6,0.0,7.3,0.0
Oakley,,035452008,Residential Low/Medium,R-6,0.0,7.3,0.0
Oakley,,035452007,Residential Low/Medium,R-6,0.0,7.3,0.0
Oakley,,035452006,Residential Low/Medium,R-6,0.0,7.3,0.0
Oakley,,035453001,Residential Low/Medium,R-6,0.0,7.3,0.0
Oakley,,035453002,Residential Low/Medium,R-6,0.0,7.3,0.0
Oakley,,035453003,Residential Low/Medium,R-6,0.0,7.3,0.0
Oakley,,035325003,Residential Low/Medium,R-6,0.0,7.3,0.0
Oakley,,035325002,Residential Low/Medium,R-6,0.0,7.3,0.0
Oakley,,035325001,Residential Low/Medium,R-6,0.0,7.3,0.0
Oakley,,035324009,Residential Low/Medium,R-6,0.0,7.3,0.0
Oakley,,035324010,Residential Low/Medium,R-6,0.0,7.3,0.0
Oakley,,035324011,Residential Low/Medium,R-6,0.0,7.3,0.0
Oakley,,035536010,Residential Low/Medium,R-6,0.0,7.3,0.0
Oakley,,035536011,Residential Low/Medium,R-6,0.0,7.3,0.0
Oakley,,035536013,Residential Low/Medium,R-6,0.0,7.3,0.0
Oakley,,035536012,Residential Low/Medium,R-6,0.0,7.3,0.0
Oakley,,035324008,Residential Low/Medium,R-6,0.0,7.3,0.0
Oakley,,035324007,Residential Low/Medium,R-6,0.0,7.3,0.0
Oakley,,035536015,Residential Low/Medium,R-6,0.0,7.3,0.0
Oakley,,035536014,Residential Low/Medium,R-6,0.0,7.3,0.0
Oakley,,035533008,Residential Low/Medium,R-6,0.0,7.3,0.0
Oakley,,035533007,Residential Low/Medium,R-6,0.0,7.3,0.0
Oakley,,035533009,Residential Low/Medium,R-6,0.0,7.3,0.0
Oakley,,035533012,Residential Low/Medium,R-6,0.0,7.3,0.0
Oakley,,035533011,Residential Low/Medium,R-6,0.0,7.3,0.0
Oakley,,035533010,Residential Low/Medium,R-6,0.0,7.3,0.0
Oakley,,035534001,Residential Low/Medium,R-6,0.0,7.3,0.0
Oakley,,035534002,Residential Low/Medium,R-6,0.0,7.3,0.0
Oakley,,035562052,Residential Low/Medium,R-6,0.0,7.3,0.0
Oakley,,035562051,Residential Low/Medium,R-6,0.0,7.3,0.0
Oakley,,035562053,Residential Low/Medium,R-6,0.0,7.3,0.0
Oakley,,035562029,Residential Low/Medium,R-6,0.0,7.3,0.0
Oakley,,035562030,Residential Low/Medium,R-6,0.0,7.3,0.0
Oakley,,035562032,Residential Low/Medium,R-6,0.0,7.3,0.0
Oakley,,035562033,Residential Low/Medium,R-6,0.0,7.3,0.0
Oakley,,035562031,Residential Low/Medium,R-6,0.0,7.3,0.0
Oakley,,035562047,Residential Low/Medium,R-6,0.0,7.3,0.0
Oakley,,035562048,Residential Low/Medium,R-6,0.0,7.3,0.0
Oakley,,035562049,Residential Low/Medium,R-6,0.0,7.3,0.0
Oakley,,035562050,Residential Low/Medium,R-6,0.0,7.3,0.0
Oakley,,035534004,Residential Low/Medium,R-6,0.0,7.3,0.0
Oakley,,035534003,Residential Low/Medium,R-6,0.0,7.3,0.0
Oakley,,035534005,Residential Low/Medium,R-6,0.0,7.3,0.0
Oakley,,035534006,Residential Low/Medium,R-6,0.0,7.3,0.0
Oakley,,035534009,Residential Low/Medium,R-6,0.0,7.3,0.0
Oakley,,035534008,Residential Low/Medium,R-6,0.0,7.3,0.0
Oakley,,035534007,Residential Low/Medium,R-6,0.0,7.3,0.0
Oakley,,035536003,Residential Low/Medium,R-6,0.0,7.3,0.0
Oakley,,035536002,Residential Low/Medium,R-6,0.0,7.3,0.0
Oakley,,035536001,Residential Low/Medium,R-6,0.0,7.3,0.0
Oakley,,035534010,Residential Low/Medium,R-6,0.0,7.3,0.0
Oakley,,035535001,Residential Low/Medium,R-6,0.0,7.3,0.0
Oakley,,035561022,Residential Low/Medium,R-6,0.0,7.3,0.0
Oakley,,035561021,Residential Low/Medium,R-6,0.0,7.3,0.0
Oakley,,035561020,Residential Low/Medium,R-6,0.0,7.3,0.0
Oakley,,035562004,Residential Low/Medium,R-6,0.0,7.3,0.0
Oakley,,035562003,Residential Low/Medium,R-6,0.0,7.3,0.0
Oakley,,035562002,Residential Low/Medium,R-6,0.0,7.3,0.0
Oakley,,035562001,Residential Low/Medium,R-6,0.0,7.3,0.0
Oakley,,035562046,Residential Low/Medium,R-6,0.0,7.3,0.0
Oakley,,035562044,Residential Low/Medium,R-6,0.0,7.3,0.0
Oakley,,035562045,Residential Low/Medium,R-6,0.0,7.3,0.0
Oakley,,035562043,Residential Low/Medium,R-6,0.0,7.3,0.0
Oakley,,035562042,Residential Low/Medium,R-6,0.0,7.3,0.0
Oakley,,035562008,Residential Low/Medium,R-6,0.0,7.3,0.0
Oakley,,035562007,Residential Low/Medium,R-6,0.0,7.3,0.0
Oakley,,035562006,Residential Low/Medium,R-6,0.0,7.3,0.0
Oakley,,035562005,Residential Low/Medium,R-6,0.0,7.3,0.0
Oakley,,035561018,Residential Low/Medium,R-6,0.0,7.3,0.0
Oakley,,035561019,Residential Low/Medium,R-6,0.0,7.3,0.0
Oakley,,035561017,Residential Low/Medium,R-6,0.0,7.3,0.0
Oakley,,035561015,Residential Low/Medium,R-6,0.0,7.3,0.0
Oakley,,035561016,Residential Low/Medium,R-6,0.0,7.3,0.0
Oakley,,035561014,Residential Low/Medium,R-6,0.0,7.3,0.0
Oakley,,035720025,Residential Low/Medium,R-6,0.0,7.3,0.0
Oakley,,035561013,Residential Low/Medium,R-6,0.0,7.3,0.0
Oakley,,035561012,Residential Low/Medium,R-6,0.0,7.3,0.0
Oakley,,035720024,Residential Low/Medium,R-6,0.0,7.3,0.0
Oakley,,035720026,Residential Low/Medium,R-6,0.0,7.3,0.0
Oakley,,035720029,Residential Low/Medium,R-6,0.0,7.3,0.0
Oakley,,035720027,Residential Low/Medium,R-6,0.0,7.3,0.0
Oakley,,035720028,Residential Low/Medium,R-6,0.0,7.3,0.0
Oakley,,035720030,Residential Low/Medium,R-6,0.0,7.3,0.0
Oakley,,035720031,Residential Low/Medium,R-6,0.0,7.3,0.0
Oakley,,035720021,Residential Low/Medium,R-6,0.0,7.3,0.0
Oakley,,035720032,Residential Low/Medium,R-6,0.0,7.3,0.0
Oakley,,035720001,Residential Low/Medium,R-6,0.0,7.3,0.0
Oakley,,035720018,Residential Low/Medium,R-6,0.0,7.3,0.0
Oakley,,035720016,Residential Low/Medium,R-6,0.0,7.3,0.0
Oakley,,035720015,Residential Low/Medium,R-6,0.0,7.3,0.0
Oakley,,035090058,Residential Low/Medium,R-6,0.0,7.3,0.72
Oakley,,035090036,Residential Low/Medium,R-6,0.0,7.3,0.0
Oakley,,035090037,Residential Low/Medium,R-6,0.0,7.3,0.0
Oakley,,035090038,Residential Low/Medium,R-6,0.0,7.3,0.0
Oakley,,035090039,Residential Low/Medium,R-6,0.0,7.3,0.0
Oakley,,035090042,Residential Low/Medium,R-6,0.0,7.3,0.0
Oakley,,035710001,Residential Low/Medium,R-6,0.0,7.3,0.0
Oakley,,035090041,Residential Low/Medium,R-6,0.0,7.3,0.0
Oakley,,035710012,Residential Low/Medium,R-6,0.0,7.3,0.0
Oakley,,035710013,Residential Low/Medium,R-6,0.0,7.3,0.0
Oakley,,035710009,Residential Low/Medium,R-6,0.0,7.3,0.0
Oakley,,035710010,Residential Low/Medium,R-6,0.0,7.3,0.0
Oakley,,035710011,Residential Low/Medium,R-6,0.0,7.3,0.0
Oakley,,035411015,Residential Low/Medium,R-6,0.0,7.3,0.0
Oakley,,035720017,Residential Low/Medium,R-6,0.0,7.3,0.0
Oakley,,035411013,Residential Low/Medium,R-6,0.0,7.3,0.0
Oakley,,035411014,Residential Low/Medium,R-6,0.0,7.3,0.0
Oakley,,035412003,Residential Low/Medium,R-6,0.0,7.3,0.0
Oakley,,035412001,Residential Low/Medium,R-6,0.0,7.3,0.0
Oakley,,035412002,Residential Low/Medium,R-6,0.0,7.3,0.0
Oakley,,035412005,Residential Low/Medium,R-6,0.0,7.3,0.0
Oakley,,035412006,Residential Low/Medium,R-6,0.0,7.3,0.0
Oakley,,035412004,Residential Low/Medium,R-6,0.0,7.3,0.0
Oakley,,035413007,Residential Low/Medium,R-6,0.0,7.3,0.0
Oakley,,035413008,Residential Low/Medium,R-6,0.0,7.3,0.0
Oakley,,035413006,Residential Low/Medium,R-6,0.0,7.3,0.0
Oakley,,035413005,Residential Low/Medium,R-6,0.0,7.3,0.0
Oakley,,035413004,Residential Low/Medium,R-6,0.0,7.3,0.0
Oakley,,035413002,Residential Low/Medium,R-6,0.0,7.3,0.0
Oakley,,035413001,Residential Low/Medium,R-6,0.0,7.3,0.0
Oakley,,035415030,Residential Low/Medium,P-1,0.0,24.0,0.0
Oakley,,035413003,Residential Low/Medium,R-6,0.0,7.3,0.0
Oakley,,035415027,Residential Low/Medium,P-1,0.0,24.0,0.0
Oakley,,035413010,Residential Low/Medium,R-6,0.0,7.3,0.0
Oakley,,035413009,Residential Low/Medium,R-6,0.0,7.3,0.0
Oakley,,035414002,Residential Low/Medium,R-6,0.0,7.3,0.0
Oakley,,035415026,Residential Low/Medium,P-1,0.0,24.0,0.0
Oakley,,035414001,Residential Low/Medium,R-6,0.0,7.3,0.0
Oakley,,035415024,Residential Low/Medium,P-1,0.0,24.0,0.0
Oakley,,035414008,Residential Low/Medium,R-6,0.0,7.3,0.0
Oakley,,035414007,Residential Low/Medium,R-6,0.0,7.3,0.0
Oakley,,035414003,Residential Low/Medium,R-6,0.0,7.3,0.0
Oakley,,035414004,Residential Low/Medium,R-6,0.0,7.3,0.0
Oakley,,035414005,Residential Low/Medium,R-6,0.0,7.3,0.0
Oakley,,035414006,Residential Low/Medium,R-6,0.0,7.3,0.0
Oakley,,035411012,Residential Low/Medium,R-6,0.0,7.3,0.0
Oakley,,035411011,Residential Low/Medium,R-6,0.0,7.3,0.0
Oakley,,035414013,Residential Low/Medium,R-6,0.0,7.3,0.0
Oakley,,035414012,Residential Low/Medium,R-6,0.0,7.3,0.0
Oakley,,035414015,Residential Low/Medium,R-6,0.0,7.3,0.0
Oakley,,035414011,Residential Low/Medium,R-6,0.0,7.3,0.0
Oakley,,035414009,Residential Low/Medium,R-6,0.0,7.3,0.0
Oakley,,035414010,Residential Low/Medium,R-6,0.0,7.3,0.0
Oakley,,035414017,Residential Low/Medium,R-6,0.0,7.3,0.0
Oakley,,035414016,Residential Low/Medium,R-6,0.0,7.3,0.0
Oakley,,035290021,Residential Low/Medium,R-6,0.0,7.3,0.0
Oakley,,035415031,Residential Low/Medium,P-1,0.0,24.0,0.14541162123974316
Oakley,,035414018,Residential Low/Medium,R-6,0.0,7.3,0.0
Oakley,,035414029,Residential Low/Medium,R-6,0.0,7.3,0.0
Oakley,,035414030,Residential Low/Medium,R-6,0.0,7.3,0.0
Oakley,,035414027,Residential Low/Medium,R-6,0.0,7.3,0.0
Oakley,,035414028,Residential Low/Medium,R-6,0.0,7.3,0.0
Oakley,,035414032,Residential Low/Medium,R-6,0.0,7.3,0.0
Oakley,,035414031,Residential Low/Medium,R-6,0.0,7.3,0.0
Oakley,,035414020,Residential Low/Medium,R-6,0.0,7.3,0.0
Oakley,,035411005,Residential Low/Medium,R-6,0.0,7.3,0.0
Oakley,,035411006,Residential Low/Medium,R-6,0.0,7.3,0.0
Oakley,,035411007,Residential Low/Medium,R-6,0.0,7.3,0.0
Oakley,,035414019,Residential Low/Medium,R-6,0.0,7.3,0.0
Oakley,,035414014,Residential Low/Medium,R-6,0.0,7.3,0.0
Oakley,,035411008,Residential Low/Medium,R-6,0.0,7.3,0.0
Oakley,,035411009,Residential Low/Medium,R-6,0.0,7.3,0.0
Oakley,,035411010,Residential Low/Medium,R-6,0.0,7.3,0.0
Oakley,,035720019,Residential Low/Medium,R-6,0.0,7.3,0.0
Oakley,,035720003,Residential Low/Medium,R-6,0.0,7.3,0.0
Oakley,,035720002,Residential Low/Medium,R-6,0.0,7.3,0.0
Oakley,,035720020,Residential Low/Medium,R-6,0.0,7.3,0.0
Oakley,,035720004,Residential Low/Medium,R-6,0.0,7.3,0.0
Oakley,,035720005,Residential Low/Medium,R-6,0.0,7.3,0.0
Oakley,,035411004,Residential Low/Medium,R-6,0.0,7.3,0.0
Oakley,,035720010,Residential Low/Medium,R-6,0.0,7.3,0.0
Oakley,,035720006,Residential Low/Medium,R-6,0.0,7.3,0.0
Oakley,,035720009,Residential Low/Medium,R-6,0.0,7.3,0.0
Oakley,,035720008,Residential Low/Medium,R-6,0.0,7.3,0.0
Oakley,,035720007,Residential Low/Medium,R-6,0.0,7.3,0.0
Oakley,,035720022,Residential Low/Medium,R-6,0.0,7.3,0.0
Oakley,,035720023,Residential Low/Medium,R-6,0.0,7.3,0.0
Oakley,,035720014,Residential Low/Medium,R-6,0.0,7.3,0.13850670524590733
Oakley,,035720013,Residential Low/Medium,R-6,0.0,7.3,0.13965201152722712
Oakley,,035720011,Residential Low/Medium,R-6,0.0,7.3,0.0
Oakley,,035720012,Residential Low/Medium,R-6,0.0,7.3,0.24015117926065102
Oakley,,035430036,Residential Low/Medium,R-6,0.0,7.3,0.49613800235083955
Oakley,,035430030,Residential Low/Medium,R-6,0.0,7.3,0.22353660087622254
Oakley,,035430033,Residential Low/Medium,R-6,0.0,7.3,0.13910272682102176
Oakley,,035430034,Residential Low/Medium,R-6,0.0,7.3,0.13836625068552513
Oakley,,035430031,Residential Low/Medium,R-6,0.0,7.3,0.224254539143896
Oakley,,035345005,Residential Low/Medium,R-6,0.0,7.3,0.1997541159951232
Oakley,,035345006,Residential Low/Medium,R-6,0.0,7.3,0.13931113596489558
Oakley,,035411001,Residential Low/Medium,R-6,0.0,7.3,0.19929330116253666
Oakley,,035411002,Residential Low/Medium,R-6,0.0,7.3,0.15494829971440893
Oakley,,035411003,Residential Low/Medium,R-6,0.0,7.3,0.0
Oakley,,035414023,Residential Low/Medium,R-6,0.0,7.3,0.17607933045783822
Oakley,,035414024,Residential Low/Medium,R-6,0.0,7.3,0.15320785402412504
Oakley,,035414025,Residential Low/Medium,R-6,0.0,7.3,0.1862872010379862
Oakley,,035290001,Residential Low/Medium,R-6,0.0,7.3,0.18527266067782405
Oakley,,035414021,Residential Low/Medium,R-6,0.0,7.3,0.15491016469674285
Oakley,,035414022,Residential Low/Medium,R-6,0.0,7.3,0.21652099163229102
Oakley,,035345007,Residential Low/Medium,R-6,0.0,7.3,0.1417234060469932
Oakley,,035345008,Residential Low/Medium,R-6,0.0,7.3,0.1852484527361362
Oakley,,035341001,Residential Low/Medium,R-6,0.0,7.3,0.2215293792320141
Oakley,,035341002,Residential Low/Medium,R-6,0.0,7.3,0.164207557919996
Oakley,,035341003,Residential Low/Medium,R-6,0.0,7.3,0.1584037286829172
Oakley,,035345001,Residential Low/Medium,R-6,0.0,7.3,0.15308073076718381
Oakley,,035345002,Residential Low/Medium,R-6,0.0,7.3,0.14271739337719988
Oakley,,035345003,Residential Low/Medium,R-6,0.0,7.3,0.1373043158366147
Oakley,,035345004,Residential Low/Medium,R-6,0.0,7.3,0.20015770966043378
Oakley,,035430032,Residential Low/Medium,R-6,0.0,7.3,0.1599680365981419
Oakley,,035430004,Residential Low/Medium,R-6,0.0,7.3,0.17030959327080186
Oakley,,035344026,Residential Low/Medium,R-6,0.0,7.3,0.1766216217898493
Oakley,,035344027,Residential Low/Medium,R-6,0.0,7.3,0.156389718745268
Oakley,,035344025,Residential Low/Medium,R-6,0.0,7.3,0.13964366420067462
Oakley,,035344001,Residential Low/Medium,R-6,0.0,7.3,0.13520321149672576
Oakley,,035344024,Residential Low/Medium,R-6,0.0,7.3,0.13936250754370907
Oakley,,035344002,Residential Low/Medium,R-6,0.0,7.3,0.13631749420634706
Oakley,,035344028,Residential Low/Medium,R-6,0.0,7.3,0.16502446559857087
Oakley,,035341004,Residential Low/Medium,R-6,0.0,7.3,0.1404982123999182
Oakley,,035341005,Residential Low/Medium,R-6,0.0,7.3,0.16205440722540834
Oakley,,035343012,Residential Low/Medium,R-6,0.0,7.3,0.1622382668495998
Oakley,,035344003,Residential Low/Medium,R-6,0.0,7.3,0.1356061102645309
Oakley,,035343013,Residential Low/Medium,R-6,0.0,7.3,0.14151293757091749
Oakley,,035343014,Residential Low/Medium,R-6,0.0,7.3,0.1427992190023092
Oakley,,035343015,Residential Low/Medium,R-6,0.0,7.3,0.14316649799024883
Oakley,,035343008,Residential Low/Medium,R-6,0.0,7.3,0.14119555829985964
Oakley,,035343009,Residential Low/Medium,R-6,0.0,7.3,0.13979748147658777
Oakley,,035343010,Residential Low/Medium,R-6,0.0,7.3,0.14079205496698136
Oakley,,035341013,Residential Low/Medium,R-6,0.0,7.3,0.17138666533667288
Oakley,,035343011,Residential Low/Medium,R-6,0.0,7.3,0.15059983629512697
Oakley,,035341006,Residential Low/Medium,R-6,0.0,7.3,0.16399902964349644
Oakley,,035341007,Residential Low/Medium,R-6,0.0,7.3,0.17091639657418073
Oakley,,035341011,Residential Low/Medium,R-6,0.0,7.3,0.22483394277962826
Oakley,,035341012,Residential Low/Medium,R-6,0.0,7.3,0.2224453414077665
Oakley,,035070024,Residential Low/Medium,R-6,0.0,7.3,0.12240581860312343
Oakley,,035070025,Residential Low/Medium,R-6,0.0,7.3,0.1227725742386285
Oakley,,035070076,Residential Low/Medium,R-6,0.0,7.3,0.98
Oakley,,035341024,Residential Low/Medium,R-6,0.0,7.3,0.83
Oakley,,035341010,Residential Low/Medium,R-6,0.0,7.3,0.23923705411194512
Oakley,,035341008,Residential Low/Medium,R-6,0.0,7.3,0.23517100972708738
Oakley,,035341009,Residential Low/Medium,R-6,0.0,7.3,0.19536271725583146
Oakley,,035341026,Residential Low/Medium,R-6,0.0,7.3,0.24522396294169949
Oakley,,035341025,Residential Low/Medium,R-6,0.0,7.3,1.0
Oakley,,035290003,Residential Low/Medium,R-6,0.0,7.3,0.18567417549069237
Oakley,,035290002,Residential Low/Medium,R-6,0.0,7.3,0.18212116166794554
Oakley,,035290023,Residential Low/Medium,R-6,0.0,7.3,0.0
Oakley,,035290024,Residential Low/Medium,R-6,0.0,7.3,0.0
Oakley,,035290004,Residential Low/Medium,R-6,0.0,7.3,0.18282561525767052
Oakley,,035290006,Residential Low/Medium,R-6,0.0,7.3,0.18077944975140717
Oakley,,035290005,Residential Low/Medium,R-6,0.0,7.3,0.18635329489266356
Oakley,,035290028,Residential Low/Medium,R-6,0.0,7.3,0.0
Oakley,,035290029,Residential Low/Medium,R-6,0.0,7.3,0.0
Oakley,,035070077,Residential Low/Medium,R-6,0.0,7.3,0.98
Oakley,,035070078,Residential Low/Medium,R-6,0.0,7.3,0.984
Oakley,,035070080,Residential Low/Medium,R-6,0.0,7.3,0.493
Oakley,,035290008,Residential Low/Medium,R-6,0.0,7.3,0.2566379098636925
Oakley,,035290009,Residential Low/Medium,R-6,0.0,7.3,0.2676560521142835
Oakley,,035290032,Residential Low/Medium,R-6,0.0,7.3,0.259
Oakley,,035290031,Residential Low/Medium,R-6,0.0,7.3,0.259
Oakley,,035672026,Residential Low/Medium,R-6,0.0,7.3,0.0
Oakley,,035100023,Residential Low/Medium,R-6,0.0,7.3,3.22
Oakley,,035672030,Residential Low/Medium,R-6,0.0,7.3,0.0
Oakley,,035672029,Residential Low/Medium,R-6,0.0,7.3,0.0
Oakley,,035672028,Residential Low/Medium,R-6,0.0,7.3,0.0
Oakley,,035672027,Residential Low/Medium,R-6,0.0,7.3,0.0
Oakley,,035672018,Residential Low/Medium,R-6,0.0,7.3,0.0
Oakley,,035672017,Residential Low/Medium,R-6,0.0,7.3,0.0
Oakley,,035672015,Residential Low/Medium,R-6,0.0,7.3,0.0
Oakley,,035672016,Residential Low/Medium,R-6,0.0,7.3,0.0
Oakley,,035671002,Residential Low/Medium,R-6,0.0,7.3,0.0
Oakley,,035671001,Residential Low/Medium,R-6,0.0,7.3,0.0
Oakley,,035290015,Residential Low/Medium,R-6,0.0,7.3,0.0
Oakley,,035290027,Residential Low/Medium,R-6,0.0,7.3,0.0
Oakley,,035290016,Residential Low/Medium,R-6,0.0,7.3,0.0
Oakley,,035290017,Residential Low/Medium,R-6,0.0,7.3,0.0
Oakley,,035290018,Residential Low/Medium,R-6,0.0,7.3,0.0
Oakley,,035415018,Residential Low/Medium,P-1,0.0,24.0,0.0
Oakley,,035290026,Residential Low/Medium,R-6,0.0,7.3,0.0
Oakley,,035290025,Residential Low/Medium,R-6,0.0,7.3,0.0
Oakley,,035290022,Residential Low/Medium,R-6,0.0,7.3,0.0
Oakley,,035290020,Residential Low/Medium,R-6,0.0,7.3,0.0
Oakley,,035415019,Residential Low/Medium,P-1,0.0,24.0,0.0
Oakley,,035290019,Residential Low/Medium,R-6,0.0,7.3,0.0
Oakley,,035415020,Residential Low/Medium,P-1,0.0,24.0,0.0
Oakley,,035415021,Residential Low/Medium,P-1,0.0,24.0,0.0
Oakley,,035415022,Residential Low/Medium,P-1,0.0,24.0,0.0
Oakley,,035415023,Residential Low/Medium,P-1,0.0,24.0,0.0
Oakley,,035415014,Residential Low/Medium,P-1,0.0,24.0,0.0
Oakley,,035415015,Residential Low/Medium,P-1,0.0,24.0,0.0
Oakley,,035415016,Residential Low/Medium,P-1,0.0,24.0,0.0
Oakley,,035415017,Residential Low/Medium,P-1,0.0,24.0,0.0
Oakley,,035671003,Residential Low/Medium,R-6,0.0,7.3,0.0
Oakley,,035671004,Residential Low/Medium,R-6,0.0,7.3,0.0
Oakley,,035671005,Residential Low/Medium,R-6,0.0,7.3,0.0
Oakley,,035672014,Residential Low/Medium,R-6,0.0,7.3,0.0
Oakley,,035671006,Residential Low/Medium,R-6,0.0,7.3,0.0
Oakley,,035671007,Residential Low/Medium,R-6,0.0,7.3,0.0
Oakley,,035671008,Residential Low/Medium,R-6,0.0,7.3,0.0
Oakley,,035415010,Residential Low/Medium,P-1,0.0,24.0,0.0
Oakley,,035415011,Residential Low/Medium,P-1,0.0,24.0,0.0
Oakley,,035415012,Residential Low/Medium,P-1,0.0,24.0,0.0
Oakley,,035415013,Residential Low/Medium,P-1,0.0,24.0,0.0
Oakley,,035415025,Residential Low/Medium,P-1,0.0,24.0,0.0
Oakley,,035415009,Residential Low/Medium,P-1,0.0,24.0,0.0
Oakley,,035415028,Residential Low/Medium,P-1,0.0,24.0,0.0
Oakley,,035415029,Residential Low/Medium,P-1,0.0,24.0,0.0
Oakley,,035415005,Residential Low/Medium,P-1,0.0,24.0,0.0
Oakley,,035415006,Residential Low/Medium,P-1,0.0,24.0,0.0
Oakley,,035415007,Residential Low/Medium,P-1,0.0,24.0,0.0
Oakley,,035415008,Residential Low/Medium,P-1,0.0,24.0,0.0
Oakley,,035671010,Residential Low/Medium,R-6,0.0,7.3,0.0
Oakley,,035671011,Residential Low/Medium,R-6,0.0,7.3,0.0
Oakley,,035671012,Residential Low/Medium,R-6,0.0,7.3,0.0
Oakley,,035672007,Residential Low/Medium,R-6,0.0,7.3,0.0
Oakley,,035672008,Residential Low/Medium,R-6,0.0,7.3,0.0
Oakley,,035672009,Residential Low/Medium,R-6,0.0,7.3,0.0
Oakley,,035671009,Residential Low/Medium,R-6,0.0,7.3,0.0
Oakley,,035672010,Residential Low/Medium,R-6,0.0,7.3,0.0
Oakley,,035672011,Residential Low/Medium,R-6,0.0,7.3,0.0
Oakley,,035672012,Residential Low/Medium,R-6,0.0,7.3,0.0
Oakley,,035672013,Residential Low/Medium,R-6,0.0,7.3,0.0
Oakley,,035312001,Residential Low/Medium,R-6,0.0,7.3,0.0
Oakley,,035672019,Residential Low/Medium,R-6,0.0,7.3,0.0
Oakley,,035672020,Residential Low/Medium,R-6,0.0,7.3,0.0
Oakley,,035672021,Residential Low/Medium,R-6,0.0,7.3,0.0
Oakley,,035312009,Residential Low/Medium,R-6,0.0,7.3,0.0
Oakley,,035672024,Residential Low/Medium,R-6,0.0,7.3,0.0
Oakley,,035672022,Residential Low/Medium,R-6,0.0,7.3,0.0
Oakley,,035672023,Residential Low/Medium,R-6,0.0,7.3,0.0
Oakley,,035672025,Residential Low/Medium,R-6,0.0,7.3,0.0
Oakley,,035100024,Residential Low/Medium,R-6,0.0,7.3,4.99
Oakley,,035314010,Residential Low/Medium,R-6,0.0,7.3,0.0
Oakley,,035314009,Residential Low/Medium,R-6,0.0,7.3,0.0
Oakley,,035314008,Residential Low/Medium,R-6,0.0,7.3,0.0
Oakley,,035312010,Residential Low/Medium,R-6,0.0,7.3,0.0
Oakley,,035312008,Residential Low/Medium,R-6,0.0,7.3,0.0
Oakley,,035313002,Residential Low/Medium,R-6,0.0,7.3,0.0
Oakley,,035313001,Residential Low/Medium,R-6,0.0,7.3,0.0
Oakley,,035313008,Residential Low/Medium,R-6,0.0,7.3,0.0
Oakley,,035311006,Residential Low/Medium,R-6,0.0,7.3,0.0
Oakley,,035311007,Residential Low/Medium,R-6,0.0,7.3,0.0
Oakley,,035313007,Residential Low/Medium,R-6,0.0,7.3,0.0
Oakley,,035313013,Residential Low/Medium,R-6,0.0,7.3,0.0
Oakley,,035313012,Residential Low/Medium,R-6,0.0,7.3,0.0
Oakley,,035313019,Residential Low/Medium,R-6,0.0,7.3,0.0
Oakley,,035313015,Residential Low/Medium,R-6,0.0,7.3,0.0
Oakley,,035313014,Residential Low/Medium,R-6,0.0,7.3,0.0
Oakley,,035313003,Residential Low/Medium,R-6,0.0,7.3,0.0
Oakley,,035312007,Residential Low/Medium,R-6,0.0,7.3,0.0
Oakley,,035312006,Residential Low/Medium,R-6,0.0,7.3,0.0
Oakley,,035312005,Residential Low/Medium,R-6,0.0,7.3,0.0
Oakley,,035312003,Residential Low/Medium,R-6,0.0,7.3,0.0
Oakley,,035312004,Residential Low/Medium,R-6,0.0,7.3,0.0
Oakley,,035313020,Residential Low/Medium,R-6,0.0,7.3,0.0
Oakley,,035313017,Residential Low/Medium,R-6,0.0,7.3,0.0
Oakley,,035312002,Residential Low/Medium,R-6,0.0,7.3,0.0
Oakley,,035117016,Residential Low/Medium,R-6,0.0,7.3,0.0
Oakley,,035311017,Residential Low/Medium,R-6,0.0,7.3,0.0
Oakley,,035311016,Residential Low/Medium,R-6,0.0,7.3,0.0
Oakley,,035311015,Residential Low/Medium,R-6,0.0,7.3,0.0
Oakley,,035313018,Residential Low/Medium,R-6,0.0,7.3,0.0
Oakley,,035311014,Residential Low/Medium,R-6,0.0,7.3,0.0
Oakley,,035116008,Residential Low/Medium,R-6,0.0,7.3,0.11
Oakley,,035311013,Residential Low/Medium,R-6,0.0,7.3,0.0
Oakley,,035311012,Residential Low/Medium,R-6,0.0,7.3,0.0
Oakley,,035311011,Residential Low/Medium,R-6,0.0,7.3,0.0
Oakley,,035311009,Residential Low/Medium,R-6,0.0,7.3,0.0
Oakley,,035311010,Residential Low/Medium,R-6,0.0,7.3,0.0
Oakley,,035311008,Residential Low/Medium,R-6,0.0,7.3,0.0
Oakley,,035311003,Residential Low/Medium,R-6,0.0,7.3,0.0
Oakley,,035311004,Residential Low/Medium,R-6,0.0,7.3,0.0
Oakley,,035311002,Residential Low/Medium,R-6,0.0,7.3,0.0
Oakley,,035300016,Residential Low/Medium,R-6,0.0,7.3,4.1
Oakley,,035311020,Residential Low/Medium,R-6,0.0,7.3,0.23
Oakley,,035311022,Residential Low/Medium,R-6,0.0,7.3,0.0
Oakley,,035311021,Residential Low/Medium,R-6,0.0,7.3,0.0
Oakley,,035300020,Residential Low/Medium,R-6,0.0,7.3,4.52
Oakley,,035300019,Residential Low/Medium,R-6,0.0,7.3,0.32
Oakley,,035143010,Residential Low/Medium,R-6,0.0,7.3,0.0
Oakley,,035143008,Residential Low/Medium,R-6,0.0,7.3,0.0
Oakley,,035143011,Residential Low/Medium,R-6,0.0,7.3,0.0
Oakley,,035300013,Residential Low/Medium,R-6,0.0,7.3,1.23
Oakley,,035116006,Residential Low/Medium,R-6,0.0,7.3,0.5
Oakley,,035116012,Residential Low/Medium,R-6,0.0,7.3,0.24
Oakley,,035116003,Residential Low/Medium,R-6,0.0,7.3,0.22
Oakley,,035143001,Residential Low/Medium,R-6,0.0,7.3,0.0
Oakley,,035143002,Residential Low/Medium,R-6,0.0,7.3,0.0
Oakley,,035115008,Residential Low/Medium,SP-4,0.0,24.0,0.0
Oakley,,035116013,Residential Low/Medium,R-6,0.0,7.3,0.23
Oakley,,035116015,Residential Low/Medium,R-6,0.0,7.3,0.155
Oakley,,035116016,Residential Low/Medium,R-6,0.0,7.3,0.312
Oakley,,035116002,Residential Low/Medium,R-6,0.0,7.3,0.09
Oakley,,035116011,Residential Low/Medium,R-6,0.0,7.3,0.26
Oakley,,035116007,Residential Low/Medium,R-6,0.0,7.3,0.27
Oakley,,035117004,Residential Low/Medium,R-6,0.0,7.3,0.0
Oakley,,035117005,Residential Low/Medium,R-6,0.0,7.3,0.0
Oakley,,035116009,Residential Low/Medium,R-6,0.0,7.3,0.12
Oakley,,035117018,Residential Low/Medium,R-6,0.0,7.3,0.0
Oakley,,035117017,Residential Low/Medium,R-6,0.0,7.3,0.0
Oakley,,035117014,Residential Low/Medium,R-6,0.0,7.3,0.0
Oakley,,035117013,Residential Low/Medium,R-6,0.0,7.3,0.0
Oakley,,035117010,Residential Low/Medium,R-6,0.0,7.3,0.0
Oakley,,035117009,Residential Low/Medium,R-6,0.0,7.3,0.0
Oakley,,035117003,Residential Low/Medium,R-6,0.0,7.3,0.0
Oakley,,035117002,Residential Low/Medium,R-6,0.0,7.3,0.0
Oakley,,035117001,Residential Low/Medium,R-6,0.0,7.3,0.0
Oakley,,035114025,Residential Low/Medium,SP-4,0.0,24.0,0.0
Oakley,,035114015,Residential Low/Medium,SP-4,0.0,24.0,0.0
Oakley,,035114010,Residential Low/Medium,SP-4,0.0,24.0,0.0
Oakley,,035114011,Residential Low/Medium,SP-4,0.0,24.0,0.0
Oakley,,035114012,Residential Low/Medium,SP-4,0.0,24.0,0.0
Oakley,,035115011,Residential Low/Medium,SP-4,0.0,24.0,0.225
Oakley,,035115010,Residential Low/Medium,SP-4,0.0,24.0,0.225
Oakley,,035115009,Residential Low/Medium,SP-4,0.0,24.0,0.0
Oakley,,035115012,Residential Low/Medium,SP-4,0.0,24.0,0.25
Oakley,,035115013,Residential Low/Medium,SP-4,0.0,24.0,0.25
Oakley,,035114024,Residential Low/Medium,SP-4,0.0,24.0,0.0
Oakley,,035114027,Residential Low/Medium,SP-4,0.0,24.0,0.0
Oakley,,035114022,Residential Low/Medium,SP-4,0.0,24.0,0.0
Oakley,,035114009,Residential Low/Medium,SP-4,0.0,24.0,0.0
Oakley,,035114023,Residential Low/Medium,SP-4,0.0,24.0,0.0
Oakley,,035114016,Residential Low/Medium,SP-4,0.0,24.0,0.0
Oakley,,035114026,Residential Low/Medium,SP-4,0.0,24.0,0.0
Oakley,,035114017,Residential Low/Medium,SP-4,0.0,24.0,0.0
Oakley,,035114002,Residential Low/Medium,SP-4,0.0,24.0,0.0
Oakley,,035114004,Residential Low/Medium,SP-4,0.0,24.0,0.0
Oakley,,035114018,Residential Low/Medium,SP-4,0.0,24.0,0.0
Oakley,,035114001,Residential Low/Medium,SP-4,0.0,24.0,0.0
Oakley,,035113017,Commercial Downtown,SP-4,0.0,24.0,0.13
Oakley,,035090035,Public and Semi-Public,P,0.0,0.0,15.06
Oakley,,035683007,Residential Low/Medium,R-6,0.0,7.3,0.0
Oakley,,035683008,Residential Low/Medium,R-6,0.0,7.3,0.0
Oakley,,035672001,Residential Low/Medium,R-6,0.0,7.3,0.0
Oakley,,035672002,Residential Low/Medium,R-6,0.0,7.3,0.0
Oakley,,035671017,Residential Low/Medium,R-6,0.0,7.3,0.0
Oakley,,035671016,Residential Low/Medium,R-6,0.0,7.3,0.0
Oakley,,035672003,Residential Low/Medium,R-6,0.0,7.3,0.0
Oakley,,035672004,Residential Low/Medium,R-6,0.0,7.3,0.0
Oakley,,035672005,Residential Low/Medium,R-6,0.0,7.3,0.0
Oakley,,035672031,Residential Low/Medium,R-6,0.0,7.3,0.0
Oakley,,035672006,Residential Low/Medium,R-6,0.0,7.3,0.0
Oakley,,035671013,Residential Low/Medium,R-6,0.0,7.3,0.0
Oakley,,035671014,Residential Low/Medium,R-6,0.0,7.3,0.0
Oakley,,035671015,Residential Low/Medium,R-6,0.0,7.3,0.0
Oakley,,035415004,Residential Low/Medium,P-1,0.0,24.0,0.0
Oakley,,035415003,Residential Low/Medium,P-1,0.0,24.0,0.0
Oakley,,035415002,Residential Low/Medium,P-1,0.0,24.0,0.0
Oakley,,035415001,Residential Low/Medium,P-1,0.0,24.0,0.0
Oakley,,035671018,Residential Low/Medium,R-6,0.0,7.3,0.0
Oakley,,035681001,Residential Low/Medium,R-6,0.0,7.3,0.0
Oakley,,035681002,Residential Low/Medium,R-6,0.0,7.3,0.0
Oakley,,035683006,Residential Low/Medium,R-6,0.0,7.3,0.0
Oakley,,035681003,Residential Low/Medium,R-6,0.0,7.3,0.0
Oakley,,035681004,Residential Low/Medium,R-6,0.0,7.3,0.0
Oakley,,035681005,Residential Low/Medium,R-6,0.0,7.3,0.0
Oakley,,035682001,Residential Low/Medium,R-6,0.0,7.3,0.0
Oakley,,035682002,Residential Low/Medium,R-6,0.0,7.3,0.0
Oakley,,035682003,Residential Low/Medium,R-6,0.0,7.3,0.0
Oakley,,035682004,Residential Low/Medium,R-6,0.0,7.3,0.0
Oakley,,035683001,Residential Low/Medium,R-6,0.0,7.3,0.0
Oakley,,035683002,Residential Low/Medium,R-6,0.0,7.3,0.0
Oakley,,035681008,Residential Low/Medium,R-6,0.0,7.3,0.0
Oakley,,035681006,Residential Low/Medium,R-6,0.0,7.3,0.0
Oakley,,035681007,Residential Low/Medium,R-6,0.0,7.3,0.0
Oakley,,035683003,Residential Low/Medium,R-6,0.0,7.3,0.0
Oakley,,035683004,Residential Low/Medium,R-6,0.0,7.3,0.0
Oakley,,035683005,Residential Low/Medium,R-6,0.0,7.3,0.0
Oakley,,035682005,Residential Low/Medium,R-6,0.0,7.3,0.0
Oakley,,035682006,Residential Low/Medium,R-6,0.0,7.3,0.0
Oakley,,035682007,Residential Low/Medium,R-6,0.0,7.3,0.0
Oakley,,035682008,Residential Low/Medium,R-6,0.0,7.3,0.0
Oakley,,035682009,Residential Low/Medium,R-6,0.0,7.3,0.0
Oakley,,035682010,Residential Low/Medium,R-6,0.0,7.3,0.0
Oakley,,035682011,Residential Low/Medium,R-6,0.0,7.3,0.0
Oakley,,035090076,Commercial Downtown,SP-4,0.0,24.0,0.995
Oakley,,035090081,Commercial Downtown,SP-4,0.0,24.0,3.876
Oakley,,035090082,Residential Low/Medium,R-6,0.0,7.3,1.981
Oakley,,035090061,Commercial Downtown,SP-4,0.0,24.0,0.552
Oakley,,035090060,Commercial Downtown,SP-4,0.0,24.0,0.606
Oakley,,035090078,Commercial Downtown,SP-4,0.0,24.0,0.534
Oakley,,037200010,Commercial Downtown,SP-4,0.0,24.0,0.11
Oakley,,037200011,Commercial Downtown,SP-4,0.0,24.0,0.039
Oakley,,037200012,Commercial Downtown,SP-4,0.0,24.0,0.245
Oakley,,037200015,Commercial Downtown,SP-4,0.0,24.0,2.127
Oakley,,037200013,Commercial Downtown,SP-4,0.0,24.0,0.327
Oakley,,037200016,Commercial Downtown,SP-4,0.0,24.0,3.16
Oakley,,037160039,Commercial Downtown,SP-4,0.0,24.0,0.0
Oakley,,037160042,Commercial Downtown,SP-4,0.0,24.0,0.325
Oakley,,037160043,Commercial Downtown,SP-4,0.0,24.0,0.039
Oakley,,037200014,Commercial Downtown,SP-4,0.0,24.0,0.817
Oakley,,037160036,Commercial Downtown,SP-4,0.0,24.0,0.0
Oakley,,037160045,Commercial Downtown,SP-4,0.0,24.0,0.1
Oakley,,035090075,Commercial Downtown,SP-4,0.0,24.0,2.559
Oakley,,035113001,Commercial Downtown,SP-4,0.0,24.0,0.0
Oakley,,035111002,Commercial Downtown,SP-4,0.0,24.0,0.0
Oakley,,035111003,Commercial Downtown,SP-4,0.0,24.0,0.0
Oakley,,035111005,Commercial Downtown,SP-4,0.0,24.0,0.0
Oakley,,035111007,Commercial Downtown,SP-4,0.0,24.0,0.0
Oakley,,035112017,Commercial Downtown,SP-4,0.0,24.0,0.208
Oakley,,037160014,Commercial Downtown,SP-4,0.0,24.0,0.0
Oakley,,037160015,Commercial Downtown,SP-4,0.0,24.0,0.0
Oakley,,037160048,Commercial Downtown,SP-4,0.0,24.0,3.24
Oakley,,037160029,Commercial Downtown,SP-4,0.0,24.0,0.0
Oakley,,037160030,Commercial Downtown,SP-4,0.0,24.0,0.0
Oakley,,037160011,Commercial Downtown,SP-4,0.0,24.0,0.0
Oakley,,037160010,Commercial Downtown,SP-4,0.0,24.0,0.0
Oakley,,037160009,Commercial Downtown,SP-4,0.0,24.0,0.0
Oakley,,037160047,Commercial Downtown,SP-4,0.0,24.0,1.01
Oakley,,037382038,Residential Low/Medium,R-6,0.0,7.3,0.0
Oakley,,037382037,Residential Low/Medium,R-6,0.0,7.3,0.0
Oakley,,037382036,Residential Low/Medium,R-6,0.0,7.3,0.0
Oakley,,037383014,Residential Low/Medium,R-6,0.0,7.3,0.0
Oakley,,037382035,Residential Low/Medium,R-6,0.0,7.3,0.0
Oakley,,037382034,Residential Low/Medium,R-6,0.0,7.3,0.0
Oakley,,037382033,Residential Low/Medium,R-6,0.0,7.3,0.0
Oakley,,037160031,Commercial Downtown,SP-4,0.0,24.0,0.0
Oakley,,037382029,Residential Low/Medium,R-6,0.0,7.3,0.0
Oakley,,037382031,Residential Low/Medium,R-6,0.0,7.3,0.0
Oakley,,037382030,Residential Low/Medium,R-6,0.0,7.3,0.0
Oakley,,037382032,Residential Low/Medium,R-6,0.0,7.3,0.0
Oakley,,037382027,Residential Low/Medium,R-6,0.0,7.3,0.0
Oakley,,037382028,Residential Low/Medium,R-6,0.0,7.3,0.0
Oakley,,037382014,Residential Low/Medium,R-6,0.0,7.3,0.0
Oakley,,037382015,Residential Low/Medium,R-6,0.0,7.3,0.0
Oakley,,037382016,Residential Low/Medium,R-6,0.0,7.3,0.0
Oakley,,037382004,Residential Low/Medium,R-6,0.0,7.3,0.0
Oakley,,037382013,Residential Low/Medium,R-6,0.0,7.3,0.0
Oakley,,037382012,Residential Low/Medium,R-6,0.0,7.3,0.0
Oakley,,037382011,Residential Low/Medium,R-6,0.0,7.3,0.0
Oakley,,037382010,Residential Low/Medium,R-6,0.0,7.3,0.0
Oakley,,037382009,Residential Low/Medium,R-6,0.0,7.3,0.0
Oakley,,037160022,Commercial Downtown,SP-4,0.0,24.0,0.25
Oakley,,035121007,Commercial Downtown,SP-4,0.0,24.0,0.297
Oakley,,035121003,Commercial Downtown,SP-4,0.0,24.0,0.088
Oakley,,037160032,Commercial Downtown,SP-4,0.0,24.0,0.0
Oakley,,037160033,Commercial Downtown,SP-4,0.0,24.0,0.0
Oakley,,037160034,Commercial Downtown,SP-4,0.0,24.0,0.0
Oakley,,037160024,Commercial Downtown,SP-4,0.0,24.0,0.12
Oakley,,037160025,Commercial Downtown,SP-4,0.0,24.0,0.2
Oakley,,035122001,Commercial Downtown,SP-4,0.0,24.0,0.0
Oakley,,035121004,Commercial Downtown,SP-4,0.0,24.0,0.207
Oakley,,035131002,Public and Semi-Public,SP-4,0.0,24.0,0.0
Oakley,,035121005,Commercial Downtown,SP-4,0.0,24.0,0.429
Oakley,,035131003,Public and Semi-Public,SP-4,0.0,24.0,0.0
Oakley,,035113009,Commercial Downtown,SP-4,0.0,24.0,0.26
Oakley,,035112013,Commercial Downtown,SP-4,0.0,24.0,0.0
Oakley,,035112012,Commercial Downtown,SP-4,0.0,24.0,0.0
Oakley,,035121006,Commercial Downtown,SP-4,0.0,24.0,0.214
Oakley,,035112016,Commercial Downtown,SP-4,0.0,24.0,0.459
Oakley,,037160046,Commercial Downtown,SP-4,0.0,24.0,0.163
Oakley,,037160020,Commercial Downtown,SP-4,0.0,24.0,0.0
Oakley,,035112018,Commercial Downtown,SP-4,0.0,24.0,0.0
Oakley,,035112019,Commercial Downtown,SP-4,0.0,24.0,0.0
Oakley,,035112009,Commercial Downtown,SP-4,0.0,24.0,0.0
Oakley,,035112008,Commercial Downtown,SP-4,0.0,24.0,0.0
Oakley,,035113024,Commercial Downtown,SP-4,0.0,24.0,0.0
Oakley,,035113020,Commercial Downtown,SP-4,0.0,24.0,0.19
Oakley,,035113007,Commercial Downtown,SP-4,0.0,24.0,0.0
Oakley,,035111006,Commercial Downtown,SP-4,0.0,24.0,0.0
Oakley,,035113006,Commercial Downtown,SP-4,0.0,24.0,0.0
Oakley,,035113005,Commercial Downtown,SP-4,0.0,24.0,0.0
Oakley,,035113004,Commercial Downtown,SP-4,0.0,24.0,0.0
Oakley,,035113003,Commercial Downtown,SP-4,0.0,24.0,0.0
Oakley,,035113002,Commercial Downtown,SP-4,0.0,24.0,0.0
Oakley,,035113016,Commercial Downtown,SP-4,0.0,24.0,0.12
Oakley,,035113015,Commercial Downtown,SP-4,0.0,24.0,0.08
Oakley,,035113014,Commercial Downtown,SP-4,0.0,24.0,0.17
Oakley,,035114021,Residential Low/Medium,SP-4,0.0,24.0,0.0
Oakley,,035113022,Commercial Downtown,SP-4,0.0,24.0,0.17
Oakley,,035113011,Commercial Downtown,SP-4,0.0,24.0,0.28
Oakley,,035113025,Commercial Downtown,SP-4,0.0,24.0,0.0
Oakley,,035115002,Residential Low/Medium,SP-4,0.0,24.0,0.15
Oakley,,035115001,Residential Low/Medium,SP-4,0.0,24.0,0.08
Oakley,,035115015,Residential Low/Medium,SP-4,0.0,24.0,0.29
Oakley,,035115005,Residential Low/Medium,SP-4,0.0,24.0,0.25
Oakley,,035115014,Residential Low/Medium,SP-4,0.0,24.0,0.25
Oakley,,035115004,Residential Low/Medium,SP-4,0.0,24.0,0.21
Oakley,,035115016,Residential Low/Medium,SP-4,0.0,24.0,0.135
Oakley,,035115006,Residential Low/Medium,SP-4,0.0,24.0,0.25
Oakley,,035115017,Residential Low/Medium,SP-4,0.0,24.0,0.135
Oakley,,035133001,Residential Low/Medium,SP-4,0.0,24.0,0.0
Oakley,,035133002,Residential Low/Medium,SP-4,0.0,24.0,0.0
Oakley,,035113026,Commercial Downtown,SP-4,0.0,24.0,0.0
Oakley,,035133003,Residential Low/Medium,SP-4,0.0,24.0,0.0
Oakley,,035133013,Residential Low/Medium,SP-4,0.0,24.0,0.0
Oakley,,035133011,Residential Low/Medium,SP-4,0.0,24.0,0.0
Oakley,,035133012,Residential Low/Medium,SP-4,0.0,24.0,0.0
Oakley,,035133008,Residential Low/Medium,SP-4,0.0,24.0,0.0
Oakley,,035133009,Residential Low/Medium,SP-4,0.0,24.0,0.0
Oakley,,035142001,Residential Low/Medium,SP-4,0.0,24.0,0.0
Oakley,,035141003,Residential Low/Medium,SP-4,0.0,24.0,0.0
Oakley,,035141013,Residential Low/Medium,SP-4,0.0,24.0,0.0
Oakley,,035133014,Residential Low/Medium,SP-4,0.0,24.0,0.0
Oakley,,035133007,Residential Low/Medium,SP-4,0.0,24.0,0.0
Oakley,,035133006,Residential Low/Medium,SP-4,0.0,24.0,0.0
Oakley,,035141018,Residential Low/Medium,SP-4,0.0,24.0,0.0
Oakley,,035141014,Residential Low/Medium,SP-4,0.0,24.0,0.0
Oakley,,035141019,Residential Low/Medium,SP-4,0.0,24.0,0.0
Oakley,,035115007,Residential Low/Medium,SP-4,0.0,24.0,0.25
Oakley,,035141017,Residential Low/Medium,SP-4,0.0,24.0,0.0
Oakley,,035141012,Residential Low/Medium,SP-4,0.0,24.0,0.0
Oakley,,035141011,Residential Low/Medium,SP-4,0.0,24.0,0.0
Oakley,,035143003,Residential Low/Medium,R-6,0.0,7.3,0.0
Oakley,,035143012,Residential Low/Medium,R-6,0.0,7.3,0.0
Oakley,,035141008,Residential Low/Medium,SP-4,0.0,24.0,0.0
Oakley,,035141004,Residential Low/Medium,SP-4,0.0,24.0,0.0
Oakley,,035142013,Residential Low/Medium,SP-4,0.0,24.0,0.0
Oakley,,035143005,Residential Low/Medium,R-6,0.0,7.3,0.0
Oakley,,035143013,Residential Low/Medium,R-6,0.0,7.3,0.0
Oakley,,035143006,Residential Low/Medium,R-6,0.0,7.3,0.0
Oakley,,035144003,Residential Low/Medium,R-6,0.0,7.3,0.0
Oakley,,035144012,Residential Low/Medium,R-6,0.0,7.3,0.0
Oakley,,035144010,Residential Low/Medium,R-6,0.0,7.3,0.0
Oakley,,035144009,Residential Low/Medium,R-6,0.0,7.3,0.0
Oakley,,035144007,Residential Low/Medium,R-6,0.0,7.3,0.0
Oakley,,035144005,Residential Low/Medium,R-6,0.0,7.3,0.0
Oakley,,035144011,Residential Low/Medium,R-6,0.0,7.3,0.0
Oakley,,035142014,Residential Low/Medium,SP-4,0.0,24.0,0.0
Oakley,,035142009,Residential Low/Medium,SP-4,0.0,24.0,0.0
Oakley,,035142008,Residential Low/Medium,SP-4,0.0,24.0,0.0
Oakley,,035142007,Residential Low/Medium,SP-4,0.0,24.0,0.0
Oakley,,035142006,Residential Low/Medium,SP-4,0.0,24.0,0.0
Oakley,,035151017,Residential Low/Medium,SP-4,0.0,24.0,0.119
Oakley,,035151018,Residential Low/Medium,SP-4,0.0,24.0,0.119
Oakley,,035151007,Residential Low/Medium,SP-4,0.0,24.0,0.0
Oakley,,035151008,Residential Low/Medium,SP-4,0.0,24.0,0.0
Oakley,,035151003,Residential Low/Medium,SP-4,0.0,24.0,0.0
Oakley,,035151004,Residential Low/Medium,SP-4,0.0,24.0,0.0
Oakley,,035151016,Residential Low/Medium,SP-4,0.0,24.0,0.237
Oakley,,035162012,Residential Low/Medium,SP-4,0.0,24.0,0.103
Oakley,,035162011,Residential Low/Medium,SP-4,0.0,24.0,0.103
Oakley,,035162009,Residential Low/Medium,SP-4,0.0,24.0,0.103
Oakley,,035134012,Residential Low/Medium,SP-4,0.0,24.0,0.0
Oakley,,035134013,Residential Low/Medium,SP-4,0.0,24.0,0.0
Oakley,,035142005,Residential Low/Medium,SP-4,0.0,24.0,0.0
Oakley,,035142004,Residential Low/Medium,SP-4,0.0,24.0,0.0
Oakley,,035142003,Residential Low/Medium,SP-4,0.0,24.0,0.0
Oakley,,035142002,Residential Low/Medium,SP-4,0.0,24.0,0.0
Oakley,,035134006,Residential Low/Medium,SP-4,0.0,24.0,0.0
Oakley,,035134008,Residential Low/Medium,SP-4,0.0,24.0,0.0
Oakley,,035134009,Residential Low/Medium,SP-4,0.0,24.0,0.0
Oakley,,035134007,Residential Low/Medium,SP-4,0.0,24.0,0.0
Oakley,,035134014,Residential Low/Medium,SP-4,0.0,24.0,0.116
Oakley,,035134003,Residential Low/Medium,SP-4,0.0,24.0,0.0
Oakley,,035134015,Residential Low/Medium,SP-4,0.0,24.0,0.091
Oakley,,035134002,Residential Low/Medium,SP-4,0.0,24.0,0.0
Oakley,,035134011,Residential Low/Medium,SP-4,0.0,24.0,0.0
Oakley,,035134010,Residential Low/Medium,SP-4,0.0,24.0,0.0
Oakley,,035132009,Commercial Downtown,SP-4,0.0,24.0,0.0
Oakley,,035132010,Commercial Downtown,SP-4,0.0,24.0,0.0
Oakley,,035132008,Commercial Downtown,SP-4,0.0,24.0,0.0
Oakley,,035132007,Commercial Downtown,SP-4,0.0,24.0,0.0
Oakley,,035132005,Commercial Downtown,SP-4,0.0,24.0,0.0
Oakley,,035132006,Commercial Downtown,SP-4,0.0,24.0,0.0
Oakley,,035162010,Residential Low/Medium,SP-4,0.0,24.0,0.103
Oakley,,035161008,Commercial Downtown,SP-4,0.0,24.0,0.0
Oakley,,035161010,Commercial Downtown,SP-4,0.0,24.0,0.0
Oakley,,035161009,Commercial Downtown,SP-4,0.0,24.0,0.0
Oakley,,035161007,Commercial Downtown,SP-4,0.0,24.0,0.0
Oakley,,035162004,Residential Low/Medium,SP-4,0.0,24.0,0.0
Oakley,,035162003,Residential Low/Medium,SP-4,0.0,24.0,0.0
Oakley,,035162002,Residential Low/Medium,SP-4,0.0,24.0,0.0
Oakley,,035162008,Residential Low/Medium,SP-4,0.0,24.0,0.0
Oakley,,035162007,Residential Low/Medium,SP-4,0.0,24.0,0.0
Oakley,,035162006,Residential Low/Medium,SP-4,0.0,24.0,0.0
Oakley,,035151011,Residential Low/Medium,SP-4,0.0,24.0,0.0
Oakley,,035163013,Commercial Downtown,SP-4,0.0,24.0,0.0
Oakley,,035163012,Commercial Downtown,SP-4,0.0,24.0,0.0
Oakley,,035163014,Commercial Downtown,SP-4,0.0,24.0,0.0
Oakley,,035163015,Commercial Downtown,SP-4,0.0,24.0,0.0
Oakley,,035162005,Residential Low/Medium,SP-4,0.0,24.0,0.0
Oakley,,035161006,Commercial Downtown,SP-4,0.0,24.0,0.0
Oakley,,035163001,Commercial Downtown,SP-4,0.0,24.0,0.0
Oakley,,035163016,Commercial Downtown,SP-4,0.0,24.0,0.0
Oakley,,035163006,Commercial Downtown,SP-4,0.0,24.0,0.0
Oakley,,035163005,Commercial Downtown,SP-4,0.0,24.0,0.0
Oakley,,035163004,Commercial Downtown,SP-4,0.0,24.0,0.0
Oakley,,035164002,Commercial Downtown,SP-4,0.0,24.0,1.323
Oakley,,035161005,Commercial Downtown,SP-4,0.0,24.0,0.0
Oakley,,035122XXX,,SP-4,0.0,24.0,0.0
Oakley,,035161004,Commercial Downtown,SP-4,0.0,24.0,0.0
Oakley,,035161003,Commercial Downtown,SP-4,0.0,24.0,0.0
Oakley,,035161011,Commercial Downtown,SP-4,0.0,24.0,0.0
Oakley,,035161001,Commercial Downtown,SP-4,0.0,24.0,0.0
Oakley,,035161002,Commercial Downtown,SP-4,0.0,24.0,0.0
Oakley,,035122007,Commercial Downtown,SP-4,0.0,24.0,0.0
Oakley,,035132004,Commercial Downtown,SP-4,0.0,24.0,0.0
Oakley,,035132003,Commercial Downtown,SP-4,0.0,24.0,0.0
Oakley,,035132001,Commercial Downtown,SP-4,0.0,24.0,0.0
Oakley,,035132002,Commercial Downtown,SP-4,0.0,24.0,0.0
Oakley,,035122002,Commercial Downtown,SP-4,0.0,24.0,0.0
Oakley,,035122003,Commercial Downtown,SP-4,0.0,24.0,0.0
Oakley,,035122004,Commercial Downtown,SP-4,0.0,24.0,0.0
Oakley,,035122006,Commercial Downtown,SP-4,0.0,24.0,0.0
Oakley,,035122005,Commercial Downtown,SP-4,0.0,24.0,0.0
Oakley,,035122008,Commercial Downtown,SP-4,0.0,24.0,0.377
Oakley,,037160026,Commercial Downtown,SP-4,0.0,24.0,0.02
Oakley,,037460082,Residential Low/Medium,R-6,0.0,7.3,0.48
Oakley,,037460022,Residential Low/Medium,R-6,0.0,7.3,0.0
Oakley,,037460023,Residential Low/Medium,R-6,0.0,7.3,0.0
Oakley,,037460025,Residential Low/Medium,R-6,0.0,7.3,0.0
Oakley,,037460026,Residential Low/Medium,R-6,0.0,7.3,0.0
Oakley,,037460058,Residential Low/Medium,R-6,0.0,7.3,0.0
Oakley,,037460027,Residential Low/Medium,R-6,0.0,7.3,0.0
Oakley,,037460028,Residential Low/Medium,R-6,0.0,7.3,0.0
Oakley,,037382008,Residential Low/Medium,R-6,0.0,7.3,0.0
Oakley,,037382007,Residential Low/Medium,R-6,0.0,7.3,0.0
Oakley,,037460030,Residential Low/Medium,R-6,0.0,7.3,0.142
Oakley,,037460029,Residential Low/Medium,R-6,0.0,7.3,0.161
Oakley,,037460032,Residential Low/Medium,R-6,0.0,7.3,0.0
Oakley,,037460031,Residential Low/Medium,R-6,0.0,7.3,0.0
Oakley,,037382006,Residential Low/Medium,R-6,0.0,7.3,0.0
Oakley,,037382005,Residential Low/Medium,R-6,0.0,7.3,0.0
Oakley,,037382003,Residential Low/Medium,R-6,0.0,7.3,0.0
Oakley,,037460033,Residential Low/Medium,R-6,0.0,7.3,0.0
Oakley,,037460034,Residential Low/Medium,R-6,0.0,7.3,0.0
Oakley,,037460037,Residential Low/Medium,R-6,0.0,7.3,0.0
Oakley,,037460072,Residential Low/Medium,R-6,0.0,7.3,0.0
Oakley,,037460059,Residential Low/Medium,R-6,0.0,7.3,0.0
Oakley,,037460060,Residential Low/Medium,R-6,0.0,7.3,0.0
Oakley,,037460071,Residential Low/Medium,R-6,0.0,7.3,0.0
Oakley,,037460070,Residential Low/Medium,R-6,0.0,7.3,0.0
Oakley,,037460069,Residential Low/Medium,R-6,0.0,7.3,0.145
Oakley,,037460068,Residential Low/Medium,R-6,0.0,7.3,0.145
Oakley,,037460062,Residential Low/Medium,R-6,0.0,7.3,0.145
Oakley,,037460063,Residential Low/Medium,R-6,0.0,7.3,0.145
Oakley,,037460061,Residential Low/Medium,R-6,0.0,7.3,0.0
Oakley,,037460057,Residential Low/Medium,R-6,0.0,7.3,0.0
Oakley,,037460056,Residential Low/Medium,R-6,0.0,7.3,0.0
Oakley,,037460054,Residential Low/Medium,R-6,0.0,7.3,0.0
Oakley,,037460055,Residential Low/Medium,R-6,0.0,7.3,0.0
Oakley,,037460053,Residential Low/Medium,R-6,0.0,7.3,0.0
Oakley,,037460024,Residential Low/Medium,R-6,0.0,7.3,0.0
Oakley,,037460052,Residential Low/Medium,R-6,0.0,7.3,0.0
Oakley,,037460051,Residential Low/Medium,R-6,0.0,7.3,0.0
Oakley,,037460064,Residential Low/Medium,R-6,0.0,7.3,0.0
Oakley,,037460065,Residential Low/Medium,R-6,0.0,7.3,0.0
Oakley,,037460067,Residential Low/Medium,R-6,0.0,7.3,0.0
Oakley,,037460066,Residential Low/Medium,R-6,0.0,7.3,0.0
Oakley,,037460046,Residential Low/Medium,R-6,0.0,7.3,0.0
Oakley,,037460047,Residential Low/Medium,R-6,0.0,7.3,0.0
Oakley,,037460048,Residential Low/Medium,R-6,0.0,7.3,0.0
Oakley,,037460049,Residential Low/Medium,R-6,0.0,7.3,0.0
Oakley,,037460007,Residential Low/Medium,R-6,0.0,7.3,0.0
Oakley,,037460006,Residential Low/Medium,R-6,0.0,7.3,0.0
Oakley,,037460009,Residential Low/Medium,R-6,0.0,7.3,0.0
Oakley,,037460008,Residential Low/Medium,R-6,0.0,7.3,0.0
Oakley,,037460011,Residential Low/Medium,R-6,0.0,7.3,0.0
Oakley,,037460010,Residential Low/Medium,R-6,0.0,7.3,0.0
Oakley,,037460012,Residential Low/Medium,R-6,0.0,7.3,0.0
Oakley,,037460013,Residential Low/Medium,R-6,0.0,7.3,0.0
Oakley,,037460050,Residential Low/Medium,R-6,0.0,7.3,0.0
Oakley,,037460018,Residential Low/Medium,R-6,0.0,7.3,0.0
Oakley,,037460017,Residential Low/Medium,R-6,0.0,7.3,0.0
Oakley,,037460019,Residential Low/Medium,R-6,0.0,7.3,0.0
Oakley,,037460020,Residential Low/Medium,R-6,0.0,7.3,0.0
Oakley,,037460021,Residential Low/Medium,R-6,0.0,7.3,0.0
Oakley,,037460016,Residential Low/Medium,R-6,0.0,7.3,0.0
Oakley,,037460015,Residential Low/Medium,R-6,0.0,7.3,0.172
Oakley,,037460014,Residential Low/Medium,R-6,0.0,7.3,0.158
Oakley,,037191017,Public and Semi-Public,P,0.0,0.0,0.0
Oakley,,035164XXX,,SP-4,0.0,24.0,0.0
Oakley,,035161XXX,,SP-4,0.0,24.0,0.0
Oakley,,037191041,Public and Semi-Public,P,0.0,0.0,65.84
Oakley,,037191025,Light Industrial,LI,0.0,0.0,8.76
Oakley,,035174003,Commercial Downtown,SP-4,0.0,24.0,0.67
Oakley,,035172012,Commercial Downtown,SP-4,0.0,24.0,0.0
Oakley,,035172002,Commercial Downtown,SP-4,0.0,24.0,0.0
Oakley,,035174004,Commercial Downtown,SP-4,0.0,24.0,0.978
Oakley,,035173010,Commercial Downtown,SP-4,0.0,24.0,0.0
Oakley,,035173003,Commercial Downtown,SP-4,0.0,24.0,0.0
Oakley,,035173011,Commercial Downtown,SP-4,0.0,24.0,0.233
Oakley,,035173009,Commercial Downtown,SP-4,0.0,24.0,0.0
Oakley,,035182004,Commercial Downtown,SP-4,0.0,24.0,0.0
Oakley,,035182019,Commercial Downtown,SP-4,0.0,24.0,0.355
Oakley,,035182021,Commercial Downtown,SP-4,0.0,24.0,0.0
Oakley,,035182018,Commercial Downtown,SP-4,0.0,24.0,0.0
Oakley,,035182016,Commercial Downtown,SP-4,0.0,24.0,0.0
Oakley,,035182005,Commercial Downtown,SP-4,0.0,24.0,0.0
Oakley,,035182009,Commercial Downtown,SP-4,0.0,24.0,0.0
Oakley,,035182007,Commercial Downtown,SP-4,0.0,24.0,0.0
Oakley,,035182008,Commercial Downtown,SP-4,0.0,24.0,0.0
Oakley,,035182006,Commercial Downtown,SP-4,0.0,24.0,0.0
Oakley,,035173008,Commercial Downtown,C,0.0,0.0,0.0
Oakley,,035173013,Commercial Downtown,SP-4,0.0,24.0,0.24
Oakley,,035173012,Commercial Downtown,SP-4,0.0,24.0,0.235
Oakley,,035172004,Commercial Downtown,C,0.0,0.0,0.0
Oakley,,035171014,Commercial Downtown,C,0.0,0.0,0.0
Oakley,,035171013,Commercial Downtown,C,0.0,0.0,0.0
Oakley,,035171007,Commercial Downtown,C,0.0,0.0,0.0
Oakley,,035171010,Commercial Downtown,C,0.0,0.0,0.0
Oakley,,035172010,Commercial Downtown,SP-4,0.0,24.0,0.0
Oakley,,035171009,Commercial Downtown,SP-4,0.0,24.0,0.0
Oakley,,035171016,Downtown Specific Plan,SP-4,0.0,24.0,0.0
Oakley,,035171012,Commercial Downtown,SP-4,0.0,24.0,0.0
Oakley,,035171015,Commercial Downtown,SP-4,0.0,24.0,0.0
Oakley,,035163007,Commercial Downtown,SP-4,0.0,24.0,0.0
Oakley,,035163008,Commercial Downtown,SP-4,0.0,24.0,0.0
Oakley,,035152004,Commercial Downtown,SP-4,0.0,24.0,0.0
Oakley,,035152003,Commercial Downtown,SP-4,0.0,24.0,0.0
Oakley,,035163009,Commercial Downtown,SP-4,0.0,24.0,0.0
Oakley,,035163010,Commercial Downtown,SP-4,0.0,24.0,0.0
Oakley,,035163011,Commercial Downtown,SP-4,0.0,24.0,0.0
Oakley,,035152002,Commercial Downtown,SP-4,0.0,24.0,0.0
Oakley,,035152012,Commercial Downtown,SP-4,0.0,24.0,0.0
Oakley,,035152011,Commercial Downtown,SP-4,0.0,24.0,0.0
Oakley,,035151012,Residential Low/Medium,SP-4,0.0,24.0,0.0
Oakley,,035152010,Commercial Downtown,SP-4,0.0,24.0,0.0
Oakley,,035152008,Commercial Downtown,SP-4,0.0,24.0,0.0
Oakley,,035152007,Commercial Downtown,SP-4,0.0,24.0,0.0
Oakley,,035154003,Residential Low/Medium,R-6,0.0,7.3,0.0
Oakley,,035152006,Commercial Downtown,SP-4,0.0,24.0,0.0
Oakley,,035152005,Commercial Downtown,SP-4,0.0,24.0,0.0
Oakley,,035154005,Residential Low/Medium,R-6,0.0,7.3,0.0
Oakley,,035154004,Residential Low/Medium,R-6,0.0,7.3,0.0
Oakley,,035190008,Commercial Downtown,C,0.0,0.0,9.875
Oakley,,035300023,Residential Low/Medium,R-6,0.0,7.3,0.0
Oakley,,035154009,Residential Low/Medium,R-6,0.0,7.3,0.0
Oakley,,035154010,Residential Low/Medium,R-6,0.0,7.3,0.0
Oakley,,035154007,Residential Low/Medium,R-6,0.0,7.3,0.0
Oakley,,035300010,Residential Low/Medium,R-6,0.0,7.3,0.0
Oakley,,035300001,Residential Low/Medium,R-6,0.0,7.3,0.0
Oakley,,035153008,Residential Low/Medium,R-6,0.0,7.3,0.0
Oakley,,035154008,Residential Low/Medium,R-6,0.0,7.3,0.0
Oakley,,035154002,Residential Low/Medium,R-6,0.0,7.3,0.0
Oakley,,035154012,Residential Low/Medium,R-6,0.0,7.3,0.0
Oakley,,035152009,Commercial Downtown,SP-4,0.0,24.0,0.0
Oakley,,035154011,Residential Low/Medium,R-6,0.0,7.3,0.0
Oakley,,035153006,Residential Low/Medium,R-6,0.0,7.3,0.0
Oakley,,035151014,Residential Low/Medium,SP-4,0.0,24.0,0.0
Oakley,,035151013,Residential Low/Medium,SP-4,0.0,24.0,0.0
Oakley,,035153005,Residential Low/Medium,R-6,0.0,7.3,0.0
Oakley,,035153004,Residential Low/Medium,R-6,0.0,7.3,0.0
Oakley,,035153003,Residential Low/Medium,R-6,0.0,7.3,0.0
Oakley,,035153002,Residential Low/Medium,R-6,0.0,7.3,0.0
Oakley,,035153001,Residential Low/Medium,R-6,0.0,7.3,0.0
Oakley,,035153007,Residential Low/Medium,R-6,0.0,7.3,0.0
Oakley,,035153009,Residential Low/Medium,R-6,0.0,7.3,0.0
Oakley,,035144004,Residential Low/Medium,R-6,0.0,7.3,0.0
Oakley,,035300025,Parks and Recreation,PR,0.0,0.0,1.04
Oakley,,035300018,Residential Low/Medium,R-6,0.0,7.3,3.75
Oakley,,035300006,Residential Low/Medium,R-6,0.0,7.3,0.0
Oakley,,035300005,Residential Low/Medium,R-6,0.0,7.3,0.0
Oakley,,035300004,Residential Low/Medium,R-6,0.0,7.3,0.0
Oakley,,035300003,Residential Low/Medium,R-6,0.0,7.3,0.0
Oakley,,035300002,Residential Low/Medium,R-6,0.0,7.3,0.0
Oakley,,035300009,Residential Low/Medium,R-6,0.0,7.3,0.0
Oakley,,035300008,Residential Low/Medium,R-6,0.0,7.3,0.0
Oakley,,035300007,Residential Low/Medium,R-6,0.0,7.3,0.0
Oakley,,035300024,Residential Low/Medium,R-6,0.0,7.3,0.0
Oakley,,035300021,Residential Low/Medium,R-6,0.0,7.3,0.0
Oakley,,035300028,Residential Low/Medium,R-6,0.0,7.3,0.0
Oakley,,035300027,Residential Low/Medium,R-6,0.0,7.3,0.0
Oakley,,035351044,Residential Low/Medium,P-1,0.0,24.0,0.0
Oakley,,035351043,Residential Low/Medium,P-1,0.0,24.0,0.0
Oakley,,035351046,Residential Low/Medium,P-1,0.0,24.0,0.0
Oakley,,035351045,Residential Low/Medium,P-1,0.0,24.0,0.0
Oakley,,035402007,Residential Low/Medium,P-1,0.0,24.0,0.0
Oakley,,035402008,Residential Low/Medium,P-1,0.0,24.0,0.0
Oakley,,035352002,Residential Low/Medium,P-1,0.0,24.0,0.0
Oakley,,035352001,Residential Low/Medium,P-1,0.0,24.0,0.0
Oakley,,035403001,Residential Low/Medium,P-1,0.0,24.0,0.0
Oakley,,035403002,Residential Low/Medium,P-1,0.0,24.0,0.0
Oakley,,035403032,Residential Low/Medium,P-1,0.0,24.0,0.0
Oakley,,035403031,Residential Low/Medium,P-1,0.0,24.0,0.0
Oakley,,035403030,Residential Low/Medium,P-1,0.0,24.0,0.0
Oakley,,035403029,Residential Low/Medium,P-1,0.0,24.0,0.0
Oakley,,035403003,Residential Low/Medium,P-1,0.0,24.0,0.0
Oakley,,035403004,Residential Low/Medium,P-1,0.0,24.0,0.0
Oakley,,035402004,Residential Low/Medium,P-1,0.0,24.0,0.0
Oakley,,035402005,Residential Low/Medium,P-1,0.0,24.0,0.0
Oakley,,035402006,Residential Low/Medium,P-1,0.0,24.0,0.0
Oakley,,035402003,Residential Low/Medium,P-1,0.0,24.0,0.0
Oakley,,035402002,Residential Low/Medium,P-1,0.0,24.0,0.0
Oakley,,035402001,Residential Low/Medium,P-1,0.0,24.0,0.0
Oakley,,035401015,Residential Low/Medium,P-1,0.0,24.0,0.0
Oakley,,035402009,Parks and Recreation,PR,0.0,0.0,2.945
Oakley,,035401017,Residential Low/Medium,P-1,0.0,24.0,0.0
Oakley,,035401016,Residential Low/Medium,P-1,0.0,24.0,0.0
Oakley,,035401014,Residential Low/Medium,P-1,0.0,24.0,0.0
Oakley,,035401013,Residential Low/Medium,P-1,0.0,24.0,0.0
Oakley,,035401012,Residential Low/Medium,P-1,0.0,24.0,0.0
Oakley,,035401011,Residential Low/Medium,P-1,0.0,24.0,0.0
Oakley,,035401010,Residential Low/Medium,P-1,0.0,24.0,0.0
Oakley,,035401008,Residential Low/Medium,P-1,0.0,24.0,0.0
Oakley,,035401007,Residential Low/Medium,P-1,0.0,24.0,0.0
Oakley,,035401005,Residential Low/Medium,P-1,0.0,24.0,0.0
Oakley,,035401006,Residential Low/Medium,P-1,0.0,24.0,0.0
Oakley,,035401009,Residential Low/Medium,P-1,0.0,24.0,0.0
Oakley,,035403016,Residential Low/Medium,P-1,0.0,24.0,0.0
Oakley,,035403015,Residential Low/Medium,P-1,0.0,24.0,0.0
Oakley,,035403013,Residential Low/Medium,P-1,0.0,24.0,0.0
Oakley,,035403014,Residential Low/Medium,P-1,0.0,24.0,0.0
Oakley,,035403017,Residential Low/Medium,P-1,0.0,24.0,0.0
Oakley,,035403018,Residential Low/Medium,P-1,0.0,24.0,0.0
Oakley,,035405010,Residential Low/Medium,P-1,0.0,24.0,0.0
Oakley,,035401004,Residential Low/Medium,P-1,0.0,24.0,0.0
Oakley,,035401003,Residential Low/Medium,P-1,0.0,24.0,0.0
Oakley,,035405022,Residential Low/Medium,P-1,0.0,24.0,0.0
Oakley,,035405021,Residential Low/Medium,P-1,0.0,24.0,0.0
Oakley,,035405019,Residential Low/Medium,P-1,0.0,24.0,0.0
Oakley,,035405018,Residential Low/Medium,P-1,0.0,24.0,0.0
Oakley,,035405017,Residential Low/Medium,P-1,0.0,24.0,0.0
Oakley,,035405015,Residential Low/Medium,P-1,0.0,24.0,0.2606078049120502
Oakley,,035405030,Residential Low/Medium,P-1,0.0,24.0,0.0
Oakley,,035405012,Residential Low/Medium,P-1,0.0,24.0,0.0
Oakley,,035405029,Residential Low/Medium,P-1,0.0,24.0,0.0
Oakley,,035405011,Residential Low/Medium,P-1,0.0,24.0,0.0
Oakley,,035405009,Residential Low/Medium,P-1,0.0,24.0,0.0
Oakley,,035405008,Residential Low/Medium,P-1,0.0,24.0,0.0
Oakley,,035405006,Residential Low/Medium,P-1,0.0,24.0,0.0
Oakley,,035405005,Residential Low/Medium,P-1,0.0,24.0,0.0
Oakley,,035403021,Residential Low/Medium,P-1,0.0,24.0,0.0
Oakley,,035405007,Residential Low/Medium,P-1,0.0,24.0,0.0
Oakley,,035403019,Residential Low/Medium,P-1,0.0,24.0,0.0
Oakley,,035403020,Residential Low/Medium,P-1,0.0,24.0,0.0
Oakley,,035403011,Residential Low/Medium,P-1,0.0,24.0,0.0
Oakley,,035403012,Residential Low/Medium,P-1,0.0,24.0,0.0
Oakley,,035403010,Residential Low/Medium,P-1,0.0,24.0,0.0
Oakley,,035403008,Residential Low/Medium,P-1,0.0,24.0,0.0
Oakley,,035403009,Residential Low/Medium,P-1,0.0,24.0,0.0
Oakley,,035403022,Residential Low/Medium,P-1,0.0,24.0,0.0
Oakley,,035403023,Residential Low/Medium,P-1,0.0,24.0,0.0
Oakley,,035403024,Residential Low/Medium,P-1,0.0,24.0,0.0
Oakley,,035404026,Residential Low/Medium,P-1,0.0,24.0,0.0
Oakley,,035403025,Residential Low/Medium,P-1,0.0,24.0,0.0
Oakley,,035403026,Residential Low/Medium,P-1,0.0,24.0,0.0
Oakley,,035403007,Residential Low/Medium,P-1,0.0,24.0,0.0
Oakley,,035403006,Residential Low/Medium,P-1,0.0,24.0,0.0
Oakley,,035403028,Residential Low/Medium,P-1,0.0,24.0,0.0
Oakley,,035403005,Residential Low/Medium,P-1,0.0,24.0,0.0
Oakley,,035403027,Residential Low/Medium,P-1,0.0,24.0,0.0
Oakley,,035404007,Residential Low/Medium,P-1,0.0,24.0,0.14858775661916995
Oakley,,035404006,Residential Low/Medium,P-1,0.0,24.0,0.1536205143116586
Oakley,,035404005,Residential Low/Medium,P-1,0.0,24.0,0.15059954349024496
Oakley,,035404015,Residential Low/Medium,P-1,0.0,24.0,0.14140105586622392
Oakley,,035404016,Residential Low/Medium,P-1,0.0,24.0,0.1400861196559815
Oakley,,035404004,Residential Low/Medium,P-1,0.0,24.0,0.14993514047734627
Oakley,,035404017,Residential Low/Medium,P-1,0.0,24.0,0.13882138029181962
Oakley,,035404018,Residential Low/Medium,P-1,0.0,24.0,0.14025472903657135
Oakley,,035404003,Residential Low/Medium,P-1,0.0,24.0,0.1774915759159668
Oakley,,035404019,Residential Low/Medium,P-1,0.0,24.0,0.13416190694703356
Oakley,,035404001,Residential Low/Medium,P-1,0.0,24.0,0.21189376270527066
Oakley,,035404002,Residential Low/Medium,P-1,0.0,24.0,0.19232590179139586
Oakley,,035404021,Residential Low/Medium,P-1,0.0,24.0,0.1994012645722781
Oakley,,035404020,Residential Low/Medium,P-1,0.0,24.0,0.151751221300189
Oakley,,035201015,Residential Low/Medium,R-6,0.0,7.3,0.921
Oakley,,035201004,Residential Low/Medium,R-6,0.0,7.3,0.5
Oakley,,035201017,Residential Low/Medium,AL,0.0,0.0,0.825
Oakley,,035404022,Residential Low/Medium,P-1,0.0,24.0,0.15310142339714056
Oakley,,035404023,Residential Low/Medium,P-1,0.0,24.0,0.15333162593423774
Oakley,,035404024,Residential Low/Medium,P-1,0.0,24.0,0.16479917374433514
Oakley,,035404025,Residential Low/Medium,P-1,0.0,24.0,0.0
Oakley,,035405004,Residential Low/Medium,P-1,0.0,24.0,0.0
Oakley,,035405001,Residential Low/Medium,P-1,0.0,24.0,0.19989596804105195
Oakley,,035405002,Residential Low/Medium,P-1,0.0,24.0,0.1996964830862555
Oakley,,035405003,Residential Low/Medium,P-1,0.0,24.0,0.0
Oakley,,035405016,Residential Low/Medium,P-1,0.0,24.0,0.20933529640274537
Oakley,,035202004,Residential Low/Medium,R-6,0.0,7.3,1.16
Oakley,,035202012,Residential Low/Medium,R-6,0.0,7.3,1.58
Oakley,,035212007,Residential Low,R-10,0.0,4.4,12.0
Oakley,,035202007,Residential Low/Medium,R-6,0.0,7.3,4.8
Oakley,,035201014,Residential Low/Medium,R-6,0.0,7.3,0.522
Oakley,,035201012,Residential Low/Medium,R-6,0.0,7.3,0.459
Oakley,,035201016,Residential Low/Medium,R-6,0.0,7.3,0.611
Oakley,,035201002,Residential Low/Medium,AL,0.0,0.0,1.3
Oakley,,035404013,Residential Low/Medium,P-1,0.0,24.0,0.13975055049723697
Oakley,,035404014,Residential Low/Medium,P-1,0.0,24.0,0.13629719917044908
Oakley,,035404008,Residential Low/Medium,P-1,0.0,24.0,0.15259853016837208
Oakley,,035404011,Residential Low/Medium,P-1,0.0,24.0,0.15544242778681272
Oakley,,035404012,Residential Low/Medium,P-1,0.0,24.0,0.1380408473419714
Oakley,,035211004,Parks and Recreation,PR,0.0,0.0,27.55
Oakley,,035201008,Residential Low/Medium,R-6,0.0,7.3,0.71
Oakley,,035201010,Residential Low/Medium,R-6,0.0,7.3,0.48
Oakley,,035201013,Residential Low/Medium,R-6,0.0,7.3,0.805
Oakley,,035351009,Residential Low/Medium,P-1,0.0,24.0,0.1467084316550266
Oakley,,035351008,Residential Low/Medium,P-1,0.0,24.0,0.15195625197840718
Oakley,,035351016,Residential Low/Medium,P-1,0.0,24.0,0.16391899095290124
Oakley,,035351015,Residential Low/Medium,P-1,0.0,24.0,0.156356372041793
Oakley,,035351014,Residential Low/Medium,P-1,0.0,24.0,0.15890880145406916
Oakley,,035351013,Residential Low/Medium,P-1,0.0,24.0,0.15363127681381325
Oakley,,035351010,Residential Low/Medium,P-1,0.0,24.0,0.1471234036428494
Oakley,,035351011,Residential Low/Medium,P-1,0.0,24.0,0.1568427666934245
Oakley,,035351012,Residential Low/Medium,P-1,0.0,24.0,0.16901211138755282
Oakley,,035354008,Residential Low/Medium,P-1,0.0,24.0,0.16684684875522623
Oakley,,035354007,Residential Low/Medium,P-1,0.0,24.0,0.1539578795089409
Oakley,,035354009,Residential Low/Medium,P-1,0.0,24.0,0.14831582997857612
Oakley,,035354010,Residential Low/Medium,P-1,0.0,24.0,0.1359717358267584
Oakley,,035354014,Residential Low/Medium,P-1,0.0,24.0,0.13991869540556537
Oakley,,035354011,Residential Low/Medium,P-1,0.0,24.0,0.13658095389605984
Oakley,,035354012,Residential Low/Medium,P-1,0.0,24.0,0.14303318690287858
Oakley,,035354006,Residential Low/Medium,P-1,0.0,24.0,0.15632372141604212
Oakley,,035354005,Residential Low/Medium,P-1,0.0,24.0,0.15827334701451828
Oakley,,035354004,Residential Low/Medium,P-1,0.0,24.0,0.15048001611353448
Oakley,,035354003,Residential Low/Medium,P-1,0.0,24.0,0.15480579949792558
Oakley,,035354013,Residential Low/Medium,P-1,0.0,24.0,0.13540880631792143
Oakley,,035354015,Residential Low/Medium,P-1,0.0,24.0,0.14238054336454045
Oakley,,035354016,Residential Low/Medium,P-1,0.0,24.0,0.14660019196748814
Oakley,,035354002,Residential Low/Medium,P-1,0.0,24.0,0.1562634475362146
Oakley,,035354001,Residential Low/Medium,P-1,0.0,24.0,0.16274272476426557
Oakley,,035404010,Residential Low/Medium,P-1,0.0,24.0,0.165813238563993
Oakley,,035404009,Residential Low/Medium,P-1,0.0,24.0,0.1506459596277775
Oakley,,035352016,Residential Low/Medium,P-1,0.0,24.0,0.0
Oakley,,035352015,Residential Low/Medium,P-1,0.0,24.0,0.0
Oakley,,035352014,Residential Low/Medium,P-1,0.0,24.0,0.0
Oakley,,035352013,Residential Low/Medium,P-1,0.0,24.0,0.0
Oakley,,035352012,Residential Low/Medium,P-1,0.0,24.0,0.0
Oakley,,035352011,Residential Low/Medium,P-1,0.0,24.0,0.0
Oakley,,035352006,Residential Low/Medium,P-1,0.0,24.0,0.0
Oakley,,035352005,Residential Low/Medium,P-1,0.0,24.0,0.0
Oakley,,035352004,Residential Low/Medium,P-1,0.0,24.0,0.0
Oakley,,035352003,Residential Low/Medium,P-1,0.0,24.0,0.0
Oakley,,035351042,Residential Low/Medium,P-1,0.0,24.0,0.0
Oakley,,035351041,Residential Low/Medium,P-1,0.0,24.0,0.0
Oakley,,035351040,Residential Low/Medium,P-1,0.0,24.0,0.0
Oakley,,035351039,Residential Low/Medium,P-1,0.0,24.0,0.0
Oakley,,035353001,Residential Low/Medium,P-1,0.0,24.0,0.0
Oakley,,035352008,Residential Low/Medium,P-1,0.0,24.0,0.0
Oakley,,035352007,Residential Low/Medium,P-1,0.0,24.0,0.0
Oakley,,035352010,Residential Low/Medium,P-1,0.0,24.0,0.0
Oakley,,035352009,Residential Low/Medium,P-1,0.0,24.0,0.0
Oakley,,035353018,Residential Low/Medium,P-1,0.0,24.0,0.0
Oakley,,035353002,Residential Low/Medium,P-1,0.0,24.0,0.0
Oakley,,035353017,Residential Low/Medium,P-1,0.0,24.0,0.0
Oakley,,035353016,Residential Low/Medium,P-1,0.0,24.0,0.0
Oakley,,035353014,Residential Low/Medium,P-1,0.0,24.0,0.0
Oakley,,035353005,Residential Low/Medium,P-1,0.0,24.0,0.0
Oakley,,035353004,Residential Low/Medium,P-1,0.0,24.0,0.0
Oakley,,035353015,Residential Low/Medium,P-1,0.0,24.0,0.0
Oakley,,035353003,Residential Low/Medium,P-1,0.0,24.0,0.0
Oakley,,035351034,Residential Low/Medium,P-1,0.0,24.0,0.0
Oakley,,035351033,Residential Low/Medium,P-1,0.0,24.0,0.0
Oakley,,035351032,Residential Low/Medium,P-1,0.0,24.0,0.0
Oakley,,035351036,Residential Low/Medium,P-1,0.0,24.0,0.0
Oakley,,035351035,Residential Low/Medium,P-1,0.0,24.0,0.0
Oakley,,035351037,Residential Low/Medium,P-1,0.0,24.0,0.0
Oakley,,035351038,Residential Low/Medium,P-1,0.0,24.0,0.0
Oakley,,035300026,Residential Low/Medium,R-6,0.0,7.3,0.38
Oakley,,035351027,Residential Low/Medium,P-1,0.0,24.0,0.0
Oakley,,035351029,Residential Low/Medium,P-1,0.0,24.0,0.0
Oakley,,035351028,Residential Low/Medium,P-1,0.0,24.0,0.0
Oakley,,035351030,Residential Low/Medium,P-1,0.0,24.0,0.0
Oakley,,035351031,Residential Low/Medium,P-1,0.0,24.0,0.0
Oakley,,035353009,Residential Low/Medium,P-1,0.0,24.0,0.0
Oakley,,035353011,Residential Low/Medium,P-1,0.0,24.0,0.0
Oakley,,035353008,Residential Low/Medium,P-1,0.0,24.0,0.0
Oakley,,035353007,Residential Low/Medium,P-1,0.0,24.0,0.0
Oakley,,035353006,Residential Low/Medium,P-1,0.0,24.0,0.0
Oakley,,035353013,Residential Low/Medium,P-1,0.0,24.0,0.0
Oakley,,035353012,Residential Low/Medium,P-1,0.0,24.0,0.0
Oakley,,035353010,Residential Low/Medium,P-1,0.0,24.0,0.0
Oakley,,035351024,Residential Low/Medium,P-1,0.0,24.0,0.0
Oakley,,035351022,Residential Low/Medium,P-1,0.0,24.0,0.31166723238687777
Oakley,,035351023,Residential Low/Medium,P-1,0.0,24.0,0.0
Oakley,,035351025,Residential Low/Medium,P-1,0.0,24.0,0.0
Oakley,,035351026,Residential Low/Medium,P-1,0.0,24.0,0.0
Oakley,,035311005,Residential Low/Medium,R-6,0.0,7.3,0.0
Oakley,,035314002,Residential Low/Medium,R-6,0.0,7.3,0.0
Oakley,,035314001,Residential Low/Medium,R-6,0.0,7.3,0.0
Oakley,,035100017,Residential Low/Medium,R-6,0.0,7.3,0.78
Oakley,,035314003,Residential Low/Medium,R-6,0.0,7.3,0.0
Oakley,,035314005,Residential Low/Medium,R-6,0.0,7.3,0.0
Oakley,,035314004,Residential Low/Medium,R-6,0.0,7.3,0.0
Oakley,,035314006,Residential Low/Medium,R-6,0.0,7.3,0.0
Oakley,,035314007,Residential Low/Medium,R-6,0.0,7.3,0.0
Oakley,,035070012,Residential Low/Medium,R-6,0.0,7.3,0.45
Oakley,,035070081,Commercial,RB,0.0,0.0,1.472
Oakley,,035100021,Residential Low/Medium,R-6,0.0,7.3,0.364
Oakley,,035351001,Residential Low/Medium,P-1,0.0,24.0,0.16578472996391272
Oakley,,035351002,Residential Low/Medium,P-1,0.0,24.0,0.15177037687229475
Oakley,,035351003,Residential Low/Medium,P-1,0.0,24.0,0.14770956644706043
Oakley,,035351004,Residential Low/Medium,P-1,0.0,24.0,0.14755300467638177
Oakley,,035351021,Residential Low/Medium,P-1,0.0,24.0,0.238304564494027
Oakley,,035351020,Residential Low/Medium,P-1,0.0,24.0,0.1704307372195367
Oakley,,035351019,Residential Low/Medium,P-1,0.0,24.0,0.16158985505285042
Oakley,,035351018,Residential Low/Medium,P-1,0.0,24.0,0.15839218705644081
Oakley,,035351017,Residential Low/Medium,P-1,0.0,24.0,0.15909894373611075
Oakley,,035351005,Residential Low/Medium,P-1,0.0,24.0,0.14646547990940276
Oakley,,035351006,Residential Low/Medium,P-1,0.0,24.0,0.1477923180255928
Oakley,,035351007,Residential Low/Medium,P-1,0.0,24.0,0.14393880637550405
Oakley,,035070051,Residential Low/Medium,P-1,0.0,24.0,0.13706306514001373
Oakley,,035070050,Residential Low/Medium,P-1,0.0,24.0,0.12740961050395758
Oakley,,035070052,Residential Low/Medium,P-1,0.0,24.0,0.13591265463076882
Oakley,,035070057,Residential Low/Medium,P-1,0.0,24.0,0.12029271093815411
Oakley,,035070055,Residential Low/Medium,P-1,0.0,24.0,0.1264095709171329
Oakley,,035070053,Residential Low/Medium,P-1,0.0,24.0,0.1931826795833752
Oakley,,035060007,Residential Low/Medium,R-6,0.0,7.3,0.178
Oakley,,035070054,Residential Low/Medium,P-1,0.0,24.0,0.10298044937025884
Oakley,,035060004,Residential Low/Medium,R-6,0.0,7.3,0.23
Oakley,,035070056,Residential Low/Medium,P-1,0.0,24.0,0.14595573880109358
Oakley,,035070058,Residential Low/Medium,P-1,0.0,24.0,0.14795057123682762
Oakley,,035070059,Residential Low/Medium,P-1,0.0,24.0,0.14621985131873183
Oakley,,035473022,Residential Low/Medium,R-6,0.0,7.3,0.2510788928044883
Oakley,,035070060,Residential Low/Medium,P-1,0.0,24.0,0.1832059865231832
Oakley,,035070063,Residential Low/Medium,P-1,0.0,24.0,0.15472871738529342
Oakley,,035473020,Residential Low/Medium,R-6,0.0,7.3,0.3220125582057829
Oakley,,035070062,Residential Low/Medium,P-1,0.0,24.0,0.12143156768269012
Oakley,,035473021,Residential Low/Medium,R-6,0.0,7.3,0.20816114470230468
Oakley,,035070061,Residential Low/Medium,P-1,0.0,24.0,0.12916546817302355
Oakley,,035070043,Residential Low/Medium,P-1,0.0,24.0,0.14077333438214323
Oakley,,035070042,Residential Low/Medium,P-1,0.0,24.0,0.08563494365313983
Oakley,,035070044,Residential Low/Medium,P-1,0.0,24.0,0.13016292962561765
Oakley,,035070046,Residential Low/Medium,P-1,0.0,24.0,0.12179722094157679
Oakley,,035070045,Residential Low/Medium,P-1,0.0,24.0,0.12267573932024015
Oakley,,035070048,Residential Low/Medium,P-1,0.0,24.0,0.08034933597574134
Oakley,,035070047,Residential Low/Medium,P-1,0.0,24.0,0.12626057371526353
Oakley,,035070049,Residential Low/Medium,P-1,0.0,24.0,0.08034681448460657
Oakley,,035070015,Residential Low/Medium,R-6,0.0,7.3,0.27
Oakley,,035070019,Residential Low/Medium,R-6,0.0,7.3,0.305
Oakley,,035070018,Residential Low/Medium,R-6,0.0,7.3,0.305
Oakley,,035070009,Residential Low/Medium,R-6,0.0,7.3,0.37
Oakley,,035070010,Residential Low/Medium,R-6,0.0,7.3,0.37
Oakley,,035070011,Residential Low/Medium,R-6,0.0,7.3,0.37
Oakley,,035290012,Residential Low/Medium,R-6,0.0,7.3,0.32
Oakley,,035070007,Residential Low/Medium,R-6,0.0,7.3,0.55
Oakley,,035070008,Residential Low/Medium,R-6,0.0,7.3,0.37
Oakley,,035070013,Residential Low/Medium,R-6,0.0,7.3,0.27
Oakley,,035070032,Residential Low/Medium,P-1,0.0,24.0,0.12376059240530787
Oakley,,035070033,Residential Low/Medium,P-1,0.0,24.0,0.14312473557157243
Oakley,,035070006,Residential Low/Medium,R-6,0.0,7.3,0.45
Oakley,,035070037,Residential Low/Medium,P-1,0.0,24.0,0.186251831432025
Oakley,,035070036,Residential Low/Medium,P-1,0.0,24.0,0.13959810288971916
Oakley,,035070035,Residential Low/Medium,P-1,0.0,24.0,0.14399369789511188
Oakley,,035070079,Residential Low/Medium,R-6,0.0,7.3,0.498
Oakley,,035070039,Residential Low/Medium,P-1,0.0,24.0,0.1455520448112914
Oakley,,035070038,Residential Low/Medium,P-1,0.0,24.0,0.13619669901118023
Oakley,,035070040,Residential Low/Medium,P-1,0.0,24.0,0.17408635694417413
Oakley,,035070041,Residential Low/Medium,P-1,0.0,24.0,0.09088030827957827
Oakley,,035070065,Residential Low/Medium,P-1,0.0,24.0,0.14240454989475218
Oakley,,035070064,Residential Low/Medium,P-1,0.0,24.0,0.14133378636121274
Oakley,,035473016,Residential Low/Medium,R-6,0.0,7.3,0.2281206493440415
Oakley,,035070066,Residential Low/Medium,P-1,0.0,24.0,0.1194685258599696
Oakley,,035473014,Residential Low/Medium,R-6,0.0,7.3,0.23005395993958258
Oakley,,035070067,Residential Low/Medium,P-1,0.0,24.0,0.11621974743032056
Oakley,,035473015,Residential Low/Medium,R-6,0.0,7.3,0.15231917756654567
Oakley,,035070068,Residential Low/Medium,P-1,0.0,24.0,0.10029772136775379
Oakley,,035070069,Residential Low/Medium,P-1,0.0,24.0,0.10029613168988757
Oakley,,035473009,Residential Low/Medium,R-6,0.0,7.3,0.2246899744749505
Oakley,,035473008,Residential Low/Medium,R-6,0.0,7.3,0.15469146997923724
Oakley,,035070073,Residential Low/Medium,P-1,0.0,24.0,0.11478179538828151
Oakley,,035070072,Residential Low/Medium,P-1,0.0,24.0,0.11478193823435791
Oakley,,035070070,Residential Low/Medium,P-1,0.0,24.0,0.11478324728663748
Oakley,,035070071,Residential Low/Medium,P-1,0.0,24.0,0.11478023043261563
Oakley,,035070034,Residential Low/Medium,P-1,0.0,24.0,0.11702320546580966
Oakley,,035070029,Residential Low/Medium,P-1,0.0,24.0,0.12025007448904208
Oakley,,035070030,Residential Low/Medium,P-1,0.0,24.0,0.1288536968419455
Oakley,,035070026,Residential Low/Medium,P-1,0.0,24.0,0.12037240588593684
Oakley,,035070031,Residential Low/Medium,P-1,0.0,24.0,0.13822117564674966
Oakley,,035070027,Residential Low/Medium,P-1,0.0,24.0,0.12166335083098105
Oakley,,035070028,Residential Low/Medium,P-1,0.0,24.0,0.13658949211424395
Oakley,,035070023,Residential Low/Medium,R-6,0.0,7.3,0.12251065111341077
Oakley,,035070022,Residential Low/Medium,R-6,0.0,7.3,0.12254217450808069
Oakley,,035070075,Residential Low/Medium,P-1,0.0,24.0,0.1350324728908896
Oakley,,035070074,Residential Low/Medium,P-1,0.0,24.0,0.11478306251472023
Oakley,,035473001,Residential Low/Medium,R-6,0.0,7.3,0.1326929581869193
Oakley,,035473007,Residential Low/Medium,R-6,0.0,7.3,0.22256390722058228
Oakley,,035473002,Residential Low/Medium,R-6,0.0,7.3,0.1417945138276459
Oakley,,035471002,Residential Low/Medium,R-6,0.0,7.3,0.13997738234445903
Oakley,,035471001,Residential Low/Medium,R-6,0.0,7.3,0.15381158903024078
Oakley,,035070020,Residential Low/Medium,R-6,0.0,7.3,0.12717121347182586
Oakley,,035070021,Residential Low/Medium,R-6,0.0,7.3,0.12281243321372212
Oakley,,035341014,Residential Low/Medium,R-6,0.0,7.3,0.145055108634914
Oakley,,035341015,Residential Low/Medium,R-6,0.0,7.3,0.14635173703873305
Oakley,,035341016,Residential Low/Medium,R-6,0.0,7.3,0.1431498893271026
Oakley,,035341017,Residential Low/Medium,R-6,0.0,7.3,0.14153227948097463
Oakley,,035343007,Residential Low/Medium,R-6,0.0,7.3,0.14032298133374851
Oakley,,035343006,Residential Low/Medium,R-6,0.0,7.3,0.13779768209292403
Oakley,,035341018,Residential Low/Medium,R-6,0.0,7.3,0.13757041804316958
Oakley,,035341019,Residential Low/Medium,R-6,0.0,7.3,0.14085756622191187
Oakley,,035341020,Residential Low/Medium,R-6,0.0,7.3,0.1411537486968993
Oakley,,035341021,Residential Low/Medium,R-6,0.0,7.3,0.1431049487583321
Oakley,,035471005,Residential Low/Medium,R-6,0.0,7.3,0.14176534308107877
Oakley,,035471004,Residential Low/Medium,R-6,0.0,7.3,0.14050871813138868
Oakley,,035471003,Residential Low/Medium,R-6,0.0,7.3,0.14020024193747582
Oakley,,035473003,Residential Low/Medium,R-6,0.0,7.3,0.14019543931507683
Oakley,,035473004,Residential Low/Medium,R-6,0.0,7.3,0.1386144470725749
Oakley,,035472023,Residential Low/Medium,R-6,0.0,7.3,0.13743700174846454
Oakley,,035472024,Residential Low/Medium,R-6,0.0,7.3,0.14568186049905404
Oakley,,035471006,Residential Low/Medium,R-6,0.0,7.3,0.14848815757452077
Oakley,,035471007,Residential Low/Medium,R-6,0.0,7.3,0.1376048997760142
Oakley,,035472001,Residential Low/Medium,R-6,0.0,7.3,0.14341374210534805
Oakley,,035472002,Residential Low/Medium,R-6,0.0,7.3,0.13592643202418955
Oakley,,035474020,Residential Low/Medium,R-6,0.0,7.3,0.14361311813353683
Oakley,,035472003,Residential Low/Medium,R-6,0.0,7.3,0.1419007693435313
Oakley,,035472004,Residential Low/Medium,R-6,0.0,7.3,0.13399945951907224
Oakley,,035472005,Residential Low/Medium,R-6,0.0,7.3,0.13846430889239805
Oakley,,035472020,Residential Low/Medium,R-6,0.0,7.3,0.1397973345820513
Oakley,,035472021,Residential Low/Medium,R-6,0.0,7.3,0.13722102973919564
Oakley,,035472022,Residential Low/Medium,R-6,0.0,7.3,0.1412505514675184
Oakley,,035473005,Residential Low/Medium,R-6,0.0,7.3,0.15297013527405717
Oakley,,035473006,Residential Low/Medium,R-6,0.0,7.3,0.15253657162162632
Oakley,,035473010,Residential Low/Medium,R-6,0.0,7.3,0.14943380859564523
Oakley,,035473011,Residential Low/Medium,R-6,0.0,7.3,0.15161924297453813
Oakley,,035472019,Residential Low/Medium,R-6,0.0,7.3,0.1333112863267539
Oakley,,035472018,Residential Low/Medium,R-6,0.0,7.3,0.13990356396600434
Oakley,,035473013,Residential Low/Medium,R-6,0.0,7.3,0.15057561964341593
Oakley,,035473012,Residential Low/Medium,R-6,0.0,7.3,0.15451246341862218
Oakley,,035473017,Residential Low/Medium,R-6,0.0,7.3,0.14882235196020036
Oakley,,035473018,Residential Low/Medium,R-6,0.0,7.3,0.15384392061876237
Oakley,,035472014,Residential Low/Medium,R-6,0.0,7.3,0.15042226892847121
Oakley,,035472015,Residential Low/Medium,R-6,0.0,7.3,0.13703864657903667
Oakley,,035472016,Residential Low/Medium,R-6,0.0,7.3,0.13915630567138548
Oakley,,035472017,Residential Low/Medium,R-6,0.0,7.3,0.14241807936128018
Oakley,,035472008,Residential Low/Medium,R-6,0.0,7.3,0.14036214034511968
Oakley,,035472009,Residential Low/Medium,R-6,0.0,7.3,0.13671586303280783
Oakley,,035472010,Residential Low/Medium,R-6,0.0,7.3,0.13625735949967277
Oakley,,035474012,Residential Low/Medium,R-6,0.0,7.3,0.13625491311698273
Oakley,,035474013,Residential Low/Medium,R-6,0.0,7.3,0.12952887420399667
Oakley,,035474014,Residential Low/Medium,R-6,0.0,7.3,0.14466034557062313
Oakley,,035474015,Residential Low/Medium,R-6,0.0,7.3,0.13733873037669952
Oakley,,035472007,Residential Low/Medium,R-6,0.0,7.3,0.1376204922963491
Oakley,,035472006,Residential Low/Medium,R-6,0.0,7.3,0.13260856588550757
Oakley,,035474016,Residential Low/Medium,R-6,0.0,7.3,0.13706198507215808
Oakley,,035474017,Residential Low/Medium,R-6,0.0,7.3,0.13705529266323926
Oakley,,035474018,Residential Low/Medium,R-6,0.0,7.3,0.13642745492918787
Oakley,,035474019,Residential Low/Medium,R-6,0.0,7.3,0.13874764695626043
Oakley,,035503004,Residential Low,R-10,0.0,4.4,0.22389256283294137
Oakley,,035503005,Residential Low,R-10,0.0,4.4,0.22821705444560003
Oakley,,035503007,Residential Low,R-10,0.0,4.4,0.22551876413286498
Oakley,,035503006,Residential Low,R-10,0.0,4.4,0.2242485516980833
Oakley,,035502009,Residential Low,R-10,0.0,4.4,0.2319108801393379
Oakley,,035502008,Residential Low,R-10,0.0,4.4,0.24361868061797015
Oakley,,035503009,Residential Low,R-10,0.0,4.4,0.22237052391419165
Oakley,,035503008,Residential Low,R-10,0.0,4.4,0.22746422298312224
Oakley,,035474011,Residential Low/Medium,R-6,0.0,7.3,0.13797149418931037
Oakley,,035474010,Residential Low/Medium,R-6,0.0,7.3,0.17350434543556273
Oakley,,035474009,Residential Low/Medium,R-6,0.0,7.3,0.21850452338391596
Oakley,,035503010,Residential Low,R-10,0.0,4.4,0.23693900987443836
Oakley,,035503011,Residential Low,R-10,0.0,4.4,0.26520763665464403
Oakley,,035474004,Residential Low/Medium,R-6,0.0,7.3,0.1892493215430416
Oakley,,035474005,Residential Low/Medium,R-6,0.0,7.3,0.24133482376619458
Oakley,,035474007,Residential Low/Medium,R-6,0.0,7.3,0.1668054973120721
Oakley,,035474006,Residential Low/Medium,R-6,0.0,7.3,0.13358953762635642
Oakley,,035474008,Residential Low/Medium,R-6,0.0,7.3,0.14503945412161048
Oakley,,035472011,Residential Low/Medium,R-6,0.0,7.3,0.18787490989022515
Oakley,,035472013,Residential Low/Medium,R-6,0.0,7.3,0.15810121954313094
Oakley,,035472012,Residential Low/Medium,R-6,0.0,7.3,0.1549396405393296
Oakley,,035473019,Residential Low/Medium,R-6,0.0,7.3,0.19874167300289347
Oakley,,035473025,Residential Low/Medium,R-6,0.0,7.3,0.14770046720626182
Oakley,,035473026,Residential Low/Medium,R-6,0.0,7.3,0.16914727227983428
Oakley,,035473028,Residential Low/Medium,R-6,0.0,7.3,0.15820095567341877
Oakley,,035473024,Residential Low/Medium,R-6,0.0,7.3,0.23489396357289344
Oakley,,035473023,Residential Low/Medium,R-6,0.0,7.3,0.22007197686339194
Oakley,,035060006,Residential Low/Medium,R-6,0.0,7.3,0.57
Oakley,,035473029,Residential Low/Medium,R-6,0.0,7.3,0.14649691625195588
Oakley,,035473030,Residential Low/Medium,R-6,0.0,7.3,0.1540856455780846
Oakley,,035473027,Residential Low/Medium,R-6,0.0,7.3,0.17850897583707123
Oakley,,035474001,Residential Low/Medium,R-6,0.0,7.3,0.1413078242096621
Oakley,,035474002,Residential Low/Medium,R-6,0.0,7.3,0.14196864624968142
Oakley,,035474003,Residential Low/Medium,R-6,0.0,7.3,0.22974964119189747
Oakley,,035503014,Residential Low,R-10,0.0,4.4,0.3887987410443752
Oakley,,035503013,Residential Low,R-10,0.0,4.4,0.3703021244203416
Oakley,,035503012,Residential Low,R-10,0.0,4.4,0.3381033223357358
Oakley,,035501001,Residential Low,R-10,0.0,4.4,0.2627164942994094
Oakley,,035501011,Residential Low,R-10,0.0,4.4,0.24636322083795767
Oakley,,035501013,Residential Low,R-10,0.0,4.4,0.30421978300682573
Oakley,,035501012,Residential Low,R-10,0.0,4.4,0.27209653395745886
Oakley,,035501014,Residential Low,R-10,0.0,4.4,0.2787165742228503
Oakley,,035501015,Residential Low,R-10,0.0,4.4,0.3098244595574144
Oakley,,035501009,Residential Low,R-10,0.0,4.4,0.3055601965859975
Oakley,,035501010,Residential Low,R-10,0.0,4.4,0.25434549451686733
Oakley,,035501002,Residential Low,R-10,0.0,4.4,0.26465145900320874
Oakley,,035501003,Residential Low,R-10,0.0,4.4,0.2601784135488586
Oakley,,035501004,Residential Low,R-10,0.0,4.4,0.2607714906512985
Oakley,,035501005,Residential Low,R-10,0.0,4.4,0.3143228543405623
Oakley,,035501006,Residential Low,R-10,0.0,4.4,0.3339613347763523
Oakley,,035220041,Commercial,RB,0.0,0.0,1.074
Oakley,,035220021,Residential Low,R-10,0.0,4.4,0.93
Oakley,,035220038,Commercial,RB,0.0,0.0,5.413
Oakley,,035220039,Commercial,RB,0.0,0.0,0.672
Oakley,,035220027,Commercial,RB,0.0,0.0,1.01
Oakley,,035220025,Parks and Recreation,PR,0.0,0.0,4.87
Oakley,,035220011,Residential Low,AL,0.0,0.0,2.045
Oakley,,035220010,Residential Low,AL,0.0,0.0,2.267
Oakley,,035220012,Residential Low,AL,0.0,0.0,2.211
Oakley,,035220034,Residential Low,R-10,0.0,4.4,3.45
Oakley,,035220033,Residential Low,R-10,0.0,4.4,3.808320612676029
Oakley,,035211002,Public and Semi-Public,P,0.0,0.0,6.22
Oakley,,035212006,Residential Low,R-10,0.0,4.4,14.912
Oakley,,035220013,Residential Low,R-10,0.0,4.4,2.045
Oakley,,035750051,Residential Low/Medium,R-6,0.0,7.3,0.13692321716699474
Oakley,,035750050,Residential Low/Medium,R-6,0.0,7.3,0.13809838695067622
Oakley,,035750030,Residential Low/Medium,R-6,0.0,7.3,0.19199778448630886
Oakley,,035750048,Residential Low/Medium,R-6,0.0,7.3,0.13834632596532656
Oakley,,035750049,Residential Low/Medium,R-6,0.0,7.3,0.13834669189088
Oakley,,035750031,Residential Low/Medium,R-6,0.0,7.3,0.14741525295851082
Oakley,,035750047,Residential Low/Medium,R-6,0.0,7.3,0.13834669189157675
Oakley,,035750032,Residential Low/Medium,R-6,0.0,7.3,0.13774088811471996
Oakley,,035750038,Residential Low/Medium,R-6,0.0,7.3,0.1423325306192496
Oakley,,035750027,Residential Low/Medium,R-6,0.0,7.3,0.1558823402660557
Oakley,,035750028,Residential Low/Medium,R-6,0.0,7.3,0.155523940185144
Oakley,,035750029,Residential Low/Medium,R-6,0.0,7.3,0.18090414924978687
Oakley,,035750015,Residential Low/Medium,R-6,0.0,7.3,0.13791516839580797
Oakley,,035750026,Residential Low/Medium,R-6,0.0,7.3,0.18324134788746982
Oakley,,035750025,Residential Low/Medium,R-6,0.0,7.3,0.19225491814483447
Oakley,,035750016,Residential Low/Medium,R-6,0.0,7.3,0.137741650934361
Oakley,,035750017,Residential Low/Medium,R-6,0.0,7.3,0.13774952713491104
Oakley,,035750018,Residential Low/Medium,R-6,0.0,7.3,0.1377467494315002
Oakley,,035750023,Residential Low/Medium,R-6,0.0,7.3,0.13774098238611665
Oakley,,035750024,Residential Low/Medium,R-6,0.0,7.3,0.1474068370980167
Oakley,,035750039,Residential Low/Medium,R-6,0.0,7.3,0.14233229901665917
Oakley,,035750040,Residential Low/Medium,R-6,0.0,7.3,0.13774077330540138
Oakley,,035750037,Residential Low/Medium,R-6,0.0,7.3,0.1377409902912915
Oakley,,035750036,Residential Low/Medium,R-6,0.0,7.3,0.1377412179517009
Oakley,,035750035,Residential Low/Medium,R-6,0.0,7.3,0.14233269971645518
Oakley,,035750041,Residential Low/Medium,R-6,0.0,7.3,0.13774121385013435
Oakley,,035750042,Residential Low/Medium,R-6,0.0,7.3,0.14233247268892874
Oakley,,035750004,Residential Low/Medium,R-6,0.0,7.3,0.1333371444776899
Oakley,,035750021,Residential Low/Medium,R-6,0.0,7.3,0.14233043768859813
Oakley,,035750022,Residential Low/Medium,R-6,0.0,7.3,0.13774077329462733
Oakley,,035750020,Residential Low/Medium,R-6,0.0,7.3,0.1423286352079608
Oakley,,035750019,Residential Low/Medium,R-6,0.0,7.3,0.13774698493665744
Oakley,,03575006,Residential Low/Medium,R-6,0.0,7.3,0.0
Oakley,,035750005,Residential Low/Medium,R-6,0.0,7.3,0.13190945032213322
Oakley,,034290100,Residential Low/Medium,R-6,0.0,7.3,1.337
Oakley,,034290124,Residential Low/Medium,R-6,0.0,7.3,2.05
Oakley,,035750003,Residential Low/Medium,R-6,0.0,7.3,0.13419977821573426
Oakley,,035750001,Residential Low/Medium,R-6,0.0,7.3,0.13561949373639728
Oakley,,035750034,Residential Low/Medium,R-6,0.0,7.3,0.14055883338194677
Oakley,,035750059,Residential Low/Medium,R-6,0.0,7.3,0.413
Oakley,,034290036,Residential Low/Medium,P-1,0.0,24.0,0.17599848440752203
Oakley,,034290035,Residential Low/Medium,P-1,0.0,24.0,0.1666606351106762
Oakley,,034290034,Residential Low/Medium,P-1,0.0,24.0,0.16666230184925543
Oakley,,034290033,Residential Low/Medium,P-1,0.0,24.0,0.166665366320505
Oakley,,034290032,Residential Low/Medium,P-1,0.0,24.0,0.16666073546441107
Oakley,,035750057,Residential Low/Medium,R-6,0.0,7.3,0.14117679139158743
Oakley,,035750058,Residential Low/Medium,R-6,0.0,7.3,0.1612832279136002
Oakley,,035750043,Residential Low/Medium,R-6,0.0,7.3,0.1365816625661362
Oakley,,035750044,Residential Low/Medium,R-6,0.0,7.3,0.1394312195531303
Oakley,,035750033,Residential Low/Medium,R-6,0.0,7.3,0.1377408300362011
Oakley,,035750045,Residential Low/Medium,R-6,0.0,7.3,0.13834647987086873
Oakley,,035750046,Residential Low/Medium,R-6,0.0,7.3,0.1383467497777902
Oakley,,035750052,Residential Low/Medium,R-6,0.0,7.3,0.13872596859704944
Oakley,,035750053,Residential Low/Medium,R-6,0.0,7.3,0.13937343603295996
Oakley,,035750054,Residential Low/Medium,R-6,0.0,7.3,0.1400136444378817
Oakley,,035750055,Residential Low/Medium,R-6,0.0,7.3,0.1406615235603226
Oakley,,035750056,Residential Low/Medium,R-6,0.0,7.3,0.1420415606044315
Oakley,,035220031,Parks and Recreation,PR,0.0,0.0,2.5
Oakley,,035220030,Parks and Recreation,PR,0.0,0.0,2.23
Oakley,,034290031,Residential Low/Medium,P-1,0.0,24.0,0.16666272263741735
Oakley,,034290030,Residential Low/Medium,P-1,0.0,24.0,0.1666651128420633
Oakley,,034290029,Residential Low/Medium,P-1,0.0,24.0,0.16666384438991413
Oakley,,035220026,Parks and Recreation,PR,0.0,0.0,3.85
Oakley,,034290026,Residential Low/Medium,P-1,0.0,24.0,0.12626096564566122
Oakley,,034290027,Residential Low/Medium,P-1,0.0,24.0,0.12589652036404006
Oakley,,034290028,Residential Low/Medium,P-1,0.0,24.0,0.16403029454661594
Oakley,,034290024,Residential Low/Medium,P-1,0.0,24.0,0.12626421853160508
Oakley,,034290025,Residential Low/Medium,P-1,0.0,24.0,0.12626223185222357
Oakley,,034290013,Residential Low/Medium,P-1,0.0,24.0,0.1369960003531777
Oakley,,034290012,Residential Low/Medium,P-1,0.0,24.0,0.14019226942176372
Oakley,,034290011,Residential Low/Medium,P-1,0.0,24.0,0.2230841685993978
Oakley,,034290010,Residential Low/Medium,P-1,0.0,24.0,0.14363206524503103
Oakley,,034290041,Residential Low/Medium,P-1,0.0,24.0,0.14987385927774774
Oakley,,034290042,Residential Low/Medium,P-1,0.0,24.0,0.13480246476771565
Oakley,,034290008,Residential Low/Medium,P-1,0.0,24.0,0.12622783661517403
Oakley,,034290007,Residential Low/Medium,P-1,0.0,24.0,0.12631970281524724
Oakley,,034290009,Residential Low/Medium,P-1,0.0,24.0,0.1245170905111777
Oakley,,034590009,Residential Low,P-1,0.0,24.0,0.21745921062120288
Oakley,,034290004,Residential Low/Medium,P-1,0.0,24.0,0.1265913257943635
Oakley,,034290005,Residential Low/Medium,P-1,0.0,24.0,0.12649804942137213
Oakley,,034290006,Residential Low/Medium,P-1,0.0,24.0,0.12640989937687144
Oakley,,034290043,Residential Low/Medium,P-1,0.0,24.0,0.2109915401020265
Oakley,,034290046,Residential Low/Medium,P-1,0.0,24.0,0.14805420427026159
Oakley,,034290047,Residential Low/Medium,P-1,0.0,24.0,0.13773890838114308
Oakley,,034290103,Residential Low/Medium,P-1,0.0,24.0,0.1409642208842572
Oakley,,034290102,Residential Low/Medium,P-1,0.0,24.0,0.14151530109454574
Oakley,,034290101,Residential Low/Medium,P-1,0.0,24.0,0.15523765123263417
Oakley,,034290048,Residential Low/Medium,P-1,0.0,24.0,0.13978402355747782
Oakley,,034550077,Residential Low/Medium,P-1,0.0,24.0,0.13149491385465295
Oakley,,034550076,Residential Low/Medium,P-1,0.0,24.0,0.13183323628423146
Oakley,,034550075,Residential Low/Medium,P-1,0.0,24.0,0.13217387647360077
Oakley,,034550065,Residential Low/Medium,P-1,0.0,24.0,0.14141388103334507
Oakley,,034290050,Residential Low/Medium,P-1,0.0,24.0,0.1516761714154722
Oakley,,034290049,Residential Low/Medium,P-1,0.0,24.0,0.15624362263102234
Oakley,,034290069,Residential Low/Medium,P-1,0.0,24.0,0.15626317536169734
Oakley,,034290052,Residential Low/Medium,P-1,0.0,24.0,0.15674081980455037
Oakley,,034290051,Residential Low/Medium,P-1,0.0,24.0,0.1752603228958017
Oakley,,034290045,Residential Low/Medium,P-1,0.0,24.0,0.16869548496468126
Oakley,,034290044,Residential Low/Medium,P-1,0.0,24.0,0.18933021117038046
Oakley,,034290054,Residential Low/Medium,P-1,0.0,24.0,0.17840327388885405
Oakley,,034290065,Residential Low/Medium,P-1,0.0,24.0,0.18090641907638028
Oakley,,034290053,Residential Low/Medium,P-1,0.0,24.0,0.17739977838473844
Oakley,,034290066,Residential Low/Medium,P-1,0.0,24.0,0.1918909004955319
Oakley,,034290067,Residential Low/Medium,P-1,0.0,24.0,0.15820662617162473
Oakley,,034290115,Residential Low/Medium,P-1,0.0,24.0,0.20998248672715894
Oakley,,034290081,Residential Low/Medium,P-1,0.0,24.0,0.17073772643660598
Oakley,,034290072,Residential Low/Medium,P-1,0.0,24.0,0.16041372365906023
Oakley,,034290064,Residential Low/Medium,P-1,0.0,24.0,0.15025919672670926
Oakley,,034290063,Residential Low/Medium,P-1,0.0,24.0,0.13970888853178606
Oakley,,034290062,Residential Low/Medium,P-1,0.0,24.0,0.13524850189576315
Oakley,,034290061,Residential Low/Medium,P-1,0.0,24.0,0.13455448507417775
Oakley,,034290038,Residential Low/Medium,P-1,0.0,24.0,0.13186648092612088
Oakley,,034290037,Residential Low/Medium,P-1,0.0,24.0,0.1381100471425959
Oakley,,034290055,Residential Low/Medium,P-1,0.0,24.0,0.15033933825976267
Oakley,,034290040,Residential Low/Medium,P-1,0.0,24.0,0.17200022014684135
Oakley,,034290039,Residential Low/Medium,P-1,0.0,24.0,0.15653183693049774
Oakley,,034290017,Residential Low/Medium,P-1,0.0,24.0,0.12942234442667996
Oakley,,034290016,Residential Low/Medium,P-1,0.0,24.0,0.129418675569264
Oakley,,034290015,Residential Low/Medium,P-1,0.0,24.0,0.12942167014604358
Oakley,,034290014,Residential Low/Medium,P-1,0.0,24.0,0.12942138952186882
Oakley,,034290021,Residential Low/Medium,P-1,0.0,24.0,0.13383559561319702
Oakley,,034290022,Residential Low/Medium,P-1,0.0,24.0,0.13383849973308662
Oakley,,034290023,Residential Low/Medium,P-1,0.0,24.0,0.1338373288453952
Oakley,,034290019,Residential Low/Medium,P-1,0.0,24.0,0.14909358569331269
Oakley,,034290020,Residential Low/Medium,P-1,0.0,24.0,0.1338366708586386
Oakley,,034290018,Residential Low/Medium,P-1,0.0,24.0,0.1430352532470383
Oakley,,034290059,Residential Low/Medium,P-1,0.0,24.0,0.13414501068920634
Oakley,,034290058,Residential Low/Medium,P-1,0.0,24.0,0.14427079660571276
Oakley,,034290056,Residential Low/Medium,P-1,0.0,24.0,0.23046713018775716
Oakley,,034290057,Residential Low/Medium,P-1,0.0,24.0,0.15381686887584348
Oakley,,034290108,Residential Low/Medium,P-1,0.0,24.0,0.23032571147616604
Oakley,,034290060,Residential Low/Medium,P-1,0.0,24.0,0.13387518354361075
Oakley,,034290114,Residential Low/Medium,P-1,0.0,24.0,0.18782950138439544
Oakley,,034290113,Residential Low/Medium,P-1,0.0,24.0,0.18544214101243903
Oakley,,034290118,Residential Low/Medium,P-1,0.0,24.0,0.20979875843242338
Oakley,,034290119,Residential Low/Medium,P-1,0.0,24.0,0.22331388596598573
Oakley,,034290112,Residential Low/Medium,P-1,0.0,24.0,0.17308678522931795
Oakley,,034290111,Residential Low/Medium,P-1,0.0,24.0,0.16885333218207135
Oakley,,034290120,Residential Low/Medium,P-1,0.0,24.0,0.2298628813852048
Oakley,,034290121,Residential Low/Medium,P-1,0.0,24.0,0.14120766662605555
Oakley,,034290110,Residential Low/Medium,P-1,0.0,24.0,0.16743062611525492
Oakley,,034290109,Residential Low/Medium,P-1,0.0,24.0,0.15973687993352295
Oakley,,034290122,Residential Low/Medium,P-1,0.0,24.0,0.14392066502199485
Oakley,,034290107,Residential Low/Medium,P-1,0.0,24.0,0.15861038813178277
Oakley,,034290106,Residential Low/Medium,P-1,0.0,24.0,0.12490941480923182
Oakley,,034290104,Residential Low/Medium,P-1,0.0,24.0,0.13308082305350305
Oakley,,034290105,Residential Low/Medium,P-1,0.0,24.0,0.12623708538590522
Oakley,,034290123,Residential Low/Medium,P-1,0.0,24.0,0.18522416133946812
Oakley,,034290116,Residential Low/Medium,P-1,0.0,24.0,0.16724482834796262
Oakley,,034290117,Residential Low/Medium,P-1,0.0,24.0,0.189560168673122
Oakley,,034290082,Residential Low/Medium,P-1,0.0,24.0,0.16299805979090579
Oakley,,034290083,Residential Low/Medium,P-1,0.0,24.0,0.15262497550598741
Oakley,,034290091,Residential Low/Medium,P-1,0.0,24.0,0.17818623005679277
Oakley,,034290084,Residential Low/Medium,P-1,0.0,24.0,0.1525693421503602
Oakley,,034290085,Residential Low/Medium,P-1,0.0,24.0,0.1576436655707726
Oakley,,034290090,Residential Low/Medium,P-1,0.0,24.0,0.13937445427386666
Oakley,,034290089,Residential Low/Medium,P-1,0.0,24.0,0.1339280693335832
Oakley,,034290088,Residential Low/Medium,P-1,0.0,24.0,0.13773965828714801
Oakley,,034290087,Residential Low/Medium,P-1,0.0,24.0,0.14839615663155528
Oakley,,034550063,Residential Low/Medium,P-1,0.0,24.0,0.1308569959879428
Oakley,,034550064,Residential Low/Medium,P-1,0.0,24.0,0.14772803700418002
Oakley,,034550023,Residential Low/Medium,P-1,0.0,24.0,0.2530600515028009
Oakley,,034550024,Residential Low/Medium,P-1,0.0,24.0,0.14116133120507704
Oakley,,034550062,Residential Low/Medium,P-1,0.0,24.0,0.12626427254436035
Oakley,,034550060,Residential Low/Medium,P-1,0.0,24.0,0.13739923818907182
Oakley,,034550061,Residential Low/Medium,P-1,0.0,24.0,0.12941871679517777
Oakley,,034290086,Residential Low/Medium,P-1,0.0,24.0,0.1577570131035497
Oakley,,034550059,Residential Low/Medium,P-1,0.0,24.0,0.15849738290827656
Oakley,,034550026,Residential Low/Medium,P-1,0.0,24.0,0.1388808465038735
Oakley,,034550027,Residential Low/Medium,P-1,0.0,24.0,0.15111966298426296
Oakley,,034550028,Residential Low/Medium,P-1,0.0,24.0,0.1385739694858296
Oakley,,034550029,Residential Low/Medium,P-1,0.0,24.0,0.12626285302383428
Oakley,,034550057,Residential Low/Medium,P-1,0.0,24.0,0.12626021825403855
Oakley,,034550058,Residential Low/Medium,P-1,0.0,24.0,0.13884805736055095
Oakley,,034290078,Residential Low/Medium,P-1,0.0,24.0,0.1355643675476282
Oakley,,034290077,Residential Low/Medium,P-1,0.0,24.0,0.14577836425529964
Oakley,,034290079,Residential Low/Medium,P-1,0.0,24.0,0.13247267189252154
Oakley,,034290080,Residential Low/Medium,P-1,0.0,24.0,0.13384535407088577
Oakley,,034290073,Residential Low/Medium,P-1,0.0,24.0,0.15237650833060892
Oakley,,034290074,Residential Low/Medium,P-1,0.0,24.0,0.1523276048490071
Oakley,,034290075,Residential Low/Medium,P-1,0.0,24.0,0.14031548554337045
Oakley,,034290071,Residential Low/Medium,P-1,0.0,24.0,0.15650662960804484
Oakley,,034290068,Residential Low/Medium,P-1,0.0,24.0,0.19544350128603558
Oakley,,034290070,Residential Low/Medium,P-1,0.0,24.0,0.1262577690942606
Oakley,,034290076,Residential Low/Medium,P-1,0.0,24.0,0.13872746191717641
Oakley,,034550055,Residential Low/Medium,P-1,0.0,24.0,0.12625762987731384
Oakley,,034550056,Residential Low/Medium,P-1,0.0,24.0,0.12626091693889743
Oakley,,034550030,Residential Low/Medium,P-1,0.0,24.0,0.1262648183484191
Oakley,,034550054,Residential Low/Medium,P-1,0.0,24.0,0.12626052914813998
Oakley,,034550031,Residential Low/Medium,P-1,0.0,24.0,0.1512654402226022
Oakley,,034550032,Residential Low/Medium,P-1,0.0,24.0,0.239617927324444
Oakley,,034550052,Residential Low/Medium,P-1,0.0,24.0,0.12626000304957338
Oakley,,034550053,Residential Low/Medium,P-1,0.0,24.0,0.12626082948971284
Oakley,,034550051,Residential Low/Medium,P-1,0.0,24.0,0.13202385573073003
Oakley,,034550050,Residential Low/Medium,P-1,0.0,24.0,0.12626258313520067
Oakley,,034550066,Residential Low/Medium,P-1,0.0,24.0,0.1414146683957812
Oakley,,034550067,Residential Low/Medium,P-1,0.0,24.0,0.14141213611748332
Oakley,,034550068,Residential Low/Medium,P-1,0.0,24.0,0.14141404215159914
Oakley,,034550069,Residential Low/Medium,P-1,0.0,24.0,0.14664910123123967
Oakley,,034550049,Residential Low/Medium,P-1,0.0,24.0,0.1262629343068954
Oakley,,034550048,Residential Low/Medium,P-1,0.0,24.0,0.13288082338121904
Oakley,,034550047,Residential Low/Medium,P-1,0.0,24.0,0.1624228103400164
Oakley,,034550033,Residential Low/Medium,P-1,0.0,24.0,0.19072906319762573
Oakley,,034550036,Residential Low/Medium,P-1,0.0,24.0,0.17710635417492807
Oakley,,034550035,Residential Low/Medium,P-1,0.0,24.0,0.20918767946086855
Oakley,,034550034,Residential Low/Medium,P-1,0.0,24.0,0.22173231710407873
Oakley,,034550044,Residential Low/Medium,P-1,0.0,24.0,0.13704594678670934
Oakley,,034550043,Residential Low/Medium,P-1,0.0,24.0,0.14207584112614532
Oakley,,034560027,Residential Low/Medium,P-1,0.0,24.0,0.14757143522410207
Oakley,,034550042,Residential Low/Medium,P-1,0.0,24.0,0.16288771381382047
Oakley,,034560028,Residential Low/Medium,P-1,0.0,24.0,0.1398503526975802
Oakley,,034550041,Residential Low/Medium,P-1,0.0,24.0,0.12496528969996648
Oakley,,034550040,Residential Low/Medium,P-1,0.0,24.0,0.12616817816127202
Oakley,,034550009,Residential Low/Medium,P-1,0.0,24.0,0.12924216515624734
Oakley,,034550039,Residential Low/Medium,P-1,0.0,24.0,0.1236789126023446
Oakley,,034550037,Residential Low/Medium,P-1,0.0,24.0,0.11955032322022537
Oakley,,034550038,Residential Low/Medium,P-1,0.0,24.0,0.1418533012341862
Oakley,,034550010,Residential Low/Medium,P-1,0.0,24.0,0.16260251523973815
Oakley,,034550011,Residential Low/Medium,P-1,0.0,24.0,0.1455872275458866
Oakley,,034550025,Residential Low/Medium,P-1,0.0,24.0,0.1412363893572736
Oakley,,034550021,Residential Low/Medium,P-1,0.0,24.0,0.15365056197367255
Oakley,,034550022,Residential Low/Medium,P-1,0.0,24.0,0.19604573456669794
Oakley,,034550020,Residential Low/Medium,P-1,0.0,24.0,0.13888482105818753
Oakley,,034550012,Residential Low/Medium,P-1,0.0,24.0,0.1471760916290116
Oakley,,034550013,Residential Low/Medium,P-1,0.0,24.0,0.1537367426675829
Oakley,,034550019,Residential Low/Medium,P-1,0.0,24.0,0.1387973228435374
Oakley,,034550018,Residential Low/Medium,P-1,0.0,24.0,0.14966659782946862
Oakley,,034550017,Residential Low/Medium,P-1,0.0,24.0,0.2519819298777256
Oakley,,034550016,Residential Low/Medium,P-1,0.0,24.0,0.18592277035001892
Oakley,,034550015,Residential Low/Medium,P-1,0.0,24.0,0.2809125093390976
Oakley,,034550014,Residential Low/Medium,P-1,0.0,24.0,0.170097942379172
Oakley,,034550008,Residential Low/Medium,P-1,0.0,24.0,0.13223875025635692
Oakley,,034550007,Residential Low/Medium,P-1,0.0,24.0,0.14061245002586142
Oakley,,034560029,Residential Low/Medium,P-1,0.0,24.0,0.13798154812976873
Oakley,,034560030,Residential Low/Medium,P-1,0.0,24.0,0.13899863879438343
Oakley,,034560039,Residential Low/Medium,P-1,0.0,24.0,0.14178091468339324
Oakley,,034560038,Residential Low/Medium,P-1,0.0,24.0,0.142193065428073
Oakley,,034560037,Residential Low/Medium,P-1,0.0,24.0,0.14285774564199913
Oakley,,034560036,Residential Low/Medium,P-1,0.0,24.0,0.14378806968711527
Oakley,,034560052,Residential Low/Medium,P-1,0.0,24.0,0.12970373726906786
Oakley,,034560053,Residential Low/Medium,P-1,0.0,24.0,0.1297937750826421
Oakley,,034560035,Residential Low/Medium,P-1,0.0,24.0,0.1438284059621595
Oakley,,034560034,Residential Low/Medium,P-1,0.0,24.0,0.14020578418532142
Oakley,,034560033,Residential Low/Medium,P-1,0.0,24.0,0.1360491205885997
Oakley,,034560032,Residential Low/Medium,P-1,0.0,24.0,0.13148595382567788
Oakley,,034560031,Residential Low/Medium,P-1,0.0,24.0,0.13556218819255317
Oakley,,034560074,Residential Low/Medium,P-1,0.0,24.0,0.024008816787360752
Oakley,,034560054,Residential Low/Medium,P-1,0.0,24.0,0.1201509479874949
Oakley,,034560055,Residential Low/Medium,P-1,0.0,24.0,0.1775469947284117
Oakley,,034560056,Residential Low/Medium,P-1,0.0,24.0,0.24020853754987032
Oakley,,034560057,Residential Low/Medium,P-1,0.0,24.0,0.2670028307780757
Oakley,,034560058,Residential Low/Medium,P-1,0.0,24.0,0.19955625560857357
Oakley,,034560060,Residential Low/Medium,P-1,0.0,24.0,0.1550616150418905
Oakley,,034560059,Residential Low/Medium,P-1,0.0,24.0,0.143989959901205
Oakley,,034560061,Residential Low/Medium,P-1,0.0,24.0,0.15519322542658484
Oakley,,034560064,Residential Low/Medium,P-1,0.0,24.0,0.15143166366325567
Oakley,,034570062,Residential Low/Medium,P-1,0.0,24.0,1.954
Oakley,,034560065,Residential Low/Medium,P-1,0.0,24.0,0.16181884989525178
Oakley,,034560063,Residential Low/Medium,P-1,0.0,24.0,0.13792043752666083
Oakley,,034560062,Residential Low/Medium,P-1,0.0,24.0,0.1257920152461537
Oakley,,034560051,Residential Low/Medium,P-1,0.0,24.0,0.12960783211627133
Oakley,,034560049,Residential Low/Medium,P-1,0.0,24.0,0.1293929568824629
Oakley,,034560050,Residential Low/Medium,P-1,0.0,24.0,0.12949051809371065
Oakley,,034560040,Residential Low/Medium,P-1,0.0,24.0,0.14156084773347324
Oakley,,034560048,Residential Low/Medium,P-1,0.0,24.0,0.1292748196555077
Oakley,,034560047,Residential Low/Medium,P-1,0.0,24.0,0.12913955030639532
Oakley,,034560046,Residential Low/Medium,P-1,0.0,24.0,0.12708820459333958
Oakley,,034560070,Residential Low/Medium,P-1,0.0,24.0,0.20009425762618216
Oakley,,034560071,Residential Low/Medium,P-1,0.0,24.0,0.13953262630181362
Oakley,,034560069,Residential Low/Medium,P-1,0.0,24.0,0.18069003807151357
Oakley,,034560068,Residential Low/Medium,P-1,0.0,24.0,0.15676430007539077
Oakley,,034560067,Residential Low/Medium,P-1,0.0,24.0,0.1503432320032762
Oakley,,034570049,Residential Low/Medium,P-1,0.0,24.0,0.1556637118156619
Oakley,,034570048,Residential Low/Medium,P-1,0.0,24.0,0.15354672345780732
Oakley,,034570047,Residential Low/Medium,P-1,0.0,24.0,0.23543495451270294
Oakley,,034560073,Residential Low/Medium,P-1,0.0,24.0,0.13098445769119973
Oakley,,034560072,Residential Low/Medium,P-1,0.0,24.0,0.13098161582367554
Oakley,,034570050,Residential Low/Medium,P-1,0.0,24.0,0.13098240009501716
Oakley,,034570051,Residential Low/Medium,P-1,0.0,24.0,0.12871298241101628
Oakley,,034570052,Residential Low/Medium,P-1,0.0,24.0,0.12626391624734876
Oakley,,034570016,Residential Low/Medium,P-1,0.0,24.0,0.12446947263475686
Oakley,,034570018,Residential Low/Medium,P-1,0.0,24.0,0.1170245194282942
Oakley,,034570017,Residential Low/Medium,P-1,0.0,24.0,0.15962996226413478
Oakley,,034560018,Residential Low/Medium,P-1,0.0,24.0,0.13841571836203703
Oakley,,034560019,Residential Low/Medium,P-1,0.0,24.0,0.1366936585120996
Oakley,,034560021,Residential Low/Medium,P-1,0.0,24.0,0.12811868286638697
Oakley,,034560020,Residential Low/Medium,P-1,0.0,24.0,0.12804614176205203
Oakley,,034560017,Residential Low/Medium,P-1,0.0,24.0,0.1185660786809124
Oakley,,034560016,Residential Low/Medium,P-1,0.0,24.0,0.11849746750882058
Oakley,,034560015,Residential Low/Medium,P-1,0.0,24.0,0.11828963222516967
Oakley,,034560014,Residential Low/Medium,P-1,0.0,24.0,0.11745609634252303
Oakley,,034560013,Residential Low/Medium,P-1,0.0,24.0,0.11478680082782022
Oakley,,034560024,Residential Low/Medium,P-1,0.0,24.0,0.12373914963211433
Oakley,,034560023,Residential Low/Medium,P-1,0.0,24.0,0.12374038290821897
Oakley,,034560022,Residential Low/Medium,P-1,0.0,24.0,0.1271582905049296
Oakley,,034560045,Residential Low/Medium,P-1,0.0,24.0,0.12226548691595901
Oakley,,034560044,Residential Low/Medium,P-1,0.0,24.0,0.1284669088723213
Oakley,,034560043,Residential Low/Medium,P-1,0.0,24.0,0.13840128077698724
Oakley,,034560041,Residential Low/Medium,P-1,0.0,24.0,0.14310650082873866
Oakley,,034560042,Residential Low/Medium,P-1,0.0,24.0,0.1451492241927697
Oakley,,034550006,Residential Low/Medium,P-1,0.0,24.0,0.1409227352169823
Oakley,,034560026,Residential Low/Medium,P-1,0.0,24.0,0.13659302868130113
Oakley,,034560025,Residential Low/Medium,P-1,0.0,24.0,0.1251337033860228
Oakley,,034560011,Residential Low/Medium,P-1,0.0,24.0,0.1250029489097143
Oakley,,034560012,Residential Low/Medium,P-1,0.0,24.0,0.11478406657723801
Oakley,,034550005,Residential Low/Medium,P-1,0.0,24.0,0.14385847030474666
Oakley,,034550045,Residential Low/Medium,P-1,0.0,24.0,0.13202054116716397
Oakley,,034550046,Residential Low/Medium,P-1,0.0,24.0,0.13923623434383328
Oakley,,034550071,Residential Low/Medium,P-1,0.0,24.0,0.1538647439450473
Oakley,,034550070,Residential Low/Medium,P-1,0.0,24.0,0.15183922502036368
Oakley,,034550074,Residential Low/Medium,P-1,0.0,24.0,0.1325138908313395
Oakley,,034550073,Residential Low/Medium,P-1,0.0,24.0,0.15376940024420405
Oakley,,034550072,Residential Low/Medium,P-1,0.0,24.0,0.16657796046718498
Oakley,,034550002,Residential Low/Medium,P-1,0.0,24.0,0.1375475815296589
Oakley,,034550001,Residential Low/Medium,P-1,0.0,24.0,0.16473521422502624
Oakley,,034560009,Residential Low/Medium,P-1,0.0,24.0,0.15396974676575645
Oakley,,034550003,Residential Low/Medium,P-1,0.0,24.0,0.13300061546596947
Oakley,,034550004,Residential Low/Medium,P-1,0.0,24.0,0.13093539544993102
Oakley,,034560010,Residential Low/Medium,P-1,0.0,24.0,0.15488114456735722
Oakley,,034560007,Residential Low/Medium,P-1,0.0,24.0,0.22512065264807404
Oakley,,034560008,Residential Low/Medium,P-1,0.0,24.0,0.28056270238052045
Oakley,,034590016,Residential Low,P-1,0.0,24.0,0.16936056674530434
Oakley,,034590017,Residential Low,P-1,0.0,24.0,0.25568960500887444
Oakley,,034400027,Residential Low,P-1,0.0,24.0,0.16387411480116423
Oakley,,034400026,Residential Low,P-1,0.0,24.0,0.1547417130755575
Oakley,,034400028,Residential Low,P-1,0.0,24.0,0.2350334992336828
Oakley,,034560003,Residential Low/Medium,P-1,0.0,24.0,0.20278899013018784
Oakley,,034400029,Residential Low,P-1,0.0,24.0,0.2053801127650426
Oakley,,034400030,Residential Low,P-1,0.0,24.0,0.13735542055756247
Oakley,,034400031,Residential Low,P-1,0.0,24.0,0.16157180056534157
Oakley,,034560001,Residential Low/Medium,P-1,0.0,24.0,0.17480259315083294
Oakley,,034560006,Residential Low/Medium,P-1,0.0,24.0,0.18391739063527698
Oakley,,034560005,Residential Low/Medium,P-1,0.0,24.0,0.1472957583690116
Oakley,,034560004,Residential Low/Medium,P-1,0.0,24.0,0.13356860843392565
Oakley,,034560002,Residential Low/Medium,P-1,0.0,24.0,0.15693571443287743
Oakley,,034570019,Residential Low/Medium,P-1,0.0,24.0,0.13541219028031595
Oakley,,034570020,Residential Low/Medium,P-1,0.0,24.0,0.12626401091044154
Oakley,,034570037,Residential Low/Medium,P-1,0.0,24.0,0.1489907207173401
Oakley,,034570038,Residential Low/Medium,P-1,0.0,24.0,0.14960606544136143
Oakley,,034570039,Residential Low/Medium,P-1,0.0,24.0,0.17449525912083885
Oakley,,034400033,Residential Low,P-1,0.0,24.0,0.15878286818110635
Oakley,,034400034,Residential Low,P-1,0.0,24.0,0.1587903214064306
Oakley,,034400015,Residential Low,P-1,0.0,24.0,0.17647414369718548
Oakley,,034400016,Residential Low,P-1,0.0,24.0,0.19266914177801825
Oakley,,034400014,Residential Low,P-1,0.0,24.0,0.29535373758718564
Oakley,,034400032,Residential Low,P-1,0.0,24.0,0.17746879545223193
Oakley,,034400018,Residential Low,P-1,0.0,24.0,0.15897163890901933
Oakley,,034400019,Residential Low,P-1,0.0,24.0,0.16420428168174583
Oakley,,034400020,Residential Low,P-1,0.0,24.0,0.20449517563260017
Oakley,,034400021,Residential Low,P-1,0.0,24.0,0.2040727412457926
Oakley,,034580012,Residential Low,P-1,0.0,24.0,0.16204097094287082
Oakley,,034400012,Residential Low,P-1,0.0,24.0,0.2968546036602935
Oakley,,034400013,Residential Low,P-1,0.0,24.0,0.20387777058888004
Oakley,,034400011,Residential Low,P-1,0.0,24.0,0.20207099652617427
Oakley,,034400010,Residential Low,P-1,0.0,24.0,0.18939004923464017
Oakley,,034580015,Residential Low,P-1,0.0,24.0,0.17791309568233607
Oakley,,034580014,Residential Low,P-1,0.0,24.0,0.1620408985528445
Oakley,,034580013,Residential Low,P-1,0.0,24.0,0.1620438611545076
Oakley,,034580039,Residential Low,P-1,0.0,24.0,0.20236325668357086
Oakley,,034580038,Residential Low,P-1,0.0,24.0,0.20227703555002713
Oakley,,034580037,Residential Low,P-1,0.0,24.0,0.1951341938693789
Oakley,,034580040,Residential Low,P-1,0.0,24.0,0.19513500082186938
Oakley,,034580042,Residential Low,P-1,0.0,24.0,0.20172177611385
Oakley,,034580041,Residential Low,P-1,0.0,24.0,0.1951365525002086
Oakley,,034580036,Residential Low,P-1,0.0,24.0,0.19513577315830258
Oakley,,034580035,Residential Low,P-1,0.0,24.0,0.20180156078977352
Oakley,,034580009,Residential Low,P-1,0.0,24.0,0.1967513695424201
Oakley,,034580011,Residential Low,P-1,0.0,24.0,0.1786007894755349
Oakley,,034400022,Residential Low,P-1,0.0,24.0,0.21397668392409172
Oakley,,034400023,Residential Low,P-1,0.0,24.0,0.17527574692952433
Oakley,,034590040,Residential Low,P-1,0.0,24.0,0.216
Oakley,,034400025,Residential Low,P-1,0.0,24.0,0.16727578108731753
Oakley,,034400024,Residential Low,P-1,0.0,24.0,0.1673427206538646
Oakley,,034590021,Residential Low,P-1,0.0,24.0,0.1376874082274753
Oakley,,034590039,Residential Low,P-1,0.0,24.0,0.205
Oakley,,034590038,Residential Low,P-1,0.0,24.0,0.205
Oakley,,034590033,Residential Low,P-1,0.0,24.0,0.2007455614992206
Oakley,,034590036,Residential Low,P-1,0.0,24.0,1.01
Oakley,,034590028,Residential Low,P-1,0.0,24.0,0.21138594747926284
Oakley,,034590029,Residential Low,P-1,0.0,24.0,0.19774949432157155
Oakley,,034590026,Residential Low,P-1,0.0,24.0,0.1520212365117063
Oakley,,034590030,Residential Low,P-1,0.0,24.0,0.19767324001753028
Oakley,,034590032,Residential Low,P-1,0.0,24.0,0.19753916311638223
Oakley,,034590031,Residential Low,P-1,0.0,24.0,0.1974352711540447
Oakley,,034590022,Residential Low,P-1,0.0,24.0,0.1518509721523048
Oakley,,034590020,Residential Low,P-1,0.0,24.0,0.13774082582781616
Oakley,,034590019,Residential Low,P-1,0.0,24.0,0.1377405046317794
Oakley,,034590018,Residential Low,P-1,0.0,24.0,0.15538227819815298
Oakley,,034590023,Residential Low,P-1,0.0,24.0,0.1692846011818981
Oakley,,034590015,Residential Low,P-1,0.0,24.0,0.13997711198750118
Oakley,,034590024,Residential Low,P-1,0.0,24.0,0.14979151114595704
Oakley,,034590025,Residential Low,P-1,0.0,24.0,0.17429574558596828
Oakley,,034590003,Residential Low,P-1,0.0,24.0,0.17410309613032818
Oakley,,034590012,Residential Low,P-1,0.0,24.0,0.1450793380294566
Oakley,,034590013,Residential Low,P-1,0.0,24.0,0.15169303081048882
Oakley,,034590014,Residential Low,P-1,0.0,24.0,0.17878916714796014
Oakley,,034550082,Residential Low/Medium,P-1,0.0,24.0,0.14733719511353813
Oakley,,034550081,Residential Low/Medium,P-1,0.0,24.0,0.1391327465594571
Oakley,,034550080,Residential Low/Medium,P-1,0.0,24.0,0.12995233111003354
Oakley,,034550079,Residential Low/Medium,P-1,0.0,24.0,0.12995686875333104
Oakley,,034550078,Residential Low/Medium,P-1,0.0,24.0,0.12372825681607436
Oakley,,034590010,Residential Low,P-1,0.0,24.0,0.1596429757742116
Oakley,,034590011,Residential Low,P-1,0.0,24.0,0.14049764490181466
Oakley,,034590004,Residential Low,P-1,0.0,24.0,0.16880207928555047
Oakley,,034590005,Residential Low,P-1,0.0,24.0,0.13526883786521132
Oakley,,034590006,Residential Low,P-1,0.0,24.0,0.13819707775584825
Oakley,,034590008,Residential Low,P-1,0.0,24.0,0.21243014550360304
Oakley,,034590007,Residential Low,P-1,0.0,24.0,0.24574287287780452
Oakley,,034090025,Commercial,C,0.0,0.0,21.643
Oakley,,034590002,Residential Low,P-1,0.0,24.0,0.21074000867877024
Oakley,,034090020,Residential Low,R-10,0.0,4.4,0.93
Oakley,,034590001,Residential Low,P-1,0.0,24.0,0.24193713953920856
Oakley,,034090003,Commercial,RB,0.0,0.0,0.39
Oakley,,034080018,Residential Low,P-1,0.0,24.0,0.5
Oakley,,034300039,Residential Low,P-1,0.0,24.0,0.25706056377227565
Oakley,,034300040,Residential Low,P-1,0.0,24.0,0.20159249247607788
Oakley,,034300041,Residential Low,P-1,0.0,24.0,0.23511172617869242
Oakley,,034300038,Residential Low,P-1,0.0,24.0,0.17836538670760915
Oakley,,034300043,Residential Low,P-1,0.0,24.0,0.17493093067450458
Oakley,,034300042,Residential Low,P-1,0.0,24.0,0.17694509896895042
Oakley,,034300044,Residential Low,P-1,0.0,24.0,0.1566247984387395
Oakley,,034300030,Residential Low,P-1,0.0,24.0,0.142045532453553
Oakley,,034300045,Residential Low,P-1,0.0,24.0,0.1373782719595365
Oakley,,034300046,Residential Low,P-1,0.0,24.0,0.1307840476617073
Oakley,,034300047,Residential Low,P-1,0.0,24.0,0.16062233661233735
Oakley,,034300001,Residential Low,P-1,0.0,24.0,0.16499429616696504
Oakley,,034300090,Residential Low,P-1,0.0,24.0,0.205
Oakley,,034300091,Residential Low,P-1,0.0,24.0,0.183
Oakley,,034300048,Residential Low,P-1,0.0,24.0,0.15376032875865528
Oakley,,034300049,Residential Low,P-1,0.0,24.0,0.2018386942899976
Oakley,,034300092,Residential Low,P-1,0.0,24.0,0.26
Oakley,,034300003,Residential Low,P-1,0.0,24.0,0.21296917292241324
Oakley,,034300093,Residential Low,P-1,0.0,24.0,0.168
Oakley,,034090014,Residential Low,R-10,0.0,4.4,4.8
Oakley,,034090015,Residential Low,R-10,0.0,4.4,4.56
Oakley,,034090023,Residential Low,R-10,0.0,4.4,3.0
Oakley,,034580004,Residential Low,P-1,0.0,24.0,0.19418551689402716
Oakley,,034580027,Residential Low,P-1,0.0,24.0,0.1913871023497611
Oakley,,034580005,Residential Low,P-1,0.0,24.0,0.1821107834651389
Oakley,,034090001,Residential Low,R-10,0.0,4.4,0.5
Oakley,,034580006,Residential Low,P-1,0.0,24.0,0.1968247363998931
Oakley,,034580007,Residential Low,P-1,0.0,24.0,0.19682077052015987
Oakley,,034580008,Residential Low,P-1,0.0,24.0,0.19681412197931739
Oakley,,034580034,Residential Low,P-1,0.0,24.0,0.19133956258272827
Oakley,,034580033,Residential Low,P-1,0.0,24.0,0.1853773932812491
Oakley,,034580028,Residential Low,P-1,0.0,24.0,0.18537348313375776
Oakley,,034580032,Residential Low,P-1,0.0,24.0,0.18537906667520904
Oakley,,034580031,Residential Low,P-1,0.0,24.0,0.1922104647785903
Oakley,,034580030,Residential Low,P-1,0.0,24.0,0.19215626160520394
Oakley,,034580029,Residential Low,P-1,0.0,24.0,0.18537550913000705
Oakley,,034580026,Residential Low,P-1,0.0,24.0,0.18422577724068923
Oakley,,034580001,Residential Low,P-1,0.0,24.0,0.1926833286372592
Oakley,,034580002,Residential Low,P-1,0.0,24.0,0.1887030382707737
Oakley,,034580003,Residential Low,P-1,0.0,24.0,0.26205895635948073
Oakley,,034370001,Residential Low,P-1,0.0,24.0,0.28051315843539526
Oakley,,034370002,Residential Low,P-1,0.0,24.0,0.26040149880247915
Oakley,,034370042,Residential Low,P-1,0.0,24.0,0.2807442645409615
Oakley,,034370041,Residential Low,P-1,0.0,24.0,0.2754803578679333
Oakley,,034370040,Residential Low,P-1,0.0,24.0,0.2754768268779212
Oakley,,034070040,Agricultural Limited,AL,0.0,0.0,1.01
Oakley,,034300004,Residential Low,P-1,0.0,24.0,0.2888056975587098
Oakley,,034300005,Residential Low,P-1,0.0,24.0,0.20116278768108511
Oakley,,034300006,Residential Low,P-1,0.0,24.0,0.20814032257837206
Oakley,,034070041,Agricultural Limited,AL,0.0,0.0,1.02
Oakley,,034070042,Agricultural Limited,AL,0.0,0.0,1.02
Oakley,,034300008,Residential Low,P-1,0.0,24.0,0.20814544211054523
Oakley,,034300007,Residential Low,P-1,0.0,24.0,0.20814232365528895
Oakley,,034300002,Residential Low,P-1,0.0,24.0,0.16439515951545028
Oakley,,034300013,Residential Low,P-1,0.0,24.0,0.16563353270707676
Oakley,,034300014,Residential Low,P-1,0.0,24.0,0.15416930760958153
Oakley,,034300015,Residential Low,P-1,0.0,24.0,0.1439234442168902
Oakley,,034300016,Residential Low,P-1,0.0,24.0,0.15317726615418226
Oakley,,034300012,Residential Low,P-1,0.0,24.0,0.20912930477080324
Oakley,,034300055,Residential Low,P-1,0.0,24.0,0.14343122554604132
Oakley,,034300056,Residential Low,P-1,0.0,24.0,0.13195600886534217
Oakley,,034300011,Residential Low,P-1,0.0,24.0,0.17728731687059646
Oakley,,034300009,Residential Low,P-1,0.0,24.0,0.19557960274060326
Oakley,,034300010,Residential Low,P-1,0.0,24.0,0.28245336354965794
Oakley,,034070049,Agricultural Limited,AL,0.0,0.0,1.05
Oakley,,034070050,Agricultural Limited,AL,0.0,0.0,1.05
Oakley,,034300058,Residential Low,P-1,0.0,24.0,0.2236307323410291
Oakley,,034300057,Residential Low,P-1,0.0,24.0,0.19680618934292077
Oakley,,034300059,Residential Low,P-1,0.0,24.0,0.23606586482852532
Oakley,,034070051,Agricultural Limited,AL,0.0,0.0,1.05
Oakley,,034370039,Residential Low,P-1,0.0,24.0,0.27548070996568835
Oakley,,034370038,Residential Low,P-1,0.0,24.0,0.27547908981502667
Oakley,,034370037,Residential Low,P-1,0.0,24.0,0.27548080152434296
Oakley,,034370036,Residential Low,P-1,0.0,24.0,0.27547947730035016
Oakley,,034370035,Residential Low,P-1,0.0,24.0,0.27547768131166606
Oakley,,034370033,Residential Low,P-1,0.0,24.0,0.2685903116865348
Oakley,,034370034,Residential Low,P-1,0.0,24.0,0.26859206603951097
Oakley,,034370031,Residential Low,P-1,0.0,24.0,0.2584881618332168
Oakley,,034370032,Residential Low,P-1,0.0,24.0,0.2685920533416027
Oakley,,034370029,Residential Low,P-1,0.0,24.0,0.26916624723367166
Oakley,,034370030,Residential Low,P-1,0.0,24.0,0.33361513406897025
Oakley,,034070055,Agricultural Limited,AL,0.0,0.0,1.04
Oakley,,034070054,Agricultural Limited,AL,0.0,0.0,1.04
Oakley,,034300087,Residential Low,P-1,0.0,24.0,0.18277707265950155
Oakley,,034300086,Residential Low,P-1,0.0,24.0,0.16069728290268434
Oakley,,034070053,Agricultural Limited,AL,0.0,0.0,1.27
Oakley,,034070035,Agricultural Limited,AL,0.0,0.0,4.105
Oakley,,034080047,Agricultural Limited,AL,0.0,0.0,0.9
Oakley,,034080048,Agricultural Limited,AL,0.0,0.0,0.88
Oakley,,034300084,Residential Low,P-1,0.0,24.0,0.1606949475670723
Oakley,,034300083,Residential Low,P-1,0.0,24.0,0.1555058678010174
Oakley,,034300082,Residential Low,P-1,0.0,24.0,0.16069625356822625
Oakley,,034300077,Residential Low,P-1,0.0,24.0,0.1944453498891548
Oakley,,034300078,Residential Low,P-1,0.0,24.0,0.1791196029334658
Oakley,,034300075,Residential Low,P-1,0.0,24.0,0.1944463362146108
Oakley,,034300076,Residential Low,P-1,0.0,24.0,0.17677045051741216
Oakley,,034300085,Residential Low,P-1,0.0,24.0,0.1606930127235636
Oakley,,034300074,Residential Low,P-1,0.0,24.0,0.17313255909766512
Oakley,,034300073,Residential Low,P-1,0.0,24.0,0.24558787761553455
Oakley,,034300072,Residential Low,P-1,0.0,24.0,0.19877604952531797
Oakley,,034300071,Residential Low,P-1,0.0,24.0,0.22395253695781914
Oakley,,034300070,Residential Low,P-1,0.0,24.0,0.14072634393390537
Oakley,,034300060,Residential Low,P-1,0.0,24.0,0.18045763146112223
Oakley,,034300061,Residential Low,P-1,0.0,24.0,0.18323838327390576
Oakley,,034300062,Residential Low,P-1,0.0,24.0,0.18915303784481127
Oakley,,034300069,Residential Low,P-1,0.0,24.0,0.15871713495540862
Oakley,,034300068,Residential Low,P-1,0.0,24.0,0.16068730884812668
Oakley,,034300067,Residential Low,P-1,0.0,24.0,0.14921053591541145
Oakley,,034300066,Residential Low,P-1,0.0,24.0,0.16584998160614806
Oakley,,034300064,Residential Low,P-1,0.0,24.0,0.1892495631665548
Oakley,,034300063,Residential Low,P-1,0.0,24.0,0.20237413904317753
Oakley,,034300054,Residential Low,P-1,0.0,24.0,0.14326466263952214
Oakley,,034300053,Residential Low,P-1,0.0,24.0,0.17145943282179832
Oakley,,034300089,Residential Low,P-1,0.0,24.0,0.151112689499347
Oakley,,034300088,Residential Low,P-1,0.0,24.0,0.13241422245839432
Oakley,,034300026,Residential Low,P-1,0.0,24.0,0.13598299630157773
Oakley,,034300027,Residential Low,P-1,0.0,24.0,0.1513572515434565
Oakley,,034300018,Residential Low,P-1,0.0,24.0,0.15427034246499402
Oakley,,034300019,Residential Low,P-1,0.0,24.0,0.15483822013413898
Oakley,,034300017,Residential Low,P-1,0.0,24.0,0.15954740818759586
Oakley,,034300065,Residential Low,P-1,0.0,24.0,0.1827475160502016
Oakley,,034300079,Residential Low,P-1,0.0,24.0,0.22425237502981013
Oakley,,034300081,Residential Low,P-1,0.0,24.0,0.15550915409384192
Oakley,,034300080,Residential Low,P-1,0.0,24.0,0.1610958214923461
Oakley,,034300050,Parks and Recreation,P-1,0.0,24.0,2.54
Oakley,,034080032,Public and Semi-Public,P,0.0,0.0,5.43
Oakley,,034300021,Residential Low,P-1,0.0,24.0,0.1538969424691574
Oakley,,034300022,Residential Low,P-1,0.0,24.0,0.1864217032334874
Oakley,,034300020,Residential Low,P-1,0.0,24.0,0.1500021247026684
Oakley,,034300023,Residential Low,P-1,0.0,24.0,0.13207017987724604
Oakley,,034300024,Residential Low,P-1,0.0,24.0,0.12784437267026252
Oakley,,034300025,Residential Low,P-1,0.0,24.0,0.1362177001706959
Oakley,,034300031,Residential Low,P-1,0.0,24.0,0.16850560669282838
Oakley,,034300032,Residential Low,P-1,0.0,24.0,0.17551145429103804
Oakley,,034300033,Residential Low,P-1,0.0,24.0,0.17120433339918237
Oakley,,034300034,Residential Low,P-1,0.0,24.0,0.16318448991694148
Oakley,,034300035,Residential Low,P-1,0.0,24.0,0.23684425434801498
Oakley,,034080042,Residential Low,AL,0.0,0.0,1.13
Oakley,,034300036,Residential Low,P-1,0.0,24.0,0.18735431654830595
Oakley,,034300037,Residential Low,P-1,0.0,24.0,0.24349628636044723
Oakley,,034080041,Residential Low,AL,0.0,0.0,1.0
Oakley,,034080040,Residential Low,R-10,0.0,4.4,1.0
Oakley,,034080043,Residential Low,R-10,0.0,4.4,2.4
Oakley,,035220037,Commercial,RB,0.0,0.0,1.05
Oakley,,035220040,Commercial,RB,0.0,0.0,0.564
Oakley,,034080031,Commercial,RB,0.0,0.0,5.71
Oakley,,035510008,Commercial,RB,0.0,0.0,1.295
Oakley,,035510009,Commercial,RB,0.0,0.0,0.798
Oakley,,035510010,Commercial,RB,0.0,0.0,2.291
Oakley,,035501007,Residential Low,R-10,0.0,4.4,0.3713745836799975
Oakley,,035501008,Residential Low,R-10,0.0,4.4,0.39122139500437103
Oakley,,035501018,Residential Low,R-10,0.0,4.4,0.2826427982109813
Oakley,,035501017,Residential Low,R-10,0.0,4.4,0.26579318176803884
Oakley,,035501016,Residential Low,R-10,0.0,4.4,0.26193989831429637
Oakley,,035502006,Residential Low,R-10,0.0,4.4,0.25624314292371775
Oakley,,035502005,Residential Low,R-10,0.0,4.4,0.2614151803467301
Oakley,,035502004,Residential Low,R-10,0.0,4.4,0.23253071707528974
Oakley,,035501019,Residential Low,R-10,0.0,4.4,0.24295445694197548
Oakley,,035501020,Residential Low,R-10,0.0,4.4,0.23419498802091449
Oakley,,035501021,Residential Low,R-10,0.0,4.4,0.23749959645891738
Oakley,,035502003,Residential Low,R-10,0.0,4.4,0.2362831696230472
Oakley,,035502002,Residential Low,R-10,0.0,4.4,0.25536900860521106
Oakley,,035502001,Residential Low,R-10,0.0,4.4,0.32147059235100106
Oakley,,035583001,Residential Low,R-10,0.0,4.4,0.3122413651025567
Oakley,,035582006,Residential Low,R-10,0.0,4.4,0.2368779181239382
Oakley,,035582005,Residential Low,R-10,0.0,4.4,0.30031747664240194
Oakley,,035582007,Residential Low,R-10,0.0,4.4,0.2394545240701112
Oakley,,035501022,Residential Low,R-10,0.0,4.4,0.2431743411398427
Oakley,,035510006,Commercial,RB,0.0,0.0,1.709
Oakley,,035510003,Commercial,RB,0.0,0.0,0.79
Oakley,,034080030,Public and Semi-Public,P,0.0,0.0,5.69
Oakley,,035582004,Residential Low,R-10,0.0,4.4,0.27173168994777086
Oakley,,035583002,Residential Low,R-10,0.0,4.4,0.26160397426686743
Oakley,,035582003,Residential Low,R-10,0.0,4.4,0.2376517424994043
Oakley,,035582002,Residential Low,R-10,0.0,4.4,0.22590284021763982
Oakley,,035581022,Residential Low,R-10,0.0,4.4,0.3307061964327064
Oakley,,035581038,Residential Low,R-10,0.0,4.4,0.23469472821040568
Oakley,,035581023,Residential Low,R-10,0.0,4.4,0.2301830869288268
Oakley,,035581024,Residential Low,R-10,0.0,4.4,0.22788511130972916
Oakley,,035581036,Residential Low,R-10,0.0,4.4,0.23011355557954846
Oakley,,035581037,Residential Low,R-10,0.0,4.4,0.2367677090168141
Oakley,,035582001,Residential Low,R-10,0.0,4.4,0.2365429471884076
Oakley,,035583004,Residential Low,R-10,0.0,4.4,0.24575645319608197
Oakley,,035583003,Residential Low,R-10,0.0,4.4,0.2345325461306915
Oakley,,035583005,Residential Low,R-10,0.0,4.4,0.32515317985259995
Oakley,,035581033,Residential Low,R-10,0.0,4.4,0.23412917675048153
Oakley,,035581034,Residential Low,R-10,0.0,4.4,0.2351940071461496
Oakley,,035581035,Residential Low,R-10,0.0,4.4,0.24057939901490277
Oakley,,035581025,Residential Low,R-10,0.0,4.4,0.23502682110118472
Oakley,,035581026,Residential Low,R-10,0.0,4.4,0.23112649809879804
Oakley,,035581027,Residential Low,R-10,0.0,4.4,0.2327164994427128
Oakley,,035581032,Residential Low,R-10,0.0,4.4,0.22846998169864027
Oakley,,035581029,Residential Low,R-10,0.0,4.4,0.2379757437217092
Oakley,,035581028,Residential Low,R-10,0.0,4.4,0.23551104743152038
Oakley,,035574001,Residential Low,R-10,0.0,4.4,0.23684235903814152
Oakley,,035581030,Residential Low,R-10,0.0,4.4,0.227909699720621
Oakley,,035574002,Residential Low,R-10,0.0,4.4,0.24160335544647257
Oakley,,035581031,Residential Low,R-10,0.0,4.4,0.24198530407466196
Oakley,,035575001,Residential Low,R-10,0.0,4.4,0.24052881217861377
Oakley,,035583009,Residential Low,R-10,0.0,4.4,0.24436230433953562
Oakley,,035583008,Residential Low,R-10,0.0,4.4,0.24918163422063802
Oakley,,035583007,Residential Low,R-10,0.0,4.4,0.26931392891043787
Oakley,,035583006,Residential Low,R-10,0.0,4.4,0.2799275982697356
Oakley,,035502015,Residential Low,R-10,0.0,4.4,0.23794706741226151
Oakley,,035502017,Residential Low,R-10,0.0,4.4,0.25712409916095014
Oakley,,035502016,Residential Low,R-10,0.0,4.4,0.4557943690762174
Oakley,,035502018,Residential Low,R-10,0.0,4.4,0.2644832232599992
Oakley,,035502014,Residential Low,R-10,0.0,4.4,0.2329116505527576
Oakley,,035502013,Residential Low,R-10,0.0,4.4,0.24205583023445615
Oakley,,035502012,Residential Low,R-10,0.0,4.4,0.23335525468593005
Oakley,,035502007,Residential Low,R-10,0.0,4.4,0.24322576635396365
Oakley,,035502011,Residential Low,R-10,0.0,4.4,0.23767332496440674
Oakley,,035502010,Residential Low,R-10,0.0,4.4,0.23353731023570232
Oakley,,035502021,Residential Low,R-10,0.0,4.4,0.24057301740515705
Oakley,,035502020,Residential Low,R-10,0.0,4.4,0.28136844665098415
Oakley,,035503003,Residential Low,R-10,0.0,4.4,0.22742818244883345
Oakley,,035503002,Residential Low,R-10,0.0,4.4,0.2285900731381479
Oakley,,035503001,Residential Low,R-10,0.0,4.4,0.2232375568611808
Oakley,,035571001,Residential Low,R-10,0.0,4.4,0.25382737617947154
Oakley,,035502022,Residential Low,R-10,0.0,4.4,0.2347376556396145
Oakley,,035502019,Residential Low,R-10,0.0,4.4,0.3289386557049899
Oakley,,035575002,Residential Low,R-10,0.0,4.4,0.2447924374505749
Oakley,,035575003,Residential Low,R-10,0.0,4.4,0.2811920552671536
Oakley,,035571003,Residential Low,R-10,0.0,4.4,0.35508556469779134
Oakley,,035571004,Residential Low,R-10,0.0,4.4,0.24720113238741873
Oakley,,035574003,Residential Low,R-10,0.0,4.4,0.2943083281247483
Oakley,,035571005,Residential Low,R-10,0.0,4.4,0.2412627195903715
Oakley,,035571002,Residential Low,R-10,0.0,4.4,0.286952659376173
Oakley,,035474021,Residential Low/Medium,R-6,0.0,7.3,0.1369447629084466
Oakley,,035474022,Residential Low/Medium,R-6,0.0,7.3,0.13799963404155374
Oakley,,035474023,Residential Low/Medium,R-6,0.0,7.3,0.1380927014918638
Oakley,,035474024,Residential Low/Medium,R-6,0.0,7.3,0.14165676054360848
Oakley,,035471008,Residential Low/Medium,R-6,0.0,7.3,0.1648559427119622
Oakley,,035341023,Residential Low/Medium,R-6,0.0,7.3,0.1506768698475569
Oakley,,035342001,Residential Low/Medium,R-6,0.0,7.3,0.15425534490238163
Oakley,,035342002,Residential Low/Medium,R-6,0.0,7.3,0.1525200385827293
Oakley,,035342003,Residential Low/Medium,R-6,0.0,7.3,0.15167379950217733
Oakley,,035342004,Residential Low/Medium,R-6,0.0,7.3,0.14547731316316462
Oakley,,035343001,Residential Low/Medium,R-6,0.0,7.3,0.1477944259155299
Oakley,,035343002,Residential Low/Medium,R-6,0.0,7.3,0.13487590263209925
Oakley,,035341022,Residential Low/Medium,R-6,0.0,7.3,0.1360536890124434
Oakley,,035343003,Residential Low/Medium,R-6,0.0,7.3,0.14321690538312024
Oakley,,035343004,Residential Low/Medium,R-6,0.0,7.3,0.1430813670024652
Oakley,,035343005,Residential Low/Medium,R-6,0.0,7.3,0.13967136688285609
Oakley,,035343018,Residential Low/Medium,R-6,0.0,7.3,0.14102676516199444
Oakley,,035343019,Residential Low/Medium,R-6,0.0,7.3,0.14390682810067404
Oakley,,035343020,Residential Low/Medium,R-6,0.0,7.3,0.14413257003821395
Oakley,,035344011,Residential Low/Medium,R-6,0.0,7.3,0.1347472562282433
Oakley,,035344012,Residential Low/Medium,R-6,0.0,7.3,0.1529954628156062
Oakley,,035343021,Residential Low/Medium,R-6,0.0,7.3,0.13801113665466958
Oakley,,035343022,Residential Low/Medium,R-6,0.0,7.3,0.15136471035883045
Oakley,,035342005,Residential Low/Medium,R-6,0.0,7.3,0.15271184006331098
Oakley,,035342006,Residential Low/Medium,R-6,0.0,7.3,0.1517489221234623
Oakley,,035342007,Residential Low/Medium,R-6,0.0,7.3,0.14957457062582616
Oakley,,035342008,Residential Low/Medium,R-6,0.0,7.3,0.15526093045559847
Oakley,,035342009,Residential Low/Medium,R-6,0.0,7.3,0.15015967693097945
Oakley,,035342010,Residential Low/Medium,R-6,0.0,7.3,0.20483210287016065
Oakley,,035571015,Residential Low,R-10,0.0,4.4,0.3293671026461262
Oakley,,035571006,Residential Low,R-10,0.0,4.4,0.23550289570870447
Oakley,,035571007,Residential Low,R-10,0.0,4.4,0.2561643657412778
Oakley,,035571008,Residential Low,R-10,0.0,4.4,0.24182914910276865
Oakley,,035571010,Residential Low,R-10,0.0,4.4,0.26044841244157224
Oakley,,035571009,Residential Low,R-10,0.0,4.4,0.24709551835204194
Oakley,,035571011,Residential Low,R-10,0.0,4.4,0.2990137101899764
Oakley,,035571012,Residential Low,R-10,0.0,4.4,0.24316434287956318
Oakley,,035571014,Residential Low,R-10,0.0,4.4,0.2506415271293619
Oakley,,035571013,Residential Low,R-10,0.0,4.4,0.24510007544454884
Oakley,,035571019,Residential Low,R-10,0.0,4.4,0.24976264799615353
Oakley,,035571018,Residential Low,R-10,0.0,4.4,0.24760559886687614
Oakley,,035661001,Residential Low/Medium,P-1,0.0,24.0,0.20495672792198
Oakley,,035661004,Residential Low/Medium,P-1,0.0,24.0,0.20505118754646506
Oakley,,035571017,Residential Low,R-10,0.0,4.4,0.2556875552211334
Oakley,,035571016,Residential Low,R-10,0.0,4.4,0.3198005962854859
Oakley,,035661005,Residential Low/Medium,P-1,0.0,24.0,0.22970158422952822
Oakley,,035661007,Residential Low/Medium,P-1,0.0,24.0,0.1597057829959433
Oakley,,035661006,Residential Low/Medium,P-1,0.0,24.0,0.2076736178170601
Oakley,,035661003,Residential Low/Medium,P-1,0.0,24.0,0.17772760783337477
Oakley,,035661002,Residential Low/Medium,P-1,0.0,24.0,0.18863523749650676
Oakley,,035662002,Residential Low/Medium,P-1,0.0,24.0,0.16627517445454892
Oakley,,035661008,Residential Low/Medium,P-1,0.0,24.0,0.17173263394307492
Oakley,,035662001,Residential Low/Medium,P-1,0.0,24.0,0.18606889672419943
Oakley,,035662004,Residential Low/Medium,P-1,0.0,24.0,0.28517799658669957
Oakley,,035662006,Residential Low/Medium,P-1,0.0,24.0,0.20911087817331822
Oakley,,035662005,Residential Low/Medium,P-1,0.0,24.0,0.2445071051618221
Oakley,,035662003,Residential Low/Medium,P-1,0.0,24.0,0.17692398305277887
Oakley,,035662015,Residential Low/Medium,P-1,0.0,24.0,0.19673859682377406
Oakley,,035662014,Residential Low/Medium,P-1,0.0,24.0,0.24485541854564533
Oakley,,035662011,Residential Low/Medium,P-1,0.0,24.0,0.23321319007771582
Oakley,,035662012,Residential Low/Medium,P-1,0.0,24.0,0.22637588546731166
Oakley,,035581003,Residential Low,R-10,0.0,4.4,0.34506032241281953
Oakley,,035581002,Residential Low,R-10,0.0,4.4,0.2606669617030579
Oakley,,035581001,Residential Low,R-10,0.0,4.4,0.2376363689078979
Oakley,,035662013,Residential Low/Medium,P-1,0.0,24.0,0.1978938946838573
Oakley,,035662016,Residential Low/Medium,P-1,0.0,24.0,0.19572380380886267
Oakley,,035572001,Residential Low,R-10,0.0,4.4,0.255038343880027
Oakley,,035573001,Residential Low,R-10,0.0,4.4,0.23993551196037505
Oakley,,035573002,Residential Low,R-10,0.0,4.4,0.25470647635571214
Oakley,,035581008,Residential Low,R-10,0.0,4.4,0.22225480379719087
Oakley,,035581007,Residential Low,R-10,0.0,4.4,0.2251662419075193
Oakley,,035581006,Residential Low,R-10,0.0,4.4,0.23874207260577984
Oakley,,035581009,Residential Low,R-10,0.0,4.4,0.24587822918491348
Oakley,,035581010,Residential Low,R-10,0.0,4.4,0.26519365615726165
Oakley,,035581011,Residential Low,R-10,0.0,4.4,0.24036489623366528
Oakley,,035581005,Residential Low,R-10,0.0,4.4,0.2817604009069514
Oakley,,035581004,Residential Low,R-10,0.0,4.4,0.26220263146934975
Oakley,,035581013,Residential Low,R-10,0.0,4.4,0.25941120375614607
Oakley,,035581014,Residential Low,R-10,0.0,4.4,0.24072262921879406
Oakley,,035581015,Residential Low,R-10,0.0,4.4,0.29981099376615133
Oakley,,035581018,Residential Low,R-10,0.0,4.4,0.2552685608190236
Oakley,,035581019,Residential Low,R-10,0.0,4.4,0.23634871659884507
Oakley,,035581012,Residential Low,R-10,0.0,4.4,0.24950858942255327
Oakley,,035581021,Residential Low,R-10,0.0,4.4,0.23235665344618678
Oakley,,035581020,Residential Low,R-10,0.0,4.4,0.22959279191005946
Oakley,,034080021,Agricultural Limited,AL,0.0,0.0,1.7
Oakley,,034080044,Agricultural Limited,AL,0.0,0.0,1.54
Oakley,,034080045,Agricultural Limited,AL,0.0,0.0,0.877
Oakley,,035581016,Residential Low,R-10,0.0,4.4,0.2976474699833081
Oakley,,035581017,Residential Low,R-10,0.0,4.4,0.36728721700475875
Oakley,,034080046,Agricultural Limited,AL,0.0,0.0,1.706
Oakley,,034080028,Agricultural Limited,AL,0.0,0.0,2.144086719474615
Oakley,,035662010,Residential Low/Medium,P-1,0.0,24.0,0.15424056406675854
Oakley,,035662009,Residential Low/Medium,P-1,0.0,24.0,0.16297898211716952
Oakley,,035662008,Residential Low/Medium,P-1,0.0,24.0,0.21133884674191294
Oakley,,035050008,Residential Low/Medium,R-10,0.0,4.4,3.23
Oakley,,035662007,Residential Low/Medium,P-1,0.0,24.0,0.24834284058033848
Oakley,,035050016,Residential Low/Medium,R-10,0.0,4.4,0.471
Oakley,,035701033,Residential Low/Medium,R-7,0.0,5.5,0.17959127333617014
Oakley,,035701032,Residential Low/Medium,R-7,0.0,5.5,0.17851090239905915
Oakley,,035050017,Residential Low/Medium,R-10,0.0,4.4,0.471
Oakley,,035050007,Residential Low/Medium,R-10,0.0,4.4,1.12
Oakley,,035701017,Residential Low/Medium,R-7,0.0,5.5,0.17931078607681414
Oakley,,035701018,Residential Low/Medium,R-7,0.0,5.5,0.17216879746173613
Oakley,,035701031,Residential Low/Medium,R-7,0.0,5.5,0.1719225245250004
Oakley,,035701030,Residential Low/Medium,R-7,0.0,5.5,0.1698086530770767
Oakley,,035701019,Residential Low/Medium,R-7,0.0,5.5,0.16677391563824984
Oakley,,035701020,Residential Low/Medium,R-7,0.0,5.5,0.18456332446983545
Oakley,,035701021,Residential Low/Medium,R-7,0.0,5.5,0.18456360919499218
Oakley,,035701013,Residential Low/Medium,R-7,0.0,5.5,0.18455776984181876
Oakley,,035701014,Residential Low/Medium,R-7,0.0,5.5,0.16676825897242484
Oakley,,035701002,Residential Low/Medium,R-7,0.0,5.5,0.18689276048419967
Oakley,,035701015,Residential Low/Medium,R-7,0.0,5.5,0.17216320147621966
Oakley,,035701016,Residential Low/Medium,R-7,0.0,5.5,0.17880238489418612
Oakley,,035050009,Residential Low/Medium,R-10,0.0,4.4,1.37
Oakley,,035701001,Residential Low/Medium,R-7,0.0,5.5,0.19053938934780051
Oakley,,034010031,Public and Semi-Public,P-1,0.0,24.0,5.196
Oakley,,035701003,Residential Low/Medium,R-7,0.0,5.5,0.18681534206082107
Oakley,,035701004,Residential Low/Medium,R-7,0.0,5.5,0.20704963945185448
Oakley,,035701005,Residential Low/Medium,R-7,0.0,5.5,0.19851339228268097
Oakley,,035701012,Residential Low/Medium,R-7,0.0,5.5,0.18455915313456686
Oakley,,035701011,Residential Low/Medium,R-7,0.0,5.5,0.17061944814746097
Oakley,,035701006,Residential Low/Medium,R-7,0.0,5.5,0.1950396147400981
Oakley,,035701008,Residential Low/Medium,R-7,0.0,5.5,0.23982958371732016
Oakley,,035701007,Residential Low/Medium,R-7,0.0,5.5,0.2383665108849967
Oakley,,034310007,Residential Low,P-1,0.0,24.0,0.16982636627691344
Oakley,,034310006,Residential Low,P-1,0.0,24.0,0.15234454573624417
Oakley,,034310005,Residential Low,P-1,0.0,24.0,0.1623322337938403
Oakley,,034310002,Residential Low,P-1,0.0,24.0,0.169805466216789
Oakley,,034310001,Residential Low,P-1,0.0,24.0,0.16398954169852703
Oakley,,034310003,Residential Low,P-1,0.0,24.0,0.15482904826520702
Oakley,,034310004,Residential Low,P-1,0.0,24.0,0.16981631748960646
Oakley,,034380006,Residential Low,P-1,0.0,24.0,0.19358091534325972
Oakley,,034380005,Residential Low,P-1,0.0,24.0,0.17777899452495186
Oakley,,034380004,Residential Low,P-1,0.0,24.0,0.2403306824487198
Oakley,,034380002,Residential Low,P-1,0.0,24.0,0.1678538846814243
Oakley,,034380003,Residential Low,P-1,0.0,24.0,0.2519660396143809
Oakley,,034380001,Residential Low,P-1,0.0,24.0,0.22881203941774703
Oakley,,034080026,Agricultural Limited,AL,0.0,0.0,2.1453115060390124
Oakley,,034080003,Agricultural Limited,AL,0.0,0.0,1.0
Oakley,,034080027,Agricultural Limited,AL,0.0,0.0,2.1600344579871327
Oakley,,034080037,Agricultural Limited,AL,0.0,0.0,1.54
Oakley,,034080005,Agricultural Limited,AL,0.0,0.0,1.24
Oakley,,034080008,Agricultural Limited,AL,0.0,0.0,1.0
Oakley,,034080009,Agricultural Limited,AL,0.0,0.0,1.33
Oakley,,034080022,Agricultural Limited,AL,0.0,0.0,1.0
Oakley,,034080012,Agricultural Limited,AL,0.0,0.0,1.0
Oakley,,034080050,Agricultural Limited,AL,0.0,0.0,1.0
Oakley,,034080035,Agricultural Limited,AL,0.0,0.0,5.29
Oakley,,034080051,Agricultural Limited,AL,0.0,0.0,1.0
Oakley,,034080049,Agricultural Limited,AL,0.0,0.0,0.97
Oakley,,034080010,Agricultural Limited,AL,0.0,0.0,0.83
Oakley,,034080036,Agricultural Limited,AL,0.0,0.0,1.06
Oakley,,034080039,Agricultural Limited,AL,0.0,0.0,1.04
Oakley,,034080038,Agricultural Limited,AL,0.0,0.0,1.02
Oakley,,034080025,Agricultural Limited,AL,0.0,0.0,2.19
Oakley,,034070062,Agricultural Limited,AL,0.0,0.0,1.23
Oakley,,034070061,Agricultural Limited,AL,0.0,0.0,1.29
Oakley,,034070065,Agricultural Limited,AL,0.0,0.0,1.64
Oakley,,034080011,Agricultural Limited,AL,0.0,0.0,1.0
Oakley,,034070066,Agricultural Limited,AL,0.0,0.0,2.01
Oakley,,034070034,Agricultural Limited,AL,0.0,0.0,3.647
Oakley,,034070037,Agricultural Limited,AL,0.0,0.0,3.47
Oakley,,034070045,Agricultural Limited,AL,0.0,0.0,3.24
Oakley,,034070068,Agricultural Limited,R-40,0.0,1.1,1.0
Oakley,,034070027,Agricultural Limited,AL,0.0,0.0,2.57
Oakley,,034070060,Agricultural Limited,AL,0.0,0.0,1.5
Oakley,,034070018,Agricultural Limited,AL,0.0,0.0,1.027
Oakley,,034380067,Residential Low,P-1,0.0,24.0,0.20891792769457654
Oakley,,034380066,Residential Low,P-1,0.0,24.0,0.1939900046541249
Oakley,,034070019,Agricultural Limited,AL,0.0,0.0,1.027
Oakley,,034070021,Agricultural Limited,AL,0.0,0.0,2.254
Oakley,,034380063,Residential Low,P-1,0.0,24.0,0.18751287616309975
Oakley,,034380064,Residential Low,P-1,0.0,24.0,0.20363140788000583
Oakley,,034380065,Residential Low,P-1,0.0,24.0,0.20294749564682857
Oakley,,034380054,Residential Low,P-1,0.0,24.0,0.22066406391102578
Oakley,,034380055,Residential Low,P-1,0.0,24.0,0.21552703825387684
Oakley,,034380056,Residential Low,P-1,0.0,24.0,0.1553805889966851
Oakley,,034380061,Residential Low,P-1,0.0,24.0,0.17079511074975653
Oakley,,034380062,Residential Low,P-1,0.0,24.0,0.18494093834668782
Oakley,,034380060,Residential Low,P-1,0.0,24.0,0.2456998087282588
Oakley,,034380059,Residential Low,P-1,0.0,24.0,0.20694608837719053
Oakley,,034380058,Residential Low,P-1,0.0,24.0,0.24190259700506972
Oakley,,034380057,Residential Low,P-1,0.0,24.0,0.26204186897187204
Oakley,,034380029,Residential Low,P-1,0.0,24.0,0.1772147808557013
Oakley,,034380030,Residential Low,P-1,0.0,24.0,0.19931349465029166
Oakley,,034380028,Residential Low,P-1,0.0,24.0,0.25181772001322517
Oakley,,034380026,Residential Low,P-1,0.0,24.0,0.2543413707075759
Oakley,,034020019,Agricultural Limited,AL,0.0,0.0,5.0
Oakley,,034380027,Residential Low,P-1,0.0,24.0,0.22254268681378575
Oakley,,034330024,Residential Low,P-1,0.0,24.0,0.2483537630769147
Oakley,,034330022,Residential Low,P-1,0.0,24.0,0.18785928348535713
Oakley,,034330023,Residential Low,P-1,0.0,24.0,0.2679690068665584
Oakley,,034020007,Agricultural Limited,AL,0.0,0.0,5.15
Oakley,,034330020,Residential Low,P-1,0.0,24.0,0.24261690068892075
Oakley,,034330021,Residential Low,P-1,0.0,24.0,0.31799282268441587
Oakley,,034330007,Residential Low,P-1,0.0,24.0,0.17706564599308902
Oakley,,034330008,Residential Low,P-1,0.0,24.0,0.17957741517639625
Oakley,,034330019,Residential Low,P-1,0.0,24.0,0.22671707096140722
Oakley,,034330018,Residential Low,P-1,0.0,24.0,0.19074834421406978
Oakley,,034380025,Residential Low,P-1,0.0,24.0,0.23364273683686634
Oakley,,034380024,Residential Low,P-1,0.0,24.0,0.1476787981940184
Oakley,,034380023,Residential Low,P-1,0.0,24.0,0.20334726029259376
Oakley,,034380022,Residential Low,P-1,0.0,24.0,0.21110113655961882
Oakley,,034330016,Residential Low,P-1,0.0,24.0,0.1536322701665109
Oakley,,034330017,Residential Low,P-1,0.0,24.0,0.16005919709254682
Oakley,,034330009,Residential Low,P-1,0.0,24.0,0.17228315280867368
Oakley,,034330010,Residential Low,P-1,0.0,24.0,0.1674939389600477
Oakley,,034330011,Residential Low,P-1,0.0,24.0,0.15615334103366776
Oakley,,034330012,Residential Low,P-1,0.0,24.0,0.14010568789238936
Oakley,,034330015,Residential Low,P-1,0.0,24.0,0.1531758421548443
Oakley,,034320010,Residential Low,P-1,0.0,24.0,0.15192934546114273
Oakley,,034320007,Residential Low,P-1,0.0,24.0,0.15166434576416923
Oakley,,034320008,Residential Low,P-1,0.0,24.0,0.15916017794314358
Oakley,,034320009,Residential Low,P-1,0.0,24.0,0.15243883078051187
Oakley,,034330014,Residential Low,P-1,0.0,24.0,0.15284271101151475
Oakley,,034380018,Residential Low,P-1,0.0,24.0,0.1988228089295927
Oakley,,034380017,Residential Low,P-1,0.0,24.0,0.1988965810162116
Oakley,,034380019,Residential Low,P-1,0.0,24.0,0.19876026006340544
Oakley,,034380020,Residential Low,P-1,0.0,24.0,0.19869723690356034
Oakley,,034380021,Residential Low,P-1,0.0,24.0,0.19863303301493637
Oakley,,034380031,Residential Low,P-1,0.0,24.0,0.20890256579763156
Oakley,,034380032,Residential Low,P-1,0.0,24.0,0.1736278073081244
Oakley,,034380033,Residential Low,P-1,0.0,24.0,0.18500163071610484
Oakley,,034380053,Residential Low,P-1,0.0,24.0,0.2029365168757113
Oakley,,034380052,Residential Low,P-1,0.0,24.0,0.19398705214151524
Oakley,,034380051,Residential Low,P-1,0.0,24.0,0.18204862452640014
Oakley,,034380034,Residential Low,P-1,0.0,24.0,0.1935380222226369
Oakley,,034380035,Residential Low,P-1,0.0,24.0,0.1850011727177935
Oakley,,034380036,Residential Low,P-1,0.0,24.0,0.1736181462389024
Oakley,,034380037,Residential Low,P-1,0.0,24.0,0.19354056031566474
Oakley,,034380049,Residential Low,P-1,0.0,24.0,0.20293966708777184
Oakley,,034380048,Residential Low,P-1,0.0,24.0,0.18204584411848168
Oakley,,034380050,Residential Low,P-1,0.0,24.0,0.20294140036727942
Oakley,,034380068,Residential Low,P-1,0.0,24.0,0.20891515165831728
Oakley,,034380069,Residential Low,P-1,0.0,24.0,0.20891477224821292
Oakley,,034380071,Residential Low,P-1,0.0,24.0,0.19399299442397397
Oakley,,034380070,Residential Low,P-1,0.0,24.0,0.2089141786716144
Oakley,,034380072,Residential Low,P-1,0.0,24.0,0.22284323119979912
Oakley,,034380046,Residential Low,P-1,0.0,24.0,0.18204724265038394
Oakley,,034380047,Residential Low,P-1,0.0,24.0,0.20294054568369194
Oakley,,034380038,Residential Low,P-1,0.0,24.0,0.17361797305195312
Oakley,,034380039,Residential Low,P-1,0.0,24.0,0.18499987844477742
Oakley,,034380040,Residential Low,P-1,0.0,24.0,0.19354054756852015
Oakley,,034380041,Residential Low,P-1,0.0,24.0,0.1736170707793707
Oakley,,034380045,Residential Low,P-1,0.0,24.0,0.19398661001076886
Oakley,,034380044,Residential Low,P-1,0.0,24.0,0.18204585407144297
Oakley,,034380043,Residential Low,P-1,0.0,24.0,0.20623415642008738
Oakley,,034380042,Residential Low,P-1,0.0,24.0,0.20511016455915432
Oakley,,034380007,Residential Low,P-1,0.0,24.0,0.19304128884897256
Oakley,,034380012,Residential Low,P-1,0.0,24.0,0.19911121910688526
Oakley,,034380013,Residential Low,P-1,0.0,24.0,0.19917460542115903
Oakley,,034380014,Residential Low,P-1,0.0,24.0,0.1990900403541281
Oakley,,034380016,Residential Low,P-1,0.0,24.0,0.1989750542766823
Oakley,,034380015,Residential Low,P-1,0.0,24.0,0.19903892966741576
Oakley,,034320004,Residential Low,P-1,0.0,24.0,0.15719475868967378
Oakley,,034320005,Residential Low,P-1,0.0,24.0,0.15073171288577125
Oakley,,034320006,Residential Low,P-1,0.0,24.0,0.1581445024899573
Oakley,,034320013,Residential Low,P-1,0.0,24.0,0.15189538993528887
Oakley,,034320014,Residential Low,P-1,0.0,24.0,0.16400650606107686
Oakley,,034320003,Residential Low,P-1,0.0,24.0,0.14976000203945267
Oakley,,034320034,Residential Low,P-1,0.0,24.0,0.15642384244863344
Oakley,,034320036,Residential Low,P-1,0.0,24.0,0.1736763297256772
Oakley,,034320035,Residential Low,P-1,0.0,24.0,0.16229723945109584
Oakley,,034320037,Residential Low,P-1,0.0,24.0,0.17038575600994926
Oakley,,034310012,Residential Low,P-1,0.0,24.0,0.20107630033075358
Oakley,,034310013,Residential Low,P-1,0.0,24.0,0.2216100360509587
Oakley,,034380010,Residential Low,P-1,0.0,24.0,0.25320196693908115
Oakley,,034320001,Residential Low,P-1,0.0,24.0,0.17605109772849448
Oakley,,034320002,Residential Low,P-1,0.0,24.0,0.15681336333719956
Oakley,,034380011,Residential Low,P-1,0.0,24.0,0.18234488991253814
Oakley,,034380009,Residential Low,P-1,0.0,24.0,0.21739944334345793
Oakley,,034380008,Residential Low,P-1,0.0,24.0,0.19112061301383937
Oakley,,034310008,Residential Low,P-1,0.0,24.0,0.1623351268828098
Oakley,,034310009,Residential Low,P-1,0.0,24.0,0.16175191324998034
Oakley,,034310025,Parks and Recreation,P-1,0.0,24.0,4.54
Oakley,,034310011,Residential Low,P-1,0.0,24.0,0.19460660594002496
Oakley,,034310010,Residential Low,P-1,0.0,24.0,0.15233230599278888
Oakley,,034310023,Residential Low,P-1,0.0,24.0,0.18319356433312184
Oakley,,034310024,Residential Low,P-1,0.0,24.0,0.1998221306291081
Oakley,,034320038,Residential Low,P-1,0.0,24.0,0.15524264323023507
Oakley,,034320039,Residential Low,P-1,0.0,24.0,0.18099046999797222
Oakley,,034320040,Residential Low,P-1,0.0,24.0,0.20402522621058317
Oakley,,034320041,Residential Low,P-1,0.0,24.0,0.17545843432108751
Oakley,,034320042,Residential Low,P-1,0.0,24.0,0.16384092533434194
Oakley,,034320044,Residential Low,P-1,0.0,24.0,0.25576908564228656
Oakley,,034320043,Residential Low,P-1,0.0,24.0,0.1775630881490997
Oakley,,034320045,Residential Low,P-1,0.0,24.0,0.24332595979256233
Oakley,,034320027,Residential Low,P-1,0.0,24.0,0.1925293666618522
Oakley,,034320028,Residential Low,P-1,0.0,24.0,0.19576431790849202
Oakley,,034320029,Residential Low,P-1,0.0,24.0,0.2489597267636817
Oakley,,034320030,Residential Low,P-1,0.0,24.0,0.28254840521070346
Oakley,,034320031,Residential Low,P-1,0.0,24.0,0.17441854583803246
Oakley,,034320032,Residential Low,P-1,0.0,24.0,0.16222431025629355
Oakley,,034320033,Residential Low,P-1,0.0,24.0,0.18382536413491832
Oakley,,034320015,Residential Low,P-1,0.0,24.0,0.16267407166484846
Oakley,,034320016,Residential Low,P-1,0.0,24.0,0.15269085671473337
Oakley,,034320012,Residential Low,P-1,0.0,24.0,0.15761433927537968
Oakley,,034330060,Residential Low,P-1,0.0,24.0,0.15072655008431113
Oakley,,034330058,Residential Low,P-1,0.0,24.0,0.1673671028229557
Oakley,,034320018,Residential Low,P-1,0.0,24.0,0.15728283444035784
Oakley,,034330059,Residential Low,P-1,0.0,24.0,0.16179050344535162
Oakley,,034320017,Residential Low,P-1,0.0,24.0,0.17166679542537674
Oakley,,034320019,Residential Low,P-1,0.0,24.0,0.1675224497181347
Oakley,,034320020,Residential Low,P-1,0.0,24.0,0.17738507136388373
Oakley,,034320021,Residential Low,P-1,0.0,24.0,0.19582387914805166
Oakley,,034320022,Residential Low,P-1,0.0,24.0,0.27048285586100135
Oakley,,034320023,Residential Low,P-1,0.0,24.0,0.2067706587271465
Oakley,,034320026,Residential Low,P-1,0.0,24.0,0.16891729791319232
Oakley,,034320046,Residential Low,P-1,0.0,24.0,0.20638991058697395
Oakley,,034320025,Residential Low,P-1,0.0,24.0,0.18574084907929833
Oakley,,034320047,Residential Low,P-1,0.0,24.0,0.2974963618739949
Oakley,,034320048,Residential Low,P-1,0.0,24.0,0.17304532406458303
Oakley,,034340026,Residential Low,P-1,0.0,24.0,0.15220335724504622
Oakley,,034320024,Residential Low,P-1,0.0,24.0,0.2826608382607989
Oakley,,034340027,Residential Low,P-1,0.0,24.0,0.1592307794097819
Oakley,,034340029,Residential Low,P-1,0.0,24.0,0.1429219737025951
Oakley,,034340028,Residential Low,P-1,0.0,24.0,0.15220291093913324
Oakley,,034340031,Residential Low,P-1,0.0,24.0,0.15922849313489568
Oakley,,034340032,Residential Low,P-1,0.0,24.0,0.14518089394989891
Oakley,,034340002,Residential Low,P-1,0.0,24.0,0.17210869454856995
Oakley,,034340001,Residential Low,P-1,0.0,24.0,0.16434674698578738
Oakley,,034340039,Residential Low,P-1,0.0,24.0,0.16427185251739992
Oakley,,034340038,Residential Low,P-1,0.0,24.0,0.17184306119793313
Oakley,,034350040,Residential Low,P-1,0.0,24.0,0.14977925963200386
Oakley,,034350035,Residential Low,P-1,0.0,24.0,0.2650830875141875
Oakley,,034350036,Residential Low,P-1,0.0,24.0,0.21974184420610574
Oakley,,034350041,Residential Low,P-1,0.0,24.0,0.1400337020321578
Oakley,,034350042,Residential Low,P-1,0.0,24.0,0.14003850128048376
Oakley,,034340037,Residential Low,P-1,0.0,24.0,0.17594294943688787
Oakley,,034390012,Residential Low,P-1,0.0,24.0,0.19930501901646808
Oakley,,034390011,Residential Low,P-1,0.0,24.0,0.17933055288877647
Oakley,,034340033,Residential Low,P-1,0.0,24.0,0.1699967565392524
Oakley,,034340034,Residential Low,P-1,0.0,24.0,0.14331469023815574
Oakley,,034390001,Residential Low,P-1,0.0,24.0,0.18583446916714244
Oakley,,034390003,Residential Low,P-1,0.0,24.0,0.2053274790108325
Oakley,,034390002,Residential Low,P-1,0.0,24.0,0.17265635868202406
Oakley,,034390008,Residential Low,P-1,0.0,24.0,0.18633288674197035
Oakley,,034390006,Residential Low,P-1,0.0,24.0,0.17419917052668493
Oakley,,034390007,Residential Low,P-1,0.0,24.0,0.17706837515526172
Oakley,,034360094,Residential Low,P-1,0.0,24.0,0.21408504148378169
Oakley,,034390005,Residential Low,P-1,0.0,24.0,0.18693514508588116
Oakley,,034330077,Residential Low,P-1,0.0,24.0,0.27261487321057587
Oakley,,034330080,Residential Low,P-1,0.0,24.0,0.2049872535631154
Oakley,,034330081,Residential Low,P-1,0.0,24.0,0.18944457591288613
Oakley,,034390004,Residential Low,P-1,0.0,24.0,0.2223875499739991
Oakley,,034340035,Residential Low,P-1,0.0,24.0,0.15952362755425264
Oakley,,034340036,Residential Low,P-1,0.0,24.0,0.15303433911804068
Oakley,,034330057,Residential Low,P-1,0.0,24.0,0.15554020851119205
Oakley,,034330056,Residential Low,P-1,0.0,24.0,0.1695008076798211
Oakley,,034330079,Residential Low,P-1,0.0,24.0,0.23041135972592044
Oakley,,034320011,Residential Low,P-1,0.0,24.0,0.15791707521836773
Oakley,,034330061,Residential Low,P-1,0.0,24.0,0.15188249894790454
Oakley,,034330013,Residential Low,P-1,0.0,24.0,0.15621421124766802
Oakley,,034330062,Residential Low,P-1,0.0,24.0,0.15614496559438037
Oakley,,034330078,Residential Low,P-1,0.0,24.0,0.1852162026727455
Oakley,,034330063,Residential Low,P-1,0.0,24.0,0.14009727664983485
Oakley,,034330064,Residential Low,P-1,0.0,24.0,0.1562032434200177
Oakley,,034330065,Residential Low,P-1,0.0,24.0,0.16587483708279976
Oakley,,034330066,Residential Low,P-1,0.0,24.0,0.2056571764528274
Oakley,,034330074,Residential Low,P-1,0.0,24.0,0.19492911501079419
Oakley,,034330075,Residential Low,P-1,0.0,24.0,0.28300555740285
Oakley,,034330076,Residential Low,P-1,0.0,24.0,0.38022616235958434
Oakley,,034330073,Residential Low,P-1,0.0,24.0,0.2160154578965799
Oakley,,034330072,Residential Low,P-1,0.0,24.0,0.19883741402712846
Oakley,,034360095,Residential Low,P-1,0.0,24.0,0.2218650052857669
Oakley,,034330067,Residential Low,P-1,0.0,24.0,0.1816497725872179
Oakley,,034330006,Residential Low,P-1,0.0,24.0,0.15966676895976195
Oakley,,034330068,Residential Low,P-1,0.0,24.0,0.17662621132088624
Oakley,,034330069,Residential Low,P-1,0.0,24.0,0.21686386065989113
Oakley,,034330004,Residential Low,P-1,0.0,24.0,0.18987839896972694
Oakley,,034330039,Residential Low,P-1,0.0,24.0,0.1926760505658872
Oakley,,034330005,Residential Low,P-1,0.0,24.0,0.1532870977405482
Oakley,,034330040,Residential Low,P-1,0.0,24.0,0.22319812270876105
Oakley,,034330053,Residential Low,P-1,0.0,24.0,0.18599524876906146
Oakley,,034330054,Residential Low,P-1,0.0,24.0,0.20830178040854222
Oakley,,034360008,Residential Low,P-1,0.0,24.0,0.19142349798555794
Oakley,,034330002,Residential Low,P-1,0.0,24.0,0.19066043618955278
Oakley,,034330001,Residential Low,P-1,0.0,24.0,0.19335306665998106
Oakley,,034330003,Residential Low,P-1,0.0,24.0,0.2032304667882511
Oakley,,034330070,Residential Low,P-1,0.0,24.0,0.21814368830721723
Oakley,,034330071,Residential Low,P-1,0.0,24.0,0.18891143248336706
Oakley,,034360001,Residential Low,P-1,0.0,24.0,0.17485129028652388
Oakley,,034360003,Residential Low,P-1,0.0,24.0,0.19184705259196916
Oakley,,034360002,Residential Low,P-1,0.0,24.0,0.1837177092102872
Oakley,,034360005,Residential Low,P-1,0.0,24.0,0.20669674423882992
Oakley,,034360006,Residential Low,P-1,0.0,24.0,0.19514947239006758
Oakley,,034360007,Residential Low,P-1,0.0,24.0,0.19349653363815045
Oakley,,034330055,Residential Low,P-1,0.0,24.0,0.21033397729178138
Oakley,,034360009,Residential Low,P-1,0.0,24.0,0.17669778452555135
Oakley,,034360010,Residential Low,P-1,0.0,24.0,0.18807388366622124
Oakley,,034360033,Residential Low,P-1,0.0,24.0,0.1685117854602967
Oakley,,034360032,Residential Low,P-1,0.0,24.0,0.1685112109819833
Oakley,,034360031,Residential Low,P-1,0.0,24.0,0.16778061763676397
Oakley,,034360041,Residential Low,P-1,0.0,24.0,0.1624360478983405
Oakley,,034360042,Residential Low,P-1,0.0,24.0,0.16265051064592995
Oakley,,034360039,Residential Low,P-1,0.0,24.0,0.162436224695544
Oakley,,034360040,Residential Low,P-1,0.0,24.0,0.16243424416810956
Oakley,,034360034,Residential Low,P-1,0.0,24.0,0.1685122059738104
Oakley,,034360038,Residential Low,P-1,0.0,24.0,0.16243454031672247
Oakley,,034360037,Residential Low,P-1,0.0,24.0,0.1712002144003535
Oakley,,034360036,Residential Low,P-1,0.0,24.0,0.17798489720753566
Oakley,,034360035,Residential Low,P-1,0.0,24.0,0.16850961974493658
Oakley,,034360004,Residential Low,P-1,0.0,24.0,0.21135207873409642
Oakley,,034360093,Residential Low,P-1,0.0,24.0,0.20142039389390703
Oakley,,034360092,Residential Low,P-1,0.0,24.0,0.18759467044159017
Oakley,,034360091,Residential Low,P-1,0.0,24.0,0.19595250347032123
Oakley,,034390009,Residential Low,P-1,0.0,24.0,0.2397580284755538
Oakley,,034360090,Residential Low,P-1,0.0,24.0,0.18697307351917755
Oakley,,034390016,Residential Low,P-1,0.0,24.0,0.18430035952412396
Oakley,,034360088,Residential Low,P-1,0.0,24.0,0.20729046762259654
Oakley,,034360089,Residential Low,P-1,0.0,24.0,0.1954120049746026
Oakley,,034390010,Residential Low,P-1,0.0,24.0,0.24231870363163416
Oakley,,034390015,Residential Low,P-1,0.0,24.0,0.17065850870848315
Oakley,,034390014,Residential Low,P-1,0.0,24.0,0.1800741738895119
Oakley,,034390013,Residential Low,P-1,0.0,24.0,0.19246617585550366
Oakley,,034390020,Residential Low,P-1,0.0,24.0,0.1980236341787941
Oakley,,034390019,Residential Low,P-1,0.0,24.0,0.17546569086290326
Oakley,,034390021,Residential Low,P-1,0.0,24.0,0.16178660373206485
Oakley,,034390022,Residential Low,P-1,0.0,24.0,0.1532881589812076
Oakley,,034390023,Residential Low,P-1,0.0,24.0,0.23256711179650477
Oakley,,034390018,Residential Low,P-1,0.0,24.0,0.18597648810056483
Oakley,,034390017,Residential Low,P-1,0.0,24.0,0.17339715081659796
Oakley,,034360087,Residential Low,P-1,0.0,24.0,0.20972583563426672
Oakley,,034360086,Residential Low,P-1,0.0,24.0,0.21145110969545017
Oakley,,034390024,Residential Low,P-1,0.0,24.0,0.23851256267049223
Oakley,,034390025,Residential Low,P-1,0.0,24.0,0.17858110117222073
Oakley,,034360085,Residential Low,P-1,0.0,24.0,0.21124602833650025
Oakley,,034360084,Residential Low,P-1,0.0,24.0,0.21102423533444317
Oakley,,034360083,Residential Low,P-1,0.0,24.0,0.21078469940711383
Oakley,,034360074,Residential Low,P-1,0.0,24.0,0.16569376091790997
Oakley,,034360073,Residential Low,P-1,0.0,24.0,0.1761884748290785
Oakley,,034360051,Residential Low,P-1,0.0,24.0,0.17543244733615962
Oakley,,034360050,Residential Low,P-1,0.0,24.0,0.17239254323463543
Oakley,,034360049,Residential Low,P-1,0.0,24.0,0.16235121717719847
Oakley,,034360052,Residential Low,P-1,0.0,24.0,0.1654588202554768
Oakley,,034360053,Residential Low,P-1,0.0,24.0,0.16545688293706548
Oakley,,034360054,Residential Low,P-1,0.0,24.0,0.16545749300803644
Oakley,,034360048,Residential Low,P-1,0.0,24.0,0.1623489247460437
Oakley,,034360047,Residential Low,P-1,0.0,24.0,0.16235262486490254
Oakley,,034360046,Residential Low,P-1,0.0,24.0,0.16234189166296786
Oakley,,034360055,Residential Low,P-1,0.0,24.0,0.16544769038224308
Oakley,,034360056,Residential Low,P-1,0.0,24.0,0.15112184446478738
Oakley,,034360045,Residential Low,P-1,0.0,24.0,0.15480404395732641
Oakley,,034360060,Residential Low,P-1,0.0,24.0,0.1890805518481701
Oakley,,034360059,Residential Low,P-1,0.0,24.0,0.16230981046553325
Oakley,,034360062,Residential Low,P-1,0.0,24.0,0.16409634719764954
Oakley,,034360061,Residential Low,P-1,0.0,24.0,0.19043158085227394
Oakley,,034360072,Residential Low,P-1,0.0,24.0,0.17428177387428784
Oakley,,034360071,Residential Low,P-1,0.0,24.0,0.16367764159537262
Oakley,,034360070,Residential Low,P-1,0.0,24.0,0.1636779947553439
Oakley,,034360075,Residential Low,P-1,0.0,24.0,0.16569373929250947
Oakley,,034360076,Residential Low,P-1,0.0,24.0,0.16059556808871814
Oakley,,034360077,Residential Low,P-1,0.0,24.0,0.15969463198257017
Oakley,,034360069,Residential Low,P-1,0.0,24.0,0.15864251478229893
Oakley,,034360068,Residential Low,P-1,0.0,24.0,0.1586420801168109
Oakley,,034360067,Residential Low,P-1,0.0,24.0,0.18677198338919446
Oakley,,034360066,Residential Low,P-1,0.0,24.0,0.20982763716909722
Oakley,,034360065,Residential Low,P-1,0.0,24.0,0.1803181178794041
Oakley,,053071048,Public and Semi-Public,P,0.0,0.0,3.58
Oakley,,034360064,Residential Low,P-1,0.0,24.0,0.18349849689217085
Oakley,,034360063,Residential Low,P-1,0.0,24.0,0.16724458760464048
Oakley,,034360097,Residential Low,P-1,0.0,24.0,0.18173753680099555
Oakley,,034360096,Residential Low,P-1,0.0,24.0,0.17792571751396188
Oakley,,034360100,Residential Low,P-1,0.0,24.0,0.1866357520665571
Oakley,,034360102,Residential Low,P-1,0.0,24.0,0.1918364453284517
Oakley,,034360101,Residential Low,P-1,0.0,24.0,0.1920277010883588
Oakley,,034360108,Residential Low,P-1,0.0,24.0,0.1957531280039409
Oakley,,034360110,Residential Low,P-1,0.0,24.0,0.19535683123598438
Oakley,,034360111,Residential Low,P-1,0.0,24.0,0.20170986429736878
Oakley,,034360058,Residential Low,P-1,0.0,24.0,0.18164638722643314
Oakley,,034360057,Residential Low,P-1,0.0,24.0,0.19446622461124208
Oakley,,034360109,Residential Low,P-1,0.0,24.0,0.1955549623460257
Oakley,,034360107,Residential Low,P-1,0.0,24.0,0.1931896022400353
Oakley,,034360026,Residential Low,P-1,0.0,24.0,0.17413372563577192
Oakley,,034360044,Residential Low,P-1,0.0,24.0,0.1852071736953506
Oakley,,034360025,Residential Low,P-1,0.0,24.0,0.1738559171953953
Oakley,,034360106,Residential Low,P-1,0.0,24.0,0.19888451350110908
Oakley,,034360105,Residential Low,P-1,0.0,24.0,0.19394245143649388
Oakley,,034360024,Residential Low,P-1,0.0,24.0,0.19027977113378086
Oakley,,034030008,Commercial,C,0.0,0.0,3.66
Oakley,,034360103,Residential Low,P-1,0.0,24.0,0.191645855652775
Oakley,,034360104,Residential Low,P-1,0.0,24.0,0.19145493532755725
Oakley,,034030007,Commercial,C,0.0,0.0,3.66
Oakley,,034360023,Residential Low,P-1,0.0,24.0,0.18419546308644227
Oakley,,034360022,Residential Low,P-1,0.0,24.0,0.17271992295820693
Oakley,,034360021,Residential Low,P-1,0.0,24.0,0.18389347522519472
Oakley,,034360020,Residential Low,P-1,0.0,24.0,0.18658058035753305
Oakley,,034360028,Residential Low,P-1,0.0,24.0,0.1580664748929455
Oakley,,034360027,Residential Low,P-1,0.0,24.0,0.16843230974034396
Oakley,,034360043,Residential Low,P-1,0.0,24.0,0.19357289550239742
Oakley,,034360030,Residential Low,P-1,0.0,24.0,0.17169968247645961
Oakley,,034360029,Residential Low,P-1,0.0,24.0,0.1870059465529333
Oakley,,034360012,Residential Low,P-1,0.0,24.0,0.186932260884749
Oakley,,034360011,Residential Low,P-1,0.0,24.0,0.22869167643773242
Oakley,,034360014,Residential Low,P-1,0.0,24.0,0.2232771350587785
Oakley,,034360013,Residential Low,P-1,0.0,24.0,0.17602692373774406
Oakley,,034360019,Residential Low,P-1,0.0,24.0,0.20527734099821604
Oakley,,034360018,Residential Low,P-1,0.0,24.0,0.17481137191327356
Oakley,,034360017,Residential Low,P-1,0.0,24.0,0.191536337594913
Oakley,,034030006,Commercial,C,0.0,0.0,9.5
Oakley,,034330047,Residential Low,P-1,0.0,24.0,0.19093203680656612
Oakley,,034330048,Residential Low,P-1,0.0,24.0,0.18963632273165376
Oakley,,034330049,Residential Low,P-1,0.0,24.0,0.18140389152432784
Oakley,,034360016,Residential Low,P-1,0.0,24.0,0.23291123251439805
Oakley,,034360015,Residential Low,P-1,0.0,24.0,0.22289636578545696
Oakley,,034330051,Residential Low,P-1,0.0,24.0,0.1816716758027642
Oakley,,034330052,Residential Low,P-1,0.0,24.0,0.1901989001140859
Oakley,,034330050,Residential Low,P-1,0.0,24.0,0.18991946159838996
Oakley,,034330043,Residential Low,P-1,0.0,24.0,0.172915679863928
Oakley,,034330041,Residential Low,P-1,0.0,24.0,0.1721045791945948
Oakley,,034330042,Residential Low,P-1,0.0,24.0,0.1804732412685798
Oakley,,034330038,Residential Low,P-1,0.0,24.0,0.18641176411314558
Oakley,,034330037,Residential Low,P-1,0.0,24.0,0.182150285893094
Oakley,,034330036,Residential Low,P-1,0.0,24.0,0.19414926351065342
Oakley,,034330035,Residential Low,P-1,0.0,24.0,0.17459731854014204
Oakley,,034330034,Residential Low,P-1,0.0,24.0,0.1933250192943451
Oakley,,034330044,Residential Low,P-1,0.0,24.0,0.18131643890299576
Oakley,,034330045,Residential Low,P-1,0.0,24.0,0.1737194908486071
Oakley,,034330033,Residential Low,P-1,0.0,24.0,0.16777394676073681
Oakley,,034330032,Residential Low,P-1,0.0,24.0,0.1850722526002349
Oakley,,034330046,Residential Low,P-1,0.0,24.0,0.1724820288278132
Oakley,,034520051,Commercial,P-1,0.0,24.0,0.1226044466598725
Oakley,,034520050,Commercial,P-1,0.0,24.0,0.11037291858212298
Oakley,,034520049,Commercial,P-1,0.0,24.0,0.11478302546902458
Oakley,,034520048,Commercial,P-1,0.0,24.0,0.11478646255652034
Oakley,,034520047,Commercial,P-1,0.0,24.0,0.13257447516389978
Oakley,,034520045,Commercial,P-1,0.0,24.0,0.16293075213560346
Oakley,,034520052,Commercial,P-1,0.0,24.0,0.16222086396642538
Oakley,,034520053,Commercial,P-1,0.0,24.0,0.15955129931413448
Oakley,,034520043,Commercial,P-1,0.0,24.0,0.15232709903451927
Oakley,,034520044,Commercial,P-1,0.0,24.0,0.1571878902525765
Oakley,,034520031,Residential Very Low,P-1,0.0,24.0,0.14529079443259915
Oakley,,034520046,Commercial,P-1,0.0,24.0,0.13004813957794392
Oakley,,034520030,Residential Low,P-1,0.0,24.0,0.11472005854155473
Oakley,,034520029,Residential Very Low,P-1,0.0,24.0,0.11724628619025095
Oakley,,034520026,Residential Very Low,P-1,0.0,24.0,0.12626029105877237
Oakley,,034520028,Residential Very Low,P-1,0.0,24.0,0.11724689333802493
Oakley,,034520027,Residential Very Low,P-1,0.0,24.0,0.11472036599147718
Oakley,,034520017,Residential Very Low,P-1,0.0,24.0,0.14344252219160583
Oakley,,034520018,Residential Very Low,P-1,0.0,24.0,0.12626129216931783
Oakley,,034520019,Residential Very Low,P-1,0.0,24.0,0.12626193248733883
Oakley,,034520020,Residential Very Low,P-1,0.0,24.0,0.12626356509127476
Oakley,,034520021,Residential Very Low,P-1,0.0,24.0,0.128942274953504
Oakley,,034520022,Residential Very Low,P-1,0.0,24.0,0.1653556747691684
Oakley,,034520009,Residential Very Low,P-1,0.0,24.0,0.17759767450227668
Oakley,,034520008,Residential Very Low,P-1,0.0,24.0,0.17279844653099807
Oakley,,034520007,Residential Very Low,P-1,0.0,24.0,0.1726152191831417
Oakley,,034520006,Residential Very Low,P-1,0.0,24.0,0.17242945099192594
Oakley,,034520023,Residential Very Low,P-1,0.0,24.0,0.2162102102230331
Oakley,,034520024,Residential Very Low,P-1,0.0,24.0,0.16519579890101552
Oakley,,034520025,Residential Very Low,P-1,0.0,24.0,0.13260536962421252
Oakley,,034520032,Residential Very Low,P-1,0.0,24.0,0.14705546658662375
Oakley,,034520033,Residential Very Low,P-1,0.0,24.0,0.12725430846498345
Oakley,,034520005,Residential Very Low,P-1,0.0,24.0,0.22546310718016502
Oakley,,034520034,Residential Very Low,P-1,0.0,24.0,0.1523955569977323
Oakley,,034520036,Residential Very Low,P-1,0.0,24.0,0.18463162412119033
Oakley,,034520035,Residential Very Low,P-1,0.0,24.0,0.18761901322074975
Oakley,,034520062,Residential Very Low,P-1,0.0,24.0,0.255
Oakley,,034520003,Residential Very Low,P-1,0.0,24.0,0.17859782122451698
Oakley,,034520002,Residential Very Low,P-1,0.0,24.0,0.17856750981525202
Oakley,,034520001,Residential Very Low,P-1,0.0,24.0,0.17853515342630058
Oakley,,034610009,Residential Low,P-1,0.0,24.0,0.11277432736475414
Oakley,,034610008,Residential Low,P-1,0.0,24.0,0.11276079859208114
Oakley,,034610007,Residential Low,P-1,0.0,24.0,0.11274599168867962
Oakley,,034610005,Residential Low,P-1,0.0,24.0,0.12060482372043269
Oakley,,034610006,Residential Low,P-1,0.0,24.0,0.11308713916250761
Oakley,,034610015,Residential Low,P-1,0.0,24.0,0.11707993354424269
Oakley,,034610014,Residential Low,P-1,0.0,24.0,0.11707937788487625
Oakley,,034610013,Residential Low,P-1,0.0,24.0,0.11708048150493462
Oakley,,034610012,Residential Low,P-1,0.0,24.0,0.12373595508415473
Oakley,,034510066,Residential Low,P-1,0.0,24.0,0.18112954327270614
Oakley,,034610011,Residential Low,P-1,0.0,24.0,0.11912695475252977
Oakley,,034610010,Residential Low,P-1,0.0,24.0,0.11278877866723176
Oakley,,034510089,Residential Very Low,P-1,0.0,24.0,0.1832622141819575
Oakley,,034510088,Residential Very Low,P-1,0.0,24.0,0.18783973757429595
Oakley,,034510087,Residential Very Low,P-1,0.0,24.0,0.18112757723641607
Oakley,,034510086,Residential Very Low,P-1,0.0,24.0,0.17217579316410467
Oakley,,034520011,Residential Very Low,P-1,0.0,24.0,0.14090300759828747
Oakley,,034520010,Residential Very Low,P-1,0.0,24.0,0.1821963530913766
Oakley,,034520012,Residential Very Low,P-1,0.0,24.0,0.15319520599998546
Oakley,,034520013,Residential Very Low,P-1,0.0,24.0,0.14205072353307463
Oakley,,034520014,Residential Very Low,P-1,0.0,24.0,0.12885192367610696
Oakley,,034520015,Residential Very Low,P-1,0.0,24.0,0.1269423524723255
Oakley,,034520016,Residential Very Low,P-1,0.0,24.0,0.14434064943454514
Oakley,,034030010,Residential Very Low,P-1,0.0,24.0,4.18
Oakley,,034490050,Residential Very Low,P-1,0.0,24.0,0.19087703069379813
Oakley,,034490051,Residential Very Low,P-1,0.0,24.0,0.19449317902461527
Oakley,,034490052,Residential Very Low,P-1,0.0,24.0,0.18535827892994824
Oakley,,034500035,Residential Very Low,P-1,0.0,24.0,0.19650814073929343
Oakley,,034490042,Residential Very Low,P-1,0.0,24.0,0.2238613884123634
Oakley,,034490053,Residential Very Low,P-1,0.0,24.0,0.17946260303984576
Oakley,,034490041,Residential Very Low,P-1,0.0,24.0,0.21485808113092722
Oakley,,034490040,Residential Very Low,P-1,0.0,24.0,0.27668585524816464
Oakley,,034490039,Residential Very Low,P-1,0.0,24.0,0.23571853819521177
Oakley,,034490043,Residential Very Low,P-1,0.0,24.0,0.18299526353775872
Oakley,,034490044,Residential Very Low,P-1,0.0,24.0,0.18314115797213773
Oakley,,034490045,Residential Very Low,P-1,0.0,24.0,0.19092169857466332
Oakley,,034490038,Residential Very Low,P-1,0.0,24.0,0.2121591098703512
Oakley,,034490029,Residential Very Low,P-1,0.0,24.0,0.2797870191020083
Oakley,,034490037,Residential Very Low,P-1,0.0,24.0,0.19805903715816459
Oakley,,034490031,Residential Very Low,P-1,0.0,24.0,0.18365426943276733
Oakley,,034490030,Residential Very Low,P-1,0.0,24.0,0.19719153984870683
Oakley,,034490032,Residential Very Low,P-1,0.0,24.0,0.18365521467073279
Oakley,,034490036,Residential Very Low,P-1,0.0,24.0,0.18778330982426555
Oakley,,034490033,Residential Very Low,P-1,0.0,24.0,0.1926067626055185
Oakley,,034490035,Residential Very Low,P-1,0.0,24.0,0.17533181654249314
Oakley,,034490034,Residential Very Low,P-1,0.0,24.0,0.16965141098093553
Oakley,,034490046,Residential Very Low,P-1,0.0,24.0,0.175839305619385
Oakley,,034490049,Residential Very Low,P-1,0.0,24.0,0.17182954270994083
Oakley,,034490047,Residential Very Low,P-1,0.0,24.0,0.169649336056715
Oakley,,034490048,Residential Very Low,P-1,0.0,24.0,0.1696482585097546
Oakley,,034490023,Residential Very Low,P-1,0.0,24.0,0.1837420539681713
Oakley,,034490022,Residential Very Low,P-1,0.0,24.0,0.18180024236106881
Oakley,,034030009,Residential Very Low,P-1,0.0,24.0,10.001693929091049
Oakley,,034330030,Residential Low,P-1,0.0,24.0,0.16774902108107143
Oakley,,034330031,Residential Low,P-1,0.0,24.0,0.17453182138636048
Oakley,,034330028,Residential Low,P-1,0.0,24.0,0.18109485228054337
Oakley,,034330029,Residential Low,P-1,0.0,24.0,0.16245281140610535
Oakley,,034330025,Residential Low,P-1,0.0,24.0,0.20076978487720076
Oakley,,034330026,Residential Low,P-1,0.0,24.0,0.17160900890928688
Oakley,,034330027,Residential Low,P-1,0.0,24.0,0.17310859507982287
Oakley,,034490025,Residential Very Low,P-1,0.0,24.0,0.18369785397131286
Oakley,,034490024,Residential Very Low,P-1,0.0,24.0,0.18371936937054673
Oakley,,034490026,Residential Very Low,P-1,0.0,24.0,0.2228029315760289
Oakley,,034490027,Residential Very Low,P-1,0.0,24.0,0.2994836769118743
Oakley,,034490028,Residential Very Low,P-1,0.0,24.0,0.3616755401178675
Oakley,,034490055,Residential Very Low,P-1,0.0,24.0,2.03
Oakley,,034070069,Agricultural Limited,AL,0.0,0.0,1.0
Oakley,,034070030,Agricultural Limited,AL,0.0,0.0,0.99
Oakley,,034070031,Agricultural Limited,AL,0.0,0.0,0.97
Oakley,,034070046,Agricultural Limited,AL,0.0,0.0,1.0121069981354476
Oakley,,034070047,Agricultural Limited,AL,0.0,0.0,1.0100781853106164
Oakley,,034070048,Agricultural Limited,AL,0.0,0.0,1.027507102621624
Oakley,,034070058,Agricultural Limited,AL,0.0,0.0,0.96
Oakley,,034490008,Residential Very Low,P-1,0.0,24.0,0.18480078460519564
Oakley,,034480046,Residential Very Low,P-1,0.0,24.0,0.18296540758912994
Oakley,,034480051,Residential Very Low,P-1,0.0,24.0,3.65
Oakley,,034480045,Residential Very Low,P-1,0.0,24.0,0.18296423776126883
Oakley,,034480044,Residential Very Low,P-1,0.0,24.0,0.17389664571259725
Oakley,,034480047,Residential Very Low,P-1,0.0,24.0,0.1738985804977412
Oakley,,034480048,Residential Very Low,P-1,0.0,24.0,0.18654719797902133
Oakley,,034480043,Residential Very Low,P-1,0.0,24.0,0.1854914502619776
Oakley,,034480042,Residential Very Low,P-1,0.0,24.0,0.19157354321543452
Oakley,,034480041,Residential Very Low,P-1,0.0,24.0,0.23813704523730356
Oakley,,034480050,Residential Very Low,P-1,0.0,24.0,0.29209297440898807
Oakley,,034480049,Residential Very Low,P-1,0.0,24.0,0.19295472543661182
Oakley,,034490005,Residential Very Low,P-1,0.0,24.0,0.25761013692039925
Oakley,,034490019,Residential Very Low,P-1,0.0,24.0,0.19650815205940464
Oakley,,034490006,Residential Very Low,P-1,0.0,24.0,0.22703708948904247
Oakley,,034490007,Residential Very Low,P-1,0.0,24.0,0.1873288837155058
Oakley,,034490004,Residential Very Low,P-1,0.0,24.0,0.2817531714814484
Oakley,,034490009,Residential Very Low,P-1,0.0,24.0,0.18181300137522782
Oakley,,034490010,Residential Very Low,P-1,0.0,24.0,0.19541648150563487
Oakley,,034490003,Residential Very Low,P-1,0.0,24.0,0.32521358179086585
Oakley,,034490011,Residential Very Low,P-1,0.0,24.0,0.21766193938921216
Oakley,,034490012,Residential Very Low,P-1,0.0,24.0,0.21766952834520087
Oakley,,034490002,Residential Very Low,P-1,0.0,24.0,0.37039624107202773
Oakley,,034490001,Residential Very Low,P-1,0.0,24.0,0.24642403234830695
Oakley,,034490015,Residential Very Low,P-1,0.0,24.0,0.1756197825652575
Oakley,,034490013,Residential Very Low,P-1,0.0,24.0,0.19773001368881715
Oakley,,034490014,Residential Very Low,P-1,0.0,24.0,0.23049260877923922
Oakley,,034490021,Residential Very Low,P-1,0.0,24.0,0.18947766054351828
Oakley,,034490020,Residential Very Low,P-1,0.0,24.0,0.1836536282076389
Oakley,,034500034,Residential Very Low,P-1,0.0,24.0,0.18365650356119909
Oakley,,034500033,Residential Very Low,P-1,0.0,24.0,0.18602246830976127
Oakley,,034490016,Residential Very Low,P-1,0.0,24.0,0.1943522021723738
Oakley,,034490017,Residential Very Low,P-1,0.0,24.0,0.19650969103945523
Oakley,,034490018,Residential Very Low,P-1,0.0,24.0,0.18732875613612204
Oakley,,034500004,Residential Very Low,P-1,0.0,24.0,0.19260604789871058
Oakley,,034500032,Residential Very Low,P-1,0.0,24.0,0.2002636316467417
Oakley,,034500031,Residential Very Low,P-1,0.0,24.0,0.22970897949440744
Oakley,,034500030,Residential Very Low,P-1,0.0,24.0,0.2620170628967878
Oakley,,034500029,Residential Very Low,P-1,0.0,24.0,0.2269460334195469
Oakley,,034500011,Residential Very Low,P-1,0.0,24.0,0.22324198299811585
Oakley,,034500005,Residential Very Low,P-1,0.0,24.0,0.31062224264974686
Oakley,,034500006,Residential Very Low,P-1,0.0,24.0,0.3327613993945513
Oakley,,034500003,Residential Very Low,P-1,0.0,24.0,0.18365759950212845
Oakley,,034500002,Residential Very Low,P-1,0.0,24.0,0.18365433833305198
Oakley,,034500001,Residential Very Low,P-1,0.0,24.0,0.19096837244957
Oakley,,034060019,Residential Very Low,R-15,0.0,2.9,11.64
Oakley,,034060016,Residential Very Low,R-15,0.0,2.9,3.06
Oakley,,034500058,Residential Very Low,P-1,0.0,24.0,0.8604224464308888
Oakley,,034500017,Residential Very Low,P-1,0.0,24.0,0.2687288296130863
Oakley,,034500007,Residential Very Low,P-1,0.0,24.0,0.2252532630023011
Oakley,,034500008,Residential Very Low,P-1,0.0,24.0,0.1935456452503988
Oakley,,034500010,Residential Very Low,P-1,0.0,24.0,0.18480609157567926
Oakley,,034500009,Residential Very Low,P-1,0.0,24.0,0.1927219685112319
Oakley,,034500012,Residential Very Low,P-1,0.0,24.0,0.19944824251142054
Oakley,,034500013,Residential Very Low,P-1,0.0,24.0,0.17034003256770422
Oakley,,034500014,Residential Very Low,P-1,0.0,24.0,0.18250655519086662
Oakley,,034500022,Residential Very Low,P-1,0.0,24.0,0.18365827222624634
Oakley,,034500021,Residential Very Low,P-1,0.0,24.0,0.18365172264430102
Oakley,,034500015,Residential Very Low,P-1,0.0,24.0,0.1776400216730774
Oakley,,034500016,Residential Very Low,P-1,0.0,24.0,0.18250550495581871
Oakley,,034500019,Residential Very Low,P-1,0.0,24.0,0.18365540355307586
Oakley,,034500020,Residential Very Low,P-1,0.0,24.0,0.18365369306650797
Oakley,,034500023,Residential Very Low,P-1,0.0,24.0,0.18365484822908262
Oakley,,034500024,Residential Very Low,P-1,0.0,24.0,0.18365532213687538
Oakley,,034500025,Residential Very Low,P-1,0.0,24.0,0.18365561385562643
Oakley,,034500026,Residential Very Low,P-1,0.0,24.0,0.20668124339730717
Oakley,,034050006,Public and Semi-Public,P,0.0,0.0,54.83527873043888
Oakley,,034510003,Residential Low,P-1,0.0,24.0,0.17221648907267736
Oakley,,034510004,Residential Low,P-1,0.0,24.0,0.1721778538315047
Oakley,,034510051,Residential Low,P-1,0.0,24.0,0.18112597249390688
Oakley,,034510002,Residential Low,P-1,0.0,24.0,0.17217596843491906
Oakley,,034510001,Residential Low,P-1,0.0,24.0,0.18361601150208604
Oakley,,034510076,Residential Low,P-1,0.0,24.0,0.18112761377540196
Oakley,,034510077,Residential Very Low,P-1,0.0,24.0,0.18112540961461993
Oakley,,034500044,Residential Very Low,P-1,0.0,24.0,0.24771792980078738
Oakley,,034500055,Residential Very Low,P-1,0.0,24.0,0.18057592738826736
Oakley,,034500059,Residential Very Low,P-1,0.0,24.0,0.08281189646372207
Oakley,,034500056,Residential Very Low,P-1,0.0,24.0,0.18072882368862236
Oakley,,034500057,Residential Very Low,P-1,0.0,24.0,0.16073877029187975
Oakley,,034500028,Residential Very Low,P-1,0.0,24.0,0.2200062045026562
Oakley,,034500027,Residential Very Low,P-1,0.0,24.0,0.2633462000451125
Oakley,,034500053,Residential Very Low,P-1,0.0,24.0,0.18077098753634502
Oakley,,034500054,Residential Very Low,P-1,0.0,24.0,0.18057234690716384
Oakley,,034500045,Residential Very Low,P-1,0.0,24.0,0.19787626510939463
Oakley,,034500052,Residential Very Low,P-1,0.0,24.0,0.17951197563826904
Oakley,,034500051,Residential Very Low,P-1,0.0,24.0,0.17217718899711254
Oakley,,034490054,Residential Very Low,P-1,0.0,24.0,0.17217686179807626
Oakley,,034500036,Residential Very Low,P-1,0.0,24.0,0.206459880434623
Oakley,,034500049,Residential Very Low,P-1,0.0,24.0,0.24952266245691018
Oakley,,034500050,Residential Very Low,P-1,0.0,24.0,0.1893463212340565
Oakley,,034500046,Residential Very Low,P-1,0.0,24.0,0.2117349530220108
Oakley,,034500047,Residential Very Low,P-1,0.0,24.0,0.2719796107637885
Oakley,,034500043,Residential Very Low,P-1,0.0,24.0,0.19130315982956983
Oakley,,034500042,Residential Very Low,P-1,0.0,24.0,0.183657417046737
Oakley,,034500041,Residential Very Low,P-1,0.0,24.0,0.18345809465875879
Oakley,,034500048,Residential Very Low,P-1,0.0,24.0,0.40668383776441447
Oakley,,034500037,Residential Very Low,P-1,0.0,24.0,0.24342423687488318
Oakley,,034500038,Residential Very Low,P-1,0.0,24.0,0.23518797076906145
Oakley,,034500039,Residential Very Low,P-1,0.0,24.0,0.20147604075253975
Oakley,,034500040,Residential Very Low,P-1,0.0,24.0,0.1926067675032174
Oakley,,034510082,Residential Very Low,P-1,0.0,24.0,0.18112625047885653
Oakley,,034510081,Residential Very Low,P-1,0.0,24.0,0.17217920357105465
Oakley,,034510080,Residential Very Low,P-1,0.0,24.0,0.1836539036816296
Oakley,,034510078,Residential Very Low,P-1,0.0,24.0,0.17217624564909015
Oakley,,034510075,Residential Low,P-1,0.0,24.0,0.172179716327834
Oakley,,034510074,Residential Low,P-1,0.0,24.0,0.1836549898271556
Oakley,,034510079,Residential Very Low,P-1,0.0,24.0,0.18365235208816963
Oakley,,034510073,Residential Low,P-1,0.0,24.0,0.18365386402197784
Oakley,,034510052,Residential Low,P-1,0.0,24.0,0.17217374910001487
Oakley,,034510048,Residential Low,P-1,0.0,24.0,0.1836548310885025
Oakley,,034510053,Residential Low,P-1,0.0,24.0,0.18365523349759594
Oakley,,034510047,Residential Low,P-1,0.0,24.0,0.18365529649605825
Oakley,,034510054,Residential Low,P-1,0.0,24.0,0.18365413110489434
Oakley,,034510056,Residential Low,P-1,0.0,24.0,0.18112655065688574
Oakley,,034510055,Residential Low,P-1,0.0,24.0,0.17217579316794215
Oakley,,034510046,Residential Low,P-1,0.0,24.0,0.17217687977421275
Oakley,,034510045,Residential Low,P-1,0.0,24.0,0.1811276496883842
Oakley,,034510044,Residential Low,P-1,0.0,24.0,0.18112504414371045
Oakley,,034510057,Residential Low,P-1,0.0,24.0,0.18112468811480822
Oakley,,034510072,Residential Low,P-1,0.0,24.0,0.17217695152339943
Oakley,,034510071,Residential Low,P-1,0.0,24.0,0.18112547972251478
Oakley,,034510070,Residential Low,P-1,0.0,24.0,0.181131535068422
Oakley,,034510083,Residential Very Low,P-1,0.0,24.0,0.18112861210960612
Oakley,,034510084,Residential Very Low,P-1,0.0,24.0,0.17217373761841356
Oakley,,034510069,Residential Low,P-1,0.0,24.0,0.17217381991567912
Oakley,,034510085,Residential Very Low,P-1,0.0,24.0,0.17217712765030135
Oakley,,034510068,Residential Low,P-1,0.0,24.0,0.17217648471640803
Oakley,,034510067,Residential Low,P-1,0.0,24.0,0.1721763776276204
Oakley,,034510058,Residential Low,P-1,0.0,24.0,0.1721778264553696
Oakley,,034510043,Residential Low,P-1,0.0,24.0,0.17217854025427373
Oakley,,034510059,Residential Low,P-1,0.0,24.0,0.17217553095673305
Oakley,,034510042,Residential Low,P-1,0.0,24.0,0.1721746125196435
Oakley,,034510041,Residential Low,P-1,0.0,24.0,0.17217797436687177
Oakley,,034510060,Residential Low,P-1,0.0,24.0,0.17217762187203553
Oakley,,034510061,Residential Low,P-1,0.0,24.0,0.18112809744172556
Oakley,,034510040,Residential Low,P-1,0.0,24.0,0.18112818757412363
Oakley,,034610027,Residential Low,P-1,0.0,24.0,0.13521400281417323
Oakley,,034510035,Residential Low,P-1,0.0,24.0,0.1721757497065787
Oakley,,034510034,Residential Low,P-1,0.0,24.0,0.17217570003646154
Oakley,,034510033,Residential Low,P-1,0.0,24.0,0.17217810458644445
Oakley,,034510031,Residential Low,P-1,0.0,24.0,0.17217800171917802
Oakley,,034510016,Residential Low,P-1,0.0,24.0,0.1721760613677156
Oakley,,034510032,Residential Low,P-1,0.0,24.0,0.17217834010352223
Oakley,,034510015,Residential Low,P-1,0.0,24.0,0.17217509878117557
Oakley,,034510014,Residential Low,P-1,0.0,24.0,0.17217541046657772
Oakley,,034620064,Residential Low,P-1,0.0,24.0,0.1311417072789428
Oakley,,034620066,Residential Low,P-1,0.0,24.0,0.1365027246600168
Oakley,,034620065,Residential Low,P-1,0.0,24.0,0.11790721976117391
Oakley,,034510019,Residential Low,P-1,0.0,24.0,0.17217977216165042
Oakley,,034510018,Residential Low,P-1,0.0,24.0,0.18112609503888052
Oakley,,034510017,Residential Low,P-1,0.0,24.0,0.16964888274943526
Oakley,,034510030,Residential Low,P-1,0.0,24.0,0.1696486914141065
Oakley,,034510029,Residential Low,P-1,0.0,24.0,0.18112792430348196
Oakley,,034510028,Residential Low,P-1,0.0,24.0,0.17217826926128663
Oakley,,034510027,Residential Low,P-1,0.0,24.0,0.18365410850972455
Oakley,,034510049,Residential Low,P-1,0.0,24.0,0.17217797875799706
Oakley,,034510025,Residential Low,P-1,0.0,24.0,0.17217507229861062
Oakley,,034510026,Residential Low,P-1,0.0,24.0,0.18365433450717683
Oakley,,034510020,Residential Low,P-1,0.0,24.0,0.1836557003872057
Oakley,,034510021,Residential Low,P-1,0.0,24.0,0.18365599013649223
Oakley,,034510022,Residential Low,P-1,0.0,24.0,0.17217661757753389
Oakley,,034620079,Residential Low,P-1,0.0,24.0,0.11500781029926302
Oakley,,034620080,Residential Low,P-1,0.0,24.0,0.1150088778449083
Oakley,,034620078,Residential Low,P-1,0.0,24.0,0.11500781029248704
Oakley,,034620076,Residential Low,P-1,0.0,24.0,0.11500894469315445
Oakley,,034620077,Residential Low,P-1,0.0,24.0,0.11500745138433016
Oakley,,034620074,Residential Low,P-1,0.0,24.0,0.11459190553204308
Oakley,,034620075,Residential Low,P-1,0.0,24.0,0.11500909560617674
Oakley,,034620072,Residential Low,P-1,0.0,24.0,0.13628311908724472
Oakley,,034620073,Residential Low,P-1,0.0,24.0,0.13727555036114178
Oakley,,034620071,Residential Low,P-1,0.0,24.0,0.1543621720478428
Oakley,,034620045,Residential Low,P-1,0.0,24.0,0.13933993842185644
Oakley,,034620046,Residential Low,P-1,0.0,24.0,0.12675720786551015
Oakley,,034620070,Residential Low,P-1,0.0,24.0,0.18726837005665714
Oakley,,034620049,Residential Low,P-1,0.0,24.0,0.11122571389240402
Oakley,,034620048,Residential Low,P-1,0.0,24.0,0.16654568144535953
Oakley,,034620047,Residential Low,P-1,0.0,24.0,0.1595685448475853
Oakley,,034620044,Residential Low,P-1,0.0,24.0,0.1393405883887841
Oakley,,034620043,Residential Low,P-1,0.0,24.0,0.1171054676203657
Oakley,,034620033,Residential Low,P-1,0.0,24.0,0.11707933253596661
Oakley,,034620042,Residential Low,P-1,0.0,24.0,0.11707968692283463
Oakley,,034620041,Residential Low,P-1,0.0,24.0,0.11707895876542973
Oakley,,034620040,Residential Low,P-1,0.0,24.0,0.11707881990447584
Oakley,,034620050,Residential Low,P-1,0.0,24.0,0.11409583157761771
Oakley,,034620019,Residential Low,P-1,0.0,24.0,0.11833231864370591
Oakley,,034620039,Residential Low,P-1,0.0,24.0,0.12023767715470911
Oakley,,034620021,Residential Low,P-1,0.0,24.0,0.11853221709836693
Oakley,,034620020,Residential Low,P-1,0.0,24.0,0.1184322477496448
Oakley,,034620022,Residential Low,P-1,0.0,24.0,0.11865963341672468
Oakley,,034620038,Residential Low,P-1,0.0,24.0,0.12082962689052193
Oakley,,034620024,Residential Low,P-1,0.0,24.0,0.15983549151455517
Oakley,,034620025,Residential Low,P-1,0.0,24.0,0.11759753237178318
Oakley,,034620026,Residential Low,P-1,0.0,24.0,0.11707968298511104
Oakley,,034620037,Residential Low,P-1,0.0,24.0,0.1170799900769967
Oakley,,034620036,Residential Low,P-1,0.0,24.0,0.11707911990256921
Oakley,,034620035,Residential Low,P-1,0.0,24.0,0.11708027066464897
Oakley,,034620034,Residential Low,P-1,0.0,24.0,0.11707895879988973
Oakley,,034620030,Residential Low,P-1,0.0,24.0,0.11708083482796448
Oakley,,034620029,Residential Low,P-1,0.0,24.0,0.11707910864668902
Oakley,,034620028,Residential Low,P-1,0.0,24.0,0.11707881990917951
Oakley,,034620027,Residential Low,P-1,0.0,24.0,0.11707954726368405
Oakley,,034620032,Residential Low,P-1,0.0,24.0,0.11708028641390297
Oakley,,034510090,Residential Low,P-1,0.0,24.0,0.06887130345772256
Oakley,,034620031,Residential Low,P-1,0.0,24.0,0.11708128446659039
Oakley,,034620081,Residential Low,P-1,0.0,24.0,0.12144586966589496
Oakley,,034510023,Residential Low,P-1,0.0,24.0,0.1811278361612298
Oakley,,034510009,Residential Low,P-1,0.0,24.0,0.17228300337764924
Oakley,,034510008,Residential Low,P-1,0.0,24.0,0.17217625183816965
Oakley,,034510024,Residential Low,P-1,0.0,24.0,0.18112708309141964
Oakley,,034510050,Residential Low,P-1,0.0,24.0,0.18112842152569558
Oakley,,034510005,Residential Low,P-1,0.0,24.0,0.17217512086153947
Oakley,,034510006,Residential Low,P-1,0.0,24.0,0.17217661847760077
Oakley,,034510007,Residential Low,P-1,0.0,24.0,0.18021218808425943
Oakley,,034620082,Residential Low,P-1,0.0,24.0,0.21024152319376593
Oakley,,034620023,Residential Low,P-1,0.0,24.0,0.17473732290041852
Oakley,,034160119,Residential Low,P-1,0.0,24.0,0.1760337260854416
Oakley,,034160118,Residential Low,P-1,0.0,24.0,0.15518878349588464
Oakley,,034160011,Residential Low,P-1,0.0,24.0,0.15518979570609864
Oakley,,034160010,Residential Low,P-1,0.0,24.0,0.19257651223463068
Oakley,,034160012,Residential Low,P-1,0.0,24.0,0.15519218098941487
Oakley,,034160013,Residential Low,P-1,0.0,24.0,0.17906130997942665
Oakley,,034160014,Residential Low,P-1,0.0,24.0,0.15518719144112217
Oakley,,034060006,Residential Very Low,R-15,0.0,2.9,5.65
Oakley,,034060007,Residential Very Low,R-15,0.0,2.9,5.67
Oakley,,034500018,Residential Very Low,P-1,0.0,24.0,0.18749329218480829
Oakley,,034480010,Residential Very Low,P-1,0.0,24.0,0.18631726149162375
Oakley,,034480009,Residential Very Low,P-1,0.0,24.0,0.1981655428048687
Oakley,,034480012,Residential Very Low,P-1,0.0,24.0,0.1981619045497733
Oakley,,034480011,Residential Very Low,P-1,0.0,24.0,0.18631833829346728
Oakley,,034480020,Residential Very Low,P-1,0.0,24.0,0.1863192342130357
Oakley,,034480019,Residential Very Low,P-1,0.0,24.0,0.19816548328751862
Oakley,,034480018,Residential Very Low,P-1,0.0,24.0,0.20018463318735516
Oakley,,034480013,Residential Very Low,P-1,0.0,24.0,0.20018575205738523
Oakley,,034480014,Residential Very Low,P-1,0.0,24.0,0.20018298150817745
Oakley,,034480017,Residential Very Low,P-1,0.0,24.0,0.20018653824897167
Oakley,,034480016,Residential Very Low,P-1,0.0,24.0,0.2101674292832438
Oakley,,034480025,Residential Very Low,P-1,0.0,24.0,0.1926524772463528
Oakley,,034480024,Residential Very Low,P-1,0.0,24.0,0.1951825788329367
Oakley,,034480027,Residential Very Low,P-1,0.0,24.0,0.19517911016883435
Oakley,,034480028,Residential Very Low,P-1,0.0,24.0,0.20018062592144883
Oakley,,034480023,Residential Very Low,P-1,0.0,24.0,0.20018290804745179
Oakley,,034480022,Residential Very Low,P-1,0.0,24.0,0.1949025804018426
Oakley,,034480021,Residential Very Low,P-1,0.0,24.0,0.21159748957355573
Oakley,,034480030,Residential Very Low,P-1,0.0,24.0,0.21159141116366315
Oakley,,034480029,Residential Very Low,P-1,0.0,24.0,0.19489584771239468
Oakley,,034480032,Residential Very Low,P-1,0.0,24.0,0.18745996024914072
Oakley,,034480031,Residential Very Low,P-1,0.0,24.0,0.21402855107036933
Oakley,,034480040,Residential Very Low,P-1,0.0,24.0,0.21403244657621306
Oakley,,034480039,Residential Very Low,P-1,0.0,24.0,0.18746040061848465
Oakley,,034480038,Residential Very Low,P-1,0.0,24.0,0.2001829273146658
Oakley,,034480033,Residential Very Low,P-1,0.0,24.0,0.20018299017595068
Oakley,,034480034,Residential Very Low,P-1,0.0,24.0,0.19518049489884506
Oakley,,034480037,Residential Very Low,P-1,0.0,24.0,0.19517948325604786
Oakley,,034480036,Residential Very Low,P-1,0.0,24.0,0.19765794225750416
Oakley,,034480035,Residential Very Low,P-1,0.0,24.0,0.19765680829751284
Oakley,,034480026,Residential Very Low,P-1,0.0,24.0,0.19264915556285994
Oakley,,034370024,Residential Low,P-1,0.0,24.0,0.23596213396185828
Oakley,,034070059,Agricultural Limited,AL,0.0,0.0,1.27
Oakley,,034370026,Residential Low,P-1,0.0,24.0,0.22959414852364396
Oakley,,034370027,Residential Low,P-1,0.0,24.0,0.22958960157109876
Oakley,,034370028,Residential Low,P-1,0.0,24.0,0.2254078663065579
Oakley,,034370020,Residential Low,P-1,0.0,24.0,0.24201301092497984
Oakley,,034370019,Residential Low,P-1,0.0,24.0,0.23955532707920793
Oakley,,034370017,Residential Low,P-1,0.0,24.0,0.2352610470822264
Oakley,,034370021,Residential Low,P-1,0.0,24.0,0.23333493551937623
Oakley,,034370025,Residential Low,P-1,0.0,24.0,0.22960055203841076
Oakley,,034370022,Residential Low,P-1,0.0,24.0,0.23333118594316357
Oakley,,034370023,Residential Low,P-1,0.0,24.0,0.23667512167233196
Oakley,,034370016,Residential Low,P-1,0.0,24.0,0.32499134640416244
Oakley,,034370015,Residential Low,P-1,0.0,24.0,0.2844965544844957
Oakley,,034370018,Residential Low,P-1,0.0,24.0,0.24442497401068944
Oakley,,034370011,Residential Low,P-1,0.0,24.0,0.25348999608377404
Oakley,,034370012,Residential Low,P-1,0.0,24.0,0.32462351580021426
Oakley,,034370010,Residential Low,P-1,0.0,24.0,0.25166839011187037
Oakley,,034370009,Residential Low,P-1,0.0,24.0,0.2836684167124725
Oakley,,034370008,Residential Low,P-1,0.0,24.0,0.2869229619213123
Oakley,,034070014,Residential Low,R-10,0.0,4.4,1.156
Oakley,,034370013,Residential Low,P-1,0.0,24.0,0.3556585038266955
Oakley,,034370014,Residential Low,P-1,0.0,24.0,0.30784031620667973
Oakley,,034480015,Residential Very Low,P-1,0.0,24.0,0.21016653820181208
Oakley,,034480006,Residential Very Low,P-1,0.0,24.0,0.210167721118349
Oakley,,034480005,Residential Very Low,P-1,0.0,24.0,0.19260697926363918
Oakley,,034480004,Residential Very Low,P-1,0.0,24.0,0.183655525033609
Oakley,,034480007,Residential Very Low,P-1,0.0,24.0,0.2001857709615278
Oakley,,034480008,Residential Very Low,P-1,0.0,24.0,0.20018123713193917
Oakley,,034480003,Residential Very Low,P-1,0.0,24.0,0.18365368861595405
Oakley,,034480002,Residential Very Low,P-1,0.0,24.0,0.1836571363334532
Oakley,,034480001,Residential Very Low,P-1,0.0,24.0,0.18365438915019477
Oakley,,034060014,Residential Very Low,R-10,0.0,4.4,4.29
Oakley,,034070063,Residential Low,R-10,0.0,4.4,1.25
Oakley,,034070015,Residential Low,R-10,0.0,4.4,1.0
Oakley,,034370007,Residential Low,P-1,0.0,24.0,0.2869604297149692
Oakley,,034370006,Residential Low,P-1,0.0,24.0,0.28699610408533477
Oakley,,034370004,Residential Low,P-1,0.0,24.0,0.29370426126891025
Oakley,,034370005,Residential Low,P-1,0.0,24.0,0.2870322019624814
Oakley,,034370003,Residential Low,P-1,0.0,24.0,0.34938308638845167
Oakley,,034110001,Residential Very Low,R-15,0.0,2.9,1.65
Oakley,,034580048,Residential Low,P-1,0.0,24.0,0.18610241735014832
Oakley,,034100007,Residential Low,R-10,0.0,4.4,1.18
Oakley,,034580024,Residential Low,P-1,0.0,24.0,0.2881212637257187
Oakley,,034580025,Residential Low,P-1,0.0,24.0,0.1850243924490657
Oakley,,034580047,Residential Low,P-1,0.0,24.0,0.003441576689504369
Oakley,,034580046,Residential Low,P-1,0.0,24.0,0.1686358510428983
Oakley,,034580049,Residential Low,P-1,0.0,24.0,0.0019337985276379858
Oakley,,034580044,Residential Low,P-1,0.0,24.0,0.17052355561189791
Oakley,,034580045,Residential Low,P-1,0.0,24.0,0.001596841646010816
Oakley,,034580020,Residential Low,P-1,0.0,24.0,0.17216113140849257
Oakley,,034580019,Residential Low,P-1,0.0,24.0,0.17219916544717528
Oakley,,034100011,Residential Low,AL,0.0,0.0,1.16
Oakley,,034110006,Residential Very Low,R-15,0.0,2.9,5.21
Oakley,,034100008,Residential Low,R-10,0.0,4.4,1.17
Oakley,,034100009,Residential Low,AL,0.0,0.0,1.16
Oakley,,034120001,Residential Very Low,R-15,0.0,2.9,0.32
Oakley,,034120002,Residential Very Low,R-15,0.0,2.9,0.18
Oakley,,034120009,Residential Very Low,R-15,0.0,2.9,5.7
Oakley,,034060018,Residential Very Low,R-15,0.0,2.9,1.153
Oakley,,034130003,Residential Very Low,R-15,0.0,2.9,11.81
Oakley,,034130004,Residential Very Low,R-15,0.0,2.9,8.4
Oakley,,034120010,Residential Very Low,R-15,0.0,2.9,5.41
Oakley,,034120011,Residential Very Low,R-15,0.0,2.9,7.61
Oakley,,034120008,Residential Very Low,R-15,0.0,2.9,2.0
Oakley,,034120013,Residential Very Low,R-15,0.0,2.9,1.1
Oakley,,034120012,Residential Very Low,R-15,0.0,2.9,0.9
Oakley,,034100012,Residential Low,AL,0.0,0.0,1.16
Oakley,,034580018,Residential Low,P-1,0.0,24.0,0.17224341606005325
Oakley,,034580017,Residential Low,P-1,0.0,24.0,0.1848184304758492
Oakley,,034400008,Residential Low,P-1,0.0,24.0,0.18937214711628025
Oakley,,034580016,Residential Low,P-1,0.0,24.0,0.2939433962988445
Oakley,,034400009,Residential Low,P-1,0.0,24.0,0.18939259863810043
Oakley,,034400007,Residential Low,P-1,0.0,24.0,0.18888847067965775
Oakley,,034400006,Residential Low,P-1,0.0,24.0,0.1903285663285789
Oakley,,034400005,Residential Low,P-1,0.0,24.0,0.2937648297625744
Oakley,,034400004,Residential Low,P-1,0.0,24.0,0.2505234558775839
Oakley,,034400003,Residential Low,P-1,0.0,24.0,0.2848041052830381
Oakley,,034400038,Residential Low,P-1,0.0,24.0,0.1584288718356192
Oakley,,034400002,Residential Low,P-1,0.0,24.0,0.18938785437414374
Oakley,,034400001,Residential Low,P-1,0.0,24.0,0.22364051484283715
Oakley,,034400017,Residential Low,P-1,0.0,24.0,0.2230239720505187
Oakley,,034400035,Residential Low,P-1,0.0,24.0,0.15879024154433444
Oakley,,034400036,Residential Low,P-1,0.0,24.0,0.15879035098124608
Oakley,,034400037,Residential Low,P-1,0.0,24.0,0.15843846180373
Oakley,,034570034,Residential Low/Medium,P-1,0.0,24.0,0.13544568132523732
Oakley,,034570036,Residential Low/Medium,P-1,0.0,24.0,0.14899064144118773
Oakley,,034570035,Residential Low/Medium,P-1,0.0,24.0,0.1489904395177998
Oakley,,034570021,Residential Low/Medium,P-1,0.0,24.0,0.1262617273095384
Oakley,,034570022,Residential Low/Medium,P-1,0.0,24.0,0.128786036875729
Oakley,,034570023,Residential Low/Medium,P-1,0.0,24.0,0.13383875016718427
Oakley,,034570024,Residential Low/Medium,P-1,0.0,24.0,0.12396503400278375
Oakley,,034570025,Residential Low/Medium,P-1,0.0,24.0,0.13442208348782342
Oakley,,034570033,Residential Low/Medium,P-1,0.0,24.0,0.14899269731051631
Oakley,,034570032,Residential Low/Medium,P-1,0.0,24.0,0.1489915388154205
Oakley,,034570031,Residential Low/Medium,P-1,0.0,24.0,0.1489915163429173
Oakley,,034570026,Residential Low/Medium,P-1,0.0,24.0,0.12626152402369123
Oakley,,034570027,Residential Low/Medium,P-1,0.0,24.0,0.1262613443307469
Oakley,,034570028,Residential Low/Medium,P-1,0.0,24.0,0.13364067833259044
Oakley,,034570029,Residential Low/Medium,P-1,0.0,24.0,0.15934840874910383
Oakley,,034570030,Residential Low/Medium,P-1,0.0,24.0,0.14899259137160048
Oakley,,034400039,Residential Low,P-1,0.0,24.0,0.15844167986789498
Oakley,,034400040,Residential Low,P-1,0.0,24.0,0.15168372626084847
Oakley,,034570005,Residential Low/Medium,P-1,0.0,24.0,0.19684407048731373
Oakley,,034570006,Residential Low/Medium,P-1,0.0,24.0,0.14402439687965937
Oakley,,034570007,Residential Low/Medium,P-1,0.0,24.0,0.1770075873236138
Oakley,,034570008,Residential Low/Medium,P-1,0.0,24.0,0.16621250304337115
Oakley,,034570011,Residential Low/Medium,P-1,0.0,24.0,0.1439572397450657
Oakley,,034570010,Residential Low/Medium,P-1,0.0,24.0,0.17235661767865618
Oakley,,034570009,Residential Low/Medium,P-1,0.0,24.0,0.24947451869665563
Oakley,,034570012,Residential Low/Medium,P-1,0.0,24.0,0.13113027801893964
Oakley,,034570013,Residential Low/Medium,P-1,0.0,24.0,0.16880596811814313
Oakley,,034570014,Residential Low/Medium,P-1,0.0,24.0,0.14285580682646368
Oakley,,034570015,Residential Low/Medium,P-1,0.0,24.0,0.1312761458810859
Oakley,,034570053,Residential Low/Medium,P-1,0.0,24.0,0.14720133168640132
Oakley,,034570055,Residential Low/Medium,P-1,0.0,24.0,0.1493406003230564
Oakley,,034570054,Residential Low/Medium,P-1,0.0,24.0,0.1493545467564589
Oakley,,034570045,Residential Low/Medium,P-1,0.0,24.0,0.16919217091466848
Oakley,,034570046,Residential Low/Medium,P-1,0.0,24.0,0.18582958062703608
Oakley,,034570044,Residential Low/Medium,P-1,0.0,24.0,0.18858867853206673
Oakley,,034570043,Residential Low/Medium,P-1,0.0,24.0,0.17922803182704466
Oakley,,034570042,Residential Low/Medium,P-1,0.0,24.0,0.13194969846958599
Oakley,,034570059,Residential Low/Medium,P-1,0.0,24.0,0.12247446221044815
Oakley,,034570058,Residential Low/Medium,P-1,0.0,24.0,0.12473485836356364
Oakley,,034570056,Residential Low/Medium,P-1,0.0,24.0,0.14934429470721503
Oakley,,034570057,Residential Low/Medium,P-1,0.0,24.0,0.1457854872663694
Oakley,,034570004,Residential Low/Medium,P-1,0.0,24.0,0.16935686647321418
Oakley,,034570002,Residential Low/Medium,P-1,0.0,24.0,0.14141103368536223
Oakley,,034570003,Residential Low/Medium,P-1,0.0,24.0,0.1414121346496498
Oakley,,034570001,Residential Low/Medium,P-1,0.0,24.0,0.15925885260685987
Oakley,,034570040,Residential Low/Medium,P-1,0.0,24.0,0.14821710015076447
Oakley,,034570060,Residential Low/Medium,P-1,0.0,24.0,0.12936887513398473
Oakley,,034570041,Residential Low/Medium,P-1,0.0,24.0,0.14773136136815565
Oakley,,034560066,Residential Low/Medium,P-1,0.0,24.0,0.14933338452364334
Oakley,,034570061,Residential Low/Medium,P-1,0.0,24.0,2.44
Oakley,,034110008,Residential Very Low,P-1,0.0,24.0,14.34
Oakley,,034150003,Residential Very Low,R-15,0.0,2.9,3.88
Oakley,,034470047,Residential Very Low,R-10,0.0,4.4,8.7
Oakley,,034220021,Residential Very Low,AL,0.0,0.0,1.27
Oakley,,034220004,Residential Very Low,AL,0.0,0.0,1.51
Oakley,,034220005,Residential Very Low,R-15,0.0,2.9,2.0
Oakley,,034220039,Residential Low/Medium,R-6,0.0,7.3,1.36
Oakley,,034220003,Residential Very Low,AL,0.0,0.0,1.5
Oakley,,034220002,Residential Very Low,AL,0.0,0.0,1.0
Oakley,,034220020,Residential Very Low,R-15,0.0,2.9,0.73
Oakley,,034150004,Residential Very Low,R-15,0.0,2.9,3.88
Oakley,,034150002,Residential Very Low,AL,0.0,0.0,3.88
Oakley,,034140001,Residential Very Low,R-15,0.0,2.9,0.475
Oakley,,034140009,Residential Very Low,R-15,0.0,2.9,1.12
Oakley,,034140011,Residential Very Low,R-15,0.0,2.9,1.0995951856448685
Oakley,,034140012,Residential Very Low,R-15,0.0,2.9,1.074282499908499
Oakley,,034140004,Residential Very Low,R-15,0.0,2.9,0.4
Oakley,,034160019,Residential Low,P-1,0.0,24.0,0.2279939048011347
Oakley,,034160020,Residential Low,P-1,0.0,24.0,0.2754263738020491
Oakley,,034160028,Residential Low,P-1,0.0,24.0,0.15518886351141867
Oakley,,034160029,Residential Low,P-1,0.0,24.0,0.16208201176579135
Oakley,,034160027,Residential Low,P-1,0.0,24.0,0.15518812715533137
Oakley,,034160026,Residential Low,P-1,0.0,24.0,0.15518880282196562
Oakley,,034160033,Residential Very Low,P-1,0.0,24.0,0.20714765287375636
Oakley,,034160032,Residential Very Low,P-1,0.0,24.0,0.16866369957984548
Oakley,,034160034,Residential Very Low,P-1,0.0,24.0,0.2101707455783015
Oakley,,034160031,Residential Very Low,P-1,0.0,24.0,0.15518034558984095
Oakley,,034160030,Residential Very Low,P-1,0.0,24.0,0.28677598080899347
Oakley,,034140014,Residential Very Low,R-15,0.0,2.9,0.275
Oakley,,034160037,Residential Very Low,P-1,0.0,24.0,0.25207783030186914
Oakley,,034140013,Residential Very Low,R-15,0.0,2.9,0.279
Oakley,,034140015,Residential Very Low,R-15,0.0,2.9,0.279
Oakley,,034160038,Residential Very Low,P-1,0.0,24.0,0.18427202414291427
Oakley,,034160036,Residential Very Low,P-1,0.0,24.0,0.14399876393392694
Oakley,,034160039,Residential Very Low,P-1,0.0,24.0,0.20166569369678677
Oakley,,034160040,Residential Very Low,P-1,0.0,24.0,0.19186856451198278
Oakley,,034160041,Residential Very Low,P-1,0.0,24.0,0.2032444050500684
Oakley,,034160042,Residential Very Low,P-1,0.0,24.0,0.18921552287381932
Oakley,,034160120,Residential Very Low,P-1,0.0,24.0,1.61
Oakley,,034160035,Residential Very Low,P-1,0.0,24.0,0.17360738693971295
Oakley,,034160051,Residential Very Low,P-1,0.0,24.0,0.2033848488660932
Oakley,,034160043,Residential Very Low,P-1,0.0,24.0,0.1978303959882831
Oakley,,034160044,Residential Very Low,P-1,0.0,24.0,0.1928793673531476
Oakley,,034160045,Residential Very Low,P-1,0.0,24.0,0.19649204731013917
Oakley,,034160046,Residential Very Low,P-1,0.0,24.0,0.195026424332514
Oakley,,034170007,Residential Very Low,R-15,0.0,2.9,3.04
Oakley,,034170006,Residential Very Low,R-15,0.0,2.9,9.97
Oakley,,034181008,Residential Very Low,R-15,0.0,2.9,5.05
Oakley,,034160047,Residential Very Low,P-1,0.0,24.0,0.20722301244712646
Oakley,,034160049,Residential Very Low,P-1,0.0,24.0,0.2557820121399544
Oakley,,034160048,Residential Very Low,P-1,0.0,24.0,0.2402522961725576
Oakley,,034160057,Residential Low,P-1,0.0,24.0,0.22036491552258605
Oakley,,034160056,Residential Low,P-1,0.0,24.0,0.2119413906134232
Oakley,,034160055,Residential Low,P-1,0.0,24.0,0.2369098192343875
Oakley,,034160050,Residential Very Low,P-1,0.0,24.0,0.2667553265070124
Oakley,,034160052,Residential Very Low,P-1,0.0,24.0,0.19100119707777405
Oakley,,034160053,Residential Low,P-1,0.0,24.0,0.1981630991992635
Oakley,,034160054,Residential Low,P-1,0.0,24.0,0.19653025361808543
Oakley,,034160067,Residential Low,P-1,0.0,24.0,0.15667733110376061
Oakley,,034160060,Residential Low,P-1,0.0,24.0,0.19593802986227848
Oakley,,034160061,Residential Low,P-1,0.0,24.0,0.17089763071632721
Oakley,,034160059,Residential Low,P-1,0.0,24.0,0.1600256740364834
Oakley,,034160058,Residential Low,P-1,0.0,24.0,0.16410055045463748
Oakley,,034160070,Residential Low,P-1,0.0,24.0,0.16549073770193592
Oakley,,034160069,Residential Low,P-1,0.0,24.0,0.20005949396330883
Oakley,,034160068,Residential Low,P-1,0.0,24.0,0.15668756800745
Oakley,,034160072,Residential Low,P-1,0.0,24.0,0.16563011726415755
Oakley,,034160071,Residential Low,P-1,0.0,24.0,0.16554761340588248
Oakley,,034160083,Residential Low,P-1,0.0,24.0,0.15892866882984819
Oakley,,034160082,Residential Low,P-1,0.0,24.0,0.15968366292800373
Oakley,,034160081,Residential Low,P-1,0.0,24.0,0.16563349784543685
Oakley,,034160073,Residential Low,P-1,0.0,24.0,0.16563193142377608
Oakley,,034160074,Residential Low,P-1,0.0,24.0,0.16563275800699717
Oakley,,034160080,Residential Low,P-1,0.0,24.0,0.1656342681489073
Oakley,,034160075,Residential Low,P-1,0.0,24.0,0.16563431319519795
Oakley,,034160077,Residential Low,P-1,0.0,24.0,0.1655192193611629
Oakley,,034160076,Residential Low,P-1,0.0,24.0,0.17712296596410257
Oakley,,034160065,Residential Low,P-1,0.0,24.0,0.16454213759364925
Oakley,,034160066,Residential Low,P-1,0.0,24.0,0.15667944606549652
Oakley,,034160062,Residential Low,P-1,0.0,24.0,0.15895193728439336
Oakley,,034160064,Residential Low,P-1,0.0,24.0,0.15518877577218346
Oakley,,034160063,Residential Low,P-1,0.0,24.0,0.17886995143819148
Oakley,,034160025,Residential Low,P-1,0.0,24.0,0.16374001691358728
Oakley,,034160024,Residential Low,P-1,0.0,24.0,0.15668234208053147
Oakley,,034160023,Residential Low,P-1,0.0,24.0,0.17820232562504637
Oakley,,034160022,Residential Low,P-1,0.0,24.0,0.1807845793751665
Oakley,,034160021,Residential Low,P-1,0.0,24.0,0.21535354935659565
Oakley,,034160110,Residential Low,P-1,0.0,24.0,0.1669302702178207
Oakley,,034160109,Residential Low,P-1,0.0,24.0,0.1551864087356824
Oakley,,034160112,Residential Low,P-1,0.0,24.0,0.15518946216043006
Oakley,,034160111,Residential Low,P-1,0.0,24.0,0.16693186742923757
Oakley,,034160017,Residential Low,P-1,0.0,24.0,0.1551895557364268
Oakley,,034160018,Residential Low,P-1,0.0,24.0,0.15518110806425428
Oakley,,034160016,Residential Low,P-1,0.0,24.0,0.17906549838979655
Oakley,,034160015,Residential Low,P-1,0.0,24.0,0.15518799079275977
Oakley,,034160115,Residential Low,P-1,0.0,24.0,0.15518976239510157
Oakley,,034160114,Residential Low,P-1,0.0,24.0,0.1551880977952815
Oakley,,034160113,Residential Low,P-1,0.0,24.0,0.15757902328434403
Oakley,,034160107,Residential Low,P-1,0.0,24.0,0.15518688570934522
Oakley,,034160108,Residential Low,P-1,0.0,24.0,0.15757594843769454
Oakley,,034160106,Residential Low,P-1,0.0,24.0,0.15518808662903577
Oakley,,034160105,Residential Low,P-1,0.0,24.0,0.15757560388839045
Oakley,,034160116,Residential Low,P-1,0.0,24.0,0.1575761597458442
Oakley,,034160117,Residential Low,P-1,0.0,24.0,0.15518747899494081
Oakley,,034160103,Residential Low,P-1,0.0,24.0,0.15518909811477688
Oakley,,034160104,Residential Low,P-1,0.0,24.0,0.15518720612607192
Oakley,,034160102,Residential Low,P-1,0.0,24.0,0.17679090610914364
Oakley,,034160091,Residential Low,P-1,0.0,24.0,0.15409790827772185
Oakley,,034160092,Residential Low,P-1,0.0,24.0,0.1671285555613501
Oakley,,034160093,Residential Low,P-1,0.0,24.0,0.16712492508394372
Oakley,,034160088,Residential Low,P-1,0.0,24.0,0.16712679111174833
Oakley,,034160090,Residential Low,P-1,0.0,24.0,0.15459328827080007
Oakley,,034160089,Residential Low,P-1,0.0,24.0,0.15409727288210867
Oakley,,034160078,Residential Low,P-1,0.0,24.0,0.177122380369609
Oakley,,034160079,Residential Low,P-1,0.0,24.0,0.165635558098602
Oakley,,034160087,Residential Low,P-1,0.0,24.0,0.16712381578059612
Oakley,,034160086,Residential Low,P-1,0.0,24.0,0.1671262096280868
Oakley,,034160084,Residential Low,P-1,0.0,24.0,0.14763455897537348
Oakley,,034160085,Residential Low,P-1,0.0,24.0,0.16517472150590795
Oakley,,034160094,Residential Low,P-1,0.0,24.0,0.1671263333917711
Oakley,,034160095,Residential Low,P-1,0.0,24.0,0.16712550725810713
Oakley,,034160096,Residential Low,P-1,0.0,24.0,0.1794124810192457
Oakley,,034160121,Residential Low,P-1,0.0,24.0,0.1160167521245269
Oakley,,034160097,Residential Low,P-1,0.0,24.0,0.17726979840740614
Oakley,,034160098,Residential Low,P-1,0.0,24.0,0.16753739777689072
Oakley,,034160099,Residential Low,P-1,0.0,24.0,0.16721954613738463
Oakley,,034160100,Residential Low,P-1,0.0,24.0,0.16690061724293642
Oakley,,034160101,Residential Low,P-1,0.0,24.0,0.1895999579622107
Oakley,,034050005,Public and Semi-Public,P,0.0,0.0,8.71
Oakley,,033110021,Commercial,C,0.0,0.0,0.7168228506471869
Oakley,,033110006,Commercial,C,0.0,0.0,0.8670945347096872
Oakley,,033110004,Commercial,C,0.0,0.0,1.07
Oakley,,034200023,Commercial,C,0.0,0.0,2.33
Oakley,,034200026,Commercial,C,0.0,0.0,3.0
Oakley,,034200024,Commercial,C,0.0,0.0,2.33
Oakley,,034200028,Residential Low/Medium,R-6,0.0,7.3,2.86
Oakley,,034200021,Commercial,C,0.0,0.0,2.23
Oakley,,034210044,Residential Low/Medium,R-6,0.0,7.3,0.16100581849489604
Oakley,,034210043,Residential Low/Medium,R-6,0.0,7.3,0.15684025517226227
Oakley,,034210045,Residential Low/Medium,R-6,0.0,7.3,0.17645698020568054
Oakley,,034210046,Residential Low/Medium,R-6,0.0,7.3,0.14380697141430815
Oakley,,034200027,Residential Low/Medium,R-6,0.0,7.3,2.87
Oakley,,034200025,Commercial,C,0.0,0.0,5.77
Oakley,,034190002,Residential Low,R-10,0.0,4.4,1.49
Oakley,,034182002,Residential Very Low,R-15,0.0,2.9,1.75
Oakley,,034181007,Residential Very Low,R-15,0.0,2.9,0.4
Oakley,,034181006,Residential Very Low,R-15,0.0,2.9,0.62
Oakley,,034181004,Residential Very Low,R-15,0.0,2.9,0.5
Oakley,,034181005,Residential Very Low,R-15,0.0,2.9,0.1764527443538621
Oakley,,034181003,Residential Very Low,R-15,0.0,2.9,0.5
Oakley,,034181002,Residential Very Low,R-15,0.0,2.9,0.5177794517042464
Oakley,,034181001,Residential Very Low,R-15,0.0,2.9,5.5
Oakley,,034220012,Residential Low/Medium,R-6,0.0,7.3,0.3063221276789021
Oakley,,034182001,Residential Very Low,R-15,0.0,2.9,1.76
Oakley,,034190001,Residential Very Low,R-15,0.0,2.9,0.44
Oakley,,034220014,Residential Low/Medium,R-6,0.0,7.3,0.15
Oakley,,034220015,Residential Low/Medium,R-6,0.0,7.3,0.2
Oakley,,034190003,Residential Low,R-10,0.0,4.4,6.16
Oakley,,034190004,Residential Low,R-10,0.0,4.4,9.32
Oakley,,034210014,Residential Low/Medium,R-6,0.0,7.3,0.14246406706719725
Oakley,,034210013,Residential Low/Medium,R-6,0.0,7.3,0.14331908489288844
Oakley,,034210012,Residential Low/Medium,R-6,0.0,7.3,0.14177652159898835
Oakley,,034190005,Residential Very Low,R-15,0.0,2.9,0.68
Oakley,,034200017,Residential Very Low,R-15,0.0,2.9,2.43
Oakley,,034210060,Residential Low/Medium,R-6,0.0,7.3,0.1463689314872751
Oakley,,034210061,Residential Low/Medium,R-6,0.0,7.3,0.15780041852450996
Oakley,,034210048,Residential Low/Medium,R-6,0.0,7.3,0.21855324608658228
Oakley,,034210047,Residential Low/Medium,R-6,0.0,7.3,0.2185325142795261
Oakley,,034210052,Residential Low/Medium,R-6,0.0,7.3,0.15132155236791653
Oakley,,034210051,Residential Low/Medium,R-6,0.0,7.3,0.17855195274380983
Oakley,,034210053,Residential Low/Medium,R-6,0.0,7.3,0.14063749067744316
Oakley,,034210054,Residential Low/Medium,R-6,0.0,7.3,0.14064988894696523
Oakley,,034210055,Residential Low/Medium,R-6,0.0,7.3,0.14064379316041184
Oakley,,034210050,Residential Low/Medium,R-6,0.0,7.3,0.14876814886489192
Oakley,,034210049,Residential Low/Medium,R-6,0.0,7.3,0.23989751881239896
Oakley,,034210058,Residential Low/Medium,R-6,0.0,7.3,0.1476665587785293
Oakley,,034210059,Residential Low/Medium,R-6,0.0,7.3,0.14686999425609615
Oakley,,034210057,Residential Low/Medium,R-6,0.0,7.3,0.15194250453013192
Oakley,,034210056,Residential Low/Medium,R-6,0.0,7.3,0.141085041042201
Oakley,,034210031,Residential Low/Medium,R-6,0.0,7.3,0.14105088441445252
Oakley,,034210030,Residential Low/Medium,R-6,0.0,7.3,0.14166922414602579
Oakley,,034210028,Residential Low/Medium,R-6,0.0,7.3,0.1436837374469972
Oakley,,034210029,Residential Low/Medium,R-6,0.0,7.3,0.14292971720380332
Oakley,,034210027,Residential Low/Medium,R-6,0.0,7.3,0.1436551978236726
Oakley,,034210018,Residential Low/Medium,R-6,0.0,7.3,0.15521038033374185
Oakley,,034210016,Residential Low/Medium,R-6,0.0,7.3,0.1430684378596133
Oakley,,034210017,Residential Low/Medium,R-6,0.0,7.3,0.14675447389116675
Oakley,,034210015,Residential Low/Medium,R-6,0.0,7.3,0.14196621373333565
Oakley,,034210010,Residential Low/Medium,R-6,0.0,7.3,2.09
Oakley,,034210019,Residential Low/Medium,R-6,0.0,7.3,0.1678173168729095
Oakley,,034210020,Residential Low/Medium,R-6,0.0,7.3,0.14758048119987466
Oakley,,034210021,Residential Low/Medium,R-6,0.0,7.3,0.19785152420712065
Oakley,,034210022,Residential Low/Medium,R-6,0.0,7.3,0.25915879183417845
Oakley,,034210023,Residential Low/Medium,R-6,0.0,7.3,0.25539870554606126
Oakley,,034220032,Residential Low/Medium,R-6,0.0,7.3,3.96
Oakley,,034210024,Residential Low/Medium,R-6,0.0,7.3,0.1908805207094652
Oakley,,034210025,Residential Low/Medium,R-6,0.0,7.3,0.16224307615132674
Oakley,,034210026,Residential Low/Medium,R-6,0.0,7.3,0.1436193472913799
Oakley,,034242003,Residential Low/Medium,R-6,0.0,7.3,0.5
Oakley,,034242002,Residential Low/Medium,R-6,0.0,7.3,0.5
Oakley,,034242001,Residential Low/Medium,R-6,0.0,7.3,0.93
Oakley,,034241022,Residential Low/Medium,R-6,0.0,7.3,0.3439681744262347
Oakley,,034230007,Residential Low/Medium,R-6,0.0,7.3,0.49
Oakley,,034230006,Residential Low/Medium,R-6,0.0,7.3,2.01
Oakley,,034220031,Residential Low/Medium,R-6,0.0,7.3,3.84
Oakley,,034220033,Residential Low/Medium,R-6,0.0,7.3,0.26
Oakley,,034220011,Residential Low/Medium,R-6,0.0,7.3,0.17
Oakley,,034220036,Residential Low/Medium,R-6,0.0,7.3,1.0
Oakley,,034220024,Residential Low/Medium,R-6,0.0,7.3,0.81
Oakley,,034220040,Residential Low/Medium,R-6,0.0,7.3,2.25
Oakley,,034470045,Residential Very Low,P-1,0.0,24.0,0.2801586808094689
Oakley,,034470044,Residential Very Low,P-1,0.0,24.0,0.2201729814372445
Oakley,,034470043,Residential Very Low,P-1,0.0,24.0,0.1915969423204228
Oakley,,034470015,Residential Low/Medium,P-1,0.0,24.0,0.24033176960405134
Oakley,,034470014,Residential Low/Medium,P-1,0.0,24.0,0.19554528137502397
Oakley,,034470023,Residential Low/Medium,P-1,0.0,24.0,0.19943731107996865
Oakley,,034470024,Residential Low/Medium,P-1,0.0,24.0,0.2020212366948585
Oakley,,034470025,Residential Low/Medium,P-1,0.0,24.0,0.19943820168796303
Oakley,,034470012,Residential Low/Medium,P-1,0.0,24.0,0.19335426935457903
Oakley,,034470013,Residential Low/Medium,P-1,0.0,24.0,0.19439420064333138
Oakley,,034220038,Residential Low/Medium,R-6,0.0,7.3,0.04
Oakley,,034220019,Residential Low/Medium,R-6,0.0,7.3,0.49
Oakley,,034220027,Residential Low/Medium,R-6,0.0,7.3,0.215
Oakley,,034220029,Residential Low/Medium,R-6,0.0,7.3,2.1
Oakley,,034470011,Residential Low/Medium,P-1,0.0,24.0,0.2944016064301588
Oakley,,034220030,Residential Low/Medium,R-6,0.0,7.3,2.25
Oakley,,034470010,Residential Low/Medium,P-1,0.0,24.0,0.3823731561187762
Oakley,,034470009,Residential Low/Medium,P-1,0.0,24.0,0.25701422288177755
Oakley,,034470008,Residential Low/Medium,P-1,0.0,24.0,0.20087363641899436
Oakley,,034470007,Residential Low/Medium,P-1,0.0,24.0,0.21522174985491208
Oakley,,034470006,Residential Low/Medium,P-1,0.0,24.0,0.20087279146306136
Oakley,,034470005,Residential Low/Medium,P-1,0.0,24.0,0.21522010937537017
Oakley,,034470004,Residential Low/Medium,P-1,0.0,24.0,0.20087092555537203
Oakley,,034470003,Residential Low/Medium,P-1,0.0,24.0,0.21521979337941993
Oakley,,034470031,Residential Low/Medium,P-1,0.0,24.0,0.20087018607731927
Oakley,,034470030,Residential Low/Medium,P-1,0.0,24.0,0.21521963930559238
Oakley,,034470018,Residential Low/Medium,P-1,0.0,24.0,0.1980042916462358
Oakley,,034470019,Residential Low/Medium,P-1,0.0,24.0,0.18480681987314437
Oakley,,034470020,Residential Low/Medium,P-1,0.0,24.0,0.19800458114165112
Oakley,,034470029,Residential Low/Medium,P-1,0.0,24.0,0.20087110088821797
Oakley,,034470028,Residential Low/Medium,P-1,0.0,24.0,0.2152175087031863
Oakley,,034470027,Residential Low/Medium,P-1,0.0,24.0,0.2008708357618726
Oakley,,034470026,Residential Low/Medium,P-1,0.0,24.0,0.21522363197115413
Oakley,,034470022,Residential Low/Medium,P-1,0.0,24.0,0.19800355741303202
Oakley,,034470021,Residential Low/Medium,P-1,0.0,24.0,0.18480222509518446
Oakley,,034470041,Residential Very Low,P-1,0.0,24.0,0.18251948609625082
Oakley,,034470042,Residential Very Low,P-1,0.0,24.0,0.19490699519534022
Oakley,,034470040,Residential Very Low,P-1,0.0,24.0,0.19620585673453722
Oakley,,034470039,Residential Very Low,P-1,0.0,24.0,0.18373207200043196
Oakley,,034470038,Residential Very Low,P-1,0.0,24.0,0.19750396749361412
Oakley,,034470036,Residential Very Low,P-1,0.0,24.0,0.18417512813183676
Oakley,,034470037,Residential Very Low,P-1,0.0,24.0,0.18494435942982967
Oakley,,034470017,Residential Low/Medium,P-1,0.0,24.0,0.1848018233917279
Oakley,,034470016,Residential Low/Medium,P-1,0.0,24.0,0.1986367665351895
Oakley,,034470032,Residential Low/Medium,P-1,0.0,24.0,0.22480818675338568
Oakley,,034460008,Residential Low/Medium,P-1,0.0,24.0,0.19828987124175215
Oakley,,034460007,Residential Low/Medium,P-1,0.0,24.0,0.1767658494208093
Oakley,,034460006,Residential Low/Medium,P-1,0.0,24.0,0.25566892076032915
Oakley,,034460047,Residential Low/Medium,P-1,0.0,24.0,0.127
Oakley,,034460005,Residential Low/Medium,P-1,0.0,24.0,0.2803217992118139
Oakley,,034460004,Residential Low/Medium,P-1,0.0,24.0,0.17716192752981336
Oakley,,034460003,Residential Low/Medium,P-1,0.0,24.0,0.1893933337019541
Oakley,,034460002,Residential Low/Medium,P-1,0.0,24.0,0.18939457650246494
Oakley,,034460001,Residential Low/Medium,P-1,0.0,24.0,0.18882692507675172
Oakley,,034460033,Residential Low/Medium,P-1,0.0,24.0,0.2162528505056465
Oakley,,034460034,Residential Low/Medium,P-1,0.0,24.0,0.22555059547324366
Oakley,,034460035,Residential Low/Medium,P-1,0.0,24.0,0.18939553930707637
Oakley,,034460036,Residential Low/Medium,P-1,0.0,24.0,0.17676704410322872
Oakley,,034460030,Residential Low/Medium,P-1,0.0,24.0,0.21984835258043162
Oakley,,034460031,Residential Low/Medium,P-1,0.0,24.0,0.253507913756862
Oakley,,034460032,Residential Low/Medium,P-1,0.0,24.0,0.2144335686337479
Oakley,,034460009,Residential Low/Medium,P-1,0.0,24.0,0.18728640925039164
Oakley,,034460010,Residential Low/Medium,P-1,0.0,24.0,0.17676511867574457
Oakley,,034460012,Residential Low/Medium,P-1,0.0,24.0,0.1863338531142265
Oakley,,034460028,Residential Low/Medium,P-1,0.0,24.0,0.1842570839894687
Oakley,,034460029,Residential Low/Medium,P-1,0.0,24.0,0.21486761100762494
Oakley,,034460037,Residential Low/Medium,P-1,0.0,24.0,0.18939460097730107
Oakley,,034460038,Residential Low/Medium,P-1,0.0,24.0,0.17676501465638098
Oakley,,034460039,Residential Low/Medium,P-1,0.0,24.0,0.1893909837826296
Oakley,,034460040,Residential Low/Medium,P-1,0.0,24.0,0.1767669326600866
Oakley,,034460027,Residential Low/Medium,P-1,0.0,24.0,0.18997375681687714
Oakley,,034460026,Residential Low/Medium,P-1,0.0,24.0,0.17677077448811965
Oakley,,034460025,Residential Low/Medium,P-1,0.0,24.0,0.18939442353540062
Oakley,,034460041,Residential Low/Medium,P-1,0.0,24.0,0.18939098015934905
Oakley,,034460042,Residential Low/Medium,P-1,0.0,24.0,0.17676693268288907
Oakley,,034460043,Residential Low/Medium,P-1,0.0,24.0,0.18939223913936123
Oakley,,034460023,Residential Low/Medium,P-1,0.0,24.0,0.18939726260254094
Oakley,,034460024,Residential Low/Medium,P-1,0.0,24.0,0.17676982583643489
Oakley,,034460015,Residential Low/Medium,P-1,0.0,24.0,0.1893933331402595
Oakley,,034460016,Residential Low/Medium,P-1,0.0,24.0,0.17676916081927496
Oakley,,034460014,Residential Low/Medium,P-1,0.0,24.0,0.1767683537996358
Oakley,,034460013,Residential Low/Medium,P-1,0.0,24.0,0.18939280432519806
Oakley,,034460011,Residential Low/Medium,P-1,0.0,24.0,0.19037333339350496
Oakley,,034470001,Residential Low/Medium,P-1,0.0,24.0,0.25489750598466066
Oakley,,034470002,Residential Low/Medium,P-1,0.0,24.0,0.20115995296847453
Oakley,,034470034,Residential Low/Medium,P-1,0.0,24.0,0.388
Oakley,,034230003,Residential Low/Medium,P-1,0.0,24.0,2.0
Oakley,,034230005,Residential Low/Medium,P-1,0.0,24.0,2.0
Oakley,,034230004,Residential Low/Medium,P-1,0.0,24.0,1.0
Oakley,,034450006,Residential Low/Medium,P-1,0.0,24.0,0.1893805649774777
Oakley,,034460017,Residential Low/Medium,P-1,0.0,24.0,0.18939143205401007
Oakley,,034460018,Residential Low/Medium,P-1,0.0,24.0,0.17676915010268018
Oakley,,034460019,Residential Low/Medium,P-1,0.0,24.0,0.18542502952272366
Oakley,,034460021,Residential Low/Medium,P-1,0.0,24.0,0.18939431866601392
Oakley,,034460022,Residential Low/Medium,P-1,0.0,24.0,0.17676763903859594
Oakley,,034460044,Residential Low/Medium,P-1,0.0,24.0,0.1767664740178531
Oakley,,034460045,Residential Low/Medium,P-1,0.0,24.0,0.1893918527276187
Oakley,,034460046,Residential Low/Medium,P-1,0.0,24.0,0.19567643711806498
Oakley,,034460020,Residential Low/Medium,P-1,0.0,24.0,0.19230109014168784
Oakley,,034450003,Residential Low/Medium,P-1,0.0,24.0,0.18939201710306142
Oakley,,034450002,Residential Low/Medium,P-1,0.0,24.0,0.17676706380834634
Oakley,,034450012,Residential Low/Medium,P-1,0.0,24.0,0.13774263751037383
Oakley,,034450011,Residential Low/Medium,P-1,0.0,24.0,0.13774004009268517
Oakley,,034450010,Residential Low/Medium,P-1,0.0,24.0,0.13774195070993722
Oakley,,034450009,Residential Low/Medium,P-1,0.0,24.0,0.1377404179192126
Oakley,,034450004,Residential Low/Medium,P-1,0.0,24.0,0.17676934708730063
Oakley,,034450005,Residential Low/Medium,P-1,0.0,24.0,0.18939375616440446
Oakley,,034450008,Residential Low/Medium,P-1,0.0,24.0,0.13774292370291355
Oakley,,034450007,Residential Low/Medium,P-1,0.0,24.0,0.18408811566947936
Oakley,,034410076,Residential Low/Medium,P-1,0.0,24.0,0.499
Oakley,,034450018,Residential Low/Medium,P-1,0.0,24.0,0.13774134391536189
Oakley,,034450017,Residential Low/Medium,P-1,0.0,24.0,0.16334468353996065
Oakley,,034450030,Residential Low/Medium,P-1,0.0,24.0,0.13774212285902251
Oakley,,034450019,Residential Low/Medium,P-1,0.0,24.0,0.13773868254887128
Oakley,,034450020,Residential Low/Medium,P-1,0.0,24.0,0.1377408140415072
Oakley,,034450022,Residential Low/Medium,P-1,0.0,24.0,0.14921981112178165
Oakley,,034450021,Residential Low/Medium,P-1,0.0,24.0,0.13774106066457814
Oakley,,034450026,Residential Low/Medium,P-1,0.0,24.0,0.14921950856608784
Oakley,,034450027,Residential Low/Medium,P-1,0.0,24.0,0.13774245492231318
Oakley,,034450028,Residential Low/Medium,P-1,0.0,24.0,0.13774342180131327
Oakley,,034450029,Residential Low/Medium,P-1,0.0,24.0,0.13773954445668282
Oakley,,034450036,Residential Low/Medium,P-1,0.0,24.0,0.13774183964216485
Oakley,,034450038,Residential Low/Medium,P-1,0.0,24.0,0.13774060668500854
Oakley,,034450037,Residential Low/Medium,P-1,0.0,24.0,0.13774342182542706
Oakley,,034450042,Residential Low/Medium,P-1,0.0,24.0,0.13774212561504853
Oakley,,034450043,Residential Low/Medium,P-1,0.0,24.0,0.1377411266279177
Oakley,,034450044,Residential Low/Medium,P-1,0.0,24.0,0.13774093130949133
Oakley,,034450045,Residential Low/Medium,P-1,0.0,24.0,0.1377396445393481
Oakley,,034450046,Residential Low/Medium,P-1,0.0,24.0,0.1377405797499747
Oakley,,034450035,Residential Low/Medium,P-1,0.0,24.0,0.13773845060848153
Oakley,,034450034,Residential Low/Medium,P-1,0.0,24.0,0.13774197142464983
Oakley,,034450033,Residential Low/Medium,P-1,0.0,24.0,0.13774174200276929
Oakley,,034450047,Residential Low/Medium,P-1,0.0,24.0,0.13774063094254643
Oakley,,034450048,Residential Low/Medium,P-1,0.0,24.0,0.14657814429780286
Oakley,,034450032,Residential Low/Medium,P-1,0.0,24.0,0.1473229985928458
Oakley,,034450031,Residential Low/Medium,P-1,0.0,24.0,0.1520928563101909
Oakley,,034650047,Residential Medium,P-1,0.0,24.0,0.09448751566057788
Oakley,,034650048,Residential Medium,P-1,0.0,24.0,0.09509828503947364
Oakley,,034241023,Residential Low/Medium,R-6,0.0,7.3,0.5667039349331082
Oakley,,034241002,Residential Low/Medium,R-6,0.0,7.3,0.92
Oakley,,034242004,Residential Low/Medium,R-6,0.0,7.3,0.5
Oakley,,034242021,Residential Low/Medium,R-6,0.0,7.3,0.58
Oakley,,034241004,Residential Low/Medium,R-6,0.0,7.3,0.3
Oakley,,034241003,Residential Low/Medium,R-6,0.0,7.3,0.78
Oakley,,034241019,Residential Low/Medium,R-6,0.0,7.3,0.37
Oakley,,034241018,Residential Low/Medium,R-6,0.0,7.3,0.46
Oakley,,034241021,Residential Low/Medium,R-6,0.0,7.3,0.292
Oakley,,034250006,Public and Semi-Public,P,0.0,0.0,14.01
Oakley,,034241020,Residential Low/Medium,R-6,0.0,7.3,0.232
Oakley,,034241007,Residential Low/Medium,R-6,0.0,7.3,0.39
Oakley,,034241008,Residential Low/Medium,R-6,0.0,7.3,0.4931325243345745
Oakley,,034242008,Residential Low/Medium,R-6,0.0,7.3,1.0
Oakley,,034242007,Residential Low/Medium,R-6,0.0,7.3,0.5
Oakley,,034242006,Residential Low/Medium,R-6,0.0,7.3,0.5
Oakley,,034242016,Residential Low/Medium,R-6,0.0,7.3,0.43
Oakley,,034242020,Residential Low/Medium,R-6,0.0,7.3,0.42
Oakley,,034210032,Residential Low/Medium,R-6,0.0,7.3,0.16461283650775707
Oakley,,034210033,Residential Low/Medium,R-6,0.0,7.3,0.1411363378742212
Oakley,,034210034,Residential Low/Medium,R-6,0.0,7.3,0.1411897487441421
Oakley,,034210036,Residential Low/Medium,R-6,0.0,7.3,0.13295847243176823
Oakley,,034210035,Residential Low/Medium,R-6,0.0,7.3,0.14083787161724418
Oakley,,034210041,Residential Low/Medium,R-6,0.0,7.3,0.1587431025119396
Oakley,,034210040,Residential Low/Medium,R-6,0.0,7.3,0.15970109157542817
Oakley,,034210038,Residential Low/Medium,R-6,0.0,7.3,0.23541581536095002
Oakley,,034210039,Residential Low/Medium,R-6,0.0,7.3,0.16555632462192443
Oakley,,034210011,Commercial,C,0.0,0.0,1.57
Oakley,,034210037,Residential Low/Medium,R-6,0.0,7.3,0.22092299180485553
Oakley,,034242027,Residential Low/Medium,R-6,0.0,7.3,0.894
Oakley,,034241010,Residential Low/Medium,R-6,0.0,7.3,0.5
Oakley,,034242011,Residential Low/Medium,R-6,0.0,7.3,0.5
Oakley,,034242010,Residential Low/Medium,R-6,0.0,7.3,0.48
Oakley,,034242009,Residential Low/Medium,R-6,0.0,7.3,0.52
Oakley,,034241009,Residential Low/Medium,R-6,0.0,7.3,0.5
Oakley,,034650059,Residential Medium,P-1,0.0,24.0,0.09373729907500483
Oakley,,034650058,Residential Medium,P-1,0.0,24.0,0.10055317478738389
Oakley,,034650076,Residential Medium,P-1,0.0,24.0,0.025392642903925646
Oakley,,034650057,Residential Medium,P-1,0.0,24.0,0.12018017506591336
Oakley,,034650056,Residential Medium,P-1,0.0,24.0,0.09984733697192763
Oakley,,034650055,Residential Medium,P-1,0.0,24.0,0.09928490253163703
Oakley,,034650077,Residential Medium,P-1,0.0,24.0,0.04868606592692188
Oakley,,034650060,Residential Medium,P-1,0.0,24.0,0.09382870329197136
Oakley,,034650061,Residential Medium,P-1,0.0,24.0,0.0939174284018388
Oakley,,034241015,Residential Low/Medium,R-6,0.0,7.3,0.2
Oakley,,034650062,Residential Medium,P-1,0.0,24.0,0.09399623784501294
Oakley,,034650016,Residential Medium,P-1,0.0,24.0,0.0911120995074561
Oakley,,034650017,Residential Medium,P-1,0.0,24.0,0.09111987247974077
Oakley,,034650078,Residential Medium,P-1,0.0,24.0,0.03374931342997246
Oakley,,034650015,Residential Medium,P-1,0.0,24.0,0.0911372380260702
Oakley,,034650014,Residential Medium,P-1,0.0,24.0,0.09114367025367055
Oakley,,034241016,Residential Low/Medium,R-6,0.0,7.3,0.34
Oakley,,034241014,Residential Low/Medium,R-6,0.0,7.3,0.54
Oakley,,034650079,Residential Medium,P-1,0.0,24.0,0.029814723563980978
Oakley,,034650064,Residential Medium,P-1,0.0,24.0,0.0935376944428222
Oakley,,034650063,Residential Medium,P-1,0.0,24.0,0.09406213569368296
Oakley,,034241011,Residential Low/Medium,R-6,0.0,7.3,0.21
Oakley,,034241012,Residential Low/Medium,R-6,0.0,7.3,0.14
Oakley,,034242028,Residential Low/Medium,R-6,0.0,7.3,0.221
Oakley,,034242024,Residential Low/Medium,R-6,0.0,7.3,0.18
Oakley,,034241013,Residential Low/Medium,R-6,0.0,7.3,0.22
Oakley,,034650065,Residential Medium,P-1,0.0,24.0,0.10412515130037814
Oakley,,034650066,Residential Medium,P-1,0.0,24.0,0.09507459276872043
Oakley,,034650067,Residential Medium,P-1,0.0,24.0,0.09571570488062635
Oakley,,034650068,Residential Medium,P-1,0.0,24.0,0.09635919070133914
Oakley,,033053010,Residential Low/Medium,R-6,0.0,7.3,0.302798328961679
Oakley,,033053011,Residential Low/Medium,R-6,0.0,7.3,0.27508889117497415
Oakley,,033090044,Residential Low/Medium,R-6,0.0,7.3,0.275
Oakley,,033053059,Residential Low/Medium,R-6,0.0,7.3,0.412860278750315
Oakley,,033053008,Residential Low/Medium,R-6,0.0,7.3,1.7969455071601623
Oakley,,033053009,Residential Low/Medium,R-6,0.0,7.3,0.21
Oakley,,034650069,Residential Medium,P-1,0.0,24.0,0.10624196713551459
Oakley,,034650001,Residential Medium,P-1,0.0,24.0,0.10768384638223005
Oakley,,034650002,Residential Medium,P-1,0.0,24.0,0.09901725540271561
Oakley,,033053060,Commercial,RB,0.0,0.0,0.41
Oakley,,034650003,Residential Medium,P-1,0.0,24.0,0.09966843719144527
Oakley,,034650004,Residential Medium,P-1,0.0,24.0,0.10032066842891972
Oakley,,034650005,Residential Medium,P-1,0.0,24.0,0.10097662392994494
Oakley,,034650006,Residential Medium,P-1,0.0,24.0,0.10164218989552959
Oakley,,034650008,Residential Medium,P-1,0.0,24.0,0.09118767319281737
Oakley,,034650073,Residential Medium,P-1,0.0,24.0,0.0503260684064687
Oakley,,034650010,Residential Medium,P-1,0.0,24.0,0.09116695739913018
Oakley,,034650022,Residential Medium,P-1,0.0,24.0,0.0911578723877097
Oakley,,034650021,Residential Medium,P-1,0.0,24.0,0.09114919593265856
Oakley,,034650009,Residential Medium,P-1,0.0,24.0,0.09117538308917514
Oakley,,034650011,Residential Medium,P-1,0.0,24.0,0.09115944462931856
Oakley,,034650012,Residential Medium,P-1,0.0,24.0,0.09115357378784757
Oakley,,034650013,Residential Medium,P-1,0.0,24.0,0.09114825925139468
Oakley,,034650018,Residential Medium,P-1,0.0,24.0,0.09112667566744119
Oakley,,034650019,Residential Medium,P-1,0.0,24.0,0.09113329733905104
Oakley,,034650020,Residential Medium,P-1,0.0,24.0,0.09114107756264705
Oakley,,034650033,Residential Medium,P-1,0.0,24.0,0.09453222567559474
Oakley,,034650034,Residential Medium,P-1,0.0,24.0,0.09452302225206387
Oakley,,034650035,Residential Medium,P-1,0.0,24.0,0.0945129768725231
Oakley,,034650036,Residential Medium,P-1,0.0,24.0,0.09450327730832407
Oakley,,034650037,Residential Medium,P-1,0.0,24.0,0.0944951687400028
Oakley,,034650038,Residential Medium,P-1,0.0,24.0,0.09103348298570728
Oakley,,034650040,Residential Medium,P-1,0.0,24.0,0.09106572866339065
Oakley,,034650039,Residential Medium,P-1,0.0,24.0,0.09105127168307549
Oakley,,034650053,Residential Medium,P-1,0.0,24.0,0.09811738423286583
Oakley,,034650054,Residential Medium,P-1,0.0,24.0,0.09870572008865601
Oakley,,034650052,Residential Medium,P-1,0.0,24.0,0.09752305200517984
Oakley,,034650051,Residential Medium,P-1,0.0,24.0,0.09692447536691069
Oakley,,034650050,Residential Medium,P-1,0.0,24.0,0.09632225917862706
Oakley,,034650041,Residential Medium,P-1,0.0,24.0,0.09107975323220267
Oakley,,034650042,Residential Medium,P-1,0.0,24.0,0.09109179733964809
Oakley,,034650032,Residential Medium,P-1,0.0,24.0,0.09454067385285049
Oakley,,034650043,Residential Medium,P-1,0.0,24.0,0.09110248237392796
Oakley,,034650044,Residential Medium,P-1,0.0,24.0,0.09111237044578634
Oakley,,034650049,Residential Medium,P-1,0.0,24.0,0.09571500786787152
Oakley,,034650075,Residential Medium,P-1,0.0,24.0,0.021371887135474783
Oakley,,034650046,Residential Medium,P-1,0.0,24.0,0.0938411093358367
Oakley,,034650071,Residential Medium,P-1,0.0,24.0,0.021615217385940376
Oakley,,034650029,Residential Medium,P-1,0.0,24.0,0.09110353207028467
Oakley,,034650027,Residential Medium,P-1,0.0,24.0,0.09112498787748856
Oakley,,034650028,Residential Medium,P-1,0.0,24.0,0.0911122784586035
Oakley,,034650045,Residential Medium,P-1,0.0,24.0,0.0911152873071576
Oakley,,034650030,Residential Medium,P-1,0.0,24.0,0.09454477429654357
Oakley,,034650074,Residential Medium,P-1,0.0,24.0,0.03438010688100839
Oakley,,034650031,Residential Medium,P-1,0.0,24.0,0.09454687332661017
Oakley,,034650023,Residential Medium,P-1,0.0,24.0,0.0911671280200873
Oakley,,034650026,Residential Medium,P-1,0.0,24.0,0.09114018326964496
Oakley,,034650025,Residential Medium,P-1,0.0,24.0,0.09116901293104109
Oakley,,034650024,Residential Medium,P-1,0.0,24.0,0.09121545002680632
Oakley,,034650072,Residential Medium,P-1,0.0,24.0,0.02703190396366709
Oakley,,034650007,Residential Medium,P-1,0.0,24.0,0.10280814779851606
Oakley,,034410001,Residential Low/Medium,P-1,0.0,24.0,0.16455033014155815
Oakley,,034410078,Residential Medium,P-1,0.0,24.0,1.099
Oakley,,034650080,Residential Medium,P-1,0.0,24.0,2.13
Oakley,,034650070,Residential Medium,P-1,0.0,24.0,0.05129923624916741
Oakley,,034410059,Residential Low/Medium,P-1,0.0,24.0,0.17404751236678453
Oakley,,034410002,Residential Low/Medium,P-1,0.0,24.0,0.15064431941793902
Oakley,,034410061,Residential Low/Medium,P-1,0.0,24.0,0.14921905593307244
Oakley,,034410060,Residential Low/Medium,P-1,0.0,24.0,0.14921846899162305
Oakley,,034410062,Residential Low/Medium,P-1,0.0,24.0,0.1492203531194339
Oakley,,034410063,Residential Low/Medium,P-1,0.0,24.0,0.14922012604754953
Oakley,,034410006,Residential Low/Medium,P-1,0.0,24.0,0.09550159639480031
Oakley,,034410005,Residential Low/Medium,P-1,0.0,24.0,0.0955013743320635
Oakley,,034410003,Residential Low/Medium,P-1,0.0,24.0,0.09562605621263873
Oakley,,034410004,Residential Low/Medium,P-1,0.0,24.0,0.09550005184459588
Oakley,,034410029,Residential Low/Medium,P-1,0.0,24.0,0.0955011826517224
Oakley,,034410028,Residential Low/Medium,P-1,0.0,24.0,0.0955029269786352
Oakley,,034410027,Residential Low/Medium,P-1,0.0,24.0,0.09550268448426308
Oakley,,034410033,Residential Low/Medium,P-1,0.0,24.0,0.09549852683965605
Oakley,,034410034,Residential Low/Medium,P-1,0.0,24.0,0.0954985761559577
Oakley,,034410032,Residential Low/Medium,P-1,0.0,24.0,0.09549901567405583
Oakley,,034410031,Residential Low/Medium,P-1,0.0,24.0,0.10210089400306231
Oakley,,034410030,Residential Low/Medium,P-1,0.0,24.0,0.10210207401612573
Oakley,,034410045,Residential Low/Medium,P-1,0.0,24.0,0.10950781759756481
Oakley,,034410046,Residential Low/Medium,P-1,0.0,24.0,0.10098684404060937
Oakley,,034410047,Residential Low/Medium,P-1,0.0,24.0,0.10098686065598203
Oakley,,034410048,Residential Low/Medium,P-1,0.0,24.0,0.10098700767465599
Oakley,,033040030,Residential Low/Medium,R-6,0.0,7.3,0.43
Oakley,,033051002,Residential Low/Medium,R-6,0.0,7.3,0.21298226482836735
Oakley,,033051001,Residential Low/Medium,R-6,0.0,7.3,0.215
Oakley,,033051017,Residential Low/Medium,R-6,0.0,7.3,0.26006666533531453
Oakley,,033040029,Residential Low/Medium,R-6,0.0,7.3,0.18
Oakley,,033040001,Residential Low/Medium,R-6,0.0,7.3,0.59
Oakley,,033040002,Residential Low/Medium,R-6,0.0,7.3,0.21
Oakley,,033040033,Residential Low/Medium,R-6,0.0,7.3,0.28
Oakley,,033040028,Residential Low/Medium,R-6,0.0,7.3,0.33
Oakley,,033040032,Residential Low/Medium,R-6,0.0,7.3,0.28
Oakley,,033051018,Residential Low/Medium,R-6,0.0,7.3,0.26991701078233865
Oakley,,033051004,Residential Low/Medium,R-6,0.0,7.3,0.26660130598898674
Oakley,,033052024,Residential Low/Medium,R-6,0.0,7.3,0.17658105457783063
Oakley,,033052008,Residential Low/Medium,R-6,0.0,7.3,0.5206129518016692
Oakley,,033052013,Residential Low/Medium,R-6,0.0,7.3,0.72
Oakley,,033052012,Residential Low/Medium,R-6,0.0,7.3,0.13
Oakley,,033052011,Commercial,RB,0.0,0.0,0.75
Oakley,,033052010,Residential Low/Medium,R-6,0.0,7.3,0.21460349479123975
Oakley,,033052009,Residential Low/Medium,R-6,0.0,7.3,0.20666379823011838
Oakley,,033053061,Residential Low/Medium,R-6,0.0,7.3,0.41
Oakley,,033053062,Residential Low/Medium,R-6,0.0,7.3,1.11
Oakley,,033052016,Residential Low/Medium,R-6,0.0,7.3,0.28
Oakley,,033052017,Residential Low/Medium,R-6,0.0,7.3,0.28
Oakley,,033052005,Residential Low/Medium,R-6,0.0,7.3,0.3475855068673773
Oakley,,033052006,Residential Low/Medium,R-6,0.0,7.3,0.5279327409244304
Oakley,,033052015,Residential Low/Medium,R-6,0.0,7.3,0.29
Oakley,,033052014,Residential Low/Medium,R-6,0.0,7.3,0.28
Oakley,,033052025,Residential Low/Medium,R-6,0.0,7.3,0.34500807443968073
Oakley,,033051006,Residential Low/Medium,R-6,0.0,7.3,0.22
Oakley,,033051005,Residential Low/Medium,R-6,0.0,7.3,0.26813621644994895
Oakley,,033040027,Residential Low/Medium,R-6,0.0,7.3,0.21
Oakley,,033040026,Residential Low/Medium,R-6,0.0,7.3,0.18
Oakley,,033040025,Residential Low/Medium,R-6,0.0,7.3,0.35
Oakley,,033040038,Residential Low/Medium,R-6,0.0,7.3,0.31
Oakley,,033040005,Residential Low/Medium,R-6,0.0,7.3,0.12
Oakley,,033040024,Residential Low/Medium,R-6,0.0,7.3,0.18
Oakley,,033051007,Residential Low/Medium,R-6,0.0,7.3,0.31
Oakley,,033051008,Residential Low/Medium,R-6,0.0,7.3,0.17801383873474189
Oakley,,033040023,Residential Low/Medium,R-6,0.0,7.3,0.17
Oakley,,033040006,Residential Low/Medium,R-6,0.0,7.3,0.32
Oakley,,033040022,Residential Low/Medium,R-6,0.0,7.3,0.18
Oakley,,033040021,Residential Low/Medium,R-6,0.0,7.3,0.18
Oakley,,033040007,Residential Low/Medium,R-6,0.0,7.3,0.21
Oakley,,033040008,Residential Low/Medium,R-6,0.0,7.3,0.21
Oakley,,033040020,Residential Low/Medium,R-6,0.0,7.3,0.18
Oakley,,033051010,Residential Low/Medium,R-6,0.0,7.3,0.21185011514631866
Oakley,,033051009,Residential Low/Medium,R-6,0.0,7.3,0.3572744107849964
Oakley,,033052004,Residential Low/Medium,R-6,0.0,7.3,0.18164635249977065
Oakley,,033052003,Residential Low/Medium,R-6,0.0,7.3,0.53
Oakley,,033051012,Residential Low/Medium,R-6,0.0,7.3,0.3704947900970442
Oakley,,033051011,Residential Low/Medium,R-6,0.0,7.3,0.3206317959441909
Oakley,,033040019,Residential Low/Medium,R-6,0.0,7.3,0.21
Oakley,,033040010,Residential Low/Medium,R-6,0.0,7.3,0.15
Oakley,,033040011,Residential Low/Medium,R-6,0.0,7.3,0.18
Oakley,,033040018,Residential Low/Medium,R-6,0.0,7.3,0.15
Oakley,,033040017,Residential Low/Medium,R-6,0.0,7.3,0.18
Oakley,,033040016,Residential Low/Medium,R-6,0.0,7.3,0.17
Oakley,,033040012,Residential Low/Medium,R-6,0.0,7.3,0.18
Oakley,,033051013,Residential Low/Medium,R-6,0.0,7.3,0.16100543402982467
Oakley,,033051014,Residential Low/Medium,R-6,0.0,7.3,0.13132214852623153
Oakley,,033040015,Residential Low/Medium,R-6,0.0,7.3,0.15
Oakley,,033040014,Residential Low/Medium,R-6,0.0,7.3,0.34
Oakley,,033040036,Residential Low/Medium,R-6,0.0,7.3,0.18887751237393616
Oakley,,033040037,Residential Low/Medium,R-6,0.0,7.3,0.20003579281546063
Oakley,,033051016,Residential Low/Medium,R-6,0.0,7.3,0.15244172745190007
Oakley,,033051015,Residential Low/Medium,R-6,0.0,7.3,0.24795618913107062
Oakley,,033060004,Residential Low/Medium,P-1,0.0,24.0,0.1634902811733168
Oakley,,033070064,Residential Low/Medium,P-1,0.0,24.0,0.20856661756166736
Oakley,,033052022,Residential Low/Medium,R-6,0.0,7.3,0.2561224869478904
Oakley,,033070063,Residential Low/Medium,P-1,0.0,24.0,0.17683692069875132
Oakley,,033052023,Residential Low/Medium,R-6,0.0,7.3,0.26519741281722
Oakley,,033052002,Residential Low/Medium,R-6,0.0,7.3,0.53
Oakley,,033052018,Residential Low/Medium,R-6,0.0,7.3,0.28
Oakley,,033052019,Residential Low/Medium,R-6,0.0,7.3,0.28
Oakley,,033052020,Residential Low/Medium,R-6,0.0,7.3,0.42
Oakley,,033053049,Residential Low/Medium,R-6,0.0,7.3,0.25246705396969166
Oakley,,033053050,Residential Low/Medium,R-6,0.0,7.3,0.16003179914719576
Oakley,,033052021,Residential Low/Medium,R-6,0.0,7.3,0.42
Oakley,,033070060,Residential Low/Medium,P-1,0.0,24.0,0.14897372508221038
Oakley,,033053048,Residential Low/Medium,R-6,0.0,7.3,0.41200438134282696
Oakley,,033053038,Residential Low/Medium,R-6,0.0,7.3,0.23110752255232841
Oakley,,033070032,Residential Low/Medium,P-1,0.0,24.0,0.23700082629583533
Oakley,,033070033,Residential Low/Medium,P-1,0.0,24.0,0.16224532893007235
Oakley,,033070117,Residential Low/Medium,P-1,0.0,24.0,0.21512232375913068
Oakley,,033053036,Residential Low/Medium,R-6,0.0,7.3,0.16199067606308834
Oakley,,033053037,Residential Low/Medium,R-6,0.0,7.3,0.23353184906866453
Oakley,,033053067,Residential Low/Medium,R-6,0.0,7.3,0.18
Oakley,,033053057,Residential Low/Medium,R-6,0.0,7.3,0.32082002334290144
Oakley,,033053025,Residential Low/Medium,R-6,0.0,7.3,0.26086134564485436
Oakley,,033053024,Residential Low/Medium,R-6,0.0,7.3,0.518010233035684
Oakley,,033053055,Residential Low/Medium,R-6,0.0,7.3,0.12316949960747978
Oakley,,033053054,Residential Low/Medium,R-6,0.0,7.3,0.24588192607415077
Oakley,,033053052,Residential Low/Medium,R-6,0.0,7.3,0.13770622978591232
Oakley,,033053056,Residential Low/Medium,R-6,0.0,7.3,0.12443707580334983
Oakley,,033053053,Residential Low/Medium,R-6,0.0,7.3,0.13268081863198425
Oakley,,033053069,Residential Low/Medium,R-6,0.0,7.3,0.18
Oakley,,033053068,Residential Low/Medium,R-6,0.0,7.3,0.13
Oakley,,033053070,Residential Low/Medium,R-6,0.0,7.3,0.5
Oakley,,033053040,Residential Low/Medium,R-6,0.0,7.3,0.51
Oakley,,033053022,Residential Low/Medium,R-6,0.0,7.3,0.17894491682104027
Oakley,,033053023,Residential Low/Medium,R-6,0.0,7.3,0.2899249271919845
Oakley,,033053044,Residential Low/Medium,R-6,0.0,7.3,0.2576528741470125
Oakley,,033053045,Residential Low/Medium,R-6,0.0,7.3,0.29760284883752725
Oakley,,033053041,Residential Low/Medium,R-6,0.0,7.3,0.802
Oakley,,033053016,Residential Low/Medium,R-6,0.0,7.3,0.25
Oakley,,033053058,Residential Low/Medium,R-6,0.0,7.3,0.19300608062748115
Oakley,,033053014,Residential Low/Medium,R-6,0.0,7.3,0.19370812671872725
Oakley,,033053015,Residential Low/Medium,R-6,0.0,7.3,0.16797371414146228
Oakley,,033053018,Residential Low/Medium,R-6,0.0,7.3,0.178
Oakley,,033090018,Residential Low/Medium,R-6,0.0,7.3,0.59
Oakley,,033090048,Residential Low/Medium,R-6,0.0,7.3,0.643
Oakley,,033090026,Residential Low/Medium,R-6,0.0,7.3,0.22
Oakley,,033090025,Residential Low/Medium,R-6,0.0,7.3,0.23
Oakley,,033090049,Residential Low/Medium,R-6,0.0,7.3,0.442
Oakley,,033090024,Residential Low/Medium,R-6,0.0,7.3,0.59
Oakley,,033090027,Residential Low/Medium,R-6,0.0,7.3,1.5
Oakley,,033053066,Residential Low/Medium,R-6,0.0,7.3,0.19
Oakley,,033090028,Residential Low/Medium,R-6,0.0,7.3,1.5
Oakley,,033090045,Residential Low/Medium,R-6,0.0,7.3,0.327
Oakley,,033053033,Residential Low/Medium,R-6,0.0,7.3,0.03239856133549628
Oakley,,033053065,Residential Low/Medium,R-6,0.0,7.3,0.22
Oakley,,033053034,Residential Low/Medium,R-6,0.0,7.3,0.10979418411628102
Oakley,,033070092,Residential Low/Medium,P-1,0.0,24.0,0.1638988333958324
Oakley,,033053035,Residential Low/Medium,R-6,0.0,7.3,0.10619080508385942
Oakley,,033090031,Rural Residential,R-40,0.0,1.1,1.0
Oakley,,033090030,Residential Low/Medium,R-6,0.0,7.3,1.0
Oakley,,033090046,Residential Low/Medium,R-6,0.0,7.3,0.333
Oakley,,033100005,Residential Low,R-10,0.0,4.4,7.08
Oakley,,033090047,Residential Low/Medium,R-6,0.0,7.3,0.338
Oakley,,033090013,Residential Low/Medium,R-6,0.0,7.3,0.45
Oakley,,033090020,Residential Low/Medium,R-6,0.0,7.3,0.14
Oakley,,033090021,Residential Low/Medium,R-6,0.0,7.3,0.14
Oakley,,033090022,Residential Low/Medium,R-6,0.0,7.3,0.14
Oakley,,033090023,Residential Low/Medium,R-6,0.0,7.3,0.45
Oakley,,033090014,Residential Low/Medium,R-6,0.0,7.3,0.54
Oakley,,033090015,Residential Low/Medium,R-6,0.0,7.3,0.07
Oakley,,033090036,Residential Low/Medium,R-6,0.0,7.3,0.23297823468600168
Oakley,,033090035,Residential Low/Medium,R-6,0.0,7.3,0.232881768091247
Oakley,,033090010,Residential Low/Medium,R-6,0.0,7.3,0.1
Oakley,,033090016,Residential Low/Medium,R-6,0.0,7.3,0.14
Oakley,,033090017,Residential Low/Medium,R-6,0.0,7.3,0.17
Oakley,,033090008,Residential Low/Medium,R-6,0.0,7.3,0.32
Oakley,,033090009,Residential Low/Medium,R-6,0.0,7.3,0.18
Oakley,,033090007,Residential Low/Medium,R-6,0.0,7.3,0.16
Oakley,,033090033,Residential Low/Medium,R-6,0.0,7.3,0.38
Oakley,,033090039,Residential Low/Medium,R-6,0.0,7.3,0.17190661235401797
Oakley,,033090040,Residential Low/Medium,R-6,0.0,7.3,0.15535866566481285
Oakley,,033090041,Residential Low/Medium,R-6,0.0,7.3,0.1551440465092805
Oakley,,033090038,Residential Low/Medium,R-6,0.0,7.3,0.17608378187223664
Oakley,,033090003,Residential Low/Medium,R-6,0.0,7.3,0.29
Oakley,,033090001,Commercial,C,0.0,0.0,0.52
Oakley,,033090002,Commercial,C,0.0,0.0,1.32
Oakley,,703309006,Commercial,C,0.0,0.0,1.3191927788768858
Oakley,,703309008,Commercial,C,0.0,0.0,1.3191927788768858
Oakley,,703309013,Commercial,C,0.0,0.0,1.3191927788768858
Oakley,,703309015,Commercial,C,0.0,0.0,1.3191927788768858
Oakley,,034242015,Commercial,C,0.0,0.0,0.92
Oakley,,033100004,Residential Low/Medium,R-6,0.0,7.3,7.53
Oakley,,033100001,Residential Low/Medium,R-6,0.0,7.3,5.0
Oakley,,034210006,Commercial,C,0.0,0.0,4.55
Oakley,,034210042,Residential Low/Medium,R-6,0.0,7.3,0.15779233698495485
Oakley,,034200022,Commercial,C,0.0,0.0,2.22
Oakley,,033110014,Commercial,C,0.0,0.0,0.68
Oakley,,033110017,Commercial,C,0.0,0.0,1.08
Oakley,,033110007,Residential Low/Medium,R-6,0.0,7.3,0.44518754622735585
Oakley,,033110019,Residential Low/Medium,R-6,0.0,7.3,1.17
Oakley,,033110018,Commercial,C,0.0,0.0,1.17
Oakley,,033110020,Residential Low/Medium,R-6,0.0,7.3,1.35
Oakley,,033110015,Residential Low/Medium,R-6,0.0,7.3,4.32
Oakley,,033120015,Residential Low/Medium,AL,0.0,0.0,2.5998308151131413
Oakley,,033120004,Residential Low/Medium,R-6,0.0,7.3,2.27
Oakley,,033120007,Residential Low/Medium,AL,0.0,0.0,2.27
Oakley,,033120014,Residential Low/Medium,R-6,0.0,7.3,0.47
Oakley,,033110013,Residential Low/Medium,R-6,0.0,7.3,0.41710041369736056
Oakley,,033110012,Residential Low/Medium,R-6,0.0,7.3,0.4444506356471109
Oakley,,033110011,Residential Low/Medium,R-6,0.0,7.3,0.44703824108432055
Oakley,,033110003,Residential Low/Medium,R-6,0.0,7.3,8.43
Oakley,,033110010,Residential Low/Medium,R-6,0.0,7.3,0.44042010884210214
Oakley,,033110009,Residential Low/Medium,R-6,0.0,7.3,0.44260097752444333
Oakley,,033110008,Residential Low/Medium,R-6,0.0,7.3,0.44698196076700786
Oakley,,033200006,Rural Residential,R-40,0.0,1.1,0.5
Oakley,,033200024,Rural Residential,R-40,0.0,1.1,1.16
Oakley,,033200004,Rural Residential,R-40,0.0,1.1,0.27
Oakley,,033200007,Rural Residential,AL,0.0,0.0,1.2
Oakley,,033200003,Rural Residential,R-40,0.0,1.1,0.27
Oakley,,033120011,Rural Residential,R-40,0.0,1.1,0.465
Oakley,,033120010,Residential Low/Medium,R-6,0.0,7.3,1.93
Oakley,,033120009,Residential Low/Medium,R-6,0.0,7.3,0.34
Oakley,,033120012,Rural Residential,R-40,0.0,1.1,6.63
Oakley,,033200001,Rural Residential,R-40,0.0,1.1,1.09
Oakley,,033200010,Rural Residential,R-40,0.0,1.1,0.55
Oakley,,033200009,Rural Residential,R-40,0.0,1.1,0.37
Oakley,,033200008,Rural Residential,R-40,0.0,1.1,1.16
Oakley,,033200002,Rural Residential,R-40,0.0,1.1,1.09
Oakley,,033200016,Rural Residential,R-40,0.0,1.1,1.1190703365473358
Oakley,,033200014,Rural Residential,R-40,0.0,1.1,1.0167170431788555
Oakley,,033233003,Rural Residential,R-40,0.0,1.1,0.9604144246021346
Oakley,,033200019,Rural Residential,R-40,0.0,1.1,3.42
Oakley,,033200021,Rural Residential,R-40,0.0,1.1,1.22
Oakley,,033200020,Rural Residential,R-40,0.0,1.1,1.22
Oakley,,033232004,Rural Residential,R-40,0.0,1.1,0.9655353944319977
Oakley,,033233002,Rural Residential,R-40,0.0,1.1,0.9346430891127979
Oakley,,033232005,Rural Residential,R-40,0.0,1.1,0.9454604707214264
Oakley,,033232006,Rural Residential,R-40,0.0,1.1,0.9327798692942049
Oakley,,033130070,Rural Residential,R-40,0.0,1.1,1.03
Oakley,,033130037,Rural Residential,R-40,0.0,1.1,1.4
Oakley,,033232001,Rural Residential,R-40,0.0,1.1,0.94
Oakley,,033232002,Rural Residential,R-40,0.0,1.1,0.9430143774818855
Oakley,,033231002,Rural Residential,R-40,0.0,1.1,0.9366467213958456
Oakley,,033231001,Rural Residential,R-40,0.0,1.1,0.9312376991224235
Oakley,,033231003,Rural Residential,AL,0.0,0.0,0.9370040731126718
Oakley,,033232003,Rural Residential,R-40,0.0,1.1,0.9610944059815651
Oakley,,033080029,Rural Residential,R-40,0.0,1.1,0.10834277051129766
Oakley,,033140015,Rural Residential,R-40,0.0,1.1,1.05
Oakley,,033080023,Rural Residential,R-40,0.0,1.1,1.131
Oakley,,033080025,Rural Residential,R-40,0.0,1.1,0.928
Oakley,,033080027,Residential Low/Medium,R-7,0.0,5.5,0.172
Oakley,,033070133,Residential Low/Medium,P-1,0.0,24.0,0.1271618217406712
Oakley,,033070132,Residential Low/Medium,P-1,0.0,24.0,0.1365856641500346
Oakley,,033080026,Residential Low/Medium,R-7,0.0,5.5,0.172
Oakley,,033080018,Rural Residential,R-40,0.0,1.1,1.16
Oakley,,033100006,Rural Residential,R-40,0.0,1.1,5.17
Oakley,,033080022,Rural Residential,R-40,0.0,1.1,0.99
Oakley,,033080015,Rural Residential,R-40,0.0,1.1,5.0
Oakley,,033080004,Rural Residential,R-40,0.0,1.1,0.36
Oakley,,033080008,Rural Residential,R-40,0.0,1.1,0.32
Oakley,,033080007,Rural Residential,R-40,0.0,1.1,0.27
Oakley,,033080003,Rural Residential,R-40,0.0,1.1,0.41
Oakley,,033080002,Rural Residential,R-40,0.0,1.1,0.31
Oakley,,033080001,Rural Residential,R-40,0.0,1.1,0.42
Oakley,,033070094,Residential Low/Medium,P-1,0.0,24.0,0.14821931920599765
Oakley,,033070093,Residential Low/Medium,P-1,0.0,24.0,0.14035561206458616
Oakley,,033070095,Residential Low/Medium,P-1,0.0,24.0,0.1423179370832225
Oakley,,033070096,Residential Low/Medium,P-1,0.0,24.0,0.152269290330531
Oakley,,033080005,Rural Residential,R-40,0.0,1.1,1.5
Oakley,,033070097,Residential Low/Medium,P-1,0.0,24.0,0.1425295943288609
Oakley,,033070098,Residential Low/Medium,P-1,0.0,24.0,0.15450198609943872
Oakley,,033070099,Residential Low/Medium,P-1,0.0,24.0,0.15462729659975588
Oakley,,033070101,Residential Low/Medium,P-1,0.0,24.0,0.15962098795764
Oakley,,033070100,Residential Low/Medium,P-1,0.0,24.0,0.1547430455167061
Oakley,,033080011,Rural Residential,R-40,0.0,1.1,0.84
Oakley,,033080006,Rural Residential,R-40,0.0,1.1,0.84
Oakley,,033080021,Rural Residential,R-40,0.0,1.1,0.99
Oakley,,033070102,Residential Low/Medium,P-1,0.0,24.0,0.1548011152297311
Oakley,,033070104,Residential Low/Medium,P-1,0.0,24.0,0.18516696764388527
Oakley,,033070103,Residential Low/Medium,P-1,0.0,24.0,0.16586636209790287
Oakley,,033080012,Rural Residential,R-40,0.0,1.1,1.76
Oakley,,033080019,Rural Residential,R-40,0.0,1.1,1.34
Oakley,,033070089,Residential Low/Medium,P-1,0.0,24.0,0.13886912411050836
Oakley,,033070090,Residential Low/Medium,P-1,0.0,24.0,0.1656716555968654
Oakley,,033070131,Residential Low/Medium,P-1,0.0,24.0,0.12626092446989273
Oakley,,033070145,Residential Low/Medium,P-1,0.0,24.0,0.151523236273806
Oakley,,033070144,Residential Low/Medium,P-1,0.0,24.0,0.15150892203654817
Oakley,,033070143,Residential Low/Medium,P-1,0.0,24.0,0.15151048962863511
Oakley,,033070045,Residential Low/Medium,P-1,0.0,24.0,0.15429080316825
Oakley,,033070105,Residential Low/Medium,P-1,0.0,24.0,0.15953019328102433
Oakley,,033070106,Residential Low/Medium,P-1,0.0,24.0,0.1272789691431661
Oakley,,033070107,Residential Low/Medium,P-1,0.0,24.0,0.12752352735039155
Oakley,,033070042,Residential Low/Medium,P-1,0.0,24.0,0.13383904313181674
Oakley,,033070043,Residential Low/Medium,P-1,0.0,24.0,0.13383753766716036
Oakley,,033070044,Residential Low/Medium,P-1,0.0,24.0,0.13383798997189025
Oakley,,033070047,Residential Low/Medium,P-1,0.0,24.0,0.13636310450443417
Oakley,,033070048,Residential Low/Medium,P-1,0.0,24.0,0.1363634358773717
Oakley,,033070049,Residential Low/Medium,P-1,0.0,24.0,0.13636483033479407
Oakley,,033070075,Residential Low/Medium,P-1,0.0,24.0,0.13232325967899558
Oakley,,033070050,Residential Low/Medium,P-1,0.0,24.0,0.1363655964726062
Oakley,,033070051,Residential Low/Medium,P-1,0.0,24.0,0.13636234818431756
Oakley,,033070052,Residential Low/Medium,P-1,0.0,24.0,0.13636278144612532
Oakley,,033070053,Residential Low/Medium,P-1,0.0,24.0,0.13636526065209537
Oakley,,033070038,Residential Low/Medium,P-1,0.0,24.0,0.13383971711647988
Oakley,,033070039,Residential Low/Medium,P-1,0.0,24.0,0.13383956984326553
Oakley,,033070040,Residential Low/Medium,P-1,0.0,24.0,0.13383846328335441
Oakley,,033070041,Residential Low/Medium,P-1,0.0,24.0,0.13383674893693354
Oakley,,033070108,Residential Low/Medium,P-1,0.0,24.0,0.12752623281020628
Oakley,,033070109,Residential Low/Medium,P-1,0.0,24.0,0.13911878209028722
Oakley,,033070110,Residential Low/Medium,P-1,0.0,24.0,0.11593145519701625
Oakley,,033070111,Residential Low/Medium,P-1,0.0,24.0,0.12114832034032051
Oakley,,033070112,Residential Low/Medium,P-1,0.0,24.0,0.1391202217876301
Oakley,,033070037,Residential Low/Medium,P-1,0.0,24.0,0.13383904019615817
Oakley,,033070036,Residential Low/Medium,P-1,0.0,24.0,0.13383831132737176
Oakley,,033070113,Residential Low/Medium,P-1,0.0,24.0,0.1487306090528691
Oakley,,033070114,Residential Low/Medium,P-1,0.0,24.0,0.13910579773882584
Oakley,,033070115,Residential Low/Medium,P-1,0.0,24.0,0.13448162111159775
Oakley,,033070116,Residential Low/Medium,P-1,0.0,24.0,0.16014863789430572
Oakley,,033070034,Residential Low/Medium,P-1,0.0,24.0,0.1433728576367133
Oakley,,033070035,Residential Low/Medium,P-1,0.0,24.0,0.13383847193692616
Oakley,,033070056,Residential Low/Medium,P-1,0.0,24.0,0.1363645218784893
Oakley,,033070057,Residential Low/Medium,P-1,0.0,24.0,0.12396478744802761
Oakley,,033070058,Residential Low/Medium,P-1,0.0,24.0,0.12396663361923242
Oakley,,033070059,Residential Low/Medium,P-1,0.0,24.0,0.1239654482871409
Oakley,,033070062,Residential Low/Medium,P-1,0.0,24.0,0.25596676873994373
Oakley,,033070061,Residential Low/Medium,P-1,0.0,24.0,0.16128636720693745
Oakley,,033070055,Residential Low/Medium,P-1,0.0,24.0,0.13636560229762876
Oakley,,033070054,Residential Low/Medium,P-1,0.0,24.0,0.1363620426497236
Oakley,,033070070,Residential Low/Medium,P-1,0.0,24.0,0.16299376119944287
Oakley,,033070069,Residential Low/Medium,P-1,0.0,24.0,0.15404276941369682
Oakley,,033070071,Residential Low/Medium,P-1,0.0,24.0,0.1491653023594514
Oakley,,033070072,Residential Low/Medium,P-1,0.0,24.0,0.14435218671188682
Oakley,,033070073,Residential Low/Medium,P-1,0.0,24.0,0.1323246818194149
Oakley,,033070074,Residential Low/Medium,P-1,0.0,24.0,0.13232374989815196
Oakley,,033340026,Residential Low/Medium,P-1,0.0,24.0,0.27313360642732776
Oakley,,033070068,Residential Low/Medium,P-1,0.0,24.0,0.12626684636516763
Oakley,,033340034,Residential Low/Medium,P-1,0.0,24.0,0.13142440196239416
Oakley,,033340035,Residential Low/Medium,P-1,0.0,24.0,0.1227747357725757
Oakley,,033070067,Residential Low/Medium,P-1,0.0,24.0,0.12626849466257598
Oakley,,033070065,Residential Low/Medium,P-1,0.0,24.0,0.15719260689356582
Oakley,,033070066,Residential Low/Medium,P-1,0.0,24.0,0.13182448869792274
Oakley,,033060005,Residential Low/Medium,P-1,0.0,24.0,0.19353925341672726
Oakley,,033060016,Residential Low/Medium,P-1,0.0,24.0,0.1504727618344169
Oakley,,033060006,Residential Low/Medium,P-1,0.0,24.0,0.20305004537117796
Oakley,,033060007,Residential Low/Medium,P-1,0.0,24.0,0.1692750355456839
Oakley,,033060008,Residential Low/Medium,P-1,0.0,24.0,0.22887098356152144
Oakley,,033060014,Residential Low/Medium,P-1,0.0,24.0,0.1390000299856746
Oakley,,033060013,Residential Low/Medium,P-1,0.0,24.0,0.1283102031959307
Oakley,,033060015,Residential Low/Medium,P-1,0.0,24.0,0.14655680362367268
Oakley,,033060017,Residential Low/Medium,P-1,0.0,24.0,0.14936914563322642
Oakley,,033060019,Residential Low/Medium,P-1,0.0,24.0,0.13663269161741456
Oakley,,033060020,Residential Low/Medium,P-1,0.0,24.0,0.1899410561351286
Oakley,,033060021,Residential Low/Medium,P-1,0.0,24.0,0.16264620890818238
Oakley,,033060026,Residential Low/Medium,P-1,0.0,24.0,0.13319670052360744
Oakley,,033060027,Residential Low/Medium,P-1,0.0,24.0,0.11478652817226005
Oakley,,033060018,Residential Low/Medium,P-1,0.0,24.0,0.147337994635289
Oakley,,033340027,Residential Low/Medium,P-1,0.0,24.0,0.30545675154837415
Oakley,,033340028,Residential Low/Medium,P-1,0.0,24.0,0.2867874515574553
Oakley,,033340029,Residential Low/Medium,P-1,0.0,24.0,0.14669868383801465
Oakley,,033340025,Residential Low/Medium,P-1,0.0,24.0,0.18378486363761146
Oakley,,033340024,Residential Low/Medium,P-1,0.0,24.0,0.1522734299668307
Oakley,,033340030,Residential Low/Medium,P-1,0.0,24.0,0.15118279280234723
Oakley,,033340033,Residential Low/Medium,P-1,0.0,24.0,0.24492566303628965
Oakley,,033340031,Residential Low/Medium,P-1,0.0,24.0,0.2171159909353548
Oakley,,033340032,Residential Low/Medium,P-1,0.0,24.0,0.249872942290026
Oakley,,033060028,Residential Low/Medium,P-1,0.0,24.0,0.1628308132323813
Oakley,,033340002,Residential Low/Medium,P-1,0.0,24.0,0.20565972036496294
Oakley,,033340013,Residential Low/Medium,P-1,0.0,24.0,0.1336624952975404
Oakley,,033340014,Residential Low/Medium,P-1,0.0,24.0,0.12275523645051588
Oakley,,033340012,Residential Low/Medium,P-1,0.0,24.0,0.1392519737275901
Oakley,,033350069,Residential Low/Medium,P-1,0.0,24.0,0.12575616762980962
Oakley,,033350068,Residential Low/Medium,P-1,0.0,24.0,0.12546640881518786
Oakley,,033350070,Residential Low/Medium,P-1,0.0,24.0,0.12158086596131423
Oakley,,033340010,Residential Low/Medium,P-1,0.0,24.0,0.17740619298877439
Oakley,,033340011,Residential Low/Medium,P-1,0.0,24.0,0.1630882833263269
Oakley,,033340016,Residential Low/Medium,P-1,0.0,24.0,0.20548784735056203
Oakley,,033340015,Residential Low/Medium,P-1,0.0,24.0,0.1819626306289345
Oakley,,033340017,Residential Low/Medium,P-1,0.0,24.0,0.2303931868440538
Oakley,,033340018,Residential Low/Medium,P-1,0.0,24.0,0.18783572721172725
Oakley,,033350066,Residential Low/Medium,P-1,0.0,24.0,0.15479293715272663
Oakley,,033350067,Residential Low/Medium,P-1,0.0,24.0,0.1689638254236104
Oakley,,033350065,Residential Low/Medium,P-1,0.0,24.0,0.13614797387353747
Oakley,,033350064,Residential Low/Medium,P-1,0.0,24.0,0.1262918612060276
Oakley,,033350063,Residential Low/Medium,P-1,0.0,24.0,0.12663287862924905
Oakley,,033350062,Residential Low/Medium,P-1,0.0,24.0,0.11900123412720769
Oakley,,033340019,Residential Low/Medium,P-1,0.0,24.0,0.17134366718571162
Oakley,,033340021,Residential Low/Medium,P-1,0.0,24.0,0.2425033501667115
Oakley,,033340023,Residential Low/Medium,P-1,0.0,24.0,0.1520819246293866
Oakley,,033070076,Residential Low/Medium,P-1,0.0,24.0,0.13232363419593415
Oakley,,033070077,Residential Low/Medium,P-1,0.0,24.0,0.13232442901870597
Oakley,,033340022,Residential Low/Medium,P-1,0.0,24.0,0.1529793663737202
Oakley,,033070078,Residential Low/Medium,P-1,0.0,24.0,0.15248677574330735
Oakley,,033070046,Residential Low/Medium,P-1,0.0,24.0,0.15778531200523738
Oakley,,033070080,Residential Low/Medium,P-1,0.0,24.0,0.12626286117995886
Oakley,,033070079,Residential Low/Medium,P-1,0.0,24.0,0.12626246287586176
Oakley,,033340020,Residential Low/Medium,P-1,0.0,24.0,0.14617536561031347
Oakley,,033350061,Residential Low/Medium,P-1,0.0,24.0,0.11662106949238825
Oakley,,033070142,Residential Low/Medium,P-1,0.0,24.0,0.14801993200364286
Oakley,,033070141,Residential Low/Medium,P-1,0.0,24.0,0.14422735991089342
Oakley,,033070081,Residential Low/Medium,P-1,0.0,24.0,0.126260207417796
Oakley,,033070140,Residential Low/Medium,P-1,0.0,24.0,0.15327968139817197
Oakley,,033070083,Residential Low/Medium,P-1,0.0,24.0,0.13888535556740794
Oakley,,033070082,Residential Low/Medium,P-1,0.0,24.0,0.1262604512611583
Oakley,,033070085,Residential Low/Medium,P-1,0.0,24.0,0.13888481830560184
Oakley,,033070084,Residential Low/Medium,P-1,0.0,24.0,0.1388866163008465
Oakley,,033070134,Residential Low/Medium,P-1,0.0,24.0,0.13292757201922684
Oakley,,033070135,Residential Low/Medium,P-1,0.0,24.0,0.1682899192766592
Oakley,,033070136,Residential Low/Medium,P-1,0.0,24.0,0.17409546746482207
Oakley,,033070137,Residential Low/Medium,P-1,0.0,24.0,0.19617639849223265
Oakley,,033070138,Residential Low/Medium,P-1,0.0,24.0,0.18350774551939963
Oakley,,033070122,Residential Low/Medium,P-1,0.0,24.0,0.15439379432202585
Oakley,,033070139,Residential Low/Medium,P-1,0.0,24.0,0.15122486678207828
Oakley,,033070118,Residential Low/Medium,P-1,0.0,24.0,0.1853220248154336
Oakley,,033350060,Residential Low/Medium,P-1,0.0,24.0,0.11467533965119096
Oakley,,033070119,Residential Low/Medium,P-1,0.0,24.0,0.18448064617923096
Oakley,,033070120,Residential Low/Medium,P-1,0.0,24.0,0.18343280454248825
Oakley,,033070121,Residential Low/Medium,P-1,0.0,24.0,0.18754766590562788
Oakley,,033350030,Residential Low/Medium,P-1,0.0,24.0,0.16473292742509152
Oakley,,033350031,Residential Low/Medium,P-1,0.0,24.0,0.1784672200983496
Oakley,,033350032,Residential Low/Medium,P-1,0.0,24.0,0.1484335521861674
Oakley,,033350041,Residential Low/Medium,P-1,0.0,24.0,0.19271804435061746
Oakley,,033350033,Residential Low/Medium,P-1,0.0,24.0,0.138978012434083
Oakley,,033350034,Residential Low/Medium,P-1,0.0,24.0,0.12626351644241188
Oakley,,033350040,Residential Low/Medium,P-1,0.0,24.0,0.171821038547907
Oakley,,033350042,Residential Low/Medium,P-1,0.0,24.0,0.255273477295654
Oakley,,033350044,Residential Low/Medium,P-1,0.0,24.0,0.1910166232494825
Oakley,,033350057,Residential Low/Medium,P-1,0.0,24.0,0.1262675123372054
Oakley,,033350043,Residential Low/Medium,P-1,0.0,24.0,0.17103305137296487
Oakley,,033350059,Residential Low/Medium,P-1,0.0,24.0,0.11882382887919671
Oakley,,033350058,Residential Low/Medium,P-1,0.0,24.0,0.1262658249185276
Oakley,,033350056,Residential Low/Medium,P-1,0.0,24.0,0.12626646281180787
Oakley,,033350055,Residential Low/Medium,P-1,0.0,24.0,0.15388586988618774
Oakley,,033350054,Residential Low/Medium,P-1,0.0,24.0,0.17914711632777636
Oakley,,033350053,Residential Low/Medium,P-1,0.0,24.0,0.12625801520748553
Oakley,,033350052,Residential Low/Medium,P-1,0.0,24.0,0.14829899355120846
Oakley,,033350051,Residential Low/Medium,P-1,0.0,24.0,0.13578159012983868
Oakley,,033350049,Residential Low/Medium,P-1,0.0,24.0,0.15844246353322539
Oakley,,033350050,Residential Low/Medium,P-1,0.0,24.0,0.18375476841064095
Oakley,,033350007,Residential Low/Medium,P-1,0.0,24.0,0.12218258814347441
Oakley,,033350009,Residential Low/Medium,P-1,0.0,24.0,0.18409220228700793
Oakley,,033350010,Residential Low/Medium,P-1,0.0,24.0,0.15456563920406077
Oakley,,033350047,Residential Low/Medium,P-1,0.0,24.0,0.18708518257360157
Oakley,,033350048,Residential Low/Medium,P-1,0.0,24.0,0.13806792052052863
Oakley,,033350045,Residential Low/Medium,P-1,0.0,24.0,0.1433806783537562
Oakley,,033350046,Residential Low/Medium,P-1,0.0,24.0,0.16253808217071464
Oakley,,033350039,Residential Low/Medium,P-1,0.0,24.0,0.12809824572443002
Oakley,,033350038,Residential Low/Medium,P-1,0.0,24.0,0.12342552354969995
Oakley,,033350013,Residential Low/Medium,P-1,0.0,24.0,0.12139862471834902
Oakley,,033350014,Residential Low/Medium,P-1,0.0,24.0,0.12138718159281457
Oakley,,033350015,Residential Low/Medium,P-1,0.0,24.0,0.12137280122742036
Oakley,,033350012,Residential Low/Medium,P-1,0.0,24.0,0.12567284079050334
Oakley,,033350011,Residential Low/Medium,P-1,0.0,24.0,0.1404495321436321
Oakley,,033350016,Residential Low/Medium,P-1,0.0,24.0,0.12135687211591752
Oakley,,033350018,Residential Low/Medium,P-1,0.0,24.0,0.12133242328259831
Oakley,,033350017,Residential Low/Medium,P-1,0.0,24.0,0.12134478087712265
Oakley,,033350036,Residential Low/Medium,P-1,0.0,24.0,0.14324184893926253
Oakley,,033350037,Residential Low/Medium,P-1,0.0,24.0,0.1773535206797246
Oakley,,033350019,Residential Low/Medium,P-1,0.0,24.0,0.12131703219652054
Oakley,,033350020,Residential Low/Medium,P-1,0.0,24.0,0.12130405685709253
Oakley,,033350022,Residential Low/Medium,P-1,0.0,24.0,0.1420100587245859
Oakley,,033350023,Residential Low/Medium,P-1,0.0,24.0,0.15599806319115186
Oakley,,033350021,Residential Low/Medium,P-1,0.0,24.0,0.13190823458105289
Oakley,,033370025,Residential Low/Medium,P-1,0.0,24.0,0.16946827325829508
Oakley,,033370029,Residential Low/Medium,P-1,0.0,24.0,0.14313772471514583
Oakley,,033370030,Residential Low/Medium,P-1,0.0,24.0,0.13894416491494493
Oakley,,033370028,Residential Low/Medium,P-1,0.0,24.0,0.1521488405834564
Oakley,,033370026,Residential Low/Medium,P-1,0.0,24.0,0.1792519102468056
Oakley,,033370027,Residential Low/Medium,P-1,0.0,24.0,0.1605546571737009
Oakley,,033370009,Residential Low/Medium,P-1,0.0,24.0,0.15968913033233134
Oakley,,033370010,Residential Low/Medium,P-1,0.0,24.0,0.1426771679596633
Oakley,,033370011,Residential Low/Medium,P-1,0.0,24.0,0.14267536528834351
Oakley,,033350025,Residential Low/Medium,P-1,0.0,24.0,0.18670893664532476
Oakley,,033370023,Residential Low/Medium,P-1,0.0,24.0,0.12626444868641193
Oakley,,033370024,Residential Low/Medium,P-1,0.0,24.0,0.14923553173551485
Oakley,,033350024,Residential Low/Medium,P-1,0.0,24.0,0.2199234895033104
Oakley,,033350035,Residential Low/Medium,P-1,0.0,24.0,0.1262632548574757
Oakley,,033350027,Residential Low/Medium,P-1,0.0,24.0,0.14234797655476056
Oakley,,033350026,Residential Low/Medium,P-1,0.0,24.0,0.14268100625549127
Oakley,,033350029,Residential Low/Medium,P-1,0.0,24.0,0.2140735914572178
Oakley,,033370018,Residential Low/Medium,P-1,0.0,24.0,0.20171753775084236
Oakley,,033350028,Residential Low/Medium,P-1,0.0,24.0,0.13909375281228367
Oakley,,033370019,Residential Low/Medium,P-1,0.0,24.0,0.13336860978140044
Oakley,,033370020,Residential Low/Medium,P-1,0.0,24.0,0.12789885833689238
Oakley,,033370021,Residential Low/Medium,P-1,0.0,24.0,0.1246368949832492
Oakley,,033370022,Residential Low/Medium,P-1,0.0,24.0,0.126268258896735
Oakley,,033370012,Residential Low/Medium,P-1,0.0,24.0,0.1426774661834713
Oakley,,033370013,Residential Low/Medium,P-1,0.0,24.0,0.14026157769040873
Oakley,,033370037,Residential Low/Medium,P-1,0.0,24.0,0.21694927798691171
Oakley,,033370038,Residential Low/Medium,P-1,0.0,24.0,0.17411024715928214
Oakley,,033370039,Residential Low/Medium,P-1,0.0,24.0,0.18775865298698707
Oakley,,033070123,Residential Low/Medium,P-1,0.0,24.0,0.14559743197834255
Oakley,,033070124,Residential Low/Medium,P-1,0.0,24.0,0.1448581721067213
Oakley,,033070125,Residential Low/Medium,P-1,0.0,24.0,0.15604461108873013
Oakley,,033070126,Residential Low/Medium,P-1,0.0,24.0,0.16439002579788628
Oakley,,033070128,Residential Low/Medium,P-1,0.0,24.0,0.13302896244561543
Oakley,,033070129,Residential Low/Medium,P-1,0.0,24.0,0.11478668592096938
Oakley,,033070127,Residential Low/Medium,P-1,0.0,24.0,0.17477109241592756
Oakley,,033070130,Residential Low/Medium,P-1,0.0,24.0,0.13177979591935637
Oakley,,033370001,Residential Low/Medium,P-1,0.0,24.0,0.1364229557110933
Oakley,,033370002,Residential Low/Medium,P-1,0.0,24.0,0.1344580282072624
Oakley,,033370003,Residential Low/Medium,P-1,0.0,24.0,0.13454023993979047
Oakley,,033370014,Residential Low/Medium,P-1,0.0,24.0,0.1187195957045308
Oakley,,033370004,Residential Low/Medium,P-1,0.0,24.0,0.13461994515008952
Oakley,,033370005,Residential Low/Medium,P-1,0.0,24.0,0.13470414948030116
Oakley,,033370036,Parks and Recreation,P-1,0.0,24.0,2.2
Oakley,,033370006,Residential Low/Medium,P-1,0.0,24.0,0.1347828420075337
Oakley,,033370007,Residential Low/Medium,P-1,0.0,24.0,0.13486321824582936
Oakley,,033370008,Residential Low/Medium,P-1,0.0,24.0,0.15097738186925164
Oakley,,033370034,Parks and Recreation,P-1,0.0,24.0,0.1305472056500071
Oakley,,033370033,Residential Low/Medium,P-1,0.0,24.0,0.13120050616363807
Oakley,,033370032,Residential Low/Medium,P-1,0.0,24.0,0.13378287587074816
Oakley,,033370031,Residential Low/Medium,P-1,0.0,24.0,0.136362559237889
Oakley,,033370035,Parks and Recreation,P-1,0.0,24.0,0.14920926480912813
Oakley,,033140016,Rural Residential,R-40,0.0,1.1,0.95
Oakley,,033130036,Rural Residential,R-40,0.0,1.1,0.92
Oakley,,033130044,Rural Residential,AL,0.0,0.0,0.06
Oakley,,033130040,Rural Residential,AL,0.0,0.0,5.31
Oakley,,033140010,Residential Very Low,R-15,0.0,2.9,11.25
Oakley,,033140022,Residential Very Low,R-15,0.0,2.9,4.62
Oakley,,033140021,Residential Low,P-1,0.0,24.0,5.3
Oakley,,033140021,Residential Low,P-1,0.0,24.0,5.3
Oakley,,033140020,Residential Low,P-1,0.0,24.0,5.31
Oakley,,033140020,Residential Low,P-1,0.0,24.0,5.31
Oakley,,033460052,Residential Low/Medium,R-6,0.0,7.3,0.14804121122783875
Oakley,,033460053,Residential Low/Medium,R-6,0.0,7.3,0.16222659856826704
Oakley,,033150009,Residential Low,R-10,0.0,4.4,1.316
Oakley,,033460054,Residential Low/Medium,R-6,0.0,7.3,0.16220372883698023
Oakley,,033460028,Residential Low/Medium,R-6,0.0,7.3,0.15289108572561289
Oakley,,033460027,Residential Low/Medium,R-6,0.0,7.3,0.15289370489852436
Oakley,,033460022,Residential Low/Medium,R-6,0.0,7.3,0.14443046416678412
Oakley,,033460023,Residential Low/Medium,R-6,0.0,7.3,0.1440085476252723
Oakley,,033460025,Residential Low/Medium,R-6,0.0,7.3,0.1654532892569657
Oakley,,033460026,Residential Low/Medium,R-6,0.0,7.3,0.15289356223862696
Oakley,,033460057,Residential Low/Medium,R-6,0.0,7.3,0.14803898205893404
Oakley,,033460056,Residential Low/Medium,R-6,0.0,7.3,0.14804047798605313
Oakley,,033460055,Residential Low/Medium,R-6,0.0,7.3,0.14803850249887235
Oakley,,033460058,Residential Low/Medium,R-6,0.0,7.3,0.14820582309973196
Oakley,,033460059,Residential Low/Medium,R-6,0.0,7.3,0.15274584141648595
Oakley,,033460060,Residential Low/Medium,R-6,0.0,7.3,0.14400682650916966
Oakley,,033460061,Residential Low/Medium,R-6,0.0,7.3,0.1440091661993553
Oakley,,033460024,Residential Low/Medium,R-6,0.0,7.3,0.15273429476217365
Oakley,,033460010,Residential Low/Medium,R-6,0.0,7.3,0.15273918874637418
Oakley,,033460062,Residential Low/Medium,R-6,0.0,7.3,0.14400661644570484
Oakley,,033460063,Residential Low/Medium,R-6,0.0,7.3,0.1440066213888249
Oakley,,033460064,Residential Low/Medium,R-6,0.0,7.3,0.14400845213324143
Oakley,,033460066,Residential Low/Medium,R-6,0.0,7.3,0.15314030063343412
Oakley,,033460002,Residential Low/Medium,R-6,0.0,7.3,0.14588179507157856
Oakley,,033460003,Residential Low/Medium,R-6,0.0,7.3,0.16521022588965587
Oakley,,033460001,Residential Low/Medium,R-6,0.0,7.3,0.15689105233680983
Oakley,,033460065,Residential Low/Medium,R-6,0.0,7.3,0.1440078546013821
Oakley,,033460008,Residential Low/Medium,R-6,0.0,7.3,0.1440101111638531
Oakley,,033460009,Residential Low/Medium,R-6,0.0,7.3,0.1527389560203846
Oakley,,033460011,Residential Low/Medium,R-6,0.0,7.3,0.1440084521643912
Oakley,,033460012,Residential Low/Medium,R-6,0.0,7.3,0.1474360514443142
Oakley,,033460007,Residential Low/Medium,R-6,0.0,7.3,0.15331412230303823
Oakley,,033460006,Residential Low/Medium,R-6,0.0,7.3,0.15581708813361458
Oakley,,033460004,Residential Low/Medium,R-6,0.0,7.3,0.16254785038015312
Oakley,,033450033,Residential Low/Medium,R-6,0.0,7.3,0.17458333155397882
Oakley,,033450045,Residential Low/Medium,R-6,0.0,7.3,0.039674414219880695
Oakley,,033440042,Residential Low/Medium,R-6,0.0,7.3,0.16100136476491944
Oakley,,033440043,Residential Low/Medium,R-6,0.0,7.3,0.15266297997025866
Oakley,,033440044,Residential Low/Medium,R-6,0.0,7.3,0.1429786680493477
Oakley,,033440036,Residential Low/Medium,R-6,0.0,7.3,0.14718601858657013
Oakley,,033440037,Residential Low/Medium,R-6,0.0,7.3,0.14718715984470238
Oakley,,033440038,Residential Low/Medium,R-6,0.0,7.3,0.14718555251671592
Oakley,,033460038,Residential Low/Medium,R-6,0.0,7.3,0.21274220778651182
Oakley,,033440039,Residential Low/Medium,R-6,0.0,7.3,0.15192292999659507
Oakley,,033440040,Residential Low/Medium,R-6,0.0,7.3,0.2170600828133485
Oakley,,033460016,Residential Low/Medium,R-6,0.0,7.3,0.29260728795718366
Oakley,,033460037,Residential Low/Medium,R-6,0.0,7.3,0.14424060603075362
Oakley,,033460036,Residential Low/Medium,R-6,0.0,7.3,0.14401193067087217
Oakley,,033460035,Residential Low/Medium,R-6,0.0,7.3,0.14400089276905403
Oakley,,033460017,Residential Low/Medium,R-6,0.0,7.3,0.1581651178177872
Oakley,,033460015,Residential Low/Medium,R-6,0.0,7.3,0.20438179231226705
Oakley,,033440041,Residential Low/Medium,R-6,0.0,7.3,0.18179688736554564
Oakley,,033460005,Residential Low/Medium,R-6,0.0,7.3,0.16018829196264045
Oakley,,033460014,Residential Low/Medium,R-6,0.0,7.3,0.17347869813723252
Oakley,,033460013,Residential Low/Medium,R-6,0.0,7.3,0.15580200526038362
Oakley,,033460021,Residential Low/Medium,R-6,0.0,7.3,0.14912569710059734
Oakley,,033460020,Residential Low/Medium,R-6,0.0,7.3,0.16138822848046808
Oakley,,033460029,Residential Low/Medium,R-6,0.0,7.3,0.15289274010546103
Oakley,,033460030,Residential Low/Medium,R-6,0.0,7.3,0.15289270943371605
Oakley,,033460019,Residential Low/Medium,R-6,0.0,7.3,0.17927905224516405
Oakley,,033460018,Residential Low/Medium,R-6,0.0,7.3,0.2281722280787226
Oakley,,033460031,Residential Low/Medium,R-6,0.0,7.3,0.15290153010548382
Oakley,,033460034,Residential Low/Medium,R-6,0.0,7.3,0.1440117471457338
Oakley,,033460033,Residential Low/Medium,R-6,0.0,7.3,0.14400757604552894
Oakley,,033460032,Residential Low/Medium,R-6,0.0,7.3,0.15234117203762856
Oakley,,033460051,Residential Low/Medium,R-6,0.0,7.3,0.14803841725701744
Oakley,,033460050,Residential Low/Medium,R-6,0.0,7.3,0.1480404934982913
Oakley,,033460049,Residential Low/Medium,R-6,0.0,7.3,0.1480403770198469
Oakley,,033460048,Residential Low/Medium,R-6,0.0,7.3,0.14803830182521566
Oakley,,033440021,Residential Low/Medium,R-6,0.0,7.3,0.14805740199213593
Oakley,,033440020,Residential Low/Medium,R-6,0.0,7.3,0.14807224298437321
Oakley,,033460047,Residential Low/Medium,R-6,0.0,7.3,0.152744383496812
Oakley,,033460046,Residential Low/Medium,R-6,0.0,7.3,0.1440181150640424
Oakley,,033460045,Residential Low/Medium,R-6,0.0,7.3,0.14403377164833453
Oakley,,033440024,Residential Low/Medium,R-6,0.0,7.3,0.14399283674425145
Oakley,,033440023,Residential Low/Medium,R-6,0.0,7.3,0.1439926163645825
Oakley,,033440022,Residential Low/Medium,R-6,0.0,7.3,0.15273055286691223
Oakley,,033440017,Residential Low/Medium,R-6,0.0,7.3,0.16047754955760601
Oakley,,033440016,Residential Low/Medium,R-6,0.0,7.3,0.1446206861447729
Oakley,,033410040,Residential Low/Medium,P-1,0.0,24.0,0.1895996631509122
Oakley,,033410039,Residential Low/Medium,P-1,0.0,24.0,0.1033031354831225
Oakley,,033410038,Residential Low/Medium,P-1,0.0,24.0,0.1034979733961755
Oakley,,033410037,Residential Low/Medium,P-1,0.0,24.0,0.11407232603449224
Oakley,,033440014,Residential Low/Medium,R-6,0.0,7.3,0.14461984328815478
Oakley,,033440015,Residential Low/Medium,R-6,0.0,7.3,0.14461952574599027
Oakley,,033410035,Residential Low/Medium,P-1,0.0,24.0,0.10605529257642292
Oakley,,033440013,Residential Low/Medium,R-6,0.0,7.3,0.14461723913499383
Oakley,,033440027,Residential Low/Medium,R-6,0.0,7.3,0.14393248395374145
Oakley,,033440026,Residential Low/Medium,R-6,0.0,7.3,0.14396592559367144
Oakley,,033440025,Residential Low/Medium,R-6,0.0,7.3,0.14399241879843094
Oakley,,033460044,Residential Low/Medium,R-6,0.0,7.3,0.14404776205293487
Oakley,,033460043,Residential Low/Medium,R-6,0.0,7.3,0.14406198431312867
Oakley,,033460041,Residential Low/Medium,R-6,0.0,7.3,0.14406001027732238
Oakley,,033460042,Residential Low/Medium,R-6,0.0,7.3,0.14407588411064767
Oakley,,033440028,Residential Low/Medium,R-6,0.0,7.3,0.14394480941808765
Oakley,,033460040,Residential Low/Medium,R-6,0.0,7.3,0.1768545902228543
Oakley,,033460039,Residential Low/Medium,R-6,0.0,7.3,0.22103468867118028
Oakley,,033440031,Residential Low/Medium,R-6,0.0,7.3,0.16800809046253146
Oakley,,033440030,Residential Low/Medium,R-6,0.0,7.3,0.16151954913527164
Oakley,,033440029,Residential Low/Medium,R-6,0.0,7.3,0.14398877720099137
Oakley,,033440010,Residential Low/Medium,R-6,0.0,7.3,0.14461982550590594
Oakley,,033440009,Residential Low/Medium,R-6,0.0,7.3,0.14461911097790892
Oakley,,033410008,Residential Low/Medium,P-1,0.0,24.0,0.10330653708701397
Oakley,,033410009,Residential Low/Medium,P-1,0.0,24.0,0.1033013151111945
Oakley,,033410010,Residential Low/Medium,P-1,0.0,24.0,0.10330327383377817
Oakley,,033410033,Residential Low/Medium,P-1,0.0,24.0,0.10330589026219918
Oakley,,033410032,Residential Low/Medium,P-1,0.0,24.0,0.10330429991223389
Oakley,,033440011,Residential Low/Medium,R-6,0.0,7.3,0.14461763176126974
Oakley,,033440012,Residential Low/Medium,R-6,0.0,7.3,0.14462050688115355
Oakley,,033410034,Residential Low/Medium,P-1,0.0,24.0,0.10330265328302918
Oakley,,033410036,Residential Low/Medium,P-1,0.0,24.0,0.12381446780638126
Oakley,,033410028,Residential Low/Medium,P-1,0.0,24.0,0.1665266355109666
Oakley,,033410029,Residential Low/Medium,P-1,0.0,24.0,0.1043283528654246
Oakley,,033410027,Residential Low/Medium,P-1,0.0,24.0,0.15895700482936054
Oakley,,033410026,Residential Low/Medium,P-1,0.0,24.0,0.10267896097604906
Oakley,,033410025,Residential Low/Medium,P-1,0.0,24.0,0.10570830435671656
Oakley,,033410024,Residential Low/Medium,P-1,0.0,24.0,0.10944663561192236
Oakley,,033410030,Residential Low/Medium,P-1,0.0,24.0,0.10432880974034928
Oakley,,033410011,Residential Low/Medium,P-1,0.0,24.0,0.1147490335431664
Oakley,,033410031,Residential Low/Medium,P-1,0.0,24.0,0.1043262690923219
Oakley,,033410012,Residential Low/Medium,P-1,0.0,24.0,0.10428886339356853
Oakley,,033410013,Residential Low/Medium,P-1,0.0,24.0,0.10426215607976598
Oakley,,033360019,Residential Low/Medium,P-1,0.0,24.0,0.11990385099891639
Oakley,,033360020,Residential Low/Medium,P-1,0.0,24.0,0.1510787801437157
Oakley,,033360018,Residential Low/Medium,P-1,0.0,24.0,0.12456204329104181
Oakley,,033410054,Residential Low/Medium,P-1,0.0,24.0,0.12253480176316887
Oakley,,033360017,Residential Low/Medium,P-1,0.0,24.0,0.13737569295780533
Oakley,,033360016,Residential Low/Medium,P-1,0.0,24.0,0.12915788475522638
Oakley,,033360014,Residential Low/Medium,P-1,0.0,24.0,0.10725406068522367
Oakley,,033360015,Residential Low/Medium,P-1,0.0,24.0,0.11308069726554225
Oakley,,033360013,Residential Low/Medium,P-1,0.0,24.0,0.10716944581879785
Oakley,,033360024,Residential Low/Medium,P-1,0.0,24.0,0.11132831664851948
Oakley,,033360049,Residential Low/Medium,P-1,0.0,24.0,0.11941742276322306
Oakley,,033410018,Residential Low/Medium,P-1,0.0,24.0,0.10332469469171553
Oakley,,033360048,Residential Low/Medium,P-1,0.0,24.0,0.11148450587238992
Oakley,,033410017,Residential Low/Medium,P-1,0.0,24.0,0.103538960899503
Oakley,,033360023,Residential Low/Medium,P-1,0.0,24.0,0.107102141204872
Oakley,,033360022,Residential Low/Medium,P-1,0.0,24.0,0.11352711268290627
Oakley,,033360021,Residential Low/Medium,P-1,0.0,24.0,0.1351134565422861
Oakley,,033410016,Residential Low/Medium,P-1,0.0,24.0,0.14912744629153063
Oakley,,033410014,Residential Low/Medium,P-1,0.0,24.0,0.1137960508548174
Oakley,,033410015,Residential Low/Medium,P-1,0.0,24.0,0.13943303645417932
Oakley,,033410019,Residential Low/Medium,P-1,0.0,24.0,0.14675777926751693
Oakley,,033410020,Residential Low/Medium,P-1,0.0,24.0,0.14603128381983585
Oakley,,033360047,Residential Low/Medium,P-1,0.0,24.0,0.12115032153539805
Oakley,,033360046,Residential Low/Medium,P-1,0.0,24.0,0.11160662507033894
Oakley,,033410022,Residential Low/Medium,P-1,0.0,24.0,0.1072933725248129
Oakley,,033410021,Residential Low/Medium,P-1,0.0,24.0,0.10242163174888445
Oakley,,033360038,Residential Low/Medium,P-1,0.0,24.0,0.13557592851939326
Oakley,,033360039,Residential Low/Medium,P-1,0.0,24.0,0.12449652819199855
Oakley,,033360036,Residential Low/Medium,P-1,0.0,24.0,0.12210582064079514
Oakley,,033360037,Residential Low/Medium,P-1,0.0,24.0,0.10578077840151225
Oakley,,033410001,Residential Low/Medium,P-1,0.0,24.0,0.10330334509972686
Oakley,,033410002,Residential Low/Medium,P-1,0.0,24.0,0.10330256534896363
Oakley,,033440004,Residential Low/Medium,R-6,0.0,7.3,0.15908215059926092
Oakley,,033440005,Residential Low/Medium,R-6,0.0,7.3,0.15908247724963023
Oakley,,033410003,Residential Low/Medium,P-1,0.0,24.0,0.1033036403470051
Oakley,,033410004,Residential Low/Medium,P-1,0.0,24.0,0.11776385952730033
Oakley,,033410005,Residential Low/Medium,P-1,0.0,24.0,0.10330499508863465
Oakley,,033410007,Residential Low/Medium,P-1,0.0,24.0,0.10330339222847629
Oakley,,033410006,Residential Low/Medium,P-1,0.0,24.0,0.10330527444358385
Oakley,,033440007,Residential Low/Medium,R-6,0.0,7.3,0.14461898463329723
Oakley,,033440008,Residential Low/Medium,R-6,0.0,7.3,0.14461873324046587
Oakley,,033440006,Residential Low/Medium,R-6,0.0,7.3,0.14461717427381482
Oakley,,033440033,Residential Low/Medium,R-6,0.0,7.3,0.16110384296453936
Oakley,,033440032,Residential Low/Medium,R-6,0.0,7.3,0.15741937910976556
Oakley,,033440034,Residential Low/Medium,R-6,0.0,7.3,0.17015979453270494
Oakley,,033440035,Residential Low/Medium,R-6,0.0,7.3,0.19645576916747995
Oakley,,033440049,Residential Low/Medium,R-6,0.0,7.3,0.16149459141159933
Oakley,,033440050,Residential Low/Medium,R-6,0.0,7.3,0.24496254081300864
Oakley,,033440051,Residential Low/Medium,R-6,0.0,7.3,0.15226098536394608
Oakley,,033450014,Residential Low/Medium,R-6,0.0,7.3,0.2576124895863707
Oakley,,033440060,Residential Low/Medium,R-6,0.0,7.3,0.03
Oakley,,033440053,Residential Low/Medium,R-6,0.0,7.3,0.18014917263333977
Oakley,,033440052,Residential Low/Medium,R-6,0.0,7.3,0.14326461964124132
Oakley,,033440003,Residential Low/Medium,R-6,0.0,7.3,0.1590880228170961
Oakley,,033440002,Residential Low/Medium,R-6,0.0,7.3,0.15964842558068373
Oakley,,033360035,Residential Low/Medium,P-1,0.0,24.0,0.13814430286249935
Oakley,,033360034,Residential Low/Medium,P-1,0.0,24.0,0.1377786021672505
Oakley,,033440001,Residential Low/Medium,R-6,0.0,7.3,0.18571238102744483
Oakley,,033440054,Residential Low/Medium,R-6,0.0,7.3,0.30197219286345506
Oakley,,033440055,Residential Low/Medium,R-6,0.0,7.3,0.2560918857955169
Oakley,,033440059,Residential Low/Medium,R-6,0.0,7.3,0.022
Oakley,,033450012,Residential Low/Medium,R-6,0.0,7.3,0.2222339113781254
Oakley,,033450013,Residential Low/Medium,R-6,0.0,7.3,0.20234265272747787
Oakley,,033440058,Residential Low/Medium,R-6,0.0,7.3,0.14401217375071923
Oakley,,033440057,Residential Low/Medium,R-6,0.0,7.3,0.1439826717493233
Oakley,,033440056,Residential Low/Medium,R-6,0.0,7.3,0.16133274193247332
Oakley,,033420035,Residential Low/Medium,P-1,0.0,24.0,0.10383752649584276
Oakley,,033420034,Residential Low/Medium,P-1,0.0,24.0,0.10343668881453719
Oakley,,033420033,Residential Low/Medium,P-1,0.0,24.0,0.10343512160745273
Oakley,,033420032,Residential Low/Medium,P-1,0.0,24.0,0.1051428776002613
Oakley,,033420031,Residential Low/Medium,P-1,0.0,24.0,0.14604782599080504
Oakley,,033420030,Residential Low/Medium,P-1,0.0,24.0,0.22792492823220875
Oakley,,033450010,Residential Low/Medium,R-6,0.0,7.3,0.15759694809216218
Oakley,,033450011,Residential Low/Medium,R-6,0.0,7.3,0.1440514271497411
Oakley,,033450029,Residential Low/Medium,R-6,0.0,7.3,0.1705284875870412
Oakley,,033450009,Residential Low/Medium,R-6,0.0,7.3,0.16985583147362712
Oakley,,033450008,Residential Low/Medium,R-6,0.0,7.3,0.14515875420812388
Oakley,,033450007,Residential Low/Medium,R-6,0.0,7.3,0.14401781317270534
Oakley,,033450006,Residential Low/Medium,R-6,0.0,7.3,0.14401848424910238
Oakley,,033450026,Residential Low/Medium,R-6,0.0,7.3,0.1856086550960206
Oakley,,033450027,Residential Low/Medium,R-6,0.0,7.3,0.16000914541865227
Oakley,,033450028,Residential Low/Medium,R-6,0.0,7.3,0.14401261031492438
Oakley,,033450031,Residential Low/Medium,R-6,0.0,7.3,0.17918692139666667
Oakley,,033450032,Residential Low/Medium,R-6,0.0,7.3,0.20370245157515798
Oakley,,033450030,Residential Low/Medium,R-6,0.0,7.3,0.20172765203408008
Oakley,,033450015,Residential Low/Medium,R-6,0.0,7.3,0.1806622581189404
Oakley,,033450016,Residential Low/Medium,R-6,0.0,7.3,0.14555247889854417
Oakley,,033450017,Residential Low/Medium,R-6,0.0,7.3,0.14400597073175198
Oakley,,033450018,Residential Low/Medium,R-6,0.0,7.3,0.14465431127083414
Oakley,,033440048,Residential Low/Medium,R-6,0.0,7.3,0.14581618259819182
Oakley,,033440047,Residential Low/Medium,R-6,0.0,7.3,0.1429779426165837
Oakley,,033440046,Residential Low/Medium,R-6,0.0,7.3,0.14297830559092267
Oakley,,033440045,Residential Low/Medium,R-6,0.0,7.3,0.14297824491972733
Oakley,,033450019,Residential Low/Medium,R-6,0.0,7.3,0.1286284820103689
Oakley,,033450022,Residential Low/Medium,R-6,0.0,7.3,0.17499247498359474
Oakley,,033450020,Residential Low/Medium,R-6,0.0,7.3,0.22940777173012117
Oakley,,033450021,Residential Low/Medium,R-6,0.0,7.3,0.21173787723545884
Oakley,,033450035,Residential Low/Medium,R-6,0.0,7.3,0.14399854537310947
Oakley,,033450036,Residential Low/Medium,R-6,0.0,7.3,0.1439904063679215
Oakley,,033450023,Residential Low/Medium,R-6,0.0,7.3,0.17185191628605256
Oakley,,033450024,Residential Low/Medium,R-6,0.0,7.3,0.14910261863858895
Oakley,,033450025,Residential Low/Medium,R-6,0.0,7.3,0.16971546874695917
Oakley,,033450038,Residential Low/Medium,R-6,0.0,7.3,0.23970461413391814
Oakley,,033450044,Residential Low/Medium,R-6,0.0,7.3,1.088
Oakley,,033450037,Residential Low/Medium,R-6,0.0,7.3,0.16408790114066188
Oakley,,033450040,Residential Low/Medium,R-6,0.0,7.3,0.14400812584298037
Oakley,,033450039,Residential Low/Medium,R-6,0.0,7.3,0.14319472195777663
Oakley,,033450041,Residential Low/Medium,R-6,0.0,7.3,0.14400907462248222
Oakley,,033450042,Residential Low/Medium,R-6,0.0,7.3,0.14400674491401977
Oakley,,033450034,Residential Low/Medium,R-6,0.0,7.3,0.14479210411489096
Oakley,,033450043,Residential Low/Medium,R-6,0.0,7.3,0.15408433736758653
Oakley,,033140027,Residential Low,P-1,0.0,24.0,0.04
Oakley,,033140027,Residential Low,P-1,0.0,24.0,0.04
Oakley,,033450001,Residential Low/Medium,R-6,0.0,7.3,0.22452545551196765
Oakley,,033450002,Residential Low/Medium,R-6,0.0,7.3,0.22135277315836896
Oakley,,033450003,Residential Low/Medium,R-6,0.0,7.3,0.14937759770716638
Oakley,,033350003,Residential Low/Medium,P-1,0.0,24.0,0.49977941297831613
Oakley,,033350008,Residential Low/Medium,P-1,0.0,24.0,0.22158018457805362
Oakley,,033350004,Residential Low/Medium,P-1,0.0,24.0,0.21514232703545805
Oakley,,033350005,Residential Low/Medium,P-1,0.0,24.0,0.14893223466821306
Oakley,,033350006,Residential Low/Medium,P-1,0.0,24.0,0.11973656284429329
Oakley,,033350002,Residential Low/Medium,P-1,0.0,24.0,0.14173108792045053
Oakley,,033350001,Residential Low/Medium,P-1,0.0,24.0,0.13331661518712767
Oakley,,033340008,Residential Low/Medium,P-1,0.0,24.0,0.1292910739035168
Oakley,,033340009,Residential Low/Medium,P-1,0.0,24.0,0.1511295894394966
Oakley,,033450004,Residential Low/Medium,R-6,0.0,7.3,0.14401889637995377
Oakley,,033450005,Residential Low/Medium,R-6,0.0,7.3,0.14401657204957885
Oakley,,033030030,Residential Low/Medium,R-6,0.0,7.3,4.79
Oakley,,033400013,Residential Low/Medium,P-1,0.0,24.0,1.5274443190215736
Oakley,,033400003,Residential Low/Medium,P-1,0.0,24.0,0.18307083073522912
Oakley,,033400002,Residential Low/Medium,P-1,0.0,24.0,0.18265659858025737
Oakley,,033400001,Residential Low/Medium,P-1,0.0,24.0,0.18203279396655092
Oakley,,033400005,Residential Low/Medium,P-1,0.0,24.0,0.18750972941560415
Oakley,,033400004,Residential Low/Medium,P-1,0.0,24.0,0.1830223922100141
Oakley,,033400007,Residential Low/Medium,P-1,0.0,24.0,0.18978593292856277
Oakley,,033400006,Residential Low/Medium,P-1,0.0,24.0,0.18951045536163852
Oakley,,033400008,Residential Low/Medium,P-1,0.0,24.0,0.2016853271703006
Oakley,,033340007,Residential Low/Medium,P-1,0.0,24.0,0.14763916286228676
Oakley,,033340006,Residential Low/Medium,P-1,0.0,24.0,0.14713449522504973
Oakley,,033340004,Residential Low/Medium,P-1,0.0,24.0,0.15385627683261868
Oakley,,033340005,Residential Low/Medium,P-1,0.0,24.0,0.1428038759623214
Oakley,,033400009,Residential Low/Medium,P-1,0.0,24.0,0.1835118834482158
Oakley,,033400010,Residential Low/Medium,P-1,0.0,24.0,0.18028601874039116
Oakley,,033400012,Residential Low/Medium,P-1,0.0,24.0,0.18832324817145182
Oakley,,033340003,Residential Low/Medium,P-1,0.0,24.0,0.16729735471132282
Oakley,,033060029,Residential Low/Medium,P-1,0.0,24.0,0.13641283258815776
Oakley,,033060030,Residential Low/Medium,P-1,0.0,24.0,0.12884910215797987
Oakley,,033400011,Residential Low/Medium,P-1,0.0,24.0,0.1843085504577464
Oakley,,033060024,Residential Low/Medium,P-1,0.0,24.0,0.12269639673717822
Oakley,,033060025,Residential Low/Medium,P-1,0.0,24.0,0.13656926456635066
Oakley,,033060022,Residential Low/Medium,P-1,0.0,24.0,0.13731655475151663
Oakley,,033470053,Residential Medium,P-1,0.0,24.0,0.08664782615724886
Oakley,,033470054,Residential Medium,P-1,0.0,24.0,0.10648951805295392
Oakley,,033470055,Residential Medium,P-1,0.0,24.0,0.09021520402368756
Oakley,,033030028,Residential Low/Medium,R-6,0.0,7.3,4.99
Oakley,,033060023,Residential Low/Medium,P-1,0.0,24.0,0.11779251806967468
Oakley,,033060012,Residential Low/Medium,P-1,0.0,24.0,0.1304190670563774
Oakley,,033060011,Residential Low/Medium,P-1,0.0,24.0,0.11397679848680123
Oakley,,033060009,Residential Low/Medium,P-1,0.0,24.0,0.16027573457212232
Oakley,,033470061,Residential Medium,P-1,0.0,24.0,0.09476764187897636
Oakley,,033470056,Residential Medium,P-1,0.0,24.0,0.07312593124523475
Oakley,,033470058,Residential Medium,P-1,0.0,24.0,0.08847891569757665
Oakley,,033470057,Residential Medium,P-1,0.0,24.0,0.08273886395405465
Oakley,,033470052,Residential Medium,P-1,0.0,24.0,0.10947937763617374
Oakley,,033470116,Residential Medium,P-1,0.0,24.0,0.15282241216288778
Oakley,,033470049,Residential Medium,P-1,0.0,24.0,0.09191178096448958
Oakley,,033470028,Residential Medium,P-1,0.0,24.0,0.10807011301630658
Oakley,,033470048,Residential Medium,P-1,0.0,24.0,0.0892338652766607
Oakley,,033470029,Residential Medium,P-1,0.0,24.0,0.08985564244138416
Oakley,,033470027,Residential Medium,P-1,0.0,24.0,0.0932936706091307
Oakley,,033470043,Residential Medium,P-1,0.0,24.0,0.08893921664710189
Oakley,,033470117,Residential Medium,P-1,0.0,24.0,0.0589114818466088
Oakley,,033470047,Residential Medium,P-1,0.0,24.0,0.07726962782983354
Oakley,,033470045,Residential Medium,P-1,0.0,24.0,0.08545375247830686
Oakley,,033470046,Residential Medium,P-1,0.0,24.0,0.08577773423427706
Oakley,,033470050,Residential Medium,P-1,0.0,24.0,0.07745263917492021
Oakley,,033470051,Residential Medium,P-1,0.0,24.0,0.08327404936961687
Oakley,,033470039,Residential Medium,P-1,0.0,24.0,0.08813778169903613
Oakley,,033470040,Residential Medium,P-1,0.0,24.0,0.08519238216315289
Oakley,,033470041,Residential Medium,P-1,0.0,24.0,0.07670905310925055
Oakley,,033470044,Residential Medium,P-1,0.0,24.0,0.07695503748011412
Oakley,,033470042,Residential Medium,P-1,0.0,24.0,0.08866990992119515
Oakley,,033470034,Residential Medium,P-1,0.0,24.0,0.08940785278763556
Oakley,,033470033,Residential Medium,P-1,0.0,24.0,0.07676455870402535
Oakley,,033470118,Residential Medium,P-1,0.0,24.0,0.058506420026651226
Oakley,,033470121,Residential Medium,P-1,0.0,24.0,2.692
Oakley,,033470123,Residential Medium,P-1,0.0,24.0,0.05786486567112131
Oakley,,033470037,Residential Medium,P-1,0.0,24.0,0.07952809541873286
Oakley,,033470038,Residential Medium,P-1,0.0,24.0,0.07948093775048777
Oakley,,033030031,Residential Low/Medium,R-6,0.0,7.3,5.24
Oakley,,033030032,Residential Low/Medium,R-6,0.0,7.3,5.615
Oakley,,033420096,Residential Low/Medium,P-1,0.0,24.0,0.153
Oakley,,033420060,Residential Low/Medium,P-1,0.0,24.0,0.1205430438004069
Oakley,,033420059,Residential Low/Medium,P-1,0.0,24.0,0.1431719747663503
Oakley,,033420058,Residential Low/Medium,P-1,0.0,24.0,0.09926770656349795
Oakley,,033420056,Residential Low/Medium,P-1,0.0,24.0,0.12068549853459795
Oakley,,033420057,Residential Low/Medium,P-1,0.0,24.0,0.13435052005207715
Oakley,,033420077,Residential Low/Medium,P-1,0.0,24.0,0.1511481914694201
Oakley,,033420078,Residential Low/Medium,P-1,0.0,24.0,0.12431163023845454
Oakley,,033420050,Residential Low/Medium,P-1,0.0,24.0,0.1242258984811619
Oakley,,033420049,Residential Low/Medium,P-1,0.0,24.0,0.10751105276718975
Oakley,,033420048,Residential Low/Medium,P-1,0.0,24.0,0.10208456638082762
Oakley,,033420007,Residential Low/Medium,P-1,0.0,24.0,0.10188647733968585
Oakley,,033420006,Residential Low/Medium,P-1,0.0,24.0,0.1021612804511733
Oakley,,033420008,Residential Low/Medium,P-1,0.0,24.0,0.11597925962505055
Oakley,,033420094,Residential Low/Medium,P-1,0.0,24.0,0.12291307895602993
Oakley,,033420079,Residential Low/Medium,P-1,0.0,24.0,0.10432173906967629
Oakley,,033420081,Residential Low/Medium,P-1,0.0,24.0,0.10329853758376965
Oakley,,033420080,Residential Low/Medium,P-1,0.0,24.0,0.10330009820679312
Oakley,,033420082,Residential Low/Medium,P-1,0.0,24.0,0.1032993876346091
Oakley,,033420085,Residential Low/Medium,P-1,0.0,24.0,0.12731310614820504
Oakley,,033420084,Residential Low/Medium,P-1,0.0,24.0,0.10329748102307557
Oakley,,033420083,Residential Low/Medium,P-1,0.0,24.0,0.10330139130335499
Oakley,,033420073,Residential Low/Medium,P-1,0.0,24.0,0.10330751718396308
Oakley,,033420072,Residential Low/Medium,P-1,0.0,24.0,0.1033034607165676
Oakley,,033420074,Residential Low/Medium,P-1,0.0,24.0,0.1033044371009545
Oakley,,033420075,Residential Low/Medium,P-1,0.0,24.0,0.10330629068136017
Oakley,,033420076,Residential Low/Medium,P-1,0.0,24.0,0.1031575102359174
Oakley,,033420062,Residential Low/Medium,P-1,0.0,24.0,0.10622577806936374
Oakley,,033420063,Residential Low/Medium,P-1,0.0,24.0,0.11125692150163632
Oakley,,033420064,Residential Low/Medium,P-1,0.0,24.0,0.11484009890117265
Oakley,,033420065,Residential Low/Medium,P-1,0.0,24.0,0.11865978774793579
Oakley,,033420066,Residential Low/Medium,P-1,0.0,24.0,0.11316907903981628
Oakley,,033420067,Residential Low/Medium,P-1,0.0,24.0,0.11082635954683871
Oakley,,033420068,Residential Low/Medium,P-1,0.0,24.0,0.10345064968564233
Oakley,,033420071,Residential Low/Medium,P-1,0.0,24.0,0.12601856143147944
Oakley,,033420070,Residential Low/Medium,P-1,0.0,24.0,0.15368036528290105
Oakley,,033420021,Residential Low/Medium,P-1,0.0,24.0,0.14577069884515415
Oakley,,033420023,Residential Low/Medium,P-1,0.0,24.0,0.10560501961289631
Oakley,,033420069,Residential Low/Medium,P-1,0.0,24.0,0.10330389730618623
Oakley,,033420022,Residential Low/Medium,P-1,0.0,24.0,0.10668056961228672
Oakley,,033420024,Residential Low/Medium,P-1,0.0,24.0,0.12606786020664837
Oakley,,033420025,Residential Low/Medium,P-1,0.0,24.0,0.1485656167834344
Oakley,,033420029,Residential Low/Medium,P-1,0.0,24.0,0.14234413087792847
Oakley,,033420028,Residential Low/Medium,P-1,0.0,24.0,0.10933233774917193
Oakley,,033420026,Residential Low/Medium,P-1,0.0,24.0,0.1171967700285965
Oakley,,033420027,Residential Low/Medium,P-1,0.0,24.0,0.12405432458982356
Oakley,,033420036,Residential Low/Medium,P-1,0.0,24.0,0.11207946442335259
Oakley,,033420019,Residential Low/Medium,P-1,0.0,24.0,0.099813289772348
Oakley,,033420020,Residential Low/Medium,P-1,0.0,24.0,0.16945761042341195
Oakley,,033420086,Residential Low/Medium,P-1,0.0,24.0,0.10806276437432012
Oakley,,033420088,Residential Low/Medium,P-1,0.0,24.0,0.12293030233033127
Oakley,,033420087,Residential Low/Medium,P-1,0.0,24.0,0.11901806693618197
Oakley,,033420016,Residential Low/Medium,P-1,0.0,24.0,0.10936476316532881
Oakley,,033420017,Residential Low/Medium,P-1,0.0,24.0,0.15060072898534255
Oakley,,033420018,Residential Low/Medium,P-1,0.0,24.0,0.10285573787570543
Oakley,,033420037,Residential Low/Medium,P-1,0.0,24.0,0.14594458269419255
Oakley,,033420038,Residential Low/Medium,P-1,0.0,24.0,0.18461842718312635
Oakley,,033420039,Residential Low/Medium,P-1,0.0,24.0,0.13243147144408712
Oakley,,033360033,Residential Low/Medium,P-1,0.0,24.0,0.11742423298035885
Oakley,,033420040,Residential Low/Medium,P-1,0.0,24.0,0.10451305320776863
Oakley,,033420042,Residential Low/Medium,P-1,0.0,24.0,0.10451563978659222
Oakley,,033420041,Residential Low/Medium,P-1,0.0,24.0,0.10451470086109109
Oakley,,033420043,Residential Low/Medium,P-1,0.0,24.0,0.10451492328318877
Oakley,,033420044,Residential Low/Medium,P-1,0.0,24.0,0.10451825426983437
Oakley,,033420013,Residential Low/Medium,P-1,0.0,24.0,0.10309849364062593
Oakley,,033420015,Residential Low/Medium,P-1,0.0,24.0,0.1039793042231557
Oakley,,033420014,Residential Low/Medium,P-1,0.0,24.0,0.10309824918622651
Oakley,,033420089,Residential Low/Medium,P-1,0.0,24.0,0.1138464648456909
Oakley,,033420090,Residential Low/Medium,P-1,0.0,24.0,0.10329970983788977
Oakley,,033420091,Residential Low/Medium,P-1,0.0,24.0,0.10329988217996902
Oakley,,033420092,Residential Low/Medium,P-1,0.0,24.0,0.10329865548573908
Oakley,,033420093,Residential Low/Medium,P-1,0.0,24.0,0.10330062526420757
Oakley,,033420011,Residential Low/Medium,P-1,0.0,24.0,0.10309801279787302
Oakley,,033420012,Residential Low/Medium,P-1,0.0,24.0,0.10309950596772777
Oakley,,033420010,Residential Low/Medium,P-1,0.0,24.0,0.12055943610243458
Oakley,,033420009,Residential Low/Medium,P-1,0.0,24.0,0.12024797606035266
Oakley,,033420005,Residential Low/Medium,P-1,0.0,24.0,0.10215826149086818
Oakley,,033420004,Residential Low/Medium,P-1,0.0,24.0,0.10215883685998205
Oakley,,033420003,Residential Low/Medium,P-1,0.0,24.0,0.102162922196044
Oakley,,033420002,Residential Low/Medium,P-1,0.0,24.0,0.10216166610508565
Oakley,,033420001,Residential Low/Medium,P-1,0.0,24.0,0.1203881494995471
Oakley,,033420046,Residential Low/Medium,P-1,0.0,24.0,0.12737150743256206
Oakley,,033420045,Residential Low/Medium,P-1,0.0,24.0,0.10451900865678934
Oakley,,033360003,Residential Low/Medium,P-1,0.0,24.0,0.11025166513480218
Oakley,,033360004,Residential Low/Medium,P-1,0.0,24.0,0.13751133793487597
Oakley,,033360002,Residential Low/Medium,P-1,0.0,24.0,0.10818989244488597
Oakley,,033360001,Residential Low/Medium,P-1,0.0,24.0,0.11321726503058777
Oakley,,033360029,Residential Low/Medium,P-1,0.0,24.0,0.1138820520029196
Oakley,,033360030,Residential Low/Medium,P-1,0.0,24.0,0.10689463469259049
Oakley,,033360031,Residential Low/Medium,P-1,0.0,24.0,0.10602260593561165
Oakley,,033360032,Residential Low/Medium,P-1,0.0,24.0,0.1040704414454144
Oakley,,033360040,Residential Low/Medium,P-1,0.0,24.0,0.11988346579013696
Oakley,,033360042,Residential Low/Medium,P-1,0.0,24.0,0.11031886180255648
Oakley,,033360041,Residential Low/Medium,P-1,0.0,24.0,0.11181268899578337
Oakley,,033360044,Residential Low/Medium,P-1,0.0,24.0,0.11154278083120976
Oakley,,033360045,Residential Low/Medium,P-1,0.0,24.0,0.11072586838859258
Oakley,,033360027,Residential Low/Medium,P-1,0.0,24.0,0.1318080402751518
Oakley,,033360043,Residential Low/Medium,P-1,0.0,24.0,0.1289677130266595
Oakley,,033360005,Residential Low/Medium,P-1,0.0,24.0,0.15757847525711274
Oakley,,033360006,Residential Low/Medium,P-1,0.0,24.0,0.21941623108025368
Oakley,,033360007,Residential Low/Medium,P-1,0.0,24.0,0.13013266841365298
Oakley,,033360050,Residential Low/Medium,P-1,0.0,24.0,0.1049021945774719
Oakley,,033360025,Residential Low/Medium,P-1,0.0,24.0,0.15471781528964354
Oakley,,033360026,Residential Low/Medium,P-1,0.0,24.0,0.13940510351248497
Oakley,,033360011,Residential Low/Medium,P-1,0.0,24.0,0.13571788000041535
Oakley,,033360012,Residential Low/Medium,P-1,0.0,24.0,0.12219824877055051
Oakley,,033360010,Residential Low/Medium,P-1,0.0,24.0,0.1438227445021786
Oakley,,033360009,Residential Low/Medium,P-1,0.0,24.0,0.12444431517385725
Oakley,,033360008,Residential Low/Medium,P-1,0.0,24.0,0.11605160309676923
Oakley,,033360028,Residential Low/Medium,P-1,0.0,24.0,0.08
Oakley,,033271013,Residential Medium,P-1,0.0,24.0,0.10822586655696119
Oakley,,033271012,Residential Low/Medium,P-1,0.0,24.0,0.12702788452085645
Oakley,,033271011,Residential Medium,P-1,0.0,24.0,0.10328709420558412
Oakley,,033271008,Residential Medium,P-1,0.0,24.0,0.11372119987080276
Oakley,,033271007,Residential Medium,P-1,0.0,24.0,0.09917434896775246
Oakley,,033271009,Residential Medium,P-1,0.0,24.0,0.10328722759990215
Oakley,,033271010,Residential Medium,P-1,0.0,24.0,0.10328817460306147
Oakley,,033271031,Residential Medium,P-1,0.0,24.0,0.1047544007969415
Oakley,,033271030,Residential Medium,P-1,0.0,24.0,0.09607094338255613
Oakley,,033271029,Residential Medium,P-1,0.0,24.0,0.09606935918557555
Oakley,,033271032,Residential Medium,P-1,0.0,24.0,0.10476240088176092
Oakley,,033271033,Residential Medium,P-1,0.0,24.0,0.09608081598400395
Oakley,,033271034,Residential Medium,P-1,0.0,24.0,0.09607890714947821
Oakley,,033271035,Residential Medium,P-1,0.0,24.0,0.0960788873357339
Oakley,,033271036,Residential Medium,P-1,0.0,24.0,0.09607411756529417
Oakley,,033271028,Residential Medium,P-1,0.0,24.0,0.09606959775911751
Oakley,,033271027,Residential Medium,P-1,0.0,24.0,0.09607174699499335
Oakley,,033271014,Residential Medium,P-1,0.0,24.0,0.10018630811324668
Oakley,,033271015,Residential Medium,P-1,0.0,24.0,0.10113576350731138
Oakley,,033271016,Residential Medium,P-1,0.0,24.0,0.10205072285852178
Oakley,,033271017,Residential Medium,P-1,0.0,24.0,0.10303897365826863
Oakley,,033271018,Residential Medium,P-1,0.0,24.0,0.10395214975351094
Oakley,,033271019,Residential Medium,P-1,0.0,24.0,0.10490873786010269
Oakley,,033271020,Residential Medium,P-1,0.0,24.0,0.10643475988115561
Oakley,,033271021,Residential Medium,P-1,0.0,24.0,0.11777221084306061
Oakley,,033271022,Residential Medium,P-1,0.0,24.0,0.13354371786799657
Oakley,,033290001,Residential Medium,P-1,0.0,24.0,0.15232136310816966
Oakley,,033290002,Residential Medium,P-1,0.0,24.0,0.12563941478554252
Oakley,,033271026,Residential Medium,P-1,0.0,24.0,0.09608581071048403
Oakley,,033271025,Residential Medium,P-1,0.0,24.0,0.09608819656818365
Oakley,,033271024,Residential Medium,P-1,0.0,24.0,0.10707644044954578
Oakley,,033271023,Residential Medium,P-1,0.0,24.0,0.10884726888499795
Oakley,,033271037,Residential Medium,P-1,0.0,24.0,0.10678984199998666
Oakley,,033271038,Residential Medium,P-1,0.0,24.0,0.11516404258310628
Oakley,,033271039,Residential Medium,P-1,0.0,24.0,0.12802780705332986
Oakley,,033290035,Residential Medium,P-1,0.0,24.0,0.1227577027669677
Oakley,,033290032,Residential Medium,P-1,0.0,24.0,0.09632523276402505
Oakley,,033290033,Residential Medium,P-1,0.0,24.0,0.09939674873529741
Oakley,,033290034,Residential Medium,P-1,0.0,24.0,0.1071992636522025
Oakley,,033290003,Residential Medium,P-1,0.0,24.0,0.1098382250247994
Oakley,,033290004,Residential Medium,P-1,0.0,24.0,0.1001301487610274
Oakley,,033290005,Residential Medium,P-1,0.0,24.0,0.09919169609163765
Oakley,,033290031,Residential Medium,P-1,0.0,24.0,0.0963272334669058
Oakley,,033290006,Residential Medium,P-1,0.0,24.0,0.09919207777464066
Oakley,,033290007,Residential Medium,P-1,0.0,24.0,0.09918942310428877
Oakley,,033290008,Residential Medium,P-1,0.0,24.0,0.09919076350816723
Oakley,,033290009,Residential Medium,P-1,0.0,24.0,0.09919186087258923
Oakley,,033290028,Residential Medium,P-1,0.0,24.0,0.11531595857286432
Oakley,,033290029,Residential Medium,P-1,0.0,24.0,0.1078413871980782
Oakley,,033290030,Residential Medium,P-1,0.0,24.0,0.0976118570224568
Oakley,,033290038,Residential Medium,P-1,0.0,24.0,0.10997828424949956
Oakley,,033290039,Residential Medium,P-1,0.0,24.0,0.11310608102556798
Oakley,,033290024,Residential Medium,P-1,0.0,24.0,0.09332415331909498
Oakley,,033290023,Residential Medium,P-1,0.0,24.0,0.11333461432345703
Oakley,,033290037,Residential Medium,P-1,0.0,24.0,0.10681648122811307
Oakley,,033290036,Residential Medium,P-1,0.0,24.0,0.1023280915689159
Oakley,,033271043,Residential Medium,P-1,0.0,24.0,0.11073963571879733
Oakley,,033271042,Residential Medium,P-1,0.0,24.0,0.10826829966831343
Oakley,,033271058,Residential Medium,P-1,0.0,24.0,0.11922501718586234
Oakley,,033271041,Residential Medium,P-1,0.0,24.0,0.11646777732623188
Oakley,,033271040,Residential Medium,P-1,0.0,24.0,0.10853426242864872
Oakley,,033271073,Residential Medium,P-1,0.0,24.0,0.6360309855417551
Oakley,,033271059,Residential Medium,P-1,0.0,24.0,0.11009833430822168
Oakley,,033271064,Residential Medium,P-1,0.0,24.0,0.09750968975427099
Oakley,,033271065,Residential Medium,P-1,0.0,24.0,0.09678176633454595
Oakley,,033271066,Residential Medium,P-1,0.0,24.0,0.10444817579615606
Oakley,,033271054,Residential Medium,P-1,0.0,24.0,0.11860142535071026
Oakley,,033271052,Residential Medium,P-1,0.0,24.0,0.09607505641985616
Oakley,,033271051,Residential Medium,P-1,0.0,24.0,0.09607388575333652
Oakley,,033271055,Residential Medium,P-1,0.0,24.0,0.17255618577720025
Oakley,,033271057,Residential Medium,P-1,0.0,24.0,0.10657353297587084
Oakley,,033271056,Residential Medium,P-1,0.0,24.0,0.15051778441896618
Oakley,,033271046,Residential Medium,P-1,0.0,24.0,0.11742339683981079
Oakley,,033271044,Residential Medium,P-1,0.0,24.0,0.10857584628398852
Oakley,,033271045,Residential Medium,P-1,0.0,24.0,0.10568701285388779
Oakley,,033271047,Residential Medium,P-1,0.0,24.0,0.11742409629431377
Oakley,,033271048,Residential Medium,P-1,0.0,24.0,0.11543553602417694
Oakley,,033271049,Residential Medium,P-1,0.0,24.0,0.09607242552927701
Oakley,,033271050,Residential Medium,P-1,0.0,24.0,0.09607427581854668
Oakley,,033271003,Residential Medium,P-1,0.0,24.0,0.10161266941053529
Oakley,,033271004,Residential Medium,P-1,0.0,24.0,0.11620196211523542
Oakley,,033271005,Residential Medium,P-1,0.0,24.0,0.1016275760449248
Oakley,,033271006,Residential Medium,P-1,0.0,24.0,0.11618726623590973
Oakley,,033271001,Residential Medium,P-1,0.0,24.0,0.09888464204846928
Oakley,,033271002,Residential Medium,P-1,0.0,24.0,0.11344829077682264
Oakley,,033420051,Residential Low/Medium,P-1,0.0,24.0,0.11072043539757088
Oakley,,033420052,Residential Low/Medium,P-1,0.0,24.0,0.10216095325479731
Oakley,,033420053,Residential Low/Medium,P-1,0.0,24.0,0.10202104783567964
Oakley,,033420054,Residential Low/Medium,P-1,0.0,24.0,0.09802568404830159
Oakley,,033420055,Residential Low/Medium,P-1,0.0,24.0,0.15356836503566723
Oakley,,033271070,Residential Medium,P-1,0.0,24.0,0.0879571347367187
Oakley,,033271069,Residential Medium,P-1,0.0,24.0,0.10846927610794857
Oakley,,033271053,Residential Medium,P-1,0.0,24.0,0.09607426724865485
Oakley,,033271072,Residential Medium,P-1,0.0,24.0,0.07114072747109
Oakley,,033271068,Residential Medium,P-1,0.0,24.0,0.0938130161759402
Oakley,,033271071,Residential Medium,P-1,0.0,24.0,0.05921070151722076
Oakley,,033271087,Residential Medium,P-1,0.0,24.0,0.09607505310943329
Oakley,,033271088,Residential Medium,P-1,0.0,24.0,0.13698613905072055
Oakley,,033271067,Residential Medium,P-1,0.0,24.0,0.09643336922099471
Oakley,,033271091,Residential Medium,P-1,0.0,24.0,0.09535013617516051
Oakley,,033271090,Residential Medium,P-1,0.0,24.0,0.09626807336802579
Oakley,,033271089,Residential Medium,P-1,0.0,24.0,0.10083673404070483
Oakley,,033271082,Residential Medium,P-1,0.0,24.0,0.10020729640432703
Oakley,,033271081,Residential Medium,P-1,0.0,24.0,0.10020633774774226
Oakley,,033271080,Residential Medium,P-1,0.0,24.0,0.10020605717483091
Oakley,,033271083,Residential Medium,P-1,0.0,24.0,0.109233037550639
Oakley,,033271084,Residential Medium,P-1,0.0,24.0,0.14966153437873284
Oakley,,033271086,Residential Medium,P-1,0.0,24.0,0.12005097798443759
Oakley,,033271085,Residential Medium,P-1,0.0,24.0,0.14686894330051145
Oakley,,033420095,Residential Low/Medium,P-1,0.0,24.0,0.00769282667548784
Oakley,,033030044,Parks and Recreation,PR,0.0,0.0,9.721
Oakley,,033260008,Rural Residential,R-40,0.0,1.1,1.1662402088270478
Oakley,,033260007,Rural Residential,R-40,0.0,1.1,1.108982204857713
Oakley,,033271079,Residential Medium,P-1,0.0,24.0,0.10020639663978924
Oakley,,033271077,Residential Medium,P-1,0.0,24.0,0.10020541514410418
Oakley,,033271078,Residential Medium,P-1,0.0,24.0,0.11134100074232135
Oakley,,033271092,Residential Medium,P-1,0.0,24.0,0.0960690905221808
Oakley,,033271093,Residential Medium,P-1,0.0,24.0,0.096069443085909
Oakley,,033271094,Residential Medium,P-1,0.0,24.0,0.09606739843765104
Oakley,,033271095,Residential Medium,P-1,0.0,24.0,0.09606708515660395
Oakley,,033271076,Residential Medium,P-1,0.0,24.0,0.10020605391241733
Oakley,,033271075,Residential Medium,P-1,0.0,24.0,0.10020875203940179
Oakley,,033271074,Residential Medium,P-1,0.0,24.0,0.10020583529202798
Oakley,,033280016,Residential Medium,P-1,0.0,24.0,0.10020541844876515
Oakley,,033280017,Residential Medium,P-1,0.0,24.0,0.10020761638100133
Oakley,,033280015,Residential Medium,P-1,0.0,24.0,0.10020837386991432
Oakley,,033280014,Residential Medium,P-1,0.0,24.0,0.10066629818362015
Oakley,,033280013,Residential Medium,P-1,0.0,24.0,0.10427228304870563
Oakley,,033280012,Residential Medium,P-1,0.0,24.0,0.1119666606911164
Oakley,,033280011,Residential Medium,P-1,0.0,24.0,0.13388491916240605
Oakley,,033280009,Residential Medium,P-1,0.0,24.0,0.17056318607444576
Oakley,,033280010,Residential Medium,P-1,0.0,24.0,0.1501242065866398
Oakley,,033280024,Residential Medium,P-1,0.0,24.0,0.1723370389876837
Oakley,,033280067,Residential Medium,P-1,0.0,24.0,0.1417630019410779
Oakley,,033280022,Residential Medium,P-1,0.0,24.0,0.14506783215467006
Oakley,,033280023,Residential Medium,P-1,0.0,24.0,0.1275353797937796
Oakley,,033280025,Residential Medium,P-1,0.0,24.0,0.134034251988689
Oakley,,033280028,Residential Medium,P-1,0.0,24.0,0.13563609642011254
Oakley,,033280064,Residential Medium,P-1,0.0,24.0,0.10141113883361133
Oakley,,033280065,Residential Medium,P-1,0.0,24.0,0.10199441150465562
Oakley,,033280066,Residential Medium,P-1,0.0,24.0,0.1269700585325077
Oakley,,033280068,Residential Medium,P-1,0.0,24.0,0.14971334091406974
Oakley,,033280020,Residential Medium,P-1,0.0,24.0,0.11049487782315026
Oakley,,033280021,Residential Medium,P-1,0.0,24.0,0.13939263358921353
Oakley,,033280019,Residential Medium,P-1,0.0,24.0,0.09606920118734388
Oakley,,033280018,Residential Medium,P-1,0.0,24.0,0.09606897967766831
Oakley,,033271096,Residential Medium,P-1,0.0,24.0,0.0967846329107218
Oakley,,033280069,Residential Medium,P-1,0.0,24.0,0.11885979159511442
Oakley,,033271060,Residential Medium,P-1,0.0,24.0,0.09948502308683295
Oakley,,033271061,Residential Medium,P-1,0.0,24.0,0.09950974653710501
Oakley,,033271062,Residential Medium,P-1,0.0,24.0,0.09751088980783719
Oakley,,033271063,Residential Medium,P-1,0.0,24.0,0.09751133349354729
Oakley,,033290019,Residential Medium,P-1,0.0,24.0,0.11292435507538111
Oakley,,033290020,Residential Medium,P-1,0.0,24.0,0.09922670167995848
Oakley,,033290021,Residential Medium,P-1,0.0,24.0,0.09840929161421828
Oakley,,033290022,Residential Medium,P-1,0.0,24.0,0.09630744979838372
Oakley,,033290018,Residential Medium,P-1,0.0,24.0,0.12853488095841595
Oakley,,033280071,Residential Medium,P-1,0.0,24.0,0.11932368714693475
Oakley,,033280070,Residential Medium,P-1,0.0,24.0,0.11744891806485307
Oakley,,033280072,Residential Medium,P-1,0.0,24.0,0.10041402036474391
Oakley,,033280063,Residential Medium,P-1,0.0,24.0,0.1014131351292876
Oakley,,033280073,Residential Medium,P-1,0.0,24.0,0.09327903797404663
Oakley,,033280074,Residential Medium,P-1,0.0,24.0,0.09269346755975978
Oakley,,033280075,Residential Medium,P-1,0.0,24.0,0.09406676085727747
Oakley,,033290015,Residential Medium,P-1,0.0,24.0,0.09742787560943325
Oakley,,033290016,Residential Medium,P-1,0.0,24.0,0.09737696220967965
Oakley,,033290017,Residential Medium,P-1,0.0,24.0,0.10230551367424091
Oakley,,033290025,Residential Medium,P-1,0.0,24.0,0.1073146574476958
Oakley,,033290026,Residential Medium,P-1,0.0,24.0,0.10141129363727017
Oakley,,033290014,Residential Medium,P-1,0.0,24.0,0.10068591351326768
Oakley,,033290013,Residential Medium,P-1,0.0,24.0,0.1098073742459146
Oakley,,033290041,Residential Medium,P-1,0.0,24.0,3.520942251366006
Oakley,,033290027,Residential Medium,P-1,0.0,24.0,0.13172975057197922
Oakley,,033290010,Residential Medium,P-1,0.0,24.0,0.09919289989872217
Oakley,,033290011,Residential Medium,P-1,0.0,24.0,0.09858820055732122
Oakley,,033290012,Residential Medium,P-1,0.0,24.0,0.12196467526350227
Oakley,,033290040,Residential Medium,P-1,0.0,24.0,0.54
Oakley,,033280077,Residential Medium,P-1,0.0,24.0,0.11339098899027568
Oakley,,033280076,Residential Medium,P-1,0.0,24.0,0.0984681399010627
Oakley,,033280061,Residential Medium,P-1,0.0,24.0,0.137912593742011
Oakley,,033280062,Residential Medium,P-1,0.0,24.0,0.1014109432254835
Oakley,,033280060,Residential Medium,P-1,0.0,24.0,0.11524991246111722
Oakley,,033280079,Residential Medium,P-1,0.0,24.0,0.10422402380571719
Oakley,,033280078,Residential Medium,P-1,0.0,24.0,0.1532096866822832
Oakley,,033280081,Residential Medium,P-1,0.0,24.0,0.11021031547313646
Oakley,,033280080,Residential Medium,P-1,0.0,24.0,0.10024063986273436
Oakley,,033280082,Residential Medium,P-1,0.0,24.0,0.12759558925114056
Oakley,,033280083,Residential Medium,P-1,0.0,24.0,0.1491219089589644
Oakley,,033390024,Residential Low,P-1,0.0,24.0,0.294033146700348
Oakley,,033280084,Residential Medium,P-1,0.0,24.0,0.0973084023598658
Oakley,,033280057,Residential Medium,P-1,0.0,24.0,0.11068594497941196
Oakley,,033280056,Residential Medium,P-1,0.0,24.0,0.09915077733043767
Oakley,,033280055,Residential Medium,P-1,0.0,24.0,0.10929556983760559
Oakley,,033280031,Residential Medium,P-1,0.0,24.0,0.13636019984750675
Oakley,,033280058,Residential Medium,P-1,0.0,24.0,0.11416620988381146
Oakley,,033280059,Residential Medium,P-1,0.0,24.0,0.10914346662122337
Oakley,,033280030,Residential Medium,P-1,0.0,24.0,0.13810767125941478
Oakley,,033280029,Residential Medium,P-1,0.0,24.0,0.11609613488928867
Oakley,,033280027,Residential Medium,P-1,0.0,24.0,0.14080067220158513
Oakley,,033280026,Residential Medium,P-1,0.0,24.0,0.12812008365960895
Oakley,,033280033,Residential Medium,P-1,0.0,24.0,0.10278996439811362
Oakley,,033280032,Residential Medium,P-1,0.0,24.0,0.1307145131883883
Oakley,,033280054,Residential Medium,P-1,0.0,24.0,0.10818879140728133
Oakley,,033280053,Residential Medium,P-1,0.0,24.0,0.10850016461727112
Oakley,,033280035,Residential Medium,P-1,0.0,24.0,0.11939472526781802
Oakley,,033280034,Residential Medium,P-1,0.0,24.0,0.10278634463735785
Oakley,,033280052,Residential Medium,P-1,0.0,24.0,0.10171363663323435
Oakley,,033280102,Residential Medium,P-1,0.0,24.0,0.593950516107582
Oakley,,033280091,Residential Medium,P-1,0.0,24.0,0.11018454445457233
Oakley,,033280092,Residential Medium,P-1,0.0,24.0,0.0996310760039747
Oakley,,033280093,Residential Medium,P-1,0.0,24.0,0.09784536838955339
Oakley,,033390028,Residential Low,P-1,0.0,24.0,0.22791845437694225
Oakley,,033390026,Residential Low,P-1,0.0,24.0,0.1313286938887025
Oakley,,033390025,Residential Low,P-1,0.0,24.0,0.20425928582539604
Oakley,,033280088,Residential Medium,P-1,0.0,24.0,0.1075714554825012
Oakley,,033280089,Residential Medium,P-1,0.0,24.0,0.12009150940144082
Oakley,,033280090,Residential Medium,P-1,0.0,24.0,0.12115760335273452
Oakley,,033280085,Residential Medium,P-1,0.0,24.0,0.09628098726730147
Oakley,,033280086,Residential Medium,P-1,0.0,24.0,0.09629281127323411
Oakley,,033280087,Residential Medium,P-1,0.0,24.0,0.09924016812873973
Oakley,,033390023,Residential Low,P-1,0.0,24.0,0.1407733412826655
Oakley,,033390022,Residential Low,P-1,0.0,24.0,0.12774809558357106
Oakley,,033390021,Residential Low,P-1,0.0,24.0,0.12507423629321973
Oakley,,033390019,Residential Low,P-1,0.0,24.0,0.12508888745536625
Oakley,,033390020,Residential Low,P-1,0.0,24.0,0.12508010640000317
Oakley,,033390027,Residential Low,P-1,0.0,24.0,0.14785555752378463
Oakley,,033390016,Residential Low,P-1,0.0,24.0,0.12511016800097258
Oakley,,033390017,Residential Low,P-1,0.0,24.0,0.12510442218161252
Oakley,,033390018,Residential Low,P-1,0.0,24.0,0.12509686600931008
Oakley,,033390015,Residential Low,P-1,0.0,24.0,0.12511641171507748
Oakley,,033390012,Residential Low,P-1,0.0,24.0,0.12514203867276338
Oakley,,033390013,Residential Low,P-1,0.0,24.0,0.12513491128731094
Oakley,,033390014,Residential Low,P-1,0.0,24.0,0.1251280738909677
Oakley,,033390042,Residential Low,P-1,0.0,24.0,0.14234991153616403
Oakley,,033390041,Residential Low,P-1,0.0,24.0,0.13223500244732989
Oakley,,033390040,Residential Low,P-1,0.0,24.0,0.17036320370641042
Oakley,,033390039,Residential Low,P-1,0.0,24.0,0.1718099199227227
Oakley,,033390038,Residential Low,P-1,0.0,24.0,0.12202066987117463
Oakley,,033390037,Residential Low,P-1,0.0,24.0,0.14465982401399952
Oakley,,033390035,Residential Low,P-1,0.0,24.0,0.22041073332693936
Oakley,,033390036,Residential Low,P-1,0.0,24.0,0.1731920156687717
Oakley,,033390053,Residential Low,P-1,0.0,24.0,0.5624013684592484
Oakley,,033390034,Residential Low,P-1,0.0,24.0,0.1210538600588396
Oakley,,033390033,Residential Low,P-1,0.0,24.0,0.11982641929408834
Oakley,,033280099,Residential Medium,P-1,0.0,24.0,0.0962834114265232
Oakley,,033280106,Residential Medium,P-1,0.0,24.0,0.16209290558871262
Oakley,,033280046,Residential Medium,P-1,0.0,24.0,0.09607568163356736
Oakley,,033280097,Residential Medium,P-1,0.0,24.0,0.09628101885393532
Oakley,,033280098,Residential Medium,P-1,0.0,24.0,0.09628016930875838
Oakley,,033390032,Residential Low,P-1,0.0,24.0,0.1197691857129267
Oakley,,033390031,Residential Low,P-1,0.0,24.0,0.11970732621273811
Oakley,,033280096,Residential Medium,P-1,0.0,24.0,0.09628217616688055
Oakley,,033280095,Residential Medium,P-1,0.0,24.0,0.09628075938456183
Oakley,,033390030,Residential Low,P-1,0.0,24.0,0.1219019846794062
Oakley,,033280094,Residential Medium,P-1,0.0,24.0,0.09478960187200179
Oakley,,033390029,Residential Low,P-1,0.0,24.0,0.14747005589822085
Oakley,,033280051,Residential Medium,P-1,0.0,24.0,0.09607316642068502
Oakley,,033280050,Residential Medium,P-1,0.0,24.0,0.09607406831794238
Oakley,,033280049,Residential Medium,P-1,0.0,24.0,0.0959967877290367
Oakley,,033280048,Residential Medium,P-1,0.0,24.0,0.09615563351105472
Oakley,,033280047,Residential Medium,P-1,0.0,24.0,0.09607342985321365
Oakley,,033280039,Residential Medium,P-1,0.0,24.0,0.09614617235753428
Oakley,,033280038,Residential Medium,P-1,0.0,24.0,0.09598607518552187
Oakley,,033280036,Residential Medium,P-1,0.0,24.0,0.09606677855429288
Oakley,,033280037,Residential Medium,P-1,0.0,24.0,0.09606330009287752
Oakley,,033280007,Residential Medium,P-1,0.0,24.0,0.12107185082074765
Oakley,,033280006,Residential Medium,P-1,0.0,24.0,0.134454789051443
Oakley,,033280005,Residential Medium,P-1,0.0,24.0,0.12435764433228949
Oakley,,033280004,Residential Medium,P-1,0.0,24.0,0.115416964581324
Oakley,,033280040,Residential Medium,P-1,0.0,24.0,0.09606560221515865
Oakley,,033280041,Residential Medium,P-1,0.0,24.0,0.09606490715369415
Oakley,,033280042,Residential Medium,P-1,0.0,24.0,0.0960652005008234
Oakley,,033280003,Residential Medium,P-1,0.0,24.0,0.10536312114788486
Oakley,,033280002,Residential Medium,P-1,0.0,24.0,0.1067177948411355
Oakley,,033280001,Residential Medium,P-1,0.0,24.0,0.14794121825139714
Oakley,,033280043,Residential Medium,P-1,0.0,24.0,0.10227381420242933
Oakley,,033280045,Residential Medium,P-1,0.0,24.0,0.09607303531666431
Oakley,,033280044,Residential Medium,P-1,0.0,24.0,0.10227604477779595
Oakley,,033280103,Residential Medium,P-1,0.0,24.0,2.440293122177131
Oakley,,033280107,Residential Medium,P-1,0.0,24.0,0.1103896885763392
Oakley,,033320008,Residential Low,P-1,0.0,24.0,0.21828214808126475
Oakley,,033320009,Residential Low,P-1,0.0,24.0,0.21038267866307836
Oakley,,033320010,Residential Low,P-1,0.0,24.0,0.2132163375810002
Oakley,,033320011,Residential Low,P-1,0.0,24.0,0.2022175757433041
Oakley,,033320025,Residential Low,P-1,0.0,24.0,0.1628961147169485
Oakley,,033320024,Residential Low,P-1,0.0,24.0,0.16215323694830366
Oakley,,033320026,Residential Low,P-1,0.0,24.0,0.20218055177780905
Oakley,,033320027,Residential Low,P-1,0.0,24.0,0.18675912197299094
Oakley,,033320031,Residential Low,P-1,0.0,24.0,0.21051962675237887
Oakley,,033320007,Residential Low,P-1,0.0,24.0,0.20700766505884954
Oakley,,033320030,Residential Low,P-1,0.0,24.0,0.19788478691914935
Oakley,,033320032,Residential Low,P-1,0.0,24.0,0.25483242156917285
Oakley,,033320004,Residential Low,P-1,0.0,24.0,0.3208131532458166
Oakley,,033320005,Residential Low,P-1,0.0,24.0,0.23501857611471005
Oakley,,033320006,Residential Low,P-1,0.0,24.0,0.2095724883810597
Oakley,,033320003,Residential Low,P-1,0.0,24.0,0.27428768136015286
Oakley,,033280008,Residential Medium,P-1,0.0,24.0,0.15413947195935881
Oakley,,033320002,Residential Low,P-1,0.0,24.0,0.2436485659930517
Oakley,,033320001,Residential Low,P-1,0.0,24.0,0.34437837652384046
Oakley,,033260006,Rural Residential,R-40,0.0,1.1,1.0796323434301303
Oakley,,033260001,Rural Residential,R-40,0.0,1.1,1.1041278087798094
Oakley,,033260002,Rural Residential,R-40,0.0,1.1,0.9414832760195087
Oakley,,033260005,Rural Residential,R-40,0.0,1.1,1.0636177483232765
Oakley,,033260004,Rural Residential,R-40,0.0,1.1,0.9447991822007108
Oakley,,033301003,Residential Low/Medium,P-1,0.0,24.0,0.33459967063626084
Oakley,,033301002,Residential Low/Medium,P-1,0.0,24.0,0.3325581677869764
Oakley,,033301001,Residential Low/Medium,P-1,0.0,24.0,0.3683449036072523
Oakley,,033260003,Rural Residential,R-40,0.0,1.1,0.9941554497366203
Oakley,,033250001,Rural Residential,R-40,0.0,1.1,0.9589890297452744
Oakley,,033302025,Residential Low/Medium,P-1,0.0,24.0,0.2980973943255843
Oakley,,033302027,Residential Low/Medium,P-1,0.0,24.0,0.7934429887543646
Oakley,,033302026,Residential Low/Medium,P-1,0.0,24.0,1.0082668970500959
Oakley,,033250003,Rural Residential,R-40,0.0,1.1,0.9396775173124116
Oakley,,703325001,Rural Residential,R-40,0.0,1.1,0.9396775173124116
Oakley,,033250002,Rural Residential,R-40,0.0,1.1,0.9368769837673437
Oakley,,703325002,Rural Residential,R-40,0.0,1.1,0.9368769837673437
Oakley,,033250009,Rural Residential,R-40,0.0,1.1,0.978136146545393
Oakley,,033250008,Rural Residential,R-40,0.0,1.1,0.9424756945427315
Oakley,,033250007,Rural Residential,R-40,0.0,1.1,0.966046356005904
Oakley,,033320020,Residential Low,P-1,0.0,24.0,0.35113071972107196
Oakley,,033320029,Residential Low,P-1,0.0,24.0,0.3185068316731586
Oakley,,033320021,Residential Low,P-1,0.0,24.0,0.22739436512256905
Oakley,,033320023,Residential Low,P-1,0.0,24.0,0.18245940568961969
Oakley,,033320028,Residential Low,P-1,0.0,24.0,0.2701157204428348
Oakley,,033320022,Residential Low,P-1,0.0,24.0,0.26662069253585996
Oakley,,033320019,Residential Low,P-1,0.0,24.0,0.30200910912019213
Oakley,,033250006,Rural Residential,R-40,0.0,1.1,1.0350289676507827
Oakley,,035240007,Rural Residential,R-40,0.0,1.1,0.32
Oakley,,035240030,Commercial,C,0.0,0.0,0.7892449257160826
Oakley,,033250005,Rural Residential,R-40,0.0,1.1,1.0687118720298185
Oakley,,033250004,Rural Residential,R-40,0.0,1.1,0.9988657017317375
Oakley,,034270037,Residential Low/Medium,P-1,0.0,24.0,1.35
Oakley,,034270052,Residential Low/Medium,P-1,0.0,24.0,0.30692292526120196
Oakley,,034270051,Residential Low/Medium,P-1,0.0,24.0,0.22084742332440352
Oakley,,034270050,Residential Low/Medium,P-1,0.0,24.0,0.18646268465158203
Oakley,,034270049,Residential Low/Medium,P-1,0.0,24.0,0.18646701576735314
Oakley,,034270056,Residential Low/Medium,P-1,0.0,24.0,0.13484685747125394
Oakley,,034270008,Residential Low/Medium,P-1,0.0,24.0,0.14772749784192837
Oakley,,034270007,Residential Low/Medium,P-1,0.0,24.0,0.1659674593795982
Oakley,,034270038,Residential Low/Medium,P-1,0.0,24.0,0.11486182921159963
Oakley,,034270041,Residential Low/Medium,P-1,0.0,24.0,0.11389410208577708
Oakley,,034270039,Residential Low/Medium,P-1,0.0,24.0,0.13303784018546616
Oakley,,034270040,Residential Low/Medium,P-1,0.0,24.0,0.13254833197494442
Oakley,,034280062,Residential Low/Medium,P-1,0.0,24.0,0.13231715949116518
Oakley,,034280063,Residential Low/Medium,P-1,0.0,24.0,0.11601453704087043
Oakley,,034280001,Residential Low/Medium,P-1,0.0,24.0,0.12626240425127458
Oakley,,034270014,Residential Low/Medium,P-1,0.0,24.0,0.12626162844488995
Oakley,,034270015,Residential Low/Medium,P-1,0.0,24.0,0.12626125830159676
Oakley,,034270013,Residential Low/Medium,P-1,0.0,24.0,0.13779824224281076
Oakley,,033302006,Residential Low/Medium,P-1,0.0,24.0,0.22729181752551755
Oakley,,033302005,Residential Low/Medium,P-1,0.0,24.0,0.3078757453328004
Oakley,,033302008,Residential Low/Medium,P-1,0.0,24.0,0.15408657096497297
Oakley,,033302007,Residential Low/Medium,P-1,0.0,24.0,0.18136629418533806
Oakley,,033302004,Residential Low/Medium,P-1,0.0,24.0,0.17037540921733657
Oakley,,033302003,Residential Low/Medium,P-1,0.0,24.0,0.1694892949478278
Oakley,,033303005,Residential Low/Medium,P-1,0.0,24.0,0.20458224963458316
Oakley,,033303007,Residential Low/Medium,P-1,0.0,24.0,0.1387710231401373
Oakley,,033303006,Residential Low/Medium,P-1,0.0,24.0,0.15107584626606896
Oakley,,033316011,Residential Low/Medium,P-1,0.0,24.0,0.17440534466594554
Oakley,,033302001,Residential Low/Medium,P-1,0.0,24.0,0.17017618738249568
Oakley,,033302002,Residential Low/Medium,P-1,0.0,24.0,0.1695200382809917
Oakley,,034280002,Residential Low/Medium,P-1,0.0,24.0,0.12626311496252735
Oakley,,034280003,Residential Low/Medium,P-1,0.0,24.0,0.12626239749341625
Oakley,,034280004,Residential Low/Medium,P-1,0.0,24.0,0.12626388789689408
Oakley,,033316008,Residential Low/Medium,P-1,0.0,24.0,0.19495432757928904
Oakley,,033316009,Residential Low/Medium,P-1,0.0,24.0,0.19209659905778131
Oakley,,033316010,Residential Low/Medium,P-1,0.0,24.0,0.18265392863887772
Oakley,,033313023,Residential Low/Medium,P-1,0.0,24.0,0.16722406729312783
Oakley,,033313024,Residential Low/Medium,P-1,0.0,24.0,0.15507115708793978
Oakley,,033313025,Residential Low/Medium,P-1,0.0,24.0,0.1584003811081748
Oakley,,033316007,Residential Low/Medium,P-1,0.0,24.0,0.20359008304076895
Oakley,,033316006,Residential Low/Medium,P-1,0.0,24.0,0.270972248366391
Oakley,,033316005,Residential Low/Medium,P-1,0.0,24.0,0.15279184156403855
Oakley,,033316004,Residential Low/Medium,P-1,0.0,24.0,0.14573620621401154
Oakley,,033316003,Residential Low/Medium,P-1,0.0,24.0,0.15236820791778227
Oakley,,033330010,Residential Low/Medium,P-1,0.0,24.0,0.13936192822697727
Oakley,,033330011,Residential Low/Medium,P-1,0.0,24.0,0.1392646571300941
Oakley,,033330012,Residential Low/Medium,P-1,0.0,24.0,0.138384256231361
Oakley,,033330013,Residential Low/Medium,P-1,0.0,24.0,0.1428568727819452
Oakley,,033316002,Residential Low/Medium,P-1,0.0,24.0,0.15249972962905584
Oakley,,033316001,Residential Low/Medium,P-1,0.0,24.0,0.1531556748349626
Oakley,,033313007,Residential Low/Medium,P-1,0.0,24.0,0.15068435493463933
Oakley,,033313006,Residential Low/Medium,P-1,0.0,24.0,0.14962147199162032
Oakley,,033313005,Residential Low/Medium,P-1,0.0,24.0,0.14612407571383135
Oakley,,033313022,Residential Low/Medium,P-1,0.0,24.0,0.1379071991036289
Oakley,,033313021,Residential Low/Medium,P-1,0.0,24.0,0.13823180653685913
Oakley,,033313020,Residential Low/Medium,P-1,0.0,24.0,0.13855094206326163
Oakley,,033313019,Residential Low/Medium,P-1,0.0,24.0,0.13887552928039962
Oakley,,033313008,Residential Low/Medium,P-1,0.0,24.0,0.14572992784300332
Oakley,,033313017,Residential Low/Medium,P-1,0.0,24.0,0.14680154018145125
Oakley,,033313018,Residential Low/Medium,P-1,0.0,24.0,0.13919910722523693
Oakley,,033302017,Residential Low/Medium,P-1,0.0,24.0,0.13579685655864748
Oakley,,033303011,Residential Low/Medium,P-1,0.0,24.0,0.21225428874499824
Oakley,,033303010,Residential Low/Medium,P-1,0.0,24.0,0.1964613983924017
Oakley,,033303009,Residential Low/Medium,P-1,0.0,24.0,0.1742853548479729
Oakley,,033303008,Residential Low/Medium,P-1,0.0,24.0,0.15301934312839507
Oakley,,033303003,Residential Low/Medium,P-1,0.0,24.0,0.16528163147063887
Oakley,,033303004,Residential Low/Medium,P-1,0.0,24.0,0.16324705387655158
Oakley,,033303002,Residential Low/Medium,P-1,0.0,24.0,0.16527974436629544
Oakley,,033303001,Residential Low/Medium,P-1,0.0,24.0,0.18373214992862966
Oakley,,033302010,Residential Low/Medium,P-1,0.0,24.0,0.13734407316624472
Oakley,,033302009,Residential Low/Medium,P-1,0.0,24.0,0.13734283134253736
Oakley,,033302012,Residential Low/Medium,P-1,0.0,24.0,0.15096948646025957
Oakley,,033302011,Residential Low/Medium,P-1,0.0,24.0,0.1396441636046913
Oakley,,033302024,Residential Low/Medium,P-1,0.0,24.0,0.13366033145979153
Oakley,,033302023,Residential Low/Medium,P-1,0.0,24.0,0.16105447283520258
Oakley,,033302022,Residential Low/Medium,P-1,0.0,24.0,0.14135936972694924
Oakley,,033302021,Residential Low/Medium,P-1,0.0,24.0,0.15344243215314152
Oakley,,033302013,Residential Low/Medium,P-1,0.0,24.0,0.1446239430867311
Oakley,,033302014,Residential Low/Medium,P-1,0.0,24.0,0.14462706610218581
Oakley,,033302015,Residential Low/Medium,P-1,0.0,24.0,0.14462367533939988
Oakley,,033302020,Residential Low/Medium,P-1,0.0,24.0,0.16552182886681088
Oakley,,033302016,Residential Low/Medium,P-1,0.0,24.0,0.17431986817555076
Oakley,,033302018,Residential Low/Medium,P-1,0.0,24.0,0.1530631359732956
Oakley,,033302019,Residential Low/Medium,P-1,0.0,24.0,0.18760539071807053
Oakley,,033301013,Residential Low/Medium,P-1,0.0,24.0,0.14524967445127707
Oakley,,033301012,Residential Low/Medium,P-1,0.0,24.0,0.1479421851447981
Oakley,,033301011,Residential Low/Medium,P-1,0.0,24.0,0.1560684874291464
Oakley,,033301010,Residential Low/Medium,P-1,0.0,24.0,0.1726341604114906
Oakley,,033301009,Residential Low/Medium,P-1,0.0,24.0,0.15703050401682445
Oakley,,033301008,Residential Low/Medium,P-1,0.0,24.0,0.16860758185350508
Oakley,,033301007,Residential Low/Medium,P-1,0.0,24.0,0.18572928273066047
Oakley,,033301005,Residential Low/Medium,P-1,0.0,24.0,0.1430842654295514
Oakley,,033301006,Residential Low/Medium,P-1,0.0,24.0,0.15380908386454872
Oakley,,033301004,Residential Low/Medium,P-1,0.0,24.0,0.1410957926879298
Oakley,,033301018,Residential Low/Medium,P-1,0.0,24.0,0.14265876930294843
Oakley,,033301017,Residential Low/Medium,P-1,0.0,24.0,0.15158512098628674
Oakley,,033311002,Residential Low/Medium,P-1,0.0,24.0,0.1492152598533282
Oakley,,033311001,Residential Low/Medium,P-1,0.0,24.0,0.17191493937771135
Oakley,,033311010,Residential Low/Medium,P-1,0.0,24.0,0.20347743680047478
Oakley,,033311009,Residential Low/Medium,P-1,0.0,24.0,0.19016315145218327
Oakley,,033301016,Residential Low/Medium,P-1,0.0,24.0,0.1467326005688688
Oakley,,033301015,Residential Low/Medium,P-1,0.0,24.0,0.1393687371168841
Oakley,,033301014,Residential Low/Medium,P-1,0.0,24.0,0.16793684405018564
Oakley,,033313001,Residential Low/Medium,P-1,0.0,24.0,0.17290106429121965
Oakley,,033313014,Residential Low/Medium,P-1,0.0,24.0,0.1871194542228208
Oakley,,033313002,Residential Low/Medium,P-1,0.0,24.0,0.17109531969949973
Oakley,,033313003,Residential Low/Medium,P-1,0.0,24.0,0.13951481762327503
Oakley,,033311007,Residential Low/Medium,P-1,0.0,24.0,0.14660285428784775
Oakley,,033311006,Residential Low/Medium,P-1,0.0,24.0,0.15164343592629
Oakley,,033311008,Residential Low/Medium,P-1,0.0,24.0,0.1658660790693121
Oakley,,033311004,Residential Low/Medium,P-1,0.0,24.0,0.14921499612483108
Oakley,,033311003,Residential Low/Medium,P-1,0.0,24.0,0.14921742210692224
Oakley,,033311005,Residential Low/Medium,P-1,0.0,24.0,0.18165297212969855
Oakley,,033312001,Residential Low/Medium,P-1,0.0,24.0,0.1495521270829235
Oakley,,033312002,Residential Low/Medium,P-1,0.0,24.0,0.13088148751672962
Oakley,,033330024,Residential Low/Medium,P-1,0.0,24.0,0.21948299858187909
Oakley,,033330026,Residential Low/Medium,P-1,0.0,24.0,0.13031178616248223
Oakley,,033330025,Residential Low/Medium,P-1,0.0,24.0,0.13347899886439468
Oakley,,033312003,Residential Low/Medium,P-1,0.0,24.0,0.13441967061141316
Oakley,,033330031,Residential Low/Medium,P-1,0.0,24.0,0.13429707068145116
Oakley,,033330030,Residential Low/Medium,P-1,0.0,24.0,0.1468439977558596
Oakley,,033330033,Residential Low/Medium,P-1,0.0,24.0,0.14701917094924047
Oakley,,033330032,Residential Low/Medium,P-1,0.0,24.0,0.13827748003885415
Oakley,,033314003,Residential Low/Medium,P-1,0.0,24.0,0.16427138149050866
Oakley,,033314001,Residential Low/Medium,P-1,0.0,24.0,0.1647987044004214
Oakley,,033314002,Residential Low/Medium,P-1,0.0,24.0,0.16091447900554984
Oakley,,033312004,Residential Low/Medium,P-1,0.0,24.0,0.15513767523302327
Oakley,,033313004,Residential Low/Medium,P-1,0.0,24.0,0.14848849608002992
Oakley,,033313013,Residential Low/Medium,P-1,0.0,24.0,0.15874375702479857
Oakley,,033313015,Residential Low/Medium,P-1,0.0,24.0,0.16962985305862122
Oakley,,033313016,Residential Low/Medium,P-1,0.0,24.0,0.15511752831287196
Oakley,,033313012,Residential Low/Medium,P-1,0.0,24.0,0.14622425745595277
Oakley,,033313011,Residential Low/Medium,P-1,0.0,24.0,0.14091360953360127
Oakley,,033313010,Residential Low/Medium,P-1,0.0,24.0,0.1349024524647595
Oakley,,033313009,Residential Low/Medium,P-1,0.0,24.0,0.145449828149631
Oakley,,033315001,Residential Low/Medium,P-1,0.0,24.0,0.156654256752822
Oakley,,033315002,Residential Low/Medium,P-1,0.0,24.0,0.15536610510536789
Oakley,,033314004,Residential Low/Medium,P-1,0.0,24.0,0.16840457539348289
Oakley,,033330037,Residential Low/Medium,P-1,0.0,24.0,0.144930862726573
Oakley,,033330038,Residential Low/Medium,P-1,0.0,24.0,0.13570257892998344
Oakley,,033315003,Residential Low/Medium,P-1,0.0,24.0,0.14480897244269877
Oakley,,033315004,Residential Low/Medium,P-1,0.0,24.0,0.1499131053451343
Oakley,,033330014,Residential Low/Medium,P-1,0.0,24.0,0.15245386481697282
Oakley,,033330015,Residential Low/Medium,P-1,0.0,24.0,0.15381983499855034
Oakley,,033330001,Residential Low/Medium,P-1,0.0,24.0,0.297446091098501
Oakley,,033330016,Residential Low/Medium,P-1,0.0,24.0,0.15377748964600957
Oakley,,033330017,Residential Low/Medium,P-1,0.0,24.0,0.2466979792932684
Oakley,,033330018,Residential Low/Medium,P-1,0.0,24.0,0.2973754919329074
Oakley,,033330036,Residential Low/Medium,P-1,0.0,24.0,0.20423722790355484
Oakley,,033330035,Residential Low/Medium,P-1,0.0,24.0,0.14316673221174864
Oakley,,033330019,Residential Low/Medium,P-1,0.0,24.0,0.2973768279747579
Oakley,,033330020,Residential Low/Medium,P-1,0.0,24.0,0.2973751061799193
Oakley,,033330034,Residential Low/Medium,P-1,0.0,24.0,0.21069988842121312
Oakley,,033330029,Residential Low/Medium,P-1,0.0,24.0,0.20361924533952036
Oakley,,033330028,Residential Low/Medium,P-1,0.0,24.0,0.14776115972771586
Oakley,,033330021,Residential Low/Medium,P-1,0.0,24.0,0.2973784016035594
Oakley,,033330022,Residential Low/Medium,P-1,0.0,24.0,0.330076028226917
Oakley,,033330027,Residential Low/Medium,P-1,0.0,24.0,0.20539699578985046
Oakley,,033330023,Residential Low/Medium,P-1,0.0,24.0,0.23401133707203886
Oakley,,033470032,Residential Medium,P-1,0.0,24.0,0.08618683165112492
Oakley,,033470036,Residential Medium,P-1,0.0,24.0,0.14153998752673763
Oakley,,033470035,Residential Medium,P-1,0.0,24.0,0.08217826679828732
Oakley,,033470018,Residential Medium,P-1,0.0,24.0,0.07798270426981666
Oakley,,033470019,Residential Medium,P-1,0.0,24.0,0.07797605748228062
Oakley,,033470021,Residential Medium,P-1,0.0,24.0,0.07797651409026964
Oakley,,033470020,Residential Medium,P-1,0.0,24.0,0.07797371804780791
Oakley,,033470022,Residential Medium,P-1,0.0,24.0,0.07801133068372684
Oakley,,033470023,Residential Medium,P-1,0.0,24.0,0.07969434432175482
Oakley,,033470024,Residential Medium,P-1,0.0,24.0,0.08349875643355686
Oakley,,033470025,Residential Medium,P-1,0.0,24.0,0.08733102613179271
Oakley,,033030046,Residential Low/Medium,AL,0.0,0.0,2.054
Oakley,,033470031,Residential Medium,P-1,0.0,24.0,0.08591659999660002
Oakley,,033470119,Residential Medium,P-1,0.0,24.0,0.05871328430377614
Oakley,,033470030,Residential Medium,P-1,0.0,24.0,0.07723929261523028
Oakley,,033470026,Residential Medium,P-1,0.0,24.0,0.09445851758750005
Oakley,,033470064,Residential Medium,P-1,0.0,24.0,0.08487332781737714
Oakley,,033470071,Residential Medium,P-1,0.0,24.0,0.0852573169468415
Oakley,,033470066,Residential Medium,P-1,0.0,24.0,0.08738841531159397
Oakley,,033470065,Residential Medium,P-1,0.0,24.0,0.09226708098755733
Oakley,,033470059,Residential Medium,P-1,0.0,24.0,0.08682707631589938
Oakley,,033470063,Residential Medium,P-1,0.0,24.0,0.07804841100288125
Oakley,,033470060,Residential Medium,P-1,0.0,24.0,0.07822865981870633
Oakley,,033470115,Residential Medium,P-1,0.0,24.0,0.07046388011788358
Oakley,,033470068,Residential Medium,P-1,0.0,24.0,0.09795528326806215
Oakley,,033470062,Residential Medium,P-1,0.0,24.0,0.09529246071540945
Oakley,,033060010,Residential Low/Medium,P-1,0.0,24.0,0.14657324901120064
Oakley,,033040035,Residential Low/Medium,R-6,0.0,7.3,0.33
Oakley,,033470114,Residential Medium,P-1,0.0,24.0,0.07165141752954501
Oakley,,033470067,Residential Medium,P-1,0.0,24.0,0.0789728113239017
Oakley,,033470070,Residential Medium,P-1,0.0,24.0,0.07873819171106396
Oakley,,033470072,Residential Medium,P-1,0.0,24.0,0.09175161748281838
Oakley,,033470074,Residential Medium,P-1,0.0,24.0,0.07843091419705682
Oakley,,033470075,Residential Medium,P-1,0.0,24.0,0.10981905054773378
Oakley,,033470069,Residential Medium,P-1,0.0,24.0,0.10877025513961959
Oakley,,033470081,Residential Medium,P-1,0.0,24.0,0.0785247660827933
Oakley,,033470077,Residential Medium,P-1,0.0,24.0,0.07842711271364583
Oakley,,033470080,Residential Medium,P-1,0.0,24.0,0.09016746819903823
Oakley,,033470079,Residential Medium,P-1,0.0,24.0,0.07967553102556292
Oakley,,033470113,Residential Medium,P-1,0.0,24.0,0.07005724495991347
Oakley,,033470076,Residential Medium,P-1,0.0,24.0,0.1093007497944416
Oakley,,033470078,Residential Medium,P-1,0.0,24.0,0.09177384520276148
Oakley,,033470073,Residential Medium,P-1,0.0,24.0,0.0848424028006447
Oakley,,033470017,Residential Medium,P-1,0.0,24.0,0.07801936208911493
Oakley,,033470016,Residential Medium,P-1,0.0,24.0,0.07810160434209082
Oakley,,033470015,Residential Medium,P-1,0.0,24.0,0.07829206617364552
Oakley,,033470014,Residential Medium,P-1,0.0,24.0,0.07857948104672506
Oakley,,033470092,Residential Medium,P-1,0.0,24.0,0.08546489048546578
Oakley,,033470087,Residential Medium,P-1,0.0,24.0,0.08708285129507559
Oakley,,033470088,Residential Medium,P-1,0.0,24.0,0.07889595142234909
Oakley,,033470089,Residential Medium,P-1,0.0,24.0,0.10983612575223842
Oakley,,033470086,Residential Medium,P-1,0.0,24.0,0.09910316386515947
Oakley,,033470085,Residential Medium,P-1,0.0,24.0,0.08681690005141696
Oakley,,033470084,Residential Medium,P-1,0.0,24.0,0.08493111093673172
Oakley,,033470082,Residential Medium,P-1,0.0,24.0,0.11055640266251089
Oakley,,033470112,Residential Medium,P-1,0.0,24.0,0.07023182284406289
Oakley,,033470083,Residential Medium,P-1,0.0,24.0,0.11912833586245435
Oakley,,033040009,Residential Low/Medium,R-6,0.0,7.3,0.15
Oakley,,033470090,Residential Medium,P-1,0.0,24.0,0.1089540017423118
Oakley,,033470111,Residential Medium,P-1,0.0,24.0,0.07069538121492354
Oakley,,033470091,Residential Medium,P-1,0.0,24.0,0.07852489147189459
Oakley,,033470095,Residential Medium,P-1,0.0,24.0,0.07960649014161696
Oakley,,033470097,Residential Medium,P-1,0.0,24.0,0.10914412265390402
Oakley,,033470096,Residential Medium,P-1,0.0,24.0,0.1104598571180909
Oakley,,033470102,Residential Medium,P-1,0.0,24.0,0.07960971396536096
Oakley,,033470103,Residential Medium,P-1,0.0,24.0,0.1104600606182217
Oakley,,033470101,Residential Medium,P-1,0.0,24.0,0.09256375517729376
Oakley,,033470100,Residential Medium,P-1,0.0,24.0,0.07857489099776986
Oakley,,033470099,Residential Medium,P-1,0.0,24.0,0.09251483684459506
Oakley,,033470098,Residential Medium,P-1,0.0,24.0,0.0785659976614025
Oakley,,033470094,Residential Medium,P-1,0.0,24.0,0.08728688919922245
Oakley,,033470110,Residential Medium,P-1,0.0,24.0,0.07075201383551348
Oakley,,033470007,Residential Medium,P-1,0.0,24.0,0.07932619715096452
Oakley,,033470006,Residential Medium,P-1,0.0,24.0,0.07882106078734126
Oakley,,033470005,Residential Medium,P-1,0.0,24.0,0.07906454973697577
Oakley,,033470008,Residential Medium,P-1,0.0,24.0,0.07894966450967403
Oakley,,033470009,Residential Medium,P-1,0.0,24.0,0.07877833019211389
Oakley,,033470010,Residential Medium,P-1,0.0,24.0,0.0787443151961031
Oakley,,033470011,Residential Medium,P-1,0.0,24.0,0.07886301115085893
Oakley,,033470093,Residential Medium,P-1,0.0,24.0,0.09075390154571834
Oakley,,033470012,Residential Medium,P-1,0.0,24.0,0.07865689070188814
Oakley,,033470013,Residential Medium,P-1,0.0,24.0,0.07912080421413013
Oakley,,033030047,Residential Low/Medium,AL,0.0,0.0,2.857
Oakley,,033030048,Residential Low/Medium,R-6,0.0,7.3,2.303
Oakley,,033330002,Residential Low/Medium,P-1,0.0,24.0,0.25895899802677724
Oakley,,033330003,Residential Low/Medium,P-1,0.0,24.0,0.2620509185223429
Oakley,,033030035,Residential Low/Medium,R-6,0.0,7.3,1.16
Oakley,,033330004,Residential Low/Medium,P-1,0.0,24.0,0.22463095783467107
Oakley,,033030034,Residential Low/Medium,R-6,0.0,7.3,1.06
Oakley,,033030049,Residential Low/Medium,R-6,0.0,7.3,1.194
Oakley,,034410077,Residential Low/Medium,P-1,0.0,24.0,0.151
Oakley,,034410058,Residential Low/Medium,P-1,0.0,24.0,0.10961952409235923
Oakley,,033470003,Residential Medium,P-1,0.0,24.0,0.09095255568139712
Oakley,,033470004,Residential Medium,P-1,0.0,24.0,0.0808200116765605
Oakley,,033470106,Residential Medium,P-1,0.0,24.0,0.10647693275227574
Oakley,,033470107,Residential Medium,P-1,0.0,24.0,0.13405589032347598
Oakley,,033470002,Residential Medium,P-1,0.0,24.0,0.11278495742567471
Oakley,,033470001,Residential Medium,P-1,0.0,24.0,0.2045437970410793
Oakley,,033470105,Residential Medium,P-1,0.0,24.0,0.07850846909736632
Oakley,,033470109,Residential Medium,P-1,0.0,24.0,0.07052054133145667
Oakley,,033470104,Residential Medium,P-1,0.0,24.0,0.1087073802317286
Oakley,,033470120,Residential Medium,P-1,0.0,24.0,0.1955927721734332
Oakley,,033470108,Residential Medium,P-1,0.0,24.0,0.10371068643331781
Oakley,,034410049,Residential Low/Medium,P-1,0.0,24.0,0.10098758909193807
Oakley,,034410050,Residential Low/Medium,P-1,0.0,24.0,0.1009866901508588
Oakley,,034410051,Residential Low/Medium,P-1,0.0,24.0,0.10098844447633046
Oakley,,034410052,Residential Low/Medium,P-1,0.0,24.0,0.1009876057200921
Oakley,,034410053,Residential Low/Medium,P-1,0.0,24.0,0.1009873895302524
Oakley,,033470124,Residential Medium,P-1,0.0,24.0,1.811
Oakley,,033470122,Residential Medium,P-1,0.0,24.0,0.03091633040080019
Oakley,,033030002,Residential Low/Medium,R-6,0.0,7.3,0.67
Oakley,,034410054,Residential Low/Medium,P-1,0.0,24.0,0.1009869132691807
Oakley,,034410055,Residential Low/Medium,P-1,0.0,24.0,0.10098701781374977
Oakley,,034410056,Residential Low/Medium,P-1,0.0,24.0,0.10098669341105304
Oakley,,034410057,Residential Low/Medium,P-1,0.0,24.0,0.1009858174865022
Oakley,,034410042,Residential Low/Medium,P-1,0.0,24.0,0.09550221230019301
Oakley,,034410040,Residential Low/Medium,P-1,0.0,24.0,0.09549872708038114
Oakley,,034410041,Residential Low/Medium,P-1,0.0,24.0,0.09549952712967683
Oakley,,034410020,Residential Low/Medium,P-1,0.0,24.0,0.09550127713406498
Oakley,,034410021,Residential Low/Medium,P-1,0.0,24.0,0.09550150689053609
Oakley,,034410022,Residential Low/Medium,P-1,0.0,24.0,0.09550004798173328
Oakley,,034410023,Residential Low/Medium,P-1,0.0,24.0,0.09550227751382771
Oakley,,034410038,Residential Low/Medium,P-1,0.0,24.0,0.09549948104381566
Oakley,,034410039,Residential Low/Medium,P-1,0.0,24.0,0.09549906493384684
Oakley,,034410037,Residential Low/Medium,P-1,0.0,24.0,0.09550033363280151
Oakley,,034410035,Residential Low/Medium,P-1,0.0,24.0,0.09549833368935827
Oakley,,034410036,Residential Low/Medium,P-1,0.0,24.0,0.09549810096253727
Oakley,,034410025,Residential Low/Medium,P-1,0.0,24.0,0.09550106376917604
Oakley,,034410026,Residential Low/Medium,P-1,0.0,24.0,0.0955033759962695
Oakley,,034410024,Residential Low/Medium,P-1,0.0,24.0,0.09550261538558724
Oakley,,034410009,Residential Low/Medium,P-1,0.0,24.0,0.10210003340935186
Oakley,,034410008,Residential Low/Medium,P-1,0.0,24.0,0.1020996265760604
Oakley,,034410007,Residential Low/Medium,P-1,0.0,24.0,0.0955013219914591
Oakley,,034410065,Residential Low/Medium,P-1,0.0,24.0,0.15811511930096359
Oakley,,034410064,Residential Low/Medium,P-1,0.0,24.0,0.14921787247081214
Oakley,,034410066,Residential Low/Medium,P-1,0.0,24.0,0.14663852116778883
Oakley,,034410010,Residential Low/Medium,P-1,0.0,24.0,0.10468334803526941
Oakley,,034410068,Residential Low/Medium,P-1,0.0,24.0,0.13774039212872344
Oakley,,034410067,Residential Low/Medium,P-1,0.0,24.0,0.13773979906035017
Oakley,,034410070,Residential Low/Medium,P-1,0.0,24.0,0.13773946415919117
Oakley,,034410069,Residential Low/Medium,P-1,0.0,24.0,0.13774118679600422
Oakley,,034410014,Residential Low/Medium,P-1,0.0,24.0,0.0955019972210809
Oakley,,034410013,Residential Low/Medium,P-1,0.0,24.0,0.10468347200866705
Oakley,,034410012,Residential Low/Medium,P-1,0.0,24.0,0.09550199887177657
Oakley,,034410011,Residential Low/Medium,P-1,0.0,24.0,0.10468400825916013
Oakley,,034410019,Residential Low/Medium,P-1,0.0,24.0,0.0955012283044763
Oakley,,034410017,Residential Low/Medium,P-1,0.0,24.0,0.10210068220146572
Oakley,,034410018,Residential Low/Medium,P-1,0.0,24.0,0.09550005823435644
Oakley,,034410043,Residential Low/Medium,P-1,0.0,24.0,0.09549920875088369
Oakley,,034410044,Residential Low/Medium,P-1,0.0,24.0,0.10210080535311711
Oakley,,034410075,Residential Low/Medium,P-1,0.0,24.0,0.276
Oakley,,034410016,Residential Low/Medium,P-1,0.0,24.0,0.17337697975689442
Oakley,,034410015,Residential Low/Medium,P-1,0.0,24.0,0.10080984750139764
Oakley,,034410072,Residential Low/Medium,P-1,0.0,24.0,0.13774159100520442
Oakley,,034410071,Residential Low/Medium,P-1,0.0,24.0,0.1377419345644803
Oakley,,034410073,Residential Low/Medium,P-1,0.0,24.0,0.14527599815841183
Oakley,,034420010,Residential Low/Medium,P-1,0.0,24.0,0.10236667501517276
Oakley,,034420011,Residential Low/Medium,P-1,0.0,24.0,0.11161364012674155
Oakley,,034420012,Residential Low/Medium,P-1,0.0,24.0,0.09550070749470198
Oakley,,034420008,Residential Low/Medium,P-1,0.0,24.0,0.09550118287657543
Oakley,,034420009,Residential Low/Medium,P-1,0.0,24.0,0.09550204796762124
Oakley,,034420006,Residential Low/Medium,P-1,0.0,24.0,0.10210048032296808
Oakley,,034420007,Residential Low/Medium,P-1,0.0,24.0,0.0955020479802581
Oakley,,034420015,Residential Low/Medium,P-1,0.0,24.0,0.10209999095491815
Oakley,,034420014,Residential Low/Medium,P-1,0.0,24.0,0.09549907471459566
Oakley,,034420013,Residential Low/Medium,P-1,0.0,24.0,0.0954994810467362
Oakley,,034420018,Residential Low/Medium,P-1,0.0,24.0,0.09550014345331401
Oakley,,034420017,Residential Low/Medium,P-1,0.0,24.0,0.09550228774613143
Oakley,,034420016,Residential Low/Medium,P-1,0.0,24.0,0.10210009475643754
Oakley,,034420025,Residential Low/Medium,P-1,0.0,24.0,0.10209839418695606
Oakley,,034420024,Residential Low/Medium,P-1,0.0,24.0,0.09550046770905268
Oakley,,034420022,Residential Low/Medium,P-1,0.0,24.0,0.10252706568833177
Oakley,,034420023,Residential Low/Medium,P-1,0.0,24.0,0.09550146101816209
Oakley,,034420019,Residential Low/Medium,P-1,0.0,24.0,0.09550061543769642
Oakley,,034420020,Residential Low/Medium,P-1,0.0,24.0,0.14851215531555303
Oakley,,034420021,Residential Low/Medium,P-1,0.0,24.0,0.16618207614077335
Oakley,,034420079,Residential Low/Medium,P-1,0.0,24.0,0.669
Oakley,,034420026,Residential Low/Medium,P-1,0.0,24.0,0.1197347204267402
Oakley,,034420027,Residential Low/Medium,P-1,0.0,24.0,0.1229563966886867
Oakley,,034420028,Residential Low/Medium,P-1,0.0,24.0,0.1923463427178441
Oakley,,033330005,Residential Low/Medium,P-1,0.0,24.0,0.327087023270144
Oakley,,033330006,Residential Low/Medium,P-1,0.0,24.0,0.2323608599271125
Oakley,,033330007,Residential Low/Medium,P-1,0.0,24.0,0.18101676347456463
Oakley,,033330009,Residential Low/Medium,P-1,0.0,24.0,0.1670237194272827
Oakley,,033330008,Residential Low/Medium,P-1,0.0,24.0,0.2523180324323582
Oakley,,034420029,Residential Low/Medium,P-1,0.0,24.0,0.3531894718226149
Oakley,,034420080,Residential Low/Medium,P-1,0.0,24.0,0.089
Oakley,,034280009,Residential Low/Medium,P-1,0.0,24.0,0.1908808195498731
Oakley,,034280008,Residential Low/Medium,P-1,0.0,24.0,0.19415418127905146
Oakley,,034280007,Residential Low/Medium,P-1,0.0,24.0,0.13098941210313697
Oakley,,034280006,Residential Low/Medium,P-1,0.0,24.0,0.12626696869122664
Oakley,,034280005,Residential Low/Medium,P-1,0.0,24.0,0.1262657790292044
Oakley,,034280066,Residential Low/Medium,P-1,0.0,24.0,0.11599825776247599
Oakley,,034280067,Residential Low/Medium,P-1,0.0,24.0,0.11598938205297771
Oakley,,034280068,Residential Low/Medium,P-1,0.0,24.0,0.13265115422517498
Oakley,,034280012,Residential Low/Medium,P-1,0.0,24.0,0.14426769090913663
Oakley,,034280010,Residential Low/Medium,P-1,0.0,24.0,0.13415510229967495
Oakley,,034280011,Residential Low/Medium,P-1,0.0,24.0,0.12769612085662693
Oakley,,034420030,Residential Low/Medium,P-1,0.0,24.0,0.2013462577377147
Oakley,,034420032,Residential Low/Medium,P-1,0.0,24.0,0.14983589556102503
Oakley,,034420031,Residential Low/Medium,P-1,0.0,24.0,0.1508514716349515
Oakley,,034280013,Residential Low/Medium,P-1,0.0,24.0,0.16126881226073575
Oakley,,034280014,Residential Low/Medium,P-1,0.0,24.0,0.1987194559101471
Oakley,,034420033,Residential Low/Medium,P-1,0.0,24.0,0.14881989283374997
Oakley,,034420034,Residential Low/Medium,P-1,0.0,24.0,0.14780113879594367
Oakley,,034420035,Residential Low/Medium,P-1,0.0,24.0,0.14678569004865935
Oakley,,034280017,Residential Low/Medium,P-1,0.0,24.0,0.17549606239265847
Oakley,,034420036,Residential Low/Medium,P-1,0.0,24.0,0.14576752614861957
Oakley,,034280016,Residential Low/Medium,P-1,0.0,24.0,0.2266134706217483
Oakley,,034280015,Residential Low/Medium,P-1,0.0,24.0,0.15656070489856716
Oakley,,034280072,Residential Low/Medium,P-1,0.0,24.0,0.12344713943683674
Oakley,,034280050,Residential Low/Medium,P-1,0.0,24.0,0.14733290907871047
Oakley,,034280049,Residential Low/Medium,P-1,0.0,24.0,0.14802750038750065
Oakley,,034280042,Residential Low/Medium,P-1,0.0,24.0,0.16406559720383762
Oakley,,034280048,Residential Low/Medium,P-1,0.0,24.0,0.1478308358026219
Oakley,,034280082,Residential Low/Medium,P-1,0.0,24.0,0.14381095974903074
Oakley,,034280087,Residential Low/Medium,P-1,0.0,24.0,0.13499704944185098
Oakley,,034280085,Residential Low/Medium,P-1,0.0,24.0,0.15852328082883033
Oakley,,034280086,Residential Low/Medium,P-1,0.0,24.0,0.13035266957625896
Oakley,,034280058,Residential Low/Medium,P-1,0.0,24.0,0.18925333365130814
Oakley,,034280065,Residential Low/Medium,P-1,0.0,24.0,0.11598998554473697
Oakley,,034280064,Residential Low/Medium,P-1,0.0,24.0,0.11598930765491862
Oakley,,034280060,Residential Low/Medium,P-1,0.0,24.0,0.131212312286763
Oakley,,034280059,Residential Low/Medium,P-1,0.0,24.0,0.14591820914511117
Oakley,,034280061,Residential Low/Medium,P-1,0.0,24.0,0.13323018017744778
Oakley,,034270083,Residential Low/Medium,P-1,0.0,24.0,0.11155175466342036
Oakley,,034280080,Residential Low/Medium,P-1,0.0,24.0,0.12825311967724184
Oakley,,034280081,Residential Low/Medium,P-1,0.0,24.0,0.16489108090439883
Oakley,,034280043,Residential Low/Medium,P-1,0.0,24.0,0.11405847544636241
Oakley,,034280044,Residential Low/Medium,P-1,0.0,24.0,0.14047776366482628
Oakley,,034270082,Residential Low/Medium,P-1,0.0,24.0,0.12568049062656492
Oakley,,034270060,Residential Low/Medium,P-1,0.0,24.0,0.11578293374604053
Oakley,,034270053,Residential Low/Medium,P-1,0.0,24.0,0.11484476224025568
Oakley,,034270055,Residential Low/Medium,P-1,0.0,24.0,0.11481211889288769
Oakley,,034270054,Residential Low/Medium,P-1,0.0,24.0,0.11481444230527572
Oakley,,034270058,Residential Low/Medium,P-1,0.0,24.0,0.11478116573504617
Oakley,,034270059,Residential Low/Medium,P-1,0.0,24.0,0.11478496477831189
Oakley,,034270057,Residential Low/Medium,P-1,0.0,24.0,0.13221104620639468
Oakley,,034270063,Residential Low/Medium,P-1,0.0,24.0,0.20744703256599803
Oakley,,034270065,Residential Low/Medium,P-1,0.0,24.0,0.13788123505314392
Oakley,,034270062,Residential Low/Medium,P-1,0.0,24.0,0.24013387014623166
Oakley,,034270064,Residential Low/Medium,P-1,0.0,24.0,0.1483575442715514
Oakley,,034270061,Residential Low/Medium,P-1,0.0,24.0,0.21099393451183704
Oakley,,034280089,Residential Low/Medium,P-1,0.0,24.0,0.21753297583339357
Oakley,,034280039,Residential Low/Medium,P-1,0.0,24.0,0.1808249869672639
Oakley,,034270066,Residential Low/Medium,P-1,0.0,24.0,0.13011366332384774
Oakley,,034270067,Residential Low/Medium,P-1,0.0,24.0,0.1308472458201844
Oakley,,034270070,Residential Low/Medium,P-1,0.0,24.0,0.2367483025341194
Oakley,,034270071,Residential Low/Medium,P-1,0.0,24.0,0.19878957596527372
Oakley,,034280088,Residential Low/Medium,P-1,0.0,24.0,0.16702691238861794
Oakley,,034280057,Residential Low/Medium,P-1,0.0,24.0,0.1694195275956222
Oakley,,034280032,Residential Low/Medium,P-1,0.0,24.0,0.16725503210874915
Oakley,,034280084,Residential Low/Medium,P-1,0.0,24.0,0.13755433291162059
Oakley,,034280090,Residential Low/Medium,P-1,0.0,24.0,0.1387014094433237
Oakley,,034280092,Residential Low/Medium,P-1,0.0,24.0,0.14463440332163172
Oakley,,034280056,Residential Low/Medium,P-1,0.0,24.0,0.14373927918593424
Oakley,,034280040,Residential Low/Medium,P-1,0.0,24.0,0.23625615087812732
Oakley,,034280041,Residential Low/Medium,P-1,0.0,24.0,0.1848798555611441
Oakley,,034280083,Residential Low/Medium,P-1,0.0,24.0,0.15259222623749846
Oakley,,034280091,Residential Low/Medium,P-1,0.0,24.0,0.15310342441512648
Oakley,,034280073,Residential Low/Medium,P-1,0.0,24.0,0.12567812801326303
Oakley,,034280020,Residential Low/Medium,P-1,0.0,24.0,0.12329241676841649
Oakley,,034280019,Residential Low/Medium,P-1,0.0,24.0,0.14365183283884111
Oakley,,034420038,Residential Low/Medium,P-1,0.0,24.0,0.14435516175339774
Oakley,,034280018,Residential Low/Medium,P-1,0.0,24.0,0.15225415075438228
Oakley,,034420037,Residential Low/Medium,P-1,0.0,24.0,0.14474988752358825
Oakley,,034420041,Residential Low/Medium,P-1,0.0,24.0,0.2280758734920879
Oakley,,034420040,Residential Low/Medium,P-1,0.0,24.0,0.17196037860581495
Oakley,,034420039,Residential Low/Medium,P-1,0.0,24.0,0.15280981185948328
Oakley,,034280074,Residential Low/Medium,P-1,0.0,24.0,0.13058528887854046
Oakley,,034420043,Residential Low/Medium,P-1,0.0,24.0,0.2648817949862067
Oakley,,034420042,Residential Low/Medium,P-1,0.0,24.0,0.19853067315020353
Oakley,,034280025,Residential Low/Medium,P-1,0.0,24.0,0.13288634936313928
Oakley,,034280024,Residential Low/Medium,P-1,0.0,24.0,0.1423196646240353
Oakley,,034280023,Residential Low/Medium,P-1,0.0,24.0,0.13771606021976052
Oakley,,034280031,Residential Low/Medium,P-1,0.0,24.0,0.16123598266242123
Oakley,,034280033,Residential Low/Medium,P-1,0.0,24.0,0.13617280529031722
Oakley,,034280076,Residential Low/Medium,P-1,0.0,24.0,0.15856181669375083
Oakley,,034280075,Residential Low/Medium,P-1,0.0,24.0,0.13574327901607075
Oakley,,034280079,Residential Low/Medium,P-1,0.0,24.0,0.1313541543461234
Oakley,,034280077,Residential Low/Medium,P-1,0.0,24.0,0.1257739526836179
Oakley,,034280028,Residential Low/Medium,P-1,0.0,24.0,0.23876387497638957
Oakley,,034280027,Residential Low/Medium,P-1,0.0,24.0,0.21050167647583265
Oakley,,034420046,Residential Low/Medium,P-1,0.0,24.0,0.25664645838163097
Oakley,,034420048,Residential Low/Medium,P-1,0.0,24.0,0.17676853608371604
Oakley,,034420047,Residential Low/Medium,P-1,0.0,24.0,0.2177444553499695
Oakley,,034280026,Residential Low/Medium,P-1,0.0,24.0,0.25212128783527915
Oakley,,034640006,Residential Low/Medium,P-1,0.0,24.0,0.13962303937660925
Oakley,,034640057,Residential Low/Medium,P-1,0.0,24.0,0.97
Oakley,,034420052,Residential Low/Medium,P-1,0.0,24.0,0.17676637229121087
Oakley,,034420053,Residential Low/Medium,P-1,0.0,24.0,0.19144136700416203
Oakley,,034430002,Residential Low/Medium,P-1,0.0,24.0,0.1997227933260332
Oakley,,034420051,Residential Low/Medium,P-1,0.0,24.0,0.21928819431209678
Oakley,,034420050,Residential Low/Medium,P-1,0.0,24.0,0.19635510519101515
Oakley,,034420049,Residential Low/Medium,P-1,0.0,24.0,0.18723509273856723
Oakley,,034420045,Residential Low/Medium,P-1,0.0,24.0,0.21446559626867878
Oakley,,034420057,Residential Low/Medium,P-1,0.0,24.0,0.31702346220505134
Oakley,,034420058,Residential Low/Medium,P-1,0.0,24.0,0.21956792373937264
Oakley,,034420059,Residential Low/Medium,P-1,0.0,24.0,0.20109553744977351
Oakley,,034420073,Residential Low/Medium,P-1,0.0,24.0,0.17097744377104332
Oakley,,034420074,Residential Low/Medium,P-1,0.0,24.0,0.192746775066
Oakley,,034420072,Residential Low/Medium,P-1,0.0,24.0,0.15966840301042107
Oakley,,034420071,Residential Low/Medium,P-1,0.0,24.0,0.1482739218814586
Oakley,,034420070,Residential Low/Medium,P-1,0.0,24.0,0.1463659641517971
Oakley,,034420062,Residential Low/Medium,P-1,0.0,24.0,0.189393080440141
Oakley,,034420061,Residential Low/Medium,P-1,0.0,24.0,0.18939352973756632
Oakley,,034420060,Residential Low/Medium,P-1,0.0,24.0,0.1895584367509695
Oakley,,034420044,Residential Low/Medium,P-1,0.0,24.0,0.17676866424700802
Oakley,,034420063,Residential Low/Medium,P-1,0.0,24.0,0.1893931262114724
Oakley,,034420005,Residential Low/Medium,P-1,0.0,24.0,0.10182967868661531
Oakley,,034420004,Residential Low/Medium,P-1,0.0,24.0,0.0955000679999108
Oakley,,034420065,Residential Low/Medium,P-1,0.0,24.0,0.21150385598083493
Oakley,,034420003,Residential Low/Medium,P-1,0.0,24.0,0.09550046457932627
Oakley,,034420002,Residential Low/Medium,P-1,0.0,24.0,0.09550006483252306
Oakley,,034420066,Residential Low/Medium,P-1,0.0,24.0,0.20864822631477653
Oakley,,034420064,Residential Low/Medium,P-1,0.0,24.0,0.1893929553905155
Oakley,,034420067,Residential Low/Medium,P-1,0.0,24.0,0.18703680545389387
Oakley,,034440038,Residential Low/Medium,P-1,0.0,24.0,0.1623061894981444
Oakley,,034420001,Residential Low/Medium,P-1,0.0,24.0,0.10210222469357376
Oakley,,034440001,Residential Low/Medium,P-1,0.0,24.0,0.14663608095618016
Oakley,,034440002,Residential Low/Medium,P-1,0.0,24.0,0.14921894850986023
Oakley,,034440018,Residential Low/Medium,P-1,0.0,24.0,0.24206356507951354
Oakley,,034440019,Residential Low/Medium,P-1,0.0,24.0,0.20089860238550358
Oakley,,034440037,Residential Low/Medium,P-1,0.0,24.0,0.1475694570424739
Oakley,,034420068,Residential Low/Medium,P-1,0.0,24.0,0.165988740884852
Oakley,,034420069,Residential Low/Medium,P-1,0.0,24.0,0.1628477031667021
Oakley,,034440036,Residential Low/Medium,P-1,0.0,24.0,0.15782827817263456
Oakley,,034440035,Residential Low/Medium,P-1,0.0,24.0,0.15863751635397355
Oakley,,034440034,Residential Low/Medium,P-1,0.0,24.0,0.15813626285557036
Oakley,,034440033,Residential Low/Medium,P-1,0.0,24.0,0.15810233157586864
Oakley,,034440021,Residential Low/Medium,P-1,0.0,24.0,0.1627166836507242
Oakley,,034440020,Residential Low/Medium,P-1,0.0,24.0,0.16183725905725935
Oakley,,034440015,Residential Low/Medium,P-1,0.0,24.0,0.14868721574894922
Oakley,,034440017,Residential Low/Medium,P-1,0.0,24.0,0.22947429476990175
Oakley,,034440003,Residential Low/Medium,P-1,0.0,24.0,0.14922025199380326
Oakley,,034440004,Residential Low/Medium,P-1,0.0,24.0,0.14921934954008303
Oakley,,034440005,Residential Low/Medium,P-1,0.0,24.0,0.14921948130807813
Oakley,,034440006,Residential Low/Medium,P-1,0.0,24.0,0.14921944706768134
Oakley,,034440016,Residential Low/Medium,P-1,0.0,24.0,0.2894956102568833
Oakley,,034440009,Residential Low/Medium,P-1,0.0,24.0,0.13774137326439634
Oakley,,034440008,Residential Low/Medium,P-1,0.0,24.0,0.1492198875991959
Oakley,,034440007,Residential Low/Medium,P-1,0.0,24.0,0.14663507042532226
Oakley,,034450041,Residential Low/Medium,P-1,0.0,24.0,0.1523759959407513
Oakley,,034450040,Residential Low/Medium,P-1,0.0,24.0,0.14921862306993922
Oakley,,034450039,Residential Low/Medium,P-1,0.0,24.0,0.15237675839170567
Oakley,,034450025,Residential Low/Medium,P-1,0.0,24.0,0.17407226503449513
Oakley,,034450024,Residential Low/Medium,P-1,0.0,24.0,0.17010842258108408
Oakley,,034450023,Residential Low/Medium,P-1,0.0,24.0,0.1740688174677052
Oakley,,034440013,Residential Low/Medium,P-1,0.0,24.0,0.18882169704601942
Oakley,,034440012,Residential Low/Medium,P-1,0.0,24.0,0.1377396445408714
Oakley,,034440011,Residential Low/Medium,P-1,0.0,24.0,0.1377438903987341
Oakley,,034440014,Residential Low/Medium,P-1,0.0,24.0,0.250643614784405
Oakley,,034440010,Residential Low/Medium,P-1,0.0,24.0,0.13773932074950396
Oakley,,034440024,Residential Low/Medium,P-1,0.0,24.0,0.15728816998392287
Oakley,,034440023,Residential Low/Medium,P-1,0.0,24.0,0.15607233219956115
Oakley,,034440022,Residential Low/Medium,P-1,0.0,24.0,0.1586263273617332
Oakley,,034440032,Residential Low/Medium,P-1,0.0,24.0,0.15803729650784415
Oakley,,034440031,Residential Low/Medium,P-1,0.0,24.0,0.15808845910000052
Oakley,,034440030,Residential Low/Medium,P-1,0.0,24.0,0.1579334677272718
Oakley,,034440025,Residential Low/Medium,P-1,0.0,24.0,0.16224183998930136
Oakley,,034440029,Residential Low/Medium,P-1,0.0,24.0,0.1577109145362867
Oakley,,034440028,Residential Low/Medium,P-1,0.0,24.0,0.15756034880293227
Oakley,,034440027,Residential Low/Medium,P-1,0.0,24.0,0.16171098890327765
Oakley,,034440026,Residential Low/Medium,P-1,0.0,24.0,0.17505280251754135
Oakley,,034450014,Residential Low/Medium,P-1,0.0,24.0,0.16385550532144152
Oakley,,034450013,Residential Low/Medium,P-1,0.0,24.0,0.1492183325736473
Oakley,,034450015,Residential Low/Medium,P-1,0.0,24.0,0.14922054205839022
Oakley,,034450001,Residential Low/Medium,P-1,0.0,24.0,0.18939432398654552
Oakley,,034450016,Residential Low/Medium,P-1,0.0,24.0,0.16385396414320155
Oakley,,034440039,Residential Low/Medium,P-1,0.0,24.0,3.698
Oakley,,034420077,Residential Low/Medium,P-1,0.0,24.0,0.18021117374171197
Oakley,,034420075,Residential Low/Medium,P-1,0.0,24.0,0.22899653058608768
Oakley,,034420076,Residential Low/Medium,P-1,0.0,24.0,0.2584905568283341
Oakley,,034420078,Residential Low/Medium,P-1,0.0,24.0,0.1848620877223498
Oakley,,034420055,Residential Low/Medium,P-1,0.0,24.0,0.1893745963976858
Oakley,,034420056,Residential Low/Medium,P-1,0.0,24.0,0.18928660428581223
Oakley,,034420054,Residential Low/Medium,P-1,0.0,24.0,0.21643362803941338
Oakley,,034430039,Residential Low/Medium,P-1,0.0,24.0,0.20519259982060883
Oakley,,034430038,Residential Low/Medium,P-1,0.0,24.0,0.18785867858535268
Oakley,,034430037,Residential Low/Medium,P-1,0.0,24.0,0.1767683715826892
Oakley,,034430036,Residential Low/Medium,P-1,0.0,24.0,0.1868116684937687
Oakley,,034430001,Residential Low/Medium,P-1,0.0,24.0,0.2224425678211608
Oakley,,034430035,Residential Low/Medium,P-1,0.0,24.0,0.1868125840992473
Oakley,,034430029,Residential Low/Medium,P-1,0.0,24.0,0.20299067062369786
Oakley,,034430034,Residential Low/Medium,P-1,0.0,24.0,0.17673328856669832
Oakley,,034430033,Residential Low/Medium,P-1,0.0,24.0,0.19241782551552405
Oakley,,034430032,Residential Low/Medium,P-1,0.0,24.0,0.22286895515477614
Oakley,,034430031,Residential Low/Medium,P-1,0.0,24.0,0.2763978735848952
Oakley,,034430030,Residential Low/Medium,P-1,0.0,24.0,0.2060099022091066
Oakley,,034430054,Residential Low/Medium,P-1,0.0,24.0,0.16584027024278902
Oakley,,034430053,Residential Low/Medium,P-1,0.0,24.0,0.16659437662824325
Oakley,,034430052,Residential Low/Medium,P-1,0.0,24.0,0.20822944381236078
Oakley,,034630008,Residential Low/Medium,P-1,0.0,24.0,0.22839180537634726
Oakley,,034630009,Residential Low/Medium,P-1,0.0,24.0,0.15000963665225808
Oakley,,034630010,Residential Low/Medium,P-1,0.0,24.0,0.14922137804860963
Oakley,,034630019,Residential Low/Medium,P-1,0.0,24.0,0.14922135376731574
Oakley,,034630020,Residential Low/Medium,P-1,0.0,24.0,0.1664833861880608
Oakley,,034630021,Residential Low/Medium,P-1,0.0,24.0,0.206
Oakley,,034630018,Residential Low/Medium,P-1,0.0,24.0,0.1492228818044531
Oakley,,034630017,Residential Low/Medium,P-1,0.0,24.0,0.149222117792707
Oakley,,034630015,Residential Low/Medium,P-1,0.0,24.0,0.15901507686458158
Oakley,,034630016,Residential Low/Medium,P-1,0.0,24.0,0.1492229177469849
Oakley,,034630012,Residential Low/Medium,P-1,0.0,24.0,0.14922210609373945
Oakley,,034630013,Residential Low/Medium,P-1,0.0,24.0,0.14922065005920765
Oakley,,034630014,Residential Low/Medium,P-1,0.0,24.0,0.16056898159437052
Oakley,,034630001,Residential Low/Medium,P-1,0.0,24.0,0.17155322197637077
Oakley,,034630002,Residential Low/Medium,P-1,0.0,24.0,0.15670683138251695
Oakley,,034630003,Residential Low/Medium,P-1,0.0,24.0,0.15682594112873022
Oakley,,034630011,Residential Low/Medium,P-1,0.0,24.0,0.14922137806802532
Oakley,,034630004,Residential Low/Medium,P-1,0.0,24.0,0.15694358513634915
Oakley,,034630005,Residential Low/Medium,P-1,0.0,24.0,0.15706130507774824
Oakley,,034630006,Residential Low/Medium,P-1,0.0,24.0,0.16927448887749402
Oakley,,034630007,Residential Low/Medium,P-1,0.0,24.0,0.19411545020169801
Oakley,,034250007,Residential Low/Medium,R-6,0.0,7.3,5.08
Oakley,,034430042,Residential Low/Medium,P-1,0.0,24.0,0.3176552991987485
Oakley,,034430044,Residential Low/Medium,P-1,0.0,24.0,0.23992200292693935
Oakley,,034430057,Residential Low/Medium,P-1,0.0,24.0,0.532
Oakley,,034430041,Residential Low/Medium,P-1,0.0,24.0,0.20448421405485012
Oakley,,034430040,Residential Low/Medium,P-1,0.0,24.0,0.21465107739333966
Oakley,,034430026,Residential Low/Medium,P-1,0.0,24.0,0.18939458480856883
Oakley,,034430027,Residential Low/Medium,P-1,0.0,24.0,0.19003895274326293
Oakley,,034430045,Residential Low/Medium,P-1,0.0,24.0,0.18582194398787605
Oakley,,034430014,Residential Low/Medium,P-1,0.0,24.0,0.21284830301493668
Oakley,,034430015,Residential Low/Medium,P-1,0.0,24.0,0.1960548517805283
Oakley,,034430016,Residential Low/Medium,P-1,0.0,24.0,0.21004952176998767
Oakley,,034430047,Residential Low/Medium,P-1,0.0,24.0,0.18891981876878527
Oakley,,034430046,Residential Low/Medium,P-1,0.0,24.0,0.1889222609178744
Oakley,,034430049,Residential Low/Medium,P-1,0.0,24.0,0.20087447928815522
Oakley,,034430043,Residential Low/Medium,P-1,0.0,24.0,0.20949306693843572
Oakley,,034430051,Residential Low/Medium,P-1,0.0,24.0,0.24776569460947515
Oakley,,034430050,Residential Low/Medium,P-1,0.0,24.0,0.21354180546715934
Oakley,,034430055,Residential Low/Medium,P-1,0.0,24.0,0.16518110531043043
Oakley,,034430056,Residential Low/Medium,P-1,0.0,24.0,0.17456790861292484
Oakley,,034430048,Residential Low/Medium,P-1,0.0,24.0,0.18633928799298372
Oakley,,034430017,Residential Low/Medium,P-1,0.0,24.0,0.19605181954708478
Oakley,,034430018,Residential Low/Medium,P-1,0.0,24.0,0.21005434146465585
Oakley,,034430019,Residential Low/Medium,P-1,0.0,24.0,0.1960496711148805
Oakley,,034430020,Residential Low/Medium,P-1,0.0,24.0,0.2100531014711411
Oakley,,034430028,Residential Low/Medium,P-1,0.0,24.0,0.20116891167926368
Oakley,,034430021,Residential Low/Medium,P-1,0.0,24.0,0.19604944753188236
Oakley,,034430022,Residential Low/Medium,P-1,0.0,24.0,0.21005465346651378
Oakley,,034430023,Residential Low/Medium,P-1,0.0,24.0,0.2184528079832638
Oakley,,034430005,Residential Low/Medium,P-1,0.0,24.0,0.2100581228613006
Oakley,,034430006,Residential Low/Medium,P-1,0.0,24.0,0.19605393122301062
Oakley,,034640011,Residential Low/Medium,P-1,0.0,24.0,0.14462804009559865
Oakley,,034640012,Residential Low/Medium,P-1,0.0,24.0,0.14462804009183633
Oakley,,034430007,Residential Low/Medium,P-1,0.0,24.0,0.21005877832861367
Oakley,,034430008,Residential Low/Medium,P-1,0.0,24.0,0.19605366652966474
Oakley,,034430010,Residential Low/Medium,P-1,0.0,24.0,0.1960524316547804
Oakley,,034430009,Residential Low/Medium,P-1,0.0,24.0,0.210056492580906
Oakley,,034640015,Residential Low/Medium,P-1,0.0,24.0,0.14462804011027283
Oakley,,034640016,Residential Low/Medium,P-1,0.0,24.0,0.14462833982596482
Oakley,,034640014,Residential Low/Medium,P-1,0.0,24.0,0.1446280345199385
Oakley,,034640013,Residential Low/Medium,P-1,0.0,24.0,0.14462833982161066
Oakley,,034640028,Residential Low/Medium,P-1,0.0,24.0,0.14464487123635789
Oakley,,034640027,Residential Low/Medium,P-1,0.0,24.0,0.14464473770811603
Oakley,,034640026,Residential Low/Medium,P-1,0.0,24.0,0.1446449126402354
Oakley,,034640025,Residential Low/Medium,P-1,0.0,24.0,0.14464683899638164
Oakley,,034640043,Residential Low/Medium,P-1,0.0,24.0,0.1446262227763918
Oakley,,034640044,Residential Low/Medium,P-1,0.0,24.0,0.14553492309032753
Oakley,,034640024,Residential Low/Medium,P-1,0.0,24.0,0.14370041168577963
Oakley,,034640018,Residential Low/Medium,P-1,0.0,24.0,0.14325021312172545
Oakley,,034640017,Residential Low/Medium,P-1,0.0,24.0,0.1446283093655002
Oakley,,034640022,Residential Low/Medium,P-1,0.0,24.0,0.13896015433448172
Oakley,,034640023,Residential Low/Medium,P-1,0.0,24.0,0.14104922053550312
Oakley,,034640021,Residential Low/Medium,P-1,0.0,24.0,0.1533154647631375
Oakley,,034640019,Residential Low/Medium,P-1,0.0,24.0,0.14049592536615013
Oakley,,034430011,Residential Low/Medium,P-1,0.0,24.0,0.21005361062583233
Oakley,,034430012,Residential Low/Medium,P-1,0.0,24.0,0.1960540851621998
Oakley,,034430013,Residential Low/Medium,P-1,0.0,24.0,0.21156170880883812
Oakley,,034640020,Residential Low/Medium,P-1,0.0,24.0,0.15898314003852826
Oakley,,034430024,Residential Low/Medium,P-1,0.0,24.0,0.1816556225856701
Oakley,,034430025,Residential Low/Medium,P-1,0.0,24.0,0.18939436544306465
Oakley,,034290096,Residential Low/Medium,P-1,0.0,24.0,0.14403375198795126
Oakley,,034640049,Residential Low/Medium,P-1,0.0,24.0,0.15401819870131392
Oakley,,034640048,Residential Low/Medium,P-1,0.0,24.0,0.16319168733326006
Oakley,,034640050,Residential Low/Medium,P-1,0.0,24.0,0.15365733708215748
Oakley,,034290095,Residential Low/Medium,P-1,0.0,24.0,0.13773619352180733
Oakley,,034290094,Residential Low/Medium,P-1,0.0,24.0,0.13957757451065847
Oakley,,034640051,Residential Low/Medium,P-1,0.0,24.0,0.15329648109708305
Oakley,,034290093,Residential Low/Medium,P-1,0.0,24.0,0.14070581670391852
Oakley,,034290092,Residential Low/Medium,P-1,0.0,24.0,0.1816131701533457
Oakley,,034640052,Residential Low/Medium,P-1,0.0,24.0,0.15293561388162685
Oakley,,034640047,Residential Low/Medium,P-1,0.0,24.0,0.16305983189711895
Oakley,,034640046,Residential Low/Medium,P-1,0.0,24.0,0.14054221179223755
Oakley,,034260032,Residential Low/Medium,P-1,0.0,24.0,0.13964909499212833
Oakley,,034260031,Residential Low/Medium,P-1,0.0,24.0,0.14857917934526424
Oakley,,034640045,Residential Low/Medium,P-1,0.0,24.0,0.14946836628144564
Oakley,,034260030,Residential Low/Medium,P-1,0.0,24.0,0.16440820404974393
Oakley,,034260047,Residential Low/Medium,P-1,0.0,24.0,0.17097905291065613
Oakley,,034640054,Residential Low/Medium,P-1,0.0,24.0,0.15121216282464747
Oakley,,034640053,Residential Low/Medium,P-1,0.0,24.0,0.1670869572515183
Oakley,,034290125,Residential Low/Medium,R-6,0.0,7.3,0.732
Oakley,,034290126,Residential Low/Medium,R-6,0.0,7.3,0.605
Oakley,,034260075,Residential Low/Medium,P-1,0.0,24.0,0.16230244873389923
Oakley,,034260073,Residential Low/Medium,P-1,0.0,24.0,0.14358438751665198
Oakley,,034260074,Residential Low/Medium,P-1,0.0,24.0,0.14377584762723272
Oakley,,034260076,Residential Low/Medium,P-1,0.0,24.0,0.058684671736874715
Oakley,,034260071,Residential Low/Medium,P-1,0.0,24.0,0.23262203851099966
Oakley,,034260072,Residential Low/Medium,P-1,0.0,24.0,0.19142897620481825
Oakley,,034260048,Residential Low/Medium,P-1,0.0,24.0,0.15641835281626165
Oakley,,034260050,Residential Low/Medium,P-1,0.0,24.0,0.13774048982463497
Oakley,,034260067,Residential Low/Medium,P-1,0.0,24.0,0.15102907273410088
Oakley,,034260051,Residential Low/Medium,P-1,0.0,24.0,0.13774021087481372
Oakley,,034260052,Residential Low/Medium,P-1,0.0,24.0,0.1377403309592994
Oakley,,034260049,Residential Low/Medium,P-1,0.0,24.0,0.13774048025612917
Oakley,,034260046,Residential Low/Medium,P-1,0.0,24.0,0.14743409467173146
Oakley,,034260045,Residential Low/Medium,P-1,0.0,24.0,0.1423004556423893
Oakley,,034260044,Residential Low/Medium,P-1,0.0,24.0,0.13893816684953966
Oakley,,034260033,Residential Low/Medium,P-1,0.0,24.0,0.14367996095877517
Oakley,,034260042,Residential Low/Medium,P-1,0.0,24.0,0.13774537784783925
Oakley,,034260041,Residential Low/Medium,P-1,0.0,24.0,0.13774519876653268
Oakley,,034260043,Residential Low/Medium,P-1,0.0,24.0,0.13774509888743697
Oakley,,034260053,Residential Low/Medium,P-1,0.0,24.0,0.1377401710140181
Oakley,,034260054,Residential Low/Medium,P-1,0.0,24.0,0.1377400615998061
Oakley,,034260063,Residential Low/Medium,P-1,0.0,24.0,0.150977763235276
Oakley,,034260055,Residential Low/Medium,P-1,0.0,24.0,0.1377405313685822
Oakley,,034260056,Residential Low/Medium,P-1,0.0,24.0,0.13775132688948294
Oakley,,034260059,Residential Low/Medium,P-1,0.0,24.0,0.15090790153485276
Oakley,,034260058,Residential Low/Medium,P-1,0.0,24.0,0.14433861201628267
Oakley,,034260039,Residential Low/Medium,P-1,0.0,24.0,0.1377551063188947
Oakley,,034260057,Residential Low/Medium,P-1,0.0,24.0,0.15840507671592186
Oakley,,034640036,Residential Low/Medium,P-1,0.0,24.0,0.1581052970011967
Oakley,,034640037,Residential Low/Medium,P-1,0.0,24.0,0.16069781969590033
Oakley,,034260038,Residential Low/Medium,P-1,0.0,24.0,0.14462167923721525
Oakley,,034640035,Residential Low/Medium,P-1,0.0,24.0,0.15122934093442533
Oakley,,034260040,Residential Low/Medium,P-1,0.0,24.0,0.13774490377551543
Oakley,,034260037,Residential Low/Medium,P-1,0.0,24.0,0.14462136419632224
Oakley,,034260036,Residential Low/Medium,P-1,0.0,24.0,0.1446221417314136
Oakley,,034260035,Residential Low/Medium,P-1,0.0,24.0,0.14462196676226413
Oakley,,034640041,Residential Low/Medium,P-1,0.0,24.0,0.14462804010457478
Oakley,,034260034,Residential Low/Medium,P-1,0.0,24.0,0.14462119480283533
Oakley,,034640042,Residential Low/Medium,P-1,0.0,24.0,0.14462833978361467
Oakley,,034640040,Residential Low/Medium,P-1,0.0,24.0,0.14462803451038364
Oakley,,034640031,Residential Low/Medium,P-1,0.0,24.0,0.14464504061533642
Oakley,,034640038,Residential Low/Medium,P-1,0.0,24.0,0.15811602386701473
Oakley,,034640039,Residential Low/Medium,P-1,0.0,24.0,0.1446284402595382
Oakley,,034640032,Residential Low/Medium,P-1,0.0,24.0,0.14464491266263899
Oakley,,034640030,Residential Low/Medium,P-1,0.0,24.0,0.1446445682917804
Oakley,,034640029,Residential Low/Medium,P-1,0.0,24.0,0.14464456829276762
Oakley,,034640010,Residential Low/Medium,P-1,0.0,24.0,0.1446283398155486
Oakley,,034640009,Residential Low/Medium,P-1,0.0,24.0,0.14462804009280558
Oakley,,034430004,Residential Low/Medium,P-1,0.0,24.0,0.21845549722127236
Oakley,,034430003,Residential Low/Medium,P-1,0.0,24.0,0.22244153310310796
Oakley,,034640007,Residential Low/Medium,P-1,0.0,24.0,0.14808933948843578
Oakley,,034640008,Residential Low/Medium,P-1,0.0,24.0,0.1446278651519466
Oakley,,034640033,Residential Low/Medium,P-1,0.0,24.0,0.14464491268101054
Oakley,,034640034,Residential Low/Medium,P-1,0.0,24.0,0.18288692789202388
Oakley,,034640005,Residential Low/Medium,P-1,0.0,24.0,0.1410506968675852
Oakley,,034640055,Residential Low/Medium,P-1,0.0,24.0,1.89
Oakley,,034640004,Residential Low/Medium,P-1,0.0,24.0,0.16573151011677204
Oakley,,034280078,Residential Low/Medium,P-1,0.0,24.0,0.1274355438207211
Oakley,,034640003,Residential Low/Medium,P-1,0.0,24.0,0.15713041146387707
Oakley,,034640002,Residential Low/Medium,P-1,0.0,24.0,0.14582052847450702
Oakley,,034640056,Residential Low/Medium,P-1,0.0,24.0,0.02643502653178174
Oakley,,034260029,Residential Low/Medium,P-1,0.0,24.0,0.983
Oakley,,034270075,Residential Low/Medium,P-1,0.0,24.0,0.2035626107606064
Oakley,,034270074,Residential Low/Medium,P-1,0.0,24.0,0.21805537567221564
Oakley,,034270073,Residential Low/Medium,P-1,0.0,24.0,0.22355961725151885
Oakley,,034640001,Residential Low/Medium,P-1,0.0,24.0,0.1506529550291305
Oakley,,034270080,Residential Low/Medium,P-1,0.0,24.0,0.1415312830945481
Oakley,,034270072,Residential Low/Medium,P-1,0.0,24.0,0.24203826587280694
Oakley,,034270079,Residential Low/Medium,P-1,0.0,24.0,0.15711737789731026
Oakley,,034270081,Residential Low/Medium,P-1,0.0,24.0,0.19762133353635364
Oakley,,034270068,Residential Low/Medium,P-1,0.0,24.0,0.13321333539374955
Oakley,,034270069,Residential Low/Medium,P-1,0.0,24.0,0.1556068931321701
Oakley,,034270047,Residential Low/Medium,P-1,0.0,24.0,0.21780883822554944
Oakley,,034270046,Residential Low/Medium,P-1,0.0,24.0,0.2541306043382301
Oakley,,034270035,Residential Low/Medium,P-1,0.0,24.0,0.8958581636368148
Oakley,,034270077,Residential Low/Medium,P-1,0.0,24.0,0.24555629175547955
Oakley,,035240019,Rural Residential,R-40,0.0,1.1,0.9336755141432648
Oakley,,035230011,Residential Low,R-10,0.0,4.4,0.9292495201705936
Oakley,,034270076,Residential Low/Medium,P-1,0.0,24.0,0.3362527793269866
Oakley,,034260025,Residential Low/Medium,P-1,0.0,24.0,1.93
Oakley,,035230010,Residential Low,R-10,0.0,4.4,0.94390070652985
Oakley,,035230014,Residential Low,R-12,0.0,3.6,0.354704119054511
Oakley,,035230012,Residential Low,R-12,0.0,3.6,0.4826413339246545
Oakley,,035391018,Residential Low,R-10,0.0,4.4,0.27663372401350067
Oakley,,035391016,Residential Low,R-10,0.0,4.4,0.2456240446444113
Oakley,,035391017,Residential Low,R-10,0.0,4.4,0.21620445399534863
Oakley,,035230008,Residential Low,R-10,0.0,4.4,0.9486099890014802
Oakley,,035230007,Residential Low,R-10,0.0,4.4,0.9362854287724214
Oakley,,034260060,Residential Low/Medium,P-1,0.0,24.0,0.15093919417037124
Oakley,,034260061,Residential Low/Medium,P-1,0.0,24.0,0.1509521039185369
Oakley,,034260062,Residential Low/Medium,P-1,0.0,24.0,0.15096501952390212
Oakley,,034260064,Residential Low/Medium,P-1,0.0,24.0,0.1509905037438532
Oakley,,034260065,Residential Low/Medium,P-1,0.0,24.0,0.1510034193023856
Oakley,,034260066,Residential Low/Medium,P-1,0.0,24.0,0.15101633227228434
Oakley,,034260068,Residential Low/Medium,P-1,0.0,24.0,0.151041982519046
Oakley,,034260069,Residential Low/Medium,P-1,0.0,24.0,0.15054184748513838
Oakley,,034260070,Residential Low/Medium,P-1,0.0,24.0,0.1897430810986925
Oakley,,035750007,Residential Low/Medium,R-6,0.0,7.3,0.1684158942142407
Oakley,,035750008,Residential Low/Medium,R-6,0.0,7.3,0.18890249325432076
Oakley,,035750009,Residential Low/Medium,R-6,0.0,7.3,0.1401319413336706
Oakley,,035750010,Residential Low/Medium,R-6,0.0,7.3,0.13967988508507825
Oakley,,035750011,Residential Low/Medium,R-6,0.0,7.3,0.139064974200464
Oakley,,035230002,Residential Low/Medium,P-1,0.0,24.0,9.78
Oakley,,035750012,Residential Low/Medium,R-6,0.0,7.3,0.1390656916160672
Oakley,,035750013,Residential Low/Medium,R-6,0.0,7.3,0.1392981022914022
Oakley,,035230003,Residential Low,R-10,0.0,4.4,1.17
Oakley,,035750014,Residential Low/Medium,R-6,0.0,7.3,0.1451133554340928
Oakley,,035391001,Residential Low,R-10,0.0,4.4,0.2224287150309741
Oakley,,035391003,Residential Low,R-10,0.0,4.4,0.2231457849779651
Oakley,,035391002,Residential Low,R-10,0.0,4.4,0.23118317008090208
Oakley,,035392021,Residential Low,R-10,0.0,4.4,0.2225335218632179
Oakley,,035391005,Residential Low,R-10,0.0,4.4,0.23921747628391113
Oakley,,035391004,Residential Low,R-10,0.0,4.4,0.22847872916600367
Oakley,,035230004,Residential Low,R-10,0.0,4.4,1.17
Oakley,,035391007,Residential Low,R-10,0.0,4.4,0.24054923144942242
Oakley,,035230005,Residential Low,R-10,0.0,4.4,1.17
Oakley,,035391006,Residential Low,R-10,0.0,4.4,0.25122983564479395
Oakley,,035391010,Residential Low,R-10,0.0,4.4,0.23595823314894948
Oakley,,035391008,Residential Low,R-10,0.0,4.4,0.2827108913968573
Oakley,,035391009,Residential Low,R-10,0.0,4.4,0.25997153504795356
Oakley,,035391015,Residential Low,R-10,0.0,4.4,0.2484641145992557
Oakley,,035391014,Residential Low,R-10,0.0,4.4,0.24580260866752007
Oakley,,035391011,Residential Low,R-10,0.0,4.4,0.28160778238531076
Oakley,,035391012,Residential Low,R-10,0.0,4.4,0.26218734383772063
Oakley,,035392019,Residential Low,R-10,0.0,4.4,0.2382758239592742
Oakley,,035392018,Residential Low,R-10,0.0,4.4,0.24226544984375786
Oakley,,035392006,Residential Low,R-10,0.0,4.4,0.24395828011057716
Oakley,,035392007,Residential Low,R-10,0.0,4.4,0.24569154461119408
Oakley,,035361006,Residential Low,R-10,0.0,4.4,0.2608799194025975
Oakley,,035392009,Residential Low,R-10,0.0,4.4,0.25651438795314463
Oakley,,035392008,Residential Low,R-10,0.0,4.4,0.2435673065196049
Oakley,,035392010,Residential Low,R-10,0.0,4.4,0.2523475871979176
Oakley,,035392016,Residential Low,R-10,0.0,4.4,0.25147205299815517
Oakley,,035392017,Residential Low,R-10,0.0,4.4,0.24018066608479832
Oakley,,035392020,Residential Low,R-10,0.0,4.4,0.24225267353407925
Oakley,,035392022,Residential Low,R-10,0.0,4.4,0.23106860450884942
Oakley,,035392015,Residential Low,R-10,0.0,4.4,0.25377161968744305
Oakley,,035392014,Residential Low,R-10,0.0,4.4,0.23513010688323324
Oakley,,035392023,Residential Low,R-10,0.0,4.4,0.2298996997749254
Oakley,,035220005,Residential Low,R-10,0.0,4.4,12.04
Oakley,,035392013,Residential Low,R-10,0.0,4.4,0.23350519453958188
Oakley,,035361001,Residential Low,R-10,0.0,4.4,0.23679726932264542
Oakley,,035392012,Residential Low,R-10,0.0,4.4,0.26731036332167807
Oakley,,035392011,Residential Low,R-10,0.0,4.4,0.2475627840015873
Oakley,,035361002,Residential Low,R-10,0.0,4.4,0.2229865380394194
Oakley,,035361003,Residential Low,R-10,0.0,4.4,0.22904774247685308
Oakley,,035361004,Residential Low,R-10,0.0,4.4,0.2542883940900284
Oakley,,035365019,Residential Low,R-10,0.0,4.4,0.263544240469977
Oakley,,035365020,Residential Low,R-10,0.0,4.4,0.25032944358905135
Oakley,,035365021,Residential Low,R-10,0.0,4.4,1.1
Oakley,,035365014,Residential Low,R-10,0.0,4.4,0.264629189582943
Oakley,,035365016,Residential Low,R-10,0.0,4.4,0.2406957615810845
Oakley,,035365015,Residential Low,R-10,0.0,4.4,0.23517232774875718
Oakley,,035365017,Residential Low,R-10,0.0,4.4,0.2288678695294427
Oakley,,035365018,Residential Low,R-10,0.0,4.4,0.25065697588176106
Oakley,,035361005,Residential Low,R-10,0.0,4.4,0.24191503600446126
Oakley,,035361013,Residential Low,R-10,0.0,4.4,0.26119605527623274
Oakley,,035361014,Residential Low,R-10,0.0,4.4,0.2686093957118199
Oakley,,035361015,Residential Low,R-10,0.0,4.4,0.2529747102217264
Oakley,,035365009,Residential Low,R-10,0.0,4.4,0.3132281960825434
Oakley,,035361016,Residential Low,R-10,0.0,4.4,0.25303877086637633
Oakley,,035361017,Residential Low,R-10,0.0,4.4,0.2375477207823432
Oakley,,035361019,Residential Low,R-10,0.0,4.4,0.23183617497709663
Oakley,,035361018,Residential Low,R-10,0.0,4.4,0.22746356368726092
Oakley,,035361025,Residential Low,R-10,0.0,4.4,0.2366729658050661
Oakley,,035361026,Residential Low,R-10,0.0,4.4,0.23276234798070577
Oakley,,035361027,Residential Low,R-10,0.0,4.4,0.2618245736517272
Oakley,,035361028,Residential Low,R-10,0.0,4.4,0.2679126376447561
Oakley,,035361036,Residential Low,R-10,0.0,4.4,0.24644582312586316
Oakley,,035361031,Residential Low,R-10,0.0,4.4,0.2686232831893313
Oakley,,035361030,Residential Low,R-10,0.0,4.4,0.24763059098248166
Oakley,,035361010,Residential Low,R-10,0.0,4.4,0.23338611571729603
Oakley,,035361011,Residential Low,R-10,0.0,4.4,0.26393774666404946
Oakley,,035361029,Residential Low,R-10,0.0,4.4,0.2958149944905057
Oakley,,035361012,Residential Low,R-10,0.0,4.4,0.26093134489624187
Oakley,,035361007,Residential Low,R-10,0.0,4.4,0.23568044134823563
Oakley,,035361008,Residential Low,R-10,0.0,4.4,0.23590268188724547
Oakley,,035392005,Residential Low,R-10,0.0,4.4,0.222849592410745
Oakley,,035392004,Residential Low,R-10,0.0,4.4,0.2600306822828608
Oakley,,035361009,Residential Low,R-10,0.0,4.4,0.23724076286179344
Oakley,,035361032,Residential Low,R-10,0.0,4.4,0.2699665773075501
Oakley,,035361033,Residential Low,R-10,0.0,4.4,0.240681093295199
Oakley,,035392003,Residential Low,R-10,0.0,4.4,0.2380206111142612
Oakley,,035391013,Residential Low,R-10,0.0,4.4,0.24242217023342527
Oakley,,035391021,Residential Low,R-10,0.0,4.4,0.23600158226502732
Oakley,,035392002,Residential Low,R-10,0.0,4.4,0.24478257924575011
Oakley,,035361034,Residential Low,R-10,0.0,4.4,0.2618399946488979
Oakley,,035392001,Residential Low,R-10,0.0,4.4,0.23092491090698597
Oakley,,035361035,Residential Low,R-10,0.0,4.4,0.2520730563193048
Oakley,,035361039,Residential Low,R-10,0.0,4.4,0.23023717009765254
Oakley,,035361040,Residential Low,R-10,0.0,4.4,0.2308900760201628
Oakley,,035361041,Residential Low,R-10,0.0,4.4,0.2348264075151278
Oakley,,035364003,Residential Low,R-10,0.0,4.4,0.22663419391754763
Oakley,,035364004,Residential Low,R-10,0.0,4.4,0.22623279867518134
Oakley,,035491020,Residential Medium,P-1,0.0,24.0,0.12271487750580477
Oakley,,035364005,Residential Low,R-10,0.0,4.4,0.229043987325199
Oakley,,035361038,Residential Low,R-10,0.0,4.4,0.23725687409073998
Oakley,,035361037,Residential Low,R-10,0.0,4.4,0.2269207046976571
Oakley,,035361023,Residential Low,R-10,0.0,4.4,0.22911369516410424
Oakley,,035361024,Residential Low,R-10,0.0,4.4,0.23741050021973362
Oakley,,035361020,Residential Low,R-10,0.0,4.4,0.23478425580446063
Oakley,,035361021,Residential Low,R-10,0.0,4.4,0.22820060103176845
Oakley,,035361022,Residential Low,R-10,0.0,4.4,0.2390760373501995
Oakley,,035364010,Residential Low,R-10,0.0,4.4,0.23439984996912003
Oakley,,035491031,Residential Medium,P-1,0.0,24.0,0.12348124883968267
Oakley,,035491030,Residential Medium,P-1,0.0,24.0,0.11095441778734692
Oakley,,035491029,Residential Medium,P-1,0.0,24.0,0.085647462133802
Oakley,,035364009,Residential Low,R-10,0.0,4.4,0.22968761147789762
Oakley,,035491028,Residential Medium,P-1,0.0,24.0,0.08489502659653755
Oakley,,035491027,Residential Medium,P-1,0.0,24.0,0.08519454700605736
Oakley,,035491026,Residential Medium,P-1,0.0,24.0,0.09539617858702004
Oakley,,035364008,Residential Low,R-10,0.0,4.4,0.22881097461141994
Oakley,,035364006,Residential Low,R-10,0.0,4.4,0.22783940186449178
Oakley,,035364007,Residential Low,R-10,0.0,4.4,0.22480593793649664
Oakley,,035491025,Residential Medium,P-1,0.0,24.0,0.08374859620522408
Oakley,,035491024,Residential Medium,P-1,0.0,24.0,0.08716253385625626
Oakley,,035491023,Residential Medium,P-1,0.0,24.0,0.08947710289883953
Oakley,,035491022,Residential Medium,P-1,0.0,24.0,0.08968892550889222
Oakley,,035491021,Residential Medium,P-1,0.0,24.0,0.08938580258268505
Oakley,,035492006,Residential Medium,P-1,0.0,24.0,0.08856265583400351
Oakley,,035492005,Residential Medium,P-1,0.0,24.0,0.08578332460591573
Oakley,,035492004,Residential Medium,P-1,0.0,24.0,0.08537190610660735
Oakley,,035492012,Residential Medium,P-1,0.0,24.0,0.0879382478229847
Oakley,,035492003,Residential Medium,P-1,0.0,24.0,0.08924268927668022
Oakley,,035492002,Residential Medium,P-1,0.0,24.0,0.08769837298114258
Oakley,,035492001,Residential Medium,P-1,0.0,24.0,0.10203906732662249
Oakley,,035481005,Residential Medium,P-1,0.0,24.0,0.07962797185253984
Oakley,,035491032,Residential Medium,P-1,0.0,24.0,0.0851064385813413
Oakley,,035491033,Residential Medium,P-1,0.0,24.0,0.08249605720930632
Oakley,,035491034,Residential Medium,P-1,0.0,24.0,0.08421872048483747
Oakley,,035491035,Residential Medium,P-1,0.0,24.0,0.08378847512432999
Oakley,,035491036,Residential Medium,P-1,0.0,24.0,0.10411852676048015
Oakley,,035492014,Residential Medium,P-1,0.0,24.0,0.09996504366430517
Oakley,,035492013,Residential Medium,P-1,0.0,24.0,0.08456734761121378
Oakley,,035490001,Residential Medium,P-1,0.0,24.0,0.10180830555776262
Oakley,,035490003,Residential Medium,P-1,0.0,24.0,0.08514597093416845
Oakley,,035490002,Residential Medium,P-1,0.0,24.0,0.0850163172060381
Oakley,,035480047,Residential Medium,P-1,0.0,24.0,0.08888856699364184
Oakley,,035490004,Residential Medium,P-1,0.0,24.0,0.09113822018392512
Oakley,,035490005,Residential Medium,P-1,0.0,24.0,0.10667140964360577
Oakley,,035490017,Residential Medium,P-1,0.0,24.0,0.09170266905484754
Oakley,,035490016,Residential Medium,P-1,0.0,24.0,0.08669238252427562
Oakley,,035490015,Residential Medium,P-1,0.0,24.0,0.10915700746138772
Oakley,,035490018,Residential Medium,P-1,0.0,24.0,0.09912153971081719
Oakley,,035490019,Residential Medium,P-1,0.0,24.0,0.0846611019138213
Oakley,,035490020,Residential Medium,P-1,0.0,24.0,0.08672985001587599
Oakley,,035490021,Residential Medium,P-1,0.0,24.0,0.09022618511270636
Oakley,,035490023,Residential Medium,P-1,0.0,24.0,0.0822785007264046
Oakley,,035490022,Residential Medium,P-1,0.0,24.0,0.10853622095067489
Oakley,,035490014,Residential Medium,P-1,0.0,24.0,0.12575818909378472
Oakley,,035490027,Residential Medium,P-1,0.0,24.0,0.07928168689414376
Oakley,,035490026,Residential Medium,P-1,0.0,24.0,0.0807762272986299
Oakley,,035490025,Residential Medium,P-1,0.0,24.0,0.0800840544997596
Oakley,,035490024,Residential Medium,P-1,0.0,24.0,0.09867482915632324
Oakley,,035492011,Residential Medium,P-1,0.0,24.0,0.08257602338377878
Oakley,,035492010,Residential Medium,P-1,0.0,24.0,0.08238651502104949
Oakley,,035492009,Residential Medium,P-1,0.0,24.0,0.08432135547468642
Oakley,,035492008,Residential Medium,P-1,0.0,24.0,0.10437733606342041
Oakley,,035492007,Residential Medium,P-1,0.0,24.0,0.10842718311614208
Oakley,,035491017,Residential Medium,P-1,0.0,24.0,0.09684047179632953
Oakley,,035491016,Residential Medium,P-1,0.0,24.0,0.08213467327297291
Oakley,,035491015,Residential Medium,P-1,0.0,24.0,0.08643669739510138
Oakley,,035491014,Residential Medium,P-1,0.0,24.0,0.08667919515690879
Oakley,,035491013,Residential Medium,P-1,0.0,24.0,0.08692370836190383
Oakley,,035250018,Residential Low,P-1,0.0,24.0,0.59
Oakley,,035250014,Residential Low,P-1,0.0,24.0,0.20092668078636164
Oakley,,035491012,Residential Medium,P-1,0.0,24.0,0.08278838818473894
Oakley,,035491011,Residential Medium,P-1,0.0,24.0,0.08444084708564319
Oakley,,035491010,Residential Medium,P-1,0.0,24.0,0.08572693364949995
Oakley,,035250005,Residential Low,R-10,0.0,4.4,3.33
Oakley,,035491009,Residential Medium,P-1,0.0,24.0,0.08513071542692649
Oakley,,035491008,Residential Medium,P-1,0.0,24.0,0.08478204287345809
Oakley,,035491007,Residential Medium,P-1,0.0,24.0,0.08270500767833111
Oakley,,035250020,Residential Low,P-1,0.0,24.0,0.171
Oakley,,035250019,Residential Low,P-1,0.0,24.0,0.138
Oakley,,035250059,Residential Low,P-1,0.0,24.0,0.16360342153715748
Oakley,,035250058,Residential Low,P-1,0.0,24.0,0.1609822781907945
Oakley,,035250049,Residential Low,P-1,0.0,24.0,0.1651025176602953
Oakley,,035250048,Residential Low,P-1,0.0,24.0,0.16496175225016807
Oakley,,035250061,Residential Low,P-1,0.0,24.0,0.16376311939752752
Oakley,,035250060,Residential Low,P-1,0.0,24.0,0.1649771221660569
Oakley,,035250062,Residential Low,P-1,0.0,24.0,0.16208696829700175
Oakley,,035250047,Residential Low,P-1,0.0,24.0,0.16293123353708103
Oakley,,035250063,Residential Low,P-1,0.0,24.0,1.321274673790528
Oakley,,035250009,Residential Low,P-1,0.0,24.0,0.17219527020847913
Oakley,,035250015,Residential Low,P-1,0.0,24.0,0.14184661967277887
Oakley,,035250016,Residential Low,P-1,0.0,24.0,0.17656077514894652
Oakley,,035250013,Residential Low,P-1,0.0,24.0,0.1673382076827781
Oakley,,035491018,Residential Medium,P-1,0.0,24.0,0.0892833925508919
Oakley,,035491019,Residential Medium,P-1,0.0,24.0,0.14252464806249143
Oakley,,035250012,Residential Low,P-1,0.0,24.0,0.176878638993767
Oakley,,035250011,Residential Low,P-1,0.0,24.0,0.22864325749344894
Oakley,,035250010,Residential Low,P-1,0.0,24.0,0.1617848899819884
Oakley,,035364001,Residential Low,R-10,0.0,4.4,0.23837633399933747
Oakley,,035364002,Residential Low,R-10,0.0,4.4,0.21998509633127047
Oakley,,035363001,Residential Low,R-10,0.0,4.4,0.2343028415886231
Oakley,,035362001,Residential Low,R-10,0.0,4.4,0.23715889594750345
Oakley,,035391020,Residential Low,R-10,0.0,4.4,0.2333897465370651
Oakley,,035391019,Residential Low,R-10,0.0,4.4,0.2848828616990842
Oakley,,035362002,Residential Low,R-10,0.0,4.4,0.2531531698806741
Oakley,,035362003,Residential Low,R-10,0.0,4.4,0.29066262594310766
Oakley,,035362007,Residential Low,R-10,0.0,4.4,0.2490636851174568
Oakley,,035362006,Residential Low,R-10,0.0,4.4,0.3580022406743541
Oakley,,035363002,Residential Low,R-10,0.0,4.4,0.2918255143299396
Oakley,,035230013,Residential Low,R-12,0.0,3.6,0.29509646567120473
Oakley,,035240018,Rural Residential,R-40,0.0,1.1,1.329
Oakley,,035250022,Residential Low,P-1,0.0,24.0,0.16640547099910727
Oakley,,035240012,Rural Residential,R-40,0.0,1.1,1.116
Oakley,,035250023,Residential Low,P-1,0.0,24.0,0.16082721055764773
Oakley,,035250024,Residential Low,P-1,0.0,24.0,0.17933869595682858
Oakley,,035250025,Residential Low,P-1,0.0,24.0,0.18192689639087498
Oakley,,035250027,Residential Low,P-1,0.0,24.0,0.16720310943076214
Oakley,,035250026,Residential Low,P-1,0.0,24.0,0.17728912827183083
Oakley,,035250050,Residential Low,P-1,0.0,24.0,0.1614969753614515
Oakley,,035250051,Residential Low,P-1,0.0,24.0,0.16069763896616485
Oakley,,035250029,Residential Low,P-1,0.0,24.0,0.16528732359407983
Oakley,,035250028,Residential Low,P-1,0.0,24.0,0.16590835896059664
Oakley,,035240013,Rural Residential,R-40,0.0,1.1,1.162
Oakley,,035240014,Rural Residential,R-40,0.0,1.1,1.162
Oakley,,035240020,Rural Residential,R-40,0.0,1.1,0.9215094224543736
Oakley,,035240021,Rural Residential,R-40,0.0,1.1,0.9148290053689547
Oakley,,034270048,Residential Low/Medium,P-1,0.0,24.0,0.20255131860248832
Oakley,,035240022,Rural Residential,R-40,0.0,1.1,0.9271378014972225
Oakley,,035240023,Rural Residential,R-40,0.0,1.1,0.9152408536953894
Oakley,,035240029,Commercial,C,0.0,0.0,0.7807554828680274
Oakley,,035240028,Commercial,C,0.0,0.0,0.7786180458846456
Oakley,,035240009,Rural Residential,AL,0.0,0.0,1.0373624595655788
Oakley,,035240010,Rural Residential,AL,0.0,0.0,1.0449226617880545
Oakley,,035250031,Residential Low,P-1,0.0,24.0,0.16528851475743156
Oakley,,035250030,Residential Low,P-1,0.0,24.0,0.1652891552112279
Oakley,,035250052,Residential Low,P-1,0.0,24.0,0.16069766093113647
Oakley,,035250053,Residential Low,P-1,0.0,24.0,0.16069716842212367
Oakley,,035250054,Residential Low,P-1,0.0,24.0,0.17167854622911577
Oakley,,035250032,Residential Low,P-1,0.0,24.0,0.16529038203263513
Oakley,,035250033,Residential Low,P-1,0.0,24.0,0.16528618363546257
Oakley,,035250034,Residential Low,P-1,0.0,24.0,0.165289516656555
Oakley,,035250044,Residential Low,P-1,0.0,24.0,0.1927309856815021
Oakley,,035250043,Residential Low,P-1,0.0,24.0,0.25033544391756835
Oakley,,035250036,Residential Low,P-1,0.0,24.0,0.20200654721086048
Oakley,,035250035,Residential Low,P-1,0.0,24.0,0.1652884455230897
Oakley,,035240004,Rural Residential,R-40,0.0,1.1,0.72
Oakley,,035240005,Rural Residential,R-40,0.0,1.1,1.24
Oakley,,035240006,Rural Residential,R-40,0.0,1.1,0.32
Oakley,,035250037,Residential Low,P-1,0.0,24.0,0.23654077949369665
Oakley,,035250039,Residential Low,P-1,0.0,24.0,0.17419499900780042
Oakley,,035250038,Residential Low,P-1,0.0,24.0,0.1951715194940756
Oakley,,033320018,Residential Low,P-1,0.0,24.0,0.18448643803277065
Oakley,,033320016,Residential Low,P-1,0.0,24.0,0.27344677636723475
Oakley,,033320017,Residential Low,P-1,0.0,24.0,0.21518706463822287
Oakley,,033320015,Residential Low,P-1,0.0,24.0,0.273368841784792
Oakley,,035250064,Residential Low,P-1,0.0,24.0,0.19518734666663523
Oakley,,035250040,Residential Low,P-1,0.0,24.0,0.28433348315027723
Oakley,,035250002,Residential Low,R-10,0.0,4.4,0.5
Oakley,,035250041,Residential Low,P-1,0.0,24.0,0.2888168989569975
Oakley,,035250045,Residential Low,P-1,0.0,24.0,0.1836569880280165
Oakley,,035250042,Residential Low,P-1,0.0,24.0,0.2476912127191231
Oakley,,035250046,Residential Low,P-1,0.0,24.0,0.1834244681372736
Oakley,,035250055,Residential Low,P-1,0.0,24.0,0.1716895901088099
Oakley,,035250056,Residential Low,P-1,0.0,24.0,0.16071138669424095
Oakley,,035250057,Residential Low,P-1,0.0,24.0,0.16071051622847343
Oakley,,035491006,Residential Medium,P-1,0.0,24.0,0.08671526042079217
Oakley,,035491005,Residential Medium,P-1,0.0,24.0,0.08580032404037549
Oakley,,035491004,Residential Medium,P-1,0.0,24.0,0.08709427745204548
Oakley,,035491003,Residential Medium,P-1,0.0,24.0,0.08251934678134801
Oakley,,035491001,Residential Medium,P-1,0.0,24.0,0.11369736298596858
Oakley,,035491002,Residential Medium,P-1,0.0,24.0,0.08356817021899712
Oakley,,035263028,Residential Medium,P-1,0.0,24.0,0.0954308564296981
Oakley,,035263027,Residential Medium,P-1,0.0,24.0,0.1057846838620255
Oakley,,035263025,Residential Medium,P-1,0.0,24.0,0.08482735900268552
Oakley,,035263026,Residential Medium,P-1,0.0,24.0,0.13503601070846613
Oakley,,035490032,Residential Medium,P-1,0.0,24.0,0.10930177730443813
Oakley,,035490031,Residential Medium,P-1,0.0,24.0,0.09375979065274267
Oakley,,035490030,Residential Medium,P-1,0.0,24.0,0.08764061971405251
Oakley,,035490029,Residential Medium,P-1,0.0,24.0,0.08274667618344549
Oakley,,035490028,Residential Medium,P-1,0.0,24.0,0.08140509988256373
Oakley,,035490013,Residential Medium,P-1,0.0,24.0,0.10826320720589457
Oakley,,035490012,Residential Medium,P-1,0.0,24.0,0.13903824735622727
Oakley,,035490011,Residential Medium,P-1,0.0,24.0,0.15956767583993137
Oakley,,035263024,Residential Medium,P-1,0.0,24.0,0.09078140557697809
Oakley,,035490009,Residential Medium,P-1,0.0,24.0,0.09257300285128776
Oakley,,035490010,Residential Medium,P-1,0.0,24.0,0.09389078650269654
Oakley,,035490008,Residential Medium,P-1,0.0,24.0,0.09835722025193244
Oakley,,035490007,Residential Medium,P-1,0.0,24.0,0.0910526689214889
Oakley,,035490006,Residential Medium,P-1,0.0,24.0,0.12176639171433422
Oakley,,035263019,Residential Medium,P-1,0.0,24.0,0.09172065400503902
Oakley,,035263018,Residential Medium,P-1,0.0,24.0,0.09171622703330935
Oakley,,035263020,Residential Medium,P-1,0.0,24.0,0.08734807470902552
Oakley,,035263021,Residential Medium,P-1,0.0,24.0,0.09171610504773245
Oakley,,035263022,Residential Medium,P-1,0.0,24.0,0.09171792734600599
Oakley,,035263023,Residential Medium,P-1,0.0,24.0,0.08735013509014462
Oakley,,035263075,Residential Medium,P-1,0.0,24.0,0.09357550710432286
Oakley,,035263076,Residential Medium,P-1,0.0,24.0,0.0945366808506398
Oakley,,035263044,Residential Medium,P-1,0.0,24.0,0.08956950061367572
Oakley,,035263045,Residential Medium,P-1,0.0,24.0,0.0953492041721864
Oakley,,035263036,Residential Medium,P-1,0.0,24.0,0.09820064411146087
Oakley,,035263043,Residential Medium,P-1,0.0,24.0,0.0855524187540578
Oakley,,035263042,Residential Medium,P-1,0.0,24.0,0.0905352479183296
Oakley,,035263041,Residential Medium,P-1,0.0,24.0,0.09470491146508923
Oakley,,035263040,Residential Medium,P-1,0.0,24.0,0.09689974461836626
Oakley,,035263039,Residential Medium,P-1,0.0,24.0,0.08559700961239498
Oakley,,035263038,Residential Medium,P-1,0.0,24.0,0.09260726835464017
Oakley,,035263037,Residential Medium,P-1,0.0,24.0,0.10484730442702285
Oakley,,035263029,Residential Medium,P-1,0.0,24.0,0.08930886314584242
Oakley,,035263030,Residential Medium,P-1,0.0,24.0,0.08941258986791022
Oakley,,035263031,Residential Medium,P-1,0.0,24.0,0.0895095052019295
Oakley,,035263032,Residential Medium,P-1,0.0,24.0,0.0898706787351248
Oakley,,035263033,Residential Medium,P-1,0.0,24.0,0.16070243748867644
Oakley,,035263034,Residential Medium,P-1,0.0,24.0,0.145936551382322
Oakley,,035263035,Residential Medium,P-1,0.0,24.0,0.08948171805210396
Oakley,,035263046,Residential Medium,P-1,0.0,24.0,0.16158925208505334
Oakley,,035263047,Residential Medium,P-1,0.0,24.0,0.10879587792025316
Oakley,,033240005,Commercial,C,0.0,0.0,0.06
Oakley,,033240002,Commercial,C,0.0,0.0,0.816
Oakley,,033240003,Commercial,C,0.0,0.0,0.855
Oakley,,035493001,Commercial,RB,0.0,0.0,1.021650654182837
Oakley,,035250008,Commercial,RB,0.0,0.0,1.282
Oakley,,033320014,Residential Low,P-1,0.0,24.0,0.16735330933550266
Oakley,,033320013,Residential Low,P-1,0.0,24.0,0.18784797208776735
Oakley,,033320012,Residential Low,P-1,0.0,24.0,0.19138639519082248
Oakley,,033320033,Commercial,P-1,0.0,24.0,1.69
Oakley,,033280105,Residential Medium,P-1,0.0,24.0,1.51
Oakley,,033390002,Residential Low,P-1,0.0,24.0,0.2460460493091769
Oakley,,033390003,Residential Low,P-1,0.0,24.0,0.1593952321486054
Oakley,,033390004,Residential Low,P-1,0.0,24.0,0.1245847545276471
Oakley,,033390005,Residential Low,P-1,0.0,24.0,0.12417511912017812
Oakley,,033390006,Residential Low,P-1,0.0,24.0,0.12419877519649115
Oakley,,033240004,Commercial,C,0.0,0.0,2.901
Oakley,,033380003,Residential Low,P-1,0.0,24.0,0.13406008913282777
Oakley,,033380004,Residential Low,P-1,0.0,24.0,0.13771650974032495
Oakley,,033380002,Residential Low,P-1,0.0,24.0,0.12569063136116812
Oakley,,033380001,Residential Low,P-1,0.0,24.0,0.1240497276499408
Oakley,,033380032,Residential Low,P-1,0.0,24.0,0.13244061056009765
Oakley,,033380033,Residential Low,P-1,0.0,24.0,0.12906870226779107
Oakley,,033380034,Residential Low,P-1,0.0,24.0,0.11478223284267446
Oakley,,033380035,Residential Low,P-1,0.0,24.0,0.12625837275840518
Oakley,,033390052,Residential Low,P-1,0.0,24.0,0.14852862165845118
Oakley,,033390051,Residential Low,P-1,0.0,24.0,0.13853536194355687
Oakley,,033390001,Residential Low,P-1,0.0,24.0,0.15109236524763245
Oakley,,033390054,Residential Low,P-1,0.0,24.0,1.158334411082315
Oakley,,033390050,Residential Low,P-1,0.0,24.0,0.20096172808702123
Oakley,,033390049,Residential Low,P-1,0.0,24.0,0.11508889201487223
Oakley,,033390048,Residential Low,P-1,0.0,24.0,0.1262615584386941
Oakley,,033390047,Residential Low,P-1,0.0,24.0,0.13772528732624723
Oakley,,033390046,Residential Low,P-1,0.0,24.0,0.1296143833609699
Oakley,,033390045,Residential Low,P-1,0.0,24.0,0.134083794260782
Oakley,,033390044,Residential Low,P-1,0.0,24.0,0.14097541996359386
Oakley,,033390043,Residential Low,P-1,0.0,24.0,0.14370099061189365
Oakley,,033390009,Residential Low,P-1,0.0,24.0,0.13788805825248143
Oakley,,033390010,Residential Low,P-1,0.0,24.0,0.1316323407519905
Oakley,,033390011,Residential Low,P-1,0.0,24.0,0.12550210023820335
Oakley,,033012012,Residential High,M-12,9.1,12.0,2.316
Oakley,,033390008,Residential Low,P-1,0.0,24.0,0.1379973640861787
Oakley,,033390007,Residential Low,P-1,0.0,24.0,0.13228640483910759
Oakley,,033380031,Residential Low,P-1,0.0,24.0,0.12572110966708314
Oakley,,033380030,Residential Low,P-1,0.0,24.0,0.12519439807921523
Oakley,,033380029,Residential Low,P-1,0.0,24.0,0.12520030505545154
Oakley,,033380028,Residential Low,P-1,0.0,24.0,0.125208932979626
Oakley,,033380026,Residential Low,P-1,0.0,24.0,0.1252251667450416
Oakley,,033380025,Residential Low,P-1,0.0,24.0,0.13621473929119166
Oakley,,033380027,Residential Low,P-1,0.0,24.0,0.12521628360801598
Oakley,,033380037,Residential Low,P-1,0.0,24.0,0.1593726062961812
Oakley,,033380036,Residential Low,P-1,0.0,24.0,0.1331513570040896
Oakley,,033380046,Residential Low,P-1,0.0,24.0,0.15231352575524465
Oakley,,033380045,Residential Low,P-1,0.0,24.0,0.1480758190751763
Oakley,,033380044,Residential Low,P-1,0.0,24.0,0.11506561787892947
Oakley,,033380043,Residential Low,P-1,0.0,24.0,0.11966198324973362
Oakley,,033380038,Residential Low,P-1,0.0,24.0,0.1448136922506127
Oakley,,033380041,Residential Low,P-1,0.0,24.0,0.1388414843916377
Oakley,,033380042,Residential Low,P-1,0.0,24.0,0.12920724324016591
Oakley,,033380005,Residential Low,P-1,0.0,24.0,0.13582572355025968
Oakley,,033380006,Residential Low,P-1,0.0,24.0,0.12585670281416833
Oakley,,033380007,Residential Low,P-1,0.0,24.0,0.12549695548060194
Oakley,,033380008,Residential Low,P-1,0.0,24.0,0.12403866793864639
Oakley,,033380009,Residential Low,P-1,0.0,24.0,0.12405932861608103
Oakley,,033380039,Residential Low,P-1,0.0,24.0,0.2094005384849125
Oakley,,033380040,Residential Low,P-1,0.0,24.0,0.1579749614966971
Oakley,,033380021,Residential Low,P-1,0.0,24.0,0.18910765569333585
Oakley,,033380010,Residential Low,P-1,0.0,24.0,0.12408106199265591
Oakley,,033380020,Residential Low,P-1,0.0,24.0,0.14272365050243485
Oakley,,033380019,Residential Low,P-1,0.0,24.0,0.21068765963605254
Oakley,,033380022,Residential Low,P-1,0.0,24.0,0.20087960329406454
Oakley,,033380024,Residential Low,P-1,0.0,24.0,0.13705096159641086
Oakley,,033380023,Residential Low,P-1,0.0,24.0,0.1494115192786497
Oakley,,033380018,Residential Low,P-1,0.0,24.0,0.17799302716158913
Oakley,,033380017,Residential Low,P-1,0.0,24.0,0.1939182127762175
Oakley,,033380016,Residential Low,P-1,0.0,24.0,0.1592985172004335
Oakley,,033380014,Residential Low,P-1,0.0,24.0,0.12668574015823592
Oakley,,033380015,Residential Low,P-1,0.0,24.0,0.13404605854910298
Oakley,,033240017,Commercial,C,0.0,0.0,0.558
Oakley,,033380012,Residential Low,P-1,0.0,24.0,0.12412524443176443
Oakley,,033380013,Residential Low,P-1,0.0,24.0,0.11793728540271346
Oakley,,033380011,Residential Low,P-1,0.0,24.0,0.12410465515409823
Oakley,,033240009,Commercial,C,0.0,0.0,0.207
Oakley,,033240010,Commercial,C,0.0,0.0,0.649
Oakley,,033240XXX,Commercial,C,0.0,0.0,0.21153793767447887
Oakley,,035263048,Residential Medium,P-1,0.0,24.0,0.08828646221608831
Oakley,,035263049,Residential Medium,P-1,0.0,24.0,0.09191964009130384
Oakley,,033240006,Commercial,C,0.0,0.0,0.28
Oakley,,033240016,Commercial,C,0.0,0.0,0.515
Oakley,,035263054,Residential Medium,P-1,0.0,24.0,0.11607693525322875
Oakley,,035263055,Residential Medium,P-1,0.0,24.0,0.17781420927744776
Oakley,,035263056,Residential Medium,P-1,0.0,24.0,0.12048343018223356
Oakley,,035263057,Residential Medium,P-1,0.0,24.0,0.09136122543041793
Oakley,,035263081,Residential Medium,P-1,0.0,24.0,0.09516113742333149
Oakley,,035263053,Residential Medium,P-1,0.0,24.0,0.08845529402286434
Oakley,,035263052,Residential Medium,P-1,0.0,24.0,0.09204407725842369
Oakley,,035263051,Residential Medium,P-1,0.0,24.0,0.09190252287534559
Oakley,,035263050,Residential Medium,P-1,0.0,24.0,0.09191276711609993
Oakley,,035263077,Residential Medium,P-1,0.0,24.0,0.08766541189600464
Oakley,,035263079,Residential Medium,P-1,0.0,24.0,0.08668161309120458
Oakley,,035263078,Residential Medium,P-1,0.0,24.0,0.08624313403738945
Oakley,,035263074,Residential Medium,P-1,0.0,24.0,0.07988450338994664
Oakley,,035263073,Residential Medium,P-1,0.0,24.0,0.08388321732902063
Oakley,,035263072,Residential Medium,P-1,0.0,24.0,0.08388117745387834
Oakley,,035263071,Residential Medium,P-1,0.0,24.0,0.07988535838874067
Oakley,,035263080,Residential Medium,P-1,0.0,24.0,0.08712624081821191
Oakley,,035263070,Residential Medium,P-1,0.0,24.0,0.09272787752941271
Oakley,,035263017,Residential Medium,P-1,0.0,24.0,0.08484420308087694
Oakley,,035263015,Residential Medium,P-1,0.0,24.0,0.09171750706318775
Oakley,,035263016,Residential Medium,P-1,0.0,24.0,0.09422248081887602
Oakley,,035480046,Residential Medium,P-1,0.0,24.0,0.1384687599055774
Oakley,,035480045,Residential Medium,P-1,0.0,24.0,0.13854183266764572
Oakley,,035263014,Residential Medium,P-1,0.0,24.0,0.08735082686633823
Oakley,,035263013,Residential Medium,P-1,0.0,24.0,0.09172022764100526
Oakley,,035263011,Residential Medium,P-1,0.0,24.0,0.09171706039213888
Oakley,,035263012,Residential Medium,P-1,0.0,24.0,0.09171849767958667
Oakley,,035263059,Residential Medium,P-1,0.0,24.0,0.09185209496483458
Oakley,,035263058,Residential Medium,P-1,0.0,24.0,0.08645713956393482
Oakley,,035263060,Residential Medium,P-1,0.0,24.0,0.08676503171465307
Oakley,,035263061,Residential Medium,P-1,0.0,24.0,0.08677940895167693
Oakley,,035263010,Residential Medium,P-1,0.0,24.0,0.08735056528292154
Oakley,,035263009,Residential Medium,P-1,0.0,24.0,0.09172096689521705
Oakley,,035263008,Residential Medium,P-1,0.0,24.0,0.0917199612880344
Oakley,,035263064,Residential Medium,P-1,0.0,24.0,0.08264123513961852
Oakley,,035263065,Residential Medium,P-1,0.0,24.0,0.0867751640345684
Oakley,,035263063,Residential Medium,P-1,0.0,24.0,0.08677223561085161
Oakley,,035263062,Residential Medium,P-1,0.0,24.0,0.08677473234674746
Oakley,,035263067,Residential Medium,P-1,0.0,24.0,0.08677188674035666
Oakley,,035263066,Residential Medium,P-1,0.0,24.0,0.08677412377409086
Oakley,,035263068,Residential Medium,P-1,0.0,24.0,0.08264165371588601
Oakley,,035263069,Residential Medium,P-1,0.0,24.0,0.11156966641077938
Oakley,,035263082,Commercial,RB,0.0,0.0,1.39
Oakley,,035282062,Commercial,C,0.0,0.0,0.027
Oakley,,035282058,Commercial,C,0.0,0.0,1.151
Oakley,,033240014,Commercial,C,0.0,0.0,0.524
Oakley,,035282064,,P-1,0.0,24.0,0.25
Oakley,,035282012,Commercial,C,0.0,0.0,0.29
Oakley,,035282056,Commercial,C,0.0,0.0,1.886
Oakley,,035282038,Commercial,C,0.0,0.0,1.56
Oakley,,035282048,Commercial,C,0.0,0.0,7.94
Oakley,,703528014,Commercial,C,0.0,0.0,7.379317769476246
Oakley,,703528018,Commercial,C,0.0,0.0,7.379317769476246
Oakley,,703528022,Commercial,C,0.0,0.0,7.379317769476246
Oakley,,703528031,Commercial,C,0.0,0.0,7.379317769476246
Oakley,,703528033,Commercial,C,0.0,0.0,7.379317769476246
Oakley,,703528038,Commercial,C,0.0,0.0,7.379317769476246
Oakley,,703528040,Commercial,C,0.0,0.0,7.379317769476246
Oakley,,703528044,Commercial,C,0.0,0.0,7.379317769476246
Oakley,,703528045,Commercial,C,0.0,0.0,7.379317769476246
Oakley,,703528046,Commercial,C,0.0,0.0,7.379317769476246
Oakley,,703528047,Commercial,C,0.0,0.0,7.379317769476246
Oakley,,703528048,Commercial,C,0.0,0.0,7.379317769476246
Oakley,,703528050,Commercial,C,0.0,0.0,7.379317769476246
Oakley,,703528058,Commercial,C,0.0,0.0,7.379317769476246
Oakley,,703528060,Commercial,C,0.0,0.0,7.379317769476246
Oakley,,703528063,Commercial,C,0.0,0.0,7.379317769476246
Oakley,,703528065,Commercial,C,0.0,0.0,7.379317769476246
Oakley,,703528049,Commercial,C,0.0,0.0,7.379317769476246
Oakley,,703528059,Commercial,C,0.0,0.0,7.379317769476246
Oakley,,035730040,Residential Medium,P-1,0.0,24.0,0.0
Oakley,,035730041,Residential Medium,P-1,0.0,24.0,0.0
Oakley,,035730042,Residential Medium,P-1,0.0,24.0,0.0
Oakley,,035730043,Residential Medium,P-1,0.0,24.0,0.0
Oakley,,035730044,Residential Medium,P-1,0.0,24.0,0.0
Oakley,,035730045,Residential Medium,P-1,0.0,24.0,0.0
Oakley,,035730046,Residential Medium,P-1,0.0,24.0,0.0
Oakley,,035730047,Residential Medium,P-1,0.0,24.0,0.0
Oakley,,035730015,Residential Medium,P-1,0.0,24.0,0.0
Oakley,,035730016,Residential Medium,P-1,0.0,24.0,0.0
Oakley,,035730014,Residential Medium,P-1,0.0,24.0,0.0
Oakley,,035730048,Residential Medium,P-1,0.0,24.0,0.0
Oakley,,035730049,Residential Medium,P-1,0.0,24.0,0.0
Oakley,,035730050,Residential Medium,P-1,0.0,24.0,0.0
Oakley,,035730051,Residential Medium,P-1,0.0,24.0,0.0
Oakley,,035730001,Residential Medium,P-1,0.0,24.0,0.0
Oakley,,035730002,Residential Medium,P-1,0.0,24.0,0.0
Oakley,,035730003,Residential Medium,P-1,0.0,24.0,0.0
Oakley,,035730005,Residential Medium,P-1,0.0,24.0,0.0
Oakley,,035730004,Residential Medium,P-1,0.0,24.0,0.0
Oakley,,035730013,Residential Medium,P-1,0.0,24.0,0.0
Oakley,,035730008,Residential Medium,P-1,0.0,24.0,0.0
Oakley,,035730006,Residential Medium,P-1,0.0,24.0,0.0
Oakley,,035730007,Residential Medium,P-1,0.0,24.0,0.0
Oakley,,035730009,Residential Medium,P-1,0.0,24.0,0.0
Oakley,,035740135,Residential Medium,P-1,0.0,24.0,0.0
Oakley,,035740121,Residential Medium,P-1,0.0,24.0,0.0
Oakley,,035740122,Residential Medium,P-1,0.0,24.0,0.0
Oakley,,035740123,Residential Medium,P-1,0.0,24.0,0.0
Oakley,,035740124,Residential Medium,P-1,0.0,24.0,0.0
Oakley,,035740125,Residential Medium,P-1,0.0,24.0,0.0834359735339814
Oakley,,035282043,Residential Medium,M-9,5.6,9.0,0.5186580483372776
Oakley,,035282046,Residential Medium,M-9,5.6,9.0,0.4627973732900049
Oakley,,035282055,Residential Medium,M-9,5.6,9.0,0.865
Oakley,,035480001,Residential Medium,P-1,0.0,24.0,0.14641843543092306
Oakley,,035480002,Residential Medium,P-1,0.0,24.0,0.11273371636622437
Oakley,,035480003,Residential Medium,P-1,0.0,24.0,0.09165245765069732
Oakley,,035480004,Residential Medium,P-1,0.0,24.0,0.08960874898586352
Oakley,,035481017,Residential Medium,P-1,0.0,24.0,0.132890799977444
Oakley,,035480006,Residential Medium,P-1,0.0,24.0,0.08624581950412781
Oakley,,035480005,Residential Medium,P-1,0.0,24.0,0.0844273633830426
Oakley,,035480007,Residential Medium,P-1,0.0,24.0,0.08265248031116805
Oakley,,035480008,Residential Medium,P-1,0.0,24.0,0.0821869265326087
Oakley,,035263001,Residential Medium,P-1,0.0,24.0,0.11501957014077595
Oakley,,035263002,Residential Medium,P-1,0.0,24.0,0.09851322756359289
Oakley,,035263003,Residential Medium,P-1,0.0,24.0,0.09546950159036718
Oakley,,035263004,Residential Medium,P-1,0.0,24.0,0.09171766416968559
Oakley,,035480013,Residential Medium,P-1,0.0,24.0,0.1080905068944428
Oakley,,035480012,Residential Medium,P-1,0.0,24.0,0.09017135603656519
Oakley,,035480011,Residential Medium,P-1,0.0,24.0,0.10002612552846914
Oakley,,035480010,Residential Medium,P-1,0.0,24.0,0.08803408420956438
Oakley,,035480009,Residential Medium,P-1,0.0,24.0,0.08042132103078793
Oakley,,035480016,Residential Medium,P-1,0.0,24.0,0.07561981852810966
Oakley,,035480017,Residential Medium,P-1,0.0,24.0,0.0812503540282606
Oakley,,035480018,Residential Medium,P-1,0.0,24.0,0.10105390627814513
Oakley,,035480019,Residential Medium,P-1,0.0,24.0,0.10359057978704302
Oakley,,035480020,Residential Medium,P-1,0.0,24.0,0.08388060135673407
Oakley,,035480022,Residential Medium,P-1,0.0,24.0,0.0843100858071491
Oakley,,035480021,Residential Medium,P-1,0.0,24.0,0.08085559226590648
Oakley,,035480032,Residential Medium,P-1,0.0,24.0,0.07886829371751466
Oakley,,035480031,Residential Medium,P-1,0.0,24.0,0.08483672001077712
Oakley,,035480030,Residential Medium,P-1,0.0,24.0,0.08265346138733706
Oakley,,035480024,Residential Medium,P-1,0.0,24.0,0.11611252031350912
Oakley,,035480015,Residential Medium,P-1,0.0,24.0,0.08956867545883067
Oakley,,035480023,Residential Medium,P-1,0.0,24.0,0.08900838605150181
Oakley,,035480014,Residential Medium,P-1,0.0,24.0,0.127217494188111
Oakley,,035480025,Residential Medium,P-1,0.0,24.0,0.1203011607940639
Oakley,,035480026,Residential Medium,P-1,0.0,24.0,0.09652785957098733
Oakley,,035263005,Residential Medium,P-1,0.0,24.0,0.0917203707581908
Oakley,,035263006,Residential Medium,P-1,0.0,24.0,0.09171890164737272
Oakley,,035263007,Residential Medium,P-1,0.0,24.0,0.09171964070615644
Oakley,,035480027,Residential Medium,P-1,0.0,24.0,0.15624426381895096
Oakley,,035480040,Residential Medium,P-1,0.0,24.0,0.0821855639292181
Oakley,,035480029,Residential Medium,P-1,0.0,24.0,0.08600943753711954
Oakley,,035480041,Residential Medium,P-1,0.0,24.0,0.08342746671260438
Oakley,,035480042,Residential Medium,P-1,0.0,24.0,0.10890386040911332
Oakley,,035480028,Residential Medium,P-1,0.0,24.0,0.12696246357640684
Oakley,,035480043,Residential Medium,P-1,0.0,24.0,0.1235409860321843
Oakley,,035480044,Residential Medium,P-1,0.0,24.0,0.09400652374075473
Oakley,,035480048,Residential Medium,P-1,0.0,24.0,0.08582558855862117
Oakley,,035480049,Residential Medium,P-1,0.0,24.0,0.10335691456109991
Oakley,,035480039,Residential Medium,P-1,0.0,24.0,0.0810437388702275
Oakley,,035480038,Residential Medium,P-1,0.0,24.0,0.08337552239573072
Oakley,,035481002,Residential Medium,P-1,0.0,24.0,0.08235576865311264
Oakley,,035481001,Residential Medium,P-1,0.0,24.0,0.1033250923294784
Oakley,,035481003,Residential Medium,P-1,0.0,24.0,0.08131772776350765
Oakley,,035481004,Residential Medium,P-1,0.0,24.0,0.07875931127320197
Oakley,,035481006,Residential Medium,P-1,0.0,24.0,0.1258230649024305
Oakley,,035481008,Residential Medium,P-1,0.0,24.0,0.08297742032958244
Oakley,,035481009,Residential Medium,P-1,0.0,24.0,0.0834969530020246
Oakley,,035481010,Residential Medium,P-1,0.0,24.0,0.08234343694653141
Oakley,,035480035,Residential Medium,P-1,0.0,24.0,0.10143605520381153
Oakley,,035480036,Residential Medium,P-1,0.0,24.0,0.0829279286841465
Oakley,,035480037,Residential Medium,P-1,0.0,24.0,0.07846752768644816
Oakley,,035480033,Residential Medium,P-1,0.0,24.0,0.08480922363321254
Oakley,,035480034,Residential Medium,P-1,0.0,24.0,0.10456369658781263
Oakley,,035481011,Residential Medium,P-1,0.0,24.0,0.08130283085676264
Oakley,,035481012,Residential Medium,P-1,0.0,24.0,0.0842189829295073
Oakley,,035481013,Residential Medium,P-1,0.0,24.0,0.08472542470825882
Oakley,,035481014,Residential Medium,P-1,0.0,24.0,0.08182136436319869
Oakley,,035481015,Residential Medium,P-1,0.0,24.0,0.08554893209450838
Oakley,,035481016,Residential Medium,P-1,0.0,24.0,0.08064492467735934
Oakley,,035524004,Residential Low,R-10,0.0,4.4,0.23461821742612518
Oakley,,035524003,Residential Low,R-10,0.0,4.4,0.23100966769826928
Oakley,,035524002,Residential Low,R-10,0.0,4.4,0.23296326468420855
Oakley,,035524001,Residential Low,R-10,0.0,4.4,0.2381265889522645
Oakley,,035481007,Residential Medium,P-1,0.0,24.0,0.12783356833467374
Oakley,,035364011,Residential Low,R-10,0.0,4.4,0.23625227391521675
Oakley,,035523014,Residential Low,R-10,0.0,4.4,0.2234497340519191
Oakley,,035365001,Residential Low,R-10,0.0,4.4,0.28543504845066875
Oakley,,035365002,Residential Low,R-10,0.0,4.4,0.2681715818024787
Oakley,,035365003,Residential Low,R-10,0.0,4.4,0.2620867669906264
Oakley,,035523011,Residential Low,R-10,0.0,4.4,0.2322923401394553
Oakley,,035523012,Residential Low,R-10,0.0,4.4,0.23331962951061366
Oakley,,035523013,Residential Low,R-10,0.0,4.4,0.23535458195095435
Oakley,,035522017,Residential Low,R-10,0.0,4.4,0.24251710510783014
Oakley,,035522016,Residential Low,R-10,0.0,4.4,0.23931230223927427
Oakley,,035522015,Residential Low,R-10,0.0,4.4,0.2330661847963579
Oakley,,035522014,Residential Low,R-10,0.0,4.4,0.2228852024826502
Oakley,,035524005,Residential Low,R-10,0.0,4.4,0.24105551847532844
Oakley,,035521001,Residential Low,R-10,0.0,4.4,0.24848257721847253
Oakley,,035522013,Residential Low,R-10,0.0,4.4,0.22355589413243446
Oakley,,035522012,Residential Low,R-10,0.0,4.4,0.23910242292483364
Oakley,,035522011,Residential Low,R-10,0.0,4.4,0.24051348309504822
Oakley,,035521004,Residential Low,R-10,0.0,4.4,0.24687260883206835
Oakley,,035521003,Residential Low,R-10,0.0,4.4,0.24108927671019653
Oakley,,035521002,Residential Low,R-10,0.0,4.4,0.2456624556379671
Oakley,,035740127,Residential Medium,P-1,0.0,24.0,0.08343757559197545
Oakley,,035740128,Residential Medium,P-1,0.0,24.0,0.10874247196626734
Oakley,,035740136,Residential Medium,M-9,5.6,9.0,0.02396021772459504
Oakley,,035740126,Residential Medium,P-1,0.0,24.0,0.0834354006423487
Oakley,,035740130,Residential Medium,P-1,0.0,24.0,0.061236910799380026
Oakley,,035521006,Residential Low,R-10,0.0,4.4,0.24685835105956874
Oakley,,035521005,Residential Low,R-10,0.0,4.4,0.24048930525164652
Oakley,,035522010,Residential Low,R-10,0.0,4.4,0.24176816402239878
Oakley,,035522009,Residential Low,R-10,0.0,4.4,0.24153472971655685
Oakley,,035522008,Residential Low,R-10,0.0,4.4,0.24136664741045194
Oakley,,035521007,Residential Low,R-10,0.0,4.4,0.2383622263228602
Oakley,,035521008,Residential Low,R-10,0.0,4.4,0.23988468456616083
Oakley,,035522007,Residential Low,R-10,0.0,4.4,0.23857384435436557
Oakley,,035522006,Residential Low,R-10,0.0,4.4,0.23836954554986686
Oakley,,035522005,Residential Low,R-10,0.0,4.4,0.24036747154418528
Oakley,,035522021,Residential Low,R-10,0.0,4.4,0.24164031389279492
Oakley,,035522022,Residential Low,R-10,0.0,4.4,0.24277083317028886
Oakley,,035522020,Residential Low,R-10,0.0,4.4,0.2436342955398206
Oakley,,035522018,Residential Low,R-10,0.0,4.4,0.24250868923691754
Oakley,,035522019,Residential Low,R-10,0.0,4.4,0.24340231137936547
Oakley,,035523009,Residential Low,R-10,0.0,4.4,0.23008825144033376
Oakley,,035523010,Residential Low,R-10,0.0,4.4,0.2335954575661915
Oakley,,035365004,Residential Low,R-10,0.0,4.4,0.2660666430097693
Oakley,,035365005,Residential Low,R-10,0.0,4.4,0.25208985497609077
Oakley,,035365006,Residential Low,R-10,0.0,4.4,0.2554592472879603
Oakley,,035523008,Residential Low,R-10,0.0,4.4,0.2350559305583082
Oakley,,035365007,Residential Low,R-10,0.0,4.4,0.26521559208267187
Oakley,,035365008,Residential Low,R-10,0.0,4.4,0.2811861284046611
Oakley,,035523005,Residential Low,R-10,0.0,4.4,0.2360716748486246
Oakley,,035523006,Residential Low,R-10,0.0,4.4,0.2309694011535394
Oakley,,035523007,Residential Low,R-10,0.0,4.4,0.23547419623980453
Oakley,,035522023,Residential Low,R-10,0.0,4.4,0.24447333755169212
Oakley,,035522024,Residential Low,R-10,0.0,4.4,0.24386184534986013
Oakley,,035522002,Residential Low,R-10,0.0,4.4,0.23400667706752828
Oakley,,035522001,Residential Low,R-10,0.0,4.4,0.22590778489360283
Oakley,,035523003,Residential Low,R-10,0.0,4.4,0.23416708259822516
Oakley,,035523004,Residential Low,R-10,0.0,4.4,0.23024508989330322
Oakley,,035365010,Residential Low,R-10,0.0,4.4,0.2574124971243137
Oakley,,035365011,Residential Low,R-10,0.0,4.4,0.2431026977143833
Oakley,,035365012,Residential Low,R-10,0.0,4.4,0.24152057209976677
Oakley,,035523002,Residential Low,R-10,0.0,4.4,0.2347328648203879
Oakley,,035523001,Residential Low,R-10,0.0,4.4,0.22889185279021687
Oakley,,035365013,Residential Low,R-10,0.0,4.4,0.34476108752922513
Oakley,,035202003,Residential Low/Medium,R-6,0.0,7.3,0.43
Oakley,,035202002,Residential Low/Medium,R-6,0.0,7.3,0.25
Oakley,,035521018,Residential Low,R-10,0.0,4.4,0.23226094865003827
Oakley,,035521017,Residential Low,R-10,0.0,4.4,0.22900958532494028
Oakley,,035521016,Residential Low,R-10,0.0,4.4,0.2352360752087816
Oakley,,035522003,Residential Low,R-10,0.0,4.4,0.22389539620975324
Oakley,,035521015,Residential Low,R-10,0.0,4.4,0.2280599511207737
Oakley,,035202010,Residential Low/Medium,R-6,0.0,7.3,0.31
Oakley,,035190006,Residential Low/Medium,R-6,0.0,7.3,0.53
Oakley,,035202011,Residential Low/Medium,R-6,0.0,7.3,1.53
Oakley,,035521014,Residential Low,R-10,0.0,4.4,0.2594910168793977
Oakley,,035282054,Residential Medium,M-9,5.6,9.0,3.164
Oakley,,035740065,Residential Medium,P-1,0.0,24.0,0.0
Oakley,,035740066,Residential Medium,P-1,0.0,24.0,0.0
Oakley,,035740134,Residential Medium,P-1,0.0,24.0,0.0
Oakley,,035521013,Residential Low,R-10,0.0,4.4,0.23366098253529397
Oakley,,035521012,Residential Low,R-10,0.0,4.4,0.22913827217014957
Oakley,,035521011,Residential Low,R-10,0.0,4.4,0.24150314444111343
Oakley,,035522004,Residential Low,R-10,0.0,4.4,0.2376782722812916
Oakley,,035521010,Residential Low,R-10,0.0,4.4,0.23671772992318427
Oakley,,035521009,Residential Low,R-10,0.0,4.4,0.24288851457108301
Oakley,,035740064,Residential Medium,P-1,0.0,24.0,0.0
Oakley,,035740063,Residential Medium,P-1,0.0,24.0,0.0
Oakley,,035282003,Residential Medium,M-9,5.6,9.0,0.53
Oakley,,035740055,Residential Medium,P-1,0.0,24.0,0.0
Oakley,,035282020,Residential Medium,M-9,5.6,9.0,0.57
Oakley,,035740054,Residential Medium,P-1,0.0,24.0,0.0
Oakley,,035740001,Residential Medium,P-1,0.0,24.0,0.0
Oakley,,035740002,Residential Medium,P-1,0.0,24.0,0.0
Oakley,,035740053,Residential Medium,P-1,0.0,24.0,0.0
Oakley,,035740056,Residential Medium,P-1,0.0,24.0,0.0
Oakley,,035740050,Residential Medium,P-1,0.0,24.0,0.0
Oakley,,035740051,Residential Medium,P-1,0.0,24.0,0.0
Oakley,,035740049,Residential Medium,P-1,0.0,24.0,0.0
Oakley,,035740046,Residential Medium,P-1,0.0,24.0,0.0
Oakley,,035740047,Residential Medium,P-1,0.0,24.0,0.0
Oakley,,035740048,Residential Medium,P-1,0.0,24.0,0.0
Oakley,,035740057,Residential Medium,P-1,0.0,24.0,0.0
Oakley,,035740058,Residential Medium,P-1,0.0,24.0,0.0
Oakley,,035740059,Residential Medium,P-1,0.0,24.0,0.0
Oakley,,035740060,Residential Medium,P-1,0.0,24.0,0.0
Oakley,,035740062,Residential Medium,P-1,0.0,24.0,0.0
Oakley,,035740061,Residential Medium,P-1,0.0,24.0,0.0
Oakley,,035740075,Residential Medium,P-1,0.0,24.0,0.0
Oakley,,035740074,Residential Medium,P-1,0.0,24.0,0.0
Oakley,,035740073,Residential Medium,P-1,0.0,24.0,0.0
Oakley,,035740076,Residential Medium,P-1,0.0,24.0,0.0
Oakley,,035740078,Residential Medium,P-1,0.0,24.0,0.0
Oakley,,035740079,Residential Medium,P-1,0.0,24.0,0.0
Oakley,,035740077,Residential Medium,P-1,0.0,24.0,0.0
Oakley,,035740071,Residential Medium,P-1,0.0,24.0,0.0
Oakley,,035740072,Residential Medium,P-1,0.0,24.0,0.0
Oakley,,035740068,Residential Medium,P-1,0.0,24.0,0.0
Oakley,,035740069,Residential Medium,P-1,0.0,24.0,0.0
Oakley,,035740070,Residential Medium,P-1,0.0,24.0,0.0
Oakley,,035740067,Residential Medium,P-1,0.0,24.0,0.0
Oakley,,035405028,Residential Low/Medium,P-1,0.0,24.0,0.0
Oakley,,035405027,Residential Low/Medium,P-1,0.0,24.0,0.0
Oakley,,035405020,Residential Low/Medium,P-1,0.0,24.0,0.0
Oakley,,035405026,Residential Low/Medium,P-1,0.0,24.0,0.0
Oakley,,035405024,Residential Low/Medium,P-1,0.0,24.0,0.0
Oakley,,035405025,Residential Low/Medium,P-1,0.0,24.0,0.0
Oakley,,035405023,Residential Low/Medium,P-1,0.0,24.0,0.0
Oakley,,035401002,Residential Low/Medium,P-1,0.0,24.0,0.0
Oakley,,035401001,Residential Low/Medium,P-1,0.0,24.0,0.0
Oakley,,035281006,Residential Very Low,R-15,0.0,2.9,0.7
Oakley,,035281005,Residential Very Low,R-15,0.0,2.9,0.32
Oakley,,035281010,Residential Very Low,R-15,0.0,2.9,0.794
Oakley,,035190019,Residential Low/Medium,R-6,0.0,7.3,0.4
Oakley,,035190018,Residential Low/Medium,R-6,0.0,7.3,0.6
Oakley,,035281011,Residential Very Low,R-15,0.0,2.9,0.866
Oakley,,035740087,Residential Medium,P-1,0.0,24.0,0.0
Oakley,,035740090,Residential Medium,P-1,0.0,24.0,0.0
Oakley,,035740089,Residential Medium,P-1,0.0,24.0,0.0
Oakley,,035740088,Residential Medium,P-1,0.0,24.0,0.0
Oakley,,035740092,Residential Medium,P-1,0.0,24.0,0.0
Oakley,,035740091,Residential Medium,P-1,0.0,24.0,0.0
Oakley,,035740093,Residential Medium,P-1,0.0,24.0,0.0
Oakley,,035740094,Residential Medium,P-1,0.0,24.0,0.0
Oakley,,035740095,Residential Medium,P-1,0.0,24.0,0.0
Oakley,,035740096,Residential Medium,P-1,0.0,24.0,0.0
Oakley,,035740132,Residential Medium,P-1,0.0,24.0,0.0
Oakley,,035740028,Residential Medium,P-1,0.0,24.0,0.0
Oakley,,035740029,Residential Medium,P-1,0.0,24.0,0.0
Oakley,,035740099,Residential Medium,P-1,0.0,24.0,0.0
Oakley,,035740100,Residential Medium,P-1,0.0,24.0,0.0
Oakley,,035740101,Residential Medium,P-1,0.0,24.0,0.0
Oakley,,035740102,Residential Medium,P-1,0.0,24.0,0.0
Oakley,,035740104,Residential Medium,P-1,0.0,24.0,0.0
Oakley,,035740103,Residential Medium,P-1,0.0,24.0,0.0
Oakley,,035740106,Residential Medium,P-1,0.0,24.0,0.0
Oakley,,035740105,Residential Medium,P-1,0.0,24.0,0.0
Oakley,,035740023,Residential Medium,P-1,0.0,24.0,0.0
Oakley,,035740024,Residential Medium,P-1,0.0,24.0,0.0
Oakley,,035740025,Residential Medium,P-1,0.0,24.0,0.0
Oakley,,035740026,Residential Medium,P-1,0.0,24.0,0.0
Oakley,,035740027,Residential Medium,P-1,0.0,24.0,0.0
Oakley,,035740018,Residential Medium,P-1,0.0,24.0,0.0
Oakley,,035740019,Residential Medium,P-1,0.0,24.0,0.0
Oakley,,035740022,Residential Medium,P-1,0.0,24.0,0.0
Oakley,,035740021,Residential Medium,P-1,0.0,24.0,0.0
Oakley,,035740020,Residential Medium,P-1,0.0,24.0,0.0
Oakley,,035740131,Residential Medium,P-1,0.0,24.0,0.0
Oakley,,035740017,Residential Medium,P-1,0.0,24.0,0.0
Oakley,,035740016,Residential Medium,P-1,0.0,24.0,0.0
Oakley,,035740036,Residential Medium,P-1,0.0,24.0,0.0
Oakley,,035740035,Residential Medium,P-1,0.0,24.0,0.0
Oakley,,035740034,Residential Medium,P-1,0.0,24.0,0.0
Oakley,,035740033,Residential Medium,P-1,0.0,24.0,0.0
Oakley,,035740032,Residential Medium,P-1,0.0,24.0,0.0
Oakley,,035740031,Residential Medium,P-1,0.0,24.0,0.0
Oakley,,035740030,Residential Medium,P-1,0.0,24.0,0.0
Oakley,,035740084,Residential Medium,P-1,0.0,24.0,0.0
Oakley,,035740086,Residential Medium,P-1,0.0,24.0,0.0
Oakley,,035740085,Residential Medium,P-1,0.0,24.0,0.0
Oakley,,035740081,Residential Medium,P-1,0.0,24.0,0.0
Oakley,,035740082,Residential Medium,P-1,0.0,24.0,0.0
Oakley,,035740083,Residential Medium,P-1,0.0,24.0,0.0
Oakley,,035740080,Residential Medium,P-1,0.0,24.0,0.0
Oakley,,035740133,Residential Medium,P-1,0.0,24.0,0.0
Oakley,,035740040,Residential Medium,P-1,0.0,24.0,0.0
Oakley,,035740039,Residential Medium,P-1,0.0,24.0,0.0
Oakley,,035740038,Residential Medium,P-1,0.0,24.0,0.0
Oakley,,035740037,Residential Medium,P-1,0.0,24.0,0.0
Oakley,,035740015,Residential Medium,P-1,0.0,24.0,0.0
Oakley,,035740041,Residential Medium,P-1,0.0,24.0,0.0
Oakley,,035740014,Residential Medium,P-1,0.0,24.0,0.0
Oakley,,035740012,Residential Medium,P-1,0.0,24.0,0.0
Oakley,,035740013,Residential Medium,P-1,0.0,24.0,0.0
Oakley,,035740011,Residential Medium,P-1,0.0,24.0,0.0
Oakley,,035740010,Residential Medium,P-1,0.0,24.0,0.0
Oakley,,035740009,Residential Medium,P-1,0.0,24.0,0.0
Oakley,,035740008,Residential Medium,P-1,0.0,24.0,0.0
Oakley,,035740007,Residential Medium,P-1,0.0,24.0,0.0
Oakley,,035740043,Residential Medium,P-1,0.0,24.0,0.0
Oakley,,035740042,Residential Medium,P-1,0.0,24.0,0.0
Oakley,,035740045,Residential Medium,P-1,0.0,24.0,0.0
Oakley,,035740044,Residential Medium,P-1,0.0,24.0,0.0
Oakley,,035740052,Residential Medium,P-1,0.0,24.0,0.0
Oakley,,035740006,Residential Medium,P-1,0.0,24.0,0.0
Oakley,,035740005,Residential Medium,P-1,0.0,24.0,0.0
Oakley,,035740004,Residential Medium,P-1,0.0,24.0,0.0
Oakley,,035740003,Residential Medium,P-1,0.0,24.0,0.0
Oakley,,035740118,Residential Medium,P-1,0.0,24.0,0.0
Oakley,,035740119,Residential Medium,P-1,0.0,24.0,0.0
Oakley,,035740120,Residential Medium,P-1,0.0,24.0,0.0
Oakley,,035730010,Residential Medium,P-1,0.0,24.0,0.0
Oakley,,035730011,Residential Medium,P-1,0.0,24.0,0.0
Oakley,,035730012,Residential Medium,P-1,0.0,24.0,0.0
Oakley,,035730020,Residential Medium,P-1,0.0,24.0,0.0
Oakley,,035740116,Residential Medium,P-1,0.0,24.0,0.0
Oakley,,035740117,Residential Medium,P-1,0.0,24.0,0.0
Oakley,,035740113,Residential Medium,P-1,0.0,24.0,0.0
Oakley,,035740114,Residential Medium,P-1,0.0,24.0,0.0
Oakley,,035740115,Residential Medium,P-1,0.0,24.0,0.0
Oakley,,035730021,Residential Medium,P-1,0.0,24.0,0.0
Oakley,,035730022,Residential Medium,P-1,0.0,24.0,0.0
Oakley,,035730023,Residential Medium,P-1,0.0,24.0,0.0
Oakley,,035730019,Residential Medium,P-1,0.0,24.0,0.0
Oakley,,035730018,Residential Medium,P-1,0.0,24.0,0.0
Oakley,,035730017,Residential Medium,P-1,0.0,24.0,0.0
Oakley,,035730024,Residential Medium,P-1,0.0,24.0,0.0
Oakley,,035730025,Residential Medium,P-1,0.0,24.0,0.0
Oakley,,035730026,Residential Medium,P-1,0.0,24.0,0.0
Oakley,,035730039,Residential Medium,P-1,0.0,24.0,0.0
Oakley,,035730027,Residential Medium,P-1,0.0,24.0,0.0
Oakley,,035730028,Residential Medium,P-1,0.0,24.0,0.0
Oakley,,035730031,Residential Medium,P-1,0.0,24.0,0.0
Oakley,,035730030,Residential Medium,P-1,0.0,24.0,0.0
Oakley,,035730029,Residential Medium,P-1,0.0,24.0,0.0
Oakley,,035740110,Residential Medium,P-1,0.0,24.0,0.0
Oakley,,035740111,Residential Medium,P-1,0.0,24.0,0.0
Oakley,,035740112,Residential Medium,P-1,0.0,24.0,0.0
Oakley,,035740108,Residential Medium,P-1,0.0,24.0,0.0
Oakley,,035740109,Residential Medium,P-1,0.0,24.0,0.0
Oakley,,035740129,Residential Medium,P-1,0.0,24.0,0.349
Oakley,,035740107,Residential Medium,P-1,0.0,24.0,0.0
Oakley,,035730053,Residential Medium,PR,0.0,0.0,0.0
Oakley,,035730032,Residential Medium,P-1,0.0,24.0,0.0
Oakley,,035730033,Residential Medium,P-1,0.0,24.0,0.0
Oakley,,035730034,Residential Medium,P-1,0.0,24.0,0.0
Oakley,,035730035,Residential Medium,P-1,0.0,24.0,0.0
Oakley,,035730036,Residential Medium,P-1,0.0,24.0,0.0
Oakley,,035730037,Residential Medium,P-1,0.0,24.0,0.0
Oakley,,035730038,Residential Medium,P-1,0.0,24.0,0.0
Oakley,,035282063,Commercial,C,0.0,0.0,2.146
Oakley,,037191040,Public and Semi-Public,P,0.0,0.0,5.02
Oakley,,035740098,Residential Medium,P-1,0.0,24.0,0.0
Oakley,,035740097,Residential Medium,P-1,0.0,24.0,0.0
Oakley,,03574C002,Residential Very Low,R-15,0.0,2.9,0.0
Oakley,,035281007,Commercial Downtown,SP-4,0.0,24.0,1.146
Oakley,,035281008,Commercial Downtown,C,0.0,0.0,2.136
Oakley,,035182010,Commercial Downtown,SP-4,0.0,24.0,0.0
Oakley,,035182011,Commercial Downtown,SP-4,0.0,24.0,0.0
Oakley,,035182012,Commercial Downtown,SP-4,0.0,24.0,0.0
Oakley,,035182015,Commercial Downtown,SP-4,0.0,24.0,1.014
Oakley,,035181004,Commercial Downtown,SP-4,0.0,24.0,0.569
Oakley,,035181005,Commercial Downtown,SP-4,0.0,24.0,0.02
Oakley,,037191019,Light Industrial,LI,0.0,0.0,7.86
Oakley,,037191035,Public and Semi-Public,P,0.0,0.0,5.0
Oakley,,037510049,Residential Low/Medium,P-1,0.0,24.0,0.0
Oakley,,037192009,Public and Semi-Public,DR,0.0,0.0,34.8
Oakley,,037510088,Residential Low/Medium,P-1,0.0,24.0,0.0
Oakley,,037510089,Residential Low/Medium,P-1,0.0,24.0,0.0
Oakley,,037510090,Residential Low/Medium,P-1,0.0,24.0,0.0
Oakley,,037510091,Residential Low/Medium,P-1,0.0,24.0,0.0
Oakley,,037510092,Residential Low/Medium,P-1,0.0,24.0,0.0
Oakley,,037510093,Residential Low/Medium,P-1,0.0,24.0,0.0
Oakley,,037520037,Residential Low/Medium,P-1,0.0,24.0,0.0
Oakley,,037520038,Residential Low/Medium,P-1,0.0,24.0,0.0
Oakley,,037520039,Residential Low/Medium,P-1,0.0,24.0,0.0
Oakley,,037520033,Residential Low/Medium,P-1,0.0,24.0,0.0
Oakley,,037520032,Residential Low/Medium,P-1,0.0,24.0,0.0
Oakley,,037520035,Residential Low/Medium,P-1,0.0,24.0,0.0
Oakley,,037520034,Residential Low/Medium,P-1,0.0,24.0,0.0
Oakley,,037520036,Residential Low/Medium,P-1,0.0,24.0,0.0
Oakley,,037510080,Residential Low/Medium,P-1,0.0,24.0,0.0
Oakley,,037510079,Residential Low/Medium,P-1,0.0,24.0,0.0
Oakley,,037510081,Residential Low/Medium,P-1,0.0,24.0,0.0
Oakley,,037510098,Residential Low/Medium,P-1,0.0,24.0,0.0
Oakley,,037510103,Residential Low/Medium,P-1,0.0,24.0,0.145
Oakley,,037510099,Residential Low/Medium,P-1,0.0,24.0,0.0
Oakley,,037510100,Residential Low/Medium,P-1,0.0,24.0,0.0
Oakley,,037510094,Residential Low/Medium,P-1,0.0,24.0,0.0
Oakley,,037510095,Residential Low/Medium,P-1,0.0,24.0,0.0
Oakley,,037510096,Residential Low/Medium,P-1,0.0,24.0,0.0
Oakley,,037510097,Residential Low/Medium,P-1,0.0,24.0,0.0
Oakley,,037510083,Residential Low/Medium,P-1,0.0,24.0,0.0
Oakley,,037510082,Residential Low/Medium,P-1,0.0,24.0,0.0
Oakley,,037510085,Residential Low/Medium,P-1,0.0,24.0,0.0
Oakley,,037510084,Residential Low/Medium,P-1,0.0,24.0,0.0
Oakley,,037510087,Residential Low/Medium,P-1,0.0,24.0,0.0
Oakley,,037510086,Residential Low/Medium,P-1,0.0,24.0,0.0
Oakley,,037510050,Residential Low/Medium,P-1,0.0,24.0,0.0
Oakley,,037510059,Residential Low/Medium,P-1,0.0,24.0,0.0
Oakley,,037510051,Residential Low/Medium,P-1,0.0,24.0,0.0
Oakley,,037510056,Residential Low/Medium,P-1,0.0,24.0,0.0
Oakley,,037510057,Residential Low/Medium,P-1,0.0,24.0,0.0
Oakley,,037510058,Residential Low/Medium,P-1,0.0,24.0,0.0
Oakley,,037510060,Residential Low/Medium,P-1,0.0,24.0,0.0
Oakley,,037510061,Residential Low/Medium,P-1,0.0,24.0,0.0
Oakley,,037510063,Residential Low/Medium,P-1,0.0,24.0,0.0
Oakley,,037510062,Residential Low/Medium,P-1,0.0,24.0,0.0
Oakley,,037510064,Residential Low/Medium,P-1,0.0,24.0,0.0
Oakley,,037510036,Residential Low/Medium,P-1,0.0,24.0,0.0
Oakley,,037510035,Residential Low/Medium,P-1,0.0,24.0,0.0
Oakley,,037510034,Residential Low/Medium,P-1,0.0,24.0,0.0
Oakley,,037510065,Residential Low/Medium,P-1,0.0,24.0,0.0
Oakley,,037510073,Residential Low/Medium,P-1,0.0,24.0,0.0
Oakley,,037510066,Residential Low/Medium,P-1,0.0,24.0,0.0
Oakley,,037510067,Residential Low/Medium,P-1,0.0,24.0,0.0
Oakley,,037510068,Residential Low/Medium,P-1,0.0,24.0,0.0
Oakley,,037510069,Residential Low/Medium,P-1,0.0,24.0,0.0
Oakley,,037510070,Residential Low/Medium,P-1,0.0,24.0,0.0
Oakley,,037510071,Residential Low/Medium,P-1,0.0,24.0,0.0
Oakley,,037510072,Residential Low/Medium,P-1,0.0,24.0,0.0
Oakley,,037520007,Residential Low/Medium,P-1,0.0,24.0,0.0
Oakley,,037520008,Residential Low/Medium,P-1,0.0,24.0,0.0
Oakley,,037520009,Residential Low/Medium,P-1,0.0,24.0,0.0
Oakley,,037520010,Residential Low/Medium,P-1,0.0,24.0,0.0
Oakley,,037520011,Residential Low/Medium,P-1,0.0,24.0,0.0
Oakley,,037520012,Residential Low/Medium,P-1,0.0,24.0,0.0
Oakley,,037520006,Residential Low/Medium,P-1,0.0,24.0,0.0
Oakley,,037520013,Residential Low/Medium,P-1,0.0,24.0,0.0
Oakley,,037520014,Residential Low/Medium,P-1,0.0,24.0,0.0
Oakley,,037520015,Residential Low/Medium,P-1,0.0,24.0,0.0
Oakley,,037520016,Residential Low/Medium,P-1,0.0,24.0,0.0
Oakley,,037520003,Residential Low/Medium,P-1,0.0,24.0,0.0
Oakley,,037520004,Residential Low/Medium,P-1,0.0,24.0,0.0
Oakley,,037520005,Residential Low/Medium,P-1,0.0,24.0,0.0
Oakley,,037510074,Residential Low/Medium,P-1,0.0,24.0,0.0
Oakley,,037510075,Residential Low/Medium,P-1,0.0,24.0,0.0
Oakley,,037510076,Residential Low/Medium,P-1,0.0,24.0,0.0
Oakley,,037510077,Residential Low/Medium,P-1,0.0,24.0,0.0
Oakley,,037510078,Residential Low/Medium,P-1,0.0,24.0,0.0
Oakley,,037570015,Residential Low/Medium,P-1,0.0,24.0,0.0
Oakley,,037570016,Residential Low/Medium,P-1,0.0,24.0,0.0
Oakley,,037570017,Residential Low/Medium,P-1,0.0,24.0,0.0
Oakley,,037520001,Residential Low/Medium,P-1,0.0,24.0,0.0
Oakley,,037520002,Residential Low/Medium,P-1,0.0,24.0,0.0
Oakley,,037520017,Residential Low/Medium,P-1,0.0,24.0,0.0
Oakley,,037570028,Residential Low/Medium,P-1,0.0,24.0,0.05
Oakley,,037570018,Residential Low/Medium,P-1,0.0,24.0,0.0
Oakley,,037570009,Residential Low/Medium,P-1,0.0,24.0,0.0
Oakley,,037570008,Residential Low/Medium,P-1,0.0,24.0,0.0
Oakley,,037570007,Residential Low/Medium,P-1,0.0,24.0,0.0
Oakley,,037570037,Residential Low/Medium,P-1,0.0,24.0,0.0
Oakley,,037570036,Residential Low/Medium,P-1,0.0,24.0,0.0
Oakley,,037570035,Residential Low/Medium,P-1,0.0,24.0,0.0
Oakley,,037570034,Residential Low/Medium,P-1,0.0,24.0,0.0
Oakley,,037570010,Residential Low/Medium,P-1,0.0,24.0,0.0
Oakley,,037570011,Residential Low/Medium,P-1,0.0,24.0,0.0
Oakley,,037570012,Residential Low/Medium,P-1,0.0,24.0,0.0
Oakley,,037570032,Residential Low/Medium,P-1,0.0,24.0,0.0
Oakley,,037570033,Residential Low/Medium,P-1,0.0,24.0,0.0
Oakley,,037570013,Residential Low/Medium,P-1,0.0,24.0,0.0
Oakley,,037570031,Residential Low/Medium,P-1,0.0,24.0,0.0
Oakley,,037570014,Residential Low/Medium,P-1,0.0,24.0,0.0
Oakley,,037510033,Residential Low/Medium,P-1,0.0,24.0,0.0
Oakley,,037510032,Residential Low/Medium,P-1,0.0,24.0,0.0
Oakley,,037510031,Residential Low/Medium,P-1,0.0,24.0,0.0
Oakley,,037510030,Residential Low/Medium,P-1,0.0,24.0,0.0
Oakley,,037510009,Residential Low/Medium,P-1,0.0,24.0,0.0
Oakley,,037510006,Residential Low/Medium,P-1,0.0,24.0,0.0
Oakley,,037510007,Residential Low/Medium,P-1,0.0,24.0,0.0
Oakley,,037510008,Residential Low/Medium,P-1,0.0,24.0,0.0
Oakley,,037500077,Residential Low/Medium,P-1,0.0,24.0,0.0
Oakley,,037500078,Residential Low/Medium,P-1,0.0,24.0,0.0
Oakley,,037500079,Residential Low/Medium,P-1,0.0,24.0,0.0
Oakley,,037500081,Residential Low/Medium,P-1,0.0,24.0,0.0
Oakley,,037500080,Residential Low/Medium,P-1,0.0,24.0,0.0
Oakley,,037510004,Residential Low/Medium,P-1,0.0,24.0,0.0
Oakley,,037510005,Residential Low/Medium,P-1,0.0,24.0,0.0
Oakley,,037500082,Residential Low/Medium,P-1,0.0,24.0,0.0
Oakley,,037500083,Residential Low/Medium,P-1,0.0,24.0,0.0
Oakley,,037500090,Residential Low/Medium,P-1,0.0,24.0,0.0
Oakley,,037500091,Residential Low/Medium,P-1,0.0,24.0,0.0
Oakley,,037500084,Residential Low/Medium,P-1,0.0,24.0,0.0
Oakley,,037510016,Residential Low/Medium,P-1,0.0,24.0,0.0
Oakley,,037510017,Residential Low/Medium,P-1,0.0,24.0,0.0
Oakley,,037510018,Residential Low/Medium,P-1,0.0,24.0,0.0
Oakley,,037510001,Residential Low/Medium,P-1,0.0,24.0,0.0
Oakley,,037510002,Residential Low/Medium,P-1,0.0,24.0,0.0
Oakley,,037510003,Residential Low/Medium,P-1,0.0,24.0,0.0
Oakley,,037510014,Residential Low/Medium,P-1,0.0,24.0,0.0
Oakley,,037510019,Residential Low/Medium,P-1,0.0,24.0,0.0
Oakley,,037510020,Residential Low/Medium,P-1,0.0,24.0,0.0
Oakley,,037510015,Residential Low/Medium,P-1,0.0,24.0,0.0
Oakley,,037510021,Residential Low/Medium,P-1,0.0,24.0,0.0
Oakley,,037510022,Residential Low/Medium,P-1,0.0,24.0,0.0
Oakley,,037510023,Residential Low/Medium,P-1,0.0,24.0,0.0
Oakley,,037510024,Residential Low/Medium,P-1,0.0,24.0,0.0
Oakley,,037510025,Residential Low/Medium,P-1,0.0,24.0,0.0
Oakley,,037510026,Residential Low/Medium,P-1,0.0,24.0,0.0
Oakley,,037510013,Residential Low/Medium,P-1,0.0,24.0,0.0
Oakley,,037510012,Residential Low/Medium,P-1,0.0,24.0,0.0
Oakley,,037510011,Residential Low/Medium,P-1,0.0,24.0,0.0
Oakley,,037510010,Residential Low/Medium,P-1,0.0,24.0,0.0
Oakley,,037510027,Residential Low/Medium,P-1,0.0,24.0,0.0
Oakley,,037510028,Residential Low/Medium,P-1,0.0,24.0,0.0
Oakley,,037510029,Residential Low/Medium,P-1,0.0,24.0,0.0
Oakley,,037510038,Residential Low/Medium,P-1,0.0,24.0,0.0
Oakley,,037510037,Residential Low/Medium,P-1,0.0,24.0,0.0
Oakley,,037510055,Residential Low/Medium,P-1,0.0,24.0,0.0
Oakley,,037510039,Residential Low/Medium,P-1,0.0,24.0,0.0
Oakley,,037510040,Residential Low/Medium,P-1,0.0,24.0,0.0
Oakley,,037510041,Residential Low/Medium,P-1,0.0,24.0,0.0
Oakley,,037510042,Residential Low/Medium,P-1,0.0,24.0,0.0
Oakley,,037510043,Residential Low/Medium,P-1,0.0,24.0,0.0
Oakley,,037510045,Residential Low/Medium,P-1,0.0,24.0,0.0
Oakley,,037510054,Residential Low/Medium,P-1,0.0,24.0,0.0
Oakley,,037510053,Residential Low/Medium,P-1,0.0,24.0,0.0
Oakley,,037510052,Residential Low/Medium,P-1,0.0,24.0,0.0
Oakley,,037510047,Residential Low/Medium,P-1,0.0,24.0,0.0
Oakley,,037510048,Residential Low/Medium,P-1,0.0,24.0,0.0
Oakley,,037510046,Residential Low/Medium,P-1,0.0,24.0,0.0
Oakley,,037510044,Residential Low/Medium,P-1,0.0,24.0,0.0
Oakley,,037192011,Public and Semi-Public,DR,0.0,0.0,14.4
Oakley,,037500050,Residential Low/Medium,P-1,0.0,24.0,0.0
Oakley,,037500051,Residential Low/Medium,P-1,0.0,24.0,0.0
Oakley,,037500048,Residential Low/Medium,P-1,0.0,24.0,0.0
Oakley,,037500049,Residential Low/Medium,P-1,0.0,24.0,0.0
Oakley,,037500092,Residential Low/Medium,P-1,0.0,24.0,1.2
Oakley,,037500030,Residential Low/Medium,P-1,0.0,24.0,0.0
Oakley,,037500027,Residential Low/Medium,P-1,0.0,24.0,0.0
Oakley,,037500026,Residential Low/Medium,P-1,0.0,24.0,0.0
Oakley,,037500025,Residential Low/Medium,P-1,0.0,24.0,0.0
Oakley,,037500014,Residential Low/Medium,P-1,0.0,24.0,0.0
Oakley,,037500013,Residential Low/Medium,P-1,0.0,24.0,0.0
Oakley,,037500028,Residential Low/Medium,P-1,0.0,24.0,0.0
Oakley,,037500012,Residential Low/Medium,P-1,0.0,24.0,0.0
Oakley,,037500010,Residential Low/Medium,P-1,0.0,24.0,0.0
Oakley,,037500011,Residential Low/Medium,P-1,0.0,24.0,0.0
Oakley,,037500032,Residential Low/Medium,P-1,0.0,24.0,0.0
Oakley,,037500031,Residential Low/Medium,P-1,0.0,24.0,0.0
Oakley,,037500029,Residential Low/Medium,P-1,0.0,24.0,0.0
Oakley,,037500046,Residential Low/Medium,P-1,0.0,24.0,0.0
Oakley,,037500045,Residential Low/Medium,P-1,0.0,24.0,0.0
Oakley,,037500033,Residential Low/Medium,P-1,0.0,24.0,0.0
Oakley,,037500034,Residential Low/Medium,P-1,0.0,24.0,0.0
Oakley,,037500035,Residential Low/Medium,P-1,0.0,24.0,0.0
Oakley,,037500036,Residential Low/Medium,P-1,0.0,24.0,0.0
Oakley,,037500039,Residential Low/Medium,P-1,0.0,24.0,0.0
Oakley,,037500040,Residential Low/Medium,P-1,0.0,24.0,0.0
Oakley,,037500041,Residential Low/Medium,P-1,0.0,24.0,0.0
Oakley,,037500042,Residential Low/Medium,P-1,0.0,24.0,0.0
Oakley,,037500058,Residential Low/Medium,P-1,0.0,24.0,0.0
Oakley,,037500057,Residential Low/Medium,P-1,0.0,24.0,0.0
Oakley,,037500056,Residential Low/Medium,P-1,0.0,24.0,0.0
Oakley,,037500055,Residential Low/Medium,P-1,0.0,24.0,0.0
Oakley,,037500043,Residential Low/Medium,P-1,0.0,24.0,0.0
Oakley,,037500044,Residential Low/Medium,P-1,0.0,24.0,0.0
Oakley,,037500054,Residential Low/Medium,P-1,0.0,24.0,0.0
Oakley,,037500053,Residential Low/Medium,P-1,0.0,24.0,0.0
Oakley,,037500047,Residential Low/Medium,P-1,0.0,24.0,0.0
Oakley,,037500052,Residential Low/Medium,P-1,0.0,24.0,0.0
Oakley,,037500085,Residential Low/Medium,P-1,0.0,24.0,0.0
Oakley,,037500068,Residential Low/Medium,P-1,0.0,24.0,0.0
Oakley,,037500067,Residential Low/Medium,P-1,0.0,24.0,0.0
Oakley,,037500066,Residential Low/Medium,P-1,0.0,24.0,0.0
Oakley,,037500086,Residential Low/Medium,P-1,0.0,24.0,0.0
Oakley,,037500087,Residential Low/Medium,P-1,0.0,24.0,0.0
Oakley,,037500088,Residential Low/Medium,P-1,0.0,24.0,0.0
Oakley,,037500089,Residential Low/Medium,P-1,0.0,24.0,0.0
Oakley,,037500069,Residential Low/Medium,P-1,0.0,24.0,0.0
Oakley,,037500070,Residential Low/Medium,P-1,0.0,24.0,0.0
Oakley,,037500071,Residential Low/Medium,P-1,0.0,24.0,0.0
Oakley,,037500072,Residential Low/Medium,P-1,0.0,24.0,0.0
Oakley,,037500065,Residential Low/Medium,P-1,0.0,24.0,0.0
Oakley,,037500064,Residential Low/Medium,P-1,0.0,24.0,0.0
Oakley,,037500073,Residential Low/Medium,P-1,0.0,24.0,0.0
Oakley,,037500074,Residential Low/Medium,P-1,0.0,24.0,0.0
Oakley,,037500075,Residential Low/Medium,P-1,0.0,24.0,0.0
Oakley,,037500076,Residential Low/Medium,P-1,0.0,24.0,0.0
Oakley,,037500061,Residential Low/Medium,P-1,0.0,24.0,0.0
Oakley,,037500062,Residential Low/Medium,P-1,0.0,24.0,0.0
Oakley,,037500063,Residential Low/Medium,P-1,0.0,24.0,0.0
Oakley,,037500060,Residential Low/Medium,P-1,0.0,24.0,0.0
Oakley,,037500059,Residential Low/Medium,P-1,0.0,24.0,0.0
Oakley,,037500037,Residential Low/Medium,P-1,0.0,24.0,0.0
Oakley,,037500038,Residential Low/Medium,P-1,0.0,24.0,0.0
Oakley,,037500006,Residential Low/Medium,P-1,0.0,24.0,0.0
Oakley,,037500007,Residential Low/Medium,P-1,0.0,24.0,0.0
Oakley,,037500008,Residential Low/Medium,P-1,0.0,24.0,0.0
Oakley,,037500009,Residential Low/Medium,P-1,0.0,24.0,0.0
Oakley,,037500005,Residential Low/Medium,P-1,0.0,24.0,0.0
Oakley,,037500004,Residential Low/Medium,P-1,0.0,24.0,0.0
Oakley,,037500018,Residential Low/Medium,P-1,0.0,24.0,0.0
Oakley,,037500017,Residential Low/Medium,P-1,0.0,24.0,0.0
Oakley,,037500015,Residential Low/Medium,P-1,0.0,24.0,0.0
Oakley,,037500024,Residential Low/Medium,P-1,0.0,24.0,0.0
Oakley,,037500023,Residential Low/Medium,P-1,0.0,24.0,0.20440593153865355
Oakley,,037500022,Residential Low/Medium,P-1,0.0,24.0,0.1518187558461568
Oakley,,037500016,Residential Low/Medium,P-1,0.0,24.0,0.0
Oakley,,037500021,Residential Low/Medium,P-1,0.0,24.0,0.13888993087188503
Oakley,,037500020,Residential Low/Medium,P-1,0.0,24.0,0.13887573797581573
Oakley,,037500019,Residential Low/Medium,P-1,0.0,24.0,0.14691715346432074
Oakley,,037500003,Residential Low/Medium,P-1,0.0,24.0,0.0
Oakley,,037500002,Residential Low/Medium,P-1,0.0,24.0,0.13927457784548314
Oakley,,037500001,Residential Low/Medium,P-1,0.0,24.0,0.1660116576571098
Oakley,,033012004,Commercial,P-1,0.0,24.0,3.47
Oakley,,033012007,Residential High,M-12,9.1,12.0,2.415
Oakley,,033012009,Residential High,M-12,9.1,12.0,1.11
Oakley,,033012008,Residential High,M-12,9.1,12.0,1.12
Oakley,,033012010,Residential High,P-1,0.0,24.0,6.54
Oakley,,037480012,Residential Low/Medium,P-1,0.0,24.0,0.15067481655059434
Oakley,,037480010,Residential Low/Medium,P-1,0.0,24.0,0.13510727751549814
Oakley,,037480009,Residential Low/Medium,P-1,0.0,24.0,0.0
Oakley,,037480011,Residential Low/Medium,P-1,0.0,24.0,0.13524398563436923
Oakley,,037480013,Residential Low/Medium,P-1,0.0,24.0,0.1367342225493865
Oakley,,037480014,Residential Low/Medium,P-1,0.0,24.0,0.13005307678495404
Oakley,,037480015,Residential Low/Medium,P-1,0.0,24.0,0.0
Oakley,,037480033,Residential Low/Medium,P-1,0.0,24.0,0.13004438658355175
Oakley,,037480032,Residential Low/Medium,P-1,0.0,24.0,0.0
Oakley,,037480031,Residential Low/Medium,P-1,0.0,24.0,0.0
Oakley,,037480016,Residential Low/Medium,P-1,0.0,24.0,0.0
Oakley,,037480017,Residential Low/Medium,P-1,0.0,24.0,0.0
Oakley,,037480018,Residential Low/Medium,P-1,0.0,24.0,0.0
Oakley,,037480006,Residential Low/Medium,P-1,0.0,24.0,0.0
Oakley,,037480007,Residential Low/Medium,P-1,0.0,24.0,0.0
Oakley,,037480008,Residential Low/Medium,P-1,0.0,24.0,0.0
Oakley,,037480005,Residential Low/Medium,P-1,0.0,24.0,0.0
Oakley,,037480004,Residential Low/Medium,P-1,0.0,24.0,0.0
Oakley,,037480003,Residential Low/Medium,P-1,0.0,24.0,0.0
Oakley,,037192027,Public and Semi-Public,P,0.0,0.0,25.535
Oakley,,037480107,Residential Low/Medium,P-1,0.0,24.0,0.0
Oakley,,037480106,Residential Low/Medium,P-1,0.0,24.0,0.0
Oakley,,037480105,Residential Low/Medium,P-1,0.0,24.0,0.0
Oakley,,037490007,Residential Low/Medium,P-1,0.0,24.0,0.0
Oakley,,037490008,Residential Low/Medium,P-1,0.0,24.0,0.0
Oakley,,037480111,Residential Low/Medium,P-1,0.0,24.0,0.086
Oakley,,037480104,Residential Low/Medium,P-1,0.0,24.0,0.0
Oakley,,037480103,Residential Low/Medium,P-1,0.0,24.0,0.0
Oakley,,037490021,Residential Low/Medium,P-1,0.0,24.0,0.153
Oakley,,037480090,Residential Low/Medium,P-1,0.0,24.0,0.133
Oakley,,037480091,Residential Low/Medium,P-1,0.0,24.0,0.0
Oakley,,037480092,Residential Low/Medium,P-1,0.0,24.0,0.0
Oakley,,037480102,Residential Low/Medium,P-1,0.0,24.0,0.0
Oakley,,037480101,Residential Low/Medium,P-1,0.0,24.0,0.0
Oakley,,037480100,Residential Low/Medium,P-1,0.0,24.0,0.0
Oakley,,037480093,Residential Low/Medium,P-1,0.0,24.0,0.0
Oakley,,037480094,Residential Low/Medium,P-1,0.0,24.0,0.0
Oakley,,037480095,Residential Low/Medium,P-1,0.0,24.0,0.0
Oakley,,037480096,Residential Low/Medium,P-1,0.0,24.0,0.0
Oakley,,037480097,Residential Low/Medium,P-1,0.0,24.0,0.0
Oakley,,037480098,Residential Low/Medium,P-1,0.0,24.0,0.0
Oakley,,037480099,Residential Low/Medium,P-1,0.0,24.0,0.0
Oakley,,037480108,Residential Low/Medium,P-1,0.0,24.0,0.0
Oakley,,037480109,Residential Low/Medium,P-1,0.0,24.0,0.0
Oakley,,037480110,Residential Low/Medium,P-1,0.0,24.0,0.0
Oakley,,037480001,Residential Low/Medium,P-1,0.0,24.0,0.0
Oakley,,037480002,Residential Low/Medium,P-1,0.0,24.0,0.0
Oakley,,037480022,Residential Low/Medium,P-1,0.0,24.0,0.0
Oakley,,037480023,Residential Low/Medium,P-1,0.0,24.0,0.0
Oakley,,037480024,Residential Low/Medium,P-1,0.0,24.0,0.0
Oakley,,037480025,Residential Low/Medium,P-1,0.0,24.0,0.0
Oakley,,037480027,Residential Low/Medium,P-1,0.0,24.0,0.0
Oakley,,037480026,Residential Low/Medium,P-1,0.0,24.0,0.0
Oakley,,037480021,Residential Low/Medium,P-1,0.0,24.0,0.0
Oakley,,037480020,Residential Low/Medium,P-1,0.0,24.0,0.0
Oakley,,037480019,Residential Low/Medium,P-1,0.0,24.0,0.0
Oakley,,037480028,Residential Low/Medium,P-1,0.0,24.0,0.0
Oakley,,037480040,Residential Low/Medium,P-1,0.0,24.0,0.0
Oakley,,037480113,Residential Low/Medium,P-1,0.0,24.0,0.077
Oakley,,037480029,Residential Low/Medium,P-1,0.0,24.0,0.0
Oakley,,037480030,Residential Low/Medium,P-1,0.0,24.0,0.0
Oakley,,037480039,Residential Low/Medium,P-1,0.0,24.0,0.0
Oakley,,037480041,Residential Low/Medium,P-1,0.0,24.0,0.0
Oakley,,037480050,Residential Low/Medium,P-1,0.0,24.0,0.0
Oakley,,037480049,Residential Low/Medium,P-1,0.0,24.0,0.0
Oakley,,037480048,Residential Low/Medium,P-1,0.0,24.0,0.0
Oakley,,037480043,Residential Low/Medium,P-1,0.0,24.0,0.0
Oakley,,037480042,Residential Low/Medium,P-1,0.0,24.0,0.0
Oakley,,037480044,Residential Low/Medium,P-1,0.0,24.0,0.0
Oakley,,037480045,Residential Low/Medium,P-1,0.0,24.0,0.0
Oakley,,037480046,Residential Low/Medium,P-1,0.0,24.0,0.0
Oakley,,037480047,Residential Low/Medium,P-1,0.0,24.0,0.0
Oakley,,037480067,Residential Low/Medium,P-1,0.0,24.0,0.0
Oakley,,037480068,Residential Low/Medium,P-1,0.0,24.0,0.0
Oakley,,037590016,Residential Low/Medium,P-1,0.0,24.0,0.0
Oakley,,037480069,Residential Low/Medium,P-1,0.0,24.0,0.0
Oakley,,037480070,Residential Low/Medium,P-1,0.0,24.0,0.0
Oakley,,037480071,Residential Low/Medium,P-1,0.0,24.0,0.0
Oakley,,037480080,Residential Low/Medium,P-1,0.0,24.0,0.0
Oakley,,037480081,Residential Low/Medium,P-1,0.0,24.0,0.0
Oakley,,037480082,Residential Low/Medium,P-1,0.0,24.0,0.0
Oakley,,037480083,Residential Low/Medium,P-1,0.0,24.0,0.0
Oakley,,037480084,Residential Low/Medium,P-1,0.0,24.0,0.0
Oakley,,037480085,Residential Low/Medium,P-1,0.0,24.0,0.0
Oakley,,037480086,Residential Low/Medium,P-1,0.0,24.0,0.0
Oakley,,037480079,Residential Low/Medium,P-1,0.0,24.0,0.0
Oakley,,037480078,Residential Low/Medium,P-1,0.0,24.0,0.0
Oakley,,037480077,Residential Low/Medium,P-1,0.0,24.0,0.0
Oakley,,037480088,Residential Low/Medium,P-1,0.0,24.0,0.0
Oakley,,037480087,Residential Low/Medium,P-1,0.0,24.0,0.0
Oakley,,037480089,Residential Low/Medium,P-1,0.0,24.0,0.0
Oakley,,037490022,Residential Low/Medium,P-1,0.0,24.0,0.0
Oakley,,037490035,Residential Low/Medium,P-1,0.0,24.0,0.0
Oakley,,037480112,Residential Low/Medium,P-1,0.0,24.0,0.087
Oakley,,037480076,Residential Low/Medium,P-1,0.0,24.0,0.0
Oakley,,037480075,Residential Low/Medium,P-1,0.0,24.0,0.0
Oakley,,037490036,Residential Low/Medium,P-1,0.0,24.0,0.0
Oakley,,037590008,Residential Low/Medium,P-1,0.0,24.0,0.0
Oakley,,037590007,Residential Low/Medium,P-1,0.0,24.0,0.0
Oakley,,037590009,Residential Low/Medium,P-1,0.0,24.0,0.0
Oakley,,037590010,Residential Low/Medium,P-1,0.0,24.0,0.0
Oakley,,037590011,Residential Low/Medium,P-1,0.0,24.0,0.0
Oakley,,037480074,Residential Low/Medium,P-1,0.0,24.0,0.0
Oakley,,037480073,Residential Low/Medium,P-1,0.0,24.0,0.0
Oakley,,037480072,Residential Low/Medium,P-1,0.0,24.0,0.0
Oakley,,037590013,Residential Low/Medium,P-1,0.0,24.0,0.0
Oakley,,037590012,Residential Low/Medium,P-1,0.0,24.0,0.0
Oakley,,037590014,Residential Low/Medium,P-1,0.0,24.0,0.0
Oakley,,037590015,Residential Low/Medium,P-1,0.0,24.0,0.0
Oakley,,037590020,Residential Low/Medium,P-1,0.0,24.0,0.0
Oakley,,037590019,Residential Low/Medium,P-1,0.0,24.0,0.0
Oakley,,037590068,Residential Low/Medium,P-1,0.0,24.0,0.0
Oakley,,037590067,Residential Low/Medium,P-1,0.0,24.0,0.0
Oakley,,037590021,Residential Low/Medium,P-1,0.0,24.0,0.0
Oakley,,037590022,Residential Low/Medium,P-1,0.0,24.0,0.0
Oakley,,037590024,Residential Low/Medium,P-1,0.0,24.0,0.0
Oakley,,037590023,Residential Low/Medium,P-1,0.0,24.0,0.0
Oakley,,037590066,Residential Low/Medium,P-1,0.0,24.0,0.0
Oakley,,037590065,Residential Low/Medium,P-1,0.0,24.0,0.0
Oakley,,037590069,Residential Low/Medium,P-1,0.0,24.0,0.0
Oakley,,037590063,Residential Low/Medium,P-1,0.0,24.0,0.0
Oakley,,037590064,Residential Low/Medium,P-1,0.0,24.0,0.0
Oakley,,037590062,Residential Low/Medium,P-1,0.0,24.0,0.0
Oakley,,037590061,Residential Low/Medium,P-1,0.0,24.0,0.0
Oakley,,037590047,Residential Low/Medium,P-1,0.0,24.0,0.0
Oakley,,037590046,Residential Low/Medium,P-1,0.0,24.0,0.0
Oakley,,037590045,Residential Low/Medium,P-1,0.0,24.0,0.0
Oakley,,037590044,Residential Low/Medium,P-1,0.0,24.0,0.0
Oakley,,037590043,Residential Low/Medium,P-1,0.0,24.0,0.0
Oakley,,037590037,Residential Low/Medium,P-1,0.0,24.0,0.0
Oakley,,037590038,Residential Low/Medium,P-1,0.0,24.0,0.0
Oakley,,037590042,Residential Low/Medium,P-1,0.0,24.0,0.0
Oakley,,037590041,Residential Low/Medium,P-1,0.0,24.0,0.0
Oakley,,037590025,Residential Low/Medium,P-1,0.0,24.0,0.0
Oakley,,037590028,Residential Low/Medium,P-1,0.0,24.0,0.0
Oakley,,037590027,Residential Low/Medium,P-1,0.0,24.0,0.0
Oakley,,037590026,Residential Low/Medium,P-1,0.0,24.0,0.0
Oakley,,037590039,Residential Low/Medium,P-1,0.0,24.0,0.0
Oakley,,037590040,Residential Low/Medium,P-1,0.0,24.0,0.0
Oakley,,037530066,Residential Low/Medium,P-1,0.0,24.0,0.0
Oakley,,037590029,Residential Low/Medium,P-1,0.0,24.0,0.0
Oakley,,037530021,Residential Low,P-1,0.0,24.0,0.0
Oakley,,037590002,Residential Low/Medium,P-1,0.0,24.0,0.0
Oakley,,037590001,Residential Low/Medium,P-1,0.0,24.0,0.0
Oakley,,037490042,Residential Low/Medium,P-1,0.0,24.0,0.0
Oakley,,037490041,Residential Low/Medium,P-1,0.0,24.0,0.0
Oakley,,037490040,Residential Low/Medium,P-1,0.0,24.0,0.0
Oakley,,037590003,Residential Low/Medium,P-1,0.0,24.0,0.0
Oakley,,037590004,Residential Low/Medium,P-1,0.0,24.0,0.0
Oakley,,037590005,Residential Low/Medium,P-1,0.0,24.0,0.0
Oakley,,037590006,Residential Low/Medium,P-1,0.0,24.0,0.0
Oakley,,037490038,Residential Low/Medium,P-1,0.0,24.0,0.0
Oakley,,037490037,Residential Low/Medium,P-1,0.0,24.0,0.0
Oakley,,037490039,Residential Low/Medium,P-1,0.0,24.0,0.0
Oakley,,037490031,Residential Low/Medium,P-1,0.0,24.0,0.0
Oakley,,037490032,Residential Low/Medium,P-1,0.0,24.0,0.0
Oakley,,037490033,Residential Low/Medium,P-1,0.0,24.0,0.0
Oakley,,037490024,Residential Low/Medium,P-1,0.0,24.0,0.0
Oakley,,037490034,Residential Low/Medium,P-1,0.0,24.0,0.0
Oakley,,037490023,Residential Low/Medium,P-1,0.0,24.0,0.0
Oakley,,037490025,Residential Low/Medium,P-1,0.0,24.0,0.0
Oakley,,037490026,Residential Low/Medium,P-1,0.0,24.0,0.0
Oakley,,037490030,Residential Low/Medium,P-1,0.0,24.0,0.0
Oakley,,037490029,Residential Low/Medium,P-1,0.0,24.0,0.0
Oakley,,037490028,Residential Low/Medium,P-1,0.0,24.0,0.0
Oakley,,037490027,Residential Low/Medium,P-1,0.0,24.0,0.0
Oakley,,037490067,Residential Low/Medium,P-1,0.0,24.0,0.0
Oakley,,037490066,Residential Low/Medium,P-1,0.0,24.0,0.0
Oakley,,037490043,Residential Low/Medium,P-1,0.0,24.0,0.0
Oakley,,037530020,Residential Low,P-1,0.0,24.0,0.0
Oakley,,037490045,Residential Low/Medium,P-1,0.0,24.0,0.0
Oakley,,037490044,Residential Low/Medium,P-1,0.0,24.0,0.0
Oakley,,037490046,Residential Low/Medium,P-1,0.0,24.0,0.0
Oakley,,037490063,Residential Low/Medium,P-1,0.0,24.0,0.0
Oakley,,037490064,Residential Low/Medium,P-1,0.0,24.0,0.0
Oakley,,037490065,Residential Low/Medium,P-1,0.0,24.0,0.0
Oakley,,037490069,Residential Low/Medium,P-1,0.0,24.0,0.0
Oakley,,037490068,Residential Low/Medium,P-1,0.0,24.0,0.0
Oakley,,037490071,Residential Low/Medium,P-1,0.0,24.0,0.0
Oakley,,037490070,Residential Low/Medium,P-1,0.0,24.0,0.0
Oakley,,037490062,Residential Low/Medium,P-1,0.0,24.0,0.0
Oakley,,037490061,Residential Low/Medium,P-1,0.0,24.0,0.0
Oakley,,037490072,Residential Low/Medium,P-1,0.0,24.0,0.0
Oakley,,037490073,Residential Low/Medium,P-1,0.0,24.0,0.0
Oakley,,037490014,Residential Low/Medium,P-1,0.0,24.0,0.0
Oakley,,037490016,Residential Low/Medium,P-1,0.0,24.0,0.0
Oakley,,037490015,Residential Low/Medium,P-1,0.0,24.0,0.0
Oakley,,037490013,Residential Low/Medium,P-1,0.0,24.0,0.0
Oakley,,037490012,Residential Low/Medium,P-1,0.0,24.0,0.0
Oakley,,037490017,Residential Low/Medium,P-1,0.0,24.0,0.0
Oakley,,037490018,Residential Low/Medium,P-1,0.0,24.0,0.0
Oakley,,037490020,Residential Low/Medium,P-1,0.0,24.0,0.0
Oakley,,037490019,Residential Low/Medium,P-1,0.0,24.0,0.0
Oakley,,037490010,Residential Low/Medium,P-1,0.0,24.0,0.0
Oakley,,037490009,Residential Low/Medium,P-1,0.0,24.0,0.0
Oakley,,037490011,Residential Low/Medium,P-1,0.0,24.0,0.0
Oakley,,037490004,Residential Low/Medium,P-1,0.0,24.0,0.0
Oakley,,037490005,Residential Low/Medium,P-1,0.0,24.0,0.0
Oakley,,037490006,Residential Low/Medium,P-1,0.0,24.0,0.0
Oakley,,037490003,Residential Low/Medium,P-1,0.0,24.0,0.0
Oakley,,037490002,Residential Low/Medium,P-1,0.0,24.0,0.0
Oakley,,037490001,Residential Low/Medium,P-1,0.0,24.0,0.0
Oakley,,037570026,Residential Low/Medium,P-1,0.0,24.0,0.0
Oakley,,037570027,Residential Low/Medium,P-1,0.0,24.0,0.295
Oakley,,037570025,Residential Low/Medium,P-1,0.0,24.0,0.0
Oakley,,037570001,Residential Low/Medium,P-1,0.0,24.0,0.0
Oakley,,037570044,Residential Low/Medium,P-1,0.0,24.0,0.196
Oakley,,037570043,Residential Low/Medium,P-1,0.0,24.0,0.0
Oakley,,037570046,Residential Low/Medium,P-1,0.0,24.0,0.0
Oakley,,037570042,Residential Low/Medium,P-1,0.0,24.0,0.0
Oakley,,037570002,Residential Low/Medium,P-1,0.0,24.0,0.0
Oakley,,037570003,Residential Low/Medium,P-1,0.0,24.0,0.0
Oakley,,037570041,Residential Low/Medium,P-1,0.0,24.0,0.0
Oakley,,037570040,Residential Low/Medium,P-1,0.0,24.0,0.0
Oakley,,037570039,Residential Low/Medium,P-1,0.0,24.0,0.0
Oakley,,037570038,Residential Low/Medium,P-1,0.0,24.0,0.0
Oakley,,037570006,Residential Low/Medium,P-1,0.0,24.0,0.0
Oakley,,037570005,Residential Low/Medium,P-1,0.0,24.0,0.0
Oakley,,037570004,Residential Low/Medium,P-1,0.0,24.0,0.0
Oakley,,037570021,Residential Low/Medium,P-1,0.0,24.0,0.0
Oakley,,037570019,Residential Low/Medium,P-1,0.0,24.0,0.0
Oakley,,037570020,Residential Low/Medium,P-1,0.0,24.0,0.0
Oakley,,037520018,Residential Low/Medium,P-1,0.0,24.0,0.0
Oakley,,037570022,Residential Low/Medium,P-1,0.0,24.0,0.0
Oakley,,037570023,Residential Low/Medium,P-1,0.0,24.0,0.0
Oakley,,037570024,Residential Low/Medium,P-1,0.0,24.0,0.0
Oakley,,037520019,Residential Low/Medium,P-1,0.0,24.0,0.0
Oakley,,037520020,Residential Low/Medium,P-1,0.0,24.0,0.0
Oakley,,037520021,Residential Low/Medium,P-1,0.0,24.0,0.0
Oakley,,037520022,Residential Low/Medium,P-1,0.0,24.0,0.0
Oakley,,037520023,Residential Low/Medium,P-1,0.0,24.0,0.0
Oakley,,037520024,Residential Low/Medium,P-1,0.0,24.0,0.0
Oakley,,037520025,Residential Low/Medium,P-1,0.0,24.0,0.0
Oakley,,037520050,Residential Low/Medium,P-1,0.0,24.0,5.0
Oakley,,037520052,Residential Low/Medium,P-1,0.0,24.0,0.076
Oakley,,037490092,Residential Low/Medium,P-1,0.0,24.0,5.06
Oakley,,037490079,Residential Low/Medium,P-1,0.0,24.0,0.0
Oakley,,037490080,Residential Low/Medium,P-1,0.0,24.0,0.0
Oakley,,037490086,Residential Low/Medium,P-1,0.0,24.0,0.0
Oakley,,037490085,Residential Low/Medium,P-1,0.0,24.0,0.0
Oakley,,037490083,Residential Low/Medium,P-1,0.0,24.0,0.0
Oakley,,037490081,Residential Low/Medium,P-1,0.0,24.0,0.0
Oakley,,037490082,Residential Low/Medium,P-1,0.0,24.0,0.0
Oakley,,037520049,Residential Low/Medium,P-1,0.0,24.0,0.0
Oakley,,037520048,Residential Low/Medium,P-1,0.0,24.0,0.0
Oakley,,037520047,Residential Low/Medium,P-1,0.0,24.0,0.0
Oakley,,037490084,Residential Low/Medium,P-1,0.0,24.0,0.0
Oakley,,037510102,Residential Low/Medium,P-1,0.0,24.0,1.54
Oakley,,037520044,Residential Low/Medium,P-1,0.0,24.0,0.0
Oakley,,037520045,Residential Low/Medium,P-1,0.0,24.0,0.0
Oakley,,037520046,Residential Low/Medium,P-1,0.0,24.0,0.0
Oakley,,037520026,Residential Low/Medium,P-1,0.0,24.0,0.0
Oakley,,037520027,Residential Low/Medium,P-1,0.0,24.0,0.0
Oakley,,037520028,Residential Low/Medium,P-1,0.0,24.0,0.0
Oakley,,037520043,Residential Low/Medium,P-1,0.0,24.0,0.0
Oakley,,037520042,Residential Low/Medium,P-1,0.0,24.0,0.0
Oakley,,037520029,Residential Low/Medium,P-1,0.0,24.0,0.0
Oakley,,037520030,Residential Low/Medium,P-1,0.0,24.0,0.0
Oakley,,037520031,Residential Low/Medium,P-1,0.0,24.0,0.0
Oakley,,037520040,Residential Low/Medium,P-1,0.0,24.0,0.0
Oakley,,037520041,Residential Low/Medium,P-1,0.0,24.0,0.0
Oakley,,037520051,Residential Low/Medium,P-1,0.0,24.0,0.145
Oakley,,037490087,Residential Low/Medium,P-1,0.0,24.0,0.0
Oakley,,037490088,Residential Low/Medium,P-1,0.0,24.0,0.0
Oakley,,037490089,Residential Low/Medium,P-1,0.0,24.0,0.0
Oakley,,037490078,Residential Low/Medium,P-1,0.0,24.0,0.0
Oakley,,037490077,Residential Low/Medium,P-1,0.0,24.0,0.0
Oakley,,037490076,Residential Low/Medium,P-1,0.0,24.0,0.0
Oakley,,037490090,Residential Low/Medium,P-1,0.0,24.0,0.0
Oakley,,037490091,Residential Low/Medium,P-1,0.0,24.0,0.0
Oakley,,037530001,Residential Low,P-1,0.0,24.0,0.0
Oakley,,037530002,Residential Low,P-1,0.0,24.0,0.0
Oakley,,037530003,Residential Low,P-1,0.0,24.0,0.0
Oakley,,037530008,Residential Low,P-1,0.0,24.0,0.0
Oakley,,037530007,Residential Low,P-1,0.0,24.0,0.0
Oakley,,037530075,Residential Low,P-1,0.0,24.0,2.34
Oakley,,037490093,Residential Low/Medium,P-1,0.0,24.0,0.903
Oakley,,037490055,Residential Low/Medium,P-1,0.0,24.0,0.0
Oakley,,037490054,Residential Low/Medium,P-1,0.0,24.0,0.0
Oakley,,037530009,Residential Low,P-1,0.0,24.0,0.0
Oakley,,037530010,Residential Low,P-1,0.0,24.0,0.0
Oakley,,037530011,Residential Low,P-1,0.0,24.0,0.0
Oakley,,037490053,Residential Low/Medium,P-1,0.0,24.0,0.0
Oakley,,037490052,Residential Low/Medium,P-1,0.0,24.0,0.0
Oakley,,037490056,Residential Low/Medium,P-1,0.0,24.0,0.0
Oakley,,037490057,Residential Low/Medium,P-1,0.0,24.0,0.0
Oakley,,037490058,Residential Low/Medium,P-1,0.0,24.0,0.0
Oakley,,037490075,Residential Low/Medium,P-1,0.0,24.0,0.0
Oakley,,037490074,Residential Low/Medium,P-1,0.0,24.0,0.0
Oakley,,037490059,Residential Low/Medium,P-1,0.0,24.0,0.0
Oakley,,037490060,Residential Low/Medium,P-1,0.0,24.0,0.0
Oakley,,037490051,Residential Low/Medium,P-1,0.0,24.0,0.0
Oakley,,037490050,Residential Low/Medium,P-1,0.0,24.0,0.0
Oakley,,037530012,Residential Low,P-1,0.0,24.0,0.0
Oakley,,037530013,Residential Low,P-1,0.0,24.0,0.0
Oakley,,037530014,Residential Low,P-1,0.0,24.0,0.0
Oakley,,037530015,Residential Low,P-1,0.0,24.0,0.0
Oakley,,037490049,Residential Low/Medium,P-1,0.0,24.0,0.0
Oakley,,037490048,Residential Low/Medium,P-1,0.0,24.0,0.0
Oakley,,037490047,Residential Low/Medium,P-1,0.0,24.0,0.0
Oakley,,037530016,Residential Low,P-1,0.0,24.0,0.0
Oakley,,037530017,Residential Low,P-1,0.0,24.0,0.0
Oakley,,037530018,Residential Low,P-1,0.0,24.0,0.0
Oakley,,037530019,Residential Low,P-1,0.0,24.0,0.0
Oakley,,037530043,Residential Low,P-1,0.0,24.0,0.0
Oakley,,037530042,Residential Low,P-1,0.0,24.0,0.0
Oakley,,037530041,Residential Low,P-1,0.0,24.0,0.0
Oakley,,037530023,Residential Low,P-1,0.0,24.0,0.0
Oakley,,037530022,Residential Low,P-1,0.0,24.0,0.0
Oakley,,037530006,Residential Low,P-1,0.0,24.0,0.0
Oakley,,037530005,Residential Low,P-1,0.0,24.0,0.0
Oakley,,037530004,Residential Low,P-1,0.0,24.0,0.0
Oakley,,037530024,Residential Low,P-1,0.0,24.0,0.0
Oakley,,037530028,Residential Low,P-1,0.0,24.0,0.0
Oakley,,037530026,Residential Low,P-1,0.0,24.0,0.0
Oakley,,037530038,Residential Low,P-1,0.0,24.0,0.0
Oakley,,037530027,Residential Low,P-1,0.0,24.0,0.0
Oakley,,037530036,Residential Low,P-1,0.0,24.0,0.0
Oakley,,037530037,Residential Low,P-1,0.0,24.0,0.0
Oakley,,037530050,Residential Low,P-1,0.0,24.0,0.0
Oakley,,037530051,Residential Low,P-1,0.0,24.0,0.0
Oakley,,037530039,Residential Low,P-1,0.0,24.0,0.0
Oakley,,037530040,Residential Low,P-1,0.0,24.0,0.0
Oakley,,037530025,Residential Low,P-1,0.0,24.0,0.0
Oakley,,037530046,Residential Low,P-1,0.0,24.0,0.0
Oakley,,037530045,Residential Low,P-1,0.0,24.0,0.0
Oakley,,037530044,Residential Low,P-1,0.0,24.0,0.0
Oakley,,037530065,Residential Low,P-1,0.0,24.0,0.0
Oakley,,037530064,Residential Low,P-1,0.0,24.0,0.0
Oakley,,037530063,Residential Low,P-1,0.0,24.0,0.0
Oakley,,037530067,Residential Low/Medium,P-1,0.0,24.0,0.0
Oakley,,037530068,Residential Low/Medium,P-1,0.0,24.0,0.0
Oakley,,037530062,Residential Low,P-1,0.0,24.0,0.0
Oakley,,037530061,Residential Low,P-1,0.0,24.0,0.0
Oakley,,037530047,Residential Low,P-1,0.0,24.0,0.0
Oakley,,037530048,Residential Low,P-1,0.0,24.0,0.0
Oakley,,037530049,Residential Low,P-1,0.0,24.0,0.0
Oakley,,037530058,Residential Low,P-1,0.0,24.0,0.0
Oakley,,037530059,Residential Low,P-1,0.0,24.0,0.0
Oakley,,037530071,Residential Low/Medium,P-1,0.0,24.0,0.0
Oakley,,037530070,Residential Low/Medium,P-1,0.0,24.0,0.0
Oakley,,037530060,Residential Low,P-1,0.0,24.0,0.0
Oakley,,037530069,Residential Low/Medium,P-1,0.0,24.0,0.0
Oakley,,037590036,Residential Low/Medium,P-1,0.0,24.0,0.0
Oakley,,037590034,Residential Low/Medium,P-1,0.0,24.0,0.0
Oakley,,037590035,Residential Low/Medium,P-1,0.0,24.0,0.0
Oakley,,037590033,Residential Low/Medium,P-1,0.0,24.0,0.0
Oakley,,037590048,Residential Low/Medium,P-1,0.0,24.0,0.0
Oakley,,037590032,Residential Low/Medium,P-1,0.0,24.0,0.0
Oakley,,037590031,Residential Low/Medium,P-1,0.0,24.0,0.0
Oakley,,037590030,Residential Low/Medium,P-1,0.0,24.0,0.0
Oakley,,037530074,Residential Low/Medium,P-1,0.0,24.0,0.0
Oakley,,037530073,Residential Low/Medium,P-1,0.0,24.0,0.0
Oakley,,037530072,Residential Low/Medium,P-1,0.0,24.0,0.0
Oakley,,037530057,Residential Low,P-1,0.0,24.0,0.0
Oakley,,037530056,Residential Low,P-1,0.0,24.0,0.0
Oakley,,037530055,Residential Low,P-1,0.0,24.0,0.0
Oakley,,037540020,Residential Low,P-1,0.0,24.0,0.0
Oakley,,037540021,Residential Low/Medium,P-1,0.0,24.0,0.0
Oakley,,037540019,Residential Low,P-1,0.0,24.0,0.0
Oakley,,037540018,Residential Low,P-1,0.0,24.0,0.0
Oakley,,037540017,Residential Low,P-1,0.0,24.0,0.0
Oakley,,037540014,Residential Low,P-1,0.0,24.0,0.0
Oakley,,037540013,Residential Low,P-1,0.0,24.0,0.0
Oakley,,037540012,Residential Low,P-1,0.0,24.0,0.0
Oakley,,037530054,Residential Low,P-1,0.0,24.0,0.0
Oakley,,037540011,Residential Low,P-1,0.0,24.0,0.0
Oakley,,037530053,Residential Low,P-1,0.0,24.0,0.0
Oakley,,037530052,Residential Low,P-1,0.0,24.0,0.0
Oakley,,037530035,Residential Low,P-1,0.0,24.0,0.0
Oakley,,037530034,Residential Low,P-1,0.0,24.0,0.0
Oakley,,037530033,Residential Low,P-1,0.0,24.0,0.0
Oakley,,037540010,Residential Low,P-1,0.0,24.0,0.0
Oakley,,037530031,Residential Low,P-1,0.0,24.0,0.0
Oakley,,037530029,Residential Low,P-1,0.0,24.0,0.0
Oakley,,037530030,Residential Low,P-1,0.0,24.0,0.0
Oakley,,037530032,Residential Low,P-1,0.0,24.0,0.0
Oakley,,037540001,Residential Low,P-1,0.0,24.0,0.0
Oakley,,037540002,Residential Low,P-1,0.0,24.0,0.0
Oakley,,037540004,Residential Low,P-1,0.0,24.0,0.0
Oakley,,037540005,Residential Low,P-1,0.0,24.0,0.0
Oakley,,037540003,Residential Low,P-1,0.0,24.0,0.0
Oakley,,037540009,Residential Low,P-1,0.0,24.0,0.0
Oakley,,037540008,Residential Low,P-1,0.0,24.0,0.0
Oakley,,037540007,Residential Low,P-1,0.0,24.0,0.0
Oakley,,037540006,Residential Low,P-1,0.0,24.0,0.0
Oakley,,037540015,Residential Low,P-1,0.0,24.0,0.0
Oakley,,037540030,Residential Low,P-1,0.0,24.0,0.0
Oakley,,037540028,Residential Low,P-1,0.0,24.0,0.0
Oakley,,037540029,Residential Low,P-1,0.0,24.0,0.0
Oakley,,037560006,Residential Low,P-1,0.0,24.0,0.0
Oakley,,037560007,Residential Low,P-1,0.0,24.0,0.0
Oakley,,037560008,Residential Low,P-1,0.0,24.0,0.0
Oakley,,037540025,Residential Low,P-1,0.0,24.0,0.0
Oakley,,037540026,Residential Low,P-1,0.0,24.0,0.0
Oakley,,037540027,Residential Low,P-1,0.0,24.0,0.0
Oakley,,037540024,Residential Low,P-1,0.0,24.0,0.0
Oakley,,037560010,Residential Low,P-1,0.0,24.0,0.0
Oakley,,037560009,Residential Low,P-1,0.0,24.0,0.0
Oakley,,037560011,Residential Low,P-1,0.0,24.0,0.0
Oakley,,03719C001,Residential Low/Medium,P-1,0.0,24.0,0.0
Oakley,,037560059,Residential Low,P-1,0.0,24.0,0.0
Oakley,,037560061,Residential Low,P-1,0.0,24.0,0.0
Oakley,,037580014,Residential Low,P-1,0.0,24.0,0.0
Oakley,,037560060,Residential Low,P-1,0.0,24.0,0.0
Oakley,,037560087,Residential Low,P-1,0.0,24.0,1.212
Oakley,,037580015,Residential Low,P-1,0.0,24.0,0.0
Oakley,,037580016,Residential Low,P-1,0.0,24.0,0.0
Oakley,,037580017,Residential Low,P-1,0.0,24.0,0.0
Oakley,,037580013,Residential Low,P-1,0.0,24.0,0.0
Oakley,,037580012,Residential Low,P-1,0.0,24.0,0.0
Oakley,,037560062,Residential Low,P-1,0.0,24.0,0.0
Oakley,,037560063,Residential Low,P-1,0.0,24.0,0.0
Oakley,,037580011,Residential Low,P-1,0.0,24.0,0.0
Oakley,,037580010,Residential Low,P-1,0.0,24.0,0.0
Oakley,,037580009,Residential Low,P-1,0.0,24.0,0.0
Oakley,,037580018,Residential Low,P-1,0.0,24.0,0.0
Oakley,,037580019,Residential Low,P-1,0.0,24.0,0.0
Oakley,,037580020,Residential Low,P-1,0.0,24.0,0.0
Oakley,,037580021,Residential Low,P-1,0.0,24.0,0.0
Oakley,,037580022,Residential Low,P-1,0.0,24.0,0.0
Oakley,,037580023,Residential Low,P-1,0.0,24.0,0.0
Oakley,,037580035,Residential Low,P-1,0.0,24.0,0.0
Oakley,,037580036,Residential Low,P-1,0.0,24.0,0.0
Oakley,,037580037,Residential Low,P-1,0.0,24.0,0.0
Oakley,,037580038,Residential Low,P-1,0.0,24.0,0.0
Oakley,,037580039,Residential Low,P-1,0.0,24.0,0.0
Oakley,,037580046,Residential Low,P-1,0.0,24.0,0.0
Oakley,,037580045,Residential Low,P-1,0.0,24.0,0.0
Oakley,,037580040,Residential Low,P-1,0.0,24.0,0.0
Oakley,,037580041,Residential Low,P-1,0.0,24.0,0.0
Oakley,,037580042,Residential Low,P-1,0.0,24.0,0.0
Oakley,,037580044,Residential Low,P-1,0.0,24.0,0.0
Oakley,,037580043,Residential Low,P-1,0.0,24.0,0.0
Oakley,,037580076,Residential Low,P-1,0.0,24.0,0.0
Oakley,,037580077,Residential Low,P-1,0.0,24.0,0.0
Oakley,,037580078,Residential Low,P-1,0.0,24.0,0.0
Oakley,,037580097,Residential Low,P-1,0.0,24.0,1.03
Oakley,,037580079,Residential Low,P-1,0.0,24.0,0.0
Oakley,,037580081,Residential Low,P-1,0.0,24.0,0.0
Oakley,,037580080,Residential Low,P-1,0.0,24.0,0.0
Oakley,,037580083,Residential Low,P-1,0.0,24.0,0.0
Oakley,,037580082,Residential Low,P-1,0.0,24.0,0.0
Oakley,,037580084,Residential Low,P-1,0.0,24.0,0.0
Oakley,,037580087,Residential Low,P-1,0.0,24.0,0.0
Oakley,,037580086,Residential Low,P-1,0.0,24.0,0.0
Oakley,,037580085,Residential Low,P-1,0.0,24.0,0.0
Oakley,,037580070,Residential Low,P-1,0.0,24.0,0.0
Oakley,,037580071,Residential Low,P-1,0.0,24.0,0.0
Oakley,,037580072,Residential Low,P-1,0.0,24.0,0.0
Oakley,,037580073,Residential Low,P-1,0.0,24.0,0.0
Oakley,,037580074,Residential Low,P-1,0.0,24.0,0.0
Oakley,,037580075,Residential Low,P-1,0.0,24.0,0.0
Oakley,,037580047,Residential Low,P-1,0.0,24.0,0.0
Oakley,,037580048,Residential Low,P-1,0.0,24.0,0.0
Oakley,,037580049,Residential Low,P-1,0.0,24.0,0.0
Oakley,,037580051,Residential Low,P-1,0.0,24.0,0.0
Oakley,,037580050,Residential Low,P-1,0.0,24.0,0.0
Oakley,,037580034,Residential Low,P-1,0.0,24.0,0.0
Oakley,,037580033,Residential Low,P-1,0.0,24.0,0.0
Oakley,,037580052,Residential Low,P-1,0.0,24.0,0.0
Oakley,,037580053,Residential Low,P-1,0.0,24.0,0.0
Oakley,,037580054,Residential Low,P-1,0.0,24.0,0.0
Oakley,,037580055,Residential Low/Medium,P-1,0.0,24.0,0.0
Oakley,,037580065,Residential Low/Medium,P-1,0.0,24.0,0.0
Oakley,,037580066,Residential Low/Medium,P-1,0.0,24.0,0.0
Oakley,,037580067,Residential Low,P-1,0.0,24.0,0.0
Oakley,,037580068,Residential Low,P-1,0.0,24.0,0.0
Oakley,,037580069,Residential Low,P-1,0.0,24.0,0.0
Oakley,,037580089,Residential Low,P-1,0.0,24.0,0.0
Oakley,,037580088,Residential Low,P-1,0.0,24.0,0.0
Oakley,,037580090,Residential Low,P-1,0.0,24.0,0.0
Oakley,,037580092,Residential Low/Medium,P-1,0.0,24.0,0.0
Oakley,,037580091,Residential Low/Medium,P-1,0.0,24.0,0.0
Oakley,,037580094,Residential Low/Medium,P-1,0.0,24.0,0.0
Oakley,,037580093,Residential Low/Medium,P-1,0.0,24.0,0.0
Oakley,,037580095,Residential Low/Medium,P-1,0.0,24.0,0.0
Oakley,,037580098,Residential Low/Medium,P-1,0.0,24.0,0.0
Oakley,,037580096,Residential Low/Medium,P-1,0.0,24.0,0.0
Oakley,,037580063,Residential Low/Medium,P-1,0.0,24.0,0.0
Oakley,,037580064,Residential Low/Medium,P-1,0.0,24.0,0.0
Oakley,,037580062,Residential Low/Medium,P-1,0.0,24.0,0.0
Oakley,,037600005,Residential Low/Medium,P-1,0.0,24.0,0.0
Oakley,,037600006,Residential Low/Medium,P-1,0.0,24.0,0.0
Oakley,,037600002,Residential Low/Medium,P-1,0.0,24.0,0.0
Oakley,,037600003,Residential Low/Medium,P-1,0.0,24.0,0.0
Oakley,,037580059,Residential Low/Medium,P-1,0.0,24.0,0.0
Oakley,,037600004,Residential Low/Medium,P-1,0.0,24.0,0.0
Oakley,,037580060,Residential Low/Medium,P-1,0.0,24.0,0.0
Oakley,,037580058,Residential Low/Medium,P-1,0.0,24.0,0.0
Oakley,,037580057,Residential Low/Medium,P-1,0.0,24.0,0.0
Oakley,,037580056,Residential Low/Medium,P-1,0.0,24.0,0.0
Oakley,,037580029,Residential Low/Medium,P-1,0.0,24.0,0.0
Oakley,,037580030,Residential Low/Medium,P-1,0.0,24.0,0.0
Oakley,,037580032,Residential Low,P-1,0.0,24.0,0.0
Oakley,,037580031,Residential Low,P-1,0.0,24.0,0.0
Oakley,,037580024,Residential Low,P-1,0.0,24.0,0.0
Oakley,,037580025,Residential Low,P-1,0.0,24.0,0.0
Oakley,,037580026,Residential Low,P-1,0.0,24.0,0.0
Oakley,,037580027,Residential Low/Medium,P-1,0.0,24.0,0.0
Oakley,,037580028,Residential Low/Medium,P-1,0.0,24.0,0.0
Oakley,,037580002,Residential Low,P-1,0.0,24.0,0.0
Oakley,,037580001,Residential Low/Medium,P-1,0.0,24.0,0.0
Oakley,,037560074,Residential Low/Medium,P-1,0.0,24.0,0.0
Oakley,,037560089,Residential Low/Medium,P-1,0.0,24.0,0.034
Oakley,,037580061,Residential Low/Medium,P-1,0.0,24.0,0.0
Oakley,,037560090,Residential Low/Medium,P-1,0.0,24.0,0.034
Oakley,,037600001,Residential Low/Medium,P-1,0.0,24.0,0.0
Oakley,,037560086,Residential Low/Medium,P-1,0.0,24.0,0.0
Oakley,,037560075,Residential Low/Medium,P-1,0.0,24.0,0.0
Oakley,,037560076,Residential Low/Medium,P-1,0.0,24.0,0.0
Oakley,,037560077,Residential Low/Medium,P-1,0.0,24.0,0.0
Oakley,,037560083,Residential Low/Medium,P-1,0.0,24.0,0.0
Oakley,,037560084,Residential Low/Medium,P-1,0.0,24.0,0.0
Oakley,,037560085,Residential Low/Medium,P-1,0.0,24.0,0.0
Oakley,,037560081,Residential Low/Medium,P-1,0.0,24.0,0.0
Oakley,,037560082,Residential Low/Medium,P-1,0.0,24.0,0.0
Oakley,,037560080,Residential Low/Medium,P-1,0.0,24.0,0.0
Oakley,,037560079,Residential Low/Medium,P-1,0.0,24.0,0.0
Oakley,,037560078,Residential Low/Medium,P-1,0.0,24.0,0.0
Oakley,,037560046,Residential Low/Medium,P-1,0.0,24.0,0.0
Oakley,,037560047,Residential Low,P-1,0.0,24.0,0.0
Oakley,,037560045,Residential Low/Medium,P-1,0.0,24.0,0.0
Oakley,,037560044,Residential Low,P-1,0.0,24.0,0.0
Oakley,,037560043,Residential Low,P-1,0.0,24.0,0.0
Oakley,,037560042,Residential Low,P-1,0.0,24.0,0.0
Oakley,,037560048,Residential Low,P-1,0.0,24.0,0.0
Oakley,,037560049,Residential Low,P-1,0.0,24.0,0.0
Oakley,,037560050,Residential Low,P-1,0.0,24.0,0.0
Oakley,,037560073,Residential Low/Medium,P-1,0.0,24.0,0.0
Oakley,,037560072,Residential Low/Medium,P-1,0.0,24.0,0.0
Oakley,,037580003,Residential Low,P-1,0.0,24.0,0.0
Oakley,,037560071,Residential Low,P-1,0.0,24.0,0.0
Oakley,,037560070,Residential Low,P-1,0.0,24.0,0.0
Oakley,,037560069,Residential Low,P-1,0.0,24.0,0.0
Oakley,,037580005,Residential Low,P-1,0.0,24.0,0.0
Oakley,,037580004,Residential Low,P-1,0.0,24.0,0.0
Oakley,,037580007,Residential Low,P-1,0.0,24.0,0.0
Oakley,,037580006,Residential Low,P-1,0.0,24.0,0.0
Oakley,,037560068,Residential Low,P-1,0.0,24.0,0.0
Oakley,,037560067,Residential Low,P-1,0.0,24.0,0.0
Oakley,,037560066,Residential Low,P-1,0.0,24.0,0.0
Oakley,,037580008,Residential Low,P-1,0.0,24.0,0.0
Oakley,,037560065,Residential Low,P-1,0.0,24.0,0.0
Oakley,,037560064,Residential Low,P-1,0.0,24.0,0.0
Oakley,,037560053,Residential Low,P-1,0.0,24.0,0.0
Oakley,,037560051,Residential Low,P-1,0.0,24.0,0.0
Oakley,,037560052,Residential Low,P-1,0.0,24.0,0.0
Oakley,,037560041,Residential Low,P-1,0.0,24.0,0.0
Oakley,,037560039,Residential Low,P-1,0.0,24.0,0.0
Oakley,,037560040,Residential Low,P-1,0.0,24.0,0.0
Oakley,,037560038,Residential Low,P-1,0.0,24.0,0.0
Oakley,,037560037,Residential Low,P-1,0.0,24.0,0.0
Oakley,,037560036,Residential Low,P-1,0.0,24.0,0.0
Oakley,,037560054,Residential Low,P-1,0.0,24.0,0.0
Oakley,,037560055,Residential Low,P-1,0.0,24.0,0.0
Oakley,,037560056,Residential Low,P-1,0.0,24.0,0.0
Oakley,,037560057,Residential Low,P-1,0.0,24.0,0.0
Oakley,,037560058,Residential Low,P-1,0.0,24.0,0.0
Oakley,,037560035,Residential Low,P-1,0.0,24.0,0.0
Oakley,,037560034,Residential Low,P-1,0.0,24.0,0.0
Oakley,,037560033,Residential Low,P-1,0.0,24.0,0.0
Oakley,,037560032,Residential Low,P-1,0.0,24.0,0.0
Oakley,,037560031,Residential Low,P-1,0.0,24.0,0.0
Oakley,,037560012,Residential Low,P-1,0.0,24.0,0.0
Oakley,,037560013,Residential Low,P-1,0.0,24.0,0.0
Oakley,,037560014,Residential Low,P-1,0.0,24.0,0.0
Oakley,,037560030,Residential Low,P-1,0.0,24.0,0.0
Oakley,,037560029,Residential Low,P-1,0.0,24.0,0.0
Oakley,,037560028,Residential Low,P-1,0.0,24.0,0.0
Oakley,,037560027,Residential Low,P-1,0.0,24.0,0.0
Oakley,,037560025,Residential Low,P-1,0.0,24.0,0.0
Oakley,,037560026,Residential Low,P-1,0.0,24.0,0.0
Oakley,,037560017,Residential Low,P-1,0.0,24.0,0.0
Oakley,,037560018,Residential Low,P-1,0.0,24.0,0.0
Oakley,,037560016,Residential Low,P-1,0.0,24.0,0.0
Oakley,,037560015,Residential Low,P-1,0.0,24.0,0.0
Oakley,,037560005,Residential Low,P-1,0.0,24.0,0.0
Oakley,,037560004,Residential Low,P-1,0.0,24.0,0.0
Oakley,,037560003,Residential Low,P-1,0.0,24.0,0.0
Oakley,,037560002,Residential Low,P-1,0.0,24.0,0.0
Oakley,,037540031,Residential Low,P-1,0.0,24.0,0.0
Oakley,,037540032,Residential Low,P-1,0.0,24.0,0.0
Oakley,,037540033,Residential Low,P-1,0.0,24.0,0.0
Oakley,,037540034,Residential Low,P-1,0.0,24.0,0.0
Oakley,,037540035,Residential Low,P-1,0.0,24.0,0.0
Oakley,,037560001,Residential Low,P-1,0.0,24.0,0.0
Oakley,,037540036,Residential Low,P-1,0.0,24.0,0.0
Oakley,,037560088,Residential Low/Medium,P-1,0.0,24.0,0.233
Oakley,,037560021,Residential Low,P-1,0.0,24.0,0.0
Oakley,,037560019,Residential Low,P-1,0.0,24.0,0.0
Oakley,,037560020,Residential Low,P-1,0.0,24.0,0.0
Oakley,,037560023,Residential Low,P-1,0.0,24.0,0.0
Oakley,,037560024,Residential Low,P-1,0.0,24.0,0.0
Oakley,,037560022,Residential Low,P-1,0.0,24.0,0.0
Oakley,,037540016,Residential Low,P-1,0.0,24.0,0.0
Oakley,,037540023,Residential Low/Medium,P-1,0.0,24.0,0.0
Oakley,,037540022,Residential Low/Medium,P-1,0.0,24.0,0.0
Oakley,,037590052,Residential Low/Medium,P-1,0.0,24.0,0.0
Oakley,,037590051,Residential Low/Medium,P-1,0.0,24.0,0.0
Oakley,,037590050,Residential Low/Medium,P-1,0.0,24.0,0.0
Oakley,,037590049,Residential Low/Medium,P-1,0.0,24.0,0.0
Oakley,,037590057,Residential Low/Medium,P-1,0.0,24.0,0.0
Oakley,,037590056,Residential Low/Medium,P-1,0.0,24.0,0.0
Oakley,,037590055,Residential Low/Medium,P-1,0.0,24.0,0.0
Oakley,,037590054,Residential Low/Medium,P-1,0.0,24.0,0.0
Oakley,,037590053,Residential Low/Medium,P-1,0.0,24.0,0.0
Oakley,,037192035,Residential Low/Medium,P-1,0.0,24.0,10.51
Oakley,,037600056,Residential High,P-1,0.0,24.0,0.0
Oakley,,037620105,Residential Medium,P-1,0.0,24.0,0.0
Oakley,,037550105,Residential Low/Medium,P-1,0.0,24.0,0.028
Oakley,,037550104,Residential Low/Medium,P-1,0.0,24.0,0.0
Oakley,,037620065,Residential Medium,P-1,0.0,24.0,0.0
Oakley,,037620066,Residential Medium,P-1,0.0,24.0,0.0
Oakley,,037620064,Residential Medium,P-1,0.0,24.0,0.0
Oakley,,037620063,Residential Medium,P-1,0.0,24.0,0.0
Oakley,,037620060,Residential Medium,P-1,0.0,24.0,0.0
Oakley,,037620061,Residential Medium,P-1,0.0,24.0,0.0
Oakley,,037620062,Residential Medium,P-1,0.0,24.0,0.0
Oakley,,037620095,Residential Medium,P-1,0.0,24.0,0.0
Oakley,,037620094,Residential Medium,P-1,0.0,24.0,0.0
Oakley,,037620097,Residential Medium,P-1,0.0,24.0,0.0
Oakley,,037620096,Residential Medium,P-1,0.0,24.0,0.0
Oakley,,037620099,Residential Medium,P-1,0.0,24.0,0.0
Oakley,,037620098,Residential Medium,P-1,0.0,24.0,0.0
Oakley,,037620093,Residential Medium,P-1,0.0,24.0,0.0
Oakley,,037620092,Residential Medium,P-1,0.0,24.0,0.0
Oakley,,037620100,Residential Medium,P-1,0.0,24.0,0.0
Oakley,,037620091,Residential Medium,P-1,0.0,24.0,0.0
Oakley,,037620089,Residential Medium,P-1,0.0,24.0,0.0
Oakley,,037620090,Residential Medium,P-1,0.0,24.0,0.0
Oakley,,037620046,Residential Medium,P-1,0.0,24.0,0.0
Oakley,,037620048,Residential Medium,P-1,0.0,24.0,0.0
Oakley,,037620047,Residential Medium,P-1,0.0,24.0,0.0
Oakley,,037620034,Residential Medium,P-1,0.0,24.0,0.0
Oakley,,037620033,Residential Medium,P-1,0.0,24.0,0.0
Oakley,,037620032,Residential Medium,P-1,0.0,24.0,0.0
Oakley,,037620049,Residential Medium,P-1,0.0,24.0,0.0
Oakley,,037620107,Residential Medium,P-1,0.0,24.0,0.87
Oakley,,037620031,Residential Medium,P-1,0.0,24.0,0.0
Oakley,,037620050,Residential Medium,P-1,0.0,24.0,0.0
Oakley,,037620051,Residential Medium,P-1,0.0,24.0,0.0
Oakley,,037620052,Residential Medium,P-1,0.0,24.0,0.0
Oakley,,037620053,Residential Medium,P-1,0.0,24.0,0.0
Oakley,,037620054,Residential Medium,P-1,0.0,24.0,0.0
Oakley,,037600021,Residential High,P-1,0.0,24.0,0.0
Oakley,,037600022,Residential High,P-1,0.0,24.0,0.0
Oakley,,037620005,Residential Medium,P-1,0.0,24.0,0.0
Oakley,,037600020,Residential High,P-1,0.0,24.0,0.0
Oakley,,037620006,Residential Medium,P-1,0.0,24.0,0.0
Oakley,,037600019,Residential High,P-1,0.0,24.0,0.0
Oakley,,037600023,Residential High,P-1,0.0,24.0,0.0
Oakley,,037620002,Residential Medium,P-1,0.0,24.0,0.0
Oakley,,037620003,Residential Medium,P-1,0.0,24.0,0.0
Oakley,,037620004,Residential Medium,P-1,0.0,24.0,0.0
Oakley,,037620001,Residential Medium,P-1,0.0,24.0,0.0
Oakley,,037600024,Residential High,P-1,0.0,24.0,0.0
Oakley,,037600025,Residential High,P-1,0.0,24.0,0.0
Oakley,,037620106,Residential Medium,P-1,0.0,24.0,0.0
Oakley,,037600026,Residential High,P-1,0.0,24.0,0.0
Oakley,,037600027,Residential High,P-1,0.0,24.0,0.0
Oakley,,037600028,Residential High,P-1,0.0,24.0,0.0
Oakley,,037600055,Residential Low/Medium,P-1,0.0,24.0,0.0
Oakley,,037600054,Residential Low/Medium,P-1,0.0,24.0,0.0
Oakley,,037600053,Residential Low/Medium,P-1,0.0,24.0,0.0
Oakley,,037600052,Residential Low/Medium,P-1,0.0,24.0,0.0
Oakley,,037600051,Residential Low/Medium,P-1,0.0,24.0,0.0
Oakley,,037600029,Residential High,P-1,0.0,24.0,0.0
Oakley,,037600030,Residential High,P-1,0.0,24.0,0.0
Oakley,,037600031,Residential High,P-1,0.0,24.0,0.0
Oakley,,037600032,Residential High,P-1,0.0,24.0,0.0
Oakley,,037600033,Residential High,P-1,0.0,24.0,0.0
Oakley,,037600050,Residential Low/Medium,P-1,0.0,24.0,0.0
Oakley,,037600049,Residential Low/Medium,P-1,0.0,24.0,0.0
Oakley,,037600048,Residential Low/Medium,P-1,0.0,24.0,0.0
Oakley,,037600047,Residential Low/Medium,P-1,0.0,24.0,0.0
Oakley,,037600046,Residential Low/Medium,P-1,0.0,24.0,0.0
Oakley,,037600034,Residential High,P-1,0.0,24.0,0.0
Oakley,,037600035,Residential High,P-1,0.0,24.0,0.0
Oakley,,037620007,Residential Medium,P-1,0.0,24.0,0.0
Oakley,,037600018,Residential High,P-1,0.0,24.0,0.0
Oakley,,037620008,Residential Medium,P-1,0.0,24.0,0.0
Oakley,,037600017,Residential High,P-1,0.0,24.0,0.0
Oakley,,037620009,Residential Medium,P-1,0.0,24.0,0.0
Oakley,,037620010,Residential Medium,P-1,0.0,24.0,0.0
Oakley,,037600016,Residential High,P-1,0.0,24.0,0.0
Oakley,,037620011,Residential Medium,P-1,0.0,24.0,0.0
Oakley,,037600015,Residential High,P-1,0.0,24.0,0.0
Oakley,,037600038,Residential High,P-1,0.0,24.0,0.0
Oakley,,037600036,Residential High,P-1,0.0,24.0,0.0
Oakley,,037600037,Residential High,P-1,0.0,24.0,0.0
Oakley,,037600045,Residential Low/Medium,P-1,0.0,24.0,0.0
Oakley,,037600044,Residential Low/Medium,P-1,0.0,24.0,0.0
Oakley,,037600043,Residential Low/Medium,P-1,0.0,24.0,0.0
Oakley,,037600042,Residential Low/Medium,P-1,0.0,24.0,0.0
Oakley,,037600041,Residential Low/Medium,P-1,0.0,24.0,0.0
Oakley,,037600039,Residential High,P-1,0.0,24.0,0.0
Oakley,,037600040,Residential High,P-1,0.0,24.0,0.0
Oakley,,037600008,Residential High,P-1,0.0,24.0,0.0
Oakley,,037600057,Residential Low/Medium,P-1,0.0,24.0,0.0
Oakley,,037600007,Residential Low/Medium,P-1,0.0,24.0,0.0
Oakley,,037600009,Residential High,P-1,0.0,24.0,0.0
Oakley,,037600010,Residential High,P-1,0.0,24.0,0.0
Oakley,,037600011,Residential High,P-1,0.0,24.0,0.0
Oakley,,037600058,Residential High,P-1,0.0,24.0,0.0
Oakley,,037620110,Residential Medium,P-1,0.0,24.0,0.0
Oakley,,037620015,Residential Medium,P-1,0.0,24.0,0.0
Oakley,,037620016,Residential Medium,P-1,0.0,24.0,0.0
Oakley,,037600012,Residential High,P-1,0.0,24.0,0.0
Oakley,,037600013,Residential High,P-1,0.0,24.0,0.0
Oakley,,037600014,Residential High,P-1,0.0,24.0,0.0
Oakley,,037620014,Residential Medium,P-1,0.0,24.0,0.0
Oakley,,037620013,Residential Medium,P-1,0.0,24.0,0.0
Oakley,,037620012,Residential Medium,P-1,0.0,24.0,0.0
Oakley,,037620055,Residential Medium,P-1,0.0,24.0,0.0
Oakley,,037620057,Residential Medium,P-1,0.0,24.0,0.0
Oakley,,037620023,Residential Medium,P-1,0.0,24.0,0.0
Oakley,,037620058,Residential Medium,P-1,0.0,24.0,0.0
Oakley,,037620059,Residential Medium,P-1,0.0,24.0,0.0
Oakley,,037620022,Residential Medium,P-1,0.0,24.0,0.0
Oakley,,037620019,Residential Medium,P-1,0.0,24.0,0.0
Oakley,,037620017,Residential Medium,P-1,0.0,24.0,0.0
Oakley,,037620018,Residential Medium,P-1,0.0,24.0,0.0
Oakley,,037620020,Residential Medium,P-1,0.0,24.0,0.0
Oakley,,037192038,Commercial,P-1,0.0,24.0,7.81
Oakley,,037620021,Residential Medium,P-1,0.0,24.0,0.0
Oakley,,037620024,Residential Medium,P-1,0.0,24.0,0.0
Oakley,,037620026,Residential Medium,P-1,0.0,24.0,0.0
Oakley,,037620025,Residential Medium,P-1,0.0,24.0,0.0
Oakley,,037620056,Residential Medium,P-1,0.0,24.0,0.0
Oakley,,037620027,Residential Medium,P-1,0.0,24.0,0.0
Oakley,,037620028,Residential Medium,P-1,0.0,24.0,0.0
Oakley,,037620029,Residential Medium,P-1,0.0,24.0,0.0
Oakley,,037620030,Residential Medium,P-1,0.0,24.0,0.0
Oakley,,037620035,Residential Medium,P-1,0.0,24.0,0.0
Oakley,,037620036,Residential Medium,P-1,0.0,24.0,0.0
Oakley,,037620037,Residential Medium,P-1,0.0,24.0,0.0
Oakley,,037620038,Residential Medium,P-1,0.0,24.0,0.0
Oakley,,037620045,Residential Medium,P-1,0.0,24.0,0.0
Oakley,,037620044,Residential Medium,P-1,0.0,24.0,0.0
Oakley,,037620043,Residential Medium,P-1,0.0,24.0,0.0
Oakley,,037620042,Residential Medium,P-1,0.0,24.0,0.0
Oakley,,037620041,Residential Medium,P-1,0.0,24.0,0.08920630470184517
Oakley,,037620039,Residential Medium,P-1,0.0,24.0,0.0
Oakley,,037620109,Commercial,P-1,0.0,24.0,0.19345354903824732
Oakley,,037620040,Residential Medium,P-1,0.0,24.0,0.08920634771493441
Oakley,,033180015,Residential Medium,M-9,5.6,9.0,4.963
Oakley,,033180016,Commercial,RB,0.0,0.0,1.19
Oakley,,032590012,Residential Low/Medium,P-1,0.0,24.0,0.12263713305096464
Oakley,,033180013,Commercial,RB,0.0,0.0,1.4
Oakley,,032590010,Residential Low/Medium,P-1,0.0,24.0,0.12188360158607389
Oakley,,032590011,Residential Low/Medium,P-1,0.0,24.0,0.12128176132651497
Oakley,,032590008,Residential Low/Medium,P-1,0.0,24.0,0.12308543666743434
Oakley,,032590009,Residential Low/Medium,P-1,0.0,24.0,0.12248420941263694
Oakley,,032590007,Residential Low/Medium,P-1,0.0,24.0,0.12368607289001932
Oakley,,033180007,Residential Medium,M-9,5.6,9.0,2.11
Oakley,,032590006,Residential Low/Medium,P-1,0.0,24.0,0.12428744250279118
Oakley,,032590005,Residential Low/Medium,P-1,0.0,24.0,0.12488774464430936
Oakley,,032590004,Residential Low/Medium,P-1,0.0,24.0,0.12549007582416447
Oakley,,032590003,Residential Low/Medium,P-1,0.0,24.0,0.12608989739860238
Oakley,,032590002,Residential Low/Medium,P-1,0.0,24.0,0.1266913037383602
Oakley,,037620081,Residential Medium,P-1,0.0,24.0,0.0936293064554884
Oakley,,037620082,Residential Medium,P-1,0.0,24.0,0.09324099596530067
Oakley,,037620084,Residential Medium,P-1,0.0,24.0,0.08326985729754166
Oakley,,037620085,Residential Medium,P-1,0.0,24.0,0.09317246326129204
Oakley,,037620086,Residential Medium,P-1,0.0,24.0,0.1113418966644074
Oakley,,037620083,Residential Medium,P-1,0.0,24.0,0.08358454581005069
Oakley,,037620088,Residential Medium,P-1,0.0,24.0,0.0
Oakley,,037620087,Residential Medium,P-1,0.0,24.0,0.10022293967300062
Oakley,,037620079,Residential Medium,P-1,0.0,24.0,0.09436787341378117
Oakley,,037620108,Residential Medium,P-1,0.0,24.0,0.08317973744815294
Oakley,,037620077,Residential Medium,P-1,0.0,24.0,0.1270843645359459
Oakley,,037620078,Residential Medium,P-1,0.0,24.0,0.09903924497323761
Oakley,,037620080,Residential Medium,P-1,0.0,24.0,0.08459919187035532
Oakley,,033180001,Residential Low,AL,0.0,0.0,10.0
Oakley,,033480069,Residential Low,P-1,0.0,24.0,0.14355846579380654
Oakley,,033480070,Residential Low,P-1,0.0,24.0,0.1371403638464388
Oakley,,033480071,Residential Low,P-1,0.0,24.0,0.13717011821593453
Oakley,,033480077,Residential Low,P-1,0.0,24.0,1.41
Oakley,,033480072,Residential Low,P-1,0.0,24.0,0.13720123981018792
Oakley,,033480073,Residential Low,P-1,0.0,24.0,0.13723089907166874
Oakley,,033480074,Residential Low,P-1,0.0,24.0,0.13726094098546732
Oakley,,033480076,Residential Low,P-1,0.0,24.0,0.1373086563618554
Oakley,,033480075,Residential Low,P-1,0.0,24.0,0.14414670695250162
Oakley,,033480062,Residential Low,P-1,0.0,24.0,0.14415206183746068
Oakley,,033480064,Residential Low,P-1,0.0,24.0,0.1372430928981683
Oakley,,033480058,Residential Low,P-1,0.0,24.0,0.13721587610686073
Oakley,,033480059,Residential Low,P-1,0.0,24.0,0.13723221237037353
Oakley,,033480060,Residential Low,P-1,0.0,24.0,0.13726948933115365
Oakley,,033480063,Residential Low,P-1,0.0,24.0,0.137267684588075
Oakley,,033480061,Residential Low,P-1,0.0,24.0,0.14415579373559603
Oakley,,033480044,Residential Low,P-1,0.0,24.0,0.13765980509440273
Oakley,,033480045,Residential Low,P-1,0.0,24.0,0.13760935267586252
Oakley,,033480046,Residential Low,P-1,0.0,24.0,0.13752440705707208
Oakley,,033480057,Residential Low,P-1,0.0,24.0,0.13718889986201024
Oakley,,033480065,Residential Low,P-1,0.0,24.0,0.13721616090321975
Oakley,,033480066,Residential Low,P-1,0.0,24.0,0.1371881089059229
Oakley,,033480047,Residential Low,P-1,0.0,24.0,0.13741727245257113
Oakley,,033480048,Residential Low,P-1,0.0,24.0,0.13730451852782807
Oakley,,033480049,Residential Low,P-1,0.0,24.0,0.16038528565428542
Oakley,,033480050,Residential Low,P-1,0.0,24.0,0.27425606723794754
Oakley,,033480051,Residential Low,P-1,0.0,24.0,0.23807455898802798
Oakley,,033480055,Residential Low,P-1,0.0,24.0,0.14659037278515463
Oakley,,033480056,Residential Low,P-1,0.0,24.0,0.13715854937905386
Oakley,,033480067,Residential Low,P-1,0.0,24.0,0.13713078249719288
Oakley,,033480068,Residential Low,P-1,0.0,24.0,0.14655935362416478
Oakley,,033480054,Residential Low,P-1,0.0,24.0,0.1377011744904314
Oakley,,033480079,Residential Low,P-1,0.0,24.0,0.322200505249264
Oakley,,033480053,Residential Low,P-1,0.0,24.0,0.13663376536227412
Oakley,,033480078,Residential Low,P-1,0.0,24.0,0.059775876883045136
Oakley,,033480052,Residential Low,P-1,0.0,24.0,0.1356826458104777
Oakley,,037550107,Residential Low/Medium,P-1,0.0,24.0,0.087
Oakley,,037550041,Residential Low/Medium,P-1,0.0,24.0,0.12367953666257574
Oakley,,037550042,Residential Low/Medium,P-1,0.0,24.0,0.11478478768830151
Oakley,,037550044,Residential Low/Medium,P-1,0.0,24.0,0.0
Oakley,,037550043,Residential Low/Medium,P-1,0.0,24.0,0.0
Oakley,,037550073,Residential Low/Medium,P-1,0.0,24.0,0.0
Oakley,,037550072,Residential Low/Medium,P-1,0.0,24.0,0.0
Oakley,,037550074,Residential Low/Medium,P-1,0.0,24.0,0.11478324826440671
Oakley,,037550075,Residential Low/Medium,P-1,0.0,24.0,0.12367633123127549
Oakley,,037550077,Residential Low/Medium,P-1,0.0,24.0,0.11490967670812087
Oakley,,037550078,Residential Low/Medium,P-1,0.0,24.0,0.11937544337005469
Oakley,,037550079,Residential Low/Medium,P-1,0.0,24.0,0.0
Oakley,,037550090,Residential Low/Medium,P-1,0.0,24.0,0.0
Oakley,,037550091,Residential Low/Medium,P-1,0.0,24.0,0.1193743337340556
Oakley,,037550092,Residential Low/Medium,P-1,0.0,24.0,0.11661844778601764
Oakley,,037550093,Residential Low/Medium,P-1,0.0,24.0,0.15978034000218114
Oakley,,037550076,Residential Low/Medium,P-1,0.0,24.0,0.15665828689635794
Oakley,,037550106,Residential Low/Medium,P-1,0.0,24.0,0.147
Oakley,,037550095,Residential Low/Medium,P-1,0.0,24.0,0.0
Oakley,,037550094,Residential Low/Medium,P-1,0.0,24.0,0.21366942717614668
Oakley,,037620073,Residential Medium,P-1,0.0,24.0,0.0
Oakley,,037620074,Residential Medium,P-1,0.0,24.0,0.0
Oakley,,037620076,Residential Medium,P-1,0.0,24.0,0.11350727975699552
Oakley,,037620075,Residential Medium,P-1,0.0,24.0,0.10948764322636902
Oakley,,037620072,Residential Medium,P-1,0.0,24.0,0.0
Oakley,,037620102,Residential Medium,P-1,0.0,24.0,0.0
Oakley,,037620104,Residential Medium,P-1,0.0,24.0,0.10080428951175885
Oakley,,037620103,Residential Medium,P-1,0.0,24.0,0.0
Oakley,,037620101,Residential Medium,P-1,0.0,24.0,0.0
Oakley,,037620068,Residential Medium,P-1,0.0,24.0,0.0
Oakley,,037620069,Residential Medium,P-1,0.0,24.0,0.0
Oakley,,037620070,Residential Medium,P-1,0.0,24.0,0.0
Oakley,,037620071,Residential Medium,P-1,0.0,24.0,0.0
Oakley,,037550097,Residential Low/Medium,P-1,0.0,24.0,0.0
Oakley,,037550096,Residential Low/Medium,P-1,0.0,24.0,0.0
Oakley,,037550098,Residential Low/Medium,P-1,0.0,24.0,0.0
Oakley,,037550100,Residential Low/Medium,P-1,0.0,24.0,0.0
Oakley,,037550099,Residential Low/Medium,P-1,0.0,24.0,0.0
Oakley,,037620067,Residential Medium,P-1,0.0,24.0,0.0
Oakley,,037550102,Residential Low/Medium,P-1,0.0,24.0,0.0
Oakley,,037550101,Residential Low/Medium,P-1,0.0,24.0,0.0
Oakley,,037550103,Residential Low/Medium,P-1,0.0,24.0,0.0
Oakley,,037550062,Residential Low/Medium,P-1,0.0,24.0,0.0
Oakley,,037550061,Residential Low/Medium,P-1,0.0,24.0,0.0
Oakley,,037550083,Residential Low/Medium,P-1,0.0,24.0,0.0
Oakley,,037550085,Residential Low/Medium,P-1,0.0,24.0,0.0
Oakley,,037550086,Residential Low/Medium,P-1,0.0,24.0,0.0
Oakley,,037550087,Residential Low/Medium,P-1,0.0,24.0,0.0
Oakley,,037550089,Residential Low/Medium,P-1,0.0,24.0,0.0
Oakley,,037550088,Residential Low/Medium,P-1,0.0,24.0,0.0
Oakley,,037550081,Residential Low/Medium,P-1,0.0,24.0,0.0
Oakley,,037550080,Residential Low/Medium,P-1,0.0,24.0,0.0
Oakley,,037550082,Residential Low/Medium,P-1,0.0,24.0,0.0
Oakley,,037550084,Residential Low/Medium,P-1,0.0,24.0,0.0
Oakley,,037550069,Residential Low/Medium,P-1,0.0,24.0,0.0
Oakley,,037550070,Residential Low/Medium,P-1,0.0,24.0,0.0
Oakley,,037550071,Residential Low/Medium,P-1,0.0,24.0,0.0
Oakley,,037550045,Residential Low/Medium,P-1,0.0,24.0,0.0
Oakley,,037550046,Residential Low/Medium,P-1,0.0,24.0,0.0
Oakley,,037550047,Residential Low/Medium,P-1,0.0,24.0,0.0
Oakley,,037550049,Residential Low/Medium,P-1,0.0,24.0,0.0
Oakley,,037550048,Residential Low/Medium,P-1,0.0,24.0,0.0
Oakley,,037550068,Residential Low/Medium,P-1,0.0,24.0,0.0
Oakley,,037550067,Residential Low/Medium,P-1,0.0,24.0,0.0
Oakley,,037550066,Residential Low/Medium,P-1,0.0,24.0,0.0
Oakley,,037550050,Residential Low/Medium,P-1,0.0,24.0,0.0
Oakley,,037550051,Residential Low/Medium,P-1,0.0,24.0,0.0
Oakley,,037550053,Residential Low/Medium,P-1,0.0,24.0,0.0
Oakley,,037550052,Residential Low/Medium,P-1,0.0,24.0,0.0
Oakley,,037550054,Residential Low/Medium,P-1,0.0,24.0,0.0
Oakley,,037550055,Residential Low/Medium,P-1,0.0,24.0,0.0
Oakley,,037550056,Residential Low/Medium,P-1,0.0,24.0,0.0
Oakley,,037550065,Residential Low/Medium,P-1,0.0,24.0,0.0
Oakley,,037550064,Residential Low/Medium,P-1,0.0,24.0,0.0
Oakley,,037550063,Residential Low/Medium,P-1,0.0,24.0,0.0
Oakley,,037550057,Residential Low/Medium,P-1,0.0,24.0,0.0
Oakley,,037550058,Residential Low/Medium,P-1,0.0,24.0,0.0
Oakley,,037550059,Residential Low/Medium,P-1,0.0,24.0,0.0
Oakley,,037550060,Residential Low/Medium,P-1,0.0,24.0,0.0
Oakley,,037590081,Residential Low/Medium,P-1,0.0,24.0,0.0
Oakley,,037590080,Residential Low/Medium,P-1,0.0,24.0,0.0
Oakley,,037590079,Residential Low/Medium,P-1,0.0,24.0,0.0
Oakley,,037590082,Residential Low/Medium,P-1,0.0,24.0,0.0
Oakley,,037590083,Residential Low/Medium,P-1,0.0,24.0,0.0
Oakley,,037590084,Residential Low/Medium,P-1,0.0,24.0,0.0
Oakley,,037590085,Residential Low/Medium,P-1,0.0,24.0,0.0
Oakley,,037590078,Residential Low/Medium,P-1,0.0,24.0,0.0
Oakley,,037590077,Residential Low/Medium,P-1,0.0,24.0,0.0
Oakley,,037590076,Residential Low/Medium,P-1,0.0,24.0,0.0
Oakley,,037590075,Residential Low/Medium,P-1,0.0,24.0,0.0
Oakley,,037590074,Residential Low/Medium,P-1,0.0,24.0,0.0
Oakley,,037590058,Residential Low/Medium,P-1,0.0,24.0,0.0
Oakley,,037590059,Residential Low/Medium,P-1,0.0,24.0,0.0
Oakley,,037590060,Residential Low/Medium,P-1,0.0,24.0,0.0
Oakley,,037590073,Residential Low/Medium,P-1,0.0,24.0,0.0
Oakley,,037590072,Residential Low/Medium,P-1,0.0,24.0,0.0
Oakley,,037590071,Residential Low/Medium,P-1,0.0,24.0,0.0
Oakley,,037590070,Residential Low/Medium,P-1,0.0,24.0,0.0
Oakley,,037590088,Residential Low/Medium,P-1,0.0,24.0,0.0
Oakley,,037590086,Residential Low/Medium,P-1,0.0,24.0,0.0
Oakley,,037590087,Residential Low/Medium,P-1,0.0,24.0,0.0
Oakley,,037590090,Residential Low/Medium,P-1,0.0,24.0,0.0
Oakley,,037590089,Residential Low/Medium,P-1,0.0,24.0,0.0
Oakley,,037590091,Residential Low/Medium,P-1,0.0,24.0,0.0
Oakley,,037590092,Residential Low/Medium,P-1,0.0,24.0,0.0
Oakley,,037590018,Residential Low/Medium,P-1,0.0,24.0,0.0
Oakley,,037590017,Residential Low/Medium,P-1,0.0,24.0,0.0
Oakley,,037550001,Residential Low/Medium,P-1,0.0,24.0,0.0
Oakley,,037550002,Residential Low/Medium,P-1,0.0,24.0,0.0
Oakley,,037550024,Residential Low/Medium,P-1,0.0,24.0,0.0
Oakley,,037550025,Residential Low/Medium,P-1,0.0,24.0,0.0
Oakley,,037550026,Residential Low/Medium,P-1,0.0,24.0,0.0
Oakley,,037550027,Residential Low/Medium,P-1,0.0,24.0,0.0
Oakley,,037550028,Residential Low/Medium,P-1,0.0,24.0,0.0
Oakley,,037550029,Residential Low/Medium,P-1,0.0,24.0,0.0
Oakley,,037550030,Residential Low/Medium,P-1,0.0,24.0,0.0
Oakley,,037550023,Residential Low/Medium,P-1,0.0,24.0,0.0
Oakley,,037550022,Residential Low/Medium,P-1,0.0,24.0,0.0
Oakley,,037550021,Residential Low/Medium,P-1,0.0,24.0,0.0
Oakley,,037550032,Residential Low/Medium,P-1,0.0,24.0,0.0
Oakley,,037550031,Residential Low/Medium,P-1,0.0,24.0,0.0
Oakley,,037550033,Residential Low/Medium,P-1,0.0,24.0,0.0
Oakley,,037550034,Residential Low/Medium,P-1,0.0,24.0,0.0
Oakley,,037550035,Residential Low/Medium,P-1,0.0,24.0,0.0
Oakley,,037550018,Residential Low/Medium,P-1,0.0,24.0,0.0
Oakley,,037550017,Residential Low/Medium,P-1,0.0,24.0,0.0
Oakley,,037550019,Residential Low/Medium,P-1,0.0,24.0,0.0
Oakley,,037550020,Residential Low/Medium,P-1,0.0,24.0,0.0
Oakley,,037550006,Residential Low/Medium,P-1,0.0,24.0,0.0
Oakley,,037550007,Residential Low/Medium,P-1,0.0,24.0,0.0
Oakley,,037550008,Residential Low/Medium,P-1,0.0,24.0,0.0
Oakley,,037550009,Residential Low/Medium,P-1,0.0,24.0,0.0
Oakley,,037550126,Residential Low/Medium,P-1,0.0,24.0,0.0
Oakley,,037550125,Residential Low/Medium,P-1,0.0,24.0,0.0
Oakley,,037550127,Residential Low/Medium,P-1,0.0,24.0,0.0
Oakley,,037550128,Residential Low/Medium,P-1,0.0,24.0,0.0
Oakley,,037550129,Residential Low/Medium,P-1,0.0,24.0,0.0
Oakley,,037550005,Residential Low/Medium,P-1,0.0,24.0,0.0
Oakley,,037550004,Residential Low/Medium,P-1,0.0,24.0,0.0
Oakley,,037550003,Residential Low/Medium,P-1,0.0,24.0,0.0
Oakley,,037550131,Residential Low/Medium,P-1,0.0,24.0,0.0
Oakley,,037550130,Residential Low/Medium,P-1,0.0,24.0,0.0
Oakley,,037550133,Residential Low/Medium,P-1,0.0,24.0,0.0
Oakley,,037550132,Residential Low/Medium,P-1,0.0,24.0,0.0
Oakley,,037550109,Residential Low/Medium,P-1,0.0,24.0,0.0
Oakley,,037550111,Residential Low/Medium,P-1,0.0,24.0,0.0
Oakley,,037550110,Residential Low/Medium,P-1,0.0,24.0,0.0
Oakley,,037550112,Residential Low/Medium,P-1,0.0,24.0,0.0
Oakley,,037480066,Residential Low/Medium,P-1,0.0,24.0,0.0
Oakley,,037480065,Residential Low/Medium,P-1,0.0,24.0,0.0
Oakley,,037480064,Residential Low/Medium,P-1,0.0,24.0,0.0
Oakley,,037550113,Residential Low/Medium,P-1,0.0,24.0,0.0
Oakley,,037550114,Residential Low/Medium,P-1,0.0,24.0,0.0
Oakley,,037550115,Residential Low/Medium,P-1,0.0,24.0,0.0
Oakley,,037550117,Residential Low/Medium,P-1,0.0,24.0,0.0
Oakley,,037550116,Residential Low/Medium,P-1,0.0,24.0,0.0
Oakley,,037480061,Residential Low/Medium,P-1,0.0,24.0,0.0
Oakley,,037480062,Residential Low/Medium,P-1,0.0,24.0,0.0
Oakley,,037480063,Residential Low/Medium,P-1,0.0,24.0,0.0
Oakley,,037480051,Residential Low/Medium,P-1,0.0,24.0,0.0
Oakley,,037480052,Residential Low/Medium,P-1,0.0,24.0,0.0
Oakley,,037480053,Residential Low/Medium,P-1,0.0,24.0,0.0
Oakley,,037480038,Residential Low/Medium,P-1,0.0,24.0,0.0
Oakley,,037480037,Residential Low/Medium,P-1,0.0,24.0,0.0
Oakley,,037480054,Residential Low/Medium,P-1,0.0,24.0,0.0
Oakley,,037480055,Residential Low/Medium,P-1,0.0,24.0,0.13004601857236456
Oakley,,037480056,Residential Low/Medium,P-1,0.0,24.0,0.13672818155950509
Oakley,,037480058,Residential Low/Medium,P-1,0.0,24.0,0.13013933839494884
Oakley,,037480060,Residential Low/Medium,P-1,0.0,24.0,0.0
Oakley,,037480059,Residential Low/Medium,P-1,0.0,24.0,0.13013816224155017
Oakley,,037550118,Residential Low/Medium,P-1,0.0,24.0,0.0
Oakley,,037550119,Residential Low/Medium,P-1,0.0,24.0,0.1171043563207572
Oakley,,037550120,Residential Low/Medium,P-1,0.0,24.0,0.11749562046183758
Oakley,,037550121,Residential Low/Medium,P-1,0.0,24.0,0.16526238721000702
Oakley,,037480057,Residential Low/Medium,P-1,0.0,24.0,0.14309413781246594
Oakley,,037550108,Residential Low/Medium,P-1,0.0,24.0,0.051
Oakley,,037550134,Residential Low/Medium,P-1,0.0,24.0,0.05256105053502455
Oakley,,037550122,Residential Low/Medium,P-1,0.0,24.0,0.12368590645301607
Oakley,,037550123,Residential Low/Medium,P-1,0.0,24.0,0.1148215952054038
Oakley,,037550124,Residential Low/Medium,P-1,0.0,24.0,0.0
Oakley,,037550010,Residential Low/Medium,P-1,0.0,24.0,0.0
Oakley,,037550011,Residential Low/Medium,P-1,0.0,24.0,0.11018455088483241
Oakley,,037550012,Residential Low/Medium,P-1,0.0,24.0,0.1236700686083226
Oakley,,037550014,Residential Low/Medium,P-1,0.0,24.0,0.11072731657856204
Oakley,,037550015,Residential Low/Medium,P-1,0.0,24.0,0.119375144984618
Oakley,,037550016,Residential Low/Medium,P-1,0.0,24.0,0.0
Oakley,,037550036,Residential Low/Medium,P-1,0.0,24.0,0.0
Oakley,,037550037,Residential Low/Medium,P-1,0.0,24.0,0.0
Oakley,,037550038,Residential Low/Medium,P-1,0.0,24.0,0.11937246531614823
Oakley,,037550039,Residential Low/Medium,P-1,0.0,24.0,0.11072483434557698
Oakley,,037550040,Residential Low/Medium,P-1,0.0,24.0,0.14498804651708833
Oakley,,037550013,Residential Low/Medium,P-1,0.0,24.0,0.14792788879389532
Oakley,,033480043,Residential Low,P-1,0.0,24.0,0.14459366813582544
Oakley,,033430050,Residential Low/Medium,P-1,0.0,24.0,0.14497749639431234
Oakley,,033430051,Residential Low/Medium,P-1,0.0,24.0,0.1449774355961076
Oakley,,033430053,Residential Low/Medium,P-1,0.0,24.0,0.14153146051379004
Oakley,,033430052,Residential Low/Medium,P-1,0.0,24.0,0.14497749640257526
Oakley,,033430036,Residential Low/Medium,P-1,0.0,24.0,0.1412858014365872
Oakley,,033430035,Residential Low/Medium,P-1,0.0,24.0,0.14128480603671828
Oakley,,033430034,Residential Low/Medium,P-1,0.0,24.0,0.14472887325350403
Oakley,,033430033,Residential Low/Medium,P-1,0.0,24.0,0.14472798708492432
Oakley,,033430037,Residential Low/Medium,P-1,0.0,24.0,0.14472839865239984
Oakley,,033430038,Residential Low/Medium,P-1,0.0,24.0,0.14472799981144407
Oakley,,033430039,Residential Low/Medium,P-1,0.0,24.0,0.14473061997010697
Oakley,,033430032,Residential Low/Medium,P-1,0.0,24.0,0.14472981512346303
Oakley,,033430031,Residential Low/Medium,P-1,0.0,24.0,0.14472970459384507
Oakley,,033430030,Residential Low/Medium,P-1,0.0,24.0,0.1447288028224197
Oakley,,033430029,Residential Low/Medium,P-1,0.0,24.0,0.14472633868415916
Oakley,,033430041,Residential Low/Medium,P-1,0.0,24.0,0.1447302882759809
Oakley,,033430042,Residential Low/Medium,P-1,0.0,24.0,0.14472976958457076
Oakley,,033430040,Residential Low/Medium,P-1,0.0,24.0,0.14473268372019282
Oakley,,033430049,Residential Low/Medium,P-1,0.0,24.0,0.14497851298433287
Oakley,,033430048,Residential Low/Medium,P-1,0.0,24.0,0.14497784855272478
Oakley,,033430047,Residential Low/Medium,P-1,0.0,24.0,0.1449781000812103
Oakley,,033430046,Residential Low/Medium,P-1,0.0,24.0,0.17305423828217026
Oakley,,033430045,Residential Low/Medium,P-1,0.0,24.0,0.14760624104763614
Oakley,,033430044,Residential Low/Medium,P-1,0.0,24.0,0.18962151927134227
Oakley,,033430104,Residential Low/Medium,P-1,0.0,24.0,0.027
Oakley,,033430043,Residential Low/Medium,P-1,0.0,24.0,0.15670639047928986
Oakley,,033430028,Residential Low/Medium,P-1,0.0,24.0,0.15518940664492137
Oakley,,033430027,Residential Low/Medium,P-1,0.0,24.0,0.18408123452991945
Oakley,,037480035,Residential Low/Medium,P-1,0.0,24.0,0.13673259593529022
Oakley,,037480036,Residential Low/Medium,P-1,0.0,24.0,0.1300531494206044
Oakley,,037480034,Residential Low/Medium,P-1,0.0,24.0,0.136728517735084
Oakley,,033430103,Residential Low/Medium,P-1,0.0,24.0,0.026
Oakley,,033430025,Residential Low/Medium,P-1,0.0,24.0,0.14406174296598717
Oakley,,033430026,Residential Low/Medium,P-1,0.0,24.0,0.18908227875106168
Oakley,,033430010,Residential Low/Medium,P-1,0.0,24.0,0.1447261877026822
Oakley,,033430009,Residential Low/Medium,P-1,0.0,24.0,0.18841191905499402
Oakley,,033430102,Residential Low/Medium,P-1,0.0,24.0,0.144
Oakley,,033430008,Residential Low/Medium,P-1,0.0,24.0,0.16680216951453
Oakley,,033430006,Residential Low/Medium,P-1,0.0,24.0,0.14472959526795023
Oakley,,033430007,Residential Low/Medium,P-1,0.0,24.0,0.1447305441081158
Oakley,,033430014,Residential Low/Medium,P-1,0.0,24.0,0.14473134739189222
Oakley,,033430013,Residential Low/Medium,P-1,0.0,24.0,0.14472738824970902
Oakley,,033430012,Residential Low/Medium,P-1,0.0,24.0,0.14472699518848406
Oakley,,033430011,Residential Low/Medium,P-1,0.0,24.0,0.1447285082871832
Oakley,,033430023,Residential Low/Medium,P-1,0.0,24.0,0.14472926061148736
Oakley,,033430024,Residential Low/Medium,P-1,0.0,24.0,0.14473044859912448
Oakley,,033430021,Residential Low/Medium,P-1,0.0,24.0,0.14473118467397428
Oakley,,033430022,Residential Low/Medium,P-1,0.0,24.0,0.14473072822184313
Oakley,,033430015,Residential Low/Medium,P-1,0.0,24.0,0.14472961473973825
Oakley,,033430019,Residential Low/Medium,P-1,0.0,24.0,0.14473049539110147
Oakley,,033430020,Residential Low/Medium,P-1,0.0,24.0,0.14472873079414228
Oakley,,033430018,Residential Low/Medium,P-1,0.0,24.0,0.1412825034493963
Oakley,,033430017,Residential Low/Medium,P-1,0.0,24.0,0.14128432743806288
Oakley,,033430016,Residential Low/Medium,P-1,0.0,24.0,0.14472956923958435
Oakley,,033430001,Residential Low/Medium,P-1,0.0,24.0,0.13667847171981354
Oakley,,033430002,Residential Low/Medium,P-1,0.0,24.0,0.1447285791913164
Oakley,,033430003,Residential Low/Medium,P-1,0.0,24.0,0.14473054412301692
Oakley,,033430004,Residential Low/Medium,P-1,0.0,24.0,0.14473097273817656
Oakley,,033430005,Residential Low/Medium,P-1,0.0,24.0,0.14472958005500056
Oakley,,033430101,Residential Low/Medium,P-1,0.0,24.0,1.991
Oakley,,033430094,Residential Low/Medium,P-1,0.0,24.0,0.14473115355322536
Oakley,,033430093,Residential Low/Medium,P-1,0.0,24.0,0.14473232634113534
Oakley,,033430092,Residential Low/Medium,P-1,0.0,24.0,0.14473080452076612
Oakley,,033430091,Residential Low/Medium,P-1,0.0,24.0,0.1412929561240906
Oakley,,033430076,Residential Low/Medium,P-1,0.0,24.0,0.14128794864765656
Oakley,,033430075,Residential Low/Medium,P-1,0.0,24.0,0.14472520405794634
Oakley,,033430074,Residential Low/Medium,P-1,0.0,24.0,0.14472618383982297
Oakley,,033430072,Residential Low/Medium,P-1,0.0,24.0,0.14472737173606418
Oakley,,033430073,Residential Low/Medium,P-1,0.0,24.0,0.14472680161567011
Oakley,,033430095,Residential Low/Medium,P-1,0.0,24.0,0.14473477158082843
Oakley,,033430070,Residential Low/Medium,P-1,0.0,24.0,0.14472459983327257
Oakley,,033430071,Residential Low/Medium,P-1,0.0,24.0,0.14472670629158715
Oakley,,033430069,Residential Low/Medium,P-1,0.0,24.0,0.1447264353162751
Oakley,,033430068,Residential Low/Medium,P-1,0.0,24.0,0.14472666058326988
Oakley,,033430099,Residential Low/Medium,P-1,0.0,24.0,0.14423056424111894
Oakley,,033430098,Residential Low/Medium,P-1,0.0,24.0,0.1447333142388277
Oakley,,033430097,Residential Low/Medium,P-1,0.0,24.0,0.1447315690834762
Oakley,,033430096,Residential Low/Medium,P-1,0.0,24.0,0.14473231548821125
Oakley,,033430100,Residential Low/Medium,P-1,0.0,24.0,0.290421300201145
Oakley,,033020011,Residential Low,R-15,0.0,2.9,3.96
Oakley,,033430067,Residential Low/Medium,P-1,0.0,24.0,0.20411842226218438
Oakley,,033430066,Residential Low/Medium,P-1,0.0,24.0,0.19064269679831602
Oakley,,033430065,Residential Low/Medium,P-1,0.0,24.0,0.1777203746842661
Oakley,,033430064,Residential Low/Medium,P-1,0.0,24.0,0.1762229371461428
Oakley,,033430063,Residential Low/Medium,P-1,0.0,24.0,0.18644240756303002
Oakley,,033430062,Residential Low/Medium,P-1,0.0,24.0,0.2559613178425701
Oakley,,033430061,Residential Low/Medium,P-1,0.0,24.0,0.19803518223078562
Oakley,,033430060,Residential Low/Medium,P-1,0.0,24.0,0.14497801065663973
Oakley,,033430059,Residential Low/Medium,P-1,0.0,24.0,0.14497682058240818
Oakley,,033430084,Residential Low/Medium,P-1,0.0,24.0,0.15621491428611875
Oakley,,033430083,Residential Low/Medium,P-1,0.0,24.0,0.1562124912113023
Oakley,,033430082,Residential Low/Medium,P-1,0.0,24.0,0.15196395020283973
Oakley,,033430081,Residential Low/Medium,P-1,0.0,24.0,0.15196361899690622
Oakley,,033430085,Residential Low/Medium,P-1,0.0,24.0,0.151969565376984
Oakley,,033430086,Residential Low/Medium,P-1,0.0,24.0,0.15197135821867563
Oakley,,033430087,Residential Low/Medium,P-1,0.0,24.0,0.15197081920089048
Oakley,,033430080,Residential Low/Medium,P-1,0.0,24.0,0.1519632209647245
Oakley,,033430079,Residential Low/Medium,P-1,0.0,24.0,0.15196140207663922
Oakley,,033430078,Residential Low/Medium,P-1,0.0,24.0,0.15196153472443882
Oakley,,033430077,Residential Low/Medium,P-1,0.0,24.0,0.15334147296237538
Oakley,,033430089,Residential Low/Medium,P-1,0.0,24.0,0.1519705914054443
Oakley,,033430090,Residential Low/Medium,P-1,0.0,24.0,0.1533478547064115
Oakley,,033430088,Residential Low/Medium,P-1,0.0,24.0,0.15196967679581713
Oakley,,033430057,Residential Low/Medium,P-1,0.0,24.0,0.1449772248968164
Oakley,,033430056,Residential Low/Medium,P-1,0.0,24.0,0.1449771094289211
Oakley,,033430055,Residential Low/Medium,P-1,0.0,24.0,0.14497753103603267
Oakley,,033190001,Residential Low/Medium,R-6,0.0,7.3,20.0
Oakley,,033430054,Residential Low/Medium,P-1,0.0,24.0,0.14153913873788132
Oakley,,033430058,Residential Low/Medium,P-1,0.0,24.0,0.14497753970420613
Oakley,,033480041,Residential Low,P-1,0.0,24.0,0.13785567932704876
Oakley,,033160023,Residential Low,R-40,0.0,1.1,2.68
Oakley,,033410061,Residential Low/Medium,P-1,0.0,24.0,0.1862202836583049
Oakley,,033160021,Rural Residential,AL,0.0,0.0,6.6
Oakley,,033160007,Rural Residential,R-40,0.0,1.1,0.34
Oakley,,033160022,Rural Residential,R-40,0.0,1.1,2.66
Oakley,,033160028,Rural Residential,R-40,0.0,1.1,5.26
Oakley,,033160029,Rural Residential,R-40,0.0,1.1,1.04
Oakley,,033160042,Residential Low,AL,0.0,0.0,1.12
Oakley,,033160038,Residential Low,R-10,0.0,4.4,10.2
Oakley,,033160041,Residential Low,P-1,0.0,24.0,7.75
Oakley,,033480033,Residential Low,P-1,0.0,24.0,0.16818940914970676
Oakley,,033480034,Residential Low,P-1,0.0,24.0,0.13800154617343197
Oakley,,033480035,Residential Low,P-1,0.0,24.0,0.13800261666680894
Oakley,,033480023,Residential Low,P-1,0.0,24.0,0.1622538189078032
Oakley,,033480022,Residential Low,P-1,0.0,24.0,0.14173729079184375
Oakley,,033480021,Residential Low,P-1,0.0,24.0,0.14059862725625788
Oakley,,033480020,Residential Low,P-1,0.0,24.0,0.13943599068838483
Oakley,,033480018,Residential Low,P-1,0.0,24.0,0.2848060664028155
Oakley,,033480019,Residential Low,P-1,0.0,24.0,0.1846959188171971
Oakley,,033480017,Residential Low,P-1,0.0,24.0,0.21550865625626822
Oakley,,033480025,Residential Low,P-1,0.0,24.0,0.14880061820279153
Oakley,,033480024,Residential Low,P-1,0.0,24.0,0.14878772820340178
Oakley,,033480029,Residential Low,P-1,0.0,24.0,0.1487811406595535
Oakley,,033480028,Residential Low,P-1,0.0,24.0,0.148786729346916
Oakley,,033480032,Residential Low,P-1,0.0,24.0,0.15841778468968423
Oakley,,033480036,Residential Low,P-1,0.0,24.0,0.13798922839270403
Oakley,,033480037,Residential Low,P-1,0.0,24.0,0.137968007077181
Oakley,,033480038,Residential Low,P-1,0.0,24.0,0.13794116842840795
Oakley,,033480039,Residential Low,P-1,0.0,24.0,0.13791143968153163
Oakley,,033480031,Residential Low,P-1,0.0,24.0,0.15006749730348629
Oakley,,033480030,Residential Low,P-1,0.0,24.0,0.14010665647509668
Oakley,,033480008,Residential Low,P-1,0.0,24.0,0.1556390275280216
Oakley,,033480040,Residential Low,P-1,0.0,24.0,0.1378811135997927
Oakley,,033480042,Residential Low,P-1,0.0,24.0,0.14473802280225395
Oakley,,033480006,Residential Low,P-1,0.0,24.0,0.14876049684154288
Oakley,,033480007,Residential Low,P-1,0.0,24.0,0.15567614658793916
Oakley,,033480010,Residential Low,P-1,0.0,24.0,0.13733560599072553
Oakley,,033480009,Residential Low,P-1,0.0,24.0,0.1487703541651505
Oakley,,033480005,Residential Low,P-1,0.0,24.0,0.13733362242987154
Oakley,,033480002,Residential Low,P-1,0.0,24.0,0.1487640269959821
Oakley,,033480003,Residential Low,P-1,0.0,24.0,0.1487617480516204
Oakley,,033480012,Residential Low,P-1,0.0,24.0,0.2305157153785193
Oakley,,033480004,Residential Low,P-1,0.0,24.0,0.1487585899483342
Oakley,,033480011,Residential Low,P-1,0.0,24.0,0.14877468393195445
Oakley,,033480027,Residential Low,P-1,0.0,24.0,0.15825356160576837
Oakley,,033480014,Residential Low,P-1,0.0,24.0,0.19570151604644465
Oakley,,033480015,Residential Low,P-1,0.0,24.0,0.15192109060611617
Oakley,,033480026,Residential Low,P-1,0.0,24.0,0.1582786297847815
Oakley,,033170021,Residential Very Low,R-15,0.0,2.9,5.02
Oakley,,033480013,Residential Low,P-1,0.0,24.0,0.29970374538401917
Oakley,,033480001,Residential Low,P-1,0.0,24.0,0.15482518540001564
Oakley,,033170019,Residential Low,AL,0.0,0.0,1.0
Oakley,,033170020,Residential Low,AL,0.0,0.0,1.0
Oakley,,033480016,Residential Low,P-1,0.0,24.0,0.1519396817021608
Oakley,,033170011,Residential Very Low,R-15,0.0,2.9,1.0
Oakley,,033170013,Residential Low,AL,0.0,0.0,1.0
Oakley,,033170014,Residential Low,AL,0.0,0.0,0.998375323874148
Oakley,,033170022,Residential Very Low,R-15,0.0,2.9,4.8
Oakley,,033170012,Residential Low,AL,0.0,0.0,1.002654153584641
Oakley,,033170024,Residential Very Low,R-15,0.0,2.9,4.8
Oakley,,032590001,Residential Low/Medium,P-1,0.0,24.0,0.13408179060162273
Oakley,,033170023,Residential Very Low,R-15,0.0,2.9,4.8
Oakley,,032010004,Agricultural Limited,AL,0.0,0.0,10.0
Oakley,,032010010,Rural Residential,R-40,0.0,1.1,5.95
Oakley,,033170018,Residential Low,AL,0.0,0.0,1.881
Oakley,,033160032,Rural Residential,AL,0.0,0.0,1.0
Oakley,,033160031,Rural Residential,AL,0.0,0.0,1.0
Oakley,,033170016,Residential Very Low,R-15,0.0,2.9,1.059
Oakley,,033170017,Residential Low,AL,0.0,0.0,0.82
Oakley,,033160013,Rural Residential,R-40,0.0,1.1,2.0
Oakley,,033160033,Rural Residential,R-40,0.0,1.1,1.0
Oakley,,033160034,Rural Residential,R-40,0.0,1.1,1.0
Oakley,,033160035,Rural Residential,R-40,0.0,1.1,1.0
Oakley,,033160036,Rural Residential,R-40,0.0,1.1,1.92
Oakley,,033160040,Rural Residential,R-40,0.0,1.1,0.38
Oakley,,033160005,Rural Residential,R-40,0.0,1.1,7.5
Oakley,,033160039,Rural Residential,R-40,0.0,1.1,3.8
Oakley,,033490078,Residential Low,P-1,0.0,24.0,1.95
Oakley,,033160024,Public and Semi-Public,P,0.0,0.0,6.32
Oakley,,033410060,Residential Low/Medium,P-1,0.0,24.0,0.1496397379527858
Oakley,,033410059,Residential Low/Medium,P-1,0.0,24.0,0.12791773378154664
Oakley,,033410058,Residential Low/Medium,P-1,0.0,24.0,0.14603337950210646
Oakley,,033410057,Residential Low/Medium,P-1,0.0,24.0,0.1419859038162601
Oakley,,033410056,Residential Low/Medium,P-1,0.0,24.0,0.13853688906186418
Oakley,,033410055,Residential Low/Medium,P-1,0.0,24.0,0.16205110286021251
Oakley,,033410063,Residential Low/Medium,P-1,0.0,24.0,0.14926740927017726
Oakley,,033410062,Residential Low/Medium,P-1,0.0,24.0,0.16599542040457466
Oakley,,033410052,Residential Low/Medium,P-1,0.0,24.0,0.1300365168934903
Oakley,,033410051,Residential Low/Medium,P-1,0.0,24.0,0.10673478654886032
Oakley,,033410048,Residential Low/Medium,P-1,0.0,24.0,0.1386242934344438
Oakley,,033410047,Residential Low/Medium,P-1,0.0,24.0,0.1746168897575104
Oakley,,033410049,Residential Low/Medium,P-1,0.0,24.0,0.1429235301152383
Oakley,,033410050,Residential Low/Medium,P-1,0.0,24.0,0.12094850374657821
Oakley,,033490025,Residential Low,P-1,0.0,24.0,0.13086942666123058
Oakley,,033490023,Residential Low,P-1,0.0,24.0,0.12327992109584424
Oakley,,033490024,Residential Low,P-1,0.0,24.0,0.1232765816226082
Oakley,,033490020,Residential Low,P-1,0.0,24.0,0.12329574264202989
Oakley,,033490021,Residential Low,P-1,0.0,24.0,0.12329319618082575
Oakley,,033490022,Residential Low,P-1,0.0,24.0,0.12328757524116668
Oakley,,033490026,Residential Low,P-1,0.0,24.0,0.1458247968275113
Oakley,,033490027,Residential Low,P-1,0.0,24.0,0.1369912870791398
Oakley,,033490028,Residential Low,P-1,0.0,24.0,0.1369962364890095
Oakley,,033490029,Residential Low,P-1,0.0,24.0,0.13701147373985081
Oakley,,033410045,Residential Low/Medium,P-1,0.0,24.0,0.11866752074560129
Oakley,,033410046,Residential Low/Medium,P-1,0.0,24.0,0.14291595994314038
Oakley,,033410044,Residential Low/Medium,P-1,0.0,24.0,0.10666461588803436
Oakley,,033410043,Residential Low/Medium,P-1,0.0,24.0,0.10360381466930463
Oakley,,033440018,Residential Low/Medium,R-6,0.0,7.3,0.15084065184531326
Oakley,,033410064,Residential Low/Medium,P-1,0.0,24.0,0.15833616855578922
Oakley,,033410042,Residential Low/Medium,P-1,0.0,24.0,0.12129125635969591
Oakley,,033490079,Residential Low,P-1,0.0,24.0,0.93
Oakley,,033490030,Residential Low,P-1,0.0,24.0,0.2174461003342194
Oakley,,033440019,Residential Low/Medium,R-6,0.0,7.3,0.14807583137502997
Oakley,,033150018,Residential Low,R-10,0.0,4.4,7.121
Oakley,,033490045,Residential Low,P-1,0.0,24.0,0.12874010925480162
Oakley,,033490031,Residential Low,P-1,0.0,24.0,0.14605012861448377
Oakley,,033490044,Residential Low,P-1,0.0,24.0,0.12328764187485614
Oakley,,033490032,Residential Low,P-1,0.0,24.0,0.12334872138162041
Oakley,,033490046,Residential Low,P-1,0.0,24.0,0.13098292728003688
Oakley,,033490047,Residential Low,P-1,0.0,24.0,0.12330801467864047
Oakley,,033490060,Residential Low,P-1,0.0,24.0,0.13703517933509782
Oakley,,033490061,Residential Low,P-1,0.0,24.0,0.14586276118766142
Oakley,,033490059,Residential Low,P-1,0.0,24.0,0.13704728081433806
Oakley,,033490058,Residential Low,P-1,0.0,24.0,0.13705552058637754
Oakley,,033490049,Residential Low,P-1,0.0,24.0,0.12333636263285717
Oakley,,033490050,Residential Low,P-1,0.0,24.0,0.12334230794488804
Oakley,,033490057,Residential Low,P-1,0.0,24.0,0.13706056404386333
Oakley,,033490051,Residential Low,P-1,0.0,24.0,0.12334414241429352
Oakley,,033490056,Residential Low,P-1,0.0,24.0,0.1370631515255151
Oakley,,033490048,Residential Low,P-1,0.0,24.0,0.12332525921645866
Oakley,,033490043,Residential Low,P-1,0.0,24.0,0.1233171524209741
Oakley,,033490042,Residential Low,P-1,0.0,24.0,0.12332623500300557
Oakley,,033490033,Residential Low,P-1,0.0,24.0,0.12333967537896631
Oakley,,033490034,Residential Low,P-1,0.0,24.0,0.12333148190095242
Oakley,,033490035,Residential Low,P-1,0.0,24.0,0.12332426997913762
Oakley,,033490041,Residential Low,P-1,0.0,24.0,0.1233283874814792
Oakley,,033490040,Residential Low,P-1,0.0,24.0,0.12332741619599431
Oakley,,033490039,Residential Low,P-1,0.0,24.0,0.12332496385776742
Oakley,,033490038,Residential Low,P-1,0.0,24.0,0.13102512489548868
Oakley,,033490036,Residential Low,P-1,0.0,24.0,0.12331736283723008
Oakley,,033490037,Residential Low,P-1,0.0,24.0,0.13101156025710323
Oakley,,033490019,Residential Low,P-1,0.0,24.0,0.12330532033403381
Oakley,,033490016,Residential Low,P-1,0.0,24.0,0.12334108208803744
Oakley,,033490017,Residential Low,P-1,0.0,24.0,0.12333143162893358
Oakley,,033490018,Residential Low,P-1,0.0,24.0,0.12331972509508078
Oakley,,033490015,Residential Low,P-1,0.0,24.0,0.12334912628082575
Oakley,,033490014,Residential Low,P-1,0.0,24.0,0.12335708124906807
Oakley,,033490013,Residential Low,P-1,0.0,24.0,0.12336616789162956
Oakley,,033490069,Residential Low,P-1,0.0,24.0,0.14593878528519064
Oakley,,033490053,Residential Low,P-1,0.0,24.0,0.1310533107803329
Oakley,,033490054,Residential Low,P-1,0.0,24.0,0.14591559000855023
Oakley,,033490052,Residential Low,P-1,0.0,24.0,0.12334500755284693
Oakley,,033490055,Residential Low,P-1,0.0,24.0,0.1370641935869275
Oakley,,033490066,Residential Low,P-1,0.0,24.0,0.1370841911779125
Oakley,,033490067,Residential Low,P-1,0.0,24.0,0.1370847770177904
Oakley,,033490071,Residential Low,P-1,0.0,24.0,0.13709683552997912
Oakley,,033490072,Residential Low,P-1,0.0,24.0,0.13709376963741596
Oakley,,033490007,Residential Low,P-1,0.0,24.0,0.18681335664576637
Oakley,,033490070,Residential Low,P-1,0.0,24.0,0.14781889255380498
Oakley,,033490068,Residential Low,P-1,0.0,24.0,0.1370852453838444
Oakley,,033490011,Residential Low,P-1,0.0,24.0,0.12338442739555586
Oakley,,033490012,Residential Low,P-1,0.0,24.0,0.12337464464715768
Oakley,,033490010,Residential Low,P-1,0.0,24.0,0.12339420031755695
Oakley,,033490009,Residential Low,P-1,0.0,24.0,0.1961609461955151
Oakley,,033490008,Residential Low,P-1,0.0,24.0,0.23419697420053004
Oakley,,033490006,Residential Low,P-1,0.0,24.0,0.14220628531833296
Oakley,,033490005,Residential Low,P-1,0.0,24.0,0.1475344168871069
Oakley,,033490004,Residential Low,P-1,0.0,24.0,0.15494448479261907
Oakley,,033490075,Residential Low,P-1,0.0,24.0,0.13711026196477313
Oakley,,033490073,Residential Low,P-1,0.0,24.0,0.13709481026493764
Oakley,,033490074,Residential Low,P-1,0.0,24.0,0.1371002212497524
Oakley,,033490065,Residential Low,P-1,0.0,24.0,0.13708482403057667
Oakley,,033490063,Residential Low,P-1,0.0,24.0,0.1370802061171404
Oakley,,033490064,Residential Low,P-1,0.0,24.0,0.13708463561986914
Oakley,,033490076,Residential Low,P-1,0.0,24.0,0.13712104718680113
Oakley,,033490077,Residential Low,P-1,0.0,24.0,0.1459790812677806
Oakley,,033490001,Residential Low,P-1,0.0,24.0,0.15737401099484102
Oakley,,033490080,Residential Low,P-1,0.0,24.0,0.07704570427287476
Oakley,,033490002,Residential Low,P-1,0.0,24.0,0.13863439739442074
Oakley,,033490003,Residential Low,P-1,0.0,24.0,0.13931332757930392
Oakley,,033150002,Rural Residential,R-40,0.0,1.1,7.07
Oakley,,033490062,Residential Low,P-1,0.0,24.0,0.14592652705137155
Oakley,,033150008,Residential Low,R-10,0.0,4.4,1.2
Oakley,,033150011,Residential Low,R-10,0.0,4.4,7.294
Oakley,,032590023,Residential Low/Medium,P-1,0.0,24.0,0.15644248300962826
Oakley,,032590022,Residential Low/Medium,P-1,0.0,24.0,0.1446307247654961
Oakley,,032590034,Residential Low/Medium,P-1,0.0,24.0,0.15644455983561553
Oakley,,032590047,Parks and Recreation,P-1,0.0,24.0,0.14847561722088917
Oakley,,032590046,Parks and Recreation,P-1,0.0,24.0,0.12147429058080704
Oakley,,032590045,Parks and Recreation,P-1,0.0,24.0,0.1205274989412685
Oakley,,032590048,Parks and Recreation,P-1,0.0,24.0,0.16533156328307477
Oakley,,032590049,Parks and Recreation,P-1,0.0,24.0,0.12252044303376393
Oakley,,032590072,Parks and Recreation,P-1,0.0,24.0,0.18230963818463108
Oakley,,032590074,Parks and Recreation,P-1,0.0,24.0,0.11593835014589178
Oakley,,032590073,Parks and Recreation,P-1,0.0,24.0,0.11659871005287534
Oakley,,032010011,Rural Residential,R-40,0.0,1.1,5.78
Oakley,,703201001,Rural Residential,R-40,0.0,1.1,5.760324826595996
Oakley,,032020006,Rural Residential,R-40,0.0,1.1,10.0
Oakley,,032010007,Agricultural Limited,AL,0.0,0.0,8.0
Oakley,,032640059,Residential Low/Medium,A-3,0.0,0.1,0.1009501546837478
Oakley,,032640060,Residential Low/Medium,A-3,0.0,0.1,0.10152056968658164
Oakley,,032640062,Residential Low/Medium,A-3,0.0,0.1,0.0923158643315639
Oakley,,032640061,Residential Low/Medium,A-3,0.0,0.1,0.09185462710686161
Oakley,,032640005,Residential Low/Medium,A-3,0.0,0.1,0.0
Oakley,,032640064,Residential Low/Medium,A-3,0.0,0.1,0.09323756723968832
Oakley,,032640063,Residential Low/Medium,A-3,0.0,0.1,0.09277658704889297
Oakley,,032640065,Residential Low/Medium,A-3,0.0,0.1,0.09371923070767052
Oakley,,032550005,Residential Low,P-1,0.0,24.0,0.11478301664769823
Oakley,,032550006,Residential Low,P-1,0.0,24.0,0.11536745249504464
Oakley,,032550007,Residential Low,P-1,0.0,24.0,0.14202933155542377
Oakley,,032550008,Residential Low,P-1,0.0,24.0,0.12375150274376333
Oakley,,032550029,Residential Low,P-1,0.0,24.0,0.0
Oakley,,032550030,Residential Low,P-1,0.0,24.0,0.0
Oakley,,032550028,Residential Low,P-1,0.0,24.0,0.14305363503607466
Oakley,,032550009,Residential Low,P-1,0.0,24.0,0.1246247452140872
Oakley,,032550013,Residential Low,P-1,0.0,24.0,0.0
Oakley,,032550027,Residential Low,P-1,0.0,24.0,0.0
Oakley,,032550012,Residential Low,P-1,0.0,24.0,0.16053220654152595
Oakley,,032550011,Residential Low,P-1,0.0,24.0,0.13176449291277842
Oakley,,032550010,Residential Low,P-1,0.0,24.0,0.15311314208189325
Oakley,,032020014,Agricultural Limited,AL,0.0,0.0,19.556
Oakley,,032640070,Residential Low/Medium,A-3,0.0,0.1,0.0
Oakley,,032640069,Residential Low/Medium,A-3,0.0,0.1,0.12006995817017513
Oakley,,032640068,Residential Low/Medium,A-3,0.0,0.1,0.21004007209493042
Oakley,,032640067,Residential Low/Medium,A-3,0.0,0.1,0.14216015301516574
Oakley,,032640066,Residential Low/Medium,A-3,0.0,0.1,0.09468789855646369
Oakley,,032640001,Residential Low/Medium,A-3,0.0,0.1,0.0
Oakley,,032640002,Residential Low/Medium,A-3,0.0,0.1,0.0
Oakley,,032640003,Residential Low/Medium,A-3,0.0,0.1,0.0
Oakley,,032640004,Residential Low/Medium,A-3,0.0,0.1,0.0
Oakley,,032640017,Residential Low/Medium,A-3,0.0,0.1,0.0
Oakley,,032640018,Residential Low/Medium,A-3,0.0,0.1,0.0
Oakley,,032640019,Residential Low/Medium,A-3,0.0,0.1,0.0
Oakley,,032640075,Residential Low/Medium,A-3,0.0,0.1,0.0
Oakley,,032640074,Residential Low/Medium,A-3,0.0,0.1,0.0
Oakley,,032640073,Residential Low/Medium,A-3,0.0,0.1,0.0
Oakley,,032640072,Residential Low/Medium,A-3,0.0,0.1,0.0
Oakley,,032640071,Residential Low/Medium,A-3,0.0,0.1,0.0
Oakley,,032640076,Residential Low/Medium,A-3,0.0,0.1,0.0
Oakley,,032640077,Residential Low/Medium,A-3,0.0,0.1,0.0
Oakley,,032550019,Residential Low,P-1,0.0,24.0,0.0
Oakley,,032550018,Residential Low,P-1,0.0,24.0,0.0
Oakley,,032550017,Residential Low,P-1,0.0,24.0,0.0
Oakley,,032550014,Residential Low,P-1,0.0,24.0,0.0
Oakley,,032550015,Residential Low,P-1,0.0,24.0,0.0
Oakley,,032550016,Residential Low,P-1,0.0,24.0,0.0
Oakley,,032550024,Residential Low,P-1,0.0,24.0,0.0
Oakley,,032550023,Residential Low,P-1,0.0,24.0,0.0
Oakley,,032550025,Residential Low,P-1,0.0,24.0,0.0
Oakley,,032550026,Residential Low,P-1,0.0,24.0,0.0
Oakley,,032550031,Residential Low,P-1,0.0,24.0,0.0
Oakley,,032550032,Residential Low,P-1,0.0,24.0,0.0
Oakley,,032550046,Residential Low,P-1,0.0,24.0,0.0
Oakley,,032550042,Residential Low,P-1,0.0,24.0,0.0
Oakley,,032550033,Residential Low,P-1,0.0,24.0,0.0
Oakley,,032550034,Residential Low,P-1,0.0,24.0,0.0
Oakley,,032550021,Residential Low,P-1,0.0,24.0,0.0
Oakley,,032550022,Residential Low,P-1,0.0,24.0,0.0
Oakley,,032550035,Residential Low,P-1,0.0,24.0,0.0
Oakley,,032550036,Residential Low,P-1,0.0,24.0,0.0
Oakley,,032550037,Residential Low,P-1,0.0,24.0,0.0
Oakley,,032550020,Residential Low,P-1,0.0,24.0,0.0
Oakley,,032560011,Residential Low,P-1,0.0,24.0,0.0
Oakley,,032560012,Residential Low,P-1,0.0,24.0,0.0
Oakley,,032081024,Residential Very Low,P-1,0.0,24.0,7.35
Oakley,,032560013,Residential Low,P-1,0.0,24.0,0.0
Oakley,,032560010,Residential Low,P-1,0.0,24.0,0.0
Oakley,,032560017,Residential Low,P-1,0.0,24.0,0.0
Oakley,,032560018,Residential Low,P-1,0.0,24.0,0.0
Oakley,,032560034,Residential Low,P-1,0.0,24.0,0.0
Oakley,,032560016,Residential Low,P-1,0.0,24.0,0.0
Oakley,,032560087,Residential Low,P-1,0.0,24.0,0.0
Oakley,,032560088,Residential Low,P-1,0.0,24.0,0.0
Oakley,,032560086,Residential Low,P-1,0.0,24.0,0.0
Oakley,,032560085,Residential Low,P-1,0.0,24.0,0.0
Oakley,,032560035,Residential Low,P-1,0.0,24.0,0.0
Oakley,,032560032,Residential Low,P-1,0.0,24.0,0.0
Oakley,,032560033,Residential Low,P-1,0.0,24.0,0.0
Oakley,,032560031,Residential Low,P-1,0.0,24.0,0.0
Oakley,,032560082,Residential Very Low,P-1,0.0,24.0,0.141
Oakley,,032560083,Residential Very Low,P-1,0.0,24.0,0.141
Oakley,,032560039,Residential Very Low,P-1,0.0,24.0,0.0
Oakley,,032560054,Residential Very Low,P-1,0.0,24.0,0.0
Oakley,,032560055,Residential Very Low,P-1,0.0,24.0,0.0
Oakley,,032560056,Residential Very Low,P-1,0.0,24.0,0.0
Oakley,,032560057,Residential Very Low,P-1,0.0,24.0,0.0
Oakley,,032560003,Residential Low,P-1,0.0,24.0,0.0
Oakley,,032560004,Residential Low,P-1,0.0,24.0,0.0
Oakley,,032560005,Residential Low,P-1,0.0,24.0,0.0
Oakley,,032560058,Residential Low,P-1,0.0,24.0,0.0
Oakley,,032560006,Residential Low,P-1,0.0,24.0,0.0
Oakley,,032550038,Residential Low,P-1,0.0,24.0,0.0
Oakley,,032550060,Residential Low,P-1,0.0,24.0,0.0
Oakley,,032540047,Residential Low,P-1,0.0,24.0,0.0
Oakley,,032540049,Residential Low,P-1,0.0,24.0,0.0
Oakley,,032540050,Residential Low,P-1,0.0,24.0,0.0
Oakley,,032540051,Residential Low,P-1,0.0,24.0,0.0
Oakley,,032550057,Residential Low,P-1,0.0,24.0,0.0
Oakley,,032550059,Residential Low,P-1,0.0,24.0,0.0
Oakley,,032550058,Residential Low,P-1,0.0,24.0,0.0
Oakley,,032540048,Residential Low,P-1,0.0,24.0,0.0
Oakley,,032550039,Residential Low,P-1,0.0,24.0,0.0
Oakley,,032550040,Residential Low,P-1,0.0,24.0,0.0
Oakley,,032550041,Residential Low,P-1,0.0,24.0,0.0
Oakley,,032550055,Residential Low,P-1,0.0,24.0,0.0
Oakley,,032550056,Residential Low,P-1,0.0,24.0,0.0
Oakley,,032550043,Residential Low,P-1,0.0,24.0,0.0
Oakley,,032550044,Residential Low,P-1,0.0,24.0,0.0
Oakley,,032550045,Residential Low,P-1,0.0,24.0,0.0
Oakley,,032550052,Residential Low,P-1,0.0,24.0,0.0
Oakley,,032550053,Residential Low,P-1,0.0,24.0,0.0
Oakley,,032550054,Residential Low,P-1,0.0,24.0,0.0
Oakley,,032540054,Residential Low,P-1,0.0,24.0,0.0
Oakley,,032540055,Residential Low,P-1,0.0,24.0,0.0
Oakley,,032540056,Residential Low,P-1,0.0,24.0,0.0
Oakley,,032540063,Residential Low,P-1,0.0,24.0,0.0
Oakley,,032540071,Residential Low,P-1,0.0,24.0,0.0
Oakley,,032540064,Residential Low,P-1,0.0,24.0,0.0
Oakley,,032540065,Residential Low,P-1,0.0,24.0,0.0
Oakley,,032540067,Residential Low,P-1,0.0,24.0,0.0
Oakley,,032540069,Residential Low,P-1,0.0,24.0,0.0
Oakley,,032540066,Residential Low,P-1,0.0,24.0,0.0
Oakley,,032540053,Residential Low,P-1,0.0,24.0,0.0
Oakley,,032540052,Residential Low,P-1,0.0,24.0,0.0
Oakley,,032540075,Residential Low,P-1,0.0,24.0,0.0
Oakley,,032540091,Residential Low,P-1,0.0,24.0,0.121
Oakley,,032540068,Residential Low,P-1,0.0,24.0,0.0
Oakley,,032540078,Residential Low,P-1,0.0,24.0,0.0
Oakley,,032540070,Residential Low,P-1,0.0,24.0,0.0
Oakley,,032540079,Residential Low,P-1,0.0,24.0,0.0
Oakley,,032540092,Residential Low,P-1,0.0,24.0,0.136
Oakley,,032530188,Residential Low,P-1,0.0,24.0,0.0
Oakley,,032530187,Residential Low,P-1,0.0,24.0,0.0
Oakley,,032530186,Residential Low,P-1,0.0,24.0,0.0
Oakley,,032530184,Residential Low,P-1,0.0,24.0,0.1103250085443651
Oakley,,032530185,Residential Low,P-1,0.0,24.0,0.0
Oakley,,032540083,Residential Low,P-1,0.0,24.0,0.18841230316512506
Oakley,,032540081,Residential Low,P-1,0.0,24.0,0.0
Oakley,,032540080,Residential Low,P-1,0.0,24.0,0.0
Oakley,,032540072,Residential Low,P-1,0.0,24.0,0.0
Oakley,,032540084,Residential Low,P-1,0.0,24.0,0.15632745250838886
Oakley,,032540046,Residential Low,P-1,0.0,24.0,0.12563822258973323
Oakley,,032540082,Residential Low,P-1,0.0,24.0,0.1438469495508527
Oakley,,032540085,Residential Low,P-1,0.0,24.0,0.11488337094537321
Oakley,,032540086,Residential Low,P-1,0.0,24.0,0.13773921825334343
Oakley,,032540087,Residential Low,P-1,0.0,24.0,0.11478320970287616
Oakley,,032540088,Residential Low,P-1,0.0,24.0,0.13773860137856825
Oakley,,032540089,Residential Low,P-1,0.0,24.0,0.11478135585106053
Oakley,,032540074,Residential Low,P-1,0.0,24.0,0.0
Oakley,,032540060,Residential Low,P-1,0.0,24.0,0.12368013670260015
Oakley,,032540061,Residential Low,P-1,0.0,24.0,0.0
Oakley,,032540062,Residential Low,P-1,0.0,24.0,0.0
Oakley,,032540073,Residential Low,P-1,0.0,24.0,0.0
Oakley,,032540057,Residential Low,P-1,0.0,24.0,0.0
Oakley,,032540058,Residential Low,P-1,0.0,24.0,0.0
Oakley,,032550049,Residential Low,P-1,0.0,24.0,0.14663175227192046
Oakley,,032540059,Residential Low,P-1,0.0,24.0,0.1466356128396737
Oakley,,032550050,Residential Low,P-1,0.0,24.0,0.0
Oakley,,032550051,Residential Low,P-1,0.0,24.0,0.0
Oakley,,032550047,Residential Low,P-1,0.0,24.0,0.0
Oakley,,032550048,Residential Low,P-1,0.0,24.0,0.14663340850731169
Oakley,,032550003,Residential Low,P-1,0.0,24.0,0.11478289525353484
Oakley,,032540090,Residential Low,P-1,0.0,24.0,0.13773887282365682
Oakley,,032550001,Residential Low,P-1,0.0,24.0,0.11478353824384531
Oakley,,032550002,Residential Low,P-1,0.0,24.0,0.13773910567562966
Oakley,,032550004,Residential Low,P-1,0.0,24.0,0.13773923927055073
Oakley,,032590100,Parks and Recreation,P-1,0.0,24.0,1.588
Oakley,,032590096,Residential Low/Medium,P-1,0.0,24.0,0.1306945858849363
Oakley,,032590095,Residential Low/Medium,P-1,0.0,24.0,0.1306943671485284
Oakley,,032590097,Residential Low/Medium,P-1,0.0,24.0,0.13069397031894356
Oakley,,032590098,Residential Low/Medium,P-1,0.0,24.0,0.15797430921104083
Oakley,,032590089,Residential Low/Medium,P-1,0.0,24.0,0.19088612368558375
Oakley,,032590090,Residential Low/Medium,P-1,0.0,24.0,0.1543894887931672
Oakley,,032590091,Residential Low/Medium,P-1,0.0,24.0,0.1543896512273539
Oakley,,032590087,Residential Low/Medium,P-1,0.0,24.0,0.14740880468543577
Oakley,,032590088,Residential Low/Medium,P-1,0.0,24.0,0.15139812993261
Oakley,,032530181,Residential Low,P-1,0.0,24.0,0.1035228265543496
Oakley,,032530182,Residential Low,P-1,0.0,24.0,0.14755475233307871
Oakley,,032530105,Residential Low,P-1,0.0,24.0,0.1350088913538211
Oakley,,032530183,Residential Low,P-1,0.0,24.0,0.15148496628358948
Oakley,,032530197,Residential Low,P-1,0.0,24.0,0.0
Oakley,,032530198,Residential Low,P-1,0.0,24.0,0.1323074039204581
Oakley,,032530200,Residential High,P-1,0.0,24.0,0.13171570921648962
Oakley,,032530176,Residential High,P-1,0.0,24.0,0.10338320115978171
Oakley,,032530177,Residential High,P-1,0.0,24.0,0.10338033970595933
Oakley,,032530178,Residential High,P-1,0.0,24.0,0.103381824323823
Oakley,,032530179,Residential High,P-1,0.0,24.0,0.10338052402132374
Oakley,,032530180,Residential Low,P-1,0.0,24.0,0.10338154665781948
Oakley,,032590059,Residential Low/Medium,P-1,0.0,24.0,0.1212146911742646
Oakley,,032590061,Residential Low/Medium,P-1,0.0,24.0,0.12798157395698265
Oakley,,032590062,Residential Low/Medium,P-1,0.0,24.0,0.12051732916589454
Oakley,,032590063,Residential Low/Medium,P-1,0.0,24.0,0.1205173212722806
Oakley,,032590083,Residential Low/Medium,P-1,0.0,24.0,0.12053872251279373
Oakley,,032590082,Residential Low/Medium,P-1,0.0,24.0,0.1205334917437662
Oakley,,032590084,Residential Low/Medium,P-1,0.0,24.0,0.1280248030447376
Oakley,,032590085,Residential Low/Medium,P-1,0.0,24.0,0.17811902876281577
Oakley,,032590086,Residential Low/Medium,P-1,0.0,24.0,0.1473585357690506
Oakley,,032590092,Residential Low/Medium,P-1,0.0,24.0,0.1543903259873257
Oakley,,032590093,Residential Low/Medium,P-1,0.0,24.0,0.16522868816498362
Oakley,,032590079,Residential Low/Medium,P-1,0.0,24.0,0.12053011875081836
Oakley,,032590080,Residential Low/Medium,P-1,0.0,24.0,0.1205296877336495
Oakley,,032590081,Residential Low/Medium,P-1,0.0,24.0,0.1205296798147609
Oakley,,032590077,Parks and Recreation,P-1,0.0,24.0,0.1205301266763388
Oakley,,032590078,Residential Low/Medium,P-1,0.0,24.0,0.12053042985458967
Oakley,,032590094,Residential Low/Medium,P-1,0.0,24.0,0.13869108898839755
Oakley,,032590075,Parks and Recreation,P-1,0.0,24.0,0.12051005667530501
Oakley,,032590070,Parks and Recreation,P-1,0.0,24.0,0.12049413409634217
Oakley,,032590071,Parks and Recreation,P-1,0.0,24.0,0.2853214672256021
Oakley,,032590076,Parks and Recreation,P-1,0.0,24.0,0.12052967226323712
Oakley,,032590067,Residential Low/Medium,P-1,0.0,24.0,0.12051807499023727
Oakley,,032590068,Residential Low/Medium,P-1,0.0,24.0,0.12051823067453941
Oakley,,032590069,Parks and Recreation,P-1,0.0,24.0,0.12051823067953835
Oakley,,032590051,Parks and Recreation,P-1,0.0,24.0,0.12054307184907008
Oakley,,032590052,Parks and Recreation,P-1,0.0,24.0,0.12054365443505614
Oakley,,032590050,Parks and Recreation,P-1,0.0,24.0,0.12054353903986088
Oakley,,032590054,Residential Low/Medium,P-1,0.0,24.0,0.12955215269241055
Oakley,,032590053,Residential Low/Medium,P-1,0.0,24.0,0.12800915129782986
Oakley,,032590066,Residential Low/Medium,P-1,0.0,24.0,0.12051778803204073
Oakley,,032590065,Residential Low/Medium,P-1,0.0,24.0,0.12051718175643567
Oakley,,032590064,Residential Low/Medium,P-1,0.0,24.0,0.12051731749940506
Oakley,,032590039,Residential Low/Medium,P-1,0.0,24.0,0.12051058202645469
Oakley,,032590055,Residential Low/Medium,P-1,0.0,24.0,0.1205408418893212
Oakley,,032590056,Residential Low/Medium,P-1,0.0,24.0,0.12054114924176004
Oakley,,032590057,Residential Low/Medium,P-1,0.0,24.0,0.12054128876228522
Oakley,,032590058,Residential Low/Medium,P-1,0.0,24.0,0.12054098141012543
Oakley,,032590038,Residential Low/Medium,P-1,0.0,24.0,0.12051058208843866
Oakley,,032590040,Residential Low/Medium,P-1,0.0,24.0,0.12051027893033305
Oakley,,032590041,Residential Low/Medium,P-1,0.0,24.0,0.12951832594701912
Oakley,,032590042,Residential Low/Medium,P-1,0.0,24.0,0.12797324121920947
Oakley,,032590043,Residential Low/Medium,P-1,0.0,24.0,0.12051017082710622
Oakley,,032590044,Parks and Recreation,P-1,0.0,24.0,0.1205112239363598
Oakley,,032590032,Residential Low/Medium,P-1,0.0,24.0,0.14463154087346047
Oakley,,032590030,Residential Low/Medium,P-1,0.0,24.0,0.12052653590246025
Oakley,,032590031,Residential Low/Medium,P-1,0.0,24.0,0.12052578135654686
Oakley,,032590021,Residential Low/Medium,P-1,0.0,24.0,0.14463136023586037
Oakley,,032590033,Residential Low/Medium,P-1,0.0,24.0,0.1446318523395497
Oakley,,032590020,Residential Low/Medium,P-1,0.0,24.0,0.1205253386893031
Oakley,,032590019,Residential Low/Medium,P-1,0.0,24.0,0.12052609320316514
Oakley,,032590018,Residential Low/Medium,P-1,0.0,24.0,0.12052563014013808
Oakley,,032590017,Residential Low/Medium,P-1,0.0,24.0,0.12052547820028321
Oakley,,032590016,Residential Low/Medium,P-1,0.0,24.0,0.12052592957532612
Oakley,,032590014,Residential Low/Medium,P-1,0.0,24.0,0.12052577760112033
Oakley,,032590013,Residential Low/Medium,P-1,0.0,24.0,0.12798803383370277
Oakley,,032590028,Residential Low/Medium,P-1,0.0,24.0,0.12052549062323659
Oakley,,032590029,Residential Low/Medium,P-1,0.0,24.0,0.1205251912521317
Oakley,,032590027,Residential Low/Medium,P-1,0.0,24.0,0.12052623275345573
Oakley,,032590015,Residential Low/Medium,P-1,0.0,24.0,0.12052563429648276
Oakley,,032590025,Residential Low/Medium,P-1,0.0,24.0,0.12052549064065166
Oakley,,032590026,Residential Low/Medium,P-1,0.0,24.0,0.12052533869650876
Oakley,,032590037,Residential Low/Medium,P-1,0.0,24.0,0.12051013150569355
Oakley,,032590036,Residential Low/Medium,P-1,0.0,24.0,0.12369049534384353
Oakley,,032590035,Residential Low/Medium,P-1,0.0,24.0,0.17302500529267203
Oakley,,032590024,Residential Low/Medium,P-1,0.0,24.0,0.12798793656502624
Oakley,,032590099,Residential Low/Medium,P-1,0.0,24.0,0.14098257699219205
Oakley,,032530116,Residential High,P-1,0.0,24.0,0.14325051567404845
Oakley,,032530117,Residential High,P-1,0.0,24.0,0.10334997458639311
Oakley,,032530104,Residential High,P-1,0.0,24.0,0.107696342547076
Oakley,,032530115,Residential High,P-1,0.0,24.0,0.16426666291585806
Oakley,,032530114,Residential High,P-1,0.0,24.0,0.1470809610690542
Oakley,,032530113,Residential High,P-1,0.0,24.0,0.0
Oakley,,032530112,Residential High,P-1,0.0,24.0,0.0
Oakley,,032530140,Residential High,P-1,0.0,24.0,0.0
Oakley,,032530138,Residential High,P-1,0.0,24.0,0.0
Oakley,,032530139,Residential High,P-1,0.0,24.0,0.0
Oakley,,032530136,Residential High,P-1,0.0,24.0,0.0
Oakley,,032530137,Residential High,P-1,0.0,24.0,0.0
Oakley,,032530123,Residential High,P-1,0.0,24.0,0.0
Oakley,,032530124,Residential High,P-1,0.0,24.0,0.0
Oakley,,032530169,Residential High,P-1,0.0,24.0,0.0
Oakley,,032530170,Residential High,P-1,0.0,24.0,0.0
Oakley,,032530121,Residential High,P-1,0.0,24.0,0.26433261893674753
Oakley,,032530122,Residential High,P-1,0.0,24.0,0.14405384227775284
Oakley,,032530172,Residential High,P-1,0.0,24.0,0.23995914357004064
Oakley,,032530118,Residential High,P-1,0.0,24.0,0.10334367463908627
Oakley,,032530119,Residential High,P-1,0.0,24.0,0.10335208282133093
Oakley,,032530120,Residential High,P-1,0.0,24.0,0.11141532664917139
Oakley,,032590060,Residential Low/Medium,P-1,0.0,24.0,0.15662002933487063
Oakley,,032530174,Residential High,P-1,0.0,24.0,0.10350274665363855
Oakley,,032530175,Residential High,P-1,0.0,24.0,0.10338084068984037
Oakley,,032530173,Residential High,P-1,0.0,24.0,0.12192021981105758
Oakley,,032530171,Residential High,P-1,0.0,24.0,0.1440552929844169
Oakley,,032530156,Residential High,P-1,0.0,24.0,0.0
Oakley,,032530157,Residential High,P-1,0.0,24.0,0.0
Oakley,,032530152,Residential High,P-1,0.0,24.0,0.0
Oakley,,032530153,Residential High,P-1,0.0,24.0,0.0
Oakley,,032530154,Residential High,P-1,0.0,24.0,0.11105361025103534
Oakley,,032530155,Residential High,P-1,0.0,24.0,0.11164714611669577
Oakley,,032530199,Residential Low,P-1,0.0,24.0,0.10330694368693089
Oakley,,032530201,Residential High,P-1,0.0,24.0,0.0
Oakley,,032530196,Residential Low,P-1,0.0,24.0,0.0
Oakley,,032530203,Residential High,P-1,0.0,24.0,0.0
Oakley,,032530202,Residential High,P-1,0.0,24.0,0.0
Oakley,,032530204,Residential High,P-1,0.0,24.0,0.0
Oakley,,032530148,Residential High,P-1,0.0,24.0,0.0
Oakley,,032530149,Residential High,P-1,0.0,24.0,0.0
Oakley,,032530150,Residential High,P-1,0.0,24.0,0.0
Oakley,,032530151,Residential High,P-1,0.0,24.0,0.0
Oakley,,032530158,Residential High,P-1,0.0,24.0,0.0
Oakley,,032530159,Residential High,P-1,0.0,24.0,0.0
Oakley,,032530166,Residential High,P-1,0.0,24.0,0.0
Oakley,,032530167,Residential High,P-1,0.0,24.0,0.0
Oakley,,032530160,Residential High,P-1,0.0,24.0,0.0
Oakley,,032530161,Residential High,P-1,0.0,24.0,0.0
Oakley,,032530162,Residential High,P-1,0.0,24.0,0.0
Oakley,,032530163,Residential High,P-1,0.0,24.0,0.0
Oakley,,032520117,Residential Low,P-1,0.0,24.0,0.0
Oakley,,032530129,Residential High,P-1,0.0,24.0,0.0
Oakley,,032530130,Residential High,P-1,0.0,24.0,0.0
Oakley,,032530131,Residential High,P-1,0.0,24.0,0.0
Oakley,,032530128,Residential High,P-1,0.0,24.0,0.0
Oakley,,032530164,Residential High,P-1,0.0,24.0,0.0
Oakley,,032530165,Residential High,P-1,0.0,24.0,0.0
Oakley,,032530127,Residential High,P-1,0.0,24.0,0.0
Oakley,,032530168,Residential High,P-1,0.0,24.0,0.0
Oakley,,032530125,Residential High,P-1,0.0,24.0,0.0
Oakley,,032530126,Residential High,P-1,0.0,24.0,0.0
Oakley,,032530134,Residential High,P-1,0.0,24.0,0.0
Oakley,,032530135,Residential High,P-1,0.0,24.0,0.0
Oakley,,032530133,Residential High,P-1,0.0,24.0,0.0
Oakley,,032530132,Residential High,P-1,0.0,24.0,0.0
Oakley,,032530144,Residential High,P-1,0.0,24.0,0.0
Oakley,,032530143,Residential High,P-1,0.0,24.0,0.0
Oakley,,032530141,Residential High,P-1,0.0,24.0,0.0
Oakley,,032530142,Residential High,P-1,0.0,24.0,0.0
Oakley,,032530111,Residential High,P-1,0.0,24.0,0.0
Oakley,,032530110,Residential High,P-1,0.0,24.0,0.0
Oakley,,032530109,Residential High,P-1,0.0,24.0,0.0
Oakley,,032530108,Residential High,P-1,0.0,24.0,0.0
Oakley,,032530107,Residential High,P-1,0.0,24.0,0.0
Oakley,,032530145,Residential High,P-1,0.0,24.0,0.0
Oakley,,032530146,Residential High,P-1,0.0,24.0,0.0
Oakley,,032520096,Residential High,P-1,0.0,24.0,0.0
Oakley,,032530106,Residential High,P-1,0.0,24.0,0.0
Oakley,,032520077,Residential High,P-1,0.0,24.0,0.0
Oakley,,032520094,Residential Low,P-1,0.0,24.0,0.0
Oakley,,032520095,Residential Low,P-1,0.0,24.0,0.0
Oakley,,032520093,Residential Low,P-1,0.0,24.0,0.0
Oakley,,032520099,Residential Low,P-1,0.0,24.0,0.0
Oakley,,032520098,Residential Low,P-1,0.0,24.0,0.0
Oakley,,032520116,Residential Low,P-1,0.0,24.0,0.0
Oakley,,032520097,Residential Low,P-1,0.0,24.0,0.0
Oakley,,032520114,Residential Low,P-1,0.0,24.0,0.0
Oakley,,032520115,Residential Low,P-1,0.0,24.0,0.0
Oakley,,032520118,Residential Low,P-1,0.0,24.0,0.0
Oakley,,032520119,Residential Low,P-1,0.0,24.0,0.0
Oakley,,032520120,Residential Low,P-1,0.0,24.0,0.0
Oakley,,032520121,Residential Low,P-1,0.0,24.0,0.0
Oakley,,032520122,Residential Low,P-1,0.0,24.0,0.0
Oakley,,032520112,Residential Low,P-1,0.0,24.0,0.0
Oakley,,032520113,Residential Low,P-1,0.0,24.0,0.0
Oakley,,032520111,Residential Low,P-1,0.0,24.0,0.0
Oakley,,032520109,Residential Low,P-1,0.0,24.0,0.0
Oakley,,032520104,Residential Low,P-1,0.0,24.0,0.0
Oakley,,032520102,Residential Low,P-1,0.0,24.0,0.0
Oakley,,032520103,Residential Low,P-1,0.0,24.0,0.0
Oakley,,032520101,Residential Low,P-1,0.0,24.0,0.0
Oakley,,032520100,Residential Low,P-1,0.0,24.0,0.0
Oakley,,032520091,Residential Low,P-1,0.0,24.0,0.0
Oakley,,032520092,Residential Low,P-1,0.0,24.0,0.0
Oakley,,032520090,Residential Low,P-1,0.0,24.0,0.0
Oakley,,032520089,Residential Low,P-1,0.0,24.0,0.0
Oakley,,032520087,Residential Low,P-1,0.0,24.0,0.0
Oakley,,032520088,Residential Low,P-1,0.0,24.0,0.0
Oakley,,032520105,Residential Low,P-1,0.0,24.0,0.0
Oakley,,032520106,Residential Low,P-1,0.0,24.0,0.0
Oakley,,032520086,Residential Low,P-1,0.0,24.0,0.0
Oakley,,032520085,Residential Low,P-1,0.0,24.0,0.0
Oakley,,032520076,Residential Low,P-1,0.0,24.0,0.0
Oakley,,032520083,Residential Low,P-1,0.0,24.0,0.0
Oakley,,032520084,Residential Low,P-1,0.0,24.0,0.0
Oakley,,032520082,Residential Low,P-1,0.0,24.0,0.0
Oakley,,032520081,Residential Low,P-1,0.0,24.0,0.0
Oakley,,032520107,Residential Low,P-1,0.0,24.0,0.0
Oakley,,032520079,Residential Low,P-1,0.0,24.0,0.0
Oakley,,032520080,Residential Low,P-1,0.0,24.0,0.0
Oakley,,032520129,Residential Low,P-1,0.0,24.0,0.0
Oakley,,032520127,Residential Low,P-1,0.0,24.0,0.0
Oakley,,032520108,Residential Low,P-1,0.0,24.0,0.0
Oakley,,032520110,Residential Low,P-1,0.0,24.0,0.0
Oakley,,032520124,Residential Low,P-1,0.0,24.0,0.0
Oakley,,032520125,Residential Low,P-1,0.0,24.0,0.0
Oakley,,032520123,Residential Low,P-1,0.0,24.0,0.0
Oakley,,032520137,Residential Low,P-1,0.0,24.0,0.0
Oakley,,032520134,Residential Low,P-1,0.0,24.0,0.0
Oakley,,032520135,Residential Low,P-1,0.0,24.0,0.0
Oakley,,032520136,Residential Low,P-1,0.0,24.0,0.0
Oakley,,032520151,Residential Low,P-1,0.0,24.0,0.0
Oakley,,032520152,Residential Low,P-1,0.0,24.0,0.0
Oakley,,032520153,Residential Low,P-1,0.0,24.0,0.0
Oakley,,032520132,Residential Low,P-1,0.0,24.0,0.0
Oakley,,032520133,Residential Low,P-1,0.0,24.0,0.0
Oakley,,032520126,Residential Low,P-1,0.0,24.0,0.0
Oakley,,032520128,Residential Low,P-1,0.0,24.0,0.0
Oakley,,032520131,Residential Low,P-1,0.0,24.0,0.0
Oakley,,032520130,Residential Low,P-1,0.0,24.0,0.0
Oakley,,032520156,Residential Low,P-1,0.0,24.0,0.0
Oakley,,032520154,Residential Low,P-1,0.0,24.0,0.0
Oakley,,032520155,Residential Low,P-1,0.0,24.0,0.0
Oakley,,032520157,Residential Low,P-1,0.0,24.0,0.0
Oakley,,032580018,Residential Low,P-1,0.0,24.0,0.0
Oakley,,032520158,Residential Low,P-1,0.0,24.0,0.0
Oakley,,032520161,Residential Low,P-1,0.0,24.0,0.0
Oakley,,032520159,Residential Low,P-1,0.0,24.0,0.0
Oakley,,032520160,Residential Low,P-1,0.0,24.0,0.0
Oakley,,032520165,Residential Low,P-1,0.0,24.0,0.0
Oakley,,032520163,Residential Low,P-1,0.0,24.0,0.0
Oakley,,032520164,Residential Low,P-1,0.0,24.0,0.0
Oakley,,032520162,Residential Low,P-1,0.0,24.0,0.0
Oakley,,032520150,Residential Low,P-1,0.0,24.0,0.0
Oakley,,032520149,Residential Low,P-1,0.0,24.0,0.0
Oakley,,032520147,Residential Low,P-1,0.0,24.0,0.0
Oakley,,032520148,Residential Low,P-1,0.0,24.0,0.0
Oakley,,032520138,Residential Low,P-1,0.0,24.0,0.0
Oakley,,032520139,Residential Low,P-1,0.0,24.0,0.0
Oakley,,032520140,Residential Low,P-1,0.0,24.0,0.0
Oakley,,032520141,Residential Low,P-1,0.0,24.0,0.0
Oakley,,032520142,Residential High,P-1,0.0,24.0,0.0
Oakley,,032520144,Residential Low,P-1,0.0,24.0,0.0
Oakley,,032520145,Residential Low,P-1,0.0,24.0,0.0
Oakley,,032520146,Residential Low,P-1,0.0,24.0,0.0
Oakley,,032520143,Residential High,P-1,0.0,24.0,0.0
Oakley,,032530147,Residential High,P-1,0.0,24.0,0.0
Oakley,,032520168,Residential High,P-1,0.0,24.0,0.0
Oakley,,032520167,Residential Low,P-1,0.0,24.0,0.0
Oakley,,032520166,Residential Low,P-1,0.0,24.0,0.0
Oakley,,032540045,Residential Low,P-1,0.0,24.0,9.23
Oakley,,032530206,Residential High,P-1,0.0,24.0,0.0
Oakley,,032530207,Residential Low,P-1,0.0,24.0,0.0
Oakley,,032530208,Residential Low,P-1,0.0,24.0,0.0
Oakley,,032530193,Residential Low,P-1,0.0,24.0,0.0
Oakley,,032530205,Residential High,P-1,0.0,24.0,0.0
Oakley,,032530194,Residential Low,P-1,0.0,24.0,0.0
Oakley,,032530195,Residential Low,P-1,0.0,24.0,0.0
Oakley,,032530189,Residential Low,P-1,0.0,24.0,0.0
Oakley,,032530192,Residential Low,P-1,0.0,24.0,0.0
Oakley,,032530191,Residential Low,P-1,0.0,24.0,0.0
Oakley,,032530190,Residential Low,P-1,0.0,24.0,0.0
Oakley,,032570066,Residential Low,P-1,0.0,24.0,0.0
Oakley,,032570001,Residential Low,P-1,0.0,24.0,0.0
Oakley,,032570002,Residential Low,P-1,0.0,24.0,0.0
Oakley,,032570003,Residential Low,P-1,0.0,24.0,0.0
Oakley,,032570004,Residential Low,P-1,0.0,24.0,0.0
Oakley,,032570005,Residential Low,P-1,0.0,24.0,0.0
Oakley,,032570007,Residential Low,P-1,0.0,24.0,0.0
Oakley,,032570008,Residential Low,P-1,0.0,24.0,0.0
Oakley,,032570013,Residential Very Low,P-1,0.0,24.0,0.0
Oakley,,032570009,Residential Low,P-1,0.0,24.0,0.0
Oakley,,032570010,Residential Low,P-1,0.0,24.0,0.0
Oakley,,032560002,Residential Low,P-1,0.0,24.0,0.0
Oakley,,032570011,Residential Low,P-1,0.0,24.0,0.0
Oakley,,032570012,Residential Very Low,P-1,0.0,24.0,0.0
Oakley,,032560078,Residential Very Low,P-1,0.0,24.0,0.0
Oakley,,032560060,Residential Very Low,P-1,0.0,24.0,0.0
Oakley,,032560079,Residential Very Low,P-1,0.0,24.0,0.0
Oakley,,032560001,Residential Low,P-1,0.0,24.0,0.0
Oakley,,032560080,Residential Very Low,P-1,0.0,24.0,0.0
Oakley,,032560059,Residential Low,P-1,0.0,24.0,0.0
Oakley,,032560061,Residential Very Low,P-1,0.0,24.0,0.0
Oakley,,032560062,Residential Very Low,P-1,0.0,24.0,0.0
Oakley,,032560077,Residential Very Low,P-1,0.0,24.0,0.0
Oakley,,032560064,Residential Very Low,P-1,0.0,24.0,0.0
Oakley,,032560075,Residential Very Low,P-1,0.0,24.0,0.0
Oakley,,032560063,Residential Very Low,P-1,0.0,24.0,0.0
Oakley,,032560076,Residential Very Low,P-1,0.0,24.0,0.0
Oakley,,032560065,Residential Very Low,P-1,0.0,24.0,0.0
Oakley,,032560074,Residential Very Low,P-1,0.0,24.0,0.0
Oakley,,032560066,Residential Very Low,P-1,0.0,24.0,0.0
Oakley,,032560073,Residential Very Low,P-1,0.0,24.0,0.0
Oakley,,032570065,Residential Very Low,P-1,0.0,24.0,0.0
Oakley,,032570064,Residential Very Low,P-1,0.0,24.0,0.0
Oakley,,032570062,Residential Very Low,P-1,0.0,24.0,0.0
Oakley,,032570049,Residential Very Low,P-1,0.0,24.0,0.0
Oakley,,032570063,Residential Very Low,P-1,0.0,24.0,0.0
Oakley,,032570048,Residential Very Low,P-1,0.0,24.0,0.0
Oakley,,032570047,Residential Very Low,P-1,0.0,24.0,0.0
Oakley,,032570046,Residential Very Low,P-1,0.0,24.0,0.0
Oakley,,032570043,Residential Very Low,P-1,0.0,24.0,0.0
Oakley,,032570050,Residential Very Low,P-1,0.0,24.0,0.0
Oakley,,032570051,Residential Very Low,P-1,0.0,24.0,0.0
Oakley,,032570059,Residential Very Low,P-1,0.0,24.0,0.0
Oakley,,032570058,Residential Very Low,P-1,0.0,24.0,0.0
Oakley,,032570060,Residential Very Low,P-1,0.0,24.0,0.0
Oakley,,032570061,Residential Very Low,P-1,0.0,24.0,0.0
Oakley,,032570014,Residential Very Low,P-1,0.0,24.0,0.0
Oakley,,032570015,Residential Very Low,P-1,0.0,24.0,0.0
Oakley,,032570006,Residential Low,P-1,0.0,24.0,0.0
Oakley,,032570016,Residential Very Low,P-1,0.0,24.0,0.0
Oakley,,032570017,Residential Very Low,P-1,0.0,24.0,0.0
Oakley,,032570057,Residential Very Low,P-1,0.0,24.0,0.0
Oakley,,032570019,Residential Very Low,P-1,0.0,24.0,0.0
Oakley,,032570018,Residential Very Low,P-1,0.0,24.0,0.0
Oakley,,032570020,Residential Low,P-1,0.0,24.0,0.0
Oakley,,032570067,Residential Low,P-1,0.0,24.0,0.0
Oakley,,032570068,Residential Low,P-1,0.0,24.0,0.0
Oakley,,032570021,Residential Low,P-1,0.0,24.0,0.0
Oakley,,032570069,Residential Low,P-1,0.0,24.0,0.0
Oakley,,032570025,Residential Very Low,P-1,0.0,24.0,0.0
Oakley,,032570024,Residential Very Low,P-1,0.0,24.0,0.0
Oakley,,032570022,Residential Very Low,P-1,0.0,24.0,0.0
Oakley,,032570070,Residential Low,P-1,0.0,24.0,0.0
Oakley,,032570023,Residential Very Low,P-1,0.0,24.0,0.0
Oakley,,032570071,Residential Very Low,P-1,0.0,24.0,0.0
Oakley,,032570072,Residential Very Low,P-1,0.0,24.0,0.0
Oakley,,032570073,Residential Very Low,P-1,0.0,24.0,0.0
Oakley,,032570074,Residential Very Low,P-1,0.0,24.0,0.0
Oakley,,032570026,Residential Very Low,P-1,0.0,24.0,0.0
Oakley,,032570027,Residential Very Low,P-1,0.0,24.0,0.0
Oakley,,032570055,Residential Very Low,P-1,0.0,24.0,0.0
Oakley,,032570056,Residential Very Low,P-1,0.0,24.0,0.0
Oakley,,032570054,Residential Very Low,P-1,0.0,24.0,0.0
Oakley,,032570053,Residential Very Low,P-1,0.0,24.0,0.0
Oakley,,032570052,Residential Very Low,P-1,0.0,24.0,0.0
Oakley,,032570037,Residential Very Low,P-1,0.0,24.0,0.0
Oakley,,032570033,Residential Very Low,P-1,0.0,24.0,0.0
Oakley,,032570036,Residential Very Low,P-1,0.0,24.0,0.0
Oakley,,032570035,Residential Very Low,P-1,0.0,24.0,0.0
Oakley,,032570032,Residential Very Low,P-1,0.0,24.0,0.0
Oakley,,032570034,Residential Very Low,P-1,0.0,24.0,0.0
Oakley,,032570029,Residential Very Low,P-1,0.0,24.0,0.0
Oakley,,032570028,Residential Very Low,P-1,0.0,24.0,0.0
Oakley,,032570075,Residential Very Low,P-1,0.0,24.0,0.0
Oakley,,032570076,Residential Very Low,P-1,0.0,24.0,0.0
Oakley,,032570077,Residential Very Low,P-1,0.0,24.0,0.0
Oakley,,032570030,Residential Very Low,P-1,0.0,24.0,0.0
Oakley,,032570078,Residential Very Low,P-1,0.0,24.0,0.0
Oakley,,032570079,Residential Very Low,P-1,0.0,24.0,0.0
Oakley,,032570031,Residential Very Low,P-1,0.0,24.0,0.0
Oakley,,032580001,Residential Very Low,P-1,0.0,24.0,0.0
Oakley,,032580002,Residential Very Low,P-1,0.0,24.0,0.0
Oakley,,032580006,Residential Very Low,P-1,0.0,24.0,0.0
Oakley,,032580005,Residential Very Low,P-1,0.0,24.0,0.0
Oakley,,032580033,Residential Very Low,P-1,0.0,24.0,0.0
Oakley,,032580004,Residential Very Low,P-1,0.0,24.0,0.0
Oakley,,032580003,Residential Very Low,P-1,0.0,24.0,0.0
Oakley,,032580034,Residential Very Low,P-1,0.0,24.0,0.0
Oakley,,032580031,Residential Very Low,P-1,0.0,24.0,0.0
Oakley,,032580032,Residential Very Low,P-1,0.0,24.0,0.0
Oakley,,032580064,Residential Very Low,P-1,0.0,24.0,0.0
Oakley,,032580066,Residential Very Low,P-1,0.0,24.0,0.0
Oakley,,032580065,Residential Very Low,P-1,0.0,24.0,0.0
Oakley,,032580029,Residential Very Low,P-1,0.0,24.0,0.0
Oakley,,032580030,Residential Very Low,P-1,0.0,24.0,0.0
Oakley,,032580028,Residential Very Low,P-1,0.0,24.0,0.0
Oakley,,032580026,Residential Very Low,P-1,0.0,24.0,0.0
Oakley,,032580027,Residential Very Low,P-1,0.0,24.0,0.0
Oakley,,032580011,Residential Very Low,P-1,0.0,24.0,0.0
Oakley,,032580010,Residential Very Low,P-1,0.0,24.0,0.0
Oakley,,032580009,Residential Very Low,P-1,0.0,24.0,0.0
Oakley,,032580007,Residential Very Low,P-1,0.0,24.0,0.0
Oakley,,032580008,Residential Very Low,P-1,0.0,24.0,0.0
Oakley,,032580012,Residential Low,P-1,0.0,24.0,0.0
Oakley,,032580015,Residential Low,P-1,0.0,24.0,0.0
Oakley,,032580017,Residential Low,P-1,0.0,24.0,0.0
Oakley,,032580016,Residential Low,P-1,0.0,24.0,0.0
Oakley,,032580014,Residential Low,P-1,0.0,24.0,0.0
Oakley,,032580013,Residential Low,P-1,0.0,24.0,0.0
Oakley,,032580022,Residential Low,P-1,0.0,24.0,0.0
Oakley,,032580021,Residential Low,P-1,0.0,24.0,0.0
Oakley,,032580019,Residential Low,P-1,0.0,24.0,0.0
Oakley,,032580020,Residential Low,P-1,0.0,24.0,0.0
Oakley,,032580114,Residential Low,P-1,0.0,24.0,0.0
Oakley,,032580115,Residential Low,P-1,0.0,24.0,0.0
Oakley,,032580116,Residential Low,P-1,0.0,24.0,0.0
Oakley,,032580113,Residential Low,P-1,0.0,24.0,0.0
Oakley,,032580112,Residential Low,P-1,0.0,24.0,0.0
Oakley,,032580023,Residential Low,P-1,0.0,24.0,0.0
Oakley,,032580024,Residential Low,P-1,0.0,24.0,0.0
Oakley,,032580025,Residential Low,P-1,0.0,24.0,0.0
Oakley,,032580090,Residential Low,P-1,0.0,24.0,0.0
Oakley,,032580111,Residential Low,P-1,0.0,24.0,0.0
Oakley,,032580091,Residential Low,P-1,0.0,24.0,0.0
Oakley,,032580089,Residential Very Low,P-1,0.0,24.0,0.0
Oakley,,032580088,Residential Very Low,P-1,0.0,24.0,0.0
Oakley,,032580087,Residential Very Low,P-1,0.0,24.0,0.0
Oakley,,032580085,Residential Very Low,P-1,0.0,24.0,0.0
Oakley,,032580086,Residential Very Low,P-1,0.0,24.0,0.0
Oakley,,032580093,Residential Low,P-1,0.0,24.0,0.0
Oakley,,032580094,Residential Low,P-1,0.0,24.0,0.0
Oakley,,032580092,Residential Low,P-1,0.0,24.0,0.0
Oakley,,032580107,Residential Low,P-1,0.0,24.0,0.0
Oakley,,032580108,Residential Low,P-1,0.0,24.0,0.0
Oakley,,032580110,Residential Low,P-1,0.0,24.0,0.0
Oakley,,032580109,Residential Low,P-1,0.0,24.0,0.0
Oakley,,032580117,Residential Low,P-1,0.0,24.0,0.0
Oakley,,032580118,Residential Low,P-1,0.0,24.0,0.0
Oakley,,032580119,Residential Low,P-1,0.0,24.0,0.0
Oakley,,032580120,Residential Low,P-1,0.0,24.0,0.0
Oakley,,032580121,Residential Low,P-1,0.0,24.0,0.0
Oakley,,032580106,Residential Low,P-1,0.0,24.0,0.0
Oakley,,032580105,Residential Low,P-1,0.0,24.0,0.0
Oakley,,032580104,Residential Low,P-1,0.0,24.0,0.0
Oakley,,032580103,Residential Low,P-1,0.0,24.0,0.0
Oakley,,032580122,Residential Low,P-1,0.0,24.0,0.0
Oakley,,032580123,Residential Low,P-1,0.0,24.0,0.0
Oakley,,032580124,Residential Low,P-1,0.0,24.0,0.0
Oakley,,032580125,Residential Low,P-1,0.0,24.0,0.0
Oakley,,032580126,Residential Low,P-1,0.0,24.0,0.0
Oakley,,032580102,Residential Low,P-1,0.0,24.0,0.0
Oakley,,032580100,Residential Low,P-1,0.0,24.0,0.0
Oakley,,032580101,Residential Low,P-1,0.0,24.0,0.0
Oakley,,032580077,Residential Very Low,P-1,0.0,24.0,0.0
Oakley,,032580073,Residential Very Low,P-1,0.0,24.0,0.0
Oakley,,032580080,Residential Very Low,P-1,0.0,24.0,0.0
Oakley,,032580079,Residential Very Low,P-1,0.0,24.0,0.0
Oakley,,032580099,Residential Low,P-1,0.0,24.0,0.0
Oakley,,032580098,Residential Low,P-1,0.0,24.0,0.0
Oakley,,032580097,Residential Low,P-1,0.0,24.0,0.0
Oakley,,032580096,Residential Low,P-1,0.0,24.0,0.0
Oakley,,032580095,Residential Low,P-1,0.0,24.0,0.0
Oakley,,032580081,Residential Very Low,P-1,0.0,24.0,0.0
Oakley,,032580082,Residential Very Low,P-1,0.0,24.0,0.0
Oakley,,032580071,Residential Very Low,P-1,0.0,24.0,0.0
Oakley,,032580070,Residential Very Low,P-1,0.0,24.0,0.0
Oakley,,032580083,Residential Very Low,P-1,0.0,24.0,0.0
Oakley,,032580084,Residential Very Low,P-1,0.0,24.0,0.0
Oakley,,032580068,Residential Very Low,P-1,0.0,24.0,0.0
Oakley,,032580069,Residential Very Low,P-1,0.0,24.0,0.0
Oakley,,032580067,Residential Very Low,P-1,0.0,24.0,0.0
Oakley,,032580057,Residential Very Low,P-1,0.0,24.0,0.0
Oakley,,032580056,Residential Very Low,P-1,0.0,24.0,0.0
Oakley,,032580055,Residential Very Low,P-1,0.0,24.0,0.0
Oakley,,032580054,Residential Very Low,P-1,0.0,24.0,0.0
Oakley,,032580053,Residential Very Low,P-1,0.0,24.0,0.0
Oakley,,032580072,Residential Very Low,P-1,0.0,24.0,0.0
Oakley,,032580074,Residential Very Low,P-1,0.0,24.0,0.0
Oakley,,032580075,Residential Very Low,P-1,0.0,24.0,0.0
Oakley,,032580078,Residential Very Low,P-1,0.0,24.0,0.0
Oakley,,032580076,Residential Very Low,P-1,0.0,24.0,0.0
Oakley,,032580052,Residential Very Low,P-1,0.0,24.0,0.0
Oakley,,032580051,Residential Very Low,P-1,0.0,24.0,0.0
Oakley,,032580050,Residential Very Low,P-1,0.0,24.0,0.0
Oakley,,032580048,Residential Very Low,P-1,0.0,24.0,0.0
Oakley,,032580049,Residential Very Low,P-1,0.0,24.0,0.0
Oakley,,032580047,Residential Very Low,P-1,0.0,24.0,0.0
Oakley,,032580046,Residential Very Low,P-1,0.0,24.0,0.0
Oakley,,032580058,Residential Very Low,P-1,0.0,24.0,0.0
Oakley,,032580045,Residential Very Low,P-1,0.0,24.0,0.0
Oakley,,032580044,Residential Very Low,P-1,0.0,24.0,0.0
Oakley,,032580043,Residential Very Low,P-1,0.0,24.0,0.0
Oakley,,032580060,Residential Very Low,P-1,0.0,24.0,0.0
Oakley,,032580059,Residential Very Low,P-1,0.0,24.0,0.0
Oakley,,032580063,Residential Very Low,P-1,0.0,24.0,0.0
Oakley,,032580062,Residential Very Low,P-1,0.0,24.0,0.0
Oakley,,032580061,Residential Very Low,P-1,0.0,24.0,0.0
Oakley,,032580042,Residential Very Low,P-1,0.0,24.0,0.0
Oakley,,032580041,Residential Very Low,P-1,0.0,24.0,0.0
Oakley,,032580040,Residential Very Low,P-1,0.0,24.0,0.0
Oakley,,032580035,Residential Very Low,P-1,0.0,24.0,0.0
Oakley,,032580036,Residential Very Low,P-1,0.0,24.0,0.0
Oakley,,032580037,Residential Very Low,P-1,0.0,24.0,0.0
Oakley,,032580038,Residential Very Low,P-1,0.0,24.0,0.0
Oakley,,032580039,Residential Very Low,P-1,0.0,24.0,0.0
Oakley,,032570038,Residential Very Low,P-1,0.0,24.0,0.0
Oakley,,032570039,Residential Very Low,P-1,0.0,24.0,0.0
Oakley,,032570040,Residential Very Low,P-1,0.0,24.0,0.0
Oakley,,032570041,Residential Very Low,P-1,0.0,24.0,0.0
Oakley,,032570042,Residential Very Low,P-1,0.0,24.0,0.0
Oakley,,032570044,Residential Very Low,P-1,0.0,24.0,0.0
Oakley,,032570045,Residential Very Low,P-1,0.0,24.0,0.0
Oakley,,032560067,Residential Very Low,P-1,0.0,24.0,0.0
Oakley,,032560072,Residential Very Low,P-1,0.0,24.0,0.0
Oakley,,032560068,Residential Very Low,P-1,0.0,24.0,0.0
Oakley,,032560071,Residential Very Low,P-1,0.0,24.0,0.0
Oakley,,032560069,Residential Very Low,P-1,0.0,24.0,0.0
Oakley,,032560070,Residential Very Low,P-1,0.0,24.0,0.0
Oakley,,032560047,Residential Very Low,P-1,0.0,24.0,0.0
Oakley,,032560046,Residential Very Low,P-1,0.0,24.0,0.0
Oakley,,032560048,Residential Very Low,P-1,0.0,24.0,0.0
Oakley,,032560025,Residential Low,P-1,0.0,24.0,0.0
Oakley,,032560024,Residential Low,P-1,0.0,24.0,0.0
Oakley,,032560026,Residential Low,P-1,0.0,24.0,0.0
Oakley,,032560045,Residential Very Low,P-1,0.0,24.0,0.0
Oakley,,032560043,Residential Very Low,P-1,0.0,24.0,0.0
Oakley,,032560044,Residential Very Low,P-1,0.0,24.0,0.0
Oakley,,032560049,Residential Very Low,P-1,0.0,24.0,0.0
Oakley,,032560050,Residential Very Low,P-1,0.0,24.0,0.0
Oakley,,032560051,Residential Very Low,P-1,0.0,24.0,0.0
Oakley,,032560053,Residential Very Low,P-1,0.0,24.0,0.0
Oakley,,032560052,Residential Very Low,P-1,0.0,24.0,0.0
Oakley,,032560040,Residential Very Low,P-1,0.0,24.0,0.0
Oakley,,032560041,Residential Very Low,P-1,0.0,24.0,0.0
Oakley,,032560042,Residential Very Low,P-1,0.0,24.0,0.0
Oakley,,032560027,Residential Low,P-1,0.0,24.0,0.0
Oakley,,032560028,Residential Low,P-1,0.0,24.0,0.0
Oakley,,032560029,Residential Low,P-1,0.0,24.0,0.0
Oakley,,032560030,Residential Low,P-1,0.0,24.0,0.0
Oakley,,032560023,Residential Low,P-1,0.0,24.0,0.0
Oakley,,032560015,Residential Low,P-1,0.0,24.0,0.0
Oakley,,032560022,Residential Low,P-1,0.0,24.0,0.0
Oakley,,032560021,Residential Low,P-1,0.0,24.0,0.0
Oakley,,032560020,Residential Low,P-1,0.0,24.0,0.0
Oakley,,032560019,Residential Low,P-1,0.0,24.0,0.0
Oakley,,032560014,Residential Low,P-1,0.0,24.0,0.0
Oakley,,032640133,Residential Low/Medium,A-3,0.0,0.1,3.36
Oakley,,032640089,Residential Low/Medium,A-3,0.0,0.1,0.0
Oakley,,032640088,Residential Low/Medium,A-3,0.0,0.1,0.0
Oakley,,032640087,Residential Low/Medium,A-3,0.0,0.1,0.0
Oakley,,032640091,Residential Low/Medium,A-3,0.0,0.1,0.0
Oakley,,032640090,Residential Low/Medium,A-3,0.0,0.1,0.0
Oakley,,032640092,Residential Low/Medium,A-3,0.0,0.1,0.0
Oakley,,032640094,Residential Low/Medium,A-3,0.0,0.1,0.0
Oakley,,032640093,Residential Low/Medium,A-3,0.0,0.1,0.0
Oakley,,032640118,Residential Low/Medium,A-3,0.0,0.1,0.0
Oakley,,032640117,Residential Low/Medium,A-3,0.0,0.1,0.0
Oakley,,032640116,Residential Low/Medium,A-3,0.0,0.1,0.0
Oakley,,032640121,Residential Low/Medium,A-3,0.0,0.1,0.0
Oakley,,032640122,Residential Low/Medium,A-3,0.0,0.1,0.0
Oakley,,032640120,Residential Low/Medium,A-3,0.0,0.1,0.0
Oakley,,032640119,Residential Low/Medium,A-3,0.0,0.1,0.0
Oakley,,032640086,Residential Low/Medium,A-3,0.0,0.1,0.0
Oakley,,032640085,Residential Low/Medium,A-3,0.0,0.1,0.0
Oakley,,032640084,Residential Low/Medium,A-3,0.0,0.1,0.0
Oakley,,032640083,Residential Low/Medium,A-3,0.0,0.1,0.0
Oakley,,032640082,Residential Low/Medium,A-3,0.0,0.1,0.0
Oakley,,032640081,Residential Low/Medium,A-3,0.0,0.1,0.0
Oakley,,032640080,Residential Low/Medium,A-3,0.0,0.1,0.0
Oakley,,032640079,Residential Low/Medium,A-3,0.0,0.1,0.0
Oakley,,032640078,Residential Low/Medium,A-3,0.0,0.1,0.0
Oakley,,032640025,Residential Low/Medium,A-3,0.0,0.1,0.0
Oakley,,032640026,Residential Low/Medium,A-3,0.0,0.1,0.0
Oakley,,032640027,Residential Low/Medium,A-3,0.0,0.1,0.0
Oakley,,032640028,Residential Low/Medium,A-3,0.0,0.1,0.0
Oakley,,032640029,Residential Low/Medium,A-3,0.0,0.1,0.0
Oakley,,032640031,Residential Low/Medium,A-3,0.0,0.1,0.0
Oakley,,032640030,Residential Low/Medium,A-3,0.0,0.1,0.0
Oakley,,032640024,Residential Low/Medium,A-3,0.0,0.1,0.0
Oakley,,032640023,Residential Low/Medium,A-3,0.0,0.1,0.0
Oakley,,032640022,Residential Low/Medium,A-3,0.0,0.1,0.0
Oakley,,032640021,Residential Low/Medium,A-3,0.0,0.1,0.0
Oakley,,032640020,Residential Low/Medium,A-3,0.0,0.1,0.0
Oakley,,032640032,Residential Low/Medium,A-3,0.0,0.1,0.0
Oakley,,032640033,Residential Low/Medium,A-3,0.0,0.1,0.0
Oakley,,032640016,Residential Low/Medium,A-3,0.0,0.1,0.0
Oakley,,032640015,Residential Low/Medium,A-3,0.0,0.1,0.0
Oakley,,032640038,Residential Low/Medium,A-3,0.0,0.1,0.0
Oakley,,032640039,Residential Low/Medium,A-3,0.0,0.1,0.0
Oakley,,032640036,Residential Low/Medium,A-3,0.0,0.1,0.0
Oakley,,032640037,Residential Low/Medium,A-3,0.0,0.1,0.0
Oakley,,032640035,Residential Low/Medium,A-3,0.0,0.1,0.0
Oakley,,032640044,Residential Low/Medium,A-3,0.0,0.1,0.0
Oakley,,032640043,Residential Low/Medium,A-3,0.0,0.1,0.0
Oakley,,032640040,Residential Low/Medium,A-3,0.0,0.1,0.0
Oakley,,032640041,Residential Low/Medium,A-3,0.0,0.1,0.0
Oakley,,032640042,Residential Low/Medium,A-3,0.0,0.1,0.0
Oakley,,032640125,Residential Low/Medium,A-3,0.0,0.1,0.0
Oakley,,032640126,Residential Low/Medium,A-3,0.0,0.1,0.0
Oakley,,032640128,Residential Low/Medium,A-3,0.0,0.1,0.0
Oakley,,032640127,Residential Low/Medium,A-3,0.0,0.1,0.0
Oakley,,032640045,Residential Low/Medium,A-3,0.0,0.1,0.0
Oakley,,032640046,Residential Low/Medium,A-3,0.0,0.1,0.0
Oakley,,032640130,Residential Low/Medium,A-3,0.0,0.1,0.0
Oakley,,032640129,Residential Low/Medium,A-3,0.0,0.1,0.0
Oakley,,032640109,Residential Low/Medium,A-3,0.0,0.1,0.0
Oakley,,032640108,Residential Low/Medium,A-3,0.0,0.1,0.0
Oakley,,032640110,Residential Low/Medium,A-3,0.0,0.1,0.0
Oakley,,032640101,Residential Low/Medium,A-3,0.0,0.1,0.0
Oakley,,032640100,Residential Low/Medium,A-3,0.0,0.1,0.0
Oakley,,032640099,Residential Low/Medium,A-3,0.0,0.1,0.0
Oakley,,032640111,Residential Low/Medium,A-3,0.0,0.1,0.0
Oakley,,032640112,Residential Low/Medium,A-3,0.0,0.1,0.0
Oakley,,032640113,Residential Low/Medium,A-3,0.0,0.1,0.0
Oakley,,032640124,Residential Low/Medium,A-3,0.0,0.1,0.0
Oakley,,032640123,Residential Low/Medium,A-3,0.0,0.1,0.0
Oakley,,032640114,Residential Low/Medium,A-3,0.0,0.1,0.0
Oakley,,032640115,Residential Low/Medium,A-3,0.0,0.1,0.0
Oakley,,032640097,Residential Low/Medium,A-3,0.0,0.1,0.0
Oakley,,032640098,Residential Low/Medium,A-3,0.0,0.1,0.0
Oakley,,032640096,Residential Low/Medium,A-3,0.0,0.1,0.0
Oakley,,032640095,Residential Low/Medium,A-3,0.0,0.1,0.0
Oakley,,032640102,Residential Low/Medium,A-3,0.0,0.1,0.0
Oakley,,032640103,Residential Low/Medium,A-3,0.0,0.1,0.0
Oakley,,032640105,Residential Low/Medium,A-3,0.0,0.1,0.0
Oakley,,032640104,Residential Low/Medium,A-3,0.0,0.1,0.0
Oakley,,032650001,Residential Low/Medium,A-3,0.0,0.1,0.0
Oakley,,032650002,Residential Low/Medium,A-3,0.0,0.1,0.0
Oakley,,032650004,Residential Low/Medium,A-3,0.0,0.1,0.0
Oakley,,032650003,Residential Low/Medium,A-3,0.0,0.1,0.0
Oakley,,032650006,Residential Low/Medium,A-3,0.0,0.1,0.0
Oakley,,032650007,Residential Low/Medium,A-3,0.0,0.1,0.0
Oakley,,032650005,Residential Low/Medium,A-3,0.0,0.1,0.0
Oakley,,032650061,Residential Low/Medium,A-3,0.0,0.1,0.0
Oakley,,032650060,Residential Low/Medium,A-3,0.0,0.1,0.0
Oakley,,032650059,Residential Low/Medium,A-3,0.0,0.1,0.0
Oakley,,032650058,Residential Low/Medium,A-3,0.0,0.1,0.0
Oakley,,032650050,Residential Low/Medium,A-3,0.0,0.1,0.0
Oakley,,032650076,Residential Low/Medium,A-3,0.0,0.1,0.0
Oakley,,032650075,Residential Low/Medium,A-3,0.0,0.1,0.0
Oakley,,032650074,Residential Low/Medium,A-3,0.0,0.1,0.0
Oakley,,032650073,Residential Low/Medium,A-3,0.0,0.1,0.0
Oakley,,032650072,Residential Low/Medium,A-3,0.0,0.1,0.0
Oakley,,032650043,Residential Low/Medium,A-3,0.0,0.1,0.0
Oakley,,032650044,Residential Low/Medium,A-3,0.0,0.1,0.0
Oakley,,032650045,Residential Low/Medium,A-3,0.0,0.1,0.0
Oakley,,032650046,Residential Low/Medium,A-3,0.0,0.1,0.0
Oakley,,032650040,Residential Low/Medium,A-3,0.0,0.1,0.0
Oakley,,032650047,Residential Low/Medium,A-3,0.0,0.1,0.0
Oakley,,032650070,Residential Low/Medium,A-3,0.0,0.1,0.0
Oakley,,032650071,Residential Low/Medium,A-3,0.0,0.1,0.0
Oakley,,032650062,Residential Low/Medium,A-3,0.0,0.1,0.0
Oakley,,032650063,Residential Low/Medium,A-3,0.0,0.1,0.0
Oakley,,032650064,Residential Low/Medium,A-3,0.0,0.1,0.0
Oakley,,032650068,Residential Low/Medium,A-3,0.0,0.1,0.0
Oakley,,032650069,Residential Low/Medium,A-3,0.0,0.1,0.0
Oakley,,032650067,Residential Low/Medium,A-3,0.0,0.1,0.0
Oakley,,032650065,Residential Low/Medium,A-3,0.0,0.1,0.0
Oakley,,032640106,Residential Low/Medium,A-3,0.0,0.1,0.0
Oakley,,032640107,Residential Low/Medium,A-3,0.0,0.1,0.0
Oakley,,032640131,Residential Low/Medium,A-3,0.0,0.1,0.0
Oakley,,032640132,Residential Low/Medium,A-3,0.0,0.1,0.0
Oakley,,032650066,Residential Low/Medium,A-3,0.0,0.1,0.0
Oakley,,032640048,Residential Low/Medium,A-3,0.0,0.1,0.0
Oakley,,032640049,Residential Low/Medium,A-3,0.0,0.1,0.0
Oakley,,032640050,Residential Low/Medium,A-3,0.0,0.1,0.0
Oakley,,032640051,Residential Low/Medium,A-3,0.0,0.1,0.0
Oakley,,032640047,Residential Low/Medium,A-3,0.0,0.1,0.0
Oakley,,032640034,Residential Low/Medium,A-3,0.0,0.1,0.0
Oakley,,032640012,Residential Low/Medium,A-3,0.0,0.1,0.0
Oakley,,032640013,Residential Low/Medium,A-3,0.0,0.1,0.0
Oakley,,032640014,Residential Low/Medium,A-3,0.0,0.1,0.0
Oakley,,032640006,Residential Low/Medium,A-3,0.0,0.1,0.0
Oakley,,032640007,Residential Low/Medium,A-3,0.0,0.1,0.0
Oakley,,032640008,Residential Low/Medium,A-3,0.0,0.1,0.0
Oakley,,032640009,Residential Low/Medium,A-3,0.0,0.1,0.0
Oakley,,032640010,Residential Low/Medium,A-3,0.0,0.1,0.0
Oakley,,032640011,Residential Low/Medium,A-3,0.0,0.1,0.0
Oakley,,032640058,Residential Low/Medium,A-3,0.0,0.1,0.10008971887274513
Oakley,,032640057,Residential Low/Medium,A-3,0.0,0.1,0.08867989611812514
Oakley,,032640052,Residential Low/Medium,A-3,0.0,0.1,0.0
Oakley,,032640053,Residential Low/Medium,A-3,0.0,0.1,0.0
Oakley,,032650039,Residential Low/Medium,A-3,0.0,0.1,0.13252176955868733
Oakley,,032640054,Residential Low/Medium,A-3,0.0,0.1,0.11797591251633162
Oakley,,032640055,Residential Low/Medium,A-3,0.0,0.1,0.20239006320186245
Oakley,,032640056,Residential Low/Medium,A-3,0.0,0.1,0.1531044546096255
Oakley,,032650035,Residential Low/Medium,A-3,0.0,0.1,0.09873633044867364
Oakley,,032650036,Residential Low/Medium,A-3,0.0,0.1,0.09874323265807773
Oakley,,032650037,Residential Low/Medium,A-3,0.0,0.1,0.09875020553128569
Oakley,,032650038,Residential Low/Medium,A-3,0.0,0.1,0.09668987975683255
Oakley,,032650041,Residential Low/Medium,A-3,0.0,0.1,0.0
Oakley,,032650042,Residential Low/Medium,A-3,0.0,0.1,0.0
Oakley,,032650048,Residential Low/Medium,A-3,0.0,0.1,0.0
Oakley,,032650049,Residential Low/Medium,A-3,0.0,0.1,0.0
Oakley,,032650030,Residential Low/Medium,A-3,0.0,0.1,0.09870103337902546
Oakley,,032650031,Residential Low/Medium,A-3,0.0,0.1,0.09870815568445157
Oakley,,032650032,Residential Low/Medium,A-3,0.0,0.1,0.09871484077821506
Oakley,,032650033,Residential Low/Medium,A-3,0.0,0.1,0.09872174848667543
Oakley,,032650034,Residential Low/Medium,A-3,0.0,0.1,0.09872902034997753
Oakley,,032650025,Residential Low/Medium,A-3,0.0,0.1,0.09866640417517095
Oakley,,032650026,Residential Low/Medium,A-3,0.0,0.1,0.09867293445100658
Oakley,,032650027,Residential Low/Medium,A-3,0.0,0.1,0.09867998619878722
Oakley,,032650028,Residential Low/Medium,A-3,0.0,0.1,0.09868694709102119
Oakley,,032650029,Residential Low/Medium,A-3,0.0,0.1,0.09869399338649415
Oakley,,032650051,Residential Low/Medium,A-3,0.0,0.1,0.0
Oakley,,032650052,Residential Low/Medium,A-3,0.0,0.1,0.0
Oakley,,032650053,Residential Low/Medium,A-3,0.0,0.1,0.0
Oakley,,032650054,Residential Low/Medium,A-3,0.0,0.1,0.0
Oakley,,032650024,Residential Low/Medium,A-3,0.0,0.1,0.09865927023870916
Oakley,,032650014,Residential Low/Medium,A-3,0.0,0.1,0.0
Oakley,,032650015,Residential Low/Medium,A-3,0.0,0.1,0.0
Oakley,,032650020,Residential Low/Medium,A-3,0.0,0.1,0.0986414803138325
Oakley,,032650021,Residential Low/Medium,A-3,0.0,0.1,0.09864072728253048
Oakley,,032650022,Residential Low/Medium,A-3,0.0,0.1,0.09864471591817464
Oakley,,032650023,Residential Low/Medium,A-3,0.0,0.1,0.09865310383303125
Oakley,,032320809,Residential Low/Medium,A-3,0.0,0.1,9.4
Oakley,,032650019,Residential Low/Medium,A-3,0.0,0.1,0.13121275966818305
Oakley,,032650018,Residential Low/Medium,A-3,0.0,0.1,0.0
Oakley,,032650077,Residential Low/Medium,A-3,0.0,0.1,1.32
Oakley,,032650017,Residential Low/Medium,A-3,0.0,0.1,0.0
Oakley,,032650016,Residential Low/Medium,A-3,0.0,0.1,0.0
Oakley,,032650013,Residential Low/Medium,A-3,0.0,0.1,0.0
Oakley,,032650012,Residential Low/Medium,A-3,0.0,0.1,0.0
Oakley,,032650011,Residential Low/Medium,A-3,0.0,0.1,0.0
Oakley,,032650055,Residential Low/Medium,A-3,0.0,0.1,0.0
Oakley,,032650057,Residential Low/Medium,A-3,0.0,0.1,0.0
Oakley,,032650056,Residential Low/Medium,A-3,0.0,0.1,0.0
Oakley,,032650009,Residential Low/Medium,A-3,0.0,0.1,0.0
Oakley,,032650010,Residential Low/Medium,A-3,0.0,0.1,0.0
Oakley,,032650008,Residential Low/Medium,A-3,0.0,0.1,0.0
Oakley,,032081003,Delta Recreation,DR,0.0,0.0,1.387
Oakley,,032082005,SP-4,SP-1,0.0,17.0,94.68
Oakley,,032082018,SP-4,SP-1,0.0,17.0,55.85
Oakley,,032082017,SP-4,SP-1,0.0,17.0,20.04
Oakley,,032081015,Delta Recreation,DR,0.0,0.0,305.27
Oakley,,032081018,Delta Recreation,DR,0.0,0.0,446.386321719555
Oakley,,032320806,Delta Recreation,DR,0.0,0.0,446.386321719555
Oakley,,032320800,Delta Recreation,DR,0.0,0.0,446.386321719555
Oakley,,032270822,Delta Recreation,DR,0.0,0.0,446.386321719555
Oakley,,037191036,Delta Recreation,DR,0.0,0.0,425.97
Oakley,,037191038,Parks and Recreation,PR,0.0,0.0,42.0
Oakley,,032081017,Parks and Recreation,PR,0.0,0.0,13.69
Oakley,,037191028,Public and Semi-Public,P,0.0,0.0,44.7
Oakley,,037191033,Public and Semi-Public,P,0.0,0.0,222.0
Oakley,,037191026,Public and Semi-Public,P,0.0,0.0,11.36
Oakley,,037170026,Delta Recreation,DR,0.0,0.0,77.99
Oakley,,037170010,Public and Semi-Public,P,0.0,0.0,7.835
Oakley,,037170009,Public and Semi-Public,P,0.0,0.0,7.555
Oakley,,037430008,Residential Low/Medium,R-6,0.0,7.3,0.0
Oakley,,037430009,Residential Low/Medium,R-6,0.0,7.3,0.0
Oakley,,037430010,Residential Low/Medium,R-6,0.0,7.3,0.0
Oakley,,037430011,Residential Low/Medium,R-6,0.0,7.3,0.0
Oakley,,037430017,Residential Low/Medium,R-6,0.0,7.3,0.0
Oakley,,037430016,Residential Low/Medium,R-6,0.0,7.3,0.0
Oakley,,037430012,Residential Low/Medium,R-6,0.0,7.3,0.0
Oakley,,037430013,Residential Low/Medium,R-6,0.0,7.3,0.0
Oakley,,037460001,Residential Low/Medium,R-6,0.0,7.3,0.0
Oakley,,037430014,Residential Low/Medium,R-6,0.0,7.3,0.0
Oakley,,037430015,Residential Low/Medium,R-6,0.0,7.3,0.0
Oakley,,037460002,Residential Low/Medium,R-6,0.0,7.3,0.0
Oakley,,037460003,Residential Low/Medium,R-6,0.0,7.3,0.0
Oakley,,037460005,Residential Low/Medium,R-6,0.0,7.3,0.0
Oakley,,037460004,Residential Low/Medium,R-6,0.0,7.3,0.0
Oakley,,037460081,Residential Low/Medium,R-6,0.0,7.3,0.0
Oakley,,037460045,Residential Low/Medium,R-6,0.0,7.3,0.0
Oakley,,037460044,Residential Low/Medium,R-6,0.0,7.3,0.0
Oakley,,037460043,Residential Low/Medium,R-6,0.0,7.3,0.0
Oakley,,037460042,Residential Low/Medium,R-6,0.0,7.3,0.0
Oakley,,037460078,Residential Low/Medium,R-6,0.0,7.3,0.0
Oakley,,037460079,Residential Low/Medium,R-6,0.0,7.3,0.0
Oakley,,037460080,Residential Low/Medium,R-6,0.0,7.3,0.0
Oakley,,037430018,Residential Low/Medium,R-6,0.0,7.3,0.0
Oakley,,037430019,Residential Low/Medium,R-6,0.0,7.3,0.0
Oakley,,037430007,Residential Low/Medium,R-6,0.0,7.3,0.0
Oakley,,037430021,Residential Low/Medium,R-6,0.0,7.3,0.0
Oakley,,037430020,Residential Low/Medium,R-6,0.0,7.3,0.0
Oakley,,037430022,Residential Low/Medium,R-6,0.0,7.3,0.0
Oakley,,037460074,Residential Low/Medium,R-6,0.0,7.3,0.0
Oakley,,037460075,Residential Low/Medium,R-6,0.0,7.3,0.0
Oakley,,037460076,Residential Low/Medium,R-6,0.0,7.3,0.0
Oakley,,037460077,Residential Low/Medium,R-6,0.0,7.3,0.0
Oakley,,037460040,Residential Low/Medium,R-6,0.0,7.3,0.0
Oakley,,037460041,Residential Low/Medium,R-6,0.0,7.3,0.0
Oakley,,037460039,Residential Low/Medium,R-6,0.0,7.3,0.0
Oakley,,037460038,Residential Low/Medium,R-6,0.0,7.3,0.0
Oakley,,037460073,Residential Low/Medium,R-6,0.0,7.3,0.0
Oakley,,037460035,Residential Low/Medium,R-6,0.0,7.3,0.0
Oakley,,037460036,Residential Low/Medium,R-6,0.0,7.3,0.0
Oakley,,037382002,Residential Low/Medium,R-6,0.0,7.3,0.0
Oakley,,037382001,Residential Low/Medium,R-6,0.0,7.3,0.0
Oakley,,037430025,Residential Low/Medium,R-6,0.0,7.3,0.0
Oakley,,037430026,Residential Low/Medium,R-6,0.0,7.3,0.0
Oakley,,037381012,Residential Low/Medium,R-6,0.0,7.3,0.0
Oakley,,037430027,Residential Low/Medium,R-6,0.0,7.3,0.0
Oakley,,037430024,Residential Low/Medium,R-6,0.0,7.3,0.0
Oakley,,037430023,Residential Low/Medium,R-6,0.0,7.3,0.0
Oakley,,037430003,Residential Low/Medium,R-6,0.0,7.3,0.0
Oakley,,037430004,Residential Low/Medium,R-6,0.0,7.3,0.0
Oakley,,037430005,Residential Low/Medium,R-6,0.0,7.3,0.0
Oakley,,037430006,Residential Low/Medium,R-6,0.0,7.3,0.0
Oakley,,037430030,Residential Low/Medium,R-6,0.0,7.3,0.15
Oakley,,037430002,Residential Low/Medium,R-6,0.0,7.3,0.0
Oakley,,037430001,Residential Low/Medium,R-6,0.0,7.3,0.0
Oakley,,037420020,Residential Low/Medium,R-6,0.0,7.3,0.0
Oakley,,037420019,Residential Low/Medium,R-6,0.0,7.3,0.0
Oakley,,037420036,Delta Recreation,DR,0.0,0.0,4.14
Oakley,,037420010,Residential Low/Medium,R-6,0.0,7.3,0.0
Oakley,,037420008,Residential Low/Medium,R-6,0.0,7.3,0.0
Oakley,,037420006,Residential Low/Medium,R-6,0.0,7.3,0.0
Oakley,,037420007,Residential Low/Medium,R-6,0.0,7.3,0.0
Oakley,,037344008,Residential Low/Medium,R-6,0.0,7.3,0.0
Oakley,,037343018,Residential Low/Medium,R-6,0.0,7.3,0.0
Oakley,,037344009,Residential Low/Medium,R-6,0.0,7.3,0.0
Oakley,,037344004,Residential Low/Medium,R-6,0.0,7.3,0.0
Oakley,,037344005,Residential Low/Medium,R-6,0.0,7.3,0.0
Oakley,,037344003,Residential Low/Medium,R-6,0.0,7.3,0.0
Oakley,,037420005,Residential Low/Medium,R-6,0.0,7.3,0.0
Oakley,,037420004,Residential Low/Medium,R-6,0.0,7.3,0.0
Oakley,,037420033,Residential Low/Medium,R-6,0.0,7.3,0.0
Oakley,,037420003,Residential Low/Medium,R-6,0.0,7.3,0.0
Oakley,,037420001,Residential Low/Medium,R-6,0.0,7.3,0.0
Oakley,,037420002,Residential Low/Medium,R-6,0.0,7.3,0.0
Oakley,,037344006,Residential Low/Medium,R-6,0.0,7.3,0.0
Oakley,,037344007,Residential Low/Medium,R-6,0.0,7.3,0.0
Oakley,,037351010,Residential Low/Medium,R-6,0.0,7.3,0.0
Oakley,,037351009,Residential Low/Medium,R-6,0.0,7.3,0.0
Oakley,,037351011,Residential Low/Medium,R-6,0.0,7.3,0.0
Oakley,,037351012,Residential Low/Medium,R-6,0.0,7.3,0.0
Oakley,,037351013,Residential Low/Medium,R-6,0.0,7.3,0.0
Oakley,,037361001,Residential Low/Medium,R-6,0.0,7.3,0.0
Oakley,,037420035,Residential Low/Medium,R-6,0.0,7.3,0.0
Oakley,,037420034,Residential Low/Medium,R-6,0.0,7.3,0.0
Oakley,,037420032,Residential Low/Medium,R-6,0.0,7.3,0.0
Oakley,,037420031,Residential Low/Medium,R-6,0.0,7.3,0.0
Oakley,,037371003,Residential Low/Medium,R-6,0.0,7.3,0.0
Oakley,,037371002,Residential Low/Medium,R-6,0.0,7.3,0.0
Oakley,,037371001,Residential Low/Medium,R-6,0.0,7.3,0.0
Oakley,,037371004,Residential Low/Medium,R-6,0.0,7.3,0.0
Oakley,,037381001,Residential Low/Medium,R-6,0.0,7.3,0.0
Oakley,,037371005,Residential Low/Medium,R-6,0.0,7.3,0.0
Oakley,,037420027,Residential Low/Medium,R-6,0.0,7.3,0.0
Oakley,,037420028,Residential Low/Medium,R-6,0.0,7.3,0.0
Oakley,,037420029,Residential Low/Medium,R-6,0.0,7.3,0.0
Oakley,,037420030,Residential Low/Medium,R-6,0.0,7.3,0.0
Oakley,,037420009,Residential Low/Medium,R-6,0.0,7.3,0.0
Oakley,,037420011,Residential Low/Medium,R-6,0.0,7.3,0.0
Oakley,,037420012,Residential Low/Medium,R-6,0.0,7.3,0.0
Oakley,,037420013,Residential Low/Medium,R-6,0.0,7.3,0.0
Oakley,,037420014,Residential Low/Medium,R-6,0.0,7.3,0.0
Oakley,,037420015,Residential Low/Medium,R-6,0.0,7.3,0.0
Oakley,,037420016,Residential Low/Medium,R-6,0.0,7.3,0.0
Oakley,,037420017,Residential Low/Medium,R-6,0.0,7.3,0.0
Oakley,,037420018,Residential Low/Medium,R-6,0.0,7.3,0.0
Oakley,,037420023,Residential Low/Medium,R-6,0.0,7.3,0.0
Oakley,,037420024,Residential Low/Medium,R-6,0.0,7.3,0.0
Oakley,,037420025,Residential Low/Medium,R-6,0.0,7.3,0.0
Oakley,,037420026,Residential Low/Medium,R-6,0.0,7.3,0.0
Oakley,,037381004,Residential Low/Medium,R-6,0.0,7.3,0.0
Oakley,,037381003,Residential Low/Medium,R-6,0.0,7.3,0.0
Oakley,,037381002,Residential Low/Medium,R-6,0.0,7.3,0.0
Oakley,,037383004,Residential Low/Medium,R-6,0.0,7.3,0.0
Oakley,,037383005,Residential Low/Medium,R-6,0.0,7.3,0.0
Oakley,,037381005,Residential Low/Medium,R-6,0.0,7.3,0.0
Oakley,,037383006,Residential Low/Medium,R-6,0.0,7.3,0.0
Oakley,,037383007,Residential Low/Medium,R-6,0.0,7.3,0.0
Oakley,,037381007,Residential Low/Medium,R-6,0.0,7.3,0.0
Oakley,,037381006,Residential Low/Medium,R-6,0.0,7.3,0.0
Oakley,,037420022,Residential Low/Medium,R-6,0.0,7.3,0.0
Oakley,,037420021,Residential Low/Medium,R-6,0.0,7.3,0.0
Oakley,,037430029,Residential Low/Medium,R-6,0.0,7.3,0.0
Oakley,,037430028,Residential Low/Medium,R-6,0.0,7.3,0.0
Oakley,,037381009,Residential Low/Medium,R-6,0.0,7.3,0.0
Oakley,,037381010,Residential Low/Medium,R-6,0.0,7.3,0.0
Oakley,,037381011,Residential Low/Medium,R-6,0.0,7.3,0.0
Oakley,,037381008,Residential Low/Medium,R-6,0.0,7.3,0.0
Oakley,,037382021,Residential Low/Medium,R-6,0.0,7.3,0.0
Oakley,,037382020,Residential Low/Medium,R-6,0.0,7.3,0.0
Oakley,,037382019,Residential Low/Medium,R-6,0.0,7.3,0.0
Oakley,,037382017,Residential Low/Medium,R-6,0.0,7.3,0.0
Oakley,,037382018,Residential Low/Medium,R-6,0.0,7.3,0.0
Oakley,,037382022,Residential Low/Medium,R-6,0.0,7.3,0.0
Oakley,,037382023,Residential Low/Medium,R-6,0.0,7.3,0.0
Oakley,,037382024,Residential Low/Medium,R-6,0.0,7.3,0.0
Oakley,,037382026,Residential Low/Medium,R-6,0.0,7.3,0.0
Oakley,,037382025,Residential Low/Medium,R-6,0.0,7.3,0.0
Oakley,,037383011,Residential Low/Medium,R-6,0.0,7.3,0.0
Oakley,,037383010,Residential Low/Medium,R-6,0.0,7.3,0.0
Oakley,,037383009,Residential Low/Medium,R-6,0.0,7.3,0.0
Oakley,,037383008,Residential Low/Medium,R-6,0.0,7.3,0.0
Oakley,,037383033,Residential Low/Medium,R-6,0.0,7.3,0.0
Oakley,,037383003,Residential Low/Medium,R-6,0.0,7.3,0.0
Oakley,,037383034,Residential Low/Medium,R-6,0.0,7.3,0.0
Oakley,,037383031,Residential Low/Medium,R-6,0.0,7.3,0.0
Oakley,,037383029,Residential Low/Medium,R-6,0.0,7.3,0.0
Oakley,,037383030,Residential Low/Medium,R-6,0.0,7.3,0.0
Oakley,,037383032,Residential Low/Medium,R-6,0.0,7.3,0.0
Oakley,,037383012,Residential Low/Medium,R-6,0.0,7.3,0.0
Oakley,,037383013,Residential Low/Medium,R-6,0.0,7.3,0.0
Oakley,,037383015,Residential Low/Medium,R-6,0.0,7.3,0.0
Oakley,,037383016,Residential Low/Medium,R-6,0.0,7.3,0.0
Oakley,,037383017,Residential Low/Medium,R-6,0.0,7.3,0.0
Oakley,,037382039,Residential Low/Medium,R-6,0.0,7.3,0.0
Oakley,,037382040,Residential Low/Medium,R-6,0.0,7.3,0.0
Oakley,,037382041,Residential Low/Medium,R-6,0.0,7.3,0.0
Oakley,,037383021,Residential Low/Medium,R-6,0.0,7.3,0.0
Oakley,,037383024,Residential Low/Medium,R-6,0.0,7.3,0.0
Oakley,,037383020,Residential Low/Medium,R-6,0.0,7.3,0.0
Oakley,,037383019,Residential Low/Medium,R-6,0.0,7.3,0.0
Oakley,,037383018,Residential Low/Medium,R-6,0.0,7.3,0.0
Oakley,,037383026,Residential Low/Medium,R-6,0.0,7.3,0.0
Oakley,,037383025,Residential Low/Medium,R-6,0.0,7.3,0.0
Oakley,,037372004,Residential Low/Medium,R-6,0.0,7.3,0.0
Oakley,,037372005,Residential Low/Medium,R-6,0.0,7.3,0.0
Oakley,,037372006,Residential Low/Medium,R-6,0.0,7.3,0.0
Oakley,,037372007,Residential Low/Medium,R-6,0.0,7.3,0.0
Oakley,,037383027,Residential Low/Medium,R-6,0.0,7.3,0.0
Oakley,,037383028,Residential Low/Medium,R-6,0.0,7.3,0.0
Oakley,,037383037,Residential Low/Medium,R-6,0.0,7.3,0.0
Oakley,,037383036,Residential Low/Medium,R-6,0.0,7.3,0.0
Oakley,,037383035,Residential Low/Medium,R-6,0.0,7.3,0.0
Oakley,,037383002,Residential Low/Medium,R-6,0.0,7.3,0.0
Oakley,,037383001,Residential Low/Medium,R-6,0.0,7.3,0.0
Oakley,,037372009,Residential Low/Medium,R-6,0.0,7.3,0.0
Oakley,,037372010,Residential Low/Medium,R-6,0.0,7.3,0.0
Oakley,,037361003,Residential Low/Medium,R-6,0.0,7.3,0.0
Oakley,,037361002,Residential Low/Medium,R-6,0.0,7.3,0.0
Oakley,,037361004,Residential Low/Medium,R-6,0.0,7.3,0.0
Oakley,,037372008,Residential Low/Medium,R-6,0.0,7.3,0.0
Oakley,,037361005,Residential Low/Medium,R-6,0.0,7.3,0.0
Oakley,,037361006,Residential Low/Medium,R-6,0.0,7.3,0.0
Oakley,,037362001,Residential Low/Medium,R-6,0.0,7.3,0.0
Oakley,,037352001,Residential Low/Medium,R-6,0.0,7.3,0.0
Oakley,,037352002,Residential Low/Medium,R-6,0.0,7.3,0.0
Oakley,,037352009,Residential Low/Medium,R-6,0.0,7.3,0.0
Oakley,,037352003,Residential Low/Medium,R-6,0.0,7.3,0.0
Oakley,,037352004,Residential Low/Medium,R-6,0.0,7.3,0.0
Oakley,,037362002,Residential Low/Medium,R-6,0.0,7.3,0.0
Oakley,,037362003,Residential Low/Medium,R-6,0.0,7.3,0.0
Oakley,,037361007,Residential Low/Medium,R-6,0.0,7.3,0.0
Oakley,,037362005,Residential Low/Medium,R-6,0.0,7.3,0.0
Oakley,,037362004,Residential Low/Medium,R-6,0.0,7.3,0.0
Oakley,,037352022,Residential Low/Medium,R-6,0.0,7.3,0.0
Oakley,,037362006,Residential Low/Medium,R-6,0.0,7.3,0.0
Oakley,,037362007,Residential Low/Medium,R-6,0.0,7.3,0.0
Oakley,,037363003,Residential Low/Medium,R-6,0.0,7.3,0.0
Oakley,,037363002,Residential Low/Medium,R-6,0.0,7.3,0.0
Oakley,,037363001,Residential Low/Medium,R-6,0.0,7.3,0.0
Oakley,,037361011,Residential Low/Medium,R-6,0.0,7.3,0.0
Oakley,,037361012,Residential Low/Medium,R-6,0.0,7.3,0.0
Oakley,,037361013,Residential Low/Medium,R-6,0.0,7.3,0.0
Oakley,,037382046,Residential Low/Medium,R-6,0.0,7.3,0.0
Oakley,,037372001,Residential Low/Medium,R-6,0.0,7.3,0.0
Oakley,,037361010,Residential Low/Medium,R-6,0.0,7.3,0.0
Oakley,,037361009,Residential Low/Medium,R-6,0.0,7.3,0.0
Oakley,,037361008,Residential Low/Medium,R-6,0.0,7.3,0.0
Oakley,,037372003,Residential Low/Medium,R-6,0.0,7.3,0.0
Oakley,,037372002,Residential Low/Medium,R-6,0.0,7.3,0.0
Oakley,,037383022,Residential Low/Medium,R-6,0.0,7.3,0.0
Oakley,,037383023,Residential Low/Medium,R-6,0.0,7.3,0.0
Oakley,,037382043,Residential Low/Medium,R-6,0.0,7.3,0.0
Oakley,,037382042,Residential Low/Medium,R-6,0.0,7.3,0.0
Oakley,,037382044,Residential Low/Medium,R-6,0.0,7.3,0.0
Oakley,,037382045,Residential Low/Medium,R-6,0.0,7.3,0.0
Oakley,,037382047,Residential Low/Medium,R-6,0.0,7.3,0.0
Oakley,,037364001,Residential Low/Medium,R-6,0.0,7.3,0.0
Oakley,,037364002,Residential Low/Medium,R-6,0.0,7.3,0.0
Oakley,,037364003,Residential Low/Medium,R-6,0.0,7.3,0.0
Oakley,,037364004,Residential Low/Medium,R-6,0.0,7.3,0.0
Oakley,,037363010,Residential Low/Medium,R-6,0.0,7.3,0.0
Oakley,,037363009,Residential Low/Medium,R-6,0.0,7.3,0.0
Oakley,,037363008,Residential Low/Medium,R-6,0.0,7.3,0.0
Oakley,,037364007,Residential Low/Medium,R-6,0.0,7.3,0.0
Oakley,,037364006,Residential Low/Medium,R-6,0.0,7.3,0.0
Oakley,,037364005,Residential Low/Medium,R-6,0.0,7.3,0.0
Oakley,,037364013,Residential Low/Medium,R-6,0.0,7.3,0.0
Oakley,,037200007,Commercial Downtown,SP-4,0.0,24.0,2.845
Oakley,,037321032,Residential Low/Medium,R-6,0.0,7.3,0.0
Oakley,,037364009,Residential Low/Medium,R-6,0.0,7.3,0.0
Oakley,,037364008,Residential Low/Medium,R-6,0.0,7.3,0.0
Oakley,,037363007,Residential Low/Medium,R-6,0.0,7.3,0.0
Oakley,,037364011,Residential Low/Medium,R-6,0.0,7.3,0.0
Oakley,,037364010,Residential Low/Medium,R-6,0.0,7.3,0.0
Oakley,,037364012,Residential Low/Medium,R-6,0.0,7.3,0.0
Oakley,,037321034,Residential Low/Medium,R-6,0.0,7.3,0.0
Oakley,,037321033,Residential Low/Medium,R-6,0.0,7.3,0.0
Oakley,,037321035,Residential Low/Medium,R-6,0.0,7.3,0.0
Oakley,,037321037,Residential Low/Medium,R-6,0.0,7.3,0.0
Oakley,,037321038,Residential Low/Medium,R-6,0.0,7.3,0.0
Oakley,,037321039,Residential Low/Medium,R-6,0.0,7.3,0.0
Oakley,,037321040,Residential Low/Medium,R-6,0.0,7.3,0.0
Oakley,,037321041,Residential Low/Medium,R-6,0.0,7.3,0.0
Oakley,,037354004,Residential Low/Medium,R-6,0.0,7.3,0.0
Oakley,,037354005,Residential Low/Medium,R-6,0.0,7.3,0.0
Oakley,,037354006,Residential Low/Medium,R-6,0.0,7.3,0.0
Oakley,,037353014,Residential Low/Medium,R-6,0.0,7.3,0.0
Oakley,,037353015,Residential Low/Medium,R-6,0.0,7.3,0.0
Oakley,,037353016,Residential Low/Medium,R-6,0.0,7.3,0.0
Oakley,,037353017,Residential Low/Medium,R-6,0.0,7.3,0.0
Oakley,,037354003,Residential Low/Medium,R-6,0.0,7.3,0.0
Oakley,,037354002,Residential Low/Medium,R-6,0.0,7.3,0.0
Oakley,,037354001,Residential Low/Medium,R-6,0.0,7.3,0.0
Oakley,,037353018,Residential Low/Medium,R-6,0.0,7.3,0.0
Oakley,,037353019,Residential Low/Medium,R-6,0.0,7.3,0.0
Oakley,,037363005,Residential Low/Medium,R-6,0.0,7.3,0.0
Oakley,,037363006,Residential Low/Medium,R-6,0.0,7.3,0.0
Oakley,,037363004,Residential Low/Medium,R-6,0.0,7.3,0.0
Oakley,,037353001,Residential Low/Medium,R-6,0.0,7.3,0.0
Oakley,,037353003,Residential Low/Medium,R-6,0.0,7.3,0.0
Oakley,,037353002,Residential Low/Medium,R-6,0.0,7.3,0.0
Oakley,,037353004,Residential Low/Medium,R-6,0.0,7.3,0.0
Oakley,,037353006,Residential Low/Medium,R-6,0.0,7.3,0.0
Oakley,,037353005,Residential Low/Medium,R-6,0.0,7.3,0.0
Oakley,,037352018,Residential Low/Medium,R-6,0.0,7.3,0.0
Oakley,,037352019,Residential Low/Medium,R-6,0.0,7.3,0.0
Oakley,,037352020,Residential Low/Medium,R-6,0.0,7.3,0.0
Oakley,,037352021,Residential Low/Medium,R-6,0.0,7.3,0.0
Oakley,,037352005,Residential Low/Medium,R-6,0.0,7.3,0.0
Oakley,,037352006,Residential Low/Medium,R-6,0.0,7.3,0.0
Oakley,,037352007,Residential Low/Medium,R-6,0.0,7.3,0.0
Oakley,,037352010,Residential Low/Medium,R-6,0.0,7.3,0.0
Oakley,,037352011,Residential Low/Medium,R-6,0.0,7.3,0.0
Oakley,,037352008,Residential Low/Medium,R-6,0.0,7.3,0.0
Oakley,,037352014,Residential Low/Medium,R-6,0.0,7.3,0.0
Oakley,,037352016,Residential Low/Medium,R-6,0.0,7.3,0.0
Oakley,,037352017,Residential Low/Medium,R-6,0.0,7.3,0.0
Oakley,,037353007,Residential Low/Medium,R-6,0.0,7.3,0.0
Oakley,,037353010,Residential Low/Medium,R-6,0.0,7.3,0.0
Oakley,,037353008,Residential Low/Medium,R-6,0.0,7.3,0.0
Oakley,,037352015,Residential Low/Medium,R-6,0.0,7.3,0.0
Oakley,,037353009,Residential Low/Medium,R-6,0.0,7.3,0.0
Oakley,,037354016,Residential Low/Medium,R-6,0.0,7.3,0.0
Oakley,,037354015,Residential Low/Medium,R-6,0.0,7.3,0.0
Oakley,,037354014,Residential Low/Medium,R-6,0.0,7.3,0.0
Oakley,,037354013,Residential Low/Medium,R-6,0.0,7.3,0.0
Oakley,,037354010,Residential Low/Medium,R-6,0.0,7.3,0.0
Oakley,,037354009,Residential Low/Medium,R-6,0.0,7.3,0.0
Oakley,,037353011,Residential Low/Medium,R-6,0.0,7.3,0.0
Oakley,,037353012,Residential Low/Medium,R-6,0.0,7.3,0.0
Oakley,,037353013,Residential Low/Medium,R-6,0.0,7.3,0.0
Oakley,,037354007,Residential Low/Medium,R-6,0.0,7.3,0.0
Oakley,,037354008,Residential Low/Medium,R-6,0.0,7.3,0.0
Oakley,,037313002,Residential Low/Medium,R-6,0.0,7.3,0.0
Oakley,,037321042,Residential Low/Medium,R-6,0.0,7.3,0.0
Oakley,,037313003,Residential Low/Medium,R-6,0.0,7.3,0.0
Oakley,,037313004,Residential Low/Medium,R-6,0.0,7.3,0.0
Oakley,,037313005,Residential Low/Medium,R-6,0.0,7.3,0.0
Oakley,,037312005,Residential Low/Medium,R-6,0.0,7.3,0.0
Oakley,,037354011,Residential Low/Medium,R-6,0.0,7.3,0.0
Oakley,,037354012,Residential Low/Medium,R-6,0.0,7.3,0.0
Oakley,,037312004,Residential Low/Medium,R-6,0.0,7.3,0.0
Oakley,,037312003,Residential Low/Medium,R-6,0.0,7.3,0.0
Oakley,,037331003,Residential Low/Medium,R-6,0.0,7.3,0.0
Oakley,,037341011,Residential Low/Medium,R-6,0.0,7.3,0.0
Oakley,,037341010,Residential Low/Medium,R-6,0.0,7.3,0.0
Oakley,,037341009,Residential Low/Medium,R-6,0.0,7.3,0.0
Oakley,,037341008,Residential Low/Medium,R-6,0.0,7.3,0.0
Oakley,,037341006,Residential Low/Medium,R-6,0.0,7.3,0.0
Oakley,,037341007,Residential Low/Medium,R-6,0.0,7.3,0.0
Oakley,,037341003,Residential Low/Medium,R-6,0.0,7.3,0.0
Oakley,,037341004,Residential Low/Medium,R-6,0.0,7.3,0.0
Oakley,,037341005,Residential Low/Medium,R-6,0.0,7.3,0.0
Oakley,,037342007,Residential Low/Medium,R-6,0.0,7.3,0.0
Oakley,,037341002,Residential Low/Medium,R-6,0.0,7.3,0.0
Oakley,,037342008,Residential Low/Medium,R-6,0.0,7.3,0.0
Oakley,,037342009,Residential Low/Medium,R-6,0.0,7.3,0.0
Oakley,,037342010,Residential Low/Medium,R-6,0.0,7.3,0.0
Oakley,,037342011,Residential Low/Medium,R-6,0.0,7.3,0.0
Oakley,,037342006,Residential Low/Medium,R-6,0.0,7.3,0.0
Oakley,,037342012,Residential Low/Medium,R-6,0.0,7.3,0.0
Oakley,,037342020,Residential Low/Medium,R-6,0.0,7.3,0.0
Oakley,,037342019,Residential Low/Medium,R-6,0.0,7.3,0.0
Oakley,,037342018,Residential Low/Medium,R-6,0.0,7.3,0.0
Oakley,,037342016,Residential Low/Medium,R-6,0.0,7.3,0.0
Oakley,,037342015,Residential Low/Medium,R-6,0.0,7.3,0.0
Oakley,,037342013,Residential Low/Medium,R-6,0.0,7.3,0.0
Oakley,,037342014,Residential Low/Medium,R-6,0.0,7.3,0.0
Oakley,,037342005,Residential Low/Medium,R-6,0.0,7.3,0.0
Oakley,,037342027,Residential Low/Medium,R-6,0.0,7.3,0.0
Oakley,,037342028,Residential Low/Medium,R-6,0.0,7.3,0.0
Oakley,,037342002,Residential Low/Medium,R-6,0.0,7.3,0.0
Oakley,,037342001,Residential Low/Medium,R-6,0.0,7.3,0.0
Oakley,,037354017,Residential Low/Medium,R-6,0.0,7.3,0.0
Oakley,,037351001,Residential Low/Medium,R-6,0.0,7.3,0.0
Oakley,,037351002,Residential Low/Medium,R-6,0.0,7.3,0.0
Oakley,,037342017,Residential Low/Medium,R-6,0.0,7.3,0.0
Oakley,,037342025,Residential Low/Medium,R-6,0.0,7.3,0.0
Oakley,,037342026,Residential Low/Medium,R-6,0.0,7.3,0.0
Oakley,,037351005,Residential Low/Medium,R-6,0.0,7.3,0.0
Oakley,,037351004,Residential Low/Medium,R-6,0.0,7.3,0.0
Oakley,,037351003,Residential Low/Medium,R-6,0.0,7.3,0.0
Oakley,,037352013,Residential Low/Medium,R-6,0.0,7.3,0.0
Oakley,,037351006,Residential Low/Medium,R-6,0.0,7.3,0.0
Oakley,,037352012,Residential Low/Medium,R-6,0.0,7.3,0.0
Oakley,,037351008,Residential Low/Medium,R-6,0.0,7.3,0.0
Oakley,,037351007,Residential Low/Medium,R-6,0.0,7.3,0.0
Oakley,,037343011,Residential Low/Medium,R-6,0.0,7.3,0.0
Oakley,,037343012,Residential Low/Medium,R-6,0.0,7.3,0.0
Oakley,,037343009,Residential Low/Medium,R-6,0.0,7.3,0.0
Oakley,,037343010,Residential Low/Medium,R-6,0.0,7.3,0.0
Oakley,,037343008,Residential Low/Medium,R-6,0.0,7.3,0.0
Oakley,,037343013,Residential Low/Medium,R-6,0.0,7.3,0.0
Oakley,,037343014,Residential Low/Medium,R-6,0.0,7.3,0.0
Oakley,,037343015,Residential Low/Medium,R-6,0.0,7.3,0.0
Oakley,,037343016,Residential Low/Medium,R-6,0.0,7.3,0.0
Oakley,,037343005,Residential Low/Medium,R-6,0.0,7.3,0.0
Oakley,,037343017,Residential Low/Medium,R-6,0.0,7.3,0.0
Oakley,,037343022,Residential Low/Medium,R-6,0.0,7.3,0.0
Oakley,,037343021,Residential Low/Medium,R-6,0.0,7.3,0.0
Oakley,,037343020,Residential Low/Medium,R-6,0.0,7.3,0.0
Oakley,,037343019,Residential Low/Medium,R-6,0.0,7.3,0.0
Oakley,,037343006,Residential Low/Medium,R-6,0.0,7.3,0.0
Oakley,,037343007,Residential Low/Medium,R-6,0.0,7.3,0.0
Oakley,,037342024,Residential Low/Medium,R-6,0.0,7.3,0.0
Oakley,,037342022,Residential Low/Medium,R-6,0.0,7.3,0.0
Oakley,,037342023,Residential Low/Medium,R-6,0.0,7.3,0.0
Oakley,,037342021,Residential Low/Medium,R-6,0.0,7.3,0.0
Oakley,,037341001,Residential Low/Medium,R-6,0.0,7.3,0.0
Oakley,,037170017,Public and Semi-Public,P,0.0,0.0,10.03
Oakley,,037331004,Residential Low/Medium,R-6,0.0,7.3,0.0
Oakley,,037331005,Residential Low/Medium,R-6,0.0,7.3,0.0
Oakley,,037331006,Residential Low/Medium,R-6,0.0,7.3,0.0
Oakley,,037331007,Residential Low/Medium,R-6,0.0,7.3,0.0
Oakley,,037331008,Residential Low/Medium,R-6,0.0,7.3,0.0
Oakley,,037331009,Residential Low/Medium,R-6,0.0,7.3,0.0
Oakley,,037333030,Residential Low/Medium,R-6,0.0,7.3,0.0
Oakley,,037333031,Residential Low/Medium,R-6,0.0,7.3,0.0
Oakley,,037333015,Residential Low/Medium,R-6,0.0,7.3,0.0
Oakley,,037333016,Residential Low/Medium,R-6,0.0,7.3,0.0
Oakley,,037333032,Residential Low/Medium,R-6,0.0,7.3,0.0
Oakley,,037333033,Residential Low/Medium,R-6,0.0,7.3,0.0
Oakley,,037333017,Residential Low/Medium,R-6,0.0,7.3,0.0
Oakley,,037333014,Residential Low/Medium,R-6,0.0,7.3,0.0
Oakley,,037333012,Residential Low/Medium,R-6,0.0,7.3,0.0
Oakley,,037333013,Residential Low/Medium,R-6,0.0,7.3,0.0
Oakley,,037170016,Delta Recreation,DR,0.0,0.0,13.86
Oakley,,037302026,Residential Low/Medium,R-6,0.0,7.3,0.0
Oakley,,037332014,Residential Low/Medium,R-6,0.0,7.3,0.0
Oakley,,037332013,Residential Low/Medium,R-6,0.0,7.3,0.0
Oakley,,037332015,Residential Low/Medium,R-6,0.0,7.3,0.0
Oakley,,037332016,Residential Low/Medium,R-6,0.0,7.3,0.0
Oakley,,037333001,Residential Low/Medium,R-6,0.0,7.3,0.0
Oakley,,037333002,Residential Low/Medium,R-6,0.0,7.3,0.0
Oakley,,037333003,Residential Low/Medium,R-6,0.0,7.3,0.0
Oakley,,037333019,Residential Low/Medium,R-6,0.0,7.3,0.0
Oakley,,037333020,Residential Low/Medium,R-6,0.0,7.3,0.0
Oakley,,037333021,Residential Low/Medium,R-6,0.0,7.3,0.0
Oakley,,037333022,Residential Low/Medium,R-6,0.0,7.3,0.0
Oakley,,037333004,Residential Low/Medium,R-6,0.0,7.3,0.0
Oakley,,037333005,Residential Low/Medium,R-6,0.0,7.3,0.0
Oakley,,037333006,Residential Low/Medium,R-6,0.0,7.3,0.0
Oakley,,037333010,Residential Low/Medium,R-6,0.0,7.3,0.0
Oakley,,037333011,Residential Low/Medium,R-6,0.0,7.3,0.0
Oakley,,037333028,Residential Low/Medium,R-6,0.0,7.3,0.0
Oakley,,037333029,Residential Low/Medium,R-6,0.0,7.3,0.0
Oakley,,037333027,Residential Low/Medium,R-6,0.0,7.3,0.0
Oakley,,037333025,Residential Low/Medium,R-6,0.0,7.3,0.0
Oakley,,037333026,Residential Low/Medium,R-6,0.0,7.3,0.0
Oakley,,037333009,Residential Low/Medium,R-6,0.0,7.3,0.0
Oakley,,037333008,Residential Low/Medium,R-6,0.0,7.3,0.0
Oakley,,037333007,Residential Low/Medium,R-6,0.0,7.3,0.0
Oakley,,037333023,Residential Low/Medium,R-6,0.0,7.3,0.0
Oakley,,037333024,Residential Low/Medium,R-6,0.0,7.3,0.0
Oakley,,037331021,Residential Low/Medium,R-6,0.0,7.3,0.0
Oakley,,037331020,Residential Low/Medium,R-6,0.0,7.3,0.0
Oakley,,037331019,Residential Low/Medium,R-6,0.0,7.3,0.0
Oakley,,037331015,Residential Low/Medium,R-6,0.0,7.3,0.0
Oakley,,037331014,Residential Low/Medium,R-6,0.0,7.3,0.0
Oakley,,037331017,Residential Low/Medium,R-6,0.0,7.3,0.0
Oakley,,037331018,Residential Low/Medium,R-6,0.0,7.3,0.0
Oakley,,037331016,Residential Low/Medium,R-6,0.0,7.3,0.0
Oakley,,037331010,Residential Low/Medium,R-6,0.0,7.3,0.0
Oakley,,037331012,Residential Low/Medium,R-6,0.0,7.3,0.0
Oakley,,037331013,Residential Low/Medium,R-6,0.0,7.3,0.0
Oakley,,037331028,Residential Low/Medium,R-6,0.0,7.3,0.0
Oakley,,037331011,Residential Low/Medium,R-6,0.0,7.3,0.0
Oakley,,037331030,Residential Low/Medium,R-6,0.0,7.3,0.0
Oakley,,037331029,Residential Low/Medium,R-6,0.0,7.3,0.0
Oakley,,037331027,Residential Low/Medium,R-6,0.0,7.3,0.0
Oakley,,037331033,Residential Low/Medium,R-6,0.0,7.3,0.0
Oakley,,037331032,Residential Low/Medium,R-6,0.0,7.3,0.0
Oakley,,037331034,Residential Low/Medium,R-6,0.0,7.3,0.0
Oakley,,037331035,Residential Low/Medium,R-6,0.0,7.3,0.0
Oakley,,037331036,Residential Low/Medium,R-6,0.0,7.3,0.0
Oakley,,037331024,Residential Low/Medium,R-6,0.0,7.3,0.0
Oakley,,037331025,Residential Low/Medium,R-6,0.0,7.3,0.0
Oakley,,037331026,Residential Low/Medium,R-6,0.0,7.3,0.0
Oakley,,037331023,Residential Low/Medium,R-6,0.0,7.3,0.0
Oakley,,037331022,Residential Low/Medium,R-6,0.0,7.3,0.0
Oakley,,037331043,Residential Low/Medium,R-6,0.0,7.3,0.0
Oakley,,037331042,Residential Low/Medium,R-6,0.0,7.3,0.0
Oakley,,037331041,Residential Low/Medium,R-6,0.0,7.3,0.0
Oakley,,037331046,Residential Low/Medium,R-6,0.0,7.3,0.0
Oakley,,037331047,Residential Low/Medium,R-6,0.0,7.3,0.0
Oakley,,037331048,Residential Low/Medium,R-6,0.0,7.3,0.0
Oakley,,037331049,Residential Low/Medium,R-6,0.0,7.3,0.0
Oakley,,037331040,Residential Low/Medium,R-6,0.0,7.3,0.0
Oakley,,037331039,Residential Low/Medium,R-6,0.0,7.3,0.0
Oakley,,037331038,Residential Low/Medium,R-6,0.0,7.3,0.0
Oakley,,037331037,Residential Low/Medium,R-6,0.0,7.3,0.0
Oakley,,037331051,Residential Low/Medium,R-6,0.0,7.3,0.0
Oakley,,037331050,Residential Low/Medium,R-6,0.0,7.3,0.0
Oakley,,037332003,Residential Low/Medium,R-6,0.0,7.3,0.0
Oakley,,037332002,Residential Low/Medium,R-6,0.0,7.3,0.0
Oakley,,037332001,Residential Low/Medium,R-6,0.0,7.3,0.0
Oakley,,037332004,Residential Low/Medium,R-6,0.0,7.3,0.0
Oakley,,037332005,Residential Low/Medium,R-6,0.0,7.3,0.0
Oakley,,037262023,Residential Low/Medium,R-6,0.0,7.3,0.0
Oakley,,037332008,Residential Low/Medium,R-6,0.0,7.3,0.0
Oakley,,037332007,Residential Low/Medium,R-6,0.0,7.3,0.0
Oakley,,037332006,Residential Low/Medium,R-6,0.0,7.3,0.0
Oakley,,037331045,Residential Low/Medium,R-6,0.0,7.3,0.0
Oakley,,037331044,Residential Low/Medium,R-6,0.0,7.3,0.0
Oakley,,037333018,Residential Low/Medium,R-6,0.0,7.3,0.0
Oakley,,037332012,Residential Low/Medium,R-6,0.0,7.3,0.0
Oakley,,037332011,Residential Low/Medium,R-6,0.0,7.3,0.0
Oakley,,037332010,Residential Low/Medium,R-6,0.0,7.3,0.0
Oakley,,037332009,Residential Low/Medium,R-6,0.0,7.3,0.0
Oakley,,037262024,Residential Low/Medium,R-6,0.0,7.3,0.0
Oakley,,037302007,Residential Low/Medium,R-6,0.0,7.3,0.0
Oakley,,037302008,Residential Low/Medium,R-6,0.0,7.3,0.0
Oakley,,037302009,Residential Low/Medium,R-6,0.0,7.3,0.0
Oakley,,037302024,Residential Low/Medium,R-6,0.0,7.3,0.0
Oakley,,037302025,Residential Low/Medium,R-6,0.0,7.3,0.0
Oakley,,037302010,Residential Low/Medium,R-6,0.0,7.3,0.0
Oakley,,037302011,Residential Low/Medium,R-6,0.0,7.3,0.0
Oakley,,037262025,Residential Low/Medium,R-6,0.0,7.3,0.0
Oakley,,037262026,Residential Low/Medium,R-6,0.0,7.3,0.0
Oakley,,037302006,Residential Low/Medium,R-6,0.0,7.3,0.0
Oakley,,037302005,Residential Low/Medium,R-6,0.0,7.3,0.0
Oakley,,037302004,Residential Low/Medium,R-6,0.0,7.3,0.0
Oakley,,037302003,Residential Low/Medium,R-6,0.0,7.3,0.0
Oakley,,037262027,Residential Low/Medium,R-6,0.0,7.3,0.0
Oakley,,037262028,Residential Low/Medium,R-6,0.0,7.3,0.0
Oakley,,037262029,Residential Low/Medium,R-6,0.0,7.3,0.0
Oakley,,037262030,Residential Low/Medium,R-6,0.0,7.3,0.0
Oakley,,037262017,Residential Low/Medium,R-6,0.0,7.3,0.0
Oakley,,037262018,Residential Low/Medium,R-6,0.0,7.3,0.0
Oakley,,037262011,Residential Low/Medium,R-6,0.0,7.3,0.0
Oakley,,037262019,Residential Low/Medium,R-6,0.0,7.3,0.0
Oakley,,037262020,Residential Low/Medium,R-6,0.0,7.3,0.0
Oakley,,037262021,Residential Low/Medium,R-6,0.0,7.3,0.0
Oakley,,037262022,Residential Low/Medium,R-6,0.0,7.3,0.0
Oakley,,037262009,Residential Low/Medium,R-6,0.0,7.3,0.0
Oakley,,037262010,Residential Low/Medium,R-6,0.0,7.3,0.0
Oakley,,037262008,Residential Low/Medium,R-6,0.0,7.3,0.0
Oakley,,037262007,Residential Low/Medium,R-6,0.0,7.3,0.0
Oakley,,037262006,Residential Low/Medium,R-6,0.0,7.3,0.0
Oakley,,037262003,Residential Low/Medium,R-6,0.0,7.3,0.0
Oakley,,037262005,Residential Low/Medium,R-6,0.0,7.3,0.0
Oakley,,037262004,Residential Low/Medium,R-6,0.0,7.3,0.0
Oakley,,037262002,Residential Low/Medium,R-6,0.0,7.3,0.0
Oakley,,037262001,Residential Low/Medium,R-6,0.0,7.3,0.0
Oakley,,037262012,Residential Low/Medium,R-6,0.0,7.3,0.0
Oakley,,037262016,Residential Low/Medium,R-6,0.0,7.3,0.0
Oakley,,037262013,Residential Low/Medium,R-6,0.0,7.3,0.0
Oakley,,037262014,Residential Low/Medium,R-6,0.0,7.3,0.0
Oakley,,037262015,Residential Low/Medium,R-6,0.0,7.3,0.0
Oakley,,037264006,Residential Low/Medium,R-6,0.0,7.3,0.0
Oakley,,037264007,Residential Low/Medium,R-6,0.0,7.3,0.0
Oakley,,037264008,Residential Low/Medium,R-6,0.0,7.3,0.0
Oakley,,037264005,Residential Low/Medium,R-6,0.0,7.3,0.0
Oakley,,037264009,Residential Low/Medium,R-6,0.0,7.3,0.0
Oakley,,037261006,Residential Low/Medium,R-6,0.0,7.3,0.0
Oakley,,037261005,Residential Low/Medium,R-6,0.0,7.3,0.0
Oakley,,037261003,Residential Low/Medium,R-6,0.0,7.3,0.0
Oakley,,037261004,Residential Low/Medium,R-6,0.0,7.3,0.0
Oakley,,037261002,Residential Low/Medium,R-6,0.0,7.3,0.0
Oakley,,037261001,Residential Low/Medium,R-6,0.0,7.3,0.0
Oakley,,037270113,Residential Low/Medium,P-1,0.0,24.0,0.0
Oakley,,037270112,Residential Low/Medium,P-1,0.0,24.0,0.0
Oakley,,037270111,Residential Low/Medium,P-1,0.0,24.0,0.0
Oakley,,037270110,Residential Low/Medium,P-1,0.0,24.0,0.0
Oakley,,037270069,Residential Low/Medium,P-1,0.0,24.0,0.0
Oakley,,037270071,Residential Low/Medium,P-1,0.0,24.0,0.0
Oakley,,037270072,Residential Low/Medium,P-1,0.0,24.0,0.0
Oakley,,037270105,Residential Low/Medium,P-1,0.0,24.0,0.0
Oakley,,037270109,Residential Low/Medium,P-1,0.0,24.0,0.0
Oakley,,037270108,Residential Low/Medium,P-1,0.0,24.0,0.0
Oakley,,037280096,Residential Low/Medium,P-1,0.0,24.0,0.0
Oakley,,037280095,Residential Low/Medium,P-1,0.0,24.0,0.0
Oakley,,037280001,Residential Low/Medium,P-1,0.0,24.0,0.0
Oakley,,037280003,Residential Low/Medium,P-1,0.0,24.0,0.0
Oakley,,037270106,Residential Low/Medium,P-1,0.0,24.0,0.0
Oakley,,037270104,Residential Low/Medium,P-1,0.0,24.0,0.0
Oakley,,037270103,Residential Low/Medium,P-1,0.0,24.0,0.0
Oakley,,037270101,Residential Low/Medium,P-1,0.0,24.0,0.0
Oakley,,037270102,Residential Low/Medium,P-1,0.0,24.0,0.0
Oakley,,037270100,Residential Low/Medium,P-1,0.0,24.0,0.0
Oakley,,037280005,Residential Low/Medium,P-1,0.0,24.0,0.0
Oakley,,037280006,Residential Low/Medium,P-1,0.0,24.0,0.0
Oakley,,037280008,Residential Low/Medium,P-1,0.0,24.0,0.0
Oakley,,037280007,Residential Low/Medium,P-1,0.0,24.0,0.0
Oakley,,037280009,Residential Low/Medium,P-1,0.0,24.0,0.0
Oakley,,037280010,Residential Low/Medium,P-1,0.0,24.0,0.0
Oakley,,037280013,Residential Low/Medium,P-1,0.0,24.0,0.0
Oakley,,037280011,Residential Low/Medium,P-1,0.0,24.0,0.0
Oakley,,037280044,Residential Low/Medium,P-1,0.0,24.0,0.0
Oakley,,037280042,Residential Low/Medium,P-1,0.0,24.0,0.0
Oakley,,037280045,Residential Low/Medium,P-1,0.0,24.0,0.0
Oakley,,037280043,Residential Low/Medium,P-1,0.0,24.0,0.0
Oakley,,037280038,Residential Low/Medium,P-1,0.0,24.0,0.0
Oakley,,037280040,Residential Low/Medium,P-1,0.0,24.0,0.0
Oakley,,037280041,Residential Low/Medium,P-1,0.0,24.0,0.0
Oakley,,037280004,Residential Low/Medium,P-1,0.0,24.0,0.0
Oakley,,037280002,Residential Low/Medium,P-1,0.0,24.0,0.0
Oakley,,037280094,Residential Low/Medium,P-1,0.0,24.0,0.0
Oakley,,037280093,Residential Low/Medium,P-1,0.0,24.0,0.0
Oakley,,037280092,Residential Low/Medium,P-1,0.0,24.0,0.0
Oakley,,037280091,Residential Low/Medium,P-1,0.0,24.0,0.0
Oakley,,037280039,Residential Low/Medium,P-1,0.0,24.0,0.0
Oakley,,037280051,Residential Low/Medium,P-1,0.0,24.0,0.0
Oakley,,037280050,Residential Low/Medium,P-1,0.0,24.0,0.0
Oakley,,037280052,Residential Low/Medium,P-1,0.0,24.0,0.0
Oakley,,037280090,Residential Low/Medium,P-1,0.0,24.0,0.0
Oakley,,037280089,Residential Low/Medium,P-1,0.0,24.0,0.0
Oakley,,037280088,Residential Low/Medium,P-1,0.0,24.0,0.0
Oakley,,037280087,Residential Low/Medium,P-1,0.0,24.0,0.0
Oakley,,037280086,Residential Low/Medium,P-1,0.0,24.0,0.0
Oakley,,037280085,Residential Low/Medium,P-1,0.0,24.0,0.0
Oakley,,037280055,Residential Low/Medium,P-1,0.0,24.0,0.0
Oakley,,037280053,Residential Low/Medium,P-1,0.0,24.0,0.0
Oakley,,037280054,Residential Low/Medium,P-1,0.0,24.0,0.0
Oakley,,037280056,Residential Low/Medium,P-1,0.0,24.0,0.0
Oakley,,037280059,Residential Low/Medium,P-1,0.0,24.0,0.0
Oakley,,037280057,Residential Low/Medium,P-1,0.0,24.0,0.0
Oakley,,037280084,Residential Low/Medium,P-1,0.0,24.0,0.0
Oakley,,037280083,Residential Low/Medium,P-1,0.0,24.0,0.0
Oakley,,037280082,Residential Low/Medium,P-1,0.0,24.0,0.0
Oakley,,037280081,Residential Low/Medium,P-1,0.0,24.0,0.0
Oakley,,037280080,Residential Low/Medium,P-1,0.0,24.0,0.0
Oakley,,037280068,Residential Low/Medium,P-1,0.0,24.0,0.0
Oakley,,037280061,Residential Low/Medium,P-1,0.0,24.0,0.0
Oakley,,037280060,Residential Low/Medium,P-1,0.0,24.0,0.0
Oakley,,037280058,Residential Low/Medium,P-1,0.0,24.0,0.0
Oakley,,037280049,Residential Low/Medium,P-1,0.0,24.0,0.0
Oakley,,037280048,Residential Low/Medium,P-1,0.0,24.0,0.0
Oakley,,037280047,Residential Low/Medium,P-1,0.0,24.0,0.0
Oakley,,037280046,Residential Low/Medium,P-1,0.0,24.0,0.0
Oakley,,037280062,Residential Low/Medium,P-1,0.0,24.0,0.0
Oakley,,037280066,Residential Low/Medium,P-1,0.0,24.0,0.0
Oakley,,037280063,Residential Low/Medium,P-1,0.0,24.0,0.0
Oakley,,037280064,Residential Low/Medium,P-1,0.0,24.0,0.0
Oakley,,037280065,Residential Low/Medium,P-1,0.0,24.0,0.0
Oakley,,037280014,Residential Low/Medium,P-1,0.0,24.0,0.0
Oakley,,037280024,Residential Low/Medium,P-1,0.0,24.0,0.0
Oakley,,037280067,Residential Low/Medium,P-1,0.0,24.0,0.0
Oakley,,037280037,Residential Low/Medium,P-1,0.0,24.0,0.0
Oakley,,037280036,Residential Low/Medium,P-1,0.0,24.0,0.0
Oakley,,037280034,Residential Low/Medium,P-1,0.0,24.0,0.0
Oakley,,037280035,Residential Low/Medium,P-1,0.0,24.0,0.0
Oakley,,037280073,Residential Low/Medium,P-1,0.0,24.0,0.0
Oakley,,037280071,Residential Low/Medium,P-1,0.0,24.0,0.0
Oakley,,037280069,Residential Low/Medium,P-1,0.0,24.0,0.0
Oakley,,037280072,Residential Low/Medium,P-1,0.0,24.0,0.0
Oakley,,037280070,Residential Low/Medium,P-1,0.0,24.0,0.0
Oakley,,037280079,Residential Low/Medium,P-1,0.0,24.0,0.0
Oakley,,037280078,Residential Low/Medium,P-1,0.0,24.0,0.0
Oakley,,037280077,Residential Low/Medium,P-1,0.0,24.0,0.0
Oakley,,037280076,Residential Low/Medium,P-1,0.0,24.0,0.0
Oakley,,037280074,Residential Low/Medium,P-1,0.0,24.0,0.0
Oakley,,037280075,Residential Low/Medium,P-1,0.0,24.0,0.0
Oakley,,037321003,Residential Low/Medium,R-6,0.0,7.3,0.0
Oakley,,037321002,Residential Low/Medium,R-6,0.0,7.3,0.0
Oakley,,037321001,Residential Low/Medium,R-6,0.0,7.3,0.0
Oakley,,037321013,Residential Low/Medium,R-6,0.0,7.3,0.0
Oakley,,037311001,Residential Low/Medium,R-6,0.0,7.3,0.0
Oakley,,037311002,Residential Low/Medium,R-6,0.0,7.3,0.0
Oakley,,037311003,Residential Low/Medium,R-6,0.0,7.3,0.0
Oakley,,037312019,Residential Low/Medium,R-6,0.0,7.3,0.0
Oakley,,037312020,Residential Low/Medium,R-6,0.0,7.3,0.0
Oakley,,037312021,Residential Low/Medium,R-6,0.0,7.3,0.0
Oakley,,037312022,Residential Low/Medium,R-6,0.0,7.3,0.0
Oakley,,037312018,Residential Low/Medium,R-6,0.0,7.3,0.0
Oakley,,037312017,Residential Low/Medium,R-6,0.0,7.3,0.0
Oakley,,037312016,Residential Low/Medium,R-6,0.0,7.3,0.0
Oakley,,037311019,Residential Low/Medium,R-6,0.0,7.3,0.0
Oakley,,037311016,Residential Low/Medium,R-6,0.0,7.3,0.0
Oakley,,037311017,Residential Low/Medium,R-6,0.0,7.3,0.0
Oakley,,037311018,Residential Low/Medium,R-6,0.0,7.3,0.0
Oakley,,037311005,Residential Low/Medium,R-6,0.0,7.3,0.0
Oakley,,037311004,Residential Low/Medium,R-6,0.0,7.3,0.0
Oakley,,037311006,Residential Low/Medium,R-6,0.0,7.3,0.0
Oakley,,037311007,Residential Low/Medium,R-6,0.0,7.3,0.0
Oakley,,037311010,Residential Low/Medium,R-6,0.0,7.3,0.0
Oakley,,037311009,Residential Low/Medium,R-6,0.0,7.3,0.0
Oakley,,037311008,Residential Low/Medium,R-6,0.0,7.3,0.0
Oakley,,037311011,Residential Low/Medium,R-6,0.0,7.3,0.0
Oakley,,037311012,Residential Low/Medium,R-6,0.0,7.3,0.0
Oakley,,037311014,Residential Low/Medium,R-6,0.0,7.3,0.0
Oakley,,037311013,Residential Low/Medium,R-6,0.0,7.3,0.0
Oakley,,037311033,Residential Low/Medium,R-6,0.0,7.3,0.0
Oakley,,037311034,Residential Low/Medium,R-6,0.0,7.3,0.0
Oakley,,037311028,Residential Low/Medium,R-6,0.0,7.3,0.0
Oakley,,037311032,Residential Low/Medium,R-6,0.0,7.3,0.0
Oakley,,037311042,Residential Low/Medium,R-6,0.0,7.3,0.0
Oakley,,037311015,Residential Low/Medium,R-6,0.0,7.3,0.0
Oakley,,037311020,Residential Low/Medium,R-6,0.0,7.3,0.0
Oakley,,037311021,Residential Low/Medium,R-6,0.0,7.3,0.0
Oakley,,037311041,Residential Low/Medium,R-6,0.0,7.3,0.0
Oakley,,037311022,Residential Low/Medium,R-6,0.0,7.3,0.0
Oakley,,037311029,Residential Low/Medium,R-6,0.0,7.3,0.0
Oakley,,037311024,Residential Low/Medium,R-6,0.0,7.3,0.0
Oakley,,037311027,Residential Low/Medium,R-6,0.0,7.3,0.0
Oakley,,037311026,Residential Low/Medium,R-6,0.0,7.3,0.0
Oakley,,037311036,Residential Low/Medium,R-6,0.0,7.3,0.0
Oakley,,037311035,Residential Low/Medium,R-6,0.0,7.3,0.0
Oakley,,037311037,Residential Low/Medium,R-6,0.0,7.3,0.0
Oakley,,037311038,Residential Low/Medium,R-6,0.0,7.3,0.0
Oakley,,037311039,Residential Low/Medium,R-6,0.0,7.3,0.0
Oakley,,037331031,Residential Low/Medium,R-6,0.0,7.3,0.0
Oakley,,037331002,Residential Low/Medium,R-6,0.0,7.3,0.0
Oakley,,037331001,Residential Low/Medium,R-6,0.0,7.3,0.0
Oakley,,037311040,Residential Low/Medium,R-6,0.0,7.3,0.0
Oakley,,037312001,Residential Low/Medium,R-6,0.0,7.3,0.0
Oakley,,037312002,Residential Low/Medium,R-6,0.0,7.3,0.0
Oakley,,037312008,Residential Low/Medium,R-6,0.0,7.3,0.0
Oakley,,037312009,Residential Low/Medium,R-6,0.0,7.3,0.0
Oakley,,037311025,Residential Low/Medium,R-6,0.0,7.3,0.0
Oakley,,037311023,Residential Low/Medium,R-6,0.0,7.3,0.0
Oakley,,037312012,Residential Low/Medium,R-6,0.0,7.3,0.0
Oakley,,037312010,Residential Low/Medium,R-6,0.0,7.3,0.0
Oakley,,037312011,Residential Low/Medium,R-6,0.0,7.3,0.0
Oakley,,037312028,Residential Low/Medium,R-6,0.0,7.3,0.0
Oakley,,037312029,Residential Low/Medium,R-6,0.0,7.3,0.0
Oakley,,037312030,Residential Low/Medium,R-6,0.0,7.3,0.0
Oakley,,037312007,Residential Low/Medium,R-6,0.0,7.3,0.0
Oakley,,037312006,Residential Low/Medium,R-6,0.0,7.3,0.0
Oakley,,037322001,Residential Low/Medium,R-6,0.0,7.3,0.0
Oakley,,037322002,Residential Low/Medium,R-6,0.0,7.3,0.0
Oakley,,037313007,Residential Low/Medium,R-6,0.0,7.3,0.0
Oakley,,037313006,Residential Low/Medium,R-6,0.0,7.3,0.0
Oakley,,037313001,Residential Low/Medium,R-6,0.0,7.3,0.0
Oakley,,037322005,Residential Low/Medium,R-6,0.0,7.3,0.0
Oakley,,037322004,Residential Low/Medium,R-6,0.0,7.3,0.0
Oakley,,037322007,Residential Low/Medium,R-6,0.0,7.3,0.0
Oakley,,037322008,Residential Low/Medium,R-6,0.0,7.3,0.0
Oakley,,037322009,Residential Low/Medium,R-6,0.0,7.3,0.0
Oakley,,037322010,Residential Low/Medium,R-6,0.0,7.3,0.0
Oakley,,037322003,Residential Low/Medium,R-6,0.0,7.3,0.0
Oakley,,037322011,Residential Low/Medium,R-6,0.0,7.3,0.0
Oakley,,037322016,Residential Low/Medium,R-6,0.0,7.3,0.0
Oakley,,037322015,Residential Low/Medium,R-6,0.0,7.3,0.0
Oakley,,037322014,Residential Low/Medium,R-6,0.0,7.3,0.0
Oakley,,037322013,Residential Low/Medium,R-6,0.0,7.3,0.0
Oakley,,037322012,Residential Low/Medium,R-6,0.0,7.3,0.0
Oakley,,037312027,Residential Low/Medium,R-6,0.0,7.3,0.0
Oakley,,037312026,Residential Low/Medium,R-6,0.0,7.3,0.0
Oakley,,037312025,Residential Low/Medium,R-6,0.0,7.3,0.0
Oakley,,037312014,Residential Low/Medium,R-6,0.0,7.3,0.0
Oakley,,037312013,Residential Low/Medium,R-6,0.0,7.3,0.0
Oakley,,037312024,Residential Low/Medium,R-6,0.0,7.3,0.0
Oakley,,037312015,Residential Low/Medium,R-6,0.0,7.3,0.0
Oakley,,037312023,Residential Low/Medium,R-6,0.0,7.3,0.0
Oakley,,037321014,Residential Low/Medium,R-6,0.0,7.3,0.0
Oakley,,037322033,Residential Low/Medium,R-6,0.0,7.3,0.0
Oakley,,037322034,Residential Low/Medium,R-6,0.0,7.3,0.0
Oakley,,037322032,Residential Low/Medium,R-6,0.0,7.3,0.0
Oakley,,037322031,Residential Low/Medium,R-6,0.0,7.3,0.0
Oakley,,037321017,Residential Low/Medium,R-6,0.0,7.3,0.0
Oakley,,037321016,Residential Low/Medium,R-6,0.0,7.3,0.0
Oakley,,037321015,Residential Low/Medium,R-6,0.0,7.3,0.0
Oakley,,037321012,Residential Low/Medium,R-6,0.0,7.3,0.0
Oakley,,037321011,Residential Low/Medium,R-6,0.0,7.3,0.0
Oakley,,037321010,Residential Low/Medium,R-6,0.0,7.3,0.0
Oakley,,037321004,Residential Low/Medium,R-6,0.0,7.3,0.0
Oakley,,037321005,Residential Low/Medium,R-6,0.0,7.3,0.0
Oakley,,037321009,Residential Low/Medium,R-6,0.0,7.3,0.0
Oakley,,037321008,Residential Low/Medium,R-6,0.0,7.3,0.0
Oakley,,037321019,Residential Low/Medium,R-6,0.0,7.3,0.0
Oakley,,037321018,Residential Low/Medium,R-6,0.0,7.3,0.0
Oakley,,037322030,Residential Low/Medium,R-6,0.0,7.3,0.0
Oakley,,037321023,Residential Low/Medium,R-6,0.0,7.3,0.0
Oakley,,037321022,Residential Low/Medium,R-6,0.0,7.3,0.0
Oakley,,037321021,Residential Low/Medium,R-6,0.0,7.3,0.0
Oakley,,037321020,Residential Low/Medium,R-6,0.0,7.3,0.0
Oakley,,037321024,Residential Low/Medium,R-6,0.0,7.3,0.0
Oakley,,037321025,Residential Low/Medium,R-6,0.0,7.3,0.0
Oakley,,037321026,Residential Low/Medium,R-6,0.0,7.3,0.0
Oakley,,037322026,Residential Low/Medium,R-6,0.0,7.3,0.0
Oakley,,037322027,Residential Low/Medium,R-6,0.0,7.3,0.0
Oakley,,037322028,Residential Low/Medium,R-6,0.0,7.3,0.0
Oakley,,037322029,Residential Low/Medium,R-6,0.0,7.3,0.0
Oakley,,037322018,Residential Low/Medium,R-6,0.0,7.3,0.0
Oakley,,037322017,Residential Low/Medium,R-6,0.0,7.3,0.0
Oakley,,037322019,Residential Low/Medium,R-6,0.0,7.3,0.0
Oakley,,037322020,Residential Low/Medium,R-6,0.0,7.3,0.0
Oakley,,037322025,Residential Low/Medium,R-6,0.0,7.3,0.0
Oakley,,037322024,Residential Low/Medium,R-6,0.0,7.3,0.0
Oakley,,037322021,Residential Low/Medium,R-6,0.0,7.3,0.0
Oakley,,037322022,Residential Low/Medium,R-6,0.0,7.3,0.0
Oakley,,037322006,Residential Low/Medium,R-6,0.0,7.3,0.0
Oakley,,037322023,Residential Low/Medium,R-6,0.0,7.3,0.0
Oakley,,037321029,Residential Low/Medium,R-6,0.0,7.3,0.0
Oakley,,037321036,Residential Low/Medium,R-6,0.0,7.3,0.0
Oakley,,037321031,Residential Low/Medium,R-6,0.0,7.3,0.0
Oakley,,037321030,Residential Low/Medium,R-6,0.0,7.3,0.0
Oakley,,037321028,Residential Low/Medium,R-6,0.0,7.3,0.0
Oakley,,037321027,Residential Low/Medium,R-6,0.0,7.3,0.0
Oakley,,037150027,Commercial Downtown,SP-4,0.0,24.0,4.781
Oakley,,037150029,Commercial Downtown,SP-4,0.0,24.0,1.48
Oakley,,037150028,Commercial Downtown,SP-4,0.0,24.0,2.242
Oakley,,037440010,Residential Low/Medium,P-1,0.0,24.0,0.0
Oakley,,037440009,Residential Low/Medium,P-1,0.0,24.0,0.0
Oakley,,037440008,Residential Low/Medium,P-1,0.0,24.0,0.0
Oakley,,037440006,Residential Low/Medium,P-1,0.0,24.0,0.0
Oakley,,037440007,Residential Low/Medium,P-1,0.0,24.0,0.0
Oakley,,037440005,Residential Low/Medium,P-1,0.0,24.0,0.0
Oakley,,037440004,Residential Low/Medium,P-1,0.0,24.0,0.0
Oakley,,037440003,Residential Low/Medium,P-1,0.0,24.0,0.0
Oakley,,037440002,Residential Low/Medium,P-1,0.0,24.0,0.0
Oakley,,037440030,Residential Low/Medium,P-1,0.0,24.0,0.0
Oakley,,037440031,Residential Low/Medium,P-1,0.0,24.0,0.0
Oakley,,037440029,Residential Low/Medium,P-1,0.0,24.0,0.0
Oakley,,037440028,Residential Low/Medium,P-1,0.0,24.0,0.0
Oakley,,037440027,Residential Low/Medium,P-1,0.0,24.0,0.0
Oakley,,037440026,Residential Low/Medium,P-1,0.0,24.0,0.0
Oakley,,037440045,Residential Low/Medium,P-1,0.0,24.0,0.0
Oakley,,037440046,Residential Low/Medium,P-1,0.0,24.0,0.0
Oakley,,037440048,Residential Low/Medium,P-1,0.0,24.0,0.0
Oakley,,037440047,Residential Low/Medium,P-1,0.0,24.0,0.0
Oakley,,037440066,Residential Low/Medium,P-1,0.0,24.0,0.0
Oakley,,037440067,Residential Low/Medium,P-1,0.0,24.0,0.0
Oakley,,037440068,Residential Low/Medium,P-1,0.0,24.0,0.0
Oakley,,037440032,Residential Low/Medium,P-1,0.0,24.0,0.0
Oakley,,037440034,Residential Low/Medium,P-1,0.0,24.0,0.0
Oakley,,037440036,Residential Low/Medium,P-1,0.0,24.0,0.0
Oakley,,037440042,Residential Low/Medium,P-1,0.0,24.0,0.0
Oakley,,037440043,Residential Low/Medium,P-1,0.0,24.0,0.0
Oakley,,037440044,Residential Low/Medium,P-1,0.0,24.0,0.0
Oakley,,037440001,Residential Low/Medium,P-1,0.0,24.0,0.0
Oakley,,037440041,Residential Low/Medium,P-1,0.0,24.0,0.0
Oakley,,037440039,Residential Low/Medium,P-1,0.0,24.0,0.0
Oakley,,037150025,Residential Low/Medium,P-1,0.0,24.0,0.33
Oakley,,037440040,Residential Low/Medium,P-1,0.0,24.0,0.0
Oakley,,037440038,Residential Low/Medium,P-1,0.0,24.0,0.0
Oakley,,037440037,Residential Low/Medium,P-1,0.0,24.0,0.0
Oakley,,037321007,Residential Low/Medium,R-6,0.0,7.3,0.0
Oakley,,037321043,Residential Low/Medium,R-6,0.0,7.3,0.0
Oakley,,037321006,Residential Low/Medium,R-6,0.0,7.3,0.0
Oakley,,037410041,Residential Low/Medium,P-1,0.0,24.0,0.0
Oakley,,037410042,Residential Low/Medium,P-1,0.0,24.0,0.017
Oakley,,037223001,Residential Low/Medium,P-1,0.0,24.0,0.0
Oakley,,037223002,Residential Low/Medium,P-1,0.0,24.0,0.0
Oakley,,037222044,Residential Low/Medium,P-1,0.0,24.0,0.0
Oakley,,037222045,Residential Low/Medium,P-1,0.0,24.0,0.0
Oakley,,037222046,Residential Low/Medium,P-1,0.0,24.0,0.0
Oakley,,037222034,Residential Low/Medium,P-1,0.0,24.0,0.0
Oakley,,037222031,Residential Low/Medium,P-1,0.0,24.0,0.0
Oakley,,037222030,Residential Low/Medium,P-1,0.0,24.0,0.0
Oakley,,037222035,Residential Low/Medium,P-1,0.0,24.0,0.0
Oakley,,037222036,Residential Low/Medium,P-1,0.0,24.0,0.0
Oakley,,037222037,Residential Low/Medium,P-1,0.0,24.0,0.0
Oakley,,037222039,Residential Low/Medium,P-1,0.0,24.0,0.0
Oakley,,037222041,Residential Low/Medium,P-1,0.0,24.0,0.0
Oakley,,037222042,Residential Low/Medium,P-1,0.0,24.0,0.0
Oakley,,037222043,Residential Low/Medium,P-1,0.0,24.0,0.0
Oakley,,037223003,Residential Low/Medium,P-1,0.0,24.0,0.0
Oakley,,037440035,Residential Low/Medium,P-1,0.0,24.0,0.0
Oakley,,037223004,Residential Low/Medium,P-1,0.0,24.0,0.0
Oakley,,037223005,Residential Low/Medium,P-1,0.0,24.0,0.0
Oakley,,037223006,Residential Low/Medium,P-1,0.0,24.0,0.0
Oakley,,037440033,Residential Low/Medium,P-1,0.0,24.0,0.0
Oakley,,037223007,Residential Low/Medium,P-1,0.0,24.0,0.0
Oakley,,037222040,Residential Low/Medium,P-1,0.0,24.0,0.0
Oakley,,037224015,Residential Low/Medium,P-1,0.0,24.0,0.0
Oakley,,037224014,Residential Low/Medium,P-1,0.0,24.0,0.0
Oakley,,037450011,Residential Low/Medium,P-1,0.0,24.0,0.0
Oakley,,037450010,Residential Low/Medium,P-1,0.0,24.0,0.0
Oakley,,037450009,Residential Low/Medium,P-1,0.0,24.0,0.0
Oakley,,037224013,Residential Low/Medium,P-1,0.0,24.0,0.0
Oakley,,037224012,Residential Low/Medium,P-1,0.0,24.0,0.0
Oakley,,037224011,Residential Low/Medium,P-1,0.0,24.0,0.0
Oakley,,037224010,Residential Low/Medium,P-1,0.0,24.0,0.0
Oakley,,037450008,Residential Low/Medium,P-1,0.0,24.0,0.0
Oakley,,037450007,Residential Low/Medium,P-1,0.0,24.0,0.0
Oakley,,037450006,Residential Low/Medium,P-1,0.0,24.0,0.0
Oakley,,037450005,Residential Low/Medium,P-1,0.0,24.0,0.0
Oakley,,037224008,Residential Low/Medium,P-1,0.0,24.0,0.0
Oakley,,037224009,Residential Low/Medium,P-1,0.0,24.0,0.0
Oakley,,037222038,Residential Low/Medium,P-1,0.0,24.0,0.0
Oakley,,037222027,Residential Low/Medium,P-1,0.0,24.0,0.0
Oakley,,037222028,Residential Low/Medium,P-1,0.0,24.0,0.0
Oakley,,037222029,Residential Low/Medium,P-1,0.0,24.0,0.0
Oakley,,037222023,Residential Low/Medium,P-1,0.0,24.0,0.0
Oakley,,037222024,Residential Low/Medium,P-1,0.0,24.0,0.0
Oakley,,037222026,Residential Low/Medium,P-1,0.0,24.0,0.0
Oakley,,037222025,Residential Low/Medium,P-1,0.0,24.0,0.0
Oakley,,037222014,Residential Low/Medium,P-1,0.0,24.0,0.0
Oakley,,037224005,Residential Low/Medium,P-1,0.0,24.0,0.0
Oakley,,037224007,Residential Low/Medium,P-1,0.0,24.0,0.0
Oakley,,037224006,Residential Low/Medium,P-1,0.0,24.0,0.0
Oakley,,037450004,Residential Low/Medium,P-1,0.0,24.0,0.0
Oakley,,037450003,Residential Low/Medium,P-1,0.0,24.0,0.0
Oakley,,037450002,Residential Low/Medium,P-1,0.0,24.0,0.0
Oakley,,037213004,Residential Low/Medium,P-1,0.0,24.0,0.0
Oakley,,037213003,Residential Low/Medium,P-1,0.0,24.0,0.0
Oakley,,037224004,Residential Low/Medium,P-1,0.0,24.0,0.0
Oakley,,037224003,Residential Low/Medium,P-1,0.0,24.0,0.0
Oakley,,037213001,Residential Low/Medium,P-1,0.0,24.0,0.0
Oakley,,037213002,Residential Low/Medium,P-1,0.0,24.0,0.0
Oakley,,037211002,Residential Low/Medium,P-1,0.0,24.0,0.0
Oakley,,037221017,Residential Low/Medium,P-1,0.0,24.0,0.0
Oakley,,037224001,Residential Low/Medium,P-1,0.0,24.0,0.0
Oakley,,037224002,Residential Low/Medium,P-1,0.0,24.0,0.0
Oakley,,037221012,Residential Low/Medium,P-1,0.0,24.0,0.0
Oakley,,037221010,Residential Low/Medium,P-1,0.0,24.0,0.0
Oakley,,037221011,Residential Low/Medium,P-1,0.0,24.0,0.0
Oakley,,037221009,Residential Low/Medium,P-1,0.0,24.0,0.0
Oakley,,037222011,Residential Low/Medium,P-1,0.0,24.0,0.0
Oakley,,037222009,Residential Low/Medium,P-1,0.0,24.0,0.0
Oakley,,037222010,Residential Low/Medium,P-1,0.0,24.0,0.0
Oakley,,037222012,Residential Low/Medium,P-1,0.0,24.0,0.0
Oakley,,037222013,Residential Low/Medium,P-1,0.0,24.0,0.0
Oakley,,037222015,Residential Low/Medium,P-1,0.0,24.0,0.0
Oakley,,037222016,Residential Low/Medium,P-1,0.0,24.0,0.0
Oakley,,037222017,Residential Low/Medium,P-1,0.0,24.0,0.0
Oakley,,037222021,Residential Low/Medium,P-1,0.0,24.0,0.0
Oakley,,037222022,Residential Low/Medium,P-1,0.0,24.0,0.0
Oakley,,037222018,Residential Low/Medium,P-1,0.0,24.0,0.0
Oakley,,037222019,Residential Low/Medium,P-1,0.0,24.0,0.0
Oakley,,037222008,Residential Low/Medium,P-1,0.0,24.0,0.0
Oakley,,037222006,Residential Low/Medium,P-1,0.0,24.0,0.0
Oakley,,037222007,Residential Low/Medium,P-1,0.0,24.0,0.0
Oakley,,037410033,Residential Low/Medium,P-1,0.0,24.0,0.0
Oakley,,037410034,Residential Low/Medium,P-1,0.0,24.0,0.0
Oakley,,037410035,Residential Low/Medium,P-1,0.0,24.0,0.0
Oakley,,037410016,Residential Low/Medium,P-1,0.0,24.0,0.0
Oakley,,037410017,Residential Low/Medium,P-1,0.0,24.0,0.0
Oakley,,037410005,Residential Low/Medium,P-1,0.0,24.0,0.0
Oakley,,037410018,Residential Low/Medium,P-1,0.0,24.0,0.0
Oakley,,037410032,Residential Low/Medium,P-1,0.0,24.0,0.0
Oakley,,037410020,Residential Low/Medium,P-1,0.0,24.0,0.0
Oakley,,037410021,Residential Low/Medium,P-1,0.0,24.0,0.0
Oakley,,037410022,Residential Low/Medium,P-1,0.0,24.0,0.0
Oakley,,037410028,Residential Low/Medium,P-1,0.0,24.0,0.0
Oakley,,037410029,Residential Low/Medium,P-1,0.0,24.0,0.0
Oakley,,037410030,Residential Low/Medium,P-1,0.0,24.0,0.0
Oakley,,037410031,Residential Low/Medium,P-1,0.0,24.0,0.0
Oakley,,037222020,Residential Low/Medium,P-1,0.0,24.0,0.0
Oakley,,037222032,Residential Low/Medium,P-1,0.0,24.0,0.0
Oakley,,037222033,Residential Low/Medium,P-1,0.0,24.0,0.0
Oakley,,037410026,Residential Low/Medium,P-1,0.0,24.0,0.0
Oakley,,037410025,Residential Low/Medium,P-1,0.0,24.0,0.0
Oakley,,037410027,Residential Low/Medium,P-1,0.0,24.0,0.0
Oakley,,037410023,Residential Low/Medium,P-1,0.0,24.0,0.0
Oakley,,037280031,Residential Low/Medium,P-1,0.0,24.0,0.0
Oakley,,037280029,Residential Low/Medium,P-1,0.0,24.0,0.0
Oakley,,037280028,Residential Low/Medium,P-1,0.0,24.0,0.0
Oakley,,037280030,Residential Low/Medium,P-1,0.0,24.0,0.0
Oakley,,037280033,Residential Low/Medium,P-1,0.0,24.0,0.0
Oakley,,037280032,Residential Low/Medium,P-1,0.0,24.0,0.0
Oakley,,037280026,Residential Low/Medium,P-1,0.0,24.0,0.0
Oakley,,037280027,Residential Low/Medium,P-1,0.0,24.0,0.0
Oakley,,037280025,Residential Low/Medium,P-1,0.0,24.0,0.0
Oakley,,037280023,Residential Low/Medium,P-1,0.0,24.0,0.0
Oakley,,037280017,Residential Low/Medium,P-1,0.0,24.0,0.0
Oakley,,037280018,Residential Low/Medium,P-1,0.0,24.0,0.0
Oakley,,037280019,Residential Low/Medium,P-1,0.0,24.0,0.0
Oakley,,037280020,Residential Low/Medium,P-1,0.0,24.0,0.0
Oakley,,037280022,Residential Low/Medium,P-1,0.0,24.0,0.0
Oakley,,037280021,Residential Low/Medium,P-1,0.0,24.0,0.0
Oakley,,037410019,Residential Low/Medium,P-1,0.0,24.0,0.0
Oakley,,037410004,Residential Low/Medium,P-1,0.0,24.0,0.0
Oakley,,037410003,Residential Low/Medium,P-1,0.0,24.0,0.0
Oakley,,037270081,Residential Low/Medium,P-1,0.0,24.0,0.0
Oakley,,037270082,Residential Low/Medium,P-1,0.0,24.0,0.0
Oakley,,037270089,Residential Low/Medium,P-1,0.0,24.0,0.0
Oakley,,037270087,Residential Low/Medium,P-1,0.0,24.0,0.0
Oakley,,037270088,Residential Low/Medium,P-1,0.0,24.0,0.0
Oakley,,037270090,Residential Low/Medium,P-1,0.0,24.0,0.0
Oakley,,037270091,Residential Low/Medium,P-1,0.0,24.0,0.0
Oakley,,037270093,Residential Low/Medium,P-1,0.0,24.0,0.0
Oakley,,037270092,Residential Low/Medium,P-1,0.0,24.0,0.0
Oakley,,037270095,Residential Low/Medium,P-1,0.0,24.0,0.0
Oakley,,037270094,Residential Low/Medium,P-1,0.0,24.0,0.0
Oakley,,037280015,Residential Low/Medium,P-1,0.0,24.0,0.0
Oakley,,037280016,Residential Low/Medium,P-1,0.0,24.0,0.0
Oakley,,037280012,Residential Low/Medium,P-1,0.0,24.0,0.0
Oakley,,037270099,Residential Low/Medium,P-1,0.0,24.0,0.0
Oakley,,037270097,Residential Low/Medium,P-1,0.0,24.0,0.0
Oakley,,037270096,Residential Low/Medium,P-1,0.0,24.0,0.0
Oakley,,037270098,Residential Low/Medium,P-1,0.0,24.0,0.0
Oakley,,037270080,Residential Low/Medium,P-1,0.0,24.0,0.0
Oakley,,037270078,Residential Low/Medium,P-1,0.0,24.0,0.0
Oakley,,037270086,Residential Low/Medium,P-1,0.0,24.0,0.0
Oakley,,037270085,Residential Low/Medium,P-1,0.0,24.0,0.0
Oakley,,037270084,Residential Low/Medium,P-1,0.0,24.0,0.0
Oakley,,037270076,Residential Low/Medium,P-1,0.0,24.0,0.0
Oakley,,037270074,Residential Low/Medium,P-1,0.0,24.0,0.0
Oakley,,037270073,Residential Low/Medium,P-1,0.0,24.0,0.0
Oakley,,037270075,Residential Low/Medium,P-1,0.0,24.0,0.0
Oakley,,037270077,Residential Low/Medium,P-1,0.0,24.0,0.0
Oakley,,037270079,Residential Low/Medium,P-1,0.0,24.0,0.0
Oakley,,037270070,Residential Low/Medium,P-1,0.0,24.0,0.0
Oakley,,037270067,Residential Low/Medium,P-1,0.0,24.0,0.0
Oakley,,037270068,Residential Low/Medium,P-1,0.0,24.0,0.0
Oakley,,037270066,Residential Low/Medium,P-1,0.0,24.0,0.0
Oakley,,037270065,Residential Low/Medium,P-1,0.0,24.0,0.0
Oakley,,037270114,Residential Low/Medium,P-1,0.0,24.0,0.0
Oakley,,037270063,Residential Low/Medium,P-1,0.0,24.0,0.0
Oakley,,037270064,Residential Low/Medium,P-1,0.0,24.0,0.0
Oakley,,037270062,Residential Low/Medium,P-1,0.0,24.0,0.0
Oakley,,037270061,Residential Low/Medium,P-1,0.0,24.0,0.0
Oakley,,037270046,Residential Low/Medium,P-1,0.0,24.0,0.0
Oakley,,037270045,Residential Low/Medium,P-1,0.0,24.0,0.0
Oakley,,037270059,Residential Low/Medium,P-1,0.0,24.0,0.0
Oakley,,037270060,Residential Low/Medium,P-1,0.0,24.0,0.0
Oakley,,037270058,Residential Low/Medium,P-1,0.0,24.0,0.0
Oakley,,037270057,Residential Low/Medium,P-1,0.0,24.0,0.0
Oakley,,037270083,Residential Low/Medium,P-1,0.0,24.0,0.0
Oakley,,037270054,Residential Low/Medium,P-1,0.0,24.0,0.0
Oakley,,037270056,Residential Low/Medium,P-1,0.0,24.0,0.0
Oakley,,037270055,Residential Low/Medium,P-1,0.0,24.0,0.0
Oakley,,037270053,Residential Low/Medium,P-1,0.0,24.0,0.0
Oakley,,037270050,Residential Low/Medium,P-1,0.0,24.0,0.0
Oakley,,037270049,Residential Low/Medium,P-1,0.0,24.0,0.0
Oakley,,037270048,Residential Low/Medium,P-1,0.0,24.0,0.0
Oakley,,037270047,Residential Low/Medium,P-1,0.0,24.0,0.0
Oakley,,037270024,Residential Low/Medium,P-1,0.0,24.0,0.0
Oakley,,037270023,Residential Low/Medium,P-1,0.0,24.0,0.0
Oakley,,037270051,Residential Low/Medium,P-1,0.0,24.0,0.0
Oakley,,037270052,Residential Low/Medium,P-1,0.0,24.0,0.0
Oakley,,037410001,Residential Low/Medium,P-1,0.0,24.0,0.0
Oakley,,037410002,Residential Low/Medium,P-1,0.0,24.0,0.0
Oakley,,037410006,Residential Low/Medium,P-1,0.0,24.0,0.0
Oakley,,037410007,Residential Low/Medium,P-1,0.0,24.0,0.0
Oakley,,037410008,Residential Low/Medium,P-1,0.0,24.0,0.0
Oakley,,037410009,Residential Low/Medium,P-1,0.0,24.0,0.0
Oakley,,037410010,Residential Low/Medium,P-1,0.0,24.0,0.0
Oakley,,037400042,Residential Low/Medium,P-1,0.0,24.0,0.0
Oakley,,037400044,Residential Low/Medium,P-1,0.0,24.0,0.0
Oakley,,037400043,Residential Low/Medium,P-1,0.0,24.0,0.0
Oakley,,037400051,Residential Low/Medium,P-1,0.0,24.0,0.0
Oakley,,037400050,Residential Low/Medium,P-1,0.0,24.0,0.0
Oakley,,037400047,Residential Low/Medium,P-1,0.0,24.0,0.0
Oakley,,037400045,Residential Low/Medium,P-1,0.0,24.0,0.0
Oakley,,037400046,Residential Low/Medium,P-1,0.0,24.0,0.0
Oakley,,037400041,Residential Low/Medium,P-1,0.0,24.0,0.0
Oakley,,037400040,Residential Low/Medium,P-1,0.0,24.0,0.0
Oakley,,037400039,Residential Low/Medium,P-1,0.0,24.0,0.0
Oakley,,037400038,Residential Low/Medium,P-1,0.0,24.0,0.0
Oakley,,037400036,Residential Low/Medium,P-1,0.0,24.0,0.0
Oakley,,037400037,Residential Low/Medium,P-1,0.0,24.0,0.0
Oakley,,037400011,Residential Low/Medium,P-1,0.0,24.0,0.0
Oakley,,037400010,Residential Low/Medium,P-1,0.0,24.0,0.0
Oakley,,037400009,Residential Low/Medium,P-1,0.0,24.0,0.0
Oakley,,037400008,Residential Low/Medium,P-1,0.0,24.0,0.0
Oakley,,037400007,Residential Low/Medium,P-1,0.0,24.0,0.0
Oakley,,037131010,Residential Low/Medium,R-6,0.0,7.3,0.0
Oakley,,037131011,Residential Low/Medium,R-6,0.0,7.3,0.0
Oakley,,037131012,Residential Low/Medium,R-6,0.0,7.3,0.0
Oakley,,037132008,Residential Low/Medium,R-6,0.0,7.3,0.0
Oakley,,037132009,Residential Low/Medium,R-6,0.0,7.3,0.0
Oakley,,037132010,Residential Low/Medium,R-6,0.0,7.3,0.0
Oakley,,037400006,Residential Low/Medium,P-1,0.0,24.0,0.0
Oakley,,037400005,Residential Low/Medium,P-1,0.0,24.0,0.0
Oakley,,037400004,Residential Low/Medium,P-1,0.0,24.0,0.0
Oakley,,037400003,Residential Low/Medium,P-1,0.0,24.0,0.0
Oakley,,037132017,Residential Low/Medium,P-1,0.0,24.0,0.0
Oakley,,037132016,Residential Low/Medium,P-1,0.0,24.0,0.0
Oakley,,037132015,Residential Low/Medium,P-1,0.0,24.0,0.0
Oakley,,037132014,Residential Low/Medium,P-1,0.0,24.0,0.0
Oakley,,037132013,Residential Low/Medium,P-1,0.0,24.0,0.0
Oakley,,037132011,Residential Low/Medium,P-1,0.0,24.0,0.0
Oakley,,037132012,Residential Low/Medium,P-1,0.0,24.0,0.0
Oakley,,037400001,Residential Low/Medium,P-1,0.0,24.0,0.0
Oakley,,037400002,Residential Low/Medium,P-1,0.0,24.0,0.0
Oakley,,037400049,Residential Low/Medium,P-1,0.0,24.0,0.0
Oakley,,037400048,Residential Low/Medium,P-1,0.0,24.0,0.0
Oakley,,037410011,Residential Low/Medium,P-1,0.0,24.0,0.0
Oakley,,037410040,Residential Low/Medium,P-1,0.0,24.0,0.0
Oakley,,037410012,Residential Low/Medium,P-1,0.0,24.0,0.0
Oakley,,037410013,Residential Low/Medium,P-1,0.0,24.0,0.0
Oakley,,037410014,Residential Low/Medium,P-1,0.0,24.0,0.0
Oakley,,037410015,Residential Low/Medium,P-1,0.0,24.0,0.0
Oakley,,037410036,Residential Low/Medium,P-1,0.0,24.0,0.0
Oakley,,037410037,Residential Low/Medium,P-1,0.0,24.0,0.0
Oakley,,037410038,Residential Low/Medium,P-1,0.0,24.0,0.0
Oakley,,037410039,Residential Low/Medium,P-1,0.0,24.0,0.0
Oakley,,037222002,Residential Low/Medium,P-1,0.0,24.0,0.0
Oakley,,037222003,Residential Low/Medium,P-1,0.0,24.0,0.0
Oakley,,037222004,Residential Low/Medium,P-1,0.0,24.0,0.0
Oakley,,037222005,Residential Low/Medium,P-1,0.0,24.0,0.0
Oakley,,037222001,Residential Low/Medium,P-1,0.0,24.0,0.0
Oakley,,037133010,Residential Low/Medium,P-1,0.0,24.0,0.0
Oakley,,037133011,Residential Low/Medium,P-1,0.0,24.0,0.0
Oakley,,037133012,Residential Low/Medium,P-1,0.0,24.0,0.0
Oakley,,037122018,Residential Low/Medium,P-1,0.0,24.0,0.0
Oakley,,037221003,Residential Low/Medium,P-1,0.0,24.0,0.0
Oakley,,037221013,Residential Low/Medium,P-1,0.0,24.0,0.0
Oakley,,037221004,Residential Low/Medium,P-1,0.0,24.0,0.0
Oakley,,037221005,Residential Low/Medium,P-1,0.0,24.0,0.0
Oakley,,037221006,Residential Low/Medium,P-1,0.0,24.0,0.0
Oakley,,037221007,Residential Low/Medium,P-1,0.0,24.0,0.0
Oakley,,037221008,Residential Low/Medium,P-1,0.0,24.0,0.0
Oakley,,037221015,Residential Low/Medium,P-1,0.0,24.0,0.0
Oakley,,037221014,Residential Low/Medium,P-1,0.0,24.0,0.0
Oakley,,037221002,Residential Low/Medium,P-1,0.0,24.0,0.0
Oakley,,037211005,Residential Low/Medium,P-1,0.0,24.0,0.0
Oakley,,037211004,Residential Low/Medium,P-1,0.0,24.0,0.0
Oakley,,037221016,Residential Low/Medium,P-1,0.0,24.0,0.0
Oakley,,037211001,Residential Low/Medium,P-1,0.0,24.0,0.0
Oakley,,037211003,Residential Low/Medium,P-1,0.0,24.0,0.0
Oakley,,037211007,Residential Low/Medium,P-1,0.0,24.0,0.0
Oakley,,037211006,Residential Low/Medium,P-1,0.0,24.0,0.0
Oakley,,037221001,Residential Low/Medium,P-1,0.0,24.0,0.0
Oakley,,037123003,Residential Low/Medium,P-1,0.0,24.0,0.0
Oakley,,037123004,Residential Low/Medium,P-1,0.0,24.0,0.0
Oakley,,037123054,Residential Low/Medium,R-6,0.0,7.3,0.0
Oakley,,037123047,Residential Low/Medium,P-1,0.0,24.0,0.0
Oakley,,037123006,Residential Low/Medium,P-1,0.0,24.0,0.0
Oakley,,037123007,Residential Low/Medium,P-1,0.0,24.0,0.0
Oakley,,037123001,Residential Low/Medium,P-1,0.0,24.0,0.0
Oakley,,037123002,Residential Low/Medium,P-1,0.0,24.0,0.0
Oakley,,037122017,Residential Low/Medium,P-1,0.0,24.0,0.0
Oakley,,037122016,Residential Low/Medium,P-1,0.0,24.0,0.0
Oakley,,037122015,Residential Low/Medium,P-1,0.0,24.0,0.0
Oakley,,037122013,Residential Low/Medium,P-1,0.0,24.0,0.0
Oakley,,037122014,Residential Low/Medium,P-1,0.0,24.0,0.0
Oakley,,037122012,Residential Low/Medium,P-1,0.0,24.0,0.0
Oakley,,037123009,Residential Low/Medium,P-1,0.0,24.0,0.0
Oakley,,037123011,Residential Low/Medium,P-1,0.0,24.0,0.0
Oakley,,037123010,Residential Low/Medium,P-1,0.0,24.0,0.0
Oakley,,037123008,Residential Low/Medium,P-1,0.0,24.0,0.0
Oakley,,037123012,Residential Low/Medium,P-1,0.0,24.0,0.0
Oakley,,037123005,Residential Low/Medium,P-1,0.0,24.0,0.0
Oakley,,037123015,Residential Low/Medium,P-1,0.0,24.0,0.0
Oakley,,037123014,Residential Low/Medium,P-1,0.0,24.0,0.0
Oakley,,037123013,Residential Low/Medium,P-1,0.0,24.0,0.0
Oakley,,037124009,Residential Low/Medium,P-1,0.0,24.0,0.0
Oakley,,037125008,Residential Low/Medium,P-1,0.0,24.0,0.0
Oakley,,037125007,Residential Low/Medium,P-1,0.0,24.0,0.0
Oakley,,037125006,Residential Low/Medium,P-1,0.0,24.0,0.0
Oakley,,037124010,Residential Low/Medium,P-1,0.0,24.0,0.0
Oakley,,037124011,Residential Low/Medium,P-1,0.0,24.0,0.0
Oakley,,037124012,Residential Low/Medium,P-1,0.0,24.0,0.0
Oakley,,037124013,Residential Low/Medium,P-1,0.0,24.0,0.0
Oakley,,037124014,Residential Low/Medium,P-1,0.0,24.0,0.0
Oakley,,037124015,Residential Low/Medium,P-1,0.0,24.0,0.0
Oakley,,037125003,Residential Low/Medium,P-1,0.0,24.0,0.0
Oakley,,037125002,Residential Low/Medium,P-1,0.0,24.0,0.0
Oakley,,037125004,Residential Low/Medium,P-1,0.0,24.0,0.0
Oakley,,037125005,Residential Low/Medium,P-1,0.0,24.0,0.0
Oakley,,037125009,Residential Low/Medium,P-1,0.0,24.0,0.0
Oakley,,037125010,Residential Low/Medium,P-1,0.0,24.0,0.0
Oakley,,037125011,Residential Low/Medium,P-1,0.0,24.0,0.0
Oakley,,037125012,Residential Low/Medium,P-1,0.0,24.0,0.0
Oakley,,037125013,Residential Low/Medium,P-1,0.0,24.0,0.0
Oakley,,037125014,Residential Low/Medium,P-1,0.0,24.0,0.0
Oakley,,037125015,Residential Low/Medium,P-1,0.0,24.0,0.0
Oakley,,037122005,Residential Low/Medium,P-1,0.0,24.0,0.0
Oakley,,037122004,Residential Low/Medium,P-1,0.0,24.0,0.0
Oakley,,037122003,Residential Low/Medium,P-1,0.0,24.0,0.0
Oakley,,037122008,Residential Low/Medium,P-1,0.0,24.0,0.0
Oakley,,037122007,Residential Low/Medium,P-1,0.0,24.0,0.0
Oakley,,037122006,Residential Low/Medium,P-1,0.0,24.0,0.0
Oakley,,037122011,Residential Low/Medium,P-1,0.0,24.0,0.0
Oakley,,037122010,Residential Low/Medium,P-1,0.0,24.0,0.0
Oakley,,037122009,Residential Low/Medium,P-1,0.0,24.0,0.0
Oakley,,037133008,Residential Low/Medium,P-1,0.0,24.0,0.0
Oakley,,037133009,Residential Low/Medium,P-1,0.0,24.0,0.0
Oakley,,037133007,Residential Low/Medium,P-1,0.0,24.0,0.0
Oakley,,037133006,Residential Low/Medium,P-1,0.0,24.0,0.0
Oakley,,037133005,Residential Low/Medium,P-1,0.0,24.0,0.0
Oakley,,037133004,Residential Low/Medium,P-1,0.0,24.0,0.0
Oakley,,037133003,Residential Low/Medium,P-1,0.0,24.0,0.0
Oakley,,037133002,Residential Low/Medium,P-1,0.0,24.0,0.0
Oakley,,037132021,Residential Low/Medium,P-1,0.0,24.0,0.0
Oakley,,037132020,Residential Low/Medium,P-1,0.0,24.0,0.0
Oakley,,037132019,Residential Low/Medium,P-1,0.0,24.0,0.0
Oakley,,037132018,Residential Low/Medium,P-1,0.0,24.0,0.0
Oakley,,037132007,Residential Low/Medium,R-6,0.0,7.3,0.0
Oakley,,037132025,Residential Low/Medium,P-1,0.0,24.0,0.0
Oakley,,037132024,Residential Low/Medium,P-1,0.0,24.0,0.0
Oakley,,037132023,Residential Low/Medium,P-1,0.0,24.0,0.0
Oakley,,037132022,Residential Low/Medium,P-1,0.0,24.0,0.0
Oakley,,037133001,Residential Low/Medium,P-1,0.0,24.0,0.0
Oakley,,037132036,Residential Low/Medium,P-1,0.0,24.0,0.0
Oakley,,037132035,Residential Low/Medium,P-1,0.0,24.0,0.0
Oakley,,037132034,Residential Low/Medium,P-1,0.0,24.0,0.0
Oakley,,037132033,Residential Low/Medium,P-1,0.0,24.0,0.0
Oakley,,037132031,Residential Low/Medium,P-1,0.0,24.0,0.0
Oakley,,037121004,Residential Low/Medium,P-1,0.0,24.0,0.0
Oakley,,037132032,Residential Low/Medium,P-1,0.0,24.0,0.0
Oakley,,037121007,Residential Low/Medium,P-1,0.0,24.0,0.0
Oakley,,037121006,Residential Low/Medium,P-1,0.0,24.0,0.0
Oakley,,037121005,Residential Low/Medium,P-1,0.0,24.0,0.0
Oakley,,037121016,Residential Low/Medium,P-1,0.0,24.0,0.0
Oakley,,037121008,Residential Low/Medium,P-1,0.0,24.0,0.0
Oakley,,037121009,Residential Low/Medium,P-1,0.0,24.0,0.0
Oakley,,037122002,Residential Low/Medium,P-1,0.0,24.0,0.0
Oakley,,037122001,Residential Low/Medium,P-1,0.0,24.0,0.0
Oakley,,037125016,Residential Low/Medium,P-1,0.0,24.0,0.0
Oakley,,037125017,Residential Low/Medium,P-1,0.0,24.0,0.0
Oakley,,037121018,Residential Low/Medium,P-1,0.0,24.0,0.0
Oakley,,037121017,Residential Low/Medium,P-1,0.0,24.0,0.0
Oakley,,037121019,Residential Low/Medium,P-1,0.0,24.0,0.0
Oakley,,037125001,Residential Low/Medium,P-1,0.0,24.0,0.0
Oakley,,037124016,Residential Low/Medium,P-1,0.0,24.0,0.0
Oakley,,037124017,Residential Low/Medium,P-1,0.0,24.0,0.0
Oakley,,037121030,Residential Low/Medium,P-1,0.0,24.0,0.0
Oakley,,037121029,Residential Low/Medium,P-1,0.0,24.0,0.0
Oakley,,037121028,Residential Low/Medium,P-1,0.0,24.0,0.0
Oakley,,037121021,Residential Low/Medium,P-1,0.0,24.0,0.0
Oakley,,037121020,Residential Low/Medium,P-1,0.0,24.0,0.0
Oakley,,037121022,Residential Low/Medium,P-1,0.0,24.0,0.0
Oakley,,037121027,Residential Low/Medium,P-1,0.0,24.0,0.0
Oakley,,037121025,Residential Low/Medium,P-1,0.0,24.0,0.0
Oakley,,037121011,Residential Low/Medium,P-1,0.0,24.0,0.0
Oakley,,037121024,Residential Low/Medium,P-1,0.0,24.0,0.0
Oakley,,037121023,Residential Low/Medium,P-1,0.0,24.0,0.0
Oakley,,037121015,Residential Low/Medium,P-1,0.0,24.0,0.0
Oakley,,037121014,Residential Low/Medium,P-1,0.0,24.0,0.0
Oakley,,037121013,Residential Low/Medium,P-1,0.0,24.0,0.0
Oakley,,037121012,Residential Low/Medium,P-1,0.0,24.0,0.0
Oakley,,037121003,Residential Low/Medium,P-1,0.0,24.0,0.0
Oakley,,037121002,Residential Low/Medium,P-1,0.0,24.0,0.0
Oakley,,037121001,Residential Low/Medium,P-1,0.0,24.0,0.0
Oakley,,037121039,Residential Low/Medium,P-1,0.0,24.0,0.0
Oakley,,037121010,Residential Low/Medium,P-1,0.0,24.0,0.0
Oakley,,037121041,Residential Low/Medium,P-1,0.0,24.0,0.241
Oakley,,037110031,Commercial,C,0.0,0.0,9.987
Oakley,,037110032,Commercial,C,0.0,0.0,1.974
Oakley,,037132030,Residential Low/Medium,P-1,0.0,24.0,0.0
Oakley,,037132029,Residential Low/Medium,P-1,0.0,24.0,0.0
Oakley,,037132028,Residential Low/Medium,P-1,0.0,24.0,0.0
Oakley,,037132027,Residential Low/Medium,P-1,0.0,24.0,0.0
Oakley,,037132026,Residential Low/Medium,P-1,0.0,24.0,0.0
Oakley,,037132039,Commercial,C,0.0,0.0,0.75
Oakley,,037132004,Residential Low/Medium,R-6,0.0,7.3,0.0
Oakley,,037132005,Residential Low/Medium,R-6,0.0,7.3,0.0
Oakley,,037132006,Residential Low/Medium,R-6,0.0,7.3,0.0
Oakley,,037131005,Residential Low/Medium,R-6,0.0,7.3,0.0
Oakley,,037131006,Residential Low/Medium,R-6,0.0,7.3,0.0
Oakley,,037131007,Residential Low/Medium,R-6,0.0,7.3,0.0
Oakley,,037131015,Commercial,C,0.0,0.0,0.754
Oakley,,037242015,Parks and Recreation,P-1,0.0,24.0,0.0
Oakley,,037242010,Residential Low/Medium,R-6,0.0,7.3,0.0
Oakley,,037242008,Residential Low/Medium,R-6,0.0,7.3,0.0
Oakley,,037242007,Residential Low/Medium,R-6,0.0,7.3,0.0
Oakley,,037242006,Residential Low/Medium,R-6,0.0,7.3,0.0
Oakley,,037242005,Residential Low/Medium,R-6,0.0,7.3,0.0
Oakley,,037400025,Residential Low/Medium,P-1,0.0,24.0,0.0
Oakley,,037400024,Residential Low/Medium,P-1,0.0,24.0,0.0
Oakley,,037142007,Commercial,C,0.0,0.0,2.75
Oakley,,037400023,Residential Low/Medium,P-1,0.0,24.0,0.0
Oakley,,037142008,Commercial,C,0.0,0.0,1.072
Oakley,,037400020,Residential Low/Medium,P-1,0.0,24.0,0.0
Oakley,,037400021,Residential Low/Medium,P-1,0.0,24.0,0.0
Oakley,,037400022,Residential Low/Medium,P-1,0.0,24.0,0.0
Oakley,,037400028,Residential Low/Medium,P-1,0.0,24.0,0.0
Oakley,,037400029,Residential Low/Medium,P-1,0.0,24.0,0.0
Oakley,,037400016,Residential Low/Medium,P-1,0.0,24.0,0.0
Oakley,,037400017,Residential Low/Medium,P-1,0.0,24.0,0.0
Oakley,,037400018,Residential Low/Medium,P-1,0.0,24.0,0.0
Oakley,,037400019,Residential Low/Medium,P-1,0.0,24.0,0.0
Oakley,,037131004,Residential Low/Medium,R-6,0.0,7.3,0.0
Oakley,,037131003,Residential Low/Medium,R-6,0.0,7.3,0.0
Oakley,,037131002,Residential Low/Medium,R-6,0.0,7.3,0.0
Oakley,,037400012,Residential Low/Medium,P-1,0.0,24.0,0.0
Oakley,,037400013,Residential Low/Medium,P-1,0.0,24.0,0.0
Oakley,,037400014,Residential Low/Medium,P-1,0.0,24.0,0.0
Oakley,,037400015,Residential Low/Medium,P-1,0.0,24.0,0.0
Oakley,,037400027,Residential Low/Medium,P-1,0.0,24.0,0.0
Oakley,,037400030,Residential Low/Medium,P-1,0.0,24.0,0.0
Oakley,,037400033,Residential Low/Medium,P-1,0.0,24.0,0.0
Oakley,,037400034,Residential Low/Medium,P-1,0.0,24.0,0.0
Oakley,,037400035,Residential Low/Medium,P-1,0.0,24.0,0.0
Oakley,,037400032,Residential Low/Medium,P-1,0.0,24.0,0.0
Oakley,,037400031,Residential Low/Medium,P-1,0.0,24.0,0.0
Oakley,,037400026,Residential Low/Medium,P-1,0.0,24.0,0.0
Oakley,,037270003,Residential Low/Medium,R-6,0.0,7.3,0.0
Oakley,,037270006,Residential Low/Medium,P-1,0.0,24.0,0.0
Oakley,,037141005,Parks and Recreation,P-1,0.0,24.0,1.43
Oakley,,037270010,Residential Low/Medium,P-1,0.0,24.0,0.0
Oakley,,037270011,Residential Low/Medium,P-1,0.0,24.0,0.0
Oakley,,037270009,Residential Low/Medium,P-1,0.0,24.0,0.0
Oakley,,037270008,Residential Low/Medium,P-1,0.0,24.0,0.0
Oakley,,037270007,Residential Low/Medium,P-1,0.0,24.0,0.0
Oakley,,037270032,Residential Low/Medium,P-1,0.0,24.0,0.0
Oakley,,037270015,Residential Low/Medium,P-1,0.0,24.0,0.0
Oakley,,037270013,Residential Low/Medium,P-1,0.0,24.0,0.0
Oakley,,037270014,Residential Low/Medium,P-1,0.0,24.0,0.0
Oakley,,037270012,Residential Low/Medium,P-1,0.0,24.0,0.0
Oakley,,037270016,Residential Low/Medium,P-1,0.0,24.0,0.0
Oakley,,037141006,Parks and Recreation,P-1,0.0,24.0,5.76
Oakley,,037270020,Residential Low/Medium,P-1,0.0,24.0,0.0
Oakley,,037270018,Residential Low/Medium,P-1,0.0,24.0,0.0
Oakley,,037270019,Residential Low/Medium,P-1,0.0,24.0,0.0
Oakley,,037270022,Residential Low/Medium,P-1,0.0,24.0,0.0
Oakley,,037270021,Residential Low/Medium,P-1,0.0,24.0,0.0
Oakley,,037270025,Residential Low/Medium,P-1,0.0,24.0,0.0
Oakley,,037270027,Residential Low/Medium,P-1,0.0,24.0,0.0
Oakley,,037270017,Residential Low/Medium,P-1,0.0,24.0,0.0
Oakley,,037270030,Residential Low/Medium,P-1,0.0,24.0,0.0
Oakley,,037270031,Residential Low/Medium,P-1,0.0,24.0,0.0
Oakley,,037270029,Residential Low/Medium,P-1,0.0,24.0,0.0
Oakley,,037270028,Residential Low/Medium,P-1,0.0,24.0,0.0
Oakley,,037270026,Residential Low/Medium,P-1,0.0,24.0,0.0
Oakley,,037270043,Residential Low/Medium,P-1,0.0,24.0,0.0
Oakley,,037270044,Residential Low/Medium,P-1,0.0,24.0,0.0
Oakley,,037270042,Residential Low/Medium,P-1,0.0,24.0,0.0
Oakley,,037270041,Residential Low/Medium,P-1,0.0,24.0,0.0
Oakley,,037270039,Residential Low/Medium,P-1,0.0,24.0,0.0
Oakley,,037270040,Residential Low/Medium,P-1,0.0,24.0,0.0
Oakley,,037270115,Residential Low/Medium,P-1,0.0,24.0,0.0
Oakley,,037253015,Residential Low/Medium,R-6,0.0,7.3,0.0
Oakley,,037253014,Residential Low/Medium,R-6,0.0,7.3,0.0
Oakley,,037253013,Residential Low/Medium,R-6,0.0,7.3,0.0
Oakley,,037253012,Residential Low/Medium,R-6,0.0,7.3,0.0
Oakley,,037270038,Residential Low/Medium,P-1,0.0,24.0,0.0
Oakley,,037241002,Residential Low/Medium,R-6,0.0,7.3,0.0
Oakley,,037270037,Residential Low/Medium,P-1,0.0,24.0,0.0
Oakley,,037270036,Residential Low/Medium,P-1,0.0,24.0,0.0
Oakley,,037270035,Residential Low/Medium,P-1,0.0,24.0,0.0
Oakley,,037241001,Residential Low/Medium,R-6,0.0,7.3,0.0
Oakley,,037253010,Residential Low/Medium,R-6,0.0,7.3,0.0
Oakley,,037253009,Residential Low/Medium,R-6,0.0,7.3,0.0
Oakley,,037253008,Residential Low/Medium,R-6,0.0,7.3,0.0
Oakley,,037253007,Residential Low/Medium,R-6,0.0,7.3,0.0
Oakley,,037253003,Residential Low/Medium,R-6,0.0,7.3,0.0
Oakley,,037253004,Residential Low/Medium,R-6,0.0,7.3,0.0
Oakley,,037241007,Residential Low/Medium,R-6,0.0,7.3,0.0
Oakley,,037233001,Residential Low/Medium,R-6,0.0,7.3,0.0
Oakley,,037241008,Residential Low/Medium,R-6,0.0,7.3,0.0
Oakley,,037241009,Residential Low/Medium,R-6,0.0,7.3,0.0
Oakley,,037241005,Residential Low/Medium,R-6,0.0,7.3,0.0
Oakley,,037241006,Residential Low/Medium,R-6,0.0,7.3,0.0
Oakley,,037241004,Residential Low/Medium,R-6,0.0,7.3,0.0
Oakley,,037241003,Residential Low/Medium,R-6,0.0,7.3,0.0
Oakley,,037270034,Residential Low/Medium,P-1,0.0,24.0,0.0
Oakley,,037270033,Residential Low/Medium,P-1,0.0,24.0,0.0
Oakley,,037270005,Residential Low/Medium,P-1,0.0,24.0,0.0
Oakley,,037241011,Residential Low/Medium,R-6,0.0,7.3,0.0
Oakley,,037241010,Residential Low/Medium,R-6,0.0,7.3,0.0
Oakley,,037243009,Residential Low/Medium,R-6,0.0,7.3,0.0
Oakley,,037270116,Residential Low/Medium,P-1,0.0,24.0,0.0
Oakley,,037270004,Residential Low/Medium,P-1,0.0,24.0,0.0
Oakley,,037270002,Residential Low/Medium,R-6,0.0,7.3,0.0
Oakley,,037270001,Residential Low/Medium,R-6,0.0,7.3,0.0
Oakley,,037242001,Residential Low/Medium,R-6,0.0,7.3,0.0
Oakley,,037243008,Residential Low/Medium,R-6,0.0,7.3,0.0
Oakley,,037234007,Residential Low/Medium,R-6,0.0,7.3,0.0
Oakley,,037243010,Residential Low/Medium,R-6,0.0,7.3,0.0
Oakley,,037243011,Residential Low/Medium,R-6,0.0,7.3,0.0
Oakley,,037243012,Residential Low/Medium,R-6,0.0,7.3,0.0
Oakley,,037234008,Residential Low/Medium,R-6,0.0,7.3,0.0
Oakley,,037234033,Residential Low/Medium,R-6,0.0,7.3,0.0
Oakley,,037234034,Residential Low/Medium,R-6,0.0,7.3,0.0
Oakley,,037234035,Residential Low/Medium,R-6,0.0,7.3,0.0
Oakley,,037233002,Residential Low/Medium,R-6,0.0,7.3,0.0
Oakley,,037251001,Residential Low/Medium,R-6,0.0,7.3,0.0
Oakley,,037234022,Residential Low/Medium,R-6,0.0,7.3,0.0
Oakley,,037234023,Residential Low/Medium,R-6,0.0,7.3,0.0
Oakley,,037234025,Residential Low/Medium,R-6,0.0,7.3,0.0
Oakley,,037234024,Residential Low/Medium,R-6,0.0,7.3,0.0
Oakley,,037234032,Residential Low/Medium,R-6,0.0,7.3,0.0
Oakley,,037234026,Residential Low/Medium,R-6,0.0,7.3,0.0
Oakley,,037231027,Residential Low/Medium,R-6,0.0,7.3,0.0
Oakley,,037232001,Residential Low/Medium,R-6,0.0,7.3,0.0
Oakley,,037232002,Residential Low/Medium,R-6,0.0,7.3,0.0
Oakley,,037232011,Residential Low/Medium,R-6,0.0,7.3,0.0
Oakley,,037232012,Residential Low/Medium,R-6,0.0,7.3,0.0
Oakley,,037234021,Residential Low/Medium,R-6,0.0,7.3,0.0
Oakley,,037234020,Residential Low/Medium,R-6,0.0,7.3,0.0
Oakley,,037234028,Residential Low/Medium,R-6,0.0,7.3,0.0
Oakley,,037234027,Residential Low/Medium,R-6,0.0,7.3,0.0
Oakley,,037234029,Residential Low/Medium,R-6,0.0,7.3,0.0
Oakley,,037234031,Residential Low/Medium,R-6,0.0,7.3,0.0
Oakley,,037234030,Residential Low/Medium,R-6,0.0,7.3,0.0
Oakley,,037234018,Residential Low/Medium,R-6,0.0,7.3,0.0
Oakley,,037234019,Residential Low/Medium,R-6,0.0,7.3,0.0
Oakley,,037235002,Residential Low/Medium,R-6,0.0,7.3,0.0
Oakley,,037235003,Residential Low/Medium,R-6,0.0,7.3,0.0
Oakley,,037235009,Residential Low/Medium,R-6,0.0,7.3,0.0
Oakley,,037234015,Residential Low/Medium,R-6,0.0,7.3,0.0
Oakley,,037234013,Residential Low/Medium,R-6,0.0,7.3,0.0
Oakley,,037234016,Residential Low/Medium,R-6,0.0,7.3,0.0
Oakley,,037234014,Residential Low/Medium,R-6,0.0,7.3,0.0
Oakley,,037234003,Residential Low/Medium,R-6,0.0,7.3,0.0
Oakley,,037234012,Residential Low/Medium,R-6,0.0,7.3,0.0
Oakley,,037234017,Residential Low/Medium,R-6,0.0,7.3,0.0
Oakley,,037234011,Residential Low/Medium,R-6,0.0,7.3,0.0
Oakley,,037234010,Residential Low/Medium,R-6,0.0,7.3,0.0
Oakley,,037234009,Residential Low/Medium,R-6,0.0,7.3,0.0
Oakley,,037234005,Residential Low/Medium,R-6,0.0,7.3,0.0
Oakley,,037234004,Residential Low/Medium,R-6,0.0,7.3,0.0
Oakley,,037243004,Residential Low/Medium,R-6,0.0,7.3,0.0
Oakley,,037243006,Residential Low/Medium,R-6,0.0,7.3,0.0
Oakley,,037243005,Residential Low/Medium,R-6,0.0,7.3,0.0
Oakley,,037234006,Residential Low/Medium,R-6,0.0,7.3,0.0
Oakley,,037243007,Residential Low/Medium,R-6,0.0,7.3,0.0
Oakley,,037242002,Residential Low/Medium,R-6,0.0,7.3,0.0
Oakley,,037242003,Residential Low/Medium,R-6,0.0,7.3,0.0
Oakley,,037242004,Residential Low/Medium,R-6,0.0,7.3,0.0
Oakley,,037243003,Residential Low/Medium,R-6,0.0,7.3,0.0
Oakley,,037243002,Residential Low/Medium,R-6,0.0,7.3,0.0
Oakley,,037242009,Residential Low/Medium,R-6,0.0,7.3,0.0
Oakley,,037242011,Residential Low/Medium,R-6,0.0,7.3,0.0
Oakley,,037242012,Residential Low/Medium,R-6,0.0,7.3,0.0
Oakley,,037242013,Residential Low/Medium,R-6,0.0,7.3,0.0
Oakley,,037242014,Residential Low/Medium,R-6,0.0,7.3,0.0
Oakley,,037235014,Residential Low/Medium,R-6,0.0,7.3,0.0
Oakley,,037243001,Residential Low/Medium,R-6,0.0,7.3,0.0
Oakley,,037234002,Residential Low/Medium,R-6,0.0,7.3,0.0
Oakley,,037234001,Residential Low/Medium,R-6,0.0,7.3,0.0
Oakley,,037235013,Residential Low/Medium,R-6,0.0,7.3,0.0
Oakley,,037235012,Residential Low/Medium,R-6,0.0,7.3,0.0
Oakley,,037235011,Residential Low/Medium,R-6,0.0,7.3,0.0
Oakley,,037235010,Residential Low/Medium,R-6,0.0,7.3,0.0
Oakley,,037020007,Business Park,BPL,0.0,0.0,88.757
Oakley,,03704C005,Commercial,SP-2,0.0,17.0,0.0
Oakley,,037235008,Residential Low/Medium,R-6,0.0,7.3,0.0
Oakley,,037235007,Residential Low/Medium,R-6,0.0,7.3,0.0
Oakley,,037235006,Residential Low/Medium,R-6,0.0,7.3,0.0
Oakley,,037235004,Residential Low/Medium,R-6,0.0,7.3,0.0
Oakley,,037235005,Residential Low/Medium,R-6,0.0,7.3,0.0
Oakley,,037231001,Residential Low/Medium,R-6,0.0,7.3,0.0
Oakley,,037231002,Residential Low/Medium,R-6,0.0,7.3,0.0
Oakley,,037232022,Residential Low/Medium,R-6,0.0,7.3,0.0
Oakley,,037232023,Residential Low/Medium,R-6,0.0,7.3,0.0
Oakley,,037235001,Residential Low/Medium,R-6,0.0,7.3,0.0
Oakley,,037232013,Residential Low/Medium,R-6,0.0,7.3,0.0
Oakley,,037232014,Residential Low/Medium,R-6,0.0,7.3,0.0
Oakley,,037232010,Residential Low/Medium,R-6,0.0,7.3,0.0
Oakley,,037232015,Residential Low/Medium,R-6,0.0,7.3,0.0
Oakley,,037232017,Residential Low/Medium,R-6,0.0,7.3,0.0
Oakley,,037232018,Residential Low/Medium,R-6,0.0,7.3,0.0
Oakley,,037232016,Residential Low/Medium,R-6,0.0,7.3,0.0
Oakley,,037232021,Residential Low/Medium,R-6,0.0,7.3,0.0
Oakley,,037232020,Residential Low/Medium,R-6,0.0,7.3,0.0
Oakley,,037231003,Residential Low/Medium,R-6,0.0,7.3,0.0
Oakley,,037231004,Residential Low/Medium,R-6,0.0,7.3,0.0
Oakley,,037231005,Residential Low/Medium,R-6,0.0,7.3,0.0
Oakley,,037231006,Residential Low/Medium,R-6,0.0,7.3,0.0
Oakley,,037231007,Residential Low/Medium,R-6,0.0,7.3,0.0
Oakley,,037232019,Residential Low/Medium,R-6,0.0,7.3,0.0
Oakley,,037231009,Residential Low/Medium,R-6,0.0,7.3,0.0
Oakley,,037231008,Residential Low/Medium,R-6,0.0,7.3,0.0
Oakley,,037231010,Residential Low/Medium,R-6,0.0,7.3,0.0
Oakley,,037231011,Residential Low/Medium,R-6,0.0,7.3,0.0
Oakley,,037231012,Residential Low/Medium,R-6,0.0,7.3,0.0
Oakley,,037231014,Residential Low/Medium,R-6,0.0,7.3,0.0
Oakley,,037231015,Residential Low/Medium,R-6,0.0,7.3,0.0
Oakley,,037231013,Residential Low/Medium,R-6,0.0,7.3,0.0
Oakley,,037232007,Residential Low/Medium,R-6,0.0,7.3,0.0
Oakley,,037232008,Residential Low/Medium,R-6,0.0,7.3,0.0
Oakley,,037232009,Residential Low/Medium,R-6,0.0,7.3,0.0
Oakley,,037232005,Residential Low/Medium,R-6,0.0,7.3,0.0
Oakley,,037232006,Residential Low/Medium,R-6,0.0,7.3,0.0
Oakley,,037231019,Residential Low/Medium,R-6,0.0,7.3,0.0
Oakley,,037231017,Residential Low/Medium,R-6,0.0,7.3,0.0
Oakley,,037231016,Residential Low/Medium,R-6,0.0,7.3,0.0
Oakley,,037231018,Residential Low/Medium,R-6,0.0,7.3,0.0
Oakley,,037291014,Residential Low/Medium,R-6,0.0,7.3,0.0
Oakley,,037291020,Residential Low/Medium,R-6,0.0,7.3,0.0
Oakley,,037291021,Residential Low/Medium,R-6,0.0,7.3,0.0
Oakley,,037291022,Residential Low/Medium,R-6,0.0,7.3,0.0
Oakley,,037291024,Residential Low/Medium,R-6,0.0,7.3,0.0
Oakley,,037291023,Residential Low/Medium,R-6,0.0,7.3,0.0
Oakley,,037292003,Residential Low/Medium,R-6,0.0,7.3,0.0
Oakley,,037292002,Residential Low/Medium,R-6,0.0,7.3,0.0
Oakley,,037292001,Residential Low/Medium,R-6,0.0,7.3,0.0
Oakley,,037292019,Residential Low/Medium,R-6,0.0,7.3,0.0
Oakley,,037292004,Residential Low/Medium,R-6,0.0,7.3,0.0
Oakley,,037292005,Residential Low/Medium,R-6,0.0,7.3,0.0
Oakley,,037292018,Residential Low/Medium,R-6,0.0,7.3,0.0
Oakley,,037292017,Residential Low/Medium,R-6,0.0,7.3,0.0
Oakley,,037292008,Residential Low/Medium,R-6,0.0,7.3,0.0
Oakley,,037292007,Residential Low/Medium,R-6,0.0,7.3,0.0
Oakley,,037292006,Residential Low/Medium,R-6,0.0,7.3,0.0
Oakley,,037291019,Residential Low/Medium,R-6,0.0,7.3,0.0
Oakley,,037291017,Residential Low/Medium,R-6,0.0,7.3,0.0
Oakley,,037291018,Residential Low/Medium,R-6,0.0,7.3,0.0
Oakley,,037291016,Residential Low/Medium,R-6,0.0,7.3,0.0
Oakley,,037291015,Residential Low/Medium,R-6,0.0,7.3,0.0
Oakley,,037291013,Residential Low/Medium,R-6,0.0,7.3,0.0
Oakley,,037291012,Residential Low/Medium,R-6,0.0,7.3,0.0
Oakley,,037292009,Residential Low/Medium,R-6,0.0,7.3,0.0
Oakley,,037292010,Residential Low/Medium,R-6,0.0,7.3,0.0
Oakley,,037291010,Residential Low/Medium,R-6,0.0,7.3,0.0
Oakley,,037291011,Residential Low/Medium,R-6,0.0,7.3,0.0
Oakley,,037231020,Residential Low/Medium,R-6,0.0,7.3,0.0
Oakley,,037231021,Residential Low/Medium,R-6,0.0,7.3,0.0
Oakley,,037231022,Residential Low/Medium,R-6,0.0,7.3,0.0
Oakley,,037231023,Residential Low/Medium,R-6,0.0,7.3,0.0
Oakley,,037232004,Residential Low/Medium,R-6,0.0,7.3,0.0
Oakley,,037232003,Residential Low/Medium,R-6,0.0,7.3,0.0
Oakley,,037231024,Residential Low/Medium,R-6,0.0,7.3,0.0
Oakley,,037231025,Residential Low/Medium,R-6,0.0,7.3,0.0
Oakley,,037231026,Residential Low/Medium,R-6,0.0,7.3,0.0
Oakley,,037291005,Residential Low/Medium,R-6,0.0,7.3,0.0
Oakley,,037291006,Residential Low/Medium,R-6,0.0,7.3,0.0
Oakley,,037291009,Residential Low/Medium,R-6,0.0,7.3,0.0
Oakley,,037291008,Residential Low/Medium,R-6,0.0,7.3,0.0
Oakley,,037291001,Residential Low/Medium,R-6,0.0,7.3,0.0
Oakley,,037291007,Residential Low/Medium,R-6,0.0,7.3,0.0
Oakley,,037291004,Residential Low/Medium,R-6,0.0,7.3,0.0
Oakley,,037291003,Residential Low/Medium,R-6,0.0,7.3,0.0
Oakley,,037291002,Residential Low/Medium,R-6,0.0,7.3,0.0
Oakley,,037251003,Residential Low/Medium,R-6,0.0,7.3,0.0
Oakley,,037251002,Residential Low/Medium,R-6,0.0,7.3,0.0
Oakley,,037253001,Residential Low/Medium,R-6,0.0,7.3,0.0
Oakley,,037251004,Residential Low/Medium,R-6,0.0,7.3,0.0
Oakley,,037252001,Residential Low/Medium,R-6,0.0,7.3,0.0
Oakley,,037292014,Residential Low/Medium,R-6,0.0,7.3,0.0
Oakley,,037292013,Residential Low/Medium,R-6,0.0,7.3,0.0
Oakley,,037292011,Residential Low/Medium,R-6,0.0,7.3,0.0
Oakley,,037292012,Residential Low/Medium,R-6,0.0,7.3,0.0
Oakley,,037292016,Residential Low/Medium,R-6,0.0,7.3,0.0
Oakley,,037292015,Residential Low/Medium,R-6,0.0,7.3,0.0
Oakley,,037292020,Residential Low/Medium,R-6,0.0,7.3,0.0
Oakley,,037293006,Residential Low/Medium,R-6,0.0,7.3,0.0
Oakley,,037254008,Residential Low/Medium,R-6,0.0,7.3,0.0
Oakley,,037293005,Residential Low/Medium,R-6,0.0,7.3,0.0
Oakley,,037293004,Residential Low/Medium,R-6,0.0,7.3,0.0
Oakley,,037293003,Residential Low/Medium,R-6,0.0,7.3,0.0
Oakley,,037293002,Residential Low/Medium,R-6,0.0,7.3,0.0
Oakley,,037254011,Residential Low/Medium,R-6,0.0,7.3,0.0
Oakley,,037254010,Residential Low/Medium,R-6,0.0,7.3,0.0
Oakley,,037254009,Residential Low/Medium,R-6,0.0,7.3,0.0
Oakley,,037254012,Residential Low/Medium,R-6,0.0,7.3,0.0
Oakley,,037254013,Residential Low/Medium,R-6,0.0,7.3,0.0
Oakley,,037254014,Residential Low/Medium,R-6,0.0,7.3,0.0
Oakley,,037254015,Residential Low/Medium,R-6,0.0,7.3,0.0
Oakley,,037293001,Residential Low/Medium,R-6,0.0,7.3,0.0
Oakley,,037254001,Residential Low/Medium,R-6,0.0,7.3,0.0
Oakley,,037253002,Residential Low/Medium,R-6,0.0,7.3,0.0
Oakley,,037253006,Residential Low/Medium,R-6,0.0,7.3,0.0
Oakley,,037253005,Residential Low/Medium,R-6,0.0,7.3,0.0
Oakley,,037255001,Residential Low/Medium,R-6,0.0,7.3,0.0
Oakley,,037253011,Residential Low/Medium,R-6,0.0,7.3,0.0
Oakley,,037255003,Residential Low/Medium,R-6,0.0,7.3,0.0
Oakley,,037255002,Residential Low/Medium,R-6,0.0,7.3,0.0
Oakley,,037255008,Residential Low/Medium,R-6,0.0,7.3,0.0
Oakley,,037255009,Residential Low/Medium,R-6,0.0,7.3,0.0
Oakley,,037255010,Residential Low/Medium,R-6,0.0,7.3,0.0
Oakley,,037253016,Residential Low/Medium,R-6,0.0,7.3,0.0
Oakley,,037253017,Residential Low/Medium,R-6,0.0,7.3,0.0
Oakley,,037253018,Residential Low/Medium,R-6,0.0,7.3,0.0
Oakley,,037253019,Residential Low/Medium,R-6,0.0,7.3,0.0
Oakley,,037264011,Residential Low/Medium,R-6,0.0,7.3,0.0
Oakley,,037264012,Residential Low/Medium,R-6,0.0,7.3,0.0
Oakley,,037255006,Residential Low/Medium,R-6,0.0,7.3,0.0
Oakley,,037255007,Residential Low/Medium,R-6,0.0,7.3,0.0
Oakley,,037264001,Residential Low/Medium,R-6,0.0,7.3,0.0
Oakley,,037255005,Residential Low/Medium,R-6,0.0,7.3,0.0
Oakley,,037255004,Residential Low/Medium,R-6,0.0,7.3,0.0
Oakley,,037264002,Residential Low/Medium,R-6,0.0,7.3,0.0
Oakley,,037264010,Residential Low/Medium,R-6,0.0,7.3,0.0
Oakley,,037264003,Residential Low/Medium,R-6,0.0,7.3,0.0
Oakley,,037264004,Residential Low/Medium,R-6,0.0,7.3,0.0
Oakley,,037263001,Residential Low/Medium,R-6,0.0,7.3,0.0
Oakley,,037263004,Residential Low/Medium,R-6,0.0,7.3,0.0
Oakley,,037263002,Residential Low/Medium,R-6,0.0,7.3,0.0
Oakley,,037263003,Residential Low/Medium,R-6,0.0,7.3,0.0
Oakley,,037263005,Residential Low/Medium,R-6,0.0,7.3,0.0
Oakley,,037263013,Residential Low/Medium,R-6,0.0,7.3,0.0
Oakley,,037263012,Residential Low/Medium,R-6,0.0,7.3,0.0
Oakley,,037263014,Residential Low/Medium,R-6,0.0,7.3,0.0
Oakley,,037254002,Residential Low/Medium,R-6,0.0,7.3,0.0
Oakley,,037254003,Residential Low/Medium,R-6,0.0,7.3,0.0
Oakley,,037254004,Residential Low/Medium,R-6,0.0,7.3,0.0
Oakley,,037254005,Residential Low/Medium,R-6,0.0,7.3,0.0
Oakley,,037254006,Residential Low/Medium,R-6,0.0,7.3,0.0
Oakley,,037263010,Residential Low/Medium,R-6,0.0,7.3,0.0
Oakley,,037263011,Residential Low/Medium,R-6,0.0,7.3,0.0
Oakley,,037263009,Residential Low/Medium,R-6,0.0,7.3,0.0
Oakley,,037254007,Residential Low/Medium,R-6,0.0,7.3,0.0
Oakley,,037293008,Residential Low/Medium,R-6,0.0,7.3,0.0
Oakley,,037293007,Residential Low/Medium,R-6,0.0,7.3,0.0
Oakley,,037301001,Residential Low/Medium,R-6,0.0,7.3,0.0
Oakley,,037301002,Residential Low/Medium,R-6,0.0,7.3,0.0
Oakley,,037263008,Residential Low/Medium,R-6,0.0,7.3,0.0
Oakley,,037301003,Residential Low/Medium,R-6,0.0,7.3,0.0
Oakley,,037301005,Residential Low/Medium,R-6,0.0,7.3,0.0
Oakley,,037301004,Residential Low/Medium,R-6,0.0,7.3,0.0
Oakley,,037263007,Residential Low/Medium,R-6,0.0,7.3,0.0
Oakley,,037263006,Residential Low/Medium,R-6,0.0,7.3,0.0
Oakley,,037301006,Residential Low/Medium,R-6,0.0,7.3,0.0
Oakley,,037301008,Residential Low/Medium,R-6,0.0,7.3,0.0
Oakley,,037301007,Residential Low/Medium,R-6,0.0,7.3,0.0
Oakley,,037301009,Residential Low/Medium,R-6,0.0,7.3,0.0
Oakley,,037302001,Residential Low/Medium,R-6,0.0,7.3,0.0
Oakley,,037302002,Residential Low/Medium,R-6,0.0,7.3,0.0
Oakley,,037302013,Residential Low/Medium,R-6,0.0,7.3,0.0
Oakley,,037302014,Residential Low/Medium,R-6,0.0,7.3,0.0
Oakley,,037302015,Residential Low/Medium,R-6,0.0,7.3,0.0
Oakley,,037302016,Residential Low/Medium,R-6,0.0,7.3,0.0
Oakley,,037302017,Residential Low/Medium,R-6,0.0,7.3,0.0
Oakley,,037302018,Residential Low/Medium,R-6,0.0,7.3,0.0
Oakley,,037302019,Residential Low/Medium,R-6,0.0,7.3,0.0
Oakley,,037302020,Residential Low/Medium,R-6,0.0,7.3,0.0
Oakley,,037302012,Residential Low/Medium,R-6,0.0,7.3,0.0
Oakley,,037302023,Residential Low/Medium,R-6,0.0,7.3,0.0
Oakley,,037302022,Residential Low/Medium,R-6,0.0,7.3,0.0
Oakley,,037302021,Residential Low/Medium,R-6,0.0,7.3,0.0
Oakley,,037303010,Residential Low/Medium,R-6,0.0,7.3,0.0
Oakley,,037303009,Residential Low/Medium,R-6,0.0,7.3,0.0
Oakley,,037303011,Residential Low/Medium,R-6,0.0,7.3,0.0
Oakley,,037303012,Residential Low/Medium,R-6,0.0,7.3,0.0
Oakley,,037303013,Residential Low/Medium,R-6,0.0,7.3,0.0
Oakley,,037303014,Residential Low/Medium,R-6,0.0,7.3,0.0
Oakley,,037303008,Residential Low/Medium,R-6,0.0,7.3,0.0
Oakley,,037303007,Residential Low/Medium,R-6,0.0,7.3,0.0
Oakley,,037303006,Residential Low/Medium,R-6,0.0,7.3,0.0
Oakley,,037303016,Residential Low/Medium,R-6,0.0,7.3,0.0
Oakley,,037303015,Residential Low/Medium,R-6,0.0,7.3,0.0
Oakley,,037302036,Residential Low/Medium,R-6,0.0,7.3,0.0
Oakley,,037302037,Residential Low/Medium,R-6,0.0,7.3,0.0
Oakley,,037302038,Residential Low/Medium,R-6,0.0,7.3,0.0
Oakley,,037302039,Residential Low/Medium,R-6,0.0,7.3,0.0
Oakley,,037302040,Residential Low/Medium,R-6,0.0,7.3,0.0
Oakley,,037302041,Residential Low/Medium,R-6,0.0,7.3,0.0
Oakley,,037303019,Residential Low/Medium,R-6,0.0,7.3,0.0
Oakley,,037303017,Residential Low/Medium,R-6,0.0,7.3,0.0
Oakley,,037303018,Residential Low/Medium,R-6,0.0,7.3,0.0
Oakley,,037303005,Residential Low/Medium,R-6,0.0,7.3,0.0
Oakley,,037303003,Residential Low/Medium,R-6,0.0,7.3,0.0
Oakley,,037303004,Residential Low/Medium,R-6,0.0,7.3,0.0
Oakley,,037303002,Residential Low/Medium,R-6,0.0,7.3,0.0
Oakley,,037303001,Residential Low/Medium,R-6,0.0,7.3,0.0
Oakley,,037303020,Residential Low/Medium,R-6,0.0,7.3,0.0
Oakley,,037302047,Residential Low/Medium,R-6,0.0,7.3,0.0
Oakley,,037302048,Residential Low/Medium,R-6,0.0,7.3,0.0
Oakley,,037291030,Residential Low/Medium,R-6,0.0,7.3,0.0
Oakley,,037291029,Residential Low/Medium,R-6,0.0,7.3,0.0
Oakley,,037291027,Residential Low/Medium,R-6,0.0,7.3,0.0
Oakley,,037291028,Residential Low/Medium,R-6,0.0,7.3,0.0
Oakley,,037302045,Residential Low/Medium,R-6,0.0,7.3,0.0
Oakley,,037302046,Residential Low/Medium,R-6,0.0,7.3,0.0
Oakley,,037302044,Residential Low/Medium,R-6,0.0,7.3,0.0
Oakley,,037291025,Residential Low/Medium,R-6,0.0,7.3,0.0
Oakley,,037291026,Residential Low/Medium,R-6,0.0,7.3,0.0
Oakley,,037302043,Residential Low/Medium,R-6,0.0,7.3,0.0
Oakley,,037302042,Residential Low/Medium,R-6,0.0,7.3,0.0
Oakley,,037302035,Residential Low/Medium,R-6,0.0,7.3,0.0
Oakley,,037302034,Residential Low/Medium,R-6,0.0,7.3,0.0
Oakley,,037302033,Residential Low/Medium,R-6,0.0,7.3,0.0
Oakley,,037302032,Residential Low/Medium,R-6,0.0,7.3,0.0
Oakley,,037302027,Residential Low/Medium,R-6,0.0,7.3,0.0
Oakley,,037302028,Residential Low/Medium,R-6,0.0,7.3,0.0
Oakley,,037302029,Residential Low/Medium,R-6,0.0,7.3,0.0
Oakley,,037302030,Residential Low/Medium,R-6,0.0,7.3,0.0
Oakley,,037170006,Residential Low/Medium,R-6,0.0,7.3,3.38
Oakley,,037302031,Residential Low/Medium,R-6,0.0,7.3,0.0
Oakley,,037180010,Commercial,CR-A,0.0,17.0,6.76
Oakley,,037030004,Commercial,CR-A,0.0,17.0,2.2
Oakley,,037030006,,CR-A,0.0,17.0,30.11
Oakley,,037020023,Commercial,CR-A,0.0,17.0,1.48
Oakley,,037030002,Commercial,CR-A,0.0,17.0,0.09
Oakley,,037180016,Commercial,CR-A,0.0,17.0,12.39
Oakley,,037020039,Delta Recreation,SP-3,0.0,17.0,72.598
Oakley,,037020033,Light Industrial,P-1,0.0,24.0,30.531
Oakley,,037020035,Light Industrial,P-1,0.0,24.0,2.21
Oakley,,037020038,Light Industrial,P-1,0.0,24.0,0.06
Oakley,,037040007,Commercial,SP-2,0.0,17.0,6.542
Oakley,,037020028,Light Industrial,P-1,0.0,24.0,1.741
Oakley,,037610021,Residential Medium,P-1,0.0,24.0,0.0
Oakley,,037610017,Residential Medium,P-1,0.0,24.0,0.0
Oakley,,037610018,Residential Medium,P-1,0.0,24.0,0.0
Oakley,,037610016,Residential Medium,P-1,0.0,24.0,0.0
Oakley,,037610011,Residential Medium,P-1,0.0,24.0,0.0
Oakley,,037610010,Residential Medium,P-1,0.0,24.0,0.0
Oakley,,037020008,Business Park,BPL,0.0,0.0,4.726
Oakley,,037610009,Residential Medium,P-1,0.0,24.0,0.0
Oakley,,037610008,Residential Medium,P-1,0.0,24.0,0.0
Oakley,,037610007,Residential Medium,P-1,0.0,24.0,0.0
Oakley,,037610006,Residential Medium,P-1,0.0,24.0,0.0
Oakley,,037610004,Residential Medium,P-1,0.0,24.0,0.0
Oakley,,037610005,Residential Medium,P-1,0.0,24.0,0.0
Oakley,,037610003,Residential Medium,P-1,0.0,24.0,0.0
Oakley,,037610001,Residential Medium,P-1,0.0,24.0,0.0
Oakley,,037610161,Residential Medium,P-1,0.0,24.0,0.0
Oakley,,037100029,Commercial,C,0.0,0.0,0.42
Oakley,,037100064,Commercial,C,0.0,0.0,0.305
Oakley,,037100038,Commercial,C,0.0,0.0,3.51
Oakley,,037100034,Public and Semi-Public,P,0.0,0.0,0.0
Oakley,,037100036,Commercial,C,0.0,0.0,0.976
Oakley,,037610075,Residential Medium,P-1,0.0,24.0,0.0
Oakley,,037610076,Residential Medium,P-1,0.0,24.0,0.0
Oakley,,037610077,Residential Medium,P-1,0.0,24.0,0.0
Oakley,,037610083,Residential Medium,P-1,0.0,24.0,0.0
Oakley,,037610084,Residential Medium,P-1,0.0,24.0,0.0
Oakley,,037610082,Residential Medium,P-1,0.0,24.0,0.0
Oakley,,037610078,Residential Medium,P-1,0.0,24.0,0.0
Oakley,,037610002,Residential Medium,P-1,0.0,24.0,0.0
Oakley,,037610079,Residential Medium,P-1,0.0,24.0,0.0
Oakley,,037610080,Residential Medium,P-1,0.0,24.0,0.0
Oakley,,037610081,Residential Medium,P-1,0.0,24.0,0.0
Oakley,,037610122,Residential Medium,P-1,0.0,24.0,0.0
Oakley,,037610123,Residential Medium,P-1,0.0,24.0,0.0
Oakley,,037610124,Residential Medium,P-1,0.0,24.0,0.0
Oakley,,037610125,Residential Medium,P-1,0.0,24.0,0.0
Oakley,,037610128,Residential Medium,P-1,0.0,24.0,0.0
Oakley,,037610127,Residential Medium,P-1,0.0,24.0,0.0
Oakley,,037610126,Residential Medium,P-1,0.0,24.0,0.0
Oakley,,037610119,Residential Medium,P-1,0.0,24.0,0.0
Oakley,,037610120,Residential Medium,P-1,0.0,24.0,0.0
Oakley,,037610121,Residential Medium,P-1,0.0,24.0,0.0
Oakley,,037610110,Residential Medium,P-1,0.0,24.0,0.0
Oakley,,037610111,Residential Medium,P-1,0.0,24.0,0.0
Oakley,,037610112,Residential Medium,P-1,0.0,24.0,0.0
Oakley,,037610088,Residential Medium,P-1,0.0,24.0,0.0
Oakley,,037610090,Residential Medium,P-1,0.0,24.0,0.0
Oakley,,037610091,Residential Medium,P-1,0.0,24.0,0.0
Oakley,,037610089,Residential Medium,P-1,0.0,24.0,0.0
Oakley,,037610069,Residential Medium,P-1,0.0,24.0,0.0
Oakley,,037610070,Residential Medium,P-1,0.0,24.0,0.0
Oakley,,037610087,Residential Medium,P-1,0.0,24.0,0.0
Oakley,,037610113,Residential Medium,P-1,0.0,24.0,0.0
Oakley,,037610085,Residential Medium,P-1,0.0,24.0,0.0
Oakley,,037610086,Residential Medium,P-1,0.0,24.0,0.0
Oakley,,037610071,Residential Medium,P-1,0.0,24.0,0.0
Oakley,,037610072,Residential Medium,P-1,0.0,24.0,0.0
Oakley,,037610073,Residential Medium,P-1,0.0,24.0,0.0
Oakley,,037100057,Residential High,M-17,12.1,17.0,6.591
Oakley,,037610074,Residential Medium,P-1,0.0,24.0,0.0
Oakley,,037610157,Residential Medium,P-1,0.0,24.0,0.0
Oakley,,037610068,Residential Medium,P-1,0.0,24.0,0.0
Oakley,,037610066,Residential Medium,P-1,0.0,24.0,0.0
Oakley,,037610067,Residential Medium,P-1,0.0,24.0,0.0
Oakley,,037610065,Residential Medium,P-1,0.0,24.0,0.0
Oakley,,037100058,Residential High,M-17,12.1,17.0,1.116
Oakley,,037610063,Residential Medium,P-1,0.0,24.0,0.0
Oakley,,037610064,Residential Medium,P-1,0.0,24.0,0.0
Oakley,,037610092,Residential Medium,P-1,0.0,24.0,0.0
Oakley,,037610093,Residential Medium,P-1,0.0,24.0,0.0
Oakley,,037610062,Residential Medium,P-1,0.0,24.0,0.0
Oakley,,037610061,Residential Medium,P-1,0.0,24.0,0.0
Oakley,,037610095,Residential Medium,P-1,0.0,24.0,0.0
Oakley,,037610094,Residential Medium,P-1,0.0,24.0,0.0
Oakley,,037610096,Residential Medium,P-1,0.0,24.0,0.0
Oakley,,037610059,Residential Medium,P-1,0.0,24.0,0.0
Oakley,,037610060,Residential Medium,P-1,0.0,24.0,0.0
Oakley,,037610058,Residential Medium,P-1,0.0,24.0,0.0
Oakley,,037610057,Residential Medium,P-1,0.0,24.0,0.0
Oakley,,037610099,Residential Medium,P-1,0.0,24.0,0.0
Oakley,,037610098,Residential Medium,P-1,0.0,24.0,0.0
Oakley,,037610097,Residential Medium,P-1,0.0,24.0,0.0
Oakley,,037610156,Residential Medium,P-1,0.0,24.0,0.0
Oakley,,037610146,Residential Medium,P-1,0.0,24.0,0.0
Oakley,,037610100,Residential Medium,P-1,0.0,24.0,0.0
Oakley,,037610104,Residential Medium,P-1,0.0,24.0,0.0
Oakley,,037610103,Residential Medium,P-1,0.0,24.0,0.0
Oakley,,037610106,Residential Medium,P-1,0.0,24.0,0.0
Oakley,,037610105,Residential Medium,P-1,0.0,24.0,0.0
Oakley,,037610109,Residential Medium,P-1,0.0,24.0,0.0
Oakley,,037610107,Residential Medium,P-1,0.0,24.0,0.0
Oakley,,037610116,Residential Medium,P-1,0.0,24.0,0.0
Oakley,,037610108,Residential Medium,P-1,0.0,24.0,0.0
Oakley,,037610115,Residential Medium,P-1,0.0,24.0,0.0
Oakley,,037610114,Residential Medium,P-1,0.0,24.0,0.0
Oakley,,037610117,Residential Medium,P-1,0.0,24.0,0.0
Oakley,,037610118,Residential Medium,P-1,0.0,24.0,0.0
Oakley,,037610129,Residential Medium,P-1,0.0,24.0,0.0
Oakley,,037610130,Residential Medium,P-1,0.0,24.0,0.0
Oakley,,037610012,Residential Medium,P-1,0.0,24.0,0.0
Oakley,,037610131,Residential Medium,P-1,0.0,24.0,0.0
Oakley,,037610013,Residential Medium,P-1,0.0,24.0,0.0
Oakley,,037610014,Residential Medium,P-1,0.0,24.0,0.0
Oakley,,037610015,Residential Medium,P-1,0.0,24.0,0.0
Oakley,,037610155,Residential Medium,P-1,0.0,24.0,0.0
Oakley,,037610133,Residential Medium,P-1,0.0,24.0,0.0
Oakley,,037610132,Residential Medium,P-1,0.0,24.0,0.0
Oakley,,037610019,Residential Medium,P-1,0.0,24.0,0.0
Oakley,,037610020,Residential Medium,P-1,0.0,24.0,0.0
Oakley,,037610154,Residential Medium,P-1,0.0,24.0,0.0
Oakley,,037610153,Residential Medium,P-1,0.0,24.0,0.0
Oakley,,037610102,Residential Medium,P-1,0.0,24.0,0.0
Oakley,,037610152,Residential Medium,P-1,0.0,24.0,0.0
Oakley,,037610101,Residential Medium,P-1,0.0,24.0,0.0
Oakley,,037610149,Residential Medium,P-1,0.0,24.0,0.0
Oakley,,037610142,Residential Medium,P-1,0.0,24.0,0.0
Oakley,,037610141,Residential Medium,P-1,0.0,24.0,0.0
Oakley,,037610150,Residential Medium,P-1,0.0,24.0,0.0
Oakley,,037610139,Residential Medium,P-1,0.0,24.0,0.0
Oakley,,037610151,Residential Medium,P-1,0.0,24.0,0.0
Oakley,,037610138,Residential Medium,P-1,0.0,24.0,0.0
Oakley,,037610140,Residential Medium,P-1,0.0,24.0,0.0
Oakley,,037610026,Residential Medium,P-1,0.0,24.0,0.0
Oakley,,037610137,Residential Medium,P-1,0.0,24.0,0.0
Oakley,,037610135,Residential Medium,P-1,0.0,24.0,0.0
Oakley,,037610136,Residential Medium,P-1,0.0,24.0,0.0
Oakley,,037610162,Residential Medium,P-1,0.0,24.0,0.0
Oakley,,037610134,Residential Medium,P-1,0.0,24.0,0.0
Oakley,,037610022,Residential Medium,P-1,0.0,24.0,0.0
Oakley,,037610023,Residential Medium,P-1,0.0,24.0,0.0
Oakley,,037610024,Residential Medium,P-1,0.0,24.0,0.0
Oakley,,037610025,Residential Medium,P-1,0.0,24.0,0.0
Oakley,,037110026,Commercial,C,0.0,0.0,11.465
Oakley,,037610027,Residential Medium,P-1,0.0,24.0,0.0
Oakley,,037610028,Residential Medium,P-1,0.0,24.0,0.0
Oakley,,037610029,Residential Medium,P-1,0.0,24.0,0.0
Oakley,,037610030,Residential Medium,P-1,0.0,24.0,0.0
Oakley,,037610031,Residential Medium,P-1,0.0,24.0,0.0
Oakley,,037610032,Residential Medium,P-1,0.0,24.0,0.0
Oakley,,037610148,Residential Medium,P-1,0.0,24.0,0.0
Oakley,,037610143,Residential Medium,P-1,0.0,24.0,0.0
Oakley,,037610158,Residential Medium,P-1,0.0,24.0,0.0
Oakley,,037610144,Residential Medium,P-1,0.0,24.0,0.0
Oakley,,037610033,Residential Medium,P-1,0.0,24.0,0.0
Oakley,,037610034,Residential Medium,P-1,0.0,24.0,0.0
Oakley,,037610035,Residential Medium,P-1,0.0,24.0,0.0
Oakley,,037610036,Residential Medium,P-1,0.0,24.0,0.0
Oakley,,037610038,Residential Medium,P-1,0.0,24.0,0.0
Oakley,,037610040,Residential Medium,P-1,0.0,24.0,0.0
Oakley,,037610041,Residential Medium,P-1,0.0,24.0,0.0
Oakley,,037610042,Residential Medium,P-1,0.0,24.0,0.0
Oakley,,037610043,Residential Medium,P-1,0.0,24.0,0.0
Oakley,,037610160,Residential Medium,P-1,0.0,24.0,0.0
Oakley,,037610044,Residential Medium,P-1,0.0,24.0,0.0
Oakley,,037610045,Residential Medium,P-1,0.0,24.0,0.0
Oakley,,037610159,Residential Medium,P-1,0.0,24.0,0.0
Oakley,,037610049,Residential Medium,P-1,0.0,24.0,0.0
Oakley,,037610050,Residential Medium,P-1,0.0,24.0,0.0
Oakley,,037610039,Residential Medium,P-1,0.0,24.0,0.0
Oakley,,037610037,Residential Medium,P-1,0.0,24.0,0.0
Oakley,,037610051,Residential Medium,P-1,0.0,24.0,0.0
Oakley,,037610052,Residential Medium,P-1,0.0,24.0,0.0
Oakley,,037610145,Residential Medium,P-1,0.0,24.0,0.0
Oakley,,037610147,Residential Medium,P-1,0.0,24.0,0.0
Oakley,,037610054,Residential Medium,P-1,0.0,24.0,0.0
Oakley,,037610053,Residential Medium,P-1,0.0,24.0,0.0
Oakley,,037610055,Residential Medium,P-1,0.0,24.0,0.0
Oakley,,037610056,Residential Medium,P-1,0.0,24.0,0.0
Oakley,,037610046,Residential Medium,P-1,0.0,24.0,0.0
Oakley,,037610047,Residential Medium,P-1,0.0,24.0,0.0
Oakley,,037610048,Residential Medium,P-1,0.0,24.0,0.0
Oakley,,037100069,Residential High,M-17,12.1,17.0,2.981
Oakley,,037100060,Residential High,M-17,12.1,17.0,1.24
Oakley,,037100067,Residential High,M-17,12.1,17.0,1.29
Oakley,,037110009,Residential Low/Medium,R-6,0.0,7.3,0.93
Oakley,,037470023,Residential Low/Medium,P-1,0.0,24.0,0.0
Oakley,,037470026,Residential Low/Medium,P-1,0.0,24.0,0.0
Oakley,,037470025,Residential Low/Medium,P-1,0.0,24.0,0.0
Oakley,,037470024,Residential Low/Medium,P-1,0.0,24.0,0.0
Oakley,,037100062,Residential High,M-17,12.1,17.0,1.2
Oakley,,037110033,Commercial,C,0.0,0.0,0.755
Oakley,,037110024,Mobile Home,M-H,5.6,12.0,9.64
Oakley,,703711003,Mobile Home,M-H,5.6,12.0,0.0
Oakley,,703711006,Mobile Home,M-H,5.6,12.0,0.0
Oakley,,703711008,Mobile Home,M-H,5.6,12.0,0.0
Oakley,,703711009,Mobile Home,M-H,5.6,12.0,0.0
Oakley,,703711010,Mobile Home,M-H,5.6,12.0,0.0
Oakley,,703711018,Mobile Home,M-H,5.6,12.0,0.0
Oakley,,703711025,Mobile Home,M-H,5.6,12.0,0.0
Oakley,,703711026,Mobile Home,M-H,5.6,12.0,0.0
Oakley,,703711032,Mobile Home,M-H,5.6,12.0,0.0
Oakley,,703711034,Mobile Home,M-H,5.6,12.0,0.0
Oakley,,703711036,Mobile Home,M-H,5.6,12.0,0.0
Oakley,,703711042,Mobile Home,M-H,5.6,12.0,0.0
Oakley,,703711043,Mobile Home,M-H,5.6,12.0,0.0
Oakley,,703711044,Mobile Home,M-H,5.6,12.0,0.0
Oakley,,703711046,Mobile Home,M-H,5.6,12.0,0.0
Oakley,,703711045,Mobile Home,M-H,5.6,12.0,0.0
Oakley,,703711048,Mobile Home,M-H,5.6,12.0,0.0
Oakley,,703711051,Mobile Home,M-H,5.6,12.0,0.0
Oakley,,703711053,Mobile Home,M-H,5.6,12.0,0.0
Oakley,,703711055,Mobile Home,M-H,5.6,12.0,0.0
Oakley,,703711058,Mobile Home,M-H,5.6,12.0,0.0
Oakley,,703711063,Mobile Home,M-H,5.6,12.0,0.0
Oakley,,703711075,Mobile Home,M-H,5.6,12.0,0.0
Oakley,,703711076,Mobile Home,M-H,5.6,12.0,0.0
Oakley,,703711080,Mobile Home,M-H,5.6,12.0,0.0
Oakley,,703711083,Mobile Home,M-H,5.6,12.0,0.0
Oakley,,703711091,Mobile Home,M-H,5.6,12.0,0.0
Oakley,,703711095,Mobile Home,M-H,5.6,12.0,0.0
Oakley,,703711097,Mobile Home,M-H,5.6,12.0,0.0
Oakley,,703711099,Mobile Home,M-H,5.6,12.0,0.0
Oakley,,703711100,Mobile Home,M-H,5.6,12.0,0.0
Oakley,,703711105,Mobile Home,M-H,5.6,12.0,0.0
Oakley,,703711106,Mobile Home,M-H,5.6,12.0,0.0
Oakley,,703711001,Mobile Home,M-H,5.6,12.0,0.0
Oakley,,703711016,Mobile Home,M-H,5.6,12.0,0.0
Oakley,,703711065,Mobile Home,M-H,5.6,12.0,0.0
Oakley,,703711069,Mobile Home,M-H,5.6,12.0,0.0
Oakley,,703711104,Mobile Home,M-H,5.6,12.0,0.0
Oakley,,703711047,Mobile Home,M-H,5.6,12.0,0.0
Oakley,,703711035,Mobile Home,M-H,5.6,12.0,0.0
Oakley,,703711005,Mobile Home,M-H,5.6,12.0,0.0
Oakley,,703711154,Mobile Home,M-H,5.6,12.0,0.0
Oakley,,703711060,Mobile Home,M-H,5.6,12.0,0.0
Oakley,,703711084,Mobile Home,M-H,5.6,12.0,0.0
Oakley,,703711024,Mobile Home,M-H,5.6,12.0,0.0
Oakley,,037110029,Mobile Home,M-H,5.6,12.0,4.66
Oakley,,703711108,Mobile Home,M-H,5.6,12.0,0.0
Oakley,,703711114,Mobile Home,M-H,5.6,12.0,0.0
Oakley,,703711122,Mobile Home,M-H,5.6,12.0,0.0
Oakley,,703711124,Mobile Home,M-H,5.6,12.0,0.0
Oakley,,703711125,Mobile Home,M-H,5.6,12.0,0.0
Oakley,,703711151,Mobile Home,M-H,5.6,12.0,0.0
Oakley,,703711153,Mobile Home,M-H,5.6,12.0,0.0
Oakley,,703711146,Mobile Home,M-H,5.6,12.0,0.0
Oakley,,703711112,Mobile Home,M-H,5.6,12.0,0.0
Oakley,,037470027,Residential Low/Medium,P-1,0.0,24.0,0.0
Oakley,,037470028,Residential Low/Medium,P-1,0.0,24.0,0.0
Oakley,,037470038,Residential Low/Medium,P-1,0.0,24.0,0.0
Oakley,,037470037,Residential Low/Medium,P-1,0.0,24.0,0.0
Oakley,,037470036,Residential Low/Medium,P-1,0.0,24.0,0.0
Oakley,,037470035,Residential Low/Medium,P-1,0.0,24.0,0.0
Oakley,,037470034,Residential Low/Medium,P-1,0.0,24.0,0.0
Oakley,,037470030,Residential Low/Medium,P-1,0.0,24.0,0.0
Oakley,,037470029,Residential Low/Medium,P-1,0.0,24.0,0.0
Oakley,,037470031,Residential Low/Medium,P-1,0.0,24.0,0.0
Oakley,,037470033,Residential Low/Medium,P-1,0.0,24.0,0.0
Oakley,,037470032,Residential Low/Medium,P-1,0.0,24.0,0.0
Oakley,,037470016,Residential Low/Medium,P-1,0.0,24.0,0.0
Oakley,,037470015,Residential Low/Medium,P-1,0.0,24.0,0.0
Oakley,,037470014,Residential Low/Medium,P-1,0.0,24.0,0.0
Oakley,,037470011,Residential Low/Medium,P-1,0.0,24.0,0.0
Oakley,,037470013,Residential Low/Medium,P-1,0.0,24.0,0.0
Oakley,,037390092,Residential Low/Medium,P-1,0.0,24.0,0.0
Oakley,,037390093,Residential Low/Medium,P-1,0.0,24.0,0.0
Oakley,,037390090,Residential Low/Medium,P-1,0.0,24.0,0.0
Oakley,,037390091,Residential Low/Medium,P-1,0.0,24.0,0.0
Oakley,,037390051,Residential Low/Medium,P-1,0.0,24.0,0.0
Oakley,,037390050,Residential Low/Medium,P-1,0.0,24.0,0.0
Oakley,,037390049,Residential Low/Medium,P-1,0.0,24.0,0.0
Oakley,,037390052,Residential Low/Medium,P-1,0.0,24.0,0.0
Oakley,,037390053,Residential Low/Medium,P-1,0.0,24.0,0.0
Oakley,,037390054,Residential Low/Medium,P-1,0.0,24.0,0.0
Oakley,,037390055,Residential Low/Medium,P-1,0.0,24.0,0.0
Oakley,,037390046,Residential Low/Medium,P-1,0.0,24.0,0.0
Oakley,,037390047,Residential Low/Medium,P-1,0.0,24.0,0.0
Oakley,,037390048,Residential Low/Medium,P-1,0.0,24.0,0.0
Oakley,,037470017,Residential Low/Medium,P-1,0.0,24.0,0.0
Oakley,,037470019,Residential Low/Medium,P-1,0.0,24.0,0.0
Oakley,,037470018,Residential Low/Medium,P-1,0.0,24.0,0.0
Oakley,,037470021,Residential Low/Medium,P-1,0.0,24.0,0.0
Oakley,,037470020,Residential Low/Medium,P-1,0.0,24.0,0.0
Oakley,,037470022,Residential Low/Medium,P-1,0.0,24.0,0.0
Oakley,,037390043,Residential Low/Medium,P-1,0.0,24.0,0.0
Oakley,,037390044,Residential Low/Medium,P-1,0.0,24.0,0.0
Oakley,,037390045,Residential Low/Medium,P-1,0.0,24.0,0.0
Oakley,,037390056,Residential Low/Medium,P-1,0.0,24.0,0.0
Oakley,,037390041,Residential Low/Medium,P-1,0.0,24.0,0.0
Oakley,,037390042,Residential Low/Medium,P-1,0.0,24.0,0.0
Oakley,,037390037,Residential Low/Medium,P-1,0.0,24.0,0.0
Oakley,,037100072,Residential High,M-17,12.1,17.0,3.387
Oakley,,037390038,Residential Low/Medium,P-1,0.0,24.0,0.0
Oakley,,037390039,Residential Low/Medium,P-1,0.0,24.0,0.0
Oakley,,037390040,Residential Low/Medium,P-1,0.0,24.0,0.0
Oakley,,037390057,Residential Low/Medium,P-1,0.0,24.0,0.0
Oakley,,037390058,Residential Low/Medium,P-1,0.0,24.0,0.0
Oakley,,037390064,Residential Low/Medium,P-1,0.0,24.0,0.0
Oakley,,037390036,Residential Low/Medium,P-1,0.0,24.0,0.0
Oakley,,037390035,Residential Low/Medium,P-1,0.0,24.0,0.0
Oakley,,037390065,Residential Low/Medium,P-1,0.0,24.0,0.0
Oakley,,037390066,Residential Low/Medium,P-1,0.0,24.0,0.0
Oakley,,037390067,Residential Low/Medium,P-1,0.0,24.0,0.0
Oakley,,037390063,Residential Low/Medium,P-1,0.0,24.0,0.0
Oakley,,037390068,Residential Low/Medium,P-1,0.0,24.0,0.0
Oakley,,037390070,Residential Low/Medium,P-1,0.0,24.0,0.0
Oakley,,037390071,Residential Low/Medium,P-1,0.0,24.0,0.0
Oakley,,037390062,Residential Low/Medium,P-1,0.0,24.0,0.0
Oakley,,037390059,Residential Low/Medium,P-1,0.0,24.0,0.0
Oakley,,037390060,Residential Low/Medium,P-1,0.0,24.0,0.0
Oakley,,037390072,Residential Low/Medium,P-1,0.0,24.0,0.0
Oakley,,037390061,Residential Low/Medium,P-1,0.0,24.0,0.0
Oakley,,037390073,Residential Low/Medium,P-1,0.0,24.0,0.0
Oakley,,037390074,Residential Low/Medium,P-1,0.0,24.0,0.0
Oakley,,037390075,Residential Low/Medium,P-1,0.0,24.0,0.0
Oakley,,037390076,Residential Low/Medium,P-1,0.0,24.0,0.0
Oakley,,037390085,Residential Low/Medium,P-1,0.0,24.0,0.0
Oakley,,037390078,Residential Low/Medium,P-1,0.0,24.0,0.0
Oakley,,037390077,Residential Low/Medium,P-1,0.0,24.0,0.0
Oakley,,037390080,Residential Low/Medium,P-1,0.0,24.0,0.0
Oakley,,037390079,Residential Low/Medium,P-1,0.0,24.0,0.0
Oakley,,037390084,Residential Low/Medium,P-1,0.0,24.0,0.0
Oakley,,037390083,Residential Low/Medium,P-1,0.0,24.0,0.0
Oakley,,037390082,Residential Low/Medium,P-1,0.0,24.0,0.0
Oakley,,037390081,Residential Low/Medium,P-1,0.0,24.0,0.0
Oakley,,037390069,Residential Low/Medium,P-1,0.0,24.0,0.0
Oakley,,037390102,Residential Low/Medium,P-1,0.0,24.0,0.0
Oakley,,037390028,Residential Low/Medium,P-1,0.0,24.0,0.0
Oakley,,037390027,Residential Low/Medium,P-1,0.0,24.0,0.0
Oakley,,037390110,Residential Low/Medium,P-1,0.0,24.0,0.0
Oakley,,037390109,Residential Low/Medium,P-1,0.0,24.0,0.0
Oakley,,037390108,Residential Low/Medium,P-1,0.0,24.0,0.0
Oakley,,037390107,Residential Low/Medium,P-1,0.0,24.0,0.0
Oakley,,037390022,Residential Low/Medium,P-1,0.0,24.0,0.0
Oakley,,037390021,Residential Low/Medium,P-1,0.0,24.0,0.0
Oakley,,037100016,Light Industrial,P,0.0,0.0,8.14
Oakley,,037100003,Light Industrial,LI,0.0,0.0,3.83
Oakley,,037390031,Residential Low/Medium,P-1,0.0,24.0,0.0
Oakley,,037390030,Residential Low/Medium,P-1,0.0,24.0,0.0
Oakley,,037390029,Residential Low/Medium,P-1,0.0,24.0,0.0
Oakley,,037390032,Residential Low/Medium,P-1,0.0,24.0,0.0
Oakley,,037390034,Residential Low/Medium,P-1,0.0,24.0,0.0
Oakley,,037390033,Residential Low/Medium,P-1,0.0,24.0,0.0
Oakley,,037100073,Light Industrial,LI,0.0,0.0,4.43
Oakley,,037100045,Commercial,C,0.0,0.0,0.484
Oakley,,037100066,Commercial,C,0.0,0.0,2.27
Oakley,,037090005,Commercial,C,0.0,0.0,0.79
Oakley,,037090015,Light Industrial,LI,0.0,0.0,3.96
Oakley,,037100065,Light Industrial,LI,0.0,0.0,4.65
Oakley,,037090007,Light Industrial,LI,0.0,0.0,4.213
Oakley,,037080025,Light Industrial,LI,0.0,0.0,1.53
Oakley,,037080010,Light Industrial,LI,0.0,0.0,3.0
Oakley,,037080026,Light Industrial,LI,0.0,0.0,0.97
Oakley,,703708002,Light Industrial,LI,0.0,0.0,0.0
Oakley,,037080011,Light Industrial,LI,0.0,0.0,8.888
Oakley,,037080005,Light Industrial,LI,0.0,0.0,26.49
Oakley,,037070023,Light Industrial,LI,0.0,0.0,1.251
Oakley,,037070016,Light Industrial,LI,0.0,0.0,1.959
Oakley,,037060014,Light Industrial,LI,0.0,0.0,0.637
Oakley,,037080022,Light Industrial,LI,0.0,0.0,3.23
Oakley,,037080024,Light Industrial,LI,0.0,0.0,3.89
Oakley,,037080019,Light Industrial,LI,0.0,0.0,2.21
Oakley,,037060015,Light Industrial,LI,0.0,0.0,0.564
Oakley,,037050005,Commercial,C,0.0,0.0,0.74
Oakley,,037080016,Commercial,C,0.0,0.0,2.84
Oakley,,037050015,Commercial,C,0.0,0.0,14.65
Oakley,,037080023,Public and Semi-Public,P,0.0,0.0,6.036
Oakley,,037090018,Commercial,C,0.0,0.0,5.55
Oakley,,037090004,Commercial,C,0.0,0.0,1.1
Oakley,,037100044,Commercial,C,0.0,0.0,0.434
Oakley,,037090019,Commercial,C,0.0,0.0,0.706
Oakley,,037090021,Commercial,C,0.0,0.0,1.23
Oakley,,037090020,Commercial,C,0.0,0.0,0.29
Oakley,,037090017,Commercial,C,0.0,0.0,2.33
Oakley,,037080027,Commercial,C,0.0,0.0,8.95
Oakley,,037080017,Commercial,C,0.0,0.0,2.615
Oakley,,037080018,Commercial,C,0.0,0.0,2.78
Oakley,,037040015,Commercial,SP-2,0.0,17.0,69.861
Oakley,,037020034,Light Industrial,P-1,0.0,24.0,38.313
Oakley,,037020025,Light Industrial,P-1,0.0,24.0,25.051
Oakley,,037020027,Light Industrial,P-1,0.0,24.0,1.711
Oakley,,037040026,Commercial,C,0.0,0.0,2.55
Oakley,,037040022,Commercial,C,0.0,0.0,0.44
Oakley,,037050011,Commercial,C,0.0,0.0,0.66
Oakley,,703705001,Commercial,C,0.0,0.0,0.0
Oakley,,037040021,Commercial,C,0.0,0.0,0.85
Oakley,,051052067,Commercial,C,0.0,0.0,0.0
Oakley,,037040025,Commercial,C,0.0,0.0,1.307
Oakley,,037040027,Commercial,C,0.0,0.0,0.74
Oakley,,051052106,Commercial,C,0.0,0.0,1.42
Oakley,,051052108,Commercial,C,0.0,0.0,1.4
Oakley,,051052104,Commercial,C,0.0,0.0,2.02
Oakley,,051052062,Commercial,C,0.0,0.0,1.0
Oakley,,051052115,Commercial,RB,0.0,0.0,0.57
Oakley,,051052114,Commercial,RB,0.0,0.0,0.47
Oakley,,051220003,Commercial,C,0.0,0.0,0.29
Oakley,,051220044,Commercial,C,0.0,0.0,0.173
Oakley,,051220053,Commercial,P-1,0.0,24.0,0.0
Oakley,,051220055,Light Industrial,LI,0.0,0.0,0.79
Oakley,,051220039,Commercial,P-1,0.0,24.0,0.64
Oakley,,051220018,Light Industrial,LI,0.0,0.0,0.55
Oakley,,051220015,Light Industrial,LI,0.0,0.0,0.5
Oakley,,051220016,Light Industrial,LI,0.0,0.0,0.55
Oakley,,051220017,Light Industrial,LI,0.0,0.0,0.5
Oakley,,051220004,Commercial,C,0.0,0.0,0.23
Oakley,,051220014,Light Industrial,LI,0.0,0.0,0.53
Oakley,,051220011,Light Industrial,LI,0.0,0.0,0.51
Oakley,,051220012,Light Industrial,LI,0.0,0.0,0.52
Oakley,,051220010,Light Industrial,LI,0.0,0.0,0.53
Oakley,,051220009,Light Industrial,LI,0.0,0.0,0.53
Oakley,,051220029,Light Industrial,LI,0.0,0.0,0.94
Oakley,,051220035,Light Industrial,LI,0.0,0.0,0.55
Oakley,,051220034,Light Industrial,LI,0.0,0.0,0.85
Oakley,,051220056,Commercial,C,0.0,0.0,0.0
Oakley,,037050014,Commercial,C,0.0,0.0,2.203
Oakley,,037050013,Commercial,C,0.0,0.0,0.568
Oakley,,037060012,Light Industrial,LI,0.0,0.0,11.714
Oakley,,037060008,Light Industrial,LI,0.0,0.0,2.6
Oakley,,051220030,Light Industrial,LI,0.0,0.0,0.5
Oakley,,051220031,Light Industrial,LI,0.0,0.0,0.4
Oakley,,037060005,Light Industrial,LI,0.0,0.0,0.48
Oakley,,037060006,Light Industrial,LI,0.0,0.0,1.12
Oakley,,037060013,Light Industrial,LI,0.0,0.0,1.21
Oakley,,037070012,Light Industrial,LI,0.0,0.0,1.03
Oakley,,037070022,Light Industrial,LI,0.0,0.0,2.24
Oakley,,037070021,Light Industrial,LI,0.0,0.0,0.95
Oakley,,037070010,Light Industrial,LI,0.0,0.0,1.0
Oakley,,037070011,Light Industrial,LI,0.0,0.0,1.94
Oakley,,037060002,Light Industrial,LI,0.0,0.0,0.31
Oakley,,037060001,Light Industrial,LI,0.0,0.0,0.3
Oakley,,037060004,Light Industrial,LI,0.0,0.0,0.5
Oakley,,051210025,Commercial,C,0.0,0.0,14.344
Oakley,,051220048,Light Industrial,LI,0.0,0.0,0.0
Oakley,,051220049,Light Industrial,LI,0.0,0.0,0.0
Oakley,,051220032,Light Industrial,LI,0.0,0.0,1.0
Oakley,,051220045,Light Industrial,LI,0.0,0.0,0.0
Oakley,,051220051,Light Industrial,LI,0.0,0.0,0.0
Oakley,,051220050,Light Industrial,LI,0.0,0.0,0.0
Oakley,,051210014,Light Industrial,LI,0.0,0.0,0.0
Oakley,,051220046,Light Industrial,LI,0.0,0.0,0.0
Oakley,,051210022,Commercial,C,0.0,0.0,8.776
Oakley,,051210016,Commercial,C,0.0,0.0,0.0
Oakley,,051210027,Commercial,C,0.0,0.0,0.0
Oakley,,051210026,Commercial,C,0.0,0.0,0.88
Oakley,,051210015,Commercial,C,0.0,0.0,0.0
Oakley,,051210028,Commercial,C,0.0,0.0,6.457
Oakley,,051220037,Light Industrial,LI,0.0,0.0,0.3
Oakley,,051220036,Light Industrial,LI,0.0,0.0,0.32
Oakley,,051220008,Light Industrial,LI,0.0,0.0,0.53
Oakley,,051052030,Commercial,C,0.0,0.0,4.04
Oakley,,705105022,Commercial,C,0.0,0.0,0.0
Oakley,,705105003,Commercial,C,0.0,0.0,0.0
Oakley,,705105008,Commercial,C,0.0,0.0,0.0
Oakley,,705105009,Commercial,C,0.0,0.0,0.0
Oakley,,705105011,Commercial,C,0.0,0.0,0.0
Oakley,,705105016,Commercial,C,0.0,0.0,0.0
Oakley,,705105018,Commercial,C,0.0,0.0,0.0
Oakley,,705105024,Commercial,C,0.0,0.0,0.0
Oakley,,705105026,Commercial,C,0.0,0.0,0.0
Oakley,,705105031,Commercial,C,0.0,0.0,0.0
Oakley,,705105032,Commercial,C,0.0,0.0,0.0
Oakley,,705105025,Commercial,C,0.0,0.0,0.0
Oakley,,051052049,Commercial,C,0.0,0.0,4.31
Oakley,,037040009,Utility Energy,UE,0.0,0.5,2.961
Oakley,,037040013,Utility Energy,UE,0.0,0.5,0.862
Oakley,,037040010,Utility Energy,UE,0.0,0.5,0.7
Oakley,,037010002,Commercial Recreation,CR-A,0.0,17.0,12.726
Oakley,,037010005,Delta Recreation,DR,0.0,0.0,1.11
Oakley,,037010003,Commercial Recreation,CR-A,0.0,17.0,0.41
Oakley,,051040041,Business Park,BPL,0.0,0.0,0.346
Oakley,,037010001,Commercial Recreation,CR-A,0.0,17.0,2.826
Oakley,,051040064,Business Park,BPL,0.0,0.0,0.452
Oakley,,051040063,Business Park,BPL,0.0,0.0,0.565
Oakley,,037020029,Light Industrial,P-1,0.0,24.0,5.89
Oakley,,037020026,Light Industrial,P-1,0.0,24.0,23.43
Oakley,,037020032,Light Industrial,P-1,0.0,24.0,12.205
Oakley,,037020040,Delta Recreation,SP-3,0.0,17.0,3.33
Oakley,,037020037,,SP-3,0.0,17.0,153.082
Oakley,,037020006,Delta Recreation,SP-3,0.0,17.0,1.35
Oakley,,037010004,Commercial Recreation,CR-A,0.0,17.0,15.15
Oakley,,703701001,Commercial Recreation,CR-A,0.0,17.0,0.0
