city,site_address,parcel_id,gp_designation,zoning_code,min_density,max_density,total_acreage
Saratoga,,39319053,,R-1-12,0,3.48,0.25227433968609586
Saratoga,,39326003,,R-1-10,0,4.36,0.45568467378325606
Saratoga,,39337011,,R-1-10,0,4.36,0.21866280005356187
Saratoga,,50328015,,R-1-40,0,1.09,0.5694063322982428
Saratoga,,39708092,,R-1-40,0,1.09,1.1637107435494363
Saratoga,,38908042,,R-M-3,0,20,0.03614152523505752
Saratoga,,38927034,,R-1-12,0,3.48,0.2812858454184228
Saratoga,,38607050,,R-1-10,0,4.36,0.23678148970038151
Saratoga,,39707063,,R-1-40,0,1.09,0.9490874312094056
Saratoga,,50355024,,R-1-40,0,1.09,1.2284034825700159
Saratoga,,39744013,,R-M-3,0,20,0.05097526496559015
Saratoga,,38616020,,R-1-10 SS,0,4.36,0.25735023766574555
Saratoga,,50361004,,R-M-4,0,20,0.03160982877237515
Saratoga,,39302024,,R-1-12,0,3.48,0.3415750848288924
Saratoga,,39334024,,R-1-12,0,3.48,0.28778328868316266
Saratoga,,38609026,,R-1-10,0,4.36,0.2295979223601848
Saratoga,,38926033,,R-1-10,0,4.36,0.20374683838714142
Saratoga,,51707023,,R-1-10,0,4.36,0.27198653712541093
Saratoga,,50326048,,R-1-10,0,4.36,0.32590337550667287
Saratoga,,51718066,,R-1-40,0,1.09,1.239291790391518
Saratoga,,39725100,,R-1-20,0,2.18,0.5365645018977728
Saratoga,,39723033,,R-1-10,0,4.36,0.16412419594334834
Saratoga,,38936002,,R-1-15,0,2.9,0.3533102064765943
Saratoga,,40323019,,R-1-10,0,4.36,0.23194417590744004
Saratoga,,38923007,,R-1-10,0,4.36,0.4072511260183256
Saratoga,,38648014,,R-1-10 PC,0,4.36,0.13484005483715536
Saratoga,,50319073,,R-1-12,0,3.48,0.8085642202820366
Saratoga,,51722126,,R-1-40,0,1.09,1.7530797013786175
Saratoga,,38907001,,R-M-4,0,20,0.03071259319002148
Saratoga,,39346009,,R-1-12,0,3.48,0.31218079512112357
Saratoga,,51713010,,HR,0,1,0.13309637541110408
Saratoga,,51002007,,R-1-20,0,2.18,0.8034970087664214
Saratoga,,39732017,,R-1-40,0,1.09,1.0549617259260438
Saratoga,,38618010,,R-1-10 SS,0,4.36,0.33150372634804853
Saratoga,,38611013,,R-1-10,0,4.36,0.24294367820594198
Saratoga,,38922015,,R-1-10,0,4.36,0.2997381080522323
Saratoga,,50376001,,CH-2,0,20,0.026852955425551127
Saratoga,,39335036,,R-1-10,0,4.36,0.2305353347765348
Saratoga,,39333050,,R-1-10,0,4.36,0.3289773713209762
Saratoga,,38913013,,R-1-10,0,4.36,0.2884219062917392
Saratoga,,40323039,,R-1-10,0,4.36,0.23864557174709602
Saratoga,,38653048,,CN,0,20,0.08027705421709798
Saratoga,,39320031,,R-1-12,0,3.48,0.27453672661191275
Saratoga,,38642042,,R-1-12,0,3.48,0.3922354524582269
Saratoga,,38937013,,R-1-10,0,4.36,0.1981960131014855
Saratoga,,39328010,,R-1-10,0,4.36,0.2974746463617125
Saratoga,,50331097,,HR,0,1,1.1095832728457007
Saratoga,,38914020,,R-1-10,0,4.36,0.23342308496661573
Saratoga,,39716059,,R-1-40,0,1.09,0.9036588320930216
Saratoga,,38627071,,R-1-10,0,4.36,0.33509963573694296
Saratoga,,38655007,,R-1-10,0,4.36,0.24022281973550824
Saratoga,,38626064,,R-1-10,0,4.36,0.2369781739109744
Saratoga,,38616006,,R-1-10 SS,0,4.36,0.24132218976137382
Saratoga,,50320087,,R-1-12,0,3.48,0.3033431536379246
Saratoga,,38907033,,R-M-4,0,20,0.018496156001078904
Saratoga,,36614031,,R-1-12,0,3.48,0.34017487470761765
Saratoga,,39721024,,R-1-10,0,4.36,0.5019525900826192
Saratoga,,38914028,,R-1-10,0,4.36,0.22405279496157093
Saratoga,,50322042,,R-1-10,0,4.36,0.22423992035148052
Saratoga,,39734016,,R-1-20,0,2.18,0.6770713149596946
Saratoga,,51708038,,R-1-10,0,4.36,0.3208218678714847
Saratoga,,37824051,,R-1-10,0,4.36,0.2240512662720878
Saratoga,,39336001,,R-1-10,0,4.36,0.22075170796629326
Saratoga,,50352017,,R-1-10,0,4.36,0.25615521008418224
Saratoga,,38661024,,R-1-10 SS,0,4.36,0.26819683258425525
Saratoga,,38619011,,R-1-10 SS,0,4.36,0.2660580810749184
Saratoga,,36622026,,R-1-10,0,4.36,0.295772845828344
Saratoga,,50316076,,R-1-40,0,1.09,1.5815694364551034
Saratoga,,38662012,,R-M-5,0,20,0.09823337073686855
Saratoga,,38612046,,R-1-10,0,4.36,0.28652802565736224
Saratoga,,50354005,,R-1-12,0,3.48,0.279386319479451
Saratoga,,50328034,,R-1-40,0,1.09,0.3586621544852716
Saratoga,,39314015,,R-1-12,0,3.48,0.3538006738977481
Saratoga,,39701067,,R-1-40,0,1.09,0.9293975358990011
Saratoga,,36606046,,HR,0,1,1.205888249150129
Saratoga,,50360001,,R-M-4,0,20,0.03190169172933719
Saratoga,,51002012,,R-1-40,0,1.09,0.47717298713697315
Saratoga,,40327098,,R-1-10,0,4.36,0.20018465280781375
Saratoga,,38659011,,R-1-10,0,4.36,0.025432882454635965
Saratoga,,38904017,,R-1-12,0,3.48,0.2843849906067095
Saratoga,,38626015,,R-1-10,0,4.36,0.22596014198344241
Saratoga,,39328008,,R-1-10,0,4.36,0.24070450584938308
Saratoga,,39304011,,R-1-12,0,3.48,0.292257544656866
Saratoga,,39707105,,R-1-40,0,1.09,1.3029450644339844
Saratoga,,38942009,,R-1-10,0,4.36,0.2875315212031951
Saratoga,,38904011,,R-1-12,0,3.48,0.2864564008173558
Saratoga,,50377013,,R-1-12,0,3.48,0.28209342062211507
Saratoga,,50320031,,R-1-15,0,2.9,0.3171927640440071
Saratoga,,40328032,,R-1-10,0,4.36,0.1868667934095264
Saratoga,,51002026,,R-1-40,0,1.09,0.772096577119026
Saratoga,,39326015,,R-1-10,0,4.36,0.3165695522418662
Saratoga,,37824024,,R-1-10,0,4.36,0.24426361965759474
Saratoga,,50326021,,R-1-10,0,4.36,0.10034045023867767
Saratoga,,50329127,,R-1-40,0,1.09,2.874188203159944
Saratoga,,38915084,,R-1-10,0,4.36,0.2275327055313012
Saratoga,,39711012,,R-1-40,0,1.09,1.0224305348330742
Saratoga,,38611025,,R-1-10,0,4.36,0.24470337820576454
Saratoga,,38651036,,R-1-12,0,3.48,0.29691119251804937
Saratoga,,38656028,,CV,0,20,0.05477663666181548
Saratoga,,50350029,,R-1-12,0,3.48,0.29544997418801183
Saratoga,,50369001,,HR,0,1,0.9858034308420136
Saratoga,,38604018,,R-1-12,0,3.48,0.30250712236352506
Saratoga,,38637032,,R-1-10,0,4.36,0.24066038972950715
Saratoga,,38931001,,R-1-15,0,2.9,0.36808954340200023
Saratoga,,50329028,,R-1-40,0,1.09,0.8539565218379565
Saratoga,,50365002,,R-M-4,0,20,0.05361824276185163
Saratoga,,38916022,,R-1-10,0,4.36,0.23534785144325834
Saratoga,,38909061,,R-M-3,0,20,0.034556840136670715
Saratoga,,50354041,,R-1-12,0,3.48,0.28121958345091874
Saratoga,,40328078,,R-1-10,0,4.36,0.1949638615147804
Saratoga,,39703075,,R-1-40,0,1.09,0.9652105133494493
Saratoga,,36648022,,HR,0,1,2.265279481566241
Saratoga,,38924028,,R-1-10,0,4.36,0.34352754564128285
Saratoga,,38658041,,R-1-10,0,4.36,0.05430953479201386
Saratoga,,36623044,,R-1-10,0,4.36,0.26496814154311066
Saratoga,,38628034,,R-1-10,0,4.36,0.22128785050445923
Saratoga,,38623069,,R-1-10 SS,0,4.36,0.2691963985717665
Saratoga,,38662004,,R-M-5,0,20,0.07105206383907489
Saratoga,,40323018,,R-1-10,0,4.36,0.2478739152074253
Saratoga,,50315075,,HR,0,1,11.880104931530559
Saratoga,,39723003,,R-1-10,0,4.36,0.23341805663621146
Saratoga,,38907012,,R-M-4,0,20,0.01683785121606242
Saratoga,,38927029,,R-1-12,0,3.48,0.2876336855223802
Saratoga,,38916027,,R-1-10,0,4.36,0.23155207240365072
Saratoga,,50317038,,R-1-15,0,2.9,0.4264524034625246
Saratoga,,38930011,,R-1-10,0,4.36,0.25124612447604766
Saratoga,,36612066,,CV,0,20,0.32414717910969315
Saratoga,,39319060,,R-1-12,0,3.48,0.251910568842759
Saratoga,,38941052,,R-1-15,0,2.9,0.41136612656887356
Saratoga,,38628041,,R-1-10,0,4.36,0.28119591361403606
Saratoga,,38645028,,R-1-10,0,4.36,0.23561008731535588
Saratoga,,39728061,,R-1-12,0,3.48,0.476486822139666
Saratoga,,50315019,,HR,0,1,0.7215108520565442
Saratoga,,39312005,,R-1-10,0,4.36,0.3570732383579259
Saratoga,,38906022,,PA,0,20,0.03641400422262333
Saratoga,,39311037,,R-1-12,0,3.48,0.3327654075172239
Saratoga,,39703057,,R-1-40,0,1.09,1.2696806779928433
Saratoga,,38937008,,R-1-10,0,4.36,0.1908317947789937
Saratoga,,40327080,,R-1-10,0,4.36,0.19200916511118718
Saratoga,,50381006,,R-1-40,0,1.09,0.9879417026262071
Saratoga,,38941012,,R-1-10,0,4.36,0.20699327220737745
Saratoga,,38929010,,R-1-10,0,4.36,0.054397537560700794
Saratoga,,38633090,,R-1-10,0,4.36,0.291545907541392
Saratoga,,36627034,,R-1-12,0,3.48,0.28461772626675746
Saratoga,,51721033,,R-1-20,0,2.18,0.7822801000068357
Saratoga,,39716039,,R-1-20,0,2.18,0.5865430884496772
Saratoga,,38659016,,R-1-10,0,4.36,0.026815322419056237
Saratoga,,39720010,,R-1-40,0,1.09,0.8419117875266289
Saratoga,,38652002,,R-1-10,0,4.36,0.27011061782235857
Saratoga,,38924049,,R-1-10,0,4.36,0.32333245317409054
Saratoga,,38613042,,R-1-10,0,4.36,0.29971829464761557
Saratoga,,38653034,,CN,0,20,0.08944435943291394
Saratoga,,38650056,,R-1-12,0,3.48,0.38022079607853904
Saratoga,,50381022,,R-1-12,0,3.48,0.25464943778958504
Saratoga,,38931036,,R-1-20,0,2.18,0.5180890418784277
Saratoga,,39708055,,R-1-40,0,1.09,1.0199809652042668
Saratoga,,39723001,,R-1-10,0,4.36,0.16235775181546047
Saratoga,,50358039,,R-1-12,0,3.48,0.3498566239577545
Saratoga,,39720064,,R-1-40,0,1.09,1.2153624504988283
Saratoga,,39716099,,R-1-40 PC,0,1.09,1.0557758304256402
Saratoga,,38936036,,R-1-15,0,2.9,0.609888915121045
Saratoga,,39722023,,R-1-10,0,4.36,0.7711287629694027
Saratoga,,38640046,,R-1-12,0,3.48,0.34159252362542375
Saratoga,,51708021,,R-1-10,0,4.36,0.18343078798913
Saratoga,,38619014,,R-1-10 SS,0,4.36,0.24110978568434374
Saratoga,,39344017,,R-1-10,0,4.36,0.2401755407471033
Saratoga,,39704065,,R-1-40,0,1.09,0.9673965644944985
Saratoga,,50326051,,R-1-10,0,4.36,0.08457091193800229
Saratoga,,39721031,,R-1-20,0,2.18,0.5907685462627426
Saratoga,,38654045,,R-1-10,0,4.36,0.2355976045171631
Saratoga,,50354004,,R-1-12,0,3.48,0.27802076242030993
Saratoga,,38649008,,R-1-10,0,4.36,0.318282004607245
Saratoga,,39722006,,R-1-10,0,4.36,0.18403001697597707
Saratoga,,39706028,,R-1-40,0,1.09,1.1360372168744697
Saratoga,,51709056,,R-M-3,0,20,0.021125274750703145
Saratoga,,39710033,,R-1-40,0,1.09,0.9589564309679396
Saratoga,,38627007,,R-1-10,0,4.36,0.23097298779420988
Saratoga,,40327046,,R-1-10,0,4.36,0.19348991223713066
Saratoga,,38626056,,R-1-10,0,4.36,0.231459328608475
Saratoga,,38657011,,CV,0,20,0.0548135973611117
Saratoga,,39336036,,R-1-20,0,2.18,1.0799543682470434
Saratoga,,39337024,,R-1-10,0,4.36,0.31623387676342046
Saratoga,,39720074,,R-1-40,0,1.09,1.2782331380735654
Saratoga,,39342008,,R-1-10,0,4.36,0.22962116834177262
Saratoga,,38616028,,R-1-10 SS,0,4.36,0.3471826132972304
Saratoga,,39727028,,CV,0,20,0.4652596859712673
Saratoga,,39333034,,R-1-12,0,3.48,0.3105638632137346
Saratoga,,38914043,,R-1-10,0,4.36,0.23501127437336336
Saratoga,,39717052,,R-1-40,0,1.09,0.9920732257357804
Saratoga,,39706045,,R-1-40,0,1.09,1.0948851430537847
Saratoga,,36613043,,R-1-12,0,3.48,0.2715829074500272
Saratoga,,38619052,,R-1-10 SS,0,4.36,0.3176139891131245
Saratoga,,38609040,,R-1-10,0,4.36,0.22529497440870436
Saratoga,,38629011,,R-1-12,0,3.48,0.22898154919270503
Saratoga,,39725025,,R-1-10,0,4.36,0.2247680961151861
Saratoga,,51729025,,R-M-4,0,20,0.06387415333177644
Saratoga,,39705083,,R-1-40,0,1.09,1.0233007607388769
Saratoga,,38637013,,R-1-10,0,4.36,0.28904381828963444
Saratoga,,38652033,,CN,0,20,0.3263564679771784
Saratoga,,38654051,,R-1-10,0,4.36,0.23376490147033901
Saratoga,,38613054,,R-1-10,0,4.36,0.2929878740016832
Saratoga,,39720075,,R-1-40,0,1.09,1.669274584580684
Saratoga,,39303023,,R-1-12,0,3.48,0.29177017132781136
Saratoga,,51714054,,HR,0,1,2.824226653519893
Saratoga,,36614037,,R-1-12,0,3.48,0.33344905834175054
Saratoga,,50323052,,R-1-15,0,2.9,1.1019998728998366
Saratoga,,38924042,,R-1-10,0,4.36,0.23512423860003423
Saratoga,,39311008,,R-1-12,0,3.48,0.32180964360673736
Saratoga,,50331085,,HR,0,1,1.2182680025575199
Saratoga,,50352014,,R-1-10,0,4.36,0.24082023861749158
Saratoga,,50327058,,R-1-10,0,4.36,0.16797706281731706
Saratoga,,51718051,,R-1-40,0,1.09,0.930892399870712
Saratoga,,38633016,,R-1-10,0,4.36,0.23186906814476435
Saratoga,,38615026,,R-1-10 SS,0,4.36,0.22999846964082243
Saratoga,,50361017,,R-M-4,0,20,0.05275493447249591
Saratoga,,38921006,,R-1-10,0,4.36,0.3174276584709028
Saratoga,,39334022,,R-1-12,0,3.48,0.3179681243194999
Saratoga,,38922022,,R-1-10,0,4.36,0.33346873717309305
Saratoga,,50327030,,R-1-10,0,4.36,0.1666748837412773
Saratoga,,51001032,,R-1-20,0,2.18,0.5709292664103657
Saratoga,,50348028,,R-OS,0,0.1,6.9567136175098465
Saratoga,,50358020,,R-1-12,0,3.48,0.342039956336739
Saratoga,,38606014,,R-1-10,0,4.36,0.2238321286544221
Saratoga,,38937006,,R-1-10,0,4.36,0.19093094605246239
Saratoga,,39726058,,R-1-12,0,3.48,0.4700980021231455
Saratoga,,38943016,,R-1-20,0,2.18,0.6748657228621212
Saratoga,,36620037,,R-1-12,0,3.48,0.4642518570681696
Saratoga,,39310025,,R-1-12,0,3.48,0.34380658750410664
Saratoga,,39336014,,R-1-10,0,4.36,0.2601889383247385
Saratoga,,38609024,,R-1-10,0,4.36,0.4493261218924325
Saratoga,,39716091,,R-1-40 PC,0,1.09,0.8233044890296557
Saratoga,,39345036,,R-1-10,0,4.36,0.26435300896869196
Saratoga,,38639010,,R-1-12,0,3.48,0.29647861041077245
Saratoga,,40327065,,R-1-10,0,4.36,0.20276289872783748
Saratoga,,38941026,,R-1-10,0,4.36,0.1926680589059287
Saratoga,,51708081,,CH-2,0,20,0.06979867046082541
Saratoga,,38641001,,R-1-10,0,4.36,0.3209353156543675
Saratoga,,36631004,,HR,0,1,0.8005792145062637
Saratoga,,50322092,,R-1-10,0,4.36,0.2681406969488921
Saratoga,,50355014,,R-1-40,0,1.09,0.9921111506581234
Saratoga,,39343026,,R-1-10,0,4.36,0.3010230945496861
Saratoga,,36625011,,R-1-12,0,3.48,0.28718534391837
Saratoga,,39337032,,R-1-10,0,4.36,0.2299689165646977
Saratoga,,38944012,,MU-PD,0,20,0.20177074837217995
Saratoga,,50330067,,HR,0,1,8.681280485680889
Saratoga,,39724091,,R-1-20,0,2.18,0.6316352690518563
Saratoga,,38605076,,R-1-10,0,4.36,0.2630559460954686
Saratoga,,39333045,,R-1-10,0,4.36,0.3132332592350316
Saratoga,,39302026,,R-1-12,0,3.48,0.2949252856716844
Saratoga,,39709004,,R-1-40,0,1.09,0.73640421026492
Saratoga,,38632014,,R-1-12,0,3.48,0.29005664959077543
Saratoga,,39343040,,R-1-10,0,4.36,0.2267606514799104
Saratoga,,51729018,,R-M-4,0,20,0.0638715367674661
Saratoga,,38932014,,R-1-20,0,2.18,0.46200878913535803
Saratoga,,39306020,,R-1-12,0,3.48,0.3094755547237632
Saratoga,,39743014,,R-1-10,0,4.36,0.24250858617018753
Saratoga,,50316077,,R-1-40,0,1.09,1.392597882383766
Saratoga,,36643021,,HR,0,1,2.1541809273714545
Saratoga,,50312032,,HR,0,1,2.82265405659369
Saratoga,,50361030,,R-M-4,0,20,0.0316114438006241
Saratoga,,38907042,,R-M-4,0,20,0.034620707554535175
Saratoga,,38656003,,CV,0,20,0.03645246317783448
Saratoga,,39704118,,R-1-40,0,1.09,0.9579960219793672
Saratoga,,39316015,,R-1-12,0,3.48,0.2959379684078285
Saratoga,,38653044,,CN,0,20,0.07440183788281242
Saratoga,,51710002,,R-1-10,0,4.36,0.29200778219901474
Saratoga,,38943028,,R-1-20,0,2.18,0.5782789333316289
Saratoga,,38658008,,R-1-10,0,4.36,0.025932751208388494
Saratoga,,50331087,,HR,0,1,1.35331214651031
Saratoga,,39334025,,R-1-12,0,3.48,0.2932162938675213
Saratoga,,38940007,,R-1-20,0,2.18,0.5553912399237975
Saratoga,,39719025,,R-1-40,0,1.09,0.9044238450502916
Saratoga,,38939011,,R-1-10,0,4.36,0.3398098998368485
Saratoga,,50353029,,R-1-40,0,1.09,0.47284522561774156
Saratoga,,39723021,,R-1-10,0,4.36,0.18106486737627175
Saratoga,,39706062,,R-1-40,0,1.09,1.1183467324265728
Saratoga,,39328011,,R-1-10,0,4.36,0.24454733791456218
Saratoga,,39738001,,R-M-3,0,20,0.024065023482273646
Saratoga,,39329014,,R-1-12,0,3.48,0.3794669168888984
Saratoga,,38631031,,R-1-12,0,3.48,0.2969623453252671
Saratoga,,51002025,,R-1-40,0,1.09,1.8508091216371985
Saratoga,,38611023,,R-1-10,0,4.36,0.29886428082335603
Saratoga,,39323001,,R-1-12,0,3.48,0.34207243897901796
Saratoga,,38913041,,R-1-10,0,4.36,0.26542994798781594
Saratoga,,38914046,,R-1-10,0,4.36,0.2355315772524794
Saratoga,,39323011,,R-1-12,0,3.48,0.32135635714026095
Saratoga,,38907005,,R-M-4,0,20,0.01706726393881312
Saratoga,,38639035,,R-1-12,0,3.48,0.3947485505235771
Saratoga,,51714042,,R-1-40,0,1.09,1.0662040073788528
Saratoga,,39730062,,R-1-20,0,2.18,0.5701478432724625
Saratoga,,38944029,,MU-PD,0,20,0.1595935129355641
Saratoga,,38662007,,R-M-5,0,20,0.07108393387727838
Saratoga,,50327067,,R-1-10,0,4.36,0.17525853449092108
Saratoga,,39319024,,R-1-12,0,3.48,0.3360426638713876
Saratoga,,51709020,,CH-1,0,20,0.5336469532101005
Saratoga,,39328004,,R-1-10,0,4.36,0.24530496555614034
Saratoga,,39718034,,R-1-40,0,1.09,1.1049075008216378
Saratoga,,40322021,,R-1-10,0,4.36,0.04234332743411797
Saratoga,,38634060,,R-1-12,0,3.48,0.31648550154587635
Saratoga,,38651045,,R-1-12,0,3.48,0.35844315685450234
Saratoga,,38631023,,R-1-12,0,3.48,0.29958962358812474
Saratoga,,36620009,,R-1-12,0,3.48,0.3220855769960544
Saratoga,,36648004,,HR,0,1,1.0585646777937003
Saratoga,,38637029,,R-1-10,0,4.36,0.2542638960974461
Saratoga,,38616036,,R-1-10 SS,0,4.36,0.2315695484436982
Saratoga,,40327095,,R-1-10,0,4.36,0.20002500340976637
Saratoga,,51024025,,HR,0,1,1.0185551867124885
Saratoga,,50312039,,HR,0,1,2.0588061814056022
Saratoga,,39720002,,R-1-40,0,1.09,1.2960067762416356
Saratoga,,39713049,,R-1-40,0,1.09,1.1359852068742815
Saratoga,,38926045,,R-1-10,0,4.36,0.2604333061592564
Saratoga,,39704099,,R-1-40,0,1.09,0.9295257074984551
Saratoga,,39704121,,R-1-40,0,1.09,1.0786574415646073
Saratoga,,50325036,,CH-1,0,20,0.0261136302554644
Saratoga,,38617008,,R-1-10 SS,0,4.36,0.2837853092931218
Saratoga,,50320102,,R-1-12,0,3.48,0.3445432394722698
Saratoga,,38605052,,R-1-10,0,4.36,0.2619592195797597
Saratoga,,39738021,,R-M-3,0,20,0.026868548699086958
Saratoga,,39720058,,R-1-40,0,1.09,0.5109413983811324
Saratoga,,38629068,,R-1-12,0,3.48,0.30421765660832023
Saratoga,,38631034,,R-1-12,0,3.48,0.32225971639091117
Saratoga,,51713023,,HR,0,1,2.63176913936957
Saratoga,,36623020,,R-1-10,0,4.36,0.2608256812849832
Saratoga,,39717012,,R-1-40,0,1.09,0.970191599009933
Saratoga,,39718073,,R-1-40,0,1.09,1.0742820103406838
Saratoga,,39327015,,R-1-10,0,4.36,0.4200286904008968
Saratoga,,38642035,,R-1-12,0,3.48,0.30554150378384554
Saratoga,,38630054,,CV,0,20,0.06475858809753411
Saratoga,,50378009,,HR,0,1,2.4271863916833767
Saratoga,,38634057,,R-1-12,0,3.48,0.29761019668423994
Saratoga,,38936033,,R-1-10,0,4.36,0.36179420187159694
Saratoga,,50322101,,R-1-12,0,3.48,0.4749762144246827
Saratoga,,36622003,,R-1-10,0,4.36,0.2661071368052949
Saratoga,,39330024,,R-1-12,0,3.48,0.30202646230974994
Saratoga,,50326029,,R-1-10,0,4.36,0.08745647695029558
Saratoga,,39704114,,R-1-40,0,1.09,0.9758700107055944
Saratoga,,38636016,,R-1-12,0,3.48,0.3316480039955093
Saratoga,,39322026,,R-1-12,0,3.48,0.28413215610796955
Saratoga,,39708031,,R-1-40,0,1.09,1.8230993671207818
Saratoga,,38940010,,R-1-20,0,2.18,0.42690089993702646
Saratoga,,50329032,,R-1-40,0,1.09,0.9492827389087493
Saratoga,,38918035,,R-1-10,0,4.36,0.32591704639697294
Saratoga,,38662005,,R-M-5,0,20,0.0660495030747381
Saratoga,,50318005,,R-1-12,0,3.48,0.7437831228470069
Saratoga,,38608015,,R-1-10,0,4.36,0.2422003068674549
Saratoga,,51718050,,R-1-40,0,1.09,0.9356858423315776
Saratoga,,51720021,,R-1-40,0,1.09,1.0529196300173034
Saratoga,,51714024,,HR,0,1,1.150379950974902
Saratoga,,39328031,,R-1-10,0,4.36,0.2543585873780576
Saratoga,,38605080,,R-1-10,0,4.36,0.2426867011593192
Saratoga,,39314001,,R-1-12,0,3.48,0.29438315884195415
Saratoga,,38636017,,R-1-12,0,3.48,0.30848862369129604
Saratoga,,39720035,,R-1-20,0,2.18,0.7569813287518832
Saratoga,,38902022,,R-1-12,0,3.48,0.2845246178887749
Saratoga,,39302015,,R-1-12,0,3.48,0.3112281102367271
Saratoga,,39331006,,R-1-12,0,3.48,0.29641575345246635
Saratoga,,50324034,,CH-1,0,20,0.6611589768537298
Saratoga,,38627049,,R-1-10,0,4.36,0.23701253900022862
Saratoga,,38627010,,R-1-10,0,4.36,0.29232727202456876
Saratoga,,39705050,,R-1-40,0,1.09,1.1179084586552082
Saratoga,,50322027,,R-1-10,0,4.36,0.18810525863226824
Saratoga,,36622010,,R-1-10,0,4.36,0.30017459187803586
Saratoga,,50358038,,R-1-12,0,3.48,0.32780740116474916
Saratoga,,38636037,,R-1-12,0,3.48,0.29815571819520914
Saratoga,,38902012,,R-1-12,0,3.48,0.24638672748440518
Saratoga,,50349004,,R-1-10,0,4.36,0.28329623501573153
Saratoga,,36627012,,R-1-12,0,3.48,0.3329314777450375
Saratoga,,36607009,,HR,0,1,6.15322137807967
Saratoga,,51714044,,R-1-40,0,1.09,1.0658944423855068
Saratoga,,51738005,,HR,0,1,2.5988491685892123
Saratoga,,38644004,,R-1-12,0,3.48,0.33509853889490715
Saratoga,,38612056,,R-1-10,0,4.36,0.26965806481951393
Saratoga,,38603048,,R-1-10,0,4.36,0.2385188489186867
Saratoga,,50363080,,R-M-3,0,20,0.03255181007847867
Saratoga,,39316007,,R-1-12,0,3.48,0.30484029882369723
Saratoga,,38643002,,R-1-12,0,3.48,0.32718235116066746
Saratoga,,39744007,,R-M-3,0,20,0.055337247437012474
Saratoga,,39344022,,R-1-10,0,4.36,0.29699654320214175
Saratoga,,38653051,,CN,0,20,0.08210396715895106
Saratoga,,39342020,,R-1-10,0,4.36,0.19273963038788786
Saratoga,,50327001,,R-1-10,0,4.36,0.3669309454749305
Saratoga,,39705073,,R-1-40,0,1.09,1.3929807970738601
Saratoga,,38657013,,CV,0,20,0.06549202472517673
Saratoga,,36606019,,HR,0,1,1.1354636778349783
Saratoga,,36623005,,R-1-10,0,4.36,0.23968058431143657
Saratoga,,38908041,,R-M-3,0,20,0.03400671288348914
Saratoga,,38915060,,R-1-10,0,4.36,0.22888997077738857
Saratoga,,39333006,,R-1-12,0,3.48,0.2413319168781911
Saratoga,,50354033,,R-1-12,0,3.48,0.27990972206674897
Saratoga,,51006043,,R-1-40,0,1.09,1.0161709809797979
Saratoga,,39335035,,R-1-10,0,4.36,0.22946808205431182
Saratoga,,39346007,,R-1-12,0,3.48,0.32594744168694756
Saratoga,,39709013,,R-1-40,0,1.09,0.9685873378194463
Saratoga,,51709085,,R-M-3,0,20,0.02479016992468006
Saratoga,,39709043,,R-1-40,0,1.09,0.915216961696503
Saratoga,,38632018,,R-1-12,0,3.48,0.2902767248956881
Saratoga,,36620026,,R-1-12,0,3.48,0.31659683348007683
Saratoga,,36612073,,R-1-10,0,4.36,0.4973743890117651
Saratoga,,36605045,,HR,0,1,0.7668710240990301
Saratoga,,39708058,,R-1-40,0,1.09,0.8731221705550514
Saratoga,,40328059,,R-1-10,0,4.36,0.19392814755292778
Saratoga,,36605024,,HR,0,1,0.505344237641626
Saratoga,,38652020,,R-1-10,0,4.36,0.2662627694318281
Saratoga,,38653026,,R-1-10,0,4.36,0.26163689779876603
Saratoga,,39313016,,R-1-12,0,3.48,0.2258560001737216
Saratoga,,39315018,,R-1-12,0,3.48,0.29146234267812005
Saratoga,,38909063,,R-M-3,0,20,0.03881935177875486
Saratoga,,39702036,,R-1-40,0,1.09,0.955088479387048
Saratoga,,38614003,,R-M-5,0,20,0.5292268110771591
Saratoga,,38645008,,R-1-10,0,4.36,0.23092321992756404
Saratoga,,38941004,,R-1-10,0,4.36,0.19256419315915102
Saratoga,,51714002,,HR,0,1,1.199321114928441
Saratoga,,50352015,,R-1-10,0,4.36,0.3262463139250904
Saratoga,,39341031,,R-1-12,0,3.48,0.30582593147980586
Saratoga,,39343022,,R-1-10,0,4.36,0.2667027215266991
Saratoga,,38645038,,R-1-10,0,4.36,0.2770114210117694
Saratoga,,39315026,,R-1-12,0,3.48,0.34270538521438143
Saratoga,,39741010,,R-1-20,0,2.18,0.4688671543668141
Saratoga,,38941019,,R-1-10,0,4.36,0.19350497376415893
Saratoga,,40324016,,R-1-10,0,4.36,0.3598131527226715
Saratoga,,39701040,,R-1-40,0,1.09,0.8995907607253969
Saratoga,,39711049,,R-1-40,0,1.09,1.061004491227027
Saratoga,,50322046,,R-1-10,0,4.36,0.17064193790461582
Saratoga,,39322011,,R-1-12,0,3.48,0.32007297617036806
Saratoga,,36613071,,R-1-12,0,3.48,0.4351647102756226
Saratoga,,38645042,,R-1-10,0,4.36,0.2442971885267487
Saratoga,,40323068,,R-1-10,0,4.36,0.4604109261147754
Saratoga,,38921044,,R-1-10,0,4.36,0.24526800215158776
Saratoga,,36605026,,HR,0,1,1.2884282558389375
Saratoga,,39718080,,R-1-40,0,1.09,1.0206572935012934
Saratoga,,39342005,,R-1-10,0,4.36,0.2349462491869651
Saratoga,,39337005,,R-1-10,0,4.36,0.23355105643866728
Saratoga,,50350040,,R-1-40,0,1.09,0.051994983273796556
Saratoga,,39330022,,R-1-12,0,3.48,0.2716772151051837
Saratoga,,51727017,,R-1-15,0,2.9,0.46842452964488757
Saratoga,,38643033,,R-1-12,0,3.48,0.3152397708034296
Saratoga,,38927011,,R-1-12,0,3.48,0.2911371559787623
Saratoga,,50331090,,HR,0,1,1.292955169452172
Saratoga,,50319117,,R-1-40,0,1.09,0.9872441791556734
Saratoga,,38944023,,MU-PD,0,20,0.16927958751025832
Saratoga,,51719079,,R-1-20,0,2.18,1.3370779478158545
Saratoga,,38931002,,R-1-15,0,2.9,0.3484135941726212
Saratoga,,38913048,,R-1-10,0,4.36,0.22845903396974176
Saratoga,,50366012,,HR,0,1,1.2318388008493597
Saratoga,,38642001,,R-1-12,0,3.48,0.3268584547605077
Saratoga,,38921041,,R-1-10,0,4.36,0.8856062553614096
Saratoga,,38609045,,R-1-10,0,4.36,0.25082794806366526
Saratoga,,38913050,,R-1-10,0,4.36,0.22342093115500863
Saratoga,,36623029,,R-1-10,0,4.36,0.22981313494521954
Saratoga,,38637002,,R-1-10,0,4.36,0.2720668218181375
Saratoga,,38936035,,R-1-10,0,4.36,0.28143866166785914
Saratoga,,39339027,,R-1-10,0,4.36,0.2849273264748048
Saratoga,,50353063,,R-1-40,0,1.09,1.0062065957139783
Saratoga,,39728016,,R-1-10,0,4.36,0.18043196434569234
Saratoga,,39339003,,R-1-10,0,4.36,0.2733770879820115
Saratoga,,38904009,,R-1-12,0,3.48,0.2889651051462413
Saratoga,,38939010,,R-1-10,0,4.36,0.3130988735002035
Saratoga,,40323042,,R-1-10,0,4.36,0.20654976770101707
Saratoga,,38914016,,R-1-10,0,4.36,0.2319751788317208
Saratoga,,38930060,,R-1-20,0,2.18,0.5391599653640782
Saratoga,,50322006,,R-1-10,0,4.36,0.17243159530554242
Saratoga,,51709063,,CH-1,0,20,0.01687017069818975
Saratoga,,39302012,,R-1-12,0,3.48,0.2794296654757186
Saratoga,,39701053,,R-1-40,0,1.09,0.9619983100138495
Saratoga,,39704074,,R-1-40,0,1.09,1.0145912471275136
Saratoga,,50330033,,HR,0,1,1.2408867702697484
Saratoga,,39720049,,R-1-20,0,2.18,0.5583491000604782
Saratoga,,38650013,,R-1-12,0,3.48,0.3111332501192043
Saratoga,,50349039,,R-1-12,0,3.48,0.46313280157611725
Saratoga,,39341010,,R-1-12,0,3.48,0.30949532652966116
Saratoga,,38915076,,R-1-10,0,4.36,0.23424725712879743
Saratoga,,38607036,,R-1-10,0,4.36,0.25080797641201996
Saratoga,,38643017,,R-1-12,0,3.48,0.2952972775174049
Saratoga,,37824035,,R-1-10,0,4.36,0.24741927291678228
Saratoga,,50320044,,R-1-12,0,3.48,0.33894991012275094
Saratoga,,39328014,,R-1-10,0,4.36,0.2496119418928558
Saratoga,,39337048,,R-1-10,0,4.36,0.36142488351401136
Saratoga,,40328019,,R-1-10,0,4.36,0.2540540676470216
Saratoga,,39314020,,R-1-12,0,3.48,0.27591054457044345
Saratoga,,39738019,,R-M-3,0,20,0.03121118161281567
Saratoga,,51709054,,R-M-3,0,20,0.021118997731488082
Saratoga,,39334030,,R-1-12,0,3.48,0.32423474319410994
Saratoga,,39726016,,R-1-12,0,3.48,0.3194337521670181
Saratoga,,50318044,,R-1-12,0,3.48,0.29820204283848467
Saratoga,,39723008,,R-1-10,0,4.36,0.30081898367702403
Saratoga,,36605064,,HR,0,1,0.45773877262458335
Saratoga,,39312020,,R-1-12,0,3.48,0.22967983511179377
Saratoga,,38611028,,R-1-10,0,4.36,0.2387394957333331
Saratoga,,51712011,,R-1-10,0,4.36,0.6036102060695383
Saratoga,,50323035,,R-1-12,0,3.48,0.3066483306636763
Saratoga,,36636018,,CV,0,20,0.034753328436592644
Saratoga,,38645011,,R-1-10,0,4.36,0.299300930872666
Saratoga,,36613077,,R-1-12,0,3.48,0.3151647271972273
Saratoga,,39303008,,R-1-12,0,3.48,0.3243112948776405
Saratoga,,38627001,,R-1-10,0,4.36,0.27165752348134736
Saratoga,,50328115,,R-1-40,0,1.09,0.03829208880966636
Saratoga,,50377001,,R-1-12,0,3.48,0.31974909379300426
Saratoga,,36605065,,HR,0,1,0.4695180512814995
Saratoga,,39342049,,R-1-10,0,4.36,0.2659809475904665
Saratoga,,38616029,,R-1-10 SS,0,4.36,0.29105291880291795
Saratoga,,39326019,,R-1-10,0,4.36,0.2466966462744874
Saratoga,,38636001,,R-1-12,0,3.48,0.34597431524739997
Saratoga,,39718051,,R-1-40,0,1.09,1.0298469946397566
Saratoga,,39334002,,R-1-10,0,4.36,0.3306264467435751
Saratoga,,50363083,,R-M-3,0,20,0.02059238583143432
Saratoga,,38658015,,R-1-10,0,4.36,0.030814827135104965
Saratoga,,51709046,,CH-1,0,20,0.07053309930198262
Saratoga,,39717023,,R-1-40,0,1.09,0.8877735488893749
Saratoga,,50322054,,R-1-10,0,4.36,0.2065729239554798
Saratoga,,50316058,,R-1-40,0,1.09,0.3597367854645878
Saratoga,,50320099,,R-1-12,0,3.48,0.3513130781979326
Saratoga,,50320048,,R-1-12,0,3.48,0.646310486343328
Saratoga,,38632032,,R-1-12,0,3.48,0.24391916764283267
Saratoga,,38938029,,R-1-10,0,4.36,0.19327305311653734
Saratoga,,51001048,,R-1-20,0,2.18,0.5782947213496028
Saratoga,,39724020,,R-1-20,0,2.18,0.47396200717032533
Saratoga,,39327025,,R-1-10,0,4.36,0.2720049184386464
Saratoga,,38631049,,R-1-12,0,3.48,0.24064783133326673
Saratoga,,36649046,,HR,0,1,2.3990368373896938
Saratoga,,38909048,,R-M-3,0,20,0.02708625873543996
Saratoga,,38658037,,R-1-10,0,4.36,0.030124675343149422
Saratoga,,50320062,,R-1-12,0,3.48,0.36600355271215984
Saratoga,,39320041,,R-1-12,0,3.48,0.28626729541607004
Saratoga,,51006047,,R-1-40,0,1.09,0.9164946074509217
Saratoga,,39743035,,R-1-40,0,1.09,0.9671181119884373
Saratoga,,38630005,,R-1-10,0,4.36,0.35409983934455513
Saratoga,,51708045,,R-1-10,0,4.36,0.172857681459775
Saratoga,,39717047,,R-1-40,0,1.09,0.9567608378010866
Saratoga,,50353040,,R-1-20,0,2.18,0.5287449665091154
Saratoga,,50323011,,R-1-10,0,4.36,0.2361646444733865
Saratoga,,40322008,,R-1-10,0,4.36,0.24162314528754114
Saratoga,,38632004,,R-1-12,0,3.48,0.3053717672180104
Saratoga,,50367003,,CH-2,0,20,0.024761887415002556
Saratoga,,38654056,,R-1-10,0,4.36,0.23409442440156947
Saratoga,,39308020,,R-1-12,0,3.48,0.4229192820310302
Saratoga,,50353041,,R-1-20,0,2.18,0.4732331663602417
Saratoga,,39341017,,R-1-12,0,3.48,0.4163423339080911
Saratoga,,39701039,,R-1-40,0,1.09,0.9640142454412582
Saratoga,,40323063,,R-1-10,0,4.36,0.28318540758548494
Saratoga,,39732010,,R-1-40,0,1.09,0.7574835405151081
Saratoga,,38606038,,R-1-10,0,4.36,0.22591034448745084
Saratoga,,50326057,,R-1-10,0,4.36,0.17001644232848276
Saratoga,,39335024,,R-1-10,0,4.36,0.3505340441766639
Saratoga,,39702112,,R-1-40,0,1.09,10.011753718517546
Saratoga,,38660031,,CV,0,20,0.009527631297012052
Saratoga,,40324022,,None,0,0,0.11674864456796387
Saratoga,,38656035,,CV,0,20,0.033938934324068366
Saratoga,,38658026,,R-1-10,0,4.36,0.031606508282859845
Saratoga,,51722047,,R-1-40,0,1.09,1.4119217172576453
Saratoga,,51707030,,R-1-40,0,1.09,1.511944752471782
Saratoga,,40327014,,R-1-10,0,4.36,0.18722374911536235
Saratoga,,38926052,,R-1-10,0,4.36,0.18005930744051316
Saratoga,,38930058,,R-1-12,0,3.48,0.3745050924747869
Saratoga,,40323011,,R-1-10,0,4.36,0.39806613970129623
Saratoga,,50320084,,R-1-40,0,1.09,0.8927217373818108
Saratoga,,38917026,,R-1-10,0,4.36,0.22957033702038457
Saratoga,,38611004,,R-1-10,0,4.36,0.23994151346317996
Saratoga,,38943027,,R-1-20,0,2.18,0.5883455023088211
Saratoga,,39330019,,R-1-12,0,3.48,0.3228824950532345
Saratoga,,39704042,,R-1-40,0,1.09,0.9804283144226044
Saratoga,,36613027,,R-1-12,0,3.48,0.2503282254183862
Saratoga,,36656026,,CV,0,20,0.07593507957349983
Saratoga,,38617009,,R-1-10 SS,0,4.36,0.2892572101548524
Saratoga,,38927043,,R-1-12,0,3.48,0.6230783945556801
Saratoga,,38945019,,MU-PD,0,20,0.20472333227084488
Saratoga,,40328021,,R-1-10,0,4.36,0.1985719527499874
Saratoga,,39709022,,R-1-40,0,1.09,1.093453685857088
Saratoga,,50320105,,R-1-15,0,2.9,0.3982569094630638
Saratoga,,39309029,,R-1-12,0,3.48,0.32677264543540224
Saratoga,,50357016,,HR,0,1,1.2213107913042485
Saratoga,,51722079,,R-1-40,0,1.09,1.2529391942273136
Saratoga,,39329012,,R-1-12,0,3.48,0.3057519783721331
Saratoga,,39705029,,R-1-40,0,1.09,1.103992630243919
Saratoga,,38941055,,R-1-15,0,2.9,0.38448874033873887
Saratoga,,50320047,,R-1-12,0,3.48,0.4102432967655915
Saratoga,,40328066,,R-1-10,0,4.36,0.19418123154892725
Saratoga,,38914061,,R-1-10,0,4.36,0.23371006567381572
Saratoga,,37824006,,R-1-10,0,4.36,0.284177672987661
Saratoga,,51727014,,R-1-15,0,2.9,0.6470592045776703
Saratoga,,38659033,,R-1-10,0,4.36,0.01866588584695048
Saratoga,,39724012,,R-1-10,0,4.36,0.16958240917027687
Saratoga,,39742005,,R-1-20,0,2.18,0.631254615501167
Saratoga,,39335040,,R-1-10,0,4.36,0.3143385908292131
Saratoga,,38650024,,R-1-12,0,3.48,0.23138455986583267
Saratoga,,39343007,,R-1-10,0,4.36,0.27589997751495426
Saratoga,,51006046,,R-1-40,0,1.09,0.9363741051211671
Saratoga,,38607039,,R-1-10,0,4.36,0.23832687030014862
Saratoga,,39725034,,R-1-10,0,4.36,0.21538563999440802
Saratoga,,38645053,,R-1-10,0,4.36,0.2566411283710881
Saratoga,,38936027,,R-1-15,0,2.9,0.5709729980527495
Saratoga,,40323059,,R-1-10,0,4.36,0.013410334248770814
Saratoga,,38634040,,R-1-12,0,3.48,0.30507765550265864
Saratoga,,39704082,,R-1-40,0,1.09,1.0516039994263142
Saratoga,,51001049,,R-1-20,0,2.18,0.5523842659007944
Saratoga,,38938039,,R-1-10,0,4.36,0.19085802561980422
Saratoga,,39742006,,R-1-20,0,2.18,0.5173253886176639
Saratoga,,39329016,,R-1-12,0,3.48,0.2341184319010934
Saratoga,,38603023,,R-1-10,0,4.36,0.29367933274949903
Saratoga,,38923008,,R-1-10,0,4.36,0.46259863137657414
Saratoga,,51003011,,R-1-40,0,1.09,0.9959923677297007
Saratoga,,38907053,,R-M-4,0,20,0.03405464893072479
Saratoga,,38650007,,R-1-12,0,3.48,0.22828917202238166
Saratoga,,39319001,,R-1-12,0,3.48,0.3229645900767156
Saratoga,,38931006,,R-1-20,0,2.18,0.5508995090219071
Saratoga,,38927017,,R-1-10,0,4.36,0.16731152688668946
Saratoga,,39741003,,R-1-20,0,2.18,0.4852412191015006
Saratoga,,39322052,,R-1-12,0,3.48,0.3149364815985507
Saratoga,,51712029,,R-1-40,0,1.09,2.3923601357654984
Saratoga,,40324012,,R-1-10,0,4.36,0.7792427012691816
Saratoga,,50364010,,R-M-4,0,20,0.031618073691748
Saratoga,,39713053,,R-1-40,0,1.09,1.5086879794586188
Saratoga,,39705090,,R-1-40,0,1.09,1.4048008065441857
Saratoga,,38944026,,MU-PD,0,20,0.156024602266502
Saratoga,,50366008,,HR,0,1,1.9019878375471058
Saratoga,,39329015,,R-1-12,0,3.48,0.32041937063476184
Saratoga,,38915005,,R-1-10,0,4.36,0.23531809244938143
Saratoga,,39308001,,R-1-12,0,3.48,0.36890923083581295
Saratoga,,51729004,,R-M-4,0,20,0.06386781684245309
Saratoga,,50364029,,R-M-4,0,20,0.04225109923221208
Saratoga,,38656007,,CV,0,20,0.03278728974103765
Saratoga,,39733003,,R-M-3,0,20,0.06735021127606361
Saratoga,,50316025,,R-1-40,0,1.09,0.2749648424450275
Saratoga,,38644017,,R-1-12,0,3.48,0.3224596744137316
Saratoga,,39337018,,R-1-10,0,4.36,0.23732193870478455
Saratoga,,36627025,,R-1-12,0,3.48,0.2912079210404155
Saratoga,,39743042,,R-1-10,0,4.36,0.23320188986966964
Saratoga,,51709055,,R-M-3,0,20,0.02111905533852363
Saratoga,,40328024,,R-1-10,0,4.36,0.18998117305300827
Saratoga,,38613012,,R-1-10,0,4.36,0.23873058914728068
Saratoga,,39722039,,R-1-10,0,4.36,0.1813812447556933
Saratoga,,50354032,,R-1-12,0,3.48,0.2826360281159698
Saratoga,,36628010,,R-1-12,0,3.48,0.3348739459665556
Saratoga,,50318009,,R-1-40,0,1.09,1.699893224580386
Saratoga,,38603017,,R-1-10,0,4.36,0.23905304513839956
Saratoga,,38619087,,R-1-10 SS,0,4.36,0.24323222569322792
Saratoga,,39301002,,R-1-12,0,3.48,0.3089242624447017
Saratoga,,38640038,,R-1-12,0,3.48,0.33322828194094284
Saratoga,,39710034,,R-1-40,0,1.09,1.1522951409836368
Saratoga,,50360004,,R-M-4,0,20,0.031602411270089385
Saratoga,,50329049,,R-1-40,0,1.09,0.22860226297165104
Saratoga,,38944008,,MU-PD,0,20,0.16248801249445569
Saratoga,,40328072,,R-1-10,0,4.36,0.18895943768586057
Saratoga,,50327051,,R-1-10,0,4.36,0.18608230298373765
Saratoga,,39336003,,R-1-10,0,4.36,0.32277245636828283
Saratoga,,39743044,,R-1-10,0,4.36,0.23735633302573475
Saratoga,,38926046,,R-1-10,0,4.36,0.2363929559812202
Saratoga,,39319044,,R-1-12,0,3.48,0.45775697398634596
Saratoga,,38945048,,MU-PD,0,20,0.17082118973450847
Saratoga,,39736004,,R-1-40,0,1.09,0.9089836728802173
Saratoga,,39702077,,R-1-40,0,1.09,0.012693458505916876
Saratoga,,39345021,,R-1-20,0,2.18,0.6738294183464859
Saratoga,,38916031,,R-1-10,0,4.36,0.2383206158051111
Saratoga,,39302008,,R-1-12,0,3.48,0.38776956912430416
Saratoga,,39722061,,R-1-10,0,4.36,0.19483418669762992
Saratoga,,50355071,,R-1-40,0,1.09,2.06328549504254
Saratoga,,39335028,,R-1-12,0,3.48,0.3223284875150525
Saratoga,,39318050,,R-1-12,0,3.48,0.5022099156787264
Saratoga,,38929022,,R-1-10,0,4.36,0.19201180022823822
Saratoga,,38647031,,R-1-12,0,3.48,0.3472202987289207
Saratoga,,39709021,,R-1-40,0,1.09,1.1626777397250294
Saratoga,,50316049,,R-1-40,0,1.09,1.6283985615401442
Saratoga,,40328063,,R-1-10,0,4.36,0.19678063715455682
Saratoga,,39718098,,R-1-40,0,1.09,1.2988622149813993
Saratoga,,51722016,,R-1-20,0,2.18,0.9246999471023939
Saratoga,,38645050,,R-1-10,0,4.36,0.24433304186493104
Saratoga,,38652034,,R-1-10,0,4.36,0.30019255756651214
Saratoga,,38605032,,R-1-10,0,4.36,0.25615235591033064
Saratoga,,38926050,,R-1-10,0,4.36,0.30050938327605164
Saratoga,,38615024,,R-1-10 SS,0,4.36,0.23187872621857783
Saratoga,,50328019,,R-1-40,0,1.09,0.3211014330765423
Saratoga,,38640044,,R-1-12,0,3.48,0.2887364670508138
Saratoga,,38653006,,R-1-10,0,4.36,0.2997897022364371
Saratoga,,38925042,,R-1-10,0,4.36,0.19450762878288028
Saratoga,,37824027,,R-1-10,0,4.36,0.3125767507746264
Saratoga,,38946004,,R-1-10,0,4.36,0.2759136988245212
Saratoga,,38629026,,R-1-12,0,3.48,0.2892562909426081
Saratoga,,39702031,,R-1-40,0,1.09,1.0509332912021458
Saratoga,,51001004,,R-1-20,0,2.18,0.44010790018171686
Saratoga,,38907016,,R-M-4,0,20,0.030527264247938172
Saratoga,,50329102,,R-1-40,0,1.09,1.6901596456851953
Saratoga,,50330016,,HR,0,1,1.7313298787102878
Saratoga,,38629051,,R-1-12,0,3.48,0.34041299334517805
Saratoga,,50381008,,R-1-40,0,1.09,0.50789460656512
Saratoga,,37825022,,R-1-15,0,2.9,0.47784263295077106
Saratoga,,51720033,,R-1-20,0,2.18,0.5388085955662186
Saratoga,,39727018,,R-1-10,0,4.36,0.21924087346291415
Saratoga,,41039015,,R-1-40,0,1.09,1.118981457189268
Saratoga,,39733006,,R-M-3,0,20,0.06307567690136048
Saratoga,,50372022,,HR,0,1,0.9713893030855228
Saratoga,,38930056,,R-1-12,0,3.48,0.35527397638619296
Saratoga,,38914030,,R-1-10,0,4.36,0.2599470018724662
Saratoga,,51719071,,R-1-20,0,2.18,0.03856300162223865
Saratoga,,39342057,,R-1-12,0,3.48,0.3316267792957512
Saratoga,,38616001,,R-1-10 SS,0,4.36,0.27706594738529583
Saratoga,,51709061,,CH-1,0,20,0.32053248002744106
Saratoga,,38652032,,CN,0,20,0.3343934395213843
Saratoga,,50362011,,HR,0,1,8.360035299891102
Saratoga,,38914007,,R-1-10,0,4.36,0.22567796388684097
Saratoga,,36656010,,CV,0,20,0.05717724781011902
Saratoga,,36620043,,R-1-12,0,3.48,0.3363871699723533
Saratoga,,39703049,,R-1-40,0,1.09,0.9954352419490234
Saratoga,,38646024,,R-1-10,0,4.36,0.23216876773245865
Saratoga,,41040003,,R-1-40,0,1.09,1.082906648038056
Saratoga,,38939008,,R-1-10,0,4.36,0.32608737175233926
Saratoga,,36643010,,HR,0,1,1.2029018064739652
Saratoga,,39708074,,R-1-40,0,1.09,1.0146993111571185
Saratoga,,38651021,,R-1-12,0,3.48,0.33812059309849296
Saratoga,,51719062,,R-1-20,0,2.18,0.4835074282080896
Saratoga,,50382022,,R-1-12,0,3.48,0.3205516907252581
Saratoga,,50358017,,R-1-12,0,3.48,0.2871455200842915
Saratoga,,39305025,,R-1-12,0,3.48,0.3598855393401627
Saratoga,,50330031,,HR,0,1,0.8668286422398056
Saratoga,,39311026,,R-1-12,0,3.48,0.3369934135280291
Saratoga,,39739021,,R-M-3,0,20,0.0209158859662111
Saratoga,,38917032,,R-1-10,0,4.36,0.24223429320285256
Saratoga,,51024030,,R-1-40,0,1.09,0.02935474357692111
Saratoga,,39713038,,R-1-40,0,1.09,1.0013479580883995
Saratoga,,39323015,,R-1-12,0,3.48,0.3805697039837716
Saratoga,,38607006,,R-1-10,0,4.36,0.2309395932719908
Saratoga,,39744006,,R-M-3,0,20,0.05571617718214013
Saratoga,,40327038,,R-1-10,0,4.36,0.19408058774760015
Saratoga,,39743012,,R-1-10,0,4.36,0.24933635797433504
Saratoga,,38617048,,R-1-10 SS,0,4.36,0.23180509601388646
Saratoga,,38925010,,R-1-10,0,4.36,0.28130414354769023
Saratoga,,38603037,,R-1-12,0,3.48,0.3698710257120235
Saratoga,,39708020,,R-1-40,0,1.09,1.0681947612983345
Saratoga,,38627022,,R-1-10,0,4.36,0.23172088726002038
Saratoga,,38913028,,R-1-10,0,4.36,0.27160210947384167
Saratoga,,39707076,,R-1-40,0,1.09,0.9863020648108429
Saratoga,,39725075,,R-1-12,0,3.48,0.4753536279546399
Saratoga,,39728001,,R-1-10,0,4.36,0.17966029533929143
Saratoga,,39320008,,R-1-12,0,3.48,0.2488259490963688
Saratoga,,38914047,,R-1-10,0,4.36,0.2370267679419581
Saratoga,,39716069,,R-1-40 PC,0,1.09,0.7951051754607904
Saratoga,,38642011,,R-1-12,0,3.48,0.34884093239482294
Saratoga,,39319062,,R-1-12,0,3.48,0.30960751431965744
Saratoga,,36627021,,R-1-12,0,3.48,0.28716542487518726
Saratoga,,50317006,,R-1-15,0,2.9,0.21475209792157585
Saratoga,,39722007,,R-1-10,0,4.36,0.23392990357408497
Saratoga,,39335038,,R-1-10,0,4.36,0.23753864568822455
Saratoga,,50378030,,HR,0,1,3.075499561911453
Saratoga,,39327009,,R-1-10,0,4.36,0.24379936186352713
Saratoga,,38921030,,R-1-10,0,4.36,0.2508674046505588
Saratoga,,39708091,,R-1-40,0,1.09,1.0369414148320921
Saratoga,,36650026,,HR,0,1,0.959926185093302
Saratoga,,38616021,,R-1-10 SS,0,4.36,0.2842899417376705
Saratoga,,50316024,,R-1-40,0,1.09,0.4375711450413512
Saratoga,,38646034,,R-1-10,0,4.36,0.24118076264051191
Saratoga,,38608061,,R-1-10,0,4.36,0.22356088257314574
Saratoga,,50317002,,HR,0,1,4.529331075210171
Saratoga,,39330014,,R-1-12,0,3.48,0.3061654235779327
Saratoga,,39311028,,R-1-12,0,3.48,0.3089806205863107
Saratoga,,50317037,,R-1-15,0,2.9,0.42329769948552204
Saratoga,,39322049,,R-1-12,0,3.48,0.2988516509683777
Saratoga,,50369030,,HR,0,1,1.4561254985224081
Saratoga,,50318082,,R-1-12,0,3.48,0.29942009075255277
Saratoga,,39333037,,R-1-12,0,3.48,0.28872088307379334
Saratoga,,38629073,,R-1-10,0,4.36,0.2742370010803978
Saratoga,,38643019,,R-1-12,0,3.48,0.47208762564598666
Saratoga,,38938005,,R-1-10,0,4.36,0.20340773345056712
Saratoga,,50350035,,R-1-12,0,3.48,0.33312499456285954
Saratoga,,50367001,,CH-2,0,20,0.08669522056379662
Saratoga,,50374004,,R-OS AP/OS,0,0.1,14.701380821566094
Saratoga,,50365037,,R-M-4,0,20,0.4625915954880677
Saratoga,,38908006,,R-M-3,0,20,0.025842603730025226
Saratoga,,38916046,,R-1-10,0,4.36,0.2247478021044109
Saratoga,,39735007,,R-1-40,0,1.09,0.9521064625869184
Saratoga,,39740024,,R-1-40,0,1.09,0.9318379745235015
Saratoga,,38641059,,R-1-12,0,3.48,0.2930117281033216
Saratoga,,36636020,,CV,0,20,0.03526086774163128
Saratoga,,39335001,,R-1-10,0,4.36,0.2275589812193638
Saratoga,,41040018,,R-1-40,0,1.09,0.8813724426625859
Saratoga,,50323013,,R-1-10,0,4.36,0.12120011014912738
Saratoga,,39722029,,R-1-10,0,4.36,0.20992159940998503
Saratoga,,38924020,,R-1-10,0,4.36,0.2549080985495349
Saratoga,,38620046,,R-1-10 SS,0,4.36,0.24114495147307144
Saratoga,,39705046,,R-1-40,0,1.09,0.9259317225832061
Saratoga,,38605041,,R-1-10,0,4.36,0.23957192709039057
Saratoga,,39302022,,R-1-12,0,3.48,0.36481281536412125
Saratoga,,39728058,,R-1-10,0,4.36,0.18382374382544778
Saratoga,,38643009,,R-1-12,0,3.48,0.2804678423358998
Saratoga,,51709081,,R-M-3,0,20,0.0918501478717578
Saratoga,,38643003,,R-1-12,0,3.48,0.2652944057991776
Saratoga,,51006063,,R-1-40,0,1.09,1.903857467655764
Saratoga,,38629049,,R-1-12,0,3.48,0.29877960787682234
Saratoga,,36649021,,HR,0,1,1.137132189130358
Saratoga,,38621017,,R-1-10 SS,0,4.36,0.26363882122219706
Saratoga,,51727004,,R-1-15,0,2.9,0.7417022382301526
Saratoga,,50311009,,R-OS AP/OS,0,0.1,24.809176897409493
Saratoga,,40328084,,R-1-10,0,4.36,0.19772176158829577
Saratoga,,50363092,,R-M-3,0,20,0.03255767290965451
Saratoga,,50328013,,R-1-40,0,1.09,0.8207235682565722
Saratoga,,38626027,,R-1-10,0,4.36,0.2336659541889376
Saratoga,,50322061,,R-1-10,0,4.36,0.20783341383277348
Saratoga,,39303019,,R-1-12,0,3.48,0.29463151390882514
Saratoga,,50365041,,R-M-4,0,20,0.10599195555012382
Saratoga,,39328025,,R-1-10,0,4.36,0.283386409335249
Saratoga,,40328076,,R-1-10,0,4.36,0.20276715469169954
Saratoga,,40327034,,R-1-10,0,4.36,0.19165759497103066
Saratoga,,38917057,,R-1-10,0,4.36,0.22926324659788636
Saratoga,,39716076,,R-1-40 PC,0,1.09,1.026660145518866
Saratoga,,38944038,,MU-PD,0,20,0.1673773228095938
Saratoga,,39717031,,R-1-40,0,1.09,0.9661639251839573
Saratoga,,50353035,,R-1-20,0,2.18,0.5711515989813536
Saratoga,,51738004,,HR,0,1,3.6389118744091804
Saratoga,,39707015,,R-1-40,0,1.09,1.0907726121759969
Saratoga,,39330010,,R-1-12,0,3.48,0.2873919306463806
Saratoga,,38645056,,R-1-10,0,4.36,0.24233358963161936
Saratoga,,50328057,,R-1-40,0,1.09,0.37195323483301473
Saratoga,,51718014,,R-1-40,0,1.09,1.8917190467250267
Saratoga,,38931031,,R-1-20,0,2.18,0.4679974464019105
Saratoga,,38914041,,R-1-10,0,4.36,0.23464672109142026
Saratoga,,38628019,,R-1-10,0,4.36,0.3262625018297572
Saratoga,,51710042,,R-1-10,0,4.36,0.433918280106951
Saratoga,,39321006,,R-1-12,0,3.48,1.7733302693194153
Saratoga,,51722004,,R-1-40,0,1.09,1.6598837005481633
Saratoga,,41036008,,R-1-40,0,1.09,0.3539999490180139
Saratoga,,38662011,,R-M-5,0,20,0.07126980337120102
Saratoga,,50323020,,R-1-15,0,2.9,0.30576699793322093
Saratoga,,50326022,,R-1-10,0,4.36,0.14375105647444758
Saratoga,,38608044,,R-1-10,0,4.36,0.22728536390618573
Saratoga,,36613038,,R-1-12,0,3.48,0.4170903511953855
Saratoga,,39724034,,R-1-20,0,2.18,0.5167799899644696
Saratoga,,39724079,,R-1-20,0,2.18,0.9206852486716
Saratoga,,36620013,,R-1-12,0,3.48,0.38978471302396644
Saratoga,,39319011,,R-1-12,0,3.48,0.2850746952440328
Saratoga,,39743002,,R-1-40,0,1.09,0.11040970803933954
Saratoga,,50375001,,HR,0,1,1.655340805805499
Saratoga,,51722109,,R-1-40,0,1.09,2.084967204532222
Saratoga,,39716132,,R-1-20,0,2.18,0.47249424757604985
Saratoga,,51720014,,R-1-20,0,2.18,0.5168875091477638
Saratoga,,50329070,,R-1-40,0,1.09,0.0990277865167831
Saratoga,,39337004,,R-1-10,0,4.36,0.24061869484002285
Saratoga,,50327002,,R-1-10,0,4.36,0.3073310542310502
Saratoga,,39711018,,R-1-40,0,1.09,1.087451960509298
Saratoga,,38929027,,R-1-10,0,4.36,0.19213821477682133
Saratoga,,50381012,,R-1-12,0,3.48,0.4765577314775951
Saratoga,,38915085,,R-1-10,0,4.36,0.23586012135377205
Saratoga,,36606004,,HR,0,1,1.4069914024798011
Saratoga,,50324059,,CH-1,0,20,0.039437122786434846
Saratoga,,39314018,,R-1-12,0,3.48,0.2770220389182016
Saratoga,,38645036,,R-1-10,0,4.36,0.2302572212190632
Saratoga,,39343029,,R-1-10,0,4.36,0.300866477927004
Saratoga,,39722034,,R-1-10,0,4.36,0.11859132254960468
Saratoga,,36623047,,R-1-10,0,4.36,0.2615841722644066
Saratoga,,38640045,,R-1-12,0,3.48,0.3074088479894058
Saratoga,,38616009,,R-1-10 SS,0,4.36,0.2350374370584492
Saratoga,,36622005,,R-1-10,0,4.36,0.2648446413768086
Saratoga,,39332012,,R-1-12,0,3.48,0.3168855857506854
Saratoga,,51710027,,R-1-10,0,4.36,0.35339744563323017
Saratoga,,38640040,,R-1-12,0,3.48,0.2851168219508235
Saratoga,,38617005,,R-1-10 SS,0,4.36,0.2449367784108456
Saratoga,,38656009,,CV,0,20,0.043628376665887335
Saratoga,,38603042,,R-1-12,0,3.48,0.2908172862481603
Saratoga,,39319067,,R-1-12,0,3.48,0.2342720315273485
Saratoga,,51708032,,R-1-10,0,4.36,0.26839964566301233
Saratoga,,38908029,,R-M-3,0,20,0.018695912998563
Saratoga,,39325015,,R-1-20,0,2.18,0.6648130147930813
Saratoga,,39318018,,R-1-12,0,3.48,0.28246664805347044
Saratoga,,39320024,,R-1-12,0,3.48,0.3040819622417824
Saratoga,,38662021,,R-M-5,0,20,0.0675062143848548
Saratoga,,39703060,,R-1-40,0,1.09,1.4001180252128809
Saratoga,,38613047,,R-1-10,0,4.36,0.2551516129998541
Saratoga,,40327015,,R-1-10,0,4.36,0.18724482993868596
Saratoga,,38619008,,R-1-10 SS,0,4.36,0.23344889687270556
Saratoga,,38628029,,R-1-10,0,4.36,0.2548716602210303
Saratoga,,39319051,,R-1-12,0,3.48,0.2558592418402836
Saratoga,,38613031,,R-1-10,0,4.36,0.2932377025887967
Saratoga,,39703035,,R-1-40,0,1.09,0.9302517694770477
Saratoga,,39310003,,R-1-12,0,3.48,0.40026102792325796
Saratoga,,38937035,,R-1-10,0,4.36,0.3226466798066679
Saratoga,,50363049,,R-M-3,0,20,0.020588860607844973
Saratoga,,50316082,,R-1-40,0,1.09,1.2783456378246512
Saratoga,,40324011,,R-1-10,0,4.36,0.5797986505507206
Saratoga,,41040001,,R-1-40,0,1.09,1.1386213590910834
Saratoga,,50329048,,R-1-40,0,1.09,0.2830766370627131
Saratoga,,50328055,,R-1-40,0,1.09,0.6772244684284833
Saratoga,,39730024,,R-1-20,0,2.18,0.5502850133999361
Saratoga,,39717036,,R-1-40,0,1.09,0.9646830027844493
Saratoga,,38627052,,R-1-10,0,4.36,0.22947764774540158
Saratoga,,38922023,,R-1-10,0,4.36,0.33964896873333766
Saratoga,,40323033,,R-1-10,0,4.36,0.20106625713084478
Saratoga,,38907019,,R-M-4,0,20,0.01678713257012248
Saratoga,,50312033,,HR,0,1,2.311840814200774
Saratoga,,38937015,,R-1-10,0,4.36,0.19270832119890488
Saratoga,,39715016,,R-1-40,0,1.09,2.13372145896742
Saratoga,,39315028,,R-1-12,0,3.48,0.33953691282592213
Saratoga,,39707033,,R-1-40,0,1.09,0.9503546930253727
Saratoga,,51005017,,R-1-40,0,1.09,1.7297168867213204
Saratoga,,36613018,,R-1-12,0,3.48,0.395161629573775
Saratoga,,38633012,,R-1-10,0,4.36,0.2645958896746912
Saratoga,,38607015,,R-1-10,0,4.36,0.2489033334723359
Saratoga,,39724072,,R-1-20,0,2.18,0.6909176885532274
Saratoga,,38631006,,R-1-12,0,3.48,0.29712093125324623
Saratoga,,39303009,,R-1-12,0,3.48,0.3322326387366113
Saratoga,,38608002,,R-1-10,0,4.36,0.22398678394180116
Saratoga,,36636011,,CV,0,20,0.03555384966646793
Saratoga,,38909030,,R-M-3,0,20,0.01647650542630699
Saratoga,,38918045,,R-1-10,0,4.36,0.23933966061350884
Saratoga,,38901009,,R-1-12,0,3.48,0.35313193681009714
Saratoga,,39335033,,R-1-10,0,4.36,0.2297848819704202
Saratoga,,39316031,,R-1-12,0,3.48,0.4218748806139264
Saratoga,,39330028,,R-1-12,0,3.48,0.31228034738650173
Saratoga,,38922021,,R-1-10,0,4.36,0.26375283936954175
Saratoga,,50374002,,R-OS AP/OS,0,0.1,0.29362906630990177
Saratoga,,40327069,,R-1-10,0,4.36,0.2020555084280019
Saratoga,,39704110,,R-1-40,0,1.09,1.0980169092655818
Saratoga,,39310012,,R-1-12,0,3.48,0.31103218885757944
Saratoga,,39717034,,R-1-40,0,1.09,0.9221796331734817
Saratoga,,51001002,,R-1-20,0,2.18,0.4450186282058586
Saratoga,,38937044,,R-1-10,0,4.36,0.22608955915030593
Saratoga,,39328021,,R-1-10,0,4.36,0.24233411371038116
Saratoga,,39724001,,R-1-10,0,4.36,0.5759550119312523
Saratoga,,50349014,,R-1-12,0,3.48,0.2994287903833354
Saratoga,,39728006,,R-1-10,0,4.36,0.18670793999893703
Saratoga,,38632005,,R-1-12,0,3.48,0.2999088190868611
Saratoga,,39720046,,R-1-20,0,2.18,0.5490487121524696
Saratoga,,38621014,,R-1-10 SS,0,4.36,0.2543612236096912
Saratoga,,39707045,,R-1-40,0,1.09,1.0143574915667197
Saratoga,,39742011,,R-1-20,0,2.18,1.5388385905391089
Saratoga,,39333016,,R-1-12,0,3.48,0.23225153893194764
Saratoga,,39343002,,R-1-10,0,4.36,0.27916299538486544
Saratoga,,38631060,,R-1-12,0,3.48,0.2611702705513011
Saratoga,,50350031,,R-1-12,0,3.48,0.31451370325192485
Saratoga,,36656014,,CV,0,20,0.04999312778319173
Saratoga,,39314004,,R-1-12,0,3.48,0.2800530813481411
Saratoga,,50352007,,R-1-10,0,4.36,0.23207308326916007
Saratoga,,39316004,,R-1-12,0,3.48,0.35845690780537987
Saratoga,,39720047,,R-1-20,0,2.18,0.5705529853021699
Saratoga,,36636002,,CV,0,20,0.045163950571801996
Saratoga,,38640005,,R-1-12,0,3.48,0.34436965644507106
Saratoga,,40322016,,R-1-40,0,1.09,3.591366611444136
Saratoga,,38605046,,R-1-10,0,4.36,0.2595483195338203
Saratoga,,39701041,,R-1-40,0,1.09,0.9251012765680856
Saratoga,,39725020,,R-1-10,0,4.36,0.3209965960224294
Saratoga,,50349036,,R-1-10,0,4.36,0.24705126168913635
Saratoga,,39701035,,R-1-40,0,1.09,0.9928925390142407
Saratoga,,50319114,,R-1-12,0,3.48,0.3247254890601911
Saratoga,,38644010,,R-1-12,0,3.48,0.34761084728040614
Saratoga,,39730063,,R-1-20,0,2.18,0.7234104355796835
Saratoga,,50318095,,R-1-12,0,3.48,0.319538879840762
Saratoga,,39702069,,R-1-40,0,1.09,0.28778709588127777
Saratoga,,39718061,,R-1-40,0,1.09,1.031141496683704
Saratoga,,38608037,,R-1-10,0,4.36,0.2340540594569093
Saratoga,,38605016,,R-1-10,0,4.36,0.22876292328398665
Saratoga,,38904031,,R-1-12,0,3.48,0.3319378807800355
Saratoga,,38611015,,R-1-10,0,4.36,0.2416583270961322
Saratoga,,39310010,,R-1-12,0,3.48,0.3195798206799335
Saratoga,,39337023,,R-1-10,0,4.36,0.02071404118969011
Saratoga,,38914032,,R-1-10,0,4.36,0.2239500110421627
Saratoga,,38641053,,R-1-12,0,3.48,0.29128427130409024
Saratoga,,36606044,,HR,0,1,1.7933389333750873
Saratoga,,39324005,,R-1-20,0,2.18,0.5154309937553098
Saratoga,,51005030,,R-1-40,0,1.09,1.0712629964532483
Saratoga,,38631011,,R-1-12,0,3.48,0.30252363940200866
Saratoga,,39301032,,CN,0,20,1.6496337452456658
Saratoga,,51006062,,R-1-40,0,1.09,0.6784793797760006
Saratoga,,38642033,,R-1-12,0,3.48,0.29838356763451496
Saratoga,,51001010,,R-1-20,0,2.18,0.8014063192615308
Saratoga,,39301037,,CN,0,20,0.027462639028341135
Saratoga,,39703084,,R-1-40,0,1.09,1.2280264268893293
Saratoga,,38650009,,R-1-12,0,3.48,0.3186182109128025
Saratoga,,51713032,,R-1-40,0,1.09,0.9828190386241251
Saratoga,,38907055,,R-M-4,0,20,0.018978077430457357
Saratoga,,50327038,,R-1-10,0,4.36,0.17235379550477326
Saratoga,,38641061,,R-1-12,0,3.48,0.2900533849621673
Saratoga,,38607061,,R-1-10,0,4.36,0.2154105589009523
Saratoga,,38644013,,R-1-12,0,3.48,0.20750885081715395
Saratoga,,38941033,,R-1-10,0,4.36,0.19278107709615405
Saratoga,,39705027,,R-1-40,0,1.09,0.956379581125263
Saratoga,,36605070,,HR,0,1,0.7626423230215814
Saratoga,,50368008,,HR,0,1,1.389351912742446
Saratoga,,39305007,,R-1-12,0,3.48,0.4904574951953945
Saratoga,,38654033,,R-1-10,0,4.36,0.2719136237032029
Saratoga,,38617018,,R-1-10 SS,0,4.36,0.3532463291750105
Saratoga,,51709052,,R-M-3,0,20,0.021121780893052812
Saratoga,,50350032,,R-1-12,0,3.48,0.36707752086666495
Saratoga,,40328057,,R-1-10,0,4.36,0.1939345549178448
Saratoga,,36613003,,R-1-12,0,3.48,0.24865238682344595
Saratoga,,50309022,,HR,0,1,4.790774994301919
Saratoga,,50382013,,R-1-12,0,3.48,0.5335030538353331
Saratoga,,38648004,,R-1-10 PC,0,4.36,0.2678705781222668
Saratoga,,39341023,,R-1-12,0,3.48,0.27858652200438977
Saratoga,,38918019,,R-1-10,0,4.36,0.23772969536029145
Saratoga,,39344008,,R-1-10,0,4.36,0.2762760544914824
Saratoga,,50327009,,R-1-10,0,4.36,0.19546782631267065
Saratoga,,50320093,,R-1-12,0,3.48,0.3477826051761838
Saratoga,,51001005,,R-1-20,0,2.18,0.6691559143836744
Saratoga,,39322046,,R-1-12,0,3.48,0.3496690730042662
Saratoga,,39708095,,R-1-40,0,1.09,1.5650852456502837
Saratoga,,39732007,,R-1-40,0,1.09,0.9274736558775267
Saratoga,,38619060,,R-1-10 SS,0,4.36,0.24100302042191202
Saratoga,,38643012,,R-1-12,0,3.48,0.2752434733232974
Saratoga,,39743026,,R-1-10,0,4.36,0.2469820779227939
Saratoga,,50357017,,HR,0,1,1.3127020945406642
Saratoga,,51711030,,R-1-15,0,2.9,0.7219152149417726
Saratoga,,38925026,,R-1-10,0,4.36,0.19785680276143983
Saratoga,,39313002,,R-1-10,0,4.36,0.2429558321931367
Saratoga,,50350038,,R-1-12,0,3.48,0.3077136256846515
Saratoga,,50349028,,R-1-12,0,3.48,0.3083530527092225
Saratoga,,39725057,,R-1-12,0,3.48,0.1956222856963362
Saratoga,,38938044,,R-1-10,0,4.36,0.19159359505402648
Saratoga,,38913018,,R-1-10,0,4.36,0.24573064540835796
Saratoga,,38618026,,R-1-10 SS,0,4.36,0.2364277494910661
Saratoga,,38944011,,MU-PD,0,20,0.21100473635834296
Saratoga,,50317035,,R-1-15,0,2.9,0.33108464553296274
Saratoga,,38627036,,R-1-10,0,4.36,0.2553918954994532
Saratoga,,50381019,,R-1-12,0,3.48,0.5179275755037563
Saratoga,,38616032,,R-1-10 SS,0,4.36,0.28710091591517617
Saratoga,,38607077,,R-1-10,0,4.36,0.04847922058944149
Saratoga,,38634063,,R-1-12,0,3.48,0.2967753237665253
Saratoga,,39705060,,R-1-40,0,1.09,1.0891533475799102
Saratoga,,38934015,,R-1-20,0,2.18,0.4801989584072627
Saratoga,,39707017,,R-1-40,0,1.09,0.9572944079353621
Saratoga,,39343018,,R-1-10,0,4.36,0.27289112629893963
Saratoga,,50363060,,R-M-3,0,20,0.020587582043245223
Saratoga,,38606002,,R-1-10,0,4.36,0.2238312729717195
Saratoga,,39327037,,R-1-10,0,4.36,0.24695172969092294
Saratoga,,50349031,,R-1-10,0,4.36,0.236385978382279
Saratoga,,38647027,,R-1-12,0,3.48,0.30983155814613433
Saratoga,,39743049,,R-1-10,0,4.36,0.3264750636823105
Saratoga,,38647024,,R-1-12,0,3.48,0.32547311706390913
Saratoga,,38647033,,R-1-12,0,3.48,0.3089191732585883
Saratoga,,38637016,,R-1-10,0,4.36,0.24787058251440391
Saratoga,,39719006,,R-1-40,0,1.09,0.999154141060282
Saratoga,,50363091,,R-M-3,0,20,0.03255767290965451
Saratoga,,39330039,,R-1-12,0,3.48,0.33465563032164564
Saratoga,,38932004,,R-1-20,0,2.18,0.42351279074615267
Saratoga,,38627048,,R-1-10,0,4.36,0.2433852617664273
Saratoga,,39333013,,R-1-12,0,3.48,0.30839184076843007
Saratoga,,50356001,,HR,0,1,0.9010927583589652
Saratoga,,39342066,,R-1-12,0,3.48,0.3374874857829023
Saratoga,,39737008,,R-1-20,0,2.18,0.5236294452380968
Saratoga,,38925016,,R-1-10,0,4.36,0.28324302846448707
Saratoga,,39737005,,R-1-20,0,2.18,0.46804031402522694
Saratoga,,39707036,,R-1-40,0,1.09,0.8994958304909075
Saratoga,,36605055,,HR,0,1,0.7100608756528695
Saratoga,,50363107,,R-M-3,0,20,0.026568636384791233
Saratoga,,39725024,,R-1-10,0,4.36,0.2332243393170622
Saratoga,,50329057,,R-1-40,0,1.09,0.864217860148432
Saratoga,,38945008,,MU-PD,0,20,0.18709870939062187
Saratoga,,39324011,,R-1-10,0,4.36,0.24393150479569664
Saratoga,,51024018,,HR,0,1,0.9695697667680577
Saratoga,,50331080,,HR,0,1,1.5141269511167252
Saratoga,,39718072,,R-1-40,0,1.09,0.435963496194274
Saratoga,,39732009,,R-1-40,0,1.09,0.6276054085105383
Saratoga,,38630059,,CV,0,20,0.05237510544337079
Saratoga,,38615029,,R-1-10 SS,0,4.36,0.26369162236304095
Saratoga,,38611020,,R-1-10,0,4.36,0.23313100275909182
Saratoga,,38612047,,R-1-10,0,4.36,0.28031160268252014
Saratoga,,38924047,,R-1-10,0,4.36,0.31661511887480503
Saratoga,,39737003,,R-1-20,0,2.18,0.5136106798537371
Saratoga,,36607006,,HR,0,1,2.4883655868947976
Saratoga,,38640004,,R-1-12,0,3.48,0.32826747252641747
Saratoga,,39703005,,R-1-40,0,1.09,1.1405101242811515
Saratoga,,51710004,,R-1-10,0,4.36,0.4591358142956923
Saratoga,,38636046,,R-1-12,0,3.48,0.2892541899578774
Saratoga,,39343012,,R-1-10,0,4.36,0.28374745463772527
Saratoga,,39726027,,R-1-12,0,3.48,0.34246625659560953
Saratoga,,50321025,,R-1-12,0,3.48,0.48647046372386055
Saratoga,,38917050,,R-1-10,0,4.36,0.2421081972267828
Saratoga,,38614018,,PA,0,20,0.1005609073301321
Saratoga,,38633005,,R-1-10,0,4.36,0.22792835886496596
Saratoga,,38612068,,R-1-10,0,4.36,0.25409704847434544
Saratoga,,38646016,,R-1-10,0,4.36,0.32415858009386556
Saratoga,,50363031,,R-M-3,0,20,0.020580111703146414
Saratoga,,38647032,,R-1-12,0,3.48,0.2990234219161976
Saratoga,,39333035,,R-1-12,0,3.48,0.2910320430668934
Saratoga,,38918022,,R-1-10,0,4.36,0.23049760397307917
Saratoga,,50381035,,R-1-40,0,1.09,0.949972491958923
Saratoga,,38942001,,R-1-10,0,4.36,0.2877303372405986
Saratoga,,38604032,,R-1-12,0,3.48,0.3489739233077805
Saratoga,,50326010,,R-1-10,0,4.36,0.1962051719802406
Saratoga,,51711075,,R-1-20,0,2.18,0.45206583782945553
Saratoga,,38651027,,R-1-12,0,3.48,0.29194986940921136
Saratoga,,38649010,,R-1-10,0,4.36,0.22887855905660137
Saratoga,,38934004,,R-1-15,0,2.9,0.38451954227963325
Saratoga,,38637001,,R-1-10,0,4.36,0.30029104339123763
Saratoga,,39335008,,R-1-10,0,4.36,0.23676961612060754
Saratoga,,50323041,,R-1-12,0,3.48,0.273708165396301
Saratoga,,38620020,,R-1-10 SS,0,4.36,0.26781720691649735
Saratoga,,51006058,,R-1-40,0,1.09,1.0521280765467305
Saratoga,,39716064,,R-1-40 PC,0,1.09,0.8821920035930279
Saratoga,,38653049,,CN,0,20,0.07532546360323332
Saratoga,,38616052,,R-1-10 SS,0,4.36,0.252707806089971
Saratoga,,38908017,,R-M-3,0,20,0.03614152523505752
Saratoga,,39705077,,R-1-40,0,1.09,1.1045660989463328
Saratoga,,39744009,,R-M-3,0,20,0.04853308292981603
Saratoga,,38617046,,R-1-10 SS,0,4.36,0.274104951378748
Saratoga,,38907009,,R-M-4,0,20,0.016179431616875243
Saratoga,,50330035,,HR,0,1,0.9545695289021578
Saratoga,,51714089,,HR,0,1,9.218549010001327
Saratoga,,39331001,,R-1-12,0,3.48,0.29652999541482694
Saratoga,,39331012,,R-1-12,0,3.48,0.37021350204448766
Saratoga,,38606005,,R-1-10,0,4.36,0.22382439074145685
Saratoga,,39728057,,R-1-10,0,4.36,0.18447893461740764
Saratoga,,39324017,,R-1-12,0,3.48,0.31067597720168166
Saratoga,,38908021,,R-M-3,0,20,0.029131111886575165
Saratoga,,50327066,,R-1-10,0,4.36,0.17692937950400314
Saratoga,,38661015,,R-1-10 SS,0,4.36,0.24227038832403147
Saratoga,,39343045,,R-1-10,0,4.36,0.3499156332627368
Saratoga,,39703030,,R-1-40,0,1.09,0.908057879781547
Saratoga,,36649028,,HR,0,1,1.7477568713750284
Saratoga,,50377003,,R-1-12,0,3.48,0.28616498146858554
Saratoga,,38916015,,R-1-10,0,4.36,0.24279746492986495
Saratoga,,38917036,,R-1-10,0,4.36,0.24111734548278355
Saratoga,,39721021,,R-1-10,0,4.36,0.5020644301559035
Saratoga,,38945034,,MU-PD,0,20,0.20298720375237284
Saratoga,,38636014,,R-1-12,0,3.48,0.32611787520547864
Saratoga,,38926060,,R-1-10,0,4.36,0.25904970487887896
Saratoga,,39714024,,R-1-40,0,1.09,0.9448063210772983
Saratoga,,50357006,,HR,0,1,1.1293965417863485
Saratoga,,50327060,,R-1-10,0,4.36,0.16809762314727997
Saratoga,,39708094,,R-1-40,0,1.09,1.085051767473121
Saratoga,,51711072,,R-1-20,0,2.18,0.6738106833757256
Saratoga,,40328016,,R-1-10,0,4.36,0.20367769577431225
Saratoga,,38901007,,R-1-12,0,3.48,0.28863419689584663
Saratoga,,40327033,,R-1-10,0,4.36,0.1917849855941319
Saratoga,,38937030,,R-1-10,0,4.36,0.3750654585954915
Saratoga,,38926055,,R-1-10,0,4.36,0.40029829948761064
Saratoga,,39718035,,R-1-40,0,1.09,1.0523057509345837
Saratoga,,38627039,,R-1-10,0,4.36,0.2348945323803099
Saratoga,,50316031,,R-1-40,0,1.09,1.238618993832054
Saratoga,,38619020,,R-1-10 SS,0,4.36,0.2411329674009904
Saratoga,,39313019,,R-1-12,0,3.48,0.2877467585999391
Saratoga,,38623064,,R-1-10 SS,0,4.36,0.2530231284615321
Saratoga,,38627032,,R-1-10,0,4.36,0.2354412036159482
Saratoga,,50372007,,HR,0,1,1.047538814413548
Saratoga,,39716024,,R-1-20,0,2.18,0.8108848446684844
Saratoga,,51708068,,CH-2,0,20,0.012464283265474321
Saratoga,,51026047,,HR,0,1,1.2800197011786871
Saratoga,,50319034,,R-1-40,0,1.09,0.9618751203620429
Saratoga,,36625001,,R-1-12,0,3.48,0.3341859480921802
Saratoga,,50361006,,R-M-4,0,20,0.03161416285218914
Saratoga,,39708024,,R-1-40,0,1.09,0.9771019891953289
Saratoga,,38904041,,R-1-12,0,3.48,0.33584742721347755
Saratoga,,39718069,,R-1-40,0,1.09,1.0179456152809419
Saratoga,,51708031,,R-1-10,0,4.36,0.26621801394740535
Saratoga,,50328035,,R-1-40,0,1.09,0.27776656465069355
Saratoga,,39705091,,R-1-40,0,1.09,1.0093491916922341
Saratoga,,39717014,,R-1-40,0,1.09,0.9523153317681441
Saratoga,,39702089,,R-1-40,0,1.09,0.8999062404054219
Saratoga,,39320011,,R-1-12,0,3.48,0.28925719609068273
Saratoga,,38651040,,R-1-12,0,3.48,0.28036916846404925
Saratoga,,39706093,,R-1-40,0,1.09,0.9317576289157661
Saratoga,,50327016,,R-1-10,0,4.36,0.2689425984918045
Saratoga,,39325006,,R-1-10,0,4.36,0.24250782337120946
Saratoga,,50322010,,R-1-10,0,4.36,0.18966367998926076
Saratoga,,39345001,,R-1-20,0,2.18,0.6149311943191266
Saratoga,,38607068,,R-1-10,0,4.36,0.23685155807712885
Saratoga,,38616025,,R-1-10 SS,0,4.36,0.3156303885929023
Saratoga,,50348045,,R-OS,0,0.1,27.247301582911714
Saratoga,,50356008,,HR,0,1,1.0045374441570165
Saratoga,,36620021,,R-1-12,0,3.48,0.4470135397898071
Saratoga,,50355016,,R-1-40,0,1.09,0.8210810744793285
Saratoga,,39704051,,R-1-40,0,1.09,1.0608641669842889
Saratoga,,40327066,,R-1-10,0,4.36,0.1997498537781859
Saratoga,,38604024,,R-1-12,0,3.48,0.33302520944580355
Saratoga,,40323010,,R-1-10,0,4.36,0.3200595447928054
Saratoga,,39315002,,R-1-12,0,3.48,0.28898856996515804
Saratoga,,50329069,,R-1-40,0,1.09,1.1387494357608619
Saratoga,,50365008,,R-M-4,0,20,0.10721790951979668
Saratoga,,38941025,,R-1-10,0,4.36,0.1961296501037509
Saratoga,,39737012,,R-1-20,0,2.18,0.6023669018113041
Saratoga,,50382042,,R-1-12,0,3.48,0.5710036907451523
Saratoga,,39325005,,R-1-10,0,4.36,0.25518268830757534
Saratoga,,39704052,,R-1-40,0,1.09,1.2093577789595695
Saratoga,,50364014,,R-M-4,0,20,0.03161144381807032
Saratoga,,38633078,,R-1-10,0,4.36,0.28947987416607257
Saratoga,,38918048,,R-1-10,0,4.36,0.2361186923791658
Saratoga,,50309030,,HR,0,1,37.02511614796864
Saratoga,,50317063,,HR,0,1,2.0074730231429707
Saratoga,,38641058,,R-1-12,0,3.48,0.2957044077284345
Saratoga,,39316005,,R-1-12,0,3.48,0.34083222590852197
Saratoga,,36636007,,CV,0,20,0.03552024557185085
Saratoga,,38946008,,R-1-10,0,4.36,0.32925887719110397
Saratoga,,39707064,,R-1-40,0,1.09,1.1212080903458204
Saratoga,,38605060,,R-1-10,0,4.36,0.24192219022979566
Saratoga,,39725033,,R-1-10,0,4.36,0.21050588799540773
Saratoga,,39312018,,R-1-12,0,3.48,0.31432545329036893
Saratoga,,38644011,,R-1-12,0,3.48,0.30220319830819786
Saratoga,,38613033,,R-1-10,0,4.36,0.27758925262735373
Saratoga,,38907043,,R-M-4,0,20,0.019015804707812896
Saratoga,,39309021,,R-1-12,0,3.48,0.3049675439526968
Saratoga,,38613039,,R-1-10,0,4.36,0.27861656939509377
Saratoga,,51709089,,CH-1,0,20,0.3799366649766462
Saratoga,,38612042,,R-1-10,0,4.36,0.285676554839796
Saratoga,,39720039,,R-1-20,0,2.18,0.6756904674894653
Saratoga,,39726046,,R-1-12,0,3.48,0.3501564331287769
Saratoga,,39305006,,R-1-12,0,3.48,0.3639011236898064
Saratoga,,38908030,,R-M-3,0,20,0.01755997609854605
Saratoga,,38639003,,R-1-12,0,3.48,0.3958679558924614
Saratoga,,38629034,,R-1-12,0,3.48,0.3880445326542385
Saratoga,,39302013,,R-1-12,0,3.48,0.31461069524794527
Saratoga,,36605031,,HR,0,1,0.9455667443782332
Saratoga,,38627040,,R-1-10,0,4.36,0.3180252573682381
Saratoga,,50315036,,HR,0,1,2.4432129948721473
Saratoga,,38923010,,R-1-10,0,4.36,0.5251789652783182
Saratoga,,39318036,,R-1-12,0,3.48,0.30819612719527045
Saratoga,,50363005,,R-M-3,0,20,0.026570941077598192
Saratoga,,38902026,,R-1-12,0,3.48,0.31714562961450826
Saratoga,,39324015,,R-1-12,0,3.48,0.32553817693920273
Saratoga,,38653023,,R-1-10,0,4.36,0.2854994580208288
Saratoga,,38915061,,R-1-10,0,4.36,0.22793997275795383
Saratoga,,39306007,,R-1-12,0,3.48,0.3003583797581382
Saratoga,,38650034,,R-1-12,0,3.48,0.2881335026306532
Saratoga,,50363071,,R-M-3,0,20,0.02059033404379778
Saratoga,,39341006,,R-1-12,0,3.48,0.3136089579658137
Saratoga,,39720087,,R-1-40,0,1.09,0.005021329866513764
Saratoga,,39327023,,R-1-10,0,4.36,0.26440422382010903
Saratoga,,51721024,,R-1-20,0,2.18,0.535122758251933
Saratoga,,38629042,,R-1-12,0,3.48,0.322129729687209
Saratoga,,38941042,,R-1-10,0,4.36,0.49436063959845
Saratoga,,39724040,,R-1-10,0,4.36,0.6693740321061233
Saratoga,,40324015,,R-1-10,0,4.36,0.2734429606800625
Saratoga,,51024002,,HR,0,1,1.029743351361
Saratoga,,50351012,,HR,0,1,3.3974153450084135
Saratoga,,38629064,,R-1-10,0,4.36,0.26446607563389374
Saratoga,,38936015,,R-1-10,0,4.36,0.2497580863692338
Saratoga,,50368009,,HR,0,1,1.2289501570267893
Saratoga,,39335021,,R-1-10,0,4.36,0.23534133293155932
Saratoga,,50353020,,R-1-40,0,1.09,0.5015682492418349
Saratoga,,39716037,,R-1-20,0,2.18,0.5975383528233628
Saratoga,,50315080,,HR,0,1,0.775086510065483
Saratoga,,39307021,,R-1-12,0,3.48,0.29939444643519364
Saratoga,,50322052,,R-1-10,0,4.36,0.26935037899526193
Saratoga,,51721015,,R-1-20,0,2.18,0.47289341489141506
Saratoga,,38628005,,R-1-10,0,4.36,0.23522105461653606
Saratoga,,38937002,,R-1-10,0,4.36,0.1904062780297004
Saratoga,,39322006,,R-1-12,0,3.48,0.3942823883416038
Saratoga,,39330013,,R-1-12,0,3.48,0.24293147886249636
Saratoga,,38940012,,R-1-20,0,2.18,0.5037718658354864
Saratoga,,39320006,,R-1-12,0,3.48,0.2318705131438064
Saratoga,,39728059,,R-1-10,0,4.36,0.18407992070617987
Saratoga,,51708044,,R-1-10,0,4.36,0.17288455809053951
Saratoga,,36649022,,HR,0,1,1.6074024600964976
Saratoga,,39701058,,R-1-40,0,1.09,0.9123816769839183
Saratoga,,38917015,,R-1-10,0,4.36,0.23362649815467504
Saratoga,,51708048,,CH-2,0,20,0.727712755606196
Saratoga,,38650035,,R-1-12,0,3.48,0.2884302131934794
Saratoga,,50315042,,HR,0,1,2.326600188022166
Saratoga,,39720008,,R-1-40,0,1.09,1.353035921176669
Saratoga,,39702105,,R-1-40,0,1.09,0.9935376927215274
Saratoga,,38635061,,R-1-10,0,4.36,0.2632784652421089
Saratoga,,50363093,,R-M-3,0,20,0.02656908772691055
Saratoga,,39340008,,R-1-10,0,4.36,0.3580188358077771
Saratoga,,38633042,,R-1-10,0,4.36,0.25162400245155164
Saratoga,,50318055,,R-1-12,0,3.48,0.2979259955834725
Saratoga,,38924024,,R-1-10,0,4.36,0.25117008814311215
Saratoga,,39736020,,R-1-40,0,1.09,0.9398593002402825
Saratoga,,39337015,,R-1-10,0,4.36,0.2331453834921324
Saratoga,,50363073,,R-M-3,0,20,0.032551677581358476
Saratoga,,38617015,,R-1-10 SS,0,4.36,0.23521412914840106
Saratoga,,36623021,,R-1-10,0,4.36,0.3030993596548427
Saratoga,,50325046,,CH-2,0,20,0.04332758530525018
Saratoga,,38921023,,R-1-10,0,4.36,0.2296852022862988
Saratoga,,39311014,,R-1-12,0,3.48,0.31167826953137273
Saratoga,,38607053,,R-1-10,0,4.36,0.22374680496177862
Saratoga,,39305030,,R-1-12,0,3.48,0.29053639102427953
Saratoga,,40328014,,R-1-10,0,4.36,0.18662170552219093
Saratoga,,39717028,,R-1-40,0,1.09,1.065808839693361
Saratoga,,38642034,,R-1-12,0,3.48,0.30627314812719114
Saratoga,,38647009,,R-1-12,0,3.48,0.3245191534629884
Saratoga,,38652036,,R-1-10,0,4.36,0.2618507426691777
Saratoga,,38904013,,R-1-12,0,3.48,0.41706450321359767
Saratoga,,50368024,,HR,0,1,0.9506176524299277
Saratoga,,38621007,,R-1-10 SS,0,4.36,0.25873685203237556
Saratoga,,51720029,,R-1-20,0,2.18,0.4657866218749264
Saratoga,,39331014,,R-1-12,0,3.48,0.3951041012036038
Saratoga,,50330043,,HR,0,1,0.9942932817645939
Saratoga,,50353011,,R-1-40,0,1.09,0.9390150259165625
Saratoga,,39716119,,R-1-40 PC,0,1.09,0.7977581036906678
Saratoga,,50325029,,CH-2,0,20,1.1998148483053608
Saratoga,,39315005,,R-1-12,0,3.48,0.34037663655190403
Saratoga,,39327039,,R-1-10,0,4.36,0.25205797428605725
Saratoga,,38924043,,R-1-10,0,4.36,0.270994333746734
Saratoga,,38926019,,R-1-10,0,4.36,0.22322313064341986
Saratoga,,38924023,,R-1-10,0,4.36,0.24933072061191025
Saratoga,,38937004,,R-1-10,0,4.36,0.19099828401801425
Saratoga,,38654028,,R-1-10,0,4.36,0.23324929062670705
Saratoga,,51005039,,R-1-40,0,1.09,1.0744197937386906
Saratoga,,39322027,,R-1-12,0,3.48,0.28164238057426466
Saratoga,,50361007,,R-M-4,0,20,0.03160329836199398
Saratoga,,38652040,,R-1-10,0,4.36,0.26193066681269006
Saratoga,,39342067,,R-1-10,0,4.36,0.44495364018367406
Saratoga,,38908043,,R-M-3,0,20,0.03369727281149489
Saratoga,,38621011,,R-1-10 SS,0,4.36,0.32696684104424006
Saratoga,,39718100,,R-1-40,0,1.09,0.9703072014632621
Saratoga,,38904021,,R-1-12,0,3.48,0.2844238265460382
Saratoga,,39330034,,R-1-12,0,3.48,0.2886536668863426
Saratoga,,50350017,,R-1-40,0,1.09,1.0154114979696318
Saratoga,,38939002,,R-1-10,0,4.36,0.24026341194336287
Saratoga,,40323052,,R-1-10,0,4.36,0.26616149159400676
Saratoga,,39704123,,R-1-40,0,1.09,0.9840205871215887
Saratoga,,50330074,,HR,0,1,4.057780882283794
Saratoga,,36628004,,R-1-12,0,3.48,0.3010464269314941
Saratoga,,50327012,,R-1-10,0,4.36,0.1745914846800916
Saratoga,,39311030,,R-1-12,0,3.48,0.3374717146871352
Saratoga,,38917029,,R-1-10,0,4.36,0.2296580579059353
Saratoga,,40323001,,R-1-10,0,4.36,0.22160874856932586
Saratoga,,39340011,,R-1-10,0,4.36,0.35876124751877414
Saratoga,,38623062,,R-1-10 SS,0,4.36,0.2379874347709439
Saratoga,,39304024,,R-1-12,0,3.48,0.29425820536893177
Saratoga,,50350013,,R-1-40,0,1.09,0.848091891683121
Saratoga,,50363040,,R-M-3,0,20,0.03255764505219715
Saratoga,,36622023,,CN,0,20,0.38149975584822426
Saratoga,,38902003,,R-1-12,0,3.48,0.4351301892103493
Saratoga,,39718103,,R-1-40,0,1.09,1.1300346095892255
Saratoga,,38936003,,R-1-15,0,2.9,0.3525819692344023
Saratoga,,38943030,,R-1-20,0,2.18,0.6840352925314145
Saratoga,,39333019,,R-1-12,0,3.48,0.22323473471144856
Saratoga,,38915006,,R-1-10,0,4.36,0.22956591413210709
Saratoga,,36613053,,R-1-12,0,3.48,0.31417550327737825
Saratoga,,38647015,,R-1-12,0,3.48,0.3129317408392785
Saratoga,,50349013,,R-1-12,0,3.48,0.2947709533536912
Saratoga,,50324060,,CH-1,0,20,0.010140191852792139
Saratoga,,38634048,,R-1-12,0,3.48,0.35746483637640725
Saratoga,,50369035,,HR,0,1,1.3070210146785226
Saratoga,,38927009,,R-1-10,0,4.36,0.28043793025757846
Saratoga,,39311016,,R-1-12,0,3.48,0.2941164021014842
Saratoga,,38608054,,R-1-10,0,4.36,0.235689419398731
Saratoga,,40327047,,R-1-10,0,4.36,0.19056989370734262
Saratoga,,50328042,,R-1-40,0,1.09,1.0210260259582336
Saratoga,,39318059,,R-1-12,0,3.48,0.29581976713767455
Saratoga,,50320073,,R-1-12,0,3.48,0.31825550890253235
Saratoga,,39339025,,R-1-10,0,4.36,0.2929299548504067
Saratoga,,38944056,,MU-PD,0,20,0.41553693961614924
Saratoga,,51005034,,R-1-40,0,1.09,0.7361398180996681
Saratoga,,38937038,,R-1-10,0,4.36,0.1971226743321012
Saratoga,,39722068,,PA,0,20,0.1651631185303042
Saratoga,,39719030,,R-1-40,0,1.09,1.1169232818780734
Saratoga,,38637025,,R-1-10,0,4.36,0.2873810202089721
Saratoga,,50316065,,R-1-40,0,1.09,0.875644332963034
Saratoga,,50355045,,R-1-40,0,1.09,1.090547349035183
Saratoga,,51712006,,R-1-10,0,4.36,0.3209754563892359
Saratoga,,40327104,,R-1-10,0,4.36,0.2004594588071437
Saratoga,,50329126,,HR,0,1,2.1838842721498724
Saratoga,,39706058,,R-1-40,0,1.09,0.8903312026718647
Saratoga,,50321024,,R-1-12,0,3.48,0.3808297879468979
Saratoga,,39334007,,R-1-10,0,4.36,0.3656149252906246
Saratoga,,39307022,,R-1-12,0,3.48,0.29561205610169156
Saratoga,,38609018,,R-1-10,0,4.36,0.3855473914842067
Saratoga,,38616046,,R-1-10 SS,0,4.36,0.28544196619277623
Saratoga,,38608047,,R-1-10,0,4.36,0.2272861075667679
Saratoga,,39342039,,R-1-10,0,4.36,0.23268874077268195
Saratoga,,40323029,,R-1-10,0,4.36,0.20789837040000622
Saratoga,,39701036,,R-1-40,0,1.09,0.9236110424722499
Saratoga,,38647028,,R-1-12,0,3.48,0.318091528034245
Saratoga,,38904042,,R-1-12,0,3.48,0.2902485984549353
Saratoga,,40328068,,R-1-10,0,4.36,0.19431513025429772
Saratoga,,38938035,,R-1-10,0,4.36,0.18784928183478922
Saratoga,,39701026,,R-1-40,0,1.09,1.0396485090625107
Saratoga,,50315060,,HR,0,1,9.931259613139288
Saratoga,,39707099,,R-1-40,0,1.09,1.5595729384121761
Saratoga,,40328044,,R-1-10,0,4.36,0.19916277388321582
Saratoga,,38617030,,R-1-10 SS,0,4.36,0.3607720615839528
Saratoga,,38918024,,R-1-10,0,4.36,0.2302224881967039
Saratoga,,39341013,,R-1-12,0,3.48,0.2577672357620701
Saratoga,,39709006,,R-1-40,0,1.09,1.306948148508937
Saratoga,,36628005,,R-1-12,0,3.48,0.2844834870079521
Saratoga,,36620042,,R-1-12,0,3.48,0.3534115644781586
Saratoga,,39318017,,R-1-12,0,3.48,0.2928986412540421
Saratoga,,38633064,,R-1-10,0,4.36,0.28972309438577226
Saratoga,,39314029,,R-1-12,0,3.48,0.3052401389674918
Saratoga,,51714067,,HR,0,1,1.3314816389118396
Saratoga,,39325004,,R-1-10,0,4.36,0.25389880057810904
Saratoga,,38916038,,R-1-10,0,4.36,0.23173413627173428
Saratoga,,38633024,,R-1-10,0,4.36,0.27207549798497865
Saratoga,,38927036,,R-1-12,0,3.48,0.33731345075725516
Saratoga,,39320018,,R-1-12,0,3.48,0.5694407776202299
Saratoga,,36606041,,HR,0,1,1.5539452125766455
Saratoga,,38628008,,R-1-12,0,3.48,0.32644870663424325
Saratoga,,38608053,,R-1-10,0,4.36,0.24672837990056296
Saratoga,,39316023,,R-1-12,0,3.48,0.2810721330165997
Saratoga,,39728020,,R-1-10,0,4.36,0.1739464184768957
Saratoga,,38650037,,R-1-12,0,3.48,0.28598101813083815
Saratoga,,38630032,,R-1-10,0,4.36,0.23432508734145255
Saratoga,,50322031,,R-1-10,0,4.36,0.23226546291651967
Saratoga,,50328138,,R-1-40,0,1.09,0.6044626578531566
Saratoga,,39727022,,R-M-3,0,20,0.03534412710534705
Saratoga,,40327032,,R-1-10,0,4.36,0.19189467786029846
Saratoga,,38640018,,R-1-12,0,3.48,0.2882563210955038
Saratoga,,50331110,,HR,0,1,1.0576179758582047
Saratoga,,51727007,,R-1-15,0,2.9,0.5123078425708953
Saratoga,,50352024,,R-1-10,0,4.36,0.2336619038173574
Saratoga,,38646011,,R-1-10,0,4.36,0.24520377007265853
Saratoga,,38637004,,R-1-10,0,4.36,0.3295159763653354
Saratoga,,50322058,,R-1-10,0,4.36,0.20203934858805989
Saratoga,,50361008,,R-M-4,0,20,0.03161455212787838
Saratoga,,39705061,,R-1-40,0,1.09,1.0475946380958014
Saratoga,,39312017,,R-1-12,0,3.48,0.36566652772951386
Saratoga,,39333031,,R-1-12,0,3.48,0.3597811674838123
Saratoga,,39336012,,R-1-10,0,4.36,0.13096126220045884
Saratoga,,38603012,,R-1-10,0,4.36,0.24453119337190554
Saratoga,,50363112,,R-M-3,0,20,0.026571155440765628
Saratoga,,38907039,,R-M-4,0,20,0.01888900954400395
Saratoga,,38628026,,R-1-10,0,4.36,0.24943176840628012
Saratoga,,37825020,,R-1-15,0,2.9,0.503730587704262
Saratoga,,39315037,,R-1-12,0,3.48,0.2852125753877738
Saratoga,,38907050,,R-M-4,0,20,0.022637074081052238
Saratoga,,38620015,,R-1-10 SS,0,4.36,0.3216986208020744
Saratoga,,39702111,,A,0,1,9.249672779751773
Saratoga,,50330075,,HR,0,1,9.650299602654401
Saratoga,,50316086,,R-1-40,0,1.09,0.9203089979069033
Saratoga,,39736023,,R-1-40,0,1.09,0.9145377990091809
Saratoga,,38644019,,R-1-12,0,3.48,0.3546260080727724
Saratoga,,38621032,,R-1-10 SS,0,4.36,0.24603950910966008
Saratoga,,38659014,,R-1-10,0,4.36,0.026699009166437297
Saratoga,,39302014,,R-1-12,0,3.48,0.2928838784019485
Saratoga,,38930006,,R-1-15,0,2.9,0.356992800658833
Saratoga,,50358034,,R-1-12,0,3.48,0.8941928043227408
Saratoga,,40328015,,R-1-10,0,4.36,0.18660409949676018
Saratoga,,50328056,,R-1-40,0,1.09,0.46983594643609616
Saratoga,,39721005,,R-1-10,0,4.36,0.325578067764797
Saratoga,,50327028,,R-1-10,0,4.36,0.1665084103849702
Saratoga,,38930054,,R-1-12,0,3.48,0.3522878369201855
Saratoga,,38916041,,R-1-10,0,4.36,0.2792520014019375
Saratoga,,51709075,,R-M-3,0,20,0.020206110444661557
Saratoga,,39316012,,R-1-12,0,3.48,0.334012074975231
Saratoga,,38618038,,R-1-10 SS,0,4.36,0.25994485801477246
Saratoga,,38933015,,R-1-40,0,1.09,1.0750604154470444
Saratoga,,39720028,,R-1-20,0,2.18,0.6912366909775479
Saratoga,,50327057,,R-1-10,0,4.36,0.16792593376048706
Saratoga,,39319040,,R-1-12,0,3.48,0.2925385828187722
Saratoga,,51006060,,R-1-40,0,1.09,1.0354713038412255
Saratoga,,38617003,,R-1-10 SS,0,4.36,0.23213614628487886
Saratoga,,38914062,,R-1-10,0,4.36,0.23792853039881182
Saratoga,,38937021,,R-1-10,0,4.36,0.22513725726339265
Saratoga,,40323015,,R-1-10,0,4.36,0.28677059641238856
Saratoga,,36613042,,R-1-12,0,3.48,0.23973103232556603
Saratoga,,38613008,,R-1-10,0,4.36,0.27383126113495676
Saratoga,,39717037,,R-1-40,0,1.09,0.939230403448213
Saratoga,,50378004,,HR,0,1,1.0878537815474536
Saratoga,,38915034,,R-1-10,0,4.36,0.22958009305072813
Saratoga,,50365026,,R-M-4,0,20,0.05301239885572339
Saratoga,,37825017,,R-1-15,0,2.9,0.5581014536971494
Saratoga,,38633020,,R-1-10,0,4.36,0.23353888525905853
Saratoga,,39322023,,R-1-12,0,3.48,0.29770904244529534
Saratoga,,40323028,,R-1-10,0,4.36,0.2089280041568479
Saratoga,,50316057,,R-1-40,0,1.09,0.4709165329489555
Saratoga,,39318011,,R-1-12,0,3.48,0.3854197089288886
Saratoga,,51722041,,R-1-40,0,1.09,1.8014039567719498
Saratoga,,39713045,,R-1-40,0,1.09,0.9124317706559613
Saratoga,,51714037,,R-1-40,0,1.09,1.20130280974384
Saratoga,,36657001,,HR,0,1,1.4908067739076183
Saratoga,,38930014,,R-1-20,0,2.18,0.463490930776045
Saratoga,,39322053,,R-1-12,0,3.48,0.3002425197914431
Saratoga,,50360016,,R-M-4,0,20,0.737787606744129
Saratoga,,38921021,,R-1-10,0,4.36,0.18837664732616255
Saratoga,,38916026,,R-1-10,0,4.36,0.23230877311747825
Saratoga,,36630008,,R-1-10,0,4.36,0.23800243586012157
Saratoga,,39738020,,R-M-3,0,20,0.03121118161281567
Saratoga,,38628018,,R-1-10,0,4.36,0.231086408118556
Saratoga,,39707095,,R-1-40,0,1.09,1.2671760442063036
Saratoga,,50317022,,R-1-12,0,3.48,0.6551585893339162
Saratoga,,38631001,,R-1-12,0,3.48,0.28920900258099097
Saratoga,,39724007,,R-1-10,0,4.36,0.19332093784040322
Saratoga,,39333036,,R-1-12,0,3.48,0.3185879438688737
Saratoga,,38661030,,R-1-10 SS,0,4.36,0.2887245299503145
Saratoga,,38648008,,R-1-10 PC,0,4.36,0.136497140617347
Saratoga,,51710036,,R-1-10,0,4.36,1.16128645185528
Saratoga,,39314032,,R-1-12,0,3.48,0.3024624583283526
Saratoga,,50353030,,R-1-40,0,1.09,0.4691162192465429
Saratoga,,39345029,,R-1-10,0,4.36,0.28355948721662905
Saratoga,,38916009,,R-1-10,0,4.36,0.241472526707949
Saratoga,,36630004,,R-1-10,0,4.36,0.23072532782839772
Saratoga,,40327060,,R-1-10,0,4.36,0.20077592075881862
Saratoga,,38626062,,R-1-10,0,4.36,0.2928801218602872
Saratoga,,50358030,,R-1-12,0,3.48,0.29620866884773617
Saratoga,,39731011,,PA,0,20,0.5646793219941108
Saratoga,,38945016,,MU-PD,0,20,0.18212102851176884
Saratoga,,38614023,,R-M-5,0,20,0.36164102181909225
Saratoga,,36627028,,R-1-12,0,3.48,0.33281480694857735
Saratoga,,36613056,,R-1-12,0,3.48,0.40256381938334324
Saratoga,,39339012,,R-1-10,0,4.36,0.26916182257812604
Saratoga,,39703033,,R-1-40,0,1.09,0.9219185006367216
Saratoga,,39344027,,R-1-10,0,4.36,0.275229560740467
Saratoga,,38618009,,R-1-10 SS,0,4.36,0.22083282932404907
Saratoga,,50316006,,R-1-40,0,1.09,1.1420679492503119
Saratoga,,38914065,,R-1-10,0,4.36,0.297586867922284
Saratoga,,39725012,,R-1-10,0,4.36,0.26937807262882324
Saratoga,,50354075,,R-1-12,0,3.48,0.41666863902996953
Saratoga,,38631024,,R-1-12,0,3.48,0.2994576038644915
Saratoga,,39319049,,R-1-12,0,3.48,0.3506939468711885
Saratoga,,38914057,,R-1-10,0,4.36,0.2807069427402108
Saratoga,,39719004,,R-1-40,0,1.09,1.0730005337829263
Saratoga,,38654041,,R-1-10,0,4.36,0.24276328696264374
Saratoga,,50377012,,R-1-12,0,3.48,0.5135712723614336
Saratoga,,38928010,,R-1-12,0,3.48,0.2908702367188179
Saratoga,,50349049,,R-1-12,0,3.48,0.3218864532791383
Saratoga,,38945027,,MU-PD,0,20,0.1754184715653957
Saratoga,,38605033,,R-1-10,0,4.36,0.2480280741040795
Saratoga,,50317052,,R-1-40,0,1.09,1.139108722485964
Saratoga,,50331067,,HR,0,1,5.955165997048019
Saratoga,,39713017,,R-1-40,0,1.09,1.1144821397860196
Saratoga,,38914045,,R-1-10,0,4.36,0.23537044911272523
Saratoga,,38642039,,R-1-12,0,3.48,0.23724217918579957
Saratoga,,38617021,,R-1-10 SS,0,4.36,0.29641864085202513
Saratoga,,39345028,,R-1-10,0,4.36,0.27910247944263256
Saratoga,,39735008,,R-1-40,0,1.09,1.2687636269151783
Saratoga,,51709058,,CH-1,0,20,0.22435866558269146
Saratoga,,50359002,,R-M-4,0,20,1.8073344139204817
Saratoga,,38605025,,R-1-10,0,4.36,0.21695154527252605
Saratoga,,50368022,,HR,0,1,0.9978804089360604
Saratoga,,38613055,,R-1-10,0,4.36,0.2851905278113197
Saratoga,,50318065,,R-1-40,0,1.09,0.8142283014376663
Saratoga,,50355012,,R-1-40,0,1.09,0.5086735047373969
Saratoga,,50318066,,R-1-40,0,1.09,0.9119199481203397
Saratoga,,39724106,,R-1-20,0,2.18,3.981920158594742
Saratoga,,39304026,,R-1-12,0,3.48,0.2961501675931122
Saratoga,,50353043,,R-1-20,0,2.18,0.46739793588524375
Saratoga,,38639017,,R-1-12,0,3.48,0.39077584137591714
Saratoga,,39713066,,R-1-40,0,1.09,1.2794391590559338
Saratoga,,51713029,,R-1-40,0,1.09,1.1923105263544571
Saratoga,,38615003,,R-1-10 SS,0,4.36,0.23397705321799916
Saratoga,,39722021,,PA,0,20,0.013126736367477493
Saratoga,,39728076,,R-1-10,0,4.36,0.27975826026105843
Saratoga,,38630012,,R-1-10,0,4.36,0.23474180864676647
Saratoga,,38914031,,R-1-10,0,4.36,0.2268321963445505
Saratoga,,50318039,,R-1-12,0,3.48,0.31826033404303616
Saratoga,,50361023,,R-M-4,0,20,0.03161652772183497
Saratoga,,36631007,,HR,0,1,1.846697455911097
Saratoga,,39319013,,R-1-12,0,3.48,0.2731308142392777
Saratoga,,38924032,,R-1-10,0,4.36,0.2590771370548661
Saratoga,,38936006,,R-1-15,0,2.9,0.3311522639855178
Saratoga,,37824021,,R-1-10,0,4.36,0.24426376162452873
Saratoga,,37825013,,R-1-15,0,2.9,0.43245107806940114
Saratoga,,51710025,,R-1-10,0,4.36,0.5702342955642105
Saratoga,,39716077,,R-1-40 PC,0,1.09,0.9651225870986825
Saratoga,,39304016,,R-1-12,0,3.48,0.29005631180339003
Saratoga,,50364022,,R-M-4,0,20,0.052991215741179265
Saratoga,,50360005,,R-M-4,0,20,0.03160569984950446
Saratoga,,39730005,,R-1-20,0,2.18,0.6909636639539216
Saratoga,,39706082,,R-1-40,0,1.09,1.5542752980518306
Saratoga,,39309007,,R-1-12,0,3.48,0.31173130997510273
Saratoga,,39702098,,R-1-40,0,1.09,0.8634139546395707
Saratoga,,38615007,,R-1-10 SS,0,4.36,0.3107404665362514
Saratoga,,39716078,,R-1-40 PC,0,1.09,0.8001718280794499
Saratoga,,38653045,,CN,0,20,0.09989585816098101
Saratoga,,38606003,,R-1-10,0,4.36,0.2238142060903064
Saratoga,,50316059,,R-1-40,0,1.09,0.7958675782001625
Saratoga,,38662019,,R-M-5,0,20,0.07832294243525992
Saratoga,,38945011,,MU-PD,0,20,0.21508177907299195
Saratoga,,38633035,,R-1-10,0,4.36,0.2781417673260821
Saratoga,,38640011,,R-1-12,0,3.48,0.3054182094068357
Saratoga,,39716060,,R-1-40,0,1.09,1.0107681385610878
Saratoga,,50325049,,CH-2,0,20,0.02883426426399047
Saratoga,,51007056,,R-1-40,0,1.09,0.26140589814432075
Saratoga,,50327018,,R-1-10,0,4.36,0.1697846076574709
Saratoga,,50355070,,R-1-40,0,1.09,0.8014005601235468
Saratoga,,51718026,,R-1-40,0,1.09,0.8641387315564968
Saratoga,,39730043,,R-1-20,0,2.18,0.4886233642328248
Saratoga,,39736014,,R-1-40,0,1.09,0.9645478993542989
Saratoga,,39322038,,R-1-12,0,3.48,0.2963983047885209
Saratoga,,38631041,,R-1-12,0,3.48,0.290696788283147
Saratoga,,38616049,,R-1-10 SS,0,4.36,0.26122933113615243
Saratoga,,36636023,,CV,0,20,0.03589701507718447
Saratoga,,38611014,,R-1-10,0,4.36,0.24323234910896074
Saratoga,,50329066,,R-1-40,0,1.09,1.5130440290412004
Saratoga,,39725063,,R-1-12,0,3.48,1.2951063031261623
Saratoga,,39717064,,R-1-40,0,1.09,0.9726719607279322
Saratoga,,39708100,,R-1-40,0,1.09,1.0571293268290525
Saratoga,,39720041,,R-1-20,0,2.18,0.5588683586336253
Saratoga,,51001029,,R-1-20,0,2.18,0.5606257218423937
Saratoga,,50355069,,R-1-40,0,1.09,0.024265766416716426
Saratoga,,39720054,,R-1-20,0,2.18,0.558093640440066
Saratoga,,38636028,,R-1-12,0,3.48,0.29819339633952513
Saratoga,,36621017,,HR,0,1,0.04423565879612448
Saratoga,,39311040,,R-1-12,0,3.48,0.4094916769021398
Saratoga,,38917002,,R-1-10,0,4.36,0.24440191909202458
Saratoga,,50372017,,HR,0,1,1.020182519369338
Saratoga,,36605044,,HR,0,1,0.8027368440842937
Saratoga,,38612061,,R-1-10,0,4.36,0.28705044873530616
Saratoga,,38913004,,R-1-10,0,4.36,0.26131789223875435
Saratoga,,51052009,,R-1-40,0,1.09,1.5778600234751572
Saratoga,,50353042,,R-1-20,0,2.18,0.4718900954440378
Saratoga,,50313021,,HR,0,1,3.037536401919814
Saratoga,,38644012,,R-1-12,0,3.48,0.23052475755362148
Saratoga,,36643006,,HR,0,1,1.057563865898975
Saratoga,,38922033,,R-1-10,0,4.36,0.19835097172904517
Saratoga,,39316035,,R-1-12,0,3.48,0.2850376632505008
Saratoga,,50320024,,R-1-40,0,1.09,0.5205793888525859
Saratoga,,50317029,,HR,0,1,1.7645682887867904
Saratoga,,50363100,,R-M-3,0,20,0.032556094035693595
Saratoga,,38927031,,R-1-12,0,3.48,0.2791600440262244
Saratoga,,38636045,,R-1-12,0,3.48,0.28923335780926296
Saratoga,,51004008,,R-1-40,0,1.09,1.4306059243256477
Saratoga,,50378014,,HR,0,1,1.140642343319006
Saratoga,,50363048,,R-M-3,0,20,0.020589690005429317
Saratoga,,39301015,,R-1-12,0,3.48,0.3564646088653405
Saratoga,,38914015,,R-1-10,0,4.36,0.232841583290857
Saratoga,,40327101,,R-1-10,0,4.36,0.20031965051098355
Saratoga,,38632001,,R-1-12,0,3.48,0.3037859917460945
Saratoga,,39326012,,R-1-10,0,4.36,0.31337997652929367
Saratoga,,36623048,,R-1-10,0,4.36,0.265044893243189
Saratoga,,39309012,,R-1-12,0,3.48,0.3298010447799636
Saratoga,,39701070,,R-1-40,0,1.09,0.9706038677252313
Saratoga,,36613076,,R-1-12,0,3.48,0.37865724190180217
Saratoga,,50317033,,R-1-15,0,2.9,0.32505980136268275
Saratoga,,40323044,,R-1-10,0,4.36,0.19467449285882488
Saratoga,,38607026,,R-1-10,0,4.36,0.23809393993818598
Saratoga,,50316056,,R-1-40,0,1.09,0.5619248541611945
Saratoga,,38658007,,R-1-10,0,4.36,0.027144868892451147
Saratoga,,38641034,,R-1-10,0,4.36,0.2470620479644228
Saratoga,,38926026,,R-1-10,0,4.36,0.21777578896311045
Saratoga,,38654021,,R-1-10,0,4.36,0.2808749277362975
Saratoga,,40328045,,R-1-10,0,4.36,0.20352303226081736
Saratoga,,39702075,,R-1-40,0,1.09,0.3302282337984747
Saratoga,,50320063,,R-1-12,0,3.48,0.3242272736412666
Saratoga,,50329121,,R-1-40,0,1.09,2.941017561749402
Saratoga,,38924005,,R-1-10,0,4.36,0.26011380853566896
Saratoga,,39308009,,R-1-12,0,3.48,0.30192820253145203
Saratoga,,39320003,,R-1-12,0,3.48,0.2887763026668084
Saratoga,,39722069,,PA,0,20,0.09588011312396617
Saratoga,,38634059,,R-1-12,0,3.48,0.3042140105528386
Saratoga,,39704108,,R-1-40,0,1.09,0.9195258542056562
Saratoga,,38613002,,R-1-10,0,4.36,0.27201325297012713
Saratoga,,39716022,,R-1-20,0,2.18,0.5316745691088105
Saratoga,,50323025,,R-1-15,0,2.9,1.629605275899686
Saratoga,,50329003,,R-1-40,0,1.09,1.5725212826900021
Saratoga,,38917001,,R-1-10,0,4.36,0.25434876278049934
Saratoga,,38660025,,CV,0,20,0.008622381382696857
Saratoga,,38907054,,R-M-4,0,20,0.03449394813113879
Saratoga,,38608052,,R-1-10,0,4.36,0.22726555776557936
Saratoga,,39724067,,R-1-20,0,2.18,0.4777540249470932
Saratoga,,36648021,,HR,0,1,2.37305920462817
Saratoga,,37825007,,R-1-15,0,2.9,0.39482451530428153
Saratoga,,51720012,,R-1-20,0,2.18,0.5161805442026909
Saratoga,,39723031,,R-1-10,0,4.36,0.1883199677163712
Saratoga,,38632037,,R-1-12,0,3.48,0.4100408417121283
Saratoga,,38656020,,CV,0,20,0.030862408728776655
Saratoga,,51001020,,R-1-20,0,2.18,0.46729463724425585
Saratoga,,38641033,,R-1-10,0,4.36,0.2187480152847937
Saratoga,,38918007,,R-1-10,0,4.36,0.23152834004519277
Saratoga,,50319078,,R-1-12,0,3.48,0.4346303155790181
Saratoga,,39719005,,R-1-40,0,1.09,1.3403718039709536
Saratoga,,51722083,,R-1-40,0,1.09,1.072063065562868
Saratoga,,50361029,,R-M-4,0,20,0.03159675845229131
Saratoga,,38917045,,R-1-10,0,4.36,0.22892774661924525
Saratoga,,50313148,,HR,0,1,1.2485711478602286
Saratoga,,50329035,,R-1-40,0,1.09,1.0349217352947657
Saratoga,,39310026,,R-1-12,0,3.48,0.28893824721767264
Saratoga,,38604031,,R-1-12,0,3.48,0.5774279249803135
Saratoga,,51708030,,R-1-10,0,4.36,0.26618467438040366
Saratoga,,38650006,,R-1-12,0,3.48,0.2776405923796046
Saratoga,,38634051,,R-1-12,0,3.48,0.2899256080084342
Saratoga,,51001006,,R-1-20,0,2.18,0.38108572114761624
Saratoga,,38652030,,R-1-10,0,4.36,0.261540915935054
Saratoga,,50356003,,HR,0,1,1.217555000289979
Saratoga,,38616041,,R-1-10 SS,0,4.36,0.24907658174014646
Saratoga,,50350005,,R-1-12,0,3.48,0.3232421538646511
Saratoga,,51722119,,R-1-40,0,1.09,1.8941103219295512
Saratoga,,38639007,,R-1-12,0,3.48,0.345685030894336
Saratoga,,38654058,,R-1-10,0,4.36,0.2492438514640576
Saratoga,,38647037,,R-1-12,0,3.48,0.30846474547626185
Saratoga,,39323017,,R-1-12,0,3.48,0.3691652840819808
Saratoga,,39345027,,R-1-10,0,4.36,0.3078790346325198
Saratoga,,38627046,,R-1-10,0,4.36,0.28557736581112353
Saratoga,,39322036,,R-1-12,0,3.48,0.2861878755725014
Saratoga,,40324018,,None,0,0,0.6300637732756487
Saratoga,,39305029,,R-1-12,0,3.48,0.33109595617741705
Saratoga,,51005001,,R-1-40,0,1.09,1.0103298745940565
Saratoga,,38626009,,R-1-10,0,4.36,0.23107908000447086
Saratoga,,38635069,,R-1-10 PC,0,4.36,7.304165459603388
Saratoga,,36649043,,HR,0,1,2.7695491328603916
Saratoga,,39314021,,R-1-12,0,3.48,0.34935799703819337
Saratoga,,38921001,,R-1-10,0,4.36,1.6484814293841563
Saratoga,,39308008,,R-1-12,0,3.48,0.3172308821961954
Saratoga,,39734011,,R-1-20,0,2.18,0.45787147010666707
Saratoga,,38606029,,R-1-10,0,4.36,0.25450727203331636
Saratoga,,51024027,,HR,0,1,1.0938365647974946
Saratoga,,38645033,,R-1-10,0,4.36,0.2343112670332062
Saratoga,,39710018,,R-1-40,0,1.09,1.0356194783467532
Saratoga,,38924029,,R-1-10,0,4.36,0.32177377771599014
Saratoga,,38914006,,R-1-10,0,4.36,0.22645139724528365
Saratoga,,39702040,,R-1-40,0,1.09,1.0102192440117317
Saratoga,,38612049,,R-1-10,0,4.36,0.3004525631666862
Saratoga,,39341014,,R-1-12,0,3.48,0.2547533152779155
Saratoga,,39743033,,R-1-10,0,4.36,0.32876896407155887
Saratoga,,36627017,,R-1-12,0,3.48,0.44817576196662434
Saratoga,,39724003,,R-1-10,0,4.36,0.21345716316337404
Saratoga,,38905011,,R-1-12,0,3.48,0.29993825481669967
Saratoga,,39726018,,R-1-12,0,3.48,0.4758884651098497
Saratoga,,50378008,,HR,0,1,1.7029811516460107
Saratoga,,38938038,,R-1-10,0,4.36,0.19013537736680786
Saratoga,,38648013,,R-1-10 PC,0,4.36,0.1234844407238139
Saratoga,,39729010,,R-1-12,0,3.48,0.28483510325829814
Saratoga,,50353014,,R-1-40,0,1.09,1.9507262938649024
Saratoga,,51002017,,R-1-40,0,1.09,1.0783535494787606
Saratoga,,39710014,,R-1-40,0,1.09,1.0071970726675061
Saratoga,,38641003,,R-1-10,0,4.36,0.2375011617338667
Saratoga,,38631028,,R-1-12,0,3.48,0.2966986419933208
Saratoga,,38655005,,R-1-10,0,4.36,0.2582206033547638
Saratoga,,36650039,,HR,0,1,1.4336125145911724
Saratoga,,36656011,,CV,0,20,0.07366054451156694
Saratoga,,51708053,,R-M-3,0,20,0.02392183618200899
Saratoga,,50381003,,R-1-40,0,1.09,1.075346348982168
Saratoga,,38941047,,R-1-15,0,2.9,0.2967306519037314
Saratoga,,51006057,,R-1-40,0,1.09,1.0106208255389209
Saratoga,,51709076,,R-M-3,0,20,0.02020212387985477
Saratoga,,38627055,,R-1-10,0,4.36,0.2978573101832181
Saratoga,,39346018,,R-1-12,0,3.48,0.29761070516707194
Saratoga,,38631030,,R-1-12,0,3.48,0.30042397852027874
Saratoga,,40328023,,R-1-10,0,4.36,0.20856653982438356
Saratoga,,39337025,,R-1-10,0,4.36,0.3014076806607602
Saratoga,,50313119,,HR,0,1,1.1550923112888478
Saratoga,,38642024,,R-1-12,0,3.48,0.23418562235694437
Saratoga,,39716013,,R-1-20,0,2.18,0.4371400626537637
Saratoga,,38923003,,R-1-10,0,4.36,0.4653155608502893
Saratoga,,39305016,,R-1-12,0,3.48,0.29330243164400804
Saratoga,,39725009,,R-1-10,0,4.36,0.43253350927336937
Saratoga,,38604028,,R-1-12,0,3.48,0.2905978204900745
Saratoga,,37824001,,R-1-10,0,4.36,0.4001315918210087
Saratoga,,39345030,,R-1-10,0,4.36,0.22417106358007544
Saratoga,,39713036,,R-1-40,0,1.09,0.9259142594426003
Saratoga,,39342030,,R-1-10,0,4.36,0.18596118292487052
Saratoga,,36623018,,R-1-10,0,4.36,0.24126777804734673
Saratoga,,39337033,,R-1-10,0,4.36,0.2286591817139155
Saratoga,,38608066,,R-1-10,0,4.36,0.22492971314019258
Saratoga,,38652015,,R-1-10,0,4.36,0.2295478752073453
Saratoga,,38619055,,R-1-10 SS,0,4.36,0.25197606828682884
Saratoga,,38932002,,R-1-15,0,2.9,0.47070506457798655
Saratoga,,39713047,,R-1-40,0,1.09,0.9649580673420383
Saratoga,,38607049,,R-1-10,0,4.36,0.25824124045166863
Saratoga,,50351011,,HR,0,1,1.562576191741261
Saratoga,,38916034,,R-1-10,0,4.36,0.2347043089240193
Saratoga,,38904002,,R-1-12,0,3.48,0.27388592817289376
Saratoga,,39340015,,R-1-10,0,4.36,0.270873613373369
Saratoga,,50327061,,R-1-10,0,4.36,0.1681472654625285
Saratoga,,40327007,,R-1-10,0,4.36,0.18685954587637058
Saratoga,,39735005,,R-1-40,0,1.09,1.3897163457352975
Saratoga,,38661028,,R-1-10 SS,0,4.36,0.2550414976438276
Saratoga,,36636017,,CV,0,20,0.03640058387755641
Saratoga,,38629056,,R-1-12,0,3.48,0.29349504542308397
Saratoga,,40328025,,R-1-10,0,4.36,0.1871361767178523
Saratoga,,50372021,,HR,0,1,2.6461180260852224
Saratoga,,51709047,,CH-1,0,20,0.07634125482774144
Saratoga,,38940002,,R-1-15,0,2.9,0.35887167204447545
Saratoga,,38901020,,R-1-12,0,3.48,3.117027923005326
Saratoga,,50357002,,HR,0,1,0.8964607685668683
Saratoga,,38653003,,R-1-10,0,4.36,0.2577906093379067
Saratoga,,39708059,,R-1-40,0,1.09,0.9246113059220835
Saratoga,,39702030,,R-1-40,0,1.09,1.0831418978885452
Saratoga,,39706110,,R-1-40,0,1.09,1.3972276920572826
Saratoga,,51714093,,R-1-40,0,1.09,1.568550822943509
Saratoga,,39337007,,R-1-10,0,4.36,0.23169138504133371
Saratoga,,38623049,,R-1-10 SS,0,4.36,0.23990624807428995
Saratoga,,38651012,,R-1-12,0,3.48,0.2991795943704468
Saratoga,,36614038,,R-1-12,0,3.48,0.2886288787528426
Saratoga,,38652007,,R-1-10,0,4.36,0.11304632580723831
Saratoga,,38904001,,R-1-12,0,3.48,0.3436601484739539
Saratoga,,38613046,,R-1-10,0,4.36,0.2549824433834321
Saratoga,,38662010,,R-M-5,0,20,0.06560124396706961
Saratoga,,39720066,,R-1-40,0,1.09,0.24732228383539034
Saratoga,,38901004,,R-1-12,0,3.48,0.2870928074188035
Saratoga,,36632009,,HR,0,1,1.9234645861117035
Saratoga,,39303006,,R-1-12,0,3.48,0.2845431308132684
Saratoga,,50328101,,R-1-40,0,1.09,0.7730309800951851
Saratoga,,39707031,,R-1-40,0,1.09,1.4883147349283274
Saratoga,,38636039,,R-1-12,0,3.48,0.4345313931736925
Saratoga,,38642027,,R-1-12,0,3.48,0.3062542785405564
Saratoga,,39721003,,R-1-10,0,4.36,0.325544827781049
Saratoga,,38619004,,R-1-10 SS,0,4.36,0.2334363314794907
Saratoga,,38649003,,R-1-10,0,4.36,0.2047027463014127
Saratoga,,39743019,,R-1-10,0,4.36,0.22235366694342895
Saratoga,,39733009,,R-M-3,0,20,0.06447541146348688
Saratoga,,38657017,,CV,0,20,0.0325067533212424
Saratoga,,38633083,,R-1-10,0,4.36,0.26571872534660507
Saratoga,,39306018,,R-1-12,0,3.48,0.31573455168560366
Saratoga,,39704049,,R-1-40,0,1.09,1.1537870677430335
Saratoga,,39730049,,R-1-20,0,2.18,0.6229747450724338
Saratoga,,50358036,,R-1-12,0,3.48,0.31924682236477925
Saratoga,,38912013,,R-1-10,0,4.36,0.23347153719680322
Saratoga,,38653020,,R-1-10,0,4.36,0.33978525126501846
Saratoga,,36628008,,R-1-12,0,3.48,0.30845682805766306
Saratoga,,38914033,,R-1-10,0,4.36,0.23552401496044503
Saratoga,,39722049,,R-1-10,0,4.36,0.7997036117417461
Saratoga,,50328069,,R-1-40,0,1.09,0.45148131536049196
Saratoga,,50361011,,R-M-4,0,20,0.03613986782976697
Saratoga,,39322043,,R-1-12,0,3.48,0.33386456551582305
Saratoga,,50382024,,R-1-12,0,3.48,0.36745371716360026
Saratoga,,38630008,,R-1-10,0,4.36,0.3464957460459503
Saratoga,,50354031,,R-1-12,0,3.48,0.30668091939844666
Saratoga,,38638007,,R-1-12,0,3.48,10.286551724938233
Saratoga,,38632007,,R-1-12,0,3.48,0.2865429320775634
Saratoga,,39735015,,R-1-40,0,1.09,0.9238492393040753
Saratoga,,38916042,,R-1-10,0,4.36,0.2511414151674829
Saratoga,,38644024,,R-1-12,0,3.48,0.35865699349863966
Saratoga,,38630061,,CV,0,20,0.06516711901664801
Saratoga,,50328127,,R-1-40,0,1.09,1.2218238365562704
Saratoga,,50349020,,R-1-12,0,3.48,0.3022865780404207
Saratoga,,51708012,,CH-1,0,20,0.18292321535203634
Saratoga,,39706070,,R-1-40,0,1.09,0.9837565809059566
Saratoga,,37824025,,R-1-10,0,4.36,0.24997348041353773
Saratoga,,38649002,,R-1-10,0,4.36,0.2544114371145291
Saratoga,,51004010,,R-1-40,0,1.09,1.1266918604942906
Saratoga,,38922008,,R-1-10,0,4.36,0.17961262767991182
Saratoga,,38603036,,R-1-12,0,3.48,0.2946297349668949
Saratoga,,38930019,,R-1-10,0,4.36,0.2228056178509535
Saratoga,,38923006,,R-1-10,0,4.36,0.45497714351393603
Saratoga,,50349032,,R-1-10,0,4.36,0.2411979551629267
Saratoga,,50377004,,R-1-12,0,3.48,0.2842775430485779
Saratoga,,38636043,,R-1-12,0,3.48,0.28925663188516415
Saratoga,,50364006,,R-M-4,0,20,0.05299565577823779
Saratoga,,39716028,,R-1-20,0,2.18,0.7068929932100394
Saratoga,,39703083,,R-1-40,0,1.09,1.28795533235044
Saratoga,,39716096,,R-1-40 PC,0,1.09,0.7188292623123242
Saratoga,,51719043,,R-1-20,0,2.18,0.4625018663696286
Saratoga,,39720036,,R-1-20,0,2.18,0.83891754315128
Saratoga,,38925040,,R-1-10,0,4.36,0.19495652724487797
Saratoga,,38623060,,R-1-10 SS,0,4.36,0.23398653394823563
Saratoga,,39318027,,R-1-12,0,3.48,0.29098419835170836
Saratoga,,38925039,,R-1-10,0,4.36,0.19472453388887886
Saratoga,,39716085,,R-1-40 PC,0,1.09,0.891643770523208
Saratoga,,38609021,,R-1-10,0,4.36,0.34462200837681545
Saratoga,,51709011,,CH-1,0,20,0.24434791698681793
Saratoga,,38607045,,R-1-10,0,4.36,0.2453131214437043
Saratoga,,38659026,,R-1-10,0,4.36,0.026699688535340608
Saratoga,,36625022,,R-1-12,0,3.48,0.3114117627678542
Saratoga,,38945051,,MU-PD,0,20,0.18128803339348368
Saratoga,,38926015,,R-1-10,0,4.36,0.1953235591613805
Saratoga,,38634004,,R-1-12,0,3.48,0.2899702870822885
Saratoga,,39716100,,R-1-40 PC,0,1.09,0.8311635659020518
Saratoga,,36613044,,R-1-12,0,3.48,0.8524368738634858
Saratoga,,38642008,,R-1-12,0,3.48,0.3288030835277187
Saratoga,,39725027,,R-1-10,0,4.36,0.29725441306132105
Saratoga,,38908033,,R-M-3,0,20,0.012571156960588355
Saratoga,,51714085,,HR,0,1,2.367475409310729
Saratoga,,39723023,,R-1-10,0,4.36,0.2370057177536332
Saratoga,,39704050,,R-1-40,0,1.09,1.129602930004196
Saratoga,,38606037,,R-1-10,0,4.36,0.24091404885607146
Saratoga,,39702094,,R-1-40,0,1.09,0.9269094245640463
Saratoga,,38904014,,R-1-12,0,3.48,0.2782860516989209
Saratoga,,39332029,,R-1-12,0,3.48,0.2820621899016555
Saratoga,,50329108,,R-1-40,0,1.09,0.9201675202858756
Saratoga,,38925011,,R-1-10,0,4.36,0.19964386922411478
Saratoga,,50363057,,R-M-3,0,20,0.03254978669793687
Saratoga,,39707072,,R-1-40,0,1.09,1.3263272864620594
Saratoga,,38913002,,R-1-10,0,4.36,0.25393160500364215
Saratoga,,40328077,,R-1-10,0,4.36,0.21554303041044223
Saratoga,,50353047,,R-1-40,0,1.09,0.8779224192959593
Saratoga,,50316088,,R-1-40,0,1.09,1.1298225308899312
Saratoga,,38915028,,R-1-10,0,4.36,0.23021700195615077
Saratoga,,50358007,,R-1-12,0,3.48,0.3287709446263268
Saratoga,,50316055,,R-1-40,0,1.09,0.8143646287886062
Saratoga,,39701049,,R-1-40,0,1.09,0.9497632721281235
Saratoga,,39343015,,R-1-10,0,4.36,0.2692200693929843
Saratoga,,38615014,,R-1-10 SS,0,4.36,0.24892372389848866
Saratoga,,51708039,,R-1-10,0,4.36,0.31134133691266586
Saratoga,,39313009,,R-1-10,0,4.36,0.23592729336910037
Saratoga,,39704096,,R-1-40,0,1.09,1.0244596770271561
Saratoga,,39336030,,R-1-20,0,2.18,0.4583512493342963
Saratoga,,38603046,,R-1-10,0,4.36,0.23803730671108866
Saratoga,,38906008,,PA,0,20,0.48700137959385453
Saratoga,,50354065,,R-1-12,0,3.48,0.28322231997621566
Saratoga,,39346001,,R-1-12,0,3.48,0.36999750642821666
Saratoga,,39342037,,R-1-10,0,4.36,0.18356561406977595
Saratoga,,39735009,,R-1-40,0,1.09,0.953443951702803
Saratoga,,39704088,,R-1-40,0,1.09,1.2063893024417587
Saratoga,,39704120,,R-1-40,0,1.09,1.6797392482361855
Saratoga,,38636029,,R-1-12,0,3.48,0.29799543220359936
Saratoga,,50330077,,HR,0,1,1.0243468256040915
Saratoga,,38913005,,R-1-10,0,4.36,0.2619734563868885
Saratoga,,36630016,,R-1-10,0,4.36,0.22234397974607076
Saratoga,,39310007,,R-1-12,0,3.48,0.34380248005702657
Saratoga,,39722051,,R-1-10,0,4.36,0.6177585799565628
Saratoga,,39322065,,R-1-12,0,3.48,0.3257889417990194
Saratoga,,36632011,,HR,0,1,1.5846043970198405
Saratoga,,38613024,,R-1-10,0,4.36,0.2534956209464555
Saratoga,,39716110,,R-1-40 PC,0,1.09,0.761666215789569
Saratoga,,38931032,,R-1-20,0,2.18,0.46549464686574554
Saratoga,,39333030,,R-1-12,0,3.48,0.3478942168364964
Saratoga,,50355022,,R-1-40,0,1.09,1.0718114822854783
Saratoga,,39317004,,R-1-12,0,3.48,1.2723787527431687
Saratoga,,39704029,,R-1-40,0,1.09,1.1998728152897202
Saratoga,,38905008,,R-1-12,0,3.48,0.2817627043118258
Saratoga,,38620034,,R-1-10 SS,0,4.36,0.2716412631383727
Saratoga,,39706105,,R-1-40,0,1.09,2.884947836346016
Saratoga,,38654010,,R-1-10,0,4.36,0.2694363873291954
Saratoga,,38657007,,CV,0,20,0.048305456417324324
Saratoga,,38620023,,R-1-10 SS,0,4.36,0.26932411837390763
Saratoga,,39701051,,R-1-40,0,1.09,1.4862737458270099
Saratoga,,39718016,,R-1-40,0,1.09,1.0811922287755378
Saratoga,,37824048,,R-1-10,0,4.36,0.2551644927998217
Saratoga,,36649001,,HR,0,1,2.5736662964714943
Saratoga,,38656040,,CV,0,20,0.0623200157348893
Saratoga,,39725031,,R-1-10,0,4.36,0.31774876611170794
Saratoga,,39302034,,R-1-12,0,3.48,0.30477324508551107
Saratoga,,39708063,,R-1-40,0,1.09,0.9413697403137056
Saratoga,,38606045,,R-1-10,0,4.36,0.2607827515533621
Saratoga,,51720038,,R-1-20,0,2.18,0.6554125979051998
Saratoga,,38644008,,R-1-12,0,3.48,0.27130647275947967
Saratoga,,39733022,,R-M-3,0,20,0.06887320647931096
Saratoga,,50323008,,R-1-12,0,3.48,1.2107164526459475
Saratoga,,39723040,,R-1-20,0,2.18,0.32617171233834985
Saratoga,,50323042,,R-1-15,0,2.9,0.47593229755322836
Saratoga,,36621006,,HR,0,1,1.0469087751589998
Saratoga,,38647017,,R-1-12,0,3.48,0.31765164234696086
Saratoga,,38642040,,R-1-12,0,3.48,0.29162891004729724
Saratoga,,38658032,,R-1-10,0,4.36,0.031606508282859845
Saratoga,,51711004,,R-1-20,0,2.18,0.7404082161838594
Saratoga,,39721004,,R-1-10,0,4.36,0.3287073296646011
Saratoga,,50328023,,R-1-40,0,1.09,0.3448293812630781
Saratoga,,38933022,,R-1-20,0,2.18,0.47813655433330216
Saratoga,,36625020,,R-1-12,0,3.48,0.36570013318166145
Saratoga,,38616024,,R-1-10 SS,0,4.36,0.3921125872789624
Saratoga,,39706067,,R-1-40,0,1.09,1.1419016668052755
Saratoga,,50382020,,R-1-12,0,3.48,0.32081134096444425
Saratoga,,50363052,,R-M-3,0,20,0.03255618884479849
Saratoga,,50352020,,R-1-10,0,4.36,0.28112546871604616
Saratoga,,39703021,,R-1-40,0,1.09,1.048072540203076
Saratoga,,36627006,,R-1-12,0,3.48,0.30188520645368383
Saratoga,,38917008,,R-1-10,0,4.36,0.25960076478298716
Saratoga,,39319047,,R-1-12,0,3.48,0.28295276323033125
Saratoga,,39711002,,R-1-40,0,1.09,1.1999421766874772
Saratoga,,38925021,,R-1-10,0,4.36,0.21918589090769053
Saratoga,,38913033,,R-1-10,0,4.36,0.24403057931676211
Saratoga,,39744019,,R-M-3,0,20,0.16338501436640973
Saratoga,,39725096,,R-1-10,0,4.36,0.7602666497748063
Saratoga,,39330033,,R-1-12,0,3.48,0.3106221022892952
Saratoga,,50315078,,HR,0,1,11.619712869278692
Saratoga,,39314016,,R-1-12,0,3.48,0.3168289808611837
Saratoga,,39310005,,R-1-12,0,3.48,0.36204582958374837
Saratoga,,50365036,,R-M-4,0,20,0.041939721464037114
Saratoga,,39306006,,R-1-12,0,3.48,0.29822876716449825
Saratoga,,36606002,,HR,0,1,14.586143922181174
Saratoga,,50375009,,HR,0,1,3.269850050860382
Saratoga,,38656023,,CV,0,20,0.04724928553784068
Saratoga,,39744012,,R-M-3,0,20,0.051494261768441255
Saratoga,,39333015,,R-1-12,0,3.48,0.3011975774343131
Saratoga,,39717029,,R-1-40,0,1.09,0.9504634834549762
Saratoga,,38633015,,R-1-10,0,4.36,0.23931772655595931
Saratoga,,36613008,,R-1-12,0,3.48,0.3995467623390334
Saratoga,,38914056,,R-1-10,0,4.36,0.27696758012987355
Saratoga,,38613058,,R-1-10,0,4.36,0.2858751116776791
Saratoga,,38938049,,R-1-10,0,4.36,0.1955538238949258
Saratoga,,39725054,,R-1-12,0,3.48,0.31440743340923666
Saratoga,,50322081,,R-1-10,0,4.36,0.19583634832843885
Saratoga,,38645072,,R-1-10,0,4.36,0.27994612836104166
Saratoga,,38644033,,R-1-12,0,3.48,0.34223459491322106
Saratoga,,38660022,,CV,0,20,0.009403992270759626
Saratoga,,36635001,,CV,0,20,0.04342931768574999
Saratoga,,36620006,,R-1-12,0,3.48,0.37841798263557547
Saratoga,,39718022,,R-1-40,0,1.09,1.279761066964521
Saratoga,,38619078,,R-1-10 SS,0,4.36,0.23410388759701972
Saratoga,,38630009,,R-1-10,0,4.36,0.321095986968344
Saratoga,,39302007,,R-1-12,0,3.48,0.407963744196714
Saratoga,,39716116,,R-1-40 PC,0,1.09,0.7772166740535351
Saratoga,,39327049,,R-1-10,0,4.36,0.24529527275973587
Saratoga,,50381002,,R-1-40,0,1.09,1.0357250187896112
Saratoga,,38645074,,R-1-10,0,4.36,0.2992004540399877
Saratoga,,50319131,,R-1-12,0,3.48,0.3285374537436679
Saratoga,,38916025,,R-1-10,0,4.36,0.23305926664869558
Saratoga,,39345038,,R-1-10,0,4.36,0.34832861513893015
Saratoga,,38635049,,R-1-10,0,4.36,0.2830987176200442
Saratoga,,50376003,,CH-2,0,20,0.015671147173321666
Saratoga,,39314027,,R-1-12,0,3.48,0.3163513005742269
Saratoga,,38904007,,R-1-12,0,3.48,0.2874256719264978
Saratoga,,51722065,,R-1-40,0,1.09,1.096598129997872
Saratoga,,36648001,,HR,0,1,1.2053020977787268
Saratoga,,36644001,,HR,0,1,3.3109577828906067
Saratoga,,39725001,,R-1-10,0,4.36,0.2288030796129921
Saratoga,,51721026,,R-1-20,0,2.18,0.5069731398687845
Saratoga,,50354056,,R-1-12,0,3.48,0.373574007898052
Saratoga,,38915033,,R-1-10,0,4.36,0.22958279587110655
Saratoga,,39702074,,R-1-40,0,1.09,0.5181816770634328
Saratoga,,50363070,,R-M-3,0,20,0.03255005603967402
Saratoga,,50363053,,R-M-3,0,20,0.03254942034375623
Saratoga,,36613032,,R-1-12,0,3.48,0.24737290742106827
Saratoga,,39346017,,R-1-12,0,3.48,0.29905530451238743
Saratoga,,50355007,,R-1-40,0,1.09,1.0679611972434129
Saratoga,,38918008,,R-1-10,0,4.36,0.2317118192658017
Saratoga,,39328016,,R-1-10,0,4.36,0.22768921467452682
Saratoga,,38649032,,R-1-12,0,3.48,0.3380331127314679
Saratoga,,38647011,,R-1-12,0,3.48,0.29606783568619505
Saratoga,,39739019,,R-M-3,0,20,0.035383976753516067
Saratoga,,38639027,,R-1-12,0,3.48,0.44807898561896
Saratoga,,51708041,,R-1-10,0,4.36,0.2775028254902383
Saratoga,,50368027,,HR,0,1,1.7486687225578286
Saratoga,,50328102,,R-1-40,0,1.09,1.0918730381932804
Saratoga,,38652005,,R-1-10,0,4.36,0.23350617012378683
Saratoga,,38914008,,R-1-10,0,4.36,0.23051299957981347
Saratoga,,38631032,,R-1-12,0,3.48,0.4264950514388563
Saratoga,,39305002,,R-1-12,0,3.48,0.3850813757407749
Saratoga,,38915029,,R-1-10,0,4.36,0.2300982850035379
Saratoga,,38915037,,R-1-10,0,4.36,0.22956772261522704
Saratoga,,50354036,,R-1-12,0,3.48,0.2707930755461585
Saratoga,,51718007,,R-1-40,0,1.09,0.3706760288887717
Saratoga,,39342032,,R-1-10,0,4.36,0.17618497689611548
Saratoga,,38926016,,R-1-10,0,4.36,0.1953382592107142
Saratoga,,38654049,,R-1-10,0,4.36,0.2977098427907113
Saratoga,,39716072,,R-1-40 PC,0,1.09,0.8104981962818026
Saratoga,,50328011,,R-1-10,0,4.36,0.2205035544628097
Saratoga,,50362023,,HR,0,1,2.7230319114229995
Saratoga,,39711024,,R-1-40,0,1.09,1.4492350597326418
Saratoga,,36636013,,CV,0,20,0.03441414719779686
Saratoga,,37821006,,R-1-10,0,4.36,0.2275256132249371
Saratoga,,38913026,,R-1-10,0,4.36,0.26941313616440654
Saratoga,,39711011,,R-1-40,0,1.09,1.0571089560671423
Saratoga,,39740013,,R-1-40,0,1.09,0.9387197539747645
Saratoga,,37824040,,R-1-10,0,4.36,0.2477201188778683
Saratoga,,38639029,,R-1-12,0,3.48,0.33688563450149017
Saratoga,,50326008,,R-1-10,0,4.36,0.19738134948131236
Saratoga,,38926038,,R-1-10,0,4.36,0.3424295317853934
Saratoga,,38913001,,R-1-10,0,4.36,0.30371812015489524
Saratoga,,36622032,,CN,0,20,0.12670005910504858
Saratoga,,51711045,,R-1-15,0,2.9,0.3581065520795704
Saratoga,,38631051,,R-1-12,0,3.48,0.24128534670141288
Saratoga,,50317045,,R-1-15,0,2.9,0.34157628512892463
Saratoga,,38926005,,R-1-10,0,4.36,0.18707806396233362
Saratoga,,38922011,,R-1-10,0,4.36,0.18635532778888372
Saratoga,,38904020,,R-1-12,0,3.48,0.28450292884144696
Saratoga,,38644006,,R-1-12,0,3.48,0.2856102671555425
Saratoga,,51707029,,R-1-40,0,1.09,1.184703284478992
Saratoga,,38653011,,R-1-10,0,4.36,0.24802908450084665
Saratoga,,50322057,,R-1-10,0,4.36,0.22430889056740655
Saratoga,,39334008,,R-1-10,0,4.36,0.36562822572189174
Saratoga,,51722088,,R-1-40,0,1.09,1.7150250998301793
Saratoga,,40327088,,R-1-10,0,4.36,0.19198064270278326
Saratoga,,50329029,,R-1-40,0,1.09,1.2410162216780083
Saratoga,,50361010,,R-M-4,0,20,0.03584966292447758
Saratoga,,50310029,,HR,0,1,0.962915327970207
Saratoga,,50364012,,R-M-4,0,20,0.03613986783438509
Saratoga,,50327075,,R-1-10,0,4.36,0.13546271310138056
Saratoga,,39716082,,R-1-40 PC,0,1.09,0.8055373330306134
Saratoga,,39308030,,R-1-12,0,3.48,0.32210122737505964
Saratoga,,50353022,,R-1-40,0,1.09,0.8855175676493994
Saratoga,,39322059,,R-1-12,0,3.48,0.3550468667678267
Saratoga,,38931020,,R-1-20,0,2.18,0.47479836723797036
Saratoga,,50310007,,HR,0,1,1.3492507805860625
Saratoga,,38645022,,R-1-10,0,4.36,0.23418055946456617
Saratoga,,39743047,,R-1-10,0,4.36,0.25142258702141246
Saratoga,,38945024,,MU-PD,0,20,0.15310680118464826
Saratoga,,50372033,,HR,0,1,3.1218739539654465
Saratoga,,38616004,,R-1-10 SS,0,4.36,0.2420416825097587
Saratoga,,50325040,,CH-2,0,20,0.1374191150461294
Saratoga,,50316093,,R-1-40,0,1.09,1.0769294944453143
Saratoga,,39343001,,R-1-10,0,4.36,0.28420271594373797
Saratoga,,38915009,,R-1-10,0,4.36,0.22957755539492372
Saratoga,,39725097,,R-1-10,0,4.36,1.1857704403253335
Saratoga,,39342016,,R-1-10,0,4.36,0.26410449795651497
Saratoga,,38613050,,R-1-10,0,4.36,0.2557501364994669
Saratoga,,38915082,,R-1-10,0,4.36,0.23259763737815675
Saratoga,,37824038,,R-1-10,0,4.36,0.2928907948226857
Saratoga,,50319133,,R-1-12,0,3.48,0.3265798553769272
Saratoga,,38636048,,R-1-12,0,3.48,0.30792987491977203
Saratoga,,39705031,,R-1-40,0,1.09,0.9398857094608561
Saratoga,,39332023,,R-1-12,0,3.48,0.27075900435856104
Saratoga,,40323041,,R-1-10,0,4.36,0.2527586792118012
Saratoga,,36613020,,R-1-12,0,3.48,0.3431691020147302
Saratoga,,39727029,,R-M-4,0,20,0.8326014768718822
Saratoga,,38921012,,R-1-10,0,4.36,0.22640718660753367
Saratoga,,38940005,,R-1-15,0,2.9,0.38231554629581405
Saratoga,,50316084,,R-1-40,0,1.09,1.122095896570535
Saratoga,,51005009,,R-1-40,0,1.09,0.7609955014950698
Saratoga,,50320103,,R-1-12,0,3.48,0.6549198244342695
Saratoga,,36621016,,HR,0,1,1.062765931745519
Saratoga,,38655004,,R-1-10,0,4.36,0.25602967543941857
Saratoga,,50381029,,R-1-12,0,3.48,0.301704307655318
Saratoga,,50322037,,R-1-10,0,4.36,0.1818767608496362
Saratoga,,38916028,,R-1-10,0,4.36,0.2599789081769897
Saratoga,,51024011,,HR,0,1,0.8981491630237726
Saratoga,,50368007,,HR,0,1,1.2168990823827903
Saratoga,,51727006,,R-1-15,0,2.9,0.645233970137968
Saratoga,,37824019,,R-1-10,0,4.36,0.2432870179625448
Saratoga,,39316010,,R-1-12,0,3.48,0.3957117173333762
Saratoga,,50325008,,CH-1,0,20,0.028205466324654142
Saratoga,,39332003,,R-1-12,0,3.48,0.269884508661529
Saratoga,,39704095,,R-1-40,0,1.09,1.0434004760238085
Saratoga,,39736037,,R-1-40,0,1.09,1.265589548830016
Saratoga,,39320044,,R-1-12,0,3.48,0.3198660714062789
Saratoga,,39338013,,R-1-10,0,4.36,0.2541047753082751
Saratoga,,50358003,,R-1-12,0,3.48,0.3080046938340633
Saratoga,,38938004,,R-1-10,0,4.36,0.20289110373205604
Saratoga,,38652039,,R-1-10,0,4.36,0.264069128458537
Saratoga,,50366007,,HR,0,1,1.8039901357124588
Saratoga,,51052001,,R-1-40,0,1.09,0.864212107095188
Saratoga,,38913029,,R-1-10,0,4.36,0.2541435243018042
Saratoga,,39723028,,R-1-10,0,4.36,0.1721633599921271
Saratoga,,36649048,,HR,0,1,2.102652763446019
Saratoga,,38629023,,R-1-12,0,3.48,0.2368585693047759
Saratoga,,39720048,,R-1-20,0,2.18,0.9302559705874112
Saratoga,,50319122,,R-1-40,0,1.09,1.0735029717313949
Saratoga,,39327004,,R-1-10,0,4.36,0.24454667236914465
Saratoga,,39704028,,R-1-40,0,1.09,1.2588551561523802
Saratoga,,38609014,,R-1-10,0,4.36,0.4404661942240563
Saratoga,,50364001,,R-M-4,0,20,0.05299585917098452
Saratoga,,40328038,,R-1-10,0,4.36,0.18705265049210087
Saratoga,,38620005,,R-1-10 SS,0,4.36,0.25894520890897543
Saratoga,,50329128,,R-1-40,0,1.09,2.4904671706699912
Saratoga,,38645018,,R-1-10,0,4.36,0.24157203448392953
Saratoga,,39709011,,R-1-40,0,1.09,1.0327965478667618
Saratoga,,50354017,,R-1-12,0,3.48,0.28008719088601247
Saratoga,,38926032,,R-1-10,0,4.36,0.19348347302044963
Saratoga,,39311032,,R-1-12,0,3.48,0.40506887699519467
Saratoga,,38647029,,R-1-12,0,3.48,0.28586002997529353
Saratoga,,36631005,,HR,0,1,1.5939773511545223
Saratoga,,36622008,,R-1-10,0,4.36,0.2730232587153251
Saratoga,,39343043,,R-1-10,0,4.36,0.33471065281195284
Saratoga,,38930018,,R-1-10,0,4.36,0.21832203623498306
Saratoga,,50363059,,R-M-3,0,20,0.020587582043245223
Saratoga,,38654034,,R-1-10,0,4.36,0.271989082127337
Saratoga,,36627013,,R-1-12,0,3.48,0.3301557723997738
Saratoga,,36622027,,R-1-10,0,4.36,0.29398769229467914
Saratoga,,39322032,,R-1-12,0,3.48,0.29200143347845325
Saratoga,,38937014,,R-1-10,0,4.36,0.19315812228045334
Saratoga,,39301038,,CN,0,20,0.03416336342841564
Saratoga,,38631068,,R-1-12,0,3.48,0.28481487546004935
Saratoga,,50376009,,CH-2,0,20,0.015672551830261647
Saratoga,,38626053,,R-1-10,0,4.36,0.29597783685317897
Saratoga,,50355039,,R-1-40,0,1.09,0.9588414678859117
Saratoga,,38615035,,R-1-10 SS,0,4.36,0.2340110811655598
Saratoga,,36630012,,R-1-10,0,4.36,0.25637847138867875
Saratoga,,39734008,,R-1-20,0,2.18,0.479405819866292
Saratoga,,38934008,,R-1-20,0,2.18,0.4607594968287117
Saratoga,,38656041,,CV,0,20,0.05602112052211233
Saratoga,,39318034,,R-1-12,0,3.48,0.3102824763045252
Saratoga,,39704075,,R-1-40,0,1.09,1.9872996671215057
Saratoga,,39702106,,R-1-40,0,1.09,0.957469410721328
Saratoga,,51714032,,R-1-40,0,1.09,1.31175243353341
Saratoga,,38652031,,R-1-10,0,4.36,0.26197140826398746
Saratoga,,50376006,,CH-2,0,20,0.01784239879751412
Saratoga,,36613029,,R-1-12,0,3.48,0.2491403853442071
Saratoga,,38918020,,R-1-10,0,4.36,0.23079398084637354
Saratoga,,50316066,,R-1-40,0,1.09,0.4827678025610011
Saratoga,,38930026,,R-1-10,0,4.36,0.2326526243482148
Saratoga,,39302027,,R-1-12,0,3.48,0.3076923245290923
Saratoga,,39333022,,R-1-12,0,3.48,0.3086586679034035
Saratoga,,39738003,,R-M-3,0,20,0.024708533836879817
Saratoga,,39720042,,R-1-20,0,2.18,0.5540805309127484
Saratoga,,36649009,,HR,0,1,1.5371169169730445
Saratoga,,50354026,,R-1-12,0,3.48,0.28910382119134675
Saratoga,,38632027,,R-1-12,0,3.48,0.23278489872921646
Saratoga,,50318035,,R-1-12,0,3.48,0.3165169530558807
Saratoga,,39704067,,R-1-40,0,1.09,1.5587528572719203
Saratoga,,38641016,,R-1-12,0,3.48,0.30535072927953083
Saratoga,,50316061,,R-1-40,0,1.09,0.34716918417075804
Saratoga,,50349023,,R-1-12,0,3.48,0.3551917469854216
Saratoga,,38605038,,R-1-10,0,4.36,0.24584056693092654
Saratoga,,39331021,,R-1-12,0,3.48,0.23743459599906816
Saratoga,,38658035,,R-1-10,0,4.36,0.05430953479201386
Saratoga,,38610055,,C-N(RHD),30,30,0.29913788237417493
Saratoga,,50317061,,HR,0,1,1.0433250700561836
Saratoga,,39705009,,R-1-40,0,1.09,0.9577155062750752
Saratoga,,38611002,,R-1-10,0,4.36,0.23927942035882396
Saratoga,,38654026,,R-1-10,0,4.36,0.23323968065037073
Saratoga,,50325045,,CH-2,0,20,0.04332758530525018
Saratoga,,39729009,,R-1-12,0,3.48,0.6247338831148429
Saratoga,,38651008,,R-1-12,0,3.48,0.29710302013529893
Saratoga,,38605061,,R-1-10,0,4.36,0.3153523478276918
Saratoga,,38924017,,R-1-10,0,4.36,0.31393940165018874
Saratoga,,38609054,,R-1-10,0,4.36,0.23541402985275756
Saratoga,,39702108,,R-1-40,0,1.09,1.0349707759284743
Saratoga,,38914040,,R-1-10,0,4.36,0.2344784742246631
Saratoga,,38906016,,PA,0,20,0.3727598045022675
Saratoga,,38641040,,R-1-12,0,3.48,0.30342685370901296
Saratoga,,50350009,,R-1-12,0,3.48,0.4707542378604009
Saratoga,,39320010,,R-1-12,0,3.48,0.34385819136975354
Saratoga,,38611029,,R-1-10,0,4.36,0.23875584797061247
Saratoga,,36656019,,CV,0,20,0.05574607371517977
Saratoga,,36622031,,CN,0,20,0.09775378812662015
Saratoga,,36613064,,R-1-12,0,3.48,0.4259336894843572
Saratoga,,39712012,,R-1-40,0,1.09,1.6429255796787847
Saratoga,,50329095,,R-1-40,0,1.09,0.8641447337593449
Saratoga,,39337041,,R-1-10,0,4.36,0.22889748623394296
Saratoga,,39740012,,R-1-40,0,1.09,0.9805888327027903
Saratoga,,39342034,,R-1-10,0,4.36,0.19511181423133084
Saratoga,,38617007,,R-1-10 SS,0,4.36,0.2885352971412298
Saratoga,,39339021,,R-1-10,0,4.36,0.2898649528399036
Saratoga,,50382027,,R-1-40,0,1.09,0.3303600207645002
Saratoga,,50328060,,R-1-40,0,1.09,0.3511511465995167
Saratoga,,39718029,,R-1-40,0,1.09,1.002342395301183
Saratoga,,38646032,,R-1-10,0,4.36,0.23985077569117796
Saratoga,,50364009,,R-M-4,0,20,0.03161412134970245
Saratoga,,38631020,,R-1-12,0,3.48,0.30202844588683103
Saratoga,,38627004,,R-1-10,0,4.36,0.23839567215700624
Saratoga,,38656015,,CV,0,20,0.037100348038039466
Saratoga,,39716118,,R-1-40 PC,0,1.09,0.8220632904327279
Saratoga,,38915014,,R-1-10,0,4.36,0.22369241018598013
Saratoga,,39707022,,R-1-40,0,1.09,0.982110331078619
Saratoga,,39343010,,R-1-10,0,4.36,0.2684811396763017
Saratoga,,38608012,,R-1-10,0,4.36,0.35460150113989364
Saratoga,,38654036,,R-1-10,0,4.36,0.34429419410421713
Saratoga,,39304004,,R-1-12,0,3.48,0.23537734864528956
Saratoga,,39331019,,R-1-12,0,3.48,0.29581652092327276
Saratoga,,39714016,,R-1-40,0,1.09,1.0374190721966507
Saratoga,,40327027,,R-1-10,0,4.36,0.1924835142092769
Saratoga,,38652028,,R-1-10,0,4.36,0.2606841740118766
Saratoga,,36613067,,R-1-12,0,3.48,0.015710786322110894
Saratoga,,50324050,,CH-1,0,20,0.1278424058637289
Saratoga,,38639012,,R-1-12,0,3.48,0.33044723047051694
Saratoga,,39313024,,R-1-12,0,3.48,0.2244003881130598
Saratoga,,39340029,,R-1-12,0,3.48,0.2849090954616247
Saratoga,,39739017,,R-M-3,0,20,0.03254804449197412
Saratoga,,39302016,,R-1-12,0,3.48,0.326212506065206
Saratoga,,40716007,,R-1-40,0,1.09,0.5579704948656687
Saratoga,,50311006,,R-OS AP/OS,0,0.1,1.0018999470681282
Saratoga,,51024003,,HR,0,1,0.9966868476855996
Saratoga,,39313027,,R-1-12,0,3.48,0.3066212764907345
Saratoga,,38605073,,R-1-10,0,4.36,0.2532333773399114
Saratoga,,38636040,,R-1-12,0,3.48,0.33673358603778364
Saratoga,,38927032,,R-1-12,0,3.48,0.2935241886933835
Saratoga,,36621015,,HR,0,1,1.3895472812072374
Saratoga,,50316032,,R-1-40,0,1.09,1.3717885845214315
Saratoga,,38635031,,R-1-10,0,4.36,0.23948910216663385
Saratoga,,38639021,,R-1-12,0,3.48,0.3107779058483557
Saratoga,,39724016,,R-1-20,0,2.18,0.4801813662567709
Saratoga,,50363033,,R-M-3,0,20,0.03255343262655818
Saratoga,,38656010,,CV,0,20,0.043604622558415615
Saratoga,,38608030,,R-1-10,0,4.36,0.23467838109591124
Saratoga,,50316035,,R-1-40,0,1.09,1.1286526870286353
Saratoga,,38930038,,R-1-10,0,4.36,0.24572208362389247
Saratoga,,39307015,,R-1-12,0,3.48,0.33908071601449336
Saratoga,,38618032,,R-1-10 SS,0,4.36,0.24198762840465368
Saratoga,,38643014,,R-1-12,0,3.48,0.3699224042912625
Saratoga,,39728025,,R-1-10,0,4.36,0.22342042416635124
Saratoga,,38930039,,R-1-10,0,4.36,0.22794607874673764
Saratoga,,38902006,,R-1-12,0,3.48,0.38767381360887293
Saratoga,,38924044,,R-1-10,0,4.36,0.13474038803679617
Saratoga,,40328012,,R-1-10,0,4.36,0.1866152431191859
Saratoga,,40323038,,R-1-10,0,4.36,0.23724771244977325
Saratoga,,51714087,,HR,0,1,7.915465457966032
Saratoga,,38907024,,R-M-4,0,20,0.026150688912342342
Saratoga,,38928014,,R-1-20,0,2.18,0.4467647710969143
Saratoga,,39324006,,R-1-20,0,2.18,0.1364514799267031
Saratoga,,50313145,,HR,0,1,1.0640033497098855
Saratoga,,38615009,,R-1-10 SS,0,4.36,0.24237892342598732
Saratoga,,39342058,,R-1-12,0,3.48,0.2402516171742816
Saratoga,,51723001,,R-1-40,0,1.09,0.9300530494674866
Saratoga,,39716032,,R-1-20,0,2.18,0.6397155314247847
Saratoga,,39713062,,R-1-40,0,1.09,0.3588791744279464
Saratoga,,39322003,,R-1-12,0,3.48,0.4720730034017588
Saratoga,,38649017,,R-1-10,0,4.36,0.2574322062351108
Saratoga,,38644016,,R-1-12,0,3.48,0.33047886161130485
Saratoga,,38620040,,R-1-10 SS,0,4.36,0.23475373543928685
Saratoga,,36612072,,CV,0,20,3.0768345360892226
Saratoga,,39337040,,R-1-10,0,4.36,0.22071558854984363
Saratoga,,50320101,,R-1-12,0,3.48,0.6043090369779862
Saratoga,,39311025,,R-1-12,0,3.48,0.3274266730592562
Saratoga,,39706085,,R-1-40,0,1.09,2.3184244024844434
Saratoga,,36636032,,CV,0,20,0.03552447581284876
Saratoga,,38608036,,R-1-10,0,4.36,0.23413996838262233
Saratoga,,50319113,,R-1-12,0,3.48,0.29696984251429676
Saratoga,,38909025,,R-M-3,0,20,0.014782976214472178
Saratoga,,39728024,,R-1-10,0,4.36,0.24726364348333585
Saratoga,,39345037,,R-1-10,0,4.36,0.2856813897186071
Saratoga,,50316092,,R-1-40,0,1.09,0.9418929660513544
Saratoga,,38629045,,R-1-12,0,3.48,0.49211860182149486
Saratoga,,51710033,,R-1-10,0,4.36,0.46475225059142283
Saratoga,,38616038,,R-1-10 SS,0,4.36,0.2798212880161549
Saratoga,,38645024,,R-1-10,0,4.36,0.2528303188054622
Saratoga,,38660001,,CV,0,20,0.03134466584623483
Saratoga,,38907022,,R-M-4,0,20,0.016682659463748202
Saratoga,,40327024,,R-1-10,0,4.36,0.37650670613822146
Saratoga,,39307003,,R-1-12,0,3.48,0.3696089916239304
Saratoga,,50382001,,R-1-12,0,3.48,0.37834807529139225
Saratoga,,38645062,,R-1-10,0,4.36,0.3214795269377897
Saratoga,,38636013,,R-1-12,0,3.48,0.26320295229408414
Saratoga,,39322014,,R-1-12,0,3.48,0.32738733724993235
Saratoga,,39341026,,R-1-12,0,3.48,0.3179812946208541
Saratoga,,38642020,,R-1-12,0,3.48,0.25467452934554585
Saratoga,,50355005,,R-1-40,0,1.09,1.538522020379279
Saratoga,,38914071,,R-1-10,0,4.36,0.26841466713945167
Saratoga,,39735012,,R-1-40,0,1.09,0.9300122772946325
Saratoga,,37824044,,R-1-10,0,4.36,0.22405627355785612
Saratoga,,39325001,,R-1-10,0,4.36,0.28590068212723774
Saratoga,,39730028,,R-1-20,0,2.18,0.39404429496794074
Saratoga,,39723012,,R-1-10,0,4.36,0.16584542675714595
Saratoga,,36648023,,HR,0,1,2.5222569606598064
Saratoga,,50327047,,R-1-10,0,4.36,0.17302516045232777
Saratoga,,38917024,,R-1-10,0,4.36,0.22956754736185062
Saratoga,,38946001,,R-1-10,0,4.36,0.20231918392148748
Saratoga,,38607082,,R-1-10,0,4.36,0.271619553214655
Saratoga,,38912001,,R-1-10,0,4.36,0.2621558106527161
Saratoga,,39311033,,R-1-12,0,3.48,0.32040538614010705
Saratoga,,38902013,,R-1-12,0,3.48,0.21768696485937475
Saratoga,,51710023,,R-1-15,0,2.9,0.3281493711328695
Saratoga,,38916001,,R-1-10,0,4.36,0.2755971500059747
Saratoga,,39728054,,R-1-10,0,4.36,0.18043262414471517
Saratoga,,38605058,,R-1-10,0,4.36,0.24975449037676886
Saratoga,,38659021,,R-1-10,0,4.36,0.02670039238737966
Saratoga,,39730046,,R-1-20,0,2.18,0.8317253195489978
Saratoga,,38645007,,R-1-10,0,4.36,0.23069864504683077
Saratoga,,51714061,,HR,0,1,1.859343325897503
Saratoga,,38662016,,R-M-5,0,20,0.06869069654325627
Saratoga,,51006017,,R-1-40,0,1.09,0.9110316574252306
Saratoga,,38633026,,R-1-10,0,4.36,0.23080630822706566
Saratoga,,51712033,,R-1-20,0,2.18,0.5163913926231836
Saratoga,,39345012,,R-1-20,0,2.18,0.23764319425813707
Saratoga,,38939014,,R-1-10,0,4.36,0.35901642129072103
Saratoga,,39742015,,R-1-40,0,1.09,1.065777590206941
Saratoga,,38611016,,R-1-10,0,4.36,0.24357122942422677
Saratoga,,38930059,,R-1-20,0,2.18,0.4951465930429146
Saratoga,,36620016,,R-1-12,0,3.48,0.29344633901700345
Saratoga,,38942007,,R-1-10,0,4.36,0.23460136622468666
Saratoga,,36627024,,R-1-12,0,3.48,0.32959676838111274
Saratoga,,36614045,,R-1-12,0,3.48,0.2884142735875065
Saratoga,,39318010,,R-1-12,0,3.48,0.502984011256643
Saratoga,,39742007,,R-1-20,0,2.18,0.521272901402069
Saratoga,,38660030,,CV,0,20,0.00862425409919378
Saratoga,,50328051,,R-1-40,0,1.09,0.6557799125568244
Saratoga,,36623003,,R-1-10,0,4.36,0.2321436831283269
Saratoga,,39716029,,R-1-20,0,2.18,0.5736630616307633
Saratoga,,39739020,,R-M-3,0,20,0.021542011515342817
Saratoga,,40328051,,R-1-10,0,4.36,0.19393235708166093
Saratoga,,50320089,,R-1-12,0,3.48,0.31789947777846816
Saratoga,,38644021,,R-1-12,0,3.48,0.3850502450146326
Saratoga,,51711032,,R-1-15,0,2.9,0.39078758017425785
Saratoga,,38633051,,R-1-10,0,4.36,0.24828190986614979
Saratoga,,50354018,,R-1-12,0,3.48,0.2828808073127014
Saratoga,,39342014,,R-1-10,0,4.36,0.22923835469039786
Saratoga,,39342040,,R-1-10,0,4.36,0.2311439757403925
Saratoga,,50318062,,R-1-40,0,1.09,1.6845076988191643
Saratoga,,39714013,,R-1-40,0,1.09,0.9624859829474145
Saratoga,,36606038,,HR,0,1,0.9975718235387834
Saratoga,,38931033,,R-1-20,0,2.18,0.5190355154493989
Saratoga,,39311019,,R-1-12,0,3.48,0.3332493949015772
Saratoga,,39335037,,R-1-10,0,4.36,0.23175508840646536
Saratoga,,38660029,,CV,0,20,0.00862425409919378
Saratoga,,51722118,,R-1-40,0,1.09,2.4576019523210757
Saratoga,,39321014,,R-1-12,0,3.48,0.06439113733034485
Saratoga,,38658011,,R-1-10,0,4.36,0.029862249273317966
Saratoga,,50329110,,R-1-40,0,1.09,1.2794932501371574
Saratoga,,39725067,,R-1-12,0,3.48,0.2849430353148209
Saratoga,,38620041,,R-1-10 SS,0,4.36,0.22850936418236917
Saratoga,,38608064,,R-1-10,0,4.36,0.22451331177157544
Saratoga,,38635059,,R-1-10,0,4.36,0.28734934580281074
Saratoga,,50354039,,R-1-12,0,3.48,0.28968270187227024
Saratoga,,38619059,,R-1-10 SS,0,4.36,0.288064282846933
Saratoga,,50329051,,R-1-40,0,1.09,1.079500756177628
Saratoga,,38609049,,R-1-10,0,4.36,0.4345801474413217
Saratoga,,39719024,,R-1-40,0,1.09,0.9517095472095558
Saratoga,,39741011,,R-1-20,0,2.18,0.6509192162771118
Saratoga,,38626054,,R-1-10,0,4.36,0.24137208947787936
Saratoga,,39330012,,R-1-12,0,3.48,0.30994067622716737
Saratoga,,38907011,,R-M-4,0,20,0.019282158823370952
Saratoga,,38605055,,R-1-10,0,4.36,0.2791364671409902
Saratoga,,36623023,,R-1-10,0,4.36,0.31049431733263694
Saratoga,,39322033,,R-1-12,0,3.48,0.28715471383223057
Saratoga,,50329063,,R-1-40,0,1.09,0.9022281937757378
Saratoga,,40323030,,R-1-10,0,4.36,0.22905477043683567
Saratoga,,36613025,,R-1-12,0,3.48,0.33134081056650316
Saratoga,,39314034,,R-1-12,0,3.48,0.2915596378930872
Saratoga,,39710012,,R-1-40,0,1.09,1.0377326175572308
Saratoga,,51714040,,HR,0,1,1.0987598209833833
Saratoga,,38904012,,R-1-12,0,3.48,0.31571661859561734
Saratoga,,39743039,,R-1-10,0,4.36,0.23218269565701477
Saratoga,,51723022,,R-1-40,0,1.09,1.3688863031072518
Saratoga,,39704124,,R-1-40,0,1.09,0.9435114502841443
Saratoga,,40328029,,R-1-10,0,4.36,0.2028183237775624
Saratoga,,51714016,,HR,0,1,1.4608467035007695
Saratoga,,36656022,,CV,0,20,0.05397119033291909
Saratoga,,38627023,,R-1-10,0,4.36,0.2943084574709303
Saratoga,,38662002,,R-M-5,0,20,0.06699585856282576
Saratoga,,38925008,,R-1-10,0,4.36,0.20183703458167895
Saratoga,,39723020,,R-1-10,0,4.36,0.18105196685847785
Saratoga,,50328119,,HR,0,1,1.1005042504760327
Saratoga,,39743040,,R-1-10,0,4.36,0.23254034924279712
Saratoga,,39711036,,R-1-40,0,1.09,0.8792631607932343
Saratoga,,39709027,,R-1-40,0,1.09,0.7682740155605772
Saratoga,,36635010,,CV,0,20,0.03295676498495851
Saratoga,,36650033,,HR,0,1,1.7313508670953195
Saratoga,,38603050,,R-1-10,0,4.36,0.23089279762877
Saratoga,,50369034,,HR,0,1,1.469474568758402
Saratoga,,39330025,,R-1-12,0,3.48,0.30173349049969245
Saratoga,,38646021,,R-1-10,0,4.36,0.24954908695982916
Saratoga,,38607010,,R-1-10,0,4.36,0.2158583003559647
Saratoga,,39333014,,R-1-12,0,3.48,0.22828123190564256
Saratoga,,39718042,,R-1-40,0,1.09,1.0695523583414055
Saratoga,,39703046,,R-1-40,0,1.09,1.2087716399750923
Saratoga,,39332014,,R-1-12,0,3.48,0.2872184283732286
Saratoga,,36614060,,R-1-15,0,2.9,0.36683079289763526
Saratoga,,38927028,,R-1-12,0,3.48,0.28897214373457525
Saratoga,,39721033,,R-1-20,0,2.18,1.1024320430230878
Saratoga,,39320001,,R-1-12,0,3.48,0.30483727457354637
Saratoga,,39710017,,R-1-40,0,1.09,1.0220905032654986
Saratoga,,50331089,,HR,0,1,1.3178159091014734
Saratoga,,50365003,,R-M-4,0,20,0.05362427754412649
Saratoga,,38902005,,R-1-12,0,3.48,0.28537322770706025
Saratoga,,38643010,,R-1-12,0,3.48,0.27894456069024826
Saratoga,,38657021,,CV,0,20,0.048001830443386254
Saratoga,,38921034,,R-1-10,0,4.36,0.23153775101998447
Saratoga,,39735001,,R-1-40,0,1.09,0.9726747652386152
Saratoga,,39308025,,R-1-12,0,3.48,0.34119775386814805
Saratoga,,38606034,,R-1-10,0,4.36,0.25903493420060186
Saratoga,,39326032,,R-1-10,0,4.36,0.33702413737935544
Saratoga,,38613057,,R-1-10,0,4.36,0.28564208046949074
Saratoga,,38629004,,R-1-12,0,3.48,0.2982109270517658
Saratoga,,36628009,,R-1-12,0,3.48,0.32453229856073396
Saratoga,,38921014,,R-1-10,0,4.36,0.05236425192163448
Saratoga,,39726017,,R-1-12,0,3.48,0.3249081171037891
Saratoga,,38608063,,R-1-10,0,4.36,0.22422530562244752
Saratoga,,50352025,,R-1-10,0,4.36,0.23397365496383593
Saratoga,,50352019,,R-1-10,0,4.36,0.2789492063055229
Saratoga,,38907026,,R-M-4,0,20,0.016754496134976947
Saratoga,,50328058,,R-1-40,0,1.09,0.36883234059576725
Saratoga,,39704091,,R-1-40,0,1.09,0.031031597225916144
Saratoga,,38928002,,R-1-20,0,2.18,0.4686884873015992
Saratoga,,39711044,,R-1-40,0,1.09,2.265329173016256
Saratoga,,38909008,,R-M-3,0,20,0.024472906544072085
Saratoga,,38658040,,R-1-10,0,4.36,0.05430953479201386
Saratoga,,38618021,,R-1-10 SS,0,4.36,0.23456421944494557
Saratoga,,39310009,,R-1-12,0,3.48,0.2946584729059247
Saratoga,,50320108,,R-1-15,0,2.9,0.3511353072095848
Saratoga,,38609037,,R-1-10,0,4.36,0.23476976589378953
Saratoga,,39318023,,R-1-12,0,3.48,0.13163331786773774
Saratoga,,38941023,,R-1-10,0,4.36,0.19183456021563097
Saratoga,,39346004,,R-1-12,0,3.48,0.5087068669467274
Saratoga,,38916032,,R-1-10,0,4.36,0.2361744054378214
Saratoga,,39322017,,R-1-12,0,3.48,0.30476551817995295
Saratoga,,50328009,,R-1-10,0,4.36,0.26292278210838166
Saratoga,,38644018,,R-1-12,0,3.48,0.2943912798319559
Saratoga,,36649038,,HR,0,1,2.9160173645027148
Saratoga,,39301026,,CN,0,20,0.3161994521897002
Saratoga,,38649001,,R-1-10,0,4.36,0.27732209510001793
Saratoga,,50349048,,R-1-12,0,3.48,0.3269729834982918
Saratoga,,39718089,,R-1-40,0,1.09,1.1259846448037725
Saratoga,,36649011,,HR,0,1,1.0594725610784894
Saratoga,,39742013,,R-1-40,0,1.09,1.096400934841503
Saratoga,,38660027,,CV,0,20,0.009408384206972755
Saratoga,,50353062,,R-1-40,0,1.09,1.026668211249048
Saratoga,,38919017,,R-1-10,0,4.36,0.2744160243162463
Saratoga,,38646001,,R-1-10,0,4.36,0.25078321330688347
Saratoga,,50329062,,R-1-40,0,1.09,0.8254094791627179
Saratoga,,38646010,,R-1-10,0,4.36,0.23544858136923416
Saratoga,,39310024,,R-1-12,0,3.48,0.29319699566080015
Saratoga,,50328131,,R-1-40,0,1.09,2.0186448126487813
Saratoga,,38629050,,R-1-12,0,3.48,0.29960996527601
Saratoga,,39707044,,R-1-40,0,1.09,1.1577419450388908
Saratoga,,36636001,,CV,0,20,0.36778481218444503
Saratoga,,38615012,,R-1-10 SS,0,4.36,0.22817322298821366
Saratoga,,39728043,,R-1-10,0,4.36,0.16307354288845974
Saratoga,,50354029,,R-1-12,0,3.48,0.3150986212446467
Saratoga,,38936030,,R-1-10,0,4.36,0.3631010713473927
Saratoga,,38934012,,R-1-20,0,2.18,0.46532903031269524
Saratoga,,38912009,,R-1-10,0,4.36,0.22956268156662393
Saratoga,,39710021,,R-1-40,0,1.09,1.0231534207237754
Saratoga,,38609053,,R-1-10,0,4.36,0.21802544634657986
Saratoga,,38938011,,R-1-10,0,4.36,0.20399674129730183
Saratoga,,38925005,,R-1-10,0,4.36,0.30150493759594177
Saratoga,,39718071,,R-1-40,0,1.09,1.2718672539451483
Saratoga,,38652018,,R-1-10,0,4.36,0.21521665774137264
Saratoga,,38619017,,R-1-10 SS,0,4.36,0.24111646280921686
Saratoga,,40327073,,R-1-10,0,4.36,0.20695165788238945
Saratoga,,38603040,,R-1-12,0,3.48,0.28794934028988484
Saratoga,,39318057,,R-1-12,0,3.48,0.36823996921610835
Saratoga,,36649013,,HR,0,1,1.1167971296163381
Saratoga,,51718041,,R-1-40,0,1.09,0.8714765098506843
Saratoga,,38942008,,R-1-10,0,4.36,0.23717287271002688
Saratoga,,36614041,,HR,0,1,7.352066725366886
Saratoga,,50331100,,HR,0,1,1.070931442818045
Saratoga,,39327019,,R-1-10,0,4.36,0.2717109521608286
Saratoga,,51711051,,R-1-15,0,2.9,0.34728922152630937
Saratoga,,38930036,,R-1-10,0,4.36,0.24013120601992963
Saratoga,,39701046,,R-1-40,0,1.09,0.9391329895466702
Saratoga,,51734005,,R-M-3,0,20,0.027673020637671776
Saratoga,,38940016,,R-1-15,0,2.9,0.3653948455070101
Saratoga,,38619056,,R-1-10 SS,0,4.36,0.3052143536762677
Saratoga,,38938023,,R-1-10,0,4.36,0.189656000321913
Saratoga,,51005005,,R-1-40,0,1.09,0.6951935112580051
Saratoga,,50362026,,HR,0,1,5.162695830607042
Saratoga,,50329111,,R-1-40,0,1.09,1.9854138743143808
Saratoga,,39711013,,R-1-40,0,1.09,1.1693487254260702
Saratoga,,39707055,,R-1-40,0,1.09,1.3899330979372033
Saratoga,,38640023,,R-1-12,0,3.48,0.2894517671069078
Saratoga,,38914078,,R-1-10,0,4.36,0.2948366921801426
Saratoga,,36627007,,R-1-12,0,3.48,0.3044984362988955
Saratoga,,38643008,,R-1-12,0,3.48,0.2819938727393777
Saratoga,,50326043,,R-1-15,0,2.9,0.3401686301971249
Saratoga,,38941040,,R-1-10,0,4.36,0.28653791304131776
Saratoga,,39724083,,R-1-20,0,2.18,1.3304894580228495
Saratoga,,51722092,,R-1-40,0,1.09,1.0446918559197014
Saratoga,,38609023,,R-1-10,0,4.36,0.5501340451593687
Saratoga,,51709045,,R-M-3,0,20,0.427620767793961
Saratoga,,39724096,,R-1-20,0,2.18,0.5961376421696237
Saratoga,,38641031,,R-1-10,0,4.36,0.3331954331295842
Saratoga,,39705051,,R-1-40,0,1.09,0.9207105436785237
Saratoga,,38659022,,R-1-10,0,4.36,0.02412624853021638
Saratoga,,38908040,,R-M-3,0,20,0.034022023439242474
Saratoga,,50319107,,R-1-12,0,3.48,0.34906271892638224
Saratoga,,39710027,,R-1-40,0,1.09,1.1178948228545755
Saratoga,,50365005,,R-M-4,0,20,0.05362891980281613
Saratoga,,38938031,,R-1-10,0,4.36,0.1946540780788418
Saratoga,,38928004,,R-1-12,0,3.48,0.3009847863575042
Saratoga,,50328033,,R-1-40,0,1.09,0.3516186988881592
Saratoga,,39721011,,R-1-10,0,4.36,0.3308796072225564
Saratoga,,39347004,,CN,0,20,0.04993941132788594
Saratoga,,38620049,,R-1-10 SS,0,4.36,0.27483119720319626
Saratoga,,39706104,,R-1-40,0,1.09,0.9129030294025484
Saratoga,,39337044,,R-1-10,0,4.36,0.24982225560093405
Saratoga,,39716056,,R-1-20,0,2.18,0.46526927422319464
Saratoga,,51709015,,CH-1,0,20,1.0176882868271688
Saratoga,,38938001,,R-1-10,0,4.36,0.2314290179777424
Saratoga,,39726047,,R-1-12,0,3.48,0.31721163458668894
Saratoga,,38614014,,CN,0,20,0.4999538004892748
Saratoga,,39305021,,R-1-12,0,3.48,0.3674448534770515
Saratoga,,38925007,,R-1-10,0,4.36,0.22677659515603457
Saratoga,,39345031,,R-1-10,0,4.36,0.24285306948772614
Saratoga,,50354030,,R-1-12,0,3.48,0.3115881674062281
Saratoga,,39708045,,R-1-40,0,1.09,0.9309607131053957
Saratoga,,51001019,,R-1-20,0,2.18,0.6549997499482305
Saratoga,,38646004,,R-1-10,0,4.36,0.23693857242509664
Saratoga,,39318060,,R-1-12,0,3.48,0.28302710904416667
Saratoga,,39704104,,R-1-40,0,1.09,1.04564162427088
Saratoga,,38658025,,R-1-10,0,4.36,0.028353943379487746
Saratoga,,50363055,,R-M-3,0,20,0.020590811348620997
Saratoga,,50352002,,R-1-10,0,4.36,0.24666995862811295
Saratoga,,38629022,,R-1-12,0,3.48,0.23894113721530644
Saratoga,,50328007,,R-1-40,0,1.09,0.6949653325514397
Saratoga,,38607070,,R-1-10,0,4.36,0.510935337865271
Saratoga,,50381014,,R-1-12,0,3.48,0.3686114946649907
Saratoga,,39717050,,R-1-40,0,1.09,0.9106215412067459
Saratoga,,39320022,,R-1-12,0,3.48,0.32497418590543015
Saratoga,,39336009,,R-1-10,0,4.36,0.2542051489017854
Saratoga,,38914058,,R-1-10,0,4.36,0.285056713746303
Saratoga,,50354070,,R-1-12,0,3.48,0.2899461775233126
Saratoga,,38909035,,R-M-3,0,20,0.03233868482390203
Saratoga,,36649006,,HR,0,1,2.3977441105871824
Saratoga,,39305022,,R-1-12,0,3.48,0.40168759110820706
Saratoga,,40328049,,R-1-10,0,4.36,0.18839924475026654
Saratoga,,39308017,,R-1-12,0,3.48,0.3495017264306116
Saratoga,,37824003,,R-1-10,0,4.36,0.43262542612895094
Saratoga,,36606022,,HR,0,1,1.512538341438371
Saratoga,,39326020,,R-1-10,0,4.36,0.31945710298588237
Saratoga,,36605060,,HR,0,1,0.5165934696478652
Saratoga,,39341009,,R-1-12,0,3.48,0.2573141038696747
Saratoga,,38909010,,R-M-3,0,20,0.025071056491623774
Saratoga,,50362005,,HR,0,1,1.4942261528084912
Saratoga,,38628010,,R-1-12,0,3.48,0.2642547632785565
Saratoga,,50329101,,R-1-40,0,1.09,1.2820678740075555
Saratoga,,38909045,,R-M-3,0,20,0.01618989893276081
Saratoga,,39333048,,R-1-10,0,4.36,0.32897587064597444
Saratoga,,39336034,,R-1-20,0,2.18,0.4716527944157136
Saratoga,,39332016,,R-1-12,0,3.48,0.3195086422156421
Saratoga,,50330076,,HR,0,1,3.990050710942129
Saratoga,,50349010,,R-1-12,0,3.48,0.2961036554779444
Saratoga,,39716120,,R-1-40 PC,0,1.09,1.4637500209050145
Saratoga,,38633018,,R-1-10,0,4.36,0.3351011289268723
Saratoga,,36614052,,R-1-12,0,3.48,0.2943557602324111
Saratoga,,39346022,,R-1-12,0,3.48,0.3140950735863202
Saratoga,,38636049,,R-1-12,0,3.48,0.29386460090345484
Saratoga,,38615032,,R-1-10 SS,0,4.36,0.23535966283046933
Saratoga,,38647036,,R-1-12,0,3.48,0.40307827296104604
Saratoga,,36622019,,R-1-10,0,4.36,0.2945829248738275
Saratoga,,38931022,,R-1-20,0,2.18,0.49572495588392723
Saratoga,,38933014,,R-1-20,0,2.18,0.47209443078961355
Saratoga,,38656043,,CV,0,20,0.05482910905213437
Saratoga,,38907014,,R-M-4,0,20,0.016189119725480157
Saratoga,,50328029,,R-1-40,0,1.09,0.5988858585236866
Saratoga,,38607021,,R-1-10,0,4.36,0.228896333913245
Saratoga,,38637027,,R-1-10,0,4.36,0.2366433515795894
Saratoga,,39342021,,R-1-10,0,4.36,0.2265152563438086
Saratoga,,50358011,,R-1-12,0,3.48,0.32367345676349374
Saratoga,,38641045,,R-1-12,0,3.48,0.29791120096224466
Saratoga,,50365032,,R-M-4,0,20,0.05299585913250007
Saratoga,,50319135,,R-1-12,0,3.48,0.34074786422774933
Saratoga,,38640017,,R-1-12,0,3.48,0.28904720836124453
Saratoga,,38634030,,R-1-12,0,3.48,0.28931425484631795
Saratoga,,39329013,,R-1-12,0,3.48,0.3410786528115033
Saratoga,,51734004,,R-M-3,0,20,0.027625323104506893
Saratoga,,39334019,,R-1-12,0,3.48,0.2877940895158638
Saratoga,,38914036,,R-1-10,0,4.36,0.22604427331234
Saratoga,,39312014,,R-1-10,0,4.36,0.27042896441711906
Saratoga,,38619022,,R-1-10 SS,0,4.36,0.27242793095987594
Saratoga,,51003006,,R-1-40,0,1.09,0.769425810830842
Saratoga,,39740021,,R-1-40,0,1.09,0.9107422904149752
Saratoga,,38930034,,R-1-10,0,4.36,0.29166296466430724
Saratoga,,39728037,,R-1-10,0,4.36,0.36958944179176384
Saratoga,,36627018,,R-1-12,0,3.48,0.41582217198743743
Saratoga,,38607078,,R-1-10,0,4.36,0.4606992630207685
Saratoga,,39717046,,R-1-40,0,1.09,0.8703977650314287
Saratoga,,50382003,,R-1-12,0,3.48,0.29214423218634283
Saratoga,,38929009,,R-1-10,0,4.36,1.509356030948306
Saratoga,,38612038,,R-1-10,0,4.36,0.28618152453923856
Saratoga,,39738012,,R-M-3,0,20,0.029829712570831682
Saratoga,,38629063,,R-1-12,0,3.48,0.34639105704125245
Saratoga,,38645066,,R-1-10,0,4.36,0.22494881438407352
Saratoga,,51712030,,R-1-20,0,2.18,0.5128571976953741
Saratoga,,38917022,,R-1-10,0,4.36,0.22958156013683456
Saratoga,,36648026,,HR,0,1,2.6414652376469485
Saratoga,,38658027,,R-1-10,0,4.36,0.030250091971211143
Saratoga,,50365035,,R-M-4,0,20,0.10723989179672506
Saratoga,,39705087,,R-1-40,0,1.09,1.61577416800241
Saratoga,,38941037,,R-1-10,0,4.36,0.1925668309386854
Saratoga,,39318045,,R-1-12,0,3.48,0.3314759786980423
Saratoga,,38623063,,R-1-10 SS,0,4.36,0.22963561456623094
Saratoga,,39720088,,R-1-40,0,1.09,0.0036863474104388717
Saratoga,,39743032,,R-1-10,0,4.36,0.24193624766383176
Saratoga,,38651007,,R-1-12,0,3.48,0.3712679692179264
Saratoga,,38927039,,R-1-12,0,3.48,0.34026908125925176
Saratoga,,50328005,,R-1-40,0,1.09,0.7181724300549709
Saratoga,,40328004,,R-1-10,0,4.36,0.19055500378144
Saratoga,,38631029,,R-1-12,0,3.48,0.29786803811740115
Saratoga,,38654052,,R-1-10,0,4.36,0.21512856506887212
Saratoga,,36614051,,R-1-12,0,3.48,0.2944498226660487
Saratoga,,51709074,,R-M-3,0,20,0.02020212387710672
Saratoga,,39328023,,R-1-10,0,4.36,0.22269164756847298
Saratoga,,39705086,,R-1-40,0,1.09,1.1817750046601894
Saratoga,,39724070,,R-1-10,0,4.36,0.3277964621594506
Saratoga,,50349043,,R-1-40,0,1.09,1.2243818216825626
Saratoga,,38613062,,R-1-10,0,4.36,0.2867895257100412
Saratoga,,37824043,,R-1-10,0,4.36,0.24946432542207314
Saratoga,,38653027,,R-1-10,0,4.36,0.5226791410561289
Saratoga,,40327091,,R-1-10,0,4.36,0.1998571246113943
Saratoga,,50365018,,R-M-4,0,20,0.0316114438006241
Saratoga,,39740014,,R-1-40,0,1.09,0.9755586657798693
Saratoga,,39707013,,R-1-40,0,1.09,1.0395134302846527
Saratoga,,39340013,,R-1-10,0,4.36,0.3758821732845423
Saratoga,,39722058,,R-1-10,0,4.36,0.3894186341314521
Saratoga,,38609036,,R-1-10,0,4.36,0.2523984374260924
Saratoga,,39716021,,R-1-20,0,2.18,0.4835302036907138
Saratoga,,50319102,,R-1-12,0,3.48,0.2961246369386295
Saratoga,,51006061,,R-1-40,0,1.09,1.0008064077948227
Saratoga,,38629006,,R-1-12,0,3.48,0.3613110340233402
Saratoga,,39307008,,R-1-12,0,3.48,0.3141715137604982
Saratoga,,36636009,,CV,0,20,0.035548299967836865
Saratoga,,38661027,,R-1-10 SS,0,4.36,0.2545246581401766
Saratoga,,39338010,,R-1-10,0,4.36,0.22441593934773507
Saratoga,,50354014,,R-1-12,0,3.48,0.2945403209492741
Saratoga,,38945029,,MU-PD,0,20,0.15593621820243947
Saratoga,,38912005,,R-1-10,0,4.36,0.2295899118060298
Saratoga,,39724013,,R-1-10,0,4.36,0.22712931255317229
Saratoga,,38629018,,R-1-12,0,3.48,0.2596300983346204
Saratoga,,37825024,,R-1-15,0,2.9,0.3492257434335748
Saratoga,,39704127,,R-1-40,0,1.09,0.8922324585118188
Saratoga,,38909034,,R-M-3,0,20,0.034556840136670715
Saratoga,,38608060,,R-1-10,0,4.36,0.22321674221422882
Saratoga,,50327097,,R-1-10,0,4.36,0.27247223401768217
Saratoga,,38618011,,R-1-10 SS,0,4.36,0.26677425133613164
Saratoga,,38629070,,R-1-12,0,3.48,0.3512685208957177
Saratoga,,39308015,,R-1-12,0,3.48,0.39487858233296963
Saratoga,,38914024,,R-1-10,0,4.36,0.22406468888589656
Saratoga,,51720005,,R-1-20,0,2.18,0.7172189913436984
Saratoga,,38634006,,R-1-12,0,3.48,0.32146663853886515
Saratoga,,36620011,,R-1-12,0,3.48,0.6956044401062805
Saratoga,,51722070,,R-1-40,0,1.09,0.9460502196341366
Saratoga,,38643015,,R-1-12,0,3.48,0.29877134728263677
Saratoga,,38937027,,R-1-10,0,4.36,0.2296973265417986
Saratoga,,50369021,,HR,0,1,1.1815552130567508
Saratoga,,38609019,,R-1-10,0,4.36,0.23557733481662457
Saratoga,,38904016,,R-1-12,0,3.48,0.27759368729358813
Saratoga,,38659032,,R-1-10,0,4.36,0.018661957745351905
Saratoga,,50317021,,HR,0,1,11.902263114219517
Saratoga,,36614043,,R-1-12,0,3.48,0.38728796333478016
Saratoga,,39708032,,R-1-40,0,1.09,1.252146301738238
Saratoga,,39707005,,R-1-40,0,1.09,1.2684314251620172
Saratoga,,39707066,,R-1-40,0,1.09,1.754333173700461
Saratoga,,50316047,,R-1-40,0,1.09,2.02438241352784
Saratoga,,50369027,,HR,0,1,3.5539528286025996
Saratoga,,38619041,,R-1-10 SS,0,4.36,0.2407629007008027
Saratoga,,39303005,,R-1-12,0,3.48,0.30520942953091956
Saratoga,,50325003,,CH-1,0,20,0.07073678092097282
Saratoga,,38606027,,R-1-10,0,4.36,0.23077245281619366
Saratoga,,50382002,,R-1-12,0,3.48,0.3885076467347748
Saratoga,,38930017,,R-1-40,0,1.09,1.0928131799403806
Saratoga,,39710013,,R-1-40,0,1.09,1.0372645317630402
Saratoga,,39724023,,R-1-20,0,2.18,0.2650749665184038
Saratoga,,40322012,,R-1-10,0,4.36,0.2659867313555267
Saratoga,,38619029,,R-1-10 SS,0,4.36,0.24693359598195533
Saratoga,,38607017,,R-1-10,0,4.36,0.23804281531473664
Saratoga,,51721012,,R-1-20,0,2.18,0.9014830440802969
Saratoga,,39325020,,R-1-20,0,2.18,0.4733138474203211
Saratoga,,50328139,,R-1-40,0,1.09,0.41405776543910333
Saratoga,,38636021,,R-1-12,0,3.48,0.3019635209274598
Saratoga,,50321021,,R-1-12,0,3.48,0.343948181682233
Saratoga,,38633089,,R-1-10,0,4.36,0.23992678575929455
Saratoga,,39732005,,R-1-40,0,1.09,0.9047952775416269
Saratoga,,39726025,,R-1-12,0,3.48,0.3863050257852847
Saratoga,,38611001,,R-1-10,0,4.36,0.2369889302759211
Saratoga,,39717022,,R-1-40,0,1.09,0.9492860931244944
Saratoga,,38637018,,R-1-10,0,4.36,0.29895672537102924
Saratoga,,39313011,,R-1-10,0,4.36,0.267519809110206
Saratoga,,38629005,,R-1-12,0,3.48,0.3797630658834894
Saratoga,,51721031,,R-1-20,0,2.18,1.1922920579403564
Saratoga,,39326010,,R-1-10,0,4.36,0.3005684560997124
Saratoga,,39725021,,R-1-10,0,4.36,0.23092792887413105
Saratoga,,38641011,,R-1-10,0,4.36,0.2708748750434569
Saratoga,,39706048,,R-1-40,0,1.09,1.0784692741143085
Saratoga,,39741001,,R-1-20,0,2.18,0.5601407056749825
Saratoga,,39314007,,R-1-12,0,3.48,0.551970468369537
Saratoga,,39702114,,R-1-40,0,1.09,1.216163197414094
Saratoga,,51709071,,R-M-3,0,20,0.16172216831823533
Saratoga,,36613060,,R-1-12,0,3.48,0.39833211020158177
Saratoga,,38649015,,R-1-10,0,4.36,0.24192867344751734
Saratoga,,50329034,,R-1-40,0,1.09,2.4199439715321236
Saratoga,,38927019,,R-1-10,0,4.36,0.21402878587189175
Saratoga,,50319127,,R-1-12,0,3.48,0.29971710775093546
Saratoga,,39743015,,R-1-10,0,4.36,0.2355831130211832
Saratoga,,50365025,,R-M-4,0,20,0.052979556665155254
Saratoga,,38637011,,R-1-10,0,4.36,0.24152905147721707
Saratoga,,39728073,,R-1-12,0,3.48,0.370837016451318
Saratoga,,50322024,,R-1-10,0,4.36,0.23008423956516383
Saratoga,,50327076,,R-1-10,0,4.36,0.3638756142308536
Saratoga,,50323017,,R-1-15,0,2.9,0.4303214769861713
Saratoga,,39703045,,R-1-40,0,1.09,1.6406742505614156
Saratoga,,38936037,,R-1-15,0,2.9,0.3830922909876249
Saratoga,,36605062,,HR,0,1,0.46469854163818286
Saratoga,,39706031,,R-1-40,0,1.09,3.1013388431776185
Saratoga,,50319125,,R-1-12,0,3.48,0.3602445773065831
Saratoga,,38646028,,R-1-10,0,4.36,0.2372512731474238
Saratoga,,40327004,,R-1-10,0,4.36,0.1895283883615371
Saratoga,,51727008,,R-1-15,0,2.9,0.47335211940952904
Saratoga,,39703078,,R-1-40,0,1.09,2.0737161974102754
Saratoga,,38909047,,R-M-3,0,20,0.01747662662349173
Saratoga,,39724043,,R-1-20,0,2.18,0.4566338740856111
Saratoga,,51722071,,HR,0,1,0.9890414829213725
Saratoga,,38941045,,R-1-15,0,2.9,0.43180679424245527
Saratoga,,39305008,,R-1-12,0,3.48,0.28782973276834317
Saratoga,,39319048,,R-1-12,0,3.48,0.2846026888225553
Saratoga,,51723023,,R-1-40,0,1.09,1.0176108853227612
Saratoga,,51719030,,R-1-20,0,2.18,0.6974944208327417
Saratoga,,51708046,,R-1-10,0,4.36,0.18187623029850958
Saratoga,,38640002,,R-1-12,0,3.48,0.2878914614624978
Saratoga,,39341002,,R-1-12,0,3.48,0.24401532517026747
Saratoga,,39344012,,R-1-10,0,4.36,0.29263125847367477
Saratoga,,50327010,,R-1-10,0,4.36,0.17718602961009525
Saratoga,,39333039,,R-1-12,0,3.48,0.28464311358843036
Saratoga,,38626044,,R-1-10,0,4.36,0.2622021570607484
Saratoga,,39710010,,R-1-40,0,1.09,1.0434864592017838
Saratoga,,38607062,,R-1-10,0,4.36,0.24263564094700513
Saratoga,,39322008,,R-1-12,0,3.48,0.33911231727041585
Saratoga,,51719076,,R-1-40,0,1.09,1.207184283904815
Saratoga,,39708046,,R-1-40,0,1.09,0.925395112112949
Saratoga,,38908044,,R-M-3,0,20,0.028239689524433568
Saratoga,,38944027,,MU-PD,0,20,0.13322511975097204
Saratoga,,51722110,,R-1-40,0,1.09,0.4858584385401042
Saratoga,,50325050,,CH-2,0,20,0.05534908280045416
Saratoga,,38607022,,R-1-10,0,4.36,0.23421675556533839
Saratoga,,50382036,,R-1-40,0,1.09,0.5739156752821761
Saratoga,,39713015,,R-1-40,0,1.09,1.1471131800247283
Saratoga,,51707002,,R-1-40,0,1.09,1.118962966327472
Saratoga,,39323013,,R-1-12,0,3.48,0.3623994518478938
Saratoga,,39707073,,R-1-40,0,1.09,1.086738357233549
Saratoga,,38639024,,R-1-12,0,3.48,0.30317400459083144
Saratoga,,39303025,,R-1-12,0,3.48,0.3207773958207623
Saratoga,,50329041,,R-1-40,0,1.09,1.45235187507001
Saratoga,,50361019,,R-M-4,0,20,0.0529893940304759
Saratoga,,38631062,,R-1-12,0,3.48,0.3207935972358548
Saratoga,,38627021,,R-1-10,0,4.36,0.2298547237383683
Saratoga,,38633001,,R-1-10,0,4.36,0.2523420583741342
Saratoga,,51713042,,R-1-40,0,1.09,3.243919203500097
Saratoga,,38603013,,R-1-10,0,4.36,0.24763698047637123
Saratoga,,38652035,,R-1-10,0,4.36,0.26185725304877755
Saratoga,,51719017,,R-1-20,0,2.18,0.5910520335086905
Saratoga,,39707043,,R-1-40,0,1.09,1.1225839327339253
Saratoga,,38605024,,R-1-10,0,4.36,0.21693212112348437
Saratoga,,51719072,,R-1-20,0,2.18,0.04131556439890886
Saratoga,,38653010,,R-1-10,0,4.36,0.23893384464356768
Saratoga,,38627003,,R-1-10,0,4.36,0.2390983897269207
Saratoga,,39706092,,R-1-40,0,1.09,0.9226388944146425
Saratoga,,51721021,,R-1-20,0,2.18,0.46264533807839925
Saratoga,,37821011,,R-1-10,0,4.36,0.2678072676296345
Saratoga,,38608005,,R-1-10,0,4.36,0.2225769053615833
Saratoga,,38901028,,R-1-12,0,3.48,0.3029776860857335
Saratoga,,51722058,,R-1-20,0,2.18,0.50969385997463
Saratoga,,39724105,,R-1-20,0,2.18,1.344676906228905
Saratoga,,51718046,,R-1-40,0,1.09,2.409513839661871
Saratoga,,38922014,,R-1-10,0,4.36,0.1760474540335005
Saratoga,,51006069,,R-1-40,0,1.09,1.7170564331536746
Saratoga,,38651015,,R-1-12,0,3.48,0.33504888287102347
Saratoga,,36606008,,HR,0,1,0.031933138168264354
Saratoga,,51708054,,R-M-3,0,20,0.023577757320072286
Saratoga,,51026001,,HR,0,1,1.6813921102839902
Saratoga,,39307001,,R-1-12,0,3.48,0.37002711603115657
Saratoga,,50350007,,R-1-12,0,3.48,0.3344318691083358
Saratoga,,51708033,,R-1-15,0,2.9,0.19356990117760114
Saratoga,,38940013,,R-1-15,0,2.9,0.49993328660992675
Saratoga,,38915074,,R-1-10,0,4.36,0.23652024421149734
Saratoga,,39704103,,R-1-40,0,1.09,1.2156187597319885
Saratoga,,51712008,,R-1-10,0,4.36,0.20472112572206883
Saratoga,,50330079,,HR,0,1,0.9573241130078255
Saratoga,,39337012,,R-1-10,0,4.36,0.25377547685881335
Saratoga,,39310018,,R-1-12,0,3.48,0.27283511244959624
Saratoga,,50350010,,R-1-12,0,3.48,0.307791127498215
Saratoga,,39720038,,R-1-20,0,2.18,0.7500240557684931
Saratoga,,39735013,,R-1-40,0,1.09,0.9249539014964853
Saratoga,,50321034,,R-1-12,0,3.48,0.3877057294379465
Saratoga,,38628020,,R-1-10,0,4.36,0.2364991587659351
Saratoga,,39318030,,R-1-12,0,3.48,0.2783949658529575
Saratoga,,39340014,,R-1-10,0,4.36,0.31723008462793173
Saratoga,,51707024,,R-1-40,0,1.09,1.2837268395545016
Saratoga,,39715014,,R-1-40,0,1.09,3.8227813306048053
Saratoga,,39706087,,R-1-40,0,1.09,0.8423112539208462
Saratoga,,38909052,,R-M-3,0,20,0.027952799293356364
Saratoga,,50363087,,R-M-3,0,20,0.020588071920856287
Saratoga,,38606015,,R-1-10,0,4.36,0.22831017757257654
Saratoga,,38634013,,R-1-12,0,3.48,0.37338870847933997
Saratoga,,40327090,,R-1-10,0,4.36,0.18343590454623787
Saratoga,,39320046,,R-1-12,0,3.48,0.3279994550325164
Saratoga,,39311009,,R-1-12,0,3.48,0.2751182658776346
Saratoga,,38633045,,R-1-10,0,4.36,0.28574646780038593
Saratoga,,39706079,,R-1-40,0,1.09,0.897498245059861
Saratoga,,50313144,,HR,0,1,2.4053295480159997
Saratoga,,38914005,,R-1-10,0,4.36,0.22719332555656485
Saratoga,,36656024,,CV,0,20,0.07621872651284413
Saratoga,,39718048,,R-1-40,0,1.09,0.6659533288539224
Saratoga,,38926020,,R-1-10,0,4.36,0.23812785435885186
Saratoga,,50376008,,CH-2,0,20,0.017846886974975208
Saratoga,,50363099,,R-M-3,0,20,0.032556094035693595
Saratoga,,38905017,,R-1-12,0,3.48,0.3012479822061321
Saratoga,,39307014,,R-1-12,0,3.48,0.3393872392214709
Saratoga,,50349021,,R-1-12,0,3.48,0.3343839054131965
Saratoga,,40328017,,R-1-10,0,4.36,0.24028507380043782
Saratoga,,38644042,,R-1-12,0,3.48,0.667909573294547
Saratoga,,39319005,,R-1-12,0,3.48,0.3024138544629837
Saratoga,,39744016,,R-M-3,0,20,0.05627203006638114
Saratoga,,38605011,,R-1-10,0,4.36,0.2221042104313417
Saratoga,,39735014,,R-1-40,0,1.09,0.9267935220725071
Saratoga,,38928003,,R-1-20,0,2.18,0.45977781090491476
Saratoga,,38659009,,R-1-10,0,4.36,0.053434416535026855
Saratoga,,38922041,,R-1-10,0,4.36,0.1843524856510996
Saratoga,,38619051,,R-1-10 SS,0,4.36,0.30606543452403884
Saratoga,,39733011,,R-M-3,0,20,0.0688828137095408
Saratoga,,51721032,,R-1-20,0,2.18,0.6612424209472917
Saratoga,,50360009,,R-M-4,0,20,0.0529883581615823
Saratoga,,50350039,,R-1-12,0,3.48,0.36671163539206625
Saratoga,,39725092,,R-1-12,0,3.48,0.3451183138267065
Saratoga,,50349045,,R-1-12,0,3.48,0.3704792917777346
Saratoga,,50330052,,HR,0,1,0.9832920374103615
Saratoga,,38918054,,R-1-10,0,4.36,0.24053266246960664
Saratoga,,36623030,,R-1-10,0,4.36,0.23575374844980018
Saratoga,,39725010,,R-1-10,0,4.36,0.39084442514839257
Saratoga,,38628003,,R-1-10,0,4.36,0.4959361426196116
Saratoga,,51006037,,R-1-40,0,1.09,0.9063527779940694
Saratoga,,50322014,,R-1-10,0,4.36,0.19290868587574983
Saratoga,,39705076,,R-1-40,0,1.09,1.1462239560146257
Saratoga,,39342022,,R-1-10,0,4.36,0.2113304689375694
Saratoga,,39737007,,R-1-20,0,2.18,0.7618605597789089
Saratoga,,50331088,,HR,0,1,3.1987019151089977
Saratoga,,39709015,,R-1-40,0,1.09,0.9088694325647029
Saratoga,,50331086,,HR,0,1,1.484756752106621
Saratoga,,39716101,,R-1-40 PC,0,1.09,0.833101170821061
Saratoga,,50329060,,R-1-40,0,1.09,0.8478778705839096
Saratoga,,38605054,,R-1-10,0,4.36,0.28228618847430204
Saratoga,,38908025,,R-M-3,0,20,0.011711040531051093
Saratoga,,50363004,,R-M-3,0,20,0.026569324921451365
Saratoga,,39306016,,R-1-12,0,3.48,0.3146645170144467
Saratoga,,38945043,,MU-PD,0,20,0.17046324752266875
Saratoga,,50382010,,R-1-12,0,3.48,0.4150519987128399
Saratoga,,38925001,,R-1-10,0,4.36,0.9517896222055122
Saratoga,,38927037,,R-1-12,0,3.48,0.36151941066158555
Saratoga,,39708062,,R-1-40,0,1.09,1.1812581101160948
Saratoga,,38636025,,R-1-12,0,3.48,0.3565005880702332
Saratoga,,51001028,,R-1-20,0,2.18,0.563992026659071
Saratoga,,38645069,,R-1-10,0,4.36,0.2902624961851518
Saratoga,,38631019,,R-1-12,0,3.48,0.3012954970916126
Saratoga,,38617042,,R-1-10 SS,0,4.36,0.23621602165227149
Saratoga,,38930048,,R-1-10,0,4.36,0.2287955305539293
Saratoga,,51001035,,R-1-20,0,2.18,0.6777086533210211
Saratoga,,39704115,,R-1-40,0,1.09,1.040492543771446
Saratoga,,50369012,,HR,0,1,1.138967828147574
Saratoga,,39707060,,R-1-40,0,1.09,1.0218565425985489
Saratoga,,38937033,,R-1-10,0,4.36,0.20970683034454216
Saratoga,,36657002,,HR,0,1,0.5912662296167661
Saratoga,,50353016,,R-1-40,0,1.09,0.8821798523605441
Saratoga,,39341020,,R-1-12,0,3.48,0.25782538722061915
Saratoga,,38936025,,R-1-15,0,2.9,0.4007765596367537
Saratoga,,50318096,,R-1-40,0,1.09,0.5577252915364943
Saratoga,,39333027,,R-1-12,0,3.48,0.31771998408988156
Saratoga,,51718047,,R-1-40,0,1.09,0.968156522202915
Saratoga,,39705058,,R-1-40,0,1.09,1.0603830205263354
Saratoga,,39337028,,R-1-10,0,4.36,0.3328398727548421
Saratoga,,38615039,,R-1-10 SS,0,4.36,0.27470131249684127
Saratoga,,50327013,,R-1-10,0,4.36,0.1727393979451442
Saratoga,,51714082,,R-1-40,0,1.09,1.4153810281188945
Saratoga,,39347005,,CN,0,20,0.05383404129491724
Saratoga,,38925015,,R-1-10,0,4.36,0.22436305369953993
Saratoga,,38605010,,R-1-10,0,4.36,0.22840166682840674
Saratoga,,50362018,,HR,0,1,2.5740755521303105
Saratoga,,38641036,,R-1-10,0,4.36,0.23207546982693777
Saratoga,,38907034,,R-M-4,0,20,0.026155876056503193
Saratoga,,40327094,,R-1-10,0,4.36,0.19998381434498522
Saratoga,,39334023,,R-1-12,0,3.48,0.28682362470350636
Saratoga,,38943029,,R-1-20,0,2.18,0.6202508796786732
Saratoga,,38932006,,R-1-20,0,2.18,0.46938955810750055
Saratoga,,51715013,,R-1-40,0,1.09,46.49575767014051
Saratoga,,50363038,,R-M-3,0,20,0.020587620304440026
Saratoga,,38640041,,R-1-12,0,3.48,0.34725464165201025
Saratoga,,38914072,,R-1-10,0,4.36,0.26147067346516784
Saratoga,,36625017,,R-1-15,0,2.9,0.38433317680951135
Saratoga,,39717069,,R-1-40,0,1.09,0.9558351361593677
Saratoga,,39307025,,R-1-12,0,3.48,0.29467931756997295
Saratoga,,38657016,,CV,0,20,0.03251319115483905
Saratoga,,38924015,,R-1-10,0,4.36,0.2742123859723981
Saratoga,,39342059,,R-1-12,0,3.48,0.2281430813661652
Saratoga,,39331011,,R-1-12,0,3.48,0.3177128477450155
Saratoga,,38922036,,R-1-10,0,4.36,0.18151471143114528
Saratoga,,39743007,,R-1-40,0,1.09,0.7576152135310801
Saratoga,,38658030,,R-1-10,0,4.36,0.05432068122257301
Saratoga,,39336019,,R-1-10,0,4.36,0.3319071716752442
Saratoga,,50327027,,R-1-10,0,4.36,0.1664082269376595
Saratoga,,51005029,,R-1-40,0,1.09,1.0738711774478924
Saratoga,,50349012,,R-1-12,0,3.48,0.29974242214527363
Saratoga,,38662003,,R-M-5,0,20,0.06931988060930118
Saratoga,,39732004,,R-1-40,0,1.09,0.9400797147297948
Saratoga,,38620013,,R-1-10 SS,0,4.36,0.25614098505112814
Saratoga,,50322011,,R-1-10,0,4.36,0.1871495294701762
Saratoga,,50318103,,R-1-12,0,3.48,0.5809069197051766
Saratoga,,39704034,,R-1-40,0,1.09,1.0201193594307156
Saratoga,,38931003,,R-1-15,0,2.9,0.3596099694117044
Saratoga,,38941053,,R-1-15,0,2.9,0.36267717629543816
Saratoga,,38662014,,R-M-5,0,20,0.06603995309469712
Saratoga,,39329018,,R-1-12,0,3.48,0.2513219005560384
Saratoga,,39725093,,R-1-12,0,3.48,0.3190217365588391
Saratoga,,38613044,,R-1-10,0,4.36,0.25461510941013765
Saratoga,,38922037,,R-1-10,0,4.36,0.19791959301289969
Saratoga,,38938027,,R-1-10,0,4.36,0.1914819242943816
Saratoga,,39327056,,R-1-10,0,4.36,0.23109047606555616
Saratoga,,40327100,,R-1-10,0,4.36,0.20598973515185723
Saratoga,,39314019,,R-1-12,0,3.48,0.2382374351965204
Saratoga,,50324061,,CH-1,0,20,0.5141613684396968
Saratoga,,39327028,,R-1-10,0,4.36,0.26974891844858073
Saratoga,,38631014,,R-1-12,0,3.48,0.31308374401241673
Saratoga,,39728075,,R-1-10,0,4.36,0.18373151280253153
Saratoga,,38918037,,R-1-10,0,4.36,0.22994790966622022
Saratoga,,39327012,,R-1-10,0,4.36,0.2401382813814435
Saratoga,,38927049,,R-1-12,0,3.48,0.6067295167889127
Saratoga,,38938008,,R-1-10,0,4.36,0.215901703677006
Saratoga,,40327025,,R-1-10,0,4.36,0.2397333010115829
Saratoga,,36623001,,R-1-10,0,4.36,0.3227297748737532
Saratoga,,50355072,,R-1-40,0,1.09,0.7255008539839175
Saratoga,,39332026,,R-1-12,0,3.48,0.34517024303880894
Saratoga,,50381015,,R-1-12,0,3.48,0.6051917532378754
Saratoga,,50313092,,HR,0,1,1.5746705520582662
Saratoga,,50317043,,R-1-15,0,2.9,0.3455558943806298
Saratoga,,36613059,,R-1-12,0,3.48,0.2728836212144918
Saratoga,,50381025,,R-1-12,0,3.48,0.2704092531934482
Saratoga,,38926006,,R-1-10,0,4.36,0.21021016874597914
Saratoga,,40327029,,R-1-10,0,4.36,0.1922525103644324
Saratoga,,38927038,,R-1-12,0,3.48,0.31774189243234613
Saratoga,,39725098,,R-1-10,0,4.36,0.4993941945279854
Saratoga,,39740007,,R-1-40,0,1.09,1.161587939517505
Saratoga,,38928012,,R-1-12,0,3.48,0.3073616003381067
Saratoga,,39717033,,R-1-40,0,1.09,0.9555748921601379
Saratoga,,39325030,,R-1-20,0,2.18,4.963763313732879
Saratoga,,39344009,,R-1-10,0,4.36,0.27725944824540855
Saratoga,,39343006,,R-1-10,0,4.36,0.2759228483978367
Saratoga,,39315007,,R-1-12,0,3.48,0.3263438978754963
Saratoga,,50322013,,R-1-10,0,4.36,0.18894041343437126
Saratoga,,38603043,,R-1-10,0,4.36,0.28952649300098504
Saratoga,,38921039,,R-1-10,0,4.36,0.23034342762640345
Saratoga,,39315017,,R-1-12,0,3.48,0.3218415028213823
Saratoga,,38626057,,R-1-10,0,4.36,0.23024539248766165
Saratoga,,38661025,,R-1-10 SS,0,4.36,0.25683836250050457
Saratoga,,40327039,,R-1-10,0,4.36,0.19105682948113176
Saratoga,,50309006,,HR,0,1,0.6086118448669028
Saratoga,,50328124,,HR,0,1,1.343962220411325
Saratoga,,38626022,,R-1-12,0,3.48,0.23158860551984783
Saratoga,,39717070,,R-1-40,0,1.09,1.8256252141219071
Saratoga,,50328125,,R-1-40,0,1.09,1.1766967979986989
Saratoga,,50324082,,CH-1,0,20,0.12332997878536654
Saratoga,,39701038,,R-1-40,0,1.09,0.9659963797305278
Saratoga,,38633073,,R-1-10,0,4.36,0.2664954198704242
Saratoga,,38618024,,R-1-10 SS,0,4.36,0.23826658075177584
Saratoga,,50382028,,R-1-40,0,1.09,0.7097291950676177
Saratoga,,38634010,,R-1-12,0,3.48,0.32337336901216823
Saratoga,,50313118,,HR,0,1,1.3305207411684148
Saratoga,,38648022,,None,0,0,1.2659493584783361
Saratoga,,38654024,,R-1-10,0,4.36,0.22038368976066408
Saratoga,,39717005,,R-1-40,0,1.09,1.0880677240583276
Saratoga,,50381027,,R-1-12,0,3.48,0.2767122865233742
Saratoga,,39332030,,R-1-12,0,3.48,0.29006018017558155
Saratoga,,38650010,,R-1-12,0,3.48,0.2875473894332453
Saratoga,,38641007,,R-1-10,0,4.36,0.26787797616882614
Saratoga,,38633055,,R-1-10,0,4.36,0.26798814491145556
Saratoga,,38917055,,R-1-10,0,4.36,0.22942140838931563
Saratoga,,50381030,,R-1-12,0,3.48,0.23374432693256772
Saratoga,,50322098,,R-1-10,0,4.36,0.20068510424062092
Saratoga,,36623043,,R-1-10,0,4.36,0.25905597296138544
Saratoga,,39706051,,R-1-40,0,1.09,0.25821300535579184
Saratoga,,50313117,,HR,0,1,1.6114532034697067
Saratoga,,39319012,,R-1-12,0,3.48,0.28528416168759524
Saratoga,,36613046,,R-1-12,0,3.48,0.40512016880316015
Saratoga,,50363006,,R-M-3,0,20,0.026570941077598192
Saratoga,,39314035,,R-1-12,0,3.48,0.29155108962551796
Saratoga,,39333056,,R-1-10,0,4.36,0.27338283748857034
Saratoga,,39713041,,R-1-40,0,1.09,0.9210380594571524
Saratoga,,50358012,,R-1-12,0,3.48,0.319828612630134
Saratoga,,38660008,,CV,0,20,0.016016172460624607
Saratoga,,38938006,,R-1-10,0,4.36,0.21207040542087618
Saratoga,,36636014,,CV,0,20,0.03469548444864168
Saratoga,,39704022,,R-1-40,0,1.09,1.260621948990795
Saratoga,,50353045,,R-1-20,0,2.18,0.6144121511205581
Saratoga,,51719085,,R-1-40,0,1.09,0.9139042293782934
Saratoga,,38945018,,MU-PD,0,20,0.16585789028213646
Saratoga,,38637038,,R-1-10,0,4.36,0.2704007272533307
Saratoga,,39311038,,R-1-12,0,3.48,0.41753788124224056
Saratoga,,41040016,,R-1-40,0,1.09,0.9448317320902142
Saratoga,,36621009,,HR,0,1,1.2501697577522897
Saratoga,,50318089,,R-1-12,0,3.48,0.33376151217539096
Saratoga,,38931010,,R-1-20,0,2.18,0.5414962122821703
Saratoga,,39708049,,R-1-40,0,1.09,1.0183058322777852
Saratoga,,36631006,,HR,0,1,0.6929772278190199
Saratoga,,39333002,,R-1-12,0,3.48,0.2965131384897339
Saratoga,,38606013,,R-1-10,0,4.36,0.22980076828845225
Saratoga,,51727001,,R-1-15,0,2.9,0.6263242363979742
Saratoga,,39720096,,R-1-40,0,1.09,1.9617534291755931
Saratoga,,39729015,,R-1-10,0,4.36,0.469848552746921
Saratoga,,39334013,,R-1-12,0,3.48,0.364811254577158
Saratoga,,38944022,,MU-PD,0,20,0.16928752288856516
Saratoga,,39701052,,R-1-40,0,1.09,1.3029173593705414
Saratoga,,36614013,,R-1-15,0,2.9,0.6280843115695489
Saratoga,,37825001,,R-1-15,0,2.9,0.3965409839849579
Saratoga,,38913010,,R-1-10,0,4.36,0.2652442725554141
Saratoga,,40323067,,R-1-10,0,4.36,0.455567180751658
Saratoga,,36612054,,CV,0,20,1.0050000462146227
Saratoga,,50319079,,R-1-12,0,3.48,0.2257977033013152
Saratoga,,39337035,,R-1-10,0,4.36,0.2339997998852364
Saratoga,,38639018,,R-1-12,0,3.48,0.28925811324019834
Saratoga,,38926034,,R-1-10,0,4.36,0.19344674841755774
Saratoga,,38618005,,R-1-10 SS,0,4.36,0.22965936523751024
Saratoga,,38922009,,R-1-10,0,4.36,0.17976665836345193
Saratoga,,38929015,,R-1-15,0,2.9,0.36550034880090704
Saratoga,,39736007,,R-1-40,0,1.09,0.8763012352376297
Saratoga,,50375011,,HR,0,1,2.152851352822085
Saratoga,,39318033,,R-1-12,0,3.48,0.30992382808437957
Saratoga,,39328024,,R-1-10,0,4.36,0.22991252642125307
Saratoga,,39306008,,R-1-12,0,3.48,0.29621976285984813
Saratoga,,51708077,,R-M-3,0,20,0.10338552331232496
Saratoga,,50320095,,R-1-12,0,3.48,0.3301428872816409
Saratoga,,50363095,,R-M-3,0,20,0.026570152775383073
Saratoga,,39316022,,R-1-12,0,3.48,0.3354294002505636
Saratoga,,39322062,,R-1-12,0,3.48,0.3061627417181712
Saratoga,,38612071,,R-1-10,0,4.36,0.2527965640067719
Saratoga,,38618023,,R-1-10 SS,0,4.36,0.2553212148870684
Saratoga,,51718062,,R-1-40,0,1.09,2.0403890533433566
Saratoga,,40328071,,R-1-10,0,4.36,0.19236275537925668
Saratoga,,38917061,,R-1-10,0,4.36,0.2236465841901625
Saratoga,,50329010,,HR,0,1,1.5846103595397352
Saratoga,,38938041,,R-1-10,0,4.36,0.1974066291500068
Saratoga,,36613030,,R-1-12,0,3.48,0.2437456766420497
Saratoga,,36656028,,CV,0,20,0.2441453624397264
Saratoga,,50324071,,CH-1,0,20,0.04470583013016692
Saratoga,,38615033,,R-1-10 SS,0,4.36,0.26667131158961704
Saratoga,,39717072,,R-1-40,0,1.09,0.9394939966513599
Saratoga,,39741006,,R-1-20,0,2.18,0.4648724263841551
Saratoga,,38925050,,R-1-10,0,4.36,0.33801310954106073
Saratoga,,51710019,,R-1-15,0,2.9,0.339836040240321
Saratoga,,38914053,,R-1-10,0,4.36,0.2698918432815805
Saratoga,,50329064,,R-1-40,0,1.09,0.8398509999423897
Saratoga,,36612070,,None,0,0,0.045199978638276274
Saratoga,,38629066,,R-1-12,0,3.48,0.2813932044171813
Saratoga,,51708066,,CH-2,0,20,0.047267783571032514
Saratoga,,39732016,,R-1-40,0,1.09,0.6812438133887597
Saratoga,,38608068,,R-1-10,0,4.36,0.2253088359008076
Saratoga,,38620048,,R-1-10 SS,0,4.36,0.26337760155822154
Saratoga,,39738010,,R-M-3,0,20,0.028332583754332508
Saratoga,,51709069,,CH-1,0,20,0.24634215711214777
Saratoga,,50378016,,HR,0,1,0.9034155580856593
Saratoga,,39720027,,R-1-20,0,2.18,0.6857728434177385
Saratoga,,50355018,,R-1-40,0,1.09,0.9406649632199582
Saratoga,,38642012,,R-1-12,0,3.48,0.4193422477914183
Saratoga,,39719001,,R-1-40,0,1.09,1.4362384992696897
Saratoga,,50316015,,R-1-40,0,1.09,1.1605127645243218
Saratoga,,38634053,,R-1-12,0,3.48,0.3337132280614481
Saratoga,,39743038,,R-1-10,0,4.36,0.2674090036413472
Saratoga,,38926009,,R-1-10,0,4.36,0.1858176749571197
Saratoga,,51720037,,R-1-20,0,2.18,0.5675961903596264
Saratoga,,39705075,,R-1-40,0,1.09,0.8850963593055277
Saratoga,,38629054,,R-1-12,0,3.48,0.29070347438351424
Saratoga,,39713012,,R-1-40,0,1.09,1.1276555620097408
Saratoga,,39322013,,R-1-12,0,3.48,0.3272850355198877
Saratoga,,38608018,,R-1-10,0,4.36,0.2426927519890273
Saratoga,,40322028,,R-1-40,0,1.09,0.13876349508456703
Saratoga,,50331058,,HR,0,1,0.9828035087540241
Saratoga,,38914039,,R-1-10,0,4.36,0.2343149265431322
Saratoga,,50352009,,R-1-10,0,4.36,0.23127165627443869
Saratoga,,50317030,,HR,0,1,2.199024435631957
Saratoga,,50314008,,HR,0,1,0.8761097682976589
Saratoga,,51005040,,R-1-40,0,1.09,1.2911741701460941
Saratoga,,36613031,,R-1-12,0,3.48,0.24333115727558235
Saratoga,,50354021,,R-1-12,0,3.48,0.3444190383238222
Saratoga,,39306009,,R-1-12,0,3.48,0.298239090294565
Saratoga,,39346014,,R-1-12,0,3.48,0.2990623181111113
Saratoga,,39713052,,R-1-40,0,1.09,0.9489229272227421
Saratoga,,50329116,,R-1-40,0,1.09,0.9799401977993148
Saratoga,,51709017,,CH-1,0,20,0.09523699222779995
Saratoga,,50350037,,R-1-12,0,3.48,0.32620627558423393
Saratoga,,38908046,,R-M-3,0,20,0.029131111886575165
Saratoga,,38921013,,R-1-10,0,4.36,0.23625395620261597
Saratoga,,38613004,,R-1-10,0,4.36,0.25509058268601775
Saratoga,,39301042,,CN,0,20,0.580321646272007
Saratoga,,40328020,,R-1-10,0,4.36,0.19490259225653267
Saratoga,,50324063,,CH-1,0,20,0.09353680978461724
Saratoga,,38630047,,CV,0,20,0.051067478537595176
Saratoga,,38908001,,R-M-3,0,20,0.023625062262209347
Saratoga,,39723002,,R-1-10,0,4.36,0.1834889564084611
Saratoga,,39313004,,R-1-10,0,4.36,0.2417503700056781
Saratoga,,50354007,,R-1-12,0,3.48,0.31280983505989157
Saratoga,,50317008,,HR,0,1,2.7531772026845296
Saratoga,,39727033,,R-M-3,0,20,0.05946110095977435
Saratoga,,51710039,,R-1-10,0,4.36,0.43846826810533157
Saratoga,,38651006,,R-1-12,0,3.48,0.4827726775021633
Saratoga,,51052002,,R-1-40,0,1.09,0.9146573299504731
Saratoga,,38918027,,R-1-10,0,4.36,0.2297688384927385
Saratoga,,40323031,,R-1-10,0,4.36,0.1974804012235478
Saratoga,,50320088,,R-1-12,0,3.48,0.31352146485948773
Saratoga,,39705078,,R-1-40,0,1.09,0.9041990519085482
Saratoga,,50328047,,R-1-40,0,1.09,0.32962317971870264
Saratoga,,38615015,,R-1-10 SS,0,4.36,0.2565243156363246
Saratoga,,36650036,,HR,0,1,0.6864443379473323
Saratoga,,39327017,,R-1-10,0,4.36,0.26162401688220555
Saratoga,,50319124,,R-1-12,0,3.48,0.3503306900865429
Saratoga,,38645035,,R-1-10,0,4.36,0.22633092130814095
Saratoga,,39740003,,R-1-40,0,1.09,1.210831804256429
Saratoga,,36620027,,R-1-12,0,3.48,0.3136021702763323
Saratoga,,38930030,,R-1-10,0,4.36,0.2234841195137953
Saratoga,,36613065,,R-1-12,0,3.48,0.29527641549154404
Saratoga,,39716117,,R-1-40 PC,0,1.09,0.8179886396074548
Saratoga,,38901010,,R-1-12,0,3.48,0.30717092934421697
Saratoga,,38654047,,R-1-10,0,4.36,0.2651501216700313
Saratoga,,40323053,,R-1-10,0,4.36,0.23692838196786725
Saratoga,,38918028,,R-1-10,0,4.36,0.2306811921409697
Saratoga,,38930047,,R-1-10,0,4.36,0.24487580915534615
Saratoga,,39346012,,R-1-12,0,3.48,0.3240833632777037
Saratoga,,40327070,,R-1-10,0,4.36,0.1990296941916016
Saratoga,,39724057,,R-1-20,0,2.18,0.4803915976414078
Saratoga,,50355032,,R-1-40,0,1.09,0.947243171474683
Saratoga,,39704030,,R-1-40,0,1.09,0.9750764469831984
Saratoga,,39313008,,R-1-10,0,4.36,0.24259369312664208
Saratoga,,38616010,,R-1-10 SS,0,4.36,0.24020650550770384
Saratoga,,39319023,,R-1-12,0,3.48,0.3037274816138372
Saratoga,,50320076,,R-1-40,0,1.09,1.022633178224795
Saratoga,,50318110,,R-1-40,0,1.09,0.9807314808123448
Saratoga,,38652009,,R-1-10,0,4.36,0.21317585923627808
Saratoga,,39723035,,R-1-10,0,4.36,0.2238162089832723
Saratoga,,39716011,,R-1-20,0,2.18,0.4425739000079935
Saratoga,,38613025,,R-1-10,0,4.36,0.25367430735489793
Saratoga,,50330023,,HR,0,1,1.1392591899603555
Saratoga,,36621008,,HR,0,1,1.1616471489405744
Saratoga,,50355049,,R-1-40,0,1.09,0.4635427380052235
Saratoga,,38615034,,R-1-10 SS,0,4.36,0.2329219152310654
Saratoga,,38610056,,C-N(RHD),30,30,0.543795369788287
Saratoga,,39703051,,R-1-40,0,1.09,1.022937773652123
Saratoga,,50327050,,R-1-10,0,4.36,0.10591038287629456
Saratoga,,38930001,,R-1-20,0,2.18,0.4574314153993668
Saratoga,,39322063,,R-1-12,0,3.48,0.30838958255063786
Saratoga,,51714025,,HR,0,1,1.008629098426571
Saratoga,,50378029,,HR,0,1,4.677238838685763
Saratoga,,50318071,,R-1-12,0,3.48,0.2939303980128141
Saratoga,,38653018,,R-1-12,0,3.48,5.512924770212513
Saratoga,,51718064,,R-1-40,0,1.09,1.2090065984106404
Saratoga,,39315001,,R-1-12,0,3.48,0.3264084640139868
Saratoga,,39341007,,R-1-12,0,3.48,0.2636310077563197
Saratoga,,39335020,,R-1-10,0,4.36,0.22890149167509086
Saratoga,,38902024,,R-1-12,0,3.48,0.28285395454485923
Saratoga,,38650014,,R-1-12,0,3.48,0.3274147327429658
Saratoga,,39703058,,R-1-40,0,1.09,1.3659031939906308
Saratoga,,38926035,,R-1-10,0,4.36,0.006493292469442248
Saratoga,,50319110,,R-1-12,0,3.48,0.31646389966512256
Saratoga,,38656036,,CV,0,20,0.03388950346922908
Saratoga,,39717055,,R-1-40,0,1.09,0.91924850564481
Saratoga,,51024017,,HR,0,1,0.8848167711094113
Saratoga,,39323007,,R-1-12,0,3.48,0.3082794481533982
Saratoga,,50318092,,R-1-40,0,1.09,0.23386732011310712
Saratoga,,39716102,,R-1-40 PC,0,1.09,0.8129275082057719
Saratoga,,50320066,,R-1-12,0,3.48,0.29484485999651944
Saratoga,,38654003,,R-1-10,0,4.36,0.28984771378265695
Saratoga,,50361022,,R-M-4,0,20,0.031611443791387854
Saratoga,,40322020,,R-1-10,0,4.36,0.06883844832002872
Saratoga,,39743051,,R-1-40,0,1.09,2.425462279458328
Saratoga,,38659008,,R-1-10,0,4.36,0.053434416535026855
Saratoga,,39326006,,R-1-10,0,4.36,0.3029663022606283
Saratoga,,50320011,,R-1-12,0,3.48,0.34473672512029047
Saratoga,,39306024,,R-1-12,0,3.48,0.30942089151590324
Saratoga,,36625005,,R-1-12,0,3.48,0.2882096789990631
Saratoga,,50354071,,R-1-12,0,3.48,0.3136808868457193
Saratoga,,38606011,,R-1-10,0,4.36,0.2238255209682068
Saratoga,,50322090,,R-1-10,0,4.36,0.28308237776440875
Saratoga,,39327018,,R-1-10,0,4.36,0.25811276409540956
Saratoga,,36621005,,HR,0,1,1.0113129665183238
Saratoga,,38907048,,R-M-4,0,20,0.01839596204010669
Saratoga,,39338018,,R-1-10,0,4.36,0.2774571599955721
Saratoga,,36613009,,R-1-12,0,3.48,0.4028882158477458
Saratoga,,38615023,,R-1-10 SS,0,4.36,0.2315811590433835
Saratoga,,38634026,,R-1-12,0,3.48,0.36033327182574076
Saratoga,,40323055,,R-1-10,0,4.36,0.22167970484870006
Saratoga,,38631057,,R-1-12,0,3.48,0.3032825537743428
Saratoga,,39728072,,R-1-10,0,4.36,0.24798362711388344
Saratoga,,51721013,,R-1-20,0,2.18,0.46723532610614055
Saratoga,,38613001,,R-1-10,0,4.36,0.30850043369942654
Saratoga,,36606012,,HR,0,1,1.6631936996921548
Saratoga,,38627029,,R-1-10,0,4.36,0.2407797910054425
Saratoga,,51736006,,HR,0,1,3.92710042065416
Saratoga,,39342043,,R-1-10,0,4.36,0.2554228170518
Saratoga,,38628009,,R-1-12,0,3.48,0.2930393305134859
Saratoga,,39318003,,R-1-12,0,3.48,0.22517246531778864
Saratoga,,39733007,,R-M-3,0,20,0.06447541146348688
Saratoga,,39319055,,R-1-12,0,3.48,0.2222122509832253
Saratoga,,50319142,,R-1-12,0,3.48,0.465144643442099
Saratoga,,38921045,,R-1-10,0,4.36,0.33203169408444866
Saratoga,,51707027,,R-1-40,0,1.09,1.2130121741830286
Saratoga,,38623046,,R-1-10 SS,0,4.36,0.28294374283072793
Saratoga,,39716097,,R-1-40 PC,0,1.09,0.7539610651569503
Saratoga,,39707081,,R-1-40,0,1.09,0.06644352982975725
Saratoga,,38647014,,R-1-12,0,3.48,0.3103282436824507
Saratoga,,39732013,,R-1-40,0,1.09,0.7915948712231148
Saratoga,,39326001,,R-1-10,0,4.36,0.3545299350260332
Saratoga,,38919039,,R-1-10,0,4.36,0.308356326296537
Saratoga,,38649022,,R-1-10,0,4.36,0.31863737391206653
Saratoga,,38608043,,R-1-10,0,4.36,0.227267336905715
Saratoga,,38924021,,R-1-10,0,4.36,0.25551243669950024
Saratoga,,39344035,,R-1-10,0,4.36,0.26289008667049707
Saratoga,,38629060,,R-1-12,0,3.48,0.39437867237386964
Saratoga,,38654015,,R-1-10,0,4.36,0.23283908770168382
Saratoga,,39335017,,R-1-10,0,4.36,0.22473801356228018
Saratoga,,38637044,,R-1-10,0,4.36,0.286941419445948
Saratoga,,38630001,,R-1-10,0,4.36,0.26835249245019416
Saratoga,,38652001,,R-1-10,0,4.36,0.2409864195003512
Saratoga,,39316037,,R-1-12,0,3.48,0.2842680756308705
Saratoga,,36623035,,R-1-10,0,4.36,0.285171599285281
Saratoga,,50315034,,HR,0,1,1.2118615439745049
Saratoga,,39342001,,R-1-10,0,4.36,0.21851342014925254
Saratoga,,50378022,,HR,0,1,1.2746450464006263
Saratoga,,50375010,,HR,0,1,3.1290948846922877
Saratoga,,50363102,,R-M-3,0,20,0.02656750620610982
Saratoga,,50367006,,CH-2,0,20,0.036778184118555386
Saratoga,,38913027,,R-1-10,0,4.36,0.2788747145890818
Saratoga,,39716121,,R-1-40 PC,0,1.09,0.7785597060000352
Saratoga,,39307020,,R-1-12,0,3.48,0.2934370546205604
Saratoga,,39716112,,R-1-40 PC,0,1.09,0.7564781227655532
Saratoga,,50325038,,CH-1,0,20,0.0264695434465067
Saratoga,,51722024,,R-1-40,0,1.09,2.1067529381895076
Saratoga,,38933004,,R-1-20,0,2.18,0.6168435242901915
Saratoga,,51708028,,R-1-10,0,4.36,0.28395846012693343
Saratoga,,38621013,,R-1-10 SS,0,4.36,0.3239967641369684
Saratoga,,50327029,,R-1-10,0,4.36,0.16660409589815817
Saratoga,,40328001,,R-1-10,0,4.36,0.20054558954154256
Saratoga,,50323037,,R-1-15,0,2.9,0.5747075637797536
Saratoga,,39334020,,R-1-12,0,3.48,0.28757484759612684
Saratoga,,50318049,,R-1-12,0,3.48,0.35907779873117807
Saratoga,,51712012,,R-1-10,0,4.36,0.246612191095434
Saratoga,,39324020,,R-1-12,0,3.48,0.3415065812302299
Saratoga,,39333052,,R-1-10,0,4.36,0.32895435812211304
Saratoga,,39341012,,R-1-12,0,3.48,0.2548016136467057
Saratoga,,38930035,,R-1-10,0,4.36,0.236949235582904
Saratoga,,38633052,,R-1-10,0,4.36,0.2723651141373827
Saratoga,,39713054,,R-1-40,0,1.09,1.2386973667343344
Saratoga,,38654012,,R-1-10,0,4.36,0.2724407852063254
Saratoga,,39327027,,R-1-10,0,4.36,0.23165180142572356
Saratoga,,39312001,,R-1-10,0,4.36,0.23312277909136456
Saratoga,,38909037,,R-M-3,0,20,0.01915939316970917
Saratoga,,38654038,,R-1-10,0,4.36,0.2832049311748487
Saratoga,,39310015,,R-1-12,0,3.48,0.4023213547426669
Saratoga,,38901014,,R-1-12,0,3.48,0.39773496104792894
Saratoga,,50325032,,CH-1,0,20,0.27700713559541507
Saratoga,,40327068,,R-1-10,0,4.36,0.19937732305037933
Saratoga,,38934005,,R-1-15,0,2.9,0.40001425206397645
Saratoga,,50353019,,R-1-40,0,1.09,0.7127635792370599
Saratoga,,39710019,,R-1-40,0,1.09,1.0692572636109243
Saratoga,,39344015,,R-1-10,0,4.36,0.24163404619649392
Saratoga,,38915018,,R-1-10,0,4.36,0.22965848634966432
Saratoga,,38631037,,R-1-12,0,3.48,0.33118087196525553
Saratoga,,38917023,,R-1-10,0,4.36,0.22956397207776835
Saratoga,,50352010,,R-1-10,0,4.36,0.3044322488083173
Saratoga,,51714086,,HR,0,1,0.19043533173498894
Saratoga,,39724015,,R-1-10,0,4.36,0.400886173060749
Saratoga,,38629010,,R-1-10,0,4.36,0.3106199686858435
Saratoga,,39713027,,R-1-40,0,1.09,0.8358800899138222
Saratoga,,39324023,,R-1-12,0,3.48,0.15557204252868553
Saratoga,,38641051,,R-1-12,0,3.48,0.29871682906461966
Saratoga,,36605076,,HR,0,1,0.7624106805671901
Saratoga,,39345016,,R-1-20,0,2.18,1.6475315734360911
Saratoga,,50317067,,HR,0,1,1.988282535849836
Saratoga,,50355003,,R-1-40,0,1.09,0.9842367605608788
Saratoga,,39722044,,R-1-10,0,4.36,1.3560561965730105
Saratoga,,38661012,,R-1-10 SS,0,4.36,0.3038636661085017
Saratoga,,38914052,,R-1-10,0,4.36,0.2623279799070554
Saratoga,,39717045,,R-1-40,0,1.09,0.9187854280485611
Saratoga,,38603022,,R-1-10,0,4.36,0.23761335264536015
Saratoga,,38650005,,R-1-12,0,3.48,0.3264385034864603
Saratoga,,50378037,,HR,0,1,4.920885656692903
Saratoga,,39724060,,R-1-20,0,2.18,0.47074608118337075
Saratoga,,38630062,,CV,0,20,0.06516513804140313
Saratoga,,38607073,,R-1-10,0,4.36,0.3755413465174883
Saratoga,,39728014,,R-1-10,0,4.36,0.18041673352417917
Saratoga,,38612059,,R-1-10,0,4.36,0.3607794619445164
Saratoga,,38620027,,R-1-10 SS,0,4.36,0.2681431723524743
Saratoga,,36636021,,CV,0,20,0.03573894675925285
Saratoga,,36613063,,R-1-12,0,3.48,0.4498366845226197
Saratoga,,50359003,,R-M-4,0,20,0.5466449155512801
Saratoga,,39313003,,R-1-10,0,4.36,0.24713658623842766
Saratoga,,38649026,,R-1-12,0,3.48,0.318195674269491
Saratoga,,39337006,,R-1-10,0,4.36,0.2326164766610178
Saratoga,,38646026,,R-1-10,0,4.36,0.22926226034230124
Saratoga,,38912006,,R-1-10,0,4.36,0.22956591413210709
Saratoga,,50317056,,R-1-40,0,1.09,0.8696466547055457
Saratoga,,38646006,,R-1-10,0,4.36,0.23801022626790258
Saratoga,,38908016,,R-M-3,0,20,0.03400671288348914
Saratoga,,38620011,,R-1-10 SS,0,4.36,0.31201464334275847
Saratoga,,39736010,,R-1-40,0,1.09,0.8756543600085077
Saratoga,,38943018,,R-1-20,0,2.18,0.5762869853342287
Saratoga,,38938047,,R-1-10,0,4.36,0.19410391192186247
Saratoga,,50382041,,R-1-40,0,1.09,1.042183540796129
Saratoga,,38651041,,R-1-12,0,3.48,0.28124236579465844
Saratoga,,51722008,,R-1-20,0,2.18,0.37874107671826873
Saratoga,,50327021,,R-1-10,0,4.36,0.1658062572785885
Saratoga,,39740022,,R-1-40,0,1.09,0.9170521171158329
Saratoga,,39343009,,R-1-10,0,4.36,0.27572427025835644
Saratoga,,38608059,,R-1-10,0,4.36,0.22289400920602853
Saratoga,,39728019,,R-1-10,0,4.36,0.18045758913058615
Saratoga,,39725071,,R-1-12,0,3.48,0.31481652324098996
Saratoga,,39320049,,R-1-12,0,3.48,1.1169649046829129
Saratoga,,38647039,,R-1-12,0,3.48,0.3946899466386866
Saratoga,,38651037,,R-1-12,0,3.48,0.2837295593963844
Saratoga,,50331102,,HR,0,1,1.1155366607699644
Saratoga,,38641044,,R-1-12,0,3.48,0.303417005496857
Saratoga,,50358035,,R-1-12,0,3.48,0.3542748081726905
Saratoga,,38629019,,R-1-12,0,3.48,0.3689763338396302
Saratoga,,38644025,,R-1-12,0,3.48,0.33262312499275376
Saratoga,,51707028,,R-1-40,0,1.09,1.2231379635946282
Saratoga,,50382035,,R-1-40,0,1.09,0.9470695211248085
Saratoga,,50362010,,HR,0,1,0.7217933564502531
Saratoga,,50381016,,R-1-12,0,3.48,0.5527085419236969
Saratoga,,39339024,,R-1-10,0,4.36,0.29295534589442945
Saratoga,,51721007,,R-1-20,0,2.18,0.7754834519887109
Saratoga,,39327054,,R-1-10,0,4.36,0.21667961721429915
Saratoga,,38661029,,R-1-10 SS,0,4.36,0.2554400065384825
Saratoga,,38924008,,R-1-10,0,4.36,0.26556270354575967
Saratoga,,38914011,,R-1-10,0,4.36,0.22967427013305003
Saratoga,,40327056,,R-1-10,0,4.36,0.18884930288792434
Saratoga,,50382017,,R-1-12,0,3.48,0.3119337348756096
Saratoga,,51736003,,HR,0,1,5.016326336212992
Saratoga,,51720006,,R-1-20,0,2.18,0.4161985319634321
Saratoga,,50328100,,R-1-40,0,1.09,2.1190592004210185
Saratoga,,39337019,,R-1-10,0,4.36,0.2194073651681244
Saratoga,,39327024,,R-1-10,0,4.36,0.2605140111464299
Saratoga,,51001031,,R-1-20,0,2.18,0.5744381016428525
Saratoga,,38634019,,R-1-12,0,3.48,0.29161867260802343
Saratoga,,36605067,,HR,0,1,0.4739159352454408
Saratoga,,38618022,,R-1-10 SS,0,4.36,0.2509606911833413
Saratoga,,50375020,,HR,0,1,2.69192303011279
Saratoga,,39301035,,CN,0,20,0.033814916501167136
Saratoga,,50350012,,R-1-12,0,3.48,0.30669329342062207
Saratoga,,38921019,,R-1-10,0,4.36,0.08262922322448951
Saratoga,,50350001,,R-1-12,0,3.48,0.36968400064950435
Saratoga,,38647023,,R-1-12,0,3.48,0.320216412709603
Saratoga,,39330030,,R-1-12,0,3.48,0.26754021971432157
Saratoga,,38613053,,R-1-10,0,4.36,0.2911984568235518
Saratoga,,38930032,,R-1-10,0,4.36,0.2353955744015087
Saratoga,,39337017,,R-1-10,0,4.36,0.2300907422379729
Saratoga,,38913006,,R-1-10,0,4.36,0.2564759814449447
Saratoga,,38656042,,CV,0,20,0.06549787856433086
Saratoga,,38931028,,R-1-20,0,2.18,0.466000580768754
Saratoga,,39330038,,R-1-12,0,3.48,0.25372360088945395
Saratoga,,39311024,,R-1-12,0,3.48,0.37580416014562434
Saratoga,,51709025,,R-M-3,0,20,0.18823614942497463
Saratoga,,38906024,,PA,0,20,0.02311791017044586
Saratoga,,51727005,,R-1-15,0,2.9,1.1553312468139056
Saratoga,,39347009,,CN,0,20,0.09200303090291455
Saratoga,,39725019,,R-1-10,0,4.36,0.26317012783063043
Saratoga,,38630051,,CV,0,20,0.051066773284073684
Saratoga,,38609025,,R-1-10,0,4.36,0.21695790808139126
Saratoga,,51709086,,R-M-3,0,20,0.024794859291337512
Saratoga,,39707103,,R-1-40,0,1.09,1.0640156985207656
Saratoga,,39337046,,R-1-10,0,4.36,0.2695602321386179
Saratoga,,39716073,,R-1-40 PC,0,1.09,0.8086410808456076
Saratoga,,38930051,,R-1-10,0,4.36,0.23510777840709463
Saratoga,,51001022,,R-1-20,0,2.18,0.5311744427278091
Saratoga,,38652014,,R-1-10,0,4.36,0.47391071200805507
Saratoga,,38917040,,R-1-10,0,4.36,0.23250697276147497
Saratoga,,39335026,,R-1-10,0,4.36,0.3214413761122497
Saratoga,,38654018,,R-1-10,0,4.36,0.24411386161998927
Saratoga,,39301041,,CN,0,20,3.2996077996234865
Saratoga,,50353057,,R-1-40,0,1.09,0.5745997618517397
Saratoga,,38657006,,CV,0,20,0.043734061520759
Saratoga,,50319128,,R-1-12,0,3.48,0.32290420982517876
Saratoga,,39706107,,R-1-40,0,1.09,0.903042067223864
Saratoga,,39322031,,R-1-12,0,3.48,0.29186383490624257
Saratoga,,39343034,,R-1-10,0,4.36,0.21991152945758358
Saratoga,,38632022,,R-1-12,0,3.48,0.3007192098353192
Saratoga,,39343003,,R-1-10,0,4.36,0.2760139322926956
Saratoga,,38620032,,R-1-10 SS,0,4.36,0.2534737983196997
Saratoga,,38915012,,R-1-10,0,4.36,0.22818144829257977
Saratoga,,38631035,,R-1-12,0,3.48,0.3525379147494084
Saratoga,,38617038,,R-1-10 SS,0,4.36,0.2703157283379389
Saratoga,,50358018,,R-1-12,0,3.48,0.32993535529769735
Saratoga,,39703014,,R-1-40,0,1.09,1.2684591491779862
Saratoga,,38618036,,R-1-10 SS,0,4.36,0.27483546009096327
Saratoga,,39323006,,R-1-12,0,3.48,0.2754726010943651
Saratoga,,36613016,,R-1-12,0,3.48,0.3400210294993386
Saratoga,,36650006,,HR,0,1,1.3208967793084503
Saratoga,,38609041,,R-1-10,0,4.36,0.22460613765807358
Saratoga,,39346021,,R-1-12,0,3.48,0.28722717583319307
Saratoga,,38630004,,R-1-10,0,4.36,0.35587188574044976
Saratoga,,38653042,,CN,0,20,0.09445307767912395
Saratoga,,39704026,,R-1-40,0,1.09,1.4549136072361022
Saratoga,,50364019,,R-M-4,0,20,0.05299585917098452
Saratoga,,38924007,,R-1-10,0,4.36,0.2592921603694134
Saratoga,,39713004,,R-1-40,0,1.09,1.1340404307001446
Saratoga,,39733013,,R-M-3,0,20,0.0688828137095408
Saratoga,,38631016,,R-1-12,0,3.48,0.3083908804436349
Saratoga,,39327044,,R-1-10,0,4.36,0.24022449890941877
Saratoga,,38656044,,CV,0,20,0.05481443181233189
Saratoga,,50369020,,HR,0,1,0.9908686451114455
Saratoga,,50317066,,HR,0,1,7.833739570574382
Saratoga,,39743004,,R-1-40,0,1.09,0.2363285063966799
Saratoga,,38904028,,R-1-12,0,3.48,0.28778624145936865
Saratoga,,39327034,,R-1-10,0,4.36,0.25094195459667284
Saratoga,,38915064,,R-1-10,0,4.36,0.23014809087247962
Saratoga,,39720001,,R-1-40,0,1.09,0.8791708412529865
Saratoga,,39716080,,R-1-40 PC,0,1.09,0.7862510970921975
Saratoga,,38605081,,R-1-10,0,4.36,0.24161734249523614
Saratoga,,38660026,,CV,0,20,0.008622381382696857
Saratoga,,38941027,,R-1-10,0,4.36,0.1926323374749177
Saratoga,,39736036,,R-1-40,0,1.09,0.9915732532160901
Saratoga,,38613051,,R-1-10,0,4.36,0.2558871169199213
Saratoga,,38637030,,R-1-10,0,4.36,0.23695491168781896
Saratoga,,50354066,,R-1-12,0,3.48,0.4462830222460736
Saratoga,,38944036,,MU-PD,0,20,0.17280873744068687
Saratoga,,38658013,,R-1-10,0,4.36,0.05303397409873146
Saratoga,,39742003,,R-1-20,0,2.18,0.420797893231578
Saratoga,,39315036,,R-1-12,0,3.48,0.28237728993354666
Saratoga,,38936039,,R-1-15,0,2.9,0.3622484345300805
Saratoga,,39722060,,R-1-10,0,4.36,0.1648593503321178
Saratoga,,38633082,,R-1-10,0,4.36,0.24239386639836777
Saratoga,,38914027,,R-1-10,0,4.36,0.2240409563701426
Saratoga,,39342051,,R-1-10,0,4.36,0.2618978033427387
Saratoga,,38902009,,R-1-12,0,3.48,0.2699614802464716
Saratoga,,50330022,,HR,0,1,1.0325721920936872
Saratoga,,39706099,,R-1-40,0,1.09,0.9426179615762249
Saratoga,,51727015,,R-1-15,0,2.9,0.6294258887258594
Saratoga,,38936029,,R-1-10,0,4.36,0.2573588793006482
Saratoga,,39708089,,R-1-40,0,1.09,1.2476320469721858
Saratoga,,50322049,,R-1-10,0,4.36,0.18537441524690712
Saratoga,,39713011,,R-1-40,0,1.09,1.143186926660529
Saratoga,,39716088,,R-1-40 PC,0,1.09,0.025943871110621478
Saratoga,,38633023,,R-1-10,0,4.36,0.2791707452233842
Saratoga,,39705089,,R-1-40,0,1.09,0.5422815975064964
Saratoga,,38645006,,R-1-10,0,4.36,0.23043719480935926
Saratoga,,38643020,,R-1-12,0,3.48,0.3349893635611919
Saratoga,,39309025,,R-1-12,0,3.48,0.32756687427606357
Saratoga,,39704112,,R-1-40,0,1.09,1.3118378389094485
Saratoga,,38659002,,R-1-10,0,4.36,0.027030289013713252
Saratoga,,39741015,,R-1-20,0,2.18,0.6128095436091385
Saratoga,,38661009,,R-1-10 SS,0,4.36,0.2540594663708895
Saratoga,,50365009,,R-M-4,0,20,0.05362016783212161
Saratoga,,50381028,,R-1-12,0,3.48,0.3497422032500159
Saratoga,,36605078,,HR,0,1,1.133428906574326
Saratoga,,39333043,,R-1-12,0,3.48,0.2828016068083545
Saratoga,,50322048,,R-1-10,0,4.36,0.18739416172024415
Saratoga,,50318064,,R-1-40,0,1.09,1.0358289343028215
Saratoga,,51710046,,R-1-15,0,2.9,0.33480361139459436
Saratoga,,50349051,,R-1-12,0,3.48,0.3386646188341464
Saratoga,,51006013,,R-1-40,0,1.09,1.0345429940392104
Saratoga,,38618017,,R-1-10 SS,0,4.36,0.23630903067195366
Saratoga,,36625003,,R-1-12,0,3.48,0.28959377507647227
Saratoga,,39339018,,R-1-10,0,4.36,0.28361679870746564
Saratoga,,38929003,,R-1-10,0,4.36,0.23107622331732477
Saratoga,,38623061,,R-1-10 SS,0,4.36,0.23094529434733982
Saratoga,,38640019,,R-1-12,0,3.48,0.28716506792189556
Saratoga,,38619015,,R-1-10 SS,0,4.36,0.2356868761595605
Saratoga,,38913052,,R-1-10,0,4.36,0.22811530814712705
Saratoga,,50353046,,R-1-20,0,2.18,0.5709669900757104
Saratoga,,38907013,,R-M-4,0,20,0.01644886989436339
Saratoga,,38917039,,R-1-10,0,4.36,0.23389738940057062
Saratoga,,38629065,,R-1-10,0,4.36,0.29598268067068817
Saratoga,,38904032,,R-1-12,0,3.48,0.29829681501061855
Saratoga,,38619039,,R-1-10 SS,0,4.36,0.39112622681418663
Saratoga,,39736018,,R-1-40,0,1.09,0.8795474725941169
Saratoga,,38633025,,R-1-10,0,4.36,0.2305338589487965
Saratoga,,40328086,,R-1-10,0,4.36,0.19862807913984454
Saratoga,,38921027,,R-1-10,0,4.36,0.2618721648508286
Saratoga,,39310019,,R-1-12,0,3.48,0.34034338158466787
Saratoga,,50355036,,R-1-40,0,1.09,1.463530124480308
Saratoga,,38945028,,MU-PD,0,20,0.15132911864161833
Saratoga,,51718069,,R-1-40,0,1.09,1.1818560551176531
Saratoga,,39718075,,R-1-40,0,1.09,1.3064953571949167
Saratoga,,39701025,,R-1-40,0,1.09,1.486281220362364
Saratoga,,51722129,,R-1-40,0,1.09,1.1602962885146957
Saratoga,,39334004,,R-1-10,0,4.36,0.3298088788086319
Saratoga,,36635002,,CV,0,20,0.03496856930563539
Saratoga,,38639001,,R-1-12,0,3.48,0.364565986291895
Saratoga,,38907045,,R-M-4,0,20,0.01856936001989718
Saratoga,,50381018,,R-1-12,0,3.48,0.36306416006068476
Saratoga,,50328074,,R-1-40,0,1.09,3.325773473658736
Saratoga,,50328103,,R-1-40,0,1.09,0.9888702498277159
Saratoga,,39341028,,R-1-12,0,3.48,0.29738037402542966
Saratoga,,39716089,,R-1-40 PC,0,1.09,0.23951720873136698
Saratoga,,50319126,,R-1-12,0,3.48,0.28456626772314836
Saratoga,,38908004,,R-M-3,0,20,0.020744244828539912
Saratoga,,38914077,,R-1-10,0,4.36,0.2608301098880543
Saratoga,,39329007,,R-1-10,0,4.36,0.2852212109976476
Saratoga,,39331022,,R-1-12,0,3.48,0.23770597993611126
Saratoga,,38641054,,R-1-12,0,3.48,0.30563200747608155
Saratoga,,39330006,,R-1-12,0,3.48,0.29212831176638143
Saratoga,,38639005,,R-1-12,0,3.48,0.3272024419490707
Saratoga,,38645030,,R-1-10,0,4.36,0.23744713185968508
Saratoga,,36632004,,HR,0,1,1.4873518083312591
Saratoga,,50353015,,R-1-40,0,1.09,1.2492804259233308
Saratoga,,39324007,,R-1-10,0,4.36,0.1379653658089084
Saratoga,,38652006,,R-1-10,0,4.36,0.23661277621615012
Saratoga,,36613019,,R-1-12,0,3.48,0.5035231276492311
Saratoga,,50310072,,HR,0,1,3.7066193018092513
Saratoga,,39708026,,R-1-40,0,1.09,1.498875722391311
Saratoga,,38917025,,R-1-10,0,4.36,0.2295909974785624
Saratoga,,38912016,,R-1-10,0,4.36,0.2304565372555159
Saratoga,,36636026,,CV,0,20,0.03555531523759789
Saratoga,,39342038,,R-1-10,0,4.36,0.1879531396201569
Saratoga,,39744005,,R-M-3,0,20,0.0530544584773466
Saratoga,,39728069,,R-1-10,0,4.36,0.20710395375453697
Saratoga,,38654005,,R-1-10,0,4.36,0.25621269582313744
Saratoga,,38630011,,R-1-10,0,4.36,0.23416844234562015
Saratoga,,51722112,,R-1-40,0,1.09,4.349677907524475
Saratoga,,51711058,,R-1-15,0,2.9,0.4496025980378254
Saratoga,,38617014,,R-1-10 SS,0,4.36,0.28295340253483053
Saratoga,,38627069,,R-1-10,0,4.36,0.27226070960919363
Saratoga,,38916024,,R-1-10,0,4.36,0.23379698186733658
Saratoga,,36636022,,CV,0,20,0.035396268191401375
Saratoga,,39312003,,R-1-10,0,4.36,0.23253125168521618
Saratoga,,39718013,,R-1-40,0,1.09,0.8790987163232958
Saratoga,,50329059,,R-1-40,0,1.09,0.910684086623738
Saratoga,,50328116,,R-1-40,0,1.09,0.26996782586121076
Saratoga,,38901011,,R-1-12,0,3.48,0.3041571431530572
Saratoga,,50377006,,R-1-12,0,3.48,0.3501273853710588
Saratoga,,39339013,,R-1-10,0,4.36,0.32358558321086084
Saratoga,,38934006,,R-1-15,0,2.9,0.47173129908551736
Saratoga,,50323030,,R-1-15,0,2.9,0.41612140165201134
Saratoga,,38626019,,R-1-12,0,3.48,0.28417086528879165
Saratoga,,38605063,,R-1-10,0,4.36,0.34219001108434804
Saratoga,,38929002,,R-1-10,0,4.36,0.2310057948199769
Saratoga,,38612057,,R-1-10,0,4.36,0.27902954280220316
Saratoga,,38613059,,R-1-10,0,4.36,0.28611563222251796
Saratoga,,51712022,,R-1-20,0,2.18,0.5366116257177137
Saratoga,,50382009,,R-1-12,0,3.48,0.3719521935347885
Saratoga,,51001038,,R-1-20,0,2.18,0.6806295601305602
Saratoga,,39744004,,R-M-3,0,20,0.05257615497145175
Saratoga,,39338019,,R-1-10,0,4.36,0.2924121074556393
Saratoga,,39720095,,R-1-40,0,1.09,1.1214449803982842
Saratoga,,50354034,,R-1-12,0,3.48,0.27343092388533
Saratoga,,50319141,,R-1-12,0,3.48,0.7568281564213736
Saratoga,,38944057,,MU-PD,0,20,0.12201039636816328
Saratoga,,39304014,,R-1-12,0,3.48,0.3086567591224763
Saratoga,,50318073,,R-1-12,0,3.48,0.29488711876057255
Saratoga,,38631043,,R-1-12,0,3.48,0.3637044890846188
Saratoga,,50349026,,R-1-12,0,3.48,0.3357357986869629
Saratoga,,39312006,,R-1-10,0,4.36,0.2562132750295182
Saratoga,,39337047,,R-1-10,0,4.36,0.24480476703417142
Saratoga,,51005038,,R-1-40,0,1.09,0.9519892531880091
Saratoga,,38618035,,R-1-10 SS,0,4.36,0.263527828647235
Saratoga,,38645021,,R-1-10,0,4.36,0.22678613520149546
Saratoga,,38645065,,R-1-10,0,4.36,0.2282356021340146
Saratoga,,39710005,,R-1-40,0,1.09,1.1201907621464915
Saratoga,,38640015,,R-1-12,0,3.48,0.2870056384156387
Saratoga,,38907046,,R-M-4,0,20,0.01758096481809457
Saratoga,,39302025,,R-1-12,0,3.48,0.35832134795324594
Saratoga,,38603019,,R-1-10,0,4.36,0.24281945554203366
Saratoga,,39345011,,R-1-20,0,2.18,1.1209511214222678
Saratoga,,39341003,,R-1-12,0,3.48,0.24401917793892694
Saratoga,,40327058,,R-1-10,0,4.36,0.19905278841623705
Saratoga,,39314031,,R-1-12,0,3.48,0.3116849320634395
Saratoga,,50318048,,R-1-12,0,3.48,0.3292212417435891
Saratoga,,38649013,,R-1-10,0,4.36,0.2952372061763275
Saratoga,,50321033,,R-1-12,0,3.48,0.34941135664462103
Saratoga,,36613012,,R-1-12,0,3.48,0.3367281459649999
Saratoga,,39711009,,R-1-40,0,1.09,1.2225764454895676
Saratoga,,38901001,,R-1-12,0,3.48,0.45096367263215487
Saratoga,,38643006,,R-1-12,0,3.48,0.34103225005707993
Saratoga,,39342055,,R-1-12,0,3.48,0.23004179404079758
Saratoga,,39336028,,R-1-20,0,2.18,0.45905985181121983
Saratoga,,50375012,,HR,0,1,1.2313016920649191
Saratoga,,38925014,,R-1-10,0,4.36,0.1977940821985493
Saratoga,,50331111,,HR,0,1,1.333513219529237
Saratoga,,39722027,,R-1-10,0,4.36,0.21793010065068985
Saratoga,,38902014,,R-1-12,0,3.48,0.22206216134775952
Saratoga,,38605090,,R-1-10,0,4.36,0.43572873591729794
Saratoga,,50319072,,R-1-12,0,3.48,0.41291739606239336
Saratoga,,38610007,,C-N(RHD),30,30,0.8738101435436761
Saratoga,,39318039,,R-1-12,0,3.48,0.2866090380007783
Saratoga,,38633092,,R-1-10,0,4.36,0.23321701320527807
Saratoga,,38654011,,R-1-10,0,4.36,0.2787286215549805
Saratoga,,38608034,,R-1-10,0,4.36,0.23431196263976037
Saratoga,,39702092,,R-1-40,0,1.09,0.9555002203329526
Saratoga,,39719027,,R-1-40,0,1.09,0.9237738109691943
Saratoga,,50319033,,R-1-40,0,1.09,1.2866203441083381
Saratoga,,36620020,,R-1-12,0,3.48,0.3189223142001522
Saratoga,,50355017,,R-1-40,0,1.09,1.2863452688341397
Saratoga,,38614026,,PA,0,20,1.3136354706603997
Saratoga,,39336005,,R-1-20,0,2.18,0.06489576342589273
Saratoga,,38913042,,R-1-10,0,4.36,0.25428692265614644
Saratoga,,51721030,,R-1-20,0,2.18,0.5505485655308098
Saratoga,,39727001,,CV,0,20,0.27994078358907043
Saratoga,,39306028,,R-1-12,0,3.48,0.3035623106125802
Saratoga,,39346003,,R-1-12,0,3.48,0.4005079596793131
Saratoga,,50381023,,R-1-12,0,3.48,0.24961259564487406
Saratoga,,50316020,,R-1-40,0,1.09,1.027437467457688
Saratoga,,51711059,,R-1-15,0,2.9,0.3878742540993295
Saratoga,,38651005,,R-1-12,0,3.48,0.3147179038064008
Saratoga,,39333057,,R-1-10,0,4.36,0.27885303359517905
Saratoga,,39716036,,R-1-20,0,2.18,0.6630934650461785
Saratoga,,38642032,,R-1-12,0,3.48,0.25125998578144787
Saratoga,,39725003,,R-1-10,0,4.36,0.22269749374588088
Saratoga,,50322033,,R-1-10,0,4.36,0.19955413232645502
Saratoga,,36650005,,HR,0,1,0.9720956440093833
Saratoga,,50326046,,R-1-10,0,4.36,0.5663277212560355
Saratoga,,36605025,,HR,0,1,0.5588682400475424
Saratoga,,38944019,,MU-PD,0,20,0.17050276406736925
Saratoga,,51720026,,R-1-20,0,2.18,0.45966642262331414
Saratoga,,39328033,,R-1-10,0,4.36,0.24537262023355363
Saratoga,,39305014,,R-1-12,0,3.48,0.29696194813823823
Saratoga,,39714018,,R-1-40,0,1.09,0.9801708243779146
Saratoga,,51024014,,HR,0,1,0.9732374485177526
Saratoga,,39719020,,R-1-40,0,1.09,0.9626776446977574
Saratoga,,50363067,,R-M-3,0,20,0.03255198853643737
Saratoga,,38647016,,R-1-12,0,3.48,0.29032893590846054
Saratoga,,39720065,,R-1-40,0,1.09,1.4935344721418982
Saratoga,,39345033,,R-1-10,0,4.36,0.23600186217467126
Saratoga,,38658034,,R-1-10,0,4.36,0.02817809331861289
Saratoga,,50349011,,R-1-12,0,3.48,0.29849491142990997
Saratoga,,38646013,,R-1-10,0,4.36,0.24107333718530177
Saratoga,,38917052,,R-1-10,0,4.36,0.24135110385860434
Saratoga,,39718058,,R-1-40,0,1.09,1.5889370001710215
Saratoga,,50323019,,R-1-15,0,2.9,0.33839221179327106
Saratoga,,38658036,,R-1-10,0,4.36,0.028666028239149516
Saratoga,,38629017,,R-1-12,0,3.48,0.2460627539754626
Saratoga,,39736028,,R-1-40,0,1.09,0.945629680795612
Saratoga,,39705096,,R-1-40,0,1.09,0.9844961254106778
Saratoga,,38634058,,R-1-12,0,3.48,0.2985468860172173
Saratoga,,38909012,,R-M-3,0,20,0.012560930291767119
Saratoga,,38629037,,R-1-12,0,3.48,0.33632949854882477
Saratoga,,38922017,,R-1-10,0,4.36,0.29216549576065476
Saratoga,,40328089,,R-1-10,0,4.36,0.19997455537417336
Saratoga,,50360012,,R-M-4,0,20,0.05299850607744206
Saratoga,,38937043,,R-1-10,0,4.36,0.2011663060533388
Saratoga,,39325031,,R-1-20,0,2.18,2.7101134963207048
Saratoga,,39309006,,R-1-12,0,3.48,0.3306474783030636
Saratoga,,38916039,,R-1-10,0,4.36,0.23100769001432328
Saratoga,,38661010,,R-1-10 SS,0,4.36,0.25529132742537075
Saratoga,,38629069,,R-1-12,0,3.48,0.23550281123901828
Saratoga,,38904004,,R-1-12,0,3.48,0.29413869846136864
Saratoga,,38941041,,R-1-10,0,4.36,0.45987438467130076
Saratoga,,39322054,,R-1-12,0,3.48,0.29208209494545323
Saratoga,,38654055,,R-1-10,0,4.36,0.22383946542961128
Saratoga,,38659010,,R-1-10,0,4.36,0.03412455705522485
Saratoga,,38938007,,R-1-10,0,4.36,0.21261708175233449
Saratoga,,39311017,,R-1-12,0,3.48,0.32539359674013574
Saratoga,,39743021,,R-1-10,0,4.36,0.22276582233123712
Saratoga,,38633081,,R-1-10,0,4.36,0.24010609483352446
Saratoga,,39339026,,R-1-10,0,4.36,0.28287560523373645
Saratoga,,38641002,,R-1-10,0,4.36,0.25382144254092437
Saratoga,,39704079,,R-1-40,0,1.09,0.9570673304173779
Saratoga,,50316022,,R-1-40,0,1.09,0.35457065270155763
Saratoga,,39344006,,R-1-10,0,4.36,0.27439754271181915
Saratoga,,51714023,,HR,0,1,1.1146078295603168
Saratoga,,39713032,,R-1-40,0,1.09,1.0357494044570317
Saratoga,,36622022,,CN,0,20,2.5487876090518458
Saratoga,,38649030,,R-1-12,0,3.48,0.36872813574492397
Saratoga,,38626045,,R-1-10,0,4.36,0.33166549324996353
Saratoga,,51711043,,R-1-15,0,2.9,0.3611258785517864
Saratoga,,38929014,,R-1-10,0,4.36,0.23323612386978088
Saratoga,,50376004,,CH-2,0,20,0.015671272124392798
Saratoga,,51718055,,R-1-40,0,1.09,2.3384377314760716
Saratoga,,50318094,,R-1-12,0,3.48,0.34039675384635565
Saratoga,,50313026,,HR,0,1,1.8462794575508354
Saratoga,,38656037,,CV,0,20,0.0436137654383406
Saratoga,,50328021,,R-1-40,0,1.09,0.32860079013929516
Saratoga,,39718027,,R-1-40,0,1.09,0.9879610522376833
Saratoga,,50320046,,R-1-12,0,3.48,0.2828093765808187
Saratoga,,38654025,,R-1-10,0,4.36,0.23325894302057254
Saratoga,,50322055,,R-1-10,0,4.36,0.2542033551113253
Saratoga,,38915001,,R-1-10,0,4.36,0.22971015835882858
Saratoga,,39725029,,R-1-10,0,4.36,0.23254548344117948
Saratoga,,50354020,,R-1-12,0,3.48,0.2993845965710703
Saratoga,,38921037,,R-1-10,0,4.36,0.22549171192456233
Saratoga,,39319052,,R-1-12,0,3.48,0.2868805944676592
Saratoga,,39313022,,R-1-12,0,3.48,0.22450319043761535
Saratoga,,50359001,,R-M-4,0,20,0.5931257122514825
Saratoga,,39717060,,R-1-40,0,1.09,1.0690726235253338
Saratoga,,38909041,,R-M-3,0,20,0.016979711533116663
Saratoga,,39707079,,R-1-40,0,1.09,0.8821792416306421
Saratoga,,38909057,,R-M-3,0,20,0.025189283122391406
Saratoga,,51707004,,R-1-40,0,1.09,1.0755726322873285
Saratoga,,39713063,,R-1-40,0,1.09,1.2356870060992848
Saratoga,,38935002,,R-1-20,0,2.18,0.5379854765940738
Saratoga,,40328083,,R-1-10,0,4.36,0.1972519227382998
Saratoga,,50324038,,CH-1,0,20,0.6516354507791328
Saratoga,,39327010,,R-1-10,0,4.36,0.23486931469871683
Saratoga,,50322029,,R-1-10,0,4.36,0.20535263782965785
Saratoga,,39318049,,R-1-12,0,3.48,0.3893026322327743
Saratoga,,36606039,,HR,0,1,1.0851258785216404
Saratoga,,38644029,,R-1-12,0,3.48,0.2838049563538558
Saratoga,,38637031,,R-1-10,0,4.36,0.2464172348133159
Saratoga,,38933016,,R-1-40,0,1.09,0.934919758424683
Saratoga,,39709023,,R-1-40,0,1.09,1.0053994769391943
Saratoga,,50369016,,HR,0,1,1.041672192556934
Saratoga,,39314003,,R-1-12,0,3.48,0.28201928299828727
Saratoga,,39319022,,R-1-12,0,3.48,0.3153739358944399
Saratoga,,38619093,,R-1-10 SS,0,4.36,0.23019375753826096
Saratoga,,38929024,,R-1-10,0,4.36,0.20480101196651102
Saratoga,,39313010,,R-1-10,0,4.36,0.2601479365389776
Saratoga,,39728055,,R-1-10,0,4.36,0.18044621467281197
Saratoga,,39346025,,R-1-12,0,3.48,0.3361843200155717
Saratoga,,38606004,,R-1-10,0,4.36,0.22682870108572512
Saratoga,,39720090,,R-1-40,0,1.09,1.056442510469355
Saratoga,,36649014,,HR,0,1,1.3964202463974593
Saratoga,,38657002,,CV,0,20,0.04290842805585376
Saratoga,,38627008,,R-1-10,0,4.36,0.26494906977472665
Saratoga,,38909051,,R-M-3,0,20,0.027931280984694485
Saratoga,,38930050,,R-1-10,0,4.36,0.24107159831897684
Saratoga,,38645009,,R-1-10,0,4.36,0.23472944816631577
Saratoga,,36656006,,CV,0,20,0.056625360045786784
Saratoga,,50316008,,R-1-40,0,1.09,1.2873098788707935
Saratoga,,40328003,,R-1-10,0,4.36,0.18661525238800206
Saratoga,,50322016,,R-1-10,0,4.36,0.19217786195229858
Saratoga,,38646015,,R-1-10,0,4.36,0.26737021095056124
Saratoga,,38618018,,R-1-10 SS,0,4.36,0.2358853111711785
Saratoga,,51008009,,R-1-40,0,1.09,0.36658415904629776
Saratoga,,50372036,,HR,0,1,2.9953213752138863
Saratoga,,38619092,,R-1-10 SS,0,4.36,0.4961200305502979
Saratoga,,38631008,,R-1-12,0,3.48,0.2925866002118154
Saratoga,,50353065,,R-1-40,0,1.09,0.9330715230382222
Saratoga,,50352013,,R-1-10,0,4.36,0.3020228857592945
Saratoga,,39313005,,R-1-10,0,4.36,0.2411931090441025
Saratoga,,38909053,,R-M-3,0,20,0.028130933927982438
Saratoga,,38910007,,R-M-3,0,20,0.7525312329836413
Saratoga,,50350025,,R-1-12,0,3.48,0.3051974577377711
Saratoga,,39340007,,R-1-10,0,4.36,0.35780910949904743
Saratoga,,50363110,,R-M-3,0,20,0.026577321315424198
Saratoga,,39315031,,R-1-12,0,3.48,0.3121184102684547
Saratoga,,50363084,,R-M-3,0,20,0.02059238583143432
Saratoga,,36605058,,HR,0,1,0.5008673541779773
Saratoga,,38641052,,R-1-12,0,3.48,0.26656538319370116
Saratoga,,38605053,,R-1-10,0,4.36,0.2595634724044309
Saratoga,,38913014,,R-1-10,0,4.36,0.2698128953394898
Saratoga,,36631001,,HR,0,1,0.39430789493441687
Saratoga,,38615019,,R-1-10 SS,0,4.36,0.25692432278400495
Saratoga,,38615027,,R-1-10 SS,0,4.36,0.22998296247766525
Saratoga,,39707111,,R-1-40,0,1.09,0.898237066706519
Saratoga,,38662001,,R-M-5,0,20,0.12397055825695762
Saratoga,,39705104,,R-1-40,0,1.09,1.5817278123247815
Saratoga,,50360010,,R-M-4,0,20,0.05298249673090793
Saratoga,,50350002,,R-1-12,0,3.48,0.34556218282961637
Saratoga,,38660007,,CV,0,20,0.016016172460624607
Saratoga,,38927006,,R-1-10,0,4.36,0.2135118408118569
Saratoga,,50363109,,R-M-3,0,20,0.026577321315424198
Saratoga,,50313101,,HR,0,1,1.0900628646078339
Saratoga,,36620034,,R-1-12,0,3.48,0.049503875874378996
Saratoga,,37825006,,R-1-15,0,2.9,0.6571428167911267
Saratoga,,38616026,,R-1-10 SS,0,4.36,0.3124962738048909
Saratoga,,50324047,,CH-1,0,20,0.0157135357645207
Saratoga,,40323002,,R-1-10,0,4.36,0.18732350874706225
Saratoga,,39711025,,R-1-40,0,1.09,1.1808529747499643
Saratoga,,39303016,,R-1-12,0,3.48,0.35294511614127716
Saratoga,,38661031,,R-1-10 SS,0,4.36,0.2752846372990083
Saratoga,,38909006,,R-M-3,0,20,0.020867209643807623
Saratoga,,39337039,,R-1-10,0,4.36,0.33989710190536887
Saratoga,,38616018,,R-1-10 SS,0,4.36,0.2532717512585898
Saratoga,,39305011,,R-1-12,0,3.48,0.41659986181677566
Saratoga,,39724041,,R-1-20,0,2.18,0.6133221808291525
Saratoga,,38638006,,R-1-12,0,3.48,0.27979221407687643
Saratoga,,50330015,,HR,0,1,0.5698756458844961
Saratoga,,38648006,,R-1-10 PC,0,4.36,0.16533812182638194
Saratoga,,38639031,,R-1-12,0,3.48,0.3202745284335441
Saratoga,,38928020,,R-1-12,0,3.48,0.3155752701323908
Saratoga,,39339023,,R-1-10,0,4.36,0.2992692672228118
Saratoga,,38914048,,R-1-10,0,4.36,0.23510762590788373
Saratoga,,39329006,,R-1-10,0,4.36,0.21994755105691002
Saratoga,,51713040,,R-1-40,0,1.09,0.9830882570102036
Saratoga,,38608051,,R-1-10,0,4.36,0.22727023164481092
Saratoga,,51714048,,R-1-40,0,1.09,1.8914441544165237
Saratoga,,50382018,,R-1-12,0,3.48,0.3160735199295286
Saratoga,,50317068,,R-1-12,0,3.48,0.33424415021676557
Saratoga,,38627016,,R-1-10,0,4.36,0.24728749707385098
Saratoga,,38620047,,R-1-10 SS,0,4.36,0.24130044286911473
Saratoga,,38605023,,R-1-10,0,4.36,0.21917688271784777
Saratoga,,51710031,,R-1-10,0,4.36,0.3565340996909978
Saratoga,,38654008,,R-1-10,0,4.36,0.37032871018765595
Saratoga,,38912010,,R-1-10,0,4.36,0.22957133007697333
Saratoga,,39725072,,R-1-12,0,3.48,0.3017462854140217
Saratoga,,51710018,,R-1-15,0,2.9,0.24724385713184563
Saratoga,,50355075,,R-1-40,0,1.09,2.419825914240449
Saratoga,,38921028,,R-1-10,0,4.36,0.22518715901132647
Saratoga,,37821008,,R-1-10,0,4.36,0.2294884518509836
Saratoga,,39727012,,R-1-10,0,4.36,0.35057282638468124
Saratoga,,38925023,,R-1-10,0,4.36,0.19384906271252741
Saratoga,,50381005,,R-1-40,0,1.09,0.9504384792088234
Saratoga,,39323005,,R-1-12,0,3.48,0.3233744460609296
Saratoga,,50322095,,R-1-10,0,4.36,0.29091648978501927
Saratoga,,51714031,,HR,0,1,4.980295572888303
Saratoga,,38943013,,R-1-20,0,2.18,0.45997367792668536
Saratoga,,38604029,,R-1-12,0,3.48,0.36810422958949807
Saratoga,,39303022,,R-1-12,0,3.48,0.32569646998969215
Saratoga,,39743018,,R-1-10,0,4.36,0.2315601269866477
Saratoga,,51718028,,R-1-40,0,1.09,1.4819727998645829
Saratoga,,38630049,,CV,0,20,0.06132141235258451
Saratoga,,38629071,,R-1-12,0,3.48,0.2928969440668591
Saratoga,,38935005,,R-1-20,0,2.18,0.5577842349122244
Saratoga,,50355056,,R-1-40,0,1.09,1.0202807057768313
Saratoga,,39302004,,PA,0,20,0.42075216133434684
Saratoga,,50323055,,R-1-15,0,2.9,0.47642132728755543
Saratoga,,38627020,,R-1-10,0,4.36,0.2279795969873945
Saratoga,,50328018,,R-1-40,0,1.09,0.48165730126034473
Saratoga,,39705074,,R-1-40,0,1.09,1.5877678049617823
Saratoga,,50378002,,HR,0,1,1.3542625060876532
Saratoga,,50326031,,R-1-10,0,4.36,0.07792805290341795
Saratoga,,39324013,,R-1-10,0,4.36,0.3239319087743918
Saratoga,,50363022,,R-M-3,0,20,0.026570487138888092
Saratoga,,38619086,,R-1-10 SS,0,4.36,0.24320007202294205
Saratoga,,38938033,,R-1-10,0,4.36,0.21627968977958645
Saratoga,,50358031,,R-1-12,0,3.48,0.2972844485682469
Saratoga,,50309008,,R-OS AP/OS,0,0.1,103.64615199359208
Saratoga,,39335002,,R-1-10,0,4.36,0.23042683640357173
Saratoga,,38907004,,R-M-4,0,20,0.019807806299821935
Saratoga,,38605034,,R-1-10,0,4.36,0.27185097568015415
Saratoga,,39316047,,R-1-12,0,3.48,0.41040527494805695
Saratoga,,38639006,,R-1-12,0,3.48,0.3872149567137841
Saratoga,,38631027,,R-1-12,0,3.48,0.2961789176320684
Saratoga,,38658009,,R-1-10,0,4.36,0.02475004716715493
Saratoga,,39727035,,R-M-3,0,20,0.07657908599844115
Saratoga,,38907056,,R-M-4,0,20,0.09993334815813243
Saratoga,,38927004,,R-1-10,0,4.36,0.34122615610849527
Saratoga,,39707008,,R-1-40,0,1.09,0.9843822352590357
Saratoga,,38938003,,R-1-10,0,4.36,0.20239495804019783
Saratoga,,41039014,,R-1-40,0,1.09,1.1828170859911498
Saratoga,,38937011,,R-1-10,0,4.36,0.19286577789032944
Saratoga,,50363007,,R-M-3,0,20,0.026568061928341224
Saratoga,,36605042,,HR,0,1,0.7045222855471882
Saratoga,,50325041,,CH-2,0,20,0.1725961754822649
Saratoga,,38652043,,R-1-10,0,4.36,0.27449305043242384
Saratoga,,50378024,,HR,0,1,0.35639034712690476
Saratoga,,39707086,,R-1-40,0,1.09,1.09585452144886
Saratoga,,50382005,,R-1-12,0,3.48,0.35190308894144295
Saratoga,,39703037,,R-1-40,0,1.09,0.8969104758355434
Saratoga,,39725085,,R-1-20,0,2.18,0.4436282783851103
Saratoga,,39309002,,R-1-12,0,3.48,0.3294264924463331
Saratoga,,38636012,,R-1-12,0,3.48,0.3125647951808918
Saratoga,,38648009,,R-1-10 PC,0,4.36,1.5466498684068728
Saratoga,,39324014,,R-1-12,0,3.48,0.31334782985254017
Saratoga,,51723020,,HR,0,1,2.6552809579111036
Saratoga,,39707039,,R-1-40,0,1.09,1.3521747849033212
Saratoga,,39335009,,R-1-10,0,4.36,0.2515797546896814
Saratoga,,38611024,,R-1-10,0,4.36,0.28503908674267736
Saratoga,,50328126,,R-1-40,0,1.09,1.1547896557909685
Saratoga,,38936007,,R-1-15,0,2.9,0.33133074927688266
Saratoga,,38606019,,R-1-10,0,4.36,0.21680348036343267
Saratoga,,38654020,,R-1-10,0,4.36,0.2656697138375343
Saratoga,,38915071,,R-1-10,0,4.36,0.22229624034575965
Saratoga,,38626033,,R-1-10,0,4.36,0.2551741936714903
Saratoga,,38937016,,R-1-10,0,4.36,0.19281164591678324
Saratoga,,39701014,,R-1-40,0,1.09,3.1164422226032302
Saratoga,,50330061,,HR,0,1,0.9846868135203612
Saratoga,,38917027,,R-1-10,0,4.36,0.22956760745864077
Saratoga,,38931008,,R-1-20,0,2.18,0.6007181028781848
Saratoga,,50318058,,R-1-12,0,3.48,0.29867752390247454
Saratoga,,39302011,,R-1-12,0,3.48,0.31917709854569715
Saratoga,,39320019,,R-1-12,0,3.48,0.3179472712244049
Saratoga,,39709029,,R-1-40,0,1.09,1.0188599590285694
Saratoga,,39718084,,R-1-40,0,1.09,0.9243970749812047
Saratoga,,39701057,,R-1-40,0,1.09,0.9513440200272905
Saratoga,,38938013,,R-1-10,0,4.36,0.20242009486847867
Saratoga,,39340025,,R-1-12,0,3.48,0.2845960510864826
Saratoga,,50382030,,R-1-40,0,1.09,0.8906143983426582
Saratoga,,39724098,,R-1-20,0,2.18,0.5384039387191615
Saratoga,,38653017,,None,0,0,4.284481247993289
Saratoga,,38905003,,R-1-12,0,3.48,0.28408090131346203
Saratoga,,50353032,,R-1-20,0,2.18,0.46501635269071956
Saratoga,,39722066,,PA,0,20,0.5465085779357042
Saratoga,,39311029,,R-1-12,0,3.48,0.33743807806853865
Saratoga,,50349047,,R-1-12,0,3.48,0.3247312226317206
Saratoga,,50352006,,R-1-10,0,4.36,0.2818193406131899
Saratoga,,38933025,,R-1-20,0,2.18,0.628774344306914
Saratoga,,38938056,,R-1-10,0,4.36,0.19335272595147396
Saratoga,,38945032,,MU-PD,0,20,0.18751056463132587
Saratoga,,38936008,,R-1-15,0,2.9,0.33516262246578393
Saratoga,,38642013,,R-1-12,0,3.48,0.4410286525180083
Saratoga,,51722042,,R-1-40,0,1.09,1.8198973098637987
Saratoga,,39720052,,R-1-20,0,2.18,0.5895028438278188
Saratoga,,51729013,,R-M-4,0,20,0.07257385100939812
Saratoga,,40328033,,R-1-10,0,4.36,0.18691151029380662
Saratoga,,38616012,,R-1-10 SS,0,4.36,0.25827889399488535
Saratoga,,39334005,,R-1-10,0,4.36,0.3298086699784057
Saratoga,,39731008,,PA,0,20,0.28097413317223746
Saratoga,,39728013,,R-1-10,0,4.36,0.18044296350789046
Saratoga,,50313131,,HR,0,1,1.004897802163673
Saratoga,,39319059,,R-1-12,0,3.48,0.30286557658824664
Saratoga,,50360014,,R-M-4,0,20,0.05300718684236426
Saratoga,,39739005,,R-M-3,0,20,0.0209158859662111
Saratoga,,38607012,,R-1-10,0,4.36,0.23203480938584575
Saratoga,,39705103,,R-1-40,0,1.09,1.1962809542886377
Saratoga,,39342024,,R-1-10,0,4.36,0.21544358756704224
Saratoga,,50313133,,HR,0,1,1.872231264286022
Saratoga,,50372038,,HR,0,1,2.398461558753701
Saratoga,,39316001,,R-1-12,0,3.48,0.32536438989310673
Saratoga,,50318088,,R-1-12,0,3.48,0.33735119648224166
Saratoga,,38627072,,R-1-10,0,4.36,0.28538996885998624
Saratoga,,50315079,,HR,0,1,4.6475613391313075
Saratoga,,39337051,,R-1-10,0,4.36,0.24602417275414903
Saratoga,,51711044,,R-1-15,0,2.9,0.3588773892121959
Saratoga,,50363036,,R-M-3,0,20,0.020593371700341496
Saratoga,,50361005,,R-M-4,0,20,0.03161127135112673
Saratoga,,38925020,,R-1-10,0,4.36,0.23264392142526777
Saratoga,,38627042,,R-1-10,0,4.36,0.2473189531331541
Saratoga,,38936010,,R-1-15,0,2.9,0.33322698109278404
Saratoga,,51714078,,HR,0,1,3.541073724181455
Saratoga,,38603028,,R-1-10,0,4.36,0.28001724914886106
Saratoga,,50316040,,R-1-40,0,1.09,0.40292763660181724
Saratoga,,39703003,,R-1-40,0,1.09,1.2580930882476749
Saratoga,,38629032,,R-1-12,0,3.48,0.355757465881703
Saratoga,,36636031,,CV,0,20,0.03543551316618345
Saratoga,,51710014,,CH-1,0,20,0.16821323683928674
Saratoga,,38652029,,R-1-10,0,4.36,0.26111083188990997
Saratoga,,38932011,,R-1-20,0,2.18,0.38981782091601613
Saratoga,,38652037,,R-1-10,0,4.36,0.24609100698052044
Saratoga,,50316030,,R-1-40,0,1.09,0.7563490471789002
Saratoga,,39722062,,R-1-10,0,4.36,0.20236460495999437
Saratoga,,38904039,,R-1-12,0,3.48,0.2973319858750422
Saratoga,,39309018,,R-1-12,0,3.48,0.2959308259149461
Saratoga,,39720057,,R-1-40,0,1.09,1.6682129928408735
Saratoga,,38640036,,R-1-12,0,3.48,0.38535528870956726
Saratoga,,39343004,,R-1-10,0,4.36,0.2759714568350968
Saratoga,,39314009,,R-1-12,0,3.48,0.43075318267135576
Saratoga,,38608070,,R-1-10,0,4.36,0.22559658399763896
Saratoga,,38914004,,R-1-10,0,4.36,0.22800235973479915
Saratoga,,39702037,,R-1-40,0,1.09,1.041128090893841
Saratoga,,50327041,,R-1-10,0,4.36,0.17251959602663847
Saratoga,,50353003,,R-1-40,0,1.09,1.0580921908040752
Saratoga,,38942013,,R-1-10,0,4.36,0.25046869093172713
Saratoga,,39706101,,R-1-40,0,1.09,0.919708138526618
Saratoga,,39311034,,R-1-12,0,3.48,0.2928450131318028
Saratoga,,38944013,,MU-PD,0,20,0.1652192852899258
Saratoga,,36605023,,HR,0,1,1.0032401998303013
Saratoga,,39717049,,R-1-40,0,1.09,0.9167885802663692
Saratoga,,36656023,,CV,0,20,0.051676938769234744
Saratoga,,38604025,,R-1-12,0,3.48,0.2992421898571426
Saratoga,,50318037,,R-1-12,0,3.48,0.3509266738849912
Saratoga,,50378031,,HR,0,1,1.6138839630982524
Saratoga,,38909055,,R-M-3,0,20,0.02754257272418514
Saratoga,,39743017,,R-1-10,0,4.36,0.6276367793049586
Saratoga,,39325021,,R-1-20,0,2.18,0.48149221498502265
Saratoga,,40324003,,R-1-10,0,4.36,0.11845850842511729
Saratoga,,39319037,,R-1-12,0,3.48,0.2947162025830743
Saratoga,,38927015,,R-1-10,0,4.36,0.1822037201665808
Saratoga,,38661037,,R-1-10 SS,0,4.36,0.28939610335964694
Saratoga,,39713016,,R-1-40,0,1.09,1.2739000241423464
Saratoga,,38927023,,R-1-10,0,4.36,0.18137240517057993
Saratoga,,50355058,,R-1-40,0,1.09,1.334079014391806
Saratoga,,39711026,,R-1-40,0,1.09,1.1723486356906356
Saratoga,,38627062,,R-1-10,0,4.36,0.30901650574724143
Saratoga,,39314036,,R-1-12,0,3.48,0.2919691118497276
Saratoga,,50349030,,R-1-10,0,4.36,0.24287496200393963
Saratoga,,38945050,,MU-PD,0,20,0.17080512767310363
Saratoga,,38616007,,R-1-10 SS,0,4.36,0.2409626706336499
Saratoga,,38611008,,R-1-10,0,4.36,0.24126905408244678
Saratoga,,38916007,,R-1-10,0,4.36,0.2420161100897381
Saratoga,,51710015,,R-1-10 PC,0,4.36,2.811430882025242
Saratoga,,36623006,,R-1-10,0,4.36,0.23564858396240884
Saratoga,,36635019,,CV,0,20,1.0497740428063904
Saratoga,,39327050,,R-1-10,0,4.36,0.23613728788388252
Saratoga,,38916030,,R-1-10,0,4.36,0.22821022410024083
Saratoga,,38619069,,R-1-10 SS,0,4.36,0.33656642074822346
Saratoga,,38627019,,R-1-10,0,4.36,0.2268717891920992
Saratoga,,50327109,,R-1-10,0,4.36,0.17274075664374028
Saratoga,,40327105,,R-1-10,0,4.36,0.20828723284176787
Saratoga,,39305020,,R-1-12,0,3.48,0.4202205845922694
Saratoga,,39709018,,R-1-40,0,1.09,1.0678402761706678
Saratoga,,39717071,,R-1-40,0,1.09,0.9166000501472124
Saratoga,,38918002,,R-1-10,0,4.36,0.24233333701829632
Saratoga,,38626016,,R-1-10,0,4.36,0.2541946769584312
Saratoga,,36613022,,R-1-12,0,3.48,0.2646297056423434
Saratoga,,40328081,,R-1-10,0,4.36,0.19928074018370132
Saratoga,,38925029,,R-1-10,0,4.36,0.3579230579205362
Saratoga,,40328090,,R-1-10,0,4.36,0.20044018799747848
Saratoga,,51709026,,R-M-3,0,20,0.18825250669944113
Saratoga,,39307005,,R-1-12,0,3.48,0.3327466780756251
Saratoga,,38901008,,R-1-12,0,3.48,0.5539893824877159
Saratoga,,38620042,,R-1-10 SS,0,4.36,0.28610002600747403
Saratoga,,51709042,,CH-1,0,20,0.27191562797296465
Saratoga,,38651035,,R-1-12,0,3.48,0.30427539758589656
Saratoga,,38631026,,R-1-12,0,3.48,0.29738027701813446
Saratoga,,51024023,,HR,0,1,1.1091408581481845
Saratoga,,38661035,,R-1-10 SS,0,4.36,0.26037769110752473
Saratoga,,50353051,,R-1-40,0,1.09,0.9804236282735361
Saratoga,,38915044,,R-1-10,0,4.36,0.2301147239205077
Saratoga,,39328012,,R-1-10,0,4.36,0.2419684343376728
Saratoga,,50309005,,HR,0,1,19.374052008747732
Saratoga,,50353044,,R-1-20,0,2.18,0.48660794852407085
Saratoga,,39738018,,R-M-3,0,20,0.026753651470337616
Saratoga,,38618008,,R-1-10 SS,0,4.36,0.22966318034873068
Saratoga,,50327062,,R-1-10,0,4.36,0.16826060072007368
Saratoga,,38930004,,R-1-15,0,2.9,0.3606347168734942
Saratoga,,39701071,,A AP/OS,0,1,12.138269384532745
Saratoga,,38913017,,R-1-10,0,4.36,0.24517914660808976
Saratoga,,40327006,,R-1-10,0,4.36,0.1868076402652318
Saratoga,,40327012,,R-1-10,0,4.36,0.18711495004728676
Saratoga,,38661007,,R-1-10 SS,0,4.36,0.2868977031052151
Saratoga,,39302020,,R-1-12,0,3.48,0.3687096204523947
Saratoga,,38608069,,R-1-10,0,4.36,0.22545675699887466
Saratoga,,38657012,,CV,0,20,0.054821243634556725
Saratoga,,39713034,,R-1-40,0,1.09,1.0350435114494545
Saratoga,,39718041,,R-1-40,0,1.09,1.087075969639113
Saratoga,,38631009,,R-1-12,0,3.48,0.2973486088140569
Saratoga,,39319018,,R-1-12,0,3.48,0.32551271927193465
Saratoga,,38617052,,R-1-10 SS,0,4.36,0.4765660021008357
Saratoga,,39743013,,R-1-10,0,4.36,0.23749579433157053
Saratoga,,39339020,,R-1-10,0,4.36,0.2920742397368847
Saratoga,,50320051,,R-1-40,0,1.09,1.114398613461196
Saratoga,,38607009,,R-1-10,0,4.36,0.22578406843071444
Saratoga,,39336021,,R-1-10,0,4.36,0.284479966092657
Saratoga,,39732020,,R-1-40,0,1.09,1.0525939882319157
Saratoga,,51736012,,R-1-40,0,1.09,13.389450668343423
Saratoga,,50331065,,HR,0,1,0.43973455720783117
Saratoga,,51711041,,R-1-15,0,2.9,0.36380678198118577
Saratoga,,51001008,,R-1-20,0,2.18,0.4362500285087505
Saratoga,,38915004,,R-1-10,0,4.36,0.22957755541518363
Saratoga,,38603033,,R-1-10,0,4.36,0.44998641975005543
Saratoga,,50317039,,R-1-15,0,2.9,0.4093420059518974
Saratoga,,50318054,,R-1-12,0,3.48,0.35289395464109957
Saratoga,,36622015,,R-1-10,0,4.36,0.24030695338717836
Saratoga,,50322004,,R-1-10,0,4.36,0.2127958971826715
Saratoga,,39729014,,R-1-12,0,3.48,0.2645601479125993
Saratoga,,39318021,,R-1-12,0,3.48,0.2341319942709419
Saratoga,,38653030,,R-1-10,0,4.36,0.07946055929752467
Saratoga,,39722035,,R-1-10,0,4.36,0.11894314927392877
Saratoga,,50319134,,R-1-12,0,3.48,0.32528305481947356
Saratoga,,39304017,,R-1-12,0,3.48,0.30797235394182204
Saratoga,,38607060,,R-1-10,0,4.36,0.22905735298673502
Saratoga,,50322003,,R-1-10,0,4.36,0.2108749800671175
Saratoga,,39705102,,R-1-40,0,1.09,0.8919879613548604
Saratoga,,51005037,,R-1-40,0,1.09,1.17844030024048
Saratoga,,39711004,,R-1-40,0,1.09,1.510945388998417
Saratoga,,51729026,,R-M-4,0,20,0.07369505576777888
Saratoga,,50316034,,R-1-40,0,1.09,1.0045282061356016
Saratoga,,38916029,,R-1-10,0,4.36,0.25695474843010035
Saratoga,,38946006,,R-1-10,0,4.36,0.30230958286233056
Saratoga,,40327087,,R-1-10,0,4.36,0.1919827266562582
Saratoga,,38630058,,CV,0,20,0.06897055955371754
Saratoga,,38636002,,R-1-12,0,3.48,0.3388149630644187
Saratoga,,39718018,,R-1-40,0,1.09,1.0060254179419217
Saratoga,,39307016,,R-1-12,0,3.48,0.2994770719030189
Saratoga,,38918012,,R-1-10,0,4.36,0.24411115222430319
Saratoga,,50363029,,R-M-3,0,20,0.03255823139458657
Saratoga,,39339029,,R-1-10,0,4.36,0.28904244189458655
Saratoga,,38931027,,R-1-20,0,2.18,0.48008637643777397
Saratoga,,51722078,,R-1-40,0,1.09,1.4352819289279335
Saratoga,,39733008,,R-M-3,0,20,0.06447541146348688
Saratoga,,39312004,,R-1-10,0,4.36,0.252225666582204
Saratoga,,39343008,,R-1-10,0,4.36,0.2788611549502672
Saratoga,,38605070,,R-1-10,0,4.36,0.2872703023745374
Saratoga,,38616044,,R-1-10 SS,0,4.36,0.2689767606517566
Saratoga,,39322019,,R-1-12,0,3.48,0.39311196349620425
Saratoga,,39741012,,R-1-20,0,2.18,0.527547555849064
Saratoga,,39344004,,R-1-10,0,4.36,0.2724970957223796
Saratoga,,38929005,,R-1-10,0,4.36,0.22657782923743727
Saratoga,,38912019,,CN,0,20,6.296001938848024
Saratoga,,38627033,,R-1-10,0,4.36,0.24141048558466938
Saratoga,,39308022,,R-1-12,0,3.48,0.4454706579880851
Saratoga,,50320043,,R-1-12,0,3.48,0.3112882487137098
Saratoga,,39720103,,R-1-20,0,2.18,0.5475586185706167
Saratoga,,38626046,,R-1-10,0,4.36,0.3133603647301882
Saratoga,,36635017,,CV,0,20,0.033580280968694975
Saratoga,,36627008,,R-1-12,0,3.48,0.3833289611306152
Saratoga,,39344020,,R-1-10,0,4.36,0.24249447508628208
Saratoga,,38643027,,R-1-12,0,3.48,0.29810000868420217
Saratoga,,51711033,,R-1-15,0,2.9,0.3719361067343452
Saratoga,,37825019,,R-1-15,0,2.9,0.33008337147829575
Saratoga,,38635052,,R-1-10,0,4.36,0.25545011511569315
Saratoga,,38908022,,R-M-3,0,20,0.026497283643657693
Saratoga,,39319068,,R-1-12,0,3.48,0.28386227044634804
Saratoga,,38916045,,R-1-10,0,4.36,0.2269211000991827
Saratoga,,39342056,,R-1-12,0,3.48,0.25625402958530674
Saratoga,,39302028,,R-1-12,0,3.48,0.3310293795921724
Saratoga,,50354006,,R-1-12,0,3.48,0.37538359280162886
Saratoga,,36613049,,R-1-12,0,3.48,0.22617599365674063
Saratoga,,38628036,,R-1-10,0,4.36,0.22869383550870998
Saratoga,,38907047,,R-M-4,0,20,0.018323589100514556
Saratoga,,38654023,,R-1-10,0,4.36,0.22300486262690605
Saratoga,,38608003,,R-1-10,0,4.36,0.22354221815859013
Saratoga,,39332035,,R-1-12,0,3.48,0.30298944621938306
Saratoga,,39723038,,R-1-20,0,2.18,0.42255054567825967
Saratoga,,50318075,,R-1-12,0,3.48,0.2842551832812643
Saratoga,,38654048,,R-1-10,0,4.36,0.2474791757916346
Saratoga,,39304028,,R-1-12,0,3.48,0.2950529083564987
Saratoga,,38633036,,R-1-10,0,4.36,0.22973285147209435
Saratoga,,39302021,,R-1-12,0,3.48,0.3627346726410784
Saratoga,,36630015,,R-1-10,0,4.36,0.22690471565522746
Saratoga,,38915046,,R-1-10,0,4.36,0.2299497890326537
Saratoga,,38915035,,R-1-10,0,4.36,0.22955655940335715
Saratoga,,38642014,,R-1-12,0,3.48,0.38812147297084015
Saratoga,,38619065,,R-1-10 SS,0,4.36,0.30694505692013463
Saratoga,,38930021,,R-1-10,0,4.36,0.22128337100115078
Saratoga,,38921025,,R-1-10,0,4.36,0.24582578010596057
Saratoga,,50320098,,R-1-12,0,3.48,0.2958915450964934
Saratoga,,39715017,,R-1-20,0,2.18,0.13343622706693578
Saratoga,,51722120,,R-1-20,0,2.18,0.9203996325910779
Saratoga,,39303003,,R-1-12,0,3.48,0.30138121268030704
Saratoga,,50329122,,R-1-40,0,1.09,0.8938018814632589
Saratoga,,51006067,,R-1-40,0,1.09,2.022464520729087
Saratoga,,38651029,,R-1-12,0,3.48,0.3275773595813161
Saratoga,,38914049,,R-1-10,0,4.36,0.2550935502969898
Saratoga,,38631050,,R-1-12,0,3.48,0.242532396564639
Saratoga,,39302037,,R-1-12,0,3.48,0.4366917204789295
Saratoga,,51722020,,R-1-40,0,1.09,1.301076580235841
Saratoga,,50366002,,HR,0,1,0.9936523702439555
Saratoga,,38623050,,R-1-10 SS,0,4.36,0.28430873380917676
Saratoga,,38619076,,R-1-10 SS,0,4.36,0.27384361686317954
Saratoga,,39309024,,R-1-12,0,3.48,0.38954193393419634
Saratoga,,38620014,,R-1-10 SS,0,4.36,0.30692901528119787
Saratoga,,39740018,,R-1-40,0,1.09,0.9448733430711925
Saratoga,,39332036,,R-1-12,0,3.48,0.31352851550725047
Saratoga,,39724084,,R-1-20,0,2.18,1.410822923973301
Saratoga,,36627010,,R-1-12,0,3.48,0.2933568523567508
Saratoga,,38613014,,R-1-10,0,4.36,0.2388617387757036
Saratoga,,39744001,,R-M-3,0,20,0.06762006030555463
Saratoga,,40322007,,R-1-10,0,4.36,0.24697284844825237
Saratoga,,38928017,,R-1-12,0,3.48,0.29528089294740945
Saratoga,,39719021,,R-1-40,0,1.09,1.0097197094085866
Saratoga,,36613021,,R-1-12,0,3.48,0.26528679393950916
Saratoga,,39306010,,R-1-12,0,3.48,0.29641388248157824
Saratoga,,39725032,,R-1-10,0,4.36,0.30215018838978025
Saratoga,,50327004,,R-1-10,0,4.36,0.2574519902823044
Saratoga,,39703095,,R-1-40,0,1.09,1.0104607196884348
Saratoga,,38918034,,R-1-10,0,4.36,0.29582322040260034
Saratoga,,39337026,,R-1-10,0,4.36,0.3142393124743231
Saratoga,,50349018,,R-1-12,0,3.48,0.3341072049901578
Saratoga,,36650001,,HR,0,1,0.9280561381497744
Saratoga,,40323048,,R-1-10,0,4.36,0.19260342664748423
Saratoga,,38605086,,R-1-10,0,4.36,0.2580377297565483
Saratoga,,38637033,,R-1-10,0,4.36,0.2730612490958275
Saratoga,,38945033,,MU-PD,0,20,0.1927785532214829
Saratoga,,50320009,,R-1-12,0,3.48,0.27959020652946254
Saratoga,,39724022,,R-1-20,0,2.18,0.25303522605509865
Saratoga,,39712019,,R-1-40,0,1.09,25.030473405237757
Saratoga,,36627014,,R-1-12,0,3.48,0.286986093229862
Saratoga,,50314035,,HR,0,1,1.2436606219705872
Saratoga,,38643013,,R-1-12,0,3.48,0.3339228588971945
Saratoga,,50329036,,R-1-40,0,1.09,1.0910328351389762
Saratoga,,38924036,,R-1-10,0,4.36,0.25167525425903325
Saratoga,,38921004,,R-1-10,0,4.36,0.29087889450396903
Saratoga,,38637051,,R-1-12,0,3.48,0.30932943911910654
Saratoga,,39318006,,R-1-12,0,3.48,0.23758512645849128
Saratoga,,39701043,,R-1-40,0,1.09,0.9264274255232019
Saratoga,,39701062,,R-1-40,0,1.09,0.9126594832267794
Saratoga,,39713039,,R-1-40,0,1.09,1.7490493667100957
Saratoga,,50330032,,HR,0,1,1.6268257785437203
Saratoga,,38904005,,R-1-12,0,3.48,0.28450653289205613
Saratoga,,50355028,,R-1-40,0,1.09,1.0697271175479939
Saratoga,,38909029,,R-M-3,0,20,0.01647650542630699
Saratoga,,38606025,,R-1-10,0,4.36,0.26143701259942453
Saratoga,,38930023,,R-1-10,0,4.36,0.3340847567728693
Saratoga,,38907051,,R-M-4,0,20,0.021640657367225688
Saratoga,,38604020,,R-1-12,0,3.48,0.2990511572764442
Saratoga,,51024039,,HR,0,1,0.1421089045599009
Saratoga,,38630044,,CV,0,20,0.06132230817194257
Saratoga,,51708002,,R-M-3,0,20,0.1262715718959991
Saratoga,,51734006,,R-M-3,0,20,0.027625323104506893
Saratoga,,38925049,,R-1-10,0,4.36,0.6681958619475663
Saratoga,,38653037,,CN,0,20,0.11968150472614952
Saratoga,,38927022,,R-1-10,0,4.36,0.18309241502368023
Saratoga,,39727008,,R-1-10,0,4.36,0.23269150836563007
Saratoga,,51711074,,R-1-20,0,2.18,0.473010006716705
Saratoga,,39304029,,R-1-12,0,3.48,0.3232985528200337
Saratoga,,38608009,,R-1-10,0,4.36,0.23653013866992978
Saratoga,,50324073,,CH-1,0,20,0.06087631406897044
Saratoga,,38641060,,R-1-12,0,3.48,0.2903815484344379
Saratoga,,39341015,,R-1-12,0,3.48,0.25404823592958375
Saratoga,,38908007,,R-M-3,0,20,0.025208564452442076
Saratoga,,39304021,,R-1-12,0,3.48,0.35488126687445326
Saratoga,,39309011,,R-1-12,0,3.48,0.3261351348069496
Saratoga,,38619073,,R-1-10 SS,0,4.36,0.2713447673391359
Saratoga,,51719067,,R-1-20,0,2.18,0.6087960468890724
Saratoga,,50328122,,HR,0,1,1.5341331514120333
Saratoga,,39318013,,R-1-12,0,3.48,0.39424481415566964
Saratoga,,50322023,,R-1-10,0,4.36,0.17599592569680297
Saratoga,,38921043,,R-1-10,0,4.36,0.2825787350931895
Saratoga,,40327017,,R-1-10,0,4.36,0.18734754450509963
Saratoga,,50366004,,HR,0,1,0.2891672433027748
Saratoga,,36648002,,HR,0,1,1.3488145841763104
Saratoga,,38607063,,R-1-10,0,4.36,0.25343133696289294
Saratoga,,38653040,,CN,0,20,0.09198581557159866
Saratoga,,39720099,,R-1-40,0,1.09,1.3509318187421575
Saratoga,,39301018,,R-1-12,0,3.48,0.31224674075030734
Saratoga,,36656016,,CV,0,20,0.05614742883157589
Saratoga,,39716103,,R-1-40 PC,0,1.09,0.7961255442308158
Saratoga,,38924018,,R-1-10,0,4.36,0.406151646270997
Saratoga,,39743028,,R-1-10,0,4.36,0.2392637255383652
Saratoga,,38605017,,R-1-10,0,4.36,0.24670210735423595
Saratoga,,50330003,,HR,0,1,0.472838297045781
Saratoga,,39708081,,R-1-40,0,1.09,1.5607140290899055
Saratoga,,39306022,,R-1-12,0,3.48,0.3063266402504856
Saratoga,,38926027,,R-1-10,0,4.36,0.2498993390288896
Saratoga,,36636006,,CV,0,20,0.03600724531462823
Saratoga,,38627060,,R-1-10,0,4.36,0.2871105484988383
Saratoga,,38642002,,R-1-12,0,3.48,0.23581352304296488
Saratoga,,38606017,,R-1-10,0,4.36,0.22059764299327458
Saratoga,,39718101,,R-1-40,0,1.09,0.9405181247363853
Saratoga,,38646003,,R-1-10,0,4.36,0.23642335851479382
Saratoga,,38933007,,R-1-20,0,2.18,0.5770749701442154
Saratoga,,40328060,,R-1-10,0,4.36,0.17896963628215454
Saratoga,,39708021,,R-1-40,0,1.09,1.0856221515417521
Saratoga,,39703019,,R-1-40,0,1.09,1.0327335162822648
Saratoga,,38607058,,R-1-10,0,4.36,0.22821095139302075
Saratoga,,50312028,,HR,0,1,1.798297145252335
Saratoga,,39337021,,R-1-10,0,4.36,0.29121341705389014
Saratoga,,39709014,,R-1-40,0,1.09,1.0001499006407957
Saratoga,,39722050,,R-1-10,0,4.36,0.5879361657473292
Saratoga,,38652038,,R-1-10,0,4.36,0.2376566464208801
Saratoga,,39333029,,R-1-12,0,3.48,0.29643420362959855
Saratoga,,38645046,,R-1-10,0,4.36,0.23074805030782755
Saratoga,,40327075,,R-1-10,0,4.36,0.19204760504273902
Saratoga,,39723014,,R-1-10,0,4.36,0.16467422165547488
Saratoga,,38640025,,R-1-12,0,3.48,0.36050010357339995
Saratoga,,38608065,,R-1-10,0,4.36,0.22473921377523842
Saratoga,,51718029,,R-1-40,0,1.09,1.1770225480225802
Saratoga,,36636008,,CV,0,20,0.043621663611299946
Saratoga,,38901013,,R-1-12,0,3.48,0.3827364721182405
Saratoga,,39702070,,R-1-40,0,1.09,0.5749940263900369
Saratoga,,50316019,,R-1-40,0,1.09,0.9888066182768919
Saratoga,,50323046,,R-1-15,0,2.9,0.4143700266157898
Saratoga,,38934022,,R-1-20,0,2.18,0.5325005604719366
Saratoga,,38915031,,R-1-10,0,4.36,0.3471838252750115
Saratoga,,50316027,,R-1-40,0,1.09,0.9901278859897005
Saratoga,,50322043,,R-1-10,0,4.36,0.18739863728221398
Saratoga,,38658022,,R-1-10,0,4.36,0.030250091971211143
Saratoga,,39728063,,R-1-12,0,3.48,0.747309177976146
Saratoga,,39347002,,CN,0,20,0.05257444840098138
Saratoga,,39338006,,R-1-10,0,4.36,0.28591410558114755
Saratoga,,50382029,,R-1-40,0,1.09,1.0077775884443778
Saratoga,,39303017,,R-1-12,0,3.48,0.2869919412787742
Saratoga,,37824049,,R-1-10,0,4.36,0.22405126629099079
Saratoga,,50329078,,R-1-40,0,1.09,1.0487597588144908
Saratoga,,50314045,,HR,0,1,7.978034791861361
Saratoga,,39722037,,R-1-10,0,4.36,0.14371043559989527
Saratoga,,38637039,,R-1-10,0,4.36,0.30602047482868616
Saratoga,,38613032,,R-1-10,0,4.36,0.2773023789980657
Saratoga,,50318052,,R-1-12,0,3.48,0.31732767214198626
Saratoga,,50365010,,R-M-4,0,20,0.05362163572516725
Saratoga,,39725041,,R-1-20,0,2.18,0.13552803208644276
Saratoga,,50362003,,HR,0,1,1.1340611183281875
Saratoga,,51712036,,R-1-40,0,1.09,10.369097042278915
Saratoga,,38635053,,R-1-10,0,4.36,0.36759295702974615
Saratoga,,38905004,,R-1-12,0,3.48,0.27861890866561967
Saratoga,,36620018,,R-1-12,0,3.48,0.29732198873192583
Saratoga,,38627070,,R-1-10,0,4.36,0.32365527227544266
Saratoga,,39334006,,R-1-10,0,4.36,0.35988949578836543
Saratoga,,38615030,,R-1-10 SS,0,4.36,0.2927097069538149
Saratoga,,50327011,,R-1-10,0,4.36,0.17635899293705393
Saratoga,,38609028,,R-1-10,0,4.36,0.23512287862067538
Saratoga,,39322060,,R-1-12,0,3.48,0.30378261485937197
Saratoga,,50359004,,R-M-4,0,20,0.05533617404304565
Saratoga,,38608041,,R-1-10,0,4.36,0.23057395748743925
Saratoga,,39708038,,R-1-40,0,1.09,2.2625287303513213
Saratoga,,39336027,,R-1-20,0,2.18,0.46178706154409416
Saratoga,,39734001,,R-1-20,0,2.18,0.46781270096808064
Saratoga,,50319074,,R-1-12,0,3.48,0.5881781823473001
Saratoga,,39322001,,R-1-12,0,3.48,0.3052113834489931
Saratoga,,38636030,,R-1-12,0,3.48,0.2968581618234445
Saratoga,,36643011,,HR,0,1,1.097477287940641
Saratoga,,50328094,,R-1-40,0,1.09,1.0565970279564219
Saratoga,,39316039,,R-1-12,0,3.48,0.28311105344975357
Saratoga,,38637017,,R-1-10,0,4.36,0.26171989440354565
Saratoga,,38651023,,R-1-12,0,3.48,0.2979089950781497
Saratoga,,39315010,,R-1-12,0,3.48,0.35254115240555695
Saratoga,,50328093,,R-1-40,0,1.09,0.5476318137528939
Saratoga,,51710035,,R-1-10,0,4.36,0.6576612543680991
Saratoga,,51712021,,R-1-20,0,2.18,0.45937625289051853
Saratoga,,39311018,,R-1-12,0,3.48,0.3389890842462855
Saratoga,,51707017,,R-1-10,0,4.36,0.21788827402806252
Saratoga,,36636033,,CV,0,20,0.03585555094131605
Saratoga,,39320045,,R-1-12,0,3.48,0.3304604662160631
Saratoga,,51003014,,R-1-40,0,1.09,0.9301709486849675
Saratoga,,38618006,,R-1-10 SS,0,4.36,0.22964934448157318
Saratoga,,36627001,,R-1-12,0,3.48,0.49028653649208076
Saratoga,,38936012,,R-1-15,0,2.9,0.3498363863169692
Saratoga,,38628027,,R-1-10,0,4.36,0.2406800341946628
Saratoga,,39333053,,R-1-10,0,4.36,0.32164592107523016
Saratoga,,38633006,,R-1-10,0,4.36,0.22378477433420532
Saratoga,,38938045,,R-1-10,0,4.36,0.19229755249859173
Saratoga,,39322039,,R-1-12,0,3.48,0.30851090961022387
Saratoga,,38907008,,R-M-4,0,20,0.016599960862589056
Saratoga,,38945041,,MU-PD,0,20,0.16981874384387033
Saratoga,,36656020,,CV,0,20,0.06987544594023169
Saratoga,,39722015,,PA,0,20,0.1542189503634648
Saratoga,,38924045,,R-1-10,0,4.36,0.3103337316414821
Saratoga,,39327021,,R-1-10,0,4.36,0.266070402082934
Saratoga,,39320036,,R-1-12,0,3.48,0.29201832231085234
Saratoga,,38907037,,R-M-4,0,20,0.0223373352499487
Saratoga,,51718024,,R-1-40,0,1.09,0.9995215790218615
Saratoga,,38661006,,R-1-10 SS,0,4.36,0.2807877391627358
Saratoga,,38612065,,R-1-10,0,4.36,0.24156255241539554
Saratoga,,38616027,,R-1-10 SS,0,4.36,0.39686740488458655
Saratoga,,40327103,,R-1-10,0,4.36,0.2003891417913866
Saratoga,,38607043,,R-1-10,0,4.36,0.22677848144939394
Saratoga,,39723017,,R-1-10,0,4.36,0.3266175904836619
Saratoga,,36605043,,HR,0,1,0.7605990852210048
Saratoga,,39304010,,R-1-12,0,3.48,0.3134950301321002
Saratoga,,50326013,,R-1-10,0,4.36,0.17264388362332916
Saratoga,,39716031,,R-1-20,0,2.18,0.4751538021583246
Saratoga,,50314009,,HR,0,1,1.0483313677722164
Saratoga,,50317047,,R-1-15,0,2.9,0.33750325138838844
Saratoga,,38628001,,R-1-10,0,4.36,8.815910522044796
Saratoga,,38931018,,R-1-20,0,2.18,0.4751862584076139
Saratoga,,39713013,,R-1-40,0,1.09,1.2118908260688825
Saratoga,,36623027,,R-1-10,0,4.36,0.26377593385072534
Saratoga,,39343038,,R-1-10,0,4.36,0.2296358249901445
Saratoga,,38649027,,R-1-12,0,3.48,0.330303887295159
Saratoga,,39731005,,R-M-3,0,20,0.1552680012907051
Saratoga,,38660006,,CV,0,20,0.019493660338225152
Saratoga,,38913003,,R-1-10,0,4.36,0.2606581594686413
Saratoga,,38930022,,R-1-10,0,4.36,0.2496188857443206
Saratoga,,39315019,,R-1-12,0,3.48,0.2928553707293107
Saratoga,,39315032,,R-1-12,0,3.48,0.34535583408962695
Saratoga,,39733001,,R-M-3,0,20,0.06735021127606361
Saratoga,,40327035,,R-1-10,0,4.36,0.19156040880624178
Saratoga,,38924041,,R-1-10,0,4.36,0.2431056993076139
Saratoga,,38925037,,R-1-10,0,4.36,0.19228963011348138
Saratoga,,38610004,,C-N(RHD),30,30,0.8679619219979656
Saratoga,,40327041,,R-1-10,0,4.36,0.21096026969174184
Saratoga,,38940014,,R-1-15,0,2.9,0.38745189904720617
Saratoga,,38907049,,R-M-4,0,20,0.0224220675391586
Saratoga,,39335014,,R-1-10,0,4.36,0.3020628209377072
Saratoga,,39705100,,R-1-40,0,1.09,0.9566353366800416
Saratoga,,39319021,,R-1-12,0,3.48,0.336628670054392
Saratoga,,51720020,,R-1-40,0,1.09,0.5005409070459608
Saratoga,,51006018,,R-1-40,0,1.09,1.1111511978235917
Saratoga,,39332022,,R-1-12,0,3.48,0.2838205959278031
Saratoga,,38654027,,R-1-10,0,4.36,0.23324449170778702
Saratoga,,50321030,,R-1-12,0,3.48,0.41794185185098354
Saratoga,,38924031,,R-1-10,0,4.36,0.2938172882307417
Saratoga,,39703015,,R-1-40,0,1.09,1.214709013446192
Saratoga,,38913054,,R-1-10,0,4.36,0.23063807759613536
Saratoga,,38937032,,R-1-10,0,4.36,0.2508073710571098
Saratoga,,38629059,,R-1-12,0,3.48,0.46440409984715714
Saratoga,,38926036,,R-1-10,0,4.36,0.1854083310385705
Saratoga,,39305005,,R-1-12,0,3.48,0.342244260177852
Saratoga,,38626043,,R-1-10,0,4.36,0.22785356163370443
Saratoga,,38635071,,R-1-10 PC,0,4.36,1.0055394311136743
Saratoga,,38634003,,R-1-12,0,3.48,0.23660276019778628
Saratoga,,38938012,,R-1-10,0,4.36,0.20171882270514901
Saratoga,,38928016,,R-1-12,0,3.48,0.3010154973073186
Saratoga,,38615018,,R-1-10 SS,0,4.36,0.2841579281519037
Saratoga,,38933003,,R-1-20,0,2.18,0.5369412620520396
Saratoga,,39329004,,R-1-10,0,4.36,0.22862547057109925
Saratoga,,38914081,,R-1-10,0,4.36,0.27758227518462525
Saratoga,,40323046,,R-1-10,0,4.36,0.20476582865481222
Saratoga,,38928024,,R-1-12,0,3.48,0.32673076872204204
Saratoga,,38921015,,R-1-10,0,4.36,0.21375701679632253
Saratoga,,38643016,,R-1-12,0,3.48,0.29704151889082986
Saratoga,,38631042,,R-1-12,0,3.48,0.28899767893119876
Saratoga,,39723006,,R-1-10,0,4.36,0.303644299771685
Saratoga,,38611039,,R-1-10,0,4.36,0.23875623603479493
Saratoga,,38926054,,R-1-10,0,4.36,0.32952825945033665
Saratoga,,38946002,,R-1-10,0,4.36,0.23614683655219496
Saratoga,,36620022,,R-1-12,0,3.48,0.4424120190840673
Saratoga,,39308014,,R-1-12,0,3.48,0.31166755184648803
Saratoga,,51723021,,HR,0,1,1.9538285619411386
Saratoga,,38632009,,R-1-12,0,3.48,0.2831428650251407
Saratoga,,40327010,,R-1-10,0,4.36,0.18701272529506668
Saratoga,,38626024,,R-1-12,0,3.48,0.26841929706591977
Saratoga,,38606016,,R-1-10,0,4.36,0.22237555490446914
Saratoga,,39741007,,R-1-20,0,2.18,0.49365214641888533
Saratoga,,51024012,,HR,0,1,0.8926692248977834
Saratoga,,38927021,,R-1-10,0,4.36,0.18062070448509193
Saratoga,,38641037,,R-1-10,0,4.36,0.2675296986094435
Saratoga,,38905021,,R-1-12,0,3.48,0.32370122922796635
Saratoga,,38652044,,R-1-10,0,4.36,0.27079218776365055
Saratoga,,38619044,,R-1-10 SS,0,4.36,0.3957735735097572
Saratoga,,38654037,,R-1-10,0,4.36,0.32023920382192916
Saratoga,,36613075,,R-1-12,0,3.48,0.5653419566848131
Saratoga,,40328074,,R-1-10,0,4.36,0.18908560396084656
Saratoga,,39740028,,R-1-40,0,1.09,1.0889964300971169
Saratoga,,51001027,,R-1-20,0,2.18,0.5524810060237907
Saratoga,,38631059,,R-1-12,0,3.48,0.2921904968318916
Saratoga,,40327021,,R-1-10,0,4.36,0.19740484071735218
Saratoga,,39722067,,PA,0,20,0.38055816682716015
Saratoga,,38623044,,R-1-10 SS,0,4.36,0.4489639012771957
Saratoga,,39716015,,R-1-20,0,2.18,0.44191701733261546
Saratoga,,38936031,,R-1-10,0,4.36,0.3292248307107364
Saratoga,,51720016,,R-1-40,0,1.09,0.963977028045002
Saratoga,,38613049,,R-1-10,0,4.36,0.27307227438610115
Saratoga,,38915025,,R-1-10,0,4.36,0.23188998494496774
Saratoga,,38902011,,R-1-12,0,3.48,0.3993268903008779
Saratoga,,50330054,,HR,0,1,1.779483327783569
Saratoga,,38934013,,R-1-20,0,2.18,0.4656159387655616
Saratoga,,39728012,,R-1-10,0,4.36,0.1860367712497144
Saratoga,,50324058,,CH-1,0,20,0.24822549852485737
Saratoga,,39327013,,R-1-10,0,4.36,0.23920913432698696
Saratoga,,50380007,,HR,0,1,3.477724740928913
Saratoga,,39314017,,R-1-12,0,3.48,0.32704316612133666
Saratoga,,38941046,,R-1-15,0,2.9,0.5770664980520309
Saratoga,,38657003,,CV,0,20,0.047729463387100525
Saratoga,,38605009,,R-1-10,0,4.36,0.23473718198134447
Saratoga,,38605004,,R-1-10,0,4.36,0.25027004226678445
Saratoga,,36628012,,R-1-12,0,3.48,0.797086461488965
Saratoga,,36620033,,R-1-12,0,3.48,2.2362740673530146
Saratoga,,38638001,,R-1-12,0,3.48,0.30745601591890626
Saratoga,,39720091,,R-1-40,0,1.09,4.206675528478973
Saratoga,,51729028,,R-M-4,0,20,0.07369505576777888
Saratoga,,38914021,,R-1-10,0,4.36,0.2714515987182335
Saratoga,,39315027,,R-1-12,0,3.48,0.29088726086138283
Saratoga,,39717066,,R-1-40,0,1.09,0.8918955969668231
Saratoga,,38641049,,R-1-12,0,3.48,0.31697295375133694
Saratoga,,39738024,,R-M-3,0,20,0.026994604058384754
Saratoga,,50316087,,R-1-40,0,1.09,1.9088947013015798
Saratoga,,38620031,,R-1-10 SS,0,4.36,0.24384245348899133
Saratoga,,39313023,,R-1-12,0,3.48,0.22440798200056794
Saratoga,,39707038,,R-1-40,0,1.09,1.2068209230930131
Saratoga,,38649018,,R-1-10,0,4.36,0.28054554682230803
Saratoga,,38614027,,CN,0,20,0.6788825310605725
Saratoga,,38640009,,R-1-12,0,3.48,0.3274702573805163
Saratoga,,36606030,,HR,0,1,1.1461435355999485
Saratoga,,38917064,,R-1-10,0,4.36,0.23135160201129984
Saratoga,,39701019,,R-1-40,0,1.09,0.8587261661904936
Saratoga,,38658028,,R-1-10,0,4.36,0.027927025332129582
Saratoga,,36614061,,R-1-15,0,2.9,0.3328570792113584
Saratoga,,38613011,,R-1-10,0,4.36,0.2386794408722243
Saratoga,,50355038,,R-1-40,0,1.09,0.837635633745935
Saratoga,,36636025,,CV,0,20,0.04698273891000748
Saratoga,,38616017,,R-1-10 SS,0,4.36,0.2778793008623627
Saratoga,,38611026,,R-1-10,0,4.36,0.23875370692835796
Saratoga,,40323024,,R-1-10,0,4.36,0.20495847271949968
Saratoga,,39716083,,R-1-40 PC,0,1.09,0.9009408251993053
Saratoga,,38913015,,R-1-10,0,4.36,0.2623585410478011
Saratoga,,38632034,,R-1-12,0,3.48,0.2439102417591011
Saratoga,,38941035,,R-1-10,0,4.36,0.19267694631805618
Saratoga,,38637043,,R-1-10,0,4.36,0.22950915499764474
Saratoga,,38923004,,R-1-10,0,4.36,0.4287113554065094
Saratoga,,50367005,,CH-2,0,20,0.02282566954386745
Saratoga,,51720018,,R-1-40,0,1.09,1.0384296799803157
Saratoga,,38907003,,R-M-4,0,20,0.01977096639468135
Saratoga,,39708060,,R-1-40,0,1.09,0.9277156100932153
Saratoga,,37824028,,R-1-10,0,4.36,0.2766348540793421
Saratoga,,38615005,,R-1-10 SS,0,4.36,0.29781953867846855
Saratoga,,39702110,,R-1-40,0,1.09,0.994231814541052
Saratoga,,50329061,,R-1-40,0,1.09,0.7782090063014842
Saratoga,,39710020,,R-1-40,0,1.09,1.056080883592703
Saratoga,,38913044,,R-1-10,0,4.36,0.22701922611537528
Saratoga,,39316043,,R-1-12,0,3.48,0.31308506908198375
Saratoga,,39309027,,R-1-12,0,3.48,0.35838594654401495
Saratoga,,40327079,,R-1-10,0,4.36,0.19749618687081427
Saratoga,,38629028,,R-1-12,0,3.48,0.2778120708339784
Saratoga,,38909015,,R-M-3,0,20,0.012919288823181094
Saratoga,,38913035,,R-1-10,0,4.36,0.2499714301429912
Saratoga,,50369011,,HR,0,1,0.27738646758346097
Saratoga,,50373002,,HR,0,1,15.002148412103711
Saratoga,,51707015,,R-1-10,0,4.36,0.5197241721586923
Saratoga,,38916013,,R-1-10,0,4.36,0.2422394899834202
Saratoga,,39743022,,R-1-10,0,4.36,0.23587987890822776
Saratoga,,38650026,,R-1-12,0,3.48,0.2424818529160947
Saratoga,,36629009,,HR,0,1,47.396473455360905
Saratoga,,38641018,,R-1-12,0,3.48,0.3177004922638911
Saratoga,,39735018,,R-1-40,0,1.09,0.8885698922296736
Saratoga,,50322009,,R-1-10,0,4.36,0.18753220303071313
Saratoga,,39737009,,R-1-20,0,2.18,0.5387206293470004
Saratoga,,39727009,,R-1-10,0,4.36,0.22106960206612533
Saratoga,,36648006,,HR,0,1,1.5388953559571652
Saratoga,,38908014,,R-M-3,0,20,0.02274524763542458
Saratoga,,39320048,,R-1-12,0,3.48,0.04211443150003346
Saratoga,,38620017,,R-1-10 SS,0,4.36,0.27476426482792327
Saratoga,,39732014,,R-1-40,0,1.09,0.701367611688801
Saratoga,,38658006,,R-1-10,0,4.36,0.027380898125268123
Saratoga,,51713011,,HR,0,1,2.574321762902197
Saratoga,,38653054,,CN,0,20,0.10291410384029313
Saratoga,,38909054,,R-M-3,0,20,0.022790124574155295
Saratoga,,50369033,,HR,0,1,1.0527293113534806
Saratoga,,50368012,,HR,0,1,1.120485073747323
Saratoga,,38650015,,R-1-12,0,3.48,0.25298374445846733
Saratoga,,39330042,,R-1-12,0,3.48,0.32738525895936926
Saratoga,,38907010,,R-M-4,0,20,0.01687842639262408
Saratoga,,50320106,,R-1-15,0,2.9,0.33391076972872874
Saratoga,,50363066,,R-M-3,0,20,0.020590113827423397
Saratoga,,40327011,,R-1-10,0,4.36,0.18705827804594322
Saratoga,,39344019,,R-1-10,0,4.36,0.24430278287841548
Saratoga,,38937036,,R-1-10,0,4.36,0.2934799459749158
Saratoga,,39345017,,R-1-20,0,2.18,0.31215138809307974
Saratoga,,39708051,,R-1-40,0,1.09,0.8707160814141287
Saratoga,,50325022,,CH-1,0,20,0.1982403589447608
Saratoga,,51025062,,HR,0,1,1.5681189264425954
Saratoga,,38628011,,R-1-12,0,3.48,0.2659618074350475
Saratoga,,38633058,,R-1-10,0,4.36,0.24332181550284765
Saratoga,,50322060,,R-1-10,0,4.36,0.20923755628236726
Saratoga,,50361016,,R-M-4,0,20,0.0527394156657718
Saratoga,,39337052,,R-1-10,0,4.36,0.28264372371960217
Saratoga,,39717007,,R-1-40,0,1.09,1.052445501009727
Saratoga,,40328027,,R-1-10,0,4.36,0.3800646588851012
Saratoga,,39707102,,R-1-40,0,1.09,0.9445959978985412
Saratoga,,38620024,,R-1-10 SS,0,4.36,0.24396093969803503
Saratoga,,39735002,,R-1-40,0,1.09,0.9572758724961872
Saratoga,,39338002,,R-1-10,0,4.36,0.23186858731984664
Saratoga,,50381034,,R-1-12,0,3.48,0.28846815367183776
Saratoga,,36623033,,R-1-10,0,4.36,0.22559387977640888
Saratoga,,39319033,,R-1-12,0,3.48,0.29580136724514206
Saratoga,,38915083,,R-1-10,0,4.36,0.23410314239982472
Saratoga,,39725015,,R-1-10,0,4.36,0.23341951115673487
Saratoga,,38931011,,R-1-20,0,2.18,0.5643403769956251
Saratoga,,36605037,,HR,0,1,1.038806077110433
Saratoga,,38944015,,MU-PD,0,20,0.16288056935756748
Saratoga,,39720014,,R-1-40,0,1.09,0.7795093803428673
Saratoga,,40328080,,R-1-10,0,4.36,0.19587231417656858
Saratoga,,39701029,,R-1-40,0,1.09,0.886063499494883
Saratoga,,37824012,,R-1-10,0,4.36,0.2437401286752137
Saratoga,,38617056,,R-1-10 SS,0,4.36,0.3630710068343292
Saratoga,,38930057,,R-1-12,0,3.48,0.40009751800599946
Saratoga,,38914019,,R-1-10,0,4.36,0.22373591680738977
Saratoga,,50328141,,R-1-40,0,1.09,1.9717030424391142
Saratoga,,50377002,,R-1-12,0,3.48,0.2646981794486475
Saratoga,,51722073,,R-1-40,0,1.09,1.5023814836758926
Saratoga,,38612069,,R-1-10,0,4.36,0.29394628428165026
Saratoga,,39736015,,R-1-40,0,1.09,0.9311195578885458
Saratoga,,51714088,,HR,0,1,1.0596727848258085
Saratoga,,50319129,,R-1-12,0,3.48,0.35849423369479116
Saratoga,,38613060,,R-1-10,0,4.36,0.28633316382622165
Saratoga,,38917037,,R-1-10,0,4.36,0.24764840371658886
Saratoga,,38617044,,R-1-10 SS,0,4.36,0.3117895762402556
Saratoga,,50363009,,R-M-3,0,20,0.02657429508667564
Saratoga,,39309020,,R-1-12,0,3.48,0.3712067269886351
Saratoga,,38928005,,R-1-12,0,3.48,0.5328601054561574
Saratoga,,39306012,,R-1-12,0,3.48,0.3209021024318758
Saratoga,,50356007,,HR,0,1,0.9826244286872972
Saratoga,,39706013,,R-1-40,0,1.09,1.0959979269165168
Saratoga,,39730055,,R-1-20,0,2.18,1.175648278917248
Saratoga,,38641029,,R-1-12,0,3.48,0.2738368440712774
Saratoga,,38926059,,R-1-10,0,4.36,0.2036562242303579
Saratoga,,38928027,,R-1-12,0,3.48,0.2030771718604321
Saratoga,,37824039,,R-1-10,0,4.36,0.24751174847970514
Saratoga,,38627054,,R-1-10,0,4.36,0.28787860888930783
Saratoga,,38657019,,CV,0,20,0.0325121319441404
Saratoga,,38940018,,R-1-15,0,2.9,0.23391010912482885
Saratoga,,38938032,,R-1-10,0,4.36,0.19532873509469936
Saratoga,,38926051,,R-1-10,0,4.36,0.20054993257942594
Saratoga,,50325051,,CH-2,0,20,0.05534908280045416
Saratoga,,51719084,,R-1-40,0,1.09,1.0378299703687546
Saratoga,,50318038,,R-1-12,0,3.48,0.4613852570083118
Saratoga,,36623014,,R-1-10,0,4.36,0.30708548992618684
Saratoga,,38938015,,R-1-10,0,4.36,0.20374137951452223
Saratoga,,38636008,,R-1-12,0,3.48,0.2894717149013501
Saratoga,,40328093,,R-1-10,0,4.36,0.2018344014793535
Saratoga,,39708040,,R-1-40,0,1.09,1.2763844950802528
Saratoga,,38605039,,R-1-10,0,4.36,0.2396997232701247
Saratoga,,38909009,,R-M-3,0,20,0.025071056491623774
Saratoga,,38935008,,R-1-20,0,2.18,0.6212136909485387
Saratoga,,39316014,,R-1-12,0,3.48,0.2983976279108519
Saratoga,,50327044,,R-1-10,0,4.36,0.17278085000232005
Saratoga,,39713058,,R-1-40,0,1.09,0.901424856571267
Saratoga,,50319030,,R-1-12,0,3.48,0.4546544847475715
Saratoga,,39717067,,R-1-40,0,1.09,3.5364695131871553
Saratoga,,50325037,,CH-1,0,20,0.029359779191673492
Saratoga,,39319031,,R-1-12,0,3.48,0.49735588171509737
Saratoga,,38627073,,R-1-10,0,4.36,0.28986031477106844
Saratoga,,38653041,,CN,0,20,0.1251585595094708
Saratoga,,39322030,,R-1-12,0,3.48,0.3158430310673985
Saratoga,,39701047,,R-1-40,0,1.09,0.9755432205570471
Saratoga,,38645029,,R-1-10,0,4.36,0.23515787797620766
Saratoga,,39708052,,R-1-40,0,1.09,1.2437173406658004
Saratoga,,38933018,,R-1-20,0,2.18,0.4895386753246918
Saratoga,,38906011,,PA,0,20,0.004413042357519653
Saratoga,,39733015,,R-M-3,0,20,0.06888078655552678
Saratoga,,38922030,,R-1-10,0,4.36,0.21056303593497813
Saratoga,,38637006,,R-1-10,0,4.36,0.3295664985863656
Saratoga,,51736002,,HR,0,1,0.10583747299877437
Saratoga,,51718052,,R-1-40,0,1.09,0.9126154548761886
Saratoga,,39322045,,R-1-12,0,3.48,0.29694329984574913
Saratoga,,38626047,,R-1-10,0,4.36,0.36385935270352365
Saratoga,,38916008,,R-1-10,0,4.36,0.24778394345341517
Saratoga,,38659018,,R-1-10,0,4.36,0.029934232791086805
Saratoga,,38608032,,R-1-10,0,4.36,0.23448449034891392
Saratoga,,38917016,,R-1-10,0,4.36,0.2340375967511627
Saratoga,,38612051,,R-1-10,0,4.36,0.39926277607312394
Saratoga,,50326009,,R-1-10,0,4.36,0.12430905304262291
Saratoga,,50365024,,R-M-4,0,20,0.053011754891320324
Saratoga,,39320015,,R-1-12,0,3.48,0.33827355657095504
Saratoga,,39708098,,R-1-40,0,1.09,1.0292200339471704
Saratoga,,39340002,,R-1-10,0,4.36,0.3566037651760397
Saratoga,,39724042,,R-1-20,0,2.18,0.5618902839489625
Saratoga,,36606034,,HR,0,1,1.0719670127666492
Saratoga,,50323022,,R-1-15,0,2.9,1.3685359455900805
Saratoga,,38645068,,R-1-10,0,4.36,0.2628082056334349
Saratoga,,38909042,,R-M-3,0,20,0.019369876029103214
Saratoga,,38941036,,R-1-10,0,4.36,0.192617701117297
Saratoga,,50328012,,R-1-10,0,4.36,0.40932258826865464
Saratoga,,38626038,,R-1-10,0,4.36,0.32745250983191615
Saratoga,,51709065,,CH-1,0,20,0.017981495020934588
Saratoga,,38640003,,R-1-12,0,3.48,0.29487651930927816
Saratoga,,39314022,,R-1-12,0,3.48,0.38070291260054284
Saratoga,,38607033,,R-1-10,0,4.36,0.24791335602381157
Saratoga,,40327013,,R-1-10,0,4.36,0.18714228257921828
Saratoga,,39306003,,R-1-12,0,3.48,0.3040855350248859
Saratoga,,38656039,,CV,0,20,0.033936425905438494
Saratoga,,38627013,,R-1-10,0,4.36,0.2651286091519279
Saratoga,,36649044,,HR,0,1,2.283409383949279
Saratoga,,38633021,,R-1-10,0,4.36,0.23352323545898426
Saratoga,,38944042,,MU-PD,0,20,0.16392022192480027
Saratoga,,50375017,,HR,0,1,0.9738760733244242
Saratoga,,39330036,,R-1-12,0,3.48,0.24500751349900812
Saratoga,,51710043,,R-1-15,0,2.9,0.5325671524792885
Saratoga,,39342065,,R-1-12,0,3.48,0.23489182926499913
Saratoga,,38613043,,R-1-10,0,4.36,0.2719198361362297
Saratoga,,39733004,,R-M-3,0,20,0.06307567690136048
Saratoga,,41037016,,R-1-40,0,1.09,0.8961693532792703
Saratoga,,39727014,,R-1-10,0,4.36,0.27088652347799397
Saratoga,,39709007,,R-1-40,0,1.09,1.1770857079012036
Saratoga,,51003007,,R-1-40,0,1.09,1.036563627812323
Saratoga,,39310002,,R-1-12,0,3.48,0.34043401767352655
Saratoga,,50358001,,R-1-12,0,3.48,0.3089400197517348
Saratoga,,39322002,,R-1-12,0,3.48,0.34094224219769725
Saratoga,,38923005,,R-1-10,0,4.36,0.4590849618174284
Saratoga,,50324029,,CH-1,0,20,0.098599616515819
Saratoga,,51720017,,R-1-40,0,1.09,1.9412309501181215
Saratoga,,51024040,,HR,0,1,1.2835450081761575
Saratoga,,39316020,,R-1-12,0,3.48,0.4053943756969746
Saratoga,,38652010,,R-1-10,0,4.36,0.4266778157132498
Saratoga,,39724035,,R-1-20,0,2.18,0.5100410580321735
Saratoga,,38901029,,R-1-12,0,3.48,0.2995204410253912
Saratoga,,36606025,,HR,0,1,0.9077463358144162
Saratoga,,36636015,,CV,0,20,0.03468607289069209
Saratoga,,39337036,,R-1-10,0,4.36,0.23478179822548356
Saratoga,,36656015,,CV,0,20,0.05012789660461029
Saratoga,,38608062,,R-1-10,0,4.36,0.2238771606180931
Saratoga,,50319132,,R-1-12,0,3.48,0.31712080324097536
Saratoga,,39319010,,R-1-12,0,3.48,0.277418032848621
Saratoga,,38645037,,R-1-10,0,4.36,0.2680188775088568
Saratoga,,38634002,,R-1-12,0,3.48,0.2365723080684995
Saratoga,,51006015,,R-1-40,0,1.09,1.4275637361978712
Saratoga,,36613047,,R-1-12,0,3.48,0.29493960552905196
Saratoga,,38653013,,R-1-10,0,4.36,0.25682290578371325
Saratoga,,38635047,,R-1-10,0,4.36,0.2366710748087452
Saratoga,,38634033,,R-1-12,0,3.48,0.2893500464770482
Saratoga,,36636034,,CV,0,20,0.04417125478472424
Saratoga,,38619005,,R-1-10 SS,0,4.36,0.2334169128364421
Saratoga,,38619001,,R-1-10 SS,0,4.36,0.26540824346622055
Saratoga,,39704043,,R-1-40,0,1.09,1.3351643662532289
Saratoga,,39701056,,R-1-40,0,1.09,0.8927266867837931
Saratoga,,50327081,,R-1-10,0,4.36,0.474771220987126
Saratoga,,38931030,,R-1-20,0,2.18,0.49166108142554416
Saratoga,,51052004,,R-1-40,0,1.09,1.1364816616305193
Saratoga,,38940015,,R-1-15,0,2.9,0.35923546303291504
Saratoga,,38904033,,R-1-12,0,3.48,0.36300478328876407
Saratoga,,38658023,,R-1-10,0,4.36,0.027927025332129582
Saratoga,,36627035,,R-1-12,0,3.48,0.284263308897951
Saratoga,,50317060,,HR,0,1,1.387131881164522
Saratoga,,50328112,,R-1-40,0,1.09,2.0556831998436387
Saratoga,,39717011,,R-1-40,0,1.09,0.4681923355283149
Saratoga,,38603041,,R-1-12,0,3.48,0.3203503828149377
Saratoga,,39709020,,R-1-40,0,1.09,1.0466529265757407
Saratoga,,39731017,,R-M-3,0,20,0.1815258453414189
Saratoga,,38645054,,R-1-10,0,4.36,0.2563988746436387
Saratoga,,50318014,,R-1-40,0,1.09,0.5688042420504115
Saratoga,,39333047,,R-1-10,0,4.36,0.3289475490245959
Saratoga,,50318046,,R-1-12,0,3.48,0.29062838632629817
Saratoga,,38628014,,R-1-10,0,4.36,0.2199158790912292
Saratoga,,50322045,,R-1-10,0,4.36,0.1849206010374642
Saratoga,,38914054,,R-1-10,0,4.36,0.2633698975650409
Saratoga,,50324054,,CH-1,0,20,0.09048589774572653
Saratoga,,38925035,,R-1-10,0,4.36,0.5257632463910419
Saratoga,,38943009,,R-1-20,0,2.18,0.47638672492248874
Saratoga,,36643001,,HR,0,1,1.0557356080905242
Saratoga,,38661017,,R-1-10 SS,0,4.36,0.23827083129017418
Saratoga,,39338001,,R-1-10,0,4.36,0.2732783844618241
Saratoga,,50320083,,R-1-40,0,1.09,0.9189860835307682
Saratoga,,50350006,,R-1-12,0,3.48,0.3596133316276103
Saratoga,,51714045,,R-1-40,0,1.09,2.1199622601421346
Saratoga,,36649047,,HR,0,1,1.1929197256201778
Saratoga,,38645010,,R-1-10,0,4.36,0.26927428849782353
Saratoga,,37824010,,R-1-10,0,4.36,0.2741165573296579
Saratoga,,38641062,,R-1-12,0,3.48,0.28307433086515427
Saratoga,,39728027,,R-1-10,0,4.36,0.4946771145334761
Saratoga,,38659024,,R-1-10,0,4.36,0.024128860947744434
Saratoga,,39733020,,R-M-3,0,20,0.06887561656824802
Saratoga,,38607041,,R-1-10,0,4.36,0.2263859776285215
Saratoga,,38908024,,R-M-3,0,20,0.011719759083694641
Saratoga,,38652003,,R-1-10,0,4.36,0.2606143310520325
Saratoga,,50363089,,R-M-3,0,20,0.02058797827108157
Saratoga,,40323036,,R-1-10,0,4.36,0.2410947309634776
Saratoga,,38944035,,MU-PD,0,20,0.17719372449600182
Saratoga,,39329002,,R-1-10,0,4.36,0.24040388093078513
Saratoga,,36605061,,HR,0,1,0.4595148779253197
Saratoga,,50316005,,R-1-40,0,1.09,1.263519989594804
Saratoga,,50361024,,R-M-4,0,20,0.03161182791423067
Saratoga,,50331074,,HR,0,1,1.0618702547643821
Saratoga,,39718063,,R-1-40,0,1.09,1.0624664350946382
Saratoga,,38603030,,R-1-10,0,4.36,0.24056732990652094
Saratoga,,38645073,,R-1-10,0,4.36,0.3269009020679343
Saratoga,,36613066,,R-1-12,0,3.48,0.3102657154902754
Saratoga,,50331059,,HR,0,1,0.9579168858059559
Saratoga,,51720028,,R-1-20,0,2.18,0.6275275905613159
Saratoga,,38934009,,R-1-20,0,2.18,0.4467258084214217
Saratoga,,39338005,,R-1-10,0,4.36,0.29565325633518047
Saratoga,,50313150,,HR,0,1,0.8431149447756131
Saratoga,,36623013,,R-1-10,0,4.36,0.229704996341501
Saratoga,,39309009,,R-1-12,0,3.48,0.31871397739004764
Saratoga,,50315043,,HR,0,1,3.835208732081331
Saratoga,,38645004,,R-1-10,0,4.36,0.23034837650786602
Saratoga,,51722108,,R-1-40,0,1.09,2.4476577605880623
Saratoga,,39345034,,R-1-10,0,4.36,0.23633313619416418
Saratoga,,39738015,,R-M-3,0,20,0.030351989525217647
Saratoga,,39742010,,R-1-20,0,2.18,1.4067665575723596
Saratoga,,39707037,,R-1-40,0,1.09,1.0203156959109843
Saratoga,,38627030,,R-1-10,0,4.36,0.23940706601576103
Saratoga,,38934025,,R-1-20,0,2.18,0.46777229074643345
Saratoga,,39717068,,R-1-40,0,1.09,1.1154879232375678
Saratoga,,38628030,,R-1-10,0,4.36,0.2693996076914992
Saratoga,,39718036,,R-1-40,0,1.09,1.0545038609957003
Saratoga,,38619071,,R-1-10 SS,0,4.36,0.24521472695299665
Saratoga,,39724008,,R-1-10,0,4.36,0.17069766373672085
Saratoga,,50363041,,R-M-3,0,20,0.03255380552974039
Saratoga,,50317050,,R-1-40,0,1.09,0.9605369723993902
Saratoga,,38651048,,R-1-12,0,3.48,0.3521059450855397
Saratoga,,50316026,,R-1-40,0,1.09,0.33939083884102306
Saratoga,,38648016,,R-1-10 PC,0,4.36,0.12636815839047055
Saratoga,,39326033,,R-1-10,0,4.36,0.2528452616941236
Saratoga,,39724033,,R-1-20,0,2.18,0.25910764875362396
Saratoga,,51709072,,R-M-3,0,20,0.02222613391885413
Saratoga,,39738002,,R-M-3,0,20,0.024065023482273646
Saratoga,,39332011,,R-1-12,0,3.48,0.32521446617242616
Saratoga,,38937023,,R-1-10,0,4.36,0.2767333174060022
Saratoga,,40328006,,R-1-10,0,4.36,0.18660480706396962
Saratoga,,38613020,,R-1-10,0,4.36,0.2728867442768124
Saratoga,,38611017,,R-1-10,0,4.36,0.2332052507393071
Saratoga,,39725035,,R-1-10,0,4.36,0.27978161872638907
Saratoga,,36623007,,R-1-10,0,4.36,0.32068957647397117
Saratoga,,50313114,,HR,0,1,3.064737799735956
Saratoga,,50368028,,HR,0,1,1.1147575848145632
Saratoga,,39316040,,R-1-12,0,3.48,0.28850148757311
Saratoga,,38634064,,R-1-12,0,3.48,0.3324154197036497
Saratoga,,36614050,,R-1-12,0,3.48,0.29697127947706875
Saratoga,,39718024,,R-1-40,0,1.09,1.983212376900157
Saratoga,,36620008,,R-1-12,0,3.48,0.45239226727728116
Saratoga,,50321018,,R-1-12,0,3.48,0.31372001196911603
Saratoga,,50372025,,HR,0,1,1.0187695700066925
Saratoga,,39329017,,R-1-12,0,3.48,0.2730110429514072
Saratoga,,38637020,,R-1-10,0,4.36,0.2399340184852095
Saratoga,,39702032,,R-1-40,0,1.09,1.0244678842393207
Saratoga,,39326034,,R-1-10,0,4.36,0.8111517673180932
Saratoga,,37821002,,R-1-10,0,4.36,0.2274890762133508
Saratoga,,38607042,,R-1-10,0,4.36,0.2366863846414156
Saratoga,,51708078,,R-M-3,0,20,0.1418940855505416
Saratoga,,51708029,,R-1-10,0,4.36,0.26619867017328347
Saratoga,,50322040,,R-1-10,0,4.36,0.2560253819051264
Saratoga,,40323025,,R-1-10,0,4.36,0.21180256982719806
Saratoga,,39344011,,R-1-10,0,4.36,0.27913017447150557
Saratoga,,50363072,,R-M-3,0,20,0.02059033404379778
Saratoga,,38922007,,R-1-10,0,4.36,0.17948911877003637
Saratoga,,38633065,,R-1-10,0,4.36,0.24163753968278356
Saratoga,,51024035,,R-1-40,0,1.09,1.5031344889212124
Saratoga,,38914038,,R-1-10,0,4.36,0.24995484653601033
Saratoga,,39738009,,R-M-3,0,20,0.028332583754332508
Saratoga,,39728005,,R-1-10,0,4.36,0.1819043517208462
Saratoga,,36606021,,HR,0,1,1.3116126163552675
Saratoga,,38628022,,R-1-10,0,4.36,0.2636941421029136
Saratoga,,38608049,,R-1-10,0,4.36,0.22727319271309895
Saratoga,,38632008,,R-1-12,0,3.48,0.3239019480154969
Saratoga,,39737002,,R-1-20,0,2.18,0.46847517752983625
Saratoga,,39727026,,R-1-12,0,3.48,3.502040001613563
Saratoga,,51736011,,R-1-40,0,1.09,1.9126668536778075
Saratoga,,39324024,,R-1-12,0,3.48,0.32079745541682664
Saratoga,,51722093,,R-1-40,0,1.09,1.2218243037770593
Saratoga,,39342060,,R-1-12,0,3.48,0.2288660125546033
Saratoga,,37824022,,R-1-10,0,4.36,0.2442658537399242
Saratoga,,39723048,,R-1-10,0,4.36,0.6767803355435614
Saratoga,,50316004,,R-1-40,0,1.09,1.1667180015817717
Saratoga,,50327080,,R-1-10,0,4.36,0.5468339005275566
Saratoga,,38913007,,R-1-10,0,4.36,0.2632837888788732
Saratoga,,50316017,,R-1-40,0,1.09,1.0740388698958825
Saratoga,,39335019,,R-1-10,0,4.36,0.22588734915475317
Saratoga,,39346026,,R-1-12,0,3.48,0.3000922916363067
Saratoga,,38926004,,R-1-10,0,4.36,0.22183759773307304
Saratoga,,38633013,,R-1-10,0,4.36,0.22659315531899935
Saratoga,,38603018,,R-1-10,0,4.36,0.24173975672954387
Saratoga,,40327072,,R-1-10,0,4.36,0.19870032700952803
Saratoga,,38637021,,R-1-10,0,4.36,0.244649467021501
Saratoga,,38921036,,R-1-10,0,4.36,0.511897020878796
Saratoga,,40328082,,R-1-10,0,4.36,0.19682084673344422
Saratoga,,38608022,,R-1-10,0,4.36,0.24335227625910863
Saratoga,,39342010,,R-1-10,0,4.36,0.23564491627092943
Saratoga,,39343030,,R-1-10,0,4.36,0.30080312556156497
Saratoga,,39307032,,R-1-12,0,3.48,0.28864631935684476
Saratoga,,40327019,,R-1-10,0,4.36,0.2385186155301552
Saratoga,,39717018,,R-1-40,0,1.09,0.9380107838690313
Saratoga,,51708061,,R-1-10,0,4.36,0.3119770812156914
Saratoga,,51001012,,R-1-20,0,2.18,0.5817523096265351
Saratoga,,40327003,,R-1-10,0,4.36,0.18665078127943677
Saratoga,,38924030,,R-1-10,0,4.36,0.2955148449321496
Saratoga,,39304003,,R-1-12,0,3.48,0.23648875117590162
Saratoga,,39720055,,R-1-20,0,2.18,0.559994892299137
Saratoga,,50355055,,R-1-40,0,1.09,1.0544264429195822
Saratoga,,39717043,,R-1-40,0,1.09,0.9608403348850548
Saratoga,,38626034,,R-1-10,0,4.36,0.25935321226094443
Saratoga,,38645015,,R-1-10,0,4.36,0.23323438672615832
Saratoga,,39339014,,R-1-10,0,4.36,0.44907376948637895
Saratoga,,39320004,,R-1-12,0,3.48,0.2509143017332328
Saratoga,,38918017,,R-1-10,0,4.36,0.23244151982153782
Saratoga,,38609047,,R-1-10,0,4.36,0.23054652055864686
Saratoga,,50354050,,R-1-12,0,3.48,0.29884037809377734
Saratoga,,36627026,,R-1-12,0,3.48,0.28754691053848275
Saratoga,,38656026,,CV,0,20,0.06845132172043282
Saratoga,,50350023,,R-1-40,0,1.09,0.7597660759056291
Saratoga,,51720022,,R-1-20,0,2.18,0.5110498547493973
Saratoga,,39336006,,R-1-10,0,4.36,0.33890312872693323
Saratoga,,38914014,,R-1-10,0,4.36,0.23368351965603965
Saratoga,,39323004,,R-1-12,0,3.48,0.8938004770876773
Saratoga,,51711054,,R-1-15,0,2.9,0.3983535988992647
Saratoga,,39311012,,R-1-12,0,3.48,0.45640638806078615
Saratoga,,51708024,,R-1-10,0,4.36,0.17408834217313843
Saratoga,,51708027,,R-1-10,0,4.36,0.3016792567026729
Saratoga,,51002018,,R-1-40,0,1.09,0.9253224452157525
Saratoga,,38620029,,R-1-10 SS,0,4.36,0.3312343960645881
Saratoga,,36621007,,HR,0,1,0.9553586045984716
Saratoga,,38633039,,R-1-10,0,4.36,0.3673526626205956
Saratoga,,39318047,,R-1-12,0,3.48,0.3479653482675871
Saratoga,,39323002,,R-1-12,0,3.48,0.5042906065189351
Saratoga,,50330017,,HR,0,1,3.016529835157007
Saratoga,,39314025,,R-1-12,0,3.48,0.3023686486594165
Saratoga,,38642019,,R-1-12,0,3.48,0.3096833501367635
Saratoga,,50329039,,R-1-40,0,1.09,0.3722490128378218
Saratoga,,39320017,,R-1-12,0,3.48,0.29696475616031104
Saratoga,,36620010,,R-1-12,0,3.48,0.3489146071087432
Saratoga,,38912014,,R-1-10,0,4.36,0.23553934273705135
Saratoga,,38915011,,R-1-10,0,4.36,0.22383826184080546
Saratoga,,38631048,,R-1-12,0,3.48,0.3588632281604473
Saratoga,,38908002,,R-M-3,0,20,0.023625062262209347
Saratoga,,50327095,,R-1-10,0,4.36,0.4243715811528083
Saratoga,,39337045,,R-1-10,0,4.36,0.2682526872385365
Saratoga,,51711057,,R-1-15,0,2.9,0.38010404476817605
Saratoga,,39702033,,R-1-40,0,1.09,1.0515143169319379
Saratoga,,50331091,,HR,0,1,1.1927509884741392
Saratoga,,50328041,,R-1-40,0,1.09,0.9669587293541643
Saratoga,,50331113,,HR,0,1,5.779822424861514
Saratoga,,39701054,,R-1-40,0,1.09,0.9736608125424704
Saratoga,,39345007,,R-1-20,0,2.18,0.14769028562501643
Saratoga,,51721018,,R-1-20,0,2.18,0.45093746738114776
Saratoga,,39738007,,R-M-3,0,20,0.02842729337695576
Saratoga,,39743027,,R-1-10,0,4.36,0.24045077509662513
Saratoga,,51006070,,R-1-40,0,1.09,0.8768109744944028
Saratoga,,38612067,,R-1-10,0,4.36,0.2808898294056173
Saratoga,,38945014,,MU-PD,0,20,0.15474565811090274
Saratoga,,38649031,,R-1-12,0,3.48,0.44299855468875626
Saratoga,,39319045,,R-1-12,0,3.48,0.5746627842036371
Saratoga,,38921038,,R-1-10,0,4.36,0.22720505681375983
Saratoga,,50326027,,R-1-10,0,4.36,0.08552413033203775
Saratoga,,38643026,,R-1-12,0,3.48,0.3500787706762871
Saratoga,,51709080,,R-M-3,0,20,0.09183792212577424
Saratoga,,38926041,,R-1-10,0,4.36,0.2208142843092487
Saratoga,,38924033,,R-1-10,0,4.36,0.27749352251734316
Saratoga,,38935003,,R-1-20,0,2.18,0.6620299332524995
Saratoga,,38633014,,R-1-10,0,4.36,0.2329526021980287
Saratoga,,40328054,,R-1-10,0,4.36,0.19392215121761985
Saratoga,,39312023,,R-1-12,0,3.48,0.22848690759565612
Saratoga,,38626048,,R-1-10,0,4.36,0.3598621171383104
Saratoga,,38642016,,R-1-12,0,3.48,0.33579014394275886
Saratoga,,51720009,,R-1-20,0,2.18,0.4698034444894751
Saratoga,,39708057,,R-1-40,0,1.09,0.9582323906555423
Saratoga,,38626061,,R-1-10,0,4.36,0.2262326871054359
Saratoga,,38628006,,R-1-10,0,4.36,0.2352132398876338
Saratoga,,39716130,,R-1-40 PC,0,1.09,0.8703694867537345
Saratoga,,50355076,,R-1-40,0,1.09,0.5591864612036379
Saratoga,,39330029,,R-1-12,0,3.48,0.23860318922667714
Saratoga,,38635055,,R-1-10,0,4.36,0.32703126046594566
Saratoga,,38902023,,R-1-12,0,3.48,0.2862251969207935
Saratoga,,39725008,,R-1-10,0,4.36,0.3088228583530717
Saratoga,,39701044,,R-1-40,0,1.09,0.9442681234255135
Saratoga,,39739011,,R-M-3,0,20,0.035383976753516067
Saratoga,,38915070,,R-1-10,0,4.36,0.24796000813494704
Saratoga,,38922035,,R-1-10,0,4.36,0.1981175413996672
Saratoga,,51710047,,R-1-10,0,4.36,7.3820624339361025
Saratoga,,39318043,,R-1-12,0,3.48,0.28443024661594685
Saratoga,,39328001,,R-1-10,0,4.36,0.1430634501527979
Saratoga,,39720083,,R-1-40,0,1.09,0.9197103460265863
Saratoga,,50319085,,R-1-12,0,3.48,0.290297926501
Saratoga,,36656005,,CV,0,20,0.05825689287461392
Saratoga,,39314006,,R-1-12,0,3.48,0.306335614429294
Saratoga,,38912002,,R-1-10,0,4.36,0.2207239899123314
Saratoga,,38632031,,R-1-12,0,3.48,0.2876058781655848
Saratoga,,50317026,,HR,0,1,4.402467928768754
Saratoga,,50327099,,R-1-10,0,4.36,0.16908088752580017
Saratoga,,39726061,,R-1-12,0,3.48,1.1509314749373356
Saratoga,,39306011,,R-1-12,0,3.48,0.2939203395124508
Saratoga,,38659015,,R-1-10,0,4.36,0.02690696388213155
Saratoga,,50327040,,R-1-10,0,4.36,0.172523650863182
Saratoga,,38620045,,R-1-10 SS,0,4.36,0.2440692654150302
Saratoga,,38619077,,R-1-10 SS,0,4.36,0.22569645948266306
Saratoga,,50365013,,R-M-4,0,20,0.03161182791423067
Saratoga,,37824030,,R-1-10,0,4.36,0.273655091935012
Saratoga,,38913047,,R-1-10,0,4.36,0.22807517882553752
Saratoga,,38651003,,R-1-12,0,3.48,0.2901186613953992
Saratoga,,39315012,,R-1-12,0,3.48,0.30099954966214487
Saratoga,,50377007,,R-1-12,0,3.48,0.29169590761612313
Saratoga,,38629002,,R-1-10,0,4.36,0.2655485631584314
Saratoga,,38634016,,R-1-12,0,3.48,0.23934806922655266
Saratoga,,38642023,,R-1-12,0,3.48,0.23702272608231695
Saratoga,,39720059,,R-1-40,0,1.09,1.551671729166995
Saratoga,,39705045,,R-1-40,0,1.09,0.9477020537722718
Saratoga,,39327022,,R-1-10,0,4.36,0.26609665101215474
Saratoga,,38607046,,R-1-10,0,4.36,0.2454566628078514
Saratoga,,50362004,,HR,0,1,1.2079628606298543
Saratoga,,38618007,,R-1-10 SS,0,4.36,0.22965065474748533
Saratoga,,38605021,,R-1-10,0,4.36,0.21694438657437934
Saratoga,,38645016,,R-1-10,0,4.36,0.23354144977773886
Saratoga,,38613019,,R-1-10,0,4.36,0.2604816233352602
Saratoga,,38606024,,R-1-10,0,4.36,0.2421967830641525
Saratoga,,38914063,,R-1-10,0,4.36,0.24571865670795462
Saratoga,,38930025,,R-1-10,0,4.36,0.2314754634535235
Saratoga,,39324008,,R-1-10,0,4.36,0.41757682181506034
Saratoga,,39342007,,R-1-10,0,4.36,0.22962167172446427
Saratoga,,50327024,,R-1-10,0,4.36,0.16606261850173928
Saratoga,,38627041,,R-1-10,0,4.36,0.3156818972094315
Saratoga,,38631056,,R-1-12,0,3.48,0.32045461910760464
Saratoga,,39335005,,R-1-10,0,4.36,0.22863860068668967
Saratoga,,39719016,,R-1-40,0,1.09,0.9904200691904201
Saratoga,,40348090,,R-1-10,0,4.36,1.3059794963778852
Saratoga,,51708035,,R-1-15,0,2.9,0.40515289987655256
Saratoga,,38643037,,R-1-12,0,3.48,0.30180658595689636
Saratoga,,36627033,,R-1-12,0,3.48,0.2850405053177062
Saratoga,,39725095,,R-1-20,0,2.18,3.2945877712706433
Saratoga,,38926030,,R-1-10,0,4.36,0.2593148972148822
Saratoga,,39716070,,R-1-40 PC,0,1.09,0.790405741783681
Saratoga,,39316041,,R-1-12,0,3.48,0.28537326349397013
Saratoga,,40327049,,R-1-10,0,4.36,0.19019267264481893
Saratoga,,39718060,,R-1-40,0,1.09,1.2959091118463653
Saratoga,,51722038,,R-1-20,0,2.18,0.49159978809143157
Saratoga,,50318042,,R-1-12,0,3.48,0.6455593366566462
Saratoga,,40328069,,R-1-10,0,4.36,0.19991123202263536
Saratoga,,38628016,,R-1-10,0,4.36,0.29674100307646
Saratoga,,38905006,,R-1-12,0,3.48,0.4131388299841423
Saratoga,,38929025,,R-1-10,0,4.36,0.38802218390873616
Saratoga,,38653046,,CN,0,20,0.08242456337808801
Saratoga,,38629033,,R-1-12,0,3.48,0.3136593644331747
Saratoga,,38933023,,R-1-20,0,2.18,0.46431064817902495
Saratoga,,38627057,,R-1-10,0,4.36,0.4410059034432577
Saratoga,,50377015,,R-1-12,0,3.48,0.3902946298628474
Saratoga,,38937031,,R-1-10,0,4.36,0.29689167710717274
Saratoga,,40323047,,R-1-10,0,4.36,0.19565220256594967
Saratoga,,36605028,,HR,0,1,0.963822445226882
Saratoga,,38607003,,R-1-10,0,4.36,0.22946409910199414
Saratoga,,39341018,,R-1-12,0,3.48,0.2356600045945115
Saratoga,,50372028,,HR,0,1,3.1890019021266918
Saratoga,,36605069,,HR,0,1,0.49175941612683904
Saratoga,,39322029,,R-1-12,0,3.48,0.327237544867231
Saratoga,,50322100,,R-1-12,0,3.48,0.4845354882488388
Saratoga,,39326036,,R-1-10,0,4.36,0.24459365700167174
Saratoga,,38648005,,R-1-10 PC,0,4.36,0.13043412562834258
Saratoga,,38635051,,R-1-10,0,4.36,0.23882229748232772
Saratoga,,39715015,,R-1-40,0,1.09,0.989970534067647
Saratoga,,39333042,,R-1-12,0,3.48,0.2829323239196684
Saratoga,,38901005,,R-1-12,0,3.48,0.3025490467989309
Saratoga,,38654042,,R-1-10,0,4.36,0.2425229654435438
Saratoga,,39319063,,R-1-12,0,3.48,0.23759914519470782
Saratoga,,38656019,,CV,0,20,0.03388594939694812
Saratoga,,38634062,,R-1-12,0,3.48,0.28122411026361294
Saratoga,,39705011,,R-1-40,0,1.09,1.0370821861769737
Saratoga,,39743023,,R-1-10,0,4.36,0.24237332920106094
Saratoga,,51708060,,R-M-3,0,20,0.4241996808505784
Saratoga,,39710006,,R-1-40,0,1.09,1.1090677126464061
Saratoga,,38935004,,R-1-20,0,2.18,0.5681815237225191
Saratoga,,39732011,,R-1-40,0,1.09,0.8479599815078568
Saratoga,,38608055,,R-1-10,0,4.36,0.22055436232957412
Saratoga,,36621013,,HR,0,1,0.9182653319065573
Saratoga,,50313091,,HR,0,1,1.036710562725392
Saratoga,,40327045,,R-1-10,0,4.36,0.19095113156425864
Saratoga,,50324079,,CH-1,0,20,0.29233663089033696
Saratoga,,38609016,,R-1-10,0,4.36,0.38633389568753324
Saratoga,,40328067,,R-1-10,0,4.36,0.1942245002026214
Saratoga,,39718064,,R-1-40,0,1.09,1.0421139744435912
Saratoga,,51709014,,CH-1,0,20,0.17253202469585613
Saratoga,,39336035,,R-1-20,0,2.18,0.46746824544829235
Saratoga,,38627064,,R-1-10,0,4.36,0.3021061829403538
Saratoga,,38637003,,R-1-10,0,4.36,0.2998794657862693
Saratoga,,50330049,,HR,0,1,0.9226146120693741
Saratoga,,39725102,,R-1-12,0,3.48,0.2630838035952282
Saratoga,,38616047,,R-1-10 SS,0,4.36,0.24911321744773968
Saratoga,,50320065,,R-1-12,0,3.48,0.29556731121760793
Saratoga,,51727010,,R-1-15,0,2.9,0.4682424509830233
Saratoga,,50369019,,HR,0,1,0.9119194872620836
Saratoga,,38603011,,R-1-10,0,4.36,0.2515094474388698
Saratoga,,38611010,,R-1-10,0,4.36,0.2420085429853641
Saratoga,,39713029,,R-1-40,0,1.09,0.8403892981466085
Saratoga,,51718063,,R-1-40,0,1.09,1.4140531418507865
Saratoga,,38631021,,R-1-12,0,3.48,0.352504333450487
Saratoga,,50314034,,HR,0,1,1.1420132091672932
Saratoga,,38928013,,R-1-12,0,3.48,0.2914613141813997
Saratoga,,41039016,,R-1-40,0,1.09,1.2108633799199537
Saratoga,,39728041,,R-1-10,0,4.36,0.25501058721234315
Saratoga,,39309014,,R-1-12,0,3.48,0.31656072070086433
Saratoga,,50317051,,R-1-40,0,1.09,0.962065459819933
Saratoga,,38933005,,R-1-20,0,2.18,0.5689877696800559
Saratoga,,36631002,,HR,0,1,4.785065798090278
Saratoga,,39708064,,R-1-40,0,1.09,1.0570252234220583
Saratoga,,50353018,,R-1-40,0,1.09,1.0941226190017612
Saratoga,,39705098,,R-1-40,0,1.09,1.3034114660313558
Saratoga,,50317054,,R-1-15,0,2.9,0.960770891024113
Saratoga,,39328028,,R-1-10,0,4.36,0.24867947663974246
Saratoga,,38936017,,R-1-10,0,4.36,0.2760456750898739
Saratoga,,39340003,,R-1-10,0,4.36,0.3568164937930996
Saratoga,,38633075,,R-1-10,0,4.36,0.2339335023931558
Saratoga,,50348041,,HR,0,1,0.4122262116809033
Saratoga,,36629011,,HR,0,1,0.8278067699234478
Saratoga,,36656001,,CV,0,20,0.0795090815474789
Saratoga,,50364005,,R-M-4,0,20,0.052996503099371324
Saratoga,,39725091,,R-1-12,0,3.48,0.3416104960280385
Saratoga,,36622016,,R-1-10,0,4.36,0.24076159411921938
Saratoga,,38645067,,R-1-10,0,4.36,0.23348317441293304
Saratoga,,38633096,,R-1-10,0,4.36,0.2577864917298971
Saratoga,,51718023,,R-1-40,0,1.09,0.963332988049928
Saratoga,,40327062,,R-1-10,0,4.36,0.20044096908105413
Saratoga,,38906007,,PA,0,20,0.4543408721480876
Saratoga,,38619047,,R-1-10 SS,0,4.36,0.24379435113623169
Saratoga,,38909004,,R-M-3,0,20,0.022784211374421777
Saratoga,,50318067,,R-1-40,0,1.09,0.8189396208743855
Saratoga,,38613061,,R-1-10,0,4.36,0.2865366830935989
Saratoga,,38662015,,R-M-5,0,20,0.08633485800228267
Saratoga,,38944018,,MU-PD,0,20,0.18327245250785362
Saratoga,,39704084,,R-1-40,0,1.09,0.9168273047170673
Saratoga,,38626029,,R-1-10,0,4.36,0.23738485209959234
Saratoga,,50313039,,HR,0,1,0.5592991155721537
Saratoga,,39319030,,R-1-12,0,3.48,0.3243309618651221
Saratoga,,38641027,,R-1-12,0,3.48,0.3237876683535958
Saratoga,,51710003,,R-1-10,0,4.36,0.7369067897311856
Saratoga,,38917009,,R-1-10,0,4.36,0.2469858366217058
Saratoga,,38916005,,R-1-10,0,4.36,0.24060111403763715
Saratoga,,39342072,,R-1-10,0,4.36,0.26433790977113486
Saratoga,,38651050,,R-1-12,0,3.48,0.6038576317893276
Saratoga,,38650030,,R-1-12,0,3.48,0.4057643797008743
Saratoga,,38652026,,R-1-10,0,4.36,0.2597906262533433
Saratoga,,39330001,,R-1-12,0,3.48,0.30646546363019134
Saratoga,,38915056,,R-1-10,0,4.36,0.23775989008192677
Saratoga,,37825014,,R-1-15,0,2.9,0.6458567743265533
Saratoga,,39725056,,R-1-12,0,3.48,0.20420348839490754
Saratoga,,38921016,,R-1-10,0,4.36,0.1602627301356377
Saratoga,,38632011,,R-1-12,0,3.48,0.2841326365811286
Saratoga,,38608056,,R-1-10,0,4.36,0.22194926028784254
Saratoga,,50327003,,R-1-10,0,4.36,0.2483790796161036
Saratoga,,50318072,,R-1-12,0,3.48,0.2991147846533689
Saratoga,,39326027,,R-1-10,0,4.36,0.2997605627392218
Saratoga,,38641028,,R-1-12,0,3.48,0.28832488051404753
Saratoga,,39320042,,R-1-12,0,3.48,0.2577138042102252
Saratoga,,39315008,,R-1-12,0,3.48,0.34865796287165074
Saratoga,,39328020,,R-1-10,0,4.36,0.24196864946703864
Saratoga,,50353027,,R-1-40,0,1.09,0.4765824723013991
Saratoga,,39739024,,R-M-3,0,20,0.03537565354776191
Saratoga,,38605071,,R-1-10,0,4.36,0.3700916090285163
Saratoga,,38652019,,R-1-10,0,4.36,0.32688968112147454
Saratoga,,38937022,,R-1-10,0,4.36,0.2513167240683144
Saratoga,,50363074,,R-M-3,0,20,0.032551677581358476
Saratoga,,38632016,,R-1-12,0,3.48,0.29224786016018284
Saratoga,,38657020,,CV,0,20,0.04801043817587058
Saratoga,,38929028,,R-1-10,0,4.36,0.19234292929708358
Saratoga,,39316038,,R-1-12,0,3.48,0.23066696776450057
Saratoga,,38935001,,R-1-20,0,2.18,0.5441835194648487
Saratoga,,50375019,,HR,0,1,1.9952249576568521
Saratoga,,38616048,,R-1-10 SS,0,4.36,0.2501017163043717
Saratoga,,39336026,,R-1-20,0,2.18,0.4623757168262693
Saratoga,,39329010,,R-1-10,0,4.36,0.2270815181916162
Saratoga,,39325027,,R-1-20,0,2.18,0.20400476471577375
Saratoga,,39307009,,R-1-12,0,3.48,0.3122464499373755
Saratoga,,38637052,,R-1-12,0,3.48,0.30454313835527247
Saratoga,,38628032,,R-1-10,0,4.36,0.3478441830556235
Saratoga,,39725077,,R-1-12,0,3.48,0.31836109416934566
Saratoga,,50316091,,R-1-40,0,1.09,1.9432850017978234
Saratoga,,39312007,,R-1-10,0,4.36,0.3267749543760531
Saratoga,,38904024,,R-1-12,0,3.48,0.28251571359568456
Saratoga,,50328053,,R-1-40,0,1.09,1.242923456677241
Saratoga,,36623002,,R-1-10,0,4.36,0.23787702215870707
Saratoga,,39743011,,R-1-10,0,4.36,0.3027577696551003
Saratoga,,38907015,,R-M-4,0,20,0.01684981673103306
Saratoga,,50353005,,R-1-40,0,1.09,1.3516570939312005
Saratoga,,36613050,,R-1-12,0,3.48,0.30997093062123776
Saratoga,,39712016,,R-1-40,0,1.09,10.484118905855599
Saratoga,,39327052,,R-1-10,0,4.36,0.298365044594919
Saratoga,,38603035,,R-1-12,0,3.48,0.32785969813557314
Saratoga,,39318008,,R-1-12,0,3.48,0.22579313495000936
Saratoga,,36625019,,R-1-12,0,3.48,0.38748141471091063
Saratoga,,39342052,,R-1-10,0,4.36,0.2640920689002335
Saratoga,,51727018,,R-1-15,0,2.9,0.5195982475267613
Saratoga,,50319106,,R-1-12,0,3.48,0.28584760037171425
Saratoga,,39343021,,R-1-10,0,4.36,0.27953541735593057
Saratoga,,50321014,,R-1-12,0,3.48,0.3153265183373704
Saratoga,,51722074,,R-1-40,0,1.09,0.9766118406187071
Saratoga,,39318002,,R-1-12,0,3.48,0.22741424724199444
Saratoga,,39720050,,R-1-20,0,2.18,0.5580929414500155
Saratoga,,38931019,,R-1-20,0,2.18,0.4552050237466532
Saratoga,,39725006,,R-1-10,0,4.36,0.30655497755524147
Saratoga,,39322047,,R-1-12,0,3.48,0.3660404131387487
Saratoga,,39334011,,R-1-12,0,3.48,0.23370807496159882
Saratoga,,51001044,,R-1-20,0,2.18,0.6659163221257504
Saratoga,,39713033,,R-1-40,0,1.09,0.9664483617702212
Saratoga,,39323008,,R-1-12,0,3.48,0.3152390797940161
Saratoga,,38640033,,R-1-12,0,3.48,0.2939162319269981
Saratoga,,36620007,,R-1-12,0,3.48,0.43998625597835433
Saratoga,,38930041,,R-1-10,0,4.36,0.2400914168741598
Saratoga,,38654039,,R-1-10,0,4.36,0.24321105352295705
Saratoga,,39704063,,R-1-40,0,1.09,0.9311606415329885
Saratoga,,38605022,,R-1-10,0,4.36,0.22338515435328823
Saratoga,,38641057,,R-1-12,0,3.48,0.2647243838186803
Saratoga,,38603052,,R-1-10,0,4.36,0.2314527463894259
Saratoga,,36623045,,R-1-10,0,4.36,0.3177734262787157
Saratoga,,38932003,,R-1-20,0,2.18,0.4646457090303945
Saratoga,,39718028,,R-1-40,0,1.09,1.0291371378591392
Saratoga,,39740026,,R-1-40,0,1.09,1.1315515489144383
Saratoga,,38627031,,R-1-10,0,4.36,0.2312195963324415
Saratoga,,38605045,,R-1-10,0,4.36,0.2602028543944104
Saratoga,,38636031,,R-1-12,0,3.48,0.33073791819441234
Saratoga,,38606001,,R-1-10,0,4.36,0.25055828076089404
Saratoga,,38922010,,R-1-10,0,4.36,0.17353844721878064
Saratoga,,39734009,,R-1-20,0,2.18,0.4570554973008176
Saratoga,,38904047,,R-1-12,0,3.48,0.32517040184670054
Saratoga,,51719021,,R-1-20,0,2.18,0.5733480636941177
Saratoga,,39328018,,R-1-10,0,4.36,0.2338351229063695
Saratoga,,36627020,,R-1-12,0,3.48,0.288789147538373
Saratoga,,50329120,,R-1-40,0,1.09,0.47731573731482485
Saratoga,,38613034,,R-1-10,0,4.36,0.2778507220887368
Saratoga,,38945042,,MU-PD,0,20,0.17014666049496124
Saratoga,,38656018,,CV,0,20,0.04360469701211232
Saratoga,,50316070,,R-1-40,0,1.09,0.2779322876134242
Saratoga,,38651016,,R-1-12,0,3.48,0.46649121279121836
Saratoga,,51006050,,R-1-40,0,1.09,1.0843997600681368
Saratoga,,50322051,,R-1-10,0,4.36,0.19418283686605362
Saratoga,,38631036,,R-1-12,0,3.48,0.358564279752032
Saratoga,,36627029,,R-1-12,0,3.48,0.3790892641460359
Saratoga,,50324084,,CH-1,0,20,0.03678730993358739
Saratoga,,38630007,,R-1-10,0,4.36,0.24893999667258832
Saratoga,,39708048,,R-1-40,0,1.09,1.0950865497633118
Saratoga,,38902019,,R-1-12,0,3.48,0.22851867637187417
Saratoga,,38927010,,R-1-12,0,3.48,0.19353621895809486
Saratoga,,50353058,,R-1-40,0,1.09,0.39838927985789296
Saratoga,,38627047,,R-1-10,0,4.36,0.3092043810692306
Saratoga,,50329114,,R-1-40,0,1.09,0.9050931169008378
Saratoga,,51005042,,R-1-40,0,1.09,1.1583970840590112
Saratoga,,50316023,,R-1-40,0,1.09,0.5036275218205707
Saratoga,,39734004,,R-1-20,0,2.18,0.445474532735969
Saratoga,,39725068,,R-1-12,0,3.48,0.24663591068490312
Saratoga,,39332010,,R-1-12,0,3.48,0.3524494836136904
Saratoga,,38620018,,R-1-10 SS,0,4.36,0.3081765627207171
Saratoga,,38914034,,R-1-10,0,4.36,0.24026686328412566
Saratoga,,50318050,,R-1-12,0,3.48,0.30834190880682966
Saratoga,,39319025,,R-1-12,0,3.48,0.32930851690338003
Saratoga,,51722091,,R-1-40,0,1.09,0.8363431489101748
Saratoga,,38638003,,R-1-12,0,3.48,0.36150697466961834
Saratoga,,36650002,,HR,0,1,0.977525259865432
Saratoga,,38619054,,R-1-10 SS,0,4.36,0.28600304521589104
Saratoga,,38918021,,R-1-10,0,4.36,0.23643557451419783
Saratoga,,51720010,,R-1-20,0,2.18,0.47429445218916455
Saratoga,,50326014,,R-1-10,0,4.36,0.27733582507975457
Saratoga,,38909014,,R-M-3,0,20,0.011769030226486359
Saratoga,,39707002,,R-1-40,0,1.09,1.338657910327572
Saratoga,,50319111,,R-1-12,0,3.48,0.4655684986427241
Saratoga,,39324027,,R-1-20,0,2.18,0.17037143599826163
Saratoga,,38943020,,R-1-20,0,2.18,0.7480610287258038
Saratoga,,39743048,,R-1-10,0,4.36,0.24852939126608148
Saratoga,,38619010,,R-1-10 SS,0,4.36,0.24019134163351602
Saratoga,,36625016,,R-1-15,0,2.9,0.3778094811381999
Saratoga,,39706047,,R-1-40,0,1.09,0.14345101228443533
Saratoga,,50328133,,R-1-40,0,1.09,0.979754223223997
Saratoga,,39322051,,R-1-12,0,3.48,0.31336072514619956
Saratoga,,38611033,,R-1-10,0,4.36,0.23876593786147413
Saratoga,,38603015,,R-1-10,0,4.36,0.28347491625715204
Saratoga,,39737004,,R-1-20,0,2.18,0.5775742439470837
Saratoga,,39319050,,R-1-12,0,3.48,0.36042248736725435
Saratoga,,50316007,,R-1-40,0,1.09,1.0463931153771062
Saratoga,,37824046,,R-1-10,0,4.36,0.2240496140435645
Saratoga,,38634027,,R-1-12,0,3.48,0.28961064419229965
Saratoga,,38626065,,R-1-10,0,4.36,0.2971551357078093
Saratoga,,50369007,,HR,0,1,1.4943623908843005
Saratoga,,38641005,,R-1-10,0,4.36,0.2697062599176992
Saratoga,,38660015,,CV,0,20,0.01741469977418757
Saratoga,,39342036,,R-1-10,0,4.36,0.18374925952488227
Saratoga,,50363010,,R-M-3,0,20,0.02657429508667564
Saratoga,,39331005,,R-1-12,0,3.48,0.29551993487561085
Saratoga,,51714033,,R-1-40,0,1.09,1.1281313358316658
Saratoga,,50365015,,R-M-4,0,20,0.03161164715488639
Saratoga,,40327040,,R-1-10,0,4.36,0.19097084552401666
Saratoga,,38918051,,R-1-10,0,4.36,0.23831294100973588
Saratoga,,38647005,,R-1-12,0,3.48,0.3227457285238875
Saratoga,,38655001,,R-1-10,0,4.36,9.999738766054747
Saratoga,,38926056,,R-1-10,0,4.36,0.23125691456966296
Saratoga,,50350034,,R-1-12,0,3.48,0.3247278326896981
Saratoga,,39333003,,R-1-12,0,3.48,0.2991961925962177
Saratoga,,37824029,,R-1-10,0,4.36,0.3178728999944921
Saratoga,,39306019,,R-1-12,0,3.48,0.3180756538822596
Saratoga,,38936005,,R-1-15,0,2.9,0.4721932783282667
Saratoga,,38661013,,R-1-10 SS,0,4.36,0.2867487678768966
Saratoga,,36643007,,HR,0,1,1.0714734478139911
Saratoga,,38915020,,R-1-10,0,4.36,0.2355068937846807
Saratoga,,51719023,,R-1-20,0,2.18,0.4593259277888435
Saratoga,,39716016,,R-1-20,0,2.18,0.44432010118587734
Saratoga,,38648002,,R-1-10 PC,0,4.36,0.15441404702632647
Saratoga,,39327003,,R-1-10,0,4.36,0.25138852349173013
Saratoga,,38615036,,R-1-10 SS,0,4.36,0.23560552206857208
Saratoga,,38654043,,R-1-10,0,4.36,0.2442288759217244
Saratoga,,39708101,,R-1-40,0,1.09,1.0595767098118498
Saratoga,,51024031,,R-1-40,0,1.09,0.037328202571998106
Saratoga,,38634032,,R-1-12,0,3.48,0.28936325147851777
Saratoga,,39340009,,R-1-10,0,4.36,0.35825430293595983
Saratoga,,38634015,,R-1-12,0,3.48,0.2727712175708315
Saratoga,,38626014,,R-1-10,0,4.36,0.24289857312496504
Saratoga,,38936001,,R-1-15,0,2.9,0.3544167591360242
Saratoga,,38933008,,R-1-20,0,2.18,0.4928720884125051
Saratoga,,38608004,,R-1-10,0,4.36,0.2230714656585549
Saratoga,,36630018,,R-1-10,0,4.36,0.3544714161276205
Saratoga,,38917003,,R-1-10,0,4.36,0.2438635004617186
Saratoga,,38912015,,R-1-10,0,4.36,0.23785980111964244
Saratoga,,38616042,,R-1-10 SS,0,4.36,0.2551808794926783
Saratoga,,39311035,,R-1-12,0,3.48,0.2943166889160945
Saratoga,,51714080,,HR,0,1,7.932776431652285
Saratoga,,38944025,,MU-PD,0,20,0.1837701059876491
Saratoga,,39318046,,R-1-12,0,3.48,0.3275078821737775
Saratoga,,38662020,,R-M-5,0,20,0.06802182895447312
Saratoga,,50318098,,R-1-12,0,3.48,0.39412740587839334
Saratoga,,50324085,,CH-1,0,20,0.059774622843770414
Saratoga,,38922026,,R-1-10,0,4.36,0.27783993163839993
Saratoga,,40327074,,R-1-10,0,4.36,0.20115253125552968
Saratoga,,38653028,,R-1-10,0,4.36,0.25535792592948564
Saratoga,,50375018,,HR,0,1,3.4202906010636593
Saratoga,,38605030,,R-1-10,0,4.36,0.25415021281590405
Saratoga,,40328079,,R-1-10,0,4.36,0.19542560441559775
Saratoga,,38922018,,R-1-10,0,4.36,0.27977674871572855
Saratoga,,40327023,,R-1-10,0,4.36,0.25400097191825494
Saratoga,,51722072,,R-1-40,0,1.09,1.2637781788298816
Saratoga,,38631044,,R-1-12,0,3.48,0.3451884764270446
Saratoga,,39340012,,R-1-10,0,4.36,0.358969773256278
Saratoga,,50355033,,R-1-40,0,1.09,1.1244557221770572
Saratoga,,39726024,,R-1-12,0,3.48,0.38163016622069257
Saratoga,,38627005,,R-1-10,0,4.36,0.23554838958569793
Saratoga,,50328004,,R-1-40,0,1.09,0.5822646971969146
Saratoga,,38605048,,R-1-10,0,4.36,0.3215600901913462
Saratoga,,38922034,,R-1-10,0,4.36,0.18834079636999937
Saratoga,,39319015,,R-1-12,0,3.48,0.42151986387819995
Saratoga,,38656021,,CV,0,20,0.03250141699630699
Saratoga,,39704078,,R-1-40,0,1.09,0.8754331373065228
Saratoga,,39710001,,R-1-40,0,1.09,0.9594354661800314
Saratoga,,39703023,,R-1-40,0,1.09,1.0718939987692064
Saratoga,,38921005,,R-1-10,0,4.36,0.31105746082538027
Saratoga,,50366010,,HR,0,1,1.2966661009411282
Saratoga,,39716128,,R-1-40 PC,0,1.09,1.3176148124608793
Saratoga,,39728038,,R-1-10,0,4.36,0.18502499723860014
Saratoga,,39716095,,R-1-40 PC,0,1.09,0.7107560431882741
Saratoga,,39702115,,R-1-40,0,1.09,1.3060104044517442
Saratoga,,39322024,,R-1-12,0,3.48,0.3075331695571296
Saratoga,,50365012,,R-M-4,0,20,0.03160635987017698
Saratoga,,39721009,,R-1-10,0,4.36,0.8395141942424476
Saratoga,,39343028,,R-1-10,0,4.36,0.30093091391562876
Saratoga,,39709035,,R-1-40,0,1.09,2.613509784111875
Saratoga,,38618019,,R-1-10 SS,0,4.36,0.23543391081561563
Saratoga,,39320029,,R-1-12,0,3.48,0.27387758665233
Saratoga,,39724011,,R-1-10,0,4.36,0.16423901465257656
Saratoga,,38642028,,R-1-12,0,3.48,0.3751760551373976
Saratoga,,50378007,,HR,0,1,1.3790514725069916
Saratoga,,38637008,,R-1-10,0,4.36,0.2898457533526256
Saratoga,,38627034,,R-1-10,0,4.36,0.2502272305487461
Saratoga,,38918005,,R-1-10,0,4.36,0.23690653441090975
Saratoga,,37825005,,R-1-15,0,2.9,0.5528452240608722
Saratoga,,37824016,,R-1-10,0,4.36,0.2605070474228102
Saratoga,,38613065,,R-1-10,0,4.36,0.2860518645468975
Saratoga,,39736024,,R-1-40,0,1.09,0.9268577388453495
Saratoga,,39718023,,R-1-40,0,1.09,1.2830086247585988
Saratoga,,39330008,,R-1-12,0,3.48,0.243911526220163
Saratoga,,38641019,,R-1-12,0,3.48,0.2916947051269308
Saratoga,,38904015,,R-1-12,0,3.48,0.28286385613378257
Saratoga,,50364024,,R-M-4,0,20,0.05299565577823779
Saratoga,,38647004,,R-1-12,0,3.48,0.3035248713339692
Saratoga,,39314014,,R-1-12,0,3.48,0.32986512308272703
Saratoga,,38606009,,R-1-10,0,4.36,0.22383105271553902
Saratoga,,38658019,,R-1-10,0,4.36,0.05303397409873146
Saratoga,,38938018,,R-1-10,0,4.36,0.209449045962863
Saratoga,,50372023,,HR,0,1,1.478512561503239
Saratoga,,39333055,,R-1-10,0,4.36,0.2741361486402124
Saratoga,,38637048,,R-1-10,0,4.36,0.25894919974453495
Saratoga,,50358037,,R-1-12,0,3.48,0.3252211999840772
Saratoga,,36649042,,HR,0,1,2.1107459905041184
Saratoga,,36635022,,CV,0,20,3.173238295913169
Saratoga,,38917028,,R-1-10,0,4.36,0.22957435037926732
Saratoga,,39301010,,R-1-12,0,3.48,0.329841987745129
Saratoga,,38943011,,R-1-20,0,2.18,0.5319405456496326
Saratoga,,39330023,,R-1-12,0,3.48,0.29739777824065133
Saratoga,,50328036,,R-1-40,0,1.09,0.2975147485761422
Saratoga,,38922012,,R-1-10,0,4.36,0.1801451674286679
Saratoga,,51707019,,R-1-10,0,4.36,0.24128662063206202
Saratoga,,38941011,,R-1-10,0,4.36,0.21220118662241405
Saratoga,,38649028,,R-1-12,0,3.48,0.29790735276175356
Saratoga,,38659034,,R-1-10,0,4.36,0.030716191273032403
Saratoga,,39724064,,R-1-20,0,2.18,0.49574892025457956
Saratoga,,38607004,,R-1-10,0,4.36,0.23117726820912626
Saratoga,,36613048,,R-1-12,0,3.48,0.3005792171989294
Saratoga,,39335007,,R-1-10,0,4.36,0.2293275945782091
Saratoga,,38608029,,R-1-10,0,4.36,0.25352117641763167
Saratoga,,51718040,,R-1-40,0,1.09,0.88430374019567
Saratoga,,39325003,,R-1-10,0,4.36,0.2643552244151573
Saratoga,,50369029,,HR,0,1,2.3233827135387757
Saratoga,,38642004,,R-1-12,0,3.48,0.29087286404950913
Saratoga,,36620014,,R-1-12,0,3.48,0.35764693916681517
Saratoga,,39710002,,R-1-40,0,1.09,1.1564338979027802
Saratoga,,50353024,,R-1-40,0,1.09,0.5764280420383092
Saratoga,,38926010,,R-1-10,0,4.36,0.22905874063082524
Saratoga,,38612074,,R-1-10,0,4.36,0.2396779318783414
Saratoga,,39728042,,R-1-10,0,4.36,0.2195636513524037
Saratoga,,50363111,,R-M-3,0,20,0.026571155440765628
Saratoga,,50363037,,R-M-3,0,20,0.020587620304440026
Saratoga,,38927008,,R-1-10,0,4.36,0.21764450875650382
Saratoga,,38633095,,R-1-10,0,4.36,0.24355184578172545
Saratoga,,51708023,,R-1-10,0,4.36,0.07452092131139708
Saratoga,,39743046,,R-1-10,0,4.36,0.23696711105806093
Saratoga,,51005035,,R-1-40,0,1.09,0.7759581468897349
Saratoga,,51707014,,R-1-10,0,4.36,0.2985998274095536
Saratoga,,39324003,,R-1-20,0,2.18,0.4668029796814342
Saratoga,,38631002,,R-1-12,0,3.48,0.3504313696953422
Saratoga,,51001030,,R-1-20,0,2.18,0.578793803242204
Saratoga,,38633079,,R-1-10,0,4.36,0.24008948692654894
Saratoga,,38915021,,R-1-10,0,4.36,0.22985145901615742
Saratoga,,39322015,,R-1-12,0,3.48,0.29809920017332536
Saratoga,,39701031,,R-1-40,0,1.09,0.8961922848378399
Saratoga,,38610043,,C-N(RHD),30,30,2.1425862653985854
Saratoga,,39305001,,R-1-12,0,3.48,0.3755202137775827
Saratoga,,39705040,,R-1-40,0,1.09,0.30563304621206616
Saratoga,,39703074,,R-1-40,0,1.09,1.3159977612948888
Saratoga,,39320025,,R-1-12,0,3.48,0.3778242367384022
Saratoga,,39331015,,R-1-12,0,3.48,0.3117564612527088
Saratoga,,50331056,,HR,0,1,0.9860010136847995
Saratoga,,41036010,,R-1-40,0,1.09,0.7723986479294996
Saratoga,,51720042,,R-1-20,0,2.18,0.48211069366858145
Saratoga,,51003015,,R-1-40,0,1.09,0.9486754016277984
Saratoga,,50327096,,R-1-10,0,4.36,0.1731490652753073
Saratoga,,51003016,,R-1-40,0,1.09,1.0628302855702003
Saratoga,,38945030,,MU-PD,0,20,0.15783178469656836
Saratoga,,38637015,,R-1-10,0,4.36,0.23657201024799088
Saratoga,,39723041,,R-1-10,0,4.36,0.2831948004403227
Saratoga,,51721008,,R-1-20,0,2.18,0.6781065498170726
Saratoga,,38616031,,R-1-10 SS,0,4.36,0.4010931917694543
Saratoga,,50316001,,R-1-40,0,1.09,1.056623795602657
Saratoga,,39722033,,R-1-10,0,4.36,0.11823965415960118
Saratoga,,39337016,,R-1-10,0,4.36,0.23163027934493238
Saratoga,,39306021,,R-1-12,0,3.48,0.3031591513333668
Saratoga,,38626013,,R-1-10,0,4.36,0.24265892864510563
Saratoga,,39312011,,R-1-10,0,4.36,0.2318647638864612
Saratoga,,38918006,,R-1-10,0,4.36,0.2313968657047255
Saratoga,,39729007,,R-1-12,0,3.48,0.562074729083494
Saratoga,,51718018,,R-1-40,0,1.09,0.8436230442815199
Saratoga,,51024013,,HR,0,1,0.8733201876706904
Saratoga,,50363056,,R-M-3,0,20,0.020590811348620997
Saratoga,,38609052,,R-1-10,0,4.36,0.2506314534115174
Saratoga,,39311015,,R-1-12,0,3.48,0.33652586852122246
Saratoga,,50318068,,R-1-40,0,1.09,0.7892278958408221
Saratoga,,38938036,,R-1-10,0,4.36,0.18861143083943593
Saratoga,,38921033,,R-1-10,0,4.36,0.25921081941962726
Saratoga,,39718045,,R-1-40,0,1.09,0.9386971129384539
Saratoga,,38647002,,R-1-12,0,3.48,0.3013654570561297
Saratoga,,38645070,,R-1-10,0,4.36,0.2629856890112184
Saratoga,,38641012,,R-1-10,0,4.36,0.27193691108119444
Saratoga,,36606005,,HR,0,1,1.2604671600839208
Saratoga,,38634054,,R-1-12,0,3.48,0.29761607536980006
Saratoga,,38606023,,R-1-10,0,4.36,0.2755756960608038
Saratoga,,38612040,,R-1-10,0,4.36,0.28617254798110475
Saratoga,,39737011,,R-1-20,0,2.18,0.4990136771415768
Saratoga,,38626037,,R-1-10,0,4.36,0.3240822131682356
Saratoga,,38928025,,R-1-12,0,3.48,0.29864623611845126
Saratoga,,39716098,,R-1-40 PC,0,1.09,0.8060579650880859
Saratoga,,50324016,,CH-1,0,20,0.5102217782856446
Saratoga,,39336018,,R-1-10,0,4.36,0.27146612942419407
Saratoga,,39308002,,R-1-12,0,3.48,0.31354678590821583
Saratoga,,39707087,,R-1-40,0,1.09,0.979370978439488
Saratoga,,51707013,,R-1-10,0,4.36,0.17266242247036628
Saratoga,,39301022,,R-1-12,0,3.48,0.27051834348287807
Saratoga,,38910001,,R-M-3,0,20,0.04196497535956694
Saratoga,,38907007,,R-M-4,0,20,0.01919272317130029
Saratoga,,38608019,,R-1-10,0,4.36,0.2428800727492166
Saratoga,,50363039,,R-M-3,0,20,0.03255764505219715
Saratoga,,50317053,,R-1-40,0,1.09,0.9934172488932859
Saratoga,,39708070,,R-1-40,0,1.09,3.552877060709212
Saratoga,,38607071,,R-1-10,0,4.36,0.3597640081867948
Saratoga,,50378036,,HR,0,1,3.1337728254306474
Saratoga,,38915068,,R-1-10,0,4.36,0.25059121106880067
Saratoga,,38633046,,R-1-10,0,4.36,0.23235023547162165
Saratoga,,38661019,,R-1-10 SS,0,4.36,0.22067856361605845
Saratoga,,50355029,,R-1-40,0,1.09,0.8935490546779199
Saratoga,,50349033,,R-1-10,0,4.36,0.24716655227355197
Saratoga,,38914080,,R-1-10,0,4.36,0.25807732540171985
Saratoga,,36605054,,HR,0,1,0.6242699914969573
Saratoga,,36605049,,HR,0,1,0.5329804835284816
Saratoga,,50381021,,R-1-12,0,3.48,0.32260988575606364
Saratoga,,39308016,,R-1-12,0,3.48,0.33992102311403694
Saratoga,,38653008,,R-1-10,0,4.36,0.3017160647355054
Saratoga,,39721030,,R-1-10,0,4.36,0.7362542838976915
Saratoga,,38914079,,R-1-10,0,4.36,0.307738234227568
Saratoga,,50328054,,R-1-40,0,1.09,0.9794670032121635
Saratoga,,39305027,,R-1-12,0,3.48,0.3951994523261103
Saratoga,,38652016,,R-1-10,0,4.36,0.21324845851692184
Saratoga,,36606047,,HR,0,1,0.9839203443411432
Saratoga,,39315015,,R-1-12,0,3.48,0.29260395300859765
Saratoga,,38939009,,R-1-10,0,4.36,0.30383110080640774
Saratoga,,38605082,,R-1-10,0,4.36,0.25669071286370326
Saratoga,,39707115,,R-1-40,0,1.09,1.0694001996291562
Saratoga,,38629047,,R-1-12,0,3.48,0.2970836952504595
Saratoga,,51709027,,R-M-3,0,20,0.3689468025027856
Saratoga,,36620031,,R-1-12,0,3.48,0.8906111933130961
Saratoga,,38607038,,R-1-10,0,4.36,0.2289855517858965
Saratoga,,51006044,,R-1-40,0,1.09,1.0242595889538286
Saratoga,,39726029,,R-1-12,0,3.48,0.3010039835352318
Saratoga,,39304009,,R-1-12,0,3.48,0.29851950888991163
Saratoga,,38921020,,R-1-10,0,4.36,0.06426843752897109
Saratoga,,38601008,,CV,0,20,0.4267655993806976
Saratoga,,50349037,,R-1-10,0,4.36,0.4098271774517497
Saratoga,,39731001,,R-1-12,0,3.48,0.923260590636257
Saratoga,,50358002,,R-1-12,0,3.48,0.31055305339868833
Saratoga,,38650012,,R-1-12,0,3.48,0.2834776892640221
Saratoga,,51711073,,R-1-20,0,2.18,0.5665214787217568
Saratoga,,38653033,,CN,0,20,0.1295853557348116
Saratoga,,39342064,,R-1-12,0,3.48,0.23129846680818952
Saratoga,,36613004,,R-1-12,0,3.48,0.24876512479549576
Saratoga,,39310021,,R-1-12,0,3.48,0.3432612959333161
Saratoga,,38607081,,R-1-10,0,4.36,0.3253620124112367
Saratoga,,38946013,,R-1-10,0,4.36,1.6370455883818695
Saratoga,,39725028,,R-1-10,0,4.36,0.2114275825180194
Saratoga,,38640031,,R-1-12,0,3.48,0.32409046448314505
Saratoga,,38940004,,R-1-15,0,2.9,0.3548667606045721
Saratoga,,38636026,,R-1-12,0,3.48,0.30048130419278735
Saratoga,,51001047,,R-1-20,0,2.18,0.5127342469687485
Saratoga,,38609027,,R-1-10,0,4.36,0.22348045880181963
Saratoga,,38605020,,R-1-10,0,4.36,0.21693301831656855
Saratoga,,38915059,,R-1-10,0,4.36,0.24881576952279508
Saratoga,,50330030,,HR,0,1,1.2274727473303897
Saratoga,,38627011,,R-1-10,0,4.36,0.2906866508285616
Saratoga,,39720032,,R-1-20,0,2.18,1.7240202180026643
Saratoga,,39728004,,R-1-10,0,4.36,0.18216226199099636
Saratoga,,39739018,,R-M-3,0,20,0.03254593861507842
Saratoga,,40327059,,R-1-10,0,4.36,0.20095725593925784
Saratoga,,39740023,,R-1-40,0,1.09,0.992855340176402
Saratoga,,36636028,,CV,0,20,0.03561837884249259
Saratoga,,39723029,,R-1-10,0,4.36,0.1721836095514942
Saratoga,,38618014,,R-1-10 SS,0,4.36,0.24724097202054265
Saratoga,,50331105,,HR,0,1,1.1240176119807883
Saratoga,,38640035,,R-1-12,0,3.48,0.3395972287754593
Saratoga,,50322085,,R-1-12,0,3.48,0.47068580716336306
Saratoga,,50350021,,R-1-40,0,1.09,2.420378006017494
Saratoga,,38941048,,R-1-10,0,4.36,0.29034112309671656
Saratoga,,39301012,,R-1-12,0,3.48,0.3267873790879287
Saratoga,,39725062,,R-1-12,0,3.48,0.18499634760324057
Saratoga,,38649033,,R-1-12,0,3.48,0.3207061238777094
Saratoga,,50329125,,R-1-40,0,1.09,0.5510209767969708
Saratoga,,50355044,,R-1-40,0,1.09,1.6913815028331411
Saratoga,,50319118,,R-1-40,0,1.09,1.428506443743001
Saratoga,,36636019,,CV,0,20,0.035369619470707596
Saratoga,,50328135,,R-1-40,0,1.09,0.7516440337632533
Saratoga,,38651019,,R-1-12,0,3.48,0.28672829149954915
Saratoga,,50329099,,R-1-40,0,1.09,1.2211949327914235
Saratoga,,51720030,,R-1-20,0,2.18,0.39541943686451503
Saratoga,,39709028,,R-1-40,0,1.09,0.673007325378823
Saratoga,,39708082,,R-1-40,0,1.09,1.3419970006318604
Saratoga,,38619049,,R-1-10 SS,0,4.36,0.24427427890773293
Saratoga,,50353049,,R-1-40,0,1.09,0.9545660311553424
Saratoga,,38605012,,R-1-10,0,4.36,0.22793762906662046
Saratoga,,39705055,,R-1-40,0,1.09,1.1263573971569578
Saratoga,,38929020,,R-1-10,0,4.36,0.21072303197044243
Saratoga,,39710026,,R-1-40,0,1.09,1.0378896939426079
Saratoga,,50320022,,R-1-40,0,1.09,1.6210808257772906
Saratoga,,36605034,,HR,0,1,0.5650163574196765
Saratoga,,39336004,,R-1-10,0,4.36,0.20686616555466536
Saratoga,,38623074,,R-1-10 SS,0,4.36,0.2986907171475646
Saratoga,,40324010,,R-1-10,0,4.36,0.5715370946934014
Saratoga,,38609051,,R-1-10,0,4.36,0.48290024282158234
Saratoga,,38621004,,R-1-10 SS,0,4.36,0.26487777645382277
Saratoga,,39336015,,R-1-10,0,4.36,0.10862214392754653
Saratoga,,39315025,,R-1-12,0,3.48,0.2824286347234333
Saratoga,,39344028,,R-1-10,0,4.36,0.3367779045037082
Saratoga,,39316006,,R-1-12,0,3.48,0.4129795652681574
Saratoga,,39303001,,R-1-12,0,3.48,0.31277600788625953
Saratoga,,38605077,,R-1-10,0,4.36,0.2594914917231413
Saratoga,,39328017,,R-1-10,0,4.36,0.22500915803683316
Saratoga,,39708044,,R-1-40,0,1.09,0.9993856426027845
Saratoga,,36607015,,HR,0,1,1.0205219081187116
Saratoga,,39740010,,R-1-40,0,1.09,1.051363176877066
Saratoga,,36630005,,R-1-10,0,4.36,0.22959500572961714
Saratoga,,50314010,,HR,0,1,1.4502262099904002
Saratoga,,39341024,,R-1-12,0,3.48,0.2786505641189209
Saratoga,,39721028,,R-1-10,0,4.36,0.8040566606653631
Saratoga,,50319112,,R-1-12,0,3.48,0.3634453710208017
Saratoga,,38633086,,R-1-10,0,4.36,0.24928303196685594
Saratoga,,39707098,,R-1-40,0,1.09,1.8110741951754274
Saratoga,,39713046,,R-1-40,0,1.09,0.8973129832970707
Saratoga,,39339028,,R-1-10,0,4.36,0.36947489379972265
Saratoga,,50364015,,R-M-4,0,20,0.03161182791423068
Saratoga,,50364017,,R-M-4,0,20,0.082438647076752
Saratoga,,50363013,,R-M-3,0,20,0.026569530771680793
Saratoga,,38927018,,R-1-10,0,4.36,0.18939683440324792
Saratoga,,38905007,,R-1-12,0,3.48,0.3069723970303777
Saratoga,,38628021,,R-1-10,0,4.36,0.27016337625882836
Saratoga,,38923002,,R-1-10,0,4.36,0.45332081505994576
Saratoga,,51713021,,HR,0,1,1.0550201653898017
Saratoga,,38941032,,R-1-10,0,4.36,0.2015996543353483
Saratoga,,38914042,,R-1-10,0,4.36,0.23482234931884283
Saratoga,,39322007,,R-1-12,0,3.48,0.3746453398306265
Saratoga,,38656045,,CV,0,20,0.06549781349212122
Saratoga,,50316013,,R-1-40,0,1.09,1.0248713284226394
Saratoga,,39327036,,R-1-10,0,4.36,0.24572512627000104
Saratoga,,38917062,,R-1-10,0,4.36,0.2286959692738205
Saratoga,,39313020,,R-1-12,0,3.48,0.2642105082955897
Saratoga,,50327052,,R-1-10,0,4.36,0.16762228874329102
Saratoga,,50315067,,HR,0,1,2.7699672099769033
Saratoga,,40323049,,R-1-10,0,4.36,0.19449675701965044
Saratoga,,39321005,,R-1-12,0,3.48,0.02749755224723707
Saratoga,,36605035,,HR,0,1,0.681370809609505
Saratoga,,39345013,,R-1-20,0,2.18,0.4877541759825841
Saratoga,,38632020,,R-1-12,0,3.48,0.2944821593573217
Saratoga,,50322071,,R-1-10,0,4.36,0.17087635138907917
Saratoga,,51710011,,CH-1,0,20,0.1281445235436915
Saratoga,,38924002,,R-1-10,0,4.36,0.2390281489156613
Saratoga,,38633070,,R-1-10,0,4.36,0.3426581403059377
Saratoga,,51722011,,R-1-40,0,1.09,1.581932626480224
Saratoga,,50330051,,HR,0,1,0.07244512226635644
Saratoga,,51709031,,R-M-3,0,20,0.09757882215887602
Saratoga,,38621028,,R-1-10 SS,0,4.36,0.1941318655598701
Saratoga,,50354038,,R-1-12,0,3.48,0.28392414972181534
Saratoga,,39706046,,R-1-40,0,1.09,1.0734796370071444
Saratoga,,50325044,,CH-2,0,20,0.12411102524997987
Saratoga,,38640026,,R-1-12,0,3.48,0.3183032143072686
Saratoga,,51734001,,R-M-3,0,20,0.03233342622829826
Saratoga,,50369023,,HR,0,1,1.0827433208349877
Saratoga,,38945007,,MU-PD,0,20,0.2454614249932073
Saratoga,,50326052,,R-1-10,0,4.36,0.13902636824499032
Saratoga,,39332006,,R-1-12,0,3.48,0.3024517313006993
Saratoga,,38656025,,CV,0,20,0.05805726735039119
Saratoga,,50319143,,R-1-40,0,1.09,1.4166853962895511
Saratoga,,39742017,,R-1-40,0,1.09,0.9259361466697547
Saratoga,,50327068,,R-1-10,0,4.36,0.17360844532192637
Saratoga,,39705080,,R-1-40,0,1.09,0.9231642509523883
Saratoga,,38918046,,R-1-10,0,4.36,0.23486616254294065
Saratoga,,38931021,,R-1-20,0,2.18,0.4780557514351193
Saratoga,,38658039,,R-1-10,0,4.36,0.02817809331861289
Saratoga,,50325052,,CH-2,0,20,0.05534908280045416
Saratoga,,36620005,,R-1-12,0,3.48,0.2966293734063961
Saratoga,,39327040,,R-1-10,0,4.36,0.24731081880759342
Saratoga,,36630011,,R-1-10,0,4.36,0.5715509770713075
Saratoga,,38612036,,R-1-10,0,4.36,0.31408490859482247
Saratoga,,38617045,,R-1-10 SS,0,4.36,0.27646543670531826
Saratoga,,38941018,,R-1-10,0,4.36,0.2259709085384333
Saratoga,,39708090,,R-1-40,0,1.09,1.0087529213105715
Saratoga,,50328123,,HR,0,1,1.4599505554769392
Saratoga,,39705048,,R-1-40,0,1.09,0.9352371308838896
Saratoga,,38915075,,R-1-10,0,4.36,0.23088905488443395
Saratoga,,50318053,,R-1-12,0,3.48,0.291749267368884
Saratoga,,38657014,,CV,0,20,0.047990891193231355
Saratoga,,36605030,,HR,0,1,0.890405657929901
Saratoga,,38635054,,R-1-10,0,4.36,0.3201627148503574
Saratoga,,38643030,,R-1-12,0,3.48,0.3042490198461491
Saratoga,,50363027,,R-M-3,0,20,0.026568623263661502
Saratoga,,39329019,,R-1-12,0,3.48,0.29343112022724505
Saratoga,,36649035,,HR,0,1,1.0969917049510243
Saratoga,,38641048,,R-1-12,0,3.48,0.4080610549734259
Saratoga,,38635063,,R-1-10,0,4.36,0.3072510882704154
Saratoga,,39308031,,R-1-12,0,3.48,0.33140237699028374
Saratoga,,39704098,,R-1-40,0,1.09,0.9381720456085149
Saratoga,,50329027,,R-1-40,0,1.09,1.279220732804966
Saratoga,,38619040,,R-1-10 SS,0,4.36,0.26919909997755587
Saratoga,,38661011,,R-1-10 SS,0,4.36,0.2564730047808709
Saratoga,,50330055,,HR,0,1,1.9465268605791968
Saratoga,,38641017,,R-1-12,0,3.48,0.37706048324194774
Saratoga,,50357005,,HR,0,1,1.0718872541786137
Saratoga,,38945049,,MU-PD,0,20,0.1708150069794214
Saratoga,,40327061,,R-1-10,0,4.36,0.20062016964653523
Saratoga,,40324009,,R-1-10,0,4.36,0.40677749075165587
Saratoga,,39713008,,R-1-40,0,1.09,1.4541895077827693
Saratoga,,39707011,,R-1-40,0,1.09,1.1261535270373888
Saratoga,,38650021,,R-1-12,0,3.48,0.23407509578523522
Saratoga,,38617011,,R-1-10 SS,0,4.36,0.273387970859665
Saratoga,,39713061,,R-1-40,0,1.09,0.9680796744260485
Saratoga,,38644022,,R-1-12,0,3.48,0.3002649182543165
Saratoga,,38902018,,R-1-12,0,3.48,0.23121267832691897
Saratoga,,50353039,,R-1-20,0,2.18,0.4525249672611816
Saratoga,,50362013,,HR,0,1,4.940414078361423
Saratoga,,39330015,,R-1-12,0,3.48,0.34725958174343424
Saratoga,,39739003,,R-M-3,0,20,0.035383976753516067
Saratoga,,51709060,,CH-1,0,20,0.12486321802962898
Saratoga,,38661002,,R-1-10 SS,0,4.36,0.2860362144610315
Saratoga,,50328111,,R-1-40,0,1.09,2.022860617850347
Saratoga,,38605087,,R-1-10,0,4.36,0.25617359845595
Saratoga,,38651039,,R-1-12,0,3.48,0.28385298492142397
Saratoga,,38653015,,R-1-10,0,4.36,0.28293727555037407
Saratoga,,50369005,,HR,0,1,3.6591017908418144
Saratoga,,51024036,,R-1-40,0,1.09,0.9807592857829729
Saratoga,,39346016,,R-1-12,0,3.48,0.2994743133657048
Saratoga,,39309008,,R-1-12,0,3.48,0.3357782474768496
Saratoga,,38633033,,R-1-10,0,4.36,0.23367985856062243
Saratoga,,38936018,,R-1-10,0,4.36,0.31175100179443943
Saratoga,,39706091,,R-1-40,0,1.09,0.9632134558708775
Saratoga,,39725004,,R-1-10,0,4.36,0.2869550545606679
Saratoga,,37825026,,R-1-15,0,2.9,0.23261829181642668
Saratoga,,38605027,,R-1-10,0,4.36,0.21694484133037928
Saratoga,,50378013,,HR,0,1,1.0371771755503099
Saratoga,,38645034,,R-1-10,0,4.36,0.2727428698578111
Saratoga,,50327071,,R-1-10,0,4.36,0.2712399150125837
Saratoga,,50318086,,R-1-12,0,3.48,0.30115418815633677
Saratoga,,50321029,,R-1-12,0,3.48,0.3796944704710397
Saratoga,,38650028,,R-1-12,0,3.48,0.23374276461846133
Saratoga,,38938030,,R-1-10,0,4.36,0.1939586512314417
Saratoga,,50316090,,R-1-40,0,1.09,1.8856357315558685
Saratoga,,39326014,,R-1-10,0,4.36,0.3013331717062
Saratoga,,38634052,,R-1-12,0,3.48,0.3048884873115579
Saratoga,,39313026,,R-1-12,0,3.48,0.22440324369430523
Saratoga,,38646014,,R-1-10,0,4.36,0.26727605393116055
Saratoga,,51711029,,R-1-15,0,2.9,0.4667118480201464
Saratoga,,38608024,,R-1-10,0,4.36,0.24364897214674788
Saratoga,,39704014,,R-1-40,0,1.09,1.6811819162670938
Saratoga,,39710016,,R-1-40,0,1.09,1.0183297640497926
Saratoga,,38645055,,R-1-10,0,4.36,0.24069719544846033
Saratoga,,36635007,,CV,0,20,0.03302627611756919
Saratoga,,50327090,,R-1-10,0,4.36,0.2825399078279731
Saratoga,,39347003,,CN,0,20,0.05244345391248775
Saratoga,,39312022,,R-1-12,0,3.48,0.2288756159415027
Saratoga,,36613080,,R-1-12,0,3.48,0.31725399849879604
Saratoga,,50349050,,R-1-12,0,3.48,0.36809958344300847
Saratoga,,39701055,,R-1-40,0,1.09,1.0335424678141236
Saratoga,,38917044,,R-1-10,0,4.36,0.22884633765663157
Saratoga,,39710031,,R-1-40,0,1.09,1.1667416833544266
Saratoga,,39333007,,R-1-12,0,3.48,0.33329481018881113
Saratoga,,38918044,,R-1-10,0,4.36,0.23773234567743845
Saratoga,,38613016,,R-1-10,0,4.36,0.23900768178515625
Saratoga,,39322034,,R-1-12,0,3.48,0.2757024701691771
Saratoga,,38905014,,R-1-12,0,3.48,0.2910040274048786
Saratoga,,39734012,,R-1-20,0,2.18,0.7043806688463053
Saratoga,,39708056,,R-1-40,0,1.09,1.0021003312368755
Saratoga,,38617041,,R-1-10 SS,0,4.36,0.22963066002829688
Saratoga,,38647026,,R-1-12,0,3.48,0.2906533279491639
Saratoga,,37824032,,R-1-10,0,4.36,0.2677255536017561
Saratoga,,50327093,,R-1-10,0,4.36,0.16854135817730886
Saratoga,,38652025,,R-1-10,0,4.36,0.25956372301916886
Saratoga,,39725061,,R-1-12,0,3.48,0.23912154154543336
Saratoga,,38943023,,R-1-20,0,2.18,0.6743023291599008
Saratoga,,39718062,,R-1-40,0,1.09,1.104762519175684
Saratoga,,50325016,,CH-2,0,20,0.7507052375523854
Saratoga,,38929026,,R-1-10,0,4.36,0.28751396358857323
Saratoga,,50321026,,R-1-12,0,3.48,0.38194686712130915
Saratoga,,36623053,,R-1-10,0,4.36,0.24462099061748602
Saratoga,,40328034,,R-1-10,0,4.36,0.19056683973643512
Saratoga,,39731020,,PA,0,20,0.4896245028233318
Saratoga,,38909026,,R-M-3,0,20,0.014782976214472178
Saratoga,,50351003,,HR,0,1,5.4945394864907104
Saratoga,,39304023,,R-1-12,0,3.48,0.3414157892870009
Saratoga,,51714030,,HR,0,1,1.1008065034339733
Saratoga,,39332024,,R-1-12,0,3.48,0.3168443817589073
Saratoga,,39308029,,R-1-12,0,3.48,0.2883832518665615
Saratoga,,39708047,,R-1-40,0,1.09,1.0538586011737614
Saratoga,,38939007,,R-1-10,0,4.36,0.325353696803791
Saratoga,,51708005,,CH-2,0,20,0.11478462257987988
Saratoga,,38617016,,R-1-10 SS,0,4.36,0.2927395652318719
Saratoga,,50369017,,HR,0,1,2.942948641299703
Saratoga,,38646029,,R-1-10,0,4.36,0.2378856578330823
Saratoga,,36621002,,HR,0,1,1.319213829698978
Saratoga,,38934023,,R-1-20,0,2.18,0.47875388914891603
Saratoga,,38645027,,R-1-10,0,4.36,0.2645303073946495
Saratoga,,38914035,,R-1-10,0,4.36,0.22713094257199823
Saratoga,,38651024,,R-1-12,0,3.48,0.32027284425543734
Saratoga,,50356009,,HR,0,1,1.0828455840039688
Saratoga,,50354002,,R-1-12,0,3.48,0.2870268233190723
Saratoga,,38942002,,R-1-10,0,4.36,0.3019877589001532
Saratoga,,39720101,,R-1-40,0,1.09,0.7904886173522637
Saratoga,,50327023,,R-1-10,0,4.36,0.1659926938900124
Saratoga,,39318026,,R-1-12,0,3.48,0.2906929042041952
Saratoga,,38915027,,R-1-10,0,4.36,0.23028994299934327
Saratoga,,50320104,,R-1-12,0,3.48,0.46178741205988044
Saratoga,,38639011,,R-1-12,0,3.48,0.29693083707335044
Saratoga,,38620030,,R-1-10 SS,0,4.36,0.2558628167455786
Saratoga,,40323026,,R-1-10,0,4.36,0.2516312366271958
Saratoga,,39308026,,R-1-12,0,3.48,0.29266232405199444
Saratoga,,38626004,,R-1-10,0,4.36,0.2302559151889564
Saratoga,,50363015,,R-M-3,0,20,0.026570208783969432
Saratoga,,39307013,,R-1-12,0,3.48,0.3463398785972348
Saratoga,,38608046,,R-1-10,0,4.36,0.22726056561268035
Saratoga,,39736005,,R-1-40,0,1.09,0.8630377042111852
Saratoga,,38929008,,R-1-10,0,4.36,1.8112573975386257
Saratoga,,51001013,,R-1-20,0,2.18,0.5907430011475023
Saratoga,,38943022,,R-1-20,0,2.18,0.5811716400875953
Saratoga,,51719022,,R-1-20,0,2.18,0.46507770216425653
Saratoga,,38620051,,R-1-10 SS,0,4.36,0.3457514619937627
Saratoga,,39735003,,R-1-40,0,1.09,0.9988946062880314
Saratoga,,38943010,,R-1-20,0,2.18,0.7030742558232045
Saratoga,,36614028,,R-1-15,0,2.9,0.746853498204751
Saratoga,,39707096,,R-1-40,0,1.09,1.2689733700035597
Saratoga,,39741013,,R-1-20,0,2.18,0.5346294725053807
Saratoga,,50369002,,HR,0,1,1.6300837049679513
Saratoga,,50354003,,R-1-12,0,3.48,0.2603355502175769
Saratoga,,50378026,,HR,0,1,1.157271596516478
Saratoga,,38613038,,R-1-10,0,4.36,0.28020838398003484
Saratoga,,39704119,,R-1-40,0,1.09,1.9764962509048403
Saratoga,,50378019,,HR,0,1,1.09228640963968
Saratoga,,38933006,,R-1-20,0,2.18,0.6390112509231074
Saratoga,,38651017,,R-1-12,0,3.48,0.28056512786787324
Saratoga,,38650023,,R-1-12,0,3.48,0.2313869599610195
Saratoga,,39310027,,R-1-12,0,3.48,0.2676211218068728
Saratoga,,38613009,,R-1-10,0,4.36,0.27915654773844634
Saratoga,,39705082,,R-1-40,0,1.09,1.6155040213373006
Saratoga,,38943014,,R-1-20,0,2.18,0.5210862465177506
Saratoga,,38612045,,R-1-10,0,4.36,0.2862431358157597
Saratoga,,51711046,,R-1-15,0,2.9,0.3544373725138265
Saratoga,,38931013,,R-1-20,0,2.18,0.547845904784974
Saratoga,,38609044,,R-1-10,0,4.36,0.212554528694306
Saratoga,,38605065,,R-1-10,0,4.36,0.2741843458394206
Saratoga,,39328005,,R-1-10,0,4.36,0.25373290450540303
Saratoga,,38606040,,R-1-10,0,4.36,0.25058049289142426
Saratoga,,39301021,,R-1-12,0,3.48,0.27449888390298455
Saratoga,,38926058,,R-1-10,0,4.36,0.19637829165258897
Saratoga,,39319035,,R-1-12,0,3.48,0.3305873390493433
Saratoga,,50312001,,HR,0,1,51.3493494065859
Saratoga,,40328002,,R-1-10,0,4.36,0.1866097156042731
Saratoga,,38909011,,R-M-3,0,20,0.011825971002419104
Saratoga,,50381013,,R-1-12,0,3.48,0.3440947366430971
Saratoga,,39726023,,R-1-12,0,3.48,0.34125580011570245
Saratoga,,36635018,,CV,0,20,0.033579658343542186
Saratoga,,38626055,,R-1-10,0,4.36,0.2485130016120519
Saratoga,,40322022,,R-1-10,0,4.36,0.10946403149933323
Saratoga,,39714025,,R-1-40,0,1.09,0.9295952559186967
Saratoga,,38925027,,R-1-10,0,4.36,0.2016675792733638
Saratoga,,38945039,,MU-PD,0,20,0.1615442376519422
Saratoga,,38632026,,R-1-12,0,3.48,0.2796118658315909
Saratoga,,39711023,,R-1-40,0,1.09,1.0325413314886787
Saratoga,,50360018,,R-M-4,0,20,1.4210914464618403
Saratoga,,36606043,,HR,0,1,2.381423247314722
Saratoga,,39725022,,R-1-10,0,4.36,0.23010086853923511
Saratoga,,39335004,,R-1-10,0,4.36,0.22834016511911728
Saratoga,,38608017,,R-1-10,0,4.36,0.2425455577772944
Saratoga,,51707025,,R-1-40,0,1.09,1.5870735352067409
Saratoga,,50328063,,R-1-40,0,1.09,0.4694120786956426
Saratoga,,39725078,,R-1-12,0,3.48,0.3224854799925858
Saratoga,,38607018,,R-1-10,0,4.36,0.2578286148885674
Saratoga,,36623025,,R-1-10,0,4.36,0.33114320041075684
Saratoga,,51708056,,R-M-3,0,20,0.027684354027396402
Saratoga,,39714017,,R-1-40,0,1.09,0.9729531479206467
Saratoga,,38909060,,R-M-3,0,20,0.02754158664495061
Saratoga,,39314012,,R-1-12,0,3.48,0.2941980294450578
Saratoga,,39723046,,R-1-10,0,4.36,0.1654666365604987
Saratoga,,38917005,,R-1-10,0,4.36,0.24621370165314885
Saratoga,,39340001,,R-1-10,0,4.36,0.3061398427839243
Saratoga,,39737013,,R-1-20,0,2.18,0.6078659913143327
Saratoga,,39707018,,R-1-40,0,1.09,0.6994164763849873
Saratoga,,38943021,,R-1-20,0,2.18,0.601233184418128
Saratoga,,50316060,,R-1-40,0,1.09,2.021880697925607
Saratoga,,38635062,,R-1-10,0,4.36,0.41143817018771245
Saratoga,,51719082,,R-1-40,0,1.09,1.3921302129457935
Saratoga,,36605027,,HR,0,1,0.6875445091357189
Saratoga,,39327048,,R-1-10,0,4.36,0.23399877643034947
Saratoga,,38658004,,R-1-10,0,4.36,0.027081507545694824
Saratoga,,38932005,,R-1-20,0,2.18,0.4603380373918447
Saratoga,,38613030,,R-1-10,0,4.36,0.27843778751936343
Saratoga,,50349017,,R-1-12,0,3.48,0.33080101681323204
Saratoga,,38637036,,R-1-10,0,4.36,0.2883680268111749
Saratoga,,39703079,,R-1-40,0,1.09,0.2849197892201906
Saratoga,,38619007,,R-1-10 SS,0,4.36,0.23341282315433143
Saratoga,,38606020,,R-1-10,0,4.36,0.21996781001224155
Saratoga,,39307004,,R-1-12,0,3.48,0.2983990065124202
Saratoga,,38915043,,R-1-10,0,4.36,0.23019900289210585
Saratoga,,39704122,,R-1-40,0,1.09,1.1488637288599892
Saratoga,,39314030,,R-1-12,0,3.48,0.3556202191881658
Saratoga,,38943026,,R-1-20,0,2.18,0.5962628241285135
Saratoga,,36622018,,R-1-10,0,4.36,0.2416766694375295
Saratoga,,39326007,,R-1-10,0,4.36,0.25815881145374314
Saratoga,,39328006,,R-1-10,0,4.36,0.27712723357912183
Saratoga,,39334009,,R-1-10,0,4.36,0.3993567869890464
Saratoga,,39708027,,R-1-40,0,1.09,1.417886511074889
Saratoga,,39728052,,R-1-10,0,4.36,0.18089850748179612
Saratoga,,39311021,,R-1-12,0,3.48,0.49751986381548924
Saratoga,,39705028,,R-1-40,0,1.09,11.37232279218233
Saratoga,,50318002,,R-1-12,0,3.48,0.3736257114194456
Saratoga,,38626051,,R-1-10,0,4.36,0.26171867295908074
Saratoga,,51718004,,R-1-40,0,1.09,0.09431350011671881
Saratoga,,36629007,,R-OS,0,0.1,51.740947616817685
Saratoga,,50316041,,R-1-40,0,1.09,0.5811821248561977
Saratoga,,38904019,,R-1-12,0,3.48,0.2842730783873595
Saratoga,,39342003,,R-1-10,0,4.36,0.23273856569061852
Saratoga,,39345035,,R-1-10,0,4.36,0.24122518253932046
Saratoga,,51711027,,R-1-15,0,2.9,0.48565566030136004
Saratoga,,50318041,,R-1-12,0,3.48,0.3422799414319718
Saratoga,,50354063,,R-1-12,0,3.48,0.39235665487392507
Saratoga,,38651043,,R-1-12,0,3.48,0.32283451611057057
Saratoga,,38924035,,R-1-10,0,4.36,0.24698044732983027
Saratoga,,38642021,,R-1-12,0,3.48,0.2562903185651954
Saratoga,,38651028,,R-1-12,0,3.48,0.2990207487724887
Saratoga,,39328030,,R-1-10,0,4.36,0.3051280691723244
Saratoga,,51709077,,R-M-3,0,20,0.022215622892471313
Saratoga,,39345032,,R-1-10,0,4.36,0.2601815290393704
Saratoga,,39725086,,R-1-20,0,2.18,0.48155798610231465
Saratoga,,39718083,,R-1-40,0,1.09,0.9353752537867839
Saratoga,,38620006,,R-1-10 SS,0,4.36,0.27627904068378234
Saratoga,,39322040,,R-1-12,0,3.48,0.3554994182738544
Saratoga,,50381011,,R-1-12,0,3.48,0.6590908666732286
Saratoga,,39333011,,R-1-12,0,3.48,0.3422626108945245
Saratoga,,38921032,,R-1-10,0,4.36,0.2741055708792045
Saratoga,,38629038,,R-1-12,0,3.48,0.33394292071470993
Saratoga,,39704055,,R-1-40,0,1.09,1.3636528587450696
Saratoga,,51708055,,R-M-3,0,20,0.02669918174742516
Saratoga,,38917030,,R-1-10,0,4.36,0.23971966066690178
Saratoga,,39716114,,R-1-40 PC,0,1.09,0.802490887358197
Saratoga,,38918013,,R-1-10,0,4.36,0.25497082025523715
Saratoga,,39324025,,R-1-12,0,3.48,0.4639841264497497
Saratoga,,39301014,,R-1-12,0,3.48,0.3375375381612295
Saratoga,,51738007,,HR,0,1,6.0714540221970985
Saratoga,,50377009,,R-1-12,0,3.48,0.2845090462911889
Saratoga,,39701060,,R-1-40,0,1.09,0.9055330628495398
Saratoga,,39710009,,R-1-40,0,1.09,1.0499137673504633
Saratoga,,38654054,,R-1-10,0,4.36,0.22957103173005022
Saratoga,,38607007,,R-1-10,0,4.36,0.22794080875077957
Saratoga,,38915088,,R-1-10,0,4.36,0.22737140441987833
Saratoga,,39713050,,R-1-40,0,1.09,0.9704086392740492
Saratoga,,39314010,,R-1-12,0,3.48,0.39770820405950774
Saratoga,,39702029,,R-1-40,0,1.09,1.0837838155252253
Saratoga,,38905001,,R-1-12,0,3.48,0.38683698481760825
Saratoga,,38630002,,R-1-10,0,4.36,0.2620811400460561
Saratoga,,38918055,,R-1-10,0,4.36,0.24176436294632045
Saratoga,,50360006,,R-M-4,0,20,0.03613980912193822
Saratoga,,39301004,,R-1-12,0,3.48,0.3094593187055328
Saratoga,,38657010,,CV,0,20,0.06549716693735125
Saratoga,,39725058,,R-1-12,0,3.48,0.19580801225279146
Saratoga,,39344002,,R-1-10,0,4.36,0.2322585657757225
Saratoga,,50323021,,R-1-15,0,2.9,0.4101794929242066
Saratoga,,39335011,,R-1-10,0,4.36,0.23174478081210878
Saratoga,,50320035,,R-1-12,0,3.48,0.6514014921964998
Saratoga,,38909056,,R-M-3,0,20,0.02809000653944142
Saratoga,,39327005,,R-1-10,0,4.36,0.2392246306847737
Saratoga,,38919031,,R-1-10,0,4.36,0.15864480432279196
Saratoga,,39333038,,R-1-12,0,3.48,0.352603375156432
Saratoga,,38626040,,R-1-10,0,4.36,0.2902927173347843
Saratoga,,38647021,,R-1-12,0,3.48,0.2869413184052598
Saratoga,,38634036,,R-1-12,0,3.48,0.2954575542927808
Saratoga,,50323059,,R-1-10,0,4.36,0.23352108761333884
Saratoga,,38623053,,R-1-10 SS,0,4.36,0.2268503919290532
Saratoga,,39315038,,R-1-12,0,3.48,0.3136072300119579
Saratoga,,51722055,,R-1-40,0,1.09,0.9916560321775326
Saratoga,,39305032,,R-1-12,0,3.48,0.36066140019675064
Saratoga,,39332015,,R-1-12,0,3.48,0.2850505761635812
Saratoga,,38661016,,R-1-10 SS,0,4.36,0.24314283265846368
Saratoga,,38605079,,R-1-10,0,4.36,0.3364324589495285
Saratoga,,38901002,,R-1-12,0,3.48,0.3772826558627363
Saratoga,,38917021,,R-1-10,0,4.36,0.22957609602948206
Saratoga,,39307027,,R-1-12,0,3.48,0.2916440026746277
Saratoga,,39324026,,R-1-12,0,3.48,0.48343473845694035
Saratoga,,38618025,,R-1-10 SS,0,4.36,0.24280763512460157
Saratoga,,39720045,,R-1-20,0,2.18,0.5433374559149869
Saratoga,,39332028,,R-1-12,0,3.48,0.28412658625722576
Saratoga,,36614057,,R-1-15,0,2.9,1.2020207969282062
Saratoga,,50328137,,R-1-40,0,1.09,0.35830146016223946
Saratoga,,38621024,,R-1-10 SS,0,4.36,0.26170236019106097
Saratoga,,39720003,,R-1-40,0,1.09,1.0412388049274475
Saratoga,,50328109,,R-1-40,0,1.09,1.0581414930853101
Saratoga,,50315033,,HR,0,1,0.6450875377513128
Saratoga,,39716084,,R-1-40 PC,0,1.09,0.8853648385903221
Saratoga,,38607051,,R-1-10,0,4.36,0.24887846256104104
Saratoga,,50324080,,CH-1,0,20,0.00463041878952641
Saratoga,,36614046,,R-1-12,0,3.48,0.28815017646974095
Saratoga,,39319034,,R-1-12,0,3.48,0.3202977809237406
Saratoga,,50377011,,R-1-12,0,3.48,0.3173125566444871
Saratoga,,38645063,,R-1-10,0,4.36,0.2757122327719552
Saratoga,,38616013,,R-1-10 SS,0,4.36,0.2396948703098413
Saratoga,,39332007,,R-1-12,0,3.48,0.3014450710365496
Saratoga,,39730053,,R-1-20,0,2.18,24.90566118967264
Saratoga,,38619075,,R-1-10 SS,0,4.36,0.3126367102752008
Saratoga,,39324016,,R-1-12,0,3.48,0.3775729019938503
Saratoga,,38608007,,R-1-10,0,4.36,0.2813765299766238
Saratoga,,39701037,,R-1-40,0,1.09,1.1680626035205006
Saratoga,,39318005,,R-1-12,0,3.48,0.24288315199674348
Saratoga,,50361012,,R-M-4,0,20,0.03161203128841028
Saratoga,,39322050,,R-1-12,0,3.48,0.29907124877623226
Saratoga,,38916021,,R-1-10,0,4.36,0.2361054717800079
Saratoga,,38906018,,R-M-4,0,20,0.42491960425017833
Saratoga,,38922003,,R-1-10,0,4.36,0.17976430699638682
Saratoga,,38633032,,R-1-10,0,4.36,0.2336840847014101
Saratoga,,39327030,,R-1-10,0,4.36,0.2610833126485626
Saratoga,,38661023,,R-1-10 SS,0,4.36,0.25446326218411286
Saratoga,,39323021,,R-1-12,0,3.48,0.31767705690233194
Saratoga,,39716106,,R-1-40 PC,0,1.09,0.8000451982999033
Saratoga,,38621037,,R-1-10 SS,0,4.36,2.559956262949887
Saratoga,,38605066,,R-1-10,0,4.36,0.23502604822274362
Saratoga,,38651047,,R-1-12,0,3.48,0.32831683943106754
Saratoga,,50318078,,R-1-12,0,3.48,0.294058543007468
Saratoga,,38623051,,R-1-10 SS,0,4.36,0.30872252570416314
Saratoga,,50331104,,HR,0,1,1.563328402379318
Saratoga,,50353006,,R-1-40,0,1.09,1.4866773130212212
Saratoga,,39704113,,R-1-40,0,1.09,0.9946121497152082
Saratoga,,39721025,,R-1-10,0,4.36,0.763469468855329
Saratoga,,39725103,,R-1-20,0,2.18,0.2670309140120659
Saratoga,,51720040,,R-1-20,0,2.18,0.5747763309958169
Saratoga,,39316021,,R-1-12,0,3.48,0.32403802810488846
Saratoga,,38606048,,R-1-10,0,4.36,0.244919048405902
Saratoga,,38626023,,R-1-12,0,3.48,0.28637151441105635
Saratoga,,36613011,,R-1-12,0,3.48,0.416940095637226
Saratoga,,38914013,,R-1-10,0,4.36,0.24040550471980163
Saratoga,,38634061,,R-1-12,0,3.48,0.3399881706979258
Saratoga,,50368023,,HR,0,1,1.0136162335545482
Saratoga,,36613023,,R-1-12,0,3.48,0.29330809349801634
Saratoga,,36643018,,HR,0,1,3.1285222740146215
Saratoga,,36620044,,R-1-12,0,3.48,0.48579228950170744
Saratoga,,38941002,,R-1-10,0,4.36,0.19680506628723612
Saratoga,,38611011,,R-1-10,0,4.36,0.24227793912932344
Saratoga,,38928021,,R-1-12,0,3.48,0.2949057676887094
Saratoga,,38944043,,MU-PD,0,20,0.17818186423367718
Saratoga,,50350018,,R-1-40,0,1.09,1.5594707662566674
Saratoga,,38915024,,R-1-10,0,4.36,0.26195698995834216
Saratoga,,38918053,,R-1-10,0,4.36,0.23975228065815088
Saratoga,,50318056,,R-1-12,0,3.48,0.3458782745365892
Saratoga,,39709026,,R-1-40,0,1.09,1.026320268583373
Saratoga,,51732001,,R-OS,0,0.1,39.4613093179203
Saratoga,,40323009,,R-1-10,0,4.36,0.30063070558085214
Saratoga,,39311020,,R-1-12,0,3.48,0.45868698784808065
Saratoga,,38656031,,CV,0,20,0.06231161882376856
Saratoga,,36627003,,R-1-12,0,3.48,0.3040790367165619
Saratoga,,51723048,,HR,0,1,1.1120309528913819
Saratoga,,50355074,,R-1-40,0,1.09,0.080352449329575
Saratoga,,39710015,,R-1-40,0,1.09,0.9707476246382672
Saratoga,,51711056,,R-1-15,0,2.9,0.4257274356126008
Saratoga,,50313067,,HR,0,1,27.395814203759333
Saratoga,,38944024,,MU-PD,0,20,0.17497446524077168
Saratoga,,39330007,,R-1-12,0,3.48,0.24391327564185966
Saratoga,,39725064,,R-1-20,0,2.18,0.1460104034276139
Saratoga,,38908009,,R-M-3,0,20,0.022590751456801807
Saratoga,,38659001,,R-1-10,0,4.36,0.031119199630961526
Saratoga,,39346010,,R-1-12,0,3.48,0.3093418831569777
Saratoga,,38611003,,R-1-10,0,4.36,0.23961849940602345
Saratoga,,38945009,,MU-PD,0,20,0.18331496135161132
Saratoga,,39319007,,R-1-12,0,3.48,0.3005018237422255
Saratoga,,38607080,,R-1-10,0,4.36,0.47037995320491577
Saratoga,,50363035,,R-M-3,0,20,0.020593371700341496
Saratoga,,51001036,,R-1-20,0,2.18,0.6661037141845157
Saratoga,,36625021,,R-1-12,0,3.48,0.3300522498088822
Saratoga,,51006054,,R-1-40,0,1.09,2.6744861859700038
Saratoga,,39722014,,PA,0,20,0.009870072075849896
Saratoga,,38942014,,R-1-10,0,4.36,0.36006667955311705
Saratoga,,51729006,,R-M-4,0,20,0.06386781684245309
Saratoga,,50315002,,HR,0,1,25.476345866676134
Saratoga,,39344029,,R-1-10,0,4.36,0.31122218872384794
Saratoga,,50355054,,R-1-40,0,1.09,0.8621258712150042
Saratoga,,39706100,,R-1-40,0,1.09,0.919015975141582
Saratoga,,38652011,,R-1-10,0,4.36,0.4467344176051587
Saratoga,,39339004,,R-1-10,0,4.36,0.2653585336566792
Saratoga,,39701034,,R-1-40,0,1.09,1.211271073279864
Saratoga,,50318083,,R-1-12,0,3.48,0.3338512056165624
Saratoga,,51711055,,R-1-15,0,2.9,0.3947101596618782
Saratoga,,38608035,,R-1-10,0,4.36,0.23425203443535497
Saratoga,,38906010,,PA,0,20,0.3720186320675213
Saratoga,,39309016,,R-1-12,0,3.48,0.335693063126465
Saratoga,,50319082,,R-1-12,0,3.48,0.628439868981558
Saratoga,,39347008,,CN,0,20,0.10586233290920893
Saratoga,,39303011,,R-1-12,0,3.48,0.2934304043563565
Saratoga,,38945012,,MU-PD,0,20,0.18024414595547886
Saratoga,,40327037,,R-1-10,0,4.36,0.19132499852583165
Saratoga,,39738016,,R-M-3,0,20,0.030351989525217647
Saratoga,,38613007,,R-1-10,0,4.36,0.2559021812393462
Saratoga,,39327007,,R-1-10,0,4.36,0.24019311055328701
Saratoga,,39725037,,R-1-10,0,4.36,0.2567463780961192
Saratoga,,51709068,,CH-1,0,20,0.6872549869654222
Saratoga,,38613028,,R-1-10,0,4.36,0.25403971410411486
Saratoga,,38629016,,R-1-12,0,3.48,0.24697717005328637
Saratoga,,38629014,,R-1-12,0,3.48,0.33138940798302297
Saratoga,,39307030,,R-1-12,0,3.48,0.2947481108174379
Saratoga,,38941051,,R-1-15,0,2.9,0.39426280582426926
Saratoga,,51709053,,R-M-3,0,20,0.02111708401322431
Saratoga,,39305028,,R-1-12,0,3.48,0.3144589365393954
Saratoga,,38606012,,R-1-10,0,4.36,0.21787383305199065
Saratoga,,39339019,,R-1-10,0,4.36,0.2870653135924146
Saratoga,,38942011,,R-1-10,0,4.36,0.2430650186829581
Saratoga,,38644023,,R-1-12,0,3.48,0.2882239655104512
Saratoga,,39743025,,R-1-10,0,4.36,0.2429107977844152
Saratoga,,39337037,,R-1-10,0,4.36,0.23498031583320267
Saratoga,,39719031,,R-1-40,0,1.09,0.9258768721885775
Saratoga,,38909044,,R-M-3,0,20,0.019152839125423152
Saratoga,,36623038,,R-1-10,0,4.36,0.32942497277200594
Saratoga,,39724056,,R-1-20,0,2.18,0.5328661275158366
Saratoga,,38635070,,R-1-10 PC,0,4.36,2.3818883288988206
Saratoga,,38638005,,R-1-12,0,3.48,0.35415942360111546
Saratoga,,38914067,,R-1-10,0,4.36,0.27937737413570185
Saratoga,,50322063,,R-1-10,0,4.36,0.19622474028819986
Saratoga,,38941020,,R-1-10,0,4.36,0.19307996831026644
Saratoga,,39303002,,R-1-12,0,3.48,0.29096390174957976
Saratoga,,39344001,,R-1-10,0,4.36,0.2923230287547213
Saratoga,,38637012,,R-1-10,0,4.36,0.2732308740751071
Saratoga,,51712002,,R-1-10,0,4.36,0.3750577021539704
Saratoga,,39707014,,R-1-40,0,1.09,1.449832154173405
Saratoga,,38901021,,None,0,0,1.9295324067185702
Saratoga,,38944001,,MU-PD,0,20,0.17074442701002154
Saratoga,,38917038,,R-1-10,0,4.36,0.234900295580198
Saratoga,,38918031,,R-1-10,0,4.36,0.22296072782751958
Saratoga,,38637041,,R-1-10,0,4.36,0.251705384973446
Saratoga,,38944045,,MU-PD,0,20,0.16374592900937043
Saratoga,,50363098,,R-M-3,0,20,0.02058742488369463
Saratoga,,36650025,,HR,0,1,0.5511580484172818
Saratoga,,38908047,,R-M-3,0,20,0.026497283643657693
Saratoga,,50355010,,R-1-40,0,1.09,0.40960958700556194
Saratoga,,50329007,,R-1-40,0,1.09,1.6006839799491759
Saratoga,,38631054,,R-1-12,0,3.48,0.295061527016959
Saratoga,,39732019,,R-1-40,0,1.09,1.1427678498265426
Saratoga,,51713009,,HR,0,1,2.9432480043607394
Saratoga,,51714068,,HR,0,1,3.028194095247688
Saratoga,,39333051,,R-1-10,0,4.36,0.3289579960675877
Saratoga,,40327022,,R-1-10,0,4.36,0.21095682286265433
Saratoga,,50368004,,HR,0,1,1.4138064722703825
Saratoga,,36620039,,R-1-12,0,3.48,0.4940171676801633
Saratoga,,36630001,,R-1-10,0,4.36,0.2467550528596405
Saratoga,,50363023,,R-M-3,0,20,0.026566836914231545
Saratoga,,51052003,,R-1-40,0,1.09,0.9210358715101526
Saratoga,,38933024,,R-1-20,0,2.18,0.4844822211016
Saratoga,,39330031,,R-1-12,0,3.48,0.23482388850014382
Saratoga,,38628023,,R-1-10,0,4.36,0.2723765576857556
Saratoga,,38649006,,R-1-10,0,4.36,0.2545204952012966
Saratoga,,39727011,,R-1-10,0,4.36,0.30728800391457983
Saratoga,,50323034,,R-1-12,0,3.48,0.2705853465254537
Saratoga,,50363019,,R-M-3,0,20,0.026567594954502734
Saratoga,,38608045,,R-1-10,0,4.36,0.22726088090617952
Saratoga,,50319080,,R-1-12,0,3.48,0.5144303819252123
Saratoga,,40327036,,R-1-10,0,4.36,0.19143943220831305
Saratoga,,38929019,,R-1-10,0,4.36,0.23614804076868473
Saratoga,,39342061,,R-1-12,0,3.48,0.2296370591952891
Saratoga,,38931012,,R-1-20,0,2.18,0.5965413453632202
Saratoga,,50358004,,R-1-12,0,3.48,0.3074456404706299
Saratoga,,38611009,,R-1-10,0,4.36,0.24160573665224064
Saratoga,,50329113,,R-1-40,0,1.09,1.8031037441711306
Saratoga,,39708043,,R-1-40,0,1.09,0.9175166844981015
Saratoga,,36630020,,R-1-10,0,4.36,0.3127884265895406
Saratoga,,38918023,,R-1-10,0,4.36,0.23033814735247757
Saratoga,,38944004,,MU-PD,0,20,0.17209399064267283
Saratoga,,39318035,,R-1-12,0,3.48,0.31062534114901597
Saratoga,,39706106,,R-1-40,0,1.09,1.6272308255057757
Saratoga,,38932013,,R-1-20,0,2.18,0.44574100436780156
Saratoga,,38915058,,R-1-10,0,4.36,0.23009142944514038
Saratoga,,38619079,,R-1-10 SS,0,4.36,0.30046046145465827
Saratoga,,39707065,,R-1-40,0,1.09,1.6456823918962626
Saratoga,,38657009,,CV,0,20,0.08226215020390278
Saratoga,,38631003,,R-1-12,0,3.48,0.3255530123739979
Saratoga,,50354077,,R-1-12,0,3.48,0.37912791895183867
Saratoga,,38925045,,R-1-10,0,4.36,0.4066035289362426
Saratoga,,38642017,,R-1-12,0,3.48,0.4435751848512636
Saratoga,,36606031,,HR,0,1,0.9714970949942974
Saratoga,,39301036,,CN,0,20,0.0344610592332184
Saratoga,,50328118,,HR,0,1,1.4309608577802548
Saratoga,,39309005,,R-1-12,0,3.48,0.31444005356318055
Saratoga,,39336016,,R-1-10,0,4.36,0.2611349371163514
Saratoga,,51712031,,R-1-20,0,2.18,0.48601152586261437
Saratoga,,41039017,,R-1-40,0,1.09,1.5600019834128134
Saratoga,,39711037,,R-1-40,0,1.09,1.1513785012292135
Saratoga,,36623041,,R-1-10,0,4.36,0.24586624901958762
Saratoga,,38915017,,R-1-10,0,4.36,0.22960953312365415
Saratoga,,38629044,,R-1-12,0,3.48,0.29050177681211886
Saratoga,,39744003,,R-M-3,0,20,0.053294947305807625
Saratoga,,51003003,,R-1-40,0,1.09,1.1266942246413159
Saratoga,,39340016,,R-1-10,0,4.36,0.27073378130518627
Saratoga,,39708065,,R-1-40,0,1.09,1.1286725831549027
Saratoga,,38653053,,CN,0,20,0.09986773561991798
Saratoga,,39318032,,R-1-12,0,3.48,0.3095823464456267
Saratoga,,50366001,,HR,0,1,0.9745860764180125
Saratoga,,39739006,,R-M-3,0,20,0.032937815371944845
Saratoga,,39344034,,R-1-10,0,4.36,0.22397787480378875
Saratoga,,38656034,,CV,0,20,0.04361788354824826
Saratoga,,50328092,,R-1-40,0,1.09,0.8199189975927376
Saratoga,,39718079,,R-1-40,0,1.09,1.8044509289669994
Saratoga,,38633050,,R-1-10,0,4.36,0.2357880584767497
Saratoga,,50325021,,CH-2,0,20,0.06808275686495355
Saratoga,,38637049,,R-1-10,0,4.36,0.302785111019034
Saratoga,,39713028,,R-1-40,0,1.09,0.8048104180408997
Saratoga,,37824008,,R-1-10,0,4.36,0.32077894047761457
Saratoga,,39704109,,R-1-40,0,1.09,1.7720450445206966
Saratoga,,39736022,,R-1-40,0,1.09,1.0205818278852585
Saratoga,,39332031,,R-1-12,0,3.48,0.28348467332394695
Saratoga,,38620001,,R-1-10 SS,0,4.36,0.2767132494156226
Saratoga,,36627032,,R-1-12,0,3.48,0.29390841386441363
Saratoga,,38909024,,R-M-3,0,20,0.015134235102523447
Saratoga,,51727016,,R-1-15,0,2.9,0.44093811936308175
Saratoga,,38930052,,R-1-12,0,3.48,0.42271451617497774
Saratoga,,38627058,,R-1-10,0,4.36,0.3105960507583367
Saratoga,,38635050,,R-1-10,0,4.36,0.2620935778054825
Saratoga,,39328015,,R-1-10,0,4.36,0.2294274583699174
Saratoga,,38907030,,R-M-4,0,20,0.026152043487588924
Saratoga,,39303021,,R-1-12,0,3.48,0.3036350223103671
Saratoga,,38936032,,R-1-10,0,4.36,0.3205872576101744
Saratoga,,38648003,,R-1-10 PC,0,4.36,0.15714968406326324
Saratoga,,38924010,,R-1-10,0,4.36,0.2589076854234262
Saratoga,,39705059,,R-1-40,0,1.09,1.4697104939026144
Saratoga,,36635009,,CV,0,20,0.03451254631992465
Saratoga,,50320075,,R-1-40,0,1.09,0.9553716150298109
Saratoga,,38623045,,R-1-10 SS,0,4.36,0.28582568878594034
Saratoga,,51002019,,R-1-40,0,1.09,0.9300920520415216
Saratoga,,38912004,,R-1-10,0,4.36,0.2295778564617269
Saratoga,,39723032,,R-1-10,0,4.36,0.17214783561283353
Saratoga,,50317031,,HR,0,1,2.8155623958718605
Saratoga,,51729021,,R-M-4,0,20,0.0638742657408887
Saratoga,,37824033,,R-1-10,0,4.36,0.30581149913663075
Saratoga,,50380005,,HR,0,1,2.972177860772224
Saratoga,,38926002,,R-1-10,0,4.36,0.5202889875043764
Saratoga,,50362024,,HR,0,1,3.1569796217445876
Saratoga,,39325009,,R-1-10,0,4.36,0.23665606510163706
Saratoga,,39704013,,R-1-40,0,1.09,1.0561817115998273
Saratoga,,38924006,,R-1-10,0,4.36,0.2570925707761246
Saratoga,,39333021,,R-1-12,0,3.48,0.3102994029938907
Saratoga,,38644003,,R-1-12,0,3.48,0.2669028346381703
Saratoga,,39342041,,R-1-10,0,4.36,0.24137965344131154
Saratoga,,38612062,,R-1-10,0,4.36,0.28627181197547585
Saratoga,,39316036,,R-1-12,0,3.48,0.2850520226077877
Saratoga,,38941029,,R-1-10,0,4.36,0.19259329255856886
Saratoga,,50329038,,R-1-40,0,1.09,1.2809013947310663
Saratoga,,39305019,,R-1-12,0,3.48,0.2983740832918207
Saratoga,,38616033,,R-1-10 SS,0,4.36,0.23316484356708073
Saratoga,,39715018,,R-1-40,0,1.09,39.35507991828375
Saratoga,,39708033,,R-1-40,0,1.09,2.1458914994047396
Saratoga,,38645026,,R-1-10,0,4.36,0.29480153909359536
Saratoga,,38659017,,R-1-10,0,4.36,0.02993677052795379
Saratoga,,38634029,,R-1-12,0,3.48,0.2893102755377916
Saratoga,,39744002,,R-M-3,0,20,0.053864150851355895
Saratoga,,38646023,,R-1-10,0,4.36,0.23382842228868098
Saratoga,,38914075,,R-1-10,0,4.36,0.25963341758877034
Saratoga,,51006036,,R-1-40,0,1.09,0.9177173185064857
Saratoga,,38917031,,R-1-10,0,4.36,0.22678334092632277
Saratoga,,39318014,,R-1-12,0,3.48,0.2531053403934728
Saratoga,,38634037,,R-1-12,0,3.48,0.32877064627522096
Saratoga,,40327071,,R-1-10,0,4.36,0.198885893878864
Saratoga,,38649014,,R-1-10,0,4.36,0.3621157494610931
Saratoga,,38645052,,R-1-10,0,4.36,0.24092936324205141
Saratoga,,38914050,,R-1-10,0,4.36,0.24821100371124002
Saratoga,,38940008,,R-1-20,0,2.18,0.5237028539072
Saratoga,,38918056,,R-1-10,0,4.36,0.24439557276796636
Saratoga,,36632008,,HR,0,1,1.8329710578497411
Saratoga,,39711041,,R-1-40,0,1.09,0.8679195601294456
Saratoga,,37825027,,R-1-15,0,2.9,0.2278887847325835
Saratoga,,50364008,,R-M-4,0,20,0.03161792078761417
Saratoga,,39307012,,R-1-12,0,3.48,0.3368478680144305
Saratoga,,50349034,,R-1-10,0,4.36,0.23653336584571977
Saratoga,,38646009,,R-1-10,0,4.36,0.23956687057537424
Saratoga,,38620038,,R-1-10 SS,0,4.36,0.24704139451479473
Saratoga,,39308023,,R-1-12,0,3.48,0.46938160262969186
Saratoga,,50330011,,HR,0,1,2.8642389644527335
Saratoga,,50361032,,R-M-4,0,20,0.031601659997299136
Saratoga,,38921017,,R-1-10,0,4.36,0.06766761019457443
Saratoga,,39705010,,R-1-40,0,1.09,1.0001410729721452
Saratoga,,38907035,,R-M-4,0,20,0.026155876056503193
Saratoga,,38614011,,R-1-10,0,4.36,2.802808221894601
Saratoga,,39727020,,R-1-10,0,4.36,0.21229916027069734
Saratoga,,50314042,,HR,0,1,1.050316155727034
Saratoga,,39311031,,R-1-12,0,3.48,0.3533732098065007
Saratoga,,50372031,,HR,0,1,0.9780475762851013
Saratoga,,39341011,,R-1-12,0,3.48,0.30375192451900596
Saratoga,,51005012,,R-1-40,0,1.09,0.7908140813288311
Saratoga,,50361020,,R-M-4,0,20,0.03584696404663929
Saratoga,,39315023,,R-1-12,0,3.48,0.28091498196378495
Saratoga,,38633011,,R-1-10,0,4.36,0.22544808801180471
Saratoga,,38651033,,R-1-12,0,3.48,0.282673088034817
Saratoga,,51708047,,R-1-10,0,4.36,0.1727238218240282
Saratoga,,39733010,,R-M-3,0,20,0.0688828137095408
Saratoga,,39709016,,R-1-40,0,1.09,0.8374497620196424
Saratoga,,51708026,,R-1-10,0,4.36,0.17875500215128434
Saratoga,,39722002,,CH-1,0,20,0.2585959752998412
Saratoga,,39732012,,R-1-40,0,1.09,0.807791126296482
Saratoga,,38908045,,R-M-3,0,20,0.033953465382899665
Saratoga,,51713041,,R-1-40,0,1.09,1.6087724379259638
Saratoga,,50381024,,R-1-12,0,3.48,0.34630396992916723
Saratoga,,39327031,,R-1-10,0,4.36,0.2437802341294082
Saratoga,,37825018,,R-1-15,0,2.9,0.4087563061817941
Saratoga,,50319101,,R-1-12,0,3.48,0.31791575529791916
Saratoga,,38652017,,R-1-10,0,4.36,0.21521682379020704
Saratoga,,38652041,,R-1-10,0,4.36,0.2467415313677005
Saratoga,,39301034,,CN,0,20,0.03593207012269059
Saratoga,,39336033,,R-1-20,0,2.18,0.4216822421055801
Saratoga,,51713037,,R-1-40,0,1.09,5.620948040705011
Saratoga,,50321016,,R-1-12,0,3.48,0.28567412961779126
Saratoga,,51719001,,R-1-20,0,2.18,1.1532664671287327
Saratoga,,39339010,,R-1-10,0,4.36,0.2699698793039684
Saratoga,,39332013,,R-1-12,0,3.48,0.3418887158594595
Saratoga,,38945010,,MU-PD,0,20,0.22247590318908594
Saratoga,,50309021,,HR,0,1,1.8527085970114086
Saratoga,,39711014,,R-1-40,0,1.09,1.16263391762839
Saratoga,,50318043,,R-1-12,0,3.48,0.32225945076332485
Saratoga,,39718097,,R-1-40,0,1.09,0.1548853892522364
Saratoga,,39715019,,R-1-40,0,1.09,1.0325280492730142
Saratoga,,50328059,,R-1-40,0,1.09,0.4092854573417926
Saratoga,,38620002,,R-1-10 SS,0,4.36,0.2589399072577991
Saratoga,,50352011,,R-1-10,0,4.36,0.29591067977216645
Saratoga,,38643034,,R-1-12,0,3.48,0.2912708087277791
Saratoga,,38936011,,R-1-15,0,2.9,0.3577409183859483
Saratoga,,38915065,,R-1-10,0,4.36,0.2303860232635452
Saratoga,,39718005,,R-1-40,0,1.09,0.5084943610596611
Saratoga,,39719034,,R-1-40,0,1.09,1.0691837885859432
Saratoga,,39329021,,R-1-12,0,3.48,0.293599283199128
Saratoga,,50323029,,R-1-15,0,2.9,0.39328785431468455
Saratoga,,38908035,,R-M-3,0,20,0.02468456589512138
Saratoga,,39720051,,R-1-20,0,2.18,0.5580920215425345
Saratoga,,38641056,,R-1-12,0,3.48,0.3160701387030933
Saratoga,,38921018,,R-1-10,0,4.36,0.14475429187852515
Saratoga,,38634007,,R-1-12,0,3.48,0.29862621800971245
Saratoga,,50355034,,R-1-40,0,1.09,0.9895063848086638
Saratoga,,39707089,,R-1-40,0,1.09,1.2186439565459857
Saratoga,,39736006,,R-1-40,0,1.09,0.8926010628434398
Saratoga,,39731004,,R-1-12,0,3.48,1.2285817745572716
Saratoga,,39342035,,R-1-10,0,4.36,0.1835500451730859
Saratoga,,38616011,,R-1-10 SS,0,4.36,0.24022244115091257
Saratoga,,38653031,,CN,0,20,1.2317583147842468
Saratoga,,39716092,,R-1-40 PC,0,1.09,0.7687634762720766
Saratoga,,39735011,,R-1-40,0,1.09,0.943831324359923
Saratoga,,50363086,,R-M-3,0,20,0.03254848234847646
Saratoga,,39743031,,R-1-10,0,4.36,0.24165264538967296
Saratoga,,50364003,,R-M-4,0,20,0.05299565577823779
Saratoga,,39715022,,R-1-40,0,1.09,1.1373940215727574
Saratoga,,38615031,,R-1-10 SS,0,4.36,0.2356876012037297
Saratoga,,39317006,,R-1-12,0,3.48,1.2843445192438294
Saratoga,,38632019,,R-1-12,0,3.48,0.3126054333265881
Saratoga,,50363085,,R-M-3,0,20,0.03254848234847646
Saratoga,,38661032,,R-1-10 SS,0,4.36,0.22885108168581744
Saratoga,,50319077,,R-1-12,0,3.48,0.30909397051810056
Saratoga,,38639028,,R-1-12,0,3.48,0.35022978836436697
Saratoga,,39702107,,R-1-40,0,1.09,0.9268110972329167
Saratoga,,39335006,,R-1-10,0,4.36,0.22895454389398956
Saratoga,,38938028,,R-1-10,0,4.36,0.19215494921195767
Saratoga,,50363063,,R-M-3,0,20,0.02058949972631045
Saratoga,,50372018,,HR,0,1,1.7286862805787715
Saratoga,,51708079,,CH-2,0,20,0.1439641460448417
Saratoga,,51714071,,HR,0,1,1.4054378922412012
Saratoga,,39705094,,R-1-40,0,1.09,0.9293287050054839
Saratoga,,39713010,,R-1-40,0,1.09,1.1932634743005222
Saratoga,,36621012,,HR,0,1,0.8126175803157341
Saratoga,,38609033,,R-1-10,0,4.36,0.6966786801560549
Saratoga,,38639026,,R-1-12,0,3.48,0.3098241983462396
Saratoga,,51002006,,R-1-20,0,2.18,0.8738844871984492
Saratoga,,51006005,,R-1-40,0,1.09,4.225989496620999
Saratoga,,38611040,,R-1-10,0,4.36,0.23675111036906105
Saratoga,,51711031,,R-1-15,0,2.9,0.5377865354231204
Saratoga,,38640039,,R-1-12,0,3.48,0.31941289256667327
Saratoga,,39713035,,R-1-40,0,1.09,1.0555155409879013
Saratoga,,51722127,,R-1-40,0,1.09,1.3882299731490328
Saratoga,,39333040,,R-1-12,0,3.48,0.32591582099736266
Saratoga,,50366011,,HR,0,1,1.1925257501573165
Saratoga,,39319020,,R-1-12,0,3.48,0.3008712110655127
Saratoga,,39313025,,R-1-12,0,3.48,0.22440401320420217
Saratoga,,39714015,,R-1-40,0,1.09,1.0328091184946282
Saratoga,,36628013,,R-1-12,0,3.48,0.08846444526605912
Saratoga,,50320068,,R-1-12,0,3.48,0.34955204636417336
Saratoga,,39739014,,R-M-3,0,20,0.032937815371944845
Saratoga,,36625028,,R-1-15,0,2.9,0.8610705643050148
Saratoga,,38942006,,R-1-10,0,4.36,0.24278218793971
Saratoga,,38656016,,CV,0,20,0.03312888585940486
Saratoga,,36650021,,HR,0,1,1.0021503051783882
Saratoga,,51711052,,R-1-15,0,2.9,0.34597259718988715
Saratoga,,38915047,,R-1-10,0,4.36,0.2965555157159011
Saratoga,,38918009,,R-1-10,0,4.36,0.25050090489070276
Saratoga,,38612048,,R-1-10,0,4.36,0.31063618596539705
Saratoga,,50376007,,CH-2,0,20,0.01784175966566284
Saratoga,,50327039,,R-1-10,0,4.36,0.1724128744816091
Saratoga,,36605039,,HR,0,1,1.3577235504200957
Saratoga,,38623071,,R-1-10 SS,0,4.36,0.2689419685352483
Saratoga,,38626036,,R-1-10,0,4.36,0.30417568486316054
Saratoga,,50328089,,R-1-40,0,1.09,1.1192595157457472
Saratoga,,38904006,,R-1-12,0,3.48,0.29285680951588844
Saratoga,,50325007,,CH-1,0,20,0.05655454422303078
Saratoga,,38630064,,CV,0,20,0.05237037776763294
Saratoga,,36605046,,HR,0,1,0.7556325842611215
Saratoga,,39306004,,R-1-12,0,3.48,0.3044022921810909
Saratoga,,39331007,,R-1-12,0,3.48,0.2973088656138949
Saratoga,,38937010,,R-1-10,0,4.36,0.2193781135336344
Saratoga,,39337049,,R-1-10,0,4.36,0.2531569358643585
Saratoga,,50327045,,R-1-10,0,4.36,0.17284027314986394
Saratoga,,38930053,,R-1-12,0,3.48,0.32270237154848735
Saratoga,,39335018,,R-1-10,0,4.36,0.22531022578677137
Saratoga,,50355019,,R-1-40,0,1.09,1.6357276471731212
Saratoga,,38662018,,R-M-5,0,20,0.08296653046654254
Saratoga,,50365040,,R-M-4,0,20,0.06584745386132054
Saratoga,,38909062,,R-M-3,0,20,0.03233868482390203
Saratoga,,38619030,,R-1-10 SS,0,4.36,0.24593366849780346
Saratoga,,40328085,,R-1-10,0,4.36,0.198172472508948
Saratoga,,39318016,,R-1-12,0,3.48,0.25502062421989696
Saratoga,,39338003,,R-1-10,0,4.36,0.3241611754306028
Saratoga,,40328030,,R-1-10,0,4.36,0.18679734543309237
Saratoga,,51708018,,R-1-10,0,4.36,0.4900079947855877
Saratoga,,38922020,,R-1-10,0,4.36,0.2871450676236881
Saratoga,,38652021,,R-1-10,0,4.36,0.2708107171212868
Saratoga,,50323056,,R-1-15,0,2.9,0.44849120109111096
Saratoga,,51710007,,R-1-10,0,4.36,0.18020053484524892
Saratoga,,50319098,,R-1-12,0,3.48,0.31716068227204486
Saratoga,,50377005,,R-1-12,0,3.48,0.2933645537059891
Saratoga,,38652027,,R-1-10,0,4.36,0.2602207596109295
Saratoga,,38926037,,R-1-10,0,4.36,0.08296281845118336
Saratoga,,39342013,,R-1-10,0,4.36,0.22884645333370648
Saratoga,,50324066,,CH-1,0,20,0.0827025953380037
Saratoga,,51708058,,R-M-3,0,20,0.21561143826819082
Saratoga,,50363017,,R-M-3,0,20,0.026571541131792994
Saratoga,,51714083,,HR,0,1,0.569135341925265
Saratoga,,51712027,,R-1-20,0,2.18,0.43447834693552967
Saratoga,,38611031,,R-1-10,0,4.36,0.23876034269465102
Saratoga,,38653039,,CN,0,20,0.10194453840363714
Saratoga,,38915026,,R-1-10,0,4.36,0.23038924334562666
Saratoga,,39709009,,R-1-40,0,1.09,1.2080417227146378
Saratoga,,51708080,,CH-2,0,20,0.05872103036996624
Saratoga,,38617049,,R-1-10 SS,0,4.36,0.4604484081506828
Saratoga,,39343042,,R-1-10,0,4.36,0.23178288946520828
Saratoga,,38918029,,R-1-10,0,4.36,0.292536512679707
Saratoga,,37821009,,R-1-10,0,4.36,0.23066103606352137
Saratoga,,39743029,,R-1-10,0,4.36,0.2410374652818829
Saratoga,,39325024,,R-1-20,0,2.18,2.028648806923142
Saratoga,,38913030,,R-1-10,0,4.36,0.26031176931781
Saratoga,,39702109,,R-1-40,0,1.09,0.9217368071707784
Saratoga,,38941038,,R-1-10,0,4.36,0.19661840925177246
Saratoga,,39318007,,R-1-12,0,3.48,0.2243090528074464
Saratoga,,39329020,,R-1-12,0,3.48,0.2314895075514917
Saratoga,,41040004,,R-1-40,0,1.09,0.10917533263428529
Saratoga,,39345019,,R-1-20,0,2.18,0.506331398824433
Saratoga,,39322025,,R-1-12,0,3.48,0.29672309520549517
Saratoga,,50320025,,R-1-40,0,1.09,0.49492287034913
Saratoga,,38601026,,CV,0,20,2.924036524572909
Saratoga,,50318047,,R-1-12,0,3.48,0.33185865418312566
Saratoga,,39323023,,R-1-12,0,3.48,0.4053524030418351
Saratoga,,36614035,,R-1-12,0,3.48,0.3338088303496342
Saratoga,,51713031,,R-1-40,0,1.09,1.0856269250029111
Saratoga,,39733019,,R-M-3,0,20,0.06887561656824802
Saratoga,,39713043,,R-1-40,0,1.09,0.8556625053283597
Saratoga,,38649035,,R-1-12,0,3.48,0.3396445836611465
Saratoga,,38640032,,R-1-12,0,3.48,0.32015836358170996
Saratoga,,36630013,,R-1-10,0,4.36,0.24353761451663644
Saratoga,,38640012,,R-1-12,0,3.48,0.2988357527100059
Saratoga,,39314028,,R-1-12,0,3.48,0.2872315784849412
Saratoga,,51707012,,R-1-10,0,4.36,0.20619936692319477
Saratoga,,38652023,,R-1-10,0,4.36,0.2672521190819243
Saratoga,,39718050,,R-1-40,0,1.09,1.027727132508963
Saratoga,,39301025,,CN,0,20,1.010409774212618
Saratoga,,50361028,,R-M-4,0,20,0.031606359879413216
Saratoga,,39311042,,R-1-12,0,3.48,0.3770161527641687
Saratoga,,51052012,,R-1-40,0,1.09,4.4024500293229725
Saratoga,,40328011,,R-1-10,0,4.36,0.19020688801740518
Saratoga,,38627053,,R-1-10,0,4.36,0.2132930194649401
Saratoga,,50323043,,R-1-15,0,2.9,0.34267398704603935
Saratoga,,38644035,,R-1-12,0,3.48,0.24285328829644456
Saratoga,,38917048,,R-1-10,0,4.36,0.2148867720458828
Saratoga,,38928009,,R-1-12,0,3.48,0.3361939999519165
Saratoga,,38636023,,R-1-12,0,3.48,0.5696520535206279
Saratoga,,51722021,,R-1-40,0,1.09,1.4465670389465115
Saratoga,,38930044,,R-1-10,0,4.36,0.2227086894280558
Saratoga,,50368003,,HR,0,1,2.180675184391481
Saratoga,,38660014,,CV,0,20,0.02132450218788031
Saratoga,,50324057,,CH-1,0,20,0.10885799466136682
Saratoga,,38601025,,CV,0,20,0.4331902217112112
Saratoga,,36623009,,R-1-10,0,4.36,0.2301997258522787
Saratoga,,39724019,,R-1-20,0,2.18,1.6975845445556317
Saratoga,,39343023,,R-1-10,0,4.36,0.3129140500629378
Saratoga,,50310044,,HR AP/OS,0,1,3.178244690261458
Saratoga,,38619035,,R-1-10 SS,0,4.36,0.27839477652634
Saratoga,,38605040,,R-1-10,0,4.36,0.24579316575615917
Saratoga,,39332020,,R-1-12,0,3.48,0.2869843926749798
Saratoga,,40323045,,R-1-10,0,4.36,0.18824768810358045
Saratoga,,38634049,,R-1-12,0,3.48,0.27411117171279975
Saratoga,,39719017,,R-1-40,0,1.09,0.9858974137650588
Saratoga,,50381009,,R-1-40,0,1.09,0.49790496008181023
Saratoga,,38661022,,R-1-10 SS,0,4.36,0.23448054673014468
Saratoga,,39738023,,R-M-3,0,20,0.026994604058384754
Saratoga,,39322044,,R-1-12,0,3.48,0.29731430990573837
Saratoga,,50356002,,HR,0,1,0.9846488830636261
Saratoga,,38922024,,R-1-10,0,4.36,0.3851132176802699
Saratoga,,39702097,,R-1-40,0,1.09,0.9312492197031749
Saratoga,,36605029,,HR,0,1,0.5685825487760078
Saratoga,,38914068,,R-1-10,0,4.36,0.27340781509236745
Saratoga,,38916044,,R-1-10,0,4.36,0.22385336564659755
Saratoga,,38909039,,R-M-3,0,20,0.02048143632356129
Saratoga,,51727011,,R-1-15,0,2.9,0.49729505953580144
Saratoga,,37824031,,R-1-10,0,4.36,0.2323946566937252
Saratoga,,39330018,,R-1-12,0,3.48,0.24883947917615212
Saratoga,,38918011,,R-1-10,0,4.36,0.23502823721059982
Saratoga,,39329003,,R-1-10,0,4.36,0.2291905387513776
Saratoga,,38654017,,R-1-10,0,4.36,0.16929584985659282
Saratoga,,50363016,,R-M-3,0,20,0.026570208783969432
Saratoga,,51713020,,HR,0,1,16.713395812975754
Saratoga,,38636015,,R-1-12,0,3.48,0.36823830273059166
Saratoga,,38607044,,R-1-10,0,4.36,0.2216288298685339
Saratoga,,36606027,,HR,0,1,1.2807794726790531
Saratoga,,50357011,,HR,0,1,1.5799312136976926
Saratoga,,38917053,,R-1-10,0,4.36,0.2518392686366277
Saratoga,,38909017,,R-M-3,0,20,0.00960967753984287
Saratoga,,50363105,,R-M-3,0,20,0.026568728019319237
Saratoga,,38626063,,R-1-10,0,4.36,0.2910742051536859
Saratoga,,39322005,,R-1-12,0,3.48,0.6879818729739547
Saratoga,,50354055,,R-1-12,0,3.48,0.2916075851576743
Saratoga,,39342011,,R-1-10,0,4.36,0.275873590381968
Saratoga,,38613045,,R-1-10,0,4.36,0.27231008082615066
Saratoga,,39717024,,R-1-40,0,1.09,1.1694496446254055
Saratoga,,38907023,,R-M-4,0,20,0.016650540291862328
Saratoga,,38605042,,R-1-10,0,4.36,0.24585791314250252
Saratoga,,38939001,,R-1-10,0,4.36,0.3415409903734387
Saratoga,,38926021,,R-1-10,0,4.36,0.23217842470253144
Saratoga,,39318038,,R-1-12,0,3.48,0.31060948903957125
Saratoga,,38659027,,R-1-10,0,4.36,0.027956432387371333
Saratoga,,38654002,,R-1-10,0,4.36,0.29872899476143183
Saratoga,,38619024,,R-1-10 SS,0,4.36,0.2446301144698825
Saratoga,,39319041,,R-1-12,0,3.48,0.2976100193688139
Saratoga,,38917006,,R-1-10,0,4.36,0.24230562688860763
Saratoga,,39344023,,R-1-10,0,4.36,0.3220249266467181
Saratoga,,39308013,,R-1-12,0,3.48,0.3115461144350435
Saratoga,,38607002,,R-1-10,0,4.36,0.23348299035286368
Saratoga,,50382043,,R-1-12,0,3.48,0.24368386959084115
Saratoga,,51720031,,R-1-20,0,2.18,0.39083667270455846
Saratoga,,38610049,,PA,0,20,0.26297875296295553
Saratoga,,51729015,,R-M-4,0,20,0.07257385100939812
Saratoga,,39346011,,R-1-12,0,3.48,0.32380346165770474
Saratoga,,39707088,,R-1-40,0,1.09,1.1707070287371424
Saratoga,,50360002,,R-M-4,0,20,0.03161230708440366
Saratoga,,50329053,,R-1-40,0,1.09,0.8237248051095187
Saratoga,,39719018,,R-1-40,0,1.09,0.9682638855939094
Saratoga,,39725002,,R-1-10,0,4.36,0.24000669077602566
Saratoga,,38937009,,R-1-10,0,4.36,0.2159365173369356
Saratoga,,39320037,,R-1-12,0,3.48,0.2824796067209359
Saratoga,,39713060,,R-1-40,0,1.09,0.9674959068427332
Saratoga,,39740001,,R-1-40,0,1.09,0.9672570721157034
Saratoga,,39331020,,R-1-12,0,3.48,0.23714158135014796
Saratoga,,50328048,,R-1-40,0,1.09,0.4458603218713057
Saratoga,,51004009,,R-1-40,0,1.09,0.9508227054407192
Saratoga,,38651031,,R-1-12,0,3.48,0.28876381592543277
Saratoga,,38913055,,R-1-10,0,4.36,0.26226155184394295
Saratoga,,50328030,,R-1-40,0,1.09,0.3714278809118598
Saratoga,,38640008,,R-1-12,0,3.48,0.2838518269176135
Saratoga,,51708010,,CH-2,0,20,0.15839982924830454
Saratoga,,39345024,,R-1-20,0,2.18,0.3540763083689751
Saratoga,,38626018,,R-1-12,0,3.48,0.2437771711934684
Saratoga,,50323007,,R-1-15,0,2.9,0.31832680796659363
Saratoga,,51721009,,R-1-20,0,2.18,1.14840792597092
Saratoga,,38645057,,R-1-10,0,4.36,0.2825169085635964
Saratoga,,38645048,,R-1-10,0,4.36,0.32416901093795064
Saratoga,,39315003,,R-1-12,0,3.48,0.3080373169981602
Saratoga,,50319105,,R-1-12,0,3.48,0.32178137067911056
Saratoga,,39319061,,R-1-12,0,3.48,0.263707261606261
Saratoga,,50382026,,R-1-40,0,1.09,1.037260108880858
Saratoga,,39340024,,R-1-12,0,3.48,0.2845891601638367
Saratoga,,38623070,,R-1-10 SS,0,4.36,0.3928739886213467
Saratoga,,39340019,,R-1-10,0,4.36,0.27043043449097565
Saratoga,,38608042,,R-1-10,0,4.36,0.2389123078947625
Saratoga,,38630060,,CV,0,20,0.0523744213337392
Saratoga,,39718004,,R-1-40,0,1.09,1.0505112295640084
Saratoga,,50355064,,R-1-40,0,1.09,1.0833163149651288
Saratoga,,38938009,,R-1-10,0,4.36,0.21096459516665658
Saratoga,,50327048,,R-1-10,0,4.36,0.1731006236082428
Saratoga,,51721022,,R-1-20,0,2.18,0.4595385142063614
Saratoga,,39314026,,R-1-12,0,3.48,0.3603534604159022
Saratoga,,38607075,,R-1-10,0,4.36,0.4156732113601791
Saratoga,,38646035,,R-1-10,0,4.36,0.2578153238152127
Saratoga,,38651044,,R-1-12,0,3.48,0.3577234147698434
Saratoga,,39717026,,R-1-40,0,1.09,1.0216012510381522
Saratoga,,50381007,,R-1-40,0,1.09,0.7283500490788672
Saratoga,,50328062,,R-1-40,0,1.09,0.5621451090206583
Saratoga,,39303024,,R-1-12,0,3.48,0.2908540770498115
Saratoga,,39333018,,R-1-12,0,3.48,0.22312326414238864
Saratoga,,38906023,,PA,0,20,0.02285041886570486
Saratoga,,39316002,,R-1-12,0,3.48,0.32684860045984293
Saratoga,,50354035,,R-1-12,0,3.48,0.3253878957081867
Saratoga,,50323006,,R-1-15,0,2.9,0.7045445300319008
Saratoga,,51024016,,HR,0,1,1.094507547994753
Saratoga,,38615028,,R-1-10 SS,0,4.36,0.2300211492339557
Saratoga,,50314004,,HR,0,1,0.7391296604776121
Saratoga,,50320064,,R-1-12,0,3.48,0.29237300176938213
Saratoga,,50369038,,HR,0,1,1.0614773857781836
Saratoga,,39708042,,R-1-40,0,1.09,0.9359659990742771
Saratoga,,39342026,,R-1-10,0,4.36,0.18876781823466876
Saratoga,,39332021,,R-1-12,0,3.48,0.28541450762526543
Saratoga,,38916040,,R-1-10,0,4.36,0.24308139128143896
Saratoga,,39316019,,R-1-12,0,3.48,0.29528727929837323
Saratoga,,38915087,,R-1-10,0,4.36,0.25133737859947974
Saratoga,,39716034,,R-1-20,0,2.18,0.7689679613121436
Saratoga,,38615002,,R-1-10 SS,0,4.36,0.23199220869913162
Saratoga,,38608008,,R-1-10,0,4.36,0.25150012890974205
Saratoga,,39717065,,R-1-40,0,1.09,0.9585876883993117
Saratoga,,38632025,,R-1-12,0,3.48,0.4397654355478154
Saratoga,,38658001,,R-1-10,0,4.36,0.030740433465177335
Saratoga,,38627063,,R-1-10,0,4.36,0.2909135039235793
Saratoga,,36625007,,R-1-12,0,3.48,0.28820720977955505
Saratoga,,39311002,,R-1-12,0,3.48,0.37073912095481526
Saratoga,,51708062,,R-1-10,0,4.36,0.15422463722890728
Saratoga,,38635067,,R-1-10,0,4.36,0.2699382516202038
Saratoga,,36630019,,R-1-10,0,4.36,0.2801291855967501
Saratoga,,38918036,,R-1-10,0,4.36,0.2466639225517172
Saratoga,,50320110,,R-1-12,0,3.48,0.45721927938035967
Saratoga,,38946007,,R-1-10,0,4.36,0.2910710414801505
Saratoga,,39330027,,R-1-12,0,3.48,0.30614655985796
Saratoga,,38941034,,R-1-10,0,4.36,0.192736707896254
Saratoga,,50323015,,R-1-10,0,4.36,0.19337804768181377
Saratoga,,38633034,,R-1-10,0,4.36,0.27512380922731333
Saratoga,,38939006,,R-1-10,0,4.36,0.3036044320282881
Saratoga,,39734014,,R-1-20,0,2.18,0.7016645295740821
Saratoga,,50318040,,R-1-12,0,3.48,0.2986946870646025
Saratoga,,36613079,,R-1-12,0,3.48,0.3021461882507612
Saratoga,,38653022,,R-1-10,0,4.36,0.29590988004289326
Saratoga,,38643039,,R-1-12,0,3.48,0.723840077639904
Saratoga,,39723018,,R-1-10,0,4.36,0.18871345909624
Saratoga,,39316030,,R-1-12,0,3.48,0.3230435795452715
Saratoga,,39325010,,R-1-10,0,4.36,0.2653224790323144
Saratoga,,38619006,,R-1-10 SS,0,4.36,0.23343972191583262
Saratoga,,50317041,,R-1-15,0,2.9,0.34873264754277766
Saratoga,,39330016,,R-1-12,0,3.48,0.2720909548582857
Saratoga,,38658043,,R-1-10,0,4.36,0.030124675343149422
Saratoga,,38907040,,R-M-4,0,20,0.026157408417134362
Saratoga,,38941028,,R-1-10,0,4.36,0.19262275305428844
Saratoga,,39705054,,R-1-40,0,1.09,0.8800294243042878
Saratoga,,37825023,,R-1-15,0,2.9,0.37768150489428626
Saratoga,,38650004,,R-1-12,0,3.48,0.30547161302173753
Saratoga,,39320039,,R-1-12,0,3.48,0.28694317871535935
Saratoga,,51720039,,R-1-20,0,2.18,0.6884268946388962
Saratoga,,36622012,,R-1-10,0,4.36,0.2525300914470258
Saratoga,,39322016,,R-1-12,0,3.48,0.3767833817883659
Saratoga,,51712026,,R-1-20,0,2.18,0.5390778276254573
Saratoga,,39338007,,R-1-10,0,4.36,0.26305003165301394
Saratoga,,39337027,,R-1-10,0,4.36,0.31037453016037525
Saratoga,,39319036,,R-1-12,0,3.48,0.2945003389669718
Saratoga,,38904008,,R-1-12,0,3.48,0.2884784289570571
Saratoga,,39315006,,R-1-12,0,3.48,0.3889907939805831
Saratoga,,38619074,,R-1-10 SS,0,4.36,0.2649960050671073
Saratoga,,51714059,,HR,0,1,0.17147530614620854
Saratoga,,38607035,,R-1-10,0,4.36,0.2262507715566562
Saratoga,,40328064,,R-1-10,0,4.36,0.19406270419975194
Saratoga,,39314023,,R-1-12,0,3.48,0.3621208642591868
Saratoga,,38914055,,R-1-10,0,4.36,0.2701750914390127
Saratoga,,38634031,,R-1-12,0,3.48,0.2893396353485567
Saratoga,,38915002,,R-1-10,0,4.36,0.23343073893403976
Saratoga,,39313007,,R-1-10,0,4.36,0.23971380922432894
Saratoga,,39335022,,R-1-10,0,4.36,0.299031055130474
Saratoga,,38629052,,R-1-12,0,3.48,0.29267536322606996
Saratoga,,50361033,,R-M-4,0,20,0.0316114438006241
Saratoga,,39709008,,R-1-40,0,1.09,0.9625028172423522
Saratoga,,36606045,,HR,0,1,1.1248604044547803
Saratoga,,50355002,,R-1-40,0,1.09,0.44279581149957664
Saratoga,,50372011,,HR,0,1,2.7279909349626057
Saratoga,,38943019,,R-1-20,0,2.18,0.6772543455478535
Saratoga,,39719012,,R-1-40,0,1.09,0.8054937465106327
Saratoga,,38633027,,R-1-10,0,4.36,0.23111231130072257
Saratoga,,50328075,,R-1-40,0,1.09,0.49389879371201123
Saratoga,,38617040,,R-1-10 SS,0,4.36,0.23122747744522132
Saratoga,,38927045,,R-1-12,0,3.48,0.3729980578044976
Saratoga,,50317046,,R-1-15,0,2.9,0.34472140012645186
Saratoga,,39337042,,R-1-10,0,4.36,0.23613851698928068
Saratoga,,50350011,,R-1-12,0,3.48,0.42226677922671957
Saratoga,,39345008,,R-1-20,0,2.18,1.3353410766838913
Saratoga,,39327045,,R-1-10,0,4.36,0.23940078525915012
Saratoga,,38946003,,R-1-10,0,4.36,0.23226961069920138
Saratoga,,40327043,,R-1-10,0,4.36,0.19133316080367632
Saratoga,,38917041,,R-1-10,0,4.36,0.23158844816607757
Saratoga,,39725089,,R-1-20,0,2.18,0.48683384138382785
Saratoga,,39739025,,R-M-3,0,20,0.04422406854111235
Saratoga,,38655003,,R-1-10,0,4.36,0.2359776010320911
Saratoga,,38620008,,R-1-10 SS,0,4.36,0.2536617091258144
Saratoga,,38908027,,R-M-3,0,20,0.00949388517428988
Saratoga,,38917063,,R-1-10,0,4.36,0.22785286511720887
Saratoga,,51720025,,R-1-20,0,2.18,0.5238915601430153
Saratoga,,38925046,,R-1-10,0,4.36,0.5148103502946985
Saratoga,,50329124,,R-1-40,0,1.09,2.6000964269737445
Saratoga,,38921007,,R-1-10,0,4.36,0.2212838747852807
Saratoga,,38926022,,R-1-10,0,4.36,0.19613838115267715
Saratoga,,38621025,,R-1-10 SS,0,4.36,0.23046532708712789
Saratoga,,39720037,,R-1-20,0,2.18,0.7384103650817033
Saratoga,,38633049,,R-1-10,0,4.36,0.24709587344893347
Saratoga,,38628002,,R-1-10,0,4.36,0.31759440559587593
Saratoga,,38613010,,R-1-10,0,4.36,0.25110909580242824
Saratoga,,51709066,,CH-1,0,20,0.0178120753124267
Saratoga,,39725007,,R-1-10,0,4.36,0.2732297494135586
Saratoga,,39318031,,R-1-12,0,3.48,0.28962442089455304
Saratoga,,39320040,,R-1-12,0,3.48,0.2851841408538907
Saratoga,,39330004,,R-1-12,0,3.48,0.2869515271963026
Saratoga,,39319038,,R-1-12,0,3.48,0.2940021366223806
Saratoga,,50381010,,R-1-12,0,3.48,0.36775333393731413
Saratoga,,38642003,,R-1-12,0,3.48,0.2742739010016209
Saratoga,,51712010,,R-1-10,0,4.36,0.645440640819159
Saratoga,,39309001,,R-1-12,0,3.48,0.333020628193034
Saratoga,,39342029,,R-1-10,0,4.36,0.18367633536510802
Saratoga,,38606010,,R-1-10,0,4.36,0.2238232141863427
Saratoga,,38629020,,R-1-12,0,3.48,0.24096110497349982
Saratoga,,39743043,,R-1-10,0,4.36,0.23491480257924807
Saratoga,,38922002,,R-1-10,0,4.36,0.19334558335055996
Saratoga,,38605083,,R-1-10,0,4.36,0.262887389832188
Saratoga,,38634044,,R-1-12,0,3.48,0.30578068206843434
Saratoga,,39703080,,R-1-40,0,1.09,1.3020156989885552
Saratoga,,36636004,,CV,0,20,0.03587251258420547
Saratoga,,38606028,,R-1-10,0,4.36,0.23941823838330153
Saratoga,,38640042,,R-1-12,0,3.48,0.3070422614299835
Saratoga,,51710013,,R-1-10,0,4.36,0.8208657064554171
Saratoga,,39324019,,R-1-12,0,3.48,0.26566333691312166
Saratoga,,36627004,,R-1-12,0,3.48,1.1063752886801606
Saratoga,,38914060,,R-1-10,0,4.36,0.2386523014109912
Saratoga,,51713027,,R-1-40,0,1.09,1.2436526571110478
Saratoga,,39322042,,R-1-12,0,3.48,0.4947987015452643
Saratoga,,50358024,,R-1-12,0,3.48,0.39679603660364254
Saratoga,,38641006,,R-1-10,0,4.36,0.2619411106961856
Saratoga,,40328008,,R-1-10,0,4.36,0.1866213948271354
Saratoga,,38932009,,R-1-20,0,2.18,0.4699372898834377
Saratoga,,36614025,,R-1-15,0,2.9,0.3492788048382498
Saratoga,,38654035,,R-1-10,0,4.36,0.270490762506687
Saratoga,,38912007,,R-1-10,0,4.36,0.2295380217418309
Saratoga,,51727002,,R-1-15,0,2.9,0.5586880927740484
Saratoga,,39733014,,R-M-3,0,20,0.06888078655552678
Saratoga,,38939012,,R-1-10,0,4.36,0.34276493487392784
Saratoga,,36605072,,HR,0,1,0.8338491689944857
Saratoga,,38661020,,R-1-10 SS,0,4.36,0.2512208668469859
Saratoga,,36627016,,R-1-12,0,3.48,0.2848198214002022
Saratoga,,50360013,,R-M-4,0,20,0.05298643620763374
Saratoga,,38609029,,R-1-10,0,4.36,0.28272303637230506
Saratoga,,39331010,,R-1-12,0,3.48,0.3028440147966347
Saratoga,,38643007,,R-1-12,0,3.48,0.2835246685399449
Saratoga,,39718092,,R-1-40,0,1.09,2.2032869925149896
Saratoga,,39323024,,R-1-12,0,3.48,0.43245971881027895
Saratoga,,50352021,,R-1-10,0,4.36,0.29794736507770153
Saratoga,,39722048,,R-1-10,0,4.36,0.18117650213615352
Saratoga,,36623046,,R-1-10,0,4.36,0.30161767258497496
Saratoga,,39335016,,R-1-10,0,4.36,0.2267934059452553
Saratoga,,39707083,,R-1-40,0,1.09,1.0327115743319257
Saratoga,,38656033,,CV,0,20,0.04360735117753509
Saratoga,,50353038,,R-1-20,0,2.18,0.5644110757103805
Saratoga,,38605014,,R-1-10,0,4.36,0.2274764674620938
Saratoga,,38629061,,R-1-12,0,3.48,0.30376555636323305
Saratoga,,38621008,,R-1-10 SS,0,4.36,0.27698141887248645
Saratoga,,36605057,,HR,0,1,0.5206228306168225
Saratoga,,38907017,,R-M-4,0,20,0.03052789333386458
Saratoga,,39707012,,R-1-40,0,1.09,0.9847496983047607
Saratoga,,41040005,,R-1-40,0,1.09,0.0642532057911599
Saratoga,,50353050,,R-1-40,0,1.09,0.9759042286499118
Saratoga,,39725087,,R-1-20,0,2.18,0.4841016688968827
Saratoga,,38636036,,R-1-12,0,3.48,0.30473101683784265
Saratoga,,51719040,,R-1-20,0,2.18,1.2918011273160337
Saratoga,,39743034,,R-1-40,0,1.09,0.8079017338190012
Saratoga,,36613006,,R-1-12,0,3.48,0.24893499222435522
Saratoga,,51718012,,R-1-40,0,1.09,2.0012304648783035
Saratoga,,38651026,,R-1-12,0,3.48,0.29067420008700384
Saratoga,,38918039,,R-1-10,0,4.36,0.23214807289742062
Saratoga,,39333005,,R-1-12,0,3.48,0.23821704690548454
Saratoga,,51722094,,R-1-40,0,1.09,0.9871918057425698
Saratoga,,50363078,,R-M-3,0,20,0.02058417026016625
Saratoga,,38907029,,R-M-4,0,20,0.02615447430185602
Saratoga,,39704070,,R-1-40,0,1.09,0.9654422139690377
Saratoga,,38927007,,R-1-10,0,4.36,0.24332056720893916
Saratoga,,39706081,,R-1-40,0,1.09,1.1824348764002157
Saratoga,,50350026,,R-1-12,0,3.48,0.31818846158180525
Saratoga,,51736004,,HR,0,1,0.7774944573847897
Saratoga,,38614016,,R-1-10,0,4.36,3.7502428989684033
Saratoga,,39732015,,R-1-40,0,1.09,0.7212818089601131
Saratoga,,39725030,,R-1-10,0,4.36,0.3003895951084999
Saratoga,,36614047,,R-1-12,0,3.48,0.2878514570873247
Saratoga,,38619083,,R-1-10 SS,0,4.36,0.2349425261468563
Saratoga,,39338015,,R-1-10,0,4.36,0.28680393337410226
Saratoga,,39327055,,R-1-10,0,4.36,0.23914581520138642
Saratoga,,39716071,,R-1-40 PC,0,1.09,0.7966635398789652
Saratoga,,50322068,,R-1-10,0,4.36,0.38694038829059557
Saratoga,,38907002,,R-M-4,0,20,0.020552125104026
Saratoga,,50315077,,HR,0,1,5.317969369863066
Saratoga,,36605079,,R-1-10,0,4.36,0.3977881451909661
Saratoga,,38653021,,R-1-10,0,4.36,0.31285932211060324
Saratoga,,39345022,,R-1-20,0,2.18,0.4639043128475484
Saratoga,,50365022,,R-M-4,0,20,0.05299629973340171
Saratoga,,39312016,,R-1-12,0,3.48,0.4110878450119952
Saratoga,,39308021,,R-1-12,0,3.48,0.3740055740478318
Saratoga,,50360011,,R-M-4,0,20,0.05300255606406916
Saratoga,,39325014,,R-1-20,0,2.18,0.5745624338296846
Saratoga,,39310011,,R-1-12,0,3.48,0.32840109339647683
Saratoga,,50349022,,R-1-12,0,3.48,0.33982041522465434
Saratoga,,50328017,,R-1-40,0,1.09,0.4268827198064779
Saratoga,,39308024,,R-1-12,0,3.48,0.36516192634012606
Saratoga,,51718021,,R-1-40,0,1.09,1.3496716425707005
Saratoga,,50358029,,R-1-12,0,3.48,0.2939711560275303
Saratoga,,51714043,,R-1-40,0,1.09,1.0056309314149665
Saratoga,,38913031,,R-1-10,0,4.36,0.2503399082958635
Saratoga,,36614058,,R-1-15,0,2.9,0.3297971329572995
Saratoga,,38636053,,R-1-12,0,3.48,0.28784822675683847
Saratoga,,39304019,,R-1-12,0,3.48,0.4010398349394546
Saratoga,,36605048,,HR,0,1,0.5089792191232979
Saratoga,,39706098,,R-1-40,0,1.09,0.9091296175168329
Saratoga,,50353056,,R-1-40,0,1.09,0.7138999862721469
Saratoga,,36621001,,HR,0,1,0.06194008459551372
Saratoga,,50353059,,R-1-40,0,1.09,0.5452975714096343
Saratoga,,39331018,,R-1-12,0,3.48,0.28950967864653476
Saratoga,,36656021,,CV,0,20,0.0668340310688239
Saratoga,,39726002,,R-1-12,0,3.48,0.5746161114157112
Saratoga,,38908020,,R-M-3,0,20,0.028239689524433568
Saratoga,,40327018,,R-1-10,0,4.36,0.18741823976785713
Saratoga,,38654050,,R-1-10,0,4.36,0.26261109528350446
Saratoga,,38941054,,R-1-15,0,2.9,0.35892636270346256
Saratoga,,38915069,,R-1-10,0,4.36,0.23661295534801527
Saratoga,,39728049,,R-1-10,0,4.36,0.14943457560613807
Saratoga,,39706088,,R-1-40,0,1.09,1.050613902622789
Saratoga,,38922013,,R-1-10,0,4.36,0.18027781374891688
Saratoga,,38930037,,R-1-10,0,4.36,0.2305948039979594
Saratoga,,37824045,,R-1-10,0,4.36,0.22408215145183363
Saratoga,,39724099,,R-1-20,0,2.18,0.5020235352731142
Saratoga,,38937003,,R-1-10,0,4.36,0.19036790884946198
Saratoga,,38619033,,R-1-10 SS,0,4.36,0.23806516329854407
Saratoga,,38931037,,R-1-20,0,2.18,0.4800430885813974
Saratoga,,50364026,,R-M-4,0,20,0.0530009430629472
Saratoga,,50318004,,R-1-12,0,3.48,0.44808628540175827
Saratoga,,50353048,,R-1-40,0,1.09,0.4555908269529644
Saratoga,,50329119,,R-1-40,0,1.09,1.1453905318384985
Saratoga,,50329050,,R-1-40,0,1.09,1.0235701369717314
Saratoga,,38607030,,R-1-10,0,4.36,0.24539552770332637
Saratoga,,36620024,,R-1-12,0,3.48,0.3004188201357309
Saratoga,,37821007,,R-1-10,0,4.36,0.22830073676783483
Saratoga,,40328050,,R-1-10,0,4.36,0.1918448194384689
Saratoga,,51001009,,R-1-20,0,2.18,0.6677066206888118
Saratoga,,50329094,,R-1-40,0,1.09,0.7944873980277931
Saratoga,,39701010,,R-1-40,0,1.09,1.328091908710466
Saratoga,,39728050,,R-1-10,0,4.36,0.16878432139274796
Saratoga,,50363103,,R-M-3,0,20,0.026567493244102396
Saratoga,,39721032,,R-1-20,0,2.18,0.868108265386054
Saratoga,,39729012,,R-1-12,0,3.48,33.73426232757367
Saratoga,,38626008,,R-1-10,0,4.36,0.23087459343472938
Saratoga,,50350008,,R-1-12,0,3.48,0.31955357703728765
Saratoga,,38622009,,R-1-10,0,4.36,3.089683307371301
Saratoga,,38907020,,R-M-4,0,20,0.026156091022398367
Saratoga,,50354061,,R-1-12,0,3.48,0.5684198485197424
Saratoga,,39321007,,R-1-12,0,3.48,0.06417593614531902
Saratoga,,38634043,,R-1-12,0,3.48,0.3470234333325006
Saratoga,,50316072,,R-1-40,0,1.09,1.411410984341617
Saratoga,,38906009,,PA,0,20,0.5853542242461084
Saratoga,,39708023,,R-1-40,0,1.09,0.9681800974921235
Saratoga,,38661033,,R-1-10 SS,0,4.36,0.23313517310457507
Saratoga,,51708022,,R-1-10,0,4.36,0.1238040998168624
Saratoga,,36606048,,HR,0,1,1.6126418949639696
Saratoga,,50358026,,R-1-12,0,3.48,0.3973049963600975
Saratoga,,36614034,,R-1-12,0,3.48,0.2995006992426771
Saratoga,,38613052,,R-1-10,0,4.36,0.27367895975502315
Saratoga,,39733018,,R-M-3,0,20,0.06887561656824802
Saratoga,,38607020,,R-1-10,0,4.36,0.2297927056943347
Saratoga,,38633069,,R-1-10,0,4.36,0.25786434069643704
Saratoga,,39309032,,R-1-12,0,3.48,0.3267642209415638
Saratoga,,38626042,,R-1-10,0,4.36,0.226322284143614
Saratoga,,38627035,,R-1-10,0,4.36,0.2609129487482863
Saratoga,,50331070,,HR,0,1,1.0722331086234185
Saratoga,,39729018,,R-1-12,0,3.48,0.8971521729855436
Saratoga,,38659023,,R-1-10,0,4.36,0.024125590470603725
Saratoga,,38938058,,R-1-10,0,4.36,0.1941228169144788
Saratoga,,37821010,,R-1-10,0,4.36,0.23182240470469034
Saratoga,,39307023,,R-1-12,0,3.48,0.2945552789616331
Saratoga,,40328046,,R-1-10,0,4.36,0.19392093083088138
Saratoga,,39318042,,R-1-12,0,3.48,0.28441212432429797
Saratoga,,38643021,,R-1-12,0,3.48,0.3087102722455632
Saratoga,,50349046,,R-1-12,0,3.48,0.30093314007432725
Saratoga,,50353025,,R-1-40,0,1.09,0.5318036140662791
Saratoga,,38914066,,R-1-10,0,4.36,0.2891838394879802
Saratoga,,39342019,,R-1-10,0,4.36,0.1951603283806387
Saratoga,,40716008,,R-OS*,0,0.1,0.08914810968901986
Saratoga,,38913037,,R-1-10,0,4.36,0.25906365611463317
Saratoga,,38902007,,R-1-12,0,3.48,0.2997613541103912
Saratoga,,39702035,,R-1-40,0,1.09,0.04378088872431941
Saratoga,,39719002,,R-1-40,0,1.09,1.0494641533764237
Saratoga,,39344010,,R-1-10,0,4.36,0.2782021377051413
Saratoga,,39725074,,R-1-12,0,3.48,0.24965872788952292
Saratoga,,38924016,,R-1-10,0,4.36,0.38304460301545373
Saratoga,,51006068,,R-1-40,0,1.09,1.5561719298789902
Saratoga,,39718095,,R-1-40,0,1.09,1.0920775053058442
Saratoga,,38616015,,R-1-10 SS,0,4.36,0.2698683883487733
Saratoga,,39707108,,R-1-40,0,1.09,1.043305209004397
Saratoga,,50380001,,HR,0,1,2.1043610081778397
Saratoga,,38653024,,R-1-10,0,4.36,0.24989960947637077
Saratoga,,50327036,,R-1-10,0,4.36,0.1722542415128827
Saratoga,,40323040,,R-1-10,0,4.36,0.2218166403093567
Saratoga,,38650032,,R-1-12,0,3.48,0.28783466156988524
Saratoga,,50355025,,R-1-40,0,1.09,0.01474116698496709
Saratoga,,50355040,,R-1-40,0,1.09,0.8409644364818099
Saratoga,,39305018,,R-1-12,0,3.48,0.28336166652189715
Saratoga,,38613041,,R-1-10,0,4.36,0.27245903162265767
Saratoga,,38651013,,R-1-12,0,3.48,0.29601802237102864
Saratoga,,38902021,,R-1-12,0,3.48,0.30896194748432676
Saratoga,,39706060,,R-1-40,0,1.09,1.2720062135301808
Saratoga,,50317044,,R-1-15,0,2.9,0.35696130432734235
Saratoga,,38662009,,R-M-5,0,20,0.10068370255015871
Saratoga,,38611022,,R-1-10,0,4.36,0.23642650103920493
Saratoga,,39707007,,R-1-40,0,1.09,0.8756246642409116
Saratoga,,36635012,,CV,0,20,0.0335904300782642
Saratoga,,39733021,,R-M-3,0,20,0.06887561656824802
Saratoga,,50382023,,R-1-12,0,3.48,0.44046735565826795
Saratoga,,50358005,,R-1-12,0,3.48,0.31004875105001256
Saratoga,,51713035,,R-1-40,0,1.09,1.9230436026034177
Saratoga,,38661018,,R-1-10 SS,0,4.36,0.24046484076578925
Saratoga,,38924004,,R-1-10,0,4.36,0.2658118680680457
Saratoga,,50327100,,R-1-10,0,4.36,0.1793898632957714
Saratoga,,36613045,,R-1-12,0,3.48,0.273875155284145
Saratoga,,39713018,,R-1-40,0,1.09,0.9927331580001422
Saratoga,,50377014,,R-1-12,0,3.48,0.31337972335157865
Saratoga,,39301020,,R-1-12,0,3.48,0.29327853351003025
Saratoga,,39320038,,R-1-12,0,3.48,0.28300772179669587
Saratoga,,39744020,,R-M-3,0,20,0.14364035895564872
Saratoga,,39706059,,R-1-40,0,1.09,0.982793746566352
Saratoga,,38922032,,R-1-10,0,4.36,0.19183441264975562
Saratoga,,38629067,,R-1-12,0,3.48,0.29556160317118035
Saratoga,,39704116,,R-1-40,0,1.09,0.9202884607283007
Saratoga,,38927027,,R-1-12,0,3.48,0.2983857609299947
Saratoga,,39707093,,R-1-40,0,1.09,1.151161718152474
Saratoga,,39704083,,R-1-40,0,1.09,0.8951849893624304
Saratoga,,38641050,,R-1-12,0,3.48,0.28487470738772247
Saratoga,,38904034,,R-1-12,0,3.48,0.3286054000199808
Saratoga,,38653014,,R-1-10,0,4.36,0.2572098003581109
Saratoga,,38607031,,R-1-10,0,4.36,0.24152842740944883
Saratoga,,38929011,,R-1-10,0,4.36,0.23257226412366236
Saratoga,,40327086,,R-1-10,0,4.36,0.19198941007273398
Saratoga,,39710025,,R-1-40,0,1.09,1.007811827437356
Saratoga,,39317002,,R-1-12,0,3.48,9.433160862083962
Saratoga,,38609048,,R-1-10,0,4.36,0.5930722292016434
Saratoga,,50314006,,HR,0,1,1.0442045286499055
Saratoga,,38608014,,R-1-10,0,4.36,0.2420619721256958
Saratoga,,38918010,,R-1-10,0,4.36,0.24439886249333131
Saratoga,,39723043,,R-1-10,0,4.36,0.18105782695302006
Saratoga,,39718093,,R-1-40,0,1.09,0.9570521174056146
Saratoga,,38634009,,R-1-12,0,3.48,0.3301956640188664
Saratoga,,38606030,,R-1-10,0,4.36,0.28212345432023755
Saratoga,,40328062,,R-1-10,0,4.36,0.19395544747179272
Saratoga,,51719066,,R-1-20,0,2.18,0.7278206569218245
Saratoga,,50349044,,R-1-40,0,1.09,0.9664383314419288
Saratoga,,39335025,,R-1-10,0,4.36,0.25565169568584367
Saratoga,,39725011,,R-1-10,0,4.36,0.2862368546114081
Saratoga,,38619013,,R-1-10 SS,0,4.36,0.24627596632407878
Saratoga,,39305031,,R-1-12,0,3.48,0.33766509706879577
Saratoga,,50354024,,R-1-12,0,3.48,0.27449629610158527
Saratoga,,39305012,,R-1-12,0,3.48,0.31461370838665054
Saratoga,,36614054,,R-1-12,0,3.48,0.2993235802004544
Saratoga,,50327022,,R-1-10,0,4.36,0.16588824005992828
Saratoga,,38929016,,R-1-10,0,4.36,0.17012666179747135
Saratoga,,39720044,,R-1-20,0,2.18,0.5709407566936899
Saratoga,,38629075,,R-1-12,0,3.48,0.32493830543478563
Saratoga,,38641041,,R-1-12,0,3.48,0.3463215413464822
Saratoga,,50358028,,R-1-12,0,3.48,0.29522970403833687
Saratoga,,39709010,,R-1-40,0,1.09,2.4478430003000184
Saratoga,,40322004,,R-1-40,0,1.09,0.5086347016096192
Saratoga,,50358006,,R-1-12,0,3.48,0.32888029593968954
Saratoga,,50355059,,R-1-40,0,1.09,1.24809752730436
Saratoga,,39723036,,R-1-10,0,4.36,0.2417248780379898
Saratoga,,50329011,,R-1-40,0,1.09,1.2300100919833064
Saratoga,,50349019,,R-1-12,0,3.48,0.358336129977661
Saratoga,,39309010,,R-1-12,0,3.48,0.313990772178504
Saratoga,,36622033,,CN,0,20,0.2604740830329484
Saratoga,,36635020,,CV,0,20,0.14325725210311546
Saratoga,,39718003,,R-1-40,0,1.09,0.9699600930660468
Saratoga,,39320023,,R-1-12,0,3.48,0.3406151523569302
Saratoga,,51711049,,R-1-15,0,2.9,0.34787313354202387
Saratoga,,50322020,,R-1-10,0,4.36,0.20143263352561333
Saratoga,,39703002,,R-1-40,0,1.09,0.976011581426346
Saratoga,,36630002,,R-1-10,0,4.36,0.3041793615555899
Saratoga,,50317010,,HR,0,1,2.1560372747042473
Saratoga,,40322029,,R-1-10,0,4.36,0.4961363688478406
Saratoga,,38648018,,R-1-10 PC,0,4.36,0.1211646280244895
Saratoga,,39338016,,R-1-10,0,4.36,0.30352919849706406
Saratoga,,37825003,,R-1-15,0,2.9,0.43736359739492253
Saratoga,,50320045,,R-1-12,0,3.48,0.4558069771353883
Saratoga,,36614029,,R-1-15,0,2.9,0.5105328308046577
Saratoga,,38631015,,R-1-12,0,3.48,0.31071989471766015
Saratoga,,51722113,,R-1-20,0,2.18,0.3748846770385378
Saratoga,,51720023,,R-1-20,0,2.18,0.5806652747601845
Saratoga,,36623026,,R-1-10,0,4.36,0.2903882201375195
Saratoga,,39718088,,R-1-40,0,1.09,1.1410048097371486
Saratoga,,38945001,,MU-PD,0,20,0.2560600668301491
Saratoga,,38643038,,R-1-12,0,3.48,0.40879219539300754
Saratoga,,51024015,,HR,0,1,0.9827710883073553
Saratoga,,38928026,,R-1-12,0,3.48,0.2883887124805975
Saratoga,,50353036,,R-1-20,0,2.18,0.5438766038390508
Saratoga,,38632030,,R-1-12,0,3.48,0.3130725765696279
Saratoga,,39311023,,R-1-12,0,3.48,0.4352781818076471
Saratoga,,40323014,,R-1-10,0,4.36,0.20817947731999356
Saratoga,,50354076,,R-1-12,0,3.48,0.3053052973821646
Saratoga,,39301024,,CN,0,20,1.1645213511266181
Saratoga,,38639025,,R-1-12,0,3.48,0.3567060413290742
Saratoga,,38627044,,R-1-10,0,4.36,0.2328674314967522
Saratoga,,38653005,,R-1-10,0,4.36,0.258261698339449
Saratoga,,39345025,,R-1-20,0,2.18,0.34772754827152236
Saratoga,,50358013,,R-1-12,0,3.48,0.3355316293151693
Saratoga,,40328009,,R-1-10,0,4.36,0.18661524308648553
Saratoga,,36628006,,R-1-12,0,3.48,0.28981715336999375
Saratoga,,51004001,,R-1-40,0,1.09,1.1072774692660985
Saratoga,,38638004,,R-1-12,0,3.48,0.37786023676027414
Saratoga,,39303018,,R-1-12,0,3.48,0.3283942360702562
Saratoga,,38616035,,R-1-10 SS,0,4.36,0.23197167581273484
Saratoga,,39341016,,R-1-12,0,3.48,0.29821762091671694
Saratoga,,39724044,,R-1-20,0,2.18,0.469534233909274
Saratoga,,38909040,,R-M-3,0,20,0.020048100502276362
Saratoga,,38646005,,R-1-10,0,4.36,0.23747597260217632
Saratoga,,39318004,,R-1-12,0,3.48,0.22453132920169175
Saratoga,,38630010,,R-1-10,0,4.36,0.2287940402177779
Saratoga,,36606040,,HR,0,1,1.4482356278851278
Saratoga,,38651022,,R-1-12,0,3.48,0.35103486278431345
Saratoga,,38915008,,R-1-10,0,4.36,0.22957755539403432
Saratoga,,39325013,,R-1-20,0,2.18,0.46816475642558664
Saratoga,,38918016,,R-1-10,0,4.36,0.23241861920619034
Saratoga,,39337009,,R-1-10,0,4.36,0.22893978398920237
Saratoga,,39713055,,R-1-40,0,1.09,1.1985412500883386
Saratoga,,39342031,,R-1-10,0,4.36,0.1836992985862874
Saratoga,,38633008,,R-1-10,0,4.36,0.22659462598294552
Saratoga,,38916014,,R-1-10,0,4.36,0.24253237818334444
Saratoga,,50321015,,R-1-12,0,3.48,0.2890387128989069
Saratoga,,36622013,,R-1-10,0,4.36,0.2751242426717393
Saratoga,,38944009,,MU-PD,0,20,0.16096309222916755
Saratoga,,39310008,,R-1-12,0,3.48,0.3432528411910189
Saratoga,,38913021,,R-1-10,0,4.36,0.2368507698128451
Saratoga,,38656012,,CV,0,20,0.03728253545766103
Saratoga,,39733002,,R-M-3,0,20,0.06735021127606361
Saratoga,,50324081,,CH-1,0,20,0.3827550561125493
Saratoga,,39327033,,R-1-10,0,4.36,0.257047604564008
Saratoga,,38627027,,R-1-10,0,4.36,0.2409553219036406
Saratoga,,51722009,,R-1-40,0,1.09,1.0661161759254176
Saratoga,,36620023,,R-1-12,0,3.48,0.3574780626623622
Saratoga,,50328064,,R-1-40,0,1.09,0.534276352400615
Saratoga,,39330002,,R-1-12,0,3.48,0.3006676430456738
Saratoga,,40328047,,R-1-10,0,4.36,0.18837677113049736
Saratoga,,39306015,,R-1-12,0,3.48,0.32575626101070054
Saratoga,,38904018,,R-1-12,0,3.48,0.283718722430541
Saratoga,,50331107,,HR,0,1,1.6570861356911384
Saratoga,,38605084,,R-1-10,0,4.36,0.2573181990717972
Saratoga,,50355020,,R-1-40,0,1.09,0.9054352185750404
Saratoga,,39302018,,R-1-12,0,3.48,0.2974259634959127
Saratoga,,38937018,,R-1-10,0,4.36,0.19820054135390056
Saratoga,,39325018,,R-1-20,0,2.18,0.5621886109909973
Saratoga,,38623047,,R-1-10 SS,0,4.36,0.2601549824880297
Saratoga,,39717039,,R-1-40,0,1.09,0.9563467118132726
Saratoga,,36644003,,HR,0,1,14.733412075477839
Saratoga,,40324017,,None,0,0,0.7083128786581898
Saratoga,,38906021,,PA,0,20,0.5802550206157271
Saratoga,,39706068,,R-1-40,0,1.09,1.373272349880899
Saratoga,,38633056,,R-1-10,0,4.36,0.2847161481241806
Saratoga,,38629025,,R-1-12,0,3.48,0.24144612902237586
Saratoga,,50349001,,R-1-10,0,4.36,0.29679646048136193
Saratoga,,50361014,,R-M-4,0,20,0.03161164715488638
Saratoga,,39339017,,R-1-10,0,4.36,0.3661927631909199
Saratoga,,36657004,,HR,0,1,2.2609506986319388
Saratoga,,36636024,,CV,0,20,0.03552707793389064
Saratoga,,39706075,,R-1-40,0,1.09,1.1057916587537415
Saratoga,,38921024,,R-1-10,0,4.36,0.27956494068834553
Saratoga,,51709012,,CH-1,0,20,0.19397562678326433
Saratoga,,38620016,,R-1-10 SS,0,4.36,0.2746407792331713
Saratoga,,50363081,,R-M-3,0,20,0.032553257494876565
Saratoga,,38607024,,R-1-10,0,4.36,0.2351683289099678
Saratoga,,38613040,,R-1-10,0,4.36,0.2834571351778274
Saratoga,,38603047,,R-1-10,0,4.36,0.23693254495475669
Saratoga,,39739022,,R-M-3,0,20,0.032937815371944845
Saratoga,,36622004,,R-1-10,0,4.36,0.2401799765005031
Saratoga,,38619089,,R-1-10,0,4.36,1.238488600116384
Saratoga,,50363030,,R-M-3,0,20,0.03255823139458657
Saratoga,,39339006,,R-1-10,0,4.36,0.27741263585688714
Saratoga,,39740027,,R-1-40,0,1.09,1.1994290260025848
Saratoga,,38914069,,R-1-10,0,4.36,0.2674372035224209
Saratoga,,38631018,,R-1-12,0,3.48,0.30366805473416425
Saratoga,,38641015,,R-1-12,0,3.48,0.35444761797009017
Saratoga,,39735010,,R-1-40,0,1.09,0.9862485879532674
Saratoga,,39703004,,R-1-40,0,1.09,1.1276682396588
Saratoga,,51720044,,R-1-20,0,2.18,0.5531458434176473
Saratoga,,38631010,,R-1-12,0,3.48,0.2974642630102338
Saratoga,,51734007,,R-M-3,0,20,0.027673020637671776
Saratoga,,38918033,,R-1-10,0,4.36,0.23157680203194464
Saratoga,,38608058,,R-1-10,0,4.36,0.22258345079112757
Saratoga,,38614029,,R-1-10,0,4.36,6.634730934089568
Saratoga,,38627066,,R-1-10,0,4.36,0.3359413613350635
Saratoga,,39311043,,R-1-12,0,3.48,0.43933832401444173
Saratoga,,50320049,,R-1-12,0,3.48,0.49186265418544517
Saratoga,,39715020,,R-1-40,0,1.09,0.9752078428849157
Saratoga,,51718011,,R-1-40,0,1.09,3.7718853363919114
Saratoga,,38639034,,R-1-12,0,3.48,0.2979770055822306
Saratoga,,50354047,,R-1-12,0,3.48,0.39861177405845416
Saratoga,,40323066,,R-1-10,0,4.36,0.463064036539016
Saratoga,,38915049,,R-1-10,0,4.36,0.2332390204145515
Saratoga,,39717017,,R-1-40,0,1.09,0.9131896248807237
Saratoga,,51718013,,R-1-40,0,1.09,1.818294772314988
Saratoga,,50353009,,R-1-40,0,1.09,0.9848476341353577
Saratoga,,51718065,,R-1-40,0,1.09,0.6453038794267252
Saratoga,,39306002,,R-1-12,0,3.48,0.32025231482858757
Saratoga,,38904044,,R-1-12,0,3.48,0.32540740839709875
Saratoga,,38660011,,CV,0,20,0.019491595862990388
Saratoga,,38626031,,R-1-10,0,4.36,0.2755245654376214
Saratoga,,38609017,,R-1-10,0,4.36,0.3885689273401979
Saratoga,,39332004,,R-1-12,0,3.48,0.3791863829527149
Saratoga,,38902008,,R-1-12,0,3.48,0.4077196382759157
Saratoga,,36623050,,R-1-10,0,4.36,0.25520530283547394
Saratoga,,38945013,,MU-PD,0,20,0.15825940843385913
Saratoga,,39334014,,R-1-12,0,3.48,0.31722612683259843
Saratoga,,39719019,,R-1-40,0,1.09,0.9608970205688357
Saratoga,,39705067,,R-1-40,0,1.09,0.9098283781690123
Saratoga,,39718039,,R-1-40,0,1.09,1.1621058820183499
Saratoga,,50320026,,R-1-12,0,3.48,0.5259008842895332
Saratoga,,38640030,,R-1-12,0,3.48,0.3334278772376116
Saratoga,,39710004,,R-1-40,0,1.09,1.0651623223075866
Saratoga,,39702096,,R-1-40,0,1.09,0.9310575868617857
Saratoga,,38918042,,R-1-10,0,4.36,0.22960888551006348
Saratoga,,40327042,,R-1-10,0,4.36,0.20022781466461997
Saratoga,,39705042,,R-1-40,0,1.09,1.1411315856926205
Saratoga,,39312024,,R-1-12,0,3.48,0.3147895438825406
Saratoga,,38621043,,R-1-10,0,4.36,1.313865136254449
Saratoga,,38633087,,R-1-10,0,4.36,0.2402317930918492
Saratoga,,39718090,,R-1-40,0,1.09,1.1171432572134419
Saratoga,,51722087,,R-1-40,0,1.09,1.1489771586185495
Saratoga,,38641021,,R-1-12,0,3.48,0.3276569218830211
Saratoga,,39724009,,R-1-10,0,4.36,0.33239176331240977
Saratoga,,50362009,,HR,0,1,0.9339703690440182
Saratoga,,51709083,,CH-1,0,20,0.5380422074751583
Saratoga,,50320060,,R-1-12,0,3.48,0.6076373819879662
Saratoga,,38628040,,R-1-10,0,4.36,0.22864596319697592
Saratoga,,41037017,,R-1-40,0,1.09,1.1468968532260442
Saratoga,,39302019,,R-1-12,0,3.48,0.3129614551095858
Saratoga,,39722045,,PA,0,20,0.18317134527508874
Saratoga,,39743037,,R-1-10,0,4.36,0.2495894209413149
Saratoga,,39704111,,R-1-40,0,1.09,1.0699086219229217
Saratoga,,38926042,,R-1-10,0,4.36,0.20826934776732062
Saratoga,,38641022,,R-1-12,0,3.48,0.32296431549114
Saratoga,,39728071,,R-1-10,0,4.36,0.24053453839577674
Saratoga,,50363058,,R-M-3,0,20,0.03254978669793687
Saratoga,,38929006,,R-1-10,0,4.36,0.23728767094617878
Saratoga,,39343016,,R-1-10,0,4.36,0.26954322468596104
Saratoga,,39703038,,R-1-40,0,1.09,1.0060023864343504
Saratoga,,36632007,,HR,0,1,1.750277436723318
Saratoga,,38937041,,R-1-10,0,4.36,0.19996084028579944
Saratoga,,40327026,,R-1-10,0,4.36,0.2199865707204136
Saratoga,,39725059,,R-1-12,0,3.48,0.19625500808709112
Saratoga,,40323069,,R-1-10,0,4.36,0.37530035452952065
Saratoga,,51006041,,R-1-40,0,1.09,1.6949805619721776
Saratoga,,38629039,,R-1-12,0,3.48,0.30391161946388495
Saratoga,,39720085,,R-1-40,0,1.09,0.014786288247034797
Saratoga,,39728032,,R-1-10,0,4.36,0.18304270095744496
Saratoga,,39342062,,R-1-12,0,3.48,0.2303531837285337
Saratoga,,36644004,,HR,0,1,1.684725327993104
Saratoga,,38930045,,R-1-10,0,4.36,0.2231841270478133
Saratoga,,38631046,,R-1-12,0,3.48,0.30239161204426035
Saratoga,,38609046,,R-1-10,0,4.36,0.23058534807374562
Saratoga,,39324012,,R-1-10,0,4.36,0.32441248522804866
Saratoga,,36613041,,R-1-12,0,3.48,0.2525374705030549
Saratoga,,39318041,,R-1-12,0,3.48,0.28716021000085606
Saratoga,,38661034,,R-1-10 SS,0,4.36,0.23044082419692452
Saratoga,,51006038,,R-1-40,0,1.09,0.929534908593777
Saratoga,,39307018,,R-1-12,0,3.48,0.28746250764389497
Saratoga,,38937037,,R-1-10,0,4.36,0.20929338046898802
Saratoga,,39345041,,R-1-10,0,4.36,1.0163040597404844
Saratoga,,38627038,,R-1-10,0,4.36,0.2348826021065863
Saratoga,,39327032,,R-1-10,0,4.36,0.23633377716477724
Saratoga,,39305026,,R-1-12,0,3.48,0.31510496923396936
Saratoga,,50313018,,HR,0,1,1.9134492516939738
Saratoga,,38915073,,R-1-10,0,4.36,0.23625168711973757
Saratoga,,51025072,,HR,0,1,1.0332220253230429
Saratoga,,51710020,,R-1-15,0,2.9,0.9023390256951715
Saratoga,,40328052,,R-1-10,0,4.36,0.19946315560099945
Saratoga,,38656027,,CV,0,20,0.0576492590521706
Saratoga,,39320012,,R-1-12,0,3.48,0.28921358143730924
Saratoga,,38637042,,R-1-10,0,4.36,0.24095478487997343
Saratoga,,36630014,,R-1-10,0,4.36,0.2308666924617483
Saratoga,,38913012,,R-1-10,0,4.36,0.2665611202080594
Saratoga,,38628024,,R-1-10,0,4.36,0.2395394165838733
Saratoga,,39710023,,R-1-40,0,1.09,1.0043046534933429
Saratoga,,50321032,,R-1-12,0,3.48,0.3944788251555799
Saratoga,,38926043,,R-1-10,0,4.36,0.27340471654163845
Saratoga,,38941008,,R-1-10,0,4.36,0.18674271422273417
Saratoga,,38915054,,R-1-10,0,4.36,0.25192578033021384
Saratoga,,38915032,,R-1-10,0,4.36,0.36199873688049505
Saratoga,,38910010,,R-M-3,0,20,1.290735833904968
Saratoga,,50312038,,HR,0,1,2.4557122793479107
Saratoga,,38656011,,CV,0,20,0.033895898480665904
Saratoga,,39331009,,R-1-12,0,3.48,0.29912035778418616
Saratoga,,38922001,,R-1-10,0,4.36,0.21482765456370626
Saratoga,,39732003,,R-1-40,0,1.09,0.9638299780026395
Saratoga,,40323051,,R-1-10,0,4.36,0.24636901587612842
Saratoga,,39339011,,R-1-10,0,4.36,0.3725887276757137
Saratoga,,38909038,,R-M-3,0,20,0.018484475484137296
Saratoga,,50353002,,R-1-40,0,1.09,1.2176555342265702
Saratoga,,50315061,,HR,0,1,1.4459187370246696
Saratoga,,38924009,,R-1-10,0,4.36,0.2852487587671105
Saratoga,,38915003,,R-1-10,0,4.36,0.2295656227196868
Saratoga,,39313013,,R-1-10,0,4.36,0.3495018477680693
Saratoga,,39705081,,R-1-40,0,1.09,0.9228583391389389
Saratoga,,38613064,,R-1-10,0,4.36,0.2872310765980304
Saratoga,,39319017,,R-1-12,0,3.48,0.34599388766078715
Saratoga,,38926013,,R-1-10,0,4.36,0.19624644048020654
Saratoga,,38627002,,R-1-10,0,4.36,0.2398155411479683
Saratoga,,39316008,,R-1-12,0,3.48,0.3304266879255197
Saratoga,,38607014,,R-1-10,0,4.36,0.24199501811849106
Saratoga,,38637037,,R-1-10,0,4.36,0.2543036055227314
Saratoga,,39311041,,R-1-12,0,3.48,0.5622817930336723
Saratoga,,50322030,,R-1-10,0,4.36,0.26325952749984527
Saratoga,,50358023,,R-1-12,0,3.48,0.333539413146808
Saratoga,,40327063,,R-1-10,0,4.36,0.20024921661938114
Saratoga,,36627005,,R-1-12,0,3.48,0.3389144286340821
Saratoga,,38924022,,R-1-10,0,4.36,0.27845474028936495
Saratoga,,50366006,,HR,0,1,1.6061294735539058
Saratoga,,50324018,,CH-1,0,20,0.00927871433903763
Saratoga,,50355023,,R-1-40,0,1.09,1.8205561286871634
Saratoga,,39330020,,R-1-12,0,3.48,0.26490029915903746
Saratoga,,36620041,,R-1-12,0,3.48,0.3278090931681775
Saratoga,,39735004,,R-1-40,0,1.09,0.9535705503977503
Saratoga,,38608057,,R-1-10,0,4.36,0.22222385556363675
Saratoga,,39713064,,R-1-40,0,1.09,0.6426095226778961
Saratoga,,38604016,,R-1-12,0,3.48,0.12680293714892596
Saratoga,,38658031,,R-1-10,0,4.36,0.028353943379487746
Saratoga,,38616050,,R-1-10 SS,0,4.36,0.265453199016736
Saratoga,,50327055,,R-1-10,0,4.36,0.16780429391456744
Saratoga,,38642030,,R-1-12,0,3.48,0.30412563563101985
Saratoga,,39741004,,R-1-20,0,2.18,0.4717974025643087
Saratoga,,39738013,,R-M-3,0,20,0.02904796325748771
Saratoga,,38908037,,R-M-3,0,20,0.0214531099387409
Saratoga,,38629043,,R-1-12,0,3.48,0.32701829454887654
Saratoga,,38647010,,R-1-12,0,3.48,0.339954092577701
Saratoga,,38644026,,R-1-12,0,3.48,0.3420852085443613
Saratoga,,39716067,,R-1-40 PC,0,1.09,0.832468986933046
Saratoga,,40327020,,R-1-10,0,4.36,0.22116075890502587
Saratoga,,36620019,,R-1-12,0,3.48,0.4425944941825083
Saratoga,,39720086,,R-1-40,0,1.09,0.018726340133860302
Saratoga,,38941006,,R-1-10,0,4.36,0.19091893872283822
Saratoga,,50353067,,R-1-20,0,2.18,0.5193980072935377
Saratoga,,38914025,,R-1-10,0,4.36,0.22406468888589656
Saratoga,,39721012,,R-1-10,0,4.36,0.3239741953192384
Saratoga,,38649034,,R-1-12,0,3.48,0.292196625383649
Saratoga,,40327031,,R-1-10,0,4.36,0.19201044606761747
Saratoga,,39322021,,R-1-12,0,3.48,0.3546312105721435
Saratoga,,39345010,,R-1-20,0,2.18,0.15346809128192274
Saratoga,,50324049,,CH-1,0,20,0.17389305235076394
Saratoga,,39316016,,R-1-12,0,3.48,0.34630158306346664
Saratoga,,38645040,,R-1-10,0,4.36,0.23452777589936877
Saratoga,,50321027,,R-1-12,0,3.48,0.38411298886676776
Saratoga,,50330002,,HR,0,1,0.6324731359608525
Saratoga,,38930043,,R-1-10,0,4.36,0.22644133601003405
Saratoga,,39307011,,R-1-12,0,3.48,0.3626606509789612
Saratoga,,38618033,,R-1-10 SS,0,4.36,0.2413041957524492
Saratoga,,38915010,,R-1-10,0,4.36,0.22956591413210709
Saratoga,,39320009,,R-1-12,0,3.48,0.3255402225196482
Saratoga,,39340017,,R-1-10,0,4.36,0.2705970896582093
Saratoga,,38619085,,R-1-10 SS,0,4.36,0.28156105393267145
Saratoga,,36622011,,R-1-10,0,4.36,0.25280953072627
Saratoga,,50316050,,R-1-40,0,1.09,1.2197776038857913
Saratoga,,38641047,,R-1-12,0,3.48,0.3346462451684426
Saratoga,,50363076,,R-M-3,0,20,0.020588419127186564
Saratoga,,51722043,,R-1-40,0,1.09,1.1535169327379458
Saratoga,,51709073,,R-M-3,0,20,0.02019742225895964
Saratoga,,39344031,,R-1-10,0,4.36,0.39831279689052057
Saratoga,,39721029,,R-1-10,0,4.36,0.5036344327109231
Saratoga,,38617013,,R-1-10 SS,0,4.36,0.32864633702652657
Saratoga,,38916019,,R-1-10,0,4.36,0.23760552334251642
Saratoga,,39319056,,R-1-12,0,3.48,0.3361495825335839
Saratoga,,40327044,,R-1-10,0,4.36,0.1911387147633762
Saratoga,,38931004,,R-1-15,0,2.9,0.3730862462297135
Saratoga,,39327001,,R-1-10,0,4.36,0.237736356838845
Saratoga,,36612071,,None,0,0,3.358673006584674
Saratoga,,38607052,,R-1-10,0,4.36,0.2469541168085942
Saratoga,,38628039,,R-1-10,0,4.36,0.23185924946784928
Saratoga,,39707016,,R-1-40,0,1.09,1.0698963453200958
Saratoga,,38634039,,R-1-12,0,3.48,0.3291513993320932
Saratoga,,51713030,,R-1-40,0,1.09,1.234528333160046
Saratoga,,39319004,,R-1-12,0,3.48,0.28757683609881546
Saratoga,,38925022,,R-1-10,0,4.36,0.2606484312719841
Saratoga,,38626059,,R-1-10,0,4.36,0.30107071991668477
Saratoga,,38644005,,R-1-12,0,3.48,0.29641315100864096
Saratoga,,39744011,,R-M-3,0,20,0.050758996249063146
Saratoga,,38622010,,R-1-10,0,4.36,2.678215306013837
Saratoga,,38627026,,R-1-10,0,4.36,0.24198790561066627
Saratoga,,38633060,,R-1-10,0,4.36,0.2387559009114905
Saratoga,,51024041,,HR,0,1,1.0408365357161216
Saratoga,,51722114,,R-1-20,0,2.18,0.6935057408205185
Saratoga,,39723042,,R-1-10,0,4.36,0.429436849772872
Saratoga,,39306029,,R-1-12,0,3.48,0.32937873556400754
Saratoga,,36648025,,HR,0,1,3.498390835024299
Saratoga,,38607069,,R-1-10,0,4.36,0.526982537515949
Saratoga,,51719042,,R-1-20,0,2.18,0.7852020821233383
Saratoga,,38659020,,R-1-10,0,4.36,0.02690972743606139
Saratoga,,50369010,,HR,0,1,1.4477870006534213
Saratoga,,39703024,,R-1-40,0,1.09,0.8839144206341196
Saratoga,,50381017,,R-1-12,0,3.48,0.5434155352651149
Saratoga,,38631004,,R-1-12,0,3.48,0.29866923116822935
Saratoga,,39311039,,R-1-12,0,3.48,0.358892544113348
Saratoga,,51708065,,CH-2,0,20,0.04808262456195218
Saratoga,,39325008,,R-1-10,0,4.36,0.23904469593926378
Saratoga,,39711027,,R-1-40,0,1.09,1.248136826367739
Saratoga,,38639030,,R-1-12,0,3.48,0.38720315138425876
Saratoga,,38636038,,R-1-12,0,3.48,0.3284837882657112
Saratoga,,38632012,,R-1-12,0,3.48,0.2829291132820634
Saratoga,,50349040,,R-1-12,0,3.48,0.2841268876087273
Saratoga,,38921031,,R-1-10,0,4.36,0.25066454765864987
Saratoga,,38640001,,R-1-12,0,3.48,0.3222302379367554
Saratoga,,38660010,,CV,0,20,0.016033406282401158
Saratoga,,38635066,,R-1-10,0,4.36,0.24389014692660466
Saratoga,,38913049,,R-1-10,0,4.36,0.2288119480272725
Saratoga,,38617019,,R-1-10 SS,0,4.36,0.25035694534196234
Saratoga,,38901026,,R-1-12,0,3.48,0.30023307821639744
Saratoga,,39703029,,R-1-40,0,1.09,1.1006196208997807
Saratoga,,39727013,,R-1-10,0,4.36,0.28265621864895785
Saratoga,,38904046,,R-1-12,0,3.48,0.35234909833291334
Saratoga,,38945038,,MU-PD,0,20,0.18055919331909595
Saratoga,,40327082,,R-1-10,0,4.36,0.19200213364685284
Saratoga,,38902001,,R-1-12,0,3.48,2.9481806424292283
Saratoga,,39701022,,R-1-40,0,1.09,0.020842136128713874
Saratoga,,50358008,,R-1-12,0,3.48,0.3045263743951337
Saratoga,,38660016,,CV,0,20,0.01741469977418757
Saratoga,,50329117,,R-1-40,0,1.09,1.1648206257053009
Saratoga,,39318019,,R-1-12,0,3.48,0.24414887055880546
Saratoga,,39328035,,R-1-10,0,4.36,0.3525939369644848
Saratoga,,39340032,,R-1-12,0,3.48,0.2950762601255302
Saratoga,,50321017,,R-1-12,0,3.48,0.32454568718470395
Saratoga,,38618012,,R-1-10 SS,0,4.36,0.25465703037291576
Saratoga,,38628007,,R-1-12,0,3.48,0.32033164676619524
Saratoga,,37825021,,R-1-15,0,2.9,0.648545018926122
Saratoga,,50325047,,CH-2,0,20,0.028784277832186605
Saratoga,,39306027,,R-1-12,0,3.48,0.30117121673532626
Saratoga,,39724075,,R-1-20,0,2.18,0.09472955185694222
Saratoga,,39314013,,R-1-12,0,3.48,0.2942432820402081
Saratoga,,38938021,,R-1-10,0,4.36,0.1885022836311839
Saratoga,,39718105,,R-1-40,0,1.09,0.9904770380758877
Saratoga,,50325048,,CH-2,0,20,0.028821555008711707
Saratoga,,38915036,,R-1-10,0,4.36,0.22958009304290153
Saratoga,,39707101,,R-1-40,0,1.09,0.9039578248205109
Saratoga,,38608028,,R-1-10,0,4.36,0.28161583257728945
Saratoga,,40327008,,R-1-10,0,4.36,0.1869227950522619
Saratoga,,50360003,,R-M-4,0,20,0.03161598954778416
Saratoga,,51002016,,R-1-40,0,1.09,0.7463556117903595
Saratoga,,39315034,,R-1-12,0,3.48,0.32624691166165487
Saratoga,,50331103,,HR,0,1,1.483182087590414
Saratoga,,50320059,,R-1-12,0,3.48,0.46603763930125686
Saratoga,,36607005,,HR,0,1,0.04476684502768117
Saratoga,,38632003,,R-1-12,0,3.48,0.3005542689258102
Saratoga,,39332027,,R-1-12,0,3.48,0.2861731322669532
Saratoga,,39336024,,R-1-20,0,2.18,0.14656550437321192
Saratoga,,39707062,,R-1-40,0,1.09,1.2210834834307982
Saratoga,,50320008,,R-1-12,0,3.48,0.6014827931587148
Saratoga,,39336031,,R-1-20,0,2.18,0.5118284354852404
Saratoga,,39311013,,R-1-12,0,3.48,0.326860876058377
Saratoga,,39726022,,R-1-12,0,3.48,0.39449847586776426
Saratoga,,50352026,,R-1-10,0,4.36,0.22577307685312806
Saratoga,,51729022,,R-M-4,0,20,0.0638742657408887
Saratoga,,38650022,,R-1-12,0,3.48,0.23135682444512007
Saratoga,,38646025,,R-1-10,0,4.36,0.23020334084974622
Saratoga,,38943017,,R-1-20,0,2.18,0.5155580839827795
Saratoga,,36613024,,R-1-12,0,3.48,0.3076235552149646
Saratoga,,38613013,,R-1-10,0,4.36,0.23882509516291883
Saratoga,,39337008,,R-1-10,0,4.36,0.23074727207293946
Saratoga,,38657008,,CV,0,20,0.048109366259648
Saratoga,,38636010,,R-1-12,0,3.48,0.28757260703817467
Saratoga,,39739012,,R-M-3,0,20,0.021542011515342817
Saratoga,,39331008,,R-1-12,0,3.48,0.30106425006066695
Saratoga,,38650031,,R-1-12,0,3.48,0.3081762702294578
Saratoga,,38938051,,R-1-10,0,4.36,0.24257853694731543
Saratoga,,38639009,,R-1-12,0,3.48,0.2960491827147118
Saratoga,,38630030,,R-1-10,0,4.36,0.23447659730927417
Saratoga,,39743010,,R-1-10,0,4.36,0.22502987832887086
Saratoga,,39320026,,R-1-12,0,3.48,0.3975527284484606
Saratoga,,38662017,,R-M-5,0,20,0.10778867023799076
Saratoga,,50318013,,R-1-40,0,1.09,0.9758456229443079
Saratoga,,39308005,,R-1-12,0,3.48,0.310807560488132
Saratoga,,39316025,,R-1-12,0,3.48,0.3048445965790786
Saratoga,,39717040,,R-1-40,0,1.09,0.9603937007209191
Saratoga,,51005003,,R-1-40,0,1.09,0.9766042264286955
Saratoga,,38656001,,CV,0,20,0.04489926342785394
Saratoga,,38934010,,R-1-20,0,2.18,0.4978462396532465
Saratoga,,38618031,,R-1-10 SS,0,4.36,0.23791775730717996
Saratoga,,38918018,,R-1-10,0,4.36,0.2652277083911572
Saratoga,,39326009,,R-1-10,0,4.36,0.34097323294047466
Saratoga,,50323033,,R-1-12,0,3.48,0.3417876053752145
Saratoga,,39724101,,R-1-20,0,2.18,0.6767394989711553
Saratoga,,51718049,,R-1-40,0,1.09,0.9710545883177119
Saratoga,,39706097,,R-1-40,0,1.09,0.944114107829503
Saratoga,,38657015,,CV,0,20,0.04800553501236569
Saratoga,,36635005,,CV,0,20,0.03323298556803796
Saratoga,,38946009,,R-1-10,0,4.36,0.3848096698993198
Saratoga,,37824018,,R-1-10,0,4.36,0.3655245590267813
Saratoga,,50368001,,HR,0,1,1.2262604064066276
Saratoga,,38926023,,R-1-10,0,4.36,0.20390163789993737
Saratoga,,39333044,,R-1-12,0,3.48,0.2666127434131934
Saratoga,,39315035,,R-1-12,0,3.48,0.2823541344391636
Saratoga,,39734005,,R-1-20,0,2.18,0.5221909782580267
Saratoga,,38620033,,R-1-10 SS,0,4.36,0.26525545379544074
Saratoga,,50346005,,HR,0,1,72.68053791819133
Saratoga,,38916010,,R-1-10,0,4.36,0.24125826030802705
Saratoga,,39703039,,R-1-40,0,1.09,1.2270343080305215
Saratoga,,39337022,,R-1-10,0,4.36,0.018005411589519665
Saratoga,,50350014,,R-1-40,0,1.09,0.6973071942909429
Saratoga,,38914023,,R-1-10,0,4.36,0.2240568444603947
Saratoga,,39707074,,R-1-40,0,1.09,0.9911958418655943
Saratoga,,38929021,,R-1-10,0,4.36,0.18018037620850247
Saratoga,,38659013,,R-1-10,0,4.36,0.02711648987545686
Saratoga,,50363047,,R-M-3,0,20,0.020589690005429317
Saratoga,,38924025,,R-1-10,0,4.36,0.30048682762103307
Saratoga,,50323054,,R-1-15,0,2.9,0.42989532763061084
Saratoga,,51712034,,R-1-20,0,2.18,0.5710865555677354
Saratoga,,39727019,,R-1-10,0,4.36,0.22648431341621167
Saratoga,,51711005,,R-1-20,0,2.18,0.7379230435667049
Saratoga,,50320042,,R-1-12,0,3.48,0.2965258439235213
Saratoga,,38654006,,R-1-10,0,4.36,0.24305704910505846
Saratoga,,39718046,,R-1-40,0,1.09,1.0725507039100646
Saratoga,,36613026,,R-1-12,0,3.48,0.2913870549311239
Saratoga,,39708025,,R-1-40,0,1.09,1.5563611884045143
Saratoga,,50325026,,CH-1,0,20,0.14088442145034874
Saratoga,,39730054,,R-1-20,0,2.18,0.943863432705028
Saratoga,,36625018,,R-1-15,0,2.9,0.3724519227662914
Saratoga,,38650017,,R-1-12,0,3.48,0.25107487961381253
Saratoga,,50350019,,R-1-40,0,1.09,1.97823366782975
Saratoga,,38925044,,R-1-10,0,4.36,0.24479241036790975
Saratoga,,38945004,,MU-PD,0,20,0.17493610074775623
Saratoga,,39319029,,R-1-12,0,3.48,0.3375606675116029
Saratoga,,38608010,,R-1-10,0,4.36,0.24437569743720433
Saratoga,,38931029,,R-1-20,0,2.18,0.5388656584721273
Saratoga,,39320005,,R-1-12,0,3.48,0.23241710396730209
Saratoga,,36620036,,R-1-12,0,3.48,0.4764985099710472
Saratoga,,51052007,,R-1-40,0,1.09,0.9945098383608666
Saratoga,,38607025,,R-1-10,0,4.36,0.23507567282872693
Saratoga,,38905010,,R-1-12,0,3.48,0.32279640625316747
Saratoga,,39724055,,R-1-20,0,2.18,0.42193170937669416
Saratoga,,38633031,,R-1-10,0,4.36,0.23367477740153064
Saratoga,,38656030,,CV,0,20,0.05601903332524997
Saratoga,,50364018,,R-M-4,0,20,0.05299585914173632
Saratoga,,39727038,,R-M-3,0,20,0.07451774653539861
Saratoga,,50322015,,R-1-10,0,4.36,0.1924227542431759
Saratoga,,38605019,,R-1-10,0,4.36,0.22495096442051157
Saratoga,,39312012,,R-1-10,0,4.36,0.22957336092542965
Saratoga,,39337031,,R-1-10,0,4.36,0.2893977717232258
Saratoga,,38901022,,None,0,0,1.1723432923915647
Saratoga,,38640034,,R-1-12,0,3.48,0.28926773812076934
Saratoga,,39707053,,R-1-40,0,1.09,0.9241511441053408
Saratoga,,38619042,,R-1-10 SS,0,4.36,0.2458263344230538
Saratoga,,39704087,,R-1-40,0,1.09,1.0569658646610776
Saratoga,,38936023,,R-1-15,0,2.9,0.3382540377440417
Saratoga,,38911024,,MU-PD,0,20,2.3171283266456832
Saratoga,,36627037,,R-1-12,0,3.48,0.03982545994857676
Saratoga,,38944003,,MU-PD,0,20,0.1675116579577926
Saratoga,,38629029,,R-1-12,0,3.48,0.28978533367438664
Saratoga,,38651020,,R-1-12,0,3.48,0.2931536546082236
Saratoga,,38944032,,MU-PD,0,20,0.22430547796692818
Saratoga,,50328031,,R-1-40,0,1.09,0.43175613425553444
Saratoga,,51711042,,R-1-15,0,2.9,0.41619910333850496
Saratoga,,50365021,,R-M-4,0,20,0.03583457093562233
Saratoga,,39345047,,R-1-20,0,2.18,0.1395447765357196
Saratoga,,38656014,,CV,0,20,0.03717761419031848
Saratoga,,50314036,,HR,0,1,0.9922739738172213
Saratoga,,38660003,,CV,0,20,0.01948397378646694
Saratoga,,39714014,,R-1-40,0,1.09,0.9943371803762378
Saratoga,,39312008,,R-1-10,0,4.36,0.32900272056536656
Saratoga,,38915080,,R-1-10,0,4.36,0.23731527479517658
Saratoga,,38642018,,R-1-12,0,3.48,0.32979022167042116
Saratoga,,39728021,,R-1-10,0,4.36,0.15977180279592457
Saratoga,,38626005,,R-1-10,0,4.36,0.23027610158742753
Saratoga,,38637045,,R-1-10,0,4.36,0.2562878538795907
Saratoga,,50327108,,R-1-10,0,4.36,0.1726565472714893
Saratoga,,36656012,,CV,0,20,0.051861875824481894
Saratoga,,39705052,,R-1-40,0,1.09,0.9336920995276003
Saratoga,,39326040,,R-1-10,0,4.36,0.2273153627307114
Saratoga,,38938057,,R-1-10,0,4.36,0.1937609105468452
Saratoga,,39332005,,R-1-12,0,3.48,0.3030701160049891
Saratoga,,39724078,,R-1-20,0,2.18,0.5266900485626583
Saratoga,,38917010,,R-1-10,0,4.36,0.24644763210389617
Saratoga,,38609034,,R-1-10,0,4.36,0.23832062232558313
Saratoga,,39705072,,R-1-40,0,1.09,1.3929522540541541
Saratoga,,38645012,,R-1-10,0,4.36,0.23248583236224654
Saratoga,,38654046,,R-1-10,0,4.36,0.2887679362084179
Saratoga,,39342045,,R-1-10,0,4.36,0.2482372722403221
Saratoga,,39718104,,R-1-40,0,1.09,1.430994379774798
Saratoga,,39735006,,R-1-40,0,1.09,0.9163202767538718
Saratoga,,40327085,,R-1-10,0,4.36,0.19200779793891776
Saratoga,,50350028,,R-1-12,0,3.48,0.2907940800869582
Saratoga,,39311027,,R-1-12,0,3.48,0.33586726813548595
Saratoga,,38908010,,R-M-3,0,20,0.022590751456801807
Saratoga,,50319036,,R-1-40,0,1.09,1.256425064981789
Saratoga,,38901003,,R-1-12,0,3.48,0.3733310013189993
Saratoga,,37821001,,R-1-10,0,4.36,0.25581104293791834
Saratoga,,39737021,,R-1-20,0,2.18,0.9183742752544044
Saratoga,,39721034,,R-1-20,0,2.18,0.7490308217704211
Saratoga,,50351014,,HR,0,1,3.3413414296537916
Saratoga,,40324014,,R-1-10,0,4.36,0.26404615599745895
Saratoga,,38648017,,R-1-10 PC,0,4.36,0.1263751756800401
Saratoga,,38930009,,R-1-10,0,4.36,0.24476023322321386
Saratoga,,38933021,,R-1-20,0,2.18,0.47722967737718286
Saratoga,,38658002,,R-1-10,0,4.36,0.026355346109352095
Saratoga,,40323017,,R-1-10,0,4.36,0.24900302298842678
Saratoga,,38941014,,R-1-10,0,4.36,0.2060261066209366
Saratoga,,38605036,,R-1-10,0,4.36,0.24973987639107956
Saratoga,,36613072,,R-1-12,0,3.48,0.5308279118654684
Saratoga,,38929007,,R-1-10,0,4.36,0.052500714100544556
Saratoga,,50323024,,R-1-15,0,2.9,0.3858322803090687
Saratoga,,39320034,,R-1-12,0,3.48,0.2670107093123316
Saratoga,,36627036,,R-1-12,0,3.48,0.34467551550417835
Saratoga,,39320014,,R-1-12,0,3.48,0.3264064511251649
Saratoga,,38634038,,R-1-12,0,3.48,0.3134468713645033
Saratoga,,40328010,,R-1-10,0,4.36,0.18659886233659684
Saratoga,,38649004,,R-1-10,0,4.36,0.24394634001283363
Saratoga,,40323006,,R-1-10,0,4.36,0.24263801083934086
Saratoga,,38645014,,R-1-10,0,4.36,0.23845632022975038
Saratoga,,50362006,,HR,0,1,1.9661855863603634
Saratoga,,39318044,,R-1-12,0,3.48,0.32557773651034866
Saratoga,,39323018,,R-1-12,0,3.48,0.3944382241517625
Saratoga,,39345023,,R-1-20,0,2.18,0.5570263073404369
Saratoga,,50354016,,R-1-12,0,3.48,0.3118662483985614
Saratoga,,36606032,,HR,0,1,1.0524079835555455
Saratoga,,38646017,,R-1-10,0,4.36,0.24665761679027062
Saratoga,,50364023,,R-M-4,0,20,0.053001587082357395
Saratoga,,38938014,,R-1-10,0,4.36,0.20306295422187765
Saratoga,,38639008,,R-1-12,0,3.48,0.3578217754645204
Saratoga,,39326038,,R-1-10,0,4.36,0.22694613496308685
Saratoga,,38933019,,R-1-20,0,2.18,0.5674258332180914
Saratoga,,39333046,,R-1-10,0,4.36,0.32896544310421316
Saratoga,,50326058,,R-1-10,0,4.36,0.1686135878924764
Saratoga,,40322013,,R-1-10,0,4.36,0.3067866897988201
Saratoga,,36614048,,R-1-12,0,3.48,0.28756179291055933
Saratoga,,50327101,,R-1-10,0,4.36,0.16827084407243564
Saratoga,,39337034,,R-1-10,0,4.36,0.24068047863805936
Saratoga,,51714036,,R-1-40,0,1.09,1.6822213284648653
Saratoga,,38609030,,R-1-10,0,4.36,0.27998610009994157
Saratoga,,51707016,,R-1-10,0,4.36,0.16689234999818628
Saratoga,,39318037,,R-1-12,0,3.48,0.3328914800905585
Saratoga,,38607074,,R-1-10,0,4.36,0.4227791954767934
Saratoga,,39704027,,R-1-40,0,1.09,1.0527718331591738
Saratoga,,38926011,,R-1-10,0,4.36,0.23476644022317036
Saratoga,,50322012,,R-1-10,0,4.36,0.19268774840191163
Saratoga,,38929004,,R-1-10,0,4.36,0.23340538535010347
Saratoga,,37824036,,R-1-10,0,4.36,0.31645933414558314
Saratoga,,39706102,,R-1-40,0,1.09,0.9289511345685604
Saratoga,,38616023,,R-1-10 SS,0,4.36,0.24762186972457323
Saratoga,,51708067,,CH-2,0,20,0.04808262794026681
Saratoga,,36623019,,R-1-10,0,4.36,0.23815413433668828
Saratoga,,38627017,,R-1-10,0,4.36,0.24660568251496767
Saratoga,,38925002,,R-1-10,0,4.36,0.3326217704849848
Saratoga,,38628035,,R-1-10,0,4.36,0.2247156064939028
Saratoga,,38621020,,R-1-10 SS,0,4.36,0.2660444239580585
Saratoga,,38635057,,R-1-10,0,4.36,0.24517225762651143
Saratoga,,38925019,,R-1-10,0,4.36,0.20690304723528133
Saratoga,,50315062,,HR,0,1,3.730406808573593
Saratoga,,38936028,,R-1-15,0,2.9,0.36911009487366037
Saratoga,,39313015,,R-1-12,0,3.48,0.28658977686591675
Saratoga,,38620003,,R-1-10 SS,0,4.36,0.25895553890832096
Saratoga,,51722015,,R-1-20,0,2.18,1.0355469172493956
Saratoga,,51729020,,R-M-4,0,20,0.0638742657408887
Saratoga,,38941021,,R-1-10,0,4.36,0.19266144385087788
Saratoga,,38904045,,R-1-12,0,3.48,0.2913755547760975
Saratoga,,38629007,,R-1-12,0,3.48,0.28191808416805003
Saratoga,,38930008,,R-1-10,0,4.36,0.24847201058596785
Saratoga,,39309031,,R-1-12,0,3.48,0.3267468958695319
Saratoga,,38603027,,R-1-10,0,4.36,0.2516362260905993
Saratoga,,39301003,,R-1-12,0,3.48,0.3251080846285601
Saratoga,,40323022,,R-1-10,0,4.36,0.20488191194915484
Saratoga,,39724036,,R-1-20,0,2.18,0.47757009462012506
Saratoga,,38916043,,R-1-10,0,4.36,0.2281494913790342
Saratoga,,38634020,,R-1-12,0,3.48,0.291672119099231
Saratoga,,38914029,,R-1-10,0,4.36,0.2240684993531433
Saratoga,,38646008,,R-1-10,0,4.36,0.23903376035572377
Saratoga,,38633088,,R-1-10,0,4.36,0.24009759163458974
Saratoga,,38632021,,R-1-12,0,3.48,0.26895417807627936
Saratoga,,38650008,,R-1-12,0,3.48,0.31383026192072544
Saratoga,,39311005,,R-1-12,0,3.48,0.3076141065397382
Saratoga,,51004007,,R-1-40,0,1.09,2.0343276610667353
Saratoga,,50330042,,HR,0,1,2.0369090364454823
Saratoga,,38932007,,R-1-20,0,2.18,0.46893693132170977
Saratoga,,50366003,,HR,0,1,0.8897230930638372
Saratoga,,40323035,,R-1-10,0,4.36,0.31085506897048865
Saratoga,,50363018,,R-M-3,0,20,0.026571541131792994
Saratoga,,50313128,,HR,0,1,11.192382880646774
Saratoga,,51719078,,R-1-20,0,2.18,0.7884450853630077
Saratoga,,39306013,,R-1-12,0,3.48,0.3186652954532205
Saratoga,,50328022,,R-1-40,0,1.09,0.32440440392559783
Saratoga,,50330057,,HR,0,1,3.397829535928727
Saratoga,,38932008,,R-1-20,0,2.18,0.48735356430634763
Saratoga,,38612054,,R-1-10,0,4.36,0.3571173717680847
Saratoga,,40327030,,R-1-10,0,4.36,0.19214412807810807
Saratoga,,38608039,,R-1-10,0,4.36,0.2338865608878521
Saratoga,,38917004,,R-1-10,0,4.36,0.23423628498336604
Saratoga,,38908005,,R-M-3,0,20,0.025842603730025226
Saratoga,,50372034,,HR,0,1,2.7476993549918065
Saratoga,,51729005,,R-M-4,0,20,0.06386781684245309
Saratoga,,51002014,,R-1-40,0,1.09,1.383031509369406
Saratoga,,51708036,,R-1-15,0,2.9,0.19246575610085587
Saratoga,,50369013,,HR,0,1,0.9698704482638785
Saratoga,,38632035,,R-1-12,0,3.48,0.24390657326946716
Saratoga,,36630003,,R-1-10,0,4.36,0.23186132262759707
Saratoga,,39340005,,R-1-10,0,4.36,0.35731929640308735
Saratoga,,39342015,,R-1-10,0,4.36,0.3192847355216723
Saratoga,,38645003,,R-1-10,0,4.36,0.23032478857665167
Saratoga,,39705014,,R-1-40,0,1.09,2.0406954956180288
Saratoga,,36625006,,R-1-12,0,3.48,0.2882288565116321
Saratoga,,38657005,,CV,0,20,0.04323759356773203
Saratoga,,40327089,,R-1-10,0,4.36,0.18610906415049208
Saratoga,,50330060,,HR,0,1,0.9158170255068881
Saratoga,,51729027,,R-M-4,0,20,0.07369505576777888
Saratoga,,38658017,,R-1-10,0,4.36,0.027714887725131383
Saratoga,,38909019,,R-M-3,0,20,0.013246182667927403
Saratoga,,38930012,,R-1-10,0,4.36,0.2858132694951121
Saratoga,,51002004,,R-1-40,0,1.09,0.9207554975081752
Saratoga,,38617047,,R-1-10 SS,0,4.36,0.2619173209324513
Saratoga,,50382038,,R-1-40,0,1.09,0.4865349350128419
Saratoga,,38944044,,MU-PD,0,20,0.18072565386152184
Saratoga,,39337003,,R-1-10,0,4.36,0.2636694579087579
Saratoga,,38661042,,R-1-10 SS,0,4.36,0.3022001198560483
Saratoga,,39323014,,R-1-12,0,3.48,0.44338982878328115
Saratoga,,39717057,,R-1-40,0,1.09,1.1684449205596081
Saratoga,,51712028,,R-1-20,0,2.18,0.5868380672287272
Saratoga,,39705101,,R-1-40,0,1.09,1.1118695316855634
Saratoga,,38914017,,R-1-10,0,4.36,0.2311697432462703
Saratoga,,38643022,,R-1-12,0,3.48,0.2829441207556307
Saratoga,,51001043,,R-1-20,0,2.18,0.4843452058520754
Saratoga,,39307028,,R-1-12,0,3.48,0.29459450185012875
Saratoga,,36656017,,CV,0,20,0.06505962590881001
Saratoga,,38603039,,R-1-12,0,3.48,0.2900872298649211
Saratoga,,50322002,,R-1-10,0,4.36,0.21023120626296316
Saratoga,,36627009,,R-1-12,0,3.48,0.37445601728218736
Saratoga,,38917034,,R-1-10,0,4.36,0.22513787545753053
Saratoga,,38945015,,MU-PD,0,20,0.17421274283924262
Saratoga,,50327033,,R-1-10,0,4.36,0.221553427942033
Saratoga,,51711028,,R-1-15,0,2.9,0.5436520382283062
Saratoga,,36628014,,R-1-12,0,3.48,1.3667870332177348
Saratoga,,50316043,,R-1-40,0,1.09,0.9533888419543053
Saratoga,,39331004,,R-1-12,0,3.48,0.29460362542318785
Saratoga,,50352005,,R-1-10,0,4.36,0.3056918918975518
Saratoga,,51005043,,R-1-40,0,1.09,1.0569200294807903
Saratoga,,38925025,,R-1-10,0,4.36,0.20244110273091157
Saratoga,,40328091,,R-1-10,0,4.36,0.20389794752479132
Saratoga,,39308027,,R-1-12,0,3.48,0.28321101428449547
Saratoga,,39338014,,R-1-10,0,4.36,0.27622154100723934
Saratoga,,39702039,,R-1-40,0,1.09,1.079421479154232
Saratoga,,50349003,,R-1-10,0,4.36,0.28843307880016006
Saratoga,,50327111,,R-1-10,0,4.36,0.1729167707700433
Saratoga,,38904037,,R-1-12,0,3.48,0.2885549396130987
Saratoga,,36627002,,R-1-12,0,3.48,0.34167442744888665
Saratoga,,38645058,,R-1-10,0,4.36,0.2397876305766112
Saratoga,,50349029,,R-1-10,0,4.36,0.28717076191922836
Saratoga,,38641055,,R-1-12,0,3.48,0.2916248417210921
Saratoga,,38647006,,R-1-12,0,3.48,0.33429751116853623
Saratoga,,39704085,,R-1-40,0,1.09,0.9278503983054436
Saratoga,,39304001,,R-1-12,0,3.48,0.306719782896517
Saratoga,,38929001,,R-1-12,0,3.48,0.369009287832389
Saratoga,,39320020,,R-1-12,0,3.48,0.3840798354486503
Saratoga,,38931024,,R-1-20,0,2.18,0.452884289937223
Saratoga,,50323018,,R-1-15,0,2.9,0.4017942058423992
Saratoga,,40327005,,R-1-10,0,4.36,0.18674571642082058
Saratoga,,38617012,,R-1-10 SS,0,4.36,0.2746865789509044
Saratoga,,38944041,,MU-PD,0,20,0.1641461659028677
Saratoga,,39304015,,R-1-12,0,3.48,0.3037648910096282
Saratoga,,50382037,,R-1-40,0,1.09,0.41898229838722817
Saratoga,,38621009,,R-1-10 SS,0,4.36,0.3802328309858449
Saratoga,,39716086,,R-1-40 PC,0,1.09,0.8188746898381846
Saratoga,,38620028,,R-1-10 SS,0,4.36,0.29699629619958173
Saratoga,,50355053,,R-1-40,0,1.09,0.9841846110553735
Saratoga,,39717042,,R-1-40,0,1.09,0.9344170549686148
Saratoga,,38941016,,R-1-10,0,4.36,0.20505242182870131
Saratoga,,39341005,,R-1-12,0,3.48,0.2780723729673341
Saratoga,,38641032,,R-1-10,0,4.36,0.2418678493390307
Saratoga,,39307010,,R-1-12,0,3.48,0.3030288936540766
Saratoga,,38606031,,R-1-10,0,4.36,0.2654368800890352
Saratoga,,36635011,,CV,0,20,0.0336822186257133
Saratoga,,39335023,,R-1-10,0,4.36,0.29624614178119923
Saratoga,,39301019,,R-1-12,0,3.48,0.2957505686775312
Saratoga,,38931016,,R-1-20,0,2.18,0.4657412531784241
Saratoga,,39734010,,R-1-20,0,2.18,0.45208333962686936
Saratoga,,38915023,,R-1-10,0,4.36,0.2367179446326555
Saratoga,,38633007,,R-1-10,0,4.36,0.2235884240071885
Saratoga,,39333001,,R-1-12,0,3.48,0.32560904646885047
Saratoga,,36635006,,CV,0,20,0.03405801707848725
Saratoga,,39310001,,R-1-12,0,3.48,0.34029027861000233
Saratoga,,38929018,,R-1-10,0,4.36,0.3229837748358374
Saratoga,,40322003,,R-1-40,0,1.09,0.4132208833494503
Saratoga,,39706030,,R-1-40,0,1.09,1.0201905789290167
Saratoga,,38619009,,R-1-10 SS,0,4.36,0.23342527592532425
Saratoga,,38606007,,R-1-10,0,4.36,0.2238247754094514
Saratoga,,39743030,,R-1-10,0,4.36,0.24435166846161238
Saratoga,,38645061,,R-1-10,0,4.36,0.26000359221023633
Saratoga,,38636056,,R-1-12,0,3.48,0.5939995378243511
Saratoga,,51709064,,CH-1,0,20,0.015846053431005133
Saratoga,,50323060,,R-1-10,0,4.36,0.18895617735918008
Saratoga,,38941015,,R-1-10,0,4.36,0.2055451413015646
Saratoga,,39307002,,R-1-12,0,3.48,0.35524457496561535
Saratoga,,50331115,,HR,0,1,1.548646997169762
Saratoga,,38909046,,R-M-3,0,20,0.017883269959809246
Saratoga,,38646020,,R-1-10,0,4.36,0.2950467645492091
Saratoga,,38936022,,R-1-15,0,2.9,0.35579899590537306
Saratoga,,38660018,,CV,0,20,0.01029762146203141
Saratoga,,36650031,,HR,0,1,1.3275124927586324
Saratoga,,38909064,,R-M-3,0,20,0.18007407073506504
Saratoga,,39736016,,R-1-40,0,1.09,0.9209116084231855
Saratoga,,39316046,,R-1-12,0,3.48,0.42759479339722456
Saratoga,,39314037,,R-1-12,0,3.48,0.30435134835155697
Saratoga,,36623022,,R-1-10,0,4.36,0.25733464919225163
Saratoga,,39303015,,R-1-12,0,3.48,0.32006036780477126
Saratoga,,39711019,,R-1-40,0,1.09,1.0396491225018916
Saratoga,,38938017,,R-1-10,0,4.36,0.22368726918993287
Saratoga,,38929017,,R-1-10,0,4.36,0.3440059540373198
Saratoga,,50331079,,HR,0,1,0.996340762792342
Saratoga,,39705057,,R-1-40,0,1.09,1.0105545539896048
Saratoga,,38645049,,R-1-10,0,4.36,0.23321907475207126
Saratoga,,38605035,,R-1-10,0,4.36,0.3781583923462516
Saratoga,,38935006,,R-1-20,0,2.18,0.5051635659053473
Saratoga,,50327098,,R-1-10,0,4.36,0.17091831088304185
Saratoga,,38617055,,R-1-10 SS,0,4.36,0.2914374407876547
Saratoga,,38616043,,R-1-10 SS,0,4.36,0.2600140441940798
Saratoga,,38913039,,R-1-10,0,4.36,0.24931590550268481
Saratoga,,39346002,,R-1-12,0,3.48,0.37477913950071645
Saratoga,,38654016,,R-1-10,0,4.36,0.21787049018503704
Saratoga,,38918040,,R-1-10,0,4.36,0.23329271676545954
Saratoga,,50352022,,R-1-10,0,4.36,0.2919465725212661
Saratoga,,38927046,,R-1-12,0,3.48,0.42593176521848547
Saratoga,,38659007,,R-1-10,0,4.36,0.027030289013713252
Saratoga,,50375016,,HR,0,1,0.9970168647730094
Saratoga,,38659029,,R-1-10,0,4.36,0.029939288463668064
Saratoga,,38615020,,R-1-10 SS,0,4.36,0.2471004147922229
Saratoga,,50318036,,R-1-12,0,3.48,0.28835514150778624
Saratoga,,50331099,,HR,0,1,1.225165007877223
Saratoga,,39733017,,R-M-3,0,20,0.06888078655552678
Saratoga,,39319039,,R-1-12,0,3.48,0.29317384629964616
Saratoga,,38643036,,R-1-12,0,3.48,0.30365873108507924
Saratoga,,36649015,,HR,0,1,3.303721959635606
Saratoga,,39736003,,R-1-40,0,1.09,0.944444353851706
Saratoga,,38944017,,MU-PD,0,20,0.21680615781416546
Saratoga,,39716023,,R-1-20,0,2.18,0.5994530256499722
Saratoga,,51708004,,CH-2,0,20,0.057379139444903075
Saratoga,,40327016,,R-1-10,0,4.36,0.1873133072942814
Saratoga,,50354054,,R-1-12,0,3.48,0.3225726339388671
Saratoga,,36625008,,R-1-12,0,3.48,0.3027376884173018
Saratoga,,50325028,,CH-1,0,20,0.5396506312494249
Saratoga,,36632010,,HR,0,1,1.8160093356139886
Saratoga,,38905002,,R-1-12,0,3.48,0.46645735760232854
Saratoga,,36605074,,HR,0,1,0.7374608118078205
Saratoga,,38607037,,R-1-10,0,4.36,0.22789334325348604
Saratoga,,38942003,,R-1-10,0,4.36,0.275988026452463
Saratoga,,38907038,,R-M-4,0,20,0.018272932316066776
Saratoga,,39719032,,R-1-40,0,1.09,0.9197352436415319
Saratoga,,39302031,,R-1-12,0,3.48,0.38130174596404814
Saratoga,,38916023,,R-1-10,0,4.36,0.24044023071985593
Saratoga,,50382015,,R-1-12,0,3.48,0.5882942709873491
Saratoga,,38924037,,R-1-10,0,4.36,0.30506479494197564
Saratoga,,39702101,,R-1-40,0,1.09,0.9748043977462885
Saratoga,,39706064,,R-1-40,0,1.09,1.2248285916308006
Saratoga,,51727009,,R-1-15,0,2.9,0.4752944016366754
Saratoga,,38921008,,R-1-10,0,4.36,0.545264359112627
Saratoga,,36627031,,R-1-12,0,3.48,0.3061079368735228
Saratoga,,50358009,,R-1-12,0,3.48,0.3001948904521601
Saratoga,,36605052,,HR,0,1,0.47933836431172006
Saratoga,,50325039,,CH-2,0,20,0.05844646005826585
Saratoga,,38645043,,R-1-10,0,4.36,0.28460462022109906
Saratoga,,40328031,,R-1-10,0,4.36,0.18686417968259475
Saratoga,,38634024,,R-1-12,0,3.48,0.31803112922796817
Saratoga,,36620028,,R-1-12,0,3.48,0.3153055505246193
Saratoga,,38662008,,R-M-5,0,20,0.0759468080471921
Saratoga,,38647040,,R-1-12,0,3.48,0.55541883512252
Saratoga,,50327079,,R-1-10,0,4.36,0.17686472615295798
Saratoga,,38620035,,R-1-10 SS,0,4.36,0.299960124399567
Saratoga,,39702102,,R-1-40,0,1.09,1.0341190529890734
Saratoga,,39738011,,R-M-3,0,20,0.029829712570831682
Saratoga,,38650002,,R-1-12,0,3.48,0.32654795705810674
Saratoga,,38634050,,R-1-12,0,3.48,0.32479370785952677
Saratoga,,38930046,,R-1-10,0,4.36,0.22011118534808538
Saratoga,,38930028,,R-1-10,0,4.36,0.231338089374972
Saratoga,,38612072,,R-1-10,0,4.36,0.23967568546807083
Saratoga,,38636044,,R-1-12,0,3.48,0.2892632244876751
Saratoga,,38604030,,R-1-12,0,3.48,0.5670199367886478
Saratoga,,38904038,,R-1-12,0,3.48,0.29481710369407227
Saratoga,,38636050,,R-1-12,0,3.48,0.2942036731102656
Saratoga,,38607065,,R-1-10,0,4.36,0.2688427643961242
Saratoga,,50318074,,R-1-12,0,3.48,0.289941688275117
Saratoga,,38612066,,R-1-10,0,4.36,0.23981533206783506
Saratoga,,50321031,,R-1-12,0,3.48,0.3894529371873046
Saratoga,,50355009,,R-1-40,0,1.09,0.4166009018430755
Saratoga,,39323003,,R-1-12,0,3.48,0.2787838498438394
Saratoga,,50354013,,R-1-12,0,3.48,0.32571817564034694
Saratoga,,38636052,,R-1-12,0,3.48,0.29408869260498005
Saratoga,,50368013,,HR,0,1,1.0309878520018703
Saratoga,,39301007,,R-1-12,0,3.48,0.31536326631332345
Saratoga,,38604022,,R-1-12,0,3.48,0.2958619542613203
Saratoga,,38918050,,R-1-10,0,4.36,0.23755331777672634
Saratoga,,38909065,,R-M-3,0,20,0.04663895046235305
Saratoga,,38641024,,R-1-10,0,4.36,0.32649178724982886
Saratoga,,39705095,,R-1-40,0,1.09,1.1146165356144377
Saratoga,,39742008,,R-1-20,0,2.18,0.45414185403478036
Saratoga,,39739001,,R-M-3,0,20,0.03254804449197412
Saratoga,,39724063,,R-1-20,0,2.18,0.46820095953695395
Saratoga,,39333010,,R-1-12,0,3.48,0.31077099541340947
Saratoga,,38617023,,R-1-10 SS,0,4.36,0.2555542882984113
Saratoga,,51708037,,R-1-10,0,4.36,0.2060207082520676
Saratoga,,38906017,,PA,0,20,9.767527448440015
Saratoga,,39311007,,R-1-12,0,3.48,0.290953376337565
Saratoga,,38944030,,MU-PD,0,20,0.15085534422511565
Saratoga,,36649010,,HR,0,1,1.2582936955172146
Saratoga,,39706080,,R-1-40,0,1.09,1.2615648189288982
Saratoga,,39725023,,R-1-10,0,4.36,0.2300900692000399
Saratoga,,38650019,,R-1-12,0,3.48,0.2846084455797091
Saratoga,,38901027,,R-1-12,0,3.48,0.3078309246057263
Saratoga,,38656006,,CV,0,20,0.042227066178012126
Saratoga,,39701072,,R-1-40 AP/OS,0,1.09,1.0074118956377418
Saratoga,,38908013,,R-M-3,0,20,0.02274524763542458
Saratoga,,39306014,,R-1-12,0,3.48,0.30860274091042755
Saratoga,,39708099,,R-1-40,0,1.09,1.1263265367565654
Saratoga,,36613013,,R-1-12,0,3.48,0.3219907183988007
Saratoga,,50363008,,R-M-3,0,20,0.026568061928341224
Saratoga,,50354058,,R-1-12,0,3.48,0.2787529509558741
Saratoga,,39730047,,R-1-20,0,2.18,11.352759676106315
Saratoga,,38635060,,R-1-10,0,4.36,0.23361472109125256
Saratoga,,50357008,,HR,0,1,1.0621166767911367
Saratoga,,38609050,,R-1-10,0,4.36,0.4802357437124816
Saratoga,,38931009,,R-1-20,0,2.18,0.5434415602992237
Saratoga,,38936024,,R-1-15,0,2.9,0.5205416518275531
Saratoga,,38629024,,R-1-12,0,3.48,0.3138470064826719
Saratoga,,38634012,,R-1-12,0,3.48,0.32714372746411857
Saratoga,,38612041,,R-1-10,0,4.36,0.2861538092910112
Saratoga,,51709024,,R-M-3,0,20,0.17695609792125735
Saratoga,,51004006,,R-1-40,0,1.09,0.33926628695624045
Saratoga,,51722068,,R-1-40,0,1.09,1.0140218208980274
Saratoga,,38643023,,R-1-12,0,3.48,0.2803198758010719
Saratoga,,38941039,,R-1-10,0,4.36,0.30350110455161544
Saratoga,,39718047,,R-1-40,0,1.09,0.4488017880243304
Saratoga,,39343041,,R-1-10,0,4.36,0.23195902718172645
Saratoga,,50350022,,R-1-40,0,1.09,1.4628185600846575
Saratoga,,38605085,,R-1-10,0,4.36,0.2576792329757656
Saratoga,,38645064,,R-1-10,0,4.36,0.25229447098905955
Saratoga,,39743009,,R-1-10,0,4.36,0.24144764987465162
Saratoga,,39310029,,R-1-12,0,3.48,0.3858434152105252
Saratoga,,50325031,,CH-1,0,20,0.8818156735876963
Saratoga,,51002009,,R-1-40,0,1.09,1.5555237103457606
Saratoga,,39326017,,R-1-10,0,4.36,0.24284646098009172
Saratoga,,36614036,,R-1-12,0,3.48,0.3229638230641321
Saratoga,,38922025,,R-1-10,0,4.36,0.277350498901366
Saratoga,,50367002,,CH-2,0,20,0.024465117712235654
Saratoga,,39331002,,R-1-12,0,3.48,0.2717483142825717
Saratoga,,38926024,,R-1-10,0,4.36,0.2513396011055142
Saratoga,,39718094,,R-1-40,0,1.09,1.0600241369687828
Saratoga,,38945045,,MU-PD,0,20,0.1710284019168819
Saratoga,,38930027,,R-1-10,0,4.36,0.23717051981107573
Saratoga,,38634056,,R-1-12,0,3.48,0.29759888694590425
Saratoga,,38913051,,R-1-10,0,4.36,0.22954320576778534
Saratoga,,38655006,,R-1-10,0,4.36,0.2436463346336782
Saratoga,,38612064,,R-1-10,0,4.36,0.2608455063815488
Saratoga,,39316026,,R-1-12,0,3.48,0.32769050291644736
Saratoga,,36623051,,R-1-10,0,4.36,0.5118877080288298
Saratoga,,38630042,,CV,0,20,0.051067890618964815
Saratoga,,50353017,,R-1-40,0,1.09,1.0602571831532064
Saratoga,,38929013,,R-1-10,0,4.36,0.23337937358264874
Saratoga,,36623037,,R-1-10,0,4.36,0.281102913683021
Saratoga,,50354037,,R-1-12,0,3.48,0.2755232630688135
Saratoga,,51729007,,R-M-4,0,20,0.06386264970017615
Saratoga,,38938026,,R-1-10,0,4.36,0.196174802042423
Saratoga,,39330005,,R-1-12,0,3.48,0.2869577386108558
Saratoga,,39333028,,R-1-12,0,3.48,0.30270555225901147
Saratoga,,39314033,,R-1-12,0,3.48,0.3152611502589621
Saratoga,,38636051,,R-1-12,0,3.48,0.2942310762265581
Saratoga,,38944034,,MU-PD,0,20,0.16562197031271428
Saratoga,,50327034,,R-1-10,0,4.36,0.33030464229048134
Saratoga,,50326054,,R-1-10,0,4.36,0.16455847848259117
Saratoga,,39332034,,R-1-12,0,3.48,0.27841864128748023
Saratoga,,39701048,,R-1-40,0,1.09,0.9275645640006114
Saratoga,,39343025,,R-1-10,0,4.36,0.3010884074734636
Saratoga,,38641004,,R-1-10,0,4.36,0.2583427916440098
Saratoga,,38931035,,R-1-20,0,2.18,0.5098217009069207
Saratoga,,39725026,,R-1-10,0,4.36,0.2803283543118407
Saratoga,,39304025,,R-1-12,0,3.48,0.29960955294912933
Saratoga,,38605072,,R-1-10,0,4.36,0.2557108863639745
Saratoga,,38631012,,R-1-12,0,3.48,0.30552013052717036
Saratoga,,39326008,,R-1-10,0,4.36,0.26031570223395933
Saratoga,,50363065,,R-M-3,0,20,0.020590113827423397
Saratoga,,39723045,,R-1-10,0,4.36,0.14583283712547934
Saratoga,,50362012,,R-1-40,0,1.09,0.1541581044395426
Saratoga,,39337043,,R-1-10,0,4.36,0.24371782745804726
Saratoga,,39739015,,R-M-3,0,20,0.021546160544681083
Saratoga,,39315016,,R-1-12,0,3.48,0.3362953956843348
Saratoga,,38922038,,R-1-10,0,4.36,0.19122724648305098
Saratoga,,50330040,,HR,0,1,1.8219681663223737
Saratoga,,50326044,,R-1-15,0,2.9,3.766392097421301
Saratoga,,50324026,,CH-1,0,20,0.047992149864970274
Saratoga,,50322099,,R-1-10,0,4.36,0.20141818789787666
Saratoga,,40323027,,R-1-10,0,4.36,0.21326879939628193
Saratoga,,38913008,,R-1-10,0,4.36,0.2701269544057536
Saratoga,,39304006,,R-1-12,0,3.48,0.29965522565026004
Saratoga,,38934011,,R-1-20,0,2.18,0.436359552476005
Saratoga,,51006022,,R-1-40,0,1.09,1.0071256474558794
Saratoga,,39301011,,R-1-12,0,3.48,0.4114316333444621
Saratoga,,39737016,,R-1-20,0,2.18,0.8590438622661285
Saratoga,,36614053,,R-1-12,0,3.48,0.28935940279119415
Saratoga,,38653025,,R-1-10,0,4.36,0.30810466493775984
Saratoga,,50329056,,R-1-40,0,1.09,0.9855429776685949
Saratoga,,36622034,,CN,0,20,0.07785610886521546
Saratoga,,50321036,,R-1-12,0,3.48,0.36631394036769677
Saratoga,,39305015,,R-1-12,0,3.48,0.34577843433671746
Saratoga,,38634042,,R-1-12,0,3.48,0.33249366242337725
Saratoga,,50326018,,R-M-3,0,20,0.5104821536241961
Saratoga,,38629062,,R-1-12,0,3.48,0.287144177282197
Saratoga,,50327107,,R-1-10,0,4.36,0.1739038665795781
Saratoga,,50351001,,HR,0,1,0.9269553180645395
Saratoga,,39726026,,R-1-12,0,3.48,0.3328166724700496
Saratoga,,38908015,,R-M-3,0,20,0.034022023439242474
Saratoga,,39340027,,R-1-12,0,3.48,0.2935419026756229
Saratoga,,50361015,,R-M-4,0,20,0.03190434760119811
Saratoga,,51001018,,R-1-20,0,2.18,0.6445820227992755
Saratoga,,39728015,,R-1-10,0,4.36,0.18044707492137715
Saratoga,,39323022,,R-1-12,0,3.48,0.3630413687460219
Saratoga,,38937034,,R-1-10,0,4.36,0.22720667187253812
Saratoga,,51738001,,R-1-40,0,1.09,2.2444181201383424
Saratoga,,38619036,,R-1-10 SS,0,4.36,0.22742612247460975
Saratoga,,39710022,,R-1-40,0,1.09,1.0511497233745775
Saratoga,,38653047,,CN,0,20,0.07613055963594847
Saratoga,,38939004,,R-1-10,0,4.36,0.28426735570505285
Saratoga,,50329100,,R-1-40,0,1.09,1.0851614685904611
Saratoga,,39338011,,R-1-10,0,4.36,0.21531447431120943
Saratoga,,51714090,,HR,0,1,13.343119814300499
Saratoga,,39333009,,R-1-12,0,3.48,0.31621170413173877
Saratoga,,50350041,,R-1-40,0,1.09,1.3298292352086647
Saratoga,,38945022,,MU-PD,0,20,0.17383209254829138
Saratoga,,39704125,,R-1-40,0,1.09,1.3081862247050695
Saratoga,,51006059,,R-1-40,0,1.09,1.0245901036106217
Saratoga,,38632017,,R-1-12,0,3.48,0.2951924172454272
Saratoga,,50362025,,HR,0,1,3.342400012364125
Saratoga,,50354073,,R-1-12,0,3.48,0.25021681623254866
Saratoga,,36625014,,R-1-12,0,3.48,0.3900067358057911
Saratoga,,51722048,,R-1-40,0,1.09,1.7237850419245875
Saratoga,,38630048,,CV,0,20,0.06132237759617004
Saratoga,,39726021,,R-1-12,0,3.48,0.3774377520129011
Saratoga,,50368010,,HR,0,1,1.967323212816971
Saratoga,,50317057,,R-1-40,0,1.09,1.1741168741234336
Saratoga,,38646031,,R-1-10,0,4.36,0.23920294249220542
Saratoga,,36606016,,HR,0,1,2.276456615861018
Saratoga,,38927030,,R-1-12,0,3.48,0.2978801114652378
Saratoga,,39326025,,R-1-10,0,4.36,0.2809619301517703
Saratoga,,39325007,,R-1-10,0,4.36,0.25521915649943056
Saratoga,,39305017,,R-1-12,0,3.48,0.2850831269100983
Saratoga,,51714079,,HR,0,1,1.4706102573074018
Saratoga,,38637007,,R-1-10,0,4.36,0.3383011609462554
Saratoga,,51026029,,HR,0,1,1.694633599455533
Saratoga,,50324008,,CH-1,0,20,0.1011627929911612
Saratoga,,50355073,,R-1-40,0,1.09,1.0658987747903765
Saratoga,,39309015,,R-1-12,0,3.48,0.33741324946710116
Saratoga,,38939015,,R-1-10,0,4.36,0.26516863447511707
Saratoga,,50323010,,R-1-10,0,4.36,0.4252789415182533
Saratoga,,38909043,,R-M-3,0,20,0.020180406356569414
Saratoga,,36630021,,R-1-10,0,4.36,0.24597428387888032
Saratoga,,39706095,,R-1-40,0,1.09,0.9244058621063604
Saratoga,,39315021,,R-1-12,0,3.48,0.32824697734827096
Saratoga,,39723039,,R-1-20,0,2.18,0.7315364580971973
Saratoga,,40323023,,R-1-10,0,4.36,0.200313524386977
Saratoga,,38606021,,R-1-10,0,4.36,0.2051681275717329
Saratoga,,38621023,,R-1-10 SS,0,4.36,0.3725661704145208
Saratoga,,38660012,,CV,0,20,0.019491595862990388
Saratoga,,38649005,,R-1-10,0,4.36,0.2712780188809723
Saratoga,,39309022,,R-1-12,0,3.48,0.3289838403464701
Saratoga,,39317003,,None,0,0,0.7231680610528192
Saratoga,,39335012,,R-1-10,0,4.36,0.23234882393848713
Saratoga,,38632024,,R-1-12,0,3.48,0.4447946017104023
Saratoga,,39713037,,R-1-40,0,1.09,1.2109132825094104
Saratoga,,50318026,,R-1-40,0,1.09,0.7485226514742426
Saratoga,,51714065,,HR,0,1,2.3570393787141852
Saratoga,,38918030,,R-1-10,0,4.36,0.2547749462861843
Saratoga,,38607028,,R-1-10,0,4.36,0.2446727010831486
Saratoga,,38913040,,R-1-10,0,4.36,0.27420286486847434
Saratoga,,50353037,,R-1-20,0,2.18,0.4579495742874082
Saratoga,,50365004,,R-M-4,0,20,0.053607600447465
Saratoga,,38930042,,R-1-10,0,4.36,0.2324028911032985
Saratoga,,50364002,,R-M-4,0,20,0.05299565577823779
Saratoga,,38938048,,R-1-10,0,4.36,0.1948252192131484
Saratoga,,38644034,,R-1-12,0,3.48,0.33377297432452924
Saratoga,,38634005,,R-1-12,0,3.48,0.22875095039083806
Saratoga,,50323040,,R-1-12,0,3.48,0.2353531316098706
Saratoga,,51718042,,R-1-40,0,1.09,1.277923159620197
Saratoga,,38630053,,CV,0,20,0.22629062334384317
Saratoga,,38913025,,R-1-10,0,4.36,0.24990130354702372
Saratoga,,51722037,,R-1-20,0,2.18,0.5894774725176771
Saratoga,,39703076,,R-1-40,0,1.09,1.3889170040983538
Saratoga,,50358021,,R-1-12,0,3.48,0.37292974841222504
Saratoga,,50367004,,CH-2,0,20,0.024502341147909883
Saratoga,,50369024,,HR,0,1,0.9540355527302732
Saratoga,,50320085,,R-1-40,0,1.09,0.930020408596272
Saratoga,,50355061,,R-1-40,0,1.09,0.8265711631283467
Saratoga,,50322082,,R-1-10,0,4.36,0.32260360053316767
Saratoga,,51024010,,HR,0,1,0.8082663960488319
Saratoga,,38607054,,R-1-10,0,4.36,0.22900424280191362
Saratoga,,36649012,,HR,0,1,1.235524368762296
Saratoga,,38636041,,R-1-12,0,3.48,0.3308310483069106
Saratoga,,40327096,,R-1-10,0,4.36,0.20009127838897672
Saratoga,,38630043,,CV,0,20,0.05106752205765012
Saratoga,,50363012,,R-M-3,0,20,0.026568980994165634
Saratoga,,39707025,,R-1-40,0,1.09,1.187134805105219
Saratoga,,39304013,,R-1-12,0,3.48,0.296482956225888
Saratoga,,39722036,,R-1-10,0,4.36,0.14318107152839704
Saratoga,,39720034,,R-1-20,0,2.18,1.0357407434719113
Saratoga,,39315009,,R-1-12,0,3.48,0.2977438370641917
Saratoga,,38652022,,R-1-10,0,4.36,0.26477461576554007
Saratoga,,50327035,,R-1-10,0,4.36,0.17216533029911119
Saratoga,,50368014,,HR,0,1,1.2333554108232725
Saratoga,,50320100,,R-1-12,0,3.48,0.5524304111372356
Saratoga,,38643011,,R-1-12,0,3.48,0.27738643361363124
Saratoga,,38653050,,CN,0,20,0.10605394589381506
Saratoga,,38656032,,CV,0,20,0.03388041336880839
Saratoga,,38619028,,R-1-10 SS,0,4.36,0.247956252045408
Saratoga,,39319027,,R-1-12,0,3.48,0.28417381770284683
Saratoga,,39308006,,R-1-12,0,3.48,0.31085739714036537
Saratoga,,38940009,,R-1-20,0,2.18,0.520109297417818
Saratoga,,38607019,,R-1-10,0,4.36,0.23456666497350365
Saratoga,,51707018,,R-1-10,0,4.36,0.20177041536373294
Saratoga,,51719037,,R-1-20,0,2.18,0.4615156400386354
Saratoga,,39339015,,R-1-10,0,4.36,0.3863439142352219
Saratoga,,39728060,,R-1-12,0,3.48,0.3216878391002319
Saratoga,,38603044,,R-1-10,0,4.36,0.23927625344943804
Saratoga,,38621010,,R-1-10 SS,0,4.36,0.3347637739844115
Saratoga,,50313038,,HR,0,1,2.0379366005399433
Saratoga,,50316042,,R-1-40,0,1.09,0.3946190798987718
Saratoga,,50325043,,CH-2,0,20,0.12936922604667336
Saratoga,,39722004,,R-1-10,0,4.36,0.18713051267687728
Saratoga,,38640043,,R-1-12,0,3.48,0.30145163104807216
Saratoga,,38613063,,R-1-10,0,4.36,0.2869879797477694
Saratoga,,39721035,,R-1-20,0,2.18,0.5207412238990472
Saratoga,,39318055,,R-1-12,0,3.48,0.4743889040227606
Saratoga,,38913009,,R-1-10,0,4.36,0.26459387772043286
Saratoga,,50369028,,HR,0,1,5.900663005501248
Saratoga,,39333024,,R-1-12,0,3.48,0.26001135158012023
Saratoga,,36628002,,R-1-12,0,3.48,0.30071286512102285
Saratoga,,39328034,,R-1-10,0,4.36,0.26157130941339746
Saratoga,,38605044,,R-1-10,0,4.36,0.26068250555299216
Saratoga,,39704037,,R-1-40,0,1.09,1.2689115895856793
Saratoga,,38627037,,R-1-10,0,4.36,0.2420873595620227
Saratoga,,50318069,,R-1-40,0,1.09,0.8479463190692562
Saratoga,,38901015,,R-1-12,0,3.48,0.30103094191368357
Saratoga,,38629003,,R-1-12,0,3.48,0.2817979146976222
Saratoga,,39328027,,R-1-10,0,4.36,0.24227484250001705
Saratoga,,38941013,,R-1-10,0,4.36,0.2065081984439601
Saratoga,,38642009,,R-1-12,0,3.48,0.289762345881883
Saratoga,,39703081,,R-1-40,0,1.09,1.0034138391204728
Saratoga,,50319029,,R-1-12,0,3.48,0.4088749594631618
Saratoga,,39306026,,R-1-12,0,3.48,0.30495009938350637
Saratoga,,38933012,,R-1-20,0,2.18,0.5362434238674755
Saratoga,,39704036,,R-1-40,0,1.09,1.1910954777014342
Saratoga,,38613056,,R-1-10,0,4.36,0.28544251573787566
Saratoga,,36623012,,R-1-10,0,4.36,0.2296745797870944
Saratoga,,38605006,,R-1-10,0,4.36,0.229352811809851
Saratoga,,39709001,,R-1-40,0,1.09,0.7860032340923887
Saratoga,,39309033,,R-1-12,0,3.48,0.32677212565469815
Saratoga,,38636022,,R-1-12,0,3.48,0.33487829573133227
Saratoga,,39720004,,R-1-40,0,1.09,0.7525111056795334
Saratoga,,38619068,,R-1-10 SS,0,4.36,0.31513473328710356
Saratoga,,38915050,,R-1-10,0,4.36,0.2296393729515929
Saratoga,,50348044,,R-OS,0,0.1,1.995974989233503
Saratoga,,38913038,,R-1-10,0,4.36,0.24318758595471276
Saratoga,,36627027,,R-1-12,0,3.48,0.2870236492075733
Saratoga,,39718011,,R-1-40,0,1.09,0.950879775340365
Saratoga,,38943007,,R-1-20,0,2.18,0.6390318216055415
Saratoga,,38644015,,R-1-12,0,3.48,0.30024572525616783
Saratoga,,38642022,,R-1-12,0,3.48,0.2414937717362726
Saratoga,,38937017,,R-1-10,0,4.36,0.1930776117080138
Saratoga,,38925034,,R-1-10,0,4.36,0.4610750063022261
Saratoga,,50322041,,R-1-10,0,4.36,0.24509016362943087
Saratoga,,39323020,,R-1-12,0,3.48,0.338258199597756
Saratoga,,38617002,,R-1-10 SS,0,4.36,0.2565530391398267
Saratoga,,39345044,,R-1-20,0,2.18,0.279895889328586
Saratoga,,39718076,,R-1-40,0,1.09,1.212895161150627
Saratoga,,50357001,,HR,0,1,0.9565338620726996
Saratoga,,36625030,,R-1-12,0,3.48,0.3086269323907439
Saratoga,,50354064,,R-1-12,0,3.48,0.32792125902458047
Saratoga,,50355021,,R-1-40,0,1.09,1.3503877050153743
Saratoga,,50328016,,R-1-40,0,1.09,0.4332057234915646
Saratoga,,38938042,,R-1-10,0,4.36,0.19092116778612583
Saratoga,,40327050,,R-1-10,0,4.36,0.19268995314399062
Saratoga,,39724017,,R-1-20,0,2.18,0.47898762437387077
Saratoga,,38927014,,R-1-10,0,4.36,0.18221399913754624
Saratoga,,51712007,,R-1-10,0,4.36,0.2155210839216911
Saratoga,,38636007,,R-1-12,0,3.48,0.26631048352514747
Saratoga,,39723030,,R-1-10,0,4.36,0.17216642435129506
Saratoga,,38907018,,R-M-4,0,20,0.01638248837443863
Saratoga,,39327020,,R-1-10,0,4.36,0.2658866613985285
Saratoga,,51722116,,R-1-40,0,1.09,1.294589700496179
Saratoga,,50317055,,R-1-40,0,1.09,0.9961610272175521
Saratoga,,50372020,,HR,0,1,1.504080291092036
Saratoga,,39743005,,R-1-40,0,1.09,0.2824819258738662
Saratoga,,38930010,,R-1-10,0,4.36,0.24338037720409836
Saratoga,,38606041,,R-1-10,0,4.36,0.38614914175401305
Saratoga,,39736009,,R-1-40,0,1.09,0.9464186227985583
Saratoga,,36612060,,R-1-12,0,3.48,0.330465063127239
Saratoga,,38626058,,R-1-10,0,4.36,0.24406467908246443
Saratoga,,40327051,,R-1-10,0,4.36,0.18981790620468925
Saratoga,,39335034,,R-1-10,0,4.36,0.22897647679493371
Saratoga,,38633066,,R-1-10,0,4.36,0.2416110206051526
Saratoga,,39737001,,R-1-20,0,2.18,0.5251141651927032
Saratoga,,39705097,,R-1-40,0,1.09,1.1423576910869073
Saratoga,,39727010,,R-1-10,0,4.36,0.23447981126040343
Saratoga,,39732018,,R-1-40,0,1.09,1.0382460385163315
Saratoga,,38651010,,R-1-12,0,3.48,0.3089480171576645
Saratoga,,38613005,,R-1-10,0,4.36,0.2729156364796958
Saratoga,,50355026,,R-1-40,0,1.09,0.9439422484852374
Saratoga,,36650032,,HR,0,1,1.431598650175194
Saratoga,,39322018,,R-1-12,0,3.48,0.32136452457385506
Saratoga,,37825008,,R-1-15,0,2.9,0.3497744500743459
Saratoga,,51736007,,HR,0,1,2.4334344885174755
Saratoga,,39708093,,R-1-40,0,1.09,1.1778695942744188
Saratoga,,39328032,,R-1-10,0,4.36,0.229621130345915
Saratoga,,51052006,,R-1-40,0,1.09,1.5072717244861182
Saratoga,,38623039,,R-1-10 SS,0,4.36,0.4104425213148719
Saratoga,,39302030,,R-1-12,0,3.48,0.3333573859241358
Saratoga,,50316011,,R-1-40,0,1.09,1.1141504052462776
Saratoga,,38623065,,R-1-10 SS,0,4.36,0.2530096474752448
Saratoga,,39743020,,R-1-10,0,4.36,0.22280595312721213
Saratoga,,50322018,,R-1-10,0,4.36,0.19726497100674234
Saratoga,,38905022,,R-1-12,0,3.48,0.8215353621489472
Saratoga,,38938020,,R-1-10,0,4.36,0.18792911474343446
Saratoga,,39711047,,R-1-40,0,1.09,0.9570324007416761
Saratoga,,38944014,,MU-PD,0,20,0.14928917809826323
Saratoga,,36622002,,R-1-10,0,4.36,0.536900970328991
Saratoga,,50326026,,R-1-10,0,4.36,0.08606060019980688
Saratoga,,39734003,,R-1-20,0,2.18,0.42853129383120986
Saratoga,,36650040,,HR,0,1,1.0205522842484311
Saratoga,,51714039,,HR,0,1,1.1117138870299343
Saratoga,,38619081,,R-1-10 SS,0,4.36,0.3404573184266224
Saratoga,,39724030,,R-1-20,0,2.18,0.25793445897537126
Saratoga,,38941031,,R-1-10,0,4.36,0.19217895107093289
Saratoga,,39733012,,R-M-3,0,20,0.0688828137095408
Saratoga,,50316045,,R-1-40,0,1.09,0.5014164122263169
Saratoga,,39320016,,R-1-12,0,3.48,0.23890561451032927
Saratoga,,38915072,,R-1-10,0,4.36,0.22743962400735268
Saratoga,,38607048,,R-1-10,0,4.36,0.24322533794652987
Saratoga,,50352023,,R-1-10,0,4.36,0.2412654176115653
Saratoga,,50313113,,HR,0,1,0.9330364104932011
Saratoga,,39320032,,R-1-12,0,3.48,0.27372962942967405
Saratoga,,36627019,,R-1-12,0,3.48,0.42225618558683653
Saratoga,,38637022,,R-1-10,0,4.36,0.24611518917341624
Saratoga,,38938040,,R-1-10,0,4.36,0.19163432821574397
Saratoga,,39340031,,R-1-12,0,3.48,0.4415581433700156
Saratoga,,38916035,,R-1-10,0,4.36,0.23394891858563308
Saratoga,,50362007,,HR,0,1,1.8095182095478068
Saratoga,,38915019,,R-1-10,0,4.36,0.22973158344318761
Saratoga,,50353060,,R-1-40,0,1.09,0.9798681611234971
Saratoga,,38902004,,R-1-12,0,3.48,0.29576456385390987
Saratoga,,38606039,,R-1-10,0,4.36,0.240255451672357
Saratoga,,38944020,,MU-PD,0,20,0.1702055354548203
Saratoga,,51714038,,R-1-40,0,1.09,1.2996042305040763
Saratoga,,50357007,,HR,0,1,1.0742624785812807
Saratoga,,38933013,,R-1-20,0,2.18,0.45030005200686474
Saratoga,,39322057,,R-1-12,0,3.48,0.3030021479444945
Saratoga,,39705093,,R-1-40,0,1.09,0.9361904789321783
Saratoga,,50327069,,R-1-10,0,4.36,0.17207991129996317
Saratoga,,36643019,,HR,0,1,2.7546390204320446
Saratoga,,39316027,,R-1-12,0,3.48,0.2495470032585549
Saratoga,,38914044,,R-1-10,0,4.36,0.23518213054463225
Saratoga,,39342046,,R-1-10,0,4.36,0.24772766190038384
Saratoga,,38615016,,R-1-10 SS,0,4.36,0.30631440299303875
Saratoga,,38634041,,R-1-12,0,3.48,0.2749938476547249
Saratoga,,39302009,,R-1-12,0,3.48,0.32200846918572096
Saratoga,,39320007,,R-1-12,0,3.48,0.230725374806574
Saratoga,,38933026,,R-1-20,0,2.18,1.363233055576962
Saratoga,,39318052,,R-1-12,0,3.48,0.35583119297803506
Saratoga,,39716133,,R-1-20,0,2.18,0.48555905415903966
Saratoga,,39726028,,R-1-12,0,3.48,0.2872573982603725
Saratoga,,39325002,,R-1-10,0,4.36,0.26853258515497835
Saratoga,,36632002,,HR,0,1,0.9587285499193053
Saratoga,,38627065,,R-1-10,0,4.36,0.47775161775785896
Saratoga,,38611032,,R-1-10,0,4.36,0.23873697687619252
Saratoga,,38629072,,R-1-12,0,3.48,0.2351982270587948
Saratoga,,38619080,,R-1-10 SS,0,4.36,0.3289400999090198
Saratoga,,39720067,,R-1-40,0,1.09,0.025420514753539788
Saratoga,,50329092,,R-1-40,0,1.09,0.28150619918383823
Saratoga,,38639019,,R-1-12,0,3.48,0.2936932953697101
Saratoga,,39720102,,R-1-40,0,1.09,2.6530192024595367
Saratoga,,36656004,,CV,0,20,0.06182137444870369
Saratoga,,38603025,,R-1-10,0,4.36,0.23604525404063625
Saratoga,,50322050,,R-1-10,0,4.36,0.1846986522874519
Saratoga,,38616040,,R-1-10 SS,0,4.36,0.24285467703031957
Saratoga,,36636003,,CV,0,20,0.035549397132273314
Saratoga,,36630010,,R-1-10,0,4.36,0.2575414784518737
Saratoga,,39709012,,R-1-40,0,1.09,1.1087209656576589
Saratoga,,51024022,,HR,0,1,1.0403609804547291
Saratoga,,39703022,,R-1-40,0,1.09,1.1161043890698925
Saratoga,,38913019,,R-1-10,0,4.36,0.2711806218973962
Saratoga,,39722041,,R-1-10,0,4.36,0.20285925379970862
Saratoga,,39730018,,R-1-20,0,2.18,0.04431761507270797
Saratoga,,39701066,,R-1-40,0,1.09,1.5728740530245926
Saratoga,,50326020,,R-1-10,0,4.36,0.08592444963845987
Saratoga,,38633074,,R-1-10,0,4.36,0.23377887727286725
Saratoga,,38941024,,R-1-10,0,4.36,0.19167456273659736
Saratoga,,40328048,,R-1-10,0,4.36,0.18841572379665328
Saratoga,,50328136,,R-1-40,0,1.09,0.37077540989787006
Saratoga,,39313001,,R-1-10,0,4.36,0.22918515822532573
Saratoga,,36649032,,HR,0,1,2.178640934132627
Saratoga,,50357015,,HR,0,1,1.9535669036905
Saratoga,,50319035,,R-1-40,0,1.09,0.9896366128634808
Saratoga,,39327038,,R-1-10,0,4.36,0.2477558232593096
Saratoga,,38641063,,R-1-12,0,3.48,0.24286757068837125
Saratoga,,38904023,,R-1-12,0,3.48,0.2842615985039467
Saratoga,,36605056,,HR,0,1,0.5215715517882086
Saratoga,,50353023,,R-1-40,0,1.09,0.9129642620651941
Saratoga,,50363061,,R-M-3,0,20,0.032559406128620495
Saratoga,,40323004,,R-1-10,0,4.36,0.18629857069749697
Saratoga,,38606026,,R-1-10,0,4.36,0.2928985031522804
Saratoga,,51714077,,HR,0,1,1.5361447563474566
Saratoga,,38921003,,R-1-10,0,4.36,0.2536101936392181
Saratoga,,39717025,,R-1-40,0,1.09,0.8235278357128881
Saratoga,,38924046,,R-1-10,0,4.36,0.2946852734825203
Saratoga,,50358010,,R-1-12,0,3.48,0.29898590430990757
Saratoga,,36614049,,R-1-12,0,3.48,0.2872832801218596
Saratoga,,50378006,,HR,0,1,1.510107286123998
Saratoga,,38647018,,R-1-12,0,3.48,0.34982264127782564
Saratoga,,38634047,,R-1-12,0,3.48,0.35622461126921245
Saratoga,,50322053,,R-1-10,0,4.36,0.3286162637667724
Saratoga,,38604017,,R-1-12,0,3.48,0.303224923839897
Saratoga,,51710032,,R-1-10,0,4.36,0.37678480271004605
Saratoga,,39319064,,R-1-12,0,3.48,0.23430862827268245
Saratoga,,50323027,,R-1-15,0,2.9,1.1995346682568766
Saratoga,,38916016,,R-1-10,0,4.36,0.2897532697301769
Saratoga,,39713067,,R-1-40,0,1.09,1.0853778453147043
Saratoga,,39744015,,R-M-3,0,20,0.051017543223454746
Saratoga,,38926031,,R-1-10,0,4.36,0.34440902001938123
Saratoga,,38632029,,R-1-12,0,3.48,0.2307911866789713
Saratoga,,38936013,,R-1-10,0,4.36,0.28621638073574235
Saratoga,,36613078,,R-1-12,0,3.48,0.30664088375931897
Saratoga,,50331055,,HR,0,1,1.098285957977733
Saratoga,,38633085,,R-1-10,0,4.36,0.27599751220716945
Saratoga,,39309003,,R-1-12,0,3.48,0.3586886976420048
Saratoga,,38658014,,R-1-10,0,4.36,0.027207261898402182
Saratoga,,39722028,,R-1-10,0,4.36,0.2173265717137449
Saratoga,,51721019,,R-1-20,0,2.18,0.44786646373930883
Saratoga,,38633094,,R-1-10,0,4.36,0.23493818301327185
Saratoga,,51729017,,R-M-4,0,20,0.0638715367674661
Saratoga,,36635016,,CV,0,20,0.03470877425730996
Saratoga,,39328019,,R-1-10,0,4.36,0.22373255886511628
Saratoga,,39302017,,R-1-12,0,3.48,0.2832105388978922
Saratoga,,50318006,,R-1-12,0,3.48,0.39396541455819273
Saratoga,,38943008,,R-1-20,0,2.18,0.5285430610884811
Saratoga,,39326035,,R-1-10,0,4.36,0.32900439215980537
Saratoga,,50327086,,R-1-10,0,4.36,0.21307753019408732
Saratoga,,51738003,,HR,0,1,1.0204047498755424
Saratoga,,39727036,,R-M-3,0,20,0.0804531667917195
Saratoga,,38926012,,R-1-10,0,4.36,0.19622053724268587
Saratoga,,39328007,,R-1-10,0,4.36,0.21745688358320767
Saratoga,,38606008,,R-1-10,0,4.36,0.22681506318665343
Saratoga,,38925036,,R-1-10,0,4.36,0.2681904037676713
Saratoga,,38650001,,R-1-12,0,3.48,0.2840030032617645
Saratoga,,38657004,,CV,0,20,0.04786113058245707
Saratoga,,50375002,,HR,0,1,1.193190932179167
Saratoga,,38936004,,R-1-15,0,2.9,0.42855722641843697
Saratoga,,39306017,,R-1-12,0,3.48,0.3129124207445013
Saratoga,,51722099,,R-1-40,0,1.09,1.2284679690470637
Saratoga,,51005023,,R-1-40,0,1.09,1.2434063123527195
Saratoga,,38915067,,R-1-10,0,4.36,0.22724825589588718
Saratoga,,39337014,,R-1-10,0,4.36,0.2346957079906732
Saratoga,,36656018,,CV,0,20,0.05698699682474689
Saratoga,,50325034,,CH-1,0,20,0.02657937440342069
Saratoga,,50376005,,CH-2,0,20,0.017844618747280997
Saratoga,,38921042,,R-1-10,0,4.36,0.24310434138681306
Saratoga,,38636019,,R-1-12,0,3.48,0.28867004561158627
Saratoga,,38649012,,R-1-10,0,4.36,0.28323553037969046
Saratoga,,50328061,,R-1-40,0,1.09,0.4017012213592077
Saratoga,,38607040,,R-1-10,0,4.36,0.2264755726098951
Saratoga,,38645019,,R-1-10,0,4.36,0.2571796144133009
Saratoga,,39716113,,R-1-40 PC,0,1.09,0.7588724727610239
Saratoga,,38649011,,R-1-10,0,4.36,0.23926590781966423
Saratoga,,38635056,,R-1-10,0,4.36,0.23649738947211751
Saratoga,,38660002,,CV,0,20,0.03134466584623483
Saratoga,,38917051,,R-1-10,0,4.36,0.23216879243560012
Saratoga,,36614044,,R-1-12,0,3.48,0.29238919937435615
Saratoga,,51727013,,R-1-15,0,2.9,0.4862446292618415
Saratoga,,50372035,,HR,0,1,1.3107103277629735
Saratoga,,50327092,,R-1-10,0,4.36,0.19413089861360913
Saratoga,,39320030,,R-1-12,0,3.48,0.2574951943844243
Saratoga,,39713040,,R-1-40,0,1.09,1.0028499345146826
Saratoga,,50322056,,R-1-10,0,4.36,0.18740489963063892
Saratoga,,38913022,,R-1-10,0,4.36,0.23878521457792828
Saratoga,,50313151,,HR,0,1,2.5850256297593286
Saratoga,,36613002,,R-1-12,0,3.48,0.2341263594148044
Saratoga,,40327002,,R-1-10,0,4.36,0.1866398136854449
Saratoga,,50320072,,R-1-12,0,3.48,0.2807157965645895
Saratoga,,38645002,,R-1-10,0,4.36,0.23024139752939307
Saratoga,,39301006,,R-1-12,0,3.48,0.3260126501037933
Saratoga,,40328041,,R-1-10,0,4.36,0.19110687000608162
Saratoga,,50353053,,R-1-40,0,1.09,0.8861892210932844
Saratoga,,39717059,,R-1-40,0,1.09,0.8974148844376062
Saratoga,,50351015,,HR,0,1,0.3918956715743791
Saratoga,,38633062,,R-1-10,0,4.36,0.295551907890015
Saratoga,,38621030,,R-1-10 SS,0,4.36,0.21557796329190954
Saratoga,,38619038,,R-1-10 SS,0,4.36,0.2411716119681316
Saratoga,,39327041,,R-1-10,0,4.36,0.24741624591737035
Saratoga,,36656008,,CV,0,20,0.05987790229604253
Saratoga,,39702104,,R-1-40,0,1.09,0.8892277880295143
Saratoga,,38646022,,R-1-10,0,4.36,0.24408627395884164
Saratoga,,39730061,,R-1-40,0,1.09,1.9784976702672443
Saratoga,,39703061,,R-1-40,0,1.09,2.044619632949126
Saratoga,,50330068,,HR,0,1,0.9924268533086662
Saratoga,,50328049,,R-1-40,0,1.09,0.3873263894560628
Saratoga,,39717019,,R-1-40,0,1.09,0.9178638952074866
Saratoga,,50353010,,R-1-40,0,1.09,0.796231040981944
Saratoga,,51709021,,CH-1,0,20,0.1388851092432314
Saratoga,,50369026,,HR,0,1,6.075840258639182
Saratoga,,38658012,,R-1-10,0,4.36,0.027714887725131383
Saratoga,,50330050,,HR,0,1,2.1361727144698794
Saratoga,,51722036,,R-1-20,0,2.18,0.9493394615319318
Saratoga,,39342047,,R-1-10,0,4.36,0.3155882589535226
Saratoga,,39306005,,R-1-12,0,3.48,0.2955890395742552
Saratoga,,38626021,,R-1-12,0,3.48,0.28267346906617413
Saratoga,,38626006,,R-1-10,0,4.36,0.23036871821077853
Saratoga,,50360007,,R-M-4,0,20,0.057235662943583725
Saratoga,,50316009,,R-1-40,0,1.09,1.146948972678246
Saratoga,,39711046,,R-1-40,0,1.09,2.0184825681454353
Saratoga,,38651018,,R-1-12,0,3.48,0.28335005876567937
Saratoga,,36649024,,HR,0,1,1.3543369058586994
Saratoga,,38656029,,CV,0,20,0.08808933127667098
Saratoga,,51711067,,R-1-20,0,2.18,0.25202794022003133
Saratoga,,39314011,,R-1-12,0,3.48,0.34520888485998996
Saratoga,,50363021,,R-M-3,0,20,0.026570487138888092
Saratoga,,39709025,,R-1-40,0,1.09,1.0439122294912664
Saratoga,,38605064,,R-1-10,0,4.36,0.2800852806956334
Saratoga,,38901017,,R-1-12,0,3.48,0.32888300980762136
Saratoga,,39733005,,R-M-3,0,20,0.06307567690136048
Saratoga,,38626003,,R-1-10,0,4.36,0.23025548117700378
Saratoga,,50326005,,R-1-10,0,4.36,0.2279819578755023
Saratoga,,39704117,,R-1-40,0,1.09,0.9301962466433128
Saratoga,,38924012,,R-1-10,0,4.36,0.25694314432854953
Saratoga,,50322039,,R-1-10,0,4.36,0.24028609018615257
Saratoga,,38605018,,R-1-10,0,4.36,0.26609348106828573
Saratoga,,38935007,,R-1-20,0,2.18,0.5057477718015739
Saratoga,,37824047,,R-1-10,0,4.36,0.24918734397921974
Saratoga,,39326004,,R-1-10,0,4.36,0.3104650858869695
Saratoga,,38636011,,R-1-12,0,3.48,0.33086500553321846
Saratoga,,51006016,,R-1-40,0,1.09,0.6782788303504321
Saratoga,,38940001,,R-1-10,0,4.36,0.2883355834938553
Saratoga,,38925047,,R-1-10,0,4.36,0.4800118449814472
Saratoga,,40322019,,R-1-10,0,4.36,0.43758553912618864
Saratoga,,50322026,,R-1-10,0,4.36,0.18557816389422244
Saratoga,,39339001,,R-1-10,0,4.36,0.2768453483490928
Saratoga,,38603045,,R-1-10,0,4.36,0.23871662398336357
Saratoga,,51006064,,R-1-40,0,1.09,0.9218479179794352
Saratoga,,38650011,,R-1-12,0,3.48,0.28881635807845757
Saratoga,,38613023,,R-1-10,0,4.36,0.25336395465176553
Saratoga,,38619062,,R-1-10 SS,0,4.36,0.3165478884472468
Saratoga,,50362001,,HR,0,1,1.2615111001929156
Saratoga,,36648024,,HR,0,1,2.7804071317359402
Saratoga,,38916003,,R-1-10,0,4.36,0.3278841777470014
Saratoga,,51729014,,R-M-4,0,20,0.07257385100939812
Saratoga,,50326003,,R-1-10,0,4.36,0.23995565608645011
Saratoga,,38616034,,R-1-10 SS,0,4.36,0.23255875613036406
Saratoga,,50369022,,HR,0,1,1.0418374799386358
Saratoga,,50318085,,R-1-12,0,3.48,0.29857984174449026
Saratoga,,36649045,,HR,0,1,2.0139158128018613
Saratoga,,38603014,,R-1-10,0,4.36,0.26620789091956804
Saratoga,,38902020,,R-1-12,0,3.48,0.22464213449819653
Saratoga,,38926018,,R-1-10,0,4.36,0.2426869629168866
Saratoga,,50368011,,HR,0,1,1.1694918527257179
Saratoga,,38619072,,R-1-10 SS,0,4.36,0.2572825209962404
Saratoga,,39346024,,R-1-12,0,3.48,0.302052336848385
Saratoga,,50322087,,R-1-12,0,3.48,0.2922473628594302
Saratoga,,38651042,,R-1-12,0,3.48,0.2820621372849162
Saratoga,,39344033,,R-1-10,0,4.36,0.22370816285735465
Saratoga,,51002013,,R-1-40,0,1.09,1.067713436221565
Saratoga,,38645025,,R-1-10,0,4.36,0.3037797702708787
Saratoga,,38619048,,R-1-10 SS,0,4.36,0.24401928039576112
Saratoga,,50363003,,R-M-3,0,20,0.026569324921451365
Saratoga,,38661005,,R-1-10 SS,0,4.36,0.2816589482441196
Saratoga,,38637053,,R-1-12,0,3.48,0.3347893404912618
Saratoga,,51714003,,HR,0,1,2.1788965979569124
Saratoga,,39331013,,R-1-12,0,3.48,0.3438224488225408
Saratoga,,39316029,,R-1-12,0,3.48,0.3350611533107958
Saratoga,,50319104,,R-1-12,0,3.48,0.2966305378547671
Saratoga,,38914002,,R-1-10,0,4.36,0.22380016560320432
Saratoga,,36623052,,R-1-10,0,4.36,0.23757966799556332
Saratoga,,39328002,,R-1-10,0,4.36,0.2300836795621859
Saratoga,,50316044,,R-1-40,0,1.09,0.7972396540138142
Saratoga,,38944033,,MU-PD,0,20,0.16895496655615624
Saratoga,,40327052,,R-1-10,0,4.36,0.18960838789036527
Saratoga,,39721026,,R-1-10,0,4.36,0.350901471635741
Saratoga,,39709017,,R-1-40,0,1.09,0.8609371424274292
Saratoga,,38918026,,R-1-10,0,4.36,0.22990492241680524
Saratoga,,50318033,,R-1-12,0,3.48,0.5183723633356863
Saratoga,,51718022,,R-1-40,0,1.09,0.9710181592390392
Saratoga,,39704003,,R-1-40,0,1.09,1.8561711593709143
Saratoga,,40328073,,R-1-10,0,4.36,0.18902393009111473
Saratoga,,50356011,,HR,0,1,0.946929841147938
Saratoga,,39315020,,R-1-12,0,3.48,0.29206502470421286
Saratoga,,38927001,,R-1-10,0,4.36,0.25114081544063843
Saratoga,,38616016,,R-1-10 SS,0,4.36,0.33804104598559653
Saratoga,,51005002,,R-1-40,0,1.09,0.9983188280223628
Saratoga,,38627012,,R-1-10,0,4.36,0.2463789051675908
Saratoga,,50322035,,R-1-10,0,4.36,0.23881252269063355
Saratoga,,50350024,,R-1-40,0,1.09,0.9211560770341195
Saratoga,,51712005,,R-1-10,0,4.36,0.7099347843293952
Saratoga,,50355037,,R-1-40,0,1.09,1.03093568100363
Saratoga,,38644009,,R-1-12,0,3.48,0.31337390045545915
Saratoga,,36649027,,HR,0,1,1.2026137707504316
Saratoga,,38945046,,MU-PD,0,20,0.17086535949228904
Saratoga,,36636016,,CV,0,20,0.03333949293727378
Saratoga,,38659025,,R-1-10,0,4.36,0.02412231619957747
Saratoga,,38611030,,R-1-10,0,4.36,0.2387558479663364
Saratoga,,38658024,,R-1-10,0,4.36,0.05432068122257301
Saratoga,,38945044,,MU-PD,0,20,0.17077286692653895
Saratoga,,38635058,,R-1-10,0,4.36,0.2615832581168718
Saratoga,,51005004,,R-1-40,0,1.09,0.9936374110872334
Saratoga,,38917019,,R-1-10,0,4.36,0.3496221081418555
Saratoga,,39725101,,R-1-12,0,3.48,0.2565530091084875
Saratoga,,50322008,,R-1-10,0,4.36,0.22911785936200654
Saratoga,,38654029,,R-1-10,0,4.36,0.304963009898259
Saratoga,,39302032,,R-1-12,0,3.48,0.3447079560339328
Saratoga,,51718045,,R-1-40,0,1.09,2.5759779513997514
Saratoga,,38936026,,R-1-15,0,2.9,0.42082521755725927
Saratoga,,50356005,,HR,0,1,0.7640863484718999
Saratoga,,37825025,,R-1-15,0,2.9,0.26564743605007385
Saratoga,,38937020,,R-1-10,0,4.36,0.19372273358917053
Saratoga,,36622029,,R-1-10,0,4.36,0.27041135788982007
Saratoga,,39703086,,R-1-40,0,1.09,1.616847920105958
Saratoga,,38636033,,R-1-12,0,3.48,0.26815521407127274
Saratoga,,38618016,,R-1-10 SS,0,4.36,0.24343483761622262
Saratoga,,39703041,,R-1-40,0,1.09,0.9697172638539324
Saratoga,,36623004,,R-1-10,0,4.36,0.2499497667818736
Saratoga,,50350033,,R-1-12,0,3.48,0.32417133834595946
Saratoga,,39708050,,R-1-40,0,1.09,0.9083745729007604
Saratoga,,38633022,,R-1-10,0,4.36,0.23351811433045058
Saratoga,,36614056,,R-1-12,0,3.48,0.3193067612344657
Saratoga,,50319121,,R-1-40,0,1.09,0.9285218175900429
Saratoga,,38617006,,R-1-10 SS,0,4.36,0.2841815877269046
Saratoga,,39310016,,R-1-12,0,3.48,0.2517363871206107
Saratoga,,39344014,,R-1-10,0,4.36,0.2382175411031051
Saratoga,,39722052,,R-1-10,0,4.36,0.20010663300610304
Saratoga,,50369008,,HR,0,1,1.8515300972465436
Saratoga,,39333017,,R-1-12,0,3.48,0.22296080985817762
Saratoga,,36613010,,R-1-12,0,3.48,0.5240936100614723
Saratoga,,38658005,,R-1-10,0,4.36,0.02524908846189826
Saratoga,,38916017,,R-1-10,0,4.36,0.2575934017447801
Saratoga,,50323023,,R-1-15,0,2.9,0.8127881549193097
Saratoga,,39335029,,R-1-12,0,3.48,0.3091288595714711
Saratoga,,38913032,,R-1-10,0,4.36,0.25048400616095584
Saratoga,,38611034,,R-1-10,0,4.36,0.23871777463526397
Saratoga,,51719041,,R-1-20,0,2.18,0.6602956741679201
Saratoga,,39326023,,R-1-10,0,4.36,0.3247512504099702
Saratoga,,38931034,,R-1-20,0,2.18,0.6259344995249075
Saratoga,,50378040,,HR,0,1,2.88568346294778
Saratoga,,38945035,,MU-PD,0,20,0.23461313865637837
Saratoga,,50310065,,HR AP/OS,0,1,9.681886823462822
Saratoga,,39334031,,R-1-12,0,3.48,0.3032614513319404
Saratoga,,39735017,,R-1-40,0,1.09,0.9267522024881766
Saratoga,,39334032,,R-1-12,0,3.48,0.29886482838724543
Saratoga,,38619021,,R-1-10 SS,0,4.36,0.24113277166036873
Saratoga,,37824017,,R-1-10,0,4.36,0.25163986414968875
Saratoga,,38651014,,R-1-12,0,3.48,0.3181406095058811
Saratoga,,38924019,,R-1-10,0,4.36,0.24986489752299018
Saratoga,,38652045,,R-1-10,0,4.36,0.3162526515543594
Saratoga,,50328020,,R-1-40,0,1.09,0.3697152698435001
Saratoga,,39346015,,R-1-12,0,3.48,0.33770115623279184
Saratoga,,36625002,,R-1-12,0,3.48,0.36353416919175635
Saratoga,,50349024,,R-1-12,0,3.48,0.4271990426069028
Saratoga,,39705062,,R-1-40,0,1.09,0.8831443675420066
Saratoga,,39716105,,R-1-40 PC,0,1.09,0.7973371641774533
Saratoga,,39741014,,R-1-20,0,2.18,0.5412227632810476
Saratoga,,38927025,,R-1-10,0,4.36,0.24661663344183085
Saratoga,,50368019,,HR,0,1,2.435514286448336
Saratoga,,38930031,,R-1-10,0,4.36,0.22394061880754243
Saratoga,,39329005,,R-1-10,0,4.36,0.22803905758059578
Saratoga,,50355006,,R-1-40,0,1.09,0.9189920516598472
Saratoga,,39310014,,R-1-12,0,3.48,0.35076361043118387
Saratoga,,38630029,,R-1-10,0,4.36,0.23456047380935405
Saratoga,,39302036,,R-1-12,0,3.48,0.6695298452063827
Saratoga,,38940011,,R-1-20,0,2.18,0.4774502961175286
Saratoga,,38917042,,R-1-10,0,4.36,0.2320559291411718
Saratoga,,39342027,,R-1-10,0,4.36,0.18367467472368978
Saratoga,,39326011,,R-1-10,0,4.36,0.28687000047769995
Saratoga,,39705068,,R-1-40,0,1.09,0.9820515038002774
Saratoga,,39738006,,R-M-3,0,20,0.026252687782762543
Saratoga,,38938052,,R-1-10,0,4.36,0.19229166019150007
Saratoga,,39332019,,R-1-12,0,3.48,0.309803645368763
Saratoga,,39320013,,R-1-12,0,3.48,0.2909143648956994
Saratoga,,39319026,,R-1-12,0,3.48,0.2860969614355821
Saratoga,,38636004,,R-1-12,0,3.48,0.2965368865421023
Saratoga,,38630045,,CV,0,20,0.061321797866769404
Saratoga,,39319057,,R-1-12,0,3.48,0.23990293014324124
Saratoga,,51719028,,R-1-20,0,2.18,0.4896637346066117
Saratoga,,50350016,,R-1-40,0,1.09,0.5652732257715005
Saratoga,,39717038,,R-1-40,0,1.09,0.9712842278114195
Saratoga,,38908031,,R-M-3,0,20,0.012371062618355345
Saratoga,,39736035,,R-1-40,0,1.09,0.9138163285193043
Saratoga,,36622035,,CN,0,20,0.11175278578845392
Saratoga,,39322048,,R-1-12,0,3.48,0.33521485084409836
Saratoga,,38641020,,R-1-12,0,3.48,0.3251448250791663
Saratoga,,38613006,,R-1-10,0,4.36,0.2556336289897469
Saratoga,,39344021,,R-1-10,0,4.36,0.23538510455137013
Saratoga,,38945021,,MU-PD,0,20,0.1806995014737039
Saratoga,,38927033,,R-1-12,0,3.48,0.2915791499460338
Saratoga,,38930033,,R-1-10,0,4.36,0.24754529019663202
Saratoga,,50320096,,R-1-12,0,3.48,0.48486837596107174
Saratoga,,38651009,,R-1-12,0,3.48,0.3415459820515605
Saratoga,,39724031,,R-1-20,0,2.18,0.2797737182434484
Saratoga,,39309004,,R-1-12,0,3.48,0.31199874597676586
Saratoga,,50329065,,R-1-40,0,1.09,0.8419077953023787
Saratoga,,38656008,,CV,0,20,0.03352118566814004
Saratoga,,38608023,,R-1-10,0,4.36,0.2435136082106401
Saratoga,,51024026,,HR,0,1,1.01622458581285
Saratoga,,38612052,,R-1-10,0,4.36,0.24940439024451316
Saratoga,,50350036,,R-1-12,0,3.48,0.3252266774116883
Saratoga,,40328070,,R-1-10,0,4.36,0.19442237968609136
Saratoga,,51729019,,R-M-4,0,20,0.0638715367674661
Saratoga,,38618003,,R-1-10 SS,0,4.36,0.24679355189599345
Saratoga,,50324046,,CH-1,0,20,0.6779006142111701
Saratoga,,39330037,,R-1-12,0,3.48,0.32505666565228786
Saratoga,,38605007,,R-1-10,0,4.36,0.23522269438180546
Saratoga,,38938043,,R-1-10,0,4.36,0.19087800222727805
Saratoga,,50353031,,R-1-20,0,2.18,0.48276043768074794
Saratoga,,50328014,,R-1-40,0,1.09,1.0288301035728837
Saratoga,,38945026,,MU-PD,0,20,0.17450415253634327
Saratoga,,38654004,,R-1-10,0,4.36,0.2602345248626084
Saratoga,,38619058,,R-1-10 SS,0,4.36,0.385386816917844
Saratoga,,38609022,,R-1-10,0,4.36,0.7093475452760015
Saratoga,,37824005,,R-1-10,0,4.36,0.2878345514068656
Saratoga,,38937042,,R-1-10,0,4.36,0.21812212037458828
Saratoga,,39704090,,R-1-40,0,1.09,1.0864606649888522
Saratoga,,38608016,,R-1-10,0,4.36,0.24236396497272522
Saratoga,,36630007,,R-1-10,0,4.36,0.2702690260049086
Saratoga,,38937029,,R-1-10,0,4.36,0.2881403485230795
Saratoga,,38653043,,CN,0,20,0.10375291345332792
Saratoga,,39315014,,R-1-12,0,3.48,0.2979561466820846
Saratoga,,39720013,,R-1-40,0,1.09,0.9565600690793359
Saratoga,,38640007,,R-1-12,0,3.48,0.2847347834848085
Saratoga,,50329042,,R-1-40,0,1.09,1.0063490448685202
Saratoga,,51729016,,R-M-4,0,20,0.07257385100939812
Saratoga,,38608025,,R-1-10,0,4.36,0.2787436919548802
Saratoga,,38621018,,R-1-10 SS,0,4.36,0.2786072539368298
Saratoga,,38928018,,R-1-12,0,3.48,0.5476220512835991
Saratoga,,39707001,,R-1-40,0,1.09,1.0004142745196591
Saratoga,,50363088,,R-M-3,0,20,0.020588071920856287
Saratoga,,38927024,,R-1-10,0,4.36,0.1796824546797934
Saratoga,,51714026,,HR,0,1,0.7517027345150908
Saratoga,,39725104,,R-1-20,0,2.18,0.5428346503661634
Saratoga,,38926053,,R-1-10,0,4.36,0.18552379513846654
Saratoga,,38651011,,R-1-12,0,3.48,0.289559400745197
Saratoga,,38617053,,R-1-10 SS,0,4.36,0.47791113788339595
Saratoga,,39716003,,A,0,1,10.72619300148971
Saratoga,,39318009,,R-1-12,0,3.48,0.2812497701688959
Saratoga,,50374001,,R-OS AP/OS,0,0.1,0.419880522278904
Saratoga,,39739016,,R-M-3,0,20,0.03537565354776191
Saratoga,,38607066,,R-1-10,0,4.36,0.2255255860257151
Saratoga,,39309023,,R-1-12,0,3.48,0.3669842242119151
Saratoga,,39716129,,R-1-40 PC,0,1.09,0.8918120868342393
Saratoga,,36643020,,HR,0,1,2.5779658073424456
Saratoga,,39327047,,R-1-10,0,4.36,0.24006205062050462
Saratoga,,38904022,,R-1-12,0,3.48,0.29065622914836764
Saratoga,,50320097,,R-1-12,0,3.48,0.2852634301972987
Saratoga,,39716012,,R-1-20,0,2.18,0.43852597113519687
Saratoga,,51714011,,HR,0,1,2.258173803496266
Saratoga,,38939013,,R-1-10,0,4.36,0.2972510963858642
Saratoga,,38609031,,R-1-10,0,4.36,0.3009151991813559
Saratoga,,50369032,,HR,0,1,1.200573471701145
Saratoga,,50317042,,R-1-15,0,2.9,0.35350145426878676
Saratoga,,38636009,,R-1-12,0,3.48,0.2913830121925154
Saratoga,,39722008,,R-1-10,0,4.36,0.1482652290239151
Saratoga,,50321019,,R-1-12,0,3.48,0.29456847455220064
Saratoga,,38641039,,R-1-10,0,4.36,0.24197031031158406
Saratoga,,38633028,,R-1-10,0,4.36,0.23143003357773337
Saratoga,,38637050,,R-1-12,0,3.48,0.3305261778350086
Saratoga,,38659012,,R-1-10,0,4.36,0.02711850185663881
Saratoga,,39736012,,R-1-40,0,1.09,0.9622121208420771
Saratoga,,39718038,,R-1-40,0,1.09,1.6246558100812256
Saratoga,,38605078,,R-1-10,0,4.36,0.2577227498201537
Saratoga,,38906004,,PA,0,20,0.36969344035676527
Saratoga,,39742019,,R-1-40,0,1.09,1.1698684002166788
Saratoga,,50316085,,R-1-40,0,1.09,1.251441740841145
Saratoga,,39312021,,R-1-12,0,3.48,0.22927525012178832
Saratoga,,38613026,,R-1-10,0,4.36,0.25376698068869324
Saratoga,,39301040,,CN,0,20,0.03629954099046358
Saratoga,,39340004,,R-1-10,0,4.36,0.35707007996471407
Saratoga,,38617022,,R-1-10 SS,0,4.36,0.28179868118265783
Saratoga,,38651034,,R-1-12,0,3.48,0.287688884327943
Saratoga,,38629053,,R-1-12,0,3.48,0.2981560994868099
Saratoga,,39306023,,R-1-12,0,3.48,0.309375003921213
Saratoga,,39705099,,R-1-40,0,1.09,0.3094890595055775
Saratoga,,50324035,,R-1-15,0,2.9,0.1386382146884183
Saratoga,,36635003,,CV,0,20,0.03358672657528307
Saratoga,,39334021,,R-1-12,0,3.48,0.3200547861808602
Saratoga,,39328009,,R-1-10,0,4.36,0.27502800721145537
Saratoga,,50372027,,HR,0,1,1.307637128736601
Saratoga,,50313132,,HR,0,1,1.0072025812482277
Saratoga,,38612043,,R-1-10,0,4.36,0.2925695283367772
Saratoga,,39318020,,R-1-12,0,3.48,0.23414809367030906
Saratoga,,39727017,,R-1-10,0,4.36,0.5126418439715974
Saratoga,,51710012,,CH-1,0,20,0.16535212952306397
Saratoga,,36605032,,HR,0,1,0.4793594430266426
Saratoga,,39725079,,R-1-12,0,3.48,0.4297775315019427
Saratoga,,50361031,,R-M-4,0,20,0.03162163431247363
Saratoga,,36636012,,CV,0,20,0.03501384998641822
Saratoga,,39322028,,R-1-12,0,3.48,0.2878484003052588
Saratoga,,50312030,,HR,0,1,2.9985278465407266
Saratoga,,51709032,,R-M-3,0,20,0.0975655856208658
Saratoga,,39737015,,R-1-20,0,2.18,0.5052572622939494
Saratoga,,39335015,,R-1-10,0,4.36,0.22652770096878308
Saratoga,,38630055,,CV,0,20,0.05237815727678776
Saratoga,,39304020,,R-1-12,0,3.48,0.3117858702138195
Saratoga,,38930007,,R-1-15,0,2.9,0.36526770782145945
Saratoga,,38906019,,PA,0,20,0.504966873149959
Saratoga,,50331098,,HR,0,1,1.500998408433619
Saratoga,,38615006,,R-1-10 SS,0,4.36,0.05623445435748411
Saratoga,,39723007,,R-1-10,0,4.36,0.1446293057803003
Saratoga,,38659031,,R-1-10,0,4.36,0.030717145420664633
Saratoga,,38653004,,R-1-10,0,4.36,0.2582475171938471
Saratoga,,39335039,,R-1-10,0,4.36,0.2510055637421979
Saratoga,,50365031,,R-M-4,0,20,0.052990571857026915
Saratoga,,50352004,,R-1-10,0,4.36,0.2500739455405384
Saratoga,,38626012,,R-1-10,0,4.36,0.2716416045438514
Saratoga,,39713051,,R-1-40,0,1.09,0.9788550285064711
Saratoga,,39706109,,R-1-40,0,1.09,1.386137475139818
Saratoga,,39326026,,R-1-10,0,4.36,0.2856076468174236
Saratoga,,50318061,,R-1-40,0,1.09,0.6953531368826502
Saratoga,,38632013,,R-1-12,0,3.48,0.28129436624124016
Saratoga,,39333008,,R-1-12,0,3.48,0.3131031172820112
Saratoga,,38647013,,R-1-12,0,3.48,0.3614356317425453
Saratoga,,39719028,,R-1-40,0,1.09,0.9624929837381186
Saratoga,,38941010,,R-1-10,0,4.36,0.2286394445400352
Saratoga,,50323045,,R-1-15,0,2.9,0.44308198589777004
Saratoga,,39728056,,R-1-10,0,4.36,0.18429113510538048
Saratoga,,36613054,,R-1-12,0,3.48,0.29761658586299833
Saratoga,,50363044,,R-M-3,0,20,0.020583783726494675
Saratoga,,50353007,,R-1-40,0,1.09,1.0006305293326478
Saratoga,,39704061,,R-1-40,0,1.09,1.0782178215065028
Saratoga,,38933011,,R-1-20,0,2.18,0.5355844604547148
Saratoga,,50327112,,R-1-10,0,4.36,0.5047508956255887
Saratoga,,50318084,,R-1-12,0,3.48,0.29805164174431964
Saratoga,,38928022,,R-1-12,0,3.48,0.29553882616872945
Saratoga,,38658029,,R-1-10,0,4.36,0.05432068122257301
Saratoga,,50352001,,R-1-10,0,4.36,0.33979419838924
Saratoga,,50365034,,R-M-4,0,20,0.052979116009240663
Saratoga,,39316042,,R-1-12,0,3.48,0.27212587850569714
Saratoga,,38619046,,R-1-10 SS,0,4.36,0.2435784489975167
Saratoga,,51001045,,R-1-20,0,2.18,0.4775200859173205
Saratoga,,50352008,,R-1-10,0,4.36,0.21621005878310387
Saratoga,,51718070,,R-1-40,0,1.09,1.2484980176008824
Saratoga,,38918047,,R-1-10,0,4.36,0.2353758579169574
Saratoga,,51024034,,R-1-40,0,1.09,0.8798075201596062
Saratoga,,38644020,,R-1-12,0,3.48,0.3081844642298427
Saratoga,,38613022,,R-1-10,0,4.36,0.25320757956711426
Saratoga,,39308019,,R-1-12,0,3.48,0.42839857660108005
Saratoga,,39320028,,R-1-12,0,3.48,0.2757398630235553
Saratoga,,38647012,,R-1-12,0,3.48,0.33740389591218783
Saratoga,,50369015,,HR,0,1,0.13121445514505145
Saratoga,,39724066,,R-1-20,0,2.18,0.45168911932684425
Saratoga,,39344016,,R-1-10,0,4.36,0.24224431441768612
Saratoga,,38654009,,R-1-10,0,4.36,0.32435014638674975
Saratoga,,51003019,,R-1-40,0,1.09,1.172143521689181
Saratoga,,39724065,,R-1-20,0,2.18,0.4669489396283124
Saratoga,,39334027,,R-1-12,0,3.48,0.3066881768950305
Saratoga,,50363075,,R-M-3,0,20,0.020588419127186564
Saratoga,,36621010,,HR,0,1,0.9371098629862956
Saratoga,,39735016,,R-1-40,0,1.09,1.764870505580459
Saratoga,,37824013,,R-1-10,0,4.36,0.27848811785244976
Saratoga,,50322005,,R-1-10,0,4.36,0.21875353438927228
Saratoga,,38901006,,R-1-12,0,3.48,0.33170498061463694
Saratoga,,38605056,,R-1-10,0,4.36,0.26582014338880705
Saratoga,,38941044,,R-1-15,0,2.9,0.4812183472645326
Saratoga,,51710005,,R-1-10,0,4.36,0.44124640202556514
Saratoga,,39708018,,R-1-40,0,1.09,0.9888893482884069
Saratoga,,38605047,,R-1-10,0,4.36,0.2579857291588894
Saratoga,,38909005,,R-M-3,0,20,0.020867209643807623
Saratoga,,51727003,,R-1-15,0,2.9,0.4840379829648395
Saratoga,,39320035,,R-1-12,0,3.48,0.3320212562545823
Saratoga,,39720053,,R-1-20,0,2.18,0.5580939586719912
Saratoga,,38913046,,R-1-10,0,4.36,0.22770586441729768
Saratoga,,39723004,,R-1-10,0,4.36,0.4911308777970838
Saratoga,,40328055,,R-1-10,0,4.36,0.19395281012446777
Saratoga,,50324076,,CH-1,0,20,1.8415698875776902
Saratoga,,39322004,,R-1-12,0,3.48,0.39540564129232414
Saratoga,,39339007,,R-1-10,0,4.36,0.2696862200434672
Saratoga,,39305024,,R-1-12,0,3.48,0.4679747534869642
Saratoga,,38914059,,R-1-10,0,4.36,0.28598464159621445
Saratoga,,38925009,,R-1-10,0,4.36,0.23872554885411773
Saratoga,,38651025,,R-1-12,0,3.48,0.32159358672503885
Saratoga,,39338009,,R-1-10,0,4.36,0.2333769123399826
Saratoga,,50317059,,R-1-40,0,1.09,0.9364666033655521
Saratoga,,39740006,,R-1-40,0,1.09,10.706625828343464
Saratoga,,39336029,,R-1-20,0,2.18,0.4586130525976936
Saratoga,,38644043,,R-1-12,0,3.48,0.5894660173716038
Saratoga,,50312037,,HR,0,1,2.18963234257347
Saratoga,,38907021,,R-M-4,0,20,0.026156091022398367
Saratoga,,51727012,,R-1-15,0,2.9,0.5185279782730121
Saratoga,,40328092,,R-1-10,0,4.36,0.2013721050663672
Saratoga,,38924038,,R-1-12,0,3.48,0.26562547735662373
Saratoga,,39706023,,R-1-40,0,1.09,1.4776206667843164
Saratoga,,38926014,,R-1-10,0,4.36,0.2520937815595705
Saratoga,,38647003,,R-1-12,0,3.48,0.3215495732391237
Saratoga,,50380003,,HR,0,1,4.884635436882315
Saratoga,,38619031,,R-1-10 SS,0,4.36,0.24490449609930964
Saratoga,,38632002,,R-1-12,0,3.48,0.2972684232948871
Saratoga,,38649007,,R-1-10,0,4.36,0.2588590415512008
Saratoga,,36649016,,HR,0,1,2.296984041157614
Saratoga,,38944031,,MU-PD,0,20,0.2148814901676729
Saratoga,,51002024,,R-1-40,0,1.09,2.395276343702634
Saratoga,,39342068,,R-1-10,0,4.36,0.44648544152265096
Saratoga,,51002011,,R-1-40,0,1.09,0.48038618500462094
Saratoga,,51721025,,R-1-20,0,2.18,0.520697264106183
Saratoga,,39313006,,R-1-10,0,4.36,0.24063397901602443
Saratoga,,39341004,,R-1-12,0,3.48,0.2439959871591668
Saratoga,,38914026,,R-1-10,0,4.36,0.22405668873643153
Saratoga,,39723011,,R-1-10,0,4.36,0.1662469072551427
Saratoga,,50363077,,R-M-3,0,20,0.02058417026016625
Saratoga,,51719060,,R-1-20,0,2.18,0.9118130332196802
Saratoga,,39716038,,R-1-20,0,2.18,0.5932437396059947
Saratoga,,39340023,,R-1-12,0,3.48,0.28460888667119183
Saratoga,,39326030,,R-1-10,0,4.36,0.5266748271655556
Saratoga,,39713030,,R-1-40,0,1.09,30.543241782742783
Saratoga,,38927020,,R-1-10,0,4.36,0.200997278568116
Saratoga,,36623008,,R-1-10,0,4.36,0.29031773258491533
Saratoga,,39331016,,R-1-12,0,3.48,0.29639186921302035
Saratoga,,38927047,,R-1-12,0,3.48,0.044104818196209705
Saratoga,,37824015,,R-1-10,0,4.36,0.265313135523645
Saratoga,,38651051,,R-1-12,0,3.48,0.6522955892728448
Saratoga,,38915078,,R-1-10,0,4.36,0.22815746823365066
Saratoga,,38915015,,R-1-10,0,4.36,0.22948697755288633
Saratoga,,39316033,,R-1-12,0,3.48,0.288848688878777
Saratoga,,50379001,,R-1-12,0,3.48,11.341782145490857
Saratoga,,39318015,,R-1-12,0,3.48,0.2476278265727843
Saratoga,,39321011,,R-1-12,0,3.48,1.1523843209437667
Saratoga,,39310028,,R-1-12,0,3.48,0.368755686585316
Saratoga,,51718053,,R-1-40,0,1.09,0.8767451883589669
Saratoga,,50355013,,R-1-40,0,1.09,1.0048296180133607
Saratoga,,38609035,,R-1-10,0,4.36,0.23937576470202704
Saratoga,,50322066,,R-1-10,0,4.36,0.31577423134573435
Saratoga,,39337002,,R-1-10,0,4.36,0.3637664861965179
Saratoga,,38633030,,R-1-10,0,4.36,0.2336736526570016
Saratoga,,50328085,,R-1-40,0,1.09,1.0055020318364616
Saratoga,,39722054,,R-1-10,0,4.36,0.15594873842776544
Saratoga,,38636027,,R-1-12,0,3.48,0.3379200212356375
Saratoga,,39703036,,R-1-40,0,1.09,0.9029912003556215
Saratoga,,38606043,,R-1-10,0,4.36,0.27035868489720244
Saratoga,,50330078,,HR,0,1,0.17358758735078242
Saratoga,,39311001,,R-1-12,0,3.48,0.47647406192049285
Saratoga,,36656009,,CV,0,20,0.0600960410096047
Saratoga,,38633084,,R-1-10,0,4.36,0.32586259292829617
Saratoga,,38613018,,R-1-10,0,4.36,0.2391330511252956
Saratoga,,50323044,,R-1-15,0,2.9,0.7386557710285502
Saratoga,,38659005,,R-1-10,0,4.36,0.025432882454635965
Saratoga,,39318001,,R-1-12,0,3.48,0.3293652209647059
Saratoga,,39740015,,R-1-40,0,1.09,1.040794723104973
Saratoga,,38909033,,R-M-3,0,20,0.02754158664495061
Saratoga,,39724004,,R-1-10,0,4.36,0.1970486009827246
Saratoga,,38930024,,R-1-10,0,4.36,0.2502208974710883
Saratoga,,50318111,,R-1-40,0,1.09,1.2756944091306899
Saratoga,,39330021,,R-1-12,0,3.48,0.3305714831686897
Saratoga,,38620025,,R-1-10 SS,0,4.36,0.45453191515261243
Saratoga,,39334028,,R-1-12,0,3.48,0.28710568896574484
Saratoga,,39723022,,R-1-10,0,4.36,0.23071235502504917
Saratoga,,38643025,,R-1-12,0,3.48,0.3423540810787848
Saratoga,,38621031,,R-1-10 SS,0,4.36,0.22076077435416094
Saratoga,,51708034,,R-1-15,0,2.9,0.3637328795292462
Saratoga,,36635021,,CV,0,20,0.30033278954212084
Saratoga,,39320002,,R-1-12,0,3.48,0.29470683453852675
Saratoga,,39709042,,R-1-40,0,1.09,0.9339096733826446
Saratoga,,39705053,,R-1-40,0,1.09,0.9379757264128938
Saratoga,,38660019,,CV,0,20,0.010295549563514755
Saratoga,,39704101,,R-1-40,0,1.09,1.5587212819026315
Saratoga,,50377008,,R-1-12,0,3.48,0.3542266459868372
Saratoga,,39702100,,R-1-40,0,1.09,0.9393483047160729
Saratoga,,39724081,,R-1-20,0,2.18,1.2064730065864204
Saratoga,,38628015,,R-1-10,0,4.36,0.25416380708393305
Saratoga,,38908019,,R-M-3,0,20,0.033953465382899665
Saratoga,,38649021,,R-1-10,0,4.36,0.23040323084168787
Saratoga,,38644037,,R-1-12,0,3.48,0.23825034908572384
Saratoga,,51006021,,R-1-40,0,1.09,0.9796837800537588
Saratoga,,38913053,,R-1-10,0,4.36,0.23023842869579428
Saratoga,,39740005,,R-1-40,0,1.09,0.9883358447114218
Saratoga,,50327042,,R-1-10,0,4.36,0.17260484662586564
Saratoga,,36628001,,R-1-12,0,3.48,0.2937641162886355
Saratoga,,38915051,,R-1-10,0,4.36,0.22928561542919504
Saratoga,,38904030,,R-1-12,0,3.48,0.32257859400602856
Saratoga,,50330072,,HR,0,1,1.744762306603226
Saratoga,,38925038,,R-1-10,0,4.36,0.19693084792963947
Saratoga,,38606044,,R-1-10,0,4.36,0.24411081338589916
Saratoga,,36605071,,HR,0,1,1.4549988055355803
Saratoga,,38652013,,R-1-10,0,4.36,0.2353034683837495
Saratoga,,51714064,,HR,0,1,2.061498649550712
Saratoga,,38623048,,R-1-10 SS,0,4.36,0.27996752024865806
Saratoga,,36614039,,R-1-12,0,3.48,0.33101888262420504
Saratoga,,39314024,,R-1-12,0,3.48,0.31756722010130933
Saratoga,,51714095,,HR,0,1,2.9104282510723594
Saratoga,,50323028,,R-1-15,0,2.9,0.40885255038003404
Saratoga,,38913045,,R-1-10,0,4.36,0.2282075965444272
Saratoga,,50382014,,R-1-12,0,3.48,0.42915588461142473
Saratoga,,50322102,,R-1-12,0,3.48,2.3401412335407668
Saratoga,,39724090,,R-1-20,0,2.18,0.6416093474057749
Saratoga,,50372026,,HR,0,1,1.1403123999882778
Saratoga,,38938010,,R-1-10,0,4.36,0.225982904695002
Saratoga,,39319069,,R-1-12,0,3.48,0.28168096599864323
Saratoga,,38939005,,R-1-10,0,4.36,0.2920065613362682
Saratoga,,38606047,,R-1-10,0,4.36,0.22936018727145321
Saratoga,,39326031,,R-1-10,0,4.36,0.4198940682920884
Saratoga,,50363054,,R-M-3,0,20,0.03254942034375623
Saratoga,,38917012,,R-1-10,0,4.36,0.3023460242296861
Saratoga,,38915057,,R-1-10,0,4.36,0.22405827432753833
Saratoga,,39703056,,R-1-40,0,1.09,1.4730157379743734
Saratoga,,39341027,,R-1-12,0,3.48,0.2692824081430756
Saratoga,,50320036,,R-1-12,0,3.48,0.7017271776297539
Saratoga,,50354048,,R-1-12,0,3.48,0.3061044996834144
Saratoga,,38621016,,R-1-10 SS,0,4.36,0.29668360287557877
Saratoga,,39724059,,R-1-20,0,2.18,0.4397041919882513
Saratoga,,39716030,,R-1-20,0,2.18,0.481595795962555
Saratoga,,38629008,,R-1-12,0,3.48,0.2906079163272958
Saratoga,,36605063,,HR,0,1,0.4568528686365752
Saratoga,,38908038,,R-M-3,0,20,0.024354351742582086
Saratoga,,38906014,,PA,0,20,0.42422041235600333
Saratoga,,38639032,,R-1-12,0,3.48,0.3722764797988891
Saratoga,,50355008,,R-1-40,0,1.09,0.4241255039710549
Saratoga,,50327083,,R-1-10,0,4.36,0.16623791459159643
Saratoga,,38636055,,R-1-12,0,3.48,0.4619105035757835
Saratoga,,38611018,,R-1-10,0,4.36,0.22915707914035705
Saratoga,,39738008,,R-M-3,0,20,0.02842729337695576
Saratoga,,38637023,,R-1-10,0,4.36,0.24154553125204142
Saratoga,,38640024,,R-1-12,0,3.48,0.28940901259402585
Saratoga,,39708083,,R-1-40,0,1.09,1.6819003598791722
Saratoga,,39329011,,R-1-12,0,3.48,0.3259322302486732
Saratoga,,39343037,,R-1-10,0,4.36,0.22964905428391294
Saratoga,,39322037,,R-1-12,0,3.48,0.277305872922694
Saratoga,,50317034,,R-1-15,0,2.9,0.36194740689427135
Saratoga,,38634008,,R-1-12,0,3.48,0.28924995820030636
Saratoga,,38643004,,R-1-12,0,3.48,0.29299810391436604
Saratoga,,51001025,,R-1-20,0,2.18,0.4654005411881687
Saratoga,,39338008,,R-1-10,0,4.36,0.2523659284343267
Saratoga,,39738022,,R-M-3,0,20,0.026868548699086958
Saratoga,,50355027,,R-1-40,0,1.09,0.8954600485606159
Saratoga,,51719081,,R-1-40,0,1.09,1.2283975001999814
Saratoga,,38645060,,R-1-10,0,4.36,0.23036740002049352
Saratoga,,38931038,,R-1-20,0,2.18,0.5018265630828626
Saratoga,,38656004,,CV,0,20,0.035914495933602145
Saratoga,,51003012,,R-1-40,0,1.09,1.026699471952513
Saratoga,,38930005,,R-1-15,0,2.9,0.358791623599106
Saratoga,,38925024,,R-1-10,0,4.36,0.17378012533125653
Saratoga,,50355011,,R-1-40,0,1.09,0.48068411799917155
Saratoga,,39340006,,R-1-10,0,4.36,0.3575153623587894
Saratoga,,39337013,,R-1-10,0,4.36,0.23620352417689647
Saratoga,,51713022,,HR,0,1,1.132200578730745
Saratoga,,39703032,,R-1-40,0,1.09,0.9485386856574157
Saratoga,,38636024,,R-1-12,0,3.48,0.3274584980117895
Saratoga,,38638002,,R-1-12,0,3.48,0.31458663239005813
Saratoga,,39710030,,R-1-40,0,1.09,1.1009109078572727
Saratoga,,39314008,,R-1-12,0,3.48,0.5085261084371516
Saratoga,,50315035,,HR,0,1,2.645212008806406
Saratoga,,38908011,,R-M-3,0,20,0.019890845991958596
Saratoga,,38645039,,R-1-10,0,4.36,0.2348339404191644
Saratoga,,51005036,,R-1-40,0,1.09,0.9414772815263374
Saratoga,,36648011,,HR,0,1,1.389619985437305
Saratoga,,39327051,,R-1-10,0,4.36,0.289091703179538
Saratoga,,50363090,,R-M-3,0,20,0.02058797827108157
Saratoga,,39728053,,R-1-10,0,4.36,0.18154108387370377
Saratoga,,50327094,,R-1-10,0,4.36,0.16730588114569797
Saratoga,,38909021,,R-M-3,0,20,0.011989766123200263
Saratoga,,38642005,,R-1-12,0,3.48,0.3033275789100943
Saratoga,,39343039,,R-1-10,0,4.36,0.232285121027961
Saratoga,,38631058,,R-1-12,0,3.48,0.30793647840653227
Saratoga,,38618028,,R-1-10 SS,0,4.36,0.35463947362327775
Saratoga,,38915063,,R-1-10,0,4.36,0.23256103842031914
Saratoga,,51002027,,R-1-40,0,1.09,0.6357446945200257
Saratoga,,50320109,,R-1-12,0,3.48,0.4271555570277868
Saratoga,,39717027,,R-1-40,0,1.09,1.0438395138298846
Saratoga,,50381001,,R-1-40,0,1.09,0.8932241049765156
Saratoga,,50313127,,HR,0,1,2.341668952473748
Saratoga,,38643001,,R-1-12,0,3.48,0.3303917360385745
Saratoga,,50317062,,HR,0,1,0.9380147965891374
Saratoga,,50358016,,R-1-12,0,3.48,0.28898253343567853
Saratoga,,39332025,,R-1-12,0,3.48,0.3247939490824032
Saratoga,,38938002,,R-1-10,0,4.36,0.20190113523622047
Saratoga,,39742021,,R-1-20,0,2.18,0.8458872813008864
Saratoga,,38608038,,R-1-10,0,4.36,0.23398068397845928
Saratoga,,39304007,,R-1-12,0,3.48,0.23140880021465465
Saratoga,,50356010,,HR,0,1,0.9877831397272562
Saratoga,,50325025,,CH-2,0,20,0.2787081554870502
Saratoga,,39326002,,R-1-10,0,4.36,0.30167076409972926
Saratoga,,38628012,,R-1-12,0,3.48,0.3796953074670533
Saratoga,,38629030,,R-1-12,0,3.48,0.3151012121161528
Saratoga,,50382034,,R-1-40,0,1.09,1.1419781385650771
Saratoga,,36630006,,R-1-10,0,4.36,0.2413525097522503
Saratoga,,50331078,,HR,0,1,0.772912717525785
Saratoga,,38603034,,R-1-10,0,4.36,0.31960550086604045
Saratoga,,39322055,,R-1-12,0,3.48,0.29526120432618186
Saratoga,,38905005,,R-1-12,0,3.48,0.29718496992150073
Saratoga,,50326032,,R-1-10,0,4.36,0.07307301984356501
Saratoga,,38940006,,R-1-15,0,2.9,0.495847279347653
Saratoga,,36623039,,R-1-10,0,4.36,0.25296363051518633
Saratoga,,36635013,,CV,0,20,0.03358057475618434
Saratoga,,39726054,,R-1-12,0,3.48,0.35877934715766946
Saratoga,,39304012,,R-1-12,0,3.48,0.32123841541816067
Saratoga,,51720003,,R-1-20,0,2.18,0.3868542972653384
Saratoga,,38646027,,R-1-10,0,4.36,0.2365870070385126
Saratoga,,39325012,,R-1-10,0,4.36,0.28948401584410227
Saratoga,,38604027,,R-1-12,0,3.48,0.29683900847601064
Saratoga,,50365023,,R-M-4,0,20,0.05299565577823779
Saratoga,,39702038,,R-1-40,0,1.09,1.0941346658473599
Saratoga,,38913024,,R-1-10,0,4.36,0.2493196895517372
Saratoga,,39736034,,R-1-40,0,1.09,0.984160610775724
Saratoga,,38605008,,R-1-10,0,4.36,0.22276730799156758
Saratoga,,39307031,,R-1-12,0,3.48,0.2693288564358619
Saratoga,,38660013,,CV,0,20,0.02132450218788031
Saratoga,,39717032,,R-1-40,0,1.09,0.9565275909616551
Saratoga,,51721023,,R-1-20,0,2.18,0.47570048743309173
Saratoga,,39726064,,R-1-12,0,3.48,0.4531654612332513
Saratoga,,39310013,,R-1-12,0,3.48,0.29340640338445445
Saratoga,,38945023,,MU-PD,0,20,0.16538992000234914
Saratoga,,39347001,,CN,0,20,1.5610578953618395
Saratoga,,39740025,,R-1-40,0,1.09,1.320575720532734
Saratoga,,38636005,,R-1-12,0,3.48,0.2669912716546089
Saratoga,,36606011,,HR,0,1,1.3142699611734199
Saratoga,,50314043,,HR,0,1,2.887796855100913
Saratoga,,39710032,,R-1-40,0,1.09,0.8302257681867315
Saratoga,,39724045,,R-1-20,0,2.18,0.4697861047697672
Saratoga,,38926063,,R-1-10,0,4.36,0.23163356558985845
Saratoga,,38630040,,CV,0,20,0.14641281695219838
Saratoga,,39706103,,R-1-40,0,1.09,0.9089978269880238
Saratoga,,51720024,,R-1-20,0,2.18,1.0102491911439087
Saratoga,,39316044,,R-1-12,0,3.48,0.4699900650351134
Saratoga,,50364016,,R-M-4,0,20,0.03161164715488639
Saratoga,,38656038,,CV,0,20,0.04361962558554215
Saratoga,,50330063,,HR,0,1,0.4729327056286732
Saratoga,,38633063,,R-1-10,0,4.36,0.23943824847373843
Saratoga,,39728033,,R-1-10,0,4.36,0.18328214988578434
Saratoga,,39322022,,R-1-12,0,3.48,0.28769328734279465
Saratoga,,39740020,,R-1-40,0,1.09,0.8987029522791331
Saratoga,,50378012,,HR,0,1,1.1788721468466243
Saratoga,,39725048,,R-1-12,0,3.48,0.2724079020408702
Saratoga,,38630006,,R-1-10,0,4.36,0.31110949837187346
Saratoga,,39307029,,R-1-12,0,3.48,0.29977695388398173
Saratoga,,50331053,,HR,0,1,2.6996219152549883
Saratoga,,38652004,,R-1-10,0,4.36,0.25621137662350385
Saratoga,,39316017,,R-1-12,0,3.48,0.3294013144258186
Saratoga,,39704092,,R-1-40,0,1.09,1.2062308349707282
Saratoga,,50364027,,R-M-4,0,20,0.0530007397379358
Saratoga,,38646018,,R-1-10,0,4.36,0.2501643477985064
Saratoga,,51710034,,R-1-10,0,4.36,0.13171188840710574
Saratoga,,39308012,,R-1-12,0,3.48,0.31144835140713756
Saratoga,,39316032,,R-1-12,0,3.48,0.31286260669417637
Saratoga,,38615025,,R-1-10 SS,0,4.36,0.2299899558726107
Saratoga,,50323049,,R-1-15,0,2.9,0.6605116529673742
Saratoga,,36656025,,CV,0,20,0.06880953496517764
Saratoga,,38616030,,R-1-10 SS,0,4.36,0.27237454781574716
Saratoga,,39724062,,R-1-20,0,2.18,0.6341745447053782
Saratoga,,39339008,,R-1-10,0,4.36,0.2049549770287967
Saratoga,,38607008,,R-1-10,0,4.36,0.23053704396340632
Saratoga,,39304008,,R-1-12,0,3.48,0.28665203696147923
Saratoga,,51003005,,R-1-40,0,1.09,0.7319344105433959
Saratoga,,36612069,,None,0,0,1.9498147647316642
Saratoga,,38908018,,R-M-3,0,20,0.03369727281149489
Saratoga,,38617050,,R-1-10 SS,0,4.36,0.6226184981193273
Saratoga,,39311022,,R-1-12,0,3.48,0.5274685335173955
Saratoga,,36631003,,HR,0,1,2.5702353683288273
Saratoga,,39720005,,R-1-40,0,1.09,0.8091130813407489
Saratoga,,38644014,,R-1-12,0,3.48,0.23345616844426836
Saratoga,,38933010,,R-1-20,0,2.18,0.5497570025045178
Saratoga,,36657003,,HR,0,1,1.5257413787927125
Saratoga,,39724050,,R-1-20,0,2.18,0.049919486764695625
Saratoga,,51722012,,R-1-20,0,2.18,0.9192838024511106
Saratoga,,51714012,,HR,0,1,2.0694960706357763
Saratoga,,38611037,,R-1-10,0,4.36,0.23875623603090515
Saratoga,,50321022,,R-1-12,0,3.48,0.3698566959978737
Saratoga,,38632015,,R-1-12,0,3.48,0.3323022312738398
Saratoga,,39711010,,R-1-40,0,1.09,1.8503049569906984
Saratoga,,39337001,,R-1-10,0,4.36,0.3297452927494824
Saratoga,,38627050,,R-1-10,0,4.36,0.23137579145315912
Saratoga,,40328005,,R-1-10,0,4.36,0.18661500631238634
Saratoga,,39736021,,R-1-40,0,1.09,0.9117108900357688
Saratoga,,39716108,,R-1-40 PC,0,1.09,0.7493822491488193
Saratoga,,51709059,,CH-1,0,20,0.10844284878443561
Saratoga,,37824020,,R-1-10,0,4.36,0.2511347863624204
Saratoga,,38916002,,R-1-10,0,4.36,0.3422909212031104
Saratoga,,36643012,,HR,0,1,1.168209493047389
Saratoga,,51714022,,HR,0,1,1.243948974448039
Saratoga,,38626066,,R-1-10,0,4.36,0.3827077562674554
Saratoga,,38639033,,R-1-12,0,3.48,0.29787241113649654
Saratoga,,50369039,,HR,0,1,3.7022010593600547
Saratoga,,38630046,,CV,0,20,0.05106674470201207
Saratoga,,39722059,,R-1-10,0,4.36,0.22777024314876884
Saratoga,,50329091,,R-1-40,0,1.09,1.243132608371768
Saratoga,,40323034,,R-1-10,0,4.36,0.25310787023480785
Saratoga,,38907032,,R-M-4,0,20,0.018698264910295685
Saratoga,,39704054,,R-1-40,0,1.09,1.042081568258459
Saratoga,,38646033,,R-1-10,0,4.36,0.24053394509618314
Saratoga,,38905020,,R-1-12,0,3.48,0.3043037024399879
Saratoga,,38656013,,CV,0,20,0.037221059303276634
Saratoga,,38908023,,R-M-3,0,20,0.016560962017885497
Saratoga,,38655008,,R-1-10,0,4.36,0.24253143639455266
Saratoga,,50354008,,R-1-12,0,3.48,0.29392116973306753
Saratoga,,39337038,,R-1-10,0,4.36,0.3137777103295879
Saratoga,,50349027,,R-1-12,0,3.48,0.3423929298822415
Saratoga,,40324020,,None,0,0,0.6986845314738453
Saratoga,,39311010,,R-1-12,0,3.48,0.3572294764330916
Saratoga,,50363064,,R-M-3,0,20,0.02058949972631045
Saratoga,,38649024,,R-1-12,0,3.48,0.3011039096938969
Saratoga,,38640037,,R-1-12,0,3.48,0.42084172542770176
Saratoga,,50369040,,HR,0,1,2.9900876504673644
Saratoga,,38918004,,R-1-10,0,4.36,0.2616223859385963
Saratoga,,38917060,,R-1-10,0,4.36,0.24330152620637038
Saratoga,,38605029,,R-1-10,0,4.36,0.2594037905745527
Saratoga,,50352012,,R-1-10,0,4.36,0.23087009647672108
Saratoga,,39708019,,R-1-40,0,1.09,1.091873315238037
Saratoga,,38629046,,R-1-12,0,3.48,0.29714334433941525
Saratoga,,39341019,,R-1-12,0,3.48,0.24022459225284057
Saratoga,,39742018,,R-1-40,0,1.09,1.2511901534973546
Saratoga,,40323016,,R-1-10,0,4.36,0.29298869928273497
Saratoga,,50318060,,R-1-40,0,1.09,0.297371691156157
Saratoga,,38605075,,R-1-10,0,4.36,0.26333792878445805
Saratoga,,39319032,,R-1-12,0,3.48,0.34369026518412477
Saratoga,,36605041,,HR,0,1,1.069920766095821
Saratoga,,38612053,,R-1-10,0,4.36,0.2981326608115409
Saratoga,,40327097,,R-1-10,0,4.36,0.200125830440916
Saratoga,,39724076,,R-1-20,0,2.18,0.39999606803865784
Saratoga,,50368026,,HR,0,1,1.1317368785380422
Saratoga,,50317040,,R-1-15,0,2.9,0.342870968902767
Saratoga,,39737010,,R-1-20,0,2.18,0.7127108414982629
Saratoga,,39720030,,R-1-20,0,2.18,0.9579222999773768
Saratoga,,39701059,,R-1-40,0,1.09,0.929638897213017
Saratoga,,50328128,,R-1-40,0,1.09,2.043744872153345
Saratoga,,38608001,,R-1-10,0,4.36,0.2499659243810765
Saratoga,,39302039,,R-1-12,0,3.48,0.28489638641193943
Saratoga,,38631033,,R-1-12,0,3.48,0.3472488094573719
Saratoga,,38633077,,R-1-10,0,4.36,0.27229581085103843
Saratoga,,36613062,,R-1-12,0,3.48,0.3095871454066761
Saratoga,,38901030,,R-1-12,0,3.48,0.28071068653338915
Saratoga,,38659019,,R-1-10,0,4.36,0.026821497289988443
Saratoga,,38937007,,R-1-10,0,4.36,0.19087543991382994
Saratoga,,50363094,,R-M-3,0,20,0.02656908772691055
Saratoga,,38921022,,R-1-10,0,4.36,0.25336844559980803
Saratoga,,39728067,,R-1-10,0,4.36,0.20529219932689083
Saratoga,,38922027,,R-1-10,0,4.36,0.27542351517209884
Saratoga,,38907027,,R-M-4,0,20,0.016835463446904873
Saratoga,,38917046,,R-1-10,0,4.36,0.22903173703225765
Saratoga,,50324062,,CH-1,0,20,0.08355003012930312
Saratoga,,50314028,,HR,0,1,1.2019281719626755
Saratoga,,39717006,,R-1-40,0,1.09,1.0605519118569873
Saratoga,,51712004,,R-1-10,0,4.36,1.0770030048197234
Saratoga,,50310003,,HR,0,1,0.3304912069090258
Saratoga,,39725055,,R-1-12,0,3.48,0.22004185056883832
Saratoga,,50322091,,R-1-12,0,3.48,0.29977016109092186
Saratoga,,38654013,,R-1-10,0,4.36,0.23551555963755902
Saratoga,,38635048,,R-1-10,0,4.36,0.2366857466179671
Saratoga,,51708043,,R-1-10,0,4.36,0.1817147170277255
Saratoga,,38652047,,R-1-10,0,4.36,0.25198845613641435
Saratoga,,38936038,,R-1-15,0,2.9,0.540176482309227
Saratoga,,38660023,,CV,0,20,0.007840356269291837
Saratoga,,38605013,,R-1-10,0,4.36,0.2368224637631557
Saratoga,,40327057,,R-1-10,0,4.36,0.17629365960881763
Saratoga,,38924013,,R-1-10,0,4.36,0.2621021489261416
Saratoga,,38912012,,R-1-10,0,4.36,0.21836656323429016
Saratoga,,38661008,,R-1-10 SS,0,4.36,0.2669617357395939
Saratoga,,39740019,,R-1-40,0,1.09,1.3137468851342538
Saratoga,,36623031,,R-1-10,0,4.36,0.22465129705348238
Saratoga,,39717061,,R-1-40,0,1.09,0.9313101987676664
Saratoga,,38945002,,MU-PD,0,20,0.1697443825301621
Saratoga,,51719027,,R-1-20,0,2.18,0.6629766082691732
Saratoga,,39711006,,R-1-40,0,1.09,1.4790172516081894
Saratoga,,36625024,,R-1-12,0,3.48,0.29206529477586196
Saratoga,,38637047,,R-1-10,0,4.36,0.26562118533048856
Saratoga,,38608021,,R-1-10,0,4.36,0.2431857079004748
Saratoga,,38645051,,R-1-10,0,4.36,0.243620811910984
Saratoga,,38653052,,CN,0,20,0.08601696440627578
Saratoga,,50382008,,R-1-12,0,3.48,0.3692988214017796
Saratoga,,50354027,,R-1-12,0,3.48,0.3230828693239683
Saratoga,,38914012,,R-1-10,0,4.36,0.2353979896990521
Saratoga,,39718040,,R-1-40,0,1.09,1.1280645529469868
Saratoga,,50331066,,HR,0,1,6.7018962339349
Saratoga,,39305010,,R-1-12,0,3.48,0.3698916867889988
Saratoga,,38621012,,R-1-10 SS,0,4.36,0.271583196159048
Saratoga,,50354072,,R-1-12,0,3.48,0.3119052865738862
Saratoga,,39332017,,R-1-12,0,3.48,0.3166478310438787
Saratoga,,38603031,,R-1-10,0,4.36,0.23916839957149205
Saratoga,,50366009,,HR,0,1,1.6421511267161832
Saratoga,,38611007,,R-1-10,0,4.36,0.24095140535641335
Saratoga,,36621004,,HR,0,1,0.9698569454685848
Saratoga,,36625025,,R-1-12,0,3.48,0.2989821761825445
Saratoga,,38630013,,R-1-10,0,4.36,0.23473147675261552
Saratoga,,39344003,,R-1-10,0,4.36,0.2558311289311518
Saratoga,,50331057,,HR,0,1,0.9770209705715436
Saratoga,,50318087,,R-1-12,0,3.48,0.31310736168143866
Saratoga,,38927016,,R-1-10,0,4.36,0.18214880373654355
Saratoga,,38913020,,R-1-10,0,4.36,0.24699485410782696
Saratoga,,51718043,,R-1-40,0,1.09,1.138031222940004
Saratoga,,39722005,,R-1-10,0,4.36,0.15594448471710912
Saratoga,,38654001,,R-1-10,0,4.36,0.2825928729646042
Saratoga,,39718085,,R-1-40,0,1.09,1.0853127480422917
Saratoga,,38654030,,R-1-10,0,4.36,0.2798994672951056
Saratoga,,38905009,,R-1-12,0,3.48,0.30704521983739597
Saratoga,,38659003,,R-1-10,0,4.36,0.053434416535026855
Saratoga,,39736026,,R-1-40,0,1.09,0.9259849295723588
Saratoga,,39706054,,R-1-40,0,1.09,0.9282983533519891
Saratoga,,39323009,,R-1-12,0,3.48,0.2546365074318721
Saratoga,,38654057,,R-1-10,0,4.36,0.28103860103536343
Saratoga,,38918049,,R-1-10,0,4.36,0.23092519352954818
Saratoga,,38931007,,R-1-20,0,2.18,0.5483309501758802
Saratoga,,39314005,,R-1-12,0,3.48,0.34236166521634653
Saratoga,,51714046,,R-1-40,0,1.09,1.6983200418875246
Saratoga,,39302006,,R-1-12,0,3.48,0.39943978158496196
Saratoga,,50318091,,R-1-12,0,3.48,2.114491970303165
Saratoga,,50331114,,HR,0,1,6.901312978466247
Saratoga,,38902025,,R-1-12,0,3.48,0.273237063296874
Saratoga,,50353034,,R-1-20,0,2.18,0.6196173008011283
Saratoga,,50318059,,R-1-12,0,3.48,0.3426357191967252
Saratoga,,38926008,,R-1-10,0,4.36,0.26207730227146203
Saratoga,,40322015,,R-1-40,0,1.09,0.019646257749000872
Saratoga,,51707005,,R-1-40,0,1.09,1.3055789137364364
Saratoga,,38621006,,R-1-10 SS,0,4.36,0.2942133344972596
Saratoga,,39333054,,R-1-10,0,4.36,0.3374741898753074
Saratoga,,50354053,,R-1-12,0,3.48,0.3174465811015556
Saratoga,,50326030,,R-1-10,0,4.36,0.07661497001237386
Saratoga,,39328026,,R-1-10,0,4.36,0.2620641123325592
Saratoga,,38916011,,R-1-10,0,4.36,0.2416858291400628
Saratoga,,38928007,,R-1-12,0,3.48,0.2854874948520164
Saratoga,,39729008,,R-1-12,0,3.48,0.6187451233338584
Saratoga,,39741008,,R-1-20,0,2.18,0.4726957424540798
Saratoga,,39740004,,R-1-40,0,1.09,0.9268950059705929
Saratoga,,39310022,,R-1-12,0,3.48,0.38730838862279465
Saratoga,,38917054,,R-1-10,0,4.36,0.22947991342498794
Saratoga,,36623049,,R-1-10,0,4.36,0.26316776055746266
Saratoga,,38925013,,R-1-10,0,4.36,0.2489114998276865
Saratoga,,36650037,,HR,0,1,1.2306947957868561
Saratoga,,39318048,,R-1-12,0,3.48,0.4103384370146767
Saratoga,,38629012,,R-1-12,0,3.48,0.23261233907567222
Saratoga,,38914018,,R-1-10,0,4.36,0.23030834485283955
Saratoga,,38631055,,R-1-12,0,3.48,0.3165940048758886
Saratoga,,38654014,,R-1-10,0,4.36,0.25331953939696006
Saratoga,,39744017,,R-M-3,0,20,0.04941038402031558
Saratoga,,38608031,,R-1-10,0,4.36,0.23459218567082624
Saratoga,,50365030,,R-M-4,0,20,0.05299585914173632
Saratoga,,51722111,,HR,0,1,6.1276940964109405
Saratoga,,38656022,,CV,0,20,0.05474885603682778
Saratoga,,50353026,,R-1-40,0,1.09,0.4931116413833047
Saratoga,,38648007,,R-1-10 PC,0,4.36,0.16029538496652926
Saratoga,,41037002,,R-1-40,0,1.09,0.8945089986730004
Saratoga,,50378020,,HR,0,1,1.1118383557089238
Saratoga,,38631047,,R-1-12,0,3.48,0.2954188795748026
Saratoga,,38608013,,R-1-10,0,4.36,0.25873208879494797
Saratoga,,40328058,,R-1-10,0,4.36,0.19671044131526683
Saratoga,,39729013,,R-1-12,0,3.48,0.7868518713804692
Saratoga,,39319003,,R-1-12,0,3.48,0.2921576684230401
Saratoga,,50319115,,R-1-40,0,1.09,0.9831423397694599
Saratoga,,39719036,,R-1-40,0,1.09,1.343360112953904
Saratoga,,39336022,,R-1-10,0,4.36,0.24442509474765473
Saratoga,,50328065,,R-1-40,0,1.09,0.8084221035996704
Saratoga,,50329044,,R-1-12,0,3.48,0.3601105366953736
Saratoga,,50327085,,R-1-10,0,4.36,0.20221300866690498
Saratoga,,39707029,,R-1-40,0,1.09,1.7067821579031879
Saratoga,,39331017,,R-1-12,0,3.48,0.29422540688967386
Saratoga,,40328035,,R-1-10,0,4.36,0.18696969368106228
Saratoga,,51001026,,R-1-20,0,2.18,0.5227179823109436
Saratoga,,39720079,,R-1-40,0,1.09,1.2366970180447268
Saratoga,,39338020,,R-1-10,0,4.36,0.3668221079489596
Saratoga,,36649002,,HR,0,1,1.7256493279766745
Saratoga,,40711009,,R-1-40,0,1.09,0.02602839262965363
Saratoga,,50354042,,R-1-12,0,3.48,0.2704819303518173
Saratoga,,37825028,,R-1-15,0,2.9,0.22891453663724473
Saratoga,,38626010,,R-1-10,0,4.36,0.24356248904434255
Saratoga,,39343035,,R-1-10,0,4.36,0.24129184045789198
Saratoga,,39325019,,R-1-20,0,2.18,0.44261271704033334
Saratoga,,39713009,,R-1-40,0,1.09,1.310030564311205
Saratoga,,38608026,,R-1-10,0,4.36,0.37227508238252593
Saratoga,,36625023,,R-1-12,0,3.48,0.2914539268431394
Saratoga,,38914003,,R-1-10,0,4.36,0.22878584572868202
Saratoga,,38930015,,R-1-40,0,1.09,0.9014739386129944
Saratoga,,38607027,,R-1-10,0,4.36,0.24143125099268395
Saratoga,,38645032,,R-1-10,0,4.36,0.2415977405638089
Saratoga,,39707035,,R-1-40,0,1.09,0.982098240953774
Saratoga,,39318022,,R-1-12,0,3.48,0.32231843825419115
Saratoga,,39342004,,R-1-10,0,4.36,0.234237039182808
Saratoga,,39701064,,R-1-40,0,1.09,0.9114491561743188
Saratoga,,50355063,,R-1-40,0,1.09,0.945150636285385
Saratoga,,38630052,,CV,0,20,0.06132143220940959
Saratoga,,38626041,,R-1-10,0,4.36,0.24754269207216406
Saratoga,,38932010,,R-1-20,0,2.18,0.5114084102140691
Saratoga,,50369031,,HR,0,1,1.3793267049039257
Saratoga,,50354074,,R-1-12,0,3.48,0.28249178974280165
Saratoga,,38915013,,R-1-10,0,4.36,0.22815525066035855
Saratoga,,51736001,,HR,0,1,2.5318647117444906
Saratoga,,38617039,,R-1-10 SS,0,4.36,0.23188095804767214
Saratoga,,39344018,,R-1-10,0,4.36,0.23839961846810087
Saratoga,,39340026,,R-1-12,0,3.48,0.29308770534897355
Saratoga,,36650011,,HR,0,1,1.2020415763004832
Saratoga,,39726063,,R-1-12,0,3.48,0.4669242725259843
Saratoga,,39720089,,R-1-40,0,1.09,0.0557859755993503
Saratoga,,39326039,,R-1-10,0,4.36,0.22708365477115727
Saratoga,,39343011,,R-1-10,0,4.36,0.27158742181324225
Saratoga,,50328110,,R-1-40,0,1.09,0.7387521223274982
Saratoga,,51721029,,R-1-20,0,2.18,0.49028671770626153
Saratoga,,39725094,,R-1-12,0,3.48,0.42780609378120665
Saratoga,,50363014,,R-M-3,0,20,0.026569530771680793
Saratoga,,38603038,,R-1-12,0,3.48,0.32831035610627934
Saratoga,,39737020,,R-1-20,0,2.18,1.042351279675486
Saratoga,,38612058,,R-1-10,0,4.36,0.26948872965714565
Saratoga,,39742016,,R-1-40,0,1.09,1.1120245925143273
Saratoga,,51711003,,R-1-20,0,2.18,0.8171533174747687
Saratoga,,38905024,,R-1-12,0,3.48,0.07458857805771768
Saratoga,,38641010,,R-1-10,0,4.36,0.3046356915059501
Saratoga,,50323047,,R-1-12,0,3.48,0.528130044018582
Saratoga,,38611006,,R-1-10,0,4.36,0.240630078370011
Saratoga,,51002015,,R-1-40,0,1.09,1.1797438228234656
Saratoga,,38941009,,R-1-10,0,4.36,0.1935651233966547
Saratoga,,50316083,,R-1-40,0,1.09,1.7789080615390926
Saratoga,,50320070,,R-1-12,0,3.48,0.3744037674404431
Saratoga,,39740008,,R-1-40,0,1.09,0.9953533847873165
Saratoga,,50360008,,R-M-4,0,20,0.052998598022652686
Saratoga,,39306001,,R-1-12,0,3.48,0.35027407535965693
Saratoga,,39324004,,R-1-20,0,2.18,0.46213272509481623
Saratoga,,50363104,,R-M-3,0,20,0.026567493244102396
Saratoga,,38940003,,R-1-15,0,2.9,0.3453266711579356
Saratoga,,39319054,,R-1-12,0,3.48,0.28014808976503824
Saratoga,,50378001,,HR,0,1,2.4261329847516997
Saratoga,,38607001,,R-1-10,0,4.36,0.23047237733652637
Saratoga,,38644030,,R-1-12,0,3.48,0.2867526833229493
Saratoga,,38645071,,R-1-10,0,4.36,0.23775864477562444
Saratoga,,37824041,,R-1-10,0,4.36,0.24767222471647604
Saratoga,,38647007,,R-1-12,0,3.48,0.28860598625455286
Saratoga,,39711005,,R-1-40,0,1.09,1.0050756334906255
Saratoga,,50316016,,R-1-40,0,1.09,1.1070729017061303
Saratoga,,51714027,,HR,0,1,1.1400488199762067
Saratoga,,38914073,,R-1-10,0,4.36,0.2555355242046792
Saratoga,,50351007,,HR,0,1,0.8439156684925705
Saratoga,,38607047,,R-1-10,0,4.36,0.25049769761723745
Saratoga,,37821005,,R-1-10,0,4.36,0.2275276324944939
Saratoga,,39339005,,R-1-10,0,4.36,0.281388388890409
Saratoga,,51710022,,R-1-15,0,2.9,0.3281682828463359
Saratoga,,38908012,,R-M-3,0,20,0.019890845991958596
Saratoga,,38630065,,CV,0,20,0.11726734692040422
Saratoga,,50322028,,R-1-10,0,4.36,0.18839999784413028
Saratoga,,50330071,,HR,0,1,1.234798870393888
Saratoga,,39318028,,R-1-12,0,3.48,0.29069978584169104
Saratoga,,39738017,,R-M-3,0,20,0.026753651470337616
Saratoga,,39739002,,R-M-3,0,20,0.03254593861507842
Saratoga,,39343019,,R-1-10,0,4.36,0.27638632775657757
Saratoga,,38633091,,R-1-10,0,4.36,0.27525102615157215
Saratoga,,39321013,,R-1-12,0,3.48,0.587826795240997
Saratoga,,39711045,,R-1-40,0,1.09,0.9375612665679803
Saratoga,,36622001,,R-1-10,0,4.36,0.2911581598739985
Saratoga,,38904036,,R-1-12,0,3.48,0.3230137353964273
Saratoga,,51719083,,R-1-40,0,1.09,1.3142345304856435
Saratoga,,39732002,,R-1-40,0,1.09,0.9060996713264147
Saratoga,,51710024,,R-1-15,0,2.9,0.31432649136624025
Saratoga,,36656027,,CV,0,20,0.24428595458195923
Saratoga,,39707114,,R-1-40,0,1.09,0.9084914954924246
Saratoga,,38615037,,R-1-10 SS,0,4.36,0.2580159964257872
Saratoga,,50316002,,R-1-40,0,1.09,1.000089113845358
Saratoga,,50353052,,R-1-40,0,1.09,0.9761756877556651
Saratoga,,50365039,,R-M-4,0,20,0.0644521705810929
Saratoga,,38603026,,R-1-10,0,4.36,0.23325873835445807
Saratoga,,40327093,,R-1-10,0,4.36,0.1999195820242019
Saratoga,,50322001,,R-1-10,0,4.36,0.18758667118542696
Saratoga,,50320071,,R-1-12,0,3.48,0.2917296390120278
Saratoga,,39319019,,R-1-12,0,3.48,0.307811316571679
Saratoga,,40322006,,R-1-10,0,4.36,0.25238620280175067
Saratoga,,51005013,,R-1-40,0,1.09,1.25700538880861
Saratoga,,50368016,,HR,0,1,1.197651177707543
Saratoga,,39335031,,R-1-10,0,4.36,0.2323781594622932
Saratoga,,38605062,,R-1-10,0,4.36,0.297934748285081
Saratoga,,51708003,,R-M-3,0,20,0.10330570580004533
Saratoga,,50364013,,R-M-4,0,20,0.0316114438006241
Saratoga,,39706037,,R-1-40,0,1.09,1.2045873728158003
Saratoga,,39707028,,R-1-40,0,1.09,1.6001758587529358
Saratoga,,38607059,,R-1-10,0,4.36,0.22902551164432833
Saratoga,,40327048,,R-1-10,0,4.36,0.1903757041601381
Saratoga,,36606042,,HR,0,1,0.9126313830810424
Saratoga,,39303014,,R-1-12,0,3.48,0.29482362356225317
Saratoga,,38644007,,R-1-12,0,3.48,0.2794146118000433
Saratoga,,38633009,,R-1-10,0,4.36,0.2323314379876312
Saratoga,,39323019,,R-1-12,0,3.48,0.4092715966792837
Saratoga,,39315024,,R-1-12,0,3.48,0.3339155666434386
Saratoga,,50331061,,HR,0,1,1.1415484354212124
Saratoga,,39336007,,R-1-10,0,4.36,0.135438343121497
Saratoga,,50378023,,HR,0,1,2.5666271268333984
Saratoga,,50363050,,R-M-3,0,20,0.020588860607844973
Saratoga,,39310030,,R-1-12,0,3.48,0.27864548834815245
Saratoga,,50313102,,HR,0,1,1.3632645784222164
Saratoga,,39720100,,R-1-40,0,1.09,1.1755012076681772
Saratoga,,38940017,,R-1-15,0,2.9,0.35354269132640903
Saratoga,,38637054,,R-1-12,0,3.48,0.3171023817697357
Saratoga,,51722121,,R-1-40,0,1.09,0.04576745734769026
Saratoga,,50350004,,R-1-12,0,3.48,0.3003634875779839
Saratoga,,39718037,,R-1-40,0,1.09,1.4563115428840385
Saratoga,,38946010,,R-1-10,0,4.36,0.2788491397403201
Saratoga,,38604023,,R-1-12,0,3.48,0.30182519350256853
Saratoga,,38641042,,R-1-12,0,3.48,0.26479433283553355
Saratoga,,39325016,,R-1-20,0,2.18,0.4801853670805332
Saratoga,,39326013,,R-1-10,0,4.36,0.28470906555770104
Saratoga,,39707030,,R-1-40,0,1.09,1.2820792822770966
Saratoga,,38639002,,R-1-12,0,3.48,0.3535219056817232
Saratoga,,50327110,,R-1-10,0,4.36,0.17296417761252844
Saratoga,,37824002,,R-1-10,0,4.36,0.2721699429667976
Saratoga,,39744018,,R-M-3,0,20,0.04992726962151054
Saratoga,,38938025,,R-1-10,0,4.36,0.19208016407622838
Saratoga,,38649020,,R-1-10,0,4.36,0.22638763475158344
Saratoga,,39327011,,R-1-10,0,4.36,0.23749619395631016
Saratoga,,50323053,,R-1-15,0,2.9,1.096510375952265
Saratoga,,51722122,,R-1-40,0,1.09,0.946586121493741
Saratoga,,38905013,,R-1-12,0,3.48,0.29047789275416036
Saratoga,,38650029,,R-1-12,0,3.48,0.27663676519970043
Saratoga,,38659004,,R-1-10,0,4.36,0.03412455705522485
Saratoga,,38629058,,R-1-12,0,3.48,0.29852587527464436
Saratoga,,50354051,,R-1-12,0,3.48,0.3279982491206177
Saratoga,,36613007,,R-1-12,0,3.48,0.24905569000982888
Saratoga,,50329055,,R-1-40,0,1.09,0.9699136985457613
Saratoga,,38636054,,R-1-12,0,3.48,0.2938895386115979
Saratoga,,38643035,,R-1-12,0,3.48,0.2981386675927219
Saratoga,,40328053,,R-1-10,0,4.36,0.19393936081739793
Saratoga,,36605059,,HR,0,1,0.47060032180266637
Saratoga,,39314002,,R-1-12,0,3.48,0.2820416155765757
Saratoga,,38906013,,PA,0,20,0.003445072497110164
Saratoga,,38917059,,R-1-10,0,4.36,0.25273249406006143
Saratoga,,50316095,,R-1-40,0,1.09,1.2438814243573069
Saratoga,,39320033,,R-1-12,0,3.48,0.2759245500918715
Saratoga,,38640016,,R-1-12,0,3.48,0.29875832171054667
Saratoga,,38918041,,R-1-10,0,4.36,0.23439773799879118
Saratoga,,38639016,,R-1-12,0,3.48,0.2774893827487662
Saratoga,,38933017,,R-1-40,0,1.09,0.9671696525136873
Saratoga,,39337029,,R-1-10,0,4.36,0.33325617842049693
Saratoga,,39706108,,R-1-40,0,1.09,1.18858525117553
Saratoga,,50372019,,HR,0,1,1.8823307710412154
Saratoga,,39334017,,R-1-12,0,3.48,0.2917303405033225
Saratoga,,39345040,,R-1-10,0,4.36,1.2449835393316313
Saratoga,,39737018,,R-1-20,0,2.18,1.0271438928720877
Saratoga,,50355046,,R-1-40,0,1.09,0.5197026516756892
Saratoga,,38634017,,R-1-12,0,3.48,0.3248618047142174
Saratoga,,38633038,,R-1-10,0,4.36,0.23773928315625442
Saratoga,,39335032,,R-1-10,0,4.36,0.230281246766493
Saratoga,,39717048,,R-1-40,0,1.09,0.890854857377491
Saratoga,,51708025,,R-1-10,0,4.36,0.14116803984427362
Saratoga,,51734008,,R-M-3,0,20,0.027826405364233742
Saratoga,,38926049,,R-1-10,0,4.36,0.21451380663170905
Saratoga,,39702099,,R-1-40,0,1.09,1.0017081490924726
Saratoga,,38933001,,R-1-20,0,2.18,0.472255241573901
Saratoga,,50327037,,R-1-10,0,4.36,0.17229223372633587
Saratoga,,50372012,,HR,0,1,3.1278213801889057
Saratoga,,40328065,,R-1-10,0,4.36,0.19411647142734276
Saratoga,,39344007,,R-1-10,0,4.36,0.27533986371227914
Saratoga,,51708042,,R-1-10,0,4.36,0.1736496641149388
Saratoga,,50324078,,CH-1,0,20,0.2397534542860898
Saratoga,,38605049,,R-1-10,0,4.36,0.43776613650942237
Saratoga,,38907044,,R-M-4,0,20,0.018647867858529635
Saratoga,,50316010,,R-1-40,0,1.09,1.2662080863675065
Saratoga,,39723037,,R-1-20,0,2.18,0.32889636138597206
Saratoga,,38605043,,R-1-10,0,4.36,0.2669657097336735
Saratoga,,36605077,,HR,0,1,0.8160792074739642
Saratoga,,39706072,,R-1-40,0,1.09,1.0144624696959388
Saratoga,,36623040,,R-1-10,0,4.36,0.29664201341996715
Saratoga,,39301039,,CN,0,20,0.034848602859797545
Saratoga,,38604034,,R-1-12,0,3.48,0.5382276809430521
Saratoga,,36628007,,R-1-12,0,3.48,0.2967732821809412
Saratoga,,38640013,,R-1-12,0,3.48,0.28697567054983575
Saratoga,,38636003,,R-1-12,0,3.48,0.30525847594385846
Saratoga,,38659006,,R-1-10,0,4.36,0.031119199630961526
Saratoga,,51720015,,R-1-20,0,2.18,0.5233498817181734
Saratoga,,51720019,,R-1-40,0,1.09,0.5538614499242467
Saratoga,,38626028,,R-1-10,0,4.36,0.23552065987386067
Saratoga,,38908039,,R-M-3,0,20,0.024965610008298528
Saratoga,,38901018,,R-1-12,0,3.48,0.3149910667592584
Saratoga,,51719018,,R-1-20,0,2.18,0.5357981115751291
Saratoga,,38612037,,R-1-10,0,4.36,0.28603417294111727
Saratoga,,50330036,,HR,0,1,1.0523386802016195
Saratoga,,50378021,,HR,0,1,0.9735327425966835
Saratoga,,50353061,,R-1-40,0,1.09,0.9747316712301687
Saratoga,,51006066,,R-1-40,0,1.09,2.1100527482637537
Saratoga,,38941001,,R-1-10,0,4.36,0.19590291351352968
Saratoga,,50365020,,R-M-4,0,20,0.23559381557707945
Saratoga,,38637019,,R-1-10,0,4.36,0.2710622514133644
Saratoga,,39711008,,R-1-40,0,1.09,1.2607308207033214
Saratoga,,50354062,,R-1-12,0,3.48,0.3562395613491806
Saratoga,,50326050,,R-1-10,0,4.36,0.0706775016335887
Saratoga,,39347007,,CN,0,20,0.05455494005813387
Saratoga,,38938050,,R-1-10,0,4.36,0.2399943075443923
Saratoga,,38908026,,R-M-3,0,20,0.0190700819474776
Saratoga,,50327077,,R-1-10,0,4.36,0.23110747066265533
Saratoga,,38913043,,R-1-10,0,4.36,0.22568558618246926
Saratoga,,50364025,,R-M-4,0,20,0.05299565577823779
Saratoga,,38907031,,R-M-4,0,20,0.026152043487588924
Saratoga,,36605051,,HR,0,1,0.5020040771105403
Saratoga,,36605073,,HR,0,1,0.7762612322203088
Saratoga,,50315073,,HR,0,1,0.08007010197837953
Saratoga,,39719014,,R-1-40,0,1.09,0.9779820554933863
Saratoga,,50352027,,R-1-10,0,4.36,0.23162359237732955
Saratoga,,38925031,,R-1-10,0,4.36,0.21405805145576753
Saratoga,,38902016,,R-1-12,0,3.48,0.22537744498367732
Saratoga,,50316018,,R-1-40,0,1.09,1.0529037197785425
Saratoga,,40327081,,R-1-10,0,4.36,0.19202143161588267
Saratoga,,50353055,,R-1-40,0,1.09,0.9623656065486359
Saratoga,,50315066,,HR,0,1,0.45496169358501665
Saratoga,,39703085,,R-1-40,0,1.09,1.1538966198532823
Saratoga,,38608050,,R-1-10,0,4.36,0.227293038023013
Saratoga,,39343013,,R-1-10,0,4.36,0.32282803528199705
Saratoga,,39308010,,R-1-12,0,3.48,0.3205078379192275
Saratoga,,36623011,,R-1-10,0,4.36,0.23619253617418887
Saratoga,,39708085,,R-1-40,0,1.09,1.198762332680364
Saratoga,,39743024,,R-1-10,0,4.36,0.2396948569622828
Saratoga,,51719020,,R-1-20,0,2.18,0.4497752567417183
Saratoga,,50355015,,R-1-40,0,1.09,1.008727118017463
Saratoga,,38630041,,CV,0,20,0.06132183932512432
Saratoga,,39731003,,R-1-12,0,3.48,0.9807950318806259
Saratoga,,39336008,,R-1-10,0,4.36,0.2029741629399627
Saratoga,,50372024,,HR,0,1,1.7776395718677012
Saratoga,,39710028,,R-1-40,0,1.09,1.138237145971668
Saratoga,,36635015,,CV,0,20,0.03321657731236573
Saratoga,,39344026,,R-1-10,0,4.36,0.5591763108681794
Saratoga,,39341029,,R-1-12,0,3.48,0.2885887318268697
Saratoga,,39716104,,R-1-40 PC,0,1.09,0.8607265012898458
Saratoga,,38611036,,R-1-10,0,4.36,0.23875623606058663
Saratoga,,50324064,,CH-1,0,20,0.0926819574029482
Saratoga,,51713026,,R-1-40,0,1.09,2.4880299983738388
Saratoga,,38607013,,R-1-10,0,4.36,0.23332494208151433
Saratoga,,50363106,,R-M-3,0,20,0.026568728019319237
Saratoga,,36623015,,R-1-10,0,4.36,0.34320487832978547
Saratoga,,38607079,,R-1-10,0,4.36,0.4510925196144391
Saratoga,,37824011,,R-1-10,0,4.36,0.2439543215415869
Saratoga,,50349035,,R-1-10,0,4.36,0.23872017798829692
Saratoga,,39325026,,R-1-10,0,4.36,1.1059304814789548
Saratoga,,51714006,,HR,0,1,1.3094434707490499
Saratoga,,38628031,,R-1-10,0,4.36,0.28135791373878427
Saratoga,,38658010,,R-1-10,0,4.36,0.024227293445865036
Saratoga,,51718067,,R-1-40,0,1.09,1.0102742178309196
Saratoga,,39740002,,R-1-40,0,1.09,0.9559157207359763
Saratoga,,50318079,,R-1-12,0,3.48,0.28982867661701
Saratoga,,51709078,,R-M-3,0,20,0.4323729487893567
Saratoga,,39707092,,R-1-40,0,1.09,1.1334542257962905
Saratoga,,36613068,,R-1-12,0,3.48,0.3521892829691726
Saratoga,,38931026,,R-1-20,0,2.18,0.45514909594489766
Saratoga,,38921011,,R-1-10,0,4.36,0.22753690143976324
Saratoga,,50361002,,R-M-4,0,20,0.03161986036746695
Saratoga,,38621039,,R-1-10 SS,0,4.36,0.8599810343744098
Saratoga,,39344025,,R-1-10,0,4.36,0.4979358180626547
Saratoga,,50328121,,HR,0,1,1.969321750860084
Saratoga,,50362008,,HR,0,1,0.9920432516736274
Saratoga,,38626049,,R-1-10,0,4.36,0.23548212541186123
Saratoga,,38632010,,R-1-12,0,3.48,0.28304248987426617
Saratoga,,39311006,,R-1-12,0,3.48,0.29514554563373385
Saratoga,,51024019,,HR,0,1,1.2316903650643791
Saratoga,,38906012,,PA,0,20,0.8696290339678757
Saratoga,,39302029,,R-1-12,0,3.48,0.33026263874805056
Saratoga,,38938034,,R-1-10,0,4.36,0.2126969715732403
Saratoga,,38902010,,R-1-12,0,3.48,0.6823095466319903
Saratoga,,38914076,,R-1-10,0,4.36,0.27964007108298083
Saratoga,,39342070,,R-1-10,0,4.36,0.2423246804850372
Saratoga,,38620022,,R-1-10 SS,0,4.36,0.26628839627165296
Saratoga,,36613073,,R-1-12,0,3.48,0.40528411638613443
Saratoga,,38944039,,MU-PD,0,20,0.1732488778709099
Saratoga,,39737019,,R-1-20,0,2.18,0.8618966090720728
Saratoga,,38635064,,R-1-10,0,4.36,0.30595916403232176
Saratoga,,39307006,,R-1-12,0,3.48,0.38650620749423165
Saratoga,,50354060,,R-1-12,0,3.48,0.394700222029476
Saratoga,,39717041,,R-1-40,0,1.09,0.9791850375137884
Saratoga,,38928008,,R-1-12,0,3.48,0.314647696595972
Saratoga,,39334033,,R-1-12,0,3.48,0.2443834358460605
Saratoga,,38612063,,R-1-10,0,4.36,0.30929129116606424
Saratoga,,38652012,,R-1-10,0,4.36,0.3998548993919866
Saratoga,,39309028,,R-1-12,0,3.48,0.32674589186992753
Saratoga,,38636006,,R-1-12,0,3.48,0.30585291579646967
Saratoga,,38636035,,R-1-12,0,3.48,0.2980624474128855
Saratoga,,50382016,,R-1-12,0,3.48,0.13839912400537904
Saratoga,,50363097,,R-M-3,0,20,0.02058742488369463
Saratoga,,38628037,,R-1-10,0,4.36,0.23770391778753466
Saratoga,,39301029,,CN,0,20,0.08081364999488924
Saratoga,,39327029,,R-1-10,0,4.36,0.27897804803048315
Saratoga,,39727037,,R-M-3,0,20,0.05717458958798468
Saratoga,,38630063,,CV,0,20,0.05237105341814008
Saratoga,,51729024,,R-M-4,0,20,0.06387415333177644
Saratoga,,51006035,,R-1-40,0,1.09,0.9362080144066837
Saratoga,,38633040,,R-1-10,0,4.36,0.38362566529080905
Saratoga,,38646012,,R-1-10,0,4.36,0.24308979349134335
Saratoga,,50314007,,HR,0,1,1.4043529660512615
Saratoga,,50311008,,R-OS AP/OS,0,0.1,3.959604568436664
Saratoga,,39704015,,R-1-40,0,1.09,1.0592795838043512
Saratoga,,38931005,,R-1-15,0,2.9,0.35668999187547695
Saratoga,,36623032,,R-1-10,0,4.36,0.2256502729296727
Saratoga,,51729008,,R-M-4,0,20,0.06386264970017615
Saratoga,,39703012,,R-1-40,0,1.09,1.2388650439376396
Saratoga,,39312002,,R-1-10,0,4.36,0.23192141163129973
Saratoga,,50382021,,R-1-12,0,3.48,0.36046660287648247
Saratoga,,39728045,,R-1-10,0,4.36,0.11103829257378353
Saratoga,,38645041,,R-1-10,0,4.36,0.2342112870036373
Saratoga,,38907036,,R-M-4,0,20,0.022205507651724635
Saratoga,,39710011,,R-1-40,0,1.09,1.0334358413017146
Saratoga,,38946012,,R-1-10,0,4.36,0.3464487570173168
Saratoga,,38642026,,R-1-12,0,3.48,0.2177423784903929
Saratoga,,38617004,,R-1-10 SS,0,4.36,0.2498975355669398
Saratoga,,38613036,,R-1-10,0,4.36,0.2610119511312874
Saratoga,,38626026,,R-1-10,0,4.36,0.23182821443439824
Saratoga,,40328018,,R-1-10,0,4.36,0.389979896310155
Saratoga,,38623066,,R-1-10 SS,0,4.36,0.2640536438658137
Saratoga,,39719013,,R-1-40,0,1.09,0.9725405357984627
Saratoga,,50328003,,R-1-40,0,1.09,0.42540085971479363
Saratoga,,39316009,,R-1-12,0,3.48,0.364577197025215
Saratoga,,39718043,,R-1-40,0,1.09,1.0457780632102802
Saratoga,,38936019,,R-1-10,0,4.36,0.2189310274184825
Saratoga,,38613015,,R-1-10,0,4.36,0.23891733611413649
Saratoga,,38924048,,R-1-10,0,4.36,0.31266926010540314
Saratoga,,38637026,,R-1-10,0,4.36,0.23841552572973518
Saratoga,,38618004,,R-1-10 SS,0,4.36,0.2527312382721381
Saratoga,,51002008,,R-1-20,0,2.18,0.8379748733886749
Saratoga,,39718102,,R-1-40,0,1.09,1.070009829002642
Saratoga,,36613015,,R-1-12,0,3.48,0.29392622777942795
Saratoga,,39339009,,R-1-10,0,4.36,0.3285950562817819
Saratoga,,39719015,,R-1-40,0,1.09,0.9942304644278621
Saratoga,,38649023,,R-1-10,0,4.36,0.3522134376779301
Saratoga,,50327078,,R-1-10,0,4.36,0.25917156175185735
Saratoga,,40327028,,R-1-10,0,4.36,0.19232577547110125
Saratoga,,51736010,,R-1-40,0,1.09,0.6081434242213665
Saratoga,,39334029,,R-1-12,0,3.48,0.3178463493690838
Saratoga,,50362027,,HR,0,1,8.49695755872862
Saratoga,,50329103,,R-1-40,0,1.09,2.455231690377205
Saratoga,,39724049,,R-1-20,0,2.18,0.497908997916785
Saratoga,,39336020,,R-1-10,0,4.36,0.27390324632613056
Saratoga,,50363026,,R-M-3,0,20,0.026567739616036288
Saratoga,,39313021,,R-1-12,0,3.48,0.22410730276078739
Saratoga,,38605026,,R-1-10,0,4.36,0.21694746089921838
Saratoga,,39713031,,R-1-40,0,1.09,0.955468785632889
Saratoga,,39340030,,R-1-12,0,3.48,0.4456478104052421
Saratoga,,39332033,,R-1-12,0,3.48,0.297188609747339
Saratoga,,38618020,,R-1-10 SS,0,4.36,0.2403843418227189
Saratoga,,38642010,,R-1-12,0,3.48,0.3219932029649576
Saratoga,,39723005,,R-1-10,0,4.36,0.21834605866147153
Saratoga,,50318057,,R-1-12,0,3.48,0.3860501911879402
Saratoga,,39325025,,R-1-10,0,4.36,1.136562195586607
Saratoga,,39728023,,R-1-10,0,4.36,0.28298759372883425
Saratoga,,38619012,,R-1-10 SS,0,4.36,0.24057336802958873
Saratoga,,39330026,,R-1-12,0,3.48,0.3121810181386586
Saratoga,,38620026,,R-1-10 SS,0,4.36,0.37339883804582114
Saratoga,,38946014,,R-1-10,0,4.36,0.548617181889196
Saratoga,,36656007,,CV,0,20,0.056929342042922486
Saratoga,,39341025,,R-1-12,0,3.48,0.27872385007168066
Saratoga,,38622001,,R-1-10,0,4.36,0.09743510727607944
Saratoga,,38909059,,R-M-3,0,20,0.03526620782548212
Saratoga,,39301009,,R-1-12,0,3.48,0.3429826857733958
Saratoga,,50350030,,R-1-12,0,3.48,0.31015869549810327
Saratoga,,39342028,,R-1-10,0,4.36,0.18366563155980606
Saratoga,,38626007,,R-1-10,0,4.36,0.23063850425566584
Saratoga,,39704102,,R-1-40,0,1.09,1.157247450841421
Saratoga,,38631061,,R-1-12,0,3.48,0.32200461385215867
Saratoga,,51729012,,R-M-4,0,20,0.0629015692437835
Saratoga,,50314029,,HR,0,1,1.1451581994617606
Saratoga,,36614055,,R-1-12,0,3.48,0.36195503185261174
Saratoga,,39326022,,R-1-10,0,4.36,0.48702480776373136
Saratoga,,50322069,,R-1-10,0,4.36,0.26073602320460093
Saratoga,,39342012,,R-1-10,0,4.36,0.22850204389896786
Saratoga,,50316003,,R-1-40,0,1.09,1.0040946715409376
Saratoga,,38929023,,R-1-10,0,4.36,0.19072109035862206
Saratoga,,51052005,,R-1-40,0,1.09,1.2752096220291147
Saratoga,,39716062,,R-1-40 PC,0,1.09,0.8282454456356217
Saratoga,,36605068,,HR,0,1,0.49126546116392633
Saratoga,,39726057,,R-1-12,0,3.48,0.4679456451792994
Saratoga,,38627067,,R-1-10,0,4.36,0.30120970650055706
Saratoga,,38623072,,R-1-10 SS,0,4.36,0.28790303238132403
Saratoga,,38907041,,R-M-4,0,20,0.026157408417134362
Saratoga,,38604019,,R-1-12,0,3.48,0.29652183252800585
Saratoga,,38612060,,R-1-10,0,4.36,0.27433343816331973
Saratoga,,40328087,,R-1-10,0,4.36,0.19906896659199433
Saratoga,,38617054,,R-1-10 SS,0,4.36,0.30341607998374315
Saratoga,,39719026,,R-1-40,0,1.09,0.9204982736316009
Saratoga,,39725044,,R-1-20,0,2.18,0.18413827907246702
Saratoga,,50321035,,R-1-12,0,3.48,0.3662972441854529
Saratoga,,50320041,,R-1-12,0,3.48,0.32994839035785206
Saratoga,,38651002,,R-1-12,0,3.48,0.3275178832723345
Saratoga,,51721016,,R-1-20,0,2.18,0.45683210875654273
Saratoga,,38633057,,R-1-10,0,4.36,0.27533335294420447
Saratoga,,50315044,,HR,0,1,2.396463949903164
Saratoga,,50322062,,R-1-10,0,4.36,0.2041037902717003
Saratoga,,38609032,,R-1-10,0,4.36,0.523061747875312
Saratoga,,39711038,,R-1-40,0,1.09,1.0068835411865178
Saratoga,,39734013,,R-1-20,0,2.18,0.5477829466315055
Saratoga,,37825011,,R-1-15,0,2.9,0.5404230663873028
Saratoga,,38918025,,R-1-10,0,4.36,0.23006330469416844
Saratoga,,38633003,,R-1-10,0,4.36,0.3140762170899913
Saratoga,,39710007,,R-1-40,0,1.09,1.0973849099051325
Saratoga,,38603016,,R-1-10,0,4.36,0.24259389038978008
Saratoga,,39327006,,R-1-10,0,4.36,0.2362325273376025
Saratoga,,39716010,,R-1-20,0,2.18,0.446994238207661
Saratoga,,38945005,,MU-PD,0,20,0.17854918430959252
Saratoga,,39309034,,R-1-12,0,3.48,0.4234151877987169
Saratoga,,37825016,,R-1-15,0,2.9,0.3358603395061955
Saratoga,,39722020,,PA,0,20,0.007858840780386423
Saratoga,,39742001,,R-1-20,0,2.18,0.09273475223778714
Saratoga,,38906015,,PA,0,20,0.37494780605009936
Saratoga,,51024024,,HR,0,1,0.9501993421240333
Saratoga,,38631007,,R-1-12,0,3.48,0.29719829345391957
Saratoga,,50329052,,R-1-40,0,1.09,0.8949723296690587
Saratoga,,38917058,,R-1-10,0,4.36,0.22919867230781363
Saratoga,,50329118,,R-1-40,0,1.09,1.2308952852994994
Saratoga,,38617020,,R-1-10 SS,0,4.36,0.24414460287924172
Saratoga,,50372032,,HR,0,1,1.5146831510413155
Saratoga,,50320082,,R-1-40,0,1.09,1.0780240821747762
Saratoga,,38909023,,R-M-3,0,20,0.01221496033332067
Saratoga,,40323061,,R-1-10,0,4.36,0.5418789270100914
Saratoga,,50353033,,R-1-20,0,2.18,0.500204159083977
Saratoga,,39704094,,R-1-40,0,1.09,0.9367066407992521
Saratoga,,50322044,,R-1-10,0,4.36,0.17931079205964362
Saratoga,,38904026,,R-1-12,0,3.48,0.26166923070750997
Saratoga,,38927003,,R-1-10,0,4.36,0.2774978209966188
Saratoga,,36605075,,HR,0,1,0.7549019744130567
Saratoga,,50382019,,R-1-12,0,3.48,0.3012502349536221
Saratoga,,50328008,,R-1-40,0,1.09,0.7157946049530471
Saratoga,,39323016,,R-1-12,0,3.48,0.4972970117112004
Saratoga,,39339016,,R-1-10,0,4.36,0.3863143294495412
Saratoga,,50319099,,R-1-12,0,3.48,0.29749742793128076
Saratoga,,38921026,,R-1-10,0,4.36,0.2779463052168889
Saratoga,,50316033,,R-1-40,0,1.09,0.27444354080806527
Saratoga,,38603021,,R-1-10,0,4.36,0.24757637348360245
Saratoga,,50318099,,R-1-40,0,1.09,0.5014956615951842
Saratoga,,39716090,,R-1-40 PC,0,1.09,0.7764703659971263
Saratoga,,38619053,,R-1-10 SS,0,4.36,0.27039624351807723
Saratoga,,50361001,,R-M-4,0,20,0.03161102891446732
Saratoga,,38605059,,R-1-10,0,4.36,0.24284617906813696
Saratoga,,39709019,,R-1-40,0,1.09,1.0323600920533915
Saratoga,,39340021,,R-1-10,0,4.36,0.27529355396025185
Saratoga,,50372006,,HR,0,1,1.1690518718245058
Saratoga,,38635065,,R-1-10,0,4.36,0.23153453806251936
Saratoga,,38931023,,R-1-20,0,2.18,0.6258283128699293
Saratoga,,39739008,,R-M-3,0,20,0.03537565354776191
Saratoga,,38905012,,R-1-12,0,3.48,0.26696176399556854
Saratoga,,38606022,,R-1-10,0,4.36,0.21826990539200986
Saratoga,,38925033,,R-1-10,0,4.36,0.18215354231237676
Saratoga,,39327002,,R-1-10,0,4.36,0.2341729299611197
Saratoga,,38649019,,R-1-10,0,4.36,0.2617048411547115
Saratoga,,36622006,,R-1-10,0,4.36,0.28767877543843534
Saratoga,,39346008,,R-1-12,0,3.48,0.34229625213327436
Saratoga,,38930049,,R-1-10,0,4.36,0.21580339228450704
Saratoga,,51001007,,R-1-20,0,2.18,0.43721262402675365
Saratoga,,50349005,,R-1-10,0,4.36,0.29292906034148736
Saratoga,,38652042,,R-1-10,0,4.36,0.26206902335944915
Saratoga,,50378003,,HR,0,1,1.0290519555323117
Saratoga,,50322007,,R-1-10,0,4.36,0.23782799527882736
Saratoga,,39303007,,R-1-12,0,3.48,0.2859655487289564
Saratoga,,51714084,,HR,0,1,2.7643096175484363
Saratoga,,40327055,,R-1-10,0,4.36,0.18903652290413225
Saratoga,,51719024,,R-1-20,0,2.18,0.47235646982712304
Saratoga,,39301008,,R-1-12,0,3.48,0.31057723877107224
Saratoga,,50324009,,CH-1,0,20,0.12010137955055517
Saratoga,,51718056,,R-1-40,0,1.09,0.06073546428115346
Saratoga,,39342044,,R-1-10,0,4.36,0.24879837867776136
Saratoga,,38619037,,R-1-10 SS,0,4.36,0.23545545060521453
Saratoga,,37824014,,R-1-10,0,4.36,0.30051887481464
Saratoga,,38913023,,R-1-10,0,4.36,0.24871941261725689
Saratoga,,38936014,,R-1-10,0,4.36,0.24565139514967738
Saratoga,,39307007,,R-1-12,0,3.48,0.3684363335994295
Saratoga,,50364030,,R-M-4,0,20,0.04222732315933615
Saratoga,,38931014,,R-1-20,0,2.18,0.5735619113993907
Saratoga,,40327076,,R-1-10,0,4.36,0.19202244988013528
Saratoga,,39706089,,R-1-40,0,1.09,0.9169927349082364
Saratoga,,39310031,,R-1-12,0,3.48,0.2976557309832553
Saratoga,,51710044,,R-1-15,0,2.9,0.35415568450248175
Saratoga,,36622009,,R-1-10,0,4.36,0.33706826493497793
Saratoga,,38660004,,CV,0,20,0.01948397378646694
Saratoga,,50315076,,HR,0,1,12.847561830529989
Saratoga,,38605057,,R-1-10,0,4.36,0.26273105208212866
Saratoga,,39316045,,R-1-12,0,3.48,0.5295273072524928
Saratoga,,38945025,,MU-PD,0,20,0.15078275749243328
Saratoga,,39732008,,R-1-40,0,1.09,0.8404595707987121
Saratoga,,50361036,,R-M-4,0,20,0.03583485202837252
Saratoga,,38945036,,MU-PD,0,20,0.19279154377364707
Saratoga,,51708040,,R-1-10,0,4.36,0.24250516606175931
Saratoga,,51718030,,R-1-40,0,1.09,0.22491801348239146
Saratoga,,39336013,,R-1-10,0,4.36,0.23700754605381083
Saratoga,,38634045,,R-1-12,0,3.48,0.3295890972011343
Saratoga,,51712009,,R-1-10,0,4.36,0.5245893964764249
Saratoga,,50321028,,R-1-12,0,3.48,0.451666255844147
Saratoga,,51710028,,R-1-15,0,2.9,0.3625732732312629
Saratoga,,38915041,,R-1-10,0,4.36,0.27438517009695024
Saratoga,,38619084,,R-1-10 SS,0,4.36,0.23123123116359717
Saratoga,,38629055,,R-1-12,0,3.48,0.2889278245299763
Saratoga,,39704093,,R-1-40,0,1.09,0.970775149965746
Saratoga,,50363079,,R-M-3,0,20,0.03255181007847867
Saratoga,,38657018,,CV,0,20,0.032501062251817966
Saratoga,,50329098,,R-1-12,0,3.48,0.46036491320824247
Saratoga,,51714035,,R-1-40,0,1.09,1.5434118244879769
Saratoga,,39322058,,R-1-12,0,3.48,0.2882080857467684
Saratoga,,38924039,,R-1-10,0,4.36,0.2688824078178702
Saratoga,,37825002,,R-1-15,0,2.9,0.4225233782303435
Saratoga,,39716135,,R-1-40 PC,0,1.09,1.0614898010883524
Saratoga,,38652008,,R-1-10,0,4.36,0.1396629343907297
Saratoga,,38944010,,MU-PD,0,20,0.1689515205932418
Saratoga,,39308003,,R-1-12,0,3.48,0.3106082500011401
Saratoga,,50354025,,R-1-12,0,3.48,0.2993888042580092
Saratoga,,38644001,,R-1-12,0,3.48,0.33658281972490994
Saratoga,,38904029,,R-1-12,0,3.48,0.3144911215528847
Saratoga,,38642015,,R-1-12,0,3.48,0.34223874988678704
Saratoga,,39341008,,R-1-12,0,3.48,0.26047472295008006
Saratoga,,38634034,,R-1-12,0,3.48,0.32546837290154934
Saratoga,,50316062,,R-1-40,0,1.09,0.6861691861807875
Saratoga,,39327042,,R-1-10,0,4.36,0.2902635353061476
Saratoga,,38915048,,R-1-10,0,4.36,0.30927149260138653
Saratoga,,50322038,,R-1-10,0,4.36,0.20515294411446316
Saratoga,,38936034,,R-1-10,0,4.36,0.3717926668978707
Saratoga,,38901025,,R-1-12,0,3.48,0.31458396663324434
Saratoga,,38656024,,CV,0,20,0.04724456474723504
Saratoga,,38605074,,R-1-10,0,4.36,0.24650940789665068
Saratoga,,38654022,,R-1-10,0,4.36,0.25678025025707923
Saratoga,,38620010,,R-1-10 SS,0,4.36,0.37936078683644164
Saratoga,,38934026,,R-1-20,0,2.18,0.5384862600704918
Saratoga,,51711069,,R-1-20,0,2.18,0.5751253764928927
Saratoga,,38930055,,R-1-12,0,3.48,0.3401291746823141
Saratoga,,51729011,,R-M-4,0,20,0.0629015692437835
Saratoga,,41040002,,R-1-40,0,1.09,0.9691906274979136
Saratoga,,38922019,,R-1-10,0,4.36,0.2862271810160853
Saratoga,,50328028,,R-1-40,0,1.09,0.4821390573288947
Saratoga,,50358015,,R-1-12,0,3.48,0.2899414265053774
Saratoga,,39326028,,R-1-10,0,4.36,0.39569363057384477
Saratoga,,50316046,,R-1-40,0,1.09,0.31598152818583025
Saratoga,,37825015,,R-1-15,0,2.9,0.33299002498357444
Saratoga,,39743008,,R-1-40,0,1.09,1.7222088884007856
Saratoga,,38905016,,R-1-12,0,3.48,0.28896155539652685
Saratoga,,38639020,,R-1-12,0,3.48,0.29383726032621454
Saratoga,,40322001,,R-1-10,0,4.36,0.13845545431678927
Saratoga,,38628038,,R-1-10,0,4.36,0.2415509305566803
Saratoga,,38930003,,R-1-15,0,2.9,0.3998534845535797
Saratoga,,39336017,,R-1-10,0,4.36,0.07732361221122896
Saratoga,,38658003,,R-1-10,0,4.36,0.026528597179436415
Saratoga,,39720009,,R-1-40,0,1.09,1.1533654179244976
Saratoga,,36605053,,HR,0,1,0.52462405363988
Saratoga,,39708034,,R-1-40,0,1.09,1.5389723535339856
Saratoga,,51714021,,HR,0,1,3.201661610112347
Saratoga,,36648003,,HR,0,1,1.1719339681768912
Saratoga,,36650030,,HR,0,1,2.292445316718956
Saratoga,,38941043,,R-1-10,0,4.36,0.553252738152045
Saratoga,,50378039,,HR,0,1,6.545898230354745
Saratoga,,38644002,,R-1-12,0,3.48,0.30365134057568016
Saratoga,,50322059,,R-1-10,0,4.36,0.1939483060166097
Saratoga,,38647008,,R-1-12,0,3.48,0.28711826250444483
Saratoga,,38940019,,R-1-10,0,4.36,0.33842668902079026
Saratoga,,39736017,,R-1-40,0,1.09,0.959348645347684
Saratoga,,38918043,,R-1-10,0,4.36,0.2365865559622366
Saratoga,,39718099,,R-1-40,0,1.09,1.0974551192100028
Saratoga,,38608067,,R-1-10,0,4.36,0.22515253121248988
Saratoga,,38613003,,R-1-10,0,4.36,0.2548018913167143
Saratoga,,39337030,,R-1-10,0,4.36,0.3768956732279389
Saratoga,,39340018,,R-1-10,0,4.36,0.2704799565952261
Saratoga,,38621026,,R-1-10 SS,0,4.36,0.22752811777300244
Saratoga,,39312015,,R-1-10,0,4.36,0.2475597463666785
Saratoga,,39342042,,R-1-10,0,4.36,0.27421637970477614
Saratoga,,38633053,,R-1-10,0,4.36,0.2748981254050891
Saratoga,,38621019,,R-1-10 SS,0,4.36,0.25049531299332584
Saratoga,,39318012,,R-1-12,0,3.48,0.40176179731453227
Saratoga,,38620039,,R-1-10 SS,0,4.36,0.23905128711195434
Saratoga,,50318097,,R-1-40,0,1.09,0.6456957190046488
Saratoga,,38623068,,R-1-10 SS,0,4.36,0.3067613409703095
Saratoga,,50364004,,R-M-4,0,20,0.05299565577823779
Saratoga,,39319065,,R-1-12,0,3.48,0.2893847946785362
Saratoga,,50328144,,R-1-40,0,1.09,0.8127947990424
Saratoga,,50361018,,R-M-4,0,20,0.05274441360790342
Saratoga,,38917043,,R-1-10,0,4.36,0.2919227996563367
Saratoga,,40328088,,R-1-10,0,4.36,0.1940431397929739
Saratoga,,38924014,,R-1-10,0,4.36,0.3066847100705911
Saratoga,,38925006,,R-1-10,0,4.36,0.20528908183655734
Saratoga,,38938055,,R-1-10,0,4.36,0.19348902282586128
Saratoga,,39346020,,R-1-12,0,3.48,0.2848906955414683
Saratoga,,38645047,,R-1-10,0,4.36,0.3287772610190044
Saratoga,,39344030,,R-1-10,0,4.36,0.23703104733835179
Saratoga,,38945020,,MU-PD,0,20,0.18425072943591905
Saratoga,,38907006,,R-M-4,0,20,0.01941863956301338
Saratoga,,38939003,,R-1-10,0,4.36,0.2607693189834284
Saratoga,,39701042,,R-1-40,0,1.09,0.8905259057702958
Saratoga,,51708001,,R-M-3,0,20,0.1051905814473597
Saratoga,,38929029,,R-1-10,0,4.36,0.20686132274124067
Saratoga,,50329006,,R-1-40,0,1.09,1.8737723820521965
Saratoga,,37825004,,R-1-15,0,2.9,0.5786381126374571
Saratoga,,50372037,,HR,0,1,2.7670533208724253
Saratoga,,38631017,,R-1-12,0,3.48,0.3060403938649575
Saratoga,,39724102,,R-1-20,0,2.18,0.5325376417860924
Saratoga,,50350003,,R-1-12,0,3.48,0.31174331557506035
Saratoga,,38945040,,MU-PD,0,20,0.17965517512616092
Saratoga,,38946011,,R-1-10,0,4.36,0.27499074001505075
Saratoga,,38944021,,MU-PD,0,20,0.16983866703792566
Saratoga,,39722032,,R-1-10,0,4.36,0.18183628640664654
Saratoga,,50322065,,R-1-10,0,4.36,0.31421663895612345
Saratoga,,38654007,,R-1-10,0,4.36,0.262910111809856
Saratoga,,39305004,,R-1-12,0,3.48,0.37399048038338584
Saratoga,,40323020,,R-1-10,0,4.36,0.19898124803790637
Saratoga,,50349025,,R-1-12,0,3.48,0.3459167537517693
Saratoga,,39728062,,R-1-12,0,3.48,0.5322361681191534
Saratoga,,39723010,,R-1-10,0,4.36,0.19583069041836945
Saratoga,,39706094,,R-1-40,0,1.09,0.9455208739151667
Saratoga,,50324051,,CH-1,0,20,0.17495467216341762
Saratoga,,38603032,,R-1-10,0,4.36,0.3966016750942211
Saratoga,,37824009,,R-1-10,0,4.36,0.3568012053433863
Saratoga,,50328052,,R-1-40,0,1.09,0.8067410307123085
Saratoga,,50352029,,R-1-10,0,4.36,0.294114342859348
Saratoga,,39316013,,R-1-12,0,3.48,0.398312478340293
Saratoga,,39342006,,R-1-10,0,4.36,0.23478139984460475
Saratoga,,38633004,,R-1-10,0,4.36,0.2828560224195906
Saratoga,,38921040,,R-1-10,0,4.36,0.4653165315402858
Saratoga,,38640014,,R-1-12,0,3.48,0.28695225875441005
Saratoga,,38922040,,R-1-10,0,4.36,0.20054100040178327
Saratoga,,39736025,,R-1-40,0,1.09,0.9182292524027621
Saratoga,,39305009,,R-1-12,0,3.48,0.3186695830888952
Saratoga,,38645020,,R-1-10,0,4.36,0.27923191240502004
Saratoga,,39709005,,R-1-40,0,1.09,1.0431345877791844
Saratoga,,38650018,,R-1-12,0,3.48,0.27024460370776926
Saratoga,,51722103,,R-1-40,0,1.09,0.9815106880217614
Saratoga,,50316094,,R-1-40,0,1.09,0.9440161402179016
Saratoga,,40323043,,R-1-10,0,4.36,0.1959482463451617
Saratoga,,38926001,,R-1-10,0,4.36,0.5218276037882621
Saratoga,,38927048,,R-1-12,0,3.48,0.3879692864586138
Saratoga,,50361035,,R-M-4,0,20,0.03161596130550607
Saratoga,,37824007,,R-1-10,0,4.36,0.3381103918105527
Saratoga,,39312025,,R-1-12,0,3.48,11.025422461023702
Saratoga,,39739009,,R-M-3,0,20,0.03254804449197412
Saratoga,,38607005,,R-1-10,0,4.36,0.22724034107482124
Saratoga,,39716033,,R-1-20,0,2.18,0.7673331485020731
Saratoga,,50328037,,R-1-40,0,1.09,0.7132835860957111
Saratoga,,39318054,,R-1-12,0,3.48,0.31533722522490887
Saratoga,,50363028,,R-M-3,0,20,0.026568623263661502
Saratoga,,38646030,,R-1-10,0,4.36,0.23857084890065858
Saratoga,,38627074,,R-1-10,0,4.36,0.3361860294338921
Saratoga,,39741002,,R-1-20,0,2.18,0.48954401754139254
Saratoga,,50317069,,R-1-12,0,3.48,1.1793567634255602
Saratoga,,51007031,,R-1-40,0,1.09,0.4258793201671049
Saratoga,,51003013,,R-1-40,0,1.09,0.8100425205958485
Saratoga,,40328028,,R-1-10,0,4.36,0.24473095484727694
Saratoga,,51722039,,R-1-20,0,2.18,0.4687393690767052
Saratoga,,38633067,,R-1-10,0,4.36,0.24162974846514176
Saratoga,,38645044,,R-1-10,0,4.36,0.23479180064624044
Saratoga,,38914022,,R-1-10,0,4.36,0.2240640955982071
Saratoga,,51710006,,R-1-10,0,4.36,0.2295601544495635
Saratoga,,38927012,,R-1-12,0,3.48,0.36228373188977153
Saratoga,,50319120,,R-1-40,0,1.09,0.9766501972016757
Saratoga,,39720093,,R-1-40,0,1.09,1.4332161832423151
Saratoga,,38637010,,R-1-10,0,4.36,0.23246662216506753
Saratoga,,39333032,,R-1-12,0,3.48,0.31918174660161786
Saratoga,,38601027,,CV,0,20,0.8948243497758273
Saratoga,,38649016,,R-1-10,0,4.36,0.24113569610642502
Saratoga,,39336038,,R-1-10,0,4.36,0.3676354412039134
Saratoga,,39346027,,R-1-12,0,3.48,0.30170574035013914
Saratoga,,50316073,,R-1-40,0,1.09,1.219309714754765
Saratoga,,50329067,,R-1-40,0,1.09,0.9164142992896958
Saratoga,,50317023,,HR,0,1,18.642761300865466
Saratoga,,51709013,,CH-1,0,20,0.36933673486446167
Saratoga,,40327009,,R-1-10,0,4.36,0.18696801811086497
Saratoga,,40322026,,R-1-10,0,4.36,0.20824840239427564
Saratoga,,39723034,,R-1-10,0,4.36,0.17217485989205134
Saratoga,,36606014,,HR,0,1,1.4783138250754875
Saratoga,,39717013,,R-1-40,0,1.09,0.9845434383429865
Saratoga,,39345014,,R-1-20,0,2.18,0.49071925757064844
Saratoga,,38660024,,CV,0,20,0.007840356269291837
Saratoga,,36607008,,HR,0,1,1.2378859473434194
Saratoga,,39725036,,R-1-10,0,4.36,0.23353879821842108
Saratoga,,51005026,,R-1-40,0,1.09,1.2382600042359542
Saratoga,,40327077,,R-1-10,0,4.36,0.19201636217961054
Saratoga,,38909013,,R-M-3,0,20,0.013640850729948294
Saratoga,,50352016,,R-1-10,0,4.36,0.24320451451767147
Saratoga,,38616019,,R-1-10 SS,0,4.36,0.26004711009192033
Saratoga,,38653002,,R-1-10,0,4.36,0.16868922887967713
Saratoga,,38905023,,R-M-4,0,20,2.3955325532050167
Saratoga,,38629048,,R-1-12,0,3.48,0.2979346211935018
Saratoga,,36623010,,R-1-10,0,4.36,0.24158560575035168
Saratoga,,50320107,,R-1-15,0,2.9,0.33135774001344576
Saratoga,,39313012,,R-1-10,0,4.36,0.2846210360558654
Saratoga,,38630014,,R-1-10,0,4.36,0.23463336870758716
Saratoga,,38909027,,R-M-3,0,20,0.015598568956072346
Saratoga,,36648005,,HR,0,1,1.0675526631428751
Saratoga,,50361034,,R-M-4,0,20,0.03160674393945167
Saratoga,,51729003,,R-M-4,0,20,0.06387237448102479
Saratoga,,39309017,,R-1-12,0,3.48,0.29499247744993723
Saratoga,,40328061,,R-1-10,0,4.36,0.1884806967720486
Saratoga,,38619019,,R-1-10 SS,0,4.36,0.23571017701414626
Saratoga,,50318051,,R-1-12,0,3.48,0.3414057865192298
Saratoga,,38909058,,R-M-3,0,20,0.02944690898815135
Saratoga,,50328082,,R-1-40,0,1.09,2.5219985660579627
Saratoga,,39335030,,R-1-12,0,3.48,0.32803680427912985
Saratoga,,51718033,,R-1-40,0,1.09,0.9688996185718319
Saratoga,,36635014,,CV,0,20,0.032239798619235996
Saratoga,,38647030,,R-1-12,0,3.48,0.3177665981052296
Saratoga,,39736027,,R-1-40,0,1.09,0.8669260698869862
Saratoga,,39318040,,R-1-12,0,3.48,0.28442703973114725
Saratoga,,38902015,,R-1-12,0,3.48,0.21875945678781425
Saratoga,,51003001,,R-1-40,0,1.09,1.231794186821244
Saratoga,,39719010,,R-1-40,0,1.09,1.903313791627149
Saratoga,,50353021,,R-1-40,0,1.09,1.073249844418248
Saratoga,,39708105,,R-1-40,0,1.09,0.8327232721348491
Saratoga,,39724028,,R-1-20,0,2.18,0.2573789832948998
Saratoga,,50363043,,R-M-3,0,20,0.020583783726494675
Saratoga,,39309019,,R-1-12,0,3.48,0.37861325521572875
Saratoga,,38908003,,R-M-3,0,20,0.020744244828539912
Saratoga,,39704035,,R-1-40,0,1.09,0.06209683408700455
Saratoga,,50355067,,R-1-40,0,1.09,0.4874431708890929
Saratoga,,38927044,,R-1-10,0,4.36,0.024294128500038148
Saratoga,,38650003,,R-1-12,0,3.48,0.2919641724601778
Saratoga,,50364028,,R-M-4,0,20,0.8755483874977282
Saratoga,,39711017,,R-1-40,0,1.09,1.0198354939610743
Saratoga,,39717030,,R-1-40,0,1.09,0.9524826018515945
Saratoga,,38661003,,R-1-10 SS,0,4.36,0.22719311381244725
Saratoga,,38613048,,R-1-10,0,4.36,0.2553583846642291
Saratoga,,39744014,,R-M-3,0,20,0.060074661815965505
Saratoga,,39339002,,R-1-10,0,4.36,0.2733725833734731
Saratoga,,39313017,,R-1-12,0,3.48,0.28203607960609267
Saratoga,,39716111,,R-1-40 PC,0,1.09,0.7752984420533102
Saratoga,,38912008,,R-1-10,0,4.36,0.22955538140462034
Saratoga,,39325011,,R-1-10,0,4.36,0.2792071980751313
Saratoga,,39342023,,R-1-10,0,4.36,0.209186932212175
Saratoga,,51738002,,R-1-40,0,1.09,5.562883671305027
Saratoga,,38915079,,R-1-10,0,4.36,0.23013481990295284
Saratoga,,50318081,,R-1-12,0,3.48,0.3165323111915933
Saratoga,,38618034,,R-1-10 SS,0,4.36,0.24062937481272084
Saratoga,,50365016,,R-M-4,0,20,0.03162181502399633
Saratoga,,38616008,,R-1-10 SS,0,4.36,0.24062450296735777
Saratoga,,39732006,,R-1-40,0,1.09,0.996231659818334
Saratoga,,50326015,,R-1-10,0,4.36,0.19827864214339846
Saratoga,,40327084,,R-1-10,0,4.36,0.19198433391904826
Saratoga,,38653019,,R-1-12,0,3.48,0.8182290967945125
Saratoga,,38636047,,R-1-12,0,3.48,0.28022175298025587
Saratoga,,38639015,,R-1-12,0,3.48,0.3265616093098161
Saratoga,,39740011,,R-1-40,0,1.09,7.848933461910529
Saratoga,,38926003,,R-1-10,0,4.36,0.0015462732025242364
Saratoga,,50355035,,R-1-40,0,1.09,0.4508145615382518
Saratoga,,38653038,,CN,0,20,0.14644335415289927
Saratoga,,51711047,,R-1-15,0,2.9,0.35475262218377396
Saratoga,,39334016,,R-1-12,0,3.48,0.2847604580162108
Saratoga,,36636030,,CV,0,20,0.04405550771360942
Saratoga,,38629077,,R-1-12,0,3.48,0.38016473981951393
Saratoga,,38626071,,R-1-10,0,4.36,1.335522250828552
Saratoga,,38917049,,R-1-10,0,4.36,0.26728654708413563
Saratoga,,38941003,,R-1-10,0,4.36,0.19076434147471485
Saratoga,,38909001,,R-M-3,0,20,0.025742460703129674
Saratoga,,50329037,,R-1-40,0,1.09,1.1275243467367635
Saratoga,,39716122,,R-1-40 PC,0,1.09,0.7441564304046304
Saratoga,,39725073,,R-1-12,0,3.48,0.28250503615165323
Saratoga,,38661041,,R-1-10 SS,0,4.36,0.3035621107112751
Saratoga,,50361013,,R-M-4,0,20,0.03161164715488638
Saratoga,,38627006,,R-1-10,0,4.36,0.2379533085734761
Saratoga,,50330001,,HR,0,1,0.4804641666837506
Saratoga,,38908008,,R-M-3,0,20,0.025208564452442076
Saratoga,,50355047,,R-1-40,0,1.09,0.49414287405461244
Saratoga,,39301013,,R-1-12,0,3.48,0.32470177034293335
Saratoga,,38635045,,R-1-10,0,4.36,0.2366769143972429
Saratoga,,38607011,,R-1-10,0,4.36,0.22693058333817007
Saratoga,,40328026,,R-1-10,0,4.36,0.24283310331315225
Saratoga,,38642029,,R-1-12,0,3.48,0.3893357260487766
Saratoga,,51722117,,R-1-40,0,1.09,1.2716814610908656
Saratoga,,36632006,,HR,0,1,0.15823287308312137
Saratoga,,38637035,,R-1-10,0,4.36,0.31725938703850726
Saratoga,,38611021,,R-1-10,0,4.36,0.25180341122494765
Saratoga,,39728051,,R-1-10,0,4.36,0.21106957481779753
Saratoga,,38922016,,R-1-10,0,4.36,0.2854829844954093
Saratoga,,39320043,,R-1-12,0,3.48,0.2883830820285903
Saratoga,,38605051,,R-1-10,0,4.36,0.2643584120134658
Saratoga,,39724018,,R-1-20,0,2.18,0.7590092914527397
Saratoga,,39732001,,R-1-40,0,1.09,0.8946208787416193
Saratoga,,39332008,,R-1-12,0,3.48,0.30159945378593633
Saratoga,,39324021,,R-1-12,0,3.48,0.33447263596139126
Saratoga,,38942004,,R-1-10,0,4.36,0.660727648329193
Saratoga,,51734002,,R-M-3,0,20,0.024926753458001515
Saratoga,,50328032,,R-1-40,0,1.09,0.4040871190376316
Saratoga,,38642038,,R-1-12,0,3.48,0.2428969482560395
Saratoga,,38660009,,CV,0,20,0.016033406282401158
Saratoga,,39742009,,R-1-20,0,2.18,0.4647547853300877
Saratoga,,38662006,,R-M-5,0,20,0.11917064523579748
Saratoga,,39316011,,R-1-12,0,3.48,0.4428734676815591
Saratoga,,38937028,,R-1-10,0,4.36,0.2814397606244041
Saratoga,,39717010,,R-1-40,0,1.09,0.46988172972458747
Saratoga,,50356004,,HR,0,1,0.7598313860381753
Saratoga,,50318080,,R-1-12,0,3.48,0.30414996664916866
Saratoga,,38645017,,R-1-10,0,4.36,0.23388463070748838
Saratoga,,36623034,,R-1-10,0,4.36,0.2275287001351402
Saratoga,,50331054,,HR,0,1,1.7640613180265938
Saratoga,,39308004,,R-1-12,0,3.48,0.31067085317724846
Saratoga,,39345046,,R-1-20,0,2.18,0.11634271968476476
Saratoga,,38924034,,R-1-10,0,4.36,0.2502788176024484
Saratoga,,51024037,,HR,0,1,0.3603237277665176
Saratoga,,36623016,,R-1-10,0,4.36,0.24075916373414985
Saratoga,,38613021,,R-1-10,0,4.36,0.2531039475939167
Saratoga,,38914070,,R-1-10,0,4.36,0.2750458149222967
Saratoga,,38941050,,R-1-15,0,2.9,0.34891653100186637
Saratoga,,39319009,,R-1-12,0,3.48,0.3713242836658068
Saratoga,,38926057,,R-1-10,0,4.36,0.23392717381450315
Saratoga,,39731002,,R-1-12,0,3.48,0.2878839728158368
Saratoga,,38913011,,R-1-10,0,4.36,0.2678838361840818
Saratoga,,40327099,,R-1-10,0,4.36,0.20021309429884107
Saratoga,,50328142,,R-1-40,0,1.09,0.45218017448663356
Saratoga,,39720043,,R-1-20,0,2.18,0.5513644175191991
Saratoga,,39726062,,R-1-12,0,3.48,0.43249499940505703
Saratoga,,39304027,,R-1-12,0,3.48,0.30515813237395617
Saratoga,,38942005,,R-1-10,0,4.36,0.30945500668348774
Saratoga,,38918032,,R-1-10,0,4.36,0.2358699393287122
Saratoga,,38928019,,R-1-12,0,3.48,0.30719655123097905
Saratoga,,38620012,,R-1-10 SS,0,4.36,0.24276775326758518
Saratoga,,39707009,,R-1-40,0,1.09,1.6366069435378445
Saratoga,,39346006,,R-1-12,0,3.48,0.2943192183726086
Saratoga,,39704089,,R-1-40,0,1.09,1.0980122166129602
Saratoga,,39309030,,R-1-12,0,3.48,0.3205382687463108
Saratoga,,38623052,,R-1-10 SS,0,4.36,0.22424585967885485
Saratoga,,40328095,,R-1-10,0,4.36,0.2099432380336241
Saratoga,,36614059,,R-1-15,0,2.9,0.4343437672555281
Saratoga,,38635030,,R-1-10,0,4.36,0.2848069076581075
Saratoga,,38623054,,R-1-10 SS,0,4.36,0.2246850971449816
Saratoga,,38901032,,R-1-12,0,3.48,0.2810201504259648
Saratoga,,38912017,,PA,0,20,10.128162757743151
Saratoga,,38619057,,R-1-10 SS,0,4.36,0.34231730178173486
Saratoga,,40323003,,R-1-10,0,4.36,0.18681026503243667
Saratoga,,39336025,,R-1-20,0,2.18,0.5130201574365537
Saratoga,,50349006,,R-1-12,0,3.48,0.3093344406807422
Saratoga,,38916020,,R-1-10,0,4.36,0.23684770618350443
Saratoga,,36630009,,R-1-10,0,4.36,0.26546927378692337
Saratoga,,38629035,,R-1-12,0,3.48,0.3442732650149257
Saratoga,,38605089,,R-1-10,0,4.36,0.13208544629035768
Saratoga,,38922042,,R-1-10,0,4.36,0.173836191487421
Saratoga,,40323056,,R-1-10,0,4.36,0.21455691398639518
Saratoga,,51709088,,R-M-3,0,20,0.024794673696449363
Saratoga,,39327053,,R-1-10,0,4.36,0.22625235766117055
Saratoga,,38909050,,R-M-3,0,20,0.029224586496184275
Saratoga,,38605015,,R-1-10,0,4.36,0.22725594542441158
Saratoga,,38928023,,R-1-12,0,3.48,0.29864797283948663
Saratoga,,50361025,,R-M-4,0,20,0.0316114438006241
Saratoga,,38909016,,R-M-3,0,20,0.013022367923357099
Saratoga,,39716115,,R-1-40 PC,0,1.09,0.8249074973370274
Saratoga,,39716014,,R-1-20,0,2.18,0.43950231984403176
Saratoga,,36622028,,R-1-10,0,4.36,0.30648442783022994
Saratoga,,39716063,,R-1-40 PC,0,1.09,0.8330716984068559
Saratoga,,39701045,,R-1-40,0,1.09,0.9471229749638854
Saratoga,,50330056,,HR,0,1,12.570649842997286
Saratoga,,38924040,,R-1-10,0,4.36,0.25860977855910594
Saratoga,,38649025,,R-1-12,0,3.48,0.27768793316622487
Saratoga,,36605040,,HR,0,1,1.1257605277021088
Saratoga,,36605047,,HR,0,1,0.8868480830252409
Saratoga,,39332001,,R-1-12,0,3.48,0.3130680981495915
Saratoga,,39720082,,R-1-40,0,1.09,1.0185785759514951
Saratoga,,39322066,,R-1-12,0,3.48,0.42504766374837116
Saratoga,,40323021,,R-1-10,0,4.36,0.19934138189459924
Saratoga,,39709030,,R-1-40,0,1.09,0.9095129665252648
Saratoga,,39345020,,R-1-20,0,2.18,0.48055236393494283
Saratoga,,39701068,,R-1-40,0,1.09,0.9575845134307542
Saratoga,,50319144,,R-1-40,0,1.09,0.887624518365012
Saratoga,,38631005,,R-1-12,0,3.48,0.29704885356624783
Saratoga,,38937024,,R-1-10,0,4.36,0.2426697567649668
Saratoga,,38630056,,CV,0,20,0.05237899357890888
Saratoga,,38630039,,CV,0,20,1.0555612756216064
Saratoga,,38934007,,R-1-15,0,2.9,0.5021666018669012
Saratoga,,39717035,,R-1-40,0,1.09,0.9230070193409597
Saratoga,,38629074,,R-1-12,0,3.48,0.4228873251290462
Saratoga,,39716057,,R-1-20,0,2.18,0.20818731639651442
Saratoga,,50376002,,CH-2,0,20,0.01784236751783483
Saratoga,,50325012,,CH-2,0,20,0.4128081670723933
Saratoga,,38647019,,R-1-12,0,3.48,0.32047586185195887
Saratoga,,50358019,,R-1-12,0,3.48,0.3567950087951775
Saratoga,,50327031,,R-1-10,0,4.36,0.16677478703066623
Saratoga,,39734002,,R-1-20,0,2.18,0.5073622062909195
Saratoga,,39307017,,R-1-12,0,3.48,0.3155214390828834
Saratoga,,39716055,,R-1-20,0,2.18,0.4664875154715865
Saratoga,,38922031,,R-1-10,0,4.36,0.18862888868420097
Saratoga,,39318058,,R-1-12,0,3.48,0.4069632303687539
Saratoga,,50330058,,HR,0,1,1.0291622348080696
Saratoga,,51719015,,R-1-20,0,2.18,0.6710916599959517
Saratoga,,39704080,,R-1-40,0,1.09,0.8673729455931385
Saratoga,,40328036,,R-1-10,0,4.36,0.1870129048855212
Saratoga,,39728044,,R-1-10,0,4.36,0.16320679288186268
Saratoga,,50330019,,HR,0,1,3.124974587657516
Saratoga,,39307026,,R-1-12,0,3.48,0.2975438385723276
Saratoga,,39724089,,R-1-20,0,2.18,0.6455507271421302
Saratoga,,39319016,,R-1-12,0,3.48,0.38376935526264705
Saratoga,,38658020,,R-1-10,0,4.36,0.027207261898402182
Saratoga,,38921009,,R-1-10,0,4.36,0.23491206843294335
Saratoga,,38904027,,R-1-12,0,3.48,0.2875206449083827
Saratoga,,50363068,,R-M-3,0,20,0.03255198853643737
Saratoga,,39326005,,R-1-10,0,4.36,0.4004648275002914
Saratoga,,50382004,,R-1-12,0,3.48,0.9682701277664214
Saratoga,,51003009,,R-1-40,0,1.09,1.623876720859108
Saratoga,,50358025,,R-1-12,0,3.48,0.32846306118018265
Saratoga,,51006045,,R-1-40,0,1.09,0.9594192973982907
Saratoga,,39329008,,R-1-10,0,4.36,0.33235288445305766
Saratoga,,38904043,,R-1-12,0,3.48,0.29174401323597443
Saratoga,,39334003,,R-1-10,0,4.36,0.330070348242787
Saratoga,,39718091,,R-1-40,0,1.09,1.0543959269083556
Saratoga,,50363051,,R-M-3,0,20,0.03255618884479849
Saratoga,,38632006,,R-1-12,0,3.48,0.28697060849928924
Saratoga,,51708017,,R-1-10,0,4.36,0.36664454124637413
Saratoga,,39716134,,R-1-40 PC,0,1.09,0.9769458736180915
Saratoga,,40324013,,R-1-10,0,4.36,0.6278393848681926
Saratoga,,50315068,,HR,0,1,2.026498490795699
Saratoga,,39708054,,R-1-40,0,1.09,1.0080695803684463
Saratoga,,36622014,,R-1-10,0,4.36,0.23136601106723995
Saratoga,,39319008,,R-1-12,0,3.48,0.3535478936951375
Saratoga,,38921035,,R-1-10,0,4.36,0.24329074096953748
Saratoga,,51711048,,R-1-15,0,2.9,0.35045835248802504
Saratoga,,38604033,,R-1-12,0,3.48,0.4822348633207045
Saratoga,,39708084,,R-1-40,0,1.09,1.509268423084799
Saratoga,,38626050,,R-1-10,0,4.36,0.26171135703874066
Saratoga,,36612004,,R-1-12,0,3.48,0.8531769212382936
Saratoga,,39343036,,R-1-10,0,4.36,0.23501942334255688
Saratoga,,50322084,,R-1-12,0,3.48,0.48880835439136294
Saratoga,,39319046,,R-1-12,0,3.48,0.3031216718388437
Saratoga,,51052011,,R-1-40,0,1.09,0.14286777102735962
Saratoga,,38615011,,R-1-10 SS,0,4.36,0.25706744110065155
Saratoga,,37824050,,R-1-10,0,4.36,0.2240680222876253
Saratoga,,36650003,,HR,0,1,1.053880573835853
Saratoga,,39717063,,R-1-40,0,1.09,0.9367123329088562
Saratoga,,50363108,,R-M-3,0,20,0.026568636384791233
Saratoga,,39322009,,R-1-12,0,3.48,0.28372449935177496
Saratoga,,38906006,,PA,0,20,0.3813984037568193
Saratoga,,39301023,,R-1-12,0,3.48,0.3220354111954259
Saratoga,,38937012,,R-1-10,0,4.36,0.1929422219650633
Saratoga,,38930013,,R-1-10,0,4.36,0.23720341934443565
Saratoga,,38623055,,R-1-10 SS,0,4.36,0.22846655242534689
Saratoga,,38902017,,R-1-12,0,3.48,0.26246160160221166
Saratoga,,38633017,,R-1-10,0,4.36,0.28719254741297895
Saratoga,,36636005,,CV,0,20,0.034622015531782034
Saratoga,,37825010,,R-1-15,0,2.9,0.47475712307254836
Saratoga,,38617032,,R-1-10 SS,0,4.36,0.5498304967260556
Saratoga,,38909028,,R-M-3,0,20,0.015598568956072346
Saratoga,,39726019,,R-1-12,0,3.48,0.4775519251530533
Saratoga,,39335010,,R-1-10,0,4.36,0.23110861067201074
Saratoga,,38652046,,R-1-10,0,4.36,0.31347283086947736
Saratoga,,36656013,,CV,0,20,0.04984083333095436
Saratoga,,38609015,,R-1-10,0,4.36,0.43360092473746265
Saratoga,,39705088,,R-1-40,0,1.09,1.5465120730536142
Saratoga,,39744010,,R-M-3,0,20,0.05053555912466241
Saratoga,,38922029,,R-1-10,0,4.36,0.2870017608633878
Saratoga,,50329079,,R-1-40,0,1.09,0.668322103766713
Saratoga,,51001001,,R-1-20,0,2.18,0.5863613517440409
Saratoga,,50329109,,R-1-40,0,1.09,0.9792241349264996
Saratoga,,38626011,,R-1-10,0,4.36,0.27988860263104687
Saratoga,,50382039,,R-1-40,0,1.09,1.2388384074964542
Saratoga,,39331023,,R-1-12,0,3.48,0.3472596427948634
Saratoga,,51003002,,R-1-40,0,1.09,1.2393907629684517
Saratoga,,38904035,,R-1-12,0,3.48,0.363722782410725
Saratoga,,36613005,,R-1-12,0,3.48,0.24884580661019343
Saratoga,,40327053,,R-1-10,0,4.36,0.18941729468541696
Saratoga,,50322025,,R-1-10,0,4.36,0.19036457224122455
Saratoga,,38943012,,R-1-20,0,2.18,0.49607805811167666
Saratoga,,50381033,,R-1-12,0,3.48,0.43059598048039516
Saratoga,,50322019,,R-1-10,0,4.36,0.18836646067269874
Saratoga,,38921029,,R-1-10,0,4.36,0.23017374884080602
Saratoga,,39706074,,R-1-40,0,1.09,1.35585026403297
Saratoga,,38925041,,R-1-10,0,4.36,0.19953338996965872
Saratoga,,39301005,,R-1-12,0,3.48,0.3215308235784297
Saratoga,,40328039,,R-1-10,0,4.36,0.18707805772444414
Saratoga,,38627061,,R-1-10,0,4.36,0.3519929021653852
Saratoga,,51719019,,R-1-20,0,2.18,0.5134847597043062
Saratoga,,39343005,,R-1-10,0,4.36,0.27594918078538433
Saratoga,,39728066,,R-1-10,0,4.36,0.2027310358426101
Saratoga,,40328013,,R-1-10,0,4.36,0.18662811574642654
Saratoga,,39326018,,R-1-10,0,4.36,0.2806978902080524
Saratoga,,50326007,,R-1-10,0,4.36,0.23132654403718908
Saratoga,,38944006,,MU-PD,0,20,0.16395879559528495
Saratoga,,38648019,,R-1-10 PC,0,4.36,0.15372901693711408
Saratoga,,39707107,,R-1-40,0,1.09,1.0912939295852335
Saratoga,,38635046,,R-1-10,0,4.36,0.23667213156389744
Saratoga,,39706061,,R-1-40,0,1.09,1.1478657189314827
Saratoga,,39319058,,R-1-12,0,3.48,0.24205595880901712
Saratoga,,39739023,,R-M-3,0,20,0.021546160544681083
Saratoga,,38926025,,R-1-10,0,4.36,0.28625231022574626
Saratoga,,39320021,,R-1-12,0,3.48,0.29348894792232505
Saratoga,,39336002,,R-1-10,0,4.36,0.2641116318408513
Saratoga,,38933020,,R-1-20,0,2.18,0.4491509133854894
Saratoga,,38925004,,R-1-10,0,4.36,0.24500783561180983
Saratoga,,38937005,,R-1-10,0,4.36,0.190968799976546
Saratoga,,50326006,,R-1-10,0,4.36,0.24950400979268295
Saratoga,,38619082,,R-1-10 SS,0,4.36,0.2747247227429812
Saratoga,,38619018,,R-1-10 SS,0,4.36,0.24110243385006883
Saratoga,,50349002,,R-1-10,0,4.36,0.3062256922692372
Saratoga,,38637024,,R-1-10,0,4.36,0.2787870729349118
Saratoga,,50318034,,R-1-12,0,3.48,0.3312110436253562
Saratoga,,38917020,,R-1-10,0,4.36,0.2367708407629862
Saratoga,,38649009,,R-1-10,0,4.36,0.300065018174548
Saratoga,,39308011,,R-1-12,0,3.48,0.3113523456476528
Saratoga,,38909049,,R-M-3,0,20,0.02668465664244334
Saratoga,,39742012,,R-1-40,0,1.09,1.285192915526196
Saratoga,,39302038,,R-1-12,0,3.48,0.31479532790362685
Saratoga,,38626035,,R-1-10,0,4.36,0.2956439210324273
Saratoga,,50382032,,R-1-40,0,1.09,1.0365863312792438
Saratoga,,39311003,,R-1-12,0,3.48,0.3826498777937962
Saratoga,,39336023,,R-1-10,0,4.36,0.1561765471884887
Saratoga,,38626060,,R-1-10,0,4.36,0.2531703195961347
Saratoga,,38613035,,R-1-10,0,4.36,0.2786067206122053
Saratoga,,38938054,,R-1-10,0,4.36,0.1930787691004519
Saratoga,,38917011,,R-1-10,0,4.36,0.3137420595615774
Saratoga,,38640027,,R-1-12,0,3.48,0.2946320128667124
Saratoga,,51709051,,R-M-3,0,20,0.02112343885604245
Saratoga,,39343014,,R-1-10,0,4.36,0.27617444398137875
Saratoga,,39715021,,R-1-40,0,1.09,0.9589592008299815
Saratoga,,38645031,,R-1-10,0,4.36,0.23968598756602238
Saratoga,,39703082,,R-1-40,0,1.09,1.333256152484509
Saratoga,,38627043,,R-1-10,0,4.36,0.24001146668599316
Saratoga,,50372014,,HR,0,1,2.9638567292813565
Saratoga,,39304005,,R-1-12,0,3.48,0.2904650828458514
Saratoga,,38637046,,R-1-10,0,4.36,0.24877059098203969
Saratoga,,39334010,,R-1-12,0,3.48,0.23429761567582824
Saratoga,,38644038,,None,0,0,0.9128650541302727
Saratoga,,51718061,,R-1-40,0,1.09,2.4057058931633772
Saratoga,,38627059,,R-1-10,0,4.36,0.2336457011460056
Saratoga,,38915045,,R-1-10,0,4.36,0.2300340308062647
Saratoga,,39323010,,R-1-12,0,3.48,0.2490977174069922
Saratoga,,50368015,,HR,0,1,1.1791635825653377
Saratoga,,39730010,,R-1-20,0,2.18,1.0687801638287246
Saratoga,,38607067,,R-1-10,0,4.36,0.2515423433898054
Saratoga,,38938022,,R-1-10,0,4.36,0.18908159598012106
Saratoga,,50313143,,HR,0,1,4.544020947351814
Saratoga,,39341021,,R-1-12,0,3.48,0.4381835305310651
Saratoga,,36622024,,R-1-10,0,4.36,0.41112394156546506
Saratoga,,39327046,,R-1-10,0,4.36,0.23847244183977287
Saratoga,,39343027,,R-1-10,0,4.36,0.3009874584321351
Saratoga,,50325035,,CH-1,0,20,0.026774990514978596
Saratoga,,51006031,,R-1-40,0,1.09,0.11852901699125186
Saratoga,,51719080,,R-1-20,0,2.18,0.46276371942536987
Saratoga,,38613027,,R-1-10,0,4.36,0.2539182767159544
Saratoga,,38650027,,R-1-12,0,3.48,0.31770039164097424
Saratoga,,51720043,,R-1-20,0,2.18,0.45843887655845844
Saratoga,,39708041,,R-1-40,0,1.09,0.9132527018407979
Saratoga,,39320027,,R-1-12,0,3.48,0.3768719321440062
Saratoga,,38628017,,R-1-10,0,4.36,0.2627384598323056
Saratoga,,39311036,,R-1-12,0,3.48,0.3093346335425871
Saratoga,,50354049,,R-1-12,0,3.48,0.33091117234997136
Saratoga,,39707054,,R-1-40,0,1.09,1.071704201738101
Saratoga,,50353004,,R-1-40,0,1.09,1.079497634706497
Saratoga,,41037001,,R-1-40,0,1.09,1.0164664862456925
Saratoga,,38915042,,R-1-10,0,4.36,0.2302640401454585
Saratoga,,50364021,,R-M-4,0,20,0.05299057184779068
Saratoga,,39704100,,R-1-40,0,1.09,1.1372296140241134
Saratoga,,50328027,,R-1-40,0,1.09,0.42475470030517687
Saratoga,,50358014,,R-1-12,0,3.48,0.2872453041532609
Saratoga,,38656002,,CV,0,20,0.044891528808530354
Saratoga,,38904010,,R-1-12,0,3.48,0.28781759146404157
Saratoga,,39724071,,R-1-20,0,2.18,0.9562349831852155
Saratoga,,38627024,,R-1-10,0,4.36,0.29915637960473834
Saratoga,,38615017,,R-1-10 SS,0,4.36,0.25742517797673925
Saratoga,,50318104,,R-1-12,0,3.48,0.46291941312479196
Saratoga,,39724048,,R-1-20,0,2.18,0.702098495081632
Saratoga,,36643014,,HR,0,1,1.1563647061477391
Saratoga,,36635004,,CV,0,20,0.03433496364620255
Saratoga,,38616002,,R-1-10 SS,0,4.36,0.2427213656272161
Saratoga,,50354001,,R-1-12,0,3.48,0.2886352985898773
Saratoga,,51721014,,R-1-20,0,2.18,0.4807535443846244
Saratoga,,38621027,,R-1-10 SS,0,4.36,0.23102905704263033
Saratoga,,38629036,,R-1-12,0,3.48,0.2962842330801809
Saratoga,,50363034,,R-M-3,0,20,0.03255343262655818
Saratoga,,38620044,,R-1-10 SS,0,4.36,0.3488026546715755
Saratoga,,39733016,,R-M-3,0,20,0.06888078655552678
Saratoga,,50322093,,R-1-10,0,4.36,0.40610938949625414
Saratoga,,36625004,,R-1-12,0,3.48,0.290078929933107
Saratoga,,40328040,,R-1-10,0,4.36,0.18712845025153185
Saratoga,,40323054,,R-1-10,0,4.36,0.2882797780190323
Saratoga,,38654032,,R-1-10,0,4.36,0.27181702540729774
Saratoga,,38648010,,R-1-10 PC,0,4.36,0.15931146973218044
Saratoga,,38915040,,R-1-10,0,4.36,0.22678147003404805
Saratoga,,38933027,,R-1-20,0,2.18,0.922205798835352
Saratoga,,50320094,,R-1-12,0,3.48,0.4855274269164658
Saratoga,,50363001,,R-M-3,0,20,0.030928429443367163
Saratoga,,38641038,,R-1-10,0,4.36,0.2932633842894073
Saratoga,,38605005,,R-1-10,0,4.36,0.22955073979224766
Saratoga,,51001046,,R-1-20,0,2.18,0.6144659869288926
Saratoga,,39724029,,R-1-20,0,2.18,0.2576892887808093
Saratoga,,50329112,,R-1-40,0,1.09,1.6611742522072277
Saratoga,,39738014,,R-M-3,0,20,0.02904796325748771
Saratoga,,39341022,,R-1-12,0,3.48,0.302031752519254
Saratoga,,39701032,,R-1-40,0,1.09,0.9116471605956062
Saratoga,,38634018,,R-1-12,0,3.48,0.35542773893305935
Saratoga,,39310006,,R-1-12,0,3.48,0.3524545785196484
Saratoga,,50330073,,HR,0,1,1.699552577684648
Saratoga,,40328042,,R-1-10,0,4.36,0.18718610749818299
Saratoga,,38915062,,R-1-10,0,4.36,0.2191625090724687
Saratoga,,38915039,,R-1-10,0,4.36,0.22958056881025818
Saratoga,,39705015,,R-1-40,0,1.09,1.0025250201425882
Saratoga,,38602019,,R-1-12,0,3.48,4.133103582463018
Saratoga,,50328130,,R-1-40,0,1.09,0.156086190980385
Saratoga,,39315030,,R-1-12,0,3.48,0.33619778876555395
Saratoga,,38643029,,R-1-12,0,3.48,0.29036416649309177
Saratoga,,39720011,,R-1-20,0,2.18,0.5525425736908095
Saratoga,,51001015,,R-1-20,0,2.18,0.9554801635884862
Saratoga,,39337053,,R-1-10,0,4.36,0.24149234623543941
Saratoga,,38651030,,R-1-12,0,3.48,0.3296003462460869
Saratoga,,38620007,,R-1-10 SS,0,4.36,0.2854830232965925
Saratoga,,38636042,,R-1-12,0,3.48,0.3794643592628948
Saratoga,,39707112,,R-1-40,0,1.09,1.1030445931082542
Saratoga,,38909007,,R-M-3,0,20,0.024472906544072085
Saratoga,,51718025,,R-1-40,0,1.09,0.9797479893766277
Saratoga,,39306025,,R-1-12,0,3.48,0.3071387737576281
Saratoga,,50326035,,R-1-10,0,4.36,0.17506052499674638
Saratoga,,39345004,,R-1-10,0,4.36,0.42412510247113466
Saratoga,,39730064,,R-1-40,0,1.09,17.880654901443872
Saratoga,,50321020,,R-1-12,0,3.48,0.3023139281923015
Saratoga,,39723047,,R-1-10,0,4.36,0.16507338986383427
Saratoga,,39307019,,R-1-12,0,3.48,0.28490845723682084
Saratoga,,38608011,,R-1-10,0,4.36,0.24576936973302252
Saratoga,,36625013,,R-1-12,0,3.48,0.2871680074779715
Saratoga,,38620037,,R-1-10 SS,0,4.36,0.279970717582125
Saratoga,,50327082,,R-1-10,0,4.36,0.16615387387827776
Saratoga,,39338012,,R-1-10,0,4.36,0.2548951184050925
Saratoga,,36622007,,R-1-10,0,4.36,0.22846496829831983
Saratoga,,38605003,,R-1-10,0,4.36,0.25260252093370794
Saratoga,,39703072,,R-1-40,0,1.09,0.9969468542280759
Saratoga,,38611027,,R-1-10,0,4.36,0.23876951260081625
Saratoga,,39339030,,R-1-10,0,4.36,0.2941929063149359
Saratoga,,38645059,,R-1-10,0,4.36,0.22892374948403768
Saratoga,,39304022,,R-1-12,0,3.48,0.34107961157065836
Saratoga,,50380002,,HR,0,1,1.320513849952271
Saratoga,,38637040,,R-1-10,0,4.36,0.25689491873508224
Saratoga,,50350015,,R-1-40,0,1.09,0.6515493082593445
Saratoga,,39707104,,R-1-40,0,1.09,1.0636606485681295
Saratoga,,38620021,,R-1-10 SS,0,4.36,0.2740696421842125
Saratoga,,50381032,,R-1-12,0,3.48,0.36392172561718544
Saratoga,,50310073,,HR,0,1,3.9792520994059632
Saratoga,,50312029,,HR,0,1,2.324072048987931
Saratoga,,39740009,,R-1-40,0,1.09,1.067012287254748
Saratoga,,39326037,,R-1-10,0,4.36,0.22681781566098488
Saratoga,,36650034,,HR,0,1,1.1549696287906543
Saratoga,,39706112,,R-1-40,0,1.09,1.0022003606318892
Saratoga,,38607023,,R-1-10,0,4.36,0.22803257203004726
Saratoga,,38619070,,R-1-10 SS,0,4.36,0.33109218770518173
Saratoga,,39725080,,R-1-10,0,4.36,1.0077417208010406
Saratoga,,38644040,,R-1-12,0,3.48,0.5032604880192733
Saratoga,,38605050,,R-1-10,0,4.36,0.2590622716581047
Saratoga,,36613033,,R-1-12,0,3.48,0.39618336667385934
Saratoga,,38901016,,R-1-12,0,3.48,0.31136570117555573
Saratoga,,38917013,,R-1-10,0,4.36,0.22707058190965365
Saratoga,,39335027,,R-1-12,0,3.48,0.3108145130018672
Saratoga,,38916037,,R-1-10,0,4.36,0.23246958369189333
Saratoga,,39346028,,R-1-12,0,3.48,0.3298909645631638
Saratoga,,38905019,,R-1-12,0,3.48,0.2884569564845149
Saratoga,,39739007,,R-M-3,0,20,0.021546160544681083
Saratoga,,40328075,,R-1-10,0,4.36,0.1946980653430006
Saratoga,,39722031,,R-1-10,0,4.36,0.21317623019447188
Saratoga,,38615013,,R-1-10 SS,0,4.36,0.23717981490752624
Saratoga,,36605033,,HR,0,1,2.3714747052555376
Saratoga,,36625029,,R-1-12,0,3.48,0.8433443949322491
Saratoga,,39326016,,R-1-10,0,4.36,0.31747065863398494
Saratoga,,50314033,,HR,0,1,0.9733066838232786
Saratoga,,39317005,,R-1-12,0,3.48,0.22172454945293502
Saratoga,,39312019,,R-1-12,0,3.48,0.30626742871833157
Saratoga,,39716075,,R-1-40 PC,0,1.09,0.8937334470989189
Saratoga,,39736033,,R-1-40,0,1.09,1.0604899484904076
Saratoga,,39312010,,R-1-10,0,4.36,0.26020628840702614
Saratoga,,38918003,,R-1-10,0,4.36,0.22492597850224796
Saratoga,,39332032,,R-1-12,0,3.48,0.28415320510077563
Saratoga,,51722040,,R-1-40,0,1.09,1.180299521183856
Saratoga,,38658038,,R-1-10,0,4.36,0.03021158752760031
Saratoga,,39333041,,R-1-12,0,3.48,0.3153899286244604
Saratoga,,38904003,,R-1-12,0,3.48,0.2830107225455779
Saratoga,,38660020,,CV,0,20,0.010295549563514755
Saratoga,,38612039,,R-1-10,0,4.36,0.2861546676112509
Saratoga,,38642025,,R-1-12,0,3.48,0.2584052559348519
Saratoga,,38909020,,R-M-3,0,20,0.0122342579263056
Saratoga,,38626025,,R-1-12,0,3.48,0.26460676897202984
Saratoga,,38945031,,MU-PD,0,20,0.1868478071270381
Saratoga,,39319066,,R-1-12,0,3.48,0.23426720391532402
Saratoga,,38645045,,R-1-10,0,4.36,0.2302709801717285
Saratoga,,51052008,,R-1-40,0,1.09,0.171320692337804
Saratoga,,38629021,,R-1-12,0,3.48,0.24239230220594404
Saratoga,,50365033,,R-M-4,0,20,0.05301260227423198
Saratoga,,39711022,,R-1-40,0,1.09,1.1234718068424554
Saratoga,,38917047,,R-1-10,0,4.36,0.23483540975377043
Saratoga,,39707034,,R-1-40,0,1.09,0.9766205891836504
Saratoga,,50354019,,R-1-12,0,3.48,0.2876155231027677
Saratoga,,38621042,,R-1-10 SS,0,4.36,0.44190806155457757
Saratoga,,38938024,,R-1-10,0,4.36,0.19024112054480938
Saratoga,,50317058,,R-1-40,0,1.09,0.8356250198199193
Saratoga,,38626030,,R-1-10,0,4.36,0.2241258460321234
Saratoga,,38658033,,R-1-10,0,4.36,0.03021158752760031
Saratoga,,38626002,,R-1-10,0,4.36,0.23029500698263164
Saratoga,,39718078,,R-1-40,0,1.09,0.921991182034794
Saratoga,,39717062,,R-1-40,0,1.09,0.9180688509918324
Saratoga,,38607072,,R-1-10,0,4.36,0.30735343937454557
Saratoga,,50327026,,R-1-10,0,4.36,0.16635615743037688
Saratoga,,38627014,,R-1-10,0,4.36,0.23454357631265185
Saratoga,,40328043,,R-1-10,0,4.36,0.18721184031421156
Saratoga,,38620036,,R-1-10 SS,0,4.36,0.3640052070525109
Saratoga,,38628004,,R-1-10,0,4.36,0.2355230848399149
Saratoga,,38633054,,R-1-10,0,4.36,0.29134333429216625
Saratoga,,50358027,,R-1-12,0,3.48,0.39125942306495826
Saratoga,,39719007,,R-1-40,0,1.09,1.0453798351600398
Saratoga,,36620045,,R-1-12,0,3.48,0.32395960281402675
Saratoga,,50365017,,R-M-4,0,20,0.03161164715488638
Saratoga,,50327091,,R-1-10,0,4.36,0.2639224375033195
Saratoga,,38633080,,R-1-10,0,4.36,0.24009782281026062
Saratoga,,51001034,,R-1-20,0,2.18,0.6692719784310105
Saratoga,,38626020,,R-1-12,0,3.48,0.3356284646019847
Saratoga,,39704071,,R-1-40,0,1.09,1.0292581166206782
Saratoga,,38909036,,R-M-3,0,20,0.03881935177875486
Saratoga,,38612050,,R-1-10,0,4.36,0.3203157657722771
Saratoga,,38927035,,R-1-12,0,3.48,0.3263817391733516
Saratoga,,38607064,,R-1-10,0,4.36,0.25264512258596433
Saratoga,,37824037,,R-1-10,0,4.36,0.32749929621385465
Saratoga,,50320069,,R-1-12,0,3.48,0.31796867326624906
Saratoga,,50318109,,R-1-40,0,1.09,0.9144316962502106
Saratoga,,50363042,,R-M-3,0,20,0.03255380552974039
Saratoga,,39330041,,R-1-12,0,3.48,0.30128487403775633
Saratoga,,38926061,,R-1-10,0,4.36,0.25118345255181257
Saratoga,,39330003,,R-1-12,0,3.48,0.2869475822974029
Saratoga,,38617001,,R-1-10 SS,0,4.36,0.27033810203786246
Saratoga,,39327043,,R-1-10,0,4.36,0.25771018066359896
Saratoga,,50319116,,R-1-40,0,1.09,0.9425762679934365
Saratoga,,51721017,,R-1-20,0,2.18,0.46878268999699896
Saratoga,,36627023,,R-1-12,0,3.48,0.3276965695581038
Saratoga,,51720013,,R-1-20,0,2.18,0.5243382834318457
Saratoga,,50330066,,HR,0,1,1.1979559483419915
Saratoga,,38651004,,R-1-12,0,3.48,0.2829229125945424
Saratoga,,39740017,,R-1-40,0,1.09,1.006717352718863
Saratoga,,38631040,,R-1-12,0,3.48,0.33793497182631
Saratoga,,50354052,,R-1-12,0,3.48,0.3130203921837407
Saratoga,,38633037,,R-1-10,0,4.36,0.22947829783265933
Saratoga,,38924003,,R-1-10,0,4.36,0.25073255110593523
Saratoga,,38912003,,R-1-10,0,4.36,0.2353098306795572
Saratoga,,50327020,,R-1-10,0,4.36,0.16609175188861078
Saratoga,,50368025,,HR,0,1,1.0084076118739356
Saratoga,,38610041,,C-N(RHD),30,30,0.1286385883946474
Saratoga,,50331101,,HR,0,1,1.1533603213465853
Saratoga,,38639023,,R-1-12,0,3.48,0.3785898978848495
Saratoga,,51714028,,HR,0,1,1.0566309687884807
Saratoga,,51714047,,R-1-40,0,1.09,1.7074802665067768
Saratoga,,39333023,,R-1-12,0,3.48,0.23511625552928708
Saratoga,,40324019,,None,0,0,0.5382869758248199
Saratoga,,38630033,,R-1-10,0,4.36,0.2296212276617408
Saratoga,,50326028,,R-1-10,0,4.36,0.09085163343988353
Saratoga,,39334026,,R-1-12,0,3.48,0.29467388474957273
Saratoga,,38619067,,R-1-10 SS,0,4.36,0.297988523031585
Saratoga,,38642031,,R-1-12,0,3.48,0.2347322954641065
Saratoga,,39342048,,R-1-10,0,4.36,0.22696677439808688
Saratoga,,38604026,,R-1-12,0,3.48,0.29563964819544547
Saratoga,,50354059,,R-1-12,0,3.48,0.29299600861205677
Saratoga,,36632005,,HR,0,1,0.06533527933506053
Saratoga,,39713065,,R-1-40,0,1.09,1.0091096635087444
Saratoga,,39345045,,R-1-20,0,2.18,0.17074685090096087
Saratoga,,51708069,,CH-2,0,20,0.017507065809237544
Saratoga,,38944040,,MU-PD,0,20,0.16641589095774187
Saratoga,,38662013,,R-M-5,0,20,0.06008166266653951
Saratoga,,36620012,,R-1-12,0,3.48,0.35838143040337894
Saratoga,,39302005,,PA,0,20,0.4944007505697235
Saratoga,,38904040,,R-1-12,0,3.48,0.34915079224682155
Saratoga,,38906020,,PA,0,20,0.7387897006799126
Saratoga,,50348029,,R-OS,0,0.1,1.3077709024238056
Saratoga,,39327026,,R-1-10,0,4.36,0.2285539481875735
Saratoga,,39722047,,R-1-10,0,4.36,0.19238809520500091
Saratoga,,39726059,,R-1-12,0,3.48,0.6174235719976151
Saratoga,,38634035,,R-1-12,0,3.48,0.3263372197664596
Saratoga,,38913016,,R-1-10,0,4.36,0.25073344791835567
Saratoga,,50318106,,R-1-40,0,1.09,1.0496443848167507
Saratoga,,39725043,,R-1-20,0,2.18,0.18159705975651447
Saratoga,,50353013,,R-1-40,0,1.09,1.3116952396696606
Saratoga,,39716107,,R-1-40 PC,0,1.09,0.7922494535492997
Saratoga,,38932001,,R-1-15,0,2.9,0.35501284959161505
Saratoga,,38915066,,R-1-10,0,4.36,0.23590225695746872
Saratoga,,38604021,,R-1-12,0,3.48,0.2921566548238936
Saratoga,,40323064,,R-1-10,0,4.36,0.9425250535264555
Saratoga,,39302035,,R-1-12,0,3.48,0.36778011790437015
Saratoga,,39326021,,R-1-10,0,4.36,0.474187456646886
Saratoga,,38633019,,R-1-10,0,4.36,0.2356296031507791
Saratoga,,39330011,,R-1-12,0,3.48,0.31026958207544375
Saratoga,,39338017,,R-1-10,0,4.36,0.3203024579621014
Saratoga,,38906003,,PA,0,20,0.4440946112668587
Saratoga,,39341030,,R-1-12,0,3.48,0.2888650290601624
Saratoga,,39322064,,R-1-12,0,3.48,0.3725531721521725
Saratoga,,38650025,,R-1-12,0,3.48,0.23138520542359617
Saratoga,,39724097,,R-1-20,0,2.18,0.535191159389658
Saratoga,,50322036,,R-1-10,0,4.36,0.17435564266485623
Saratoga,,51719086,,R-1-40,0,1.09,1.1138210088335745
Saratoga,,39329001,,R-1-10,0,4.36,0.2915080884234095
Saratoga,,50355057,,R-1-40,0,1.09,1.7526504951238882
Saratoga,,50323012,,R-1-10,0,4.36,0.40658134539408264
Saratoga,,51722084,,R-1-40,0,1.09,0.9310813789236969
Saratoga,,50353064,,R-1-40,0,1.09,0.6902293746398679
Saratoga,,50330080,,HR,0,1,0.8719434303281811
Saratoga,,40323037,,R-1-10,0,4.36,0.3102058360930124
Saratoga,,38915089,,R-1-10,0,4.36,0.22659668457431725
Saratoga,,38922005,,R-1-10,0,4.36,0.17923515438530768
Saratoga,,39324009,,R-1-10,0,4.36,0.30897531780071474
Saratoga,,50322017,,R-1-10,0,4.36,0.1898426518322344
Saratoga,,38620019,,R-1-10 SS,0,4.36,0.2909473828437283
Saratoga,,50318027,,R-1-40,0,1.09,0.632779124556992
Saratoga,,40322005,,R-1-10,0,4.36,0.4573525708126438
Saratoga,,39344032,,R-1-10,0,4.36,0.2525818744321268
Saratoga,,38637005,,R-1-10,0,4.36,0.3845169954556782
Saratoga,,39343024,,R-1-10,0,4.36,0.30113363399556814
Saratoga,,39716035,,R-1-20,0,2.18,0.8805100371465319
Saratoga,,39701063,,R-1-40,0,1.09,0.9283860149080948
Saratoga,,39330032,,R-1-12,0,3.48,0.35579808923535466
Saratoga,,51718060,,R-1-40,0,1.09,2.0218587609162344
Saratoga,,36621011,,HR,0,1,0.9028343492252422
Saratoga,,51736005,,HR,0,1,2.0228101474145976
Saratoga,,50326055,,R-1-10,0,4.36,0.20883012002795395
Saratoga,,39705044,,R-1-40,0,1.09,0.948187110758884
Saratoga,,50361026,,R-M-4,0,20,0.031606359879413216
Saratoga,,39342053,,R-1-10,0,4.36,0.2657079235434688
Saratoga,,38632033,,R-1-12,0,3.48,0.2439091528281449
Saratoga,,38626001,,R-1-10,0,4.36,0.2820985164847106
Saratoga,,39309013,,R-1-12,0,3.48,0.32445515831374966
Saratoga,,39336037,,R-1-20,0,2.18,0.0029683812499080656
Saratoga,,38915055,,R-1-10,0,4.36,0.23050425357632884
Saratoga,,38644036,,R-1-12,0,3.48,0.25093993301690565
Saratoga,,39703087,,R-1-40,0,1.09,1.2110709897825689
Saratoga,,38642041,,R-1-12,0,3.48,0.492716838520444
Saratoga,,38915030,,R-1-10,0,4.36,0.2343533573753564
Saratoga,,50327054,,R-1-10,0,4.36,0.167727083491752
Saratoga,,38612055,,R-1-10,0,4.36,0.2823237832979005
Saratoga,,38937019,,R-1-10,0,4.36,0.20103811601126337
Saratoga,,39301016,,R-1-12,0,3.48,0.32246131497056146
Saratoga,,38644028,,R-1-12,0,3.48,0.3239388704366638
Saratoga,,38908034,,R-M-3,0,20,0.0281331463728151
Saratoga,,38636032,,R-1-12,0,3.48,0.28611323556970825
Saratoga,,36628011,,R-1-12,0,3.48,0.43723466731566785
Saratoga,,38927040,,R-1-12,0,3.48,0.3599585017191923
Saratoga,,38634021,,R-1-12,0,3.48,0.29168054462411386
Saratoga,,38643018,,R-1-12,0,3.48,0.35459493985962365
Saratoga,,38611035,,R-1-10,0,4.36,0.23877257369261093
Saratoga,,50322086,,R-1-12,0,3.48,0.3050516165449158
Saratoga,,39741005,,R-1-20,0,2.18,0.4737670926233255
Saratoga,,38918015,,R-1-10,0,4.36,0.23244856494703314
Saratoga,,39728022,,R-1-10,0,4.36,0.2332259484329064
Saratoga,,38643005,,R-1-12,0,3.48,0.31277450766460224
Saratoga,,41036009,,R-1-40,0,1.09,0.9531715472322408
Saratoga,,36620025,,R-1-12,0,3.48,0.3126387211578817
Saratoga,,50352003,,R-1-10,0,4.36,0.24759565750288157
Saratoga,,50310074,,HR,0,1,4.36766655447237
Saratoga,,38661026,,R-1-10 SS,0,4.36,0.25088707176471625
Saratoga,,39706084,,R-1-40,0,1.09,0.0648565619860911
Saratoga,,38621022,,R-1-10 SS,0,4.36,0.30388346095204316
Saratoga,,39701027,,R-1-40,0,1.09,0.9480857457490225
Saratoga,,51720027,,R-1-20,0,2.18,0.5293475121717094
Saratoga,,39315022,,R-1-12,0,3.48,0.3215606167648119
Saratoga,,38627015,,R-1-10,0,4.36,0.23835048269338532
Saratoga,,50362017,,HR,0,1,1.8297509084341332
Saratoga,,50331077,,HR,0,1,1.0497510011675766
Saratoga,,38649029,,R-1-12,0,3.48,0.30181370496793947
Saratoga,,50319108,,R-1-12,0,3.48,0.2845395332460465
Saratoga,,39303010,,R-1-12,0,3.48,0.33373164230684815
Saratoga,,39316003,,R-1-12,0,3.48,0.32018083677349857
Saratoga,,38650020,,R-1-12,0,3.48,0.27878469632363323
Saratoga,,38926039,,R-1-10,0,4.36,0.20562993576526828
Saratoga,,37821003,,R-1-10,0,4.36,0.22751744034211396
Saratoga,,38610006,,C-N(RHD),30,30,0.9386847078484837
Saratoga,,39708061,,R-1-40,0,1.09,1.1291718785301479
Saratoga,,40328094,,R-1-10,0,4.36,0.19926635238100088
Saratoga,,38908036,,R-M-3,0,20,0.029446102989673095
Saratoga,,50328066,,R-1-40,0,1.09,0.5204227585835038
Saratoga,,39337020,,R-1-10,0,4.36,0.23636545123277622
Saratoga,,38934014,,R-1-20,0,2.18,0.4639380102693927
Saratoga,,38629009,,R-1-10,0,4.36,0.26898265268557
Saratoga,,51001037,,R-1-20,0,2.18,0.7741056170557056
Saratoga,,38901024,,R-1-12,0,3.48,0.45810613515018783
Saratoga,,40328007,,R-1-10,0,4.36,0.18663488879837423
Saratoga,,51718015,,R-1-40,0,1.09,1.0344222115938881
Saratoga,,38637034,,R-1-10,0,4.36,0.2902451914469913
Saratoga,,39310020,,R-1-12,0,3.48,0.3101052720462011
Saratoga,,38926044,,R-1-10,0,4.36,0.6907753189930417
Saratoga,,38930002,,R-1-20,0,2.18,0.5917434289665583
Saratoga,,39322012,,R-1-12,0,3.48,0.31664523983676385
Saratoga,,38639022,,R-1-12,0,3.48,0.3385488459259649
Saratoga,,36625010,,R-1-12,0,3.48,0.28720572629927443
Saratoga,,50327053,,R-1-10,0,4.36,0.16768324938180612
Saratoga,,36614032,,R-1-12,0,3.48,0.35138527668238206
Saratoga,,38629041,,R-1-12,0,3.48,0.30516937861364013
Saratoga,,39313018,,R-1-12,0,3.48,0.22646645197256038
Saratoga,,39742014,,R-1-40,0,1.09,1.0486801359612
Saratoga,,38606046,,R-1-10,0,4.36,0.2328553893617933
Saratoga,,38616022,,R-1-10 SS,0,4.36,0.28731119236785296
Saratoga,,51708011,,CH-1,0,20,0.17204026396655367
Saratoga,,38930040,,R-1-10,0,4.36,0.2395050131199807
Saratoga,,36656002,,CV,0,20,0.05640164847898559
Saratoga,,51006003,,R-1-40,0,1.09,2.093721535354849
Saratoga,,39717008,,R-1-40,0,1.09,1.071678169028778
Saratoga,,51708070,,CH-2,0,20,0.014375852243583226
Saratoga,,50363024,,R-M-3,0,20,0.026566836914231545
Saratoga,,38901019,,R-1-12,0,3.48,0.2981052361667445
Saratoga,,50362002,,HR,0,1,1.315412248715054
Saratoga,,50327056,,R-1-10,0,4.36,0.16785222560330743
Saratoga,,39333004,,R-1-12,0,3.48,0.28659342098770224
Saratoga,,38918001,,R-1-10,0,4.36,0.24069499085713905
Saratoga,,50354015,,R-1-12,0,3.48,0.3281654750525218
Saratoga,,39725014,,R-1-10,0,4.36,0.23355725535549796
Saratoga,,40327102,,R-1-10,0,4.36,0.20037230030330025
Saratoga,,51714020,,HR,0,1,1.225189481297247
Saratoga,,50356006,,HR,0,1,0.6845030860649051
Saratoga,,38643028,,R-1-12,0,3.48,0.2951621256997228
Saratoga,,38633061,,R-1-10,0,4.36,0.28158433521729015
Saratoga,,38922006,,R-1-10,0,4.36,0.1793445647126358
Saratoga,,50363032,,R-M-3,0,20,0.020580111703146414
Saratoga,,38633002,,R-1-10,0,4.36,0.25184850393750474
Saratoga,,39324001,,R-1-20,0,2.18,0.49324401971660886
Saratoga,,38912018,,CN,0,20,0.6336129865902298
Saratoga,,40328022,,R-1-10,0,4.36,0.20979098684662112
Saratoga,,50331112,,HR,0,1,1.3106346639111865
Saratoga,,38609038,,R-1-10,0,4.36,0.22382662908909848
Saratoga,,39726045,,R-1-12,0,3.48,0.3859961982189267
Saratoga,,39702028,,R-1-40,0,1.09,1.2413318026165734
Saratoga,,51721020,,R-1-20,0,2.18,0.46015832925140643
Saratoga,,39337010,,R-1-10,0,4.36,0.21479577561337507
Saratoga,,39341001,,R-1-12,0,3.48,0.28945882282348284
Saratoga,,39333026,,R-1-12,0,3.48,0.400952073436889
Saratoga,,39713056,,R-1-40,0,1.09,1.241200744370995
Saratoga,,38648015,,R-1-10 PC,0,4.36,0.13648208689172517
Saratoga,,38608033,,R-1-10,0,4.36,0.23441113838315975
Saratoga,,36607007,,HR,0,1,2.6639214949390775
Saratoga,,39707113,,R-1-40,0,1.09,1.0555815180911905
Saratoga,,39707106,,R-1-40,0,1.09,1.4914540904281406
Saratoga,,39727007,,R-1-10,0,4.36,0.2738076531673668
Saratoga,,38608006,,R-1-10,0,4.36,0.2220614462087178
Saratoga,,39704086,,R-1-40,0,1.09,0.9663864585365477
Saratoga,,39345015,,R-1-20,0,2.18,0.5170417794607916
Saratoga,,38607032,,R-1-10,0,4.36,0.237966902498559
Saratoga,,51006011,,R-1-40,0,1.09,1.0526491138810887
Saratoga,,50375007,,HR,0,1,1.5987781262308949
Saratoga,,39333049,,R-1-10,0,4.36,0.33629436216153097
Saratoga,,38901031,,R-1-12,0,3.48,0.2883913261610706
Saratoga,,38909022,,R-M-3,0,20,0.013086105072199745
Saratoga,,38646007,,R-1-10,0,4.36,0.23850967073642038
Saratoga,,38631025,,R-1-12,0,3.48,0.29863842218038905
Saratoga,,39316028,,R-1-12,0,3.48,0.29818919784165393
Saratoga,,38603020,,R-1-10,0,4.36,0.24300775283190537
Saratoga,,36622017,,R-1-10,0,4.36,0.2468813601047054
Saratoga,,38648011,,R-1-10 PC,0,4.36,0.12152892351633639
Saratoga,,38907025,,R-M-4,0,20,0.026150688912342342
Saratoga,,38627028,,R-1-10,0,4.36,0.24245941089516454
Saratoga,,38931017,,R-1-20,0,2.18,0.4745404272669962
Saratoga,,38630050,,CV,0,20,0.051067041867318676
Saratoga,,38618029,,R-1-10 SS,0,4.36,0.24320061688978692
Saratoga,,39342002,,R-1-10,0,4.36,0.1855068778199947
Saratoga,,38634025,,R-1-12,0,3.48,0.3486754335009493
Saratoga,,38615038,,R-1-10 SS,0,4.36,0.2704596686770722
Saratoga,,38656017,,CV,0,20,0.04362935053427262
Saratoga,,38926017,,R-1-10,0,4.36,0.2218728502470327
Saratoga,,39303020,,R-1-12,0,3.48,0.31313890476700773
Saratoga,,39717054,,R-1-40,0,1.09,0.9162187723956146
Saratoga,,39739010,,R-M-3,0,20,0.03254593861507842
Saratoga,,38613017,,R-1-10,0,4.36,0.239052099350342
Saratoga,,39333025,,R-1-12,0,3.48,0.2963387894694842
Saratoga,,38606033,,R-1-10,0,4.36,0.2457978384444765
Saratoga,,38926029,,R-1-10,0,4.36,0.19302644358102558
Saratoga,,39303012,,R-1-12,0,3.48,0.28701040710023223
Saratoga,,51734003,,R-M-3,0,20,0.020023608850789364
Saratoga,,39701028,,R-1-40,0,1.09,0.943884944372145
Saratoga,,50382031,,R-1-40,0,1.09,1.0014725954131976
Saratoga,,50350027,,R-1-12,0,3.48,0.2908889592789197
Saratoga,,38918014,,R-1-10,0,4.36,0.23242630924416122
Saratoga,,38614012,,PA,0,20,1.330874387024103
Saratoga,,39723009,,R-1-10,0,4.36,0.18781266638254526
Saratoga,,39725013,,R-1-10,0,4.36,0.2360600303685581
Saratoga,,39342063,,R-1-12,0,3.48,0.23086389603421476
Saratoga,,39706073,,R-1-40,0,1.09,1.3690008388851904
Saratoga,,39302033,,R-1-12,0,3.48,0.34465969065824437
Saratoga,,38626032,,R-1-10,0,4.36,0.28942164034459306
Saratoga,,50372008,,HR,0,1,1.3966114975512431
Saratoga,,39707061,,R-1-40,0,1.09,1.220440408748009
Saratoga,,50353008,,R-1-40,0,1.09,0.8053475706429543
Saratoga,,38917056,,R-1-10,0,4.36,0.22933681473774847
Saratoga,,38939016,,R-1-10,0,4.36,0.2935410656368357
Saratoga,,38909003,,R-M-3,0,20,0.022784211374421777
Saratoga,,39743006,,R-1-40,0,1.09,1.0380026247182286
Saratoga,,50355052,,R-1-40,0,1.09,0.8815078246578059
Saratoga,,39316024,,R-1-12,0,3.48,0.2333782916753718
Saratoga,,50378017,,HR,0,1,1.7256900715762675
Saratoga,,38645001,,R-1-10,0,4.36,0.23377459330290007
Saratoga,,38912011,,R-1-10,0,4.36,0.2381758273435773
Saratoga,,38609039,,R-1-10,0,4.36,0.22382853539764194
Saratoga,,39322041,,R-1-12,0,3.48,0.33532461263444874
Saratoga,,38942012,,R-1-10,0,4.36,0.2931442059827047
Saratoga,,39322061,,R-1-12,0,3.48,0.29634069845532396
Saratoga,,38617010,,R-1-10 SS,0,4.36,0.3049889260120981
Saratoga,,40323032,,R-1-10,0,4.36,0.19911170754489113
Saratoga,,39744008,,R-M-3,0,20,0.06778256255846746
Saratoga,,38641014,,R-1-12,0,3.48,0.28699370603995233
Saratoga,,39702091,,R-1-40,0,1.09,0.9119844456387157
Saratoga,,39739004,,R-M-3,0,20,0.021542011515342817
Saratoga,,50323009,,R-1-12,0,3.48,0.9742989919793783
Saratoga,,38631052,,R-1-12,0,3.48,0.34153094492982333
Saratoga,,39310004,,R-1-12,0,3.48,0.6168144393441081
Saratoga,,39724014,,R-1-10,0,4.36,0.3217481985443399
Saratoga,,36636010,,CV,0,20,0.03406289557791804
Saratoga,,38653009,,R-1-10,0,4.36,0.23061139367648545
Saratoga,,38608040,,R-1-10,0,4.36,0.2472717213553184
Saratoga,,39740016,,R-1-40,0,1.09,1.0438432186162452
Saratoga,,38621015,,R-1-10 SS,0,4.36,0.34260850585868013
Saratoga,,50375008,,HR,0,1,2.4527398099595077
Saratoga,,36613014,,R-1-12,0,3.48,0.2923734993508851
Saratoga,,39705049,,R-1-40,0,1.09,1.1625525705506623
Saratoga,,38633093,,R-1-10,0,4.36,0.23406825862691302
Saratoga,,39709024,,R-1-40,0,1.09,0.986994532383234
Saratoga,,39332009,,R-1-12,0,3.48,0.298251581362251
Saratoga,,39345018,,R-1-20,0,2.18,0.7602450880773145
Saratoga,,39708104,,R-1-40,0,1.09,1.2008331474349987
Saratoga,,38634014,,R-1-12,0,3.48,0.3674957700798186
Saratoga,,39728002,,R-1-10,0,4.36,0.18030208848029455
Saratoga,,38653012,,R-1-10,0,4.36,0.2532349189246033
Saratoga,,38642037,,R-1-12,0,3.48,0.3208203350296609
Saratoga,,39742004,,R-1-20,0,2.18,0.8803435792759845
Saratoga,,50320010,,R-1-12,0,3.48,0.8699779467665617
Saratoga,,39743050,,R-1-10,0,4.36,0.3534527269622828
Saratoga,,39334018,,R-1-12,0,3.48,0.2870449698727018
Saratoga,,50358022,,R-1-12,0,3.48,0.416773765259086
Saratoga,,38613029,,R-1-10,0,4.36,0.2541678678907245
Saratoga,,39344013,,R-1-10,0,4.36,0.23785547072257232
Saratoga,,39710008,,R-1-40,0,1.09,1.192052316204802
Saratoga,,38616005,,R-1-10 SS,0,4.36,0.24168004499510784
Saratoga,,39705043,,R-1-40,0,1.09,0.8841301671665284
Saratoga,,39335013,,R-1-10,0,4.36,0.25660613727813714
Saratoga,,38917007,,R-1-10,0,4.36,0.2541547219673044
Saratoga,,38605067,,R-1-10,0,4.36,0.2531860868179938
Saratoga,,39722011,,PA,0,20,0.31751684119155504
Saratoga,,39318053,,R-1-12,0,3.48,0.37313595380573333
Saratoga,,51720011,,R-1-20,0,2.18,0.4972411469270602
Saratoga,,39342033,,R-1-10,0,4.36,0.19236771083211457
Saratoga,,50322075,,R-1-10,0,4.36,0.47187396301865087
Saratoga,,39716053,,R-1-20,0,2.18,0.6099477868606938
Saratoga,,36605038,,HR,0,1,1.0034860145249374
Saratoga,,38645005,,R-1-10,0,4.36,0.2303437062521325
Saratoga,,38633043,,R-1-10,0,4.36,0.25133347198545614
Saratoga,,38938046,,R-1-10,0,4.36,0.1933790749452309
Saratoga,,38914074,,R-1-10,0,4.36,0.26562087504355236
Saratoga,,38607057,,R-1-10,0,4.36,0.23128527047554237
Saratoga,,51713024,,R-1-40,0,1.09,0.9801821023218527
Saratoga,,36650035,,HR,0,1,2.9174933103073895
Saratoga,,39724080,,R-1-20,0,2.18,0.8975632535365706
Saratoga,,38945003,,MU-PD,0,20,0.17185110309256876
Saratoga,,38660005,,CV,0,20,0.019493660338225152
Saratoga,,50319119,,R-1-40,0,1.09,0.9224396241447775
Saratoga,,38633059,,R-1-10,0,4.36,0.2476224172460386
Saratoga,,50381031,,R-1-12,0,3.48,0.3631168044788231
Saratoga,,39716087,,R-1-40 PC,0,1.09,1.5144782821986054
Saratoga,,50365014,,R-M-4,0,20,0.0316114438006241
Saratoga,,51718068,,R-1-40,0,1.09,1.3592642729965358
Saratoga,,38637028,,R-1-10,0,4.36,0.24181491761133528
Saratoga,,50353012,,R-1-40,0,1.09,1.0381106046463322
Saratoga,,38931025,,R-1-20,0,2.18,0.4419437187300307
Saratoga,,50314021,,HR,0,1,0.2845594325757687
Saratoga,,38607055,,R-1-10,0,4.36,0.23393494975135945
Saratoga,,39345003,,R-1-20,0,2.18,0.4235865884746062
Saratoga,,39717051,,R-1-40,0,1.09,0.9452900828560243
Saratoga,,50310067,,HR AP/OS,0,1,1.3070017204495017
Saratoga,,39325017,,R-1-20,0,2.18,0.5438783265568268
Saratoga,,50377010,,R-1-12,0,3.48,0.35586336656645096
Saratoga,,50320079,,R-1-12,0,3.48,0.5651775780780364
Saratoga,,39330040,,R-1-12,0,3.48,0.3256150114004657
Saratoga,,39716058,,R-1-40,0,1.09,1.085270665514377
Saratoga,,50324067,,CH-1,0,20,0.13372939836654796
Saratoga,,50355068,,R-1-40,0,1.09,0.9610600944292483
Saratoga,,36650004,,HR,0,1,1.527973935832142
Saratoga,,39705056,,R-1-40,0,1.09,1.0276940830205725
Saratoga,,39722056,,R-1-10,0,4.36,0.1559578104033434
Saratoga,,39704097,,R-1-40,0,1.09,1.0901086758973542
Saratoga,,37824023,,R-1-10,0,4.36,0.24732187044821755
Saratoga,,50316053,,R-1-40,0,1.09,0.8512474466130149
Saratoga,,38914064,,R-1-10,0,4.36,0.29583106900336675
Saratoga,,50330012,,HR,0,1,2.124336505944906
Saratoga,,38641023,,R-1-10,0,4.36,0.38170139466060193
Saratoga,,50325051,,CH-2,0,20,0.05534908280045416
Saratoga,,39704107,,R-1-40,0,1.09,0.9624691839233265
Saratoga,,39725076,,R-1-12,0,3.48,0.37013313686566274
Saratoga,,50315052,,HR,0,1,1.4599751587578444
Saratoga,,38603024,,R-1-10,0,4.36,0.24336731643807813
Saratoga,,50320086,,R-1-40,0,1.09,0.9835807242960395
Saratoga,,39739013,,R-M-3,0,20,0.0209158859662111
Saratoga,,39705070,,R-1-40,0,1.09,1.4940319141987666
Saratoga,,39722040,,R-1-10,0,4.36,0.1583482251243229
Saratoga,,51711006,,R-1-20,0,2.18,0.7356921170145121
Saratoga,,38627018,,R-1-10,0,4.36,0.23540235114947972
Saratoga,,51720034,,R-1-20,0,2.18,1.015018394418225
Saratoga,,37824042,,R-1-10,0,4.36,0.2506499234307828
Saratoga,,38904025,,R-1-12,0,3.48,0.28619098670219406
Saratoga,,39304002,,R-1-12,0,3.48,0.28966021334657227
Saratoga,,38914010,,R-1-10,0,4.36,0.22380924136366254
Saratoga,,38926040,,R-1-10,0,4.36,0.20884911931823205
Saratoga,,51024033,,R-1-40,0,1.09,0.15903144169705202
Saratoga,,39319002,,R-1-12,0,3.48,0.289850445343245
Saratoga,,38627045,,R-1-10,0,4.36,0.23245054255190684
Saratoga,,38917017,,R-1-10,0,4.36,0.23519852960060916
Saratoga,,36614033,,R-1-12,0,3.48,0.2866078788879028
Saratoga,,50316089,,R-1-40,0,1.09,1.2095038759949293
Saratoga,,39344005,,R-1-10,0,4.36,0.27344659585578346
Saratoga,,38629013,,R-1-12,0,3.48,0.28133609904448315
Saratoga,,38630031,,R-1-10,0,4.36,0.2344091892332595
Saratoga,,38618013,,R-1-10 SS,0,4.36,0.24852393783118804
Saratoga,,38647020,,R-1-12,0,3.48,0.2993498711474706
Saratoga,,39707094,,R-1-40,0,1.09,1.3186914725462857
Saratoga,,38627025,,R-1-10,0,4.36,0.24299912454896627
Saratoga,,38626068,,R-1-10,0,4.36,0.2720338685244737
Saratoga,,50378015,,HR,0,1,1.5780664635441521
Saratoga,,38619088,,R-1-10 SS,0,4.36,0.2992012664739389
Saratoga,,38925048,,R-1-10,0,4.36,0.5103008321107408
Saratoga,,39708102,,R-1-40,0,1.09,1.151564970916773
Saratoga,,38628028,,R-1-10,0,4.36,0.2910232266493018
Saratoga,,39307024,,R-1-12,0,3.48,0.29564823730389056
Saratoga,,50361021,,R-M-4,0,20,0.03161144381807032
Saratoga,,38927013,,R-1-10,0,4.36,0.17203076001930453
Saratoga,,38629057,,R-1-12,0,3.48,0.2851320937011076
Saratoga,,38923001,,R-1-10,0,4.36,0.6075101276987883
Saratoga,,39730006,,R-1-20,0,2.18,0.6009921451384219
Saratoga,,38944037,,MU-PD,0,20,0.156620715932419
Saratoga,,39335003,,R-1-10,0,4.36,0.22801042409105998
Saratoga,,39315033,,R-1-12,0,3.48,0.48691966913308216
Saratoga,,36605050,,HR,0,1,0.5223791112545756
Saratoga,,39724046,,R-1-20,0,2.18,0.45624698494279453
Saratoga,,38607034,,R-1-10,0,4.36,0.23163093009596433
Saratoga,,39713044,,R-1-40,0,1.09,0.8929242786627148
Saratoga,,39334001,,R-1-10,0,4.36,0.44068892805700194
Saratoga,,38634055,,R-1-12,0,3.48,0.2976212990471584
Saratoga,,51714094,,R-1-40,0,1.09,1.5000411223997092
Saratoga,,39316018,,R-1-12,0,3.48,0.2913988479986854
Saratoga,,50360015,,R-M-4,0,20,0.05299588848799451
Saratoga,,38607076,,R-1-10,0,4.36,0.4916602675880015
Saratoga,,38914001,,R-1-10,0,4.36,0.23533306913135393
Saratoga,,38915007,,R-1-10,0,4.36,0.22956622515817152
Saratoga,,39736001,,R-1-40,0,1.09,1.0296865505881334
Saratoga,,50328006,,R-1-40,0,1.09,0.6430408222109288
Saratoga,,38941007,,R-1-10,0,4.36,0.19009939539820234
Saratoga,,39720006,,R-1-40,0,1.09,1.161931854251218
Saratoga,,50329105,,R-1-40,0,1.09,1.4676625846153313
Saratoga,,38916012,,R-1-10,0,4.36,0.24200087536500886
Saratoga,,50327073,,R-1-10,0,4.36,0.1801160111894225
Saratoga,,39718096,,R-1-40,0,1.09,0.9816878993320618
Saratoga,,39301028,,CN,0,20,1.7971837199081944
Saratoga,,38654044,,R-1-10,0,4.36,0.2483234865347728
Saratoga,,38637009,,R-1-10,0,4.36,0.24771966231880518
Saratoga,,50357004,,HR,0,1,0.9323257917915244
Saratoga,,50368005,,HR,0,1,1.3992642045864903
Saratoga,,50351013,,HR,0,1,3.4550003112590977
Saratoga,,39327035,,R-1-10,0,4.36,0.2519344385165245
Saratoga,,39339022,,R-1-10,0,4.36,0.29595529929225056
Saratoga,,51722100,,R-1-40,0,1.09,1.217682109536986
Saratoga,,50381026,,R-1-12,0,3.48,0.3246162759184103
Saratoga,,38644031,,R-1-12,0,3.48,0.26876316808505724
Saratoga,,38618027,,R-1-10 SS,0,4.36,0.23551444404210503
Saratoga,,36607004,,HR,0,1,3.624340661334014
Saratoga,,38629027,,R-1-12,0,3.48,0.28650985918534294
Saratoga,,38608027,,R-1-10,0,4.36,0.26765296232491886
Saratoga,,38646019,,R-1-10,0,4.36,0.24586193036098514
Saratoga,,39725082,,R-1-20,0,2.18,0.4649263951500938
Saratoga,,39319042,,R-1-12,0,3.48,0.2910691452500633
Saratoga,,50323057,,R-1-15,0,2.9,0.44292609720152265
Saratoga,,38941030,,R-1-10,0,4.36,0.1925900396565615
Saratoga,,38914009,,R-1-10,0,4.36,0.22410915826279806
Saratoga,,50363062,,R-M-3,0,20,0.032559406128620495
Saratoga,,50363101,,R-M-3,0,20,0.02656750620610982
Saratoga,,38619003,,R-1-10 SS,0,4.36,0.2684933867593745
Saratoga,,38628025,,R-1-10,0,4.36,0.23297822629183917
Saratoga,,38609042,,R-1-10,0,4.36,0.2285613323579465
Saratoga,,39717058,,R-1-40,0,1.09,0.9281746129981601
Saratoga,,38641043,,R-1-12,0,3.48,0.3182509879519417
Saratoga,,39728030,,R-1-12,0,3.48,0.4756071911911091
Saratoga,,39315029,,R-1-12,0,3.48,0.3783191099886037
Saratoga,,38645013,,R-1-10,0,4.36,0.2269736166047371
Saratoga,,38917035,,R-1-10,0,4.36,0.2175046878159389
Saratoga,,50323048,,R-1-12,0,3.48,0.496224170458772
Saratoga,,38925018,,R-1-10,0,4.36,0.2253604586771762
Saratoga,,38917014,,R-1-10,0,4.36,0.23908057595984808
Saratoga,,36605036,,HR,0,1,0.9303636886733465
Saratoga,,39330017,,R-1-12,0,3.48,0.24712801874756998
Saratoga,,38648001,,R-1-10 PC,0,4.36,0.1744172683502028
Saratoga,,51729009,,R-M-4,0,20,0.06386264970017615
Saratoga,,39724077,,R-1-20,0,2.18,0.5100594363169342
Saratoga,,36623028,,R-1-10,0,4.36,0.23774426017359
Saratoga,,38611038,,R-1-10,0,4.36,0.23875623603090515
Saratoga,,38652024,,R-1-10,0,4.36,0.24599499204498262
Saratoga,,39346005,,R-1-12,0,3.48,0.3221135854481108
Saratoga,,39333033,,R-1-12,0,3.48,0.28801597312657007
Saratoga,,36627022,,R-1-12,0,3.48,0.2953256308519768
Saratoga,,51024006,,HR,0,1,3.505516268193733
Saratoga,,50319157,,R-1-40,0,1.09,1.5390075049570315
Saratoga,,39329009,,R-1-10,0,4.36,0.253724929633788
Saratoga,,40322027,,R-1-40,0,1.09,0.09550159221937085
Saratoga,,50364020,,R-M-4,0,20,0.05299585914173632
Saratoga,,51711050,,R-1-15,0,2.9,0.345268672003682
Saratoga,,51707006,,R-1-40,0,1.09,0.4633062319134135
Saratoga,,38909031,,R-M-3,0,20,0.02944690898815135
Saratoga,,38616045,,R-1-10 SS,0,4.36,0.27259605435327267
Saratoga,,38613037,,R-1-10,0,4.36,0.26076390889338535
Saratoga,,38661036,,R-1-10 SS,0,4.36,0.25987665757389683
Saratoga,,39333058,,R-1-10,0,4.36,0.2910483991206944
Saratoga,,39318051,,R-1-12,0,3.48,0.4284365583259493
Saratoga,,51720041,,R-1-20,0,2.18,0.48426567593850056
Saratoga,,39328003,,R-1-10,0,4.36,0.3412965120378703
Saratoga,,39710003,,R-1-40,0,1.09,1.0864407705291779
Saratoga,,38926028,,R-1-10,0,4.36,0.23757102552844733
Saratoga,,38916004,,R-1-10,0,4.36,0.25529125791069834
Saratoga,,39347006,,CN,0,20,0.051653436931878176
Saratoga,,51721011,,R-1-20,0,2.18,0.13397464777856025
Saratoga,,39713059,,R-1-40,0,1.09,0.9441533238875611
Saratoga,,39343044,,R-1-10,0,4.36,0.2839746353733135
Saratoga,,51710045,,R-1-15,0,2.9,0.3342479724161654
Saratoga,,39705085,,R-1-40,0,1.09,1.4369080067037032
Saratoga,,38936016,,R-1-10,0,4.36,0.24555410631172706
Saratoga,,38660017,,CV,0,20,0.01029762146203141
Saratoga,,38659028,,R-1-10,0,4.36,0.02823340412150284
Saratoga,,51006055,,R-1-40,0,1.09,0.8861147939178995
Saratoga,,39323012,,R-1-12,0,3.48,0.3266810089440803
Saratoga,,39311011,,R-1-12,0,3.48,0.4077947103070927
Saratoga,,38626017,,R-1-10,0,4.36,0.24355124003834092
Saratoga,,40327054,,R-1-10,0,4.36,0.18923517090452627
Saratoga,,50328120,,HR,0,1,3.1908138065878653
Saratoga,,50315045,,HR,0,1,4.238434259785829
Saratoga,,51729023,,R-M-4,0,20,0.06387415333177644
Saratoga,,51001017,,R-1-20,0,2.18,0.49680823672011953
Saratoga,,50354057,,R-1-12,0,3.48,0.33179280159591956
Saratoga,,36607016,,HR,0,1,0.9793661422898862
Saratoga,,38918038,,R-1-10,0,4.36,0.23102180414502455
Saratoga,,50313019,,HR,0,1,1.71648283491215
Saratoga,,36622030,,CN,0,20,0.551748637754692
Saratoga,,37825029,,R-1-15,0,2.9,0.2228873550546468
Saratoga,,50363082,,R-M-3,0,20,0.032553257494876565
Saratoga,,38632023,,R-1-12,0,3.48,0.2871766013707975
Saratoga,,39733023,,R-M-3,0,20,0.06887320647931096
Saratoga,,38916018,,R-1-10,0,4.36,0.236277625812279
Saratoga,,39724082,,R-1-20,0,2.18,1.03677710218838
Saratoga,,50378005,,HR,0,1,1.7354593855408953
Saratoga,,50320077,,R-1-40,0,1.09,3.857370149046135
Saratoga,,39706096,,R-1-40,0,1.09,0.8800200759460048
Saratoga,,38633010,,R-1-10,0,4.36,0.23314735367156647
Saratoga,,38937001,,R-1-10,0,4.36,0.19490630574874063
Saratoga,,38640020,,R-1-12,0,3.48,0.2869450081685702
Saratoga,,38915081,,R-1-10,0,4.36,0.2342789284050103
Saratoga,,38654019,,R-1-10,0,4.36,0.25005223929601156
Saratoga,,50329096,,R-1-40,0,1.09,1.2196881855238966
Saratoga,,50317036,,R-1-15,0,2.9,0.3326548823217599
Saratoga,,39711048,,R-1-40,0,1.09,1.015115974761632
Saratoga,,39322035,,R-1-12,0,3.48,0.30115559911045575
Saratoga,,38938053,,R-1-10,0,4.36,0.19269231370931508
Saratoga,,50357014,,HR,0,1,1.7532264749629969
Saratoga,,39343020,,R-1-10,0,4.36,0.276031734264481
Saratoga,,37821004,,R-1-10,0,4.36,0.22750443370475018
Saratoga,,39309026,,R-1-12,0,3.48,0.298294223719734
Saratoga,,50380008,,HR,0,1,1.5717438794671792
Saratoga,,39333020,,R-1-12,0,3.48,0.22247632287978666
Saratoga,,39708108,,R-1-40,0,1.09,1.3689124229521388
Saratoga,,39315004,,R-1-12,0,3.48,0.4096123202087144
Saratoga,,37824026,,R-1-10,0,4.36,0.4142306733579999
Saratoga,,51709084,,R-M-3,0,20,0.02479003383476065
Saratoga,,39741009,,R-1-20,0,2.18,0.520411385334561
Saratoga,,39711003,,R-1-40,0,1.09,1.2802043224841626
Saratoga,,39340028,,R-1-12,0,3.48,0.2939955748469782
Saratoga,,39720078,,R-1-40,0,1.09,0.29141860456752855
Saratoga,,38611005,,R-1-10,0,4.36,0.24029322720231092
Saratoga,,39720012,,R-1-20,0,2.18,0.6483365856125128
Saratoga,,38916036,,R-1-10,0,4.36,0.23904348619369398
Saratoga,,38640010,,R-1-12,0,3.48,0.3346010596162578
Saratoga,,38606036,,R-1-10,0,4.36,0.27040524344570377
Saratoga,,39704126,,R-1-40,0,1.09,0.9469862584691453
Saratoga,,51709087,,R-M-3,0,20,0.024794921595530053
Saratoga,,38929012,,R-1-10,0,4.36,0.23296838922994395
Saratoga,,40327067,,R-1-10,0,4.36,0.19957583538450127
Saratoga,,40327001,,R-1-10,0,4.36,0.20732748094331852
Saratoga,,39330009,,R-1-12,0,3.48,0.29245421270873884
Saratoga,,50324036,,CH-1,0,20,0.5158978449302842
Saratoga,,38623067,,R-1-10 SS,0,4.36,0.29866540255925034
Saratoga,,39318029,,R-1-12,0,3.48,0.3861661879921354
Saratoga,,38619066,,R-1-10 SS,0,4.36,0.29960303953128875
Saratoga,,38655002,,R-1-10,0,4.36,0.3291199135548126
Saratoga,,39322056,,R-1-12,0,3.48,0.2827015840714262
Saratoga,,39709031,,R-1-40,0,1.09,0.7930798257503489
Saratoga,,50361003,,R-M-4,0,20,0.03161394953621609
Saratoga,,50328117,,HR,0,1,1.7594934287798543
Saratoga,,50313149,,HR,0,1,0.949830809418976
Saratoga,,37824004,,R-1-10,0,4.36,0.35801605608206577
Saratoga,,38938037,,R-1-10,0,4.36,0.18935541752456428
Saratoga,,38651001,,R-1-12,0,3.48,0.357820756632059
Saratoga,,38915016,,R-1-10,0,4.36,0.22953648108058392
Saratoga,,40323005,,R-1-10,0,4.36,0.20222108019465268
Saratoga,,50349007,,R-1-12,0,3.48,0.30246380656961136
Saratoga,,38619016,,R-1-10 SS,0,4.36,0.24653682078639466
Saratoga,,51718031,,R-1-40,0,1.09,2.1942845190226303
Saratoga,,38634046,,R-1-12,0,3.48,0.3890404424143356
Saratoga,,39706090,,R-1-40,0,1.09,0.9153237743145877
Saratoga,,38640028,,R-1-12,0,3.48,0.3495572270840963
Saratoga,,51729010,,R-M-4,0,20,0.0629015692437835
Saratoga,,38611012,,R-1-10,0,4.36,0.24263921366675759
Saratoga,,36635008,,CV,0,20,0.03362776000372718
Saratoga,,50319123,,R-1-12,0,3.48,0.35087018649213775
Saratoga,,50353054,,R-1-40,0,1.09,0.8784319487344104
Saratoga,,50369014,,HR,0,1,1.699230031375495
Saratoga,,39322020,,R-1-12,0,3.48,0.40566226398744476
Saratoga,,38616014,,R-1-10 SS,0,4.36,0.25529450739950293
Saratoga,,39311004,,R-1-12,0,3.48,0.2531170816431028
Saratoga,,39327016,,R-1-10,0,4.36,0.23709965594317486
Saratoga,,51707010,,R-1-10,0,4.36,0.2334378467868441
Saratoga,,36606026,,HR,0,1,1.2605611650531015
Saratoga,,50322032,,R-1-10,0,4.36,0.24697084690253676
Saratoga,,38608048,,R-1-10,0,4.36,0.2272731927490818
Saratoga,,39706065,,R-1-40,0,1.09,1.1600947097068817
Saratoga,,39728018,,R-1-10,0,4.36,0.18039704833502207
Saratoga,,50326004,,R-1-10,0,4.36,0.2560198181813595
Saratoga,,38926048,,R-1-10,0,4.36,0.18206166130246187
Saratoga,,39344024,,R-1-10,0,4.36,0.3190317044616397
Saratoga,,50354009,,R-1-12,0,3.48,0.28254914957045235
Saratoga,,39722053,,R-1-10,0,4.36,0.28634600538086186
Saratoga,,38942010,,R-1-10,0,4.36,0.24941921629821354
Saratoga,,51002005,,R-1-40,0,1.09,0.7707071680558019
Saratoga,,51001033,,R-1-20,0,2.18,0.5764520254402108
Saratoga,,38615008,,R-1-10 SS,0,4.36,0.23415376352726117
Saratoga,,39705079,,R-1-40,0,1.09,1.406987159116056
Saratoga,,40327083,,R-1-10,0,4.36,0.19201937210660155
Saratoga,,39710024,,R-1-40,0,1.09,1.022710268499676
Saratoga,,38608020,,R-1-10,0,4.36,0.24303729489573933
Saratoga,,38646002,,R-1-10,0,4.36,0.23586033420749195
Saratoga,,38660032,,CV,0,20,0.009527631297012052
Saratoga,,38918052,,R-1-10,0,4.36,0.239048217701901
Saratoga,,38941017,,R-1-10,0,4.36,0.24265750385730409
Saratoga,,39305013,,R-1-12,0,3.48,0.2943727327341826
Saratoga,,38605069,,R-1-10,0,4.36,0.29218131745434806
Saratoga,,38619061,,R-1-10 SS,0,4.36,0.2417717541013149
Saratoga,,50319130,,R-1-12,0,3.48,0.34751888847019674
Saratoga,,50329068,,R-1-40,0,1.09,1.0908131633464946
Saratoga,,50319084,,R-1-12,0,3.48,0.2853058303529725
Saratoga,,38941005,,R-1-10,0,4.36,0.19432365224125417
Saratoga,,38945037,,MU-PD,0,20,0.15495340648956268
Saratoga,,39724032,,R-1-20,0,2.18,0.4958043021587047
Saratoga,,39724037,,R-1-20,0,2.18,0.9685876734325157
Saratoga,,50354022,,R-1-12,0,3.48,0.3347598410786389
Saratoga,,38937026,,R-1-10,0,4.36,0.20834585174455195
Saratoga,,39740029,,R-1-40,0,1.09,1.581531200854841
Saratoga,,38644032,,R-1-12,0,3.48,0.2730613591163976
Saratoga,,38612044,,R-1-10,0,4.36,0.28623793898982935
Saratoga,,38931015,,R-1-20,0,2.18,0.45637091900758225
Saratoga,,50322094,,R-1-10,0,4.36,0.3373351290270951
Saratoga,,38609020,,R-1-10,0,4.36,0.22691047581895266
Saratoga,,39319043,,R-1-12,0,3.48,0.3100486589646892
Saratoga,,38640029,,R-1-12,0,3.48,0.2920662933321819
Saratoga,,39704044,,R-1-40,0,1.09,1.225639784330085
Saratoga,,38923009,,R-1-10,0,4.36,0.6410758862545397
Saratoga,,39742002,,R-1-20,0,2.18,0.4196966027579654
Saratoga,,39701030,,R-1-40,0,1.09,1.0283948419434457
Saratoga,,38623056,,R-1-10 SS,0,4.36,0.2730372433289889
Saratoga,,50316014,,R-1-40,0,1.09,0.9443357685492357
Saratoga,,38660021,,CV,0,20,0.009403992270759626
Saratoga,,38629076,,R-1-12,0,3.48,0.41070493545740916
Saratoga,,39722018,,CH-1,0,20,0.10137645577318014
Saratoga,,39710029,,R-1-40,0,1.09,1.2405591286944977
Saratoga,,38925012,,R-1-10,0,4.36,0.18528042290556765
Saratoga,,38606032,,R-1-10,0,4.36,0.29942095494784415
Saratoga,,38656005,,CV,0,20,0.042217930352640945
Saratoga,,38658042,,R-1-10,0,4.36,0.028666028239149516
Saratoga,,38631038,,R-1-12,0,3.48,0.3218517971293473
Saratoga,,50365027,,R-M-4,0,20,0.052995655787474026
Saratoga,,39310017,,R-1-12,0,3.48,0.25979141245286064
Saratoga,,38634028,,R-1-12,0,3.48,0.28937963308024284
Saratoga,,39319028,,R-1-12,0,3.48,0.26692127392941717
Saratoga,,38637014,,R-1-10,0,4.36,0.24397506507817313
Saratoga,,36643008,,HR,0,1,1.188913066857454
Saratoga,,39304018,,R-1-12,0,3.48,0.34813655218379497
Saratoga,,39702076,,R-1-40,0,1.09,0.002367430627427328
Saratoga,,50328010,,R-1-10,0,4.36,0.20821569560912304
Saratoga,,50321023,,R-1-12,0,3.48,0.3273735535902449
Saratoga,,36622025,,R-1-10,0,4.36,0.2874492275919957
Saratoga,,38615004,,R-1-10 SS,0,4.36,0.23467366445295393
Saratoga,,38616037,,R-1-10 SS,0,4.36,0.23124325748268357
Saratoga,,50318100,,R-1-40,0,1.09,0.4609691871905068
Saratoga,,38633044,,R-1-10,0,4.36,0.29976783870750145
Saratoga,,39302023,,R-1-12,0,3.48,0.3555932650218935
Saratoga,,39328029,,R-1-10,0,4.36,0.28596412384729214
Saratoga,,38928011,,R-1-12,0,3.48,0.3106976199274261
Saratoga,,39312009,,R-1-10,0,4.36,0.28668763013236737
Saratoga,,38658018,,R-1-10,0,4.36,0.05303397409873146
Saratoga,,36613017,,R-1-12,0,3.48,0.3337574244994741
Saratoga,,38627068,,R-1-10,0,4.36,0.2927309627521761
Saratoga,,38938016,,R-1-10,0,4.36,0.20442580817433384
Saratoga,,38616003,,R-1-10 SS,0,4.36,0.24237506918722485
Saratoga,,38619050,,R-1-10 SS,0,4.36,0.3255558464036629
Saratoga,,38633029,,R-1-10,0,4.36,0.22746788483619185
Saratoga,,36649023,,HR,0,1,2.4560508898907045
Saratoga,,38605068,,R-1-10,0,4.36,0.3441523015449675
Saratoga,,38928015,,R-1-12,0,3.48,0.31339645040777253
Saratoga,,51003008,,R-1-40,0,1.09,0.8562655181106701
Saratoga,,38941049,,R-1-15,0,2.9,0.35378019328548965
Saratoga,,38629015,,R-1-12,0,3.48,0.2860669107823062
Saratoga,,38915022,,R-1-10,0,4.36,0.22989639672681614
Saratoga,,39701012,,R-1-40,0,1.09,1.0231829306233253
Saratoga,,50314032,,HR,0,1,1.7279927475606098
Saratoga,,38651038,,R-1-12,0,3.48,0.27998118243181924
Saratoga,,39346019,,R-1-12,0,3.48,0.33719426313173473
Saratoga,,50328129,,R-1-40,0,1.09,0.055592898065452326
Saratoga,,38606018,,R-1-10,0,4.36,0.2226249971619721
Saratoga,,39743045,,R-1-10,0,4.36,0.23515332003896489
Saratoga,,38908028,,R-M-3,0,20,0.012361680263457582
Saratoga,,38934024,,R-1-20,0,2.18,0.49265022421758325
Saratoga,,38633076,,R-1-10,0,4.36,0.23407115292306507
Saratoga,,39736019,,R-1-40,0,1.09,0.9382245389611598
Saratoga,,38605031,,R-1-10,0,4.36,0.25760496392010745
Saratoga,,39714022,,R-1-40,0,1.09,65.7702985209404
Saratoga,,38615010,,R-1-10 SS,0,4.36,0.2511982469065065
Saratoga,,39720104,,R-1-20,0,2.18,0.45376802188490234
Saratoga,,38922028,,R-1-10,0,4.36,0.29030851192990254
Saratoga,,50324083,,CH-1,0,20,0.09703005136977326
Saratoga,,38605028,,R-1-10,0,4.36,0.22925929932783384
Saratoga,,39743041,,R-1-10,0,4.36,0.23286466597172198
Saratoga,,50363011,,R-M-3,0,20,0.026568980994165634
Saratoga,,39723044,,R-1-10,0,4.36,0.18106635192071643
Saratoga,,50354023,,R-1-12,0,3.48,0.2871197650630679
Saratoga,,51707007,,R-1-10,0,4.36,0.28267170852495865
Saratoga,,50363069,,R-M-3,0,20,0.03255005603967402
Saratoga,,38933002,,R-1-20,0,2.18,0.4503355780242073
Saratoga,,39305003,,R-1-12,0,3.48,0.35871012180174094
Saratoga,,38922039,,R-1-10,0,4.36,0.18451497601440553
Saratoga,,51710008,,R-1-10,0,4.36,0.1712631240404371
Saratoga,,38606035,,R-1-10,0,4.36,0.24541683069664377
Saratoga,,38909018,,R-M-3,0,20,0.012232190767085732
Saratoga,,39343017,,R-1-10,0,4.36,0.27286922563391885
Saratoga,,38926007,,R-1-10,0,4.36,0.26518531203818746
Saratoga,,38626070,,R-1-10,0,4.36,1.3597486027107633
Saratoga,,39341032,,R-1-12,0,3.48,4.150542652148692
Saratoga,,39332018,,R-1-12,0,3.48,0.32393822478040735
Saratoga,,39707100,,R-1-40,0,1.09,1.1293859728925835
Saratoga,,38903002,,R-1-12,0,3.48,6.716368094915695
Saratoga,,50369003,,HR,0,1,2.8231202367005253
Saratoga,,38618030,,R-1-10 SS,0,4.36,0.24585080096626802
Saratoga,,51006014,,R-1-40,0,1.09,1.5310573564825878
Saratoga,,39738004,,R-M-3,0,20,0.024708533836879817
Saratoga,,51714081,,R-1-40,0,1.09,1.0224039790690165
Saratoga,,39340010,,R-1-10,0,4.36,0.35848247230039754
Saratoga,,38938059,,R-1-10,0,4.36,0.19734365584719776
Saratoga,,38927005,,R-1-10,0,4.36,0.2770572360250866
Saratoga,,39727032,,R-M-3,0,20,0.6028949956434663
Saratoga,,38639004,,R-1-12,0,3.48,0.3794732437203614
Saratoga,,39305023,,R-1-12,0,3.48,0.30885911733492527
Saratoga,,38631022,,R-1-12,0,3.48,0.345645055659142
Saratoga,,50352018,,R-1-10,0,4.36,0.29799874343656074
Saratoga,,38905015,,R-1-12,0,3.48,0.2729407814646522
Saratoga,,38603029,,R-1-10,0,4.36,0.338110929490533
Saratoga,,38932012,,R-1-20,0,2.18,0.5054302542121514
Saratoga,,38616039,,R-1-10 SS,0,4.36,0.24500616738710823
Saratoga,,50320052,,R-1-40,0,1.09,0.08739774838665462
Saratoga,,38928006,,R-1-12,0,3.48,0.29153977581997015
Saratoga,,36643013,,HR,0,1,1.1907873095997765
Saratoga,,39701033,,R-1-40,0,1.09,0.9622316390228207
Saratoga,,39301017,,R-1-12,0,3.48,0.34952805848029717
Saratoga,,39339031,,R-1-10,0,4.36,0.23031151366291636
Saratoga,,38616051,,R-1-10 SS,0,4.36,0.26764725368911213
Saratoga,,50355048,,R-1-40,0,1.09,0.5688474781053076
Saratoga,,38651032,,R-1-12,0,3.48,0.28555960172718775
Saratoga,,50329002,,R-1-40,0,1.09,2.0460491476528904
Saratoga,,39319006,,R-1-12,0,3.48,0.2942455180040607
Saratoga,,38619032,,R-1-10 SS,0,4.36,0.24411385786218104
Saratoga,,38644027,,R-1-12,0,3.48,0.2825080051247796
Saratoga,,38619045,,R-1-10 SS,0,4.36,0.2679544847159099
Saratoga,,39707097,,R-1-40,0,1.09,0.9994990428773575
Saratoga,,38614028,,R-1-10,0,4.36,4.7033747420691245
Saratoga,,39723016,,R-1-10,0,4.36,0.16390449942390464
Saratoga,,36623017,,R-1-10,0,4.36,0.23997953475367786
Saratoga,,50363046,,R-M-3,0,20,0.032549177100726225
Saratoga,,50322022,,R-1-10,0,4.36,0.1835424069988126
Saratoga,,39318061,,R-1-12,0,3.48,0.3688613856223297
Saratoga,,50354040,,R-1-12,0,3.48,0.27728630044422536
Saratoga,,38617017,,R-1-10 SS,0,4.36,0.4382524345385533
Saratoga,,39728070,,R-1-10,0,4.36,0.23797308004433934
Saratoga,,39713014,,R-1-40,0,1.09,1.5175677724771166
Saratoga,,39346013,,R-1-12,0,3.48,0.29672979706301567
Saratoga,,50329093,,R-1-40,0,1.09,0.25569561273587776
Saratoga,,38650033,,R-1-12,0,3.48,0.28804844725277057
Saratoga,,50331106,,HR,0,1,1.145573961230235
Saratoga,,39724103,,R-1-20,0,2.18,0.37614859752962565
Saratoga,,50361009,,R-M-4,0,20,0.031612504795438964
Saratoga,,50315040,,HR,0,1,1.1816545242990926
Saratoga,,38647034,,R-1-12,0,3.48,0.3213200323856283
Saratoga,,50369006,,HR,0,1,1.5236049011407014
Saratoga,,51004005,,R-1-40,0,1.09,2.859655481023722
Saratoga,,50320067,,R-1-12,0,3.48,0.28849004049886434
Saratoga,,38918057,,R-1-10,0,4.36,0.26507305169021944
Saratoga,,40327078,,R-1-10,0,4.36,0.19202740326955123
Saratoga,,38640006,,R-1-12,0,3.48,0.35901281840210736
Saratoga,,39720026,,R-1-20,0,2.18,0.7156642223315351
Saratoga,,50352028,,R-1-10,0,4.36,0.23061527654378516
Saratoga,,50361027,,R-M-4,0,20,0.03160635989685664
Saratoga,,38632028,,R-1-12,0,3.48,0.2289053014273012
Saratoga,,39718065,,R-1-40,0,1.09,0.973497821265241
Saratoga,,39718074,,R-1-40,0,1.09,1.0010599119995538
Saratoga,,39346023,,R-1-12,0,3.48,0.2967399269436278
Saratoga,,38607056,,R-1-10,0,4.36,0.2263214792288369
Saratoga,,38640022,,R-1-12,0,3.48,0.28696604461836467
Saratoga,,36650038,,HR,0,1,1.1335941773861693
Saratoga,,38924001,,R-1-10,0,4.36,0.2822167599462496
Saratoga,,39724061,,R-1-20,0,2.18,0.4436636420244055
Saratoga,,36621003,,HR,0,1,1.0712476625067595
Saratoga,,50322021,,R-1-10,0,4.36,0.21686016112884082
Saratoga,,36644002,,HR,0,1,1.3612186613085564
Saratoga,,37825012,,R-1-15,0,2.9,0.5432435037788557
Saratoga,,38642006,,R-1-12,0,3.48,0.28751848886932735
Saratoga,,38937039,,R-1-10,0,4.36,0.19921741259894155
Saratoga,,36630017,,R-1-10,0,4.36,0.23789208054605812
Saratoga,,38909002,,R-M-3,0,20,0.025742460703129674
Saratoga,,39706069,,R-1-40,0,1.09,1.0043678800938165
Saratoga,,39723015,,R-1-10,0,4.36,0.16428870590535294
Saratoga,,38648012,,R-1-10 PC,0,4.36,0.12023618376781135
Saratoga,,38946005,,R-1-10,0,4.36,0.6771941480878813
Saratoga,,39727034,,R-M-3,0,20,0.05409536044335835
Saratoga,,38619043,,R-1-10 SS,0,4.36,0.26989752247035137
Saratoga,,38938019,,R-1-10,0,4.36,0.1873492202996563
Saratoga,,39720077,,R-1-20,0,2.18,0.8059048952138532
Saratoga,,36606010,,HR,0,1,2.988082680717033
Saratoga,,38626067,,R-1-10,0,4.36,0.3284348964836657
Saratoga,,39701069,,R-1-40,0,1.09,0.9355694983260052
Saratoga,,39328022,,R-1-10,0,4.36,0.2228691298337489
Saratoga,,39718008,,R-1-40,0,1.09,0.3632747236764749
Saratoga,,39724058,,R-1-20,0,2.18,0.4214726456046865
Saratoga,,39717056,,R-1-40,0,1.09,1.0143436870987448
Saratoga,,39315013,,R-1-12,0,3.48,0.5267826861732137
Saratoga,,39338004,,R-1-10,0,4.36,0.30904629752541773
Saratoga,,38633047,,R-1-10,0,4.36,0.2323387950913248
Saratoga,,39327014,,R-1-10,0,4.36,0.2433831181931869
Saratoga,,38607029,,R-1-10,0,4.36,0.243963167010243
Saratoga,,38926062,,R-1-10,0,4.36,0.2134798642237666
Saratoga,,51024038,,HR,0,1,0.021165102078950573
Saratoga,,39719003,,R-1-40,0,1.09,1.1251200602624052
Saratoga,,39716109,,R-1-40 PC,0,1.09,0.7929302306631387
Saratoga,,38944028,,MU-PD,0,20,0.20031422802071822
Saratoga,,38921010,,R-1-10,0,4.36,0.23123613340958132
Saratoga,,50319103,,R-1-12,0,3.48,0.2865818549450552
Saratoga,,38628013,,R-1-10,0,4.36,0.28707853921996934
Saratoga,,38627051,,R-1-10,0,4.36,0.23159053018659187
Saratoga,,50330053,,HR,0,1,0.9862311061473864
Saratoga,,39706022,,R-1-40,0,1.09,1.24326512751047
Saratoga,,51714005,,HR,0,1,1.889760080671017
Saratoga,,39311044,,R-1-12,0,3.48,0.3770059579551094
Saratoga,,50319109,,R-1-12,0,3.48,0.2987452845261486
Saratoga,,39726020,,R-1-12,0,3.48,0.4425884366055823
Saratoga,,41040017,,R-1-40,0,1.09,0.9060596605660777
Saratoga,,39736011,,R-1-40,0,1.09,0.8638946712005534
Saratoga,,50327059,,R-1-10,0,4.36,0.16804727393831978
Saratoga,,50363096,,R-M-3,0,20,0.026570152775383073
Saratoga,,50368002,,HR,0,1,1.4986502960731989
Saratoga,,39310023,,R-1-12,0,3.48,0.29311319023258187
Saratoga,,38621021,,R-1-10 SS,0,4.36,0.2781381534533806
Saratoga,,50327017,,R-1-10,0,4.36,0.17102929060034835
Saratoga,,50351010,,HR,0,1,0.8864808113191457
Saratoga,,39318056,,R-1-12,0,3.48,0.41528739126011044
Saratoga,,38630057,,CV,0,20,0.06897338976956825
Saratoga,,39342025,,R-1-10,0,4.36,0.19140150041949272
Saratoga,,51006024,,R-1-40,0,1.09,1.5214199184262678
Saratoga,,40328056,,R-1-10,0,4.36,0.1939413257727997
Saratoga,,38660028,,CV,0,20,0.009408384206972755
Saratoga,,36620017,,R-1-12,0,3.48,0.28238967455422637
Saratoga,,38913036,,R-1-10,0,4.36,0.2623712657795879
Saratoga,,38901033,,R-1-12,0,3.48,0.33314710338055104
Saratoga,,50318028,,R-1-40,0,1.09,0.6829899511975661
Saratoga,,38612070,,R-1-10,0,4.36,0.4231681508711765
Saratoga,,50354067,,R-1-12,0,3.48,0.35897466485931684
Saratoga,,51712020,,R-1-20,0,2.18,0.6564099578992322
Saratoga,,36623036,,R-1-10,0,4.36,0.23530947659350424
Saratoga,,36621014,,HR,0,1,1.0292963296759163
Saratoga,,50319100,,R-1-12,0,3.48,0.2918879647856048
Saratoga,,38935009,,R-1-15,0,2.9,0.49373557736197876
Saratoga,,51721027,,R-1-20,0,2.18,0.5167780477691747
Saratoga,,38633048,,R-1-10,0,4.36,0.2323355195302988
Saratoga,,38925051,,R-1-10,0,4.36,0.3054057084978967
Saratoga,,39707059,,R-1-40,0,1.09,1.0600788827938052
Saratoga,,39342018,,R-1-10,0,4.36,0.19195098225319857
Saratoga,,39326024,,R-1-10,0,4.36,0.29527586622548785
Saratoga,,39336032,,R-1-20,0,2.18,0.5424107805122407
Saratoga,,39316034,,R-1-12,0,3.48,0.3124866973677859
Saratoga,,38626052,,R-1-10,0,4.36,0.28666810416393845
Saratoga,,38917018,,R-1-10,0,4.36,0.23480817448278885
Saratoga,,51052010,,R-1-40,0,1.09,0.7111431508170031
Saratoga,,39736013,,R-1-40,0,1.09,0.929196577921517
Saratoga,,38609043,,R-1-10,0,4.36,0.21461225138144016
Saratoga,,38651046,,R-1-12,0,3.48,0.3328190309841971
Saratoga,,38944007,,MU-PD,0,20,0.16189060087479096
Saratoga,,36607014,,HR,0,1,4.6106634154174255
Saratoga,,50353001,,R-1-40,0,1.09,1.5737660696962614
Saratoga,,38629031,,R-1-12,0,3.48,0.314624965378757
Saratoga,,38615022,,R-1-10 SS,0,4.36,0.23835154708391365
Saratoga,,38930029,,R-1-10,0,4.36,0.2306946600133829
Saratoga,,39303013,,R-1-12,0,3.48,0.2970704742216284
Saratoga,,39703050,,R-1-40,0,1.09,1.0553310073758395
Saratoga,,50357003,,HR,0,1,0.9325396496771062
Saratoga,,39742020,,R-1-40,0,1.09,1.1036095283447924
Saratoga,,40328037,,R-1-10,0,4.36,0.187045100105685
Saratoga,,38901012,,R-1-12,0,3.48,0.35191652366012244
Saratoga,,39308028,,R-1-12,0,3.48,0.2847886850738007
Saratoga,,38607016,,R-1-10,0,4.36,0.2590646192480564
Saratoga,,39703059,,R-1-40,0,1.09,1.2678356468882825
Saratoga,,38617043,,R-1-10 SS,0,4.36,0.2351949468350727
Saratoga,,38654031,,R-1-10,0,4.36,0.2717381472020122
Saratoga,,38647022,,R-1-12,0,3.48,0.2856085131438634
Saratoga,,38641046,,R-1-12,0,3.48,0.3368132420927578
Saratoga,,39342071,,R-1-10,0,4.36,0.26295850636687823
Saratoga,,38654053,,R-1-10,0,4.36,0.22956096972709478
Saratoga,,50365001,,R-M-4,0,20,0.05360760203307178
Saratoga,,50368006,,HR,0,1,1.5209563934504153
Saratoga,,51006039,,R-1-40,0,1.09,1.0918233387723901
Saratoga,,36622036,,CN,0,20,0.09133667594959823
Saratoga,,36612065,,CV,0,20,0.9392615196717219
Saratoga,,38914051,,R-1-10,0,4.36,0.2539201811153619
Saratoga,,50313124,,HR,0,1,1.2588692132122288
Saratoga,,39717053,,R-1-40,0,1.09,0.9919222134928463
Saratoga,,36627011,,R-1-12,0,3.48,0.2877993622776618
Saratoga,,51004002,,R-1-40,0,1.09,1.4497610755366428
Saratoga,,51719038,,R-1-20,0,2.18,0.5533362934345102
Saratoga,,38661021,,R-1-10 SS,0,4.36,0.2736574047083853
Saratoga,,51721028,,R-1-20,0,2.18,0.5057350505753355
Saratoga,,36620038,,R-1-12,0,3.48,0.463045005776854
Saratoga,,38650036,,R-1-12,0,3.48,0.2904134384926298
Saratoga,,39334015,,R-1-12,0,3.48,0.284269624051647
Saratoga,,50326011,,R-1-10,0,4.36,0.18707559008844227
Saratoga,,39342009,,R-1-10,0,4.36,0.22963041859757355
Saratoga,,38924011,,R-1-10,0,4.36,0.2548423754041204
Saratoga,,38629040,,R-1-12,0,3.48,0.3045523110211769
Saratoga,,38647038,,R-1-12,0,3.48,0.35986370774076554
Saratoga,,39342069,,R-1-10,0,4.36,0.9550029132360304
Saratoga,,39716131,,R-1-40 PC,0,1.09,0.887561372887246
Saratoga,,51707011,,R-1-10,0,4.36,0.21398150950891168
Saratoga,,39315011,,R-1-12,0,3.48,0.3347306797604398
Saratoga,,39701050,,R-1-40,0,1.09,0.9946204728998658
Saratoga,,50322047,,R-1-10,0,4.36,0.18101320374774782
Saratoga,,38654040,,R-1-10,0,4.36,0.2429782944308232
Saratoga,,39321015,,R-1-12,0,3.48,1.2422870381463937
Saratoga,,39326029,,R-1-10,0,4.36,0.37232195728632717
Saratoga,,38603051,,R-1-10,0,4.36,0.23784887082314957
Saratoga,,38603049,,R-1-10,0,4.36,0.23469405850644096
Saratoga,,36636027,,CV,0,20,0.035060571489697163
Saratoga,,50309020,,HR,0,1,0.23783620576718315
Saratoga,,38620004,,R-1-10 SS,0,4.36,0.25895953034400176
Saratoga,,39706086,,R-1-40,0,1.09,0.9230974593773094
Saratoga,,51729002,,R-M-4,0,20,0.06387237448102479
Saratoga,,39702095,,R-1-40,0,1.09,0.9788648274159838
Saratoga,,38937040,,R-1-10,0,4.36,0.24066066053254273
Saratoga,,50363020,,R-M-3,0,20,0.026567594954502734
Saratoga,,39334012,,R-1-12,0,3.48,0.23320623484915717
Saratoga,,50329058,,R-1-40,0,1.09,0.9444350803531855
Saratoga,,51714070,,HR,0,1,2.675657046158368
Saratoga,,38909032,,R-M-3,0,20,0.03526620782548212
Saratoga,,39327008,,R-1-10,0,4.36,0.2373061660730884
Saratoga,,38647025,,R-1-12,0,3.48,0.2904070479776289
Saratoga,,36649037,,HR,0,1,1.2013329771299568
Saratoga,,51711053,,R-1-15,0,2.9,0.3933461253235105
Saratoga,,50328143,,R-1-40,0,1.09,0.3242698442316317
Saratoga,,39701024,,R-1-40,0,1.09,0.9712993443568271
Saratoga,,38945017,,MU-PD,0,20,0.18735139707836412
Saratoga,,39743036,,R-1-10,0,4.36,0.23730210449181982
Saratoga,,40327064,,R-1-10,0,4.36,0.20009761894228134
Saratoga,,38641030,,R-1-10,0,4.36,0.27843730573739167
Saratoga,,36613028,,R-1-12,0,3.48,0.24971793990769423
Saratoga,,36627015,,R-1-12,0,3.48,0.2908623535368508
Saratoga,,38617031,,R-1-10 SS,0,4.36,0.27032892355359156
Saratoga,,38645075,,R-1-10,0,4.36,0.48687331930221334
Saratoga,,51004004,,R-1-40,0,1.09,1.3055997084643585
Saratoga,,38661014,,R-1-10 SS,0,4.36,0.24134155623668246
Saratoga,,51714004,,HR,0,1,1.112361820654596
Saratoga,,38907052,,R-M-4,0,20,0.021883985346941637
Saratoga,,38643024,,R-1-12,0,3.48,0.2776847107158499
Saratoga,,38615021,,R-1-10 SS,0,4.36,0.24909826432427115
Saratoga,,50374003,,R-OS AP/OS,0,0.1,6.832451038566745
Saratoga,,51006007,,R-1-40,0,1.09,2.841320619985631
Saratoga,,38915052,,R-1-10,0,4.36,0.22897582862714488
Saratoga,,39725099,,R-1-20,0,2.18,0.20460081627095658
Saratoga,,38657022,,CV,0,20,0.8318800716312025
Saratoga,,50356012,,HR,0,1,0.956974168472951
Saratoga,,50351002,,HR,0,1,0.3282870636953713
Saratoga,,39743016,,R-1-10,0,4.36,0.21960268075767977
Saratoga,,39313014,,R-1-12,0,3.48,0.32892487914390006
Saratoga,,38905018,,R-1-12,0,3.48,0.42022033824958577
Saratoga,,39728074,,R-1-10,0,4.36,0.18341378038985343
Saratoga,,38633041,,R-1-10,0,4.36,0.23790744126450153
Saratoga,,50314046,,R-1-40,0,1.09,0.8937163046862511
Saratoga,,39324018,,R-1-12,0,3.48,0.25326203489164184
Saratoga,,39713042,,R-1-40,0,1.09,0.8937484300304949
Saratoga,,38618037,,R-1-10 SS,0,4.36,0.249238340387623
Saratoga,,51722105,,R-1-40,0,1.09,1.4563867333735985
Saratoga,,39708012,,R-1-40,0,1.09,1.0952774173994817
Saratoga,,37824052,,R-1-10,0,4.36,0.23477183769121895
Saratoga,,38623073,,R-1-10 SS,0,4.36,0.2771466966700668
Saratoga,,39702093,,R-1-40,0,1.09,0.9127044667912846
Saratoga,,39343031,,R-1-10,0,4.36,0.30073588616586344
Saratoga,,38631013,,R-1-12,0,3.48,0.3164287889116057
Saratoga,,50318045,,R-1-12,0,3.48,0.36505456061783653
Saratoga,,40327092,,R-1-10,0,4.36,0.19989672922080232
Saratoga,,39308007,,R-1-12,0,3.48,0.31099788899038083
Saratoga,,38913034,,R-1-10,0,4.36,0.2501522739013806
Saratoga,,38606006,,R-1-10,0,4.36,0.22382623043658578
Saratoga,,38926047,,R-1-10,0,4.36,0.20502832020064074
Saratoga,,36656003,,CV,0,20,0.06007632083407198
Saratoga,,39302003,,CN,0,20,0.34010142530907334
Saratoga,,39337050,,R-1-10,0,4.36,0.3145991380889226
Saratoga,,51738006,,HR,0,1,2.280970617207176
Saratoga,,38630003,,R-1-10,0,4.36,0.2894597541710937
Saratoga,,39737014,,R-1-20,0,2.18,0.5585067978307963
Saratoga,,39345039,,R-1-10,0,4.36,0.5240182456362551
Saratoga,,50330020,,HR,0,1,5.304290308827711
Saratoga,,38925028,,R-1-10,0,4.36,0.44661381463069977
Saratoga,,38627009,,R-1-10,0,4.36,0.24928460685643583
Saratoga,,50349016,,R-1-12,0,3.48,0.370760794723863
Saratoga,,38636020,,R-1-12,0,3.48,0.29052573019973005
Saratoga,,38631039,,R-1-12,0,3.48,0.3585782364057182
Saratoga,,38921002,,R-1-10,0,4.36,0.4667267293020345
Saratoga,,38610038,,R-1-10,0,4.36,34.56834691345778
Saratoga,,36620015,,R-1-12,0,3.48,0.3006736112772792
Saratoga,,36625012,,R-1-12,0,3.48,0.2871955741079161
Saratoga,,38640021,,R-1-12,0,3.48,0.28697073818347163
Saratoga,,39324010,,R-1-10,0,4.36,0.28023232147835486
Saratoga,,36650012,,HR,0,1,1.6195229096713484
Saratoga,,38915053,,R-1-10,0,4.36,0.2639876828910397
Saratoga,,38928001,,R-1-20,0,2.18,0.4570070712088659
Saratoga,,39331003,,R-1-12,0,3.48,0.2964205699163945
Saratoga,,50324030,,CH-1,0,20,0.28327259094856244
Saratoga,,36623024,,R-1-10,0,4.36,0.26817839735717447
Saratoga,,39716068,,R-1-40 PC,0,1.09,0.7337332806451763
Saratoga,,39345026,,R-1-10,0,4.36,0.3673017863168425
Saratoga,,36636029,,CV,0,20,0.03478658298521219
Saratoga,,50331109,,HR,0,1,1.1513296878584485
Saratoga,,50324023,,CH-1,0,20,0.221401746611075
Saratoga,,50316012,,R-1-40,0,1.09,1.0303102576477343
Saratoga,,38930020,,R-1-10,0,4.36,0.22310251620598268
Saratoga,,38605037,,R-1-10,0,4.36,0.24205849299140067
Saratoga,,38941022,,R-1-10,0,4.36,0.19224335447447083
Saratoga,,38927002,,R-1-10,0,4.36,0.3318123197096597
Saratoga,,38944005,,MU-PD,0,20,0.16921541395678188
Saratoga,,39324022,,R-1-12,0,3.48,0.1564408854813523
Saratoga,,51006049,,R-1-40,0,1.09,1.5051350578077944
Saratoga,,38915038,,R-1-10,0,4.36,0.22956773853176432
Saratoga,,50363002,,R-M-3,0,20,0.030928429443367163
Saratoga,,51722104,,R-1-40,0,1.09,0.9808940468864378
Saratoga,,50316038,,R-1-40,0,1.09,1.027477195582277
Saratoga,,50318021,,R-1-40,0,1.09,0.6824107176399254
Saratoga,,36627030,,R-1-12,0,3.48,0.39529794408070223
Saratoga,,50319083,,R-1-12,0,3.48,0.7745617983236813
Saratoga,,39706111,,R-1-40,0,1.09,1.65440515172392
Saratoga,,39708053,,R-1-40,0,1.09,1.007246379719917
Saratoga,,38907028,,R-M-4,0,20,0.02615447430185602
Saratoga,,39330035,,R-1-12,0,3.48,0.3007226028516743
Saratoga,,38925032,,R-1-10,0,4.36,0.21045707358639126
Saratoga,,38661004,,R-1-10 SS,0,4.36,0.23038616038052115
Saratoga,,50331060,,HR,0,1,0.9657794714390693
Saratoga,,38908032,,R-M-3,0,20,0.011978240257163342
Saratoga,,51714066,,HR,0,1,1.1618888157473115
Saratoga,,50382040,,R-1-40,0,1.09,0.9365240638555047
Saratoga,,38925043,,R-1-10,0,4.36,0.26072390574395066
Saratoga,,51001003,,R-1-20,0,2.18,0.44160742432604094
Saratoga,,38916006,,R-1-10,0,4.36,0.23769171069134412
Saratoga,,36623042,,R-1-10,0,4.36,0.25923118531039274
Saratoga,,36613074,,R-1-12,0,3.48,0.4582659486275297
Saratoga,,39738005,,R-M-3,0,20,0.026252687782762543
Saratoga,,39302010,,R-1-12,0,3.48,0.33426409971582816
Saratoga,,50322096,,R-1-10,0,4.36,0.1953610546477812
Saratoga,,38626069,,R-1-10,0,4.36,0.2881708274795673
Saratoga,,50363045,,R-M-3,0,20,0.032549177100726225
Saratoga,,38642007,,R-1-12,0,3.48,0.2894939797571619
Saratoga,,36625026,,R-1-12,0,3.48,0.3242009279424361
Saratoga,,51718054,,R-1-40,0,1.09,1.5462686489641129
Saratoga,,40323050,,R-1-10,0,4.36,0.19614559107425458
Saratoga,,38634011,,R-1-12,0,3.48,0.28194256459965594
Saratoga,,38944002,,MU-PD,0,20,0.1573087678810483
Saratoga,,36628003,,R-1-12,0,3.48,0.2965753008712444
Saratoga,,39727025,,R-1-12,0,3.48,0.4335162287638734
Saratoga,,38626039,,R-1-10,0,4.36,0.2834668169997392
Saratoga,,39725038,,R-1-10,0,4.36,0.27906508759586807
Saratoga,,39723027,,R-1-10,0,4.36,0.31683506855528126
Saratoga,,38633068,,R-1-10,0,4.36,0.23959305430662484
Saratoga,,51729029,,R-M-4,0,20,0.07369505576777888
Saratoga,,50314013,,HR,0,1,2.2938227776388267
Saratoga,,38658021,,R-1-10,0,4.36,0.030814827135104965
Saratoga,,36649036,,HR,0,1,1.0474777058042306
Saratoga,,51004003,,R-1-40,0,1.09,1.164033584751944
Saratoga,,39728068,,R-1-10,0,4.36,0.2206472766737147
Saratoga,,38645023,,R-1-10,0,4.36,0.23526554301765026
Saratoga,,37825009,,R-1-15,0,2.9,0.6437914893387355
Saratoga,,50329045,,R-1-12,0,3.48,0.4494684659111263
Saratoga,,38933009,,R-1-20,0,2.18,0.5467136480730241
Saratoga,,38628033,,R-1-10,0,4.36,0.30511654510527086
Saratoga,,38618015,,R-1-10 SS,0,4.36,0.2507698564878668
Saratoga,,51722035,,R-1-40,0,1.09,1.0730990909139222
Saratoga,,39319014,,R-1-12,0,3.48,0.32688702807432934
Saratoga,,38945047,,MU-PD,0,20,0.1708395823953435
Saratoga,,51001024,,R-1-20,0,2.18,0.5531309810948796
Saratoga,,39308018,,R-1-12,0,3.48,0.5068383767950663
Saratoga,,51714008,,HR,0,1,2.901746331502041
Saratoga,,50381020,,R-1-12,0,3.48,0.713862817886112
Saratoga,,39722003,,R-1-10,0,4.36,0.19495366968214012
Saratoga,,38658016,,R-1-10,0,4.36,0.029862249273317966
Saratoga,,51722128,,R-1-40,0,1.09,4.093334679349808
Saratoga,,38915086,,R-1-10,0,4.36,0.2141827826152852
Saratoga,,51001021,,R-1-20,0,2.18,0.4891417539415418
Saratoga,,51714015,,HR,0,1,0.6185316123563156
Saratoga,,51722125,,R-1-40,0,1.09,0.976662309335784
Saratoga,,38621029,,R-1-10 SS,0,4.36,0.20473960568566582
Saratoga,,38612073,,R-1-10,0,4.36,0.23969557519281953
Saratoga,,39322010,,R-1-12,0,3.48,0.2906807551741738
Saratoga,,51003004,,R-1-40,0,1.09,1.2161718368241694
Saratoga,,51710009,,R-1-10 PC,0,4.36,0.13171546568500667
Saratoga,,39719033,,R-1-40,0,1.09,0.9937970390269463
Saratoga,,51729001,,R-M-4,0,20,0.06387237448102479
Saratoga,,38937025,,R-1-10,0,4.36,0.22658738681614726
Saratoga,,50313123,,HR,0,1,0.9909422129440951
Saratoga,,38925017,,R-1-10,0,4.36,0.21696847203326666
Saratoga,,37824034,,R-1-10,0,4.36,0.2547247443667267
Saratoga,,50362016,,HR,0,1,1.9254975368150067
Saratoga,,39328013,,R-1-10,0,4.36,0.2316854713439465
Saratoga,,39725060,,R-1-12,0,3.48,0.21547857075992238
Saratoga,,38606042,,R-1-10,0,4.36,0.2384789019448398
Saratoga,,38925030,,R-1-10,0,4.36,0.193392152453827
Saratoga,,38627056,,R-1-10,0,4.36,0.35059060294031774
Saratoga,,39312013,,R-1-10,0,4.36,0.2326428905695335
Saratoga,,50327074,,R-1-10,0,4.36,0.24791832875289901
Saratoga,,38925003,,R-1-10,0,4.36,0.26685771305222444
Saratoga,,38915077,,R-1-10,0,4.36,0.22814620781989245
Saratoga,,39324002,,R-1-20,0,2.18,0.4969458089641962
Saratoga,,38916033,,R-1-10,0,4.36,0.23543927581195306
Saratoga,,36605066,,HR,0,1,0.5005099290157098
Saratoga,,38922004,,R-1-10,0,4.36,0.17910216866627293
Saratoga,,39333012,,R-1-12,0,3.48,0.291866463325557
Saratoga,,38917033,,R-1-10,0,4.36,0.24331941816449734
Saratoga,,50363025,,R-M-3,0,20,0.026567739616036288
